pseudo_id,sample_ratio_tier,label,spatial_block_id,spatial_block_name,latitude,longitude,min_distance_to_landslide_m,elevation,slope,aspect,plan_curvature,profile_curvature,twi,spi,landcover_code,landcover_name,ndvi_mean,soil_clay_fraction,soil_sand_fraction,soil_bulk_density,soil_ph,lithology_major,lithology_code,distance_to_roads,distance_to_streams,event_date,event_year,temporal_quality,rainfall_event_day,ari_3,ari_7,ari_15,ari_30,max_1day_7d,max_3day_30d,rainy_days_7d,rainy_days_15d,rainy_days_30d
NEG_0001,1:1,0,1,Garo Hills Block,25.545145,90.100808,9357.4,69.15,21.80,225.81,0.003871,0.000003,4.9233,18.6447,10,Tree cover,0.653,24.2,51.2,1.33,5.3,Mixed Sedimentary,SM,8.6,165.4,NA,NA,NO_EVENT,NA,NA,NA,NA,NA,NA,NA,NA,NA,NA
NEG_0002,1:1,0,2,West Khasi Block,25.507368,91.594325,3485.7,1370.62,26.85,286.48,-0.000276,0.001063,4.6246,18.6688,10,Tree cover,0.662,30.3,43.9,1.34,4.9,Metamorphic,MT,73.1,382.1,NA,NA,NO_EVENT,NA,NA,NA,NA,NA,NA,NA,NA,NA,NA
NEG_0003,1:1,0,4,Ri-Bhoi Block,25.891651,92.348974,19871.1,1079.00,29.19,44.26,-0.000578,-0.001010,5.0508,19.5496,10,Tree cover,0.791,33.3,41.7,1.32,4.7,Metamorphic,MT,27.2,520.0,NA,NA,NO_EVENT,NA,NA,NA,NA,NA,NA,NA,NA,NA,NA
NEG_0004,1:1,0,2,West Khasi Block,25.308639,91.452902,660.0,1138.34,19.54,133.96,-0.003456,-0.000638,5.8297,40.8259,10,Tree cover,0.770,25.7,47.2,1.41,4.9,Siliciclastic Sedimentary,SS,125.0,3886.9,NA,NA,NO_EVENT,NA,NA,NA,NA,NA,NA,NA,NA,NA,NA
NEG_0005,1:1,0,2,West Khasi Block,25.582522,91.460925,3815.2,1285.88,18.33,226.76,-0.004115,0.000390,5.1428,22.2767,10,Tree cover,0.650,28.1,46.9,1.31,5.1,Metamorphic,MT,28.5,3340.5,NA,NA,NO_EVENT,NA,NA,NA,NA,NA,NA,NA,NA,NA,NA
NEG_0006,1:1,0,3,East Khasi Block,25.235437,91.729564,663.2,1436.75,27.32,40.59,0.002695,-0.000310,5.1567,35.5767,10,Tree cover,0.808,28.4,48.4,1.43,5.1,Siliciclastic Sedimentary,SS,121.2,969.7,NA,NA,NO_EVENT,NA,NA,NA,NA,NA,NA,NA,NA,NA,NA
NEG_0007,1:1,0,3,East Khasi Block,25.120622,91.614187,6845.7,1158.14,24.05,341.41,0.001478,0.000382,5.0276,18.2704,10,Tree cover,0.830,30.3,44.4,1.44,5.2,Siliciclastic Sedimentary,SS,30.4,347.3,NA,NA,NO_EVENT,NA,NA,NA,NA,NA,NA,NA,NA,NA,NA
NEG_0008,1:1,0,4,Ri-Bhoi Block,25.851666,92.285320,13358.2,1144.35,25.47,47.77,-0.001378,-0.001792,5.2772,25.8588,10,Tree cover,0.768,31.9,44.1,1.30,4.9,Metamorphic,MT,171.4,2028.9,NA,NA,NO_EVENT,NA,NA,NA,NA,NA,NA,NA,NA,NA,NA
NEG_0009,1:1,0,2,West Khasi Block,25.538411,91.262728,724.7,903.52,15.38,270.39,-0.002354,0.001577,5.4526,18.1980,10,Tree cover,0.654,29.2,41.8,1.32,4.8,Metamorphic,MT,12.0,717.1,NA,NA,NO_EVENT,NA,NA,NA,NA,NA,NA,NA,NA,NA,NA
NEG_0010,1:1,0,3,East Khasi Block,25.196062,91.932742,4730.3,1293.88,29.69,124.06,0.001206,-0.000036,4.8615,26.3868,10,Tree cover,0.821,29.5,52.7,1.44,5.2,Siliciclastic Sedimentary,SS,103.2,500.7,NA,NA,NO_EVENT,NA,NA,NA,NA,NA,NA,NA,NA,NA,NA
NEG_0011,1:1,0,1,Garo Hills Block,25.268182,90.654764,3573.2,56.99,27.82,101.40,0.000346,-0.002789,5.1651,44.0653,10,Tree cover,0.792,27.2,53.0,1.42,5.1,Mixed Sedimentary,SM,160.3,1358.5,NA,NA,NO_EVENT,NA,NA,NA,NA,NA,NA,NA,NA,NA,NA
NEG_0012,1:1,0,2,West Khasi Block,25.065765,91.374152,13593.3,819.77,32.49,214.74,0.004549,-0.000125,4.1525,28.1622,10,Tree cover,0.820,29.5,50.6,1.44,4.8,Siliciclastic Sedimentary,SS,59.8,429.7,NA,NA,NO_EVENT,NA,NA,NA,NA,NA,NA,NA,NA,NA,NA
NEG_0013,1:1,0,4,Ri-Bhoi Block,25.731209,92.402003,14172.2,1042.56,26.00,342.35,-0.001892,-0.001829,4.8024,49.0232,10,Tree cover,0.695,28.1,39.8,1.28,4.6,Metamorphic,MT,44.1,5117.6,NA,NA,NO_EVENT,NA,NA,NA,NA,NA,NA,NA,NA,NA,NA
NEG_0014,1:1,0,2,West Khasi Block,25.326482,91.526096,4205.2,1293.44,15.68,117.74,-0.002367,-0.000345,6.1190,36.8078,10,Tree cover,0.759,25.9,51.7,1.32,4.7,Plutonic Acidic,PA,169.6,1490.5,NA,NA,NO_EVENT,NA,NA,NA,NA,NA,NA,NA,NA,NA,NA
NEG_0015,1:1,0,2,West Khasi Block,25.256145,91.581326,1373.1,1210.55,32.06,87.63,-0.000218,0.001902,4.8127,44.7917,60,Bare / sparse vegetation,0.400,27.7,44.1,1.42,5.2,Siliciclastic Sedimentary,SS,15.9,626.5,NA,NA,NO_EVENT,NA,NA,NA,NA,NA,NA,NA,NA,NA,NA
NEG_0016,1:1,0,2,West Khasi Block,25.387621,91.580556,2965.7,1451.72,25.66,86.79,-0.000337,-0.001941,5.1707,42.5201,10,Tree cover,0.721,34.2,44.4,1.37,4.7,Metamorphic,MT,25.5,1577.2,NA,NA,NO_EVENT,NA,NA,NA,NA,NA,NA,NA,NA,NA,NA
NEG_0017,1:1,0,4,Ri-Bhoi Block,25.895137,91.890752,3406.7,1328.84,33.82,89.51,-0.000753,0.002031,4.6839,19.3589,10,Tree cover,0.793,33.4,39.4,1.32,4.6,Metamorphic,MT,26.1,5707.2,NA,NA,NO_EVENT,NA,NA,NA,NA,NA,NA,NA,NA,NA,NA
NEG_0018,1:1,0,2,West Khasi Block,25.065648,91.005785,14358.9,485.86,23.85,310.81,-0.004013,0.000188,4.8433,25.4833,60,Bare / sparse vegetation,0.193,29.5,44.8,1.44,5.3,Siliciclastic Sedimentary,SS,11.8,143.1,NA,NA,NO_EVENT,NA,NA,NA,NA,NA,NA,NA,NA,NA,NA
NEG_0019,1:1,0,2,West Khasi Block,25.119495,91.116844,8980.0,601.56,24.30,352.43,0.001568,0.000747,5.0032,18.3262,10,Tree cover,0.830,30.3,49.1,1.44,5.1,Siliciclastic Sedimentary,SS,147.8,399.4,NA,NA,NO_EVENT,NA,NA,NA,NA,NA,NA,NA,NA,NA,NA
NEG_0020,1:1,0,3,East Khasi Block,25.612027,91.799471,3452.3,1704.04,23.45,308.62,0.000147,-0.002499,4.7253,29.4762,10,Tree cover,0.824,27.5,38.1,1.30,4.3,Metamorphic,MT,210.5,1631.8,NA,NA,NO_EVENT,NA,NA,NA,NA,NA,NA,NA,NA,NA,NA
NEG_0021,1:1,0,5,Jaintia Hills Block,25.103502,92.074840,8054.1,1127.34,19.62,196.62,0.002032,-0.001772,5.3151,19.2649,10,Tree cover,0.828,37.3,24.5,1.31,5.8,Carbonate Sedimentary,SC,59.6,997.8,NA,NA,NO_EVENT,NA,NA,NA,NA,NA,NA,NA,NA,NA,NA
NEG_0022,1:1,0,1,Garo Hills Block,25.656703,90.802005,2413.8,260.98,33.63,220.98,-0.000627,-0.002504,3.9639,48.3683,10,Tree cover,0.662,28.4,48.2,1.32,5.4,Mixed Sedimentary,SM,80.2,2326.8,NA,NA,NO_EVENT,NA,NA,NA,NA,NA,NA,NA,NA,NA,NA
NEG_0023,1:1,0,4,Ri-Bhoi Block,25.699173,91.298090,9391.1,1070.60,26.16,239.53,-0.000425,0.000071,4.6752,48.3754,60,Bare / sparse vegetation,0.339,27.5,43.2,1.28,4.8,Metamorphic,MT,10.7,4375.2,NA,NA,NO_EVENT,NA,NA,NA,NA,NA,NA,NA,NA,NA,NA
NEG_0024,1:1,0,3,East Khasi Block,25.548537,91.704085,2848.0,1666.15,17.97,318.30,-0.002988,-0.001169,5.2223,18.7279,10,Tree cover,0.652,28.9,39.8,1.32,4.4,Metamorphic,MT,218.4,1677.2,NA,NA,NO_EVENT,NA,NA,NA,NA,NA,NA,NA,NA,NA,NA
NEG_0025,1:1,0,4,Ri-Bhoi Block,25.705965,91.347059,10739.7,1064.64,29.87,215.16,-0.004740,0.000149,4.4010,53.2726,10,Tree cover,0.682,27.6,45.0,1.28,5.0,Metamorphic,MT,127.9,8619.8,NA,NA,NO_EVENT,NA,NA,NA,NA,NA,NA,NA,NA,NA,NA
NEG_0026,1:1,0,3,East Khasi Block,25.249184,91.603103,2106.3,1223.84,34.64,74.55,-0.001131,0.000418,4.5962,44.7727,10,Tree cover,0.802,27.9,44.2,1.43,5.2,Siliciclastic Sedimentary,SS,124.0,1110.6,NA,NA,NO_EVENT,NA,NA,NA,NA,NA,NA,NA,NA,NA,NA
NEG_0027,1:1,0,4,Ri-Bhoi Block,25.920591,91.875278,834.0,1335.08,29.18,80.78,-0.003481,0.000733,5.0655,18.0135,10,Tree cover,0.805,34.1,39.0,1.33,4.6,Metamorphic,MT,164.2,6228.4,NA,NA,NO_EVENT,NA,NA,NA,NA,NA,NA,NA,NA,NA,NA
NEG_0028,1:1,0,1,Garo Hills Block,25.141708,90.680556,9013.0,66.88,15.70,168.51,0.000386,0.002743,5.7798,18.0968,10,Tree cover,0.830,30.3,52.6,1.44,5.1,Mixed Sedimentary,SM,17.4,888.5,NA,NA,NO_EVENT,NA,NA,NA,NA,NA,NA,NA,NA,NA,NA
NEG_0029,1:1,0,5,Jaintia Hills Block,25.182157,92.088765,1203.1,1307.22,24.57,152.74,-0.003979,-0.000531,5.2241,22.3728,10,Tree cover,0.825,40.5,24.7,1.33,5.8,Carbonate Sedimentary,SC,57.2,323.6,NA,NA,NO_EVENT,NA,NA,NA,NA,NA,NA,NA,NA,NA,NA
NEG_0030,1:1,0,3,East Khasi Block,25.402734,91.873748,620.2,1705.20,31.01,67.46,-0.002121,0.000892,4.6902,43.7229,10,Tree cover,0.774,33.8,38.9,1.37,4.3,Metamorphic,MT,103.0,2940.2,NA,NA,NO_EVENT,NA,NA,NA,NA,NA,NA,NA,NA,NA,NA
NEG_0031,1:1,0,1,Garo Hills Block,25.035193,90.830263,27304.6,156.20,35.58,221.75,0.002640,0.001320,3.8224,39.1340,10,Tree cover,0.768,28.6,46.9,1.43,5.4,Mixed Sedimentary,SM,218.2,166.4,NA,NA,NO_EVENT,NA,NA,NA,NA,NA,NA,NA,NA,NA,NA
NEG_0032,1:1,0,2,West Khasi Block,25.215729,91.227106,1083.7,759.64,24.91,64.38,0.004348,-0.000171,5.3023,29.3498,10,Tree cover,0.815,29.0,52.8,1.43,4.9,Siliciclastic Sedimentary,SS,178.6,401.8,NA,NA,NO_EVENT,NA,NA,NA,NA,NA,NA,NA,NA,NA,NA
NEG_0033,1:1,0,2,West Khasi Block,25.076289,91.266838,14206.5,841.87,21.96,266.18,-0.003166,-0.000366,5.0292,23.0192,10,Tree cover,0.823,29.7,53.1,1.44,4.8,Siliciclastic Sedimentary,SS,31.7,489.3,NA,NA,NO_EVENT,NA,NA,NA,NA,NA,NA,NA,NA,NA,NA
NEG_0034,1:1,0,1,Garo Hills Block,25.552037,90.415276,4634.1,67.97,15.79,313.03,-0.000026,-0.001473,5.3896,18.8449,10,Tree cover,0.652,24.5,46.0,1.33,4.8,Mixed Sedimentary,SM,25.1,600.6,NA,NA,NO_EVENT,NA,NA,NA,NA,NA,NA,NA,NA,NA,NA
NEG_0035,1:1,0,4,Ri-Bhoi Block,25.891629,92.121077,4324.0,1269.88,32.86,127.82,-0.000594,0.000706,4.7572,19.7471,10,Tree cover,0.791,33.3,46.7,1.32,5.1,Metamorphic,MT,104.3,3997.0,NA,NA,NO_EVENT,NA,NA,NA,NA,NA,NA,NA,NA,NA,NA
NEG_0036,1:1,0,3,East Khasi Block,25.433747,91.604965,2063.6,1450.80,34.68,25.75,-0.004710,-0.000094,4.2781,36.6541,10,Tree cover,0.694,32.9,43.5,1.36,4.6,Metamorphic,MT,139.3,1030.7,NA,NA,NO_EVENT,NA,NA,NA,NA,NA,NA,NA,NA,NA,NA
NEG_0037,1:1,0,4,Ri-Bhoi Block,25.943211,92.705724,17218.3,535.31,24.76,134.71,0.003250,0.000357,5.4067,19.1794,10,Tree cover,0.814,34.6,43.6,1.34,4.9,Metamorphic,MT,59.6,1410.9,NA,NA,NO_EVENT,NA,NA,NA,NA,NA,NA,NA,NA,NA,NA
NEG_0038,1:1,0,2,West Khasi Block,25.097347,91.187227,11892.0,694.20,20.25,333.30,-0.001701,0.001707,5.2414,19.8968,10,Tree cover,0.827,30.1,51.9,1.44,4.9,Siliciclastic Sedimentary,SS,38.7,106.6,NA,NA,NO_EVENT,NA,NA,NA,NA,NA,NA,NA,NA,NA,NA
NEG_0039,1:1,0,4,Ri-Bhoi Block,25.940833,92.301186,14623.5,1033.22,16.63,50.06,-0.000146,-0.000649,6.0593,18.6506,10,Tree cover,0.813,34.5,43.5,1.34,4.9,Metamorphic,MT,77.6,5967.1,NA,NA,NO_EVENT,NA,NA,NA,NA,NA,NA,NA,NA,NA,NA
NEG_0040,1:1,0,1,Garo Hills Block,25.480905,90.699928,552.0,180.75,23.40,208.87,0.002455,-0.001506,4.9946,21.4161,10,Tree cover,0.671,22.7,52.2,1.35,5.2,Mixed Sedimentary,SM,37.8,1041.9,NA,NA,NO_EVENT,NA,NA,NA,NA,NA,NA,NA,NA,NA,NA
NEG_0041,1:1,0,3,East Khasi Block,25.359522,91.858169,2139.3,1647.26,23.27,66.84,0.002876,-0.000123,5.4451,44.3014,10,Tree cover,0.738,34.8,38.6,1.38,4.3,Metamorphic,MT,137.4,3796.1,NA,NA,NO_EVENT,NA,NA,NA,NA,NA,NA,NA,NA,NA,NA
NEG_0042,1:1,0,1,Garo Hills Block,25.867126,90.977803,7618.4,450.33,26.00,72.03,-0.002347,0.000180,5.2691,22.9142,10,Tree cover,0.777,28.3,44.3,1.36,5.3,Mixed Sedimentary,SM,30.4,1536.5,NA,NA,NO_EVENT,NA,NA,NA,NA,NA,NA,NA,NA,NA,NA
NEG_0043,1:1,0,5,Jaintia Hills Block,25.239687,92.814086,14255.5,406.00,26.04,102.75,-0.000636,0.002569,5.2676,35.8095,10,Tree cover,0.806,28.3,44.2,1.43,5.3,Siliciclastic Sedimentary,SS,108.4,509.5,NA,NA,NO_EVENT,NA,NA,NA,NA,NA,NA,NA,NA,NA,NA
NEG_0044,1:1,0,2,West Khasi Block,25.241032,91.253857,4416.0,803.34,26.37,83.93,0.001794,0.001423,5.2437,36.3716,10,Tree cover,0.805,28.2,53.1,1.43,4.8,Siliciclastic Sedimentary,SS,115.9,1340.0,NA,NA,NO_EVENT,NA,NA,NA,NA,NA,NA,NA,NA,NA,NA
NEG_0045,1:1,0,1,Garo Hills Block,25.948934,89.800536,45014.9,25.00,25.20,47.21,-0.001693,-0.000044,5.3652,19.7985,10,Tree cover,0.816,25.2,46.5,1.39,5.2,Mixed Sedimentary,SM,66.2,8.2,NA,NA,NO_EVENT,NA,NA,NA,NA,NA,NA,NA,NA,NA,NA
NEG_0046,1:1,0,2,West Khasi Block,25.026469,91.069651,18504.4,445.53,34.19,316.91,0.001424,0.002101,3.9153,41.1644,60,Bare / sparse vegetation,0.165,28.3,47.0,1.43,5.2,Siliciclastic Sedimentary,SS,7.0,111.9,NA,NA,NO_EVENT,NA,NA,NA,NA,NA,NA,NA,NA,NA,NA
NEG_0047,1:1,0,2,West Khasi Block,25.022281,91.384823,18262.1,785.13,35.51,223.61,0.001439,-0.001758,3.8019,43.4671,10,Tree cover,0.764,28.2,50.2,1.43,4.8,Siliciclastic Sedimentary,SS,30.0,689.9,NA,NA,NO_EVENT,NA,NA,NA,NA,NA,NA,NA,NA,NA,NA
NEG_0048,1:1,0,2,West Khasi Block,25.301754,91.362145,2145.8,1038.05,27.85,130.08,0.004389,-0.000162,5.1692,49.8470,10,Tree cover,0.774,25.9,51.1,1.41,4.8,Siliciclastic Sedimentary,SS,49.3,2692.8,NA,NA,NO_EVENT,NA,NA,NA,NA,NA,NA,NA,NA,NA,NA
NEG_0049,1:1,0,3,East Khasi Block,25.312469,91.651196,1722.3,1391.81,25.58,55.39,0.002391,-0.000569,5.3434,48.1564,10,Tree cover,0.768,25.5,45.3,1.41,5.3,Siliciclastic Sedimentary,SS,72.0,666.7,NA,NA,NO_EVENT,NA,NA,NA,NA,NA,NA,NA,NA,NA,NA
NEG_0050,1:1,0,4,Ri-Bhoi Block,25.667501,91.879046,1095.7,1764.15,35.44,278.83,-0.003203,0.000948,3.8428,52.9979,10,Tree cover,0.770,27.2,39.1,1.28,4.3,Metamorphic,MT,48.4,1913.1,NA,NA,NO_EVENT,NA,NA,NA,NA,NA,NA,NA,NA,NA,NA
NEG_0051,1:1,0,3,East Khasi Block,25.601352,91.805373,3298.8,1723.86,22.14,307.22,0.000750,-0.001938,4.8289,26.6516,10,Tree cover,0.821,27.7,38.1,1.30,4.3,Metamorphic,MT,120.9,1171.2,NA,NA,NO_EVENT,NA,NA,NA,NA,NA,NA,NA,NA,NA,NA
NEG_0052,1:1,0,3,East Khasi Block,25.326520,91.740996,3231.1,1425.09,15.20,43.09,-0.004891,-0.000064,6.1574,36.2323,10,Tree cover,0.759,35.1,38.8,1.38,4.3,Metamorphic,MT,116.4,1289.9,NA,NA,NO_EVENT,NA,NA,NA,NA,NA,NA,NA,NA,NA,NA
NEG_0053,1:1,0,1,Garo Hills Block,25.850239,90.527087,11005.5,90.98,31.54,41.44,-0.001320,-0.001731,4.7881,28.1116,10,Tree cover,0.767,28.8,50.7,1.36,4.9,Mixed Sedimentary,SM,209.6,2401.4,NA,NA,NO_EVENT,NA,NA,NA,NA,NA,NA,NA,NA,NA,NA
NEG_0054,1:1,0,1,Garo Hills Block,26.043826,89.815142,53706.2,25.00,33.07,18.16,0.002308,0.001607,4.4779,46.2970,10,Tree cover,0.830,22.7,47.1,1.42,5.2,Mixed Sedimentary,SM,87.4,475.4,NA,NA,NO_EVENT,NA,NA,NA,NA,NA,NA,NA,NA,NA,NA
NEG_0055,1:1,0,3,East Khasi Block,25.118745,91.766169,7724.1,1206.63,14.56,351.65,-0.001205,-0.002005,5.7794,18.2181,10,Tree cover,0.830,30.3,50.0,1.44,5.4,Siliciclastic Sedimentary,SS,45.9,72.4,NA,NA,NO_EVENT,NA,NA,NA,NA,NA,NA,NA,NA,NA,NA
NEG_0056,1:1,0,4,Ri-Bhoi Block,25.828957,92.486934,24288.0,849.18,26.94,62.73,-0.004956,0.000015,5.0960,31.8463,10,Tree cover,0.754,31.1,38.1,1.30,4.5,Metamorphic,MT,94.0,2736.6,NA,NA,NO_EVENT,NA,NA,NA,NA,NA,NA,NA,NA,NA,NA
NEG_0057,1:1,0,2,West Khasi Block,25.608568,91.270773,3994.7,1000.85,22.37,265.71,-0.001749,-0.001943,4.8108,28.2218,10,Tree cover,0.652,27.6,42.1,1.30,4.8,Metamorphic,MT,69.4,1152.3,NA,NA,NO_EVENT,NA,NA,NA,NA,NA,NA,NA,NA,NA,NA
NEG_0058,1:1,0,5,Jaintia Hills Block,25.554097,92.047496,2465.8,1686.83,14.89,221.29,-0.000131,0.001336,5.4575,18.9227,10,Tree cover,0.652,28.8,45.0,1.32,4.7,Metamorphic,MT,325.1,2405.8,NA,NA,NO_EVENT,NA,NA,NA,NA,NA,NA,NA,NA,NA,NA
NEG_0059,1:1,0,4,Ri-Bhoi Block,25.983483,92.089860,3263.1,1120.00,19.68,139.09,-0.002835,0.001159,5.7432,23.8866,10,Tree cover,0.825,35.1,46.2,1.35,5.1,Metamorphic,MT,100.1,2191.5,NA,NA,NO_EVENT,NA,NA,NA,NA,NA,NA,NA,NA,NA,NA
NEG_0060,1:1,0,2,West Khasi Block,25.197596,91.281670,4804.7,801.49,24.80,106.86,0.001596,0.000144,5.2576,25.3177,10,Tree cover,0.821,29.5,53.0,1.44,4.8,Siliciclastic Sedimentary,SS,255.4,1055.4,NA,NA,NO_EVENT,NA,NA,NA,NA,NA,NA,NA,NA,NA,NA
NEG_0061,1:1,0,3,East Khasi Block,25.118113,91.788210,8230.1,1220.17,15.62,350.37,-0.000404,-0.002729,5.6921,18.2555,10,Tree cover,0.830,30.3,50.9,1.44,5.4,Siliciclastic Sedimentary,SS,180.4,198.4,NA,NA,NO_EVENT,NA,NA,NA,NA,NA,NA,NA,NA,NA,NA
NEG_0062,1:1,0,2,West Khasi Block,25.331561,91.597117,1537.1,1407.81,22.84,77.92,0.004628,-0.000221,5.5385,45.3973,10,Tree cover,0.756,35.1,43.8,1.38,4.6,Metamorphic,MT,119.7,164.7,NA,NA,NO_EVENT,NA,NA,NA,NA,NA,NA,NA,NA,NA,NA
NEG_0063,1:1,0,4,Ri-Bhoi Block,25.952407,92.141098,8696.2,1193.19,24.65,122.60,-0.003683,-0.000144,5.4047,20.1679,60,Bare / sparse vegetation,0.232,34.8,46.9,1.34,5.1,Metamorphic,MT,17.8,1335.7,NA,NA,NO_EVENT,NA,NA,NA,NA,NA,NA,NA,NA,NA,NA
NEG_0064,1:1,0,4,Ri-Bhoi Block,26.029175,91.512778,6024.3,1023.37,21.41,143.59,-0.001505,0.001847,5.4649,33.4708,10,Tree cover,0.830,35.1,46.3,1.37,5.1,Metamorphic,MT,79.4,2007.0,NA,NA,NO_EVENT,NA,NA,NA,NA,NA,NA,NA,NA,NA,NA
NEG_0065,1:1,0,1,Garo Hills Block,25.774984,90.420211,2592.7,54.48,15.88,9.40,-0.000220,-0.002796,5.7851,33.8084,10,Tree cover,0.721,30.3,46.1,1.33,4.8,Mixed Sedimentary,SM,125.9,4884.0,NA,NA,NO_EVENT,NA,NA,NA,NA,NA,NA,NA,NA,NA,NA
NEG_0066,1:1,0,5,Jaintia Hills Block,25.057629,92.136268,9517.2,1088.19,33.37,226.83,0.003881,-0.000526,4.0574,30.8004,10,Tree cover,0.818,29.3,45.1,1.43,4.9,Siliciclastic Sedimentary,SS,101.8,758.9,NA,NA,NO_EVENT,NA,NA,NA,NA,NA,NA,NA,NA,NA,NA
NEG_0067,1:1,0,2,West Khasi Block,25.521434,91.531016,688.5,1309.01,17.71,236.58,-0.000528,0.002673,5.3119,18.0218,10,Tree cover,0.658,29.8,45.9,1.33,5.0,Metamorphic,MT,52.3,86.8,NA,NA,NO_EVENT,NA,NA,NA,NA,NA,NA,NA,NA,NA,NA
NEG_0068,1:1,0,5,Jaintia Hills Block,25.615374,92.080954,3506.4,1538.82,26.18,226.33,0.001733,-0.001820,4.5082,31.6427,10,Tree cover,0.653,27.5,46.0,1.30,4.8,Metamorphic,MT,97.2,1065.6,NA,NA,NO_EVENT,NA,NA,NA,NA,NA,NA,NA,NA,NA,NA
NEG_0069,1:1,0,1,Garo Hills Block,25.389104,90.289777,14146.9,108.30,27.70,119.19,-0.000006,-0.002976,5.0025,44.1491,10,Tree cover,0.720,23.1,44.3,1.38,4.9,Mixed Sedimentary,SM,37.0,1614.7,NA,NA,NO_EVENT,NA,NA,NA,NA,NA,NA,NA,NA,NA,NA
NEG_0070,1:1,0,5,Jaintia Hills Block,25.369596,92.071939,2903.1,1405.29,19.04,144.33,0.000973,-0.002344,5.7561,38.5317,10,Tree cover,0.732,34.6,45.8,1.38,4.8,Metamorphic,MT,64.7,436.6,NA,NA,NO_EVENT,NA,NA,NA,NA,NA,NA,NA,NA,NA,NA
NEG_0071,1:1,0,4,Ri-Bhoi Block,25.824862,91.133173,891.5,805.65,31.01,31.71,0.003904,0.000045,4.7574,35.1497,10,Tree cover,0.752,31.0,38.2,1.30,4.5,Metamorphic,MT,93.7,1905.2,NA,NA,NO_EVENT,NA,NA,NA,NA,NA,NA,NA,NA,NA,NA
NEG_0072,1:1,0,3,East Khasi Block,25.623185,91.825995,548.1,1730.82,28.25,301.85,0.000987,-0.002158,4.3474,34.8334,10,Tree cover,0.809,27.4,38.2,1.29,4.3,Metamorphic,MT,36.6,3165.6,NA,NA,NO_EVENT,NA,NA,NA,NA,NA,NA,NA,NA,NA,NA
NEG_0073,1:1,0,3,East Khasi Block,25.568567,91.872003,822.6,1770.59,24.22,281.72,0.004759,-0.000087,4.6872,21.3245,60,Bare / sparse vegetation,0.176,21.8,61.1,1.30,4.6,Plutonic Acidic,PA,8.1,1663.7,NA,NA,NO_EVENT,NA,NA,NA,NA,NA,NA,NA,NA,NA,NA
NEG_0074,1:1,0,4,Ri-Bhoi Block,25.677921,91.854181,3269.8,1729.34,32.90,296.31,-0.004321,-0.000218,4.0725,52.8138,10,Tree cover,0.789,27.3,38.5,1.28,4.3,Metamorphic,MT,154.4,3959.6,NA,NA,NO_EVENT,NA,NA,NA,NA,NA,NA,NA,NA,NA,NA
NEG_0075,1:1,0,5,Jaintia Hills Block,25.511247,92.735563,19601.5,682.70,23.71,215.75,-0.000188,-0.000318,4.8632,18.3652,10,Tree cover,0.661,30.2,44.7,1.34,5.0,Metamorphic,MT,90.7,3000.5,NA,NA,NO_EVENT,NA,NA,NA,NA,NA,NA,NA,NA,NA,NA
NEG_0076,1:1,0,3,East Khasi Block,25.115857,91.601448,7564.8,1152.82,23.64,324.77,0.002014,-0.000503,5.0416,18.5145,10,Tree cover,0.829,30.2,44.2,1.44,5.2,Siliciclastic Sedimentary,SS,56.5,323.8,NA,NA,NO_EVENT,NA,NA,NA,NA,NA,NA,NA,NA,NA,NA
NEG_0077,1:1,0,4,Ri-Bhoi Block,25.810736,91.884900,987.8,1414.31,29.45,82.02,0.003856,-0.000562,4.8346,38.2696,10,Tree cover,0.743,30.5,39.2,1.29,4.3,Metamorphic,MT,118.8,5980.7,NA,NA,NO_EVENT,NA,NA,NA,NA,NA,NA,NA,NA,NA,NA
NEG_0078,1:1,0,1,Garo Hills Block,25.260382,90.641739,2371.6,25.00,30.39,94.06,0.000143,-0.002446,4.9516,44.5157,10,Tree cover,0.796,27.5,53.1,1.42,5.1,Mixed Sedimentary,SM,53.9,931.0,NA,NA,NO_EVENT,NA,NA,NA,NA,NA,NA,NA,NA,NA,NA
NEG_0079,1:1,0,1,Garo Hills Block,25.766989,90.415958,3512.3,48.28,15.82,4.16,-0.000017,-0.002966,5.7581,34.6082,10,Tree cover,0.716,30.3,46.0,1.33,4.8,Mixed Sedimentary,SM,28.8,5808.9,NA,NA,NO_EVENT,NA,NA,NA,NA,NA,NA,NA,NA,NA,NA
NEG_0080,1:1,0,3,East Khasi Block,25.268370,91.736742,1564.1,1442.96,24.40,44.34,-0.001231,0.000162,5.4388,40.8974,10,Tree cover,0.792,27.2,48.7,1.42,5.1,Siliciclastic Sedimentary,SS,73.6,535.2,NA,NA,NO_EVENT,NA,NA,NA,NA,NA,NA,NA,NA,NA,NA
NEG_0081,1:1,0,3,East Khasi Block,25.303104,91.610491,3311.9,1355.91,27.15,71.86,0.004491,-0.000054,5.2245,49.1921,10,Tree cover,0.773,25.9,44.3,1.41,5.2,Siliciclastic Sedimentary,SS,28.0,595.9,NA,NA,NO_EVENT,NA,NA,NA,NA,NA,NA,NA,NA,NA,NA
NEG_0082,1:1,0,4,Ri-Bhoi Block,25.971247,91.548615,1234.0,1161.89,17.16,108.24,-0.000279,0.001545,5.9721,21.4987,10,Tree cover,0.822,35.0,45.4,1.35,5.0,Metamorphic,MT,62.1,7358.5,NA,NA,NO_EVENT,NA,NA,NA,NA,NA,NA,NA,NA,NA,NA
NEG_0083,1:1,0,5,Jaintia Hills Block,25.069240,92.074267,10658.4,1053.29,25.36,211.52,0.002986,0.000040,4.7339,25.2009,10,Tree cover,0.821,29.5,47.5,1.44,5.0,Siliciclastic Sedimentary,SS,225.0,286.2,NA,NA,NO_EVENT,NA,NA,NA,NA,NA,NA,NA,NA,NA,NA
NEG_0084,1:1,0,1,Garo Hills Block,25.667437,90.806189,3536.0,259.77,33.71,219.13,-0.001245,-0.001958,3.9811,51.2737,10,Tree cover,0.666,28.7,48.0,1.32,5.4,Mixed Sedimentary,SM,192.5,1111.3,NA,NA,NO_EVENT,NA,NA,NA,NA,NA,NA,NA,NA,NA,NA
NEG_0085,1:1,0,3,East Khasi Block,25.556356,91.858221,1202.8,1763.83,22.54,290.23,0.004590,0.000058,4.8413,19.6210,10,Tree cover,0.786,22.0,61.0,1.30,4.6,Plutonic Acidic,PA,74.7,2809.8,NA,NA,NO_EVENT,NA,NA,NA,NA,NA,NA,NA,NA,NA,NA
NEG_0086,1:1,0,1,Garo Hills Block,25.292908,90.647691,6021.5,92.70,24.49,97.25,0.001709,-0.001743,5.4406,44.9936,10,Tree cover,0.779,26.3,53.1,1.41,5.1,Mixed Sedimentary,SM,55.9,1219.8,NA,NA,NO_EVENT,NA,NA,NA,NA,NA,NA,NA,NA,NA,NA
NEG_0087,1:1,0,1,Garo Hills Block,25.149650,89.923634,29143.8,47.51,14.78,12.85,0.000569,0.002628,5.8849,18.3226,40,Cropland,0.507,30.2,51.6,1.44,5.4,Mixed Sedimentary,SM,60.5,4297.6,NA,NA,NO_EVENT,NA,NA,NA,NA,NA,NA,NA,NA,NA,NA
NEG_0088,1:1,0,3,East Khasi Block,25.644156,91.818744,2217.7,1699.70,29.72,305.88,-0.000554,-0.002519,4.2542,41.5876,10,Tree cover,0.659,27.2,38.1,1.29,4.3,Metamorphic,MT,45.6,4032.8,NA,NA,NO_EVENT,NA,NA,NA,NA,NA,NA,NA,NA,NA,NA
NEG_0089,1:1,0,3,East Khasi Block,25.458025,91.981088,5833.0,1662.74,27.94,188.10,0.004774,-0.000097,4.7204,26.8426,60,Bare / sparse vegetation,0.197,32.0,42.6,1.36,4.6,Metamorphic,MT,11.4,659.4,NA,NA,NO_EVENT,NA,NA,NA,NA,NA,NA,NA,NA,NA,NA
NEG_0090,1:1,0,2,West Khasi Block,25.317593,91.591270,3184.6,1374.21,23.57,81.83,0.004507,0.000116,5.4991,46.0454,10,Tree cover,0.765,25.3,44.1,1.41,5.2,Siliciclastic Sedimentary,SS,205.8,176.6,NA,NA,NO_EVENT,NA,NA,NA,NA,NA,NA,NA,NA,NA,NA
NEG_0091,1:1,0,5,Jaintia Hills Block,25.216660,92.356689,3376.0,1119.53,30.70,36.70,-0.004270,0.000231,4.8416,32.2547,10,Tree cover,0.815,41.6,32.0,1.34,5.5,Carbonate Sedimentary,SC,122.6,3962.4,NA,NA,NO_EVENT,NA,NA,NA,NA,NA,NA,NA,NA,NA,NA
NEG_0092,1:1,0,1,Garo Hills Block,25.772042,90.044719,17680.5,31.60,24.03,163.57,0.000225,0.002848,5.1214,42.4214,10,Tree cover,0.719,30.3,52.8,1.33,5.4,Mixed Sedimentary,SM,91.4,1341.1,NA,NA,NO_EVENT,NA,NA,NA,NA,NA,NA,NA,NA,NA,NA
NEG_0093,1:1,0,1,Garo Hills Block,25.255829,90.639204,1856.0,25.00,31.16,92.58,-0.000202,-0.002330,4.8843,43.9527,10,Tree cover,0.799,27.7,53.1,1.42,5.1,Mixed Sedimentary,SM,62.2,931.5,NA,NA,NO_EVENT,NA,NA,NA,NA,NA,NA,NA,NA,NA,NA
NEG_0094,1:1,0,3,East Khasi Block,25.528211,91.709673,2073.8,1684.22,18.72,323.15,-0.001813,-0.001562,5.2118,18.0110,10,Tree cover,0.656,29.6,39.6,1.33,4.4,Metamorphic,MT,295.2,1986.0,NA,NA,NO_EVENT,NA,NA,NA,NA,NA,NA,NA,NA,NA,NA
NEG_0095,1:1,0,1,Garo Hills Block,25.148951,90.757898,14338.8,202.74,17.28,170.28,0.001485,-0.001813,5.6822,18.3468,10,Tree cover,0.829,30.2,50.1,1.44,5.3,Mixed Sedimentary,SM,173.3,809.6,NA,NA,NO_EVENT,NA,NA,NA,NA,NA,NA,NA,NA,NA,NA
NEG_0096,1:1,0,4,Ri-Bhoi Block,25.973291,92.150648,9423.7,1180.90,24.01,121.58,-0.002313,-0.001392,5.4199,23.2542,10,Tree cover,0.823,35.0,46.9,1.35,5.1,Metamorphic,MT,174.1,1296.9,NA,NA,NO_EVENT,NA,NA,NA,NA,NA,NA,NA,NA,NA,NA
NEG_0097,1:1,0,3,East Khasi Block,25.170244,91.714248,2438.0,1323.16,20.21,20.50,0.003525,0.000861,5.5297,20.1183,10,Tree cover,0.827,30.0,47.7,1.44,5.4,Siliciclastic Sedimentary,SS,343.3,636.7,NA,NA,NO_EVENT,NA,NA,NA,NA,NA,NA,NA,NA,NA,NA
NEG_0098,1:1,0,2,West Khasi Block,25.527162,91.281931,860.9,932.99,18.17,255.53,-0.000661,0.002583,5.2587,18.0041,10,Tree cover,0.656,29.6,42.5,1.33,4.8,Metamorphic,MT,35.2,208.7,NA,NA,NO_EVENT,NA,NA,NA,NA,NA,NA,NA,NA,NA,NA
NEG_0099,1:1,0,1,Garo Hills Block,25.320221,90.421765,22039.6,25.00,16.49,48.41,-0.000837,-0.000075,6.0625,37.6885,10,Tree cover,0.763,25.2,46.2,1.41,4.8,Mixed Sedimentary,SM,39.4,47.4,NA,NA,NO_EVENT,NA,NA,NA,NA,NA,NA,NA,NA,NA,NA
NEG_0100,1:1,0,1,Garo Hills Block,25.412123,90.081861,4011.1,48.60,32.29,153.49,-0.002869,-0.001049,4.5531,42.0221,10,Tree cover,0.706,22.7,51.9,1.37,5.3,Mixed Sedimentary,SM,269.3,3521.5,NA,NA,NO_EVENT,NA,NA,NA,NA,NA,NA,NA,NA,NA,NA
NEG_0101,1:1,0,2,West Khasi Block,25.065328,91.542495,10484.0,1086.63,25.12,241.27,-0.000436,0.000342,4.7407,25.9498,60,Bare / sparse vegetation,0.193,29.4,44.4,1.44,5.1,Siliciclastic Sedimentary,SS,4.5,696.6,NA,NA,NO_EVENT,NA,NA,NA,NA,NA,NA,NA,NA,NA,NA
NEG_0102,1:1,0,5,Jaintia Hills Block,25.238575,92.802374,13357.9,428.52,26.04,109.67,0.000016,0.002639,5.2654,35.5338,10,Tree cover,0.806,28.3,44.3,1.43,5.3,Siliciclastic Sedimentary,SS,72.2,1334.5,NA,NA,NO_EVENT,NA,NA,NA,NA,NA,NA,NA,NA,NA,NA
NEG_0103,1:1,0,5,Jaintia Hills Block,25.131677,92.002642,6434.4,1238.60,14.56,180.68,-0.000121,-0.001223,5.8309,18.0013,10,Tree cover,0.830,38.5,24.8,1.32,6.1,Carbonate Sedimentary,SC,91.0,1564.4,NA,NA,NO_EVENT,NA,NA,NA,NA,NA,NA,NA,NA,NA,NA
NEG_0104,1:1,0,2,West Khasi Block,25.589950,91.598268,3767.2,1430.10,26.18,281.80,0.004378,-0.000330,4.5095,25.6502,10,Tree cover,0.650,27.9,43.7,1.31,4.6,Metamorphic,MT,114.8,5383.7,NA,NA,NO_EVENT,NA,NA,NA,NA,NA,NA,NA,NA,NA,NA
NEG_0105,1:1,0,4,Ri-Bhoi Block,25.663986,92.436041,6012.2,1046.94,35.23,312.02,0.000841,0.002190,3.8515,51.8618,60,Bare / sparse vegetation,0.291,27.2,38.9,1.29,4.6,Metamorphic,MT,13.9,1724.3,NA,NA,NO_EVENT,NA,NA,NA,NA,NA,NA,NA,NA,NA,NA
NEG_0106,1:1,0,2,West Khasi Block,25.336189,91.518659,5418.7,1288.39,14.65,121.79,-0.002941,-0.000849,6.1858,35.5234,10,Tree cover,0.753,25.9,51.7,1.32,4.7,Plutonic Acidic,PA,416.2,1177.7,NA,NA,NO_EVENT,NA,NA,NA,NA,NA,NA,NA,NA,NA,NA
NEG_0107,1:1,0,3,East Khasi Block,25.610124,91.831629,1856.9,1745.75,26.76,299.48,0.002233,-0.001584,4.4600,30.6171,10,Tree cover,0.805,27.5,38.2,1.30,4.3,Metamorphic,MT,203.9,2054.3,NA,NA,NO_EVENT,NA,NA,NA,NA,NA,NA,NA,NA,NA,NA
NEG_0108,1:1,0,2,West Khasi Block,25.587307,91.567736,6074.3,1382.42,22.53,264.40,0.002411,-0.000925,4.8031,24.0992,60,Bare / sparse vegetation,0.192,27.9,44.8,1.31,5.0,Metamorphic,MT,11.1,4766.5,NA,NA,NO_EVENT,NA,NA,NA,NA,NA,NA,NA,NA,NA,NA
NEG_0109,1:1,0,1,Garo Hills Block,25.701929,90.432376,7797.6,25.00,21.74,328.18,0.002091,-0.000252,5.0378,43.4349,10,Tree cover,0.680,29.6,46.6,1.32,4.8,Mixed Sedimentary,SM,11.6,5096.3,NA,NA,NO_EVENT,NA,NA,NA,NA,NA,NA,NA,NA,NA,NA
NEG_0110,1:1,0,5,Jaintia Hills Block,25.643909,92.556022,8092.3,940.16,25.73,249.02,-0.000124,-0.002912,4.5731,38.3631,10,Tree cover,0.658,27.2,38.6,1.29,4.5,Metamorphic,MT,236.2,3792.7,NA,NA,NO_EVENT,NA,NA,NA,NA,NA,NA,NA,NA,NA,NA
NEG_0111,1:1,0,4,Ri-Bhoi Block,26.059186,92.790266,9603.6,406.95,25.76,159.37,-0.001402,0.001115,5.0031,43.2459,60,Bare / sparse vegetation,0.161,34.7,46.2,1.38,5.1,Metamorphic,MT,7.9,1045.5,NA,NA,NO_EVENT,NA,NA,NA,NA,NA,NA,NA,NA,NA,NA
NEG_0112,1:1,0,2,West Khasi Block,25.116559,91.352398,8952.7,888.38,24.35,191.70,0.001952,-0.000352,4.9876,18.4870,10,Tree cover,0.829,30.2,51.4,1.44,4.8,Siliciclastic Sedimentary,SS,234.6,2323.5,NA,NA,NO_EVENT,NA,NA,NA,NA,NA,NA,NA,NA,NA,NA
NEG_0113,1:1,0,4,Ri-Bhoi Block,25.655919,92.421239,5822.0,1049.20,35.95,313.86,-0.000270,0.002598,3.7768,50.2289,10,Tree cover,0.758,27.2,39.2,1.29,4.6,Metamorphic,MT,28.0,2190.5,NA,NA,NO_EVENT,NA,NA,NA,NA,NA,NA,NA,NA,NA,NA
NEG_0114,1:1,0,5,Jaintia Hills Block,25.089863,92.286002,5024.2,988.69,18.32,329.97,-0.001505,-0.001348,5.3681,20.4869,10,Tree cover,0.826,36.8,30.9,1.31,5.4,Carbonate Sedimentary,SC,160.3,24.9,NA,NA,NO_EVENT,NA,NA,NA,NA,NA,NA,NA,NA,NA,NA
NEG_0115,1:1,0,4,Ri-Bhoi Block,25.901188,92.821593,12108.4,415.67,23.19,97.19,-0.000807,-0.002497,5.5391,18.5086,10,Tree cover,0.796,33.6,46.7,1.32,5.1,Metamorphic,MT,213.0,1489.3,NA,NA,NO_EVENT,NA,NA,NA,NA,NA,NA,NA,NA,NA,NA
NEG_0116,1:1,0,2,West Khasi Block,25.413379,91.598849,3832.0,1460.42,31.90,57.13,-0.003241,-0.000551,4.5796,41.3576,10,Tree cover,0.705,33.5,43.7,1.37,4.6,Metamorphic,MT,184.3,643.7,NA,NA,NO_EVENT,NA,NA,NA,NA,NA,NA,NA,NA,NA,NA
NEG_0117,1:1,0,3,East Khasi Block,25.551246,91.921461,960.3,1730.81,22.77,251.19,0.000166,-0.001523,4.8327,19.1481,60,Bare / sparse vegetation,0.166,28.9,40.3,1.32,4.4,Metamorphic,MT,17.7,2027.7,NA,NA,NO_EVENT,NA,NA,NA,NA,NA,NA,NA,NA,NA,NA
NEG_0118,1:1,0,5,Jaintia Hills Block,25.066673,92.010417,13182.7,1089.72,22.61,213.48,-0.004072,0.000140,4.9457,24.8997,10,Tree cover,0.821,29.5,50.3,1.44,5.1,Siliciclastic Sedimentary,SS,32.0,147.6,NA,NA,NO_EVENT,NA,NA,NA,NA,NA,NA,NA,NA,NA,NA
NEG_0119,1:1,0,3,East Khasi Block,25.310369,91.694835,2900.2,1402.21,21.58,46.71,-0.002636,-0.000674,5.6652,43.3195,10,Tree cover,0.769,25.6,46.9,1.41,5.1,Siliciclastic Sedimentary,SS,95.8,175.6,NA,NA,NO_EVENT,NA,NA,NA,NA,NA,NA,NA,NA,NA,NA
NEG_0120,1:1,0,4,Ri-Bhoi Block,26.082871,91.031935,28076.9,448.90,29.79,354.08,-0.001382,-0.000547,4.5862,51.5092,10,Tree cover,0.824,34.3,39.0,1.38,4.6,Metamorphic,MT,83.1,313.2,NA,NA,NO_EVENT,NA,NA,NA,NA,NA,NA,NA,NA,NA,NA
NEG_0121,1:1,0,1,Garo Hills Block,25.144249,89.824745,35386.3,62.05,23.30,6.76,-0.001155,-0.001672,5.1819,18.2363,10,Tree cover,0.830,30.3,47.5,1.44,5.2,Mixed Sedimentary,SM,73.5,985.9,NA,NA,NO_EVENT,NA,NA,NA,NA,NA,NA,NA,NA,NA,NA
NEG_0122,1:1,0,2,West Khasi Block,25.098542,91.052219,10352.5,504.61,23.25,338.65,0.000829,-0.001921,5.0059,20.0369,10,Tree cover,0.827,30.1,46.3,1.44,5.2,Siliciclastic Sedimentary,SS,134.7,293.1,NA,NA,NO_EVENT,NA,NA,NA,NA,NA,NA,NA,NA,NA,NA
NEG_0123,1:1,0,2,West Khasi Block,25.113085,91.354535,9188.5,885.07,24.75,193.87,0.002353,-0.000197,4.9419,18.7283,10,Tree cover,0.829,30.2,51.4,1.44,4.8,Siliciclastic Sedimentary,SS,152.2,2452.3,NA,NA,NO_EVENT,NA,NA,NA,NA,NA,NA,NA,NA,NA,NA
NEG_0124,1:1,0,2,West Khasi Block,25.538766,91.550074,2385.6,1317.80,17.76,251.23,0.000337,0.002232,5.2613,18.2413,10,Tree cover,0.654,29.2,45.4,1.32,5.0,Metamorphic,MT,199.8,2230.3,NA,NA,NO_EVENT,NA,NA,NA,NA,NA,NA,NA,NA,NA,NA
NEG_0125,1:1,0,3,East Khasi Block,25.287953,91.765112,2720.7,1452.02,20.36,46.36,-0.002428,0.001536,5.7711,39.8800,10,Tree cover,0.782,26.5,50.0,1.42,5.1,Siliciclastic Sedimentary,SS,57.6,1204.5,NA,NA,NO_EVENT,NA,NA,NA,NA,NA,NA,NA,NA,NA,NA
NEG_0126,1:1,0,5,Jaintia Hills Block,25.035203,92.303992,6332.3,885.99,26.41,315.14,0.000323,0.002277,4.5560,33.6845,10,Tree cover,0.810,28.6,46.1,1.43,4.8,Siliciclastic Sedimentary,SS,234.6,103.6,NA,NA,NO_EVENT,NA,NA,NA,NA,NA,NA,NA,NA,NA,NA
NEG_0127,1:1,0,4,Ri-Bhoi Block,25.855116,91.386363,8569.1,1100.50,35.22,139.41,0.002668,0.001394,4.5056,27.8637,60,Bare / sparse vegetation,0.362,32.1,46.1,1.31,5.0,Metamorphic,MT,17.0,1684.6,NA,NA,NO_EVENT,NA,NA,NA,NA,NA,NA,NA,NA,NA,NA
NEG_0128,1:1,0,1,Garo Hills Block,26.052200,90.358147,30193.6,72.70,32.75,32.01,0.004148,-0.000242,4.4713,48.3228,10,Tree cover,0.829,22.6,44.4,1.42,4.8,Mixed Sedimentary,SM,90.0,611.5,NA,NA,NO_EVENT,NA,NA,NA,NA,NA,NA,NA,NA,NA,NA
NEG_0129,1:1,0,2,West Khasi Block,25.079689,91.482769,8968.6,964.63,20.49,211.95,-0.004851,0.000007,5.1584,22.1695,10,Tree cover,0.824,29.8,46.0,1.44,5.0,Siliciclastic Sedimentary,SS,32.7,1070.9,NA,NA,NO_EVENT,NA,NA,NA,NA,NA,NA,NA,NA,NA,NA
NEG_0130,1:1,0,3,East Khasi Block,25.257748,91.704609,2829.3,1414.86,28.81,44.80,0.000060,-0.002039,5.0748,42.4811,10,Tree cover,0.798,27.6,47.3,1.42,5.1,Siliciclastic Sedimentary,SS,191.0,108.9,NA,NA,NO_EVENT,NA,NA,NA,NA,NA,NA,NA,NA,NA,NA
NEG_0131,1:1,0,4,Ri-Bhoi Block,25.901689,92.816108,12260.2,424.30,22.94,100.26,-0.000603,-0.002636,5.5594,18.4740,10,Tree cover,0.796,33.6,46.7,1.32,5.1,Metamorphic,MT,78.9,937.8,NA,NA,NO_EVENT,NA,NA,NA,NA,NA,NA,NA,NA,NA,NA
NEG_0132,1:1,0,2,West Khasi Block,25.215991,91.341498,3593.2,962.33,33.82,133.62,-0.004018,0.000571,4.5902,33.4923,10,Tree cover,0.815,29.0,51.8,1.43,4.8,Siliciclastic Sedimentary,SS,176.8,1003.2,NA,NA,NO_EVENT,NA,NA,NA,NA,NA,NA,NA,NA,NA,NA
NEG_0133,1:1,0,3,East Khasi Block,25.194832,91.958082,3791.3,1321.70,26.60,136.68,0.003844,0.000036,5.1047,25.2490,10,Tree cover,0.822,29.6,52.1,1.44,5.2,Siliciclastic Sedimentary,SS,146.8,159.6,NA,NA,NO_EVENT,NA,NA,NA,NA,NA,NA,NA,NA,NA,NA
NEG_0134,1:1,0,5,Jaintia Hills Block,25.223094,92.357657,3917.5,1121.86,31.40,38.19,-0.003830,0.000245,4.8022,34.4883,10,Tree cover,0.813,41.8,32.0,1.34,5.5,Carbonate Sedimentary,SC,118.6,4151.4,NA,NA,NO_EVENT,NA,NA,NA,NA,NA,NA,NA,NA,NA,NA
NEG_0135,1:1,0,2,West Khasi Block,25.358541,91.444417,3847.3,1109.98,18.41,141.48,-0.001686,0.001986,5.8364,38.8883,10,Tree cover,0.739,25.8,52.0,1.32,4.8,Plutonic Acidic,PA,111.0,2231.7,NA,NA,NO_EVENT,NA,NA,NA,NA,NA,NA,NA,NA,NA,NA
NEG_0136,1:1,0,1,Garo Hills Block,25.165175,90.911339,13295.4,353.39,21.44,139.17,-0.000573,0.002041,5.4123,19.6936,10,Tree cover,0.828,30.1,44.4,1.44,5.4,Mixed Sedimentary,SM,31.4,75.8,NA,NA,NO_EVENT,NA,NA,NA,NA,NA,NA,NA,NA,NA,NA
NEG_0137,1:1,0,1,Garo Hills Block,25.451149,90.041376,7934.6,39.46,35.51,187.11,-0.000414,0.000317,4.1422,31.3608,10,Tree cover,0.844,22.5,52.8,1.36,5.4,Mixed Sedimentary,SM,251.4,789.7,NA,NA,NO_EVENT,NA,NA,NA,NA,NA,NA,NA,NA,NA,NA
NEG_0138,1:1,0,2,West Khasi Block,25.262709,91.586371,581.7,1231.72,31.88,84.70,0.000454,0.001589,4.8350,46.4438,10,Tree cover,0.795,27.4,44.1,1.42,5.2,Siliciclastic Sedimentary,SS,185.7,1044.4,NA,NA,NO_EVENT,NA,NA,NA,NA,NA,NA,NA,NA,NA,NA
NEG_0139,1:1,0,2,West Khasi Block,25.634009,91.428339,8762.4,1159.41,30.31,223.78,-0.000034,0.002939,4.1931,39.1964,60,Bare / sparse vegetation,0.248,27.3,46.8,1.29,5.1,Metamorphic,MT,18.3,1267.1,NA,NA,NO_EVENT,NA,NA,NA,NA,NA,NA,NA,NA,NA,NA
NEG_0140,1:1,0,2,West Khasi Block,25.165630,91.280082,6066.2,803.46,19.13,117.39,0.001308,-0.001907,5.5988,19.5528,10,Tree cover,0.828,30.1,53.0,1.44,4.8,Siliciclastic Sedimentary,SS,109.1,461.5,NA,NA,NO_EVENT,NA,NA,NA,NA,NA,NA,NA,NA,NA,NA
NEG_0141,1:1,0,1,Garo Hills Block,25.226946,90.164295,5909.8,125.86,26.62,141.03,0.000052,-0.002119,5.1939,32.9582,10,Tree cover,0.811,28.7,48.6,1.43,5.2,Mixed Sedimentary,SM,27.5,1100.6,NA,NA,NO_EVENT,NA,NA,NA,NA,NA,NA,NA,NA,NA,NA
NEG_0142,1:1,0,4,Ri-Bhoi Block,26.003137,92.325153,10611.5,899.22,18.87,35.37,-0.000674,0.002361,5.7544,26.9525,10,Tree cover,0.828,35.2,42.6,1.36,4.8,Metamorphic,MT,210.7,5360.5,NA,NA,NO_EVENT,NA,NA,NA,NA,NA,NA,NA,NA,NA,NA
NEG_0143,1:1,0,3,East Khasi Block,25.577751,91.920892,1374.0,1745.35,24.56,253.35,0.000261,0.000387,4.6489,22.8671,10,Tree cover,0.737,28.2,40.3,1.31,4.4,Metamorphic,MT,39.6,528.5,NA,NA,NO_EVENT,NA,NA,NA,NA,NA,NA,NA,NA,NA,NA
NEG_0144,1:1,0,2,West Khasi Block,25.627876,91.358320,5070.0,1098.88,33.81,230.05,0.000934,0.000059,3.9066,39.6678,10,Tree cover,0.655,27.3,45.3,1.29,5.0,Metamorphic,MT,224.2,5960.0,NA,NA,NO_EVENT,NA,NA,NA,NA,NA,NA,NA,NA,NA,NA
NEG_0145,1:1,0,1,Garo Hills Block,25.128331,89.847721,35271.9,37.52,20.80,357.48,0.000550,-0.000136,5.3184,18.0311,10,Tree cover,0.830,30.3,48.5,1.44,5.3,Mixed Sedimentary,SM,77.2,344.7,NA,NA,NO_EVENT,NA,NA,NA,NA,NA,NA,NA,NA,NA,NA
NEG_0146,1:1,0,2,West Khasi Block,25.020054,91.565181,15871.9,1051.00,30.93,262.30,0.000735,0.002523,4.1644,40.8285,60,Bare / sparse vegetation,0.163,28.1,44.1,1.43,5.1,Siliciclastic Sedimentary,SS,12.6,523.4,NA,NA,NO_EVENT,NA,NA,NA,NA,NA,NA,NA,NA,NA,NA
NEG_0147,1:1,0,4,Ri-Bhoi Block,26.098438,91.895085,2089.9,1043.92,34.58,261.35,0.002687,0.001261,4.1416,58.8155,10,Tree cover,0.820,33.9,39.5,1.38,4.6,Metamorphic,MT,425.7,3001.8,NA,NA,NO_EVENT,NA,NA,NA,NA,NA,NA,NA,NA,NA,NA
NEG_0148,1:1,0,3,East Khasi Block,25.447606,91.607041,1563.5,1440.86,35.27,358.62,-0.004994,0.000002,4.1756,32.3959,10,Tree cover,0.845,32.4,43.4,1.36,4.6,Metamorphic,MT,310.9,458.1,NA,NA,NO_EVENT,NA,NA,NA,NA,NA,NA,NA,NA,NA,NA
NEG_0149,1:1,0,5,Jaintia Hills Block,25.516769,92.776532,22883.1,559.84,18.34,229.77,-0.000532,0.002346,5.2755,18.1057,10,Tree cover,0.659,30.0,45.9,1.33,5.0,Metamorphic,MT,13.3,5869.8,NA,NA,NO_EVENT,NA,NA,NA,NA,NA,NA,NA,NA,NA,NA
NEG_0150,1:1,0,4,Ri-Bhoi Block,25.675928,91.562365,3676.1,1452.11,29.76,258.72,-0.001687,-0.001456,4.3183,49.1167,10,Tree cover,0.669,27.3,45.0,1.28,4.7,Metamorphic,MT,36.3,6450.5,NA,NA,NO_EVENT,NA,NA,NA,NA,NA,NA,NA,NA,NA,NA
NEG_0151,1:1,0,5,Jaintia Hills Block,25.590400,92.009978,4546.7,1675.76,17.85,226.93,-0.003714,-0.000734,5.1757,23.2824,10,Tree cover,0.650,27.9,43.7,1.31,4.6,Metamorphic,MT,65.7,2246.7,NA,NA,NO_EVENT,NA,NA,NA,NA,NA,NA,NA,NA,NA,NA
NEG_0152,1:1,0,4,Ri-Bhoi Block,25.685781,91.501808,9233.7,1292.40,23.82,224.90,0.004253,-0.000413,4.8209,44.2769,60,Bare / sparse vegetation,0.322,27.3,46.5,1.28,5.1,Metamorphic,MT,15.2,2907.1,NA,NA,NO_EVENT,NA,NA,NA,NA,NA,NA,NA,NA,NA,NA
NEG_0153,1:1,0,1,Garo Hills Block,25.948397,90.775609,26113.1,160.55,19.87,135.94,0.001994,-0.000080,5.7922,19.3700,10,Tree cover,0.816,25.2,49.3,1.39,5.3,Mixed Sedimentary,SM,134.2,177.6,NA,NA,NO_EVENT,NA,NA,NA,NA,NA,NA,NA,NA,NA,NA
NEG_0154,1:1,0,1,Garo Hills Block,25.072898,90.977378,14576.9,487.47,21.34,296.34,-0.004971,0.000018,5.0675,23.4344,10,Tree cover,0.822,29.6,44.3,1.44,5.3,Mixed Sedimentary,SM,157.9,152.3,NA,NA,NO_EVENT,NA,NA,NA,NA,NA,NA,NA,NA,NA,NA
NEG_0155,1:1,0,4,Ri-Bhoi Block,25.927556,92.132942,7146.7,1215.59,27.74,123.76,-0.003665,0.000801,5.1790,18.1886,10,Tree cover,0.808,34.3,46.8,1.33,5.1,Metamorphic,MT,187.3,2399.0,NA,NA,NO_EVENT,NA,NA,NA,NA,NA,NA,NA,NA,NA,NA
NEG_0156,1:1,0,2,West Khasi Block,25.208672,91.257457,2505.6,771.72,24.48,85.18,0.003797,0.000576,5.3170,27.5702,10,Tree cover,0.818,29.2,53.1,1.43,4.8,Siliciclastic Sedimentary,SS,88.5,46.9,NA,NA,NO_EVENT,NA,NA,NA,NA,NA,NA,NA,NA,NA,NA
NEG_0157,1:1,0,1,Garo Hills Block,25.779205,90.683471,15600.8,127.36,16.11,158.85,-0.000909,-0.002454,5.7834,33.5323,10,Tree cover,0.723,30.2,52.6,1.34,5.2,Mixed Sedimentary,SM,70.7,344.4,NA,NA,NO_EVENT,NA,NA,NA,NA,NA,NA,NA,NA,NA,NA
NEG_0158,1:1,0,1,Garo Hills Block,25.717296,90.906767,8463.6,510.71,23.84,225.89,-0.001198,-0.001326,4.9233,46.5710,10,Tree cover,0.688,29.9,44.5,1.32,5.4,Mixed Sedimentary,SM,311.7,1408.8,NA,NA,NO_EVENT,NA,NA,NA,NA,NA,NA,NA,NA,NA,NA
NEG_0159,1:1,0,4,Ri-Bhoi Block,25.739737,91.193663,4740.7,859.34,17.66,341.74,0.001468,-0.002109,5.5026,38.7581,10,Tree cover,0.700,28.3,39.4,1.28,4.6,Metamorphic,MT,269.5,6679.0,NA,NA,NO_EVENT,NA,NA,NA,NA,NA,NA,NA,NA,NA,NA
NEG_0160,1:1,0,2,West Khasi Block,25.105304,91.014336,9890.5,499.18,17.96,335.95,-0.002101,-0.001737,5.4548,19.0218,10,Tree cover,0.828,30.2,45.0,1.44,5.3,Siliciclastic Sedimentary,SS,49.8,56.6,NA,NA,NO_EVENT,NA,NA,NA,NA,NA,NA,NA,NA,NA,NA
NEG_0161,1:1,0,4,Ri-Bhoi Block,25.763383,92.200755,6836.2,1306.72,21.12,155.03,-0.000178,-0.002365,5.3197,40.6400,10,Tree cover,0.714,28.9,46.5,1.28,5.1,Metamorphic,MT,189.4,5808.5,NA,NA,NO_EVENT,NA,NA,NA,NA,NA,NA,NA,NA,NA,NA
NEG_0162,1:1,0,1,Garo Hills Block,25.119203,90.749439,15507.1,141.23,16.24,188.43,-0.001452,-0.001372,5.6468,18.2277,10,Tree cover,0.830,30.3,50.5,1.44,5.3,Mixed Sedimentary,SM,131.3,304.6,NA,NA,NO_EVENT,NA,NA,NA,NA,NA,NA,NA,NA,NA,NA
NEG_0163,1:1,0,1,Garo Hills Block,25.663953,89.820471,19113.2,25.00,35.08,319.25,-0.002446,-0.001507,3.8634,51.7089,10,Tree cover,0.756,28.6,47.3,1.32,5.2,Mixed Sedimentary,SM,144.2,567.4,NA,NA,NO_EVENT,NA,NA,NA,NA,NA,NA,NA,NA,NA,NA
NEG_0164,1:1,0,1,Garo Hills Block,25.395855,90.285496,13284.0,100.15,28.55,125.28,0.000141,-0.002857,4.9114,43.3812,10,Tree cover,0.716,23.0,44.4,1.38,4.9,Mixed Sedimentary,SM,53.9,2130.0,NA,NA,NO_EVENT,NA,NA,NA,NA,NA,NA,NA,NA,NA,NA
NEG_0165,1:1,0,1,Garo Hills Block,25.792654,90.900630,11019.6,409.02,22.60,146.31,0.001469,-0.001923,5.3163,37.2986,10,Tree cover,0.732,30.1,44.6,1.34,5.4,Mixed Sedimentary,SM,124.6,5135.8,NA,NA,NO_EVENT,NA,NA,NA,NA,NA,NA,NA,NA,NA,NA
NEG_0166,1:1,0,1,Garo Hills Block,25.204571,90.641352,1112.3,25.00,29.11,95.55,-0.002853,-0.000543,4.9344,28.3199,10,Tree cover,0.819,29.3,53.1,1.43,5.1,Mixed Sedimentary,SM,23.4,331.1,NA,NA,NO_EVENT,NA,NA,NA,NA,NA,NA,NA,NA,NA,NA
NEG_0167,1:1,0,1,Garo Hills Block,25.080232,89.905978,36534.5,25.00,20.71,329.32,0.000771,0.000756,5.1427,22.1335,10,Tree cover,0.824,29.8,51.0,1.44,5.4,Mixed Sedimentary,SM,18.8,301.6,NA,NA,NO_EVENT,NA,NA,NA,NA,NA,NA,NA,NA,NA,NA
NEG_0168,1:1,0,5,Jaintia Hills Block,25.644376,92.186292,4364.2,1458.15,34.14,258.13,0.000328,0.002795,3.9010,45.1637,10,Tree cover,0.659,27.2,46.7,1.29,4.8,Metamorphic,MT,500.6,263.4,NA,NA,NO_EVENT,NA,NA,NA,NA,NA,NA,NA,NA,NA,NA
NEG_0169,1:1,0,4,Ri-Bhoi Block,25.759530,91.682146,2346.5,1445.24,20.55,358.99,0.000049,-0.002896,5.3499,40.4795,10,Tree cover,0.711,28.8,40.5,1.28,4.4,Metamorphic,MT,79.7,3742.0,NA,NA,NO_EVENT,NA,NA,NA,NA,NA,NA,NA,NA,NA,NA
NEG_0170,1:1,0,1,Garo Hills Block,25.328577,90.073320,6021.6,58.96,24.20,123.75,0.003795,-0.000348,5.4343,47.0395,10,Tree cover,0.758,24.9,52.1,1.40,5.3,Mixed Sedimentary,SM,25.6,3079.1,NA,NA,NO_EVENT,NA,NA,NA,NA,NA,NA,NA,NA,NA,NA
NEG_0171,1:1,0,5,Jaintia Hills Block,25.418817,92.293748,562.6,1233.82,24.12,19.78,0.000594,-0.001914,5.1813,34.4223,10,Tree cover,0.702,33.3,43.8,1.37,4.9,Metamorphic,MT,187.4,1617.7,NA,NA,NO_EVENT,NA,NA,NA,NA,NA,NA,NA,NA,NA,NA
NEG_0172,1:1,0,1,Garo Hills Block,26.023170,90.353345,27263.0,103.34,28.61,57.25,0.001331,-0.000082,4.9101,37.0451,10,Tree cover,0.830,23.0,44.3,1.42,4.8,Mixed Sedimentary,SM,105.5,1947.5,NA,NA,NO_EVENT,NA,NA,NA,NA,NA,NA,NA,NA,NA,NA
NEG_0173,1:1,0,5,Jaintia Hills Block,25.635114,92.014059,3382.5,1589.52,24.93,225.34,-0.000027,-0.001946,4.6248,35.6946,10,Tree cover,0.656,27.3,43.9,1.29,4.6,Metamorphic,MT,127.6,3626.7,NA,NA,NO_EVENT,NA,NA,NA,NA,NA,NA,NA,NA,NA,NA
NEG_0174,1:1,0,4,Ri-Bhoi Block,25.896889,92.436182,26744.5,935.94,32.95,52.77,0.000327,0.002804,4.7550,19.1318,10,Tree cover,0.794,33.4,38.9,1.32,4.6,Metamorphic,MT,26.2,1505.3,NA,NA,NO_EVENT,NA,NA,NA,NA,NA,NA,NA,NA,NA,NA
NEG_0175,1:1,0,3,East Khasi Block,25.117010,91.885353,9499.7,1269.87,24.60,291.68,0.001549,0.001632,4.9693,18.4651,10,Tree cover,0.829,30.3,53.1,1.44,5.3,Siliciclastic Sedimentary,SS,40.9,170.9,NA,NA,NO_EVENT,NA,NA,NA,NA,NA,NA,NA,NA,NA,NA
NEG_0176,1:1,0,3,East Khasi Block,25.039571,91.684774,14368.0,1040.57,31.89,317.60,-0.001168,-0.001954,4.1277,35.6036,10,Tree cover,0.812,39.5,22.8,1.31,5.7,Volcanic Basic,VB,60.8,274.4,NA,NA,NO_EVENT,NA,NA,NA,NA,NA,NA,NA,NA,NA,NA
NEG_0177,1:1,0,1,Garo Hills Block,25.180001,90.494525,14233.3,110.11,21.50,24.78,0.004231,-0.000461,5.4621,21.5155,10,Tree cover,0.825,29.9,49.3,1.44,4.8,Mixed Sedimentary,SM,128.8,897.1,NA,NA,NO_EVENT,NA,NA,NA,NA,NA,NA,NA,NA,NA,NA
NEG_0178,1:1,0,4,Ri-Bhoi Block,26.084418,91.571145,8040.8,970.43,31.59,235.66,0.002862,-0.000553,4.4361,53.7561,10,Tree cover,0.824,34.2,44.7,1.38,5.0,Metamorphic,MT,94.2,364.3,NA,NA,NO_EVENT,NA,NA,NA,NA,NA,NA,NA,NA,NA,NA
NEG_0179,1:1,0,1,Garo Hills Block,25.104866,89.904963,34411.2,25.00,16.73,342.07,0.000592,0.002261,5.5515,18.9819,10,Tree cover,0.828,30.1,51.0,1.44,5.4,Mixed Sedimentary,SM,54.9,506.3,NA,NA,NO_EVENT,NA,NA,NA,NA,NA,NA,NA,NA,NA,NA
NEG_0180,1:1,0,5,Jaintia Hills Block,25.387778,92.065837,4913.4,1430.57,21.26,150.50,-0.000193,-0.002716,5.5222,38.2896,10,Tree cover,0.721,34.2,45.6,1.37,4.8,Metamorphic,MT,273.7,2537.1,NA,NA,NO_EVENT,NA,NA,NA,NA,NA,NA,NA,NA,NA,NA
NEG_0181,1:1,0,3,East Khasi Block,25.267510,91.891658,1668.4,1417.49,33.72,90.04,0.000796,-0.002070,4.6925,49.4125,10,Tree cover,0.793,27.3,53.1,1.42,5.1,Siliciclastic Sedimentary,SS,150.8,1001.7,NA,NA,NO_EVENT,NA,NA,NA,NA,NA,NA,NA,NA,NA,NA
NEG_0182,1:1,0,2,West Khasi Block,25.262632,91.522153,3125.4,1187.74,25.13,118.59,-0.000296,0.002468,5.3749,40.4051,10,Tree cover,0.795,27.4,44.8,1.42,5.0,Siliciclastic Sedimentary,SS,205.7,253.7,NA,NA,NO_EVENT,NA,NA,NA,NA,NA,NA,NA,NA,NA,NA
NEG_0183,1:1,0,3,East Khasi Block,25.495797,91.701674,1463.3,1644.90,24.85,333.61,0.001164,-0.002063,4.8241,19.6459,10,Tree cover,0.666,30.7,39.8,1.34,4.4,Metamorphic,MT,144.9,175.3,NA,NA,NO_EVENT,NA,NA,NA,NA,NA,NA,NA,NA,NA,NA
NEG_0184,1:1,0,2,West Khasi Block,25.223034,91.527083,5225.4,1132.28,26.55,121.57,0.001762,0.001693,5.1901,31.9264,10,Tree cover,0.813,28.8,44.7,1.43,5.0,Siliciclastic Sedimentary,SS,103.0,111.2,NA,NA,NO_EVENT,NA,NA,NA,NA,NA,NA,NA,NA,NA,NA
NEG_0185,1:1,0,2,West Khasi Block,25.152962,91.274100,6675.7,803.18,16.92,118.30,0.001192,-0.002285,5.7267,18.5267,10,Tree cover,0.829,30.2,53.1,1.44,4.8,Siliciclastic Sedimentary,SS,86.4,714.1,NA,NA,NO_EVENT,NA,NA,NA,NA,NA,NA,NA,NA,NA,NA
NEG_0186,1:1,0,4,Ri-Bhoi Block,25.954160,91.278245,15858.4,888.74,16.95,99.06,0.001984,0.000316,6.0183,19.6427,10,Tree cover,0.818,34.8,42.4,1.34,4.8,Metamorphic,MT,123.7,3469.9,NA,NA,NO_EVENT,NA,NA,NA,NA,NA,NA,NA,NA,NA,NA
NEG_0187,1:1,0,1,Garo Hills Block,25.548082,90.030393,5383.3,25.00,22.90,254.48,-0.000778,0.001692,4.8289,18.8918,10,Tree cover,0.652,24.3,53.0,1.33,5.4,Mixed Sedimentary,SM,42.7,856.8,NA,NA,NO_EVENT,NA,NA,NA,NA,NA,NA,NA,NA,NA,NA
NEG_0188,1:1,0,1,Garo Hills Block,25.921141,90.969089,12964.3,477.63,19.52,78.77,0.003637,0.000552,5.8382,18.0135,10,Tree cover,0.805,26.3,44.2,1.38,5.3,Mixed Sedimentary,SM,78.4,57.2,NA,NA,NO_EVENT,NA,NA,NA,NA,NA,NA,NA,NA,NA,NA
NEG_0189,1:1,0,1,Garo Hills Block,25.049152,89.885021,40181.1,25.00,27.28,321.65,0.002744,-0.001153,4.5208,30.5827,10,Tree cover,0.815,29.0,50.2,1.43,5.3,Mixed Sedimentary,SM,135.1,316.6,NA,NA,NO_EVENT,NA,NA,NA,NA,NA,NA,NA,NA,NA,NA
NEG_0190,1:1,0,3,East Khasi Block,25.446577,91.842752,1793.3,1696.41,32.94,0.39,-0.004533,-0.000010,4.3661,31.7538,10,Tree cover,0.687,32.4,38.4,1.36,4.3,Metamorphic,MT,120.3,676.5,NA,NA,NO_EVENT,NA,NA,NA,NA,NA,NA,NA,NA,NA,NA
NEG_0191,1:1,0,5,Jaintia Hills Block,25.550749,92.061293,2585.1,1668.17,16.02,220.98,0.001327,0.001479,5.3737,18.7773,10,Tree cover,0.652,28.9,45.5,1.32,4.8,Metamorphic,MT,71.0,2237.0,NA,NA,NO_EVENT,NA,NA,NA,NA,NA,NA,NA,NA,NA,NA
NEG_0192,1:1,0,1,Garo Hills Block,25.506059,89.831820,15123.5,118.80,27.15,330.47,-0.000414,0.001281,4.6049,18.7770,10,Tree cover,0.662,23.2,47.8,1.34,5.2,Mixed Sedimentary,SM,70.7,303.6,NA,NA,NO_EVENT,NA,NA,NA,NA,NA,NA,NA,NA,NA,NA
NEG_0193,1:1,0,4,Ri-Bhoi Block,25.990960,92.144209,8773.1,1158.49,24.97,127.72,-0.001745,-0.001882,5.3009,27.0697,60,Bare / sparse vegetation,0.188,35.2,46.9,1.36,5.1,Metamorphic,MT,11.7,2139.2,NA,NA,NO_EVENT,NA,NA,NA,NA,NA,NA,NA,NA,NA,NA
NEG_0194,1:1,0,4,Ri-Bhoi Block,26.018311,92.141919,9376.3,1121.17,29.00,137.87,0.000534,-0.002045,4.8955,35.9558,60,Bare / sparse vegetation,0.168,35.2,46.9,1.37,5.1,Metamorphic,MT,15.9,1571.2,NA,NA,NO_EVENT,NA,NA,NA,NA,NA,NA,NA,NA,NA,NA
NEG_0195,1:1,0,3,East Khasi Block,25.576059,91.626737,2725.9,1468.71,25.53,296.22,0.004491,0.000113,4.5731,22.7552,10,Tree cover,0.650,28.2,42.6,1.31,4.6,Metamorphic,MT,79.2,3868.4,NA,NA,NO_EVENT,NA,NA,NA,NA,NA,NA,NA,NA,NA,NA
NEG_0196,1:1,0,4,Ri-Bhoi Block,25.814868,91.656448,1252.1,1365.48,29.27,35.80,0.001810,-0.000623,4.8634,36.9926,60,Bare / sparse vegetation,0.393,30.6,41.5,1.29,4.7,Metamorphic,MT,6.6,1882.9,NA,NA,NO_EVENT,NA,NA,NA,NA,NA,NA,NA,NA,NA,NA
NEG_0197,1:1,0,3,East Khasi Block,25.563847,91.857788,1104.7,1765.66,22.84,289.81,0.004873,0.000039,4.8046,20.5071,10,Tree cover,0.787,21.9,61.0,1.30,4.6,Plutonic Acidic,PA,43.3,2010.1,NA,NA,NO_EVENT,NA,NA,NA,NA,NA,NA,NA,NA,NA,NA
NEG_0198,1:1,0,4,Ri-Bhoi Block,25.714085,91.584939,1906.2,1445.18,26.41,279.42,-0.003813,0.000652,4.7061,49.5717,10,Tree cover,0.686,27.7,44.2,1.28,4.7,Metamorphic,MT,38.1,5466.9,NA,NA,NO_EVENT,NA,NA,NA,NA,NA,NA,NA,NA,NA,NA
NEG_0199,1:1,0,2,West Khasi Block,25.241059,91.139788,3517.7,782.13,34.43,43.10,-0.001402,-0.002027,4.5990,41.9959,10,Tree cover,0.805,28.2,50.1,1.43,5.0,Siliciclastic Sedimentary,SS,385.1,298.2,NA,NA,NO_EVENT,NA,NA,NA,NA,NA,NA,NA,NA,NA,NA
NEG_0200,1:1,0,2,West Khasi Block,25.191048,91.008273,3235.2,500.64,22.55,44.63,0.003820,-0.000217,5.4162,23.4729,10,Tree cover,0.823,29.7,44.9,1.44,5.3,Siliciclastic Sedimentary,SS,90.7,251.0,NA,NA,NO_EVENT,NA,NA,NA,NA,NA,NA,NA,NA,NA,NA
NEG_0201,1:1,0,1,Garo Hills Block,25.192402,90.781309,15111.8,309.61,26.59,150.53,0.001320,-0.000229,5.0975,24.7332,10,Tree cover,0.822,29.6,49.1,1.44,5.3,Mixed Sedimentary,SM,148.6,282.0,NA,NA,NO_EVENT,NA,NA,NA,NA,NA,NA,NA,NA,NA,NA
NEG_0202,1:1,0,2,West Khasi Block,25.631721,91.150799,1206.1,794.62,31.83,313.17,0.000202,0.002683,4.0689,39.5680,60,Bare / sparse vegetation,0.245,27.3,38.4,1.29,4.5,Metamorphic,MT,11.8,4123.1,NA,NA,NO_EVENT,NA,NA,NA,NA,NA,NA,NA,NA,NA,NA
NEG_0203,1:1,0,4,Ri-Bhoi Block,25.919350,92.188126,6893.8,1178.53,28.14,99.94,0.001231,0.001935,5.1488,18.0032,10,Tree cover,0.804,34.1,46.7,1.33,5.1,Metamorphic,MT,66.7,284.2,NA,NA,NO_EVENT,NA,NA,NA,NA,NA,NA,NA,NA,NA,NA
NEG_0204,1:1,0,1,Garo Hills Block,25.352802,90.553294,14577.1,39.96,23.12,47.96,0.001091,-0.002025,5.4737,44.7576,10,Tree cover,0.743,24.1,51.7,1.39,4.9,Mixed Sedimentary,SM,36.9,6896.1,NA,NA,NO_EVENT,NA,NA,NA,NA,NA,NA,NA,NA,NA,NA
NEG_0205,1:1,0,1,Garo Hills Block,25.492466,89.993222,4365.8,25.00,26.18,286.90,0.001883,0.001186,4.7296,20.1359,10,Tree cover,0.667,22.9,53.1,1.35,5.4,Mixed Sedimentary,SM,148.6,100.6,NA,NA,NO_EVENT,NA,NA,NA,NA,NA,NA,NA,NA,NA,NA
NEG_0206,1:1,0,3,East Khasi Block,25.217640,91.653734,1130.6,1283.34,34.17,47.36,-0.001846,-0.001417,4.5666,34.1796,10,Tree cover,0.815,29.0,45.3,1.43,5.3,Siliciclastic Sedimentary,SS,70.7,1626.0,NA,NA,NO_EVENT,NA,NA,NA,NA,NA,NA,NA,NA,NA,NA
NEG_0207,1:1,0,1,Garo Hills Block,25.939338,90.961821,15008.9,487.60,16.70,82.61,0.004319,0.000342,6.0550,18.5709,10,Tree cover,0.812,25.6,44.1,1.39,5.4,Mixed Sedimentary,SM,97.1,527.4,NA,NA,NO_EVENT,NA,NA,NA,NA,NA,NA,NA,NA,NA,NA
NEG_0208,1:1,0,2,West Khasi Block,25.022036,91.593946,16593.3,1073.66,34.17,280.42,0.001701,0.001016,3.9086,42.5849,60,Bare / sparse vegetation,0.164,28.1,44.2,1.43,5.2,Siliciclastic Sedimentary,SS,4.8,349.0,NA,NA,NO_EVENT,NA,NA,NA,NA,NA,NA,NA,NA,NA,NA
NEG_0209,1:1,0,3,East Khasi Block,25.071674,91.786564,13168.5,1127.34,22.48,326.54,-0.001329,-0.000128,4.9722,23.9421,10,Tree cover,0.822,40.3,21.1,1.32,5.7,Volcanic Basic,VB,319.6,268.4,NA,NA,NO_EVENT,NA,NA,NA,NA,NA,NA,NA,NA,NA,NA
NEG_0210,1:1,0,5,Jaintia Hills Block,25.384152,92.479498,4900.1,1035.00,23.30,56.19,0.000010,0.000669,5.3708,40.8768,60,Bare / sparse vegetation,0.295,34.3,38.2,1.38,4.5,Metamorphic,MT,18.8,2194.4,NA,NA,NO_EVENT,NA,NA,NA,NA,NA,NA,NA,NA,NA,NA
NEG_0211,1:1,0,1,Garo Hills Block,25.103839,90.972003,11890.2,475.29,16.13,308.53,-0.003232,0.000476,5.5956,19.0165,10,Tree cover,0.828,30.1,44.2,1.44,5.3,Mixed Sedimentary,SM,14.7,321.6,NA,NA,NO_EVENT,NA,NA,NA,NA,NA,NA,NA,NA,NA,NA
NEG_0212,1:1,0,1,Garo Hills Block,25.988982,90.650958,30584.2,124.73,19.55,101.86,-0.001037,-0.002318,5.7398,24.7623,10,Tree cover,0.826,23.9,53.0,1.40,5.1,Mixed Sedimentary,SM,12.6,1249.3,NA,NA,NO_EVENT,NA,NA,NA,NA,NA,NA,NA,NA,NA,NA
NEG_0213,1:1,0,1,Garo Hills Block,25.948916,90.986064,14658.7,515.80,15.38,69.24,0.004951,-0.000007,6.1508,19.0964,10,Tree cover,0.816,25.2,44.4,1.39,5.3,Mixed Sedimentary,SM,96.5,1461.1,NA,NA,NO_EVENT,NA,NA,NA,NA,NA,NA,NA,NA,NA,NA
NEG_0214,1:1,0,2,West Khasi Block,25.467172,91.426536,5149.4,1237.92,30.75,191.40,0.000674,-0.001439,4.4595,25.4539,10,Tree cover,0.677,31.7,46.8,1.35,5.1,Metamorphic,MT,72.4,2019.9,NA,NA,NO_EVENT,NA,NA,NA,NA,NA,NA,NA,NA,NA,NA
NEG_0215,1:1,0,2,West Khasi Block,25.396243,91.555701,547.3,1412.96,24.28,113.95,-0.000359,-0.002779,5.2517,39.5056,10,Tree cover,0.716,34.0,45.2,1.37,4.7,Metamorphic,MT,52.1,28.3,NA,NA,NO_EVENT,NA,NA,NA,NA,NA,NA,NA,NA,NA,NA
NEG_0216,1:1,0,2,West Khasi Block,25.424306,91.414050,912.6,1137.53,31.92,167.35,-0.000662,0.001586,4.5360,38.0585,10,Tree cover,0.699,33.2,46.6,1.37,5.1,Metamorphic,MT,143.9,2119.9,NA,NA,NO_EVENT,NA,NA,NA,NA,NA,NA,NA,NA,NA,NA
NEG_0217,1:1,0,1,Garo Hills Block,25.067362,90.708303,17579.1,84.41,22.32,222.25,-0.004325,-0.000095,4.9711,24.6830,10,Tree cover,0.821,29.5,51.9,1.44,5.2,Mixed Sedimentary,SM,55.8,457.5,NA,NA,NO_EVENT,NA,NA,NA,NA,NA,NA,NA,NA,NA,NA
NEG_0218,1:1,0,1,Garo Hills Block,25.564841,90.718164,7391.6,228.90,14.50,231.34,-0.004722,-0.000157,5.4702,19.6723,40,Cropland,0.507,24.9,51.6,1.33,5.2,Mixed Sedimentary,SM,11.1,4415.4,NA,NA,NO_EVENT,NA,NA,NA,NA,NA,NA,NA,NA,NA,NA
NEG_0219,1:1,0,1,Garo Hills Block,25.021725,90.787170,26051.2,83.28,31.87,221.89,-0.000217,0.002780,4.0921,41.0233,10,Tree cover,0.804,28.1,48.8,1.43,5.3,Mixed Sedimentary,SM,72.3,527.7,NA,NA,NO_EVENT,NA,NA,NA,NA,NA,NA,NA,NA,NA,NA
NEG_0220,1:1,0,2,West Khasi Block,25.401064,91.453020,556.2,1163.35,23.90,154.96,0.001503,0.001871,5.2650,38.1771,10,Tree cover,0.713,25.4,51.9,1.32,4.8,Plutonic Acidic,PA,40.2,379.1,NA,NA,NO_EVENT,NA,NA,NA,NA,NA,NA,NA,NA,NA,NA
NEG_0221,1:1,0,2,West Khasi Block,25.028001,91.444456,15353.7,833.02,29.69,221.73,-0.001416,-0.002141,4.2783,37.6819,10,Tree cover,0.807,28.3,47.5,1.43,4.9,Siliciclastic Sedimentary,SS,25.7,57.4,NA,NA,NO_EVENT,NA,NA,NA,NA,NA,NA,NA,NA,NA,NA
NEG_0222,1:1,0,2,West Khasi Block,25.035492,91.074262,17601.5,448.07,34.45,318.97,0.002276,0.001629,3.9135,38.3640,10,Tree cover,0.810,28.6,47.2,1.43,5.2,Siliciclastic Sedimentary,SS,25.2,644.5,NA,NA,NO_EVENT,NA,NA,NA,NA,NA,NA,NA,NA,NA,NA
NEG_0223,1:1,0,2,West Khasi Block,25.049304,91.054046,15799.5,455.17,31.39,319.49,0.001149,0.001425,4.1925,32.4339,10,Tree cover,0.815,29.0,46.4,1.43,5.2,Siliciclastic Sedimentary,SS,123.9,127.9,NA,NA,NO_EVENT,NA,NA,NA,NA,NA,NA,NA,NA,NA,NA
NEG_0224,1:1,0,1,Garo Hills Block,25.573110,90.241479,5713.7,45.76,18.57,233.21,-0.004655,-0.000015,5.1333,21.0867,10,Tree cover,0.650,25.2,45.4,1.33,5.0,Mixed Sedimentary,SM,31.5,434.2,NA,NA,NO_EVENT,NA,NA,NA,NA,NA,NA,NA,NA,NA,NA
NEG_0225,1:1,0,3,East Khasi Block,25.284136,91.902924,2603.7,1467.01,30.83,96.47,0.001443,-0.002104,4.9330,50.4137,10,Tree cover,0.784,26.6,53.1,1.42,5.0,Siliciclastic Sedimentary,SS,27.1,1603.5,NA,NA,NO_EVENT,NA,NA,NA,NA,NA,NA,NA,NA,NA,NA
NEG_0226,1:1,0,1,Garo Hills Block,25.675910,90.730555,8328.1,202.95,25.41,222.64,0.004239,-0.000054,4.6663,44.5654,10,Tree cover,0.669,29.0,51.2,1.32,5.2,Mixed Sedimentary,SM,44.3,4563.6,NA,NA,NO_EVENT,NA,NA,NA,NA,NA,NA,NA,NA,NA,NA
NEG_0227,1:1,0,1,Garo Hills Block,25.893173,90.335485,15523.0,25.00,33.78,81.41,-0.000734,-0.001202,4.6852,19.5957,10,Tree cover,0.792,27.4,44.1,1.37,4.9,Mixed Sedimentary,SM,46.3,4079.6,NA,NA,NO_EVENT,NA,NA,NA,NA,NA,NA,NA,NA,NA,NA
NEG_0228,1:1,0,2,West Khasi Block,25.241719,91.257060,4651.9,807.74,26.51,86.00,0.001637,0.001616,5.2338,36.6417,10,Tree cover,0.805,28.2,53.1,1.43,4.8,Siliciclastic Sedimentary,SS,43.9,1257.4,NA,NA,NO_EVENT,NA,NA,NA,NA,NA,NA,NA,NA,NA,NA
NEG_0229,1:1,0,1,Garo Hills Block,25.172363,90.759004,13413.7,241.74,20.46,157.81,0.003073,-0.001115,5.5176,20.3853,10,Tree cover,0.827,30.0,50.1,1.44,5.3,Mixed Sedimentary,SM,102.4,1362.6,NA,NA,NO_EVENT,NA,NA,NA,NA,NA,NA,NA,NA,NA,NA
NEG_0230,1:1,0,3,East Khasi Block,25.444324,91.993679,4067.7,1630.72,27.13,178.27,0.004894,-0.000038,4.8399,29.8901,10,Tree cover,0.688,32.5,43.1,1.36,4.6,Metamorphic,MT,301.4,1154.7,NA,NA,NO_EVENT,NA,NA,NA,NA,NA,NA,NA,NA,NA,NA
NEG_0231,1:1,0,4,Ri-Bhoi Block,25.681822,91.909161,803.2,1740.78,33.89,256.20,-0.001555,0.001125,4.0040,54.6501,10,Tree cover,0.746,27.3,39.9,1.28,4.4,Metamorphic,MT,101.3,1807.8,NA,NA,NO_EVENT,NA,NA,NA,NA,NA,NA,NA,NA,NA,NA
NEG_0232,1:1,0,1,Garo Hills Block,25.906882,89.851016,38465.7,63.97,28.36,44.82,-0.002413,0.000096,5.1287,18.2753,10,Tree cover,0.798,26.8,48.7,1.38,5.3,Mixed Sedimentary,SM,138.7,1143.6,NA,NA,NO_EVENT,NA,NA,NA,NA,NA,NA,NA,NA,NA,NA
NEG_0233,1:1,0,2,West Khasi Block,25.401806,91.311781,5874.5,1065.56,27.40,136.94,-0.000889,-0.002466,4.9823,40.9533,10,Tree cover,0.712,33.8,43.7,1.37,4.9,Metamorphic,MT,108.8,1996.9,NA,NA,NO_EVENT,NA,NA,NA,NA,NA,NA,NA,NA,NA,NA
NEG_0234,1:1,0,2,West Khasi Block,25.131813,91.454275,4754.0,1013.31,16.60,180.56,-0.000087,0.001983,5.6683,18.0011,10,Tree cover,0.830,30.3,47.1,1.44,4.9,Siliciclastic Sedimentary,SS,158.1,201.1,NA,NA,NO_EVENT,NA,NA,NA,NA,NA,NA,NA,NA,NA,NA
NEG_0235,1:1,0,3,East Khasi Block,25.169126,91.766633,2189.5,1338.92,17.28,20.56,0.002740,-0.001326,5.7599,19.7078,10,Tree cover,0.827,30.0,50.0,1.44,5.4,Siliciclastic Sedimentary,SS,75.0,1315.0,NA,NA,NO_EVENT,NA,NA,NA,NA,NA,NA,NA,NA,NA,NA
NEG_0236,1:1,0,1,Garo Hills Block,25.436388,89.872591,14968.6,29.11,29.52,6.15,-0.004049,0.000425,4.6804,33.1359,10,Tree cover,0.693,22.5,49.6,1.37,5.3,Mixed Sedimentary,SM,79.2,2382.3,NA,NA,NO_EVENT,NA,NA,NA,NA,NA,NA,NA,NA,NA,NA
NEG_0237,1:1,0,3,East Khasi Block,25.276521,91.900771,2650.7,1444.06,32.21,95.29,0.001154,-0.002292,4.8197,50.2092,10,Tree cover,0.788,26.9,53.1,1.42,5.0,Siliciclastic Sedimentary,SS,66.8,1703.6,NA,NA,NO_EVENT,NA,NA,NA,NA,NA,NA,NA,NA,NA,NA
NEG_0238,1:1,0,4,Ri-Bhoi Block,26.086946,92.287755,5507.7,907.46,25.65,350.91,-0.001442,-0.000827,4.9012,47.3096,10,Tree cover,0.823,34.2,44.1,1.38,4.9,Metamorphic,MT,66.7,405.3,NA,NA,NO_EVENT,NA,NA,NA,NA,NA,NA,NA,NA,NA,NA
NEG_0239,1:1,0,1,Garo Hills Block,25.579367,90.014055,2418.1,25.00,23.32,265.63,-0.002782,-0.000419,4.7465,22.8930,60,Bare / sparse vegetation,0.184,25.4,53.1,1.33,5.4,Mixed Sedimentary,SM,9.6,120.5,NA,NA,NO_EVENT,NA,NA,NA,NA,NA,NA,NA,NA,NA,NA
NEG_0240,1:1,0,1,Garo Hills Block,25.185441,90.039499,19196.4,25.00,29.52,122.69,-0.000176,-0.000751,4.8396,23.9321,10,Tree cover,0.824,29.8,52.9,1.44,5.4,Mixed Sedimentary,SM,113.4,2033.6,NA,NA,NO_EVENT,NA,NA,NA,NA,NA,NA,NA,NA,NA,NA
NEG_0241,1:1,0,5,Jaintia Hills Block,25.362921,92.019240,1486.1,1453.22,15.14,142.12,-0.001692,-0.001921,6.0866,34.8695,10,Tree cover,0.736,34.7,44.1,1.38,4.7,Metamorphic,MT,81.8,1669.6,NA,NA,NO_EVENT,NA,NA,NA,NA,NA,NA,NA,NA,NA,NA
NEG_0242,1:1,0,1,Garo Hills Block,25.339059,90.207763,9430.5,25.00,14.48,135.75,-0.004024,0.000585,6.1941,35.2657,40,Cropland,0.658,24.6,46.7,1.40,5.1,Mixed Sedimentary,SM,304.9,5065.9,NA,NA,NO_EVENT,NA,NA,NA,NA,NA,NA,NA,NA,NA,NA
NEG_0243,1:1,0,5,Jaintia Hills Block,25.374919,92.438671,745.0,1025.82,25.90,42.25,-0.000362,0.002769,5.1917,45.0862,10,Tree cover,0.729,34.5,38.8,1.38,4.5,Metamorphic,MT,64.6,1158.4,NA,NA,NO_EVENT,NA,NA,NA,NA,NA,NA,NA,NA,NA,NA
NEG_0244,1:1,0,4,Ri-Bhoi Block,25.798724,91.898179,2425.0,1443.22,27.38,100.16,0.002351,-0.001436,4.9567,39.9043,10,Tree cover,0.735,30.1,39.6,1.29,4.4,Metamorphic,MT,39.6,7843.1,NA,NA,NO_EVENT,NA,NA,NA,NA,NA,NA,NA,NA,NA,NA
NEG_0245,1:1,0,5,Jaintia Hills Block,25.069201,92.293473,4570.5,947.37,22.10,322.34,-0.000811,0.000052,4.9946,24.2822,60,Bare / sparse vegetation,0.197,29.5,45.7,1.44,4.8,Siliciclastic Sedimentary,SS,15.1,310.5,NA,NA,NO_EVENT,NA,NA,NA,NA,NA,NA,NA,NA,NA,NA
NEG_0246,1:1,0,1,Garo Hills Block,25.654270,90.810089,2086.4,277.87,34.39,221.69,-0.000992,-0.002404,3.8983,48.3535,10,Tree cover,0.661,28.3,47.8,1.32,5.4,Mixed Sedimentary,SM,131.5,2291.4,NA,NA,NO_EVENT,NA,NA,NA,NA,NA,NA,NA,NA,NA,NA
NEG_0247,1:1,0,1,Garo Hills Block,25.080965,89.878219,38009.1,25.00,23.07,332.71,0.003627,0.000538,4.9564,22.4843,10,Tree cover,0.824,29.8,49.9,1.44,5.3,Mixed Sedimentary,SM,56.9,69.4,NA,NA,NO_EVENT,NA,NA,NA,NA,NA,NA,NA,NA,NA,NA
NEG_0248,1:1,0,2,West Khasi Block,25.148237,91.583029,3632.4,1124.79,21.81,70.06,-0.001509,-0.001671,5.3169,18.4002,10,Tree cover,0.829,30.3,44.1,1.44,5.2,Siliciclastic Sedimentary,SS,179.3,196.2,NA,NA,NO_EVENT,NA,NA,NA,NA,NA,NA,NA,NA,NA,NA
NEG_0249,1:1,0,5,Jaintia Hills Block,25.570548,92.078245,2011.3,1614.71,18.79,224.64,0.003365,0.000112,5.1189,20.8110,10,Tree cover,0.650,28.3,45.9,1.31,4.8,Metamorphic,MT,59.6,1833.0,NA,NA,NO_EVENT,NA,NA,NA,NA,NA,NA,NA,NA,NA,NA
NEG_0250,1:1,0,4,Ri-Bhoi Block,25.763889,91.731034,6509.1,1489.88,15.24,1.62,-0.000352,-0.000259,5.7921,34.2909,10,Tree cover,0.714,28.9,39.0,1.28,4.3,Metamorphic,MT,176.6,3604.5,NA,NA,NO_EVENT,NA,NA,NA,NA,NA,NA,NA,NA,NA,NA
NEG_0251,1:1,0,1,Garo Hills Block,25.675453,90.194400,1568.0,25.00,25.07,218.39,0.002923,0.001164,4.6923,44.1359,60,Bare / sparse vegetation,0.307,29.0,47.2,1.32,5.1,Mixed Sedimentary,SM,17.0,2398.4,NA,NA,NO_EVENT,NA,NA,NA,NA,NA,NA,NA,NA,NA,NA
NEG_0252,1:1,0,1,Garo Hills Block,25.137828,90.638611,8047.1,36.39,20.19,125.76,-0.000406,0.002288,5.4051,18.0401,10,Tree cover,0.830,30.3,53.1,1.44,5.1,Mixed Sedimentary,SM,216.1,978.3,NA,NA,NO_EVENT,NA,NA,NA,NA,NA,NA,NA,NA,NA,NA
NEG_0253,1:1,0,5,Jaintia Hills Block,25.443956,92.688456,10909.8,703.60,35.79,178.30,0.001411,0.000212,4.1486,33.8073,10,Tree cover,0.846,32.5,43.0,1.36,4.8,Metamorphic,MT,116.5,3611.9,NA,NA,NO_EVENT,NA,NA,NA,NA,NA,NA,NA,NA,NA,NA
NEG_0254,1:1,0,2,West Khasi Block,25.584376,91.475149,2371.3,1296.02,17.46,228.97,-0.004688,0.000174,5.2109,22.3225,10,Tree cover,0.650,28.0,46.8,1.31,5.1,Metamorphic,MT,119.1,4465.6,NA,NA,NO_EVENT,NA,NA,NA,NA,NA,NA,NA,NA,NA,NA
NEG_0255,1:1,0,1,Garo Hills Block,25.494923,90.079409,10718.1,36.99,30.19,214.78,-0.001555,0.001430,4.4000,20.1167,10,Tree cover,0.666,22.9,52.0,1.35,5.3,Mixed Sedimentary,SM,185.3,219.9,NA,NA,NO_EVENT,NA,NA,NA,NA,NA,NA,NA,NA,NA,NA
NEG_0256,1:1,0,2,West Khasi Block,25.128633,91.218252,8172.9,756.02,14.55,354.61,-0.000483,0.000995,5.8196,18.0188,10,Tree cover,0.830,30.3,52.7,1.44,4.9,Siliciclastic Sedimentary,SS,70.9,1067.0,NA,NA,NO_EVENT,NA,NA,NA,NA,NA,NA,NA,NA,NA,NA
NEG_0257,1:1,0,4,Ri-Bhoi Block,25.695885,92.352001,13761.5,1078.29,27.52,328.61,-0.004810,-0.000047,4.5558,49.6258,10,Tree cover,0.677,27.5,41.6,1.28,4.7,Metamorphic,MT,257.7,3744.2,NA,NA,NO_EVENT,NA,NA,NA,NA,NA,NA,NA,NA,NA,NA
NEG_0258,1:1,0,1,Garo Hills Block,25.990181,89.800929,48977.5,25.00,25.00,40.37,-0.000917,0.002390,5.3006,26.9092,60,Bare / sparse vegetation,0.189,23.8,46.5,1.41,5.2,Mixed Sedimentary,SM,6.2,261.4,NA,NA,NO_EVENT,NA,NA,NA,NA,NA,NA,NA,NA,NA,NA
NEG_0259,1:1,0,2,West Khasi Block,25.408659,91.343052,4000.5,1071.20,31.60,152.47,-0.002697,-0.000867,4.6213,42.5214,10,Tree cover,0.708,33.6,44.8,1.37,5.0,Metamorphic,MT,57.7,4693.1,NA,NA,NO_EVENT,NA,NA,NA,NA,NA,NA,NA,NA,NA,NA
NEG_0260,1:1,0,5,Jaintia Hills Block,25.428873,92.067028,3752.9,1510.06,27.74,169.66,-0.001994,-0.001171,4.8525,34.2159,10,Tree cover,0.697,33.0,45.6,1.36,4.8,Metamorphic,MT,124.2,2311.9,NA,NA,NO_EVENT,NA,NA,NA,NA,NA,NA,NA,NA,NA,NA
NEG_0261,1:1,0,3,East Khasi Block,25.159484,91.617705,2526.1,1161.39,25.62,33.99,-0.003024,0.000517,5.0561,19.3859,60,Bare / sparse vegetation,0.318,30.2,44.5,1.44,5.2,Siliciclastic Sedimentary,SS,16.2,258.5,NA,NA,NO_EVENT,NA,NA,NA,NA,NA,NA,NA,NA,NA,NA
NEG_0262,1:1,0,2,West Khasi Block,25.531737,91.268004,650.9,908.87,16.35,266.39,-0.001617,0.002009,5.3919,18.0497,10,Tree cover,0.655,29.5,42.0,1.33,4.8,Metamorphic,MT,93.9,892.8,NA,NA,NO_EVENT,NA,NA,NA,NA,NA,NA,NA,NA,NA,NA
NEG_0263,1:1,0,4,Ri-Bhoi Block,26.022616,92.642708,22296.0,536.68,28.36,151.94,0.000956,-0.001900,4.9320,36.7288,10,Tree cover,0.830,35.2,41.2,1.37,4.7,Metamorphic,MT,231.5,602.0,NA,NA,NO_EVENT,NA,NA,NA,NA,NA,NA,NA,NA,NA,NA
NEG_0264,1:1,0,1,Garo Hills Block,25.926430,90.893547,18107.0,378.05,25.43,117.89,-0.002377,0.001350,5.3642,18.1340,10,Tree cover,0.807,26.1,44.8,1.38,5.4,Mixed Sedimentary,SM,71.5,7359.0,NA,NA,NO_EVENT,NA,NA,NA,NA,NA,NA,NA,NA,NA,NA
NEG_0265,1:1,0,1,Garo Hills Block,25.325805,90.115407,8299.4,25.00,20.78,133.42,0.004643,0.000121,5.7120,42.9188,10,Tree cover,0.760,25.0,50.7,1.40,5.3,Mixed Sedimentary,SM,117.4,1973.8,NA,NA,NO_EVENT,NA,NA,NA,NA,NA,NA,NA,NA,NA,NA
NEG_0266,1:1,0,2,West Khasi Block,25.489760,91.559371,4025.7,1333.15,26.09,246.63,-0.000785,0.002488,4.7466,20.4824,10,Tree cover,0.668,30.9,45.1,1.34,5.0,Metamorphic,MT,30.3,1915.5,NA,NA,NO_EVENT,NA,NA,NA,NA,NA,NA,NA,NA,NA,NA
NEG_0267,1:1,0,1,Garo Hills Block,25.937828,90.196555,29438.8,25.00,16.72,133.99,0.003503,0.000591,6.0547,18.4937,10,Tree cover,0.812,25.6,47.1,1.39,5.1,Mixed Sedimentary,SM,42.2,2262.0,NA,NA,NO_EVENT,NA,NA,NA,NA,NA,NA,NA,NA,NA,NA
NEG_0268,1:1,0,3,East Khasi Block,25.243941,91.692949,913.2,1393.33,31.16,44.42,0.000897,-0.002418,4.8658,40.5642,10,Tree cover,0.804,28.1,46.8,1.43,5.3,Siliciclastic Sedimentary,SS,60.1,862.6,NA,NA,NO_EVENT,NA,NA,NA,NA,NA,NA,NA,NA,NA,NA
NEG_0269,1:1,0,2,West Khasi Block,25.197909,91.247183,1368.2,758.39,22.40,75.21,0.004629,0.000065,5.4506,24.6676,10,Tree cover,0.821,29.5,53.0,1.44,4.8,Siliciclastic Sedimentary,SS,168.5,918.8,NA,NA,NO_EVENT,NA,NA,NA,NA,NA,NA,NA,NA,NA,NA
NEG_0270,1:1,0,2,West Khasi Block,25.021156,91.306889,20439.7,801.38,31.39,244.81,0.000518,0.002686,4.1295,40.8441,10,Tree cover,0.804,28.1,52.7,1.43,4.8,Siliciclastic Sedimentary,SS,60.1,654.2,NA,NA,NO_EVENT,NA,NA,NA,NA,NA,NA,NA,NA,NA,NA
NEG_0271,1:1,0,1,Garo Hills Block,25.381603,89.999488,6114.3,126.20,23.44,83.30,-0.000253,-0.001708,5.3678,41.4492,10,Tree cover,0.725,23.3,53.1,1.38,5.4,Mixed Sedimentary,SM,71.9,3564.2,NA,NA,NO_EVENT,NA,NA,NA,NA,NA,NA,NA,NA,NA,NA
NEG_0272,1:1,0,1,Garo Hills Block,25.908892,90.786481,21612.5,254.26,27.54,135.08,0.000364,-0.002526,5.1951,18.1805,10,Tree cover,0.799,26.8,48.8,1.38,5.3,Mixed Sedimentary,SM,157.2,623.8,NA,NA,NO_EVENT,NA,NA,NA,NA,NA,NA,NA,NA,NA,NA
NEG_0273,1:1,0,1,Garo Hills Block,25.801733,90.561673,12294.6,38.51,27.32,30.60,0.002129,0.001366,4.9726,39.1061,10,Tree cover,0.737,30.0,51.9,1.34,4.9,Mixed Sedimentary,SM,140.5,340.6,NA,NA,NO_EVENT,NA,NA,NA,NA,NA,NA,NA,NA,NA,NA
NEG_0274,1:1,0,4,Ri-Bhoi Block,25.779896,91.961194,6261.0,1503.11,19.43,163.72,-0.001852,-0.001545,5.5205,36.6304,10,Tree cover,0.724,29.4,41.8,1.29,4.5,Metamorphic,MT,272.3,5803.5,NA,NA,NO_EVENT,NA,NA,NA,NA,NA,NA,NA,NA,NA,NA
NEG_0275,1:1,0,2,West Khasi Block,25.047141,91.060022,16100.5,452.59,32.27,319.85,0.001705,0.001479,4.1163,33.4927,10,Tree cover,0.814,29.0,46.6,1.43,5.2,Siliciclastic Sedimentary,SS,86.7,287.2,NA,NA,NO_EVENT,NA,NA,NA,NA,NA,NA,NA,NA,NA,NA
NEG_0276,1:1,0,2,West Khasi Block,25.347006,91.457366,3196.4,1136.49,16.35,137.95,-0.003194,0.001084,6.0284,37.2197,10,Tree cover,0.746,25.9,51.9,1.32,4.7,Plutonic Acidic,PA,24.0,3025.9,NA,NA,NO_EVENT,NA,NA,NA,NA,NA,NA,NA,NA,NA,NA
NEG_0277,1:1,0,3,East Khasi Block,25.281815,91.875349,808.1,1461.64,31.05,80.79,0.002566,-0.000926,4.9147,50.1796,10,Tree cover,0.785,26.7,53.0,1.42,5.1,Siliciclastic Sedimentary,SS,70.0,889.2,NA,NA,NO_EVENT,NA,NA,NA,NA,NA,NA,NA,NA,NA,NA
NEG_0278,1:1,0,4,Ri-Bhoi Block,25.979078,91.327997,21001.2,892.94,22.07,126.33,-0.002737,0.001358,5.5624,23.8111,10,Tree cover,0.824,35.1,44.3,1.35,4.9,Metamorphic,MT,85.8,133.5,NA,NA,NO_EVENT,NA,NA,NA,NA,NA,NA,NA,NA,NA,NA
NEG_0279,1:1,0,1,Garo Hills Block,25.046054,90.780546,23516.9,75.10,30.34,217.50,-0.001171,0.001616,4.2679,32.8770,10,Tree cover,0.814,28.9,49.1,1.43,5.3,Mixed Sedimentary,SM,20.5,484.6,NA,NA,NO_EVENT,NA,NA,NA,NA,NA,NA,NA,NA,NA,NA
NEG_0280,1:1,0,5,Jaintia Hills Block,25.113733,92.187133,3831.1,1132.43,23.40,225.60,-0.000720,0.002532,5.0524,18.6443,10,Tree cover,0.829,37.7,27.5,1.32,5.5,Carbonate Sedimentary,SC,60.0,481.0,NA,NA,NO_EVENT,NA,NA,NA,NA,NA,NA,NA,NA,NA,NA
NEG_0281,1:1,0,3,East Khasi Block,25.301669,91.702108,2435.2,1406.43,22.09,46.33,-0.003043,-0.001021,5.6300,43.2526,10,Tree cover,0.774,25.9,47.2,1.41,5.1,Siliciclastic Sedimentary,SS,75.7,348.7,NA,NA,NO_EVENT,NA,NA,NA,NA,NA,NA,NA,NA,NA,NA
NEG_0282,1:1,0,5,Jaintia Hills Block,25.304607,92.801322,10674.7,534.83,17.49,108.01,-0.000151,0.001211,5.9964,38.1930,10,Tree cover,0.772,25.8,44.3,1.41,5.3,Siliciclastic Sedimentary,SS,18.7,1631.8,NA,NA,NO_EVENT,NA,NA,NA,NA,NA,NA,NA,NA,NA,NA
NEG_0283,1:1,0,3,East Khasi Block,25.566198,91.607639,1875.9,1420.05,23.87,287.75,0.004935,0.000014,4.7186,20.9390,60,Bare / sparse vegetation,0.174,28.4,43.4,1.31,4.6,Metamorphic,MT,11.3,2619.2,NA,NA,NO_EVENT,NA,NA,NA,NA,NA,NA,NA,NA,NA,NA
NEG_0284,1:1,0,1,Garo Hills Block,25.049943,89.881273,40443.2,25.00,27.59,322.22,0.003080,-0.001023,4.4982,30.5223,10,Tree cover,0.815,29.0,50.0,1.43,5.3,Mixed Sedimentary,SM,78.3,604.4,NA,NA,NO_EVENT,NA,NA,NA,NA,NA,NA,NA,NA,NA,NA
NEG_0285,1:1,0,5,Jaintia Hills Block,25.164823,92.402583,1426.9,976.75,26.34,18.88,-0.001960,0.001748,5.0189,20.0367,10,Tree cover,0.828,39.8,31.7,1.33,5.6,Carbonate Sedimentary,SC,163.2,786.5,NA,NA,NO_EVENT,NA,NA,NA,NA,NA,NA,NA,NA,NA,NA
NEG_0286,1:1,0,5,Jaintia Hills Block,25.108515,92.356500,623.4,901.31,21.32,346.48,0.002811,-0.000388,5.1984,18.9490,10,Tree cover,0.829,37.5,32.0,1.31,5.5,Carbonate Sedimentary,SC,238.8,365.1,NA,NA,NO_EVENT,NA,NA,NA,NA,NA,NA,NA,NA,NA,NA
NEG_0287,1:1,0,1,Garo Hills Block,26.081740,90.523704,33401.1,51.73,31.67,355.84,-0.002034,-0.000444,4.4403,53.4546,10,Tree cover,0.824,22.5,50.6,1.43,4.9,Mixed Sedimentary,SM,68.1,7339.2,NA,NA,NO_EVENT,NA,NA,NA,NA,NA,NA,NA,NA,NA,NA
NEG_0288,1:1,0,2,West Khasi Block,25.053119,91.425616,13511.8,822.85,30.31,215.59,-0.000600,-0.001212,4.2893,30.8665,10,Tree cover,0.816,29.1,48.4,1.43,4.9,Siliciclastic Sedimentary,SS,63.7,922.8,NA,NA,NO_EVENT,NA,NA,NA,NA,NA,NA,NA,NA,NA,NA
NEG_0289,1:1,0,1,Garo Hills Block,25.108966,90.206580,16112.3,25.00,15.86,194.52,-0.002459,0.001189,5.6370,18.6802,10,Tree cover,0.829,30.2,46.7,1.44,5.1,Mixed Sedimentary,SM,159.1,1077.0,NA,NA,NO_EVENT,NA,NA,NA,NA,NA,NA,NA,NA,NA,NA
NEG_0290,1:1,0,3,East Khasi Block,25.167530,91.612548,1754.8,1155.03,26.56,44.74,-0.003804,0.000179,5.0116,20.4056,60,Bare / sparse vegetation,0.329,30.1,44.4,1.44,5.2,Siliciclastic Sedimentary,SS,6.6,314.0,NA,NA,NO_EVENT,NA,NA,NA,NA,NA,NA,NA,NA,NA,NA
NEG_0291,1:1,0,2,West Khasi Block,25.123196,91.274193,9519.8,828.27,16.10,221.15,-0.000579,-0.002541,5.6739,18.1124,10,Tree cover,0.830,30.3,53.1,1.44,4.8,Siliciclastic Sedimentary,SS,281.3,51.7,NA,NA,NO_EVENT,NA,NA,NA,NA,NA,NA,NA,NA,NA,NA
NEG_0292,1:1,0,1,Garo Hills Block,25.727735,90.692487,13125.8,190.39,17.38,211.01,0.002248,-0.001603,5.4788,38.8089,10,Tree cover,0.693,30.1,52.4,1.33,5.2,Mixed Sedimentary,SM,37.8,2377.6,NA,NA,NO_EVENT,NA,NA,NA,NA,NA,NA,NA,NA,NA,NA
NEG_0293,1:1,0,2,West Khasi Block,25.142359,91.309892,9998.0,859.12,20.13,167.94,-0.000442,-0.002706,5.4280,18.1427,10,Tree cover,0.830,30.3,52.6,1.44,4.8,Siliciclastic Sedimentary,SS,79.2,1881.0,NA,NA,NO_EVENT,NA,NA,NA,NA,NA,NA,NA,NA,NA,NA
NEG_0294,1:1,0,3,East Khasi Block,25.216540,91.930671,3520.7,1317.81,32.81,117.14,0.000825,-0.001474,4.6725,33.1976,10,Tree cover,0.815,29.0,52.8,1.43,5.2,Siliciclastic Sedimentary,SS,70.2,4.8,NA,NA,NO_EVENT,NA,NA,NA,NA,NA,NA,NA,NA,NA,NA
NEG_0295,1:1,0,2,West Khasi Block,25.273160,91.345484,641.0,1009.31,32.16,126.61,0.001722,0.000829,4.8217,49.3677,60,Bare / sparse vegetation,0.399,27.0,51.7,1.42,4.8,Siliciclastic Sedimentary,SS,16.2,1219.9,NA,NA,NO_EVENT,NA,NA,NA,NA,NA,NA,NA,NA,NA,NA
NEG_0296,1:1,0,2,West Khasi Block,25.357441,91.461680,2398.9,1149.08,16.48,139.58,-0.002653,0.001208,5.9936,36.7760,10,Tree cover,0.740,25.8,51.8,1.32,4.7,Plutonic Acidic,PA,64.6,1871.6,NA,NA,NO_EVENT,NA,NA,NA,NA,NA,NA,NA,NA,NA,NA
NEG_0297,1:1,0,1,Garo Hills Block,25.072347,90.886833,20303.0,332.52,29.05,224.23,0.003479,0.000131,4.4488,25.5238,10,Tree cover,0.822,29.6,44.9,1.44,5.4,Mixed Sedimentary,SM,98.4,40.5,NA,NA,NO_EVENT,NA,NA,NA,NA,NA,NA,NA,NA,NA,NA
NEG_0298,1:1,0,4,Ri-Bhoi Block,25.673744,91.185038,683.1,862.27,28.62,312.61,0.001595,0.001587,4.4039,47.5150,60,Bare / sparse vegetation,0.305,27.2,39.2,1.28,4.6,Metamorphic,MT,3.0,3685.5,NA,NA,NO_EVENT,NA,NA,NA,NA,NA,NA,NA,NA,NA,NA
NEG_0299,1:1,0,1,Garo Hills Block,25.717682,90.400954,7789.1,42.89,21.67,329.67,-0.001524,-0.001316,5.0983,43.9759,10,Tree cover,0.688,29.9,45.5,1.32,4.8,Mixed Sedimentary,SM,173.0,6786.1,NA,NA,NO_EVENT,NA,NA,NA,NA,NA,NA,NA,NA,NA,NA
NEG_0300,1:1,0,5,Jaintia Hills Block,25.442167,92.728948,14022.0,647.85,32.53,176.88,0.004783,0.000095,4.4165,32.9085,10,Tree cover,0.690,32.6,44.5,1.36,4.9,Metamorphic,MT,73.8,5020.9,NA,NA,NO_EVENT,NA,NA,NA,NA,NA,NA,NA,NA,NA,NA
NEG_0301,1:1,0,4,Ri-Bhoi Block,25.919121,92.835038,9791.8,418.22,20.85,89.44,-0.002622,-0.001427,5.7320,18.0015,10,Tree cover,0.804,34.1,46.9,1.33,5.1,Metamorphic,MT,36.3,269.7,NA,NA,NO_EVENT,NA,NA,NA,NA,NA,NA,NA,NA,NA,NA
NEG_0302,1:1,0,1,Garo Hills Block,25.321692,90.053201,6680.1,75.18,25.05,115.31,0.001849,-0.000032,5.3759,47.9548,10,Tree cover,0.762,25.2,52.6,1.41,5.4,Mixed Sedimentary,SM,133.8,1267.5,NA,NA,NO_EVENT,NA,NA,NA,NA,NA,NA,NA,NA,NA,NA
NEG_0303,1:1,0,4,Ri-Bhoi Block,25.947708,92.292186,13565.6,1040.66,15.44,51.51,0.000969,-0.000136,6.1474,19.0175,10,Tree cover,0.815,34.7,43.9,1.34,4.9,Metamorphic,MT,71.7,6939.6,NA,NA,NO_EVENT,NA,NA,NA,NA,NA,NA,NA,NA,NA,NA
NEG_0304,1:1,0,2,West Khasi Block,25.226400,91.374061,651.2,1057.98,35.62,138.00,-0.003285,-0.000840,4.4726,37.8292,10,Tree cover,0.851,28.7,50.6,1.43,4.8,Siliciclastic Sedimentary,SS,144.9,1355.4,NA,NA,NO_EVENT,NA,NA,NA,NA,NA,NA,NA,NA,NA,NA
NEG_0305,1:1,0,3,East Khasi Block,25.591619,91.751572,1597.4,1680.60,17.94,314.80,-0.004045,-0.000569,5.1679,23.4910,10,Tree cover,0.650,27.9,38.6,1.30,4.3,Metamorphic,MT,100.1,1056.1,NA,NA,NO_EVENT,NA,NA,NA,NA,NA,NA,NA,NA,NA,NA
NEG_0306,1:1,0,1,Garo Hills Block,25.593857,89.816728,16617.2,58.54,27.67,313.58,0.002937,-0.001114,4.3884,26.9927,10,Tree cover,0.650,26.0,47.1,1.32,5.2,Mixed Sedimentary,SM,140.2,313.4,NA,NA,NO_EVENT,NA,NA,NA,NA,NA,NA,NA,NA,NA,NA
NEG_0307,1:1,0,3,East Khasi Block,25.474854,91.844683,2002.6,1707.09,31.16,328.60,-0.003545,0.000729,4.3968,23.7968,10,Tree cover,0.796,31.5,38.4,1.35,4.3,Metamorphic,MT,316.8,781.7,NA,NA,NO_EVENT,NA,NA,NA,NA,NA,NA,NA,NA,NA,NA
NEG_0308,1:1,0,3,East Khasi Block,25.541171,91.746724,3106.8,1741.43,14.57,320.81,-0.003374,0.000638,5.5107,18.2754,10,Tree cover,0.839,29.2,38.7,1.32,4.3,Metamorphic,MT,90.0,153.1,NA,NA,NO_EVENT,NA,NA,NA,NA,NA,NA,NA,NA,NA,NA
NEG_0309,1:1,0,1,Garo Hills Block,25.210022,90.573856,5862.8,25.00,33.97,50.59,-0.003448,0.000716,4.5617,31.6943,10,Tree cover,0.817,29.2,52.3,1.43,4.9,Mixed Sedimentary,SM,71.6,2325.8,NA,NA,NO_EVENT,NA,NA,NA,NA,NA,NA,NA,NA,NA,NA
NEG_0310,1:1,0,4,Ri-Bhoi Block,26.096754,91.954315,7646.0,1066.47,30.12,200.01,-0.003028,0.001090,4.5049,53.4213,10,Tree cover,0.820,33.9,41.5,1.38,4.7,Metamorphic,MT,234.1,816.2,NA,NA,NO_EVENT,NA,NA,NA,NA,NA,NA,NA,NA,NA,NA
NEG_0311,1:1,0,3,East Khasi Block,25.318721,91.805020,3532.7,1502.20,18.00,51.53,0.000952,0.000185,5.9434,39.4517,10,Tree cover,0.764,25.3,51.5,1.41,5.1,Siliciclastic Sedimentary,SS,14.1,2319.1,NA,NA,NO_EVENT,NA,NA,NA,NA,NA,NA,NA,NA,NA,NA
NEG_0312,1:1,0,1,Garo Hills Block,25.174667,90.708414,8611.7,121.26,18.19,148.73,0.003761,0.000744,5.7076,20.3648,10,Tree cover,0.826,30.0,51.9,1.44,5.2,Mixed Sedimentary,SM,389.5,301.1,NA,NA,NO_EVENT,NA,NA,NA,NA,NA,NA,NA,NA,NA,NA
NEG_0313,1:1,0,4,Ri-Bhoi Block,25.748838,92.083263,2476.3,1436.08,18.84,187.38,-0.001145,0.001856,5.4440,39.5658,10,Tree cover,0.705,28.5,46.1,1.28,4.8,Metamorphic,MT,34.0,354.5,NA,NA,NO_EVENT,NA,NA,NA,NA,NA,NA,NA,NA,NA,NA
NEG_0314,1:1,0,2,West Khasi Block,25.595420,91.574845,4976.6,1403.62,24.72,268.52,0.002776,-0.001219,4.6239,26.3657,10,Tree cover,0.650,27.8,44.6,1.30,4.7,Metamorphic,MT,215.6,5164.6,NA,NA,NO_EVENT,NA,NA,NA,NA,NA,NA,NA,NA,NA,NA
NEG_0315,1:1,0,5,Jaintia Hills Block,25.595833,92.039591,1594.1,1631.10,18.96,225.02,-0.000940,-0.001606,5.0845,24.4841,10,Tree cover,0.650,27.8,44.8,1.30,4.7,Metamorphic,MT,47.8,907.1,NA,NA,NO_EVENT,NA,NA,NA,NA,NA,NA,NA,NA,NA,NA
NEG_0316,1:1,0,3,East Khasi Block,25.550011,91.954432,2410.8,1722.66,19.32,235.58,-0.002989,-0.001133,5.1113,18.8843,10,Tree cover,0.713,28.9,41.5,1.32,4.5,Metamorphic,MT,151.7,575.8,NA,NA,NO_EVENT,NA,NA,NA,NA,NA,NA,NA,NA,NA,NA
NEG_0317,1:1,0,1,Garo Hills Block,25.031176,90.017683,31672.0,119.29,33.71,262.60,-0.001381,0.002158,3.9633,39.3228,10,Tree cover,0.808,28.5,53.1,1.43,5.4,Mixed Sedimentary,SM,137.2,1288.8,NA,NA,NO_EVENT,NA,NA,NA,NA,NA,NA,NA,NA,NA,NA
NEG_0318,1:1,0,3,East Khasi Block,25.622426,91.969963,4016.9,1688.41,26.63,234.32,-0.001469,0.001099,4.4764,33.6741,60,Bare / sparse vegetation,0.233,27.4,42.1,1.29,4.5,Metamorphic,MT,5.5,6267.7,NA,NA,NO_EVENT,NA,NA,NA,NA,NA,NA,NA,NA,NA,NA
NEG_0319,1:1,0,4,Ri-Bhoi Block,25.654828,91.245510,6893.5,1017.45,26.10,281.43,0.002200,-0.000888,4.5626,41.1596,10,Tree cover,0.662,27.2,41.1,1.29,4.7,Metamorphic,MT,223.0,2910.0,NA,NA,NO_EVENT,NA,NA,NA,NA,NA,NA,NA,NA,NA,NA
NEG_0320,1:1,0,3,East Khasi Block,25.649056,91.852363,769.2,1753.21,33.80,293.01,-0.001643,-0.000548,3.9360,46.3091,10,Tree cover,0.791,27.2,38.5,1.29,4.3,Metamorphic,MT,33.5,1689.3,NA,NA,NO_EVENT,NA,NA,NA,NA,NA,NA,NA,NA,NA,NA
NEG_0321,1:1,0,5,Jaintia Hills Block,25.361583,92.020560,1543.2,1449.64,14.99,141.90,-0.001722,-0.001937,6.1021,34.7997,10,Tree cover,0.737,34.7,44.1,1.38,4.7,Metamorphic,MT,23.3,1485.1,NA,NA,NO_EVENT,NA,NA,NA,NA,NA,NA,NA,NA,NA,NA
NEG_0322,1:1,0,1,Garo Hills Block,25.956702,90.775854,27014.3,146.49,19.14,136.81,0.001936,0.000490,5.8394,20.1174,10,Tree cover,0.818,24.9,49.3,1.39,5.3,Mixed Sedimentary,SM,217.1,566.6,NA,NA,NO_EVENT,NA,NA,NA,NA,NA,NA,NA,NA,NA,NA
NEG_0323,1:1,0,3,East Khasi Block,25.530484,91.808537,4530.8,1753.90,18.12,314.86,0.000685,0.002504,5.2537,18.0354,10,Tree cover,0.819,22.7,60.2,1.31,4.5,Plutonic Acidic,PA,127.3,500.1,NA,NA,NO_EVENT,NA,NA,NA,NA,NA,NA,NA,NA,NA,NA
NEG_0324,1:1,0,5,Jaintia Hills Block,25.617657,92.048126,2824.4,1573.32,23.31,224.73,-0.000029,-0.002710,4.7389,30.6547,10,Tree cover,0.653,27.4,45.1,1.30,4.7,Metamorphic,MT,92.4,450.1,NA,NA,NO_EVENT,NA,NA,NA,NA,NA,NA,NA,NA,NA,NA
NEG_0325,1:1,0,2,West Khasi Block,25.135911,91.465798,3614.0,1033.34,15.52,177.98,0.000359,0.001259,5.7711,18.0120,10,Tree cover,0.830,30.3,46.6,1.44,4.9,Siliciclastic Sedimentary,SS,99.9,1304.6,NA,NA,NO_EVENT,NA,NA,NA,NA,NA,NA,NA,NA,NA,NA
NEG_0326,1:1,0,2,West Khasi Block,25.320772,91.598742,2700.1,1386.93,23.87,77.48,0.004841,0.000009,5.4714,46.5173,10,Tree cover,0.763,35.2,43.7,1.38,4.9,Metamorphic,MT,28.5,103.0,NA,NA,NO_EVENT,NA,NA,NA,NA,NA,NA,NA,NA,NA,NA
NEG_0327,1:1,0,1,Garo Hills Block,25.716309,90.001048,13211.3,110.91,24.54,277.35,0.003592,0.000789,4.8637,47.3914,10,Tree cover,0.687,29.9,53.1,1.32,5.4,Mixed Sedimentary,SM,51.0,257.1,NA,NA,NO_EVENT,NA,NA,NA,NA,NA,NA,NA,NA,NA,NA
NEG_0328,1:1,0,1,Garo Hills Block,25.107090,89.842925,37451.0,25.00,22.97,345.73,0.002950,-0.000396,5.0609,19.1446,10,Tree cover,0.829,30.2,48.3,1.44,5.3,Mixed Sedimentary,SM,44.9,1056.7,NA,NA,NO_EVENT,NA,NA,NA,NA,NA,NA,NA,NA,NA,NA
NEG_0329,1:1,0,2,West Khasi Block,25.156797,91.477805,1246.6,1078.64,16.12,164.15,0.002803,0.000331,5.8057,18.7076,10,Tree cover,0.829,30.2,46.2,1.44,4.9,Siliciclastic Sedimentary,SS,66.0,2034.7,NA,NA,NO_EVENT,NA,NA,NA,NA,NA,NA,NA,NA,NA,NA
NEG_0330,1:1,0,5,Jaintia Hills Block,25.273497,92.093036,2326.7,1378.54,28.43,132.47,0.001649,0.001242,5.1203,45.8012,10,Tree cover,0.790,27.0,46.7,1.42,4.9,Siliciclastic Sedimentary,SS,83.1,337.9,NA,NA,NO_EVENT,NA,NA,NA,NA,NA,NA,NA,NA,NA,NA
NEG_0331,1:1,0,5,Jaintia Hills Block,25.104554,92.060712,9218.8,1132.90,17.98,195.65,0.000961,-0.002183,5.4503,19.0786,10,Tree cover,0.828,37.3,24.4,1.31,5.9,Carbonate Sedimentary,SC,415.2,286.2,NA,NA,NO_EVENT,NA,NA,NA,NA,NA,NA,NA,NA,NA,NA
NEG_0332,1:1,0,1,Garo Hills Block,25.076017,89.906706,36721.3,25.00,21.43,327.43,0.000699,0.000452,5.0707,22.9421,10,Tree cover,0.823,29.7,51.0,1.44,5.4,Mixed Sedimentary,SM,91.2,676.4,NA,NA,NO_EVENT,NA,NA,NA,NA,NA,NA,NA,NA,NA,NA
NEG_0333,1:1,0,4,Ri-Bhoi Block,25.838792,91.874509,1639.6,1365.54,33.72,76.38,0.004361,0.000383,4.5830,32.2290,10,Tree cover,0.761,31.5,38.9,1.30,4.6,Metamorphic,MT,59.2,2982.3,NA,NA,NO_EVENT,NA,NA,NA,NA,NA,NA,NA,NA,NA,NA
NEG_0334,1:1,0,1,Garo Hills Block,25.674215,90.732539,8054.3,203.00,25.67,222.67,0.004111,-0.000141,4.6411,44.5532,10,Tree cover,0.668,28.9,51.1,1.32,5.3,Mixed Sedimentary,SM,156.4,4817.9,NA,NA,NO_EVENT,NA,NA,NA,NA,NA,NA,NA,NA,NA,NA
NEG_0335,1:1,0,2,West Khasi Block,25.425688,91.399233,584.5,1122.87,33.48,167.85,-0.002172,0.001311,4.4058,38.5948,10,Tree cover,0.698,33.1,46.4,1.37,5.1,Metamorphic,MT,62.9,2077.0,NA,NA,NO_EVENT,NA,NA,NA,NA,NA,NA,NA,NA,NA,NA
NEG_0336,1:1,0,2,West Khasi Block,25.199065,91.181799,2460.4,760.82,26.23,40.24,0.001565,-0.000248,5.1479,26.0604,10,Tree cover,0.820,29.5,51.7,1.44,4.9,Siliciclastic Sedimentary,SS,83.1,2148.0,NA,NA,NO_EVENT,NA,NA,NA,NA,NA,NA,NA,NA,NA,NA
NEG_0337,1:1,0,4,Ri-Bhoi Block,25.807633,91.990660,5865.6,1484.68,20.35,151.77,-0.004559,0.000143,5.5516,32.6036,10,Tree cover,0.741,30.4,43.0,1.29,4.6,Metamorphic,MT,51.2,6580.7,NA,NA,NO_EVENT,NA,NA,NA,NA,NA,NA,NA,NA,NA,NA
NEG_0338,1:1,0,2,West Khasi Block,25.586720,91.547185,4886.5,1357.57,20.03,253.18,0.000138,-0.001039,5.0035,23.3285,10,Tree cover,0.650,28.0,45.5,1.31,5.0,Metamorphic,MT,118.9,2725.4,NA,NA,NO_EVENT,NA,NA,NA,NA,NA,NA,NA,NA,NA,NA
NEG_0339,1:1,0,5,Jaintia Hills Block,25.026588,92.467517,2646.3,784.56,32.54,299.81,-0.002029,-0.001327,4.0476,40.0096,10,Tree cover,0.806,28.3,52.5,1.43,5.1,Siliciclastic Sedimentary,SS,281.7,651.7,NA,NA,NO_EVENT,NA,NA,NA,NA,NA,NA,NA,NA,NA,NA
NEG_0340,1:1,0,2,West Khasi Block,25.180162,91.332142,6509.4,911.33,27.38,144.30,-0.003732,-0.000668,4.9923,22.5061,10,Tree cover,0.825,29.9,52.1,1.44,4.8,Siliciclastic Sedimentary,SS,69.7,239.5,NA,NA,NO_EVENT,NA,NA,NA,NA,NA,NA,NA,NA,NA,NA
NEG_0341,1:1,0,3,East Khasi Block,25.246352,91.601022,2279.6,1214.88,34.64,75.55,-0.001456,0.000556,4.5916,43.8651,10,Tree cover,0.803,28.0,44.2,1.43,5.2,Siliciclastic Sedimentary,SS,48.7,733.8,NA,NA,NO_EVENT,NA,NA,NA,NA,NA,NA,NA,NA,NA,NA
NEG_0342,1:1,0,4,Ri-Bhoi Block,25.937038,92.264276,13666.1,1098.65,17.34,60.64,0.003705,-0.000579,6.0057,18.4720,10,Tree cover,0.811,34.5,44.9,1.34,5.0,Metamorphic,MT,159.1,4896.0,NA,NA,NO_EVENT,NA,NA,NA,NA,NA,NA,NA,NA,NA,NA
NEG_0343,1:1,0,3,East Khasi Block,25.021767,91.654933,16707.1,1047.54,35.01,308.00,0.000730,-0.002558,3.8410,43.2778,10,Tree cover,0.763,39.2,23.6,1.30,5.7,Volcanic Basic,VB,46.0,958.5,NA,NA,NO_EVENT,NA,NA,NA,NA,NA,NA,NA,NA,NA,NA
NEG_0344,1:1,0,1,Garo Hills Block,25.077187,90.901705,18826.9,373.25,26.54,229.12,0.001913,0.000500,4.6658,23.8872,10,Tree cover,0.823,29.7,44.6,1.44,5.4,Mixed Sedimentary,SM,29.2,488.1,NA,NA,NO_EVENT,NA,NA,NA,NA,NA,NA,NA,NA,NA,NA
NEG_0345,1:1,0,2,West Khasi Block,25.399840,91.311035,6095.1,1065.84,26.96,135.40,-0.000764,-0.002542,5.0246,41.0486,10,Tree cover,0.713,33.9,43.7,1.37,4.9,Metamorphic,MT,57.4,1957.3,NA,NA,NO_EVENT,NA,NA,NA,NA,NA,NA,NA,NA,NA,NA
NEG_0346,1:1,0,2,West Khasi Block,25.119603,91.350985,8734.8,891.20,24.05,189.67,0.001591,-0.000461,5.0236,18.3176,10,Tree cover,0.830,30.3,51.5,1.44,4.8,Siliciclastic Sedimentary,SS,49.7,2247.7,NA,NA,NO_EVENT,NA,NA,NA,NA,NA,NA,NA,NA,NA,NA
NEG_0347,1:1,0,3,East Khasi Block,25.293125,91.677846,4082.5,1389.99,26.43,49.83,-0.000586,-0.001916,5.2854,47.1621,10,Tree cover,0.779,26.3,46.2,1.41,5.3,Siliciclastic Sedimentary,SS,41.3,103.0,NA,NA,NO_EVENT,NA,NA,NA,NA,NA,NA,NA,NA,NA,NA
NEG_0348,1:1,0,1,Garo Hills Block,26.022100,89.990794,43398.5,115.56,24.53,72.71,-0.001112,0.001106,5.2402,34.0786,10,Tree cover,0.830,23.0,53.0,1.42,5.4,Mixed Sedimentary,SM,51.9,211.7,NA,NA,NO_EVENT,NA,NA,NA,NA,NA,NA,NA,NA,NA,NA
NEG_0349,1:1,0,3,East Khasi Block,25.336011,91.896562,978.9,1617.00,24.07,93.18,0.002862,0.000855,5.4325,46.7956,10,Tree cover,0.753,35.1,39.5,1.38,4.3,Metamorphic,MT,41.8,2830.7,NA,NA,NO_EVENT,NA,NA,NA,NA,NA,NA,NA,NA,NA,NA
NEG_0350,1:1,0,1,Garo Hills Block,25.345272,89.828181,23672.6,25.00,22.71,41.02,0.003550,-0.000864,5.5233,44.7979,10,Tree cover,0.747,24.3,47.6,1.40,5.2,Mixed Sedimentary,SM,31.0,855.3,NA,NA,NO_EVENT,NA,NA,NA,NA,NA,NA,NA,NA,NA,NA
NEG_0351,1:1,0,1,Garo Hills Block,25.201127,90.782799,15005.9,319.98,28.24,147.61,0.001132,0.000404,4.9935,27.1704,10,Tree cover,0.820,29.4,49.0,1.44,5.3,Mixed Sedimentary,SM,82.0,571.1,NA,NA,NO_EVENT,NA,NA,NA,NA,NA,NA,NA,NA,NA,NA
NEG_0352,1:1,0,1,Garo Hills Block,25.481411,90.141677,7167.4,93.95,26.05,199.12,-0.001702,-0.001942,4.7807,21.7207,10,Tree cover,0.671,22.7,49.6,1.35,5.2,Mixed Sedimentary,SM,99.7,334.4,NA,NA,NO_EVENT,NA,NA,NA,NA,NA,NA,NA,NA,NA,NA
NEG_0353,1:1,0,1,Garo Hills Block,25.838250,90.185660,18650.8,121.91,24.09,144.45,-0.002442,0.000899,5.3518,28.2852,10,Tree cover,0.760,29.2,47.6,1.35,5.1,Mixed Sedimentary,SM,57.5,2586.8,NA,NA,NO_EVENT,NA,NA,NA,NA,NA,NA,NA,NA,NA,NA
NEG_0354,1:1,0,5,Jaintia Hills Block,25.079395,92.331998,685.5,875.75,23.11,331.91,0.003487,-0.000491,4.9478,22.7516,10,Tree cover,0.824,29.8,47.2,1.44,4.9,Siliciclastic Sedimentary,SS,83.9,95.4,NA,NA,NO_EVENT,NA,NA,NA,NA,NA,NA,NA,NA,NA,NA
NEG_0355,1:1,0,5,Jaintia Hills Block,25.546686,92.791205,24257.8,523.61,14.46,243.69,-0.001126,0.001735,5.5071,18.4965,10,Tree cover,0.653,29.0,46.3,1.32,5.1,Metamorphic,MT,172.4,5733.5,NA,NA,NO_EVENT,NA,NA,NA,NA,NA,NA,NA,NA,NA,NA
NEG_0356,1:1,0,4,Ri-Bhoi Block,26.091758,92.437771,20063.2,763.39,34.56,347.33,-0.001366,0.001150,4.1693,58.1156,10,Tree cover,0.822,34.1,38.8,1.38,4.5,Metamorphic,MT,98.6,8851.0,NA,NA,NO_EVENT,NA,NA,NA,NA,NA,NA,NA,NA,NA,NA
NEG_0357,1:1,0,1,Garo Hills Block,25.096918,90.998945,11265.9,493.29,17.93,323.74,-0.003496,-0.000833,5.4254,19.7193,10,Tree cover,0.827,30.1,44.6,1.44,5.3,Mixed Sedimentary,SM,101.9,1288.5,NA,NA,NO_EVENT,NA,NA,NA,NA,NA,NA,NA,NA,NA,NA
NEG_0358,1:1,0,3,East Khasi Block,25.043172,91.963033,16885.8,1142.71,29.67,229.99,-0.003304,-0.001003,4.3141,33.3587,10,Tree cover,0.813,28.8,52.0,1.43,5.2,Siliciclastic Sedimentary,SS,24.9,257.7,NA,NA,NO_EVENT,NA,NA,NA,NA,NA,NA,NA,NA,NA,NA
NEG_0359,1:1,0,4,Ri-Bhoi Block,25.747940,91.237773,7813.3,928.39,14.46,332.58,0.001593,0.000419,5.7909,34.6036,10,Tree cover,0.704,28.5,40.8,1.28,4.7,Metamorphic,MT,265.8,3171.5,NA,NA,NO_EVENT,NA,NA,NA,NA,NA,NA,NA,NA,NA,NA
NEG_0360,1:1,0,3,East Khasi Block,25.468304,91.743609,2368.9,1662.12,25.22,347.96,0.004190,0.000345,4.8974,23.8948,10,Tree cover,0.677,31.7,38.7,1.35,4.3,Metamorphic,MT,167.5,82.1,NA,NA,NO_EVENT,NA,NA,NA,NA,NA,NA,NA,NA,NA,NA
NEG_0361,1:1,0,3,East Khasi Block,25.209243,91.720368,514.7,1404.74,26.14,34.97,0.004420,-0.000348,5.1858,28.3537,10,Tree cover,0.817,29.2,48.0,1.43,5.1,Siliciclastic Sedimentary,SS,148.6,348.3,NA,NA,NO_EVENT,NA,NA,NA,NA,NA,NA,NA,NA,NA,NA
NEG_0362,1:1,0,3,East Khasi Block,25.114585,91.898194,10185.8,1269.82,24.81,249.91,0.001274,0.002194,4.9430,18.6237,60,Bare / sparse vegetation,0.254,30.2,53.1,1.44,5.3,Siliciclastic Sedimentary,SS,15.0,666.2,NA,NA,NO_EVENT,NA,NA,NA,NA,NA,NA,NA,NA,NA,NA
NEG_0363,1:1,0,5,Jaintia Hills Block,25.381467,92.157566,4243.1,1442.23,27.68,127.28,0.000132,0.002735,5.0291,45.7177,10,Tree cover,0.725,34.3,46.9,1.38,4.8,Metamorphic,MT,236.1,3324.7,NA,NA,NO_EVENT,NA,NA,NA,NA,NA,NA,NA,NA,NA,NA
NEG_0364,1:1,0,1,Garo Hills Block,25.910824,90.488864,14259.3,57.09,23.17,45.10,0.002727,-0.000671,5.5453,18.0951,10,Tree cover,0.800,26.7,49.1,1.38,4.8,Mixed Sedimentary,SM,73.2,2449.9,NA,NA,NO_EVENT,NA,NA,NA,NA,NA,NA,NA,NA,NA,NA
NEG_0365,1:1,0,2,West Khasi Block,25.358994,91.435007,4724.7,1092.10,19.56,142.10,-0.001051,0.002268,5.7433,40.1541,10,Tree cover,0.739,25.8,52.2,1.32,4.8,Plutonic Acidic,PA,155.6,2337.7,NA,NA,NO_EVENT,NA,NA,NA,NA,NA,NA,NA,NA,NA,NA
NEG_0366,1:1,0,4,Ri-Bhoi Block,26.049017,91.294153,25335.2,807.28,28.24,139.56,-0.000052,0.001827,4.8444,43.4107,10,Tree cover,0.829,34.9,43.0,1.37,4.8,Metamorphic,MT,66.8,1044.2,NA,NA,NO_EVENT,NA,NA,NA,NA,NA,NA,NA,NA,NA,NA
NEG_0367,1:1,0,3,East Khasi Block,25.193585,91.786689,2598.6,1374.31,22.45,33.40,0.001314,-0.000144,5.4326,23.8944,10,Tree cover,0.822,29.6,50.8,1.44,5.4,Siliciclastic Sedimentary,SS,67.3,1742.0,NA,NA,NO_EVENT,NA,NA,NA,NA,NA,NA,NA,NA,NA,NA
NEG_0368,1:1,0,4,Ri-Bhoi Block,26.090552,91.892409,1416.2,1067.37,35.38,266.91,0.003211,0.000810,4.1085,58.9181,10,Tree cover,0.869,34.1,39.4,1.38,4.6,Metamorphic,MT,132.5,2263.2,NA,NA,NO_EVENT,NA,NA,NA,NA,NA,NA,NA,NA,NA,NA
NEG_0369,1:1,0,3,East Khasi Block,25.558197,91.718055,2277.5,1686.77,16.51,317.72,-0.004291,-0.000422,5.3204,19.3297,10,Tree cover,0.651,28.7,39.4,1.32,4.3,Metamorphic,MT,51.5,1339.4,NA,NA,NO_EVENT,NA,NA,NA,NA,NA,NA,NA,NA,NA,NA
NEG_0370,1:1,0,5,Jaintia Hills Block,25.604279,92.455918,899.4,1040.29,27.85,300.84,-0.002409,0.001554,4.3720,29.6223,10,Tree cover,0.651,27.6,38.5,1.30,4.5,Metamorphic,MT,82.5,3958.3,NA,NA,NO_EVENT,NA,NA,NA,NA,NA,NA,NA,NA,NA,NA
NEG_0371,1:1,0,4,Ri-Bhoi Block,25.879108,91.628541,3456.3,1238.96,35.52,62.12,0.000834,0.001393,4.5283,22.0226,10,Tree cover,0.792,32.9,42.5,1.31,4.8,Metamorphic,MT,206.9,7275.0,NA,NA,NO_EVENT,NA,NA,NA,NA,NA,NA,NA,NA,NA,NA
NEG_0372,1:1,0,3,East Khasi Block,25.505170,91.714116,648.6,1681.14,21.75,330.67,0.000497,-0.001454,5.0399,18.6803,10,Tree cover,0.663,30.4,39.5,1.34,4.3,Metamorphic,MT,64.6,370.9,NA,NA,NO_EVENT,NA,NA,NA,NA,NA,NA,NA,NA,NA,NA
NEG_0373,1:1,0,2,West Khasi Block,25.180854,91.330885,6626.9,908.56,27.38,143.52,-0.003669,-0.000667,4.9947,22.6320,10,Tree cover,0.825,29.9,52.1,1.44,4.8,Siliciclastic Sedimentary,SS,155.5,351.4,NA,NA,NO_EVENT,NA,NA,NA,NA,NA,NA,NA,NA,NA,NA
NEG_0374,1:1,0,3,East Khasi Block,25.290845,91.906470,1895.4,1486.96,29.50,98.44,0.001456,-0.001892,5.0400,50.1882,10,Tree cover,0.780,26.4,53.1,1.41,5.0,Siliciclastic Sedimentary,SS,29.8,1578.2,NA,NA,NO_EVENT,NA,NA,NA,NA,NA,NA,NA,NA,NA,NA
NEG_0375,1:1,0,1,Garo Hills Block,25.184778,90.861112,17738.0,348.47,29.54,147.17,-0.004760,0.000125,4.8357,23.7964,10,Tree cover,0.824,29.8,45.7,1.44,5.4,Mixed Sedimentary,SM,134.5,1452.3,NA,NA,NO_EVENT,NA,NA,NA,NA,NA,NA,NA,NA,NA,NA
NEG_0376,1:1,0,1,Garo Hills Block,25.895892,89.838879,37995.2,80.75,31.41,44.45,-0.001096,-0.000770,4.8773,19.1814,10,Tree cover,0.793,27.3,48.1,1.37,5.3,Mixed Sedimentary,SM,168.6,2128.1,NA,NA,NO_EVENT,NA,NA,NA,NA,NA,NA,NA,NA,NA,NA
NEG_0377,1:1,0,4,Ri-Bhoi Block,25.965963,92.515444,29518.2,855.91,15.35,87.13,0.003583,0.000747,6.1271,20.5672,10,Tree cover,0.821,35.0,38.1,1.35,4.5,Metamorphic,MT,118.2,630.1,NA,NA,NO_EVENT,NA,NA,NA,NA,NA,NA,NA,NA,NA,NA
NEG_0378,1:1,0,3,East Khasi Block,25.647619,91.808058,3172.4,1673.74,28.69,309.29,-0.000398,-0.002759,4.3423,41.6640,10,Tree cover,0.659,27.2,38.1,1.29,4.3,Metamorphic,MT,148.2,5172.9,NA,NA,NO_EVENT,NA,NA,NA,NA,NA,NA,NA,NA,NA,NA
NEG_0379,1:1,0,1,Garo Hills Block,25.265238,90.458878,18357.4,82.27,24.11,44.65,-0.000756,-0.001351,5.4592,40.0167,10,Tree cover,0.794,27.3,47.8,1.42,4.8,Mixed Sedimentary,SM,37.7,116.5,NA,NA,NO_EVENT,NA,NA,NA,NA,NA,NA,NA,NA,NA,NA
NEG_0380,1:1,0,3,East Khasi Block,25.525782,91.929020,644.3,1711.19,23.83,242.73,-0.000293,-0.002731,4.8098,18.0002,60,Bare / sparse vegetation,0.160,29.7,40.6,1.33,4.4,Metamorphic,MT,10.0,800.6,NA,NA,NO_EVENT,NA,NA,NA,NA,NA,NA,NA,NA,NA,NA
NEG_0381,1:1,0,1,Garo Hills Block,25.960425,90.733399,28462.5,120.35,14.83,132.41,0.004790,0.000084,6.1784,19.9600,40,Cropland,0.501,24.8,51.1,1.40,5.3,Mixed Sedimentary,SM,167.9,4566.0,NA,NA,NO_EVENT,NA,NA,NA,NA,NA,NA,NA,NA,NA,NA
NEG_0382,1:1,0,4,Ri-Bhoi Block,25.984124,91.987005,4086.3,1196.76,16.20,135.92,0.003245,0.000067,6.0200,22.9322,10,Tree cover,0.825,35.1,42.8,1.36,4.8,Metamorphic,MT,169.3,11350.0,NA,NA,NO_EVENT,NA,NA,NA,NA,NA,NA,NA,NA,NA,NA
NEG_0383,1:1,0,4,Ri-Bhoi Block,25.757513,92.500564,16825.6,939.50,16.73,349.55,0.000423,0.000889,5.6474,36.4805,10,Tree cover,0.710,28.7,38.1,1.28,4.5,Metamorphic,MT,13.9,2744.4,NA,NA,NO_EVENT,NA,NA,NA,NA,NA,NA,NA,NA,NA,NA
NEG_0384,1:1,0,4,Ri-Bhoi Block,25.659669,91.183540,671.8,861.13,29.56,310.12,0.001013,0.002304,4.2956,45.4093,10,Tree cover,0.663,27.2,39.1,1.29,4.6,Metamorphic,MT,56.5,4071.9,NA,NA,NO_EVENT,NA,NA,NA,NA,NA,NA,NA,NA,NA,NA
NEG_0385,1:1,0,2,West Khasi Block,25.029779,91.574695,15105.7,1080.48,32.22,268.18,0.001767,0.001907,4.0796,38.8113,60,Bare / sparse vegetation,0.167,28.4,44.1,1.43,5.1,Siliciclastic Sedimentary,SS,14.8,803.6,NA,NA,NO_EVENT,NA,NA,NA,NA,NA,NA,NA,NA,NA,NA
NEG_0386,1:1,0,5,Jaintia Hills Block,25.648383,92.374710,8836.6,1079.75,33.65,317.72,-0.001525,0.000833,3.9468,45.9832,10,Tree cover,0.660,27.2,40.7,1.29,4.7,Metamorphic,MT,125.6,2039.2,NA,NA,NO_EVENT,NA,NA,NA,NA,NA,NA,NA,NA,NA,NA
NEG_0387,1:1,0,4,Ri-Bhoi Block,25.675602,92.730550,21419.5,605.99,31.43,221.26,0.004108,0.000369,4.1839,50.7967,10,Tree cover,0.669,27.3,44.5,1.28,4.9,Metamorphic,MT,32.7,4396.9,NA,NA,NO_EVENT,NA,NA,NA,NA,NA,NA,NA,NA,NA,NA
NEG_0388,1:1,0,5,Jaintia Hills Block,25.400771,92.161030,2083.3,1446.95,31.03,134.17,-0.000662,0.002592,4.6956,44.2760,60,Bare / sparse vegetation,0.271,33.9,46.9,1.37,4.8,Metamorphic,MT,12.3,3062.2,NA,NA,NO_EVENT,NA,NA,NA,NA,NA,NA,NA,NA,NA,NA
NEG_0389,1:1,0,2,West Khasi Block,25.524987,91.403826,894.6,1262.84,24.08,215.51,0.000747,-0.002550,4.7920,18.0004,10,Tree cover,0.657,29.7,46.4,1.33,5.1,Metamorphic,MT,23.0,1997.6,NA,NA,NO_EVENT,NA,NA,NA,NA,NA,NA,NA,NA,NA,NA
NEG_0390,1:1,0,3,East Khasi Block,25.388094,91.741829,1663.0,1474.39,19.35,29.08,0.000494,-0.000543,5.6739,36.4195,10,Tree cover,0.721,34.2,38.8,1.37,4.3,Metamorphic,MT,32.0,1357.8,NA,NA,NO_EVENT,NA,NA,NA,NA,NA,NA,NA,NA,NA,NA
NEG_0391,1:1,0,1,Garo Hills Block,25.501153,90.440434,9623.0,100.07,19.84,330.98,0.000631,-0.002360,5.2063,18.8876,10,Tree cover,0.664,23.1,47.0,1.34,4.8,Mixed Sedimentary,SM,284.6,5690.2,NA,NA,NO_EVENT,NA,NA,NA,NA,NA,NA,NA,NA,NA,NA
NEG_0392,1:1,0,5,Jaintia Hills Block,25.409272,92.836381,17753.2,554.68,23.69,86.39,-0.002200,-0.001612,5.2518,36.2498,10,Tree cover,0.708,33.6,46.9,1.37,5.1,Metamorphic,MT,20.1,754.8,NA,NA,NO_EVENT,NA,NA,NA,NA,NA,NA,NA,NA,NA,NA
NEG_0393,1:1,0,4,Ri-Bhoi Block,26.077232,91.569526,7243.1,990.02,31.61,194.31,0.002770,-0.000126,4.4631,52.6608,10,Tree cover,0.825,34.4,44.8,1.38,5.0,Metamorphic,MT,45.0,197.9,NA,NA,NO_EVENT,NA,NA,NA,NA,NA,NA,NA,NA,NA,NA
NEG_0394,1:1,0,5,Jaintia Hills Block,25.072494,92.027364,12399.0,1078.10,21.44,210.10,-0.002533,-0.000167,5.0581,23.5280,10,Tree cover,0.822,29.6,49.6,1.44,5.1,Siliciclastic Sedimentary,SS,28.2,109.9,NA,NA,NO_EVENT,NA,NA,NA,NA,NA,NA,NA,NA,NA,NA
NEG_0395,1:1,0,4,Ri-Bhoi Block,25.680590,92.047056,3093.5,1468.25,25.33,215.78,0.000182,-0.001279,4.6854,45.2118,10,Tree cover,0.671,27.3,45.0,1.28,4.7,Metamorphic,MT,164.2,18.9,NA,NA,NO_EVENT,NA,NA,NA,NA,NA,NA,NA,NA,NA,NA
NEG_0396,1:1,0,5,Jaintia Hills Block,25.079200,92.191972,6789.0,1131.09,28.22,254.94,-0.002077,0.000624,4.5383,23.8421,10,Tree cover,0.824,29.8,44.1,1.44,4.8,Siliciclastic Sedimentary,SS,73.1,1346.8,NA,NA,NO_EVENT,NA,NA,NA,NA,NA,NA,NA,NA,NA,NA
NEG_0397,1:1,0,1,Garo Hills Block,25.035989,90.713024,20943.6,65.51,25.83,229.48,-0.003041,-0.000885,4.6042,33.1453,10,Tree cover,0.810,28.6,51.8,1.43,5.2,Mixed Sedimentary,SM,180.0,330.6,NA,NA,NO_EVENT,NA,NA,NA,NA,NA,NA,NA,NA,NA,NA
NEG_0398,1:1,0,5,Jaintia Hills Block,25.602014,92.228140,3141.1,1354.18,23.54,282.52,-0.003611,0.000450,4.7169,27.3391,10,Tree cover,0.651,27.7,45.9,1.30,5.0,Metamorphic,MT,161.9,2560.9,NA,NA,NO_EVENT,NA,NA,NA,NA,NA,NA,NA,NA,NA,NA
NEG_0399,1:1,0,3,East Khasi Block,25.407378,91.603067,4580.4,1466.53,31.26,56.63,-0.002723,-0.000360,4.6532,42.6239,10,Tree cover,0.709,33.7,43.5,1.37,4.6,Metamorphic,MT,116.4,71.0,NA,NA,NO_EVENT,NA,NA,NA,NA,NA,NA,NA,NA,NA,NA
NEG_0400,1:1,0,2,West Khasi Block,25.575114,91.488308,1681.5,1310.25,15.59,230.94,-0.004949,-0.000024,5.3693,20.8021,10,Tree cover,0.650,28.2,46.7,1.31,5.1,Metamorphic,MT,22.7,3680.0,NA,NA,NO_EVENT,NA,NA,NA,NA,NA,NA,NA,NA,NA,NA
NEG_0401,1:1,0,3,East Khasi Block,25.036228,91.771997,16875.9,1056.77,26.00,318.54,-0.001971,0.001804,4.5912,33.1853,10,Tree cover,0.810,39.4,21.2,1.31,5.7,Volcanic Basic,VB,119.9,1235.1,NA,NA,NO_EVENT,NA,NA,NA,NA,NA,NA,NA,NA,NA,NA
NEG_0402,1:1,0,3,East Khasi Block,25.593827,91.815562,2690.5,1740.04,21.95,304.71,0.001896,-0.001366,4.8461,25.1281,10,Tree cover,0.815,27.8,38.1,1.30,4.3,Metamorphic,MT,12.8,229.1,NA,NA,NO_EVENT,NA,NA,NA,NA,NA,NA,NA,NA,NA,NA
NEG_0403,1:1,0,5,Jaintia Hills Block,25.343157,92.078477,950.3,1387.08,17.88,137.99,0.002894,-0.001149,5.9140,39.1854,10,Tree cover,0.749,35.0,45.9,1.38,5.0,Metamorphic,MT,43.6,172.4,NA,NA,NO_EVENT,NA,NA,NA,NA,NA,NA,NA,NA,NA,NA
NEG_0404,1:1,0,1,Garo Hills Block,25.098223,90.607108,12663.1,90.95,26.10,309.08,0.003784,0.000174,4.7767,20.3283,10,Tree cover,0.827,30.1,52.9,1.44,5.0,Mixed Sedimentary,SM,20.6,492.9,NA,NA,NO_EVENT,NA,NA,NA,NA,NA,NA,NA,NA,NA,NA
NEG_0405,1:1,0,1,Garo Hills Block,25.106394,90.882164,18483.9,331.03,23.86,202.77,0.002375,0.001497,4.9870,19.2533,10,Tree cover,0.828,30.2,45.1,1.44,5.4,Mixed Sedimentary,SM,243.5,793.4,NA,NA,NO_EVENT,NA,NA,NA,NA,NA,NA,NA,NA,NA,NA
NEG_0406,1:1,0,1,Garo Hills Block,25.021003,90.926693,22068.2,383.99,28.90,256.11,-0.000381,-0.002749,4.3284,39.0736,10,Tree cover,0.804,28.1,44.2,1.43,5.4,Mixed Sedimentary,SM,134.7,192.8,NA,NA,NO_EVENT,NA,NA,NA,NA,NA,NA,NA,NA,NA,NA
NEG_0407,1:1,0,3,East Khasi Block,25.182450,91.882582,3028.7,1265.31,29.41,79.32,-0.004010,0.000514,4.8379,23.2930,60,Bare / sparse vegetation,0.347,29.8,53.1,1.44,5.3,Siliciclastic Sedimentary,SS,7.3,239.4,NA,NA,NO_EVENT,NA,NA,NA,NA,NA,NA,NA,NA,NA,NA
NEG_0408,1:1,0,2,West Khasi Block,25.094529,91.515219,7174.6,1051.92,17.91,212.62,-0.002841,-0.001244,5.4180,19.9467,10,Tree cover,0.827,30.0,44.9,1.44,5.0,Siliciclastic Sedimentary,SS,121.2,93.4,NA,NA,NO_EVENT,NA,NA,NA,NA,NA,NA,NA,NA,NA,NA
NEG_0409,1:1,0,1,Garo Hills Block,25.028696,89.821872,45862.5,25.00,35.15,318.12,0.001981,0.001641,3.8429,41.0680,10,Tree cover,0.766,28.4,47.4,1.43,5.2,Mixed Sedimentary,SM,49.3,1328.8,NA,NA,NO_EVENT,NA,NA,NA,NA,NA,NA,NA,NA,NA,NA
NEG_0410,1:1,0,2,West Khasi Block,25.094016,91.077271,11402.7,507.74,26.46,338.50,0.003089,-0.001125,4.7321,20.9513,10,Tree cover,0.827,30.0,47.3,1.44,5.2,Siliciclastic Sedimentary,SS,148.4,610.9,NA,NA,NO_EVENT,NA,NA,NA,NA,NA,NA,NA,NA,NA,NA
NEG_0411,1:1,0,1,Garo Hills Block,25.425458,90.070339,4958.6,55.33,34.62,160.32,-0.003106,-0.001059,4.3155,39.3728,10,Tree cover,0.699,22.6,52.2,1.37,5.3,Mixed Sedimentary,SM,77.5,2636.7,NA,NA,NO_EVENT,NA,NA,NA,NA,NA,NA,NA,NA,NA,NA
NEG_0412,1:1,0,1,Garo Hills Block,26.017800,89.990078,43002.5,118.32,23.68,73.13,-0.000629,0.001079,5.3229,32.5458,10,Tree cover,0.830,23.1,53.0,1.41,5.4,Mixed Sedimentary,SM,67.5,690.5,NA,NA,NO_EVENT,NA,NA,NA,NA,NA,NA,NA,NA,NA,NA
NEG_0413,1:1,0,4,Ri-Bhoi Block,25.810848,91.948463,7360.3,1442.50,25.56,138.44,-0.002816,-0.000773,5.1462,35.5651,10,Tree cover,0.743,30.5,41.3,1.29,4.5,Metamorphic,MT,91.9,9258.8,NA,NA,NO_EVENT,NA,NA,NA,NA,NA,NA,NA,NA,NA,NA
NEG_0414,1:1,0,4,Ri-Bhoi Block,25.662402,91.856596,2296.1,1749.09,34.24,292.34,-0.003113,-0.000209,3.9271,50.4906,10,Tree cover,0.787,27.2,38.6,1.29,4.3,Metamorphic,MT,97.7,2566.6,NA,NA,NO_EVENT,NA,NA,NA,NA,NA,NA,NA,NA,NA,NA
NEG_0415,1:1,0,1,Garo Hills Block,25.913626,89.881890,37802.4,51.11,23.58,46.50,-0.002151,0.001697,5.5132,18.0369,10,Tree cover,0.802,26.6,50.0,1.38,5.3,Mixed Sedimentary,SM,79.5,705.3,NA,NA,NO_EVENT,NA,NA,NA,NA,NA,NA,NA,NA,NA,NA
NEG_0416,1:1,0,1,Garo Hills Block,25.511223,90.150246,6005.6,123.65,19.99,211.18,0.000062,-0.002830,5.1609,18.3090,10,Tree cover,0.661,23.3,49.2,1.34,5.2,Mixed Sedimentary,SM,27.7,2559.6,NA,NA,NO_EVENT,NA,NA,NA,NA,NA,NA,NA,NA,NA,NA
NEG_0417,1:1,0,1,Garo Hills Block,25.682708,90.141430,4123.4,25.00,27.24,215.89,-0.002447,0.000963,4.5385,47.5954,10,Tree cover,0.672,29.2,49.6,1.32,5.2,Mixed Sedimentary,SM,71.6,3977.8,NA,NA,NO_EVENT,NA,NA,NA,NA,NA,NA,NA,NA,NA,NA
NEG_0418,1:1,0,1,Garo Hills Block,25.203891,90.227229,5710.0,69.88,25.08,140.95,0.004892,0.000011,5.2548,26.7421,10,Tree cover,0.819,29.4,45.9,1.43,5.1,Mixed Sedimentary,SM,110.1,168.6,NA,NA,NO_EVENT,NA,NA,NA,NA,NA,NA,NA,NA,NA,NA
NEG_0419,1:1,0,1,Garo Hills Block,25.971194,90.258352,27132.9,68.48,19.36,124.13,0.003001,0.001103,5.7962,21.9398,10,Tree cover,0.822,24.4,44.9,1.40,5.0,Mixed Sedimentary,SM,18.3,1758.9,NA,NA,NO_EVENT,NA,NA,NA,NA,NA,NA,NA,NA,NA,NA
NEG_0420,1:1,0,2,West Khasi Block,25.265316,91.324660,2816.3,962.87,31.56,120.70,0.000586,0.002164,4.8633,46.8402,60,Bare / sparse vegetation,0.400,27.3,52.3,1.42,4.8,Siliciclastic Sedimentary,SS,11.4,1498.5,NA,NA,NO_EVENT,NA,NA,NA,NA,NA,NA,NA,NA,NA,NA
NEG_0421,1:1,0,2,West Khasi Block,25.022222,91.534535,15144.4,1011.50,27.63,245.04,-0.000523,0.002674,4.4322,37.8311,10,Tree cover,0.804,28.2,44.5,1.43,5.1,Siliciclastic Sedimentary,SS,105.7,2161.3,NA,NA,NO_EVENT,NA,NA,NA,NA,NA,NA,NA,NA,NA,NA
NEG_0422,1:1,0,2,West Khasi Block,25.212748,91.598295,778.9,1157.13,33.06,73.89,-0.004389,0.000325,4.6422,32.1507,10,Tree cover,0.816,29.1,44.2,1.43,5.2,Siliciclastic Sedimentary,SS,109.7,1728.7,NA,NA,NO_EVENT,NA,NA,NA,NA,NA,NA,NA,NA,NA,NA
NEG_0423,1:1,0,4,Ri-Bhoi Block,25.835571,92.630522,29919.8,776.48,30.90,142.82,0.004393,0.000344,4.7992,31.9583,10,Tree cover,0.759,31.4,40.7,1.30,4.7,Metamorphic,MT,97.9,1232.4,NA,NA,NO_EVENT,NA,NA,NA,NA,NA,NA,NA,NA,NA,NA
NEG_0424,1:1,0,5,Jaintia Hills Block,25.353709,92.244591,8726.0,1328.32,16.46,64.74,-0.003382,-0.000402,6.0043,36.9957,10,Tree cover,0.742,34.9,45.5,1.38,5.0,Metamorphic,MT,224.4,1511.1,NA,NA,NO_EVENT,NA,NA,NA,NA,NA,NA,NA,NA,NA,NA
NEG_0425,1:1,0,1,Garo Hills Block,25.095045,90.647004,12848.0,101.50,22.57,251.91,0.001882,0.001561,5.0472,20.3894,10,Tree cover,0.827,30.0,53.1,1.44,5.1,Mixed Sedimentary,SM,62.2,80.6,NA,NA,NO_EVENT,NA,NA,NA,NA,NA,NA,NA,NA,NA,NA
NEG_0426,1:1,0,1,Garo Hills Block,25.179115,90.847169,19105.7,344.31,28.92,152.29,-0.004498,-0.000229,4.8653,22.5613,10,Tree cover,0.825,29.9,46.2,1.44,5.4,Mixed Sedimentary,SM,106.6,384.2,NA,NA,NO_EVENT,NA,NA,NA,NA,NA,NA,NA,NA,NA,NA
NEG_0427,1:1,0,5,Jaintia Hills Block,25.323600,92.807270,11356.7,559.39,14.91,105.67,0.000576,-0.000176,6.1846,35.8575,10,Tree cover,0.761,35.2,46.6,1.38,5.1,Metamorphic,MT,9.6,2193.8,NA,NA,NO_EVENT,NA,NA,NA,NA,NA,NA,NA,NA,NA,NA
NEG_0428,1:1,0,3,East Khasi Block,25.221601,91.931666,3248.5,1326.72,33.19,116.69,0.000855,-0.001775,4.6553,34.9569,10,Tree cover,0.813,28.9,52.7,1.43,5.2,Siliciclastic Sedimentary,SS,153.2,190.6,NA,NA,NO_EVENT,NA,NA,NA,NA,NA,NA,NA,NA,NA,NA
NEG_0429,1:1,0,3,East Khasi Block,25.490638,91.813788,679.4,1724.53,25.07,328.89,-0.000918,0.002442,4.8250,20.2723,10,Tree cover,0.816,23.7,60.3,1.31,4.5,Plutonic Acidic,PA,229.2,189.7,NA,NA,NO_EVENT,NA,NA,NA,NA,NA,NA,NA,NA,NA,NA
NEG_0430,1:1,0,2,West Khasi Block,25.381684,91.404544,3797.8,1065.94,25.94,148.43,0.000115,0.002764,5.1676,43.9351,10,Tree cover,0.725,25.6,52.9,1.32,4.8,Plutonic Acidic,PA,50.2,191.8,NA,NA,NO_EVENT,NA,NA,NA,NA,NA,NA,NA,NA,NA,NA
NEG_0431,1:1,0,3,East Khasi Block,25.462732,91.717323,2951.1,1616.47,27.81,350.91,0.004194,-0.000482,4.7121,25.7174,10,Tree cover,0.679,31.9,39.4,1.35,4.3,Metamorphic,MT,26.1,93.5,NA,NA,NO_EVENT,NA,NA,NA,NA,NA,NA,NA,NA,NA,NA
NEG_0432,1:1,0,1,Garo Hills Block,25.853279,90.184247,20311.8,120.03,25.63,140.85,-0.001822,0.001752,5.2684,25.5637,10,Tree cover,0.769,28.8,47.7,1.36,5.2,Mixed Sedimentary,SM,289.5,2982.5,NA,NA,NO_EVENT,NA,NA,NA,NA,NA,NA,NA,NA,NA,NA
NEG_0433,1:1,0,3,East Khasi Block,25.472069,91.916409,6101.7,1693.52,33.51,225.39,-0.000663,-0.001742,4.2196,24.8960,60,Bare / sparse vegetation,0.184,31.6,40.2,1.35,4.4,Metamorphic,MT,7.9,486.2,NA,NA,NO_EVENT,NA,NA,NA,NA,NA,NA,NA,NA,NA,NA
NEG_0434,1:1,0,4,Ri-Bhoi Block,25.803087,92.118419,2615.2,1374.29,26.51,151.97,0.004274,-0.000257,5.0424,38.1493,10,Tree cover,0.738,30.2,46.7,1.29,5.1,Metamorphic,MT,116.1,64.0,NA,NA,NO_EVENT,NA,NA,NA,NA,NA,NA,NA,NA,NA,NA
NEG_0435,1:1,0,2,West Khasi Block,25.154801,91.468584,2196.8,1072.01,16.53,166.13,0.002447,0.000912,5.7651,18.6114,10,Tree cover,0.829,30.2,46.5,1.44,4.9,Siliciclastic Sedimentary,SS,131.4,1131.1,NA,NA,NO_EVENT,NA,NA,NA,NA,NA,NA,NA,NA,NA,NA
NEG_0436,1:1,0,3,East Khasi Block,25.139340,91.928703,9445.7,1262.80,22.26,169.70,0.000117,0.002929,5.2456,18.0744,10,Tree cover,0.830,30.3,52.8,1.44,5.3,Siliciclastic Sedimentary,SS,32.1,83.1,NA,NA,NO_EVENT,NA,NA,NA,NA,NA,NA,NA,NA,NA,NA
NEG_0437,1:1,0,3,East Khasi Block,25.575400,91.772699,1003.9,1728.84,15.67,314.04,-0.002881,-0.000173,5.3626,20.8472,10,Tree cover,0.834,28.2,38.3,1.31,4.3,Metamorphic,MT,132.6,1069.2,NA,NA,NO_EVENT,NA,NA,NA,NA,NA,NA,NA,NA,NA,NA
NEG_0438,1:1,0,4,Ri-Bhoi Block,25.676832,91.119759,1053.0,689.59,34.64,323.02,-0.004056,0.000509,3.9303,54.4188,10,Tree cover,0.669,27.3,38.1,1.28,4.5,Metamorphic,MT,342.5,3018.0,NA,NA,NO_EVENT,NA,NA,NA,NA,NA,NA,NA,NA,NA,NA
NEG_0439,1:1,0,3,East Khasi Block,25.585306,91.912987,1241.6,1754.14,26.17,257.80,0.001176,0.000910,4.5134,24.6690,10,Tree cover,0.743,28.0,40.0,1.31,4.4,Metamorphic,MT,118.7,648.9,NA,NA,NO_EVENT,NA,NA,NA,NA,NA,NA,NA,NA,NA,NA
NEG_0440,1:1,0,5,Jaintia Hills Block,25.046676,92.340134,3944.0,819.73,28.94,322.11,0.003525,0.000885,4.3815,32.0207,10,Tree cover,0.814,28.9,47.6,1.43,4.9,Siliciclastic Sedimentary,SS,167.4,648.2,NA,NA,NO_EVENT,NA,NA,NA,NA,NA,NA,NA,NA,NA,NA
NEG_0441,1:1,0,3,East Khasi Block,25.096880,91.626350,9488.4,1154.19,27.13,323.25,0.003538,0.000794,4.6892,20.6068,10,Tree cover,0.827,30.1,44.6,1.44,5.2,Siliciclastic Sedimentary,SS,20.2,748.7,NA,NA,NO_EVENT,NA,NA,NA,NA,NA,NA,NA,NA,NA,NA
NEG_0442,1:1,0,2,West Khasi Block,25.308390,91.594296,2852.8,1355.27,25.12,80.31,0.004434,0.000337,5.3835,47.3248,10,Tree cover,0.770,25.7,44.2,1.41,5.2,Siliciclastic Sedimentary,SS,300.9,162.0,NA,NA,NO_EVENT,NA,NA,NA,NA,NA,NA,NA,NA,NA,NA
NEG_0443,1:1,0,4,Ri-Bhoi Block,25.678619,91.497241,10100.7,1281.91,24.71,225.61,0.004141,-0.000486,4.7295,44.2535,10,Tree cover,0.670,27.3,46.6,1.28,5.1,Metamorphic,MT,120.4,2102.8,NA,NA,NO_EVENT,NA,NA,NA,NA,NA,NA,NA,NA,NA,NA
NEG_0444,1:1,0,3,East Khasi Block,25.195982,91.798826,3846.6,1364.25,23.88,36.45,-0.000186,0.000031,5.3260,24.7300,10,Tree cover,0.821,29.5,51.3,1.44,5.4,Siliciclastic Sedimentary,SS,38.5,1877.5,NA,NA,NO_EVENT,NA,NA,NA,NA,NA,NA,NA,NA,NA,NA
NEG_0445,1:1,0,2,West Khasi Block,25.119862,91.499834,4608.5,1046.73,14.44,190.39,-0.001447,-0.001151,5.7934,18.1833,10,Tree cover,0.830,30.3,45.4,1.44,5.0,Siliciclastic Sedimentary,SS,65.8,4.7,NA,NA,NO_EVENT,NA,NA,NA,NA,NA,NA,NA,NA,NA,NA
NEG_0446,1:1,0,1,Garo Hills Block,25.670178,90.148031,3212.3,25.00,27.81,218.61,-0.001459,0.001789,4.4597,45.9988,60,Bare / sparse vegetation,0.300,28.8,49.3,1.32,5.2,Mixed Sedimentary,SM,10.9,2448.4,NA,NA,NO_EVENT,NA,NA,NA,NA,NA,NA,NA,NA,NA,NA
NEG_0447,1:1,0,2,West Khasi Block,25.046767,91.462329,12884.2,878.30,26.88,219.68,-0.003630,-0.000817,4.5465,30.9997,10,Tree cover,0.814,28.9,46.8,1.43,4.9,Siliciclastic Sedimentary,SS,94.9,533.4,NA,NA,NO_EVENT,NA,NA,NA,NA,NA,NA,NA,NA,NA,NA
NEG_0448,1:1,0,4,Ri-Bhoi Block,25.798401,92.426716,20828.2,1025.97,27.20,24.44,-0.000107,-0.001784,4.9699,39.8395,10,Tree cover,0.735,30.0,39.1,1.29,4.6,Metamorphic,MT,30.5,4688.0,NA,NA,NO_EVENT,NA,NA,NA,NA,NA,NA,NA,NA,NA,NA
NEG_0449,1:1,0,5,Jaintia Hills Block,25.020072,92.016065,18255.7,1031.61,25.89,223.63,-0.001161,0.001950,4.5676,37.1043,10,Tree cover,0.803,28.1,50.0,1.43,5.1,Siliciclastic Sedimentary,SS,192.0,298.0,NA,NA,NO_EVENT,NA,NA,NA,NA,NA,NA,NA,NA,NA,NA
NEG_0450,1:1,0,5,Jaintia Hills Block,25.081067,92.240223,4586.6,1078.49,22.42,304.38,-0.004793,-0.000063,5.0088,22.3418,10,Tree cover,0.824,36.4,29.5,1.31,5.4,Carbonate Sedimentary,SC,31.6,629.5,NA,NA,NO_EVENT,NA,NA,NA,NA,NA,NA,NA,NA,NA,NA
NEG_0451,1:1,0,3,East Khasi Block,25.439865,91.997101,3544.4,1618.82,26.77,175.38,0.004729,-0.000146,4.8865,30.8460,10,Tree cover,0.691,32.7,43.2,1.36,4.6,Metamorphic,MT,50.1,902.1,NA,NA,NO_EVENT,NA,NA,NA,NA,NA,NA,NA,NA,NA,NA
NEG_0452,1:1,0,3,East Khasi Block,25.641170,91.759478,6383.8,1587.91,25.39,316.13,0.000584,-0.001735,4.5961,37.4569,10,Tree cover,0.658,27.2,38.5,1.29,4.3,Metamorphic,MT,47.3,2589.1,NA,NA,NO_EVENT,NA,NA,NA,NA,NA,NA,NA,NA,NA,NA
NEG_0453,1:1,0,3,East Khasi Block,25.485437,91.777158,777.4,1718.95,22.80,337.56,0.001379,0.002157,5.0256,20.7077,10,Tree cover,0.833,31.1,38.2,1.35,4.3,Metamorphic,MT,158.4,633.4,NA,NA,NO_EVENT,NA,NA,NA,NA,NA,NA,NA,NA,NA,NA
NEG_0454,1:1,0,1,Garo Hills Block,25.366700,89.870860,19110.6,25.00,19.57,36.33,0.001812,0.001382,5.7219,39.4215,10,Tree cover,0.734,23.7,49.6,1.39,5.3,Mixed Sedimentary,SM,113.4,454.2,NA,NA,NO_EVENT,NA,NA,NA,NA,NA,NA,NA,NA,NA,NA
NEG_0455,1:1,0,3,East Khasi Block,25.438365,91.830961,1848.2,1684.36,31.38,8.51,-0.003641,-0.000424,4.5237,33.5019,10,Tree cover,0.692,32.7,38.2,1.36,4.3,Metamorphic,MT,23.5,534.7,NA,NA,NO_EVENT,NA,NA,NA,NA,NA,NA,NA,NA,NA,NA
NEG_0456,1:1,0,1,Garo Hills Block,25.157370,90.721506,10715.0,143.91,15.66,162.25,0.002835,0.000468,5.8447,18.7202,10,Tree cover,0.829,30.2,51.5,1.44,5.2,Mixed Sedimentary,SM,24.3,491.6,NA,NA,NO_EVENT,NA,NA,NA,NA,NA,NA,NA,NA,NA,NA
NEG_0457,1:1,0,2,West Khasi Block,25.399593,91.381986,3643.1,1072.04,30.63,153.83,-0.001549,0.001595,4.7319,44.2519,10,Tree cover,0.714,33.9,46.0,1.37,5.0,Metamorphic,MT,38.5,2170.8,NA,NA,NO_EVENT,NA,NA,NA,NA,NA,NA,NA,NA,NA,NA
NEG_0458,1:1,0,4,Ri-Bhoi Block,25.663063,92.330408,11035.0,1137.18,28.64,318.78,-0.002198,-0.001674,4.3766,45.3241,60,Bare / sparse vegetation,0.290,27.2,42.4,1.29,4.8,Metamorphic,MT,6.4,3983.3,NA,NA,NO_EVENT,NA,NA,NA,NA,NA,NA,NA,NA,NA,NA
NEG_0459,1:1,0,4,Ri-Bhoi Block,25.881311,91.530746,6044.1,1142.07,26.75,115.75,-0.000251,-0.002759,5.2332,20.7068,60,Bare / sparse vegetation,0.331,33.0,45.9,1.32,5.0,Metamorphic,MT,17.7,1603.9,NA,NA,NO_EVENT,NA,NA,NA,NA,NA,NA,NA,NA,NA,NA
NEG_0460,1:1,0,4,Ri-Bhoi Block,25.725132,92.423438,12888.0,1031.02,27.06,336.84,-0.000217,-0.001866,4.6946,50.4488,10,Tree cover,0.692,27.9,39.2,1.28,4.6,Metamorphic,MT,51.7,7080.3,NA,NA,NO_EVENT,NA,NA,NA,NA,NA,NA,NA,NA,NA,NA
NEG_0461,1:1,0,1,Garo Hills Block,25.371576,89.940079,12135.0,65.14,16.39,47.93,-0.000981,0.002197,5.9624,35.4821,10,Tree cover,0.731,23.6,52.1,1.39,5.4,Mixed Sedimentary,SM,6.4,1522.2,NA,NA,NO_EVENT,NA,NA,NA,NA,NA,NA,NA,NA,NA,NA
NEG_0462,1:1,0,1,Garo Hills Block,25.124474,90.702056,11812.3,99.74,14.37,187.56,-0.000799,0.001843,5.8174,18.0753,40,Cropland,0.514,30.3,52.1,1.44,5.2,Mixed Sedimentary,SM,82.5,914.1,NA,NA,NO_EVENT,NA,NA,NA,NA,NA,NA,NA,NA,NA,NA
NEG_0463,1:1,0,2,West Khasi Block,25.046529,91.293475,18128.6,836.96,29.02,248.60,-0.000126,0.001655,4.3747,32.0995,60,Bare / sparse vegetation,0.177,28.9,52.9,1.43,4.8,Siliciclastic Sedimentary,SS,14.4,87.5,NA,NA,NO_EVENT,NA,NA,NA,NA,NA,NA,NA,NA,NA,NA
NEG_0464,1:1,0,5,Jaintia Hills Block,25.077269,92.276944,5956.3,996.94,20.64,321.13,-0.002678,-0.000460,5.1381,22.5659,10,Tree cover,0.823,29.7,45.2,1.44,4.8,Siliciclastic Sedimentary,SS,160.8,717.3,NA,NA,NO_EVENT,NA,NA,NA,NA,NA,NA,NA,NA,NA,NA
NEG_0465,1:1,0,4,Ri-Bhoi Block,25.824538,92.555451,25710.7,767.73,22.09,120.41,0.000515,-0.000048,5.4700,30.2849,10,Tree cover,0.752,31.0,38.6,1.30,4.5,Metamorphic,MT,235.4,759.2,NA,NA,NO_EVENT,NA,NA,NA,NA,NA,NA,NA,NA,NA,NA
NEG_0466,1:1,0,4,Ri-Bhoi Block,25.705045,91.346823,10635.9,1064.97,30.03,215.62,-0.004753,0.000134,4.3851,53.3932,10,Tree cover,0.682,27.6,45.0,1.28,5.0,Metamorphic,MT,37.7,8637.8,NA,NA,NO_EVENT,NA,NA,NA,NA,NA,NA,NA,NA,NA,NA
NEG_0467,1:1,0,4,Ri-Bhoi Block,26.004172,91.862112,502.0,1283.53,25.61,65.99,-0.001019,-0.000143,5.2121,30.3995,10,Tree cover,0.828,35.2,38.7,1.36,4.5,Metamorphic,MT,165.4,2309.8,NA,NA,NO_EVENT,NA,NA,NA,NA,NA,NA,NA,NA,NA,NA
NEG_0468,1:1,0,1,Garo Hills Block,25.202103,90.770543,13795.7,298.16,26.93,146.80,0.002524,0.000419,5.1013,26.9700,10,Tree cover,0.820,29.4,49.6,1.43,5.3,Mixed Sedimentary,SM,98.7,537.0,NA,NA,NO_EVENT,NA,NA,NA,NA,NA,NA,NA,NA,NA,NA
NEG_0469,1:1,0,5,Jaintia Hills Block,25.611050,92.019170,4132.1,1627.29,21.28,226.19,-0.001922,-0.001822,4.8986,28.2184,10,Tree cover,0.652,27.5,44.1,1.30,4.7,Metamorphic,MT,109.1,1339.5,NA,NA,NO_EVENT,NA,NA,NA,NA,NA,NA,NA,NA,NA,NA
NEG_0470,1:1,0,1,Garo Hills Block,25.646586,90.351957,2843.1,96.94,34.41,288.61,-0.001381,-0.000018,3.8830,46.0644,10,Tree cover,0.659,28.0,44.3,1.32,4.8,Mixed Sedimentary,SM,39.0,370.9,NA,NA,NO_EVENT,NA,NA,NA,NA,NA,NA,NA,NA,NA,NA
NEG_0471,1:1,0,5,Jaintia Hills Block,25.543287,92.821159,27290.7,455.34,14.44,261.10,0.001661,0.001794,5.5162,18.3508,10,Tree cover,0.653,29.1,46.7,1.32,5.1,Metamorphic,MT,61.8,8561.0,NA,NA,NO_EVENT,NA,NA,NA,NA,NA,NA,NA,NA,NA,NA
NEG_0472,1:1,0,3,East Khasi Block,25.299029,91.626204,3292.9,1359.03,28.35,64.80,0.003855,-0.000665,5.1303,50.0901,10,Tree cover,0.776,26.0,44.6,1.41,5.2,Siliciclastic Sedimentary,SS,175.5,776.0,NA,NA,NO_EVENT,NA,NA,NA,NA,NA,NA,NA,NA,NA,NA
NEG_0473,1:1,0,1,Garo Hills Block,25.576918,90.999920,4415.2,594.25,16.50,296.79,-0.004397,-0.000152,5.2946,21.1725,10,Tree cover,0.650,25.4,44.7,1.33,5.3,Mixed Sedimentary,SM,120.7,1844.6,NA,NA,NO_EVENT,NA,NA,NA,NA,NA,NA,NA,NA,NA,NA
NEG_0474,1:1,0,1,Garo Hills Block,25.134332,90.887165,16649.8,342.25,21.60,178.43,-0.000137,0.002166,5.2784,18.0042,10,Tree cover,0.830,30.3,44.9,1.44,5.4,Mixed Sedimentary,SM,22.1,1251.3,NA,NA,NO_EVENT,NA,NA,NA,NA,NA,NA,NA,NA,NA,NA
NEG_0475,1:1,0,5,Jaintia Hills Block,25.467425,92.271399,1788.1,1281.33,25.14,341.54,0.002855,0.001112,4.9073,24.0451,10,Tree cover,0.677,31.7,44.6,1.35,4.9,Metamorphic,MT,149.1,2449.8,NA,NA,NO_EVENT,NA,NA,NA,NA,NA,NA,NA,NA,NA,NA
NEG_0476,1:1,0,2,West Khasi Block,25.128144,91.358115,7554.4,908.01,23.92,183.24,0.000573,0.000045,5.0680,18.0388,60,Bare / sparse vegetation,0.273,30.3,51.2,1.44,4.8,Siliciclastic Sedimentary,SS,20.0,2722.4,NA,NA,NO_EVENT,NA,NA,NA,NA,NA,NA,NA,NA,NA,NA
NEG_0477,1:1,0,2,West Khasi Block,25.210100,91.299455,6653.8,844.51,28.72,116.87,-0.000556,0.001058,4.9819,29.5982,10,Tree cover,0.817,29.2,52.8,1.43,4.8,Siliciclastic Sedimentary,SS,71.5,455.6,NA,NA,NO_EVENT,NA,NA,NA,NA,NA,NA,NA,NA,NA,NA
NEG_0478,1:1,0,3,East Khasi Block,25.173816,91.653265,845.7,1231.72,27.23,30.14,-0.001900,0.001391,4.9813,21.4031,60,Bare / sparse vegetation,0.337,30.0,45.3,1.44,5.3,Siliciclastic Sedimentary,SS,8.4,863.5,NA,NA,NO_EVENT,NA,NA,NA,NA,NA,NA,NA,NA,NA,NA
NEG_0479,1:1,0,1,Garo Hills Block,25.681529,89.905055,14121.0,25.00,25.11,319.96,-0.000833,0.001196,4.7056,45.1128,10,Tree cover,0.671,29.1,51.0,1.32,5.4,Mixed Sedimentary,SM,232.4,3761.3,NA,NA,NO_EVENT,NA,NA,NA,NA,NA,NA,NA,NA,NA,NA
NEG_0480,1:1,0,1,Garo Hills Block,25.029720,90.507959,23576.2,25.00,29.90,318.08,-0.001958,0.001730,4.2650,37.3298,10,Tree cover,0.808,28.4,49.9,1.43,4.8,Mixed Sedimentary,SM,59.5,108.3,NA,NA,NO_EVENT,NA,NA,NA,NA,NA,NA,NA,NA,NA,NA
NEG_0481,1:1,0,2,West Khasi Block,25.159988,91.572207,2323.8,1110.61,21.83,100.97,-0.001918,-0.001848,5.3612,19.2251,10,Tree cover,0.828,30.2,44.1,1.44,5.1,Siliciclastic Sedimentary,SS,108.4,173.9,NA,NA,NO_EVENT,NA,NA,NA,NA,NA,NA,NA,NA,NA,NA
NEG_0482,1:1,0,4,Ri-Bhoi Block,26.095348,92.690985,20104.3,513.80,34.66,191.42,-0.001502,0.001359,4.1472,58.6244,10,Tree cover,0.821,34.0,43.1,1.38,4.8,Metamorphic,MT,45.5,996.6,NA,NA,NO_EVENT,NA,NA,NA,NA,NA,NA,NA,NA,NA,NA
NEG_0483,1:1,0,1,Garo Hills Block,25.159058,90.635883,5681.0,25.00,22.21,92.06,-0.002111,0.001717,5.3273,19.1640,10,Tree cover,0.828,30.2,53.1,1.44,5.1,Mixed Sedimentary,SM,184.3,392.6,NA,NA,NO_EVENT,NA,NA,NA,NA,NA,NA,NA,NA,NA,NA
NEG_0484,1:1,0,2,West Khasi Block,25.373555,91.328382,6522.9,1061.62,24.37,132.16,0.000970,-0.001928,5.3182,43.6971,10,Tree cover,0.730,34.5,44.3,1.38,4.9,Metamorphic,MT,110.0,2658.5,NA,NA,NO_EVENT,NA,NA,NA,NA,NA,NA,NA,NA,NA,NA
NEG_0485,1:1,0,4,Ri-Bhoi Block,25.887957,92.834566,13142.6,384.08,25.71,89.70,-0.000110,-0.002093,5.3251,19.7641,10,Tree cover,0.789,33.2,46.8,1.32,5.1,Metamorphic,MT,106.5,1773.3,NA,NA,NO_EVENT,NA,NA,NA,NA,NA,NA,NA,NA,NA,NA
NEG_0486,1:1,0,3,East Khasi Block,25.178088,91.646453,993.1,1222.51,28.35,34.53,-0.002671,0.001026,4.9072,22.2842,10,Tree cover,0.826,29.9,45.1,1.44,5.3,Siliciclastic Sedimentary,SS,308.2,408.1,NA,NA,NO_EVENT,NA,NA,NA,NA,NA,NA,NA,NA,NA,NA
NEG_0487,1:1,0,1,Garo Hills Block,25.954706,89.866067,42613.7,25.00,19.25,43.43,-0.004542,-0.000155,5.8336,19.9211,10,Tree cover,0.818,25.0,49.3,1.39,5.3,Mixed Sedimentary,SM,55.6,494.2,NA,NA,NO_EVENT,NA,NA,NA,NA,NA,NA,NA,NA,NA,NA
NEG_0488,1:1,0,4,Ri-Bhoi Block,25.955813,92.842955,5688.2,444.28,16.24,84.54,-0.004176,0.000250,6.0727,19.7173,10,Tree cover,0.818,34.8,46.9,1.34,5.1,Metamorphic,MT,137.7,3051.1,NA,NA,NO_EVENT,NA,NA,NA,NA,NA,NA,NA,NA,NA,NA
NEG_0489,1:1,0,1,Garo Hills Block,25.122047,90.656645,10073.8,61.37,18.28,206.37,0.000318,0.002808,5.4949,18.1602,10,Tree cover,0.830,30.3,53.0,1.44,5.1,Mixed Sedimentary,SM,140.0,177.2,NA,NA,NO_EVENT,NA,NA,NA,NA,NA,NA,NA,NA,NA,NA
NEG_0490,1:1,0,3,East Khasi Block,25.215544,91.865282,1155.4,1308.07,33.79,70.56,-0.004354,-0.000183,4.5914,33.3378,10,Tree cover,0.815,29.0,52.9,1.43,5.3,Siliciclastic Sedimentary,SS,110.2,1345.7,NA,NA,NO_EVENT,NA,NA,NA,NA,NA,NA,NA,NA,NA,NA
NEG_0491,1:1,0,2,West Khasi Block,25.106371,91.447960,7301.0,946.64,19.07,195.16,-0.001950,0.001828,5.3701,19.0035,10,Tree cover,0.828,30.2,47.4,1.44,4.9,Siliciclastic Sedimentary,SS,25.0,39.1,NA,NA,NO_EVENT,NA,NA,NA,NA,NA,NA,NA,NA,NA,NA
NEG_0492,1:1,0,1,Garo Hills Block,25.153924,89.826835,34453.6,76.40,23.96,12.18,-0.002129,-0.001392,5.1673,18.8178,10,Tree cover,0.829,30.2,47.6,1.44,5.2,Mixed Sedimentary,SM,36.7,955.0,NA,NA,NO_EVENT,NA,NA,NA,NA,NA,NA,NA,NA,NA,NA
NEG_0493,1:1,0,2,West Khasi Block,25.561714,91.178587,2221.2,875.67,18.44,309.40,-0.001141,-0.000781,5.1600,19.8116,10,Tree cover,0.651,28.6,39.0,1.32,4.6,Metamorphic,MT,173.5,3468.0,NA,NA,NO_EVENT,NA,NA,NA,NA,NA,NA,NA,NA,NA,NA
NEG_0494,1:1,0,2,West Khasi Block,25.020839,91.547976,15438.9,1030.94,28.95,252.12,0.000083,0.002821,4.3241,39.1546,10,Tree cover,0.804,28.1,44.3,1.43,5.1,Siliciclastic Sedimentary,SS,30.8,2054.3,NA,NA,NO_EVENT,NA,NA,NA,NA,NA,NA,NA,NA,NA,NA
NEG_0495,1:1,0,4,Ri-Bhoi Block,26.058135,92.036481,5534.0,1078.00,25.51,170.28,-0.001365,0.001185,5.0272,42.8004,60,Bare / sparse vegetation,0.161,34.8,44.7,1.38,4.9,Metamorphic,MT,16.9,7201.7,NA,NA,NO_EVENT,NA,NA,NA,NA,NA,NA,NA,NA,NA,NA
NEG_0496,1:1,0,5,Jaintia Hills Block,25.124121,92.037064,6719.5,1200.32,14.50,184.95,-0.000306,-0.002808,5.8056,18.0826,10,Tree cover,0.830,38.1,24.4,1.32,6.0,Carbonate Sedimentary,SC,123.7,235.1,NA,NA,NO_EVENT,NA,NA,NA,NA,NA,NA,NA,NA,NA,NA
NEG_0497,1:1,0,1,Garo Hills Block,25.951844,90.976428,15391.8,510.87,14.92,74.04,0.004966,-0.000018,6.1839,19.2705,10,Tree cover,0.817,25.1,44.3,1.39,5.3,Mixed Sedimentary,SM,28.1,628.9,NA,NA,NO_EVENT,NA,NA,NA,NA,NA,NA,NA,NA,NA,NA
NEG_0498,1:1,0,4,Ri-Bhoi Block,25.665308,92.700576,18281.8,618.64,35.00,220.07,0.001891,0.001828,3.8729,51.9926,10,Tree cover,0.665,27.2,43.4,1.29,4.9,Metamorphic,MT,127.3,5446.8,NA,NA,NO_EVENT,NA,NA,NA,NA,NA,NA,NA,NA,NA,NA
NEG_0499,1:1,0,5,Jaintia Hills Block,25.344380,92.446815,3774.2,1014.06,22.64,52.01,-0.002113,0.001416,5.5307,44.7635,10,Tree cover,0.748,35.0,38.6,1.38,4.5,Metamorphic,MT,211.3,1165.6,NA,NA,NO_EVENT,NA,NA,NA,NA,NA,NA,NA,NA,NA,NA
NEG_0500,1:1,0,3,East Khasi Block,25.167645,91.889695,4681.0,1259.94,26.99,86.84,-0.002833,0.001298,4.9776,20.4603,10,Tree cover,0.827,30.1,53.1,1.44,5.3,Siliciclastic Sedimentary,SS,22.4,324.7,NA,NA,NO_EVENT,NA,NA,NA,NA,NA,NA,NA,NA,NA,NA
NEG_0501,1:1,0,1,Garo Hills Block,25.669962,90.893399,8797.2,494.89,32.43,236.21,-0.002170,0.001600,4.0896,50.6006,10,Tree cover,0.667,28.8,44.8,1.32,5.4,Mixed Sedimentary,SM,108.1,2478.3,NA,NA,NO_EVENT,NA,NA,NA,NA,NA,NA,NA,NA,NA,NA
NEG_0502,1:1,0,2,West Khasi Block,25.441629,91.080562,1570.7,712.75,35.01,3.12,-0.003974,-0.000236,4.2203,34.2210,10,Tree cover,0.847,32.6,38.2,1.36,4.5,Metamorphic,MT,108.4,178.2,NA,NA,NO_EVENT,NA,NA,NA,NA,NA,NA,NA,NA,NA,NA
NEG_0503,1:1,0,2,West Khasi Block,25.591009,91.214936,1857.5,904.76,18.41,295.11,-0.004083,0.000548,5.1306,23.5412,10,Tree cover,0.650,27.9,40.0,1.30,4.6,Metamorphic,MT,173.2,2784.4,NA,NA,NO_EVENT,NA,NA,NA,NA,NA,NA,NA,NA,NA,NA
NEG_0504,1:1,0,4,Ri-Bhoi Block,25.655809,91.028595,2140.2,647.48,29.56,309.41,0.000881,-0.002442,4.2877,44.4732,60,Bare / sparse vegetation,0.279,27.2,39.1,1.29,4.6,Metamorphic,MT,14.8,5065.6,NA,NA,NO_EVENT,NA,NA,NA,NA,NA,NA,NA,NA,NA,NA
NEG_0505,1:1,0,2,West Khasi Block,25.100388,91.051254,10138.5,506.70,22.86,339.56,0.000710,-0.002031,5.0440,19.7970,60,Bare / sparse vegetation,0.235,30.1,46.3,1.44,5.2,Siliciclastic Sedimentary,SS,7.6,154.4,NA,NA,NO_EVENT,NA,NA,NA,NA,NA,NA,NA,NA,NA,NA
NEG_0506,1:1,0,5,Jaintia Hills Block,25.341088,92.015632,605.5,1443.91,14.07,137.35,-0.003232,-0.000968,6.2230,34.7290,10,Tree cover,0.750,35.0,43.9,1.38,4.6,Metamorphic,MT,11.8,1992.9,NA,NA,NO_EVENT,NA,NA,NA,NA,NA,NA,NA,NA,NA,NA
NEG_0507,1:1,0,4,Ri-Bhoi Block,26.087478,91.567170,8382.0,959.16,30.94,230.06,0.002406,-0.000781,4.4759,53.4212,10,Tree cover,0.823,34.2,44.9,1.38,5.0,Metamorphic,MT,66.1,543.5,NA,NA,NO_EVENT,NA,NA,NA,NA,NA,NA,NA,NA,NA,NA
NEG_0508,1:1,0,5,Jaintia Hills Block,25.355919,92.089265,2453.5,1393.74,19.66,139.33,0.002748,-0.001207,5.7430,40.5218,10,Tree cover,0.741,34.8,46.2,1.38,5.1,Metamorphic,MT,15.6,1352.2,NA,NA,NO_EVENT,NA,NA,NA,NA,NA,NA,NA,NA,NA,NA
NEG_0509,1:1,0,5,Jaintia Hills Block,25.205416,92.271858,5040.7,1098.69,23.66,47.26,0.003136,0.000557,5.3730,26.5634,10,Tree cover,0.819,41.3,30.5,1.34,5.4,Carbonate Sedimentary,SC,87.3,3573.0,NA,NA,NO_EVENT,NA,NA,NA,NA,NA,NA,NA,NA,NA,NA
NEG_0510,1:1,0,1,Garo Hills Block,25.051370,89.912232,37810.8,25.00,24.95,318.09,0.000017,-0.001341,4.7133,28.9935,10,Tree cover,0.816,29.1,51.2,1.43,5.4,Mixed Sedimentary,SM,70.9,991.7,NA,NA,NO_EVENT,NA,NA,NA,NA,NA,NA,NA,NA,NA,NA
NEG_0511,1:1,0,4,Ri-Bhoi Block,25.905167,92.828634,11459.8,410.20,22.88,93.13,-0.001346,-0.002139,5.5662,18.2946,10,Tree cover,0.798,33.7,46.8,1.32,5.1,Metamorphic,MT,128.2,1094.6,NA,NA,NO_EVENT,NA,NA,NA,NA,NA,NA,NA,NA,NA,NA
NEG_0512,1:1,0,2,West Khasi Block,25.221136,91.575198,691.1,1138.98,31.58,91.65,-0.002675,0.001334,4.7829,33.9952,10,Tree cover,0.813,28.9,44.1,1.43,5.1,Siliciclastic Sedimentary,SS,46.6,588.3,NA,NA,NO_EVENT,NA,NA,NA,NA,NA,NA,NA,NA,NA,NA
NEG_0513,1:1,0,3,East Khasi Block,25.443308,91.816635,671.1,1676.71,29.84,3.02,-0.002310,-0.000238,4.6272,31.3586,10,Tree cover,0.689,32.6,38.1,1.36,4.3,Metamorphic,MT,101.7,653.4,NA,NA,NO_EVENT,NA,NA,NA,NA,NA,NA,NA,NA,NA,NA
NEG_0514,1:1,0,1,Garo Hills Block,25.068801,90.998542,14218.6,488.80,22.80,308.49,-0.004499,0.000036,4.9373,24.5558,10,Tree cover,0.821,29.5,44.6,1.44,5.3,Mixed Sedimentary,SM,142.6,255.8,NA,NA,NO_EVENT,NA,NA,NA,NA,NA,NA,NA,NA,NA,NA
NEG_0515,1:1,0,4,Ri-Bhoi Block,25.723043,92.825831,31317.9,561.64,17.95,257.51,-0.002228,0.001459,5.4156,39.5378,10,Tree cover,0.691,27.9,46.8,1.28,5.1,Metamorphic,MT,104.0,339.3,NA,NA,NO_EVENT,NA,NA,NA,NA,NA,NA,NA,NA,NA,NA
NEG_0516,1:1,0,5,Jaintia Hills Block,25.551570,92.066798,2613.5,1657.34,16.57,221.35,0.001895,0.001351,5.3281,18.8563,10,Tree cover,0.652,28.9,45.6,1.32,4.8,Metamorphic,MT,64.6,2402.3,NA,NA,NO_EVENT,NA,NA,NA,NA,NA,NA,NA,NA,NA,NA
NEG_0517,1:1,0,3,East Khasi Block,25.610383,91.838376,1857.5,1752.59,27.59,296.95,0.002503,-0.001261,4.3936,31.0755,10,Tree cover,0.801,27.5,38.3,1.30,4.3,Metamorphic,MT,46.3,1413.1,NA,NA,NO_EVENT,NA,NA,NA,NA,NA,NA,NA,NA,NA,NA
NEG_0518,1:1,0,4,Ri-Bhoi Block,25.779015,91.232813,10084.4,864.38,14.88,30.78,-0.002169,0.000065,5.8810,32.3679,10,Tree cover,0.723,29.4,40.7,1.29,4.7,Metamorphic,MT,34.6,5118.8,NA,NA,NO_EVENT,NA,NA,NA,NA,NA,NA,NA,NA,NA,NA
NEG_0519,1:1,0,4,Ri-Bhoi Block,25.808587,91.542853,8105.6,1201.87,21.67,126.52,-0.000366,0.001117,5.4494,33.3558,10,Tree cover,0.742,30.4,45.6,1.29,5.0,Metamorphic,MT,13.8,437.8,NA,NA,NO_EVENT,NA,NA,NA,NA,NA,NA,NA,NA,NA,NA
NEG_0520,1:1,0,3,East Khasi Block,25.311586,91.652356,1757.0,1391.09,25.64,55.10,0.002255,-0.000635,5.3394,48.1686,60,Bare / sparse vegetation,0.381,25.6,45.3,1.41,5.3,Siliciclastic Sedimentary,SS,13.7,516.8,NA,NA,NO_EVENT,NA,NA,NA,NA,NA,NA,NA,NA,NA,NA
NEG_0521,1:1,0,5,Jaintia Hills Block,25.474403,92.348618,8391.7,1228.10,28.94,344.66,-0.003623,0.000662,4.5762,23.4747,10,Tree cover,0.674,31.5,41.7,1.35,4.7,Metamorphic,MT,404.1,1065.3,NA,NA,NO_EVENT,NA,NA,NA,NA,NA,NA,NA,NA,NA,NA
NEG_0522,1:1,0,3,East Khasi Block,25.557762,91.882748,513.1,1771.68,23.99,275.63,0.003938,-0.000580,4.7228,19.8823,10,Tree cover,0.767,22.0,61.2,1.30,4.6,Plutonic Acidic,PA,241.7,1302.3,NA,NA,NO_EVENT,NA,NA,NA,NA,NA,NA,NA,NA,NA,NA
NEG_0523,1:1,0,1,Garo Hills Block,25.229299,90.111711,10725.1,85.27,32.32,136.54,-0.003204,-0.000599,4.7434,36.8902,60,Bare / sparse vegetation,0.390,28.6,50.8,1.43,5.3,Mixed Sedimentary,SM,5.8,857.2,NA,NA,NO_EVENT,NA,NA,NA,NA,NA,NA,NA,NA,NA,NA
NEG_0524,1:1,0,1,Garo Hills Block,25.522667,90.118420,9308.4,97.37,21.84,217.39,0.001438,-0.001208,4.9779,18.0129,10,Tree cover,0.658,23.6,50.6,1.34,5.3,Mixed Sedimentary,SM,109.5,606.2,NA,NA,NO_EVENT,NA,NA,NA,NA,NA,NA,NA,NA,NA,NA
NEG_0525,1:1,0,2,West Khasi Block,25.164282,91.247883,4300.9,765.51,16.66,63.71,0.003265,-0.000825,5.7913,19.2461,10,Tree cover,0.828,30.1,53.0,1.44,4.8,Siliciclastic Sedimentary,SS,38.8,1099.0,NA,NA,NO_EVENT,NA,NA,NA,NA,NA,NA,NA,NA,NA,NA
NEG_0526,1:1,0,3,East Khasi Block,25.536941,91.943542,2174.7,1717.22,21.16,237.64,-0.001545,-0.002031,4.9938,18.2143,10,Tree cover,0.720,29.3,41.1,1.33,4.5,Metamorphic,MT,107.0,904.3,NA,NA,NO_EVENT,NA,NA,NA,NA,NA,NA,NA,NA,NA,NA
NEG_0527,1:1,0,1,Garo Hills Block,25.119376,90.886958,17365.0,341.88,22.09,192.89,0.001139,0.002038,5.1795,18.3019,10,Tree cover,0.830,30.3,44.9,1.44,5.4,Mixed Sedimentary,SM,31.2,1288.8,NA,NA,NO_EVENT,NA,NA,NA,NA,NA,NA,NA,NA,NA,NA
NEG_0528,1:1,0,5,Jaintia Hills Block,25.031649,92.456723,1449.0,787.52,33.68,304.88,-0.002020,-0.001749,3.9667,39.1510,10,Tree cover,0.808,28.5,52.2,1.43,5.1,Siliciclastic Sedimentary,SS,73.2,375.6,NA,NA,NO_EVENT,NA,NA,NA,NA,NA,NA,NA,NA,NA,NA
NEG_0529,1:1,0,4,Ri-Bhoi Block,25.664288,91.302452,5501.7,1082.00,30.82,245.12,-0.000638,-0.002209,4.2050,47.6944,10,Tree cover,0.665,27.2,43.4,1.29,4.9,Metamorphic,MT,201.8,6305.5,NA,NA,NO_EVENT,NA,NA,NA,NA,NA,NA,NA,NA,NA,NA
NEG_0530,1:1,0,1,Garo Hills Block,25.027226,90.502152,24122.0,25.00,29.24,318.13,-0.001982,0.001499,4.3128,37.5997,10,Tree cover,0.807,28.3,49.7,1.43,4.8,Mixed Sedimentary,SM,225.1,446.1,NA,NA,NO_EVENT,NA,NA,NA,NA,NA,NA,NA,NA,NA,NA
NEG_0531,1:1,0,2,West Khasi Block,25.519927,91.361853,3526.5,1156.35,26.46,218.66,0.001253,-0.000314,4.6164,18.0617,10,Tree cover,0.658,29.9,45.4,1.33,5.0,Metamorphic,MT,213.6,1180.2,NA,NA,NO_EVENT,NA,NA,NA,NA,NA,NA,NA,NA,NA,NA
NEG_0532,1:1,0,4,Ri-Bhoi Block,25.757555,91.971878,4619.4,1532.02,17.29,182.79,0.000411,-0.001022,5.6028,37.0953,10,Tree cover,0.710,28.7,42.2,1.28,4.5,Metamorphic,MT,43.7,3439.6,NA,NA,NO_EVENT,NA,NA,NA,NA,NA,NA,NA,NA,NA,NA
NEG_0533,1:1,0,3,East Khasi Block,25.490531,91.945366,4790.7,1695.34,27.94,219.52,0.001225,-0.002256,4.5958,20.5477,10,Tree cover,0.668,30.9,41.2,1.34,4.5,Metamorphic,MT,29.2,1207.5,NA,NA,NO_EVENT,NA,NA,NA,NA,NA,NA,NA,NA,NA,NA
NEG_0534,1:1,0,1,Garo Hills Block,26.063449,90.358859,31376.0,59.35,33.68,17.54,0.004719,-0.000144,4.3526,52.0439,10,Tree cover,0.828,22.5,44.4,1.43,4.8,Mixed Sedimentary,SM,37.5,1166.3,NA,NA,NO_EVENT,NA,NA,NA,NA,NA,NA,NA,NA,NA,NA
NEG_0535,1:1,0,2,West Khasi Block,25.535889,91.594074,864.0,1370.63,22.93,282.04,0.002837,0.000859,4.8548,18.1918,10,Tree cover,0.655,29.3,43.9,1.33,4.9,Metamorphic,MT,107.1,374.9,NA,NA,NO_EVENT,NA,NA,NA,NA,NA,NA,NA,NA,NA,NA
NEG_0536,1:1,0,2,West Khasi Block,25.153669,91.465813,2499.7,1068.65,16.64,166.98,0.002266,0.001093,5.7519,18.5545,10,Tree cover,0.829,30.2,46.6,1.44,4.9,Siliciclastic Sedimentary,SS,18.6,883.2,NA,NA,NO_EVENT,NA,NA,NA,NA,NA,NA,NA,NA,NA,NA
NEG_0537,1:1,0,2,West Khasi Block,25.193522,91.286547,5344.5,809.58,24.63,112.00,0.001009,-0.000151,5.2580,24.4544,10,Tree cover,0.822,29.6,53.0,1.44,4.8,Siliciclastic Sedimentary,SS,58.9,389.2,NA,NA,NO_EVENT,NA,NA,NA,NA,NA,NA,NA,NA,NA,NA
NEG_0538,1:1,0,5,Jaintia Hills Block,25.088083,92.305065,3098.9,944.44,19.23,332.73,0.000568,-0.001306,5.2888,20.8221,10,Tree cover,0.826,36.7,31.4,1.31,5.4,Carbonate Sedimentary,SC,79.5,200.6,NA,NA,NO_EVENT,NA,NA,NA,NA,NA,NA,NA,NA,NA,NA
NEG_0539,1:1,0,3,East Khasi Block,25.555436,91.931417,2044.1,1728.57,21.92,246.32,-0.000950,-0.001218,4.8926,19.4859,10,Tree cover,0.729,28.7,40.7,1.32,4.4,Metamorphic,MT,63.1,1648.0,NA,NA,NO_EVENT,NA,NA,NA,NA,NA,NA,NA,NA,NA,NA
NEG_0540,1:1,0,1,Garo Hills Block,25.533787,89.890693,8983.4,102.01,16.72,320.20,0.001460,-0.002119,5.3570,18.0893,10,Tree cover,0.655,23.9,50.4,1.34,5.3,Mixed Sedimentary,SM,178.5,1239.2,NA,NA,NO_EVENT,NA,NA,NA,NA,NA,NA,NA,NA,NA,NA
NEG_0541,1:1,0,2,West Khasi Block,25.158995,91.456125,3362.9,1074.81,18.18,164.51,0.002379,0.001488,5.6494,18.9483,10,Tree cover,0.828,30.2,47.0,1.44,4.9,Siliciclastic Sedimentary,SS,20.7,91.8,NA,NA,NO_EVENT,NA,NA,NA,NA,NA,NA,NA,NA,NA,NA
NEG_0542,1:1,0,3,East Khasi Block,25.605123,91.965464,4792.8,1707.80,24.20,236.04,-0.002998,0.001063,4.6640,28.2862,10,Tree cover,0.706,27.6,42.0,1.30,4.5,Metamorphic,MT,79.4,4521.7,NA,NA,NO_EVENT,NA,NA,NA,NA,NA,NA,NA,NA,NA,NA
NEG_0543,1:1,0,3,East Khasi Block,25.152131,91.906635,7097.5,1261.04,24.66,127.89,-0.000927,0.002435,5.1043,18.7063,10,Tree cover,0.829,30.2,53.0,1.44,5.3,Siliciclastic Sedimentary,SS,148.2,37.3,NA,NA,NO_EVENT,NA,NA,NA,NA,NA,NA,NA,NA,NA,NA
NEG_0544,1:1,0,3,East Khasi Block,25.596668,91.922941,567.5,1751.19,27.34,252.81,0.000006,0.001700,4.4139,27.5484,10,Tree cover,0.735,27.8,40.4,1.30,4.4,Metamorphic,MT,34.9,2235.1,NA,NA,NO_EVENT,NA,NA,NA,NA,NA,NA,NA,NA,NA,NA
NEG_0545,1:1,0,1,Garo Hills Block,25.911899,89.848781,39062.0,55.58,27.75,44.95,-0.002943,-0.000047,5.1792,18.0829,10,Tree cover,0.801,26.6,48.6,1.38,5.3,Mixed Sedimentary,SM,88.1,562.0,NA,NA,NO_EVENT,NA,NA,NA,NA,NA,NA,NA,NA,NA,NA
NEG_0546,1:1,0,4,Ri-Bhoi Block,26.005099,91.860274,709.4,1280.16,25.61,64.48,-0.000906,-0.000008,5.2093,30.6234,10,Tree cover,0.829,35.2,38.6,1.36,4.5,Metamorphic,MT,375.6,2125.4,NA,NA,NO_EVENT,NA,NA,NA,NA,NA,NA,NA,NA,NA,NA
NEG_0547,1:1,0,4,Ri-Bhoi Block,26.015560,92.335978,10790.0,869.78,22.08,30.23,0.000310,0.001860,5.4583,31.0882,10,Tree cover,0.830,35.2,42.2,1.37,4.8,Metamorphic,MT,402.5,5722.5,NA,NA,NO_EVENT,NA,NA,NA,NA,NA,NA,NA,NA,NA,NA
NEG_0548,1:1,0,1,Garo Hills Block,26.012289,89.809997,50749.2,25.00,27.89,32.53,-0.000007,0.002506,5.0042,33.6571,10,Tree cover,0.829,23.2,46.9,1.41,5.2,Mixed Sedimentary,SM,22.9,666.8,NA,NA,NO_EVENT,NA,NA,NA,NA,NA,NA,NA,NA,NA,NA
NEG_0549,1:1,0,3,East Khasi Block,25.156572,91.719943,3314.9,1292.72,17.67,13.42,0.002622,0.000884,5.6808,18.7614,10,Tree cover,0.829,30.2,47.9,1.44,5.4,Siliciclastic Sedimentary,SS,72.4,361.1,NA,NA,NO_EVENT,NA,NA,NA,NA,NA,NA,NA,NA,NA,NA
NEG_0550,1:1,0,5,Jaintia Hills Block,25.640313,92.587090,8481.0,864.74,27.55,236.34,-0.000478,-0.001864,4.4221,38.8938,10,Tree cover,0.658,27.2,39.3,1.29,4.6,Metamorphic,MT,78.6,5167.3,NA,NA,NO_EVENT,NA,NA,NA,NA,NA,NA,NA,NA,NA,NA
NEG_0551,1:1,0,3,East Khasi Block,25.580311,91.641839,3397.0,1503.08,25.88,301.70,0.003330,0.000424,4.5408,23.6096,10,Tree cover,0.650,28.1,42.0,1.31,4.5,Metamorphic,MT,22.8,3789.8,NA,NA,NO_EVENT,NA,NA,NA,NA,NA,NA,NA,NA,NA,NA
NEG_0552,1:1,0,1,Garo Hills Block,25.747051,90.171296,8581.9,25.00,15.01,187.97,0.000323,-0.002767,5.7433,35.2864,10,Tree cover,0.704,30.3,48.3,1.33,5.2,Mixed Sedimentary,SM,167.8,2156.3,NA,NA,NO_EVENT,NA,NA,NA,NA,NA,NA,NA,NA,NA,NA
NEG_0553,1:1,0,1,Garo Hills Block,25.533659,89.861195,11944.4,126.59,20.02,322.48,0.002697,-0.000712,5.0933,18.1037,10,Tree cover,0.655,23.9,49.1,1.34,5.3,Mixed Sedimentary,SM,112.3,542.7,NA,NA,NO_EVENT,NA,NA,NA,NA,NA,NA,NA,NA,NA,NA
NEG_0554,1:1,0,1,Garo Hills Block,25.664997,89.822774,18983.4,25.00,34.89,319.64,-0.002644,-0.001375,3.8810,51.8038,10,Tree cover,0.665,28.6,47.4,1.32,5.2,Mixed Sedimentary,SM,80.7,742.8,NA,NA,NO_EVENT,NA,NA,NA,NA,NA,NA,NA,NA,NA,NA
NEG_0555,1:1,0,1,Garo Hills Block,25.230793,90.169913,5207.4,123.01,26.44,140.23,0.000492,-0.002285,5.2171,33.8327,10,Tree cover,0.810,28.6,48.3,1.43,5.2,Mixed Sedimentary,SM,86.4,481.8,NA,NA,NO_EVENT,NA,NA,NA,NA,NA,NA,NA,NA,NA,NA
NEG_0556,1:1,0,4,Ri-Bhoi Block,25.667057,91.300851,5828.6,1081.95,30.49,245.56,-0.000546,-0.002083,4.2378,48.0102,10,Tree cover,0.666,27.2,43.3,1.28,4.9,Metamorphic,MT,32.2,6437.9,NA,NA,NO_EVENT,NA,NA,NA,NA,NA,NA,NA,NA,NA,NA
NEG_0557,1:1,0,4,Ri-Bhoi Block,25.909037,92.669619,22130.4,650.84,31.54,135.04,-0.000485,0.002502,4.8751,18.2004,10,Tree cover,0.799,33.8,42.2,1.33,4.8,Metamorphic,MT,154.8,368.1,NA,NA,NO_EVENT,NA,NA,NA,NA,NA,NA,NA,NA,NA,NA
NEG_0558,1:1,0,5,Jaintia Hills Block,25.450246,92.101815,604.3,1512.27,32.60,182.22,-0.004837,0.000060,4.3786,30.5289,10,Tree cover,0.685,32.3,46.4,1.36,4.8,Metamorphic,MT,24.3,526.4,NA,NA,NO_EVENT,NA,NA,NA,NA,NA,NA,NA,NA,NA,NA
NEG_0559,1:1,0,4,Ri-Bhoi Block,25.907846,92.635174,25287.3,691.71,29.51,132.57,-0.002179,0.001300,5.0371,18.2396,10,Tree cover,0.799,33.8,40.9,1.33,4.7,Metamorphic,MT,70.7,1384.6,NA,NA,NO_EVENT,NA,NA,NA,NA,NA,NA,NA,NA,NA,NA
NEG_0560,1:1,0,4,Ri-Bhoi Block,25.666276,92.159522,875.8,1474.68,35.68,241.23,-0.001262,0.002004,3.8207,52.9121,60,Bare / sparse vegetation,0.294,27.2,46.9,1.28,4.8,Metamorphic,MT,6.5,355.3,NA,NA,NO_EVENT,NA,NA,NA,NA,NA,NA,NA,NA,NA,NA
NEG_0561,1:1,0,5,Jaintia Hills Block,25.043011,92.207954,9475.6,1087.46,31.69,271.62,-0.002914,-0.001246,4.1521,34.4527,10,Tree cover,0.813,28.8,44.1,1.43,4.8,Siliciclastic Sedimentary,SS,69.0,49.2,NA,NA,NO_EVENT,NA,NA,NA,NA,NA,NA,NA,NA,NA,NA
NEG_0562,1:1,0,5,Jaintia Hills Block,25.041222,92.177610,11141.2,1094.28,34.71,250.70,-0.000309,-0.001965,3.9061,36.6126,10,Tree cover,0.812,28.8,44.3,1.43,4.8,Siliciclastic Sedimentary,SS,233.2,584.7,NA,NA,NO_EVENT,NA,NA,NA,NA,NA,NA,NA,NA,NA,NA
NEG_0563,1:1,0,5,Jaintia Hills Block,25.188551,92.019496,1109.2,1371.33,20.63,151.06,0.003280,-0.000391,5.5614,22.6156,10,Tree cover,0.823,40.7,24.6,1.33,6.0,Carbonate Sedimentary,SC,52.3,155.7,NA,NA,NO_EVENT,NA,NA,NA,NA,NA,NA,NA,NA,NA,NA
NEG_0564,1:1,0,5,Jaintia Hills Block,25.437932,92.056563,3119.6,1542.25,27.37,174.87,-0.000956,-0.000654,4.8462,31.6330,10,Tree cover,0.692,32.7,45.3,1.36,4.7,Metamorphic,MT,155.1,1227.0,NA,NA,NO_EVENT,NA,NA,NA,NA,NA,NA,NA,NA,NA,NA
NEG_0565,1:1,0,1,Garo Hills Block,25.266569,90.469390,17356.0,82.57,24.30,44.32,-0.000991,-0.000618,5.4452,40.4533,10,Tree cover,0.793,27.3,48.2,1.42,4.8,Mixed Sedimentary,SM,37.0,58.5,NA,NA,NO_EVENT,NA,NA,NA,NA,NA,NA,NA,NA,NA,NA
NEG_0566,1:1,0,4,Ri-Bhoi Block,25.688035,92.378785,11252.1,1045.24,31.70,325.96,-0.004458,0.000294,4.1972,53.3328,60,Bare / sparse vegetation,0.325,27.4,40.6,1.28,4.7,Metamorphic,MT,2.6,5708.2,NA,NA,NO_EVENT,NA,NA,NA,NA,NA,NA,NA,NA,NA,NA
NEG_0567,1:1,0,1,Garo Hills Block,25.335324,90.412820,21828.1,27.11,16.15,48.46,0.000260,0.001033,6.0673,37.3319,10,Tree cover,0.754,24.7,45.9,1.40,4.8,Mixed Sedimentary,SM,218.6,753.4,NA,NA,NO_EVENT,NA,NA,NA,NA,NA,NA,NA,NA,NA,NA
NEG_0568,1:1,0,1,Garo Hills Block,25.669520,90.172832,722.2,25.00,25.95,218.52,0.000852,0.001922,4.6069,44.0049,10,Tree cover,0.667,28.8,48.2,1.32,5.2,Mixed Sedimentary,SM,56.7,2223.9,NA,NA,NO_EVENT,NA,NA,NA,NA,NA,NA,NA,NA,NA,NA
NEG_0569,1:1,0,3,East Khasi Block,25.519675,91.744643,2611.6,1738.51,16.92,326.23,-0.001191,0.000729,5.3803,18.0432,10,Tree cover,0.840,29.9,38.7,1.33,4.3,Metamorphic,MT,198.3,54.3,NA,NA,NO_EVENT,NA,NA,NA,NA,NA,NA,NA,NA,NA,NA
NEG_0570,1:1,0,3,East Khasi Block,25.335714,91.895613,920.4,1616.50,24.09,92.57,0.002957,0.000823,5.4314,46.8269,10,Tree cover,0.753,35.1,39.5,1.38,4.3,Metamorphic,MT,45.3,2804.5,NA,NA,NO_EVENT,NA,NA,NA,NA,NA,NA,NA,NA,NA,NA
NEG_0571,1:1,0,1,Garo Hills Block,25.152092,89.833479,34153.4,75.44,23.20,11.02,-0.002140,-0.001039,5.2209,18.6619,10,Tree cover,0.829,30.2,47.9,1.44,5.2,Mixed Sedimentary,SM,52.6,1604.3,NA,NA,NO_EVENT,NA,NA,NA,NA,NA,NA,NA,NA,NA,NA
NEG_0572,1:1,0,2,West Khasi Block,25.501677,91.525664,2400.3,1310.77,20.56,226.46,0.000487,0.002567,5.1469,18.8810,10,Tree cover,0.664,30.5,46.0,1.34,5.0,Metamorphic,MT,51.7,216.6,NA,NA,NO_EVENT,NA,NA,NA,NA,NA,NA,NA,NA,NA,NA
NEG_0573,1:1,0,5,Jaintia Hills Block,25.080219,92.124910,7202.0,1104.91,28.91,214.74,0.004566,0.000252,4.4866,23.7728,10,Tree cover,0.824,36.4,25.5,1.31,5.7,Carbonate Sedimentary,SC,63.7,416.6,NA,NA,NO_EVENT,NA,NA,NA,NA,NA,NA,NA,NA,NA,NA
NEG_0574,1:1,0,4,Ri-Bhoi Block,25.988482,92.726932,13835.5,469.43,21.67,139.02,0.002669,-0.000785,5.5715,25.4014,10,Tree cover,0.826,35.2,44.4,1.36,4.9,Metamorphic,MT,122.4,3189.7,NA,NA,NO_EVENT,NA,NA,NA,NA,NA,NA,NA,NA,NA,NA
NEG_0575,1:1,0,1,Garo Hills Block,25.445195,89.811449,19368.1,42.90,35.70,1.05,-0.002895,-0.000104,4.1508,33.3592,10,Tree cover,0.846,22.5,46.9,1.36,5.2,Mixed Sedimentary,SM,46.0,1079.4,NA,NA,NO_EVENT,NA,NA,NA,NA,NA,NA,NA,NA,NA,NA
NEG_0576,1:1,0,1,Garo Hills Block,25.526019,89.948154,3230.2,25.00,16.25,307.82,-0.001544,-0.001725,5.4155,18.0004,10,Tree cover,0.657,23.7,52.4,1.34,5.4,Mixed Sedimentary,SM,580.1,1361.2,NA,NA,NO_EVENT,NA,NA,NA,NA,NA,NA,NA,NA,NA,NA
NEG_0577,1:1,0,2,West Khasi Block,25.030684,91.386735,17321.1,787.98,35.48,222.08,0.002072,-0.001663,3.8206,40.6094,60,Bare / sparse vegetation,0.167,28.4,50.1,1.43,4.8,Siliciclastic Sedimentary,SS,6.3,1243.8,NA,NA,NO_EVENT,NA,NA,NA,NA,NA,NA,NA,NA,NA,NA
NEG_0578,1:1,0,4,Ri-Bhoi Block,25.853694,92.606614,30704.2,760.74,30.02,133.64,0.003610,-0.000381,4.9182,26.7564,10,Tree cover,0.770,32.0,39.9,1.31,4.6,Metamorphic,MT,149.2,1187.9,NA,NA,NO_EVENT,NA,NA,NA,NA,NA,NA,NA,NA,NA,NA
NEG_0579,1:1,0,3,East Khasi Block,25.583490,91.805300,2437.7,1740.62,19.14,307.81,0.000952,-0.000793,5.0772,22.6074,10,Tree cover,0.821,28.0,38.1,1.31,4.3,Metamorphic,MT,56.3,268.3,NA,NA,NO_EVENT,NA,NA,NA,NA,NA,NA,NA,NA,NA,NA
NEG_0580,1:1,0,2,West Khasi Block,25.074115,91.022350,13118.3,485.12,23.99,320.40,-0.002493,-0.000272,4.8595,23.8816,10,Tree cover,0.823,29.6,45.3,1.44,5.3,Siliciclastic Sedimentary,SS,54.8,130.3,NA,NA,NO_EVENT,NA,NA,NA,NA,NA,NA,NA,NA,NA,NA
NEG_0581,1:1,0,2,West Khasi Block,25.532731,91.265812,570.3,905.81,16.08,268.07,-0.001797,0.001890,5.4109,18.0656,10,Tree cover,0.655,29.4,41.9,1.33,4.8,Metamorphic,MT,106.9,972.3,NA,NA,NO_EVENT,NA,NA,NA,NA,NA,NA,NA,NA,NA,NA
NEG_0582,1:1,0,1,Garo Hills Block,26.086736,90.560803,35047.5,43.30,34.98,350.34,0.002309,-0.000747,4.1556,57.9406,10,Tree cover,0.823,22.5,51.9,1.43,4.9,Mixed Sedimentary,SM,35.1,3826.7,NA,NA,NO_EVENT,NA,NA,NA,NA,NA,NA,NA,NA,NA,NA
NEG_0583,1:1,0,2,West Khasi Block,25.196136,91.279917,4645.1,798.02,24.37,105.63,0.001804,0.000039,5.2873,24.8986,10,Tree cover,0.821,29.5,53.0,1.44,4.8,Siliciclastic Sedimentary,SS,80.5,1099.6,NA,NA,NO_EVENT,NA,NA,NA,NA,NA,NA,NA,NA,NA,NA
NEG_0584,1:1,0,2,West Khasi Block,25.023476,91.540369,15053.6,1024.05,28.22,247.81,-0.000280,0.002724,4.3873,37.9207,10,Tree cover,0.805,28.2,44.4,1.43,5.1,Siliciclastic Sedimentary,SS,106.9,1831.3,NA,NA,NO_EVENT,NA,NA,NA,NA,NA,NA,NA,NA,NA,NA
NEG_0585,1:1,0,5,Jaintia Hills Block,25.547543,92.489969,4018.1,932.57,17.93,289.24,-0.004050,0.000065,5.2276,18.6657,10,Tree cover,0.653,29.0,38.1,1.32,4.5,Metamorphic,MT,40.4,1847.5,NA,NA,NO_EVENT,NA,NA,NA,NA,NA,NA,NA,NA,NA,NA
NEG_0586,1:1,0,4,Ri-Bhoi Block,26.011852,92.354095,12601.2,843.50,23.58,30.73,-0.000065,0.000649,5.3504,31.1388,10,Tree cover,0.829,35.2,41.5,1.36,4.7,Metamorphic,MT,66.6,4621.8,NA,NA,NO_EVENT,NA,NA,NA,NA,NA,NA,NA,NA,NA,NA
NEG_0587,1:1,0,2,West Khasi Block,25.617244,91.563599,5328.8,1418.58,27.24,262.08,0.000933,-0.002440,4.4243,32.6809,10,Tree cover,0.653,27.4,45.0,1.30,4.7,Metamorphic,MT,73.4,3663.4,NA,NA,NO_EVENT,NA,NA,NA,NA,NA,NA,NA,NA,NA,NA
NEG_0588,1:1,0,5,Jaintia Hills Block,25.587214,92.021759,3414.1,1668.83,17.11,225.65,-0.002909,-0.000840,5.2368,22.6193,10,Tree cover,0.650,27.9,44.2,1.31,4.7,Metamorphic,MT,7.8,1457.4,NA,NA,NO_EVENT,NA,NA,NA,NA,NA,NA,NA,NA,NA,NA
NEG_0589,1:1,0,2,West Khasi Block,25.624128,91.319274,1376.5,1072.67,30.36,241.53,0.000802,-0.002354,4.1793,36.3655,60,Bare / sparse vegetation,0.235,27.4,44.0,1.29,4.9,Metamorphic,MT,17.5,5367.5,NA,NA,NO_EVENT,NA,NA,NA,NA,NA,NA,NA,NA,NA,NA
NEG_0590,1:1,0,5,Jaintia Hills Block,25.034473,92.451678,871.6,788.36,34.09,307.16,-0.001916,-0.001849,3.9400,38.4846,10,Tree cover,0.810,28.6,52.1,1.43,5.1,Siliciclastic Sedimentary,SS,40.2,874.6,NA,NA,NO_EVENT,NA,NA,NA,NA,NA,NA,NA,NA,NA,NA
NEG_0591,1:1,0,1,Garo Hills Block,25.448779,90.083524,7796.0,44.89,35.15,181.55,-0.004532,0.000059,4.1805,31.9729,10,Tree cover,0.845,22.5,51.8,1.36,5.3,Mixed Sedimentary,SM,84.2,118.4,NA,NA,NO_EVENT,NA,NA,NA,NA,NA,NA,NA,NA,NA,NA
NEG_0592,1:1,0,4,Ri-Bhoi Block,25.987732,92.798254,6798.7,488.94,14.92,114.55,0.000317,0.002433,6.1134,22.9993,10,Tree cover,0.826,35.1,46.4,1.36,5.1,Metamorphic,MT,22.2,762.4,NA,NA,NO_EVENT,NA,NA,NA,NA,NA,NA,NA,NA,NA,NA
NEG_0593,1:1,0,4,Ri-Bhoi Block,26.021312,92.646056,21947.8,529.78,28.41,151.68,0.000773,-0.002094,4.9325,36.4076,10,Tree cover,0.830,35.2,41.3,1.37,4.7,Metamorphic,MT,42.2,287.7,NA,NA,NO_EVENT,NA,NA,NA,NA,NA,NA,NA,NA,NA,NA
NEG_0594,1:1,0,2,West Khasi Block,25.469832,91.508231,3106.0,1310.57,24.76,199.61,0.003403,0.000954,4.9283,23.5023,10,Tree cover,0.676,31.6,46.4,1.35,5.1,Metamorphic,MT,25.9,2366.3,NA,NA,NO_EVENT,NA,NA,NA,NA,NA,NA,NA,NA,NA,NA
NEG_0595,1:1,0,5,Jaintia Hills Block,25.216753,92.414056,4592.9,1012.59,34.88,40.51,-0.001234,-0.001452,4.5075,34.2261,10,Tree cover,0.815,41.6,31.5,1.34,5.6,Carbonate Sedimentary,SC,28.0,989.8,NA,NA,NO_EVENT,NA,NA,NA,NA,NA,NA,NA,NA,NA,NA
NEG_0596,1:1,0,4,Ri-Bhoi Block,26.071552,91.359066,22165.3,815.88,35.85,177.43,0.004975,-0.000011,4.1467,56.1406,10,Tree cover,0.866,34.5,45.4,1.38,5.0,Metamorphic,MT,167.1,1541.5,NA,NA,NO_EVENT,NA,NA,NA,NA,NA,NA,NA,NA,NA,NA
NEG_0597,1:1,0,2,West Khasi Block,25.509240,91.562688,2790.8,1325.01,23.03,255.88,-0.000025,0.002743,4.9241,18.4616,10,Tree cover,0.661,30.2,45.0,1.34,5.0,Metamorphic,MT,37.6,815.1,NA,NA,NO_EVENT,NA,NA,NA,NA,NA,NA,NA,NA,NA,NA
NEG_0598,1:1,0,3,East Khasi Block,25.627152,91.899758,1052.1,1775.99,33.75,265.21,0.000562,0.002455,3.9107,39.3954,10,Tree cover,0.753,27.3,39.6,1.29,4.4,Metamorphic,MT,85.9,2582.1,NA,NA,NO_EVENT,NA,NA,NA,NA,NA,NA,NA,NA,NA,NA
NEG_0599,1:1,0,3,East Khasi Block,25.498908,91.787796,897.5,1737.89,21.09,330.02,0.000316,0.002809,5.1140,19.1232,10,Tree cover,0.829,30.6,38.1,1.34,4.3,Metamorphic,MT,5.1,458.0,NA,NA,NO_EVENT,NA,NA,NA,NA,NA,NA,NA,NA,NA,NA
NEG_0600,1:1,0,3,East Khasi Block,25.499436,91.716651,822.0,1679.71,22.51,333.00,0.001148,-0.001252,4.9986,19.1523,10,Tree cover,0.664,30.6,39.4,1.34,4.3,Metamorphic,MT,174.2,384.2,NA,NA,NO_EVENT,NA,NA,NA,NA,NA,NA,NA,NA,NA,NA
NEG_0601,1:1,0,3,East Khasi Block,25.555669,91.907323,799.2,1744.44,23.69,259.96,0.001742,-0.001137,4.7506,19.6303,10,Tree cover,0.747,22.1,61.2,1.30,4.7,Plutonic Acidic,PA,76.9,613.6,NA,NA,NO_EVENT,NA,NA,NA,NA,NA,NA,NA,NA,NA,NA
NEG_0602,1:1,0,5,Jaintia Hills Block,25.103433,92.164083,4957.0,1140.64,26.01,215.52,0.000847,0.002157,4.8036,19.6847,10,Tree cover,0.828,37.3,26.7,1.31,5.6,Carbonate Sedimentary,SC,138.0,403.4,NA,NA,NO_EVENT,NA,NA,NA,NA,NA,NA,NA,NA,NA,NA
NEG_0603,1:1,0,2,West Khasi Block,25.081300,91.065217,12446.3,484.33,27.61,331.79,0.002494,-0.000720,4.5944,23.3014,10,Tree cover,0.824,29.8,46.8,1.44,5.2,Siliciclastic Sedimentary,SS,246.7,2087.7,NA,NA,NO_EVENT,NA,NA,NA,NA,NA,NA,NA,NA,NA,NA
NEG_0604,1:1,0,1,Garo Hills Block,25.258394,90.049495,13698.3,25.00,34.73,113.61,-0.000000,0.002878,4.6020,47.7072,10,Tree cover,0.797,27.6,52.7,1.42,5.4,Mixed Sedimentary,SM,97.8,3733.9,NA,NA,NO_EVENT,NA,NA,NA,NA,NA,NA,NA,NA,NA,NA
NEG_0605,1:1,0,4,Ri-Bhoi Block,25.863995,91.682668,7035.0,1369.02,32.48,44.61,-0.000730,0.002434,4.7444,24.8668,10,Tree cover,0.776,32.4,40.5,1.31,4.7,Metamorphic,MT,20.7,5407.7,NA,NA,NO_EVENT,NA,NA,NA,NA,NA,NA,NA,NA,NA,NA
NEG_0606,1:1,0,4,Ri-Bhoi Block,25.952957,92.058089,1896.6,1179.67,16.53,136.64,-0.001163,0.000248,6.0536,19.4996,10,Tree cover,0.817,34.8,45.4,1.34,5.0,Metamorphic,MT,50.3,5829.7,NA,NA,NO_EVENT,NA,NA,NA,NA,NA,NA,NA,NA,NA,NA
NEG_0607,1:1,0,1,Garo Hills Block,25.738420,90.225494,8852.5,32.77,17.05,195.40,0.002680,-0.000066,5.5462,38.1000,10,Tree cover,0.699,30.2,46.0,1.33,5.1,Mixed Sedimentary,SM,37.4,2531.9,NA,NA,NO_EVENT,NA,NA,NA,NA,NA,NA,NA,NA,NA,NA
NEG_0608,1:1,0,2,West Khasi Block,25.378238,91.270891,4782.3,1046.37,18.74,96.85,-0.000407,-0.002458,5.7544,37.1871,10,Tree cover,0.727,34.4,42.1,1.38,4.8,Metamorphic,MT,16.3,1805.5,NA,NA,NO_EVENT,NA,NA,NA,NA,NA,NA,NA,NA,NA,NA
NEG_0609,1:1,0,4,Ri-Bhoi Block,25.669751,91.286594,6492.2,1075.94,28.65,253.72,0.000760,-0.001920,4.3914,46.7579,10,Tree cover,0.667,27.2,42.7,1.28,4.8,Metamorphic,MT,160.2,5173.7,NA,NA,NO_EVENT,NA,NA,NA,NA,NA,NA,NA,NA,NA,NA
NEG_0610,1:1,0,1,Garo Hills Block,25.080580,90.552677,16437.4,39.52,28.73,325.79,0.001423,-0.000756,4.5023,23.6628,10,Tree cover,0.824,29.8,51.7,1.44,4.9,Mixed Sedimentary,SM,51.1,1357.7,NA,NA,NO_EVENT,NA,NA,NA,NA,NA,NA,NA,NA,NA,NA
NEG_0611,1:1,0,1,Garo Hills Block,25.288898,90.648838,5600.0,86.53,25.07,97.88,0.001465,-0.001965,5.3944,45.0793,10,Tree cover,0.781,26.4,53.1,1.42,5.1,Mixed Sedimentary,SM,116.7,1147.6,NA,NA,NO_EVENT,NA,NA,NA,NA,NA,NA,NA,NA,NA,NA
NEG_0612,1:1,0,3,East Khasi Block,25.451752,91.797520,1987.1,1672.92,27.77,356.57,-0.000023,0.000363,4.7590,28.2999,10,Tree cover,0.685,32.3,38.1,1.36,4.3,Metamorphic,MT,67.4,930.7,NA,NA,NO_EVENT,NA,NA,NA,NA,NA,NA,NA,NA,NA,NA
NEG_0613,1:1,0,1,Garo Hills Block,25.134639,89.831557,35740.7,48.02,22.40,1.11,-0.000214,-0.001303,5.2156,18.0062,60,Bare / sparse vegetation,0.283,30.3,47.8,1.44,5.2,Mixed Sedimentary,SM,15.1,1337.2,NA,NA,NO_EVENT,NA,NA,NA,NA,NA,NA,NA,NA,NA,NA
NEG_0614,1:1,0,3,East Khasi Block,25.552602,91.655327,914.5,1534.51,23.09,308.89,0.001745,-0.001318,4.8044,19.2878,10,Tree cover,0.652,28.8,41.5,1.32,4.5,Metamorphic,MT,29.2,3451.9,NA,NA,NO_EVENT,NA,NA,NA,NA,NA,NA,NA,NA,NA,NA
NEG_0615,1:1,0,3,East Khasi Block,25.081978,91.840570,13129.7,1230.23,26.41,315.13,0.004212,-0.000420,4.6928,22.9456,10,Tree cover,0.824,29.8,52.5,1.44,5.4,Siliciclastic Sedimentary,SS,89.8,196.9,NA,NA,NO_EVENT,NA,NA,NA,NA,NA,NA,NA,NA,NA,NA
NEG_0616,1:1,0,3,East Khasi Block,25.042365,91.656656,14443.0,1072.43,34.45,312.18,0.001416,-0.001774,3.9297,36.0974,10,Tree cover,0.813,39.6,23.5,1.31,5.7,Volcanic Basic,VB,109.1,601.3,NA,NA,NO_EVENT,NA,NA,NA,NA,NA,NA,NA,NA,NA,NA
NEG_0617,1:1,0,5,Jaintia Hills Block,25.478086,92.176901,870.6,1380.71,32.78,227.17,0.000229,-0.002105,4.2549,23.3805,10,Tree cover,0.673,31.3,46.8,1.35,5.1,Metamorphic,MT,32.3,839.1,NA,NA,NO_EVENT,NA,NA,NA,NA,NA,NA,NA,NA,NA,NA
NEG_0618,1:1,0,5,Jaintia Hills Block,25.065170,92.260644,6580.4,1024.82,23.43,309.84,-0.004134,0.000196,4.8754,25.4463,10,Tree cover,0.820,29.4,44.8,1.44,4.8,Siliciclastic Sedimentary,SS,71.7,150.9,NA,NA,NO_EVENT,NA,NA,NA,NA,NA,NA,NA,NA,NA,NA
NEG_0619,1:1,0,1,Garo Hills Block,25.106812,89.836388,37862.7,25.00,23.67,345.50,0.002857,-0.000773,5.0038,19.2048,10,Tree cover,0.829,30.2,48.0,1.44,5.3,Mixed Sedimentary,SM,191.0,1149.4,NA,NA,NO_EVENT,NA,NA,NA,NA,NA,NA,NA,NA,NA,NA
NEG_0620,1:1,0,4,Ri-Bhoi Block,26.086979,92.601325,27926.4,592.19,29.42,189.17,0.004542,-0.000274,4.5995,51.6215,10,Tree cover,0.823,34.2,39.7,1.38,4.6,Metamorphic,MT,155.5,23.7,NA,NA,NO_EVENT,NA,NA,NA,NA,NA,NA,NA,NA,NA,NA
NEG_0621,1:1,0,1,Garo Hills Block,25.995908,89.806355,49287.5,25.00,25.54,38.12,-0.000944,0.002424,5.2418,28.4091,10,Tree cover,0.827,23.7,46.7,1.41,5.2,Mixed Sedimentary,SM,20.9,1013.0,NA,NA,NO_EVENT,NA,NA,NA,NA,NA,NA,NA,NA,NA,NA
NEG_0622,1:1,0,1,Garo Hills Block,25.537426,89.855316,12555.3,127.02,20.41,321.77,0.003159,-0.000332,5.0526,18.2245,10,Tree cover,0.654,24.0,48.9,1.33,5.3,Mixed Sedimentary,SM,25.3,259.2,NA,NA,NO_EVENT,NA,NA,NA,NA,NA,NA,NA,NA,NA,NA
NEG_0623,1:1,0,4,Ri-Bhoi Block,25.967893,92.094936,3843.0,1149.22,19.85,135.52,-0.004105,0.000534,5.7635,21.5786,10,Tree cover,0.822,35.0,46.3,1.35,5.1,Metamorphic,MT,13.7,1782.9,NA,NA,NO_EVENT,NA,NA,NA,NA,NA,NA,NA,NA,NA,NA
NEG_0624,1:1,0,4,Ri-Bhoi Block,26.023575,91.760027,7324.8,1102.36,20.13,27.04,-0.001109,0.001717,5.5871,31.4780,10,Tree cover,0.830,35.1,38.4,1.37,4.5,Metamorphic,MT,31.1,4433.5,NA,NA,NO_EVENT,NA,NA,NA,NA,NA,NA,NA,NA,NA,NA
NEG_0625,1:1,0,4,Ri-Bhoi Block,25.961619,92.601673,26727.7,682.68,18.04,128.81,-0.004544,0.000274,5.9196,20.5152,10,Tree cover,0.820,34.9,39.7,1.35,4.6,Metamorphic,MT,71.8,1186.6,NA,NA,NO_EVENT,NA,NA,NA,NA,NA,NA,NA,NA,NA,NA
NEG_0626,1:1,0,3,East Khasi Block,25.614684,91.801408,3145.8,1703.33,24.10,308.27,0.000251,-0.002593,4.6743,30.4006,10,Tree cover,0.823,27.5,38.1,1.30,4.3,Metamorphic,MT,94.0,1957.3,NA,NA,NO_EVENT,NA,NA,NA,NA,NA,NA,NA,NA,NA,NA
NEG_0627,1:1,0,1,Garo Hills Block,25.063174,90.878878,21572.4,305.34,31.34,224.77,0.004067,-0.000284,4.2364,28.4943,10,Tree cover,0.820,29.4,45.2,1.43,5.4,Mixed Sedimentary,SM,50.1,951.0,NA,NA,NO_EVENT,NA,NA,NA,NA,NA,NA,NA,NA,NA,NA
NEG_0628,1:1,0,5,Jaintia Hills Block,25.636445,92.238966,6617.3,1373.54,27.64,288.99,0.000131,-0.000135,4.4097,37.9646,10,Tree cover,0.657,27.3,45.7,1.29,5.0,Metamorphic,MT,54.9,3125.5,NA,NA,NO_EVENT,NA,NA,NA,NA,NA,NA,NA,NA,NA,NA
NEG_0629,1:1,0,1,Garo Hills Block,25.522813,89.961143,2055.3,25.00,17.60,302.55,-0.001508,-0.000979,5.3167,18.0093,10,Tree cover,0.657,23.6,52.6,1.34,5.4,Mixed Sedimentary,SM,94.0,1361.7,NA,NA,NO_EVENT,NA,NA,NA,NA,NA,NA,NA,NA,NA,NA
NEG_0630,1:1,0,2,West Khasi Block,25.391899,91.490985,2174.4,1250.20,19.61,145.51,0.000954,-0.000571,5.6403,36.0744,10,Tree cover,0.718,25.5,51.6,1.32,4.7,Plutonic Acidic,PA,33.8,1456.6,NA,NA,NO_EVENT,NA,NA,NA,NA,NA,NA,NA,NA,NA,NA
NEG_0631,1:1,0,3,East Khasi Block,25.335531,91.974227,1629.9,1516.53,17.11,129.34,-0.004488,0.000300,5.9901,38.4775,10,Tree cover,0.754,35.1,42.3,1.38,4.5,Metamorphic,MT,74.4,1597.5,NA,NA,NO_EVENT,NA,NA,NA,NA,NA,NA,NA,NA,NA,NA
NEG_0632,1:1,0,1,Garo Hills Block,26.001878,89.817213,49395.3,25.00,25.90,35.22,-0.000897,0.002095,5.1958,29.9825,60,Bare / sparse vegetation,0.179,23.5,47.2,1.41,5.2,Mixed Sedimentary,SM,19.4,1415.6,NA,NA,NO_EVENT,NA,NA,NA,NA,NA,NA,NA,NA,NA,NA
NEG_0633,1:1,0,2,West Khasi Block,25.047644,91.035029,15933.7,461.37,29.31,315.21,-0.000877,0.001551,4.3544,31.9330,10,Tree cover,0.814,29.0,45.7,1.43,5.2,Siliciclastic Sedimentary,SS,93.4,182.2,NA,NA,NO_EVENT,NA,NA,NA,NA,NA,NA,NA,NA,NA,NA
NEG_0634,1:1,0,1,Garo Hills Block,25.063783,90.663504,16527.4,115.20,26.05,246.12,0.000353,-0.000456,4.6615,26.5867,10,Tree cover,0.820,29.4,52.9,1.43,5.1,Mixed Sedimentary,SM,72.8,80.6,NA,NA,NO_EVENT,NA,NA,NA,NA,NA,NA,NA,NA,NA,NA
NEG_0635,1:1,0,2,West Khasi Block,25.509237,91.544314,1396.7,1313.04,20.92,240.89,0.000003,0.002997,5.0929,18.4194,10,Tree cover,0.661,30.2,45.6,1.34,5.0,Metamorphic,MT,125.1,373.6,NA,NA,NO_EVENT,NA,NA,NA,NA,NA,NA,NA,NA,NA,NA
NEG_0636,1:1,0,4,Ri-Bhoi Block,25.974348,92.733844,13436.0,482.92,20.06,134.88,0.004025,-0.000259,5.7337,22.5481,10,Tree cover,0.823,35.0,44.7,1.35,4.9,Metamorphic,MT,76.5,1984.7,NA,NA,NO_EVENT,NA,NA,NA,NA,NA,NA,NA,NA,NA,NA
NEG_0637,1:1,0,1,Garo Hills Block,25.737046,90.817463,2322.7,305.28,24.48,193.81,-0.001678,0.001992,4.9465,46.9406,10,Tree cover,0.698,30.2,47.5,1.33,5.4,Mixed Sedimentary,SM,191.1,562.9,NA,NA,NO_EVENT,NA,NA,NA,NA,NA,NA,NA,NA,NA,NA
NEG_0638,1:1,0,1,Garo Hills Block,25.029453,90.587180,20533.8,88.18,35.96,298.16,0.002435,0.001011,3.7797,41.3392,10,Tree cover,0.766,28.4,52.6,1.43,5.0,Mixed Sedimentary,SM,235.1,129.5,NA,NA,NO_EVENT,NA,NA,NA,NA,NA,NA,NA,NA,NA,NA
NEG_0639,1:1,0,1,Garo Hills Block,25.823885,90.601195,16626.3,25.00,31.36,60.60,0.004991,0.000000,4.7263,35.6366,10,Tree cover,0.751,29.6,52.8,1.35,5.0,Mixed Sedimentary,SM,70.7,1821.7,NA,NA,NO_EVENT,NA,NA,NA,NA,NA,NA,NA,NA,NA,NA
NEG_0640,1:1,0,1,Garo Hills Block,25.076358,90.608764,15018.0,111.50,29.77,295.84,0.004893,0.000063,4.4046,24.7886,10,Tree cover,0.823,29.7,52.9,1.44,5.0,Mixed Sedimentary,SM,141.8,172.1,NA,NA,NO_EVENT,NA,NA,NA,NA,NA,NA,NA,NA,NA,NA
NEG_0641,1:1,0,3,East Khasi Block,25.209469,91.892315,3452.2,1288.01,34.01,90.60,-0.003263,-0.000735,4.5569,31.5403,60,Bare / sparse vegetation,0.376,29.2,53.1,1.43,5.3,Siliciclastic Sedimentary,SS,6.5,443.4,NA,NA,NO_EVENT,NA,NA,NA,NA,NA,NA,NA,NA,NA,NA
NEG_0642,1:1,0,2,West Khasi Block,25.471675,91.111139,1772.1,808.24,34.38,346.21,-0.004040,-0.000215,4.1515,25.1733,60,Bare / sparse vegetation,0.184,31.6,38.1,1.35,4.5,Metamorphic,MT,19.8,1579.7,NA,NA,NO_EVENT,NA,NA,NA,NA,NA,NA,NA,NA,NA,NA
NEG_0643,1:1,0,1,Garo Hills Block,25.931747,90.262594,23757.6,54.04,23.48,119.02,0.002800,-0.001013,5.5179,18.3326,10,Tree cover,0.809,25.9,44.8,1.38,5.0,Mixed Sedimentary,SM,44.2,87.8,NA,NA,NO_EVENT,NA,NA,NA,NA,NA,NA,NA,NA,NA,NA
NEG_0644,1:1,0,3,East Khasi Block,25.598232,91.734631,2921.8,1645.32,19.92,315.05,-0.004005,-0.000006,5.0071,25.2303,10,Tree cover,0.651,27.7,38.9,1.30,4.3,Metamorphic,MT,10.8,2410.7,NA,NA,NO_EVENT,NA,NA,NA,NA,NA,NA,NA,NA,NA,NA
NEG_0645,1:1,0,2,West Khasi Block,25.151411,91.417728,4377.6,1026.43,21.76,169.48,-0.000147,0.002673,5.3334,18.5782,10,Tree cover,0.829,30.2,48.7,1.44,4.9,Siliciclastic Sedimentary,SS,25.3,11.6,NA,NA,NO_EVENT,NA,NA,NA,NA,NA,NA,NA,NA,NA,NA
NEG_0646,1:1,0,2,West Khasi Block,25.144688,91.236404,6244.0,767.89,14.38,24.18,0.001462,-0.000326,5.8973,18.1571,10,Tree cover,0.830,30.3,52.9,1.44,4.9,Siliciclastic Sedimentary,SS,135.2,723.6,NA,NA,NO_EVENT,NA,NA,NA,NA,NA,NA,NA,NA,NA,NA
NEG_0647,1:1,0,1,Garo Hills Block,25.900564,89.855621,37630.6,74.05,28.86,44.61,-0.001676,0.000427,5.0850,18.6802,10,Tree cover,0.795,27.1,48.9,1.37,5.3,Mixed Sedimentary,SM,303.4,723.7,NA,NA,NO_EVENT,NA,NA,NA,NA,NA,NA,NA,NA,NA,NA
NEG_0648,1:1,0,3,East Khasi Block,25.602216,91.776735,1811.5,1689.99,20.05,312.37,-0.001817,-0.001763,4.9961,25.9911,10,Tree cover,0.651,27.7,38.2,1.30,4.3,Metamorphic,MT,67.0,341.9,NA,NA,NO_EVENT,NA,NA,NA,NA,NA,NA,NA,NA,NA,NA
NEG_0649,1:1,0,3,East Khasi Block,25.190597,91.785875,2463.5,1370.11,21.87,32.12,0.001402,-0.000357,5.4691,23.2320,10,Tree cover,0.823,29.7,50.8,1.44,5.4,Siliciclastic Sedimentary,SS,181.9,1927.4,NA,NA,NO_EVENT,NA,NA,NA,NA,NA,NA,NA,NA,NA,NA
NEG_0650,1:1,0,4,Ri-Bhoi Block,26.065437,92.672571,20381.4,509.93,35.72,174.42,0.000534,-0.000722,4.1815,54.5952,10,Tree cover,0.865,34.6,42.3,1.38,4.8,Metamorphic,MT,97.0,1445.6,NA,NA,NO_EVENT,NA,NA,NA,NA,NA,NA,NA,NA,NA,NA
NEG_0651,1:1,0,4,Ri-Bhoi Block,25.845738,92.571768,28525.3,753.83,25.87,123.49,0.002090,-0.001359,5.2301,27.3011,10,Tree cover,0.765,31.7,38.9,1.30,4.6,Metamorphic,MT,48.0,11.9,NA,NA,NO_EVENT,NA,NA,NA,NA,NA,NA,NA,NA,NA,NA
NEG_0652,1:1,0,5,Jaintia Hills Block,25.573063,92.215831,1403.6,1330.46,20.56,276.03,-0.004305,0.000019,4.9742,21.4111,10,Tree cover,0.650,28.3,46.2,1.31,5.1,Metamorphic,MT,12.5,484.6,NA,NA,NO_EVENT,NA,NA,NA,NA,NA,NA,NA,NA,NA,NA
NEG_0653,1:1,0,1,Garo Hills Block,25.540801,89.858691,12247.8,124.67,19.79,320.98,0.003414,-0.000485,5.0940,18.3568,10,Tree cover,0.654,24.1,49.0,1.33,5.3,Mixed Sedimentary,SM,14.6,290.1,NA,NA,NO_EVENT,NA,NA,NA,NA,NA,NA,NA,NA,NA,NA
NEG_0654,1:1,0,3,East Khasi Block,25.331660,91.688402,1109.6,1405.19,20.11,45.57,-0.001962,0.000706,5.7567,42.1218,10,Tree cover,0.756,35.1,40.3,1.38,4.4,Metamorphic,MT,9.1,1783.4,NA,NA,NO_EVENT,NA,NA,NA,NA,NA,NA,NA,NA,NA,NA
NEG_0655,1:1,0,5,Jaintia Hills Block,25.055279,92.383817,812.0,783.86,32.75,324.43,0.004041,-0.000538,4.1002,31.2564,10,Tree cover,0.817,29.2,49.5,1.43,5.0,Siliciclastic Sedimentary,SS,267.4,417.4,NA,NA,NO_EVENT,NA,NA,NA,NA,NA,NA,NA,NA,NA,NA
NEG_0656,1:1,0,4,Ri-Bhoi Block,25.750545,91.069098,5838.1,667.45,22.44,353.57,-0.000780,0.002317,5.1628,43.5280,60,Bare / sparse vegetation,0.389,28.6,38.3,1.28,4.5,Metamorphic,MT,17.9,4385.0,NA,NA,NO_EVENT,NA,NA,NA,NA,NA,NA,NA,NA,NA,NA
NEG_0657,1:1,0,5,Jaintia Hills Block,25.061472,92.150372,9115.1,1105.89,33.21,231.19,0.002756,-0.000519,4.0816,29.6107,10,Tree cover,0.819,29.4,44.8,1.43,4.8,Siliciclastic Sedimentary,SS,40.6,340.7,NA,NA,NO_EVENT,NA,NA,NA,NA,NA,NA,NA,NA,NA,NA
NEG_0658,1:1,0,1,Garo Hills Block,26.027979,89.809213,52352.9,25.00,30.71,26.32,0.001013,0.002348,4.7252,39.8451,10,Tree cover,0.830,22.9,46.8,1.42,5.2,Mixed Sedimentary,SM,52.8,376.3,NA,NA,NO_EVENT,NA,NA,NA,NA,NA,NA,NA,NA,NA,NA
NEG_0659,1:1,0,1,Garo Hills Block,25.402608,90.448043,19121.0,25.00,21.46,24.15,0.001642,0.001821,5.4546,35.8251,10,Tree cover,0.712,22.9,47.3,1.38,4.8,Mixed Sedimentary,SM,65.9,6081.5,NA,NA,NO_EVENT,NA,NA,NA,NA,NA,NA,NA,NA,NA,NA
NEG_0660,1:1,0,2,West Khasi Block,25.142859,91.374005,5364.4,951.02,24.22,173.56,-0.001146,0.001164,5.1028,18.1900,10,Tree cover,0.830,30.3,50.6,1.44,4.8,Siliciclastic Sedimentary,SS,77.5,519.5,NA,NA,NO_EVENT,NA,NA,NA,NA,NA,NA,NA,NA,NA,NA
NEG_0661,1:1,0,2,West Khasi Block,25.158223,91.434605,3980.5,1059.34,20.53,165.71,0.001038,0.002260,5.4584,19.0097,10,Tree cover,0.829,30.2,48.0,1.44,4.9,Siliciclastic Sedimentary,SS,17.6,1540.3,NA,NA,NO_EVENT,NA,NA,NA,NA,NA,NA,NA,NA,NA,NA
NEG_0662,1:1,0,4,Ri-Bhoi Block,25.666445,91.279326,6464.9,1069.92,28.08,258.85,0.001312,-0.001985,4.4291,45.5109,10,Tree cover,0.665,27.2,42.4,1.28,4.8,Metamorphic,MT,26.1,4848.9,NA,NA,NO_EVENT,NA,NA,NA,NA,NA,NA,NA,NA,NA,NA
NEG_0663,1:1,0,4,Ri-Bhoi Block,25.670980,92.148221,1006.4,1471.83,35.39,235.24,-0.002359,0.001501,3.8553,53.8294,10,Tree cover,0.755,27.2,46.9,1.28,4.8,Metamorphic,MT,103.1,41.1,NA,NA,NO_EVENT,NA,NA,NA,NA,NA,NA,NA,NA,NA,NA
NEG_0664,1:1,0,3,East Khasi Block,25.200423,91.790192,3180.6,1381.33,23.86,36.42,0.000882,0.000357,5.3417,25.6052,60,Bare / sparse vegetation,0.367,29.4,51.0,1.44,5.4,Siliciclastic Sedimentary,SS,9.9,1271.8,NA,NA,NO_EVENT,NA,NA,NA,NA,NA,NA,NA,NA,NA,NA
NEG_0665,1:1,0,4,Ri-Bhoi Block,25.819278,92.625251,28495.7,780.51,27.67,147.68,0.004777,-0.000095,5.0063,34.7843,60,Bare / sparse vegetation,0.391,30.8,40.5,1.29,4.7,Metamorphic,MT,14.2,1766.9,NA,NA,NO_EVENT,NA,NA,NA,NA,NA,NA,NA,NA,NA,NA
NEG_0666,1:1,0,4,Ri-Bhoi Block,26.041971,92.436144,19721.1,805.01,32.64,23.71,-0.000874,-0.002140,4.5194,45.3994,10,Tree cover,0.830,35.0,38.9,1.37,4.6,Metamorphic,MT,224.5,6648.8,NA,NA,NO_EVENT,NA,NA,NA,NA,NA,NA,NA,NA,NA,NA
NEG_0667,1:1,0,5,Jaintia Hills Block,25.329221,92.590814,513.4,817.12,17.06,125.19,0.004090,-0.000328,6.0046,38.4720,10,Tree cover,0.757,35.1,39.4,1.38,4.6,Metamorphic,MT,5.9,4262.8,NA,NA,NO_EVENT,NA,NA,NA,NA,NA,NA,NA,NA,NA,NA
NEG_0668,1:1,0,3,East Khasi Block,25.597162,91.978488,6142.1,1699.05,21.32,232.57,-0.004015,0.000316,4.8953,25.5380,10,Tree cover,0.651,27.8,42.5,1.30,4.5,Metamorphic,MT,177.7,3993.0,NA,NA,NO_EVENT,NA,NA,NA,NA,NA,NA,NA,NA,NA,NA
NEG_0669,1:1,0,5,Jaintia Hills Block,25.138171,92.150762,1064.1,1155.81,24.07,174.07,-0.000376,0.002471,5.0961,18.0545,10,Tree cover,0.830,38.7,26.2,1.32,5.6,Carbonate Sedimentary,SC,314.5,628.4,NA,NA,NO_EVENT,NA,NA,NA,NA,NA,NA,NA,NA,NA,NA
NEG_0670,1:1,0,1,Garo Hills Block,25.278219,90.128449,9081.6,59.88,26.57,133.38,0.001834,-0.001679,5.2717,44.8883,10,Tree cover,0.787,26.9,50.2,1.42,5.3,Mixed Sedimentary,SM,21.8,566.3,NA,NA,NO_EVENT,NA,NA,NA,NA,NA,NA,NA,NA,NA,NA
NEG_0671,1:1,0,3,East Khasi Block,25.114548,91.602732,7677.4,1153.73,23.85,324.15,0.002171,-0.000410,5.0196,18.6020,10,Tree cover,0.829,30.2,44.2,1.44,5.2,Siliciclastic Sedimentary,SS,107.4,314.6,NA,NA,NO_EVENT,NA,NA,NA,NA,NA,NA,NA,NA,NA,NA
NEG_0672,1:1,0,1,Garo Hills Block,25.631446,90.604483,14246.0,97.03,33.73,287.31,0.000493,0.000071,3.9166,40.7671,10,Tree cover,0.655,27.5,52.9,1.32,5.0,Mixed Sedimentary,SM,154.8,2555.6,NA,NA,NO_EVENT,NA,NA,NA,NA,NA,NA,NA,NA,NA,NA
NEG_0673,1:1,0,1,Garo Hills Block,25.416405,90.760004,3892.7,231.85,26.46,162.45,0.002595,-0.001443,5.0033,36.6209,10,Tree cover,0.704,22.7,50.0,1.37,5.3,Mixed Sedimentary,SM,46.8,265.8,NA,NA,NO_EVENT,NA,NA,NA,NA,NA,NA,NA,NA,NA,NA
NEG_0674,1:1,0,2,West Khasi Block,25.175377,91.301528,7355.2,838.98,23.15,132.07,-0.000745,-0.001430,5.3134,21.1085,10,Tree cover,0.826,30.0,52.8,1.44,4.8,Siliciclastic Sedimentary,SS,114.5,1272.2,NA,NA,NO_EVENT,NA,NA,NA,NA,NA,NA,NA,NA,NA,NA
NEG_0675,1:1,0,3,East Khasi Block,25.532306,91.687741,899.2,1629.68,20.87,319.81,-0.001046,-0.002333,5.0288,18.0755,10,Tree cover,0.655,29.4,40.3,1.33,4.4,Metamorphic,MT,13.2,1001.0,NA,NA,NO_EVENT,NA,NA,NA,NA,NA,NA,NA,NA,NA,NA
NEG_0676,1:1,0,5,Jaintia Hills Block,25.565862,92.019796,2785.3,1702.22,14.55,224.08,-0.003257,0.000376,5.4647,19.7631,10,Tree cover,0.683,28.5,44.1,1.31,4.7,Metamorphic,MT,37.4,984.4,NA,NA,NO_EVENT,NA,NA,NA,NA,NA,NA,NA,NA,NA,NA
NEG_0677,1:1,0,1,Garo Hills Block,25.305059,89.951778,13819.4,56.64,18.14,62.19,-0.003830,-0.000653,5.9442,38.9733,10,Tree cover,0.772,25.8,52.4,1.41,5.4,Mixed Sedimentary,SM,179.1,4747.7,NA,NA,NO_EVENT,NA,NA,NA,NA,NA,NA,NA,NA,NA,NA
NEG_0678,1:1,0,2,West Khasi Block,25.043524,91.363854,16206.2,802.16,35.34,222.66,0.003902,-0.000290,3.8614,36.1753,10,Tree cover,0.771,28.8,51.0,1.43,4.8,Siliciclastic Sedimentary,SS,87.9,819.6,NA,NA,NO_EVENT,NA,NA,NA,NA,NA,NA,NA,NA,NA,NA
NEG_0679,1:1,0,4,Ri-Bhoi Block,25.697057,91.555276,4193.0,1424.51,25.97,249.80,-0.001147,-0.000085,4.6835,47.9598,10,Tree cover,0.678,27.5,45.2,1.28,4.7,Metamorphic,MT,104.1,7028.1,NA,NA,NO_EVENT,NA,NA,NA,NA,NA,NA,NA,NA,NA,NA
NEG_0680,1:1,0,2,West Khasi Block,25.402317,91.379890,3561.3,1074.31,31.18,154.87,-0.001867,0.001429,4.6781,43.9792,10,Tree cover,0.712,33.8,45.9,1.37,5.0,Metamorphic,MT,204.9,2503.9,NA,NA,NO_EVENT,NA,NA,NA,NA,NA,NA,NA,NA,NA,NA
NEG_0681,1:1,0,3,East Khasi Block,25.484862,91.721426,1930.5,1666.52,24.57,339.51,0.002758,-0.000783,4.8862,20.9994,10,Tree cover,0.670,31.1,39.3,1.35,4.3,Metamorphic,MT,98.0,503.6,NA,NA,NO_EVENT,NA,NA,NA,NA,NA,NA,NA,NA,NA,NA
NEG_0682,1:1,0,2,West Khasi Block,25.471161,91.481794,3046.2,1294.98,24.89,196.38,0.004106,-0.000059,4.9127,23.2866,10,Tree cover,0.676,31.6,46.8,1.35,5.1,Metamorphic,MT,107.4,1178.5,NA,NA,NO_EVENT,NA,NA,NA,NA,NA,NA,NA,NA,NA,NA
NEG_0683,1:1,0,2,West Khasi Block,25.020658,91.415416,17182.2,797.72,32.95,222.04,0.000205,-0.002807,4.0038,42.1333,10,Tree cover,0.804,28.1,48.8,1.43,4.9,Siliciclastic Sedimentary,SS,72.3,59.5,NA,NA,NO_EVENT,NA,NA,NA,NA,NA,NA,NA,NA,NA,NA
NEG_0684,1:1,0,1,Garo Hills Block,25.891421,90.975482,10069.6,459.06,24.31,74.87,0.000581,0.000374,5.4410,19.3126,10,Tree cover,0.791,27.4,44.3,1.37,5.3,Mixed Sedimentary,SM,204.9,297.4,NA,NA,NO_EVENT,NA,NA,NA,NA,NA,NA,NA,NA,NA,NA
NEG_0685,1:1,0,4,Ri-Bhoi Block,25.726325,91.947050,5461.5,1610.13,23.16,212.88,0.002159,-0.001598,5.0110,45.7554,10,Tree cover,0.692,28.0,41.3,1.28,4.5,Metamorphic,MT,37.2,2239.4,NA,NA,NO_EVENT,NA,NA,NA,NA,NA,NA,NA,NA,NA,NA
NEG_0686,1:1,0,5,Jaintia Hills Block,25.042208,92.209811,9490.9,1084.60,31.54,272.96,-0.002983,-0.001210,4.1621,34.6160,10,Tree cover,0.813,28.8,44.1,1.43,4.8,Siliciclastic Sedimentary,SS,39.0,69.2,NA,NA,NO_EVENT,NA,NA,NA,NA,NA,NA,NA,NA,NA,NA
NEG_0687,1:1,0,3,East Khasi Block,25.180703,91.924108,6605.4,1273.93,27.76,124.70,0.000129,0.001089,4.9638,22.6683,10,Tree cover,0.825,29.9,52.9,1.44,5.3,Siliciclastic Sedimentary,SS,105.9,557.3,NA,NA,NO_EVENT,NA,NA,NA,NA,NA,NA,NA,NA,NA,NA
NEG_0688,1:1,0,4,Ri-Bhoi Block,25.786442,91.869460,718.4,1481.31,24.97,48.85,0.002884,-0.000556,5.1028,40.6381,10,Tree cover,0.728,29.6,38.8,1.29,4.3,Metamorphic,MT,112.1,7100.0,NA,NA,NO_EVENT,NA,NA,NA,NA,NA,NA,NA,NA,NA,NA
NEG_0689,1:1,0,1,Garo Hills Block,25.283806,90.566558,8842.4,42.94,30.71,57.67,0.001787,0.001928,4.9425,50.2233,10,Tree cover,0.784,26.6,52.1,1.42,4.9,Mixed Sedimentary,SM,68.6,2491.1,NA,NA,NO_EVENT,NA,NA,NA,NA,NA,NA,NA,NA,NA,NA
NEG_0690,1:1,0,1,Garo Hills Block,25.441280,90.111006,8342.4,40.29,32.50,176.28,-0.004793,0.000105,4.4225,33.1641,10,Tree cover,0.690,22.5,50.9,1.36,5.3,Mixed Sedimentary,SM,76.1,93.2,NA,NA,NO_EVENT,NA,NA,NA,NA,NA,NA,NA,NA,NA,NA
NEG_0691,1:1,0,1,Garo Hills Block,25.985799,90.532656,23607.8,25.00,21.44,42.41,0.000616,0.002314,5.5967,24.8298,10,Tree cover,0.826,24.0,50.9,1.40,4.9,Mixed Sedimentary,SM,43.5,2577.5,NA,NA,NO_EVENT,NA,NA,NA,NA,NA,NA,NA,NA,NA,NA
NEG_0692,1:1,0,1,Garo Hills Block,25.879089,90.658155,24040.2,25.00,29.33,103.97,0.000193,0.002884,5.0235,21.3246,10,Tree cover,0.784,27.9,53.0,1.37,5.1,Mixed Sedimentary,SM,254.5,577.3,NA,NA,NO_EVENT,NA,NA,NA,NA,NA,NA,NA,NA,NA,NA
NEG_0693,1:1,0,1,Garo Hills Block,25.869917,90.149112,22367.1,111.89,28.16,138.16,0.000728,0.002559,5.1016,22.7846,10,Tree cover,0.779,28.2,49.3,1.36,5.2,Mixed Sedimentary,SM,123.5,2674.3,NA,NA,NO_EVENT,NA,NA,NA,NA,NA,NA,NA,NA,NA,NA
NEG_0694,1:1,0,1,Garo Hills Block,25.610927,90.278736,1136.4,52.85,28.90,247.74,-0.000755,-0.002370,4.2890,31.8439,10,Tree cover,0.652,26.7,44.5,1.32,5.0,Mixed Sedimentary,SM,229.7,1953.5,NA,NA,NO_EVENT,NA,NA,NA,NA,NA,NA,NA,NA,NA,NA
NEG_0695,1:1,0,2,West Khasi Block,25.045998,91.110821,17074.6,479.07,35.12,322.64,0.004105,-0.000195,3.8853,35.2393,10,Tree cover,0.772,28.9,48.8,1.43,5.1,Siliciclastic Sedimentary,SS,168.8,342.8,NA,NA,NO_EVENT,NA,NA,NA,NA,NA,NA,NA,NA,NA,NA
NEG_0696,1:1,0,1,Garo Hills Block,25.654271,89.803514,20041.3,25.00,35.93,315.64,-0.000927,-0.002440,3.7751,49.7133,10,Tree cover,0.759,28.3,46.6,1.32,5.2,Mixed Sedimentary,SM,34.5,624.2,NA,NA,NO_EVENT,NA,NA,NA,NA,NA,NA,NA,NA,NA,NA
NEG_0697,1:1,0,2,West Khasi Block,25.186950,91.049248,1008.8,612.20,26.35,31.49,-0.000717,-0.000635,5.0984,23.5833,10,Tree cover,0.824,29.7,46.2,1.44,5.2,Siliciclastic Sedimentary,SS,77.2,2026.7,NA,NA,NO_EVENT,NA,NA,NA,NA,NA,NA,NA,NA,NA,NA
NEG_0698,1:1,0,4,Ri-Bhoi Block,26.041004,91.557927,3435.9,1077.60,27.34,120.01,0.000963,0.002165,4.9470,40.7171,10,Tree cover,0.830,35.0,45.2,1.37,5.0,Metamorphic,MT,168.6,2632.3,NA,NA,NO_EVENT,NA,NA,NA,NA,NA,NA,NA,NA,NA,NA
NEG_0699,1:1,0,1,Garo Hills Block,25.113110,90.709000,13241.0,103.13,15.04,196.13,-0.002063,0.001280,5.7188,18.4415,10,Tree cover,0.829,30.2,51.9,1.44,5.2,Mixed Sedimentary,SM,142.4,638.3,NA,NA,NO_EVENT,NA,NA,NA,NA,NA,NA,NA,NA,NA,NA
NEG_0700,1:1,0,1,Garo Hills Block,25.146459,90.389950,21260.2,40.71,19.06,12.10,-0.000987,0.002288,5.5299,18.2743,10,Tree cover,0.830,30.3,45.1,1.44,4.8,Mixed Sedimentary,SM,81.7,327.6,NA,NA,NO_EVENT,NA,NA,NA,NA,NA,NA,NA,NA,NA,NA
NEG_0701,1:1,0,2,West Khasi Block,25.562580,91.419958,4511.8,1268.31,20.91,222.47,0.000047,-0.000741,4.9610,20.1507,10,Tree cover,0.651,28.5,46.7,1.32,5.1,Metamorphic,MT,64.9,1201.4,NA,NA,NO_EVENT,NA,NA,NA,NA,NA,NA,NA,NA,NA,NA
NEG_0702,1:1,0,1,Garo Hills Block,25.227109,90.157861,6465.7,125.22,27.12,140.95,-0.000514,-0.002105,5.1543,33.2814,10,Tree cover,0.811,28.7,48.9,1.43,5.2,Mixed Sedimentary,SM,35.3,1745.2,NA,NA,NO_EVENT,NA,NA,NA,NA,NA,NA,NA,NA,NA,NA
NEG_0703,1:1,0,4,Ri-Bhoi Block,25.717455,91.944143,4726.6,1631.27,24.96,220.09,0.002236,-0.001198,4.8343,47.9160,10,Tree cover,0.688,27.8,41.1,1.28,4.5,Metamorphic,MT,70.3,1708.9,NA,NA,NO_EVENT,NA,NA,NA,NA,NA,NA,NA,NA,NA,NA
NEG_0704,1:1,0,3,East Khasi Block,25.259717,91.646489,2863.3,1319.37,34.32,56.30,0.000097,-0.002423,4.6364,47.7489,60,Bare / sparse vegetation,0.400,27.6,45.1,1.42,5.3,Siliciclastic Sedimentary,SS,9.0,1368.2,NA,NA,NO_EVENT,NA,NA,NA,NA,NA,NA,NA,NA,NA,NA
NEG_0705,1:1,0,3,East Khasi Block,25.455706,91.853972,2093.4,1702.18,33.89,346.54,-0.004821,0.000101,4.2536,29.3971,10,Tree cover,0.789,32.1,38.5,1.36,4.3,Metamorphic,MT,152.9,1150.7,NA,NA,NO_EVENT,NA,NA,NA,NA,NA,NA,NA,NA,NA,NA
NEG_0706,1:1,0,4,Ri-Bhoi Block,25.985299,92.354763,14178.1,866.50,20.18,38.15,-0.003070,0.000468,5.6987,24.3431,10,Tree cover,0.826,35.1,41.4,1.36,4.7,Metamorphic,MT,111.9,1879.5,NA,NA,NO_EVENT,NA,NA,NA,NA,NA,NA,NA,NA,NA,NA
NEG_0707,1:1,0,3,East Khasi Block,25.188255,91.899572,4270.5,1267.64,30.48,98.61,-0.002718,0.000455,4.7724,24.7521,10,Tree cover,0.823,29.7,53.1,1.44,5.3,Siliciclastic Sedimentary,SS,73.3,20.2,NA,NA,NO_EVENT,NA,NA,NA,NA,NA,NA,NA,NA,NA,NA
NEG_0708,1:1,0,4,Ri-Bhoi Block,25.931269,92.603073,27378.5,703.55,21.69,126.70,-0.004316,-0.000362,5.6614,18.2861,10,Tree cover,0.809,34.3,39.8,1.34,4.6,Metamorphic,MT,88.2,2274.7,NA,NA,NO_EVENT,NA,NA,NA,NA,NA,NA,NA,NA,NA,NA
NEG_0709,1:1,0,1,Garo Hills Block,25.186835,90.903801,13741.5,345.53,26.03,130.37,-0.001661,0.000611,5.1236,23.4935,10,Tree cover,0.824,29.7,44.6,1.44,5.4,Mixed Sedimentary,SM,95.3,1267.9,NA,NA,NO_EVENT,NA,NA,NA,NA,NA,NA,NA,NA,NA,NA
NEG_0710,1:1,0,3,East Khasi Block,25.448969,91.747733,533.8,1620.38,26.23,358.80,0.004723,0.000050,4.8933,28.3820,60,Bare / sparse vegetation,0.207,32.4,38.7,1.36,4.3,Metamorphic,MT,17.9,150.8,NA,NA,NO_EVENT,NA,NA,NA,NA,NA,NA,NA,NA,NA,NA
NEG_0711,1:1,0,4,Ri-Bhoi Block,25.810923,91.237050,8008.5,816.76,19.55,61.55,-0.004700,0.000124,5.6273,31.4209,10,Tree cover,0.743,30.5,40.8,1.29,4.7,Metamorphic,MT,27.6,6756.6,NA,NA,NO_EVENT,NA,NA,NA,NA,NA,NA,NA,NA,NA,NA
NEG_0712,1:1,0,3,East Khasi Block,25.599154,91.798675,2601.1,1719.29,21.07,308.73,0.000132,-0.001850,4.9149,25.8196,10,Tree cover,0.824,27.7,38.1,1.30,4.3,Metamorphic,MT,47.1,846.5,NA,NA,NO_EVENT,NA,NA,NA,NA,NA,NA,NA,NA,NA,NA
NEG_0713,1:1,0,2,West Khasi Block,25.420947,91.301440,5209.9,1050.57,29.14,145.44,-0.000670,-0.001787,4.7715,37.2485,10,Tree cover,0.701,33.3,43.3,1.37,4.9,Metamorphic,MT,125.0,1330.1,NA,NA,NO_EVENT,NA,NA,NA,NA,NA,NA,NA,NA,NA,NA
NEG_0714,1:1,0,2,West Khasi Block,25.156707,91.275819,6460.8,802.75,17.49,117.81,0.001281,-0.002207,5.6957,18.7621,10,Tree cover,0.829,30.2,53.1,1.44,4.8,Siliciclastic Sedimentary,SS,209.0,648.2,NA,NA,NO_EVENT,NA,NA,NA,NA,NA,NA,NA,NA,NA,NA
NEG_0715,1:1,0,1,Garo Hills Block,25.959073,90.736369,28227.4,122.15,15.08,132.79,0.004781,0.000126,6.1606,19.8721,10,Tree cover,0.819,24.8,51.0,1.39,5.3,Mixed Sedimentary,SM,76.7,4239.8,NA,NA,NO_EVENT,NA,NA,NA,NA,NA,NA,NA,NA,NA,NA
NEG_0716,1:1,0,5,Jaintia Hills Block,25.391241,92.068211,5287.3,1434.78,22.13,151.70,-0.000419,-0.002606,5.4409,38.5145,10,Tree cover,0.719,34.1,45.7,1.37,4.8,Metamorphic,MT,131.1,2863.8,NA,NA,NO_EVENT,NA,NA,NA,NA,NA,NA,NA,NA,NA,NA
NEG_0717,1:1,0,2,West Khasi Block,25.574755,91.194444,904.3,880.54,17.79,303.56,-0.002964,0.000132,5.1938,21.1538,10,Tree cover,0.650,28.2,39.4,1.31,4.6,Metamorphic,MT,4.1,3370.7,NA,NA,NO_EVENT,NA,NA,NA,NA,NA,NA,NA,NA,NA,NA
NEG_0718,1:1,0,1,Garo Hills Block,25.096651,90.814034,22184.6,177.48,25.92,199.89,0.002051,-0.001585,4.7852,20.5216,10,Tree cover,0.827,30.0,47.6,1.44,5.4,Mixed Sedimentary,SM,63.2,210.7,NA,NA,NO_EVENT,NA,NA,NA,NA,NA,NA,NA,NA,NA,NA
NEG_0719,1:1,0,5,Jaintia Hills Block,25.464679,92.368105,8412.3,1185.72,32.30,349.96,-0.004475,-0.000170,4.3453,26.4593,10,Tree cover,0.678,31.8,40.9,1.35,4.7,Metamorphic,MT,120.4,1186.4,NA,NA,NO_EVENT,NA,NA,NA,NA,NA,NA,NA,NA,NA,NA
NEG_0720,1:1,0,2,West Khasi Block,25.056541,91.127440,15707.8,512.77,33.30,324.77,0.004072,-0.000499,4.0599,31.0990,10,Tree cover,0.817,29.2,49.5,1.43,5.1,Siliciclastic Sedimentary,SS,52.9,229.7,NA,NA,NO_EVENT,NA,NA,NA,NA,NA,NA,NA,NA,NA,NA
NEG_0721,1:1,0,3,East Khasi Block,25.054354,91.789606,15110.7,1106.25,25.38,320.35,-0.000889,0.001116,4.6872,28.4869,10,Tree cover,0.817,39.8,21.1,1.31,5.7,Volcanic Basic,VB,102.5,515.5,NA,NA,NO_EVENT,NA,NA,NA,NA,NA,NA,NA,NA,NA,NA
NEG_0722,1:1,0,3,East Khasi Block,25.177196,91.920073,6621.1,1269.49,27.47,123.16,-0.000328,0.001327,4.9744,21.9964,10,Tree cover,0.826,29.9,52.9,1.44,5.3,Siliciclastic Sedimentary,SS,386.2,331.6,NA,NA,NO_EVENT,NA,NA,NA,NA,NA,NA,NA,NA,NA,NA
NEG_0723,1:1,0,1,Garo Hills Block,25.082491,89.817129,41180.0,25.00,29.06,333.07,0.003277,-0.000673,4.4826,23.3384,10,Tree cover,0.824,29.8,47.2,1.44,5.2,Mixed Sedimentary,SM,80.4,762.2,NA,NA,NO_EVENT,NA,NA,NA,NA,NA,NA,NA,NA,NA,NA
NEG_0724,1:1,0,3,East Khasi Block,25.529017,91.840577,4472.5,1743.12,22.03,303.71,0.002046,0.001250,4.9448,18.0216,10,Tree cover,0.799,22.7,60.8,1.31,4.6,Plutonic Acidic,PA,101.4,1244.5,NA,NA,NO_EVENT,NA,NA,NA,NA,NA,NA,NA,NA,NA,NA
NEG_0725,1:1,0,3,East Khasi Block,25.134737,91.875646,7351.0,1265.38,23.65,7.17,-0.000231,0.001131,5.1160,18.0072,10,Tree cover,0.830,30.3,53.0,1.44,5.3,Siliciclastic Sedimentary,SS,92.0,454.4,NA,NA,NO_EVENT,NA,NA,NA,NA,NA,NA,NA,NA,NA,NA
NEG_0726,1:1,0,3,East Khasi Block,25.339648,91.722257,4179.0,1412.67,16.00,41.51,-0.004271,0.000402,6.0714,37.0634,10,Tree cover,0.751,35.0,39.2,1.38,4.3,Metamorphic,MT,22.8,849.8,NA,NA,NO_EVENT,NA,NA,NA,NA,NA,NA,NA,NA,NA,NA
NEG_0727,1:1,0,2,West Khasi Block,25.221643,91.261819,3471.3,786.89,26.19,88.93,0.002911,0.001239,5.2154,31.3911,10,Tree cover,0.813,28.9,53.1,1.43,4.8,Siliciclastic Sedimentary,SS,46.8,481.0,NA,NA,NO_EVENT,NA,NA,NA,NA,NA,NA,NA,NA,NA,NA
NEG_0728,1:1,0,2,West Khasi Block,25.116086,91.285280,10727.0,844.48,17.72,217.21,-0.000471,-0.002668,5.5161,18.3753,10,Tree cover,0.829,30.2,53.0,1.44,4.8,Siliciclastic Sedimentary,SS,12.9,1089.3,NA,NA,NO_EVENT,NA,NA,NA,NA,NA,NA,NA,NA,NA,NA
NEG_0729,1:1,0,3,East Khasi Block,25.327467,91.820239,4463.3,1535.75,18.87,54.86,0.002676,-0.000391,5.8624,40.6402,10,Tree cover,0.759,35.1,38.1,1.38,4.3,Metamorphic,MT,178.2,2059.0,NA,NA,NO_EVENT,NA,NA,NA,NA,NA,NA,NA,NA,NA,NA
NEG_0730,1:1,0,4,Ri-Bhoi Block,25.824689,91.130063,1159.0,804.03,31.19,31.45,0.004135,0.000034,4.7425,35.3007,10,Tree cover,0.752,31.0,38.2,1.30,4.5,Metamorphic,MT,43.5,1721.3,NA,NA,NO_EVENT,NA,NA,NA,NA,NA,NA,NA,NA,NA,NA
NEG_0731,1:1,0,4,Ri-Bhoi Block,25.958144,92.706849,16537.4,508.64,23.18,136.06,0.003318,-0.000469,5.5140,20.7530,10,Tree cover,0.819,34.8,43.7,1.35,4.9,Metamorphic,MT,222.2,1844.7,NA,NA,NO_EVENT,NA,NA,NA,NA,NA,NA,NA,NA,NA,NA
NEG_0732,1:1,0,1,Garo Hills Block,26.060485,90.460053,30037.4,25.00,25.52,8.48,-0.004210,-0.000465,5.0171,43.2548,10,Tree cover,0.828,22.5,47.8,1.43,4.8,Mixed Sedimentary,SM,302.0,5420.7,NA,NA,NO_EVENT,NA,NA,NA,NA,NA,NA,NA,NA,NA,NA
NEG_0733,1:1,0,3,East Khasi Block,25.314915,91.656438,1271.3,1395.43,24.91,53.74,0.001836,-0.000438,5.3947,47.5092,10,Tree cover,0.766,25.4,45.4,1.41,5.3,Siliciclastic Sedimentary,SS,57.5,388.2,NA,NA,NO_EVENT,NA,NA,NA,NA,NA,NA,NA,NA,NA,NA
NEG_0734,1:1,0,2,West Khasi Block,25.100309,91.110978,11185.9,551.69,26.59,342.31,0.003598,0.000247,4.7453,20.1002,10,Tree cover,0.828,30.1,48.8,1.44,5.1,Siliciclastic Sedimentary,SS,153.3,296.7,NA,NA,NO_EVENT,NA,NA,NA,NA,NA,NA,NA,NA,NA,NA
NEG_0735,1:1,0,4,Ri-Bhoi Block,25.735010,91.811164,7685.4,1572.05,18.98,340.32,-0.001027,0.002245,5.3786,40.5222,10,Tree cover,0.697,28.2,38.1,1.28,4.3,Metamorphic,MT,174.8,314.6,NA,NA,NO_EVENT,NA,NA,NA,NA,NA,NA,NA,NA,NA,NA
NEG_0736,1:1,0,4,Ri-Bhoi Block,25.876131,92.750851,18107.5,554.03,29.71,129.00,-0.001259,-0.000789,4.9884,21.8772,10,Tree cover,0.782,32.8,45.2,1.31,5.0,Metamorphic,MT,54.6,450.3,NA,NA,NO_EVENT,NA,NA,NA,NA,NA,NA,NA,NA,NA,NA
NEG_0737,1:1,0,1,Garo Hills Block,25.871720,90.060333,25379.7,25.00,35.90,119.78,0.000969,-0.002369,4.4857,23.6728,10,Tree cover,0.788,28.1,52.5,1.36,5.4,Mixed Sedimentary,SM,98.4,683.8,NA,NA,NO_EVENT,NA,NA,NA,NA,NA,NA,NA,NA,NA,NA
NEG_0738,1:1,0,3,East Khasi Block,25.409657,91.673198,711.2,1480.64,30.15,23.98,0.000114,0.002405,4.7336,41.1193,10,Tree cover,0.708,33.6,40.8,1.37,4.4,Metamorphic,MT,76.8,136.9,NA,NA,NO_EVENT,NA,NA,NA,NA,NA,NA,NA,NA,NA,NA
NEG_0739,1:1,0,5,Jaintia Hills Block,25.045435,92.393777,841.9,773.69,34.55,321.18,0.002927,-0.001204,3.9295,35.1432,60,Bare / sparse vegetation,0.176,28.9,50.0,1.43,5.0,Siliciclastic Sedimentary,SS,13.6,1197.4,NA,NA,NO_EVENT,NA,NA,NA,NA,NA,NA,NA,NA,NA,NA
NEG_0740,1:1,0,1,Garo Hills Block,25.592272,90.770522,4216.8,313.53,21.93,225.47,-0.002256,-0.001219,4.8483,24.8326,10,Tree cover,0.650,25.9,49.6,1.32,5.3,Mixed Sedimentary,SM,238.0,54.5,NA,NA,NO_EVENT,NA,NA,NA,NA,NA,NA,NA,NA,NA,NA
NEG_0741,1:1,0,1,Garo Hills Block,25.178406,90.855354,18650.4,344.23,28.63,151.32,-0.004546,0.000015,4.8860,22.3848,60,Bare / sparse vegetation,0.343,29.9,45.9,1.44,5.4,Mixed Sedimentary,SM,20.0,1112.5,NA,NA,NO_EVENT,NA,NA,NA,NA,NA,NA,NA,NA,NA,NA
NEG_0742,1:1,0,4,Ri-Bhoi Block,25.708811,91.017591,3901.9,637.01,22.34,321.73,0.002898,0.000627,5.0132,44.5200,10,Tree cover,0.683,27.6,39.4,1.28,4.6,Metamorphic,MT,96.2,5194.4,NA,NA,NO_EVENT,NA,NA,NA,NA,NA,NA,NA,NA,NA,NA
NEG_0743,1:1,0,3,East Khasi Block,25.549995,91.959488,2025.8,1722.89,18.71,233.79,-0.003341,-0.000982,5.1601,18.8553,10,Tree cover,0.710,28.9,41.7,1.32,4.5,Metamorphic,MT,132.3,1002.7,NA,NA,NO_EVENT,NA,NA,NA,NA,NA,NA,NA,NA,NA,NA
NEG_0744,1:1,0,1,Garo Hills Block,25.951147,90.303446,22518.2,94.02,24.56,100.34,-0.001722,0.000112,5.4136,20.0077,10,Tree cover,0.817,25.1,44.2,1.39,4.9,Mixed Sedimentary,SM,36.9,3724.4,NA,NA,NO_EVENT,NA,NA,NA,NA,NA,NA,NA,NA,NA,NA
NEG_0745,1:1,0,2,West Khasi Block,25.093212,91.448979,8487.7,919.97,20.92,201.87,-0.002740,0.001245,5.1724,20.4279,10,Tree cover,0.827,30.0,47.3,1.44,4.9,Siliciclastic Sedimentary,SS,290.2,442.1,NA,NA,NO_EVENT,NA,NA,NA,NA,NA,NA,NA,NA,NA,NA
NEG_0746,1:1,0,1,Garo Hills Block,25.275252,90.647757,4094.1,58.88,27.57,97.36,0.000917,-0.002447,5.1902,45.3168,10,Tree cover,0.789,27.0,53.1,1.42,5.1,Mixed Sedimentary,SM,291.0,1964.6,NA,NA,NO_EVENT,NA,NA,NA,NA,NA,NA,NA,NA,NA,NA
NEG_0747,1:1,0,1,Garo Hills Block,25.848063,90.095687,21471.4,62.50,33.36,135.49,0.004080,-0.000221,4.6369,29.3173,10,Tree cover,0.766,28.9,51.4,1.36,5.3,Mixed Sedimentary,SM,79.3,42.8,NA,NA,NO_EVENT,NA,NA,NA,NA,NA,NA,NA,NA,NA,NA
NEG_0748,1:1,0,1,Garo Hills Block,25.154480,89.845660,33147.6,80.69,22.21,12.18,-0.002573,-0.000249,5.3095,18.7980,10,Tree cover,0.829,30.2,48.4,1.44,5.3,Mixed Sedimentary,SM,75.0,767.7,NA,NA,NO_EVENT,NA,NA,NA,NA,NA,NA,NA,NA,NA,NA
NEG_0749,1:1,0,5,Jaintia Hills Block,25.062084,92.805123,9199.1,456.01,23.14,246.27,0.000303,0.000582,4.8891,25.9667,10,Tree cover,0.819,29.4,44.3,1.43,5.3,Siliciclastic Sedimentary,SS,171.2,28.0,NA,NA,NO_EVENT,NA,NA,NA,NA,NA,NA,NA,NA,NA,NA
NEG_0750,1:1,0,1,Garo Hills Block,25.160730,90.360475,17925.2,25.00,23.89,35.55,-0.003151,0.000471,5.1993,19.4134,10,Tree cover,0.828,30.1,44.4,1.44,4.8,Mixed Sedimentary,SM,314.1,774.7,NA,NA,NO_EVENT,NA,NA,NA,NA,NA,NA,NA,NA,NA,NA
NEG_0751,1:1,0,3,East Khasi Block,25.192560,91.927379,5376.5,1285.52,29.60,121.89,0.000545,0.000224,4.8573,25.5323,10,Tree cover,0.822,29.6,52.8,1.44,5.3,Siliciclastic Sedimentary,SS,92.3,51.3,NA,NA,NO_EVENT,NA,NA,NA,NA,NA,NA,NA,NA,NA,NA
NEG_0752,1:1,0,2,West Khasi Block,25.531983,91.238894,1634.7,877.64,15.02,287.80,-0.002599,0.000446,5.4977,18.0493,10,Tree cover,0.655,29.5,40.9,1.33,4.7,Metamorphic,MT,18.0,1603.5,NA,NA,NO_EVENT,NA,NA,NA,NA,NA,NA,NA,NA,NA,NA
NEG_0753,1:1,0,1,Garo Hills Block,25.445955,90.212158,5992.1,44.09,26.69,179.39,0.004679,0.000025,4.8686,29.2964,10,Tree cover,0.688,22.5,46.5,1.36,5.1,Mixed Sedimentary,SM,211.2,1660.5,NA,NA,NO_EVENT,NA,NA,NA,NA,NA,NA,NA,NA,NA,NA
NEG_0754,1:1,0,5,Jaintia Hills Block,25.302258,92.799952,10555.1,532.42,17.90,108.63,-0.000299,0.001368,5.9649,38.5053,10,Tree cover,0.774,25.9,44.4,1.41,5.3,Siliciclastic Sedimentary,SS,240.9,1384.5,NA,NA,NO_EVENT,NA,NA,NA,NA,NA,NA,NA,NA,NA,NA
NEG_0755,1:1,0,3,East Khasi Block,25.123319,91.944462,9564.5,1253.69,20.72,190.56,-0.000596,0.002507,5.3048,18.1410,10,Tree cover,0.830,30.3,52.5,1.44,5.2,Siliciclastic Sedimentary,SS,249.6,1075.8,NA,NA,NO_EVENT,NA,NA,NA,NA,NA,NA,NA,NA,NA,NA
NEG_0756,1:1,0,3,East Khasi Block,25.131792,91.955471,8147.4,1255.52,19.19,180.91,-0.000086,0.002064,5.4610,18.0013,10,Tree cover,0.830,30.3,52.2,1.44,5.2,Siliciclastic Sedimentary,SS,66.7,64.8,NA,NA,NO_EVENT,NA,NA,NA,NA,NA,NA,NA,NA,NA,NA
NEG_0757,1:1,0,2,West Khasi Block,25.486010,91.248355,3334.8,903.90,22.50,291.29,0.002560,0.000998,5.0475,20.5987,10,Tree cover,0.669,31.0,41.2,1.35,4.7,Metamorphic,MT,108.9,1084.4,NA,NA,NO_EVENT,NA,NA,NA,NA,NA,NA,NA,NA,NA,NA
NEG_0758,1:1,0,4,Ri-Bhoi Block,26.032492,91.775368,5872.4,1114.94,22.02,24.30,-0.001257,0.002242,5.4042,34.5937,60,Bare / sparse vegetation,0.162,35.1,38.2,1.37,4.5,Metamorphic,MT,17.8,4061.5,NA,NA,NO_EVENT,NA,NA,NA,NA,NA,NA,NA,NA,NA,NA
NEG_0759,1:1,0,1,Garo Hills Block,26.095756,89.889326,55483.4,68.75,26.91,347.53,0.002374,0.001235,4.7656,49.5722,10,Tree cover,0.821,22.6,50.3,1.43,5.3,Mixed Sedimentary,SM,61.1,2630.0,NA,NA,NO_EVENT,NA,NA,NA,NA,NA,NA,NA,NA,NA,NA
NEG_0760,1:1,0,3,East Khasi Block,25.420660,91.603108,3190.9,1459.24,33.24,45.60,-0.003921,-0.000261,4.4446,40.0480,10,Tree cover,0.701,33.3,43.5,1.37,4.6,Metamorphic,MT,54.9,329.6,NA,NA,NO_EVENT,NA,NA,NA,NA,NA,NA,NA,NA,NA,NA
NEG_0761,1:1,0,1,Garo Hills Block,25.734455,90.268605,11413.4,66.69,22.38,207.81,0.001531,0.002049,5.1044,44.5812,10,Tree cover,0.697,30.2,44.7,1.33,5.0,Mixed Sedimentary,SM,56.4,5471.9,NA,NA,NO_EVENT,NA,NA,NA,NA,NA,NA,NA,NA,NA,NA
NEG_0762,1:1,0,1,Garo Hills Block,25.114821,90.962463,11548.3,457.05,15.08,306.76,-0.001949,0.001180,5.7223,18.3694,10,Tree cover,0.829,30.2,44.1,1.44,5.4,Mixed Sedimentary,SM,95.1,1193.6,NA,NA,NO_EVENT,NA,NA,NA,NA,NA,NA,NA,NA,NA,NA
NEG_0763,1:1,0,3,East Khasi Block,25.039789,91.987193,16576.0,1092.83,27.32,224.45,-0.003646,0.000070,4.4939,33.0238,10,Tree cover,0.812,28.7,51.2,1.43,5.1,Siliciclastic Sedimentary,SS,136.4,456.5,NA,NA,NO_EVENT,NA,NA,NA,NA,NA,NA,NA,NA,NA,NA
NEG_0764,1:1,0,5,Jaintia Hills Block,25.478340,92.039272,1689.2,1654.60,23.92,197.26,0.000822,0.002064,4.9627,21.8862,10,Tree cover,0.672,31.3,44.8,1.35,4.7,Metamorphic,MT,33.1,618.3,NA,NA,NO_EVENT,NA,NA,NA,NA,NA,NA,NA,NA,NA,NA
NEG_0765,1:1,0,3,East Khasi Block,25.427759,91.792519,2570.3,1626.88,26.43,12.81,0.000533,-0.001371,4.9617,33.7328,60,Bare / sparse vegetation,0.233,33.1,38.1,1.37,4.3,Metamorphic,MT,3.5,637.3,NA,NA,NO_EVENT,NA,NA,NA,NA,NA,NA,NA,NA,NA,NA
NEG_0766,1:1,0,2,West Khasi Block,25.245984,91.599834,2270.3,1212.32,34.57,76.21,-0.001489,0.000638,4.5966,43.6942,10,Tree cover,0.803,28.1,44.2,1.43,5.2,Siliciclastic Sedimentary,SS,35.7,634.6,NA,NA,NO_EVENT,NA,NA,NA,NA,NA,NA,NA,NA,NA,NA
NEG_0767,1:1,0,4,Ri-Bhoi Block,25.959908,92.602683,26661.4,681.48,18.25,128.86,-0.004636,0.000217,5.9056,20.3556,10,Tree cover,0.819,34.9,39.8,1.35,4.6,Metamorphic,MT,69.6,1329.1,NA,NA,NO_EVENT,NA,NA,NA,NA,NA,NA,NA,NA,NA,NA
NEG_0768,1:1,0,4,Ri-Bhoi Block,25.795140,91.947188,7151.5,1470.43,23.04,147.66,-0.002139,-0.001625,5.2905,37.1716,60,Bare / sparse vegetation,0.399,29.9,41.3,1.29,4.5,Metamorphic,MT,9.6,7995.4,NA,NA,NO_EVENT,NA,NA,NA,NA,NA,NA,NA,NA,NA,NA
NEG_0769,1:1,0,5,Jaintia Hills Block,25.164610,92.128231,1600.6,1207.18,25.66,155.88,-0.003267,0.000852,5.0725,19.9585,10,Tree cover,0.828,39.8,25.5,1.33,5.7,Carbonate Sedimentary,SC,117.1,790.5,NA,NA,NO_EVENT,NA,NA,NA,NA,NA,NA,NA,NA,NA,NA
NEG_0770,1:1,0,4,Ri-Bhoi Block,25.650647,91.331961,4521.7,1083.28,34.16,234.62,-0.001494,-0.001660,3.9100,47.0869,10,Tree cover,0.660,27.2,44.5,1.29,4.9,Metamorphic,MT,113.7,7823.0,NA,NA,NO_EVENT,NA,NA,NA,NA,NA,NA,NA,NA,NA,NA
NEG_0771,1:1,0,3,East Khasi Block,25.191308,91.948905,4384.8,1306.40,27.08,134.45,0.002999,0.000255,5.0547,24.6267,10,Tree cover,0.823,29.7,52.4,1.44,5.2,Siliciclastic Sedimentary,SS,30.5,537.9,NA,NA,NO_EVENT,NA,NA,NA,NA,NA,NA,NA,NA,NA,NA
NEG_0772,1:1,0,1,Garo Hills Block,25.185685,90.250389,8388.0,32.99,24.51,142.04,0.004012,-0.000412,5.2412,22.9683,10,Tree cover,0.824,29.8,45.2,1.44,5.0,Mixed Sedimentary,SM,77.7,736.8,NA,NA,NO_EVENT,NA,NA,NA,NA,NA,NA,NA,NA,NA,NA
NEG_0773,1:1,0,1,Garo Hills Block,25.065556,89.872233,39796.2,25.00,26.44,327.43,0.004192,-0.000175,4.6358,26.3164,10,Tree cover,0.820,29.5,49.6,1.44,5.3,Mixed Sedimentary,SM,38.9,350.1,NA,NA,NO_EVENT,NA,NA,NA,NA,NA,NA,NA,NA,NA,NA
NEG_0774,1:1,0,3,East Khasi Block,25.257215,91.739744,1491.9,1446.80,25.60,43.49,0.000147,0.000392,5.3309,39.6341,10,Tree cover,0.798,27.6,48.8,1.42,5.1,Siliciclastic Sedimentary,SS,99.4,51.2,NA,NA,NO_EVENT,NA,NA,NA,NA,NA,NA,NA,NA,NA,NA
NEG_0775,1:1,0,1,Garo Hills Block,25.091427,89.903580,35805.5,25.00,18.89,334.91,0.000937,0.001500,5.3282,20.3874,10,Tree cover,0.826,30.0,50.9,1.44,5.4,Mixed Sedimentary,SM,54.4,245.2,NA,NA,NO_EVENT,NA,NA,NA,NA,NA,NA,NA,NA,NA,NA
NEG_0776,1:1,0,2,West Khasi Block,25.144465,91.595502,4414.7,1138.00,22.77,33.05,-0.001365,-0.000940,5.2252,18.2397,10,Tree cover,0.830,30.3,44.2,1.44,5.2,Siliciclastic Sedimentary,SS,63.1,8.4,NA,NA,NO_EVENT,NA,NA,NA,NA,NA,NA,NA,NA,NA,NA
NEG_0777,1:1,0,1,Garo Hills Block,25.335018,90.429310,23335.0,25.00,14.84,45.49,-0.001644,0.000949,6.1726,35.7680,40,Cropland,0.660,24.7,46.5,1.40,4.8,Mixed Sedimentary,SM,63.0,1329.6,NA,NA,NO_EVENT,NA,NA,NA,NA,NA,NA,NA,NA,NA,NA
NEG_0778,1:1,0,5,Jaintia Hills Block,25.035686,92.013284,16556.1,1045.96,25.96,221.34,-0.002537,0.001435,4.5931,33.2970,10,Tree cover,0.810,28.6,50.2,1.43,5.1,Siliciclastic Sedimentary,SS,59.0,101.9,NA,NA,NO_EVENT,NA,NA,NA,NA,NA,NA,NA,NA,NA,NA
NEG_0779,1:1,0,4,Ri-Bhoi Block,26.083306,91.598230,8422.2,993.05,34.46,338.64,0.004727,-0.000158,4.2109,56.8315,10,Tree cover,0.824,34.3,43.7,1.38,4.9,Metamorphic,MT,183.5,307.0,NA,NA,NO_EVENT,NA,NA,NA,NA,NA,NA,NA,NA,NA,NA
NEG_0780,1:1,0,4,Ri-Bhoi Block,25.891195,91.882215,2810.2,1329.46,34.21,84.46,-0.000475,0.001561,4.6488,19.8780,10,Tree cover,0.791,33.3,39.1,1.32,4.6,Metamorphic,MT,61.9,4745.7,NA,NA,NO_EVENT,NA,NA,NA,NA,NA,NA,NA,NA,NA,NA
NEG_0781,1:1,0,2,West Khasi Block,25.158269,91.479524,1035.5,1081.39,16.21,163.08,0.002966,0.000220,5.8042,18.8001,10,Tree cover,0.829,30.2,46.1,1.44,4.9,Siliciclastic Sedimentary,SS,104.4,2213.0,NA,NA,NO_EVENT,NA,NA,NA,NA,NA,NA,NA,NA,NA,NA
NEG_0782,1:1,0,3,East Khasi Block,25.094259,91.885315,11939.5,1270.60,27.52,279.48,0.003318,0.001009,4.6482,21.0322,10,Tree cover,0.827,30.0,53.1,1.44,5.3,Siliciclastic Sedimentary,SS,94.7,1998.4,NA,NA,NO_EVENT,NA,NA,NA,NA,NA,NA,NA,NA,NA,NA
NEG_0783,1:1,0,5,Jaintia Hills Block,25.430720,92.342115,5441.5,1157.09,29.40,9.35,-0.003994,-0.000584,4.7124,34.6656,10,Tree cover,0.696,33.0,41.9,1.36,4.8,Metamorphic,MT,64.7,2936.7,NA,NA,NO_EVENT,NA,NA,NA,NA,NA,NA,NA,NA,NA,NA
NEG_0784,1:1,0,2,West Khasi Block,25.252817,91.566768,2214.6,1189.49,30.67,96.51,-0.000345,0.002580,4.9193,42.7192,10,Tree cover,0.800,27.8,44.1,1.43,5.1,Siliciclastic Sedimentary,SS,87.3,403.9,NA,NA,NO_EVENT,NA,NA,NA,NA,NA,NA,NA,NA,NA,NA
NEG_0785,1:1,0,5,Jaintia Hills Block,25.648029,92.595521,9623.1,842.74,28.94,232.82,-0.001388,-0.001281,4.3230,41.9755,10,Tree cover,0.660,27.2,39.6,1.29,4.6,Metamorphic,MT,42.1,4393.5,NA,NA,NO_EVENT,NA,NA,NA,NA,NA,NA,NA,NA,NA,NA
NEG_0786,1:1,0,1,Garo Hills Block,25.555716,90.315345,1602.9,25.00,24.00,266.49,0.002759,0.000977,4.7257,19.6567,10,Tree cover,0.651,24.6,44.1,1.33,4.9,Mixed Sedimentary,SM,20.1,2560.7,NA,NA,NO_EVENT,NA,NA,NA,NA,NA,NA,NA,NA,NA,NA
NEG_0787,1:1,0,2,West Khasi Block,25.529384,91.541674,1074.7,1311.48,17.70,244.52,-0.000255,0.002630,5.2902,18.0211,10,Tree cover,0.656,29.5,45.6,1.33,5.0,Metamorphic,MT,110.3,902.7,NA,NA,NO_EVENT,NA,NA,NA,NA,NA,NA,NA,NA,NA,NA
NEG_0788,1:1,0,3,East Khasi Block,25.625645,91.901360,1050.7,1774.96,33.49,264.29,0.000622,0.002496,3.9302,38.7466,10,Tree cover,0.752,27.4,39.7,1.29,4.4,Metamorphic,MT,41.4,2803.4,NA,NA,NO_EVENT,NA,NA,NA,NA,NA,NA,NA,NA,NA,NA
NEG_0789,1:1,0,1,Garo Hills Block,25.381188,90.685799,1576.0,204.74,18.72,128.56,-0.000168,0.002646,5.7467,36.7827,10,Tree cover,0.725,23.3,52.5,1.38,5.2,Mixed Sedimentary,SM,17.3,3042.5,NA,NA,NO_EVENT,NA,NA,NA,NA,NA,NA,NA,NA,NA,NA
NEG_0790,1:1,0,2,West Khasi Block,25.199974,91.111045,2874.4,749.62,32.56,31.95,-0.004933,-0.000040,4.6443,28.2545,10,Tree cover,0.820,29.5,48.8,1.44,5.1,Siliciclastic Sedimentary,SS,180.2,184.1,NA,NA,NO_EVENT,NA,NA,NA,NA,NA,NA,NA,NA,NA,NA
NEG_0791,1:1,0,2,West Khasi Block,25.590658,91.303233,2788.2,1024.92,22.75,248.57,0.000954,-0.001281,4.7835,24.7812,10,Tree cover,0.650,27.9,43.4,1.31,4.9,Metamorphic,MT,25.5,2055.7,NA,NA,NO_EVENT,NA,NA,NA,NA,NA,NA,NA,NA,NA,NA
NEG_0792,1:1,0,4,Ri-Bhoi Block,26.069001,92.666593,21080.5,520.34,35.74,176.42,0.001269,-0.000449,4.1657,55.4548,10,Tree cover,0.866,34.6,42.1,1.38,4.8,Metamorphic,MT,48.3,1825.1,NA,NA,NO_EVENT,NA,NA,NA,NA,NA,NA,NA,NA,NA,NA
NEG_0793,1:1,0,1,Garo Hills Block,25.449704,90.022507,8446.1,40.47,34.18,190.05,0.001889,0.000194,4.2544,31.3024,10,Tree cover,0.686,22.5,53.0,1.36,5.4,Mixed Sedimentary,SM,130.1,770.0,NA,NA,NO_EVENT,NA,NA,NA,NA,NA,NA,NA,NA,NA,NA
NEG_0794,1:1,0,3,East Khasi Block,25.576164,91.709414,3000.1,1647.74,18.89,315.21,-0.004032,0.000158,5.1042,21.5322,10,Tree cover,0.650,28.2,39.6,1.31,4.4,Metamorphic,MT,36.6,172.7,NA,NA,NO_EVENT,NA,NA,NA,NA,NA,NA,NA,NA,NA,NA
NEG_0795,1:1,0,3,East Khasi Block,25.544710,91.966974,1088.0,1723.05,17.95,230.47,-0.003417,-0.000874,5.2322,18.5079,10,Tree cover,0.705,29.1,42.0,1.32,4.5,Metamorphic,MT,306.0,1686.7,NA,NA,NO_EVENT,NA,NA,NA,NA,NA,NA,NA,NA,NA,NA
NEG_0796,1:1,0,3,East Khasi Block,25.635074,91.602872,2167.2,1487.39,33.81,284.81,0.000040,-0.000446,3.9144,41.9846,10,Tree cover,0.656,27.3,43.6,1.29,4.6,Metamorphic,MT,20.9,7869.2,NA,NA,NO_EVENT,NA,NA,NA,NA,NA,NA,NA,NA,NA,NA
NEG_0797,1:1,0,4,Ri-Bhoi Block,25.992659,92.259350,7726.5,1074.36,16.15,55.20,0.002012,0.001392,6.0020,24.1094,10,Tree cover,0.827,35.2,45.0,1.36,5.0,Metamorphic,MT,224.9,3093.3,NA,NA,NO_EVENT,NA,NA,NA,NA,NA,NA,NA,NA,NA,NA
NEG_0798,1:1,0,5,Jaintia Hills Block,25.566091,92.335428,645.5,1261.87,17.87,316.02,0.003822,0.000306,5.1988,20.1890,10,Tree cover,0.651,28.4,42.2,1.31,4.8,Metamorphic,MT,177.2,354.9,NA,NA,NO_EVENT,NA,NA,NA,NA,NA,NA,NA,NA,NA,NA
NEG_0799,1:1,0,3,East Khasi Block,25.111778,91.752098,8533.9,1178.41,15.25,348.07,-0.002264,-0.001106,5.6968,18.5099,10,Tree cover,0.829,30.2,49.4,1.44,5.4,Siliciclastic Sedimentary,SS,76.4,867.7,NA,NA,NO_EVENT,NA,NA,NA,NA,NA,NA,NA,NA,NA,NA
NEG_0800,1:1,0,1,Garo Hills Block,25.978465,90.293948,25522.9,113.25,23.17,107.85,-0.000428,0.001971,5.4758,23.9884,10,Tree cover,0.824,24.2,44.3,1.40,4.9,Mixed Sedimentary,SM,155.1,1324.5,NA,NA,NO_EVENT,NA,NA,NA,NA,NA,NA,NA,NA,NA,NA
NEG_0801,1:1,0,2,West Khasi Block,25.021707,91.571105,15857.4,1060.37,31.70,265.97,0.001050,0.002268,4.1057,40.9058,10,Tree cover,0.804,28.1,44.1,1.43,5.1,Siliciclastic Sedimentary,SS,115.8,79.2,NA,NA,NO_EVENT,NA,NA,NA,NA,NA,NA,NA,NA,NA,NA
NEG_0802,1:1,0,2,West Khasi Block,25.311279,91.392252,4262.6,1059.82,25.57,134.52,0.003131,-0.000564,5.3452,48.0652,10,Tree cover,0.768,25.6,49.8,1.41,4.8,Siliciclastic Sedimentary,SS,147.4,4700.5,NA,NA,NO_EVENT,NA,NA,NA,NA,NA,NA,NA,NA,NA,NA
NEG_0803,1:1,0,3,East Khasi Block,25.153765,91.948935,6860.1,1272.67,21.12,158.96,0.001515,0.002069,5.3939,18.7102,10,Tree cover,0.829,30.2,52.4,1.44,5.2,Siliciclastic Sedimentary,SS,40.0,183.9,NA,NA,NO_EVENT,NA,NA,NA,NA,NA,NA,NA,NA,NA,NA
NEG_0804,1:1,0,5,Jaintia Hills Block,25.490788,92.721605,16967.6,709.87,28.91,205.22,0.002048,-0.001174,4.5172,20.5985,10,Tree cover,0.668,30.9,44.2,1.34,4.9,Metamorphic,MT,144.6,4292.9,NA,NA,NO_EVENT,NA,NA,NA,NA,NA,NA,NA,NA,NA,NA
NEG_0805,1:1,0,3,East Khasi Block,25.528228,91.751654,3776.0,1747.67,15.53,323.60,-0.002029,0.001116,5.4670,18.0093,10,Tree cover,0.839,29.6,38.6,1.33,4.3,Metamorphic,MT,135.1,289.8,NA,NA,NO_EVENT,NA,NA,NA,NA,NA,NA,NA,NA,NA,NA
NEG_0806,1:1,0,2,West Khasi Block,25.243251,91.562196,3335.0,1166.56,30.65,99.64,-0.000728,0.002562,4.9054,39.9959,60,Bare / sparse vegetation,0.396,28.2,44.2,1.43,5.1,Siliciclastic Sedimentary,SS,18.5,133.1,NA,NA,NO_EVENT,NA,NA,NA,NA,NA,NA,NA,NA,NA,NA
NEG_0807,1:1,0,3,East Khasi Block,25.545933,91.961378,1582.3,1722.36,18.57,232.46,-0.003220,-0.001064,5.1799,18.5936,10,Tree cover,0.709,29.0,41.8,1.32,4.5,Metamorphic,MT,27.9,1398.4,NA,NA,NO_EVENT,NA,NA,NA,NA,NA,NA,NA,NA,NA,NA
NEG_0808,1:1,0,3,East Khasi Block,25.111982,91.858114,9676.4,1262.90,23.60,327.89,0.002477,-0.000134,5.0296,18.7740,10,Tree cover,0.829,30.2,52.9,1.44,5.4,Siliciclastic Sedimentary,SS,49.7,516.6,NA,NA,NO_EVENT,NA,NA,NA,NA,NA,NA,NA,NA,NA,NA
NEG_0809,1:1,0,5,Jaintia Hills Block,25.647311,92.210662,6090.9,1431.91,31.76,273.10,0.001157,0.001764,4.0962,44.1091,10,Tree cover,0.659,27.2,46.3,1.29,4.8,Metamorphic,MT,198.8,1142.6,NA,NA,NO_EVENT,NA,NA,NA,NA,NA,NA,NA,NA,NA,NA
NEG_0810,1:1,0,2,West Khasi Block,25.466234,91.548264,4756.9,1344.24,28.14,213.75,-0.000249,0.001392,4.6719,25.0259,10,Tree cover,0.678,31.8,45.4,1.35,5.0,Metamorphic,MT,21.3,1127.8,NA,NA,NO_EVENT,NA,NA,NA,NA,NA,NA,NA,NA,NA,NA
NEG_0811,1:1,0,1,Garo Hills Block,25.351356,89.815819,24797.3,25.00,23.73,40.87,0.002426,-0.001532,5.4282,45.5821,10,Tree cover,0.744,24.1,47.1,1.40,5.2,Mixed Sedimentary,SM,164.1,429.3,NA,NA,NO_EVENT,NA,NA,NA,NA,NA,NA,NA,NA,NA,NA
NEG_0812,1:1,0,1,Garo Hills Block,25.119726,90.861008,19701.9,297.29,24.06,189.55,0.001579,0.000435,5.0233,18.3119,10,Tree cover,0.830,30.3,45.7,1.44,5.4,Mixed Sedimentary,SM,212.7,266.7,NA,NA,NO_EVENT,NA,NA,NA,NA,NA,NA,NA,NA,NA,NA
NEG_0813,1:1,0,2,West Khasi Block,25.221399,91.574157,799.0,1138.44,31.48,92.41,-0.002584,0.001376,4.7916,34.0229,10,Tree cover,0.813,28.9,44.1,1.43,5.1,Siliciclastic Sedimentary,SS,84.7,494.9,NA,NA,NO_EVENT,NA,NA,NA,NA,NA,NA,NA,NA,NA,NA
NEG_0814,1:1,0,2,West Khasi Block,25.041187,91.517576,13036.7,1005.42,26.03,234.60,-0.002457,0.001496,4.6004,31.9666,10,Tree cover,0.812,28.8,44.9,1.43,5.0,Siliciclastic Sedimentary,SS,37.6,1465.7,NA,NA,NO_EVENT,NA,NA,NA,NA,NA,NA,NA,NA,NA,NA
NEG_0815,1:1,0,4,Ri-Bhoi Block,26.099626,92.501315,26504.2,651.52,27.08,307.41,-0.003889,-0.000542,4.7369,50.0387,10,Tree cover,0.820,33.8,38.1,1.38,4.5,Metamorphic,MT,114.5,5497.3,NA,NA,NO_EVENT,NA,NA,NA,NA,NA,NA,NA,NA,NA,NA
NEG_0816,1:1,0,5,Jaintia Hills Block,25.382130,92.258091,5344.1,1311.76,18.77,50.36,-0.000210,-0.001497,5.7397,36.7064,10,Tree cover,0.724,34.3,45.1,1.38,5.0,Metamorphic,MT,32.0,763.5,NA,NA,NO_EVENT,NA,NA,NA,NA,NA,NA,NA,NA,NA,NA
NEG_0817,1:1,0,4,Ri-Bhoi Block,25.898964,92.382356,22892.6,1023.07,31.79,45.02,-0.001330,0.001342,4.8495,18.8907,60,Bare / sparse vegetation,0.307,33.5,40.4,1.32,4.7,Metamorphic,MT,11.4,2064.9,NA,NA,NO_EVENT,NA,NA,NA,NA,NA,NA,NA,NA,NA,NA
NEG_0818,1:1,0,1,Garo Hills Block,25.851834,90.675451,21046.9,54.64,27.43,116.56,-0.000862,0.001880,5.1208,26.4248,10,Tree cover,0.768,28.8,52.7,1.36,5.1,Mixed Sedimentary,SM,53.3,152.1,NA,NA,NO_EVENT,NA,NA,NA,NA,NA,NA,NA,NA,NA,NA
NEG_0819,1:1,0,2,West Khasi Block,25.578676,91.300502,3058.4,1007.41,20.63,249.40,0.000716,-0.000452,4.9623,22.2252,10,Tree cover,0.650,28.1,43.3,1.31,4.9,Metamorphic,MT,16.5,1141.0,NA,NA,NO_EVENT,NA,NA,NA,NA,NA,NA,NA,NA,NA,NA
NEG_0820,1:1,0,4,Ri-Bhoi Block,25.748638,92.372816,17153.3,1085.64,22.04,352.90,-0.001481,-0.000706,5.1872,43.2466,10,Tree cover,0.705,28.5,40.8,1.28,4.7,Metamorphic,MT,134.5,2318.3,NA,NA,NO_EVENT,NA,NA,NA,NA,NA,NA,NA,NA,NA,NA
NEG_0821,1:1,0,2,West Khasi Block,25.103289,91.020818,9956.7,500.71,18.89,336.17,-0.001793,-0.001879,5.3727,19.2353,10,Tree cover,0.828,30.1,45.2,1.44,5.3,Siliciclastic Sedimentary,SS,11.7,256.9,NA,NA,NO_EVENT,NA,NA,NA,NA,NA,NA,NA,NA,NA,NA
NEG_0822,1:1,0,1,Garo Hills Block,25.161267,90.671787,6726.2,39.11,18.37,141.99,0.000442,0.002248,5.6430,19.1282,10,Tree cover,0.828,30.1,52.8,1.44,5.1,Mixed Sedimentary,SM,19.7,485.3,NA,NA,NO_EVENT,NA,NA,NA,NA,NA,NA,NA,NA,NA,NA
NEG_0823,1:1,0,3,East Khasi Block,25.185316,91.934099,5622.1,1285.17,27.65,129.41,0.001325,0.000732,4.9887,23.5317,10,Tree cover,0.824,29.8,52.7,1.44,5.2,Siliciclastic Sedimentary,SS,228.8,441.8,NA,NA,NO_EVENT,NA,NA,NA,NA,NA,NA,NA,NA,NA,NA
NEG_0824,1:1,0,4,Ri-Bhoi Block,25.909559,92.463992,27992.8,883.53,28.47,61.97,0.002211,0.001451,5.1209,18.1607,10,Tree cover,0.800,33.8,38.4,1.33,4.5,Metamorphic,MT,41.9,1540.1,NA,NA,NO_EVENT,NA,NA,NA,NA,NA,NA,NA,NA,NA,NA
NEG_0825,1:1,0,5,Jaintia Hills Block,25.107809,92.228757,2162.1,1097.98,19.42,312.75,-0.002854,0.000508,5.3477,18.9149,10,Tree cover,0.829,37.5,29.1,1.31,5.4,Carbonate Sedimentary,SC,103.9,653.1,NA,NA,NO_EVENT,NA,NA,NA,NA,NA,NA,NA,NA,NA,NA
NEG_0826,1:1,0,1,Garo Hills Block,25.154669,90.528041,12142.0,64.40,21.55,13.93,0.000811,-0.002433,5.3630,18.7877,10,Tree cover,0.829,30.2,50.8,1.44,4.9,Mixed Sedimentary,SM,87.6,421.7,NA,NA,NO_EVENT,NA,NA,NA,NA,NA,NA,NA,NA,NA,NA
NEG_0827,1:1,0,1,Garo Hills Block,25.085824,90.706355,15668.3,92.80,19.10,214.62,-0.003878,0.000628,5.2911,21.0802,10,Tree cover,0.825,29.9,52.0,1.44,5.2,Mixed Sedimentary,SM,31.1,187.8,NA,NA,NO_EVENT,NA,NA,NA,NA,NA,NA,NA,NA,NA,NA
NEG_0828,1:1,0,1,Garo Hills Block,25.159650,90.460684,18122.3,86.02,15.97,15.10,0.002832,0.000977,5.8287,18.8745,10,Tree cover,0.828,30.2,47.8,1.44,4.8,Mixed Sedimentary,SM,59.7,190.5,NA,NA,NO_EVENT,NA,NA,NA,NA,NA,NA,NA,NA,NA,NA
NEG_0829,1:1,0,4,Ri-Bhoi Block,25.865819,92.114615,3885.7,1317.53,33.99,132.38,0.002488,0.000202,4.6273,24.7382,10,Tree cover,0.777,32.4,46.6,1.31,5.1,Metamorphic,MT,175.3,5781.8,NA,NA,NO_EVENT,NA,NA,NA,NA,NA,NA,NA,NA,NA,NA
NEG_0830,1:1,0,5,Jaintia Hills Block,25.263301,92.028738,5698.0,1437.45,24.34,135.45,-0.000292,0.002616,5.4388,39.8371,10,Tree cover,0.795,27.4,49.5,1.42,4.8,Siliciclastic Sedimentary,SS,62.1,1754.1,NA,NA,NO_EVENT,NA,NA,NA,NA,NA,NA,NA,NA,NA,NA
NEG_0831,1:1,0,4,Ri-Bhoi Block,25.994771,92.135756,7990.4,1146.17,25.08,131.80,-0.001751,-0.001547,5.2818,27.9631,10,Tree cover,0.827,35.2,46.8,1.36,5.1,Metamorphic,MT,50.4,1222.7,NA,NA,NO_EVENT,NA,NA,NA,NA,NA,NA,NA,NA,NA,NA
NEG_0832,1:1,0,1,Garo Hills Block,25.736821,89.943239,17487.7,56.82,15.84,337.94,0.001985,-0.001768,5.6368,36.7345,10,Tree cover,0.698,30.2,52.2,1.33,5.4,Mixed Sedimentary,SM,277.1,106.3,NA,NA,NO_EVENT,NA,NA,NA,NA,NA,NA,NA,NA,NA,NA
NEG_0833,1:1,0,1,Garo Hills Block,25.178450,90.764397,13741.5,261.12,22.10,155.36,0.002898,-0.000960,5.4085,21.3908,10,Tree cover,0.825,29.9,49.8,1.44,5.3,Mixed Sedimentary,SM,65.3,561.7,NA,NA,NO_EVENT,NA,NA,NA,NA,NA,NA,NA,NA,NA,NA
NEG_0834,1:1,0,1,Garo Hills Block,25.198921,90.268955,8188.1,25.00,29.02,128.88,0.002434,0.000219,4.9242,26.8826,10,Tree cover,0.821,29.5,44.7,1.44,5.0,Mixed Sedimentary,SM,25.0,1843.1,NA,NA,NO_EVENT,NA,NA,NA,NA,NA,NA,NA,NA,NA,NA
NEG_0835,1:1,0,3,East Khasi Block,25.171018,91.914004,6366.5,1264.22,26.83,120.76,-0.000912,0.001685,5.0030,20.9257,10,Tree cover,0.827,30.0,53.0,1.44,5.3,Siliciclastic Sedimentary,SS,62.8,105.9,NA,NA,NO_EVENT,NA,NA,NA,NA,NA,NA,NA,NA,NA,NA
NEG_0836,1:1,0,2,West Khasi Block,25.501119,91.174686,1234.4,875.18,24.30,326.32,0.000151,-0.002901,4.8496,19.0900,60,Bare / sparse vegetation,0.165,30.5,38.9,1.34,4.6,Metamorphic,MT,3.0,1130.8,NA,NA,NO_EVENT,NA,NA,NA,NA,NA,NA,NA,NA,NA,NA
NEG_0837,1:1,0,3,East Khasi Block,25.316904,91.655556,1088.8,1397.34,24.72,53.84,0.001949,-0.000298,5.4078,47.3829,60,Bare / sparse vegetation,0.376,25.4,45.4,1.41,5.3,Siliciclastic Sedimentary,SS,0.2,520.5,NA,NA,NO_EVENT,NA,NA,NA,NA,NA,NA,NA,NA,NA,NA
NEG_0838,1:1,0,3,East Khasi Block,25.563578,91.957619,3358.7,1724.47,19.31,236.29,-0.003711,-0.000433,5.0874,20.0909,10,Tree cover,0.711,28.5,41.7,1.31,4.5,Metamorphic,MT,204.4,121.5,NA,NA,NO_EVENT,NA,NA,NA,NA,NA,NA,NA,NA,NA,NA
NEG_0839,1:1,0,3,East Khasi Block,25.300827,91.892181,2821.2,1519.30,28.05,90.34,0.003039,-0.001051,5.1536,49.9682,10,Tree cover,0.775,26.0,53.1,1.41,5.1,Siliciclastic Sedimentary,SS,94.0,501.6,NA,NA,NO_EVENT,NA,NA,NA,NA,NA,NA,NA,NA,NA,NA
NEG_0840,1:1,0,3,East Khasi Block,25.117418,91.603852,7342.9,1153.65,23.69,329.70,0.001854,-0.000346,5.0437,18.4251,10,Tree cover,0.829,30.3,44.3,1.44,5.2,Siliciclastic Sedimentary,SS,94.7,135.6,NA,NA,NO_EVENT,NA,NA,NA,NA,NA,NA,NA,NA,NA,NA
NEG_0841,1:1,0,1,Garo Hills Block,25.195417,90.734344,10393.4,203.73,22.44,145.02,0.004959,-0.000001,5.4394,24.2213,10,Tree cover,0.821,29.6,51.1,1.44,5.3,Mixed Sedimentary,SM,144.5,1702.2,NA,NA,NO_EVENT,NA,NA,NA,NA,NA,NA,NA,NA,NA,NA
NEG_0842,1:1,0,2,West Khasi Block,25.195444,91.129782,1018.8,760.25,31.05,31.11,-0.004155,0.000005,4.7507,26.6150,10,Tree cover,0.821,29.6,49.7,1.44,5.1,Siliciclastic Sedimentary,SS,25.3,1803.0,NA,NA,NO_EVENT,NA,NA,NA,NA,NA,NA,NA,NA,NA,NA
NEG_0843,1:1,0,3,East Khasi Block,25.108364,91.735913,8163.7,1159.83,16.39,346.43,-0.002860,-0.000087,5.5923,18.7386,10,Tree cover,0.829,30.2,48.7,1.44,5.4,Siliciclastic Sedimentary,SS,37.8,1373.6,NA,NA,NO_EVENT,NA,NA,NA,NA,NA,NA,NA,NA,NA,NA
NEG_0844,1:1,0,5,Jaintia Hills Block,25.338575,92.573094,1006.9,869.69,15.05,119.86,0.002350,-0.001078,6.1494,35.9562,10,Tree cover,0.752,35.0,39.0,1.38,4.6,Metamorphic,MT,32.9,2306.1,NA,NA,NO_EVENT,NA,NA,NA,NA,NA,NA,NA,NA,NA,NA
NEG_0845,1:1,0,4,Ri-Bhoi Block,25.925733,92.201114,8201.6,1170.84,25.71,92.66,0.002569,0.001319,5.3420,18.1137,10,Tree cover,0.807,34.2,46.5,1.33,5.1,Metamorphic,MT,93.4,933.5,NA,NA,NO_EVENT,NA,NA,NA,NA,NA,NA,NA,NA,NA,NA
NEG_0846,1:1,0,4,Ri-Bhoi Block,25.672973,91.132154,1101.5,716.50,34.33,321.41,-0.003215,0.001070,3.9451,53.2258,10,Tree cover,0.668,27.2,38.2,1.28,4.5,Metamorphic,MT,247.2,3449.9,NA,NA,NO_EVENT,NA,NA,NA,NA,NA,NA,NA,NA,NA,NA
NEG_0847,1:1,0,4,Ri-Bhoi Block,26.012720,91.512735,5715.7,1045.00,18.48,135.85,-0.000031,0.002020,5.7556,28.4508,10,Tree cover,0.829,35.2,46.3,1.36,5.1,Metamorphic,MT,80.7,3062.3,NA,NA,NO_EVENT,NA,NA,NA,NA,NA,NA,NA,NA,NA,NA
NEG_0848,1:1,0,2,West Khasi Block,25.026509,91.419902,16403.1,801.99,32.59,221.14,0.000026,-0.002653,4.0434,40.0680,10,Tree cover,0.806,28.3,48.6,1.43,4.9,Siliciclastic Sedimentary,SS,162.2,240.7,NA,NA,NO_EVENT,NA,NA,NA,NA,NA,NA,NA,NA,NA,NA
NEG_0849,1:1,0,1,Garo Hills Block,25.744252,90.688704,13792.5,173.49,15.61,198.09,0.001081,-0.002323,5.6843,36.1336,10,Tree cover,0.702,30.2,52.5,1.33,5.2,Mixed Sedimentary,SM,50.5,2269.4,NA,NA,NO_EVENT,NA,NA,NA,NA,NA,NA,NA,NA,NA,NA
NEG_0850,1:1,0,3,East Khasi Block,25.302959,91.678524,3132.3,1394.08,24.65,49.48,-0.000765,-0.001304,5.4246,46.3059,10,Tree cover,0.773,25.9,46.2,1.41,5.3,Siliciclastic Sedimentary,SS,285.0,832.3,NA,NA,NO_EVENT,NA,NA,NA,NA,NA,NA,NA,NA,NA,NA
NEG_0851,1:1,0,5,Jaintia Hills Block,25.371454,92.804137,12779.0,602.37,16.19,113.29,0.000058,-0.002850,5.9788,35.2807,10,Tree cover,0.731,34.6,46.5,1.38,5.1,Metamorphic,MT,288.6,2032.2,NA,NA,NO_EVENT,NA,NA,NA,NA,NA,NA,NA,NA,NA,NA
NEG_0852,1:1,0,1,Garo Hills Block,25.546678,89.819163,16266.2,108.58,23.39,318.63,0.002892,0.001246,4.7927,18.8024,10,Tree cover,0.653,24.3,47.3,1.33,5.2,Mixed Sedimentary,SM,197.0,1887.3,NA,NA,NO_EVENT,NA,NA,NA,NA,NA,NA,NA,NA,NA,NA
NEG_0853,1:1,0,4,Ri-Bhoi Block,25.650744,91.807539,3465.8,1668.75,28.76,309.85,-0.000472,-0.002692,4.3421,42.5132,10,Tree cover,0.660,27.2,38.1,1.29,4.3,Metamorphic,MT,113.8,5344.9,NA,NA,NO_EVENT,NA,NA,NA,NA,NA,NA,NA,NA,NA,NA
NEG_0854,1:1,0,4,Ri-Bhoi Block,25.956593,91.984544,1686.4,1245.44,16.45,130.84,0.004920,-0.000017,6.0548,19.8099,10,Tree cover,0.818,34.8,42.7,1.35,4.8,Metamorphic,MT,24.1,12807.9,NA,NA,NO_EVENT,NA,NA,NA,NA,NA,NA,NA,NA,NA,NA
NEG_0855,1:1,0,1,Garo Hills Block,25.392463,89.860171,19421.7,25.00,24.92,27.51,-0.001005,0.000770,5.2136,40.8542,10,Tree cover,0.718,23.1,49.1,1.38,5.3,Mixed Sedimentary,SM,84.5,2437.1,NA,NA,NO_EVENT,NA,NA,NA,NA,NA,NA,NA,NA,NA,NA
NEG_0856,1:1,0,5,Jaintia Hills Block,25.030361,92.185659,11714.5,1075.49,34.56,256.85,-0.000768,-0.002406,3.8936,40.1301,10,Tree cover,0.808,28.4,44.2,1.43,4.8,Siliciclastic Sedimentary,SS,315.1,461.4,NA,NA,NO_EVENT,NA,NA,NA,NA,NA,NA,NA,NA,NA,NA
NEG_0857,1:1,0,1,Garo Hills Block,25.485372,90.892580,5135.3,439.45,29.44,215.02,-0.001680,-0.001991,4.4947,21.5073,10,Tree cover,0.670,22.8,44.8,1.35,5.4,Mixed Sedimentary,SM,133.3,6772.8,NA,NA,NO_EVENT,NA,NA,NA,NA,NA,NA,NA,NA,NA,NA
NEG_0858,1:1,0,3,East Khasi Block,25.553662,91.922039,1090.9,1732.02,22.73,251.10,0.000107,-0.001365,4.8312,19.3669,10,Tree cover,0.736,28.8,40.3,1.32,4.4,Metamorphic,MT,77.5,1760.5,NA,NA,NO_EVENT,NA,NA,NA,NA,NA,NA,NA,NA,NA,NA
NEG_0859,1:1,0,4,Ri-Bhoi Block,25.896095,92.125228,4387.8,1257.60,32.59,126.46,-0.001093,0.000982,4.7831,19.2037,60,Bare / sparse vegetation,0.311,33.4,46.8,1.32,5.1,Metamorphic,MT,6.6,3378.3,NA,NA,NO_EVENT,NA,NA,NA,NA,NA,NA,NA,NA,NA,NA
NEG_0860,1:1,0,2,West Khasi Block,25.422732,91.372516,3273.7,1094.75,34.46,164.91,-0.003829,0.000624,4.3389,40.1744,10,Tree cover,0.700,33.2,45.7,1.37,5.0,Metamorphic,MT,41.7,4082.0,NA,NA,NO_EVENT,NA,NA,NA,NA,NA,NA,NA,NA,NA,NA
NEG_0861,1:1,0,1,Garo Hills Block,25.229202,90.278971,7011.7,25.00,33.50,116.30,0.000857,0.002160,4.6487,37.5487,10,Tree cover,0.810,28.6,44.5,1.43,5.0,Mixed Sedimentary,SM,220.5,1479.3,NA,NA,NO_EVENT,NA,NA,NA,NA,NA,NA,NA,NA,NA,NA
NEG_0862,1:1,0,4,Ri-Bhoi Block,25.979094,92.083561,2654.1,1123.96,18.67,138.90,-0.002832,0.001298,5.8344,22.9184,10,Tree cover,0.824,35.1,46.1,1.35,5.0,Metamorphic,MT,89.3,2694.5,NA,NA,NO_EVENT,NA,NA,NA,NA,NA,NA,NA,NA,NA,NA
NEG_0863,1:1,0,2,West Khasi Block,25.356504,91.458997,2674.2,1142.18,16.67,139.69,-0.002616,0.001316,5.9807,37.0572,10,Tree cover,0.740,25.8,51.8,1.32,4.7,Plutonic Acidic,PA,42.5,1965.8,NA,NA,NO_EVENT,NA,NA,NA,NA,NA,NA,NA,NA,NA,NA
NEG_0864,1:1,0,5,Jaintia Hills Block,25.054116,92.109560,10408.9,1055.60,31.73,220.79,0.004610,0.000056,4.1785,31.1798,10,Tree cover,0.817,29.2,46.0,1.43,4.9,Siliciclastic Sedimentary,SS,36.4,402.2,NA,NA,NO_EVENT,NA,NA,NA,NA,NA,NA,NA,NA,NA,NA
NEG_0865,1:1,0,2,West Khasi Block,25.072988,91.255740,14351.0,828.27,21.81,277.61,-0.004122,-0.000130,5.0302,23.5387,10,Tree cover,0.822,29.6,53.1,1.44,4.8,Siliciclastic Sedimentary,SS,150.8,116.3,NA,NA,NO_EVENT,NA,NA,NA,NA,NA,NA,NA,NA,NA,NA
NEG_0866,1:1,0,1,Garo Hills Block,25.203643,90.608229,2516.8,25.00,32.25,67.93,-0.004865,-0.000070,4.6804,29.1717,10,Tree cover,0.819,29.4,52.9,1.43,5.0,Mixed Sedimentary,SM,45.2,1451.5,NA,NA,NO_EVENT,NA,NA,NA,NA,NA,NA,NA,NA,NA,NA
NEG_0867,1:1,0,5,Jaintia Hills Block,25.022026,92.259790,10306.0,971.46,26.74,299.91,-0.001541,0.001497,4.5030,37.2416,10,Tree cover,0.804,28.1,44.7,1.43,4.8,Siliciclastic Sedimentary,SS,123.6,413.2,NA,NA,NO_EVENT,NA,NA,NA,NA,NA,NA,NA,NA,NA,NA
NEG_0868,1:1,0,3,East Khasi Block,25.549559,91.630469,1228.2,1463.90,24.01,300.60,0.003597,-0.000840,4.7370,19.0594,10,Tree cover,0.652,28.9,42.5,1.32,4.5,Metamorphic,MT,81.9,1266.7,NA,NA,NO_EVENT,NA,NA,NA,NA,NA,NA,NA,NA,NA,NA
NEG_0869,1:1,0,1,Garo Hills Block,25.504128,90.603499,5616.9,25.00,28.51,299.74,-0.000698,0.000002,4.5026,18.9850,10,Tree cover,0.663,23.1,52.9,1.34,5.0,Mixed Sedimentary,SM,158.5,368.9,NA,NA,NO_EVENT,NA,NA,NA,NA,NA,NA,NA,NA,NA,NA
NEG_0870,1:1,0,5,Jaintia Hills Block,25.211791,92.393599,2714.9,1058.46,33.65,36.71,-0.003301,-0.000823,4.5923,32.1079,10,Tree cover,0.817,41.5,31.8,1.34,5.5,Carbonate Sedimentary,SC,52.0,3057.5,NA,NA,NO_EVENT,NA,NA,NA,NA,NA,NA,NA,NA,NA,NA
NEG_0871,1:1,0,5,Jaintia Hills Block,25.187629,92.409663,2727.2,996.36,30.41,30.32,-0.001908,0.000545,4.7759,24.5954,10,Tree cover,0.823,40.7,31.6,1.33,5.6,Carbonate Sedimentary,SC,332.4,1270.9,NA,NA,NO_EVENT,NA,NA,NA,NA,NA,NA,NA,NA,NA,NA
NEG_0872,1:1,0,1,Garo Hills Block,25.836245,90.691688,18671.5,102.96,24.46,128.20,-0.002818,0.000735,5.3164,28.8962,10,Tree cover,0.759,29.2,52.4,1.35,5.2,Mixed Sedimentary,SM,170.4,1234.8,NA,NA,NO_EVENT,NA,NA,NA,NA,NA,NA,NA,NA,NA,NA
NEG_0873,1:1,0,2,West Khasi Block,25.227870,91.552941,3047.7,1136.40,29.40,106.58,-0.000596,0.002135,4.9737,34.7807,60,Bare / sparse vegetation,0.389,28.7,44.2,1.43,5.1,Siliciclastic Sedimentary,SS,19.2,815.5,NA,NA,NO_EVENT,NA,NA,NA,NA,NA,NA,NA,NA,NA,NA
NEG_0874,1:1,0,5,Jaintia Hills Block,25.370409,92.327265,6839.2,1110.90,18.46,36.45,0.001055,-0.002195,5.8002,37.8186,10,Tree cover,0.732,34.6,42.5,1.38,4.8,Metamorphic,MT,97.4,304.9,NA,NA,NO_EVENT,NA,NA,NA,NA,NA,NA,NA,NA,NA,NA
NEG_0875,1:1,0,1,Garo Hills Block,25.578630,90.029008,2369.9,25.00,24.62,257.09,-0.001107,-0.000442,4.6432,23.0342,10,Tree cover,0.650,25.4,53.0,1.33,5.4,Mixed Sedimentary,SM,37.8,362.3,NA,NA,NO_EVENT,NA,NA,NA,NA,NA,NA,NA,NA,NA,NA
NEG_0876,1:1,0,4,Ri-Bhoi Block,25.999811,92.158076,10220.6,1158.76,26.14,123.83,-0.000611,-0.002621,5.1826,29.5906,10,Tree cover,0.828,35.2,46.9,1.36,5.1,Metamorphic,MT,276.0,2804.7,NA,NA,NO_EVENT,NA,NA,NA,NA,NA,NA,NA,NA,NA,NA
NEG_0877,1:1,0,3,East Khasi Block,25.403357,91.997494,524.3,1553.09,22.44,154.18,0.002221,-0.000764,5.3735,36.4897,10,Tree cover,0.711,33.8,43.2,1.37,4.6,Metamorphic,MT,53.8,2070.1,NA,NA,NO_EVENT,NA,NA,NA,NA,NA,NA,NA,NA,NA,NA
NEG_0878,1:1,0,1,Garo Hills Block,25.081692,89.881300,37790.2,25.00,22.60,332.78,0.003355,0.000621,4.9966,22.2772,10,Tree cover,0.824,29.8,50.0,1.44,5.3,Mixed Sedimentary,SM,105.3,231.9,NA,NA,NO_EVENT,NA,NA,NA,NA,NA,NA,NA,NA,NA,NA
NEG_0879,1:1,0,5,Jaintia Hills Block,25.492103,92.531303,2227.7,869.51,21.59,255.40,0.001023,0.002381,5.0981,19.7995,10,Tree cover,0.667,30.8,38.2,1.34,4.5,Metamorphic,MT,32.9,1751.8,NA,NA,NO_EVENT,NA,NA,NA,NA,NA,NA,NA,NA,NA,NA
NEG_0880,1:1,0,3,East Khasi Block,25.635083,91.719125,7221.8,1548.01,27.11,316.07,-0.000036,0.001125,4.4504,37.2340,10,Tree cover,0.656,27.3,39.3,1.29,4.3,Metamorphic,MT,133.6,804.0,NA,NA,NO_EVENT,NA,NA,NA,NA,NA,NA,NA,NA,NA,NA
NEG_0881,1:1,0,5,Jaintia Hills Block,25.563595,92.444360,3945.3,1055.99,23.21,306.71,-0.002197,-0.000595,4.7754,20.5154,60,Bare / sparse vegetation,0.172,28.5,38.7,1.31,4.5,Metamorphic,MT,16.3,281.7,NA,NA,NO_EVENT,NA,NA,NA,NA,NA,NA,NA,NA,NA,NA
NEG_0882,1:1,0,2,West Khasi Block,25.097441,91.054058,10496.1,503.68,23.63,338.26,0.001021,-0.001838,4.9713,20.2019,10,Tree cover,0.827,30.1,46.4,1.44,5.2,Siliciclastic Sedimentary,SS,97.1,313.2,NA,NA,NO_EVENT,NA,NA,NA,NA,NA,NA,NA,NA,NA,NA
NEG_0883,1:1,0,1,Garo Hills Block,25.625479,90.044912,3196.0,70.54,33.32,249.08,0.000210,-0.002866,3.9436,38.5880,10,Tree cover,0.654,27.2,52.8,1.32,5.4,Mixed Sedimentary,SM,85.5,4101.4,NA,NA,NO_EVENT,NA,NA,NA,NA,NA,NA,NA,NA,NA,NA
NEG_0884,1:1,0,4,Ri-Bhoi Block,26.084984,91.430592,16148.2,887.98,31.09,185.60,-0.001229,0.000701,4.4738,53.2677,10,Tree cover,0.823,34.2,46.8,1.38,5.1,Metamorphic,MT,95.6,110.2,NA,NA,NO_EVENT,NA,NA,NA,NA,NA,NA,NA,NA,NA,NA
NEG_0885,1:1,0,1,Garo Hills Block,25.283237,89.901302,19344.8,50.70,22.18,48.95,0.000795,-0.002347,5.6247,41.1922,10,Tree cover,0.785,26.7,50.8,1.42,5.4,Mixed Sedimentary,SM,148.8,1276.7,NA,NA,NO_EVENT,NA,NA,NA,NA,NA,NA,NA,NA,NA,NA
NEG_0886,1:1,0,4,Ri-Bhoi Block,26.010189,92.196047,6744.3,1148.81,25.37,99.09,0.000142,-0.002565,5.2126,31.7326,10,Tree cover,0.829,35.2,46.6,1.36,5.1,Metamorphic,MT,64.1,1268.0,NA,NA,NO_EVENT,NA,NA,NA,NA,NA,NA,NA,NA,NA,NA
NEG_0887,1:1,0,4,Ri-Bhoi Block,25.654854,91.339615,5323.6,1082.52,34.88,231.63,-0.002107,-0.001148,3.8603,48.9581,10,Tree cover,0.662,27.2,44.7,1.29,5.0,Metamorphic,MT,265.1,8716.5,NA,NA,NO_EVENT,NA,NA,NA,NA,NA,NA,NA,NA,NA,NA
NEG_0888,1:1,0,3,East Khasi Block,25.149855,91.600277,4051.9,1140.89,23.57,36.94,-0.002027,-0.000580,5.1825,18.5269,10,Tree cover,0.829,30.2,44.2,1.44,5.2,Siliciclastic Sedimentary,SS,96.0,31.9,NA,NA,NO_EVENT,NA,NA,NA,NA,NA,NA,NA,NA,NA,NA
NEG_0889,1:1,0,5,Jaintia Hills Block,25.621780,92.266852,4827.9,1309.28,23.49,300.24,-0.001230,-0.001912,4.7271,31.6801,10,Tree cover,0.654,27.4,44.8,1.30,5.0,Metamorphic,MT,30.9,793.3,NA,NA,NO_EVENT,NA,NA,NA,NA,NA,NA,NA,NA,NA,NA
NEG_0890,1:1,0,1,Garo Hills Block,25.346380,89.828776,23593.1,25.00,22.68,40.79,0.003511,-0.000876,5.5233,44.6986,10,Tree cover,0.747,24.3,47.7,1.40,5.2,Mixed Sedimentary,SM,129.8,725.9,NA,NA,NO_EVENT,NA,NA,NA,NA,NA,NA,NA,NA,NA,NA
NEG_0891,1:1,0,2,West Khasi Block,25.526788,91.254466,785.3,889.99,16.02,276.99,-0.001746,0.001463,5.4318,18.0022,10,Tree cover,0.657,29.6,41.5,1.33,4.7,Metamorphic,MT,66.0,303.9,NA,NA,NO_EVENT,NA,NA,NA,NA,NA,NA,NA,NA,NA,NA
NEG_0892,1:1,0,5,Jaintia Hills Block,25.112544,92.062940,8484.6,1154.11,17.25,191.46,0.000845,-0.002460,5.5398,18.5357,10,Tree cover,0.829,37.7,24.4,1.31,5.9,Carbonate Sedimentary,SC,33.5,109.0,NA,NA,NO_EVENT,NA,NA,NA,NA,NA,NA,NA,NA,NA,NA
NEG_0893,1:1,0,2,West Khasi Block,25.503284,91.199965,725.6,872.66,21.13,317.91,0.000561,-0.002118,5.0958,18.7883,10,Tree cover,0.663,30.4,39.6,1.34,4.6,Metamorphic,MT,41.1,548.2,NA,NA,NO_EVENT,NA,NA,NA,NA,NA,NA,NA,NA,NA,NA
NEG_0894,1:1,0,2,West Khasi Block,25.337486,91.386256,5847.5,1043.64,23.59,136.69,0.003457,0.000780,5.4682,46.1805,10,Tree cover,0.752,35.1,46.1,1.38,5.0,Metamorphic,MT,47.1,3067.1,NA,NA,NO_EVENT,NA,NA,NA,NA,NA,NA,NA,NA,NA,NA
NEG_0895,1:1,0,5,Jaintia Hills Block,25.551031,92.773889,22476.9,571.94,15.57,236.74,-0.002827,0.001157,5.4092,18.7722,10,Tree cover,0.652,28.9,45.9,1.32,5.0,Metamorphic,MT,33.6,3931.8,NA,NA,NO_EVENT,NA,NA,NA,NA,NA,NA,NA,NA,NA,NA
NEG_0896,1:1,0,1,Garo Hills Block,25.455090,90.922678,4468.2,491.21,29.30,197.39,0.000609,-0.000605,4.6233,28.0096,10,Tree cover,0.683,22.5,44.3,1.36,5.4,Mixed Sedimentary,SM,62.6,5799.4,NA,NA,NO_EVENT,NA,NA,NA,NA,NA,NA,NA,NA,NA,NA
NEG_0897,1:1,0,2,West Khasi Block,25.035524,91.525864,13641.8,1016.25,26.86,239.17,-0.001575,0.001991,4.5208,33.8692,10,Tree cover,0.810,28.6,44.7,1.43,5.0,Siliciclastic Sedimentary,SS,44.9,1767.1,NA,NA,NO_EVENT,NA,NA,NA,NA,NA,NA,NA,NA,NA,NA
NEG_0898,1:1,0,4,Ri-Bhoi Block,26.022337,91.753442,7757.1,1096.60,19.98,27.19,-0.001096,0.001326,5.6034,31.1415,10,Tree cover,0.830,35.2,38.6,1.37,4.5,Metamorphic,MT,213.5,4723.1,NA,NA,NO_EVENT,NA,NA,NA,NA,NA,NA,NA,NA,NA,NA
NEG_0899,1:1,0,4,Ri-Bhoi Block,25.769654,91.084389,4234.1,707.65,23.53,5.02,0.000912,0.001519,5.1519,42.2943,60,Bare / sparse vegetation,0.397,29.1,38.2,1.28,4.5,Metamorphic,MT,3.4,2872.3,NA,NA,NO_EVENT,NA,NA,NA,NA,NA,NA,NA,NA,NA,NA
NEG_0900,1:1,0,3,East Khasi Block,25.579455,91.947748,3547.3,1729.25,22.08,241.23,-0.002857,0.000419,4.8456,22.6471,10,Tree cover,0.717,28.1,41.3,1.31,4.5,Metamorphic,MT,82.0,2108.9,NA,NA,NO_EVENT,NA,NA,NA,NA,NA,NA,NA,NA,NA,NA
NEG_0901,1:1,0,2,West Khasi Block,25.260110,91.515812,3644.4,1182.53,25.07,121.15,-0.000146,0.002183,5.3769,39.8154,10,Tree cover,0.797,27.5,44.9,1.42,5.0,Siliciclastic Sedimentary,SS,65.5,234.9,NA,NA,NO_EVENT,NA,NA,NA,NA,NA,NA,NA,NA,NA,NA
NEG_0902,1:1,0,2,West Khasi Block,25.518074,91.485559,1977.3,1318.12,17.04,219.41,-0.001033,0.000175,5.3755,18.0709,10,Tree cover,0.659,29.9,46.7,1.33,5.1,Metamorphic,MT,93.8,1919.8,NA,NA,NO_EVENT,NA,NA,NA,NA,NA,NA,NA,NA,NA,NA
NEG_0903,1:1,0,1,Garo Hills Block,25.748296,90.698198,12978.2,178.81,14.77,192.15,0.001121,-0.001993,5.7675,34.9389,40,Cropland,0.516,30.3,52.2,1.33,5.2,Mixed Sedimentary,SM,145.5,3268.5,NA,NA,NO_EVENT,NA,NA,NA,NA,NA,NA,NA,NA,NA,NA
NEG_0904,1:1,0,3,East Khasi Block,25.261708,91.947509,3969.8,1415.67,30.61,118.91,-0.000237,-0.002446,4.9355,45.0527,10,Tree cover,0.796,27.5,52.4,1.42,5.0,Siliciclastic Sedimentary,SS,62.7,559.2,NA,NA,NO_EVENT,NA,NA,NA,NA,NA,NA,NA,NA,NA,NA
NEG_0905,1:1,0,2,West Khasi Block,25.106126,91.557927,6616.1,1122.12,20.05,233.62,0.000906,-0.002256,5.2908,19.0744,10,Tree cover,0.828,30.2,44.2,1.44,5.1,Siliciclastic Sedimentary,SS,239.5,232.6,NA,NA,NO_EVENT,NA,NA,NA,NA,NA,NA,NA,NA,NA,NA
NEG_0906,1:1,0,1,Garo Hills Block,25.448605,89.845581,16240.7,47.89,32.98,359.02,-0.004971,0.000013,4.3548,31.1624,60,Bare / sparse vegetation,0.207,22.5,48.4,1.36,5.3,Mixed Sedimentary,SM,11.2,620.3,NA,NA,NO_EVENT,NA,NA,NA,NA,NA,NA,NA,NA,NA,NA
NEG_0907,1:1,0,4,Ri-Bhoi Block,25.719701,92.371912,14451.9,1059.96,25.59,338.02,-0.004186,-0.000346,4.7920,48.6994,10,Tree cover,0.689,27.8,40.8,1.28,4.7,Metamorphic,MT,242.4,2858.1,NA,NA,NO_EVENT,NA,NA,NA,NA,NA,NA,NA,NA,NA,NA
NEG_0908,1:1,0,4,Ri-Bhoi Block,26.015534,91.290181,21959.6,865.89,22.23,115.32,-0.000044,0.002972,5.4464,31.1715,10,Tree cover,0.830,35.2,42.9,1.37,4.8,Metamorphic,MT,129.9,1665.1,NA,NA,NO_EVENT,NA,NA,NA,NA,NA,NA,NA,NA,NA,NA
NEG_0909,1:1,0,4,Ri-Bhoi Block,25.889440,92.669699,23230.7,692.28,34.47,136.12,-0.000061,0.002944,4.6260,20.1425,10,Tree cover,0.790,33.2,42.2,1.32,4.8,Metamorphic,MT,53.9,1871.1,NA,NA,NO_EVENT,NA,NA,NA,NA,NA,NA,NA,NA,NA,NA
NEG_0910,1:1,0,1,Garo Hills Block,25.102682,90.667775,12440.0,83.08,19.00,222.56,-0.000120,0.002191,5.3616,19.2933,10,Tree cover,0.828,30.1,52.9,1.44,5.1,Mixed Sedimentary,SM,39.9,897.0,NA,NA,NO_EVENT,NA,NA,NA,NA,NA,NA,NA,NA,NA,NA
NEG_0911,1:1,0,1,Garo Hills Block,25.096326,90.835332,23146.2,218.85,27.12,201.42,0.003487,-0.000863,4.6879,20.6848,10,Tree cover,0.827,30.0,46.7,1.44,5.4,Mixed Sedimentary,SM,129.7,297.6,NA,NA,NO_EVENT,NA,NA,NA,NA,NA,NA,NA,NA,NA,NA
NEG_0912,1:1,0,4,Ri-Bhoi Block,25.662232,91.513822,8462.1,1336.80,26.22,234.57,0.002240,-0.001629,4.5684,42.8455,10,Tree cover,0.664,27.2,46.3,1.29,5.1,Metamorphic,MT,132.6,1539.6,NA,NA,NO_EVENT,NA,NA,NA,NA,NA,NA,NA,NA,NA,NA
NEG_0913,1:1,0,4,Ri-Bhoi Block,25.724274,92.391374,13899.6,1045.65,26.50,339.45,-0.003006,-0.001190,4.7362,49.7874,10,Tree cover,0.691,27.9,40.1,1.28,4.6,Metamorphic,MT,182.7,4313.5,NA,NA,NO_EVENT,NA,NA,NA,NA,NA,NA,NA,NA,NA,NA
NEG_0914,1:1,0,1,Garo Hills Block,25.833323,90.595587,16353.7,25.00,33.13,59.89,0.004766,-0.000138,4.6141,33.6618,10,Tree cover,0.757,29.3,52.8,1.35,5.0,Mixed Sedimentary,SM,20.3,787.0,NA,NA,NO_EVENT,NA,NA,NA,NA,NA,NA,NA,NA,NA,NA
NEG_0915,1:1,0,1,Garo Hills Block,25.728083,89.971386,15365.1,84.67,19.17,316.83,0.003654,-0.000195,5.3369,40.9457,10,Tree cover,0.693,30.1,52.8,1.33,5.4,Mixed Sedimentary,SM,130.2,190.1,NA,NA,NO_EVENT,NA,NA,NA,NA,NA,NA,NA,NA,NA,NA
NEG_0916,1:1,0,4,Ri-Bhoi Block,25.659320,92.161919,1681.7,1475.31,35.87,243.49,-0.000859,0.002361,3.7901,51.1591,60,Bare / sparse vegetation,0.284,27.2,46.9,1.29,4.8,Metamorphic,MT,6.8,679.8,NA,NA,NO_EVENT,NA,NA,NA,NA,NA,NA,NA,NA,NA,NA
NEG_0917,1:1,0,2,West Khasi Block,25.197829,91.164710,2527.2,765.74,28.06,36.01,-0.000537,-0.000168,4.9976,26.3336,60,Bare / sparse vegetation,0.364,29.5,51.1,1.44,5.0,Siliciclastic Sedimentary,SS,11.4,533.1,NA,NA,NO_EVENT,NA,NA,NA,NA,NA,NA,NA,NA,NA,NA
NEG_0918,1:1,0,2,West Khasi Block,25.493481,91.223231,1541.2,879.63,21.31,310.95,0.001930,-0.000589,5.1155,19.6356,10,Tree cover,0.667,30.8,40.3,1.34,4.7,Metamorphic,MT,170.9,1080.8,NA,NA,NO_EVENT,NA,NA,NA,NA,NA,NA,NA,NA,NA,NA
NEG_0919,1:1,0,1,Garo Hills Block,25.292844,89.844979,23770.7,39.89,26.51,45.02,0.003768,0.000223,5.2790,47.2112,10,Tree cover,0.779,26.3,48.4,1.41,5.3,Mixed Sedimentary,SM,42.9,3445.9,NA,NA,NO_EVENT,NA,NA,NA,NA,NA,NA,NA,NA,NA,NA
NEG_0920,1:1,0,1,Garo Hills Block,25.583518,90.733171,7471.7,256.73,17.09,229.65,-0.004790,-0.000081,5.2411,22.1175,10,Tree cover,0.650,25.6,51.1,1.33,5.3,Mixed Sedimentary,SM,74.1,2764.8,NA,NA,NO_EVENT,NA,NA,NA,NA,NA,NA,NA,NA,NA,NA
NEG_0921,1:1,0,5,Jaintia Hills Block,25.452757,92.100802,562.6,1517.23,32.43,183.86,-0.004771,0.000116,4.3822,29.7400,10,Tree cover,0.684,32.2,46.4,1.36,4.8,Metamorphic,MT,270.5,384.9,NA,NA,NO_EVENT,NA,NA,NA,NA,NA,NA,NA,NA,NA,NA
NEG_0922,1:1,0,1,Garo Hills Block,25.423206,89.847326,17825.1,25.00,31.34,13.21,-0.004142,-0.000093,4.5867,38.0245,10,Tree cover,0.700,22.6,48.5,1.37,5.3,Mixed Sedimentary,SM,156.0,192.0,NA,NA,NO_EVENT,NA,NA,NA,NA,NA,NA,NA,NA,NA,NA
NEG_0923,1:1,0,2,West Khasi Block,25.373578,91.423635,3417.8,1080.65,22.64,146.19,-0.000106,0.002888,5.4565,41.8697,10,Tree cover,0.730,25.7,52.4,1.32,4.8,Plutonic Acidic,PA,37.1,926.3,NA,NA,NO_EVENT,NA,NA,NA,NA,NA,NA,NA,NA,NA,NA
NEG_0924,1:1,0,2,West Khasi Block,25.192017,91.015123,2547.7,520.03,23.35,42.33,0.003230,-0.000203,5.3555,23.8425,10,Tree cover,0.822,29.6,45.0,1.44,5.3,Siliciclastic Sedimentary,SS,292.9,240.9,NA,NA,NO_EVENT,NA,NA,NA,NA,NA,NA,NA,NA,NA,NA
NEG_0925,1:1,0,4,Ri-Bhoi Block,25.718064,91.945527,4880.6,1627.88,24.70,219.06,0.002348,-0.001207,4.8573,47.6137,10,Tree cover,0.688,27.8,41.2,1.28,4.5,Metamorphic,MT,97.8,1648.0,NA,NA,NO_EVENT,NA,NA,NA,NA,NA,NA,NA,NA,NA,NA
NEG_0926,1:1,0,4,Ri-Bhoi Block,25.815053,91.047779,1671.1,656.60,26.13,31.64,0.000538,0.000654,5.1152,34.9089,10,Tree cover,0.746,30.6,38.7,1.29,4.5,Metamorphic,MT,135.8,3118.7,NA,NA,NO_EVENT,NA,NA,NA,NA,NA,NA,NA,NA,NA,NA
NEG_0927,1:1,0,1,Garo Hills Block,25.550039,89.867981,11390.6,114.89,18.37,318.89,0.003787,-0.000712,5.1872,18.8427,10,Tree cover,0.652,24.4,49.4,1.33,5.3,Mixed Sedimentary,SM,67.8,683.4,NA,NA,NO_EVENT,NA,NA,NA,NA,NA,NA,NA,NA,NA,NA
NEG_0928,1:1,0,2,West Khasi Block,25.043690,91.559849,13203.5,1089.39,29.81,257.32,0.001344,0.001720,4.3042,33.2844,10,Tree cover,0.813,28.9,44.2,1.43,5.1,Siliciclastic Sedimentary,SS,29.3,187.7,NA,NA,NO_EVENT,NA,NA,NA,NA,NA,NA,NA,NA,NA,NA
NEG_0929,1:1,0,1,Garo Hills Block,25.305509,90.000430,10362.4,71.03,23.10,86.41,-0.003731,0.000678,5.5471,44.7451,10,Tree cover,0.772,25.8,53.1,1.41,5.4,Mixed Sedimentary,SM,220.9,384.8,NA,NA,NO_EVENT,NA,NA,NA,NA,NA,NA,NA,NA,NA,NA
NEG_0930,1:1,0,1,Garo Hills Block,25.922195,90.860709,20207.2,329.48,28.89,127.74,-0.003834,0.000276,5.0885,18.0365,10,Tree cover,0.805,26.2,45.7,1.38,5.4,Mixed Sedimentary,SM,26.9,7768.5,NA,NA,NO_EVENT,NA,NA,NA,NA,NA,NA,NA,NA,NA,NA
NEG_0931,1:1,0,2,West Khasi Block,25.230931,91.172523,928.5,782.44,30.78,46.54,0.000277,-0.002311,4.8702,36.4723,10,Tree cover,0.810,28.6,51.4,1.43,5.0,Siliciclastic Sedimentary,SS,116.3,536.2,NA,NA,NO_EVENT,NA,NA,NA,NA,NA,NA,NA,NA,NA,NA
NEG_0932,1:1,0,5,Jaintia Hills Block,25.067113,92.194179,7850.6,1123.46,30.11,259.29,-0.002375,-0.000184,4.3471,27.0776,10,Tree cover,0.821,29.5,44.1,1.44,4.8,Siliciclastic Sedimentary,SS,44.7,17.0,NA,NA,NO_EVENT,NA,NA,NA,NA,NA,NA,NA,NA,NA,NA
NEG_0933,1:1,0,2,West Khasi Block,25.274580,91.377400,1028.3,1064.30,32.52,132.61,0.001729,-0.001315,4.7938,50.0615,10,Tree cover,0.789,27.0,50.5,1.42,4.8,Siliciclastic Sedimentary,SS,126.1,1390.7,NA,NA,NO_EVENT,NA,NA,NA,NA,NA,NA,NA,NA,NA,NA
NEG_0934,1:1,0,3,East Khasi Block,25.645154,91.937836,973.8,1731.63,32.89,244.04,0.000438,0.002713,4.0022,44.4011,10,Tree cover,0.724,27.2,40.9,1.29,4.4,Metamorphic,MT,51.6,2755.1,NA,NA,NO_EVENT,NA,NA,NA,NA,NA,NA,NA,NA,NA,NA
NEG_0935,1:1,0,3,East Khasi Block,25.590068,91.922083,789.9,1749.51,26.29,253.13,0.000104,0.001271,4.5007,25.7080,10,Tree cover,0.736,27.9,40.3,1.31,4.4,Metamorphic,MT,44.6,1611.6,NA,NA,NO_EVENT,NA,NA,NA,NA,NA,NA,NA,NA,NA,NA
NEG_0936,1:1,0,1,Garo Hills Block,25.315278,89.942843,13908.1,57.05,16.16,58.40,-0.003412,-0.000322,6.0943,37.1562,10,Tree cover,0.766,25.4,52.2,1.41,5.4,Mixed Sedimentary,SM,1.8,3672.6,NA,NA,NO_EVENT,NA,NA,NA,NA,NA,NA,NA,NA,NA,NA
NEG_0937,1:1,0,2,West Khasi Block,25.134490,91.557022,3995.9,1110.49,18.14,175.07,-0.000059,-0.002884,5.5558,18.0043,10,Tree cover,0.830,30.3,44.2,1.44,5.1,Siliciclastic Sedimentary,SS,205.5,55.3,NA,NA,NO_EVENT,NA,NA,NA,NA,NA,NA,NA,NA,NA,NA
NEG_0938,1:1,0,4,Ri-Bhoi Block,25.842999,91.528384,5875.8,1162.05,25.85,122.80,-0.001894,-0.001247,5.2243,27.9223,10,Tree cover,0.763,31.6,46.0,1.30,5.0,Metamorphic,MT,22.5,2788.6,NA,NA,NO_EVENT,NA,NA,NA,NA,NA,NA,NA,NA,NA,NA
NEG_0939,1:1,0,3,East Khasi Block,25.380211,91.867647,737.5,1685.00,26.70,69.03,0.000473,0.000555,5.1114,44.9735,10,Tree cover,0.726,34.4,38.8,1.38,4.3,Metamorphic,MT,77.0,3450.9,NA,NA,NO_EVENT,NA,NA,NA,NA,NA,NA,NA,NA,NA,NA
NEG_0940,1:1,0,4,Ri-Bhoi Block,25.698852,92.812295,29808.1,601.25,21.77,249.66,-0.001194,0.000045,5.0253,43.2541,10,Tree cover,0.679,27.5,46.6,1.28,5.1,Metamorphic,MT,167.1,248.9,NA,NA,NO_EVENT,NA,NA,NA,NA,NA,NA,NA,NA,NA,NA
NEG_0941,1:1,0,2,West Khasi Block,25.439559,91.513137,4366.5,1317.12,26.14,173.02,0.003600,-0.000373,4.9381,30.6190,10,Tree cover,0.691,32.7,46.3,1.36,5.1,Metamorphic,MT,75.3,354.8,NA,NA,NO_EVENT,NA,NA,NA,NA,NA,NA,NA,NA,NA,NA
NEG_0942,1:1,0,3,East Khasi Block,25.486877,91.661211,4956.5,1537.58,30.82,332.36,-0.000699,-0.002438,4.3787,21.4097,10,Tree cover,0.669,31.0,41.3,1.35,4.5,Metamorphic,MT,133.9,80.0,NA,NA,NO_EVENT,NA,NA,NA,NA,NA,NA,NA,NA,NA,NA
NEG_0943,1:1,0,5,Jaintia Hills Block,25.175466,92.106614,3109.9,1262.80,25.46,153.65,-0.004349,-0.000176,5.1289,21.4324,10,Tree cover,0.826,40.2,25.0,1.33,5.7,Carbonate Sedimentary,SC,83.5,428.5,NA,NA,NO_EVENT,NA,NA,NA,NA,NA,NA,NA,NA,NA,NA
NEG_0944,1:1,0,2,West Khasi Block,25.140592,91.240551,6725.5,775.06,14.18,19.20,0.000952,-0.000635,5.8970,18.0670,10,Tree cover,0.830,30.3,53.0,1.44,4.9,Siliciclastic Sedimentary,SS,92.5,951.5,NA,NA,NO_EVENT,NA,NA,NA,NA,NA,NA,NA,NA,NA,NA
NEG_0945,1:1,0,4,Ri-Bhoi Block,25.999166,91.178682,16550.6,673.81,20.24,42.64,0.000388,-0.002755,5.6565,26.8536,10,Tree cover,0.828,35.2,39.0,1.36,4.6,Metamorphic,MT,48.1,11.7,NA,NA,NO_EVENT,NA,NA,NA,NA,NA,NA,NA,NA,NA,NA
NEG_0946,1:1,0,1,Garo Hills Block,25.609113,90.660633,10694.3,148.47,24.43,255.73,0.000436,0.002351,4.6461,29.2872,10,Tree cover,0.652,26.6,53.0,1.32,5.1,Mixed Sedimentary,SM,75.8,6130.3,NA,NA,NO_EVENT,NA,NA,NA,NA,NA,NA,NA,NA,NA,NA
NEG_0947,1:1,0,3,East Khasi Block,25.150093,91.966511,5864.0,1275.09,18.67,165.78,0.001861,0.001264,5.5755,18.4289,10,Tree cover,0.829,30.2,51.9,1.44,5.2,Siliciclastic Sedimentary,SS,4.4,109.7,NA,NA,NO_EVENT,NA,NA,NA,NA,NA,NA,NA,NA,NA,NA
NEG_0948,1:1,0,4,Ri-Bhoi Block,25.787686,91.871548,511.6,1477.29,25.25,52.90,0.002964,-0.000662,5.0853,40.6310,10,Tree cover,0.729,29.7,38.9,1.29,4.3,Metamorphic,MT,60.0,7300.4,NA,NA,NO_EVENT,NA,NA,NA,NA,NA,NA,NA,NA,NA,NA
NEG_0949,1:1,0,1,Garo Hills Block,25.962612,90.112306,33127.3,25.00,20.60,133.97,-0.004544,-0.000271,5.7131,20.9993,10,Tree cover,0.820,24.7,50.8,1.40,5.3,Mixed Sedimentary,SM,32.6,1368.5,NA,NA,NO_EVENT,NA,NA,NA,NA,NA,NA,NA,NA,NA,NA
NEG_0950,1:1,0,5,Jaintia Hills Block,25.508720,92.002930,3425.5,1717.43,18.86,212.86,0.000115,0.001243,5.2594,18.4025,10,Tree cover,0.688,30.2,43.4,1.34,4.6,Metamorphic,MT,117.4,616.7,NA,NA,NO_EVENT,NA,NA,NA,NA,NA,NA,NA,NA,NA,NA
NEG_0951,1:1,0,2,West Khasi Block,25.166293,91.105368,4904.3,692.61,26.79,18.23,-0.003718,-0.000041,4.9885,20.2611,10,Tree cover,0.828,30.1,48.6,1.44,5.1,Siliciclastic Sedimentary,SS,96.9,120.1,NA,NA,NO_EVENT,NA,NA,NA,NA,NA,NA,NA,NA,NA,NA
NEG_0952,1:1,0,4,Ri-Bhoi Block,25.900900,92.399761,23856.9,993.27,32.63,46.57,-0.001046,0.002244,4.7837,18.7401,10,Tree cover,0.796,33.6,39.8,1.32,4.6,Metamorphic,MT,55.1,522.1,NA,NA,NO_EVENT,NA,NA,NA,NA,NA,NA,NA,NA,NA,NA
NEG_0953,1:1,0,3,East Khasi Block,25.612170,91.901004,1797.0,1771.74,31.33,264.61,0.001433,0.002138,4.0949,33.3748,10,Tree cover,0.752,27.5,39.7,1.30,4.4,Metamorphic,MT,133.8,3109.0,NA,NA,NO_EVENT,NA,NA,NA,NA,NA,NA,NA,NA,NA,NA
NEG_0954,1:1,0,4,Ri-Bhoi Block,26.095125,92.270170,4784.1,902.30,25.25,341.78,-0.002980,-0.001052,4.9009,47.5787,10,Tree cover,0.821,34.0,44.7,1.38,4.9,Metamorphic,MT,187.2,1372.6,NA,NA,NO_EVENT,NA,NA,NA,NA,NA,NA,NA,NA,NA,NA
NEG_0955,1:1,0,1,Garo Hills Block,25.319985,90.053767,6862.5,73.34,25.24,115.44,0.001914,0.000087,5.3627,48.1276,10,Tree cover,0.763,25.2,52.6,1.41,5.4,Mixed Sedimentary,SM,300.3,1364.6,NA,NA,NO_EVENT,NA,NA,NA,NA,NA,NA,NA,NA,NA,NA
NEG_0956,1:1,0,4,Ri-Bhoi Block,25.894659,92.625812,26770.4,719.78,30.57,131.88,-0.000944,0.000845,4.9434,19.2792,10,Tree cover,0.792,33.4,40.5,1.32,4.7,Metamorphic,MT,32.5,1245.8,NA,NA,NO_EVENT,NA,NA,NA,NA,NA,NA,NA,NA,NA,NA
NEG_0957,1:1,0,2,West Khasi Block,25.046918,91.132100,16743.5,515.04,34.13,321.95,0.003346,-0.000984,3.9669,34.4573,10,Tree cover,0.814,28.9,49.8,1.43,5.0,Siliciclastic Sedimentary,SS,89.7,77.6,NA,NA,NO_EVENT,NA,NA,NA,NA,NA,NA,NA,NA,NA,NA
NEG_0958,1:1,0,1,Garo Hills Block,25.723358,90.816146,987.1,289.41,26.34,200.76,-0.002294,0.001452,4.7455,49.6030,10,Tree cover,0.691,30.0,47.5,1.32,5.4,Mixed Sedimentary,SM,208.9,144.2,NA,NA,NO_EVENT,NA,NA,NA,NA,NA,NA,NA,NA,NA,NA
NEG_0959,1:1,0,2,West Khasi Block,25.191961,91.012452,2815.8,512.50,23.09,43.32,0.003476,-0.000194,5.3761,23.7674,10,Tree cover,0.822,29.6,45.0,1.44,5.3,Siliciclastic Sedimentary,SS,32.1,27.9,NA,NA,NO_EVENT,NA,NA,NA,NA,NA,NA,NA,NA,NA,NA
NEG_0960,1:1,0,2,West Khasi Block,25.043246,91.441197,13860.2,835.67,29.46,218.57,-0.001957,-0.001609,4.3311,33.2293,10,Tree cover,0.813,28.8,47.7,1.43,4.9,Siliciclastic Sedimentary,SS,152.6,1282.4,NA,NA,NO_EVENT,NA,NA,NA,NA,NA,NA,NA,NA,NA,NA
NEG_0961,1:1,0,5,Jaintia Hills Block,25.229473,92.477178,9384.7,848.98,31.24,63.29,0.003178,-0.000627,4.8301,36.3112,10,Tree cover,0.810,28.6,52.7,1.43,5.2,Siliciclastic Sedimentary,SS,32.2,2473.2,NA,NA,NO_EVENT,NA,NA,NA,NA,NA,NA,NA,NA,NA,NA
NEG_0962,1:1,0,3,East Khasi Block,25.573084,91.727752,1160.9,1683.21,16.68,316.32,-0.004928,0.000007,5.2845,20.7697,10,Tree cover,0.650,28.3,39.1,1.31,4.3,Metamorphic,MT,82.2,106.0,NA,NA,NO_EVENT,NA,NA,NA,NA,NA,NA,NA,NA,NA,NA
NEG_0963,1:1,0,3,East Khasi Block,25.501650,91.901677,2507.7,1701.79,29.42,259.05,-0.000510,-0.002531,4.4382,19.2635,10,Tree cover,0.752,23.4,61.2,1.31,4.7,Plutonic Acidic,PA,164.8,270.6,NA,NA,NO_EVENT,NA,NA,NA,NA,NA,NA,NA,NA,NA,NA
NEG_0964,1:1,0,1,Garo Hills Block,25.074950,90.797151,22346.0,117.17,28.09,208.68,0.000634,-0.000374,4.5343,24.7061,10,Tree cover,0.823,29.7,48.4,1.44,5.3,Mixed Sedimentary,SM,437.9,515.9,NA,NA,NO_EVENT,NA,NA,NA,NA,NA,NA,NA,NA,NA,NA
NEG_0965,1:1,0,2,West Khasi Block,25.108152,91.342930,10239.7,875.44,24.68,198.80,0.002694,-0.000874,4.9282,19.1314,10,Tree cover,0.829,30.2,51.7,1.44,4.8,Siliciclastic Sedimentary,SS,26.9,1494.7,NA,NA,NO_EVENT,NA,NA,NA,NA,NA,NA,NA,NA,NA,NA
NEG_0966,1:1,0,3,East Khasi Block,25.470519,91.899671,5121.3,1697.20,34.46,250.96,-0.002287,-0.001394,4.1496,25.4823,10,Tree cover,0.676,31.6,39.6,1.35,4.4,Metamorphic,MT,29.1,955.9,NA,NA,NO_EVENT,NA,NA,NA,NA,NA,NA,NA,NA,NA,NA
NEG_0967,1:1,0,4,Ri-Bhoi Block,25.953240,92.759954,11816.6,499.73,17.75,125.71,0.004361,0.000133,5.9556,19.6358,10,Tree cover,0.817,34.8,45.5,1.34,5.0,Metamorphic,MT,20.7,326.3,NA,NA,NO_EVENT,NA,NA,NA,NA,NA,NA,NA,NA,NA,NA
NEG_0968,1:1,0,2,West Khasi Block,25.082891,91.494137,8600.1,995.01,19.58,212.87,-0.004562,-0.000259,5.2424,21.5429,10,Tree cover,0.825,29.8,45.6,1.44,5.0,Siliciclastic Sedimentary,SS,163.1,478.5,NA,NA,NO_EVENT,NA,NA,NA,NA,NA,NA,NA,NA,NA,NA
NEG_0969,1:1,0,3,East Khasi Block,25.633162,91.809802,2122.5,1694.60,27.70,307.30,0.000086,-0.002851,4.4009,37.1489,10,Tree cover,0.656,27.3,38.1,1.29,4.3,Metamorphic,MT,108.7,4013.5,NA,NA,NO_EVENT,NA,NA,NA,NA,NA,NA,NA,NA,NA,NA
NEG_0970,1:1,0,1,Garo Hills Block,25.188129,90.346811,15144.8,25.00,29.60,63.93,-0.004869,-0.000075,4.8424,24.5292,10,Tree cover,0.823,29.7,44.3,1.44,4.9,Mixed Sedimentary,SM,125.9,134.8,NA,NA,NO_EVENT,NA,NA,NA,NA,NA,NA,NA,NA,NA,NA
NEG_0971,1:1,0,4,Ri-Bhoi Block,25.986911,92.640517,22492.8,559.91,22.92,140.41,-0.002351,-0.001477,5.4755,25.5184,10,Tree cover,0.826,35.1,41.1,1.36,4.7,Metamorphic,MT,190.5,727.3,NA,NA,NO_EVENT,NA,NA,NA,NA,NA,NA,NA,NA,NA,NA
NEG_0972,1:1,0,1,Garo Hills Block,25.785151,90.951723,6082.5,470.03,16.28,83.75,-0.002130,-0.001630,5.7930,32.9320,10,Tree cover,0.727,30.2,44.1,1.34,5.4,Mixed Sedimentary,SM,195.3,5398.0,NA,NA,NO_EVENT,NA,NA,NA,NA,NA,NA,NA,NA,NA,NA
NEG_0973,1:1,0,4,Ri-Bhoi Block,26.089097,91.462501,13750.0,910.89,27.28,188.62,-0.004088,0.000504,4.7623,49.4037,10,Tree cover,0.822,34.1,46.9,1.38,5.1,Metamorphic,MT,80.9,232.8,NA,NA,NO_EVENT,NA,NA,NA,NA,NA,NA,NA,NA,NA,NA
NEG_0974,1:1,0,3,East Khasi Block,25.444052,91.764017,2143.8,1626.05,25.99,1.71,0.003690,-0.000144,4.9322,29.4559,10,Tree cover,0.689,32.5,38.4,1.36,4.3,Metamorphic,MT,52.6,136.3,NA,NA,NO_EVENT,NA,NA,NA,NA,NA,NA,NA,NA,NA,NA
NEG_0975,1:1,0,4,Ri-Bhoi Block,25.986265,91.140077,15394.6,582.68,23.09,39.48,-0.002011,-0.001786,5.4635,25.4469,10,Tree cover,0.826,35.1,38.3,1.36,4.5,Metamorphic,MT,83.9,425.1,NA,NA,NO_EVENT,NA,NA,NA,NA,NA,NA,NA,NA,NA,NA
NEG_0976,1:1,0,5,Jaintia Hills Block,25.071222,92.038727,12572.0,1065.29,22.00,210.11,-0.001229,-0.000095,5.0092,23.8946,10,Tree cover,0.822,29.6,49.0,1.44,5.0,Siliciclastic Sedimentary,SS,60.5,153.3,NA,NA,NO_EVENT,NA,NA,NA,NA,NA,NA,NA,NA,NA,NA
NEG_0977,1:1,0,5,Jaintia Hills Block,25.422998,92.769079,14095.7,603.13,26.54,158.63,0.003076,-0.001128,4.9715,35.0106,10,Tree cover,0.700,33.2,45.7,1.37,5.0,Metamorphic,MT,42.9,3102.4,NA,NA,NO_EVENT,NA,NA,NA,NA,NA,NA,NA,NA,NA,NA
NEG_0978,1:1,0,3,East Khasi Block,25.055098,91.676145,12714.5,1067.28,31.34,319.98,-0.000520,-0.001079,4.2125,30.7372,10,Tree cover,0.817,39.8,23.0,1.31,5.7,Volcanic Basic,VB,138.8,300.1,NA,NA,NO_EVENT,NA,NA,NA,NA,NA,NA,NA,NA,NA,NA
NEG_0979,1:1,0,1,Garo Hills Block,25.418861,89.986568,8482.9,86.62,28.17,54.24,0.003668,-0.000542,4.8571,37.1681,10,Tree cover,0.702,22.7,53.0,1.37,5.4,Mixed Sedimentary,SM,84.8,1225.4,NA,NA,NO_EVENT,NA,NA,NA,NA,NA,NA,NA,NA,NA,NA
NEG_0980,1:1,0,3,East Khasi Block,25.440542,91.808984,1272.8,1666.46,28.89,4.94,-0.001417,-0.000455,4.7142,31.6794,10,Tree cover,0.690,32.7,38.1,1.36,4.3,Metamorphic,MT,146.7,1187.5,NA,NA,NO_EVENT,NA,NA,NA,NA,NA,NA,NA,NA,NA,NA
NEG_0981,1:1,0,3,East Khasi Block,25.303826,91.608652,3394.1,1356.14,26.92,72.76,0.004534,0.000006,5.2425,49.0022,10,Tree cover,0.773,25.9,44.3,1.41,5.2,Siliciclastic Sedimentary,SS,43.2,571.6,NA,NA,NO_EVENT,NA,NA,NA,NA,NA,NA,NA,NA,NA,NA
NEG_0982,1:1,0,1,Garo Hills Block,25.512201,90.992397,10229.1,553.07,18.14,304.62,-0.000295,0.000876,5.3058,18.2433,10,Tree cover,0.660,23.3,44.5,1.34,5.3,Mixed Sedimentary,SM,29.9,3240.5,NA,NA,NO_EVENT,NA,NA,NA,NA,NA,NA,NA,NA,NA,NA
NEG_0983,1:1,0,1,Garo Hills Block,25.154934,89.843530,33249.2,81.24,22.50,12.44,-0.002604,-0.000382,5.2880,18.8422,10,Tree cover,0.829,30.2,48.3,1.44,5.3,Mixed Sedimentary,SM,20.3,824.9,NA,NA,NO_EVENT,NA,NA,NA,NA,NA,NA,NA,NA,NA,NA
NEG_0984,1:1,0,5,Jaintia Hills Block,25.581314,92.189929,1807.6,1378.51,24.42,260.82,-0.001856,0.000602,4.6566,23.4752,10,Tree cover,0.650,28.1,46.7,1.31,5.1,Metamorphic,MT,75.6,2182.8,NA,NA,NO_EVENT,NA,NA,NA,NA,NA,NA,NA,NA,NA,NA
NEG_0985,1:1,0,5,Jaintia Hills Block,25.042604,92.206602,9568.7,1087.92,31.88,270.63,-0.002801,-0.001309,4.1359,34.6749,10,Tree cover,0.813,28.8,44.1,1.43,4.8,Siliciclastic Sedimentary,SS,37.5,14.0,NA,NA,NO_EVENT,NA,NA,NA,NA,NA,NA,NA,NA,NA,NA
NEG_0986,1:1,0,3,East Khasi Block,25.165616,91.683066,800.9,1272.14,23.13,20.35,0.001029,0.001960,5.2787,19.8759,10,Tree cover,0.828,30.1,46.4,1.44,5.3,Siliciclastic Sedimentary,SS,58.5,496.5,NA,NA,NO_EVENT,NA,NA,NA,NA,NA,NA,NA,NA,NA,NA
NEG_0987,1:1,0,1,Garo Hills Block,25.495803,90.875865,6190.8,434.71,29.26,215.09,-0.001476,-0.001414,4.4713,19.9371,10,Tree cover,0.666,23.0,45.3,1.35,5.4,Mixed Sedimentary,SM,333.8,4768.9,NA,NA,NO_EVENT,NA,NA,NA,NA,NA,NA,NA,NA,NA,NA
NEG_0988,1:1,0,1,Garo Hills Block,25.523613,90.033277,5399.9,25.00,25.07,249.22,-0.000202,0.002801,4.7168,18.0064,10,Tree cover,0.657,23.6,52.9,1.34,5.4,Mixed Sedimentary,SM,63.7,2582.4,NA,NA,NO_EVENT,NA,NA,NA,NA,NA,NA,NA,NA,NA,NA
NEG_0989,1:1,0,2,West Khasi Block,25.042279,91.009057,16817.6,468.63,27.01,305.67,-0.002914,0.001251,4.5247,32.2112,10,Tree cover,0.813,28.8,44.9,1.43,5.3,Siliciclastic Sedimentary,SS,98.0,121.1,NA,NA,NO_EVENT,NA,NA,NA,NA,NA,NA,NA,NA,NA,NA
NEG_0990,1:1,0,4,Ri-Bhoi Block,26.008124,92.133806,8187.4,1127.67,26.89,136.66,-0.000451,-0.001579,5.0975,32.0257,10,Tree cover,0.829,35.2,46.8,1.36,5.1,Metamorphic,MT,80.3,1085.6,NA,NA,NO_EVENT,NA,NA,NA,NA,NA,NA,NA,NA,NA,NA
NEG_0991,1:1,0,5,Jaintia Hills Block,25.639739,92.786137,24797.0,607.24,25.94,243.79,0.000217,-0.002732,4.5501,37.5348,10,Tree cover,0.657,27.2,46.2,1.29,5.0,Metamorphic,MT,121.4,773.2,NA,NA,NO_EVENT,NA,NA,NA,NA,NA,NA,NA,NA,NA,NA
NEG_0992,1:1,0,3,East Khasi Block,25.607843,91.884212,1237.5,1775.29,30.62,274.22,0.002621,0.001310,4.1507,31.7849,10,Tree cover,0.766,27.6,39.2,1.30,4.3,Metamorphic,MT,108.7,1922.1,NA,NA,NO_EVENT,NA,NA,NA,NA,NA,NA,NA,NA,NA,NA
NEG_0993,1:1,0,1,Garo Hills Block,25.673810,90.188167,922.8,25.00,25.20,218.29,0.002352,0.001408,4.6776,43.9992,10,Tree cover,0.668,28.9,47.5,1.32,5.1,Mixed Sedimentary,SM,154.6,2682.3,NA,NA,NO_EVENT,NA,NA,NA,NA,NA,NA,NA,NA,NA,NA
NEG_0994,1:1,0,1,Garo Hills Block,25.394740,89.858250,19345.8,25.00,25.56,26.57,-0.001287,0.000624,5.1545,40.9615,10,Tree cover,0.717,23.0,49.0,1.38,5.3,Mixed Sedimentary,SM,173.8,2425.6,NA,NA,NO_EVENT,NA,NA,NA,NA,NA,NA,NA,NA,NA,NA
NEG_0995,1:1,0,3,East Khasi Block,25.494792,91.907407,3433.9,1697.64,30.45,251.12,-0.000693,-0.002584,4.3797,20.1530,10,Tree cover,0.666,23.6,61.2,1.31,4.7,Plutonic Acidic,PA,318.5,221.8,NA,NA,NO_EVENT,NA,NA,NA,NA,NA,NA,NA,NA,NA,NA
NEG_0996,1:1,0,1,Garo Hills Block,26.062213,90.788263,36374.8,139.91,31.66,172.61,-0.000445,0.000954,4.5191,49.7258,10,Tree cover,0.828,22.5,48.8,1.43,5.3,Mixed Sedimentary,SM,162.3,466.1,NA,NA,NO_EVENT,NA,NA,NA,NA,NA,NA,NA,NA,NA,NA
NEG_0997,1:1,0,3,East Khasi Block,25.045952,91.820672,16858.9,1152.20,29.50,310.48,0.002275,0.001412,4.3348,32.4935,10,Tree cover,0.814,39.6,21.1,1.31,5.7,Volcanic Basic,VB,241.8,315.4,NA,NA,NO_EVENT,NA,NA,NA,NA,NA,NA,NA,NA,NA,NA
NEG_0998,1:1,0,2,West Khasi Block,25.472059,91.238885,4193.2,909.62,24.38,314.12,0.003981,0.000309,4.9500,23.0190,10,Tree cover,0.675,31.6,40.9,1.35,4.7,Metamorphic,MT,150.9,1317.6,NA,NA,NO_EVENT,NA,NA,NA,NA,NA,NA,NA,NA,NA,NA
NEG_0999,1:1,0,5,Jaintia Hills Block,25.316684,92.802903,10842.6,552.61,15.71,107.64,0.000032,0.000341,6.1289,36.6669,10,Tree cover,0.765,25.4,44.3,1.41,5.3,Siliciclastic Sedimentary,SS,174.5,1566.9,NA,NA,NO_EVENT,NA,NA,NA,NA,NA,NA,NA,NA,NA,NA
NEG_1000,1:1,0,5,Jaintia Hills Block,25.228887,92.100766,850.8,1344.70,32.32,136.61,-0.003244,0.000588,4.7424,36.7626,10,Tree cover,0.810,41.9,24.9,1.34,5.8,Carbonate Sedimentary,SC,192.0,726.9,NA,NA,NO_EVENT,NA,NA,NA,NA,NA,NA,NA,NA,NA,NA
NEG_1001,1:1,0,5,Jaintia Hills Block,25.396125,92.358076,7490.9,1074.98,26.28,25.96,-0.001474,-0.000339,5.0921,41.3033,10,Tree cover,0.716,34.0,41.3,1.37,4.7,Metamorphic,MT,142.6,1090.6,NA,NA,NO_EVENT,NA,NA,NA,NA,NA,NA,NA,NA,NA,NA
NEG_1002,1:1,0,4,Ri-Bhoi Block,25.868715,91.079193,5196.6,704.24,34.96,42.41,0.001699,-0.001688,4.5553,24.2240,10,Tree cover,0.778,32.5,38.2,1.31,4.5,Metamorphic,MT,30.7,670.5,NA,NA,NO_EVENT,NA,NA,NA,NA,NA,NA,NA,NA,NA,NA
NEG_1003,1:1,0,5,Jaintia Hills Block,25.620383,92.278837,4825.8,1285.98,22.88,304.08,-0.000925,-0.002410,4.7750,31.0184,10,Tree cover,0.653,27.4,44.4,1.30,4.9,Metamorphic,MT,172.5,330.3,NA,NA,NO_EVENT,NA,NA,NA,NA,NA,NA,NA,NA,NA,NA
NEG_1004,1:1,0,2,West Khasi Block,25.069431,91.394668,13001.4,823.17,30.95,211.45,0.002994,-0.000029,4.2873,26.7401,10,Tree cover,0.821,29.5,49.7,1.44,4.8,Siliciclastic Sedimentary,SS,128.3,498.5,NA,NA,NO_EVENT,NA,NA,NA,NA,NA,NA,NA,NA,NA,NA
NEG_1005,1:1,0,4,Ri-Bhoi Block,26.018111,92.691853,17332.9,464.09,28.83,151.34,-0.000259,-0.002767,4.9098,35.7953,10,Tree cover,0.830,35.2,43.1,1.37,4.8,Metamorphic,MT,30.0,324.9,NA,NA,NO_EVENT,NA,NA,NA,NA,NA,NA,NA,NA,NA,NA
NEG_1006,1:1,0,5,Jaintia Hills Block,25.167820,92.230868,1453.6,1075.58,20.60,54.12,0.003797,0.000301,5.4895,19.8962,10,Tree cover,0.827,39.9,29.1,1.33,5.4,Carbonate Sedimentary,SC,296.4,321.8,NA,NA,NO_EVENT,NA,NA,NA,NA,NA,NA,NA,NA,NA,NA
NEG_1007,1:1,0,4,Ri-Bhoi Block,25.985324,91.000134,17924.5,518.97,15.45,58.03,0.002762,0.001101,6.0771,22.8596,10,Tree cover,0.826,35.1,40.0,1.36,4.6,Metamorphic,MT,107.4,400.1,NA,NA,NO_EVENT,NA,NA,NA,NA,NA,NA,NA,NA,NA,NA
NEG_1008,1:1,0,3,East Khasi Block,25.296032,91.687071,3962.2,1397.35,24.86,48.29,-0.001517,-0.001638,5.4104,45.7936,60,Bare / sparse vegetation,0.391,26.2,46.5,1.41,5.3,Siliciclastic Sedimentary,SS,13.4,26.3,NA,NA,NO_EVENT,NA,NA,NA,NA,NA,NA,NA,NA,NA,NA
NEG_1009,1:1,0,4,Ri-Bhoi Block,25.848857,92.292844,14147.1,1150.71,25.35,45.17,-0.000721,-0.001725,5.2798,26.4265,10,Tree cover,0.767,31.8,43.9,1.30,4.9,Metamorphic,MT,81.2,2489.6,NA,NA,NO_EVENT,NA,NA,NA,NA,NA,NA,NA,NA,NA,NA
NEG_1010,1:1,0,2,West Khasi Block,25.192043,91.098581,4168.0,724.57,31.16,29.27,-0.004891,-0.000050,4.7307,25.8031,10,Tree cover,0.822,29.6,48.3,1.44,5.1,Siliciclastic Sedimentary,SS,124.6,983.7,NA,NA,NO_EVENT,NA,NA,NA,NA,NA,NA,NA,NA,NA,NA
NEG_1011,1:1,0,1,Garo Hills Block,25.945048,90.663425,28268.7,95.94,18.86,106.25,-0.000365,0.000336,5.8768,19.0326,10,Tree cover,0.814,25.4,52.9,1.39,5.1,Mixed Sedimentary,SM,21.5,3089.4,NA,NA,NO_EVENT,NA,NA,NA,NA,NA,NA,NA,NA,NA,NA
NEG_1012,1:1,0,1,Garo Hills Block,25.153808,90.739925,12499.1,177.80,16.13,166.44,0.002423,-0.000687,5.7932,18.5446,10,Tree cover,0.829,30.2,50.8,1.44,5.3,Mixed Sedimentary,SM,95.8,587.0,NA,NA,NO_EVENT,NA,NA,NA,NA,NA,NA,NA,NA,NA,NA
NEG_1013,1:1,0,1,Garo Hills Block,25.536698,90.110669,10409.9,85.45,21.21,222.20,0.003028,-0.000568,4.9904,18.2059,10,Tree cover,0.654,24.0,50.9,1.33,5.3,Mixed Sedimentary,SM,61.6,411.8,NA,NA,NO_EVENT,NA,NA,NA,NA,NA,NA,NA,NA,NA,NA
NEG_1014,1:1,0,3,East Khasi Block,25.062067,91.822761,15284.5,1178.42,27.73,314.37,0.002911,0.000470,4.5219,27.5510,10,Tree cover,0.819,40.0,21.1,1.32,5.7,Volcanic Basic,VB,128.9,525.8,NA,NA,NO_EVENT,NA,NA,NA,NA,NA,NA,NA,NA,NA,NA
NEG_1015,1:1,0,4,Ri-Bhoi Block,25.966205,91.969265,1673.4,1255.26,17.60,128.33,0.004186,-0.000488,5.9467,20.9718,10,Tree cover,0.821,35.0,42.1,1.35,4.8,Metamorphic,MT,22.3,12354.3,NA,NA,NO_EVENT,NA,NA,NA,NA,NA,NA,NA,NA,NA,NA
NEG_1016,1:1,0,4,Ri-Bhoi Block,25.867734,92.828102,15472.2,378.72,26.57,93.89,0.001358,-0.002146,5.2247,22.9095,10,Tree cover,0.778,32.5,46.8,1.31,5.1,Metamorphic,MT,258.4,2847.8,NA,NA,NO_EVENT,NA,NA,NA,NA,NA,NA,NA,NA,NA,NA
NEG_1017,1:1,0,1,Garo Hills Block,25.095928,89.861294,37444.8,25.00,22.46,340.08,0.003809,0.000526,5.0592,20.2709,10,Tree cover,0.827,30.0,49.1,1.44,5.3,Mixed Sedimentary,SM,53.2,144.9,NA,NA,NO_EVENT,NA,NA,NA,NA,NA,NA,NA,NA,NA,NA
NEG_1018,1:1,0,3,East Khasi Block,25.378022,91.980545,1152.1,1553.84,19.47,140.71,-0.000746,0.000391,5.6966,37.9630,10,Tree cover,0.727,34.4,42.6,1.38,4.6,Metamorphic,MT,251.3,1809.2,NA,NA,NO_EVENT,NA,NA,NA,NA,NA,NA,NA,NA,NA,NA
NEG_1019,1:1,0,3,East Khasi Block,25.025085,91.988208,18131.8,1074.55,27.58,226.94,-0.002172,0.000160,4.4415,37.0488,10,Tree cover,0.806,28.2,51.2,1.43,5.1,Siliciclastic Sedimentary,SS,77.5,208.8,NA,NA,NO_EVENT,NA,NA,NA,NA,NA,NA,NA,NA,NA,NA
NEG_1020,1:1,0,5,Jaintia Hills Block,25.132984,92.133545,1422.6,1166.69,23.44,179.79,-0.000026,0.001571,5.1258,18.0001,60,Bare / sparse vegetation,0.280,38.5,25.7,1.32,5.7,Carbonate Sedimentary,SC,15.9,89.2,NA,NA,NO_EVENT,NA,NA,NA,NA,NA,NA,NA,NA,NA,NA
NEG_1021,1:1,0,3,East Khasi Block,25.512223,91.960107,3060.8,1709.68,22.36,223.84,-0.000249,-0.001796,4.9681,18.2989,60,Bare / sparse vegetation,0.162,30.1,41.8,1.34,4.5,Metamorphic,MT,14.9,692.0,NA,NA,NO_EVENT,NA,NA,NA,NA,NA,NA,NA,NA,NA,NA
NEG_1022,1:1,0,1,Garo Hills Block,25.044002,90.983735,17294.4,473.13,25.43,293.64,-0.003975,0.000145,4.6554,30.9632,60,Bare / sparse vegetation,0.175,28.9,44.4,1.43,5.3,Mixed Sedimentary,SM,18.4,175.2,NA,NA,NO_EVENT,NA,NA,NA,NA,NA,NA,NA,NA,NA,NA
NEG_1023,1:1,0,3,East Khasi Block,25.488899,91.694664,2439.0,1621.03,26.90,336.14,0.001353,-0.002184,4.6849,20.6808,10,Tree cover,0.668,30.9,40.1,1.34,4.4,Metamorphic,MT,254.7,585.7,NA,NA,NO_EVENT,NA,NA,NA,NA,NA,NA,NA,NA,NA,NA
NEG_1024,1:1,0,4,Ri-Bhoi Block,25.782668,91.004739,1735.3,566.33,16.42,22.10,-0.002115,0.001464,5.7722,33.3884,10,Tree cover,0.725,29.5,39.8,1.29,4.6,Metamorphic,MT,163.2,6286.0,NA,NA,NO_EVENT,NA,NA,NA,NA,NA,NA,NA,NA,NA,NA
NEG_1025,1:1,0,4,Ri-Bhoi Block,25.768943,91.547576,4092.9,1281.70,17.21,165.01,0.000038,0.002940,5.6547,35.8500,10,Tree cover,0.717,29.1,45.5,1.28,5.0,Metamorphic,MT,111.6,3447.6,NA,NA,NO_EVENT,NA,NA,NA,NA,NA,NA,NA,NA,NA,NA
NEG_1026,1:1,0,2,West Khasi Block,25.030593,91.445338,15053.1,835.36,29.57,221.36,-0.001622,-0.002025,4.2932,36.8691,10,Tree cover,0.808,28.4,47.5,1.43,4.9,Siliciclastic Sedimentary,SS,58.0,66.4,NA,NA,NO_EVENT,NA,NA,NA,NA,NA,NA,NA,NA,NA,NA
NEG_1027,1:1,0,2,West Khasi Block,25.642061,91.052493,660.3,656.38,31.85,312.79,-0.000188,-0.002882,4.0807,42.6685,10,Tree cover,0.658,27.2,38.6,1.29,4.5,Metamorphic,MT,155.3,2283.8,NA,NA,NO_EVENT,NA,NA,NA,NA,NA,NA,NA,NA,NA,NA
NEG_1028,1:1,0,1,Garo Hills Block,25.078736,90.549840,16755.2,35.18,28.83,325.64,0.001105,-0.000640,4.4879,24.0658,10,Tree cover,0.824,29.7,51.6,1.44,4.9,Mixed Sedimentary,SM,152.1,1007.5,NA,NA,NO_EVENT,NA,NA,NA,NA,NA,NA,NA,NA,NA,NA
NEG_1029,1:1,0,4,Ri-Bhoi Block,26.059019,92.744617,13440.6,439.49,30.04,168.31,-0.004562,0.000142,4.6613,47.4032,10,Tree cover,0.828,34.7,45.0,1.38,5.0,Metamorphic,MT,48.7,948.0,NA,NA,NO_EVENT,NA,NA,NA,NA,NA,NA,NA,NA,NA,NA
NEG_1030,1:1,0,1,Garo Hills Block,25.881366,90.943402,11034.7,402.46,26.75,93.50,-0.000400,0.002380,5.2333,20.6988,10,Tree cover,0.785,27.8,44.1,1.37,5.4,Mixed Sedimentary,SM,176.9,2083.2,NA,NA,NO_EVENT,NA,NA,NA,NA,NA,NA,NA,NA,NA,NA
NEG_1031,1:1,0,4,Ri-Bhoi Block,26.085596,92.317702,8174.7,892.48,27.24,353.43,0.002070,-0.000695,4.7794,48.9724,10,Tree cover,0.823,34.2,42.9,1.38,4.8,Metamorphic,MT,220.5,3265.4,NA,NA,NO_EVENT,NA,NA,NA,NA,NA,NA,NA,NA,NA,NA
NEG_1032,1:1,0,1,Garo Hills Block,25.118251,90.629160,10195.0,69.13,21.75,291.83,0.001420,0.001677,5.2022,18.3491,10,Tree cover,0.830,30.3,53.1,1.44,5.0,Mixed Sedimentary,SM,107.7,953.2,NA,NA,NO_EVENT,NA,NA,NA,NA,NA,NA,NA,NA,NA,NA
NEG_1033,1:1,0,4,Ri-Bhoi Block,25.979946,91.831538,2801.6,1273.29,19.89,55.27,-0.002735,0.001356,5.7348,23.3750,10,Tree cover,0.824,35.1,38.2,1.35,4.5,Metamorphic,MT,28.7,3370.3,NA,NA,NO_EVENT,NA,NA,NA,NA,NA,NA,NA,NA,NA,NA
NEG_1034,1:1,0,2,West Khasi Block,25.242529,91.041626,5670.1,618.85,31.04,48.10,0.000084,0.002764,4.8729,40.0646,10,Tree cover,0.805,28.2,45.9,1.43,5.2,Siliciclastic Sedimentary,SS,63.1,2666.5,NA,NA,NO_EVENT,NA,NA,NA,NA,NA,NA,NA,NA,NA,NA
NEG_1035,1:1,0,5,Jaintia Hills Block,25.130132,92.099962,4458.4,1184.11,20.44,181.71,0.000312,-0.000851,5.3544,18.0107,10,Tree cover,0.830,38.4,24.9,1.32,5.8,Carbonate Sedimentary,SC,40.9,224.9,NA,NA,NO_EVENT,NA,NA,NA,NA,NA,NA,NA,NA,NA,NA
NEG_1036,1:1,0,4,Ri-Bhoi Block,25.977718,92.148373,9155.4,1175.52,24.10,123.25,-0.002303,-0.001547,5.4031,24.0872,10,Tree cover,0.824,35.1,46.9,1.35,5.1,Metamorphic,MT,210.8,1734.2,NA,NA,NO_EVENT,NA,NA,NA,NA,NA,NA,NA,NA,NA,NA
NEG_1037,1:1,0,1,Garo Hills Block,25.435267,89.886949,14056.8,30.63,27.88,7.11,-0.002845,0.000692,4.8160,32.5923,10,Tree cover,0.693,22.5,50.2,1.37,5.3,Mixed Sedimentary,SM,227.7,3439.4,NA,NA,NO_EVENT,NA,NA,NA,NA,NA,NA,NA,NA,NA,NA
NEG_1038,1:1,0,3,East Khasi Block,25.096022,91.780302,10400.7,1164.59,17.83,338.19,-0.001641,-0.001659,5.4300,19.7938,10,Tree cover,0.827,30.0,50.6,1.44,5.4,Siliciclastic Sedimentary,SS,185.5,813.4,NA,NA,NO_EVENT,NA,NA,NA,NA,NA,NA,NA,NA,NA,NA
NEG_1039,1:1,0,5,Jaintia Hills Block,25.466989,92.733264,15975.6,664.10,31.03,193.27,0.004324,-0.000235,4.4378,25.5656,10,Tree cover,0.677,31.7,44.6,1.35,4.9,Metamorphic,MT,34.7,4697.7,NA,NA,NO_EVENT,NA,NA,NA,NA,NA,NA,NA,NA,NA,NA
NEG_1040,1:1,0,3,East Khasi Block,25.604989,91.926208,1352.1,1750.76,28.55,251.25,-0.000276,0.002167,4.3160,30.1003,10,Tree cover,0.733,27.6,40.5,1.30,4.4,Metamorphic,MT,89.9,3194.0,NA,NA,NO_EVENT,NA,NA,NA,NA,NA,NA,NA,NA,NA,NA
NEG_1041,1:1,0,4,Ri-Bhoi Block,26.097218,91.405564,19003.9,870.68,32.84,192.44,0.001540,0.001462,4.2855,56.6605,10,Tree cover,0.820,33.9,46.5,1.38,5.1,Metamorphic,MT,312.1,231.8,NA,NA,NO_EVENT,NA,NA,NA,NA,NA,NA,NA,NA,NA,NA
NEG_1042,1:1,0,1,Garo Hills Block,25.375113,90.683808,2277.8,204.64,17.91,125.51,-0.000469,0.002651,5.8303,36.7079,10,Tree cover,0.729,23.5,52.6,1.39,5.2,Mixed Sedimentary,SM,248.6,2402.4,NA,NA,NO_EVENT,NA,NA,NA,NA,NA,NA,NA,NA,NA,NA
NEG_1043,1:1,0,3,East Khasi Block,25.337324,91.896937,938.6,1620.06,24.02,93.44,0.002790,0.000934,5.4341,46.6991,10,Tree cover,0.752,35.1,39.5,1.38,4.3,Metamorphic,MT,79.5,2974.4,NA,NA,NO_EVENT,NA,NA,NA,NA,NA,NA,NA,NA,NA,NA
NEG_1044,1:1,0,4,Ri-Bhoi Block,25.726540,91.109442,3626.0,689.25,26.92,341.30,-0.003786,-0.000159,4.7110,50.2574,60,Bare / sparse vegetation,0.370,28.0,38.1,1.28,4.5,Metamorphic,MT,17.4,8212.0,NA,NA,NO_EVENT,NA,NA,NA,NA,NA,NA,NA,NA,NA,NA
NEG_1045,1:1,0,1,Garo Hills Block,25.186198,89.837447,31152.7,117.35,28.04,27.17,-0.004642,-0.000208,4.9606,23.7877,10,Tree cover,0.824,29.8,48.1,1.44,5.3,Mixed Sedimentary,SM,206.8,1357.2,NA,NA,NO_EVENT,NA,NA,NA,NA,NA,NA,NA,NA,NA,NA
NEG_1046,1:1,0,5,Jaintia Hills Block,25.265495,92.230431,2566.4,1183.07,27.63,75.87,-0.000869,-0.000494,5.1778,43.2891,60,Bare / sparse vegetation,0.400,27.3,44.2,1.42,4.8,Siliciclastic Sedimentary,SS,12.2,1049.8,NA,NA,NO_EVENT,NA,NA,NA,NA,NA,NA,NA,NA,NA,NA
NEG_1047,1:1,0,2,West Khasi Block,25.443808,91.562663,2839.3,1386.54,30.77,168.13,-0.002016,-0.000212,4.5508,31.6322,10,Tree cover,0.689,32.5,45.0,1.36,5.0,Metamorphic,MT,59.4,1054.2,NA,NA,NO_EVENT,NA,NA,NA,NA,NA,NA,NA,NA,NA,NA
NEG_1048,1:1,0,2,West Khasi Block,25.130922,91.416357,6453.9,971.96,21.00,181.04,0.000023,0.002982,5.3127,18.0053,10,Tree cover,0.830,30.3,48.8,1.44,4.9,Siliciclastic Sedimentary,SS,71.2,296.1,NA,NA,NO_EVENT,NA,NA,NA,NA,NA,NA,NA,NA,NA,NA
NEG_1049,1:1,0,3,East Khasi Block,25.190790,91.908497,5076.4,1271.98,30.61,107.06,-0.001761,0.000335,4.7706,25.3682,10,Tree cover,0.823,29.7,53.0,1.44,5.3,Siliciclastic Sedimentary,SS,27.7,74.9,NA,NA,NO_EVENT,NA,NA,NA,NA,NA,NA,NA,NA,NA,NA
NEG_1050,1:1,0,3,East Khasi Block,25.185168,91.939569,5373.5,1290.20,27.05,132.68,0.001945,0.000706,5.0362,23.3829,10,Tree cover,0.824,29.8,52.6,1.44,5.2,Siliciclastic Sedimentary,SS,32.3,839.3,NA,NA,NO_EVENT,NA,NA,NA,NA,NA,NA,NA,NA,NA,NA
NEG_1051,1:1,0,2,West Khasi Block,25.380875,91.307182,7781.5,1066.41,23.16,124.73,0.000123,-0.002846,5.3925,41.2890,60,Bare / sparse vegetation,0.300,34.4,43.5,1.38,4.9,Metamorphic,MT,8.3,2729.3,NA,NA,NO_EVENT,NA,NA,NA,NA,NA,NA,NA,NA,NA,NA
NEG_1052,1:1,0,3,East Khasi Block,25.575715,91.770365,826.2,1726.66,15.63,314.28,-0.003112,-0.000184,5.3655,20.8739,10,Tree cover,0.835,28.2,38.3,1.31,4.3,Metamorphic,MT,32.6,890.0,NA,NA,NO_EVENT,NA,NA,NA,NA,NA,NA,NA,NA,NA,NA
NEG_1053,1:2,0,4,Ri-Bhoi Block,25.964932,92.370654,16823.2,882.79,21.49,41.84,-0.004547,-0.000219,5.6378,21.4481,10,Tree cover,0.821,34.9,40.8,1.35,4.7,Metamorphic,MT,183.7,677.0,NA,NA,NO_EVENT,NA,NA,NA,NA,NA,NA,NA,NA,NA,NA
NEG_1054,1:2,0,3,East Khasi Block,25.298117,91.622827,3046.7,1354.67,28.45,66.25,0.003934,-0.000561,5.1226,50.0863,10,Tree cover,0.776,26.1,44.6,1.41,5.2,Siliciclastic Sedimentary,SS,79.1,1126.0,NA,NA,NO_EVENT,NA,NA,NA,NA,NA,NA,NA,NA,NA,NA
NEG_1055,1:2,0,4,Ri-Bhoi Block,25.760609,91.075118,5597.6,684.60,22.67,359.73,-0.000040,0.002103,5.1846,42.6636,10,Tree cover,0.712,28.8,38.3,1.28,4.5,Metamorphic,MT,178.1,3369.8,NA,NA,NO_EVENT,NA,NA,NA,NA,NA,NA,NA,NA,NA,NA
NEG_1056,1:2,0,4,Ri-Bhoi Block,25.983586,92.011974,4565.0,1154.51,14.61,139.64,0.002618,0.001371,6.1485,22.3826,10,Tree cover,0.825,35.1,43.8,1.35,4.9,Metamorphic,MT,108.4,9902.0,NA,NA,NO_EVENT,NA,NA,NA,NA,NA,NA,NA,NA,NA,NA
NEG_1057,1:2,0,1,Garo Hills Block,25.125592,89.844583,35704.4,32.95,21.24,355.91,0.000882,-0.000366,5.2722,18.0833,10,Tree cover,0.830,30.3,48.4,1.44,5.3,Mixed Sedimentary,SM,211.3,557.7,NA,NA,NO_EVENT,NA,NA,NA,NA,NA,NA,NA,NA,NA,NA
NEG_1058,1:2,0,1,Garo Hills Block,25.200718,90.636470,1137.0,25.00,29.08,91.39,-0.003370,-0.000282,4.9250,27.3419,10,Tree cover,0.820,29.4,53.1,1.44,5.1,Mixed Sedimentary,SM,85.6,324.7,NA,NA,NO_EVENT,NA,NA,NA,NA,NA,NA,NA,NA,NA,NA
NEG_1059,1:2,0,2,West Khasi Block,25.627439,91.596559,2188.9,1474.29,32.38,281.06,0.000942,-0.000889,4.0206,38.6158,10,Tree cover,0.655,27.3,43.8,1.29,4.6,Metamorphic,MT,260.3,7070.8,NA,NA,NO_EVENT,NA,NA,NA,NA,NA,NA,NA,NA,NA,NA
NEG_1060,1:2,0,2,West Khasi Block,25.124657,91.382940,7014.9,924.08,23.86,184.96,0.000808,0.001745,5.0589,18.1196,60,Bare / sparse vegetation,0.268,30.3,50.2,1.44,4.8,Siliciclastic Sedimentary,SS,7.6,402.5,NA,NA,NO_EVENT,NA,NA,NA,NA,NA,NA,NA,NA,NA,NA
NEG_1061,1:2,0,1,Garo Hills Block,25.051027,90.001612,31078.0,129.40,30.59,273.93,-0.003518,0.000836,4.2611,31.5758,10,Tree cover,0.816,29.1,53.1,1.43,5.4,Mixed Sedimentary,SM,73.8,167.4,NA,NA,NO_EVENT,NA,NA,NA,NA,NA,NA,NA,NA,NA,NA
NEG_1062,1:2,0,2,West Khasi Block,25.035939,91.564893,14167.9,1082.78,30.90,261.37,0.001502,0.002006,4.1985,36.1329,10,Tree cover,0.810,28.6,44.1,1.43,5.1,Siliciclastic Sedimentary,SS,32.3,263.0,NA,NA,NO_EVENT,NA,NA,NA,NA,NA,NA,NA,NA,NA,NA
NEG_1063,1:2,0,2,West Khasi Block,25.517508,91.255427,575.0,891.51,17.35,276.88,-0.000803,0.001636,5.3525,18.0837,10,Tree cover,0.659,29.9,41.5,1.33,4.7,Metamorphic,MT,179.9,712.4,NA,NA,NO_EVENT,NA,NA,NA,NA,NA,NA,NA,NA,NA,NA
NEG_1064,1:2,0,5,Jaintia Hills Block,25.113520,92.062564,8382.7,1156.98,17.11,190.92,0.000787,-0.002501,5.5548,18.4817,10,Tree cover,0.829,37.7,24.4,1.32,5.9,Carbonate Sedimentary,SC,95.2,71.9,NA,NA,NO_EVENT,NA,NA,NA,NA,NA,NA,NA,NA,NA,NA
NEG_1065,1:2,0,4,Ri-Bhoi Block,26.017621,92.688013,17712.2,467.23,28.89,151.28,-0.000178,-0.002862,4.9067,35.6964,60,Bare / sparse vegetation,0.168,35.2,42.9,1.37,4.8,Metamorphic,MT,19.6,61.2,NA,NA,NO_EVENT,NA,NA,NA,NA,NA,NA,NA,NA,NA,NA
NEG_1066,1:2,0,2,West Khasi Block,25.157714,91.475917,1402.5,1079.60,16.35,163.78,0.002875,0.000439,5.7909,18.7727,10,Tree cover,0.829,30.2,46.2,1.44,4.9,Siliciclastic Sedimentary,SS,110.6,1847.5,NA,NA,NO_EVENT,NA,NA,NA,NA,NA,NA,NA,NA,NA,NA
NEG_1067,1:2,0,4,Ri-Bhoi Block,26.022927,92.560463,30535.4,740.52,20.31,128.31,0.000295,0.002821,5.5750,31.4729,10,Tree cover,0.830,35.2,38.7,1.37,4.5,Metamorphic,MT,121.7,5419.3,NA,NA,NO_EVENT,NA,NA,NA,NA,NA,NA,NA,NA,NA,NA
NEG_1068,1:2,0,3,East Khasi Block,25.235239,91.814350,2273.9,1397.88,29.59,50.77,-0.001129,0.002287,4.9747,36.9811,10,Tree cover,0.808,28.4,51.8,1.43,5.4,Siliciclastic Sedimentary,SS,56.3,2032.2,NA,NA,NO_EVENT,NA,NA,NA,NA,NA,NA,NA,NA,NA,NA
NEG_1069,1:2,0,4,Ri-Bhoi Block,25.789388,92.235619,9294.9,1212.12,19.08,43.52,-0.003250,-0.000088,5.5854,34.8279,10,Tree cover,0.730,29.7,45.7,1.29,5.0,Metamorphic,MT,51.0,8136.3,NA,NA,NO_EVENT,NA,NA,NA,NA,NA,NA,NA,NA,NA,NA
NEG_1070,1:2,0,4,Ri-Bhoi Block,25.950258,92.680851,19291.8,545.80,25.05,136.48,0.000483,-0.000052,5.3755,19.9413,10,Tree cover,0.816,34.7,42.7,1.34,4.8,Metamorphic,MT,115.2,1947.8,NA,NA,NO_EVENT,NA,NA,NA,NA,NA,NA,NA,NA,NA,NA
NEG_1071,1:2,0,2,West Khasi Block,25.038524,91.145644,17667.4,540.15,33.63,318.78,0.001952,-0.001768,3.9861,36.9013,10,Tree cover,0.811,28.7,50.3,1.43,5.0,Siliciclastic Sedimentary,SS,125.3,230.5,NA,NA,NO_EVENT,NA,NA,NA,NA,NA,NA,NA,NA,NA,NA
NEG_1072,1:2,0,3,East Khasi Block,25.172311,91.699303,996.5,1309.92,22.27,22.32,0.002662,0.001270,5.3726,20.5897,10,Tree cover,0.827,30.0,47.0,1.44,5.4,Siliciclastic Sedimentary,SS,85.4,195.9,NA,NA,NO_EVENT,NA,NA,NA,NA,NA,NA,NA,NA,NA,NA
NEG_1073,1:2,0,1,Garo Hills Block,25.813912,90.193269,16001.1,106.46,20.10,152.21,-0.003263,-0.000548,5.5937,31.2262,10,Tree cover,0.745,29.8,47.3,1.34,5.1,Mixed Sedimentary,SM,56.4,1715.1,NA,NA,NO_EVENT,NA,NA,NA,NA,NA,NA,NA,NA,NA,NA
NEG_1074,1:2,0,4,Ri-Bhoi Block,25.970660,91.052607,15587.4,515.23,20.41,45.18,-0.000990,0.001470,5.7133,22.0753,10,Tree cover,0.822,35.0,38.6,1.35,4.5,Metamorphic,MT,16.1,572.6,NA,NA,NO_EVENT,NA,NA,NA,NA,NA,NA,NA,NA,NA,NA
NEG_1075,1:2,0,4,Ri-Bhoi Block,25.983423,92.547615,31830.0,805.40,14.45,109.00,0.000306,0.002238,6.1617,22.3151,10,Tree cover,0.825,35.1,38.5,1.35,4.5,Metamorphic,MT,95.8,1006.8,NA,NA,NO_EVENT,NA,NA,NA,NA,NA,NA,NA,NA,NA,NA
NEG_1076,1:2,0,3,East Khasi Block,25.119844,91.872330,8908.4,1267.78,23.92,326.09,0.001512,0.000852,5.0350,18.3045,10,Tree cover,0.830,30.3,53.0,1.44,5.3,Siliciclastic Sedimentary,SS,79.5,121.6,NA,NA,NO_EVENT,NA,NA,NA,NA,NA,NA,NA,NA,NA,NA
NEG_1077,1:2,0,4,Ri-Bhoi Block,25.910525,92.661801,22750.2,657.01,31.03,134.75,-0.001038,0.002308,4.9164,18.1380,10,Tree cover,0.800,33.8,41.9,1.33,4.8,Metamorphic,MT,89.5,351.9,NA,NA,NO_EVENT,NA,NA,NA,NA,NA,NA,NA,NA,NA,NA
NEG_1078,1:2,0,3,East Khasi Block,25.522303,91.696776,1459.1,1652.38,20.99,323.63,-0.000908,-0.002309,5.0470,18.0159,10,Tree cover,0.658,29.8,40.0,1.33,4.4,Metamorphic,MT,58.6,1349.2,NA,NA,NO_EVENT,NA,NA,NA,NA,NA,NA,NA,NA,NA,NA
NEG_1079,1:2,0,4,Ri-Bhoi Block,25.907487,92.438161,26110.9,923.19,31.14,53.74,0.000763,0.002479,4.9065,18.2707,60,Bare / sparse vegetation,0.295,33.7,38.8,1.33,4.5,Metamorphic,MT,12.4,2510.6,NA,NA,NO_EVENT,NA,NA,NA,NA,NA,NA,NA,NA,NA,NA
NEG_1080,1:2,0,1,Garo Hills Block,25.315764,89.860660,21349.9,25.00,21.02,44.20,0.004763,-0.000112,5.7050,42.9384,10,Tree cover,0.766,25.4,49.1,1.41,5.3,Mixed Sedimentary,SM,118.9,3708.6,NA,NA,NO_EVENT,NA,NA,NA,NA,NA,NA,NA,NA,NA,NA
NEG_1081,1:2,0,4,Ri-Bhoi Block,25.772789,91.154685,5408.3,798.91,21.35,7.54,0.000507,-0.002690,5.3388,39.5868,10,Tree cover,0.719,29.2,38.5,1.28,4.5,Metamorphic,MT,54.3,6031.9,NA,NA,NO_EVENT,NA,NA,NA,NA,NA,NA,NA,NA,NA,NA
NEG_1082,1:2,0,2,West Khasi Block,25.145133,91.367238,5470.5,945.49,24.41,171.84,-0.001480,0.000688,5.0966,18.2869,10,Tree cover,0.830,30.3,50.9,1.44,4.8,Siliciclastic Sedimentary,SS,50.1,1149.8,NA,NA,NO_EVENT,NA,NA,NA,NA,NA,NA,NA,NA,NA,NA
NEG_1083,1:2,0,4,Ri-Bhoi Block,26.040350,92.635044,23324.4,553.10,30.68,159.49,0.002789,-0.001146,4.6823,43.3141,10,Tree cover,0.830,35.0,40.9,1.37,4.7,Metamorphic,MT,121.5,457.9,NA,NA,NO_EVENT,NA,NA,NA,NA,NA,NA,NA,NA,NA,NA
NEG_1084,1:2,0,5,Jaintia Hills Block,25.423817,92.167203,708.6,1437.98,34.35,148.68,-0.000743,0.001611,4.3435,39.7467,60,Bare / sparse vegetation,0.239,33.2,46.9,1.37,4.8,Metamorphic,MT,5.5,1594.6,NA,NA,NO_EVENT,NA,NA,NA,NA,NA,NA,NA,NA,NA,NA
NEG_1085,1:2,0,4,Ri-Bhoi Block,26.042301,92.415409,17646.6,805.92,33.30,20.49,0.000862,-0.002128,4.4653,46.0503,10,Tree cover,0.830,35.0,39.4,1.37,4.6,Metamorphic,MT,21.6,6709.6,NA,NA,NO_EVENT,NA,NA,NA,NA,NA,NA,NA,NA,NA,NA
NEG_1086,1:2,0,3,East Khasi Block,25.295287,91.688885,3791.3,1398.51,24.78,48.04,-0.001662,-0.001647,5.4170,45.6138,10,Tree cover,0.778,26.2,46.6,1.41,5.3,Siliciclastic Sedimentary,SS,153.1,190.2,NA,NA,NO_EVENT,NA,NA,NA,NA,NA,NA,NA,NA,NA,NA
NEG_1087,1:2,0,3,East Khasi Block,25.508023,91.713728,554.0,1683.01,21.29,329.61,0.000185,-0.001488,5.0673,18.4928,10,Tree cover,0.662,30.3,39.5,1.34,4.3,Metamorphic,MT,26.2,553.2,NA,NA,NO_EVENT,NA,NA,NA,NA,NA,NA,NA,NA,NA,NA
NEG_1088,1:2,0,4,Ri-Bhoi Block,25.715568,91.580000,2362.3,1437.29,25.61,273.35,-0.003408,0.000832,4.7754,48.6559,10,Tree cover,0.687,27.8,44.4,1.28,4.7,Metamorphic,MT,50.4,5885.9,NA,NA,NO_EVENT,NA,NA,NA,NA,NA,NA,NA,NA,NA,NA
NEG_1089,1:2,0,1,Garo Hills Block,25.434149,89.855719,16393.2,25.00,31.39,7.26,-0.004692,0.000144,4.5397,34.7640,10,Tree cover,0.694,22.5,48.9,1.37,5.3,Mixed Sedimentary,SM,31.8,671.6,NA,NA,NO_EVENT,NA,NA,NA,NA,NA,NA,NA,NA,NA,NA
NEG_1090,1:2,0,2,West Khasi Block,25.090262,91.377250,10865.8,854.68,28.12,204.40,0.003846,0.000692,4.5855,21.7493,10,Tree cover,0.826,30.0,50.5,1.44,4.8,Siliciclastic Sedimentary,SS,270.5,537.6,NA,NA,NO_EVENT,NA,NA,NA,NA,NA,NA,NA,NA,NA,NA
NEG_1091,1:2,0,4,Ri-Bhoi Block,25.726367,92.163732,5142.9,1418.56,26.81,219.82,-0.000998,-0.001873,4.7192,50.1289,10,Tree cover,0.692,28.0,46.9,1.28,4.8,Metamorphic,MT,43.8,5280.8,NA,NA,NO_EVENT,NA,NA,NA,NA,NA,NA,NA,NA,NA,NA
NEG_1092,1:2,0,4,Ri-Bhoi Block,25.747088,91.068691,5456.3,663.98,22.63,351.49,-0.001013,0.002272,5.1339,44.0588,10,Tree cover,0.704,28.5,38.3,1.28,4.5,Metamorphic,MT,41.3,4765.7,NA,NA,NO_EVENT,NA,NA,NA,NA,NA,NA,NA,NA,NA,NA
NEG_1093,1:2,0,2,West Khasi Block,25.098060,91.388893,9857.8,871.68,26.35,199.67,0.002698,0.001371,4.7560,20.3723,10,Tree cover,0.827,30.1,50.0,1.44,4.8,Siliciclastic Sedimentary,SS,52.4,371.0,NA,NA,NO_EVENT,NA,NA,NA,NA,NA,NA,NA,NA,NA,NA
NEG_1094,1:2,0,5,Jaintia Hills Block,25.174315,92.072634,1572.8,1314.66,21.30,157.43,-0.002431,-0.001255,5.4575,20.7246,10,Tree cover,0.826,40.2,24.5,1.33,5.8,Carbonate Sedimentary,SC,86.2,706.3,NA,NA,NO_EVENT,NA,NA,NA,NA,NA,NA,NA,NA,NA,NA
NEG_1095,1:2,0,1,Garo Hills Block,26.074855,90.622987,36527.0,45.60,33.83,1.75,0.004420,-0.000013,4.2951,54.6496,10,Tree cover,0.826,22.5,53.1,1.43,5.0,Mixed Sedimentary,SM,133.1,1771.6,NA,NA,NO_EVENT,NA,NA,NA,NA,NA,NA,NA,NA,NA,NA
NEG_1096,1:2,0,4,Ri-Bhoi Block,25.789186,92.550146,21934.9,816.54,16.04,137.02,-0.000095,0.002287,5.8278,32.1742,10,Tree cover,0.729,29.7,38.5,1.29,4.5,Metamorphic,MT,133.0,1959.2,NA,NA,NO_EVENT,NA,NA,NA,NA,NA,NA,NA,NA,NA,NA
NEG_1097,1:2,0,1,Garo Hills Block,25.191556,90.799040,16879.0,333.32,28.47,150.92,-0.000868,-0.000296,4.9443,25.0215,10,Tree cover,0.822,29.6,48.3,1.44,5.4,Mixed Sedimentary,SM,33.8,527.5,NA,NA,NO_EVENT,NA,NA,NA,NA,NA,NA,NA,NA,NA,NA
NEG_1098,1:2,0,1,Garo Hills Block,25.080865,90.744843,18262.7,87.46,21.26,209.10,-0.004450,-0.000309,5.1009,22.1475,10,Tree cover,0.824,29.8,50.6,1.44,5.3,Mixed Sedimentary,SM,199.0,865.9,NA,NA,NO_EVENT,NA,NA,NA,NA,NA,NA,NA,NA,NA,NA
NEG_1099,1:2,0,3,East Khasi Block,25.115627,91.863293,9282.9,1265.51,23.66,328.61,0.002068,0.000213,5.0391,18.5289,10,Tree cover,0.829,30.2,52.9,1.44,5.3,Siliciclastic Sedimentary,SS,63.5,28.4,NA,NA,NO_EVENT,NA,NA,NA,NA,NA,NA,NA,NA,NA,NA
NEG_1100,1:2,0,1,Garo Hills Block,25.611382,90.739508,5459.0,244.77,22.27,229.06,-0.002731,-0.000631,4.8195,28.7633,10,Tree cover,0.652,26.7,50.9,1.32,5.3,Mixed Sedimentary,SM,137.5,1426.3,NA,NA,NO_EVENT,NA,NA,NA,NA,NA,NA,NA,NA,NA,NA
NEG_1101,1:2,0,1,Garo Hills Block,25.107607,90.452196,21363.8,25.00,15.63,345.58,-0.002354,0.001453,5.6501,18.7482,10,Tree cover,0.829,30.2,47.5,1.44,4.8,Mixed Sedimentary,SM,87.0,294.4,NA,NA,NO_EVENT,NA,NA,NA,NA,NA,NA,NA,NA,NA,NA
NEG_1102,1:2,0,1,Garo Hills Block,25.303514,90.119856,10520.6,30.30,23.15,132.43,0.004018,-0.000588,5.5443,44.6331,10,Tree cover,0.773,25.9,50.5,1.41,5.3,Mixed Sedimentary,SM,194.2,282.2,NA,NA,NO_EVENT,NA,NA,NA,NA,NA,NA,NA,NA,NA,NA
NEG_1103,1:2,0,1,Garo Hills Block,25.622827,90.666468,12237.4,173.27,26.07,252.48,-0.000004,0.002853,4.5215,33.4447,10,Tree cover,0.654,27.1,52.9,1.32,5.1,Mixed Sedimentary,SM,111.4,4684.8,NA,NA,NO_EVENT,NA,NA,NA,NA,NA,NA,NA,NA,NA,NA
NEG_1104,1:2,0,1,Garo Hills Block,25.317057,90.594332,9756.6,75.30,25.43,67.70,0.004842,0.000071,5.3509,48.2341,10,Tree cover,0.765,25.4,52.7,1.41,5.0,Mixed Sedimentary,SM,94.6,6533.4,NA,NA,NO_EVENT,NA,NA,NA,NA,NA,NA,NA,NA,NA,NA
NEG_1105,1:2,0,2,West Khasi Block,25.544531,91.228230,737.4,877.20,14.25,292.51,-0.003806,-0.000175,5.5286,18.3958,10,Tree cover,0.653,29.1,40.5,1.32,4.7,Metamorphic,MT,248.9,2372.5,NA,NA,NO_EVENT,NA,NA,NA,NA,NA,NA,NA,NA,NA,NA
NEG_1106,1:2,0,4,Ri-Bhoi Block,25.977331,92.557555,30890.0,785.95,14.31,113.90,-0.000597,0.001896,6.1872,21.5712,10,Tree cover,0.824,35.1,38.6,1.35,4.5,Metamorphic,MT,114.5,1316.6,NA,NA,NO_EVENT,NA,NA,NA,NA,NA,NA,NA,NA,NA,NA
NEG_1107,1:2,0,1,Garo Hills Block,25.075310,89.916313,35954.3,26.91,21.11,325.32,-0.000486,0.000402,5.0939,22.9816,10,Tree cover,0.823,29.7,51.4,1.44,5.4,Mixed Sedimentary,SM,105.0,1474.3,NA,NA,NO_EVENT,NA,NA,NA,NA,NA,NA,NA,NA,NA,NA
NEG_1108,1:2,0,5,Jaintia Hills Block,25.630965,92.054950,2310.6,1536.78,25.79,224.00,0.000086,-0.002945,4.5513,35.2896,10,Tree cover,0.655,27.3,45.3,1.29,4.7,Metamorphic,MT,87.4,1838.2,NA,NA,NO_EVENT,NA,NA,NA,NA,NA,NA,NA,NA,NA,NA
NEG_1109,1:2,0,1,Garo Hills Block,25.992754,90.280150,27616.3,103.26,23.09,118.29,0.000539,0.002576,5.4465,26.7543,10,Tree cover,0.827,23.8,44.5,1.41,5.0,Mixed Sedimentary,SM,27.8,28.7,NA,NA,NO_EVENT,NA,NA,NA,NA,NA,NA,NA,NA,NA,NA
NEG_1110,1:2,0,4,Ri-Bhoi Block,26.099028,91.610843,10509.3,963.38,34.03,324.28,0.004135,0.000084,4.1833,58.2145,10,Tree cover,0.820,33.9,43.2,1.38,4.9,Metamorphic,MT,67.4,173.7,NA,NA,NO_EVENT,NA,NA,NA,NA,NA,NA,NA,NA,NA,NA
NEG_1111,1:2,0,1,Garo Hills Block,26.081389,90.663207,39311.4,36.17,29.12,192.47,0.000390,0.000459,4.6457,50.5505,10,Tree cover,0.824,22.5,52.9,1.43,5.1,Mixed Sedimentary,SM,201.7,870.0,NA,NA,NO_EVENT,NA,NA,NA,NA,NA,NA,NA,NA,NA,NA
NEG_1112,1:2,0,2,West Khasi Block,25.020438,91.413056,17308.2,795.92,33.19,222.11,0.000297,-0.002787,3.9842,42.3774,60,Bare / sparse vegetation,0.163,28.1,48.9,1.43,4.8,Siliciclastic Sedimentary,SS,7.3,286.6,NA,NA,NO_EVENT,NA,NA,NA,NA,NA,NA,NA,NA,NA,NA
NEG_1113,1:2,0,3,East Khasi Block,25.297861,91.678107,3635.0,1391.96,25.56,49.71,-0.000668,-0.001634,5.3539,46.7970,10,Tree cover,0.776,26.1,46.2,1.41,5.3,Siliciclastic Sedimentary,SS,77.8,551.6,NA,NA,NO_EVENT,NA,NA,NA,NA,NA,NA,NA,NA,NA,NA
NEG_1114,1:2,0,3,East Khasi Block,25.361034,91.767158,572.5,1475.08,14.99,38.63,-0.001865,-0.001833,6.1036,34.8387,10,Tree cover,0.738,34.7,38.3,1.38,4.3,Metamorphic,MT,84.0,784.8,NA,NA,NO_EVENT,NA,NA,NA,NA,NA,NA,NA,NA,NA,NA
NEG_1115,1:2,0,3,East Khasi Block,25.601630,91.765578,2107.4,1677.50,19.61,313.60,-0.002665,-0.001397,5.0313,25.7120,10,Tree cover,0.651,27.7,38.4,1.30,4.3,Metamorphic,MT,5.6,453.2,NA,NA,NO_EVENT,NA,NA,NA,NA,NA,NA,NA,NA,NA,NA
NEG_1116,1:2,0,3,East Khasi Block,25.526557,91.800687,3898.9,1755.00,17.75,317.81,0.000171,0.002729,5.2940,18.0017,10,Tree cover,0.823,22.8,60.0,1.31,4.5,Plutonic Acidic,PA,213.8,672.5,NA,NA,NO_EVENT,NA,NA,NA,NA,NA,NA,NA,NA,NA,NA
NEG_1117,1:2,0,4,Ri-Bhoi Block,25.692046,91.538291,5957.6,1391.10,24.95,239.07,0.000947,-0.000453,4.7493,46.2766,10,Tree cover,0.676,27.4,45.7,1.28,5.0,Metamorphic,MT,205.8,5351.0,NA,NA,NO_EVENT,NA,NA,NA,NA,NA,NA,NA,NA,NA,NA
NEG_1118,1:2,0,3,East Khasi Block,25.468228,91.724140,2902.9,1638.00,26.62,347.99,0.004162,-0.000391,4.7857,24.2375,10,Tree cover,0.677,31.7,39.2,1.35,4.3,Metamorphic,MT,28.1,104.0,NA,NA,NO_EVENT,NA,NA,NA,NA,NA,NA,NA,NA,NA,NA
NEG_1119,1:2,0,4,Ri-Bhoi Block,25.899714,92.384465,22959.9,1018.44,31.85,45.19,-0.001368,0.001464,4.8452,18.8244,10,Tree cover,0.795,33.5,40.4,1.32,4.7,Metamorphic,MT,22.4,1878.0,NA,NA,NO_EVENT,NA,NA,NA,NA,NA,NA,NA,NA,NA,NA
NEG_1120,1:2,0,2,West Khasi Block,25.143741,91.330608,8159.4,889.28,22.44,170.02,-0.001062,-0.001799,5.2487,18.2080,10,Tree cover,0.830,30.3,52.1,1.44,4.8,Siliciclastic Sedimentary,SS,144.2,3273.2,NA,NA,NO_EVENT,NA,NA,NA,NA,NA,NA,NA,NA,NA,NA
NEG_1121,1:2,0,5,Jaintia Hills Block,25.487729,92.064336,526.4,1636.53,24.35,201.90,-0.000998,0.002364,4.8932,20.5798,60,Bare / sparse vegetation,0.172,31.0,45.6,1.34,4.8,Metamorphic,MT,10.4,730.1,NA,NA,NO_EVENT,NA,NA,NA,NA,NA,NA,NA,NA,NA,NA
NEG_1122,1:2,0,1,Garo Hills Block,25.614752,90.237836,5267.8,43.40,24.87,233.43,-0.002370,-0.000727,4.6127,30.8130,10,Tree cover,0.652,26.8,45.6,1.32,5.0,Mixed Sedimentary,SM,219.9,2139.9,NA,NA,NO_EVENT,NA,NA,NA,NA,NA,NA,NA,NA,NA,NA
NEG_1123,1:2,0,1,Garo Hills Block,25.276153,90.015479,12526.3,25.00,29.90,95.10,-0.001148,0.002290,5.0043,47.8205,10,Tree cover,0.788,26.9,53.1,1.42,5.4,Mixed Sedimentary,SM,25.2,186.1,NA,NA,NO_EVENT,NA,NA,NA,NA,NA,NA,NA,NA,NA,NA
NEG_1124,1:2,0,5,Jaintia Hills Block,25.258483,92.199092,671.3,1195.50,32.13,94.00,-0.000006,-0.002443,4.8101,45.5079,10,Tree cover,0.797,27.6,44.1,1.42,4.8,Siliciclastic Sedimentary,SS,100.0,331.9,NA,NA,NO_EVENT,NA,NA,NA,NA,NA,NA,NA,NA,NA,NA
NEG_1125,1:2,0,4,Ri-Bhoi Block,25.740998,91.862004,2695.6,1608.97,23.85,325.64,-0.002401,-0.000121,5.0123,45.9495,10,Tree cover,0.700,28.3,38.7,1.28,4.3,Metamorphic,MT,118.7,2251.9,NA,NA,NO_EVENT,NA,NA,NA,NA,NA,NA,NA,NA,NA,NA
NEG_1126,1:2,0,1,Garo Hills Block,25.229637,90.265716,5789.0,25.00,32.07,122.41,0.001837,0.001874,4.7641,36.8482,10,Tree cover,0.810,28.6,44.8,1.43,5.0,Mixed Sedimentary,SM,119.9,810.3,NA,NA,NO_EVENT,NA,NA,NA,NA,NA,NA,NA,NA,NA,NA
NEG_1127,1:2,0,3,East Khasi Block,25.108140,91.779522,9067.6,1190.65,16.06,344.86,-0.001243,-0.002211,5.6178,18.7369,10,Tree cover,0.829,30.2,50.6,1.44,5.4,Siliciclastic Sedimentary,SS,46.3,927.9,NA,NA,NO_EVENT,NA,NA,NA,NA,NA,NA,NA,NA,NA,NA
NEG_1128,1:2,0,4,Ri-Bhoi Block,25.725317,92.443884,12596.0,1026.09,25.99,333.08,0.001715,-0.001688,4.7809,49.1632,10,Tree cover,0.692,27.9,38.7,1.28,4.5,Metamorphic,MT,53.0,6000.3,NA,NA,NO_EVENT,NA,NA,NA,NA,NA,NA,NA,NA,NA,NA
NEG_1129,1:2,0,4,Ri-Bhoi Block,26.090610,92.611038,27147.6,583.51,30.31,190.98,0.004620,-0.000088,4.5139,53.0608,60,Bare / sparse vegetation,0.175,34.1,40.0,1.38,4.6,Metamorphic,MT,19.2,856.7,NA,NA,NO_EVENT,NA,NA,NA,NA,NA,NA,NA,NA,NA,NA
NEG_1130,1:2,0,1,Garo Hills Block,25.830385,90.780213,13306.0,342.29,28.08,147.24,-0.001436,-0.000464,5.0092,32.0520,10,Tree cover,0.755,29.4,49.1,1.35,5.3,Mixed Sedimentary,SM,46.6,99.4,NA,NA,NO_EVENT,NA,NA,NA,NA,NA,NA,NA,NA,NA,NA
NEG_1131,1:2,0,3,East Khasi Block,25.493129,91.828279,690.3,1722.02,26.35,322.99,-0.001409,0.001964,4.7136,20.0661,10,Tree cover,0.807,23.6,60.6,1.31,4.5,Plutonic Acidic,PA,31.2,922.7,NA,NA,NO_EVENT,NA,NA,NA,NA,NA,NA,NA,NA,NA,NA
NEG_1132,1:2,0,2,West Khasi Block,25.101198,91.073728,10534.7,518.19,25.05,341.88,0.002442,-0.001534,4.8719,19.8739,10,Tree cover,0.828,30.1,47.2,1.44,5.2,Siliciclastic Sedimentary,SS,273.4,149.3,NA,NA,NO_EVENT,NA,NA,NA,NA,NA,NA,NA,NA,NA,NA
NEG_1133,1:2,0,4,Ri-Bhoi Block,26.075986,91.810069,1078.9,1107.22,29.12,359.40,0.001564,-0.000055,4.6673,49.7321,10,Tree cover,0.825,34.4,38.1,1.38,4.5,Metamorphic,MT,39.9,2287.4,NA,NA,NO_EVENT,NA,NA,NA,NA,NA,NA,NA,NA,NA,NA
NEG_1134,1:2,0,1,Garo Hills Block,25.528126,90.226783,2218.1,70.84,17.26,221.95,-0.002219,0.000016,5.3289,18.0096,10,Tree cover,0.656,23.7,45.9,1.34,5.1,Mixed Sedimentary,SM,148.7,1793.0,NA,NA,NO_EVENT,NA,NA,NA,NA,NA,NA,NA,NA,NA,NA
NEG_1135,1:2,0,2,West Khasi Block,25.052170,91.525149,11797.2,1036.69,25.45,235.31,-0.002250,0.001116,4.6755,29.0258,10,Tree cover,0.816,29.1,44.7,1.43,5.0,Siliciclastic Sedimentary,SS,94.8,41.4,NA,NA,NO_EVENT,NA,NA,NA,NA,NA,NA,NA,NA,NA,NA
NEG_1136,1:2,0,1,Garo Hills Block,25.283072,90.215365,3200.5,50.86,22.11,131.07,-0.002779,-0.000675,5.6303,41.0955,10,Tree cover,0.785,26.7,46.4,1.42,5.1,Mixed Sedimentary,SM,273.5,3659.5,NA,NA,NO_EVENT,NA,NA,NA,NA,NA,NA,NA,NA,NA,NA
NEG_1137,1:2,0,5,Jaintia Hills Block,25.603836,92.130880,7012.6,1490.75,29.26,235.76,0.003140,0.000985,4.2592,30.0925,10,Tree cover,0.651,27.6,46.8,1.30,4.8,Metamorphic,MT,39.6,872.4,NA,NA,NO_EVENT,NA,NA,NA,NA,NA,NA,NA,NA,NA,NA
NEG_1138,1:2,0,5,Jaintia Hills Block,25.366654,92.075557,2645.0,1401.75,19.08,143.28,0.001313,-0.002128,5.7612,38.8899,10,Tree cover,0.734,34.6,45.9,1.38,4.8,Metamorphic,MT,81.0,327.9,NA,NA,NO_EVENT,NA,NA,NA,NA,NA,NA,NA,NA,NA,NA
NEG_1139,1:2,0,1,Garo Hills Block,25.659900,90.197920,2120.0,25.00,26.06,221.98,0.002170,0.001610,4.5761,42.2122,10,Tree cover,0.663,28.5,47.1,1.32,5.1,Mixed Sedimentary,SM,24.1,2710.9,NA,NA,NO_EVENT,NA,NA,NA,NA,NA,NA,NA,NA,NA,NA
NEG_1140,1:2,0,1,Garo Hills Block,25.209289,89.864983,27385.4,125.92,28.70,35.04,-0.004363,-0.000380,4.9812,29.3794,10,Tree cover,0.817,29.2,49.3,1.43,5.3,Mixed Sedimentary,SM,22.2,4467.6,NA,NA,NO_EVENT,NA,NA,NA,NA,NA,NA,NA,NA,NA,NA
NEG_1141,1:2,0,4,Ri-Bhoi Block,25.688319,92.322439,13418.1,1142.67,25.40,324.13,-0.002580,-0.000623,4.7020,46.3463,10,Tree cover,0.674,27.4,42.7,1.28,4.8,Metamorphic,MT,124.9,3868.0,NA,NA,NO_EVENT,NA,NA,NA,NA,NA,NA,NA,NA,NA,NA
NEG_1142,1:2,0,1,Garo Hills Block,25.420732,90.781089,2250.2,259.45,29.50,165.41,0.001072,-0.001758,4.7435,37.5469,60,Bare / sparse vegetation,0.243,22.6,49.1,1.37,5.3,Mixed Sedimentary,SM,17.2,55.8,NA,NA,NO_EVENT,NA,NA,NA,NA,NA,NA,NA,NA,NA,NA
NEG_1143,1:2,0,1,Garo Hills Block,25.557667,89.976627,1124.5,25.00,17.12,288.28,-0.004654,0.000039,5.2725,19.3356,10,Tree cover,0.651,24.7,52.9,1.33,5.4,Mixed Sedimentary,SM,193.9,4111.1,NA,NA,NO_EVENT,NA,NA,NA,NA,NA,NA,NA,NA,NA,NA
NEG_1144,1:2,0,4,Ri-Bhoi Block,25.987136,91.279158,18739.8,889.03,17.07,101.60,0.001117,0.002242,5.9429,23.6324,10,Tree cover,0.826,35.1,42.4,1.36,4.8,Metamorphic,MT,87.3,2540.7,NA,NA,NO_EVENT,NA,NA,NA,NA,NA,NA,NA,NA,NA,NA
NEG_1145,1:2,0,5,Jaintia Hills Block,25.246746,92.221933,1702.7,1149.00,30.40,79.94,0.001334,-0.001068,4.9315,40.8105,10,Tree cover,0.803,28.0,44.2,1.43,4.8,Siliciclastic Sedimentary,SS,283.5,1407.6,NA,NA,NO_EVENT,NA,NA,NA,NA,NA,NA,NA,NA,NA,NA
NEG_1146,1:2,0,3,East Khasi Block,25.326174,91.739970,3151.9,1424.21,15.28,43.11,-0.004916,-0.000050,6.1515,36.3260,10,Tree cover,0.759,35.1,38.8,1.38,4.3,Metamorphic,MT,23.5,1217.2,NA,NA,NO_EVENT,NA,NA,NA,NA,NA,NA,NA,NA,NA,NA
NEG_1147,1:2,0,3,East Khasi Block,25.571009,91.600156,2766.1,1410.33,23.77,283.40,0.004879,0.000025,4.7199,21.6258,10,Tree cover,0.650,28.3,43.7,1.31,4.6,Metamorphic,MT,298.1,3313.4,NA,NA,NO_EVENT,NA,NA,NA,NA,NA,NA,NA,NA,NA,NA
NEG_1148,1:2,0,5,Jaintia Hills Block,25.125767,92.033785,6508.5,1206.96,14.31,184.03,-0.000315,-0.002752,5.8273,18.0534,10,Tree cover,0.830,38.2,24.4,1.32,6.0,Carbonate Sedimentary,SC,99.1,85.7,NA,NA,NO_EVENT,NA,NA,NA,NA,NA,NA,NA,NA,NA,NA
NEG_1149,1:2,0,2,West Khasi Block,25.155517,91.182145,5899.7,729.64,19.10,17.30,0.000869,0.002392,5.5623,18.7526,10,Tree cover,0.829,30.2,51.7,1.44,4.9,Siliciclastic Sedimentary,SS,53.9,146.2,NA,NA,NO_EVENT,NA,NA,NA,NA,NA,NA,NA,NA,NA,NA
NEG_1150,1:2,0,3,East Khasi Block,25.461366,91.759431,2304.4,1661.80,25.45,351.54,0.003798,0.000619,4.9063,25.3458,10,Tree cover,0.680,31.9,38.5,1.35,4.3,Metamorphic,MT,62.1,60.2,NA,NA,NO_EVENT,NA,NA,NA,NA,NA,NA,NA,NA,NA,NA
NEG_1151,1:2,0,5,Jaintia Hills Block,25.493745,92.090149,2008.5,1591.67,26.25,206.26,-0.001675,0.001406,4.7194,19.9822,10,Tree cover,0.666,30.8,46.2,1.34,4.8,Metamorphic,MT,80.9,77.0,NA,NA,NO_EVENT,NA,NA,NA,NA,NA,NA,NA,NA,NA,NA
NEG_1152,1:2,0,2,West Khasi Block,25.176112,91.579993,583.7,1114.14,25.24,86.50,-0.003319,-0.000926,5.1489,21.5023,10,Tree cover,0.826,29.9,44.1,1.44,5.2,Siliciclastic Sedimentary,SS,26.1,125.3,NA,NA,NO_EVENT,NA,NA,NA,NA,NA,NA,NA,NA,NA,NA
NEG_1153,1:2,0,3,East Khasi Block,25.601689,91.985345,6531.6,1686.89,21.45,231.12,-0.003732,0.000024,4.8841,26.4470,10,Tree cover,0.651,27.7,42.8,1.30,4.6,Metamorphic,MT,64.2,4306.1,NA,NA,NO_EVENT,NA,NA,NA,NA,NA,NA,NA,NA,NA,NA
NEG_1154,1:2,0,1,Garo Hills Block,25.101031,90.906800,16750.3,382.91,21.88,217.22,0.000958,0.002028,5.1249,19.6538,10,Tree cover,0.828,30.1,44.5,1.44,5.4,Mixed Sedimentary,SM,19.8,172.8,NA,NA,NO_EVENT,NA,NA,NA,NA,NA,NA,NA,NA,NA,NA
NEG_1155,1:2,0,4,Ri-Bhoi Block,25.936426,91.016542,12261.8,532.32,19.13,57.59,0.002940,-0.000758,5.8629,18.4878,10,Tree cover,0.811,34.5,39.5,1.34,4.6,Metamorphic,MT,69.8,2738.8,NA,NA,NO_EVENT,NA,NA,NA,NA,NA,NA,NA,NA,NA,NA
NEG_1156,1:2,0,2,West Khasi Block,25.307176,91.591114,2508.8,1349.50,25.01,82.11,0.004241,0.000443,5.3932,47.0990,10,Tree cover,0.771,25.7,44.1,1.41,5.2,Siliciclastic Sedimentary,SS,51.3,98.6,NA,NA,NO_EVENT,NA,NA,NA,NA,NA,NA,NA,NA,NA,NA
NEG_1157,1:2,0,4,Ri-Bhoi Block,25.662635,91.382344,8987.6,1078.86,35.60,221.89,-0.002561,0.001356,3.8189,51.8459,10,Tree cover,0.757,27.2,46.0,1.29,5.0,Metamorphic,MT,169.5,4696.7,NA,NA,NO_EVENT,NA,NA,NA,NA,NA,NA,NA,NA,NA,NA
NEG_1158,1:2,0,4,Ri-Bhoi Block,25.682728,92.051996,3449.0,1461.03,25.42,215.22,-0.000385,-0.001130,4.6841,45.6209,10,Tree cover,0.672,27.3,45.2,1.28,4.7,Metamorphic,MT,52.3,273.9,NA,NA,NO_EVENT,NA,NA,NA,NA,NA,NA,NA,NA,NA,NA
NEG_1159,1:2,0,4,Ri-Bhoi Block,25.696219,91.981663,3145.0,1581.96,24.41,217.61,0.004967,0.000016,4.8056,46.0832,10,Tree cover,0.677,27.5,42.6,1.28,4.6,Metamorphic,MT,193.9,52.2,NA,NA,NO_EVENT,NA,NA,NA,NA,NA,NA,NA,NA,NA,NA
NEG_1160,1:2,0,1,Garo Hills Block,25.612903,90.761099,3358.3,268.77,24.51,226.28,-0.001862,-0.001816,4.6408,30.1977,60,Bare / sparse vegetation,0.220,26.7,50.0,1.32,5.3,Mixed Sedimentary,SM,17.6,1222.7,NA,NA,NO_EVENT,NA,NA,NA,NA,NA,NA,NA,NA,NA,NA
NEG_1161,1:2,0,2,West Khasi Block,25.128037,91.207615,8288.4,742.18,15.26,354.91,-0.000482,0.001697,5.7604,18.0259,10,Tree cover,0.830,30.3,52.4,1.44,4.9,Siliciclastic Sedimentary,SS,312.1,474.8,NA,NA,NO_EVENT,NA,NA,NA,NA,NA,NA,NA,NA,NA,NA
NEG_1162,1:2,0,4,Ri-Bhoi Block,25.779617,91.994943,3455.5,1505.19,15.96,167.88,-0.002180,0.000606,5.7970,33.3374,10,Tree cover,0.724,29.4,43.1,1.29,4.6,Metamorphic,MT,170.7,3826.1,NA,NA,NO_EVENT,NA,NA,NA,NA,NA,NA,NA,NA,NA,NA
NEG_1163,1:2,0,3,East Khasi Block,25.205176,91.859006,650.0,1299.27,31.95,64.22,-0.004855,0.000021,4.7091,29.4963,10,Tree cover,0.819,29.3,52.9,1.43,5.4,Siliciclastic Sedimentary,SS,51.5,217.9,NA,NA,NO_EVENT,NA,NA,NA,NA,NA,NA,NA,NA,NA,NA
NEG_1164,1:2,0,4,Ri-Bhoi Block,25.967513,92.048180,730.9,1148.90,14.95,138.63,0.000055,0.001302,6.1562,20.6563,10,Tree cover,0.821,35.0,45.1,1.35,5.0,Metamorphic,MT,55.7,6302.2,NA,NA,NO_EVENT,NA,NA,NA,NA,NA,NA,NA,NA,NA,NA
NEG_1165,1:2,0,4,Ri-Bhoi Block,25.661662,91.542924,5556.9,1412.81,28.47,248.03,0.000235,-0.002369,4.3871,44.8502,10,Tree cover,0.664,27.2,45.6,1.29,4.8,Metamorphic,MT,299.8,3940.7,NA,NA,NO_EVENT,NA,NA,NA,NA,NA,NA,NA,NA,NA,NA
NEG_1166,1:2,0,2,West Khasi Block,25.427318,91.431152,2640.3,1166.87,30.27,168.93,0.001178,0.001360,4.6562,36.1468,10,Tree cover,0.698,33.1,46.8,1.37,5.1,Metamorphic,MT,71.5,2165.3,NA,NA,NO_EVENT,NA,NA,NA,NA,NA,NA,NA,NA,NA,NA
NEG_1167,1:2,0,2,West Khasi Block,25.346540,91.502464,3550.0,1255.09,14.07,128.93,-0.003573,-0.000822,6.2118,34.5571,10,Tree cover,0.747,25.9,51.6,1.32,4.7,Plutonic Acidic,PA,91.2,2358.0,NA,NA,NO_EVENT,NA,NA,NA,NA,NA,NA,NA,NA,NA,NA
NEG_1168,1:2,0,2,West Khasi Block,25.396520,91.203363,4962.8,904.82,21.91,40.57,0.001159,0.001866,5.4403,37.3553,10,Tree cover,0.716,34.0,39.7,1.37,4.6,Metamorphic,MT,121.8,4145.1,NA,NA,NO_EVENT,NA,NA,NA,NA,NA,NA,NA,NA,NA,NA
NEG_1169,1:2,0,1,Garo Hills Block,25.936535,90.818058,24373.6,241.34,25.89,134.51,-0.002870,-0.000763,5.3221,18.6680,10,Tree cover,0.811,25.7,47.4,1.39,5.4,Mixed Sedimentary,SM,64.8,3706.1,NA,NA,NO_EVENT,NA,NA,NA,NA,NA,NA,NA,NA,NA,NA
NEG_1170,1:2,0,5,Jaintia Hills Block,25.552653,92.036332,2689.1,1701.62,14.28,221.28,-0.001333,0.001365,5.5091,18.7994,10,Tree cover,0.681,28.8,44.7,1.32,4.7,Metamorphic,MT,124.4,2283.0,NA,NA,NO_EVENT,NA,NA,NA,NA,NA,NA,NA,NA,NA,NA
NEG_1171,1:2,0,1,Garo Hills Block,25.183681,90.964937,7637.0,401.29,19.90,72.09,0.004422,0.000334,5.6031,21.7510,10,Tree cover,0.824,29.8,44.2,1.44,5.4,Mixed Sedimentary,SM,5.6,531.2,NA,NA,NO_EVENT,NA,NA,NA,NA,NA,NA,NA,NA,NA,NA
NEG_1172,1:2,0,1,Garo Hills Block,25.817276,90.909728,10255.6,386.93,25.71,125.75,0.000975,-0.000484,5.1564,34.0894,10,Tree cover,0.747,29.7,44.4,1.35,5.4,Mixed Sedimentary,SM,48.8,6820.0,NA,NA,NO_EVENT,NA,NA,NA,NA,NA,NA,NA,NA,NA,NA
NEG_1173,1:2,0,4,Ri-Bhoi Block,26.040425,91.294930,24551.0,825.12,27.11,132.40,0.000020,0.002293,4.9676,40.3866,10,Tree cover,0.830,35.0,43.1,1.37,4.8,Metamorphic,MT,186.1,1816.5,NA,NA,NO_EVENT,NA,NA,NA,NA,NA,NA,NA,NA,NA,NA
NEG_1174,1:2,0,5,Jaintia Hills Block,25.125274,92.166285,2740.5,1141.83,23.91,190.98,0.000185,0.002888,5.0574,18.1023,10,Tree cover,0.830,38.2,26.7,1.32,5.6,Carbonate Sedimentary,SC,22.3,735.1,NA,NA,NO_EVENT,NA,NA,NA,NA,NA,NA,NA,NA,NA,NA
NEG_1175,1:2,0,1,Garo Hills Block,25.079840,90.695099,15768.2,91.95,20.58,221.73,-0.003190,0.000555,5.1517,22.1653,10,Tree cover,0.824,29.8,52.3,1.44,5.2,Mixed Sedimentary,SM,97.4,924.9,NA,NA,NO_EVENT,NA,NA,NA,NA,NA,NA,NA,NA,NA,NA
NEG_1176,1:2,0,4,Ri-Bhoi Block,25.766977,92.440517,17224.4,1008.70,23.20,4.74,-0.000268,-0.002765,5.1677,42.3576,10,Tree cover,0.716,29.0,38.8,1.28,4.5,Metamorphic,MT,54.4,2767.6,NA,NA,NO_EVENT,NA,NA,NA,NA,NA,NA,NA,NA,NA,NA
NEG_1177,1:2,0,3,East Khasi Block,25.178906,91.941161,5943.9,1286.35,25.75,136.88,0.002005,0.001091,5.1182,22.0265,10,Tree cover,0.825,29.9,52.6,1.44,5.2,Siliciclastic Sedimentary,SS,78.8,223.2,NA,NA,NO_EVENT,NA,NA,NA,NA,NA,NA,NA,NA,NA,NA
NEG_1178,1:2,0,2,West Khasi Block,25.181166,91.347255,4988.3,950.47,28.69,147.98,-0.004526,-0.000268,4.8910,22.9136,10,Tree cover,0.825,29.9,51.6,1.44,4.8,Siliciclastic Sedimentary,SS,191.2,793.1,NA,NA,NO_EVENT,NA,NA,NA,NA,NA,NA,NA,NA,NA,NA
NEG_1179,1:2,0,2,West Khasi Block,25.513681,91.576254,3758.4,1339.09,23.90,268.92,0.000338,0.002172,4.8403,18.2531,10,Tree cover,0.660,30.1,44.5,1.33,4.9,Metamorphic,MT,22.2,540.3,NA,NA,NO_EVENT,NA,NA,NA,NA,NA,NA,NA,NA,NA,NA
NEG_1180,1:2,0,5,Jaintia Hills Block,25.467331,92.370926,8010.2,1186.36,32.34,348.49,-0.004273,-0.000295,4.3316,25.7996,10,Tree cover,0.677,31.7,40.8,1.35,4.7,Metamorphic,MT,100.5,1010.8,NA,NA,NO_EVENT,NA,NA,NA,NA,NA,NA,NA,NA,NA,NA
NEG_1181,1:2,0,3,East Khasi Block,25.073428,91.968381,13505.4,1174.17,24.90,218.82,-0.004514,0.000111,4.7844,24.2377,60,Bare / sparse vegetation,0.202,29.6,51.8,1.44,5.2,Siliciclastic Sedimentary,SS,18.3,493.8,NA,NA,NO_EVENT,NA,NA,NA,NA,NA,NA,NA,NA,NA,NA
NEG_1182,1:2,0,5,Jaintia Hills Block,25.123822,92.171691,2750.6,1138.70,23.74,194.93,0.000073,0.002919,5.0652,18.1448,60,Bare / sparse vegetation,0.267,38.1,26.9,1.32,5.6,Carbonate Sedimentary,SC,5.7,649.8,NA,NA,NO_EVENT,NA,NA,NA,NA,NA,NA,NA,NA,NA,NA
NEG_1183,1:2,0,3,East Khasi Block,25.096676,91.625156,9502.4,1154.38,27.15,322.47,0.003600,0.000738,4.6868,20.6377,60,Bare / sparse vegetation,0.230,30.0,44.6,1.44,5.2,Siliciclastic Sedimentary,SS,17.8,728.5,NA,NA,NO_EVENT,NA,NA,NA,NA,NA,NA,NA,NA,NA,NA
NEG_1184,1:2,0,1,Garo Hills Block,25.823555,90.585264,15062.2,25.00,31.79,50.83,0.004487,0.000011,4.6908,35.9789,10,Tree cover,0.751,29.6,52.6,1.35,5.0,Mixed Sedimentary,SM,57.0,386.1,NA,NA,NO_EVENT,NA,NA,NA,NA,NA,NA,NA,NA,NA,NA
NEG_1185,1:2,0,4,Ri-Bhoi Block,25.987171,91.261298,17752.5,872.81,15.56,88.54,0.002184,0.001627,6.0636,23.1388,10,Tree cover,0.826,35.1,41.7,1.36,4.7,Metamorphic,MT,118.5,2117.6,NA,NA,NO_EVENT,NA,NA,NA,NA,NA,NA,NA,NA,NA,NA
NEG_1186,1:2,0,2,West Khasi Block,25.547641,91.539626,1927.9,1317.62,16.25,246.42,-0.000645,0.001728,5.3618,18.6086,10,Tree cover,0.653,29.0,45.7,1.32,5.0,Metamorphic,MT,140.3,2628.5,NA,NA,NO_EVENT,NA,NA,NA,NA,NA,NA,NA,NA,NA,NA
NEG_1187,1:2,0,1,Garo Hills Block,25.206965,90.627739,575.7,25.00,31.00,83.92,-0.003946,-0.000480,4.7904,29.6453,10,Tree cover,0.818,29.3,53.1,1.43,5.0,Mixed Sedimentary,SM,295.5,473.7,NA,NA,NO_EVENT,NA,NA,NA,NA,NA,NA,NA,NA,NA,NA
NEG_1188,1:2,0,1,Garo Hills Block,26.023990,90.209019,34796.8,25.00,20.72,151.40,-0.001295,-0.001219,5.5385,31.9550,10,Tree cover,0.830,23.0,46.6,1.42,5.1,Mixed Sedimentary,SM,84.7,562.6,NA,NA,NO_EVENT,NA,NA,NA,NA,NA,NA,NA,NA,NA,NA
NEG_1189,1:2,0,2,West Khasi Block,25.221363,91.248038,2325.1,773.33,25.49,78.92,0.003673,0.000710,5.2707,30.9655,60,Bare / sparse vegetation,0.385,28.9,53.0,1.43,4.8,Siliciclastic Sedimentary,SS,19.4,331.9,NA,NA,NO_EVENT,NA,NA,NA,NA,NA,NA,NA,NA,NA,NA
NEG_1190,1:2,0,1,Garo Hills Block,25.626877,90.697899,9424.5,203.09,24.15,238.85,-0.000750,0.002067,4.6784,33.2458,10,Tree cover,0.654,27.3,52.2,1.32,5.2,Mixed Sedimentary,SM,83.8,5773.1,NA,NA,NO_EVENT,NA,NA,NA,NA,NA,NA,NA,NA,NA,NA
NEG_1191,1:2,0,1,Garo Hills Block,25.169293,90.663692,5529.7,25.00,20.43,128.42,-0.000264,0.001828,5.5086,20.0372,10,Tree cover,0.827,30.0,52.9,1.44,5.1,Mixed Sedimentary,SM,103.3,205.4,NA,NA,NO_EVENT,NA,NA,NA,NA,NA,NA,NA,NA,NA,NA
NEG_1192,1:2,0,4,Ri-Bhoi Block,26.087098,91.576710,8366.7,966.46,32.09,266.54,0.003320,-0.000632,4.3854,54.6883,10,Tree cover,0.823,34.2,44.5,1.38,4.9,Metamorphic,MT,270.6,676.9,NA,NA,NO_EVENT,NA,NA,NA,NA,NA,NA,NA,NA,NA,NA
NEG_1193,1:2,0,2,West Khasi Block,25.365365,91.236885,1168.9,986.58,15.39,70.29,-0.002236,-0.000336,6.0600,34.9560,10,Tree cover,0.735,34.7,40.8,1.38,4.7,Metamorphic,MT,11.3,2888.9,NA,NA,NO_EVENT,NA,NA,NA,NA,NA,NA,NA,NA,NA,NA
NEG_1194,1:2,0,4,Ri-Bhoi Block,25.857344,92.595293,30724.8,755.04,28.91,129.82,0.002985,-0.001011,5.0155,25.5793,10,Tree cover,0.772,32.1,39.5,1.31,4.6,Metamorphic,MT,21.4,677.7,NA,NA,NO_EVENT,NA,NA,NA,NA,NA,NA,NA,NA,NA,NA
NEG_1195,1:2,0,4,Ri-Bhoi Block,25.989607,92.501605,27354.3,862.69,17.55,76.45,0.002552,0.000814,5.8981,24.1661,10,Tree cover,0.826,35.2,38.1,1.36,4.5,Metamorphic,MT,50.1,643.1,NA,NA,NO_EVENT,NA,NA,NA,NA,NA,NA,NA,NA,NA,NA
NEG_1196,1:2,0,1,Garo Hills Block,25.730022,90.692901,13110.8,188.85,17.02,209.15,0.002157,-0.001687,5.5162,38.3355,10,Tree cover,0.694,30.1,52.4,1.33,5.2,Mixed Sedimentary,SM,69.7,2415.5,NA,NA,NO_EVENT,NA,NA,NA,NA,NA,NA,NA,NA,NA,NA
NEG_1197,1:2,0,3,East Khasi Block,25.314251,91.899617,1610.1,1558.20,25.89,94.73,0.002717,-0.000435,5.3169,48.6322,10,Tree cover,0.767,25.5,53.1,1.41,5.0,Siliciclastic Sedimentary,SS,42.5,445.5,NA,NA,NO_EVENT,NA,NA,NA,NA,NA,NA,NA,NA,NA,NA
NEG_1198,1:2,0,1,Garo Hills Block,25.724260,90.931842,11015.6,554.04,19.78,244.47,0.001378,-0.001705,5.2737,41.7267,10,Tree cover,0.691,30.0,44.2,1.32,5.4,Mixed Sedimentary,SM,139.9,2677.6,NA,NA,NO_EVENT,NA,NA,NA,NA,NA,NA,NA,NA,NA,NA
NEG_1199,1:2,0,1,Garo Hills Block,25.855344,89.827026,34625.2,117.76,34.48,39.70,0.002987,-0.001133,4.5653,27.5926,10,Tree cover,0.771,28.7,47.6,1.36,5.2,Mixed Sedimentary,SM,275.4,707.6,NA,NA,NO_EVENT,NA,NA,NA,NA,NA,NA,NA,NA,NA,NA
NEG_1200,1:2,0,3,East Khasi Block,25.178043,91.942329,5991.1,1286.69,25.47,137.99,0.002103,0.001127,5.1375,21.8417,10,Tree cover,0.826,29.9,52.5,1.44,5.2,Siliciclastic Sedimentary,SS,159.7,113.1,NA,NA,NO_EVENT,NA,NA,NA,NA,NA,NA,NA,NA,NA,NA
NEG_1201,1:2,0,1,Garo Hills Block,25.118742,89.903430,33121.5,33.88,15.37,350.77,0.000380,0.002748,5.7146,18.2304,10,Tree cover,0.830,30.3,50.9,1.44,5.4,Mixed Sedimentary,SM,111.6,1363.5,NA,NA,NO_EVENT,NA,NA,NA,NA,NA,NA,NA,NA,NA,NA
NEG_1202,1:2,0,4,Ri-Bhoi Block,26.042714,91.109218,22209.0,517.92,33.35,17.72,0.003428,-0.000165,4.4597,46.2131,10,Tree cover,0.830,35.0,38.1,1.37,4.5,Metamorphic,MT,74.9,2333.1,NA,NA,NO_EVENT,NA,NA,NA,NA,NA,NA,NA,NA,NA,NA
NEG_1203,1:2,0,2,West Khasi Block,25.035005,91.443079,14657.4,833.68,29.72,220.39,-0.001730,-0.001937,4.2908,35.7067,10,Tree cover,0.810,28.6,47.6,1.43,4.9,Siliciclastic Sedimentary,SS,59.8,587.8,NA,NA,NO_EVENT,NA,NA,NA,NA,NA,NA,NA,NA,NA,NA
NEG_1204,1:2,0,1,Garo Hills Block,25.330720,89.861226,20786.9,25.00,19.52,42.73,0.004655,0.000203,5.8054,41.4200,10,Tree cover,0.757,24.8,49.1,1.40,5.3,Mixed Sedimentary,SM,151.9,3139.4,NA,NA,NO_EVENT,NA,NA,NA,NA,NA,NA,NA,NA,NA,NA
NEG_1205,1:2,0,1,Garo Hills Block,25.845971,90.152604,19690.9,127.24,26.84,142.93,0.001167,0.001513,5.1531,27.5949,10,Tree cover,0.765,29.0,49.1,1.35,5.2,Mixed Sedimentary,SM,148.2,78.8,NA,NA,NO_EVENT,NA,NA,NA,NA,NA,NA,NA,NA,NA,NA
NEG_1206,1:2,0,2,West Khasi Block,25.163894,91.554226,2485.7,1098.39,20.23,126.87,-0.000716,-0.002090,5.5042,19.4769,10,Tree cover,0.828,30.1,44.2,1.44,5.1,Siliciclastic Sedimentary,SS,150.1,212.8,NA,NA,NO_EVENT,NA,NA,NA,NA,NA,NA,NA,NA,NA,NA
NEG_1207,1:2,0,4,Ri-Bhoi Block,25.806008,92.248775,10632.5,1178.13,20.39,46.17,-0.004320,0.000371,5.5426,32.9432,10,Tree cover,0.740,30.3,45.4,1.29,5.0,Metamorphic,MT,11.3,6716.2,NA,NA,NO_EVENT,NA,NA,NA,NA,NA,NA,NA,NA,NA,NA
NEG_1208,1:2,0,1,Garo Hills Block,25.902770,90.506953,14190.9,66.49,26.46,45.89,0.001459,-0.001836,5.2785,18.4776,10,Tree cover,0.796,27.0,49.9,1.37,4.8,Mixed Sedimentary,SM,226.3,507.5,NA,NA,NO_EVENT,NA,NA,NA,NA,NA,NA,NA,NA,NA,NA
NEG_1209,1:2,0,5,Jaintia Hills Block,25.117369,92.220775,1820.9,1103.56,19.39,314.36,-0.001719,0.001108,5.3876,18.3501,10,Tree cover,0.829,37.9,28.8,1.32,5.5,Carbonate Sedimentary,SC,19.2,119.0,NA,NA,NO_EVENT,NA,NA,NA,NA,NA,NA,NA,NA,NA,NA
NEG_1210,1:2,0,1,Garo Hills Block,25.952663,90.126041,31784.9,25.00,19.65,134.66,-0.004031,-0.000137,5.8044,19.7535,10,Tree cover,0.817,25.1,50.3,1.39,5.3,Mixed Sedimentary,SM,79.6,230.3,NA,NA,NO_EVENT,NA,NA,NA,NA,NA,NA,NA,NA,NA,NA
NEG_1211,1:2,0,4,Ri-Bhoi Block,25.872450,91.451088,4066.8,1153.74,28.82,136.72,-0.001214,0.002021,5.0534,22.4183,10,Tree cover,0.780,32.7,46.9,1.31,5.1,Metamorphic,MT,75.4,1985.6,NA,NA,NO_EVENT,NA,NA,NA,NA,NA,NA,NA,NA,NA,NA
NEG_1212,1:2,0,4,Ri-Bhoi Block,25.732379,91.790998,9687.9,1546.20,17.35,341.48,0.000519,0.002233,5.4988,38.6710,10,Tree cover,0.696,28.1,38.1,1.28,4.3,Metamorphic,MT,212.6,44.0,NA,NA,NO_EVENT,NA,NA,NA,NA,NA,NA,NA,NA,NA,NA
NEG_1213,1:2,0,4,Ri-Bhoi Block,25.756268,91.672383,1493.3,1437.65,21.67,356.63,0.000011,-0.002978,5.2472,42.0753,10,Tree cover,0.709,28.7,40.9,1.28,4.4,Metamorphic,MT,175.0,3087.8,NA,NA,NO_EVENT,NA,NA,NA,NA,NA,NA,NA,NA,NA,NA
NEG_1214,1:2,0,3,East Khasi Block,25.257224,91.861713,660.2,1396.68,33.75,72.74,-0.000147,-0.000116,4.6789,46.5243,10,Tree cover,0.798,27.6,52.9,1.42,5.4,Siliciclastic Sedimentary,SS,146.3,1034.6,NA,NA,NO_EVENT,NA,NA,NA,NA,NA,NA,NA,NA,NA,NA
NEG_1215,1:2,0,1,Garo Hills Block,25.105925,90.664779,12010.7,80.93,18.88,222.03,0.000123,0.002349,5.3836,19.0268,10,Tree cover,0.828,30.2,52.9,1.44,5.1,Mixed Sedimentary,SM,16.1,493.4,NA,NA,NO_EVENT,NA,NA,NA,NA,NA,NA,NA,NA,NA,NA
NEG_1216,1:2,0,5,Jaintia Hills Block,25.040491,92.211654,9606.8,1080.13,31.44,274.24,-0.002979,-0.001198,4.1660,35.0786,10,Tree cover,0.812,28.8,44.1,1.43,4.8,Siliciclastic Sedimentary,SS,55.7,289.0,NA,NA,NO_EVENT,NA,NA,NA,NA,NA,NA,NA,NA,NA,NA
NEG_1217,1:2,0,1,Garo Hills Block,26.002013,90.630260,30287.0,129.15,23.56,85.99,-0.001006,-0.001797,5.3826,28.9296,10,Tree cover,0.828,23.5,53.1,1.41,5.0,Mixed Sedimentary,SM,61.9,1104.4,NA,NA,NO_EVENT,NA,NA,NA,NA,NA,NA,NA,NA,NA,NA
NEG_1218,1:2,0,5,Jaintia Hills Block,25.127075,92.233742,1071.8,1086.24,17.34,348.42,-0.000703,0.000253,5.5901,18.0427,10,Tree cover,0.830,38.3,29.3,1.32,5.4,Carbonate Sedimentary,SC,72.2,80.8,NA,NA,NO_EVENT,NA,NA,NA,NA,NA,NA,NA,NA,NA,NA
NEG_1219,1:2,0,4,Ri-Bhoi Block,26.096404,91.317173,27039.4,735.27,31.55,202.27,0.002300,-0.001282,4.3919,55.0730,10,Tree cover,0.821,33.9,43.9,1.38,4.9,Metamorphic,MT,46.5,1546.4,NA,NA,NO_EVENT,NA,NA,NA,NA,NA,NA,NA,NA,NA,NA
NEG_1220,1:2,0,3,East Khasi Block,25.458873,91.775592,3539.5,1669.71,25.93,352.58,0.002471,0.000757,4.8778,26.0212,10,Tree cover,0.681,32.0,38.2,1.36,4.3,Metamorphic,MT,125.6,178.9,NA,NA,NO_EVENT,NA,NA,NA,NA,NA,NA,NA,NA,NA,NA
NEG_1221,1:2,0,1,Garo Hills Block,25.192472,90.307479,11548.6,25.00,31.06,103.28,-0.002180,-0.000209,4.7402,25.8823,10,Tree cover,0.822,29.6,44.1,1.44,4.9,Mixed Sedimentary,SM,166.2,3585.6,NA,NA,NO_EVENT,NA,NA,NA,NA,NA,NA,NA,NA,NA,NA
NEG_1222,1:2,0,3,East Khasi Block,25.098264,91.683273,7884.3,1132.11,23.35,338.81,-0.001085,0.001871,4.9968,20.0781,10,Tree cover,0.827,30.1,46.4,1.44,5.3,Siliciclastic Sedimentary,SS,228.8,233.4,NA,NA,NO_EVENT,NA,NA,NA,NA,NA,NA,NA,NA,NA,NA
NEG_1223,1:2,0,4,Ri-Bhoi Block,25.708403,92.371510,13460.6,1054.28,27.55,333.23,-0.004725,-0.000163,4.5950,50.6823,10,Tree cover,0.683,27.6,40.8,1.28,4.7,Metamorphic,MT,49.9,3518.9,NA,NA,NO_EVENT,NA,NA,NA,NA,NA,NA,NA,NA,NA,NA
NEG_1224,1:2,0,1,Garo Hills Block,26.078442,90.548511,33768.1,45.86,34.39,357.57,0.000967,-0.000237,4.2359,55.9303,10,Tree cover,0.825,22.5,51.5,1.43,4.9,Mixed Sedimentary,SM,64.5,4837.1,NA,NA,NO_EVENT,NA,NA,NA,NA,NA,NA,NA,NA,NA,NA
NEG_1225,1:2,0,1,Garo Hills Block,25.131151,90.664754,9351.8,52.68,17.05,183.10,0.000008,0.002995,5.6296,18.0033,10,Tree cover,0.830,30.3,52.9,1.44,5.1,Mixed Sedimentary,SM,24.1,107.2,NA,NA,NO_EVENT,NA,NA,NA,NA,NA,NA,NA,NA,NA,NA
NEG_1226,1:2,0,1,Garo Hills Block,25.254489,90.068896,14113.8,27.35,35.09,121.87,-0.000341,0.002141,4.5681,46.8079,10,Tree cover,0.860,27.7,52.3,1.42,5.3,Mixed Sedimentary,SM,284.5,4453.7,NA,NA,NO_EVENT,NA,NA,NA,NA,NA,NA,NA,NA,NA,NA
NEG_1227,1:2,0,5,Jaintia Hills Block,25.485790,92.096992,2733.0,1567.08,28.44,203.18,-0.002634,0.000879,4.5731,21.3202,10,Tree cover,0.669,31.1,46.3,1.35,4.8,Metamorphic,MT,50.1,171.6,NA,NA,NO_EVENT,NA,NA,NA,NA,NA,NA,NA,NA,NA,NA
NEG_1228,1:2,0,1,Garo Hills Block,25.065114,90.905397,19490.5,379.26,28.18,235.93,0.001502,-0.000342,4.4952,26.9691,10,Tree cover,0.820,29.4,44.5,1.44,5.4,Mixed Sedimentary,SM,277.3,441.4,NA,NA,NO_EVENT,NA,NA,NA,NA,NA,NA,NA,NA,NA,NA
NEG_1229,1:2,0,1,Garo Hills Block,26.078844,90.744399,40671.7,99.78,27.28,182.34,-0.004624,-0.000101,4.8031,48.1455,10,Tree cover,0.825,22.5,50.7,1.43,5.3,Mixed Sedimentary,SM,57.9,663.7,NA,NA,NO_EVENT,NA,NA,NA,NA,NA,NA,NA,NA,NA,NA
NEG_1230,1:2,0,3,East Khasi Block,25.619027,91.852445,1473.2,1763.81,30.57,291.10,0.001953,-0.000528,4.1589,34.9967,10,Tree cover,0.791,27.4,38.5,1.30,4.3,Metamorphic,MT,89.0,596.7,NA,NA,NO_EVENT,NA,NA,NA,NA,NA,NA,NA,NA,NA,NA
NEG_1231,1:2,0,1,Garo Hills Block,25.702285,90.187600,3657.8,25.00,21.16,209.71,0.002797,-0.000251,5.0854,42.7788,10,Tree cover,0.680,29.6,47.5,1.32,5.1,Mixed Sedimentary,SM,58.1,385.2,NA,NA,NO_EVENT,NA,NA,NA,NA,NA,NA,NA,NA,NA,NA
NEG_1232,1:2,0,4,Ri-Bhoi Block,25.890867,92.415122,25718.7,983.85,34.38,48.03,-0.000135,0.002881,4.6348,19.9329,10,Tree cover,0.790,33.3,39.4,1.32,4.6,Metamorphic,MT,187.3,1123.1,NA,NA,NO_EVENT,NA,NA,NA,NA,NA,NA,NA,NA,NA,NA
NEG_1233,1:2,0,4,Ri-Bhoi Block,25.929722,91.037758,11117.5,552.64,22.60,52.04,0.000613,-0.001413,5.5893,18.2322,10,Tree cover,0.809,34.3,38.9,1.33,4.6,Metamorphic,MT,129.0,2992.5,NA,NA,NO_EVENT,NA,NA,NA,NA,NA,NA,NA,NA,NA,NA
NEG_1234,1:2,0,3,East Khasi Block,25.623697,91.979299,4843.4,1670.92,25.80,231.90,-0.001422,0.000467,4.5437,33.5002,10,Tree cover,0.654,27.4,42.5,1.29,4.6,Metamorphic,MT,29.8,5462.3,NA,NA,NO_EVENT,NA,NA,NA,NA,NA,NA,NA,NA,NA,NA
NEG_1235,1:2,0,3,East Khasi Block,25.089600,91.982627,11439.2,1173.64,20.48,207.90,-0.004392,0.000114,5.1943,20.8129,10,Tree cover,0.826,29.9,51.4,1.44,5.1,Siliciclastic Sedimentary,SS,77.0,136.6,NA,NA,NO_EVENT,NA,NA,NA,NA,NA,NA,NA,NA,NA,NA
NEG_1236,1:2,0,1,Garo Hills Block,25.455866,90.028644,8820.0,31.29,34.52,202.29,0.001135,0.000648,4.2026,29.5613,10,Tree cover,0.683,22.5,53.0,1.36,5.4,Mixed Sedimentary,SM,79.1,18.6,NA,NA,NO_EVENT,NA,NA,NA,NA,NA,NA,NA,NA,NA,NA
NEG_1237,1:2,0,5,Jaintia Hills Block,25.114439,92.210493,2466.6,1114.83,20.88,284.62,-0.001736,0.001664,5.2568,18.5333,10,Tree cover,0.829,37.7,28.4,1.32,5.5,Carbonate Sedimentary,SC,242.7,575.8,NA,NA,NO_EVENT,NA,NA,NA,NA,NA,NA,NA,NA,NA,NA
NEG_1238,1:2,0,2,West Khasi Block,25.134347,91.400832,5823.6,964.47,22.53,179.06,-0.000094,0.002648,5.2040,18.0045,10,Tree cover,0.830,30.3,49.5,1.44,4.8,Siliciclastic Sedimentary,SS,216.0,1244.7,NA,NA,NO_EVENT,NA,NA,NA,NA,NA,NA,NA,NA,NA,NA
NEG_1239,1:2,0,5,Jaintia Hills Block,25.613159,92.461992,920.6,1036.65,28.79,298.79,-0.002081,0.001567,4.2985,32.3976,60,Bare / sparse vegetation,0.221,27.5,38.4,1.30,4.5,Metamorphic,MT,13.3,3101.0,NA,NA,NO_EVENT,NA,NA,NA,NA,NA,NA,NA,NA,NA,NA
NEG_1240,1:2,0,1,Garo Hills Block,25.156683,90.713257,10075.7,126.06,15.48,161.42,0.002596,0.000962,5.8565,18.6732,10,Tree cover,0.829,30.2,51.8,1.44,5.2,Mixed Sedimentary,SM,66.8,323.0,NA,NA,NO_EVENT,NA,NA,NA,NA,NA,NA,NA,NA,NA,NA
NEG_1241,1:2,0,4,Ri-Bhoi Block,25.749664,92.004935,1492.1,1507.94,14.78,187.15,0.001248,0.001323,5.7721,34.8686,10,Tree cover,0.705,28.5,43.5,1.28,4.6,Metamorphic,MT,317.9,735.9,NA,NA,NO_EVENT,NA,NA,NA,NA,NA,NA,NA,NA,NA,NA
NEG_1242,1:2,0,4,Ri-Bhoi Block,25.819429,91.528850,6337.3,1186.26,22.31,130.27,-0.002067,0.000304,5.4356,31.5008,10,Tree cover,0.748,30.8,46.0,1.29,5.0,Metamorphic,MT,98.8,1701.1,NA,NA,NO_EVENT,NA,NA,NA,NA,NA,NA,NA,NA,NA,NA
NEG_1243,1:2,0,3,East Khasi Block,25.118590,91.894508,9634.6,1269.38,24.52,258.29,0.001132,0.002130,4.9820,18.3755,10,Tree cover,0.830,30.3,53.1,1.44,5.3,Siliciclastic Sedimentary,SS,80.8,108.8,NA,NA,NO_EVENT,NA,NA,NA,NA,NA,NA,NA,NA,NA,NA
NEG_1244,1:2,0,1,Garo Hills Block,25.140260,90.607349,8144.2,34.16,23.29,15.41,-0.000930,0.000281,5.1668,18.1010,10,Tree cover,0.830,30.3,52.9,1.44,5.0,Mixed Sedimentary,SM,24.3,100.7,NA,NA,NO_EVENT,NA,NA,NA,NA,NA,NA,NA,NA,NA,NA
NEG_1245,1:2,0,5,Jaintia Hills Block,25.491452,92.536473,2690.3,864.78,21.53,249.06,0.000800,0.002509,5.1052,19.8635,10,Tree cover,0.667,30.9,38.3,1.34,4.5,Metamorphic,MT,7.1,1793.8,NA,NA,NO_EVENT,NA,NA,NA,NA,NA,NA,NA,NA,NA,NA
NEG_1246,1:2,0,1,Garo Hills Block,26.024960,89.983133,44024.0,108.98,24.14,64.20,-0.001516,0.000561,5.2615,34.4812,10,Tree cover,0.830,23.0,53.0,1.42,5.4,Mixed Sedimentary,SM,103.2,423.5,NA,NA,NO_EVENT,NA,NA,NA,NA,NA,NA,NA,NA,NA,NA
NEG_1247,1:2,0,5,Jaintia Hills Block,25.087397,92.315590,2040.8,921.20,20.09,333.81,0.001722,-0.001175,5.2176,21.0356,10,Tree cover,0.826,36.7,31.6,1.31,5.4,Carbonate Sedimentary,SC,21.0,182.1,NA,NA,NO_EVENT,NA,NA,NA,NA,NA,NA,NA,NA,NA,NA
NEG_1248,1:2,0,4,Ri-Bhoi Block,26.081138,91.219422,26087.2,656.90,26.35,352.07,-0.004709,0.000135,4.8683,47.4221,10,Tree cover,0.824,34.3,40.2,1.38,4.6,Metamorphic,MT,53.0,1511.5,NA,NA,NO_EVENT,NA,NA,NA,NA,NA,NA,NA,NA,NA,NA
NEG_1249,1:2,0,1,Garo Hills Block,25.937491,89.884251,40159.5,25.00,19.23,46.22,-0.003088,0.000680,5.8541,18.5487,10,Tree cover,0.812,25.6,50.1,1.39,5.3,Mixed Sedimentary,SM,23.3,302.9,NA,NA,NO_EVENT,NA,NA,NA,NA,NA,NA,NA,NA,NA,NA
NEG_1250,1:2,0,1,Garo Hills Block,25.771843,90.629584,19155.3,53.99,21.45,63.52,0.001059,-0.001753,5.3270,39.8288,10,Tree cover,0.719,30.3,53.1,1.33,5.0,Mixed Sedimentary,SM,58.3,2016.7,NA,NA,NO_EVENT,NA,NA,NA,NA,NA,NA,NA,NA,NA,NA
NEG_1251,1:2,0,2,West Khasi Block,25.407725,91.340667,4129.2,1070.47,31.27,151.36,-0.002544,-0.001018,4.6511,42.5329,10,Tree cover,0.709,33.7,44.8,1.37,5.0,Metamorphic,MT,70.0,4818.9,NA,NA,NO_EVENT,NA,NA,NA,NA,NA,NA,NA,NA,NA,NA
NEG_1252,1:2,0,1,Garo Hills Block,25.366185,90.062858,1730.3,81.65,25.47,126.43,0.001257,-0.002201,5.2513,45.9506,10,Tree cover,0.734,23.7,52.4,1.39,5.4,Mixed Sedimentary,SM,182.4,66.3,NA,NA,NO_EVENT,NA,NA,NA,NA,NA,NA,NA,NA,NA,NA
NEG_1253,1:2,0,2,West Khasi Block,25.220323,91.531154,4734.3,1127.74,26.65,120.16,0.001478,0.001621,5.1752,31.2927,10,Tree cover,0.814,28.9,44.6,1.43,5.1,Siliciclastic Sedimentary,SS,57.0,426.9,NA,NA,NO_EVENT,NA,NA,NA,NA,NA,NA,NA,NA,NA,NA
NEG_1254,1:2,0,3,East Khasi Block,25.367707,91.631121,1759.3,1458.62,25.67,54.29,0.001688,0.001455,5.2311,45.9565,10,Tree cover,0.733,34.6,42.4,1.38,4.5,Metamorphic,MT,38.2,1379.8,NA,NA,NO_EVENT,NA,NA,NA,NA,NA,NA,NA,NA,NA,NA
NEG_1255,1:2,0,1,Garo Hills Block,25.503242,90.994631,9293.1,561.67,19.81,309.46,0.000758,0.001023,5.2016,18.7418,10,Tree cover,0.663,23.1,44.6,1.34,5.3,Mixed Sedimentary,SM,13.2,2740.5,NA,NA,NO_EVENT,NA,NA,NA,NA,NA,NA,NA,NA,NA,NA
NEG_1256,1:2,0,1,Garo Hills Block,25.710452,90.115661,7866.5,25.00,25.73,208.66,-0.004446,-0.000326,4.7477,48.6227,10,Tree cover,0.684,29.8,50.7,1.32,5.3,Mixed Sedimentary,SM,223.6,4912.9,NA,NA,NO_EVENT,NA,NA,NA,NA,NA,NA,NA,NA,NA,NA
NEG_1257,1:2,0,1,Garo Hills Block,25.064709,90.452551,24203.3,25.00,22.72,326.99,-0.003997,-0.000230,4.9308,25.3095,10,Tree cover,0.820,29.4,47.5,1.44,4.8,Mixed Sedimentary,SM,54.3,486.6,NA,NA,NO_EVENT,NA,NA,NA,NA,NA,NA,NA,NA,NA,NA
NEG_1258,1:2,0,2,West Khasi Block,25.073286,91.428570,11433.0,853.03,26.85,209.34,-0.001017,0.000248,4.6279,24.7559,10,Tree cover,0.822,29.6,48.2,1.44,4.9,Siliciclastic Sedimentary,SS,165.7,1972.9,NA,NA,NO_EVENT,NA,NA,NA,NA,NA,NA,NA,NA,NA,NA
NEG_1259,1:2,0,2,West Khasi Block,25.111740,91.254849,10109.4,815.31,15.60,291.97,-0.002103,-0.001412,5.6686,18.5235,10,Tree cover,0.829,30.2,53.1,1.44,4.8,Siliciclastic Sedimentary,SS,105.5,51.8,NA,NA,NO_EVENT,NA,NA,NA,NA,NA,NA,NA,NA,NA,NA
NEG_1260,1:2,0,2,West Khasi Block,25.337506,91.391708,6290.9,1046.21,23.27,137.20,0.003014,0.000895,5.4938,45.7976,10,Tree cover,0.752,35.1,46.2,1.38,5.1,Metamorphic,MT,169.8,3098.4,NA,NA,NO_EVENT,NA,NA,NA,NA,NA,NA,NA,NA,NA,NA
NEG_1261,1:2,0,5,Jaintia Hills Block,25.265439,92.228072,2329.7,1184.66,27.91,77.15,-0.000852,-0.000665,5.1554,43.5328,10,Tree cover,0.794,27.3,44.2,1.42,4.8,Siliciclastic Sedimentary,SS,103.1,963.4,NA,NA,NO_EVENT,NA,NA,NA,NA,NA,NA,NA,NA,NA,NA
NEG_1262,1:2,0,1,Garo Hills Block,25.631632,90.680494,11194.6,194.18,25.91,245.43,-0.000163,0.002802,4.5424,35.5345,10,Tree cover,0.655,27.5,52.6,1.32,5.1,Mixed Sedimentary,SM,136.9,4275.2,NA,NA,NO_EVENT,NA,NA,NA,NA,NA,NA,NA,NA,NA,NA
NEG_1263,1:2,0,3,East Khasi Block,25.253546,91.949157,3079.7,1400.86,31.25,120.21,0.000369,-0.002364,4.8740,43.3915,10,Tree cover,0.800,27.8,52.4,1.42,5.0,Siliciclastic Sedimentary,SS,41.2,11.9,NA,NA,NO_EVENT,NA,NA,NA,NA,NA,NA,NA,NA,NA,NA
NEG_1264,1:2,0,3,East Khasi Block,25.527185,91.880576,1312.9,1735.15,25.37,278.68,0.001844,-0.001328,4.6827,18.0059,10,Tree cover,0.769,22.8,61.2,1.31,4.6,Plutonic Acidic,PA,101.6,355.2,NA,NA,NO_EVENT,NA,NA,NA,NA,NA,NA,NA,NA,NA,NA
NEG_1265,1:2,0,1,Garo Hills Block,25.245830,90.206687,1237.9,87.76,26.21,135.13,0.001360,-0.001359,5.2651,37.4431,10,Tree cover,0.803,28.1,46.7,1.43,5.1,Mixed Sedimentary,SM,63.2,1045.4,NA,NA,NO_EVENT,NA,NA,NA,NA,NA,NA,NA,NA,NA,NA
NEG_1266,1:2,0,2,West Khasi Block,25.099724,91.048270,10184.1,504.99,22.61,338.82,0.000450,-0.002019,5.0615,19.8493,10,Tree cover,0.828,30.1,46.1,1.44,5.2,Siliciclastic Sedimentary,SS,100.4,219.0,NA,NA,NO_EVENT,NA,NA,NA,NA,NA,NA,NA,NA,NA,NA
NEG_1267,1:2,0,1,Garo Hills Block,25.272536,90.019492,12765.7,25.00,30.89,97.42,-0.000774,0.002517,4.9228,47.9841,10,Tree cover,0.790,27.1,53.1,1.42,5.4,Mixed Sedimentary,SM,145.4,753.1,NA,NA,NO_EVENT,NA,NA,NA,NA,NA,NA,NA,NA,NA,NA
NEG_1268,1:2,0,2,West Khasi Block,25.531200,91.508598,905.7,1313.07,15.23,229.61,-0.002057,0.001530,5.4829,18.0388,10,Tree cover,0.656,29.5,46.4,1.33,5.1,Metamorphic,MT,419.0,925.3,NA,NA,NO_EVENT,NA,NA,NA,NA,NA,NA,NA,NA,NA,NA
NEG_1269,1:2,0,5,Jaintia Hills Block,25.074691,92.061321,11108.9,1062.31,23.04,208.94,0.001545,-0.000340,4.9374,23.5464,10,Tree cover,0.823,29.7,48.0,1.44,5.0,Siliciclastic Sedimentary,SS,142.4,81.5,NA,NA,NO_EVENT,NA,NA,NA,NA,NA,NA,NA,NA,NA,NA
NEG_1270,1:2,0,1,Garo Hills Block,25.589328,90.512892,14720.9,63.77,21.94,313.52,-0.002926,-0.000937,4.8491,24.2992,10,Tree cover,0.650,25.8,50.1,1.32,4.8,Mixed Sedimentary,SM,73.6,307.6,NA,NA,NO_EVENT,NA,NA,NA,NA,NA,NA,NA,NA,NA,NA
NEG_1271,1:2,0,4,Ri-Bhoi Block,25.899116,92.440556,26903.3,925.97,32.34,54.02,0.000555,0.002661,4.8056,18.8919,60,Bare / sparse vegetation,0.307,33.5,38.8,1.32,4.5,Metamorphic,MT,2.0,1552.4,NA,NA,NO_EVENT,NA,NA,NA,NA,NA,NA,NA,NA,NA,NA
NEG_1272,1:2,0,2,West Khasi Block,25.438990,91.428235,2802.4,1185.49,31.45,175.47,0.000961,0.000578,4.5156,33.3509,10,Tree cover,0.691,32.7,46.8,1.36,5.1,Metamorphic,MT,46.2,879.6,NA,NA,NO_EVENT,NA,NA,NA,NA,NA,NA,NA,NA,NA,NA
NEG_1273,1:2,0,5,Jaintia Hills Block,25.554447,92.075524,2475.2,1637.28,17.55,222.38,0.002797,0.001028,5.2441,19.1139,10,Tree cover,0.652,28.8,45.9,1.32,4.8,Metamorphic,MT,174.6,2988.6,NA,NA,NO_EVENT,NA,NA,NA,NA,NA,NA,NA,NA,NA,NA
NEG_1274,1:2,0,4,Ri-Bhoi Block,26.084271,92.661768,22163.0,538.95,35.45,185.23,0.001809,0.000625,4.1278,58.1019,10,Tree cover,0.868,34.2,41.9,1.38,4.8,Metamorphic,MT,52.5,1838.8,NA,NA,NO_EVENT,NA,NA,NA,NA,NA,NA,NA,NA,NA,NA
NEG_1275,1:2,0,1,Garo Hills Block,25.566945,89.953727,2611.4,25.00,15.54,298.43,-0.004253,-0.000215,5.3839,19.9814,10,Tree cover,0.650,25.0,52.5,1.33,5.4,Mixed Sedimentary,SM,44.1,4640.1,NA,NA,NO_EVENT,NA,NA,NA,NA,NA,NA,NA,NA,NA,NA
NEG_1276,1:2,0,2,West Khasi Block,25.360355,91.508468,3103.8,1282.00,15.00,129.88,-0.002254,-0.001470,6.1046,34.8973,10,Tree cover,0.738,25.8,51.6,1.32,4.7,Plutonic Acidic,PA,219.5,1834.2,NA,NA,NO_EVENT,NA,NA,NA,NA,NA,NA,NA,NA,NA,NA
NEG_1277,1:2,0,1,Garo Hills Block,25.576219,90.088029,6398.5,47.56,24.39,232.91,0.004724,-0.000086,4.6641,22.5700,10,Tree cover,0.650,25.3,51.7,1.33,5.3,Mixed Sedimentary,SM,89.8,1185.4,NA,NA,NO_EVENT,NA,NA,NA,NA,NA,NA,NA,NA,NA,NA
NEG_1278,1:2,0,4,Ri-Bhoi Block,26.091271,91.521315,10048.2,929.31,26.02,196.72,-0.002665,-0.000956,4.8545,48.1591,10,Tree cover,0.822,34.1,46.1,1.38,5.0,Metamorphic,MT,143.7,1923.3,NA,NA,NO_EVENT,NA,NA,NA,NA,NA,NA,NA,NA,NA,NA
NEG_1279,1:2,0,3,East Khasi Block,25.332135,91.892781,501.0,1608.10,24.27,90.75,0.003302,0.000588,5.4231,47.1067,10,Tree cover,0.756,35.1,39.4,1.38,4.3,Metamorphic,MT,85.8,2454.7,NA,NA,NO_EVENT,NA,NA,NA,NA,NA,NA,NA,NA,NA,NA
NEG_1280,1:2,0,1,Garo Hills Block,25.173649,90.755546,13039.2,236.17,20.32,156.94,0.003375,-0.000957,5.5335,20.5196,10,Tree cover,0.826,30.0,50.2,1.44,5.3,Mixed Sedimentary,SM,176.4,1236.1,NA,NA,NO_EVENT,NA,NA,NA,NA,NA,NA,NA,NA,NA,NA
NEG_1281,1:2,0,2,West Khasi Block,25.079529,91.598117,11296.6,1150.22,28.78,292.04,0.004683,-0.000189,4.4947,23.8896,10,Tree cover,0.824,29.8,44.2,1.44,5.2,Siliciclastic Sedimentary,SS,53.3,137.6,NA,NA,NO_EVENT,NA,NA,NA,NA,NA,NA,NA,NA,NA,NA
NEG_1282,1:2,0,1,Garo Hills Block,26.036641,90.709257,37243.2,80.01,22.44,150.92,-0.002503,-0.001179,5.3553,35.7661,10,Tree cover,0.830,22.8,51.9,1.42,5.2,Mixed Sedimentary,SM,181.5,2681.2,NA,NA,NO_EVENT,NA,NA,NA,NA,NA,NA,NA,NA,NA,NA
NEG_1283,1:2,0,4,Ri-Bhoi Block,26.077723,92.669847,21130.3,524.32,35.91,181.44,0.000886,0.000185,4.1172,57.4703,10,Tree cover,0.867,34.4,42.2,1.38,4.8,Metamorphic,MT,27.3,1438.4,NA,NA,NO_EVENT,NA,NA,NA,NA,NA,NA,NA,NA,NA,NA
NEG_1284,1:2,0,3,East Khasi Block,25.622005,91.826426,625.7,1732.28,28.12,301.65,0.001092,-0.002117,4.3569,34.4373,10,Tree cover,0.809,27.4,38.2,1.30,4.3,Metamorphic,MT,131.8,3056.7,NA,NA,NO_EVENT,NA,NA,NA,NA,NA,NA,NA,NA,NA,NA
NEG_1285,1:2,0,3,East Khasi Block,25.419254,91.773300,1336.1,1581.87,24.28,16.43,0.002178,-0.001577,5.1668,34.4304,10,Tree cover,0.702,33.3,38.3,1.37,4.3,Metamorphic,MT,129.6,615.8,NA,NA,NO_EVENT,NA,NA,NA,NA,NA,NA,NA,NA,NA,NA
NEG_1286,1:2,0,3,East Khasi Block,25.376142,91.866203,786.4,1679.22,25.95,68.88,0.000973,0.000442,5.1840,44.9324,10,Tree cover,0.728,34.5,38.8,1.38,4.3,Metamorphic,MT,40.8,3683.2,NA,NA,NO_EVENT,NA,NA,NA,NA,NA,NA,NA,NA,NA,NA
NEG_1287,1:2,0,4,Ri-Bhoi Block,25.940744,92.741406,14117.3,515.41,21.36,129.37,0.004875,-0.000026,5.6810,18.8291,10,Tree cover,0.813,34.5,44.9,1.34,5.0,Metamorphic,MT,3.3,247.9,NA,NA,NO_EVENT,NA,NA,NA,NA,NA,NA,NA,NA,NA,NA
NEG_1288,1:2,0,4,Ri-Bhoi Block,26.067320,92.511199,27158.6,720.62,27.48,42.23,-0.004134,0.000317,4.8332,46.4990,10,Tree cover,0.827,34.6,38.1,1.38,4.5,Metamorphic,MT,60.3,8043.1,NA,NA,NO_EVENT,NA,NA,NA,NA,NA,NA,NA,NA,NA,NA
NEG_1289,1:2,0,5,Jaintia Hills Block,25.187962,92.024212,665.7,1371.44,20.52,151.60,0.002818,-0.000465,5.5682,22.5010,10,Tree cover,0.823,40.7,24.5,1.33,6.0,Carbonate Sedimentary,SC,146.1,572.9,NA,NA,NO_EVENT,NA,NA,NA,NA,NA,NA,NA,NA,NA,NA
NEG_1290,1:2,0,2,West Khasi Block,25.055676,91.366561,14832.7,811.82,34.05,219.05,0.004567,-0.000234,3.9974,31.6601,10,Tree cover,0.817,29.2,50.9,1.43,4.8,Siliciclastic Sedimentary,SS,65.0,809.0,NA,NA,NO_EVENT,NA,NA,NA,NA,NA,NA,NA,NA,NA,NA
NEG_1291,1:2,0,4,Ri-Bhoi Block,25.962245,91.997654,3142.8,1215.48,15.04,133.98,0.004545,0.000273,6.1585,20.1552,10,Tree cover,0.820,34.9,43.2,1.35,4.9,Metamorphic,MT,125.0,11410.6,NA,NA,NO_EVENT,NA,NA,NA,NA,NA,NA,NA,NA,NA,NA
NEG_1292,1:2,0,5,Jaintia Hills Block,25.031579,92.001443,17164.1,1059.75,26.59,223.59,-0.002659,0.000934,4.5337,34.7163,10,Tree cover,0.808,28.5,50.6,1.43,5.1,Siliciclastic Sedimentary,SS,199.3,68.5,NA,NA,NO_EVENT,NA,NA,NA,NA,NA,NA,NA,NA,NA,NA
NEG_1293,1:2,0,1,Garo Hills Block,25.124919,90.339879,19051.4,57.29,23.65,337.62,0.000926,-0.000893,5.0767,18.1110,10,Tree cover,0.830,30.3,44.2,1.44,4.9,Mixed Sedimentary,SM,70.7,227.6,NA,NA,NO_EVENT,NA,NA,NA,NA,NA,NA,NA,NA,NA,NA
NEG_1294,1:2,0,4,Ri-Bhoi Block,25.939633,91.260388,13458.0,860.65,17.16,88.31,0.003665,-0.000482,6.0180,18.6029,10,Tree cover,0.812,34.5,41.7,1.34,4.7,Metamorphic,MT,55.4,1761.7,NA,NA,NO_EVENT,NA,NA,NA,NA,NA,NA,NA,NA,NA,NA
NEG_1295,1:2,0,1,Garo Hills Block,25.304959,89.934333,15247.2,48.16,17.42,56.21,-0.002395,-0.001013,6.0018,38.1345,10,Tree cover,0.772,25.8,52.0,1.41,5.4,Mixed Sedimentary,SM,28.5,3024.5,NA,NA,NO_EVENT,NA,NA,NA,NA,NA,NA,NA,NA,NA,NA
NEG_1296,1:2,0,4,Ri-Bhoi Block,25.843648,91.976416,5409.2,1427.93,27.48,135.58,-0.004281,0.000332,5.0957,28.3887,10,Tree cover,0.763,31.7,42.4,1.30,4.5,Metamorphic,MT,130.2,10580.3,NA,NA,NO_EVENT,NA,NA,NA,NA,NA,NA,NA,NA,NA,NA
NEG_1297,1:2,0,3,East Khasi Block,25.612639,91.843533,1466.1,1756.91,28.57,294.89,0.002464,-0.001021,4.3159,32.1469,10,Tree cover,0.797,27.5,38.4,1.30,4.3,Metamorphic,MT,89.9,1052.2,NA,NA,NO_EVENT,NA,NA,NA,NA,NA,NA,NA,NA,NA,NA
NEG_1298,1:2,0,4,Ri-Bhoi Block,25.695026,91.558676,3882.9,1433.08,26.72,253.10,-0.001552,-0.000228,4.6170,48.6164,10,Tree cover,0.677,27.4,45.1,1.28,4.7,Metamorphic,MT,129.2,7181.8,NA,NA,NO_EVENT,NA,NA,NA,NA,NA,NA,NA,NA,NA,NA
NEG_1299,1:2,0,1,Garo Hills Block,25.131554,90.317148,17037.4,47.01,23.98,198.07,0.000095,-0.002304,5.0769,18.0026,10,Tree cover,0.830,30.3,44.1,1.44,4.9,Mixed Sedimentary,SM,38.3,631.7,NA,NA,NO_EVENT,NA,NA,NA,NA,NA,NA,NA,NA,NA,NA
NEG_1300,1:2,0,3,East Khasi Block,25.176098,91.602480,1792.6,1141.26,27.36,59.45,-0.004363,-0.000222,4.9792,21.7941,10,Tree cover,0.826,29.9,44.2,1.44,5.2,Siliciclastic Sedimentary,SS,21.6,334.2,NA,NA,NO_EVENT,NA,NA,NA,NA,NA,NA,NA,NA,NA,NA
NEG_1301,1:2,0,3,East Khasi Block,25.263169,91.892206,1859.9,1404.88,34.30,90.37,0.000413,-0.002139,4.6419,48.7350,10,Tree cover,0.795,27.4,53.1,1.42,5.1,Siliciclastic Sedimentary,SS,106.8,1342.0,NA,NA,NO_EVENT,NA,NA,NA,NA,NA,NA,NA,NA,NA,NA
NEG_1302,1:2,0,2,West Khasi Block,25.122379,91.004689,8447.0,493.90,15.48,348.91,-0.001054,-0.001647,5.7202,18.1274,10,Tree cover,0.830,30.3,44.8,1.44,5.3,Siliciclastic Sedimentary,SS,30.6,1332.4,NA,NA,NO_EVENT,NA,NA,NA,NA,NA,NA,NA,NA,NA,NA
NEG_1303,1:2,0,2,West Khasi Block,25.153704,91.464453,2629.3,1068.08,16.76,167.04,0.002233,0.001172,5.7424,18.5604,10,Tree cover,0.829,30.2,46.7,1.44,4.9,Siliciclastic Sedimentary,SS,41.7,747.3,NA,NA,NO_EVENT,NA,NA,NA,NA,NA,NA,NA,NA,NA,NA
NEG_1304,1:2,0,4,Ri-Bhoi Block,26.062513,91.872373,2730.0,1152.21,35.05,33.57,0.004531,-0.000281,4.2467,53.1975,60,Bare / sparse vegetation,0.162,34.7,38.9,1.38,4.6,Metamorphic,MT,4.2,1046.4,NA,NA,NO_EVENT,NA,NA,NA,NA,NA,NA,NA,NA,NA,NA
NEG_1305,1:2,0,3,East Khasi Block,25.648422,91.737443,7904.4,1541.60,26.59,317.91,0.001595,-0.000209,4.5117,40.1213,10,Tree cover,0.660,27.2,38.9,1.29,4.3,Metamorphic,MT,73.3,403.6,NA,NA,NO_EVENT,NA,NA,NA,NA,NA,NA,NA,NA,NA,NA
NEG_1306,1:2,0,4,Ri-Bhoi Block,25.707050,91.509472,7245.7,1302.34,20.46,219.29,0.003862,0.000401,5.1575,42.2122,10,Tree cover,0.683,27.6,46.4,1.28,5.1,Metamorphic,MT,40.1,4538.0,NA,NA,NO_EVENT,NA,NA,NA,NA,NA,NA,NA,NA,NA,NA
NEG_1307,1:2,0,2,West Khasi Block,25.249251,91.268736,6018.6,834.98,27.00,93.41,0.000685,0.002328,5.2075,38.8845,10,Tree cover,0.802,27.9,53.1,1.43,4.8,Siliciclastic Sedimentary,SS,47.8,1489.2,NA,NA,NO_EVENT,NA,NA,NA,NA,NA,NA,NA,NA,NA,NA
NEG_1308,1:2,0,3,East Khasi Block,25.032324,91.773993,17330.7,1056.01,26.20,317.57,-0.001626,0.002021,4.5665,34.2838,10,Tree cover,0.809,39.4,21.2,1.31,5.7,Volcanic Basic,VB,45.3,1184.8,NA,NA,NO_EVENT,NA,NA,NA,NA,NA,NA,NA,NA,NA,NA
NEG_1309,1:2,0,4,Ri-Bhoi Block,25.731250,91.164508,4103.9,797.89,22.09,340.61,-0.000382,-0.002191,5.1153,44.3565,10,Tree cover,0.695,28.1,38.7,1.28,4.5,Metamorphic,MT,83.0,8390.8,NA,NA,NO_EVENT,NA,NA,NA,NA,NA,NA,NA,NA,NA,NA
NEG_1310,1:2,0,5,Jaintia Hills Block,25.123127,92.214474,1435.6,1106.77,19.77,312.25,-0.001004,0.001565,5.3800,18.1401,10,Tree cover,0.830,38.1,28.5,1.32,5.5,Carbonate Sedimentary,SC,98.3,427.5,NA,NA,NO_EVENT,NA,NA,NA,NA,NA,NA,NA,NA,NA,NA
NEG_1311,1:2,0,1,Garo Hills Block,25.446117,89.880651,13639.5,43.92,28.90,0.47,-0.003563,0.000041,4.6911,30.1889,10,Tree cover,0.687,22.5,50.0,1.36,5.3,Mixed Sedimentary,SM,45.2,2619.2,NA,NA,NO_EVENT,NA,NA,NA,NA,NA,NA,NA,NA,NA,NA
NEG_1312,1:2,0,2,West Khasi Block,25.556782,91.476549,3575.2,1314.83,14.77,226.47,-0.004553,-0.000190,5.4621,19.0911,10,Tree cover,0.651,28.7,46.8,1.32,5.1,Metamorphic,MT,31.6,3398.2,NA,NA,NO_EVENT,NA,NA,NA,NA,NA,NA,NA,NA,NA,NA
NEG_1313,1:2,0,3,East Khasi Block,25.566291,91.631393,1985.0,1473.75,24.57,298.93,0.004174,-0.000250,4.6625,21.0384,10,Tree cover,0.651,28.4,42.4,1.31,4.5,Metamorphic,MT,116.7,2922.7,NA,NA,NO_EVENT,NA,NA,NA,NA,NA,NA,NA,NA,NA,NA
NEG_1314,1:2,0,2,West Khasi Block,25.541985,91.550999,2740.7,1319.84,17.68,252.21,0.000449,0.002060,5.2600,18.3695,10,Tree cover,0.653,29.1,45.4,1.32,5.0,Metamorphic,MT,51.7,2557.0,NA,NA,NO_EVENT,NA,NA,NA,NA,NA,NA,NA,NA,NA,NA
NEG_1315,1:2,0,1,Garo Hills Block,25.386990,89.910538,15063.7,25.00,19.09,34.53,-0.000017,0.002989,5.6984,36.3348,10,Tree cover,0.721,23.2,51.2,1.38,5.4,Mixed Sedimentary,SM,74.0,306.4,NA,NA,NO_EVENT,NA,NA,NA,NA,NA,NA,NA,NA,NA,NA
NEG_1316,1:2,0,1,Garo Hills Block,25.183967,90.970562,7071.8,411.49,19.83,66.52,0.004643,0.000212,5.6097,21.7776,10,Tree cover,0.824,29.8,44.2,1.44,5.3,Mixed Sedimentary,SM,51.0,61.2,NA,NA,NO_EVENT,NA,NA,NA,NA,NA,NA,NA,NA,NA,NA
NEG_1317,1:2,0,1,Garo Hills Block,26.030341,90.831209,30917.3,187.95,31.09,154.85,0.001801,0.001507,4.6863,40.8054,10,Tree cover,0.830,22.9,46.9,1.42,5.4,Mixed Sedimentary,SM,157.7,1249.3,NA,NA,NO_EVENT,NA,NA,NA,NA,NA,NA,NA,NA,NA,NA
NEG_1318,1:2,0,5,Jaintia Hills Block,25.489860,92.533199,2324.6,869.54,21.91,252.35,0.001043,0.002371,5.0806,20.0733,10,Tree cover,0.668,30.9,38.3,1.34,4.5,Metamorphic,MT,156.9,1970.4,NA,NA,NO_EVENT,NA,NA,NA,NA,NA,NA,NA,NA,NA,NA
NEG_1319,1:2,0,1,Garo Hills Block,25.315632,90.590494,9804.7,71.44,25.71,66.02,0.004690,0.000134,5.3299,48.4957,10,Tree cover,0.766,25.4,52.7,1.41,5.0,Mixed Sedimentary,SM,43.9,6744.9,NA,NA,NO_EVENT,NA,NA,NA,NA,NA,NA,NA,NA,NA,NA
NEG_1320,1:2,0,1,Garo Hills Block,25.734996,90.629891,19464.4,122.90,22.85,281.10,-0.002397,-0.001461,5.0689,45.1151,10,Tree cover,0.697,30.2,53.1,1.33,5.0,Mixed Sedimentary,SM,202.5,2480.0,NA,NA,NO_EVENT,NA,NA,NA,NA,NA,NA,NA,NA,NA,NA
NEG_1321,1:2,0,1,Garo Hills Block,25.988194,90.351610,23687.9,113.36,23.52,68.36,-0.002843,0.000037,5.4242,25.9748,10,Tree cover,0.826,23.9,44.3,1.40,4.8,Mixed Sedimentary,SM,136.6,2957.9,NA,NA,NO_EVENT,NA,NA,NA,NA,NA,NA,NA,NA,NA,NA
NEG_1322,1:2,0,4,Ri-Bhoi Block,26.035227,91.289345,23769.8,832.69,25.62,123.51,-0.000360,0.002502,5.1061,37.9530,10,Tree cover,0.830,35.1,42.8,1.37,4.8,Metamorphic,MT,30.1,2620.4,NA,NA,NO_EVENT,NA,NA,NA,NA,NA,NA,NA,NA,NA,NA
NEG_1323,1:2,0,1,Garo Hills Block,25.440019,90.930061,4892.3,522.03,28.54,160.04,0.001499,0.000489,4.7443,31.6539,10,Tree cover,0.691,22.5,44.2,1.36,5.4,Mixed Sedimentary,SM,158.5,5009.2,NA,NA,NO_EVENT,NA,NA,NA,NA,NA,NA,NA,NA,NA,NA
NEG_1324,1:2,0,5,Jaintia Hills Block,25.437689,92.798067,17122.1,566.83,25.91,165.36,0.000556,-0.000680,4.9640,30.9653,10,Tree cover,0.692,32.7,46.4,1.36,5.1,Metamorphic,MT,120.6,2205.2,NA,NA,NO_EVENT,NA,NA,NA,NA,NA,NA,NA,NA,NA,NA
NEG_1325,1:2,0,5,Jaintia Hills Block,25.434585,92.746825,14182.2,622.15,30.07,170.89,0.004692,-0.000159,4.6435,33.9340,10,Tree cover,0.694,32.8,45.1,1.36,5.0,Metamorphic,MT,120.5,3612.2,NA,NA,NO_EVENT,NA,NA,NA,NA,NA,NA,NA,NA,NA,NA
NEG_1326,1:2,0,5,Jaintia Hills Block,25.033622,92.080211,13647.5,1011.73,29.99,221.35,0.002185,0.001666,4.2661,36.2660,10,Tree cover,0.809,28.5,47.2,1.43,4.9,Siliciclastic Sedimentary,SS,25.3,48.6,NA,NA,NO_EVENT,NA,NA,NA,NA,NA,NA,NA,NA,NA,NA
NEG_1327,1:2,0,1,Garo Hills Block,25.049958,90.815639,25593.9,128.22,33.60,217.14,0.002444,0.001192,4.0174,33.2453,10,Tree cover,0.815,29.0,47.5,1.43,5.4,Mixed Sedimentary,SM,65.3,117.9,NA,NA,NO_EVENT,NA,NA,NA,NA,NA,NA,NA,NA,NA,NA
NEG_1328,1:2,0,2,West Khasi Block,25.249088,91.563662,2732.3,1179.26,30.56,98.50,-0.000493,0.002639,4.9225,41.5925,10,Tree cover,0.802,27.9,44.1,1.43,5.1,Siliciclastic Sedimentary,SS,74.9,530.4,NA,NA,NO_EVENT,NA,NA,NA,NA,NA,NA,NA,NA,NA,NA
NEG_1329,1:2,0,5,Jaintia Hills Block,25.329462,92.615813,2658.9,753.97,19.94,131.59,0.004890,0.000025,5.7738,41.9278,10,Tree cover,0.757,35.1,40.2,1.38,4.6,Metamorphic,MT,42.2,6238.7,NA,NA,NO_EVENT,NA,NA,NA,NA,NA,NA,NA,NA,NA,NA
NEG_1330,1:2,0,4,Ri-Bhoi Block,25.970976,91.552567,845.8,1168.40,17.61,105.90,-0.000702,0.001510,5.9367,21.5560,10,Tree cover,0.822,35.0,45.3,1.35,5.0,Metamorphic,MT,218.6,7130.2,NA,NA,NO_EVENT,NA,NA,NA,NA,NA,NA,NA,NA,NA,NA
NEG_1331,1:2,0,2,West Khasi Block,25.516920,91.252232,877.9,888.17,17.29,279.70,-0.000780,0.001440,5.3591,18.0962,10,Tree cover,0.659,30.0,41.4,1.33,4.7,Metamorphic,MT,73.9,979.0,NA,NA,NO_EVENT,NA,NA,NA,NA,NA,NA,NA,NA,NA,NA
NEG_1332,1:2,0,2,West Khasi Block,25.071597,91.032954,13291.8,479.60,25.63,322.33,-0.001284,-0.000122,4.7200,24.7904,10,Tree cover,0.822,29.6,45.6,1.44,5.2,Siliciclastic Sedimentary,SS,21.6,348.3,NA,NA,NO_EVENT,NA,NA,NA,NA,NA,NA,NA,NA,NA,NA
NEG_1333,1:2,0,4,Ri-Bhoi Block,25.686817,92.392081,10306.8,1037.34,32.91,324.77,-0.003571,0.000564,4.0968,54.4804,10,Tree cover,0.673,27.3,40.1,1.28,4.6,Metamorphic,MT,145.5,6010.8,NA,NA,NO_EVENT,NA,NA,NA,NA,NA,NA,NA,NA,NA,NA
NEG_1334,1:2,0,4,Ri-Bhoi Block,25.848477,92.615274,30300.3,766.67,30.66,136.76,0.004083,0.000049,4.8540,28.2919,60,Bare / sparse vegetation,0.369,31.8,40.2,1.30,4.6,Metamorphic,MT,12.1,177.9,NA,NA,NO_EVENT,NA,NA,NA,NA,NA,NA,NA,NA,NA,NA
NEG_1335,1:2,0,3,East Khasi Block,25.251921,91.696194,1852.6,1401.83,30.33,45.05,0.000464,-0.002422,4.9452,42.1995,10,Tree cover,0.800,27.8,46.9,1.43,5.1,Siliciclastic Sedimentary,SS,171.3,643.1,NA,NA,NO_EVENT,NA,NA,NA,NA,NA,NA,NA,NA,NA,NA
NEG_1336,1:2,0,3,East Khasi Block,25.504760,91.670089,3379.3,1571.07,26.85,325.63,-0.000025,-0.002975,4.6333,18.8739,10,Tree cover,0.663,30.4,40.9,1.34,4.4,Metamorphic,MT,191.0,497.2,NA,NA,NO_EVENT,NA,NA,NA,NA,NA,NA,NA,NA,NA,NA
NEG_1337,1:2,0,1,Garo Hills Block,26.026793,90.808523,32070.5,141.85,28.97,154.73,0.000706,0.002572,4.8686,38.2825,10,Tree cover,0.830,22.9,47.9,1.42,5.4,Mixed Sedimentary,SM,154.8,450.8,NA,NA,NO_EVENT,NA,NA,NA,NA,NA,NA,NA,NA,NA,NA
NEG_1338,1:2,0,3,East Khasi Block,25.113258,91.767504,8339.6,1193.09,15.06,348.43,-0.001588,-0.001947,5.7178,18.4355,10,Tree cover,0.829,30.2,50.1,1.44,5.4,Siliciclastic Sedimentary,SS,198.7,357.8,NA,NA,NO_EVENT,NA,NA,NA,NA,NA,NA,NA,NA,NA,NA
NEG_1339,1:2,0,1,Garo Hills Block,25.464137,90.699674,1021.1,185.34,25.49,195.88,0.003361,-0.000843,4.8922,24.7857,10,Tree cover,0.679,22.6,52.2,1.36,5.2,Mixed Sedimentary,SM,139.7,195.1,NA,NA,NO_EVENT,NA,NA,NA,NA,NA,NA,NA,NA,NA,NA
NEG_1340,1:2,0,5,Jaintia Hills Block,25.140559,92.007060,5354.8,1258.73,14.50,175.12,0.000837,-0.001489,5.8712,18.0680,10,Tree cover,0.830,38.8,24.7,1.32,6.0,Carbonate Sedimentary,SC,205.0,850.2,NA,NA,NO_EVENT,NA,NA,NA,NA,NA,NA,NA,NA,NA,NA
NEG_1341,1:2,0,3,East Khasi Block,25.648318,91.818977,2618.0,1695.79,29.97,306.32,-0.000817,-0.002439,4.2411,42.9058,10,Tree cover,0.660,27.2,38.1,1.29,4.3,Metamorphic,MT,42.8,4184.5,NA,NA,NO_EVENT,NA,NA,NA,NA,NA,NA,NA,NA,NA,NA
NEG_1342,1:2,0,3,East Khasi Block,25.144112,91.931735,8885.6,1263.85,22.20,163.81,0.000304,0.002811,5.2694,18.2198,10,Tree cover,0.830,30.3,52.7,1.44,5.2,Siliciclastic Sedimentary,SS,38.2,90.8,NA,NA,NO_EVENT,NA,NA,NA,NA,NA,NA,NA,NA,NA,NA
NEG_1343,1:2,0,2,West Khasi Block,25.098099,91.034539,10351.1,500.42,21.22,335.76,-0.000833,-0.001897,5.1666,19.9062,10,Tree cover,0.827,30.1,45.6,1.44,5.2,Siliciclastic Sedimentary,SS,40.7,692.5,NA,NA,NO_EVENT,NA,NA,NA,NA,NA,NA,NA,NA,NA,NA
NEG_1344,1:2,0,1,Garo Hills Block,25.104551,89.863386,36526.4,25.00,20.93,344.31,0.003047,0.000775,5.2143,19.2559,10,Tree cover,0.828,30.1,49.2,1.44,5.3,Mixed Sedimentary,SM,144.9,788.7,NA,NA,NO_EVENT,NA,NA,NA,NA,NA,NA,NA,NA,NA,NA
NEG_1345,1:2,0,4,Ri-Bhoi Block,25.786123,91.871268,542.8,1481.68,25.03,50.87,0.002820,-0.000666,5.0968,40.7582,60,Bare / sparse vegetation,0.400,29.6,38.9,1.29,4.3,Metamorphic,MT,12.3,7128.2,NA,NA,NO_EVENT,NA,NA,NA,NA,NA,NA,NA,NA,NA,NA
NEG_1346,1:2,0,4,Ri-Bhoi Block,25.699903,91.436890,13949.1,1119.53,26.15,210.20,0.002008,-0.000115,4.6783,48.4277,60,Bare / sparse vegetation,0.340,27.5,46.8,1.28,5.1,Metamorphic,MT,10.7,2094.5,NA,NA,NO_EVENT,NA,NA,NA,NA,NA,NA,NA,NA,NA,NA
NEG_1347,1:2,0,2,West Khasi Block,25.135063,91.335520,8388.8,891.11,22.57,177.99,-0.000247,-0.001565,5.2037,18.0093,10,Tree cover,0.830,30.3,52.0,1.44,4.8,Siliciclastic Sedimentary,SS,51.6,2389.5,NA,NA,NO_EVENT,NA,NA,NA,NA,NA,NA,NA,NA,NA,NA
NEG_1348,1:2,0,2,West Khasi Block,25.391318,91.474980,637.8,1205.95,20.22,148.30,0.000882,0.000601,5.5935,36.7314,10,Tree cover,0.719,25.5,51.7,1.32,4.7,Plutonic Acidic,PA,89.3,779.5,NA,NA,NO_EVENT,NA,NA,NA,NA,NA,NA,NA,NA,NA,NA
NEG_1349,1:2,0,4,Ri-Bhoi Block,25.838167,92.721966,23207.8,656.96,31.41,142.26,-0.004226,0.000452,4.7660,31.4347,10,Tree cover,0.760,31.5,44.2,1.30,4.9,Metamorphic,MT,119.3,1776.0,NA,NA,NO_EVENT,NA,NA,NA,NA,NA,NA,NA,NA,NA,NA
NEG_1350,1:2,0,1,Garo Hills Block,26.099303,90.358512,35235.3,25.00,32.59,327.08,0.004070,0.000267,4.2974,56.5336,10,Tree cover,0.820,22.6,44.4,1.43,4.8,Mixed Sedimentary,SM,47.4,24.7,NA,NA,NO_EVENT,NA,NA,NA,NA,NA,NA,NA,NA,NA,NA
NEG_1351,1:2,0,5,Jaintia Hills Block,25.037575,92.287322,7124.5,928.69,25.77,311.80,-0.001076,0.002062,4.6126,32.7181,10,Tree cover,0.811,28.7,45.5,1.43,4.8,Siliciclastic Sedimentary,SS,73.0,113.6,NA,NA,NO_EVENT,NA,NA,NA,NA,NA,NA,NA,NA,NA,NA
NEG_1352,1:2,0,1,Garo Hills Block,25.605046,89.807184,17793.4,43.80,30.05,312.35,0.001684,-0.001898,4.1960,30.7517,60,Bare / sparse vegetation,0.211,26.4,46.8,1.32,5.2,Mixed Sedimentary,SM,0.5,950.2,NA,NA,NO_EVENT,NA,NA,NA,NA,NA,NA,NA,NA,NA,NA
NEG_1353,1:2,0,1,Garo Hills Block,25.546086,90.104106,9546.2,73.79,21.43,225.33,0.003931,-0.000149,4.9508,18.6952,10,Tree cover,0.653,24.3,51.1,1.33,5.3,Mixed Sedimentary,SM,335.0,147.9,NA,NA,NO_EVENT,NA,NA,NA,NA,NA,NA,NA,NA,NA,NA
NEG_1354,1:2,0,1,Garo Hills Block,26.010839,90.647980,32178.4,123.86,22.89,102.22,-0.000086,-0.002687,5.4089,30.5324,10,Tree cover,0.829,23.3,53.1,1.41,5.1,Mixed Sedimentary,SM,120.9,565.2,NA,NA,NO_EVENT,NA,NA,NA,NA,NA,NA,NA,NA,NA,NA
NEG_1355,1:2,0,4,Ri-Bhoi Block,25.833402,92.629264,30111.5,777.26,30.45,143.31,0.004517,0.000261,4.8288,32.3723,10,Tree cover,0.757,31.3,40.7,1.30,4.7,Metamorphic,MT,101.1,1122.2,NA,NA,NO_EVENT,NA,NA,NA,NA,NA,NA,NA,NA,NA,NA
NEG_1356,1:2,0,1,Garo Hills Block,25.166761,90.992821,5509.4,462.71,17.30,38.24,0.003582,-0.000599,5.7495,19.5001,10,Tree cover,0.827,30.1,44.5,1.44,5.3,Mixed Sedimentary,SM,68.6,1486.0,NA,NA,NO_EVENT,NA,NA,NA,NA,NA,NA,NA,NA,NA,NA
NEG_1357,1:2,0,4,Ri-Bhoi Block,25.652855,92.231018,7733.7,1399.57,29.53,285.81,0.002089,0.000416,4.2844,43.7082,10,Tree cover,0.661,27.2,45.9,1.29,5.0,Metamorphic,MT,90.5,3132.2,NA,NA,NO_EVENT,NA,NA,NA,NA,NA,NA,NA,NA,NA,NA
NEG_1358,1:2,0,2,West Khasi Block,25.027332,91.533368,14572.3,1018.43,27.62,243.87,-0.000754,0.002494,4.4426,36.4860,10,Tree cover,0.807,28.3,44.5,1.43,5.1,Siliciclastic Sedimentary,SS,31.7,1726.3,NA,NA,NO_EVENT,NA,NA,NA,NA,NA,NA,NA,NA,NA,NA
NEG_1359,1:2,0,3,East Khasi Block,25.102030,91.807759,10632.2,1209.57,19.24,337.87,0.000895,-0.002086,5.3399,19.3658,10,Tree cover,0.828,30.1,51.6,1.44,5.4,Siliciclastic Sedimentary,SS,97.1,376.3,NA,NA,NO_EVENT,NA,NA,NA,NA,NA,NA,NA,NA,NA,NA
NEG_1360,1:2,0,4,Ri-Bhoi Block,25.722374,91.723778,4974.0,1466.28,19.44,339.22,0.003969,-0.000451,5.2939,41.3275,10,Tree cover,0.690,27.9,39.2,1.28,4.3,Metamorphic,MT,169.6,952.8,NA,NA,NO_EVENT,NA,NA,NA,NA,NA,NA,NA,NA,NA,NA
NEG_1361,1:2,0,1,Garo Hills Block,25.055103,89.986793,31807.9,123.39,28.32,285.71,-0.004467,0.000310,4.4541,29.5086,10,Tree cover,0.817,29.2,53.0,1.43,5.4,Mixed Sedimentary,SM,59.9,517.5,NA,NA,NO_EVENT,NA,NA,NA,NA,NA,NA,NA,NA,NA,NA
NEG_1362,1:2,0,3,East Khasi Block,25.559799,91.931723,1882.6,1730.65,22.03,246.63,-0.001027,-0.000919,4.8760,19.9475,10,Tree cover,0.729,28.6,40.7,1.32,4.4,Metamorphic,MT,38.9,1407.1,NA,NA,NO_EVENT,NA,NA,NA,NA,NA,NA,NA,NA,NA,NA
NEG_1363,1:2,0,4,Ri-Bhoi Block,25.981166,92.472693,24904.4,871.36,20.25,60.62,0.003248,-0.000820,5.7031,23.6717,10,Tree cover,0.825,35.1,38.3,1.35,4.5,Metamorphic,MT,71.7,460.3,NA,NA,NO_EVENT,NA,NA,NA,NA,NA,NA,NA,NA,NA,NA
NEG_1364,1:2,0,3,East Khasi Block,25.540898,91.731643,3075.0,1722.75,15.47,321.07,-0.003504,-0.000153,5.4394,18.2824,10,Tree cover,0.840,29.2,39.0,1.32,4.3,Metamorphic,MT,152.3,269.4,NA,NA,NO_EVENT,NA,NA,NA,NA,NA,NA,NA,NA,NA,NA
NEG_1365,1:2,0,1,Garo Hills Block,25.491055,89.990178,4434.6,25.00,26.06,290.97,0.002095,0.000979,4.7443,20.3073,10,Tree cover,0.667,22.9,53.0,1.35,5.4,Mixed Sedimentary,SM,275.6,187.5,NA,NA,NO_EVENT,NA,NA,NA,NA,NA,NA,NA,NA,NA,NA
NEG_1366,1:2,0,3,East Khasi Block,25.558021,91.873390,643.8,1772.29,23.64,281.41,0.004420,-0.000346,4.7503,19.8840,10,Tree cover,0.774,22.0,61.1,1.30,4.6,Plutonic Acidic,PA,133.4,2152.7,NA,NA,NO_EVENT,NA,NA,NA,NA,NA,NA,NA,NA,NA,NA
NEG_1367,1:2,0,4,Ri-Bhoi Block,25.927035,91.186960,8703.9,746.13,21.62,55.24,0.001834,0.001443,5.6688,18.1312,10,Tree cover,0.807,34.2,39.2,1.33,4.6,Metamorphic,MT,83.7,2496.6,NA,NA,NO_EVENT,NA,NA,NA,NA,NA,NA,NA,NA,NA,NA
NEG_1368,1:2,0,3,East Khasi Block,25.155479,91.630093,3029.1,1177.71,25.34,24.15,-0.002321,0.001281,5.0630,18.9951,10,Tree cover,0.829,30.2,44.7,1.44,5.3,Siliciclastic Sedimentary,SS,176.8,272.3,NA,NA,NO_EVENT,NA,NA,NA,NA,NA,NA,NA,NA,NA,NA
NEG_1369,1:2,0,4,Ri-Bhoi Block,25.799607,92.181287,3814.7,1249.97,26.50,122.78,-0.000711,-0.001686,5.0304,38.9879,10,Tree cover,0.736,30.1,46.8,1.29,5.1,Metamorphic,MT,155.8,3078.8,NA,NA,NO_EVENT,NA,NA,NA,NA,NA,NA,NA,NA,NA,NA
NEG_1370,1:2,0,4,Ri-Bhoi Block,25.715574,91.481361,9494.2,1222.64,19.21,208.19,0.004532,-0.000057,5.2875,40.9951,10,Tree cover,0.687,27.8,46.8,1.28,5.1,Metamorphic,MT,92.6,2356.0,NA,NA,NO_EVENT,NA,NA,NA,NA,NA,NA,NA,NA,NA,NA
NEG_1371,1:2,0,4,Ri-Bhoi Block,25.920815,91.025581,10357.2,546.21,22.74,55.29,0.001618,-0.001783,5.5807,18.0125,10,Tree cover,0.805,34.1,39.2,1.33,4.6,Metamorphic,MT,190.2,4000.2,NA,NA,NO_EVENT,NA,NA,NA,NA,NA,NA,NA,NA,NA,NA
NEG_1372,1:2,0,5,Jaintia Hills Block,25.099592,92.839898,4059.5,417.52,18.14,280.16,0.002957,-0.001210,5.4186,19.4953,10,Tree cover,0.828,30.1,44.1,1.44,5.2,Siliciclastic Sedimentary,SS,45.5,98.0,NA,NA,NO_EVENT,NA,NA,NA,NA,NA,NA,NA,NA,NA,NA
NEG_1373,1:2,0,5,Jaintia Hills Block,25.341478,92.257146,9416.1,1284.37,15.02,60.51,-0.003839,-0.000697,6.1462,35.8476,10,Tree cover,0.750,35.0,45.1,1.38,5.0,Metamorphic,MT,244.6,1154.0,NA,NA,NO_EVENT,NA,NA,NA,NA,NA,NA,NA,NA,NA,NA
NEG_1374,1:2,0,2,West Khasi Block,25.589797,91.246775,1196.5,939.23,17.66,279.42,-0.004231,-0.000457,5.1912,23.1383,10,Tree cover,0.650,27.9,41.2,1.31,4.7,Metamorphic,MT,103.2,2809.6,NA,NA,NO_EVENT,NA,NA,NA,NA,NA,NA,NA,NA,NA,NA
NEG_1375,1:2,0,4,Ri-Bhoi Block,25.783579,92.008658,3018.4,1502.44,15.59,166.37,-0.002246,0.001370,5.8421,32.4972,10,Tree cover,0.726,29.5,43.7,1.29,4.6,Metamorphic,MT,3.0,3360.0,NA,NA,NO_EVENT,NA,NA,NA,NA,NA,NA,NA,NA,NA,NA
NEG_1376,1:2,0,2,West Khasi Block,25.427292,91.471805,3173.0,1236.52,26.01,167.38,0.004234,0.000396,4.9971,33.5993,10,Tree cover,0.698,33.1,46.9,1.37,5.1,Metamorphic,MT,166.1,2584.6,NA,NA,NO_EVENT,NA,NA,NA,NA,NA,NA,NA,NA,NA,NA
NEG_1377,1:2,0,5,Jaintia Hills Block,25.367220,92.078250,2783.8,1401.96,19.46,143.22,0.001378,-0.002022,5.7293,39.2458,10,Tree cover,0.734,34.6,45.9,1.38,4.8,Metamorphic,MT,350.4,604.8,NA,NA,NO_EVENT,NA,NA,NA,NA,NA,NA,NA,NA,NA,NA
NEG_1378,1:2,0,3,East Khasi Block,25.152253,91.737788,4652.6,1290.90,15.74,10.98,0.002335,-0.000217,5.8184,18.4565,10,Tree cover,0.829,30.2,48.7,1.44,5.4,Siliciclastic Sedimentary,SS,106.0,141.7,NA,NA,NO_EVENT,NA,NA,NA,NA,NA,NA,NA,NA,NA,NA
NEG_1379,1:2,0,5,Jaintia Hills Block,25.525837,92.640327,10251.6,848.17,23.89,217.25,0.001554,-0.001680,4.8048,18.0003,10,Tree cover,0.657,29.7,41.1,1.33,4.7,Metamorphic,MT,59.7,541.3,NA,NA,NO_EVENT,NA,NA,NA,NA,NA,NA,NA,NA,NA,NA
NEG_1380,1:2,0,2,West Khasi Block,25.229888,91.209052,2064.6,772.22,26.94,58.00,0.002753,-0.001225,5.1751,33.8981,10,Tree cover,0.810,28.6,52.5,1.43,4.9,Siliciclastic Sedimentary,SS,175.1,900.3,NA,NA,NO_EVENT,NA,NA,NA,NA,NA,NA,NA,NA,NA,NA
NEG_1381,1:2,0,3,East Khasi Block,25.566713,91.716559,2151.8,1673.96,17.16,316.57,-0.004457,-0.000190,5.2547,20.1645,10,Tree cover,0.650,28.4,39.4,1.31,4.3,Metamorphic,MT,421.6,481.5,NA,NA,NO_EVENT,NA,NA,NA,NA,NA,NA,NA,NA,NA,NA
NEG_1382,1:2,0,3,East Khasi Block,25.642887,91.722960,7399.1,1536.48,27.43,317.03,0.000892,0.000839,4.4355,39.4528,10,Tree cover,0.658,27.2,39.2,1.29,4.3,Metamorphic,MT,38.7,890.1,NA,NA,NO_EVENT,NA,NA,NA,NA,NA,NA,NA,NA,NA,NA
NEG_1383,1:2,0,1,Garo Hills Block,25.654083,90.397804,1845.3,47.18,29.62,308.44,-0.000940,0.002434,4.2796,44.0965,10,Tree cover,0.661,28.3,45.4,1.32,4.8,Mixed Sedimentary,SM,257.3,479.2,NA,NA,NO_EVENT,NA,NA,NA,NA,NA,NA,NA,NA,NA,NA
NEG_1384,1:2,0,1,Garo Hills Block,25.887531,90.966063,10157.1,439.95,24.89,79.96,0.000094,0.001061,5.3902,19.7554,10,Tree cover,0.789,27.6,44.2,1.37,5.3,Mixed Sedimentary,SM,60.4,615.3,NA,NA,NO_EVENT,NA,NA,NA,NA,NA,NA,NA,NA,NA,NA
NEG_1385,1:2,0,2,West Khasi Block,25.486678,91.421748,4803.9,1263.04,28.60,201.18,0.000095,-0.002514,4.5571,21.1958,10,Tree cover,0.669,31.0,46.7,1.35,5.1,Metamorphic,MT,61.1,2097.3,NA,NA,NO_EVENT,NA,NA,NA,NA,NA,NA,NA,NA,NA,NA
NEG_1386,1:2,0,1,Garo Hills Block,25.626677,89.927371,8145.5,44.46,23.78,306.16,-0.000396,0.002726,4.7079,32.9667,10,Tree cover,0.654,27.3,51.8,1.32,5.4,Mixed Sedimentary,SM,158.2,92.8,NA,NA,NO_EVENT,NA,NA,NA,NA,NA,NA,NA,NA,NA,NA
NEG_1387,1:2,0,1,Garo Hills Block,25.049080,90.817220,25775.8,131.07,33.82,217.47,0.002555,0.001206,3.9974,33.6222,60,Bare / sparse vegetation,0.179,29.0,47.5,1.43,5.4,Mixed Sedimentary,SM,10.5,178.5,NA,NA,NO_EVENT,NA,NA,NA,NA,NA,NA,NA,NA,NA,NA
NEG_1388,1:2,0,5,Jaintia Hills Block,25.557152,92.802113,25250.3,504.04,14.13,250.61,-0.000062,0.001127,5.5127,19.0681,10,Tree cover,0.651,28.7,46.5,1.32,5.1,Metamorphic,MT,490.9,6505.1,NA,NA,NO_EVENT,NA,NA,NA,NA,NA,NA,NA,NA,NA,NA
NEG_1389,1:2,0,4,Ri-Bhoi Block,25.684330,91.631207,1313.3,1494.53,34.00,306.42,-0.003985,0.000542,4.0023,55.2442,10,Tree cover,0.672,27.3,42.4,1.28,4.5,Metamorphic,MT,54.8,4208.7,NA,NA,NO_EVENT,NA,NA,NA,NA,NA,NA,NA,NA,NA,NA
NEG_1390,1:2,0,5,Jaintia Hills Block,25.117648,92.239721,623.0,1082.26,17.20,335.72,-0.001838,-0.000178,5.5639,18.2994,10,Tree cover,0.829,37.9,29.5,1.32,5.4,Carbonate Sedimentary,SC,77.0,629.4,NA,NA,NO_EVENT,NA,NA,NA,NA,NA,NA,NA,NA,NA,NA
NEG_1391,1:2,0,5,Jaintia Hills Block,25.069470,92.349334,1444.5,831.48,26.88,329.17,0.004718,0.000011,4.6131,25.5821,10,Tree cover,0.821,29.5,48.0,1.44,4.9,Siliciclastic Sedimentary,SS,28.4,232.7,NA,NA,NO_EVENT,NA,NA,NA,NA,NA,NA,NA,NA,NA,NA
NEG_1392,1:2,0,2,West Khasi Block,25.049806,91.252973,16860.4,809.95,25.12,277.93,-0.003785,0.000728,4.6954,29.4332,10,Tree cover,0.815,29.0,53.1,1.43,4.8,Siliciclastic Sedimentary,SS,169.7,354.1,NA,NA,NO_EVENT,NA,NA,NA,NA,NA,NA,NA,NA,NA,NA
NEG_1393,1:2,0,5,Jaintia Hills Block,25.134271,92.172832,1592.0,1136.03,23.47,177.29,-0.000007,0.002996,5.1285,18.0042,60,Bare / sparse vegetation,0.282,38.6,27.0,1.32,5.5,Carbonate Sedimentary,SC,10.3,666.0,NA,NA,NO_EVENT,NA,NA,NA,NA,NA,NA,NA,NA,NA,NA
NEG_1394,1:2,0,4,Ri-Bhoi Block,25.688586,91.966782,2379.9,1626.72,27.25,224.14,0.004315,0.000328,4.5548,48.4465,10,Tree cover,0.674,27.4,42.0,1.28,4.5,Metamorphic,MT,57.6,162.2,NA,NA,NO_EVENT,NA,NA,NA,NA,NA,NA,NA,NA,NA,NA
NEG_1395,1:2,0,2,West Khasi Block,25.310657,91.516641,2905.8,1252.82,16.94,120.27,-0.003234,0.000582,6.0361,37.8891,10,Tree cover,0.769,25.6,44.9,1.41,5.0,Siliciclastic Sedimentary,SS,91.5,1285.1,NA,NA,NO_EVENT,NA,NA,NA,NA,NA,NA,NA,NA,NA,NA
NEG_1396,1:2,0,5,Jaintia Hills Block,25.585839,92.721494,17182.0,689.82,24.30,227.46,-0.004240,0.000432,4.6626,24.2945,10,Tree cover,0.650,28.0,44.2,1.31,4.9,Metamorphic,MT,26.8,117.5,NA,NA,NO_EVENT,NA,NA,NA,NA,NA,NA,NA,NA,NA,NA
NEG_1397,1:2,0,4,Ri-Bhoi Block,25.960469,92.085758,3100.3,1160.25,19.01,135.63,-0.003852,0.000485,5.8439,20.5175,10,Tree cover,0.819,34.9,46.1,1.35,5.0,Metamorphic,MT,174.0,3005.3,NA,NA,NO_EVENT,NA,NA,NA,NA,NA,NA,NA,NA,NA,NA
NEG_1398,1:2,0,3,East Khasi Block,25.438833,91.839885,1748.0,1691.53,32.45,9.26,-0.004282,-0.000292,4.4362,33.8871,10,Tree cover,0.691,32.7,38.3,1.36,4.3,Metamorphic,MT,100.0,633.1,NA,NA,NO_EVENT,NA,NA,NA,NA,NA,NA,NA,NA,NA,NA
NEG_1399,1:2,0,1,Garo Hills Block,25.056102,90.936656,18259.9,441.58,25.99,259.85,-0.002148,-0.000903,4.6434,28.3265,10,Tree cover,0.817,29.2,44.1,1.43,5.4,Mixed Sedimentary,SM,126.5,560.2,NA,NA,NO_EVENT,NA,NA,NA,NA,NA,NA,NA,NA,NA,NA
NEG_1400,1:2,0,3,East Khasi Block,25.184544,91.698994,1928.7,1334.50,24.45,27.84,0.003036,0.000634,5.2421,22.7570,10,Tree cover,0.824,29.8,47.0,1.44,5.4,Siliciclastic Sedimentary,SS,23.4,219.6,NA,NA,NO_EVENT,NA,NA,NA,NA,NA,NA,NA,NA,NA,NA
NEG_1401,1:2,0,5,Jaintia Hills Block,25.565336,92.031766,2858.6,1692.43,14.62,223.22,-0.002017,0.000492,5.4599,19.7273,10,Tree cover,0.651,28.5,44.5,1.31,4.7,Metamorphic,MT,14.8,1096.9,NA,NA,NO_EVENT,NA,NA,NA,NA,NA,NA,NA,NA,NA,NA
NEG_1402,1:2,0,4,Ri-Bhoi Block,25.862379,91.694820,7365.0,1395.12,31.02,42.61,-0.001563,0.002061,4.8578,24.9288,10,Tree cover,0.775,32.3,40.1,1.31,4.6,Metamorphic,MT,32.8,4178.2,NA,NA,NO_EVENT,NA,NA,NA,NA,NA,NA,NA,NA,NA,NA
NEG_1403,1:2,0,1,Garo Hills Block,25.063837,90.883421,21181.9,318.84,30.82,226.16,0.003735,-0.000297,4.2801,28.1449,10,Tree cover,0.820,29.4,45.0,1.43,5.4,Mixed Sedimentary,SM,71.2,914.1,NA,NA,NO_EVENT,NA,NA,NA,NA,NA,NA,NA,NA,NA,NA
NEG_1404,1:2,0,1,Garo Hills Block,25.029809,90.968616,19301.6,450.30,26.06,282.75,-0.002573,-0.000742,4.5724,34.8249,10,Tree cover,0.808,28.4,44.2,1.43,5.3,Mixed Sedimentary,SM,198.4,334.0,NA,NA,NO_EVENT,NA,NA,NA,NA,NA,NA,NA,NA,NA,NA
NEG_1405,1:2,0,5,Jaintia Hills Block,25.521614,92.295827,4915.0,1285.88,16.46,319.08,-0.000152,0.002853,5.4114,18.0185,10,Tree cover,0.658,29.8,43.8,1.33,4.9,Metamorphic,MT,85.9,1453.4,NA,NA,NO_EVENT,NA,NA,NA,NA,NA,NA,NA,NA,NA,NA
NEG_1406,1:2,0,5,Jaintia Hills Block,25.389362,92.335640,5885.2,1107.20,22.41,29.46,-0.000513,-0.001869,5.4249,39.1097,10,Tree cover,0.720,34.2,42.2,1.37,4.8,Metamorphic,MT,170.2,1992.3,NA,NA,NO_EVENT,NA,NA,NA,NA,NA,NA,NA,NA,NA,NA
NEG_1407,1:2,0,4,Ri-Bhoi Block,25.785529,92.029471,1323.6,1496.51,15.62,166.14,-0.001326,0.002179,5.8473,32.2783,10,Tree cover,0.727,29.6,44.4,1.29,4.7,Metamorphic,MT,54.1,2273.1,NA,NA,NO_EVENT,NA,NA,NA,NA,NA,NA,NA,NA,NA,NA
NEG_1408,1:2,0,1,Garo Hills Block,25.300792,89.951378,14145.6,53.31,18.82,62.17,-0.003609,-0.000824,5.8920,39.4462,10,Tree cover,0.775,26.0,52.4,1.41,5.4,Mixed Sedimentary,SM,22.5,4794.4,NA,NA,NO_EVENT,NA,NA,NA,NA,NA,NA,NA,NA,NA,NA
NEG_1409,1:2,0,3,East Khasi Block,25.509596,91.794563,2067.5,1746.87,19.73,324.58,0.000001,0.002993,5.1869,18.3784,10,Tree cover,0.826,30.2,38.1,1.34,4.3,Metamorphic,MT,330.1,739.4,NA,NA,NO_EVENT,NA,NA,NA,NA,NA,NA,NA,NA,NA,NA
NEG_1410,1:2,0,3,East Khasi Block,25.229493,91.937970,2518.1,1346.38,33.04,118.52,0.001209,-0.002094,4.6862,37.3727,10,Tree cover,0.810,28.6,52.6,1.43,5.2,Siliciclastic Sedimentary,SS,23.7,484.1,NA,NA,NO_EVENT,NA,NA,NA,NA,NA,NA,NA,NA,NA,NA
NEG_1411,1:2,0,5,Jaintia Hills Block,25.071134,92.811279,8107.0,455.93,21.66,248.65,0.001070,-0.000090,5.0361,23.8188,10,Tree cover,0.822,29.6,44.2,1.44,5.3,Siliciclastic Sedimentary,SS,76.7,455.5,NA,NA,NO_EVENT,NA,NA,NA,NA,NA,NA,NA,NA,NA,NA
NEG_1412,1:2,0,2,West Khasi Block,25.506366,91.198005,1054.6,872.55,20.77,317.31,0.000279,-0.002238,5.1143,18.5759,10,Tree cover,0.662,30.3,39.5,1.34,4.6,Metamorphic,MT,11.8,160.0,NA,NA,NO_EVENT,NA,NA,NA,NA,NA,NA,NA,NA,NA,NA
NEG_1413,1:2,0,5,Jaintia Hills Block,25.163326,92.236798,708.8,1073.71,19.26,44.58,0.003461,0.000020,5.5796,19.3562,10,Tree cover,0.828,39.8,29.4,1.33,5.4,Carbonate Sedimentary,SC,229.7,445.3,NA,NA,NO_EVENT,NA,NA,NA,NA,NA,NA,NA,NA,NA,NA
NEG_1414,1:2,0,1,Garo Hills Block,25.161307,90.907697,13750.3,352.96,21.33,145.00,-0.000810,0.002197,5.4063,19.3136,10,Tree cover,0.828,30.1,44.5,1.44,5.4,Mixed Sedimentary,SM,313.2,65.0,NA,NA,NO_EVENT,NA,NA,NA,NA,NA,NA,NA,NA,NA,NA
NEG_1415,1:2,0,5,Jaintia Hills Block,25.476904,92.104004,3043.1,1541.60,30.61,199.16,-0.003594,0.000381,4.4330,23.2653,10,Tree cover,0.673,31.4,46.5,1.35,4.8,Metamorphic,MT,75.2,403.2,NA,NA,NO_EVENT,NA,NA,NA,NA,NA,NA,NA,NA,NA,NA
NEG_1416,1:2,0,4,Ri-Bhoi Block,25.844901,91.880077,821.3,1354.84,34.67,81.22,0.003801,0.000718,4.5238,30.7207,10,Tree cover,0.764,31.7,39.1,1.30,4.6,Metamorphic,MT,301.3,3147.3,NA,NA,NO_EVENT,NA,NA,NA,NA,NA,NA,NA,NA,NA,NA
NEG_1417,1:2,0,2,West Khasi Block,25.105723,91.075725,10129.0,527.78,24.59,344.37,0.002263,-0.001616,4.9260,19.3573,10,Tree cover,0.828,30.2,47.3,1.44,5.2,Siliciclastic Sedimentary,SS,145.9,29.7,NA,NA,NO_EVENT,NA,NA,NA,NA,NA,NA,NA,NA,NA,NA
NEG_1418,1:2,0,1,Garo Hills Block,25.224364,90.027853,17728.5,25.00,34.21,104.87,0.000948,0.001914,4.5805,36.3783,10,Tree cover,0.812,28.8,53.0,1.43,5.4,Mixed Sedimentary,SM,356.3,2903.0,NA,NA,NO_EVENT,NA,NA,NA,NA,NA,NA,NA,NA,NA,NA
NEG_1419,1:2,0,5,Jaintia Hills Block,25.290504,92.799601,10704.7,513.18,19.98,108.67,-0.000274,0.002079,5.8016,39.7629,10,Tree cover,0.780,26.4,44.4,1.42,5.3,Siliciclastic Sedimentary,SS,69.2,947.4,NA,NA,NO_EVENT,NA,NA,NA,NA,NA,NA,NA,NA,NA,NA
NEG_1420,1:2,0,3,East Khasi Block,25.579575,91.927029,1892.1,1741.96,24.29,250.32,-0.000495,0.000520,4.6687,23.1336,10,Tree cover,0.732,28.1,40.5,1.31,4.4,Metamorphic,MT,234.5,1124.1,NA,NA,NO_EVENT,NA,NA,NA,NA,NA,NA,NA,NA,NA,NA
NEG_1421,1:2,0,4,Ri-Bhoi Block,26.099349,91.883620,1506.6,1041.95,34.40,288.42,0.003430,0.000942,4.1524,58.6774,10,Tree cover,0.820,33.9,39.2,1.38,4.6,Metamorphic,MT,149.2,3539.3,NA,NA,NO_EVENT,NA,NA,NA,NA,NA,NA,NA,NA,NA,NA
NEG_1422,1:2,0,3,East Khasi Block,25.513935,91.846789,3551.4,1729.65,24.82,304.88,0.000495,0.000979,4.7659,18.2516,10,Tree cover,0.795,23.1,60.9,1.31,4.6,Plutonic Acidic,PA,290.0,454.5,NA,NA,NO_EVENT,NA,NA,NA,NA,NA,NA,NA,NA,NA,NA
NEG_1423,1:2,0,4,Ri-Bhoi Block,25.955220,92.749811,12629.3,500.06,18.74,128.69,0.004796,0.000105,5.8736,19.9215,10,Tree cover,0.818,34.8,45.2,1.34,5.0,Metamorphic,MT,110.0,771.5,NA,NA,NO_EVENT,NA,NA,NA,NA,NA,NA,NA,NA,NA,NA
NEG_1424,1:2,0,3,East Khasi Block,25.597442,91.805083,3069.2,1727.61,21.41,307.33,0.000782,-0.001715,4.8881,25.6224,10,Tree cover,0.821,27.7,38.1,1.30,4.3,Metamorphic,MT,178.9,779.0,NA,NA,NO_EVENT,NA,NA,NA,NA,NA,NA,NA,NA,NA,NA
NEG_1425,1:2,0,2,West Khasi Block,25.520290,91.561085,2343.3,1321.51,21.07,256.35,0.000480,0.002693,5.0465,18.0429,10,Tree cover,0.658,29.8,45.1,1.33,5.0,Metamorphic,MT,314.9,377.9,NA,NA,NO_EVENT,NA,NA,NA,NA,NA,NA,NA,NA,NA,NA
NEG_1426,1:2,0,1,Garo Hills Block,25.492414,90.516025,14500.8,93.51,26.09,334.66,0.001214,0.002221,4.7370,20.1352,10,Tree cover,0.667,22.9,50.3,1.35,4.8,Mixed Sedimentary,SM,63.5,1732.8,NA,NA,NO_EVENT,NA,NA,NA,NA,NA,NA,NA,NA,NA,NA
NEG_1427,1:2,0,1,Garo Hills Block,25.038519,90.956752,18909.5,452.26,26.19,275.39,-0.002931,-0.001187,4.5813,32.7210,10,Tree cover,0.811,28.7,44.1,1.43,5.4,Mixed Sedimentary,SM,20.6,80.9,NA,NA,NO_EVENT,NA,NA,NA,NA,NA,NA,NA,NA,NA,NA
NEG_1428,1:2,0,4,Ri-Bhoi Block,25.751042,92.824802,28255.0,514.29,14.68,227.24,-0.000652,0.002472,5.7856,34.6688,10,Tree cover,0.706,28.6,46.8,1.28,5.1,Metamorphic,MT,93.8,244.2,NA,NA,NO_EVENT,NA,NA,NA,NA,NA,NA,NA,NA,NA,NA
NEG_1429,1:2,0,3,East Khasi Block,25.065180,91.658572,11946.1,1099.49,31.50,319.23,0.001597,-0.000335,4.2299,28.0081,10,Tree cover,0.820,40.1,23.5,1.32,5.7,Volcanic Basic,VB,22.7,626.2,NA,NA,NO_EVENT,NA,NA,NA,NA,NA,NA,NA,NA,NA,NA
NEG_1430,1:2,0,1,Garo Hills Block,26.014256,90.553638,27345.6,40.58,27.31,38.25,0.000074,0.002841,5.0442,33.8465,10,Tree cover,0.829,23.2,51.7,1.41,4.9,Mixed Sedimentary,SM,103.3,1390.6,NA,NA,NO_EVENT,NA,NA,NA,NA,NA,NA,NA,NA,NA,NA
NEG_1431,1:2,0,3,East Khasi Block,25.084941,91.980842,11979.8,1169.02,21.48,210.57,-0.004615,0.000137,5.0976,21.5891,10,Tree cover,0.825,29.9,51.4,1.44,5.1,Siliciclastic Sedimentary,SS,17.9,179.4,NA,NA,NO_EVENT,NA,NA,NA,NA,NA,NA,NA,NA,NA,NA
NEG_1432,1:2,0,1,Garo Hills Block,25.285221,90.431130,21546.3,49.64,21.42,48.21,-0.001216,-0.002163,5.6860,40.6659,10,Tree cover,0.783,26.6,46.6,1.42,4.8,Mixed Sedimentary,SM,151.0,287.2,NA,NA,NO_EVENT,NA,NA,NA,NA,NA,NA,NA,NA,NA,NA
NEG_1433,1:2,0,4,Ri-Bhoi Block,26.099236,92.619847,26686.8,576.30,30.50,195.79,0.004084,0.000241,4.4649,54.0577,10,Tree cover,0.820,33.9,40.3,1.38,4.7,Metamorphic,MT,39.6,77.6,NA,NA,NO_EVENT,NA,NA,NA,NA,NA,NA,NA,NA,NA,NA
NEG_1434,1:2,0,1,Garo Hills Block,25.891304,89.815901,38675.0,78.99,33.83,45.61,-0.000381,-0.002222,4.6793,19.8424,10,Tree cover,0.791,27.4,47.1,1.37,5.2,Mixed Sedimentary,SM,162.6,73.2,NA,NA,NO_EVENT,NA,NA,NA,NA,NA,NA,NA,NA,NA,NA
NEG_1435,1:2,0,2,West Khasi Block,25.171702,91.009248,3819.4,499.38,19.22,33.87,0.003114,-0.001109,5.6143,20.1690,10,Tree cover,0.827,30.0,44.9,1.44,5.3,Siliciclastic Sedimentary,SS,241.9,448.6,NA,NA,NO_EVENT,NA,NA,NA,NA,NA,NA,NA,NA,NA,NA
NEG_1436,1:2,0,5,Jaintia Hills Block,25.049410,92.228229,8221.6,1072.48,28.69,286.76,-0.004249,-0.000326,4.4087,31.1641,10,Tree cover,0.815,29.0,44.2,1.43,4.8,Siliciclastic Sedimentary,SS,31.1,136.7,NA,NA,NO_EVENT,NA,NA,NA,NA,NA,NA,NA,NA,NA,NA
NEG_1437,1:2,0,3,East Khasi Block,25.340016,91.977160,1215.1,1516.02,16.69,130.74,-0.004355,0.000292,6.0155,37.8754,10,Tree cover,0.751,35.0,42.4,1.38,4.5,Metamorphic,MT,18.7,2095.1,NA,NA,NO_EVENT,NA,NA,NA,NA,NA,NA,NA,NA,NA,NA
NEG_1438,1:2,0,3,East Khasi Block,25.496747,91.709807,1211.3,1663.19,23.74,333.76,0.001300,-0.001646,4.9096,19.4749,10,Tree cover,0.665,30.7,39.6,1.34,4.4,Metamorphic,MT,97.4,129.0,NA,NA,NO_EVENT,NA,NA,NA,NA,NA,NA,NA,NA,NA,NA
NEG_1439,1:2,0,3,East Khasi Block,25.095659,91.785502,10547.4,1170.26,18.21,337.45,-0.001166,-0.001722,5.3982,19.8674,10,Tree cover,0.827,30.0,50.8,1.44,5.4,Siliciclastic Sedimentary,SS,53.9,320.1,NA,NA,NO_EVENT,NA,NA,NA,NA,NA,NA,NA,NA,NA,NA
NEG_1440,1:2,0,2,West Khasi Block,25.076459,91.423955,11399.5,853.08,26.83,208.10,-0.000444,0.000487,4.6402,24.0977,10,Tree cover,0.823,29.7,48.4,1.44,4.9,Siliciclastic Sedimentary,SS,47.5,1424.5,NA,NA,NO_EVENT,NA,NA,NA,NA,NA,NA,NA,NA,NA,NA
NEG_1441,1:2,0,5,Jaintia Hills Block,25.614380,92.078321,3324.5,1543.53,25.70,226.12,0.001694,-0.001914,4.5462,31.1498,10,Tree cover,0.652,27.5,45.9,1.30,4.8,Metamorphic,MT,107.3,797.2,NA,NA,NO_EVENT,NA,NA,NA,NA,NA,NA,NA,NA,NA,NA
NEG_1442,1:2,0,3,East Khasi Block,25.562592,91.713530,2525.6,1673.44,17.20,316.89,-0.004194,-0.000371,5.2578,19.7702,10,Tree cover,0.651,28.5,39.5,1.32,4.3,Metamorphic,MT,84.0,1002.2,NA,NA,NO_EVENT,NA,NA,NA,NA,NA,NA,NA,NA,NA,NA
NEG_1443,1:2,0,1,Garo Hills Block,25.500254,90.184892,2523.0,112.86,19.86,207.48,0.000593,-0.002517,5.2078,18.9545,10,Tree cover,0.664,23.0,47.7,1.34,5.1,Mixed Sedimentary,SM,70.0,885.0,NA,NA,NO_EVENT,NA,NA,NA,NA,NA,NA,NA,NA,NA,NA
NEG_1444,1:2,0,4,Ri-Bhoi Block,25.891079,92.625114,27013.8,725.01,30.95,132.03,-0.000523,0.000807,4.9094,19.7135,10,Tree cover,0.791,33.3,40.5,1.32,4.7,Metamorphic,MT,218.5,1255.6,NA,NA,NO_EVENT,NA,NA,NA,NA,NA,NA,NA,NA,NA,NA
NEG_1445,1:2,0,5,Jaintia Hills Block,25.354511,92.290080,7414.4,1204.54,14.45,46.89,-0.000826,-0.002150,6.1632,34.6327,10,Tree cover,0.742,34.8,44.0,1.38,4.9,Metamorphic,MT,149.9,535.4,NA,NA,NO_EVENT,NA,NA,NA,NA,NA,NA,NA,NA,NA,NA
NEG_1446,1:2,0,4,Ri-Bhoi Block,26.028856,91.194761,19972.8,693.19,23.44,35.25,-0.001201,-0.002199,5.3037,34.8673,10,Tree cover,0.830,35.1,39.4,1.37,4.6,Metamorphic,MT,70.8,441.5,NA,NA,NO_EVENT,NA,NA,NA,NA,NA,NA,NA,NA,NA,NA
NEG_1447,1:2,0,4,Ri-Bhoi Block,25.902436,92.810411,12419.5,433.73,22.73,103.35,-0.000369,-0.002719,5.5767,18.4282,10,Tree cover,0.796,33.6,46.6,1.32,5.1,Metamorphic,MT,82.9,378.8,NA,NA,NO_EVENT,NA,NA,NA,NA,NA,NA,NA,NA,NA,NA
NEG_1448,1:2,0,4,Ri-Bhoi Block,25.946782,91.553701,500.9,1171.78,19.19,103.77,-0.000953,-0.000204,5.8485,19.1881,10,Tree cover,0.815,34.7,45.3,1.34,5.0,Metamorphic,MT,2.8,8289.0,NA,NA,NO_EVENT,NA,NA,NA,NA,NA,NA,NA,NA,NA,NA
NEG_1449,1:2,0,1,Garo Hills Block,25.076143,90.613492,14974.4,114.97,29.45,291.66,0.004787,0.000115,4.4295,24.7633,10,Tree cover,0.823,29.7,53.0,1.44,5.0,Mixed Sedimentary,SM,107.3,144.9,NA,NA,NO_EVENT,NA,NA,NA,NA,NA,NA,NA,NA,NA,NA
NEG_1450,1:2,0,2,West Khasi Block,25.646493,91.179415,1335.7,853.15,29.81,309.23,0.000352,0.002788,4.2508,42.2879,10,Tree cover,0.659,27.2,39.0,1.29,4.6,Metamorphic,MT,276.0,3926.6,NA,NA,NO_EVENT,NA,NA,NA,NA,NA,NA,NA,NA,NA,NA
NEG_1451,1:2,0,2,West Khasi Block,25.229502,91.310569,6232.3,888.75,31.79,118.95,-0.001279,0.002075,4.7862,36.6424,10,Tree cover,0.810,28.6,52.6,1.43,4.8,Siliciclastic Sedimentary,SS,305.1,532.4,NA,NA,NO_EVENT,NA,NA,NA,NA,NA,NA,NA,NA,NA,NA
NEG_1452,1:2,0,4,Ri-Bhoi Block,25.745561,91.803239,8112.3,1550.83,17.03,348.71,-0.000278,0.002747,5.5759,37.7058,10,Tree cover,0.703,28.4,38.1,1.28,4.3,Metamorphic,MT,63.9,1291.2,NA,NA,NO_EVENT,NA,NA,NA,NA,NA,NA,NA,NA,NA,NA
NEG_1453,1:2,0,5,Jaintia Hills Block,25.535205,92.620039,7966.3,848.64,20.73,222.53,0.002941,-0.000354,5.0325,18.1515,10,Tree cover,0.655,29.4,40.3,1.33,4.7,Metamorphic,MT,105.8,1406.0,NA,NA,NO_EVENT,NA,NA,NA,NA,NA,NA,NA,NA,NA,NA
NEG_1454,1:2,0,3,East Khasi Block,25.503821,91.810449,1782.8,1737.13,22.34,323.38,-0.000237,0.002809,4.9972,18.7940,10,Tree cover,0.818,23.3,60.2,1.31,4.5,Plutonic Acidic,PA,122.2,19.7,NA,NA,NO_EVENT,NA,NA,NA,NA,NA,NA,NA,NA,NA,NA
NEG_1455,1:2,0,4,Ri-Bhoi Block,25.752596,92.014594,527.2,1498.36,14.28,185.13,0.000790,0.001932,5.8238,34.1161,10,Tree cover,0.707,28.6,43.9,1.28,4.6,Metamorphic,MT,17.9,633.7,NA,NA,NO_EVENT,NA,NA,NA,NA,NA,NA,NA,NA,NA,NA
NEG_1456,1:2,0,3,East Khasi Block,25.240551,91.862221,535.4,1357.08,34.78,71.81,-0.002156,-0.000139,4.5700,42.0723,10,Tree cover,0.806,28.2,52.9,1.43,5.4,Siliciclastic Sedimentary,SS,144.3,1224.8,NA,NA,NO_EVENT,NA,NA,NA,NA,NA,NA,NA,NA,NA,NA
NEG_1457,1:2,0,2,West Khasi Block,25.109243,91.188151,10580.5,704.19,18.50,341.16,-0.001276,0.002217,5.4269,18.7753,10,Tree cover,0.829,30.2,51.9,1.44,4.9,Siliciclastic Sedimentary,SS,3.5,286.0,NA,NA,NO_EVENT,NA,NA,NA,NA,NA,NA,NA,NA,NA,NA
NEG_1458,1:2,0,4,Ri-Bhoi Block,26.069757,92.788239,10538.9,390.62,26.47,172.96,-0.001746,0.000382,4.9042,45.8669,10,Tree cover,0.827,34.5,46.2,1.38,5.1,Metamorphic,MT,115.9,25.7,NA,NA,NO_EVENT,NA,NA,NA,NA,NA,NA,NA,NA,NA,NA
NEG_1459,1:2,0,4,Ri-Bhoi Block,25.743397,91.714056,4009.1,1466.25,17.64,349.83,0.001864,-0.001327,5.5185,38.5418,10,Tree cover,0.702,28.4,39.5,1.28,4.3,Metamorphic,MT,17.1,2148.8,NA,NA,NO_EVENT,NA,NA,NA,NA,NA,NA,NA,NA,NA,NA
NEG_1460,1:2,0,2,West Khasi Block,25.281319,91.085503,2124.5,688.99,30.91,45.51,0.002356,0.001246,4.9258,49.9332,10,Tree cover,0.786,26.7,47.7,1.42,5.1,Siliciclastic Sedimentary,SS,55.7,2826.2,NA,NA,NO_EVENT,NA,NA,NA,NA,NA,NA,NA,NA,NA,NA
NEG_1461,1:2,0,3,East Khasi Block,25.056927,91.665626,12674.4,1080.98,32.14,318.31,0.000714,-0.000946,4.1538,30.5310,10,Tree cover,0.818,39.9,23.3,1.31,5.7,Volcanic Basic,VB,79.9,640.0,NA,NA,NO_EVENT,NA,NA,NA,NA,NA,NA,NA,NA,NA,NA
NEG_1462,1:2,0,1,Garo Hills Block,25.937928,89.869380,40772.6,25.00,20.84,45.00,-0.004214,0.000409,5.7250,18.6215,10,Tree cover,0.812,25.6,49.5,1.39,5.3,Mixed Sedimentary,SM,302.4,346.3,NA,NA,NO_EVENT,NA,NA,NA,NA,NA,NA,NA,NA,NA,NA
NEG_1463,1:2,0,3,East Khasi Block,25.465788,91.844774,1469.8,1703.62,32.23,337.41,-0.004127,0.000512,4.3465,26.1592,10,Tree cover,0.796,31.8,38.4,1.35,4.3,Metamorphic,MT,118.5,148.4,NA,NA,NO_EVENT,NA,NA,NA,NA,NA,NA,NA,NA,NA,NA
NEG_1464,1:2,0,4,Ri-Bhoi Block,26.091324,91.960861,7173.7,1078.78,29.85,194.09,-0.003732,0.000687,4.5479,52.6038,10,Tree cover,0.822,34.1,41.8,1.38,4.8,Metamorphic,MT,213.7,446.9,NA,NA,NO_EVENT,NA,NA,NA,NA,NA,NA,NA,NA,NA,NA
NEG_1465,1:2,0,4,Ri-Bhoi Block,25.855793,92.335415,18333.6,1150.80,29.05,40.14,0.002704,-0.001359,5.0007,25.9765,60,Bare / sparse vegetation,0.362,32.1,42.2,1.31,4.8,Metamorphic,MT,15.7,2029.2,NA,NA,NO_EVENT,NA,NA,NA,NA,NA,NA,NA,NA,NA,NA
NEG_1466,1:2,0,3,East Khasi Block,25.552907,91.657768,1143.3,1541.46,22.92,309.52,0.001502,-0.001331,4.8174,19.3067,10,Tree cover,0.652,28.8,41.4,1.32,4.5,Metamorphic,MT,137.4,3269.8,NA,NA,NO_EVENT,NA,NA,NA,NA,NA,NA,NA,NA,NA,NA
NEG_1467,1:2,0,3,East Khasi Block,25.646939,91.840793,1077.2,1737.52,32.49,298.15,-0.001259,-0.001339,4.0371,44.6011,10,Tree cover,0.799,27.2,38.3,1.29,4.3,Metamorphic,MT,39.6,2235.1,NA,NA,NO_EVENT,NA,NA,NA,NA,NA,NA,NA,NA,NA,NA
NEG_1468,1:2,0,5,Jaintia Hills Block,25.116419,92.236500,933.8,1086.41,17.65,331.77,-0.001984,0.000045,5.5230,18.3591,10,Tree cover,0.829,37.8,29.4,1.32,5.4,Carbonate Sedimentary,SC,83.4,727.8,NA,NA,NO_EVENT,NA,NA,NA,NA,NA,NA,NA,NA,NA,NA
NEG_1469,1:2,0,5,Jaintia Hills Block,25.332451,92.497679,1334.3,990.97,17.26,76.39,-0.004678,-0.000189,5.9834,38.6970,10,Tree cover,0.755,35.1,38.1,1.38,4.5,Metamorphic,MT,112.5,2856.8,NA,NA,NO_EVENT,NA,NA,NA,NA,NA,NA,NA,NA,NA,NA
NEG_1470,1:2,0,4,Ri-Bhoi Block,25.663889,91.312517,5413.2,1083.45,32.03,240.21,-0.001409,-0.002049,4.1073,48.7623,10,Tree cover,0.665,27.2,43.7,1.29,4.9,Metamorphic,MT,106.1,6984.5,NA,NA,NO_EVENT,NA,NA,NA,NA,NA,NA,NA,NA,NA,NA
NEG_1471,1:2,0,2,West Khasi Block,25.052333,91.519093,11795.2,1022.74,25.05,232.59,-0.002820,0.000998,4.7079,28.8148,10,Tree cover,0.816,29.1,44.8,1.43,5.0,Siliciclastic Sedimentary,SS,45.4,547.0,NA,NA,NO_EVENT,NA,NA,NA,NA,NA,NA,NA,NA,NA,NA
NEG_1472,1:2,0,2,West Khasi Block,25.190050,91.003501,3717.3,487.49,21.99,46.34,0.004158,-0.000224,5.4577,23.1687,10,Tree cover,0.823,29.7,44.7,1.44,5.3,Siliciclastic Sedimentary,SS,157.2,469.5,NA,NA,NO_EVENT,NA,NA,NA,NA,NA,NA,NA,NA,NA,NA
NEG_1473,1:2,0,1,Garo Hills Block,25.202576,90.608460,2531.6,25.00,32.07,67.85,-0.004886,-0.000064,4.6916,28.8128,10,Tree cover,0.819,29.4,52.9,1.43,5.0,Mixed Sedimentary,SM,164.8,1336.5,NA,NA,NO_EVENT,NA,NA,NA,NA,NA,NA,NA,NA,NA,NA
NEG_1474,1:2,0,1,Garo Hills Block,25.698629,90.765515,6065.7,206.35,25.20,211.20,0.003077,0.000024,4.7502,47.2137,10,Tree cover,0.679,29.6,49.8,1.32,5.3,Mixed Sedimentary,SM,207.8,3817.2,NA,NA,NO_EVENT,NA,NA,NA,NA,NA,NA,NA,NA,NA,NA
NEG_1475,1:2,0,1,Garo Hills Block,25.595266,90.494446,13000.7,58.94,20.86,314.71,-0.003859,-0.000649,4.9327,25.0316,10,Tree cover,0.650,26.1,49.3,1.32,4.8,Mixed Sedimentary,SM,97.4,1924.9,NA,NA,NO_EVENT,NA,NA,NA,NA,NA,NA,NA,NA,NA,NA
NEG_1476,1:2,0,3,East Khasi Block,25.110280,91.965307,9739.3,1226.47,19.33,198.33,-0.002320,0.001247,5.3645,18.7410,10,Tree cover,0.829,30.2,51.9,1.44,5.2,Siliciclastic Sedimentary,SS,96.7,197.5,NA,NA,NO_EVENT,NA,NA,NA,NA,NA,NA,NA,NA,NA,NA
NEG_1477,1:2,0,4,Ri-Bhoi Block,25.959414,91.238304,13931.0,839.19,14.33,74.91,0.004786,0.000118,6.2200,19.8077,10,Tree cover,0.819,34.9,40.9,1.35,4.7,Metamorphic,MT,82.1,389.9,NA,NA,NO_EVENT,NA,NA,NA,NA,NA,NA,NA,NA,NA,NA
NEG_1478,1:2,0,1,Garo Hills Block,26.017400,90.560871,27970.3,51.94,28.36,39.00,0.000302,0.002606,4.9498,35.3116,10,Tree cover,0.830,23.1,51.9,1.41,4.9,Mixed Sedimentary,SM,105.0,810.9,NA,NA,NO_EVENT,NA,NA,NA,NA,NA,NA,NA,NA,NA,NA
NEG_1479,1:2,0,2,West Khasi Block,25.160942,91.131871,4165.1,709.03,25.10,16.05,-0.002595,0.001368,5.1033,19.5072,60,Bare / sparse vegetation,0.320,30.1,49.7,1.44,5.0,Siliciclastic Sedimentary,SS,16.5,142.9,NA,NA,NO_EVENT,NA,NA,NA,NA,NA,NA,NA,NA,NA,NA
NEG_1480,1:2,0,3,East Khasi Block,25.032595,91.985236,17396.9,1087.83,27.81,226.28,-0.002977,-0.000036,4.4383,35.2123,10,Tree cover,0.809,28.5,51.3,1.43,5.1,Siliciclastic Sedimentary,SS,63.5,33.5,NA,NA,NO_EVENT,NA,NA,NA,NA,NA,NA,NA,NA,NA,NA
NEG_1481,1:2,0,1,Garo Hills Block,25.280982,90.561463,9107.4,43.49,30.94,56.06,0.001327,0.002201,4.9232,49.8947,10,Tree cover,0.786,26.7,51.9,1.42,4.9,Mixed Sedimentary,SM,32.3,2000.2,NA,NA,NO_EVENT,NA,NA,NA,NA,NA,NA,NA,NA,NA,NA
NEG_1482,1:2,0,2,West Khasi Block,25.038231,91.225282,18056.0,745.11,25.92,294.58,-0.003465,-0.000349,4.6022,32.6406,10,Tree cover,0.811,28.7,52.8,1.43,4.9,Siliciclastic Sedimentary,SS,168.2,871.2,NA,NA,NO_EVENT,NA,NA,NA,NA,NA,NA,NA,NA,NA,NA
NEG_1483,1:2,0,1,Garo Hills Block,25.339321,90.658318,6947.5,177.84,17.80,104.74,0.000899,0.001284,5.9280,39.2172,10,Tree cover,0.751,24.5,53.0,1.40,5.1,Mixed Sedimentary,SM,124.9,2077.3,NA,NA,NO_EVENT,NA,NA,NA,NA,NA,NA,NA,NA,NA,NA
NEG_1484,1:2,0,2,West Khasi Block,25.648133,91.549940,5278.9,1423.93,29.13,253.29,-0.000154,-0.002835,4.3080,42.1599,10,Tree cover,0.660,27.2,45.4,1.29,4.7,Metamorphic,MT,181.2,3773.2,NA,NA,NO_EVENT,NA,NA,NA,NA,NA,NA,NA,NA,NA,NA
NEG_1485,1:2,0,2,West Khasi Block,25.371382,91.495724,1576.9,1251.37,16.17,136.77,-0.001483,-0.000879,5.9806,35.2663,10,Tree cover,0.731,25.7,51.6,1.32,4.7,Plutonic Acidic,PA,86.0,3550.6,NA,NA,NO_EVENT,NA,NA,NA,NA,NA,NA,NA,NA,NA,NA
NEG_1486,1:2,0,4,Ri-Bhoi Block,26.083698,91.587822,8167.2,984.14,33.48,320.78,0.004229,-0.000317,4.2877,55.7872,10,Tree cover,0.824,34.2,44.1,1.38,4.9,Metamorphic,MT,125.7,133.8,NA,NA,NO_EVENT,NA,NA,NA,NA,NA,NA,NA,NA,NA,NA
NEG_1487,1:2,0,2,West Khasi Block,25.441924,91.271788,6904.4,993.49,27.57,149.70,0.002687,-0.000313,4.8143,30.6977,10,Tree cover,0.690,32.6,42.1,1.36,4.8,Metamorphic,MT,139.2,499.1,NA,NA,NO_EVENT,NA,NA,NA,NA,NA,NA,NA,NA,NA,NA
NEG_1488,1:2,0,1,Garo Hills Block,26.044511,90.210772,36410.8,25.00,24.24,161.27,-0.003322,-0.000800,5.1817,38.8852,10,Tree cover,0.830,22.7,46.6,1.42,5.1,Mixed Sedimentary,SM,290.6,2518.0,NA,NA,NO_EVENT,NA,NA,NA,NA,NA,NA,NA,NA,NA,NA
NEG_1489,1:2,0,4,Ri-Bhoi Block,26.028712,92.695579,17111.4,462.54,30.56,155.47,-0.000890,-0.002461,4.7346,39.9493,60,Bare / sparse vegetation,0.164,35.1,43.2,1.37,4.8,Metamorphic,MT,12.1,602.0,NA,NA,NO_EVENT,NA,NA,NA,NA,NA,NA,NA,NA,NA,NA
NEG_1490,1:2,0,4,Ri-Bhoi Block,25.675047,91.054288,1077.4,638.13,31.68,318.88,-0.001129,-0.001582,4.1624,50.9434,60,Bare / sparse vegetation,0.307,27.3,38.6,1.28,4.5,Metamorphic,MT,12.0,5516.4,NA,NA,NO_EVENT,NA,NA,NA,NA,NA,NA,NA,NA,NA,NA
NEG_1491,1:2,0,1,Garo Hills Block,25.141906,90.386498,21265.3,41.07,19.19,8.52,-0.000743,0.002209,5.5014,18.1236,10,Tree cover,0.830,30.3,45.0,1.44,4.8,Mixed Sedimentary,SM,93.2,80.2,NA,NA,NO_EVENT,NA,NA,NA,NA,NA,NA,NA,NA,NA,NA
NEG_1492,1:2,0,5,Jaintia Hills Block,25.554010,92.806010,25664.4,493.04,14.02,252.49,0.000376,0.001337,5.5273,18.8637,10,Tree cover,0.652,28.8,46.5,1.32,5.1,Metamorphic,MT,15.6,6969.9,NA,NA,NO_EVENT,NA,NA,NA,NA,NA,NA,NA,NA,NA,NA
NEG_1493,1:2,0,3,East Khasi Block,25.303580,91.693743,3293.1,1401.71,22.77,47.17,-0.002370,-0.001092,5.5746,44.2016,10,Tree cover,0.773,25.9,46.8,1.41,5.1,Siliciclastic Sedimentary,SS,45.8,222.8,NA,NA,NO_EVENT,NA,NA,NA,NA,NA,NA,NA,NA,NA,NA
NEG_1494,1:2,0,3,East Khasi Block,25.606190,91.747252,3248.9,1644.55,20.66,314.77,-0.003167,-0.000700,4.9473,26.9846,10,Tree cover,0.651,27.6,38.7,1.30,4.3,Metamorphic,MT,77.6,1580.9,NA,NA,NO_EVENT,NA,NA,NA,NA,NA,NA,NA,NA,NA,NA
NEG_1495,1:2,0,5,Jaintia Hills Block,25.399438,92.122746,4525.7,1443.94,29.59,148.23,-0.001801,0.000772,4.8156,43.4002,10,Tree cover,0.714,33.9,46.7,1.37,4.8,Metamorphic,MT,41.0,1412.9,NA,NA,NO_EVENT,NA,NA,NA,NA,NA,NA,NA,NA,NA,NA
NEG_1496,1:2,0,4,Ri-Bhoi Block,25.940148,91.017516,12633.4,532.02,18.68,57.07,0.002927,-0.000558,5.8960,18.6878,10,Tree cover,0.813,34.5,39.4,1.34,4.6,Metamorphic,MT,223.1,2354.4,NA,NA,NO_EVENT,NA,NA,NA,NA,NA,NA,NA,NA,NA,NA
NEG_1497,1:2,0,4,Ri-Bhoi Block,25.977570,91.511219,4380.4,1078.76,14.35,126.57,0.002921,0.001247,6.1834,21.6079,10,Tree cover,0.824,35.1,46.4,1.35,5.1,Metamorphic,MT,74.6,3667.6,NA,NA,NO_EVENT,NA,NA,NA,NA,NA,NA,NA,NA,NA,NA
NEG_1498,1:2,0,2,West Khasi Block,25.048980,91.204224,17053.5,704.39,26.33,306.84,-0.003338,-0.000955,4.5964,30.1869,10,Tree cover,0.815,29.0,52.3,1.43,4.9,Siliciclastic Sedimentary,SS,222.9,915.0,NA,NA,NO_EVENT,NA,NA,NA,NA,NA,NA,NA,NA,NA,NA
NEG_1499,1:2,0,2,West Khasi Block,25.053251,91.003806,15740.3,478.91,25.49,306.08,-0.003820,0.000667,4.6753,28.7897,10,Tree cover,0.816,29.1,44.8,1.43,5.3,Siliciclastic Sedimentary,SS,79.2,551.0,NA,NA,NO_EVENT,NA,NA,NA,NA,NA,NA,NA,NA,NA,NA
NEG_1500,1:2,0,1,Garo Hills Block,25.458380,90.019917,8891.5,26.33,33.61,220.85,0.002100,0.000763,4.2654,28.5362,10,Tree cover,0.681,22.5,53.1,1.36,5.4,Mixed Sedimentary,SM,122.6,292.6,NA,NA,NO_EVENT,NA,NA,NA,NA,NA,NA,NA,NA,NA,NA
NEG_1501,1:2,0,1,Garo Hills Block,25.856542,90.924267,10651.6,374.36,29.07,106.76,-0.000560,0.002156,5.0009,25.8070,10,Tree cover,0.771,28.7,44.2,1.36,5.4,Mixed Sedimentary,SM,438.5,3199.3,NA,NA,NO_EVENT,NA,NA,NA,NA,NA,NA,NA,NA,NA,NA
NEG_1502,1:2,0,5,Jaintia Hills Block,25.513233,92.137491,3244.4,1469.01,27.20,224.31,0.000348,-0.001808,4.5777,18.3103,10,Tree cover,0.660,30.1,46.9,1.33,4.8,Metamorphic,MT,328.8,2397.3,NA,NA,NO_EVENT,NA,NA,NA,NA,NA,NA,NA,NA,NA,NA
NEG_1503,1:2,0,4,Ri-Bhoi Block,25.689748,91.620132,2166.7,1492.17,33.10,302.34,-0.004695,0.000176,4.0903,55.1667,10,Tree cover,0.675,27.4,42.9,1.28,4.6,Metamorphic,MT,410.8,4058.8,NA,NA,NO_EVENT,NA,NA,NA,NA,NA,NA,NA,NA,NA,NA
NEG_1504,1:2,0,4,Ri-Bhoi Block,26.088883,92.668912,21725.4,535.09,35.41,187.78,0.000944,0.000985,4.1127,58.7337,10,Tree cover,0.869,34.1,42.2,1.38,4.8,Metamorphic,MT,196.7,1027.5,NA,NA,NO_EVENT,NA,NA,NA,NA,NA,NA,NA,NA,NA,NA
NEG_1505,1:2,0,2,West Khasi Block,25.435529,91.546477,3460.7,1371.94,28.58,159.57,-0.000056,-0.000841,4.7590,32.8874,10,Tree cover,0.693,32.8,45.5,1.36,5.0,Metamorphic,MT,204.8,335.5,NA,NA,NO_EVENT,NA,NA,NA,NA,NA,NA,NA,NA,NA,NA
NEG_1506,1:2,0,3,East Khasi Block,25.513630,91.874632,2078.8,1720.60,27.08,285.25,0.000455,-0.001056,4.5861,18.2892,10,Tree cover,0.773,23.1,61.2,1.31,4.6,Plutonic Acidic,PA,49.0,110.0,NA,NA,NO_EVENT,NA,NA,NA,NA,NA,NA,NA,NA,NA,NA
NEG_1507,1:2,0,3,East Khasi Block,25.644792,91.734861,7631.8,1545.38,26.57,317.45,0.001164,-0.000026,4.5073,39.2408,10,Tree cover,0.659,27.2,38.9,1.29,4.3,Metamorphic,MT,374.8,136.7,NA,NA,NO_EVENT,NA,NA,NA,NA,NA,NA,NA,NA,NA,NA
NEG_1508,1:2,0,2,West Khasi Block,25.147489,91.134360,5607.8,684.61,23.48,8.70,-0.001373,0.001812,5.1804,18.3904,10,Tree cover,0.830,30.3,49.9,1.44,5.0,Siliciclastic Sedimentary,SS,59.6,1260.4,NA,NA,NO_EVENT,NA,NA,NA,NA,NA,NA,NA,NA,NA,NA
NEG_1509,1:2,0,1,Garo Hills Block,25.536445,89.857263,12353.3,126.96,20.25,321.95,0.003039,-0.000451,5.0678,18.1879,10,Tree cover,0.654,24.0,48.9,1.33,5.3,Mixed Sedimentary,SM,21.7,479.0,NA,NA,NO_EVENT,NA,NA,NA,NA,NA,NA,NA,NA,NA,NA
NEG_1510,1:2,0,1,Garo Hills Block,25.996868,90.145134,36386.0,25.00,18.40,144.32,-0.000847,-0.002483,5.8103,25.6602,10,Tree cover,0.828,23.6,49.4,1.41,5.2,Mixed Sedimentary,SM,126.6,1545.0,NA,NA,NO_EVENT,NA,NA,NA,NA,NA,NA,NA,NA,NA,NA
NEG_1511,1:2,0,1,Garo Hills Block,25.032198,90.648490,19792.9,119.10,30.90,260.92,0.001269,-0.002189,4.1902,37.2424,60,Bare / sparse vegetation,0.168,28.5,53.1,1.43,5.1,Mixed Sedimentary,SM,0.9,57.8,NA,NA,NO_EVENT,NA,NA,NA,NA,NA,NA,NA,NA,NA,NA
NEG_1512,1:2,0,2,West Khasi Block,25.038308,91.436243,14549.7,825.07,30.38,219.37,-0.001362,-0.001965,4.2456,35.1375,10,Tree cover,0.811,28.7,47.9,1.43,4.9,Siliciclastic Sedimentary,SS,226.3,564.4,NA,NA,NO_EVENT,NA,NA,NA,NA,NA,NA,NA,NA,NA,NA
NEG_1513,1:2,0,5,Jaintia Hills Block,25.150491,92.036389,3817.8,1278.02,15.11,169.91,0.000648,-0.002583,5.8618,18.3631,10,Tree cover,0.829,39.2,24.4,1.32,6.0,Carbonate Sedimentary,SC,75.2,1203.5,NA,NA,NO_EVENT,NA,NA,NA,NA,NA,NA,NA,NA,NA,NA
NEG_1514,1:2,0,2,West Khasi Block,25.087820,91.119463,12360.8,539.89,28.42,336.34,0.004261,0.000423,4.5527,22.2180,10,Tree cover,0.826,29.9,49.2,1.44,5.1,Siliciclastic Sedimentary,SS,127.6,128.6,NA,NA,NO_EVENT,NA,NA,NA,NA,NA,NA,NA,NA,NA,NA
NEG_1515,1:2,0,3,East Khasi Block,25.189730,91.616470,865.8,1170.24,30.58,54.80,-0.004857,0.000083,4.7694,25.1133,10,Tree cover,0.823,29.7,44.4,1.44,5.2,Siliciclastic Sedimentary,SS,117.7,311.2,NA,NA,NO_EVENT,NA,NA,NA,NA,NA,NA,NA,NA,NA,NA
NEG_1516,1:2,0,3,East Khasi Block,25.210431,91.894467,3586.4,1289.33,34.12,92.35,-0.003049,-0.000823,4.5508,31.8815,60,Bare / sparse vegetation,0.376,29.2,53.1,1.43,5.3,Siliciclastic Sedimentary,SS,5.5,235.4,NA,NA,NO_EVENT,NA,NA,NA,NA,NA,NA,NA,NA,NA,NA
NEG_1517,1:2,0,1,Garo Hills Block,25.076632,90.615276,14899.2,115.74,29.21,290.17,0.004719,0.000145,4.4504,24.6009,10,Tree cover,0.823,29.7,53.0,1.44,5.0,Mixed Sedimentary,SM,22.6,37.4,NA,NA,NO_EVENT,NA,NA,NA,NA,NA,NA,NA,NA,NA,NA
NEG_1518,1:2,0,2,West Khasi Block,25.411212,91.384042,2601.6,1087.37,32.51,159.51,-0.002473,0.001438,4.5389,42.4612,10,Tree cover,0.707,33.6,46.0,1.37,5.0,Metamorphic,MT,204.2,2772.9,NA,NA,NO_EVENT,NA,NA,NA,NA,NA,NA,NA,NA,NA,NA
NEG_1519,1:2,0,4,Ri-Bhoi Block,25.756629,91.740577,7009.1,1493.56,14.62,357.46,0.000546,0.000451,5.8127,34.2161,10,Tree cover,0.710,28.7,38.8,1.28,4.3,Metamorphic,MT,23.9,2434.6,NA,NA,NO_EVENT,NA,NA,NA,NA,NA,NA,NA,NA,NA,NA
NEG_1520,1:2,0,1,Garo Hills Block,25.178355,90.991831,5095.2,457.95,19.18,46.75,0.004364,-0.000349,5.6418,20.9312,10,Tree cover,0.825,29.9,44.5,1.44,5.3,Mixed Sedimentary,SM,115.4,1705.0,NA,NA,NO_EVENT,NA,NA,NA,NA,NA,NA,NA,NA,NA,NA
NEG_1521,1:2,0,4,Ri-Bhoi Block,25.912040,91.699414,2945.1,1291.49,25.59,46.75,0.001891,0.001860,5.3521,18.0731,10,Tree cover,0.801,33.9,39.9,1.33,4.6,Metamorphic,MT,100.1,6708.9,NA,NA,NO_EVENT,NA,NA,NA,NA,NA,NA,NA,NA,NA,NA
NEG_1522,1:2,0,5,Jaintia Hills Block,25.507946,92.071609,1885.9,1646.95,21.54,210.48,-0.000121,0.002517,5.0475,18.5030,10,Tree cover,0.662,30.3,45.8,1.34,4.8,Metamorphic,MT,176.0,1033.4,NA,NA,NO_EVENT,NA,NA,NA,NA,NA,NA,NA,NA,NA,NA
NEG_1523,1:2,0,1,Garo Hills Block,25.076538,90.626910,14821.8,120.67,28.12,278.57,0.004113,0.000273,4.5372,24.3744,10,Tree cover,0.823,29.7,53.1,1.44,5.0,Mixed Sedimentary,SM,45.9,927.6,NA,NA,NO_EVENT,NA,NA,NA,NA,NA,NA,NA,NA,NA,NA
NEG_1524,1:2,0,1,Garo Hills Block,25.496844,89.859045,12696.6,115.19,25.87,334.31,-0.001539,-0.000669,4.7388,19.5966,10,Tree cover,0.665,23.0,49.0,1.35,5.3,Mixed Sedimentary,SM,259.4,478.1,NA,NA,NO_EVENT,NA,NA,NA,NA,NA,NA,NA,NA,NA,NA
NEG_1525,1:2,0,2,West Khasi Block,25.057135,91.421284,13340.6,822.54,30.29,214.45,-0.000111,-0.000942,4.3024,29.7531,10,Tree cover,0.818,29.2,48.6,1.43,4.9,Siliciclastic Sedimentary,SS,37.6,1267.2,NA,NA,NO_EVENT,NA,NA,NA,NA,NA,NA,NA,NA,NA,NA
NEG_1526,1:2,0,5,Jaintia Hills Block,25.493977,92.648958,13006.2,828.81,29.86,205.27,-0.001237,-0.002118,4.4298,20.2227,10,Tree cover,0.666,30.8,41.4,1.34,4.7,Metamorphic,MT,150.2,3747.9,NA,NA,NO_EVENT,NA,NA,NA,NA,NA,NA,NA,NA,NA,NA
NEG_1527,1:2,0,1,Garo Hills Block,25.137798,90.384151,21346.3,42.43,19.32,4.88,-0.000440,0.002132,5.4746,18.0379,10,Tree cover,0.830,30.3,45.0,1.44,4.8,Mixed Sedimentary,SM,37.2,47.9,NA,NA,NO_EVENT,NA,NA,NA,NA,NA,NA,NA,NA,NA,NA
NEG_1528,1:2,0,4,Ri-Bhoi Block,26.028883,92.017416,2823.8,1097.39,21.12,154.84,-0.001411,0.001952,5.4892,33.2032,10,Tree cover,0.830,35.1,44.0,1.37,4.9,Metamorphic,MT,93.2,8148.8,NA,NA,NO_EVENT,NA,NA,NA,NA,NA,NA,NA,NA,NA,NA
NEG_1529,1:2,0,2,West Khasi Block,25.091785,91.292615,13458.1,858.74,21.81,234.00,-0.000221,-0.001558,5.0959,20.7105,10,Tree cover,0.826,30.0,52.9,1.44,4.8,Siliciclastic Sedimentary,SS,108.9,157.0,NA,NA,NO_EVENT,NA,NA,NA,NA,NA,NA,NA,NA,NA,NA
NEG_1530,1:2,0,1,Garo Hills Block,25.906457,90.604827,20995.0,28.78,31.36,73.37,-0.002367,0.000085,4.8885,18.3278,10,Tree cover,0.798,26.9,52.9,1.38,5.0,Mixed Sedimentary,SM,183.8,1590.9,NA,NA,NO_EVENT,NA,NA,NA,NA,NA,NA,NA,NA,NA,NA
NEG_1531,1:2,0,5,Jaintia Hills Block,25.465424,92.298301,4432.7,1261.04,25.38,347.02,0.000189,0.001339,4.8959,24.4978,10,Tree cover,0.678,31.8,43.7,1.35,4.9,Metamorphic,MT,60.8,4147.6,NA,NA,NO_EVENT,NA,NA,NA,NA,NA,NA,NA,NA,NA,NA
NEG_1532,1:2,0,2,West Khasi Block,25.425892,91.077223,2030.2,683.74,33.69,12.28,-0.003241,-0.000996,4.3882,38.6582,10,Tree cover,0.698,33.1,38.2,1.37,4.5,Metamorphic,MT,109.4,1256.3,NA,NA,NO_EVENT,NA,NA,NA,NA,NA,NA,NA,NA,NA,NA
NEG_1533,1:2,0,2,West Khasi Block,25.052201,91.323978,16595.4,834.83,31.95,231.65,0.003021,0.000956,4.1556,31.8327,10,Tree cover,0.816,29.1,52.3,1.43,4.8,Siliciclastic Sedimentary,SS,36.0,234.8,NA,NA,NO_EVENT,NA,NA,NA,NA,NA,NA,NA,NA,NA,NA
NEG_1534,1:2,0,4,Ri-Bhoi Block,25.798502,92.528143,22010.2,821.11,17.86,102.68,-0.002204,0.001489,5.7175,32.3239,10,Tree cover,0.735,30.1,38.2,1.29,4.5,Metamorphic,MT,77.0,311.6,NA,NA,NO_EVENT,NA,NA,NA,NA,NA,NA,NA,NA,NA,NA
NEG_1535,1:2,0,3,East Khasi Block,25.078395,91.650454,10813.7,1123.97,29.75,322.22,0.002473,0.000545,4.4132,24.3335,10,Tree cover,0.824,40.5,23.7,1.32,5.7,Volcanic Basic,VB,307.5,170.1,NA,NA,NO_EVENT,NA,NA,NA,NA,NA,NA,NA,NA,NA,NA
NEG_1536,1:2,0,4,Ri-Bhoi Block,25.825803,91.133261,821.5,805.62,31.16,32.04,0.003893,0.000090,4.7485,34.9522,10,Tree cover,0.752,31.0,38.2,1.30,4.5,Metamorphic,MT,35.0,1837.2,NA,NA,NO_EVENT,NA,NA,NA,NA,NA,NA,NA,NA,NA,NA
NEG_1537,1:2,0,1,Garo Hills Block,25.675978,90.029864,8418.4,120.34,33.82,252.97,0.000862,-0.001551,3.9937,53.3726,10,Tree cover,0.669,29.0,53.0,1.32,5.4,Mixed Sedimentary,SM,23.8,2466.2,NA,NA,NO_EVENT,NA,NA,NA,NA,NA,NA,NA,NA,NA,NA
NEG_1538,1:2,0,4,Ri-Bhoi Block,26.084627,91.279599,28233.0,709.44,28.15,210.02,-0.001790,-0.000650,4.7104,49.8886,10,Tree cover,0.824,34.2,42.5,1.38,4.8,Metamorphic,MT,155.7,1709.7,NA,NA,NO_EVENT,NA,NA,NA,NA,NA,NA,NA,NA,NA,NA
NEG_1539,1:2,0,5,Jaintia Hills Block,25.252117,92.809108,13113.8,432.94,25.43,104.88,-0.000126,0.002924,5.3375,38.3351,10,Tree cover,0.800,27.8,44.2,1.43,5.3,Siliciclastic Sedimentary,SS,74.4,1935.8,NA,NA,NO_EVENT,NA,NA,NA,NA,NA,NA,NA,NA,NA,NA
NEG_1540,1:2,0,1,Garo Hills Block,25.182998,90.838911,19330.0,347.02,29.58,151.63,-0.004382,-0.000360,4.8263,23.4352,10,Tree cover,0.824,29.8,46.6,1.44,5.4,Mixed Sedimentary,SM,57.4,29.8,NA,NA,NO_EVENT,NA,NA,NA,NA,NA,NA,NA,NA,NA,NA
NEG_1541,1:2,0,2,West Khasi Block,25.200604,91.245257,1132.0,757.89,22.79,74.07,0.004684,0.000124,5.4279,25.2991,10,Tree cover,0.820,29.4,53.0,1.44,4.9,Siliciclastic Sedimentary,SS,41.3,1003.2,NA,NA,NO_EVENT,NA,NA,NA,NA,NA,NA,NA,NA,NA,NA
NEG_1542,1:2,0,2,West Khasi Block,25.260501,91.592382,510.6,1233.73,32.74,81.15,0.000240,0.001198,4.7637,46.5993,10,Tree cover,0.796,27.5,44.2,1.42,5.2,Siliciclastic Sedimentary,SS,38.0,1468.7,NA,NA,NO_EVENT,NA,NA,NA,NA,NA,NA,NA,NA,NA,NA
NEG_1543,1:2,0,1,Garo Hills Block,26.099848,90.361932,35216.0,25.00,32.19,328.63,0.003962,0.000417,4.3273,56.1005,10,Tree cover,0.820,22.6,44.5,1.43,4.8,Mixed Sedimentary,SM,41.7,44.0,NA,NA,NO_EVENT,NA,NA,NA,NA,NA,NA,NA,NA,NA,NA
NEG_1544,1:2,0,2,West Khasi Block,25.022092,91.550347,15339.1,1036.99,29.26,253.34,0.000198,0.002775,4.3015,39.0369,10,Tree cover,0.804,28.1,44.3,1.43,5.1,Siliciclastic Sedimentary,SS,33.0,1852.6,NA,NA,NO_EVENT,NA,NA,NA,NA,NA,NA,NA,NA,NA,NA
NEG_1545,1:2,0,1,Garo Hills Block,26.014717,89.821464,50502.7,25.00,27.72,30.62,0.000222,0.001934,5.0099,34.2071,10,Tree cover,0.829,23.2,47.4,1.41,5.2,Mixed Sedimentary,SM,66.2,979.8,NA,NA,NO_EVENT,NA,NA,NA,NA,NA,NA,NA,NA,NA,NA
NEG_1546,1:2,0,2,West Khasi Block,25.350891,91.404851,5976.2,1052.69,22.37,140.34,0.001393,0.001876,5.5381,44.0358,10,Tree cover,0.744,25.9,52.9,1.32,4.8,Plutonic Acidic,PA,34.7,2276.0,NA,NA,NO_EVENT,NA,NA,NA,NA,NA,NA,NA,NA,NA,NA
NEG_1547,1:2,0,5,Jaintia Hills Block,25.604358,92.097605,4449.6,1535.63,26.22,228.57,0.003293,-0.000729,4.5024,28.9612,10,Tree cover,0.651,27.6,46.4,1.30,4.8,Metamorphic,MT,419.6,82.8,NA,NA,NO_EVENT,NA,NA,NA,NA,NA,NA,NA,NA,NA,NA
NEG_1548,1:2,0,1,Garo Hills Block,25.731746,90.004499,14820.7,91.98,22.47,274.22,0.002488,0.001491,5.0868,44.7933,10,Tree cover,0.695,30.1,53.1,1.33,5.4,Mixed Sedimentary,SM,158.7,1908.2,NA,NA,NO_EVENT,NA,NA,NA,NA,NA,NA,NA,NA,NA,NA
NEG_1549,1:2,0,5,Jaintia Hills Block,25.026341,92.274340,8925.0,946.51,26.13,305.92,-0.001386,0.002131,4.5599,35.7353,10,Tree cover,0.806,28.3,45.1,1.43,4.8,Siliciclastic Sedimentary,SS,37.8,76.0,NA,NA,NO_EVENT,NA,NA,NA,NA,NA,NA,NA,NA,NA,NA
NEG_1550,1:2,0,3,East Khasi Block,25.461614,91.872875,2750.1,1702.91,34.93,321.76,-0.004432,-0.000337,4.1470,28.0112,10,Tree cover,0.775,31.9,38.9,1.35,4.3,Metamorphic,MT,212.5,723.7,NA,NA,NO_EVENT,NA,NA,NA,NA,NA,NA,NA,NA,NA,NA
NEG_1551,1:2,0,1,Garo Hills Block,25.418860,89.810270,21035.7,25.00,33.75,16.68,-0.002122,-0.001609,4.4107,40.9653,10,Tree cover,0.702,22.7,46.9,1.37,5.2,Mixed Sedimentary,SM,144.0,1057.0,NA,NA,NO_EVENT,NA,NA,NA,NA,NA,NA,NA,NA,NA,NA
NEG_1552,1:2,0,2,West Khasi Block,25.161162,91.180768,5422.9,733.51,19.96,20.89,0.000944,0.002177,5.5154,19.2170,10,Tree cover,0.828,30.1,51.7,1.44,5.0,Siliciclastic Sedimentary,SS,214.6,137.3,NA,NA,NO_EVENT,NA,NA,NA,NA,NA,NA,NA,NA,NA,NA
NEG_1553,1:2,0,5,Jaintia Hills Block,25.612811,92.079948,3323.6,1544.48,25.62,226.31,0.001886,-0.001798,4.5520,30.7280,10,Tree cover,0.652,27.5,46.0,1.30,4.8,Metamorphic,MT,133.2,818.0,NA,NA,NO_EVENT,NA,NA,NA,NA,NA,NA,NA,NA,NA,NA
NEG_1554,1:2,0,2,West Khasi Block,25.030074,91.534723,14277.4,1025.68,27.73,244.17,-0.000757,0.002418,4.4394,35.8329,60,Bare / sparse vegetation,0.167,28.4,44.5,1.43,5.1,Siliciclastic Sedimentary,SS,15.3,1399.8,NA,NA,NO_EVENT,NA,NA,NA,NA,NA,NA,NA,NA,NA,NA
NEG_1555,1:2,0,1,Garo Hills Block,25.137709,89.832563,35415.6,52.95,22.37,2.88,-0.000564,-0.001227,5.2303,18.0424,10,Tree cover,0.830,30.3,47.8,1.44,5.2,Mixed Sedimentary,SM,91.2,1306.6,NA,NA,NO_EVENT,NA,NA,NA,NA,NA,NA,NA,NA,NA,NA
NEG_1556,1:2,0,4,Ri-Bhoi Block,25.969831,91.823111,3075.8,1271.47,18.64,53.96,-0.002626,0.001164,5.8565,21.6120,10,Tree cover,0.822,35.0,38.2,1.35,4.5,Metamorphic,MT,285.3,3706.2,NA,NA,NO_EVENT,NA,NA,NA,NA,NA,NA,NA,NA,NA,NA
NEG_1557,1:2,0,2,West Khasi Block,25.445736,91.087161,1120.4,728.63,35.48,0.68,-0.004443,-0.000040,4.1663,33.0880,10,Tree cover,0.846,32.5,38.2,1.36,4.5,Metamorphic,MT,145.2,225.6,NA,NA,NO_EVENT,NA,NA,NA,NA,NA,NA,NA,NA,NA,NA
NEG_1558,1:2,0,4,Ri-Bhoi Block,25.994760,92.134685,7884.2,1145.13,25.03,132.15,-0.001784,-0.001486,5.2858,27.9409,10,Tree cover,0.827,35.2,46.8,1.36,5.1,Metamorphic,MT,80.6,1115.9,NA,NA,NO_EVENT,NA,NA,NA,NA,NA,NA,NA,NA,NA,NA
NEG_1559,1:2,0,2,West Khasi Block,25.516256,91.253937,778.8,890.12,17.48,278.29,-0.000691,0.001553,5.3459,18.1130,10,Tree cover,0.659,30.0,41.4,1.33,4.7,Metamorphic,MT,111.0,799.0,NA,NA,NO_EVENT,NA,NA,NA,NA,NA,NA,NA,NA,NA,NA
NEG_1560,1:2,0,3,East Khasi Block,25.509324,91.817004,2044.2,1738.64,22.13,319.26,-0.000024,0.002645,4.9958,18.4390,60,Bare / sparse vegetation,0.162,23.2,60.4,1.31,4.5,Plutonic Acidic,PA,3.0,698.7,NA,NA,NO_EVENT,NA,NA,NA,NA,NA,NA,NA,NA,NA,NA
NEG_1561,1:2,0,4,Ri-Bhoi Block,26.005700,91.232762,18368.0,810.34,17.07,64.88,0.000832,0.000067,5.8906,26.5109,10,Tree cover,0.829,35.2,40.7,1.36,4.7,Metamorphic,MT,132.1,773.3,NA,NA,NO_EVENT,NA,NA,NA,NA,NA,NA,NA,NA,NA,NA
NEG_1562,1:2,0,5,Jaintia Hills Block,25.048004,92.106590,11145.6,1045.13,32.12,221.85,0.004237,0.000191,4.1306,33.1605,10,Tree cover,0.815,29.0,46.1,1.43,4.9,Siliciclastic Sedimentary,SS,70.8,352.1,NA,NA,NO_EVENT,NA,NA,NA,NA,NA,NA,NA,NA,NA,NA
NEG_1563,1:2,0,1,Garo Hills Block,25.521065,90.870694,5682.7,436.18,25.39,223.73,0.001290,-0.001111,4.6986,18.0373,10,Tree cover,0.658,23.5,45.4,1.34,5.4,Mixed Sedimentary,SM,118.4,2717.2,NA,NA,NO_EVENT,NA,NA,NA,NA,NA,NA,NA,NA,NA,NA
NEG_1564,1:2,0,1,Garo Hills Block,25.866413,90.763062,17642.9,285.90,29.14,137.79,-0.001611,-0.001964,5.0165,23.6539,10,Tree cover,0.777,28.3,49.9,1.36,5.3,Mixed Sedimentary,SM,222.8,591.1,NA,NA,NO_EVENT,NA,NA,NA,NA,NA,NA,NA,NA,NA,NA
NEG_1565,1:2,0,2,West Khasi Block,25.358400,91.463526,2188.7,1154.06,16.39,139.56,-0.002639,0.001134,5.9984,36.6064,10,Tree cover,0.739,25.8,51.8,1.32,4.7,Plutonic Acidic,PA,181.6,1796.6,NA,NA,NO_EVENT,NA,NA,NA,NA,NA,NA,NA,NA,NA,NA
NEG_1566,1:2,0,2,West Khasi Block,25.036229,91.599391,15408.8,1102.44,34.55,284.84,0.003237,0.000524,3.9072,38.1785,10,Tree cover,0.810,28.6,44.2,1.43,5.2,Siliciclastic Sedimentary,SS,20.8,1237.0,NA,NA,NO_EVENT,NA,NA,NA,NA,NA,NA,NA,NA,NA,NA
NEG_1567,1:2,0,1,Garo Hills Block,25.266804,90.031594,13046.8,25.00,32.78,104.24,-0.000167,0.002896,4.7671,48.3510,10,Tree cover,0.793,27.3,53.0,1.42,5.4,Mixed Sedimentary,SM,44.0,1873.2,NA,NA,NO_EVENT,NA,NA,NA,NA,NA,NA,NA,NA,NA,NA
NEG_1568,1:2,0,1,Garo Hills Block,26.030798,90.733360,35948.5,83.76,21.97,152.70,-0.002209,0.000279,5.4143,34.2095,10,Tree cover,0.830,22.9,51.1,1.42,5.3,Mixed Sedimentary,SM,109.7,3947.8,NA,NA,NO_EVENT,NA,NA,NA,NA,NA,NA,NA,NA,NA,NA
NEG_1569,1:2,0,3,East Khasi Block,25.106373,91.777567,9223.1,1184.71,16.19,344.00,-0.001453,-0.002088,5.6005,18.8518,10,Tree cover,0.828,30.2,50.5,1.44,5.4,Siliciclastic Sedimentary,SS,174.0,1065.0,NA,NA,NO_EVENT,NA,NA,NA,NA,NA,NA,NA,NA,NA,NA
NEG_1570,1:2,0,2,West Khasi Block,25.299018,91.391883,3297.2,1068.50,27.57,133.95,0.002774,-0.001198,5.1927,49.2058,10,Tree cover,0.776,26.0,49.9,1.41,4.8,Siliciclastic Sedimentary,SS,139.8,3682.9,NA,NA,NO_EVENT,NA,NA,NA,NA,NA,NA,NA,NA,NA,NA
NEG_1571,1:2,0,3,East Khasi Block,25.135044,91.864655,7144.5,1265.31,23.01,4.95,-0.000286,0.000335,5.1684,18.0094,60,Bare / sparse vegetation,0.283,30.3,52.9,1.44,5.3,Siliciclastic Sedimentary,SS,9.1,5.6,NA,NA,NO_EVENT,NA,NA,NA,NA,NA,NA,NA,NA,NA,NA
NEG_1572,1:2,0,1,Garo Hills Block,25.625004,89.950221,6390.7,59.86,24.23,298.66,-0.001042,0.001696,4.6704,32.8611,10,Tree cover,0.654,27.2,52.4,1.32,5.4,Mixed Sedimentary,SM,265.0,120.3,NA,NA,NO_EVENT,NA,NA,NA,NA,NA,NA,NA,NA,NA,NA
NEG_1573,1:2,0,1,Garo Hills Block,26.056936,89.883103,52230.3,25.00,27.76,10.90,0.002999,-0.000985,4.8519,44.7353,10,Tree cover,0.828,22.6,50.1,1.42,5.3,Mixed Sedimentary,SM,242.0,5102.8,NA,NA,NO_EVENT,NA,NA,NA,NA,NA,NA,NA,NA,NA,NA
NEG_1574,1:2,0,1,Garo Hills Block,25.611495,89.809498,17738.2,36.14,31.12,312.72,0.001517,-0.002089,4.1115,33.0738,10,Tree cover,0.652,26.7,46.8,1.32,5.2,Mixed Sedimentary,SM,174.8,595.3,NA,NA,NO_EVENT,NA,NA,NA,NA,NA,NA,NA,NA,NA,NA
NEG_1575,1:2,0,3,East Khasi Block,25.565726,91.924325,981.7,1737.46,23.06,250.88,-0.000163,-0.000510,4.7841,20.7760,10,Tree cover,0.734,28.5,40.4,1.31,4.4,Metamorphic,MT,99.6,465.7,NA,NA,NO_EVENT,NA,NA,NA,NA,NA,NA,NA,NA,NA,NA
NEG_1576,1:2,0,3,East Khasi Block,25.578312,91.919197,1363.0,1746.77,24.76,254.26,0.000470,0.000428,4.6323,23.0061,60,Bare / sparse vegetation,0.183,21.5,61.1,1.30,4.7,Plutonic Acidic,PA,6.7,470.5,NA,NA,NO_EVENT,NA,NA,NA,NA,NA,NA,NA,NA,NA,NA
NEG_1577,1:2,0,2,West Khasi Block,25.582593,91.570679,5861.5,1379.61,22.17,266.05,0.002801,-0.000607,4.8355,23.1847,10,Tree cover,0.650,28.0,44.7,1.31,5.0,Metamorphic,MT,135.6,5129.8,NA,NA,NO_EVENT,NA,NA,NA,NA,NA,NA,NA,NA,NA,NA
NEG_1578,1:2,0,1,Garo Hills Block,25.762742,90.159179,10486.6,47.85,15.31,179.04,0.000024,-0.002978,5.7819,34.4696,10,Tree cover,0.713,30.3,48.8,1.33,5.2,Mixed Sedimentary,SM,387.7,3235.8,NA,NA,NO_EVENT,NA,NA,NA,NA,NA,NA,NA,NA,NA,NA
NEG_1579,1:2,0,4,Ri-Bhoi Block,25.821577,91.354693,11764.5,1042.38,31.20,144.31,0.004979,0.000012,4.7316,36.2371,10,Tree cover,0.750,30.9,45.2,1.30,5.0,Metamorphic,MT,2186.7,403.5,NA,NA,NO_EVENT,NA,NA,NA,NA,NA,NA,NA,NA,NA,NA
NEG_1580,1:2,0,2,West Khasi Block,25.476241,91.014166,5727.7,620.90,25.85,334.47,0.002476,0.001497,4.8163,22.5624,10,Tree cover,0.673,31.4,39.5,1.35,4.6,Metamorphic,MT,2253.7,332.6,NA,NA,NO_EVENT,NA,NA,NA,NA,NA,NA,NA,NA,NA,NA
NEG_1581,1:2,0,1,Garo Hills Block,25.048563,90.823449,26269.9,144.37,34.28,218.10,0.003044,0.001079,3.9593,34.0004,10,Tree cover,0.815,29.0,47.2,1.43,5.4,Mixed Sedimentary,SM,480.8,603.5,NA,NA,NO_EVENT,NA,NA,NA,NA,NA,NA,NA,NA,NA,NA
NEG_1582,1:2,0,4,Ri-Bhoi Block,26.074102,92.464345,22488.6,751.92,32.90,1.21,-0.004115,-0.000048,4.3725,53.5000,10,Tree cover,0.826,34.5,38.4,1.38,4.5,Metamorphic,MT,2780.4,10103.1,NA,NA,NO_EVENT,NA,NA,NA,NA,NA,NA,NA,NA,NA,NA
NEG_1583,1:2,0,2,West Khasi Block,25.375728,91.592776,3482.5,1459.81,24.94,76.82,0.000953,-0.001147,5.2661,43.9517,10,Tree cover,0.728,34.5,43.9,1.38,4.6,Metamorphic,MT,948.2,1880.3,NA,NA,NO_EVENT,NA,NA,NA,NA,NA,NA,NA,NA,NA,NA
NEG_1584,1:2,0,4,Ri-Bhoi Block,25.935080,91.145887,9733.3,669.62,24.98,46.90,-0.002556,0.000889,5.3959,18.5472,10,Tree cover,0.811,34.4,38.4,1.34,4.5,Metamorphic,MT,342.1,728.1,NA,NA,NO_EVENT,NA,NA,NA,NA,NA,NA,NA,NA,NA,NA
NEG_1585,1:2,0,1,Garo Hills Block,25.039394,90.027257,30360.2,119.48,34.27,255.70,-0.000963,0.001998,3.9369,36.9752,10,Tree cover,0.811,28.7,53.0,1.43,5.4,Mixed Sedimentary,SM,720.7,1856.4,NA,NA,NO_EVENT,NA,NA,NA,NA,NA,NA,NA,NA,NA,NA
NEG_1586,1:2,0,5,Jaintia Hills Block,25.571224,92.756790,20649.7,620.82,18.32,233.60,-0.004554,0.000041,5.1557,20.8197,10,Tree cover,0.650,28.3,45.4,1.31,5.0,Metamorphic,MT,1532.6,1784.6,NA,NA,NO_EVENT,NA,NA,NA,NA,NA,NA,NA,NA,NA,NA
NEG_1587,1:2,0,1,Garo Hills Block,25.768666,90.016294,18738.9,32.36,21.75,141.78,-0.000489,0.002521,5.2904,40.5983,10,Tree cover,0.717,30.3,53.1,1.33,5.4,Mixed Sedimentary,SM,505.1,3873.8,NA,NA,NO_EVENT,NA,NA,NA,NA,NA,NA,NA,NA,NA,NA
NEG_1588,1:2,0,5,Jaintia Hills Block,25.224510,92.152536,2788.4,1215.86,35.55,122.57,-0.001942,-0.001698,4.4737,37.1475,10,Tree cover,0.850,41.8,26.3,1.34,5.6,Carbonate Sedimentary,SC,356.7,2178.2,NA,NA,NO_EVENT,NA,NA,NA,NA,NA,NA,NA,NA,NA,NA
NEG_1589,1:2,0,4,Ri-Bhoi Block,25.928755,91.683968,3131.3,1243.42,24.46,48.65,0.001313,0.001421,5.4409,18.2112,10,Tree cover,0.808,34.3,40.4,1.33,4.7,Metamorphic,MT,2479.7,7608.3,NA,NA,NO_EVENT,NA,NA,NA,NA,NA,NA,NA,NA,NA,NA
NEG_1590,1:2,0,1,Garo Hills Block,25.715977,89.886429,18311.0,25.00,21.00,334.96,-0.002729,-0.001026,5.1457,43.1455,10,Tree cover,0.687,29.9,50.2,1.32,5.3,Mixed Sedimentary,SM,391.8,2148.4,NA,NA,NO_EVENT,NA,NA,NA,NA,NA,NA,NA,NA,NA,NA
NEG_1591,1:2,0,4,Ri-Bhoi Block,25.914813,92.204239,7467.5,1161.04,27.31,90.86,0.002196,0.001679,5.2150,18.0232,10,Tree cover,0.802,33.9,46.4,1.33,5.1,Metamorphic,MT,1218.2,559.3,NA,NA,NO_EVENT,NA,NA,NA,NA,NA,NA,NA,NA,NA,NA
NEG_1592,1:2,0,3,East Khasi Block,25.299758,91.961464,1660.9,1484.46,22.71,122.88,-0.003523,-0.000878,5.5812,43.7787,10,Tree cover,0.775,26.0,52.0,1.41,4.9,Siliciclastic Sedimentary,SS,73.0,1859.1,NA,NA,NO_EVENT,NA,NA,NA,NA,NA,NA,NA,NA,NA,NA
NEG_1593,1:2,0,1,Garo Hills Block,25.252043,89.923007,19914.4,50.91,25.47,51.40,0.000208,-0.002858,5.3342,38.3500,10,Tree cover,0.800,27.8,51.6,1.43,5.4,Mixed Sedimentary,SM,923.5,5358.2,NA,NA,NO_EVENT,NA,NA,NA,NA,NA,NA,NA,NA,NA,NA
NEG_1594,1:2,0,1,Garo Hills Block,25.237227,90.344818,13192.7,25.00,35.19,74.61,-0.002482,0.000475,4.5307,41.2425,10,Tree cover,0.855,28.4,44.2,1.43,4.9,Mixed Sedimentary,SM,4185.9,3307.6,NA,NA,NO_EVENT,NA,NA,NA,NA,NA,NA,NA,NA,NA,NA
NEG_1595,1:2,0,2,West Khasi Block,25.384768,91.076271,3927.5,634.76,27.03,31.35,-0.000064,-0.002040,5.0704,44.4153,10,Tree cover,0.723,34.3,38.3,1.38,4.5,Metamorphic,MT,4339.1,2128.5,NA,NA,NO_EVENT,NA,NA,NA,NA,NA,NA,NA,NA,NA,NA
NEG_1596,1:2,0,2,West Khasi Block,25.569222,91.254099,2108.8,919.80,15.23,275.56,-0.004231,0.000132,5.4055,20.1519,10,Tree cover,0.650,28.4,41.5,1.31,4.7,Metamorphic,MT,1058.8,2733.7,NA,NA,NO_EVENT,NA,NA,NA,NA,NA,NA,NA,NA,NA,NA
NEG_1597,1:2,0,1,Garo Hills Block,25.312329,89.888971,18853.7,25.00,18.30,46.55,0.002694,-0.000552,5.9259,39.5675,10,Tree cover,0.768,25.5,50.3,1.41,5.3,Mixed Sedimentary,SM,219.5,1313.1,NA,NA,NO_EVENT,NA,NA,NA,NA,NA,NA,NA,NA,NA,NA
NEG_1598,1:2,0,4,Ri-Bhoi Block,25.673510,91.007022,3409.7,649.18,26.60,305.48,0.003213,-0.001069,4.5649,45.3902,10,Tree cover,0.668,27.2,39.7,1.28,4.6,Metamorphic,MT,2008.6,6197.8,NA,NA,NO_EVENT,NA,NA,NA,NA,NA,NA,NA,NA,NA,NA
NEG_1599,1:2,0,5,Jaintia Hills Block,25.342566,92.444170,3861.0,1012.61,22.84,51.51,-0.001923,0.001364,5.5184,45.0907,10,Tree cover,0.749,35.0,38.7,1.38,4.5,Metamorphic,MT,322.9,1496.1,NA,NA,NO_EVENT,NA,NA,NA,NA,NA,NA,NA,NA,NA,NA
NEG_1600,1:2,0,4,Ri-Bhoi Block,25.826483,92.416185,24057.4,1045.03,32.29,35.25,0.001170,0.000189,4.6602,35.3571,10,Tree cover,0.753,31.0,39.4,1.30,4.6,Metamorphic,MT,2500.3,2979.5,NA,NA,NO_EVENT,NA,NA,NA,NA,NA,NA,NA,NA,NA,NA
NEG_1601,1:2,0,1,Garo Hills Block,25.554581,90.199340,5054.4,98.70,14.15,223.21,-0.003501,-0.000820,5.5158,18.9062,40,Cropland,0.655,24.6,47.0,1.33,5.1,Mixed Sedimentary,SM,3423.0,623.1,NA,NA,NO_EVENT,NA,NA,NA,NA,NA,NA,NA,NA,NA,NA
NEG_1602,1:2,0,1,Garo Hills Block,25.771919,90.428525,2311.5,55.10,15.07,7.02,-0.000444,-0.002727,5.8378,33.3282,10,Tree cover,0.719,30.3,46.5,1.33,4.8,Mixed Sedimentary,SM,815.7,5227.1,NA,NA,NO_EVENT,NA,NA,NA,NA,NA,NA,NA,NA,NA,NA
NEG_1603,1:2,0,1,Garo Hills Block,25.496528,89.998252,4137.4,25.00,26.06,279.97,0.001359,0.001546,4.7247,19.6434,10,Tree cover,0.665,23.0,53.1,1.35,5.4,Mixed Sedimentary,SM,92.0,520.1,NA,NA,NO_EVENT,NA,NA,NA,NA,NA,NA,NA,NA,NA,NA
NEG_1604,1:2,0,1,Garo Hills Block,25.911333,90.184119,26742.9,55.59,21.26,134.47,0.001409,0.002138,5.6983,18.0756,10,Tree cover,0.801,26.7,47.7,1.38,5.2,Mixed Sedimentary,SM,1526.8,3449.1,NA,NA,NO_EVENT,NA,NA,NA,NA,NA,NA,NA,NA,NA,NA
NEG_1605,1:2,0,4,Ri-Bhoi Block,25.995345,92.435903,20891.3,843.53,24.99,43.90,0.000524,-0.002643,5.2874,28.0573,10,Tree cover,0.827,35.2,38.9,1.36,4.6,Metamorphic,MT,2374.8,1679.0,NA,NA,NO_EVENT,NA,NA,NA,NA,NA,NA,NA,NA,NA,NA
NEG_1606,1:2,0,5,Jaintia Hills Block,25.521749,92.070323,3411.4,1657.57,19.20,214.87,0.000763,0.002456,5.1918,18.0201,10,Tree cover,0.658,29.8,45.7,1.33,4.8,Metamorphic,MT,341.4,850.2,NA,NA,NO_EVENT,NA,NA,NA,NA,NA,NA,NA,NA,NA,NA
NEG_1607,1:2,0,4,Ri-Bhoi Block,25.689001,92.249381,9302.5,1351.64,25.00,302.64,0.004642,-0.000206,4.7361,45.9827,10,Tree cover,0.674,27.4,45.4,1.28,5.0,Metamorphic,MT,3975.5,2412.3,NA,NA,NO_EVENT,NA,NA,NA,NA,NA,NA,NA,NA,NA,NA
NEG_1608,1:2,0,5,Jaintia Hills Block,25.486350,92.196716,3034.3,1338.39,29.80,256.80,0.001465,-0.002120,4.4623,21.3847,10,Tree cover,0.669,31.0,46.6,1.35,5.1,Metamorphic,MT,383.0,1144.6,NA,NA,NO_EVENT,NA,NA,NA,NA,NA,NA,NA,NA,NA,NA
NEG_1609,1:2,0,5,Jaintia Hills Block,25.519453,92.669946,13220.8,826.81,26.51,213.63,0.000211,-0.002867,4.6138,18.0729,10,Tree cover,0.658,29.9,42.2,1.33,4.8,Metamorphic,MT,158.6,3167.1,NA,NA,NO_EVENT,NA,NA,NA,NA,NA,NA,NA,NA,NA,NA
NEG_1610,1:2,0,4,Ri-Bhoi Block,25.867878,92.305812,15327.6,1136.02,26.64,46.15,0.000329,-0.002645,5.2193,22.8960,10,Tree cover,0.778,32.5,43.4,1.31,4.9,Metamorphic,MT,1891.7,378.7,NA,NA,NO_EVENT,NA,NA,NA,NA,NA,NA,NA,NA,NA,NA
NEG_1611,1:2,0,1,Garo Hills Block,25.618848,90.348383,1851.6,66.21,31.53,285.40,0.002001,-0.000262,4.0820,35.4765,10,Tree cover,0.653,27.0,44.3,1.32,4.9,Mixed Sedimentary,SM,2286.7,519.8,NA,NA,NO_EVENT,NA,NA,NA,NA,NA,NA,NA,NA,NA,NA
NEG_1612,1:2,0,5,Jaintia Hills Block,25.525179,92.752621,20858.1,632.77,19.58,224.12,-0.001787,0.000875,5.1515,18.0001,10,Tree cover,0.657,29.7,45.3,1.33,5.0,Metamorphic,MT,1426.8,3600.8,NA,NA,NO_EVENT,NA,NA,NA,NA,NA,NA,NA,NA,NA,NA
NEG_1613,1:2,0,4,Ri-Bhoi Block,25.833225,92.274046,12657.8,1153.48,23.51,46.31,-0.002939,-0.000553,5.3835,29.1356,10,Tree cover,0.757,31.3,44.6,1.30,4.9,Metamorphic,MT,412.1,3381.1,NA,NA,NO_EVENT,NA,NA,NA,NA,NA,NA,NA,NA,NA,NA
NEG_1614,1:2,0,2,West Khasi Block,25.055452,91.226971,16142.2,766.73,24.23,296.95,-0.004642,-0.000129,4.7823,27.7699,10,Tree cover,0.817,29.2,52.8,1.43,4.9,Siliciclastic Sedimentary,SS,333.6,174.1,NA,NA,NO_EVENT,NA,NA,NA,NA,NA,NA,NA,NA,NA,NA
NEG_1615,1:2,0,4,Ri-Bhoi Block,25.718351,92.331600,16835.7,1123.26,21.18,336.48,-0.003112,0.001018,5.1399,43.3968,10,Tree cover,0.688,27.8,42.4,1.28,4.8,Metamorphic,MT,2391.1,688.1,NA,NA,NO_EVENT,NA,NA,NA,NA,NA,NA,NA,NA,NA,NA
NEG_1616,1:2,0,5,Jaintia Hills Block,25.073216,92.399939,1798.4,804.21,30.95,328.97,0.002987,0.000198,4.2997,25.8046,10,Tree cover,0.822,29.6,50.2,1.44,5.0,Siliciclastic Sedimentary,SS,1705.6,910.9,NA,NA,NO_EVENT,NA,NA,NA,NA,NA,NA,NA,NA,NA,NA
NEG_1617,1:2,0,1,Garo Hills Block,25.612273,90.401808,4719.7,44.30,24.65,306.01,0.000887,0.002376,4.6294,30.1207,10,Tree cover,0.652,26.7,45.5,1.32,4.8,Mixed Sedimentary,SM,3408.3,4143.2,NA,NA,NO_EVENT,NA,NA,NA,NA,NA,NA,NA,NA,NA,NA
NEG_1618,1:2,0,1,Garo Hills Block,25.362636,90.659885,4717.9,195.97,18.69,108.30,0.000412,0.002546,5.8034,38.8512,10,Tree cover,0.737,23.8,53.0,1.39,5.1,Mixed Sedimentary,SM,375.6,2758.1,NA,NA,NO_EVENT,NA,NA,NA,NA,NA,NA,NA,NA,NA,NA
NEG_1619,1:2,0,1,Garo Hills Block,25.593328,89.957641,3424.6,34.99,19.32,295.32,-0.003929,0.000633,5.0567,24.1918,10,Tree cover,0.650,26.0,52.6,1.32,5.4,Mixed Sedimentary,SM,905.3,3267.0,NA,NA,NO_EVENT,NA,NA,NA,NA,NA,NA,NA,NA,NA,NA
NEG_1620,1:2,0,5,Jaintia Hills Block,25.191219,92.278714,5391.7,1090.38,21.14,39.63,0.002521,-0.000281,5.5296,23.1586,10,Tree cover,0.823,40.8,30.7,1.33,5.4,Carbonate Sedimentary,SC,679.2,3732.9,NA,NA,NO_EVENT,NA,NA,NA,NA,NA,NA,NA,NA,NA,NA
NEG_1621,1:2,0,1,Garo Hills Block,25.163212,90.511859,13166.3,82.84,20.71,17.65,0.002278,-0.001631,5.4632,19.4478,10,Tree cover,0.828,30.1,50.1,1.44,4.8,Mixed Sedimentary,SM,289.5,302.0,NA,NA,NO_EVENT,NA,NA,NA,NA,NA,NA,NA,NA,NA,NA
NEG_1622,1:2,0,2,West Khasi Block,25.509640,91.377219,2780.4,1196.40,28.04,212.87,-0.000010,-0.001419,4.5220,18.5347,10,Tree cover,0.661,30.2,45.9,1.34,5.0,Metamorphic,MT,1221.5,16.9,NA,NA,NO_EVENT,NA,NA,NA,NA,NA,NA,NA,NA,NA,NA
NEG_1623,1:2,0,4,Ri-Bhoi Block,25.844699,91.164364,815.9,799.98,30.71,41.62,0.000504,0.001481,4.8401,29.3227,10,Tree cover,0.764,31.7,38.7,1.30,4.5,Metamorphic,MT,147.8,799.9,NA,NA,NO_EVENT,NA,NA,NA,NA,NA,NA,NA,NA,NA,NA
NEG_1624,1:2,0,4,Ri-Bhoi Block,25.873054,91.685956,7423.1,1360.04,31.96,45.50,-0.000586,0.002648,4.8032,22.7767,10,Tree cover,0.781,32.7,40.4,1.31,4.7,Metamorphic,MT,689.1,5249.9,NA,NA,NO_EVENT,NA,NA,NA,NA,NA,NA,NA,NA,NA,NA
NEG_1625,1:2,0,1,Garo Hills Block,25.142148,90.276811,13887.5,34.87,21.70,167.56,0.000360,-0.002775,5.3016,18.1472,10,Tree cover,0.830,30.3,44.5,1.44,5.0,Mixed Sedimentary,SM,1053.0,1232.9,NA,NA,NO_EVENT,NA,NA,NA,NA,NA,NA,NA,NA,NA,NA
NEG_1626,1:2,0,2,West Khasi Block,25.491996,91.010513,7355.7,607.60,22.98,322.90,0.001570,0.001847,4.9873,19.9273,10,Tree cover,0.667,30.8,39.6,1.34,4.6,Metamorphic,MT,1244.2,886.3,NA,NA,NO_EVENT,NA,NA,NA,NA,NA,NA,NA,NA,NA,NA
NEG_1627,1:2,0,4,Ri-Bhoi Block,25.823028,91.571248,8520.0,1193.22,27.53,96.07,0.002949,0.000052,5.0299,33.7088,10,Tree cover,0.751,30.9,44.7,1.30,5.0,Metamorphic,MT,1102.5,1375.5,NA,NA,NO_EVENT,NA,NA,NA,NA,NA,NA,NA,NA,NA,NA
NEG_1628,1:2,0,1,Garo Hills Block,25.439184,90.320819,12166.7,58.07,35.84,89.78,-0.003473,-0.000406,4.1636,35.4282,10,Tree cover,0.848,22.5,44.1,1.36,4.9,Mixed Sedimentary,SM,4938.2,4090.3,NA,NA,NO_EVENT,NA,NA,NA,NA,NA,NA,NA,NA,NA,NA
NEG_1629,1:2,0,2,West Khasi Block,25.264984,91.555278,2359.5,1208.51,27.99,102.77,0.000188,0.002880,5.1485,43.5016,10,Tree cover,0.794,27.4,44.2,1.42,5.1,Siliciclastic Sedimentary,SS,491.9,1181.1,NA,NA,NO_EVENT,NA,NA,NA,NA,NA,NA,NA,NA,NA,NA
NEG_1630,1:2,0,2,West Khasi Block,25.477314,91.370529,4366.3,1155.91,33.66,198.82,-0.003433,-0.000661,4.1874,23.6974,10,Tree cover,0.673,31.4,45.7,1.35,5.0,Metamorphic,MT,1205.8,395.6,NA,NA,NO_EVENT,NA,NA,NA,NA,NA,NA,NA,NA,NA,NA
NEG_1631,1:2,0,3,East Khasi Block,25.204332,91.821864,3758.4,1344.50,27.76,45.63,-0.002809,0.000533,5.0417,27.7831,10,Tree cover,0.819,29.3,52.0,1.43,5.4,Siliciclastic Sedimentary,SS,35.4,48.7,NA,NA,NO_EVENT,NA,NA,NA,NA,NA,NA,NA,NA,NA,NA
NEG_1632,1:2,0,1,Garo Hills Block,25.940742,90.586715,22277.5,66.15,26.21,64.55,-0.004454,-0.000268,5.2930,19.0172,10,Tree cover,0.813,25.5,52.6,1.39,5.0,Mixed Sedimentary,SM,1539.0,3878.7,NA,NA,NO_EVENT,NA,NA,NA,NA,NA,NA,NA,NA,NA,NA
NEG_1633,1:2,0,5,Jaintia Hills Block,25.550835,92.775358,22626.0,567.80,15.45,237.28,-0.002699,0.001204,5.4192,18.7548,10,Tree cover,0.652,28.9,45.9,1.32,5.0,Metamorphic,MT,130.2,4080.9,NA,NA,NO_EVENT,NA,NA,NA,NA,NA,NA,NA,NA,NA,NA
NEG_1634,1:2,0,3,East Khasi Block,25.379901,91.614891,3845.1,1469.60,27.13,59.49,0.000514,0.000450,5.0780,45.4666,10,Tree cover,0.726,34.4,43.1,1.38,4.6,Metamorphic,MT,845.1,1841.0,NA,NA,NO_EVENT,NA,NA,NA,NA,NA,NA,NA,NA,NA,NA
NEG_1635,1:2,0,3,East Khasi Block,25.117411,91.648346,7008.0,1166.90,24.14,346.80,0.001030,0.002322,5.0077,18.4335,10,Tree cover,0.829,30.3,45.2,1.44,5.3,Siliciclastic Sedimentary,SS,399.1,121.5,NA,NA,NO_EVENT,NA,NA,NA,NA,NA,NA,NA,NA,NA,NA
NEG_1636,1:2,0,5,Jaintia Hills Block,25.116802,92.725668,15267.9,504.79,21.63,190.18,-0.001820,0.000958,5.2061,18.4197,10,Tree cover,0.829,30.3,46.5,1.44,5.4,Siliciclastic Sedimentary,SS,9373.1,3910.4,NA,NA,NO_EVENT,NA,NA,NA,NA,NA,NA,NA,NA,NA,NA
NEG_1637,1:2,0,4,Ri-Bhoi Block,25.792916,92.203887,6085.7,1232.67,23.29,93.39,-0.002407,-0.001551,5.2621,37.8347,10,Tree cover,0.732,29.9,46.5,1.29,5.1,Metamorphic,MT,2069.2,5260.2,NA,NA,NO_EVENT,NA,NA,NA,NA,NA,NA,NA,NA,NA,NA
NEG_1638,1:2,0,4,Ri-Bhoi Block,25.780433,91.598674,5267.0,1311.63,23.65,42.39,0.002253,0.000668,5.1850,40.5787,10,Tree cover,0.724,29.4,43.7,1.29,4.9,Metamorphic,MT,2467.3,455.5,NA,NA,NO_EVENT,NA,NA,NA,NA,NA,NA,NA,NA,NA,NA
NEG_1639,1:2,0,5,Jaintia Hills Block,25.505906,92.418039,2409.1,1129.57,28.80,326.83,-0.000090,-0.002932,4.4734,18.8372,10,Tree cover,0.662,30.3,39.3,1.34,4.6,Metamorphic,MT,373.9,995.7,NA,NA,NO_EVENT,NA,NA,NA,NA,NA,NA,NA,NA,NA,NA
NEG_1640,1:2,0,4,Ri-Bhoi Block,26.053383,91.322060,25083.3,811.79,32.02,158.67,0.002702,0.001207,4.5251,47.9501,10,Tree cover,0.829,34.8,44.1,1.37,4.9,Metamorphic,MT,683.6,701.7,NA,NA,NO_EVENT,NA,NA,NA,NA,NA,NA,NA,NA,NA,NA
NEG_1641,1:2,0,4,Ri-Bhoi Block,26.026058,91.579165,1842.8,1132.30,27.32,87.89,0.001235,0.001910,5.0032,36.9372,10,Tree cover,0.830,35.1,44.4,1.37,4.9,Metamorphic,MT,662.4,1046.3,NA,NA,NO_EVENT,NA,NA,NA,NA,NA,NA,NA,NA,NA,NA
NEG_1642,1:2,0,2,West Khasi Block,25.601455,91.186172,565.7,875.85,22.84,304.88,-0.001560,0.001804,4.7729,26.9462,10,Tree cover,0.651,27.7,39.2,1.30,4.6,Metamorphic,MT,463.1,465.1,NA,NA,NO_EVENT,NA,NA,NA,NA,NA,NA,NA,NA,NA,NA
NEG_1643,1:2,0,1,Garo Hills Block,25.246031,89.811345,29183.7,92.14,35.52,44.30,-0.000879,0.002333,4.5207,44.4159,10,Tree cover,0.857,28.1,46.9,1.43,5.2,Mixed Sedimentary,SM,1680.2,386.3,NA,NA,NO_EVENT,NA,NA,NA,NA,NA,NA,NA,NA,NA,NA
NEG_1644,1:2,0,2,West Khasi Block,25.280827,91.354656,653.5,1027.46,31.35,128.49,0.002651,0.000181,4.8904,50.2847,10,Tree cover,0.786,26.8,51.3,1.42,4.8,Siliciclastic Sedimentary,SS,43.9,957.4,NA,NA,NO_EVENT,NA,NA,NA,NA,NA,NA,NA,NA,NA,NA
NEG_1645,1:2,0,2,West Khasi Block,25.430357,91.167880,7326.7,829.93,30.73,11.41,-0.000130,0.001205,4.6075,35.5264,10,Tree cover,0.696,33.0,38.8,1.36,4.5,Metamorphic,MT,4034.4,1180.1,NA,NA,NO_EVENT,NA,NA,NA,NA,NA,NA,NA,NA,NA,NA
NEG_1646,1:2,0,1,Garo Hills Block,26.079100,90.868331,33090.6,251.95,35.16,183.07,0.004697,0.000096,4.1717,56.8996,10,Tree cover,0.868,22.5,45.5,1.43,5.4,Mixed Sedimentary,SM,668.7,1756.5,NA,NA,NO_EVENT,NA,NA,NA,NA,NA,NA,NA,NA,NA,NA
NEG_1647,1:2,0,5,Jaintia Hills Block,25.071794,92.164999,8264.9,1125.36,31.34,235.31,0.001154,0.000137,4.2638,26.2541,10,Tree cover,0.822,29.6,44.5,1.44,4.8,Siliciclastic Sedimentary,SS,460.0,31.7,NA,NA,NO_EVENT,NA,NA,NA,NA,NA,NA,NA,NA,NA,NA
NEG_1648,1:2,0,5,Jaintia Hills Block,25.636338,92.120150,5031.1,1485.52,33.44,231.46,-0.000115,0.000644,3.9456,42.1202,10,Tree cover,0.657,27.3,46.7,1.29,4.8,Metamorphic,MT,208.5,1307.9,NA,NA,NO_EVENT,NA,NA,NA,NA,NA,NA,NA,NA,NA,NA
NEG_1649,1:2,0,2,West Khasi Block,25.181852,91.544078,2640.3,1096.73,22.08,124.76,0.000227,-0.001008,5.4222,21.8837,10,Tree cover,0.825,29.8,44.3,1.44,5.1,Siliciclastic Sedimentary,SS,645.4,231.3,NA,NA,NO_EVENT,NA,NA,NA,NA,NA,NA,NA,NA,NA,NA
NEG_1650,1:2,0,1,Garo Hills Block,25.293934,90.495589,15680.0,38.45,21.79,45.43,-0.003505,0.000811,5.6565,42.1335,10,Tree cover,0.779,26.2,49.4,1.41,4.8,Mixed Sedimentary,SM,3423.6,749.5,NA,NA,NO_EVENT,NA,NA,NA,NA,NA,NA,NA,NA,NA,NA
NEG_1651,1:2,0,1,Garo Hills Block,25.032448,90.197539,24630.6,25.00,26.03,221.79,-0.002218,-0.001603,4.5804,34.1473,10,Tree cover,0.809,28.5,47.1,1.43,5.1,Mixed Sedimentary,SM,2912.3,111.8,NA,NA,NO_EVENT,NA,NA,NA,NA,NA,NA,NA,NA,NA,NA
NEG_1652,1:2,0,1,Garo Hills Block,25.354010,90.156480,10133.6,25.00,15.90,141.23,0.000614,0.002156,6.0484,36.3317,10,Tree cover,0.742,24.1,48.9,1.39,5.2,Mixed Sedimentary,SM,4768.0,5990.8,NA,NA,NO_EVENT,NA,NA,NA,NA,NA,NA,NA,NA,NA,NA
NEG_1653,1:2,0,1,Garo Hills Block,26.084727,90.741330,41359.7,97.32,26.83,186.20,-0.004638,-0.000211,4.8156,48.4051,10,Tree cover,0.824,22.5,50.8,1.43,5.3,Mixed Sedimentary,SM,146.6,1175.7,NA,NA,NO_EVENT,NA,NA,NA,NA,NA,NA,NA,NA,NA,NA
NEG_1654,1:2,0,1,Garo Hills Block,25.160750,90.407201,21924.8,52.08,18.59,19.98,-0.000627,0.002250,5.6234,19.1014,10,Tree cover,0.828,30.1,45.7,1.44,4.8,Mixed Sedimentary,SM,125.0,179.8,NA,NA,NO_EVENT,NA,NA,NA,NA,NA,NA,NA,NA,NA,NA
NEG_1655,1:2,0,1,Garo Hills Block,25.654719,89.995333,6992.3,115.36,31.21,277.35,0.002035,-0.001281,4.1536,45.6654,10,Tree cover,0.662,28.3,53.1,1.32,5.4,Mixed Sedimentary,SM,2403.4,3590.5,NA,NA,NO_EVENT,NA,NA,NA,NA,NA,NA,NA,NA,NA,NA
NEG_1656,1:2,0,4,Ri-Bhoi Block,25.951429,92.732574,14380.1,507.45,21.13,131.95,0.004913,-0.000025,5.6876,19.7562,10,Tree cover,0.817,34.7,44.6,1.34,4.9,Metamorphic,MT,270.6,737.0,NA,NA,NO_EVENT,NA,NA,NA,NA,NA,NA,NA,NA,NA,NA
NEG_1657,1:2,0,2,West Khasi Block,25.286487,91.172791,5177.2,794.75,25.46,51.81,-0.000304,-0.002280,5.3630,45.1383,10,Tree cover,0.783,26.5,51.4,1.42,5.0,Siliciclastic Sedimentary,SS,3987.2,1447.8,NA,NA,NO_EVENT,NA,NA,NA,NA,NA,NA,NA,NA,NA,NA
NEG_1658,1:2,0,3,East Khasi Block,25.043905,91.754166,15302.1,1043.04,25.39,321.65,-0.003509,0.000857,4.6584,30.9662,10,Tree cover,0.813,39.6,21.4,1.31,5.7,Volcanic Basic,VB,1279.8,1126.8,NA,NA,NO_EVENT,NA,NA,NA,NA,NA,NA,NA,NA,NA,NA
NEG_1659,1:2,0,1,Garo Hills Block,25.467040,90.623678,6149.4,54.84,32.70,299.34,-0.003836,-0.000699,4.3040,25.9599,10,Tree cover,0.677,22.6,53.1,1.35,5.0,Mixed Sedimentary,SM,1675.0,658.4,NA,NA,NO_EVENT,NA,NA,NA,NA,NA,NA,NA,NA,NA,NA
NEG_1660,1:2,0,1,Garo Hills Block,25.469514,90.347961,9098.6,25.00,33.65,320.12,-0.004198,0.000170,4.2183,25.5579,10,Tree cover,0.676,22.6,44.3,1.35,4.9,Mixed Sedimentary,SM,5144.2,2719.8,NA,NA,NO_EVENT,NA,NA,NA,NA,NA,NA,NA,NA,NA,NA
NEG_1661,1:2,0,4,Ri-Bhoi Block,25.764238,91.523470,5605.7,1265.13,14.87,176.46,-0.000212,0.002528,5.8231,33.8642,10,Tree cover,0.714,28.9,46.1,1.28,5.0,Metamorphic,MT,2351.7,3901.7,NA,NA,NO_EVENT,NA,NA,NA,NA,NA,NA,NA,NA,NA,NA
NEG_1662,1:2,0,1,Garo Hills Block,25.947366,90.158301,30809.4,25.00,16.76,136.20,-0.000673,0.000163,6.0422,19.0796,10,Tree cover,0.815,25.3,48.8,1.39,5.2,Mixed Sedimentary,SM,241.8,3164.1,NA,NA,NO_EVENT,NA,NA,NA,NA,NA,NA,NA,NA,NA,NA
NEG_1663,1:2,0,4,Ri-Bhoi Block,25.868520,91.854226,2633.8,1350.40,34.10,67.46,0.002173,-0.000399,4.6238,24.1163,10,Tree cover,0.778,32.5,38.5,1.31,4.5,Metamorphic,MT,2574.2,1012.7,NA,NA,NO_EVENT,NA,NA,NA,NA,NA,NA,NA,NA,NA,NA
NEG_1664,1:2,0,3,East Khasi Block,25.144212,91.919203,8604.5,1262.80,23.29,157.23,-0.000134,0.002865,5.1826,18.2347,10,Tree cover,0.830,30.3,52.9,1.44,5.3,Siliciclastic Sedimentary,SS,355.5,394.9,NA,NA,NO_EVENT,NA,NA,NA,NA,NA,NA,NA,NA,NA,NA
NEG_1665,1:2,0,5,Jaintia Hills Block,25.496871,92.682204,15250.1,795.56,30.39,205.63,0.000206,-0.002822,4.3771,19.8720,10,Tree cover,0.665,30.7,42.7,1.34,4.8,Metamorphic,MT,1707.5,4671.6,NA,NA,NO_EVENT,NA,NA,NA,NA,NA,NA,NA,NA,NA,NA
NEG_1666,1:2,0,3,East Khasi Block,25.172940,91.760642,1707.0,1349.34,17.86,22.05,0.003351,-0.000978,5.7277,20.1412,10,Tree cover,0.826,30.0,49.8,1.44,5.4,Siliciclastic Sedimentary,SS,80.5,622.9,NA,NA,NO_EVENT,NA,NA,NA,NA,NA,NA,NA,NA,NA,NA
NEG_1667,1:2,0,5,Jaintia Hills Block,25.432538,92.718285,12554.8,648.61,33.19,171.12,0.004019,0.000540,4.4021,36.2359,10,Tree cover,0.695,32.9,44.1,1.36,4.9,Metamorphic,MT,506.4,4518.3,NA,NA,NO_EVENT,NA,NA,NA,NA,NA,NA,NA,NA,NA,NA
NEG_1668,1:2,0,5,Jaintia Hills Block,25.376373,92.734667,7880.0,595.03,22.82,142.28,-0.000948,0.000378,5.4337,41.6493,10,Tree cover,0.728,34.5,44.7,1.38,4.9,Metamorphic,MT,3338.9,113.1,NA,NA,NO_EVENT,NA,NA,NA,NA,NA,NA,NA,NA,NA,NA
NEG_1669,1:2,0,1,Garo Hills Block,25.993605,90.624669,29210.2,128.05,23.04,81.98,-0.001954,-0.001349,5.4482,26.9108,10,Tree cover,0.827,23.7,53.1,1.41,5.0,Mixed Sedimentary,SM,211.7,1027.6,NA,NA,NO_EVENT,NA,NA,NA,NA,NA,NA,NA,NA,NA,NA
NEG_1670,1:2,0,4,Ri-Bhoi Block,25.887825,92.836593,13113.2,381.34,25.88,88.48,-0.000103,-0.001982,5.3114,19.7910,10,Tree cover,0.789,33.2,46.9,1.32,5.1,Metamorphic,MT,73.1,1598.9,NA,NA,NO_EVENT,NA,NA,NA,NA,NA,NA,NA,NA,NA,NA
NEG_1671,1:2,0,2,West Khasi Block,25.292876,91.132170,5824.6,738.38,28.51,45.96,0.003022,-0.001181,5.1190,49.4198,10,Tree cover,0.779,26.3,49.8,1.41,5.0,Siliciclastic Sedimentary,SS,3618.5,162.3,NA,NA,NO_EVENT,NA,NA,NA,NA,NA,NA,NA,NA,NA,NA
NEG_1672,1:2,0,1,Garo Hills Block,25.581795,90.699540,8429.4,186.71,16.57,238.32,-0.003590,0.000463,5.2842,21.7750,10,Tree cover,0.650,25.5,52.2,1.33,5.2,Mixed Sedimentary,SM,2550.1,5649.1,NA,NA,NO_EVENT,NA,NA,NA,NA,NA,NA,NA,NA,NA,NA
NEG_1673,1:2,0,1,Garo Hills Block,25.036486,90.471394,25132.5,25.00,26.36,320.57,-0.003310,-0.000359,4.5629,33.3303,10,Tree cover,0.810,28.6,48.3,1.43,4.8,Mixed Sedimentary,SM,1664.4,361.0,NA,NA,NO_EVENT,NA,NA,NA,NA,NA,NA,NA,NA,NA,NA
NEG_1674,1:2,0,2,West Khasi Block,25.324492,91.152979,8050.8,752.11,21.99,46.50,0.001945,0.000225,5.6170,44.3523,10,Tree cover,0.760,35.2,38.5,1.38,4.5,Metamorphic,MT,4236.9,2961.0,NA,NA,NO_EVENT,NA,NA,NA,NA,NA,NA,NA,NA,NA,NA
NEG_1675,1:2,0,5,Jaintia Hills Block,25.204791,92.463426,6431.2,864.94,30.35,50.95,0.003943,-0.000402,4.8359,28.8179,10,Tree cover,0.819,29.3,52.4,1.43,5.1,Siliciclastic Sedimentary,SS,375.3,2654.9,NA,NA,NO_EVENT,NA,NA,NA,NA,NA,NA,NA,NA,NA,NA
NEG_1676,1:2,0,1,Garo Hills Block,25.781304,90.059861,17257.2,28.77,25.07,158.39,0.001257,0.002243,5.0748,41.7644,10,Tree cover,0.725,30.2,52.5,1.34,5.4,Mixed Sedimentary,SM,416.0,735.5,NA,NA,NO_EVENT,NA,NA,NA,NA,NA,NA,NA,NA,NA,NA
NEG_1677,1:2,0,4,Ri-Bhoi Block,25.722100,91.793652,9828.7,1557.84,19.14,335.41,0.000380,0.001679,5.3169,40.9679,10,Tree cover,0.690,27.9,38.1,1.28,4.3,Metamorphic,MT,479.1,1014.0,NA,NA,NO_EVENT,NA,NA,NA,NA,NA,NA,NA,NA,NA,NA
NEG_1678,1:2,0,1,Garo Hills Block,26.052719,89.809214,54848.0,25.00,34.48,13.64,0.002255,0.001354,4.3308,50.0683,10,Tree cover,0.829,22.6,46.8,1.42,5.2,Mixed Sedimentary,SM,359.5,967.7,NA,NA,NO_EVENT,NA,NA,NA,NA,NA,NA,NA,NA,NA,NA
NEG_1679,1:2,0,5,Jaintia Hills Block,25.287767,92.629764,6415.1,740.03,27.49,131.69,0.003098,-0.000847,5.2007,47.5122,10,Tree cover,0.782,26.5,50.6,1.42,5.4,Siliciclastic Sedimentary,SS,4849.0,1468.1,NA,NA,NO_EVENT,NA,NA,NA,NA,NA,NA,NA,NA,NA,NA
NEG_1680,1:2,0,4,Ri-Bhoi Block,26.026705,91.997789,1018.3,1125.69,21.54,151.90,-0.001674,0.000827,5.4633,33.0627,10,Tree cover,0.830,35.1,43.2,1.37,4.9,Metamorphic,MT,768.8,7383.1,NA,NA,NO_EVENT,NA,NA,NA,NA,NA,NA,NA,NA,NA,NA
NEG_1681,1:2,0,1,Garo Hills Block,25.847024,90.079023,22083.2,34.69,34.51,131.16,0.003577,-0.000852,4.5422,30.0187,10,Tree cover,0.766,28.9,52.0,1.36,5.3,Mixed Sedimentary,SM,670.1,1240.1,NA,NA,NO_EVENT,NA,NA,NA,NA,NA,NA,NA,NA,NA,NA
NEG_1682,1:2,0,1,Garo Hills Block,25.574986,90.506328,13798.5,84.23,19.13,315.05,-0.003780,-0.000119,5.0863,21.4215,10,Tree cover,0.650,25.3,49.9,1.33,4.8,Mixed Sedimentary,SM,577.4,833.4,NA,NA,NO_EVENT,NA,NA,NA,NA,NA,NA,NA,NA,NA,NA
NEG_1683,1:2,0,5,Jaintia Hills Block,25.215715,92.271425,5040.9,1107.83,25.00,50.39,0.002868,0.001094,5.2951,29.3877,10,Tree cover,0.815,41.6,30.5,1.34,5.4,Carbonate Sedimentary,SC,753.1,3441.1,NA,NA,NO_EVENT,NA,NA,NA,NA,NA,NA,NA,NA,NA,NA
NEG_1684,1:2,0,2,West Khasi Block,25.165841,91.229387,3923.1,751.51,16.81,44.36,0.003674,0.000125,5.7852,19.3817,10,Tree cover,0.828,30.1,52.8,1.44,4.9,Siliciclastic Sedimentary,SS,203.1,1842.5,NA,NA,NO_EVENT,NA,NA,NA,NA,NA,NA,NA,NA,NA,NA
NEG_1685,1:2,0,1,Garo Hills Block,26.033664,90.366788,27982.3,83.04,29.16,42.28,0.002369,-0.000922,4.8287,40.2908,60,Bare / sparse vegetation,0.162,22.8,44.6,1.42,4.8,Mixed Sedimentary,SM,7.6,319.2,NA,NA,NO_EVENT,NA,NA,NA,NA,NA,NA,NA,NA,NA,NA
NEG_1686,1:2,0,4,Ri-Bhoi Block,26.076233,92.832578,8629.5,324.70,26.85,214.33,0.003401,-0.000056,4.8479,47.2952,10,Tree cover,0.825,34.4,46.8,1.38,5.1,Metamorphic,MT,978.0,687.9,NA,NA,NO_EVENT,NA,NA,NA,NA,NA,NA,NA,NA,NA,NA
NEG_1687,1:2,0,1,Garo Hills Block,25.620067,90.318935,1111.8,71.86,32.78,268.92,0.001259,-0.002056,3.9828,36.5519,10,Tree cover,0.653,27.0,44.1,1.32,4.9,Mixed Sedimentary,SM,465.6,1759.7,NA,NA,NO_EVENT,NA,NA,NA,NA,NA,NA,NA,NA,NA,NA
NEG_1688,1:2,0,2,West Khasi Block,25.361393,91.094703,5909.3,637.35,24.78,37.22,0.002575,-0.000717,5.3194,45.7940,10,Tree cover,0.737,34.7,38.1,1.38,4.5,Metamorphic,MT,7061.4,1145.1,NA,NA,NO_EVENT,NA,NA,NA,NA,NA,NA,NA,NA,NA,NA
NEG_1689,1:2,0,1,Garo Hills Block,25.354070,90.655939,5702.4,188.97,18.44,104.59,0.000878,0.002121,5.8450,39.2560,10,Tree cover,0.742,24.1,53.0,1.39,5.1,Mixed Sedimentary,SM,68.2,2630.3,NA,NA,NO_EVENT,NA,NA,NA,NA,NA,NA,NA,NA,NA,NA
NEG_1690,1:2,0,1,Garo Hills Block,26.070008,90.267763,35525.4,49.32,32.40,174.12,-0.002550,0.000334,4.4288,52.1611,10,Tree cover,0.827,22.5,44.7,1.43,5.0,Mixed Sedimentary,SM,2196.8,1019.5,NA,NA,NO_EVENT,NA,NA,NA,NA,NA,NA,NA,NA,NA,NA
NEG_1691,1:2,0,1,Garo Hills Block,25.811994,89.801251,31944.2,86.15,29.72,28.84,0.001699,0.000822,4.8174,38.0999,10,Tree cover,0.744,29.8,46.5,1.34,5.2,Mixed Sedimentary,SM,4006.5,499.9,NA,NA,NO_EVENT,NA,NA,NA,NA,NA,NA,NA,NA,NA,NA
NEG_1692,1:2,0,4,Ri-Bhoi Block,25.663877,92.593626,11135.8,845.90,28.76,230.86,-0.002846,-0.001115,4.3688,45.6192,10,Tree cover,0.665,27.2,39.5,1.29,4.6,Metamorphic,MT,1523.5,2630.0,NA,NA,NO_EVENT,NA,NA,NA,NA,NA,NA,NA,NA,NA,NA
NEG_1693,1:2,0,1,Garo Hills Block,25.330969,90.365854,17394.2,83.67,21.69,64.58,0.004573,0.000242,5.6314,44.0221,10,Tree cover,0.756,24.8,44.5,1.40,4.8,Mixed Sedimentary,SM,1772.9,2892.1,NA,NA,NO_EVENT,NA,NA,NA,NA,NA,NA,NA,NA,NA,NA
NEG_1694,1:2,0,4,Ri-Bhoi Block,25.723814,91.973434,5734.9,1569.92,20.45,206.49,0.003820,-0.000546,5.2184,42.5336,10,Tree cover,0.691,27.9,42.3,1.28,4.5,Metamorphic,MT,479.2,1610.2,NA,NA,NO_EVENT,NA,NA,NA,NA,NA,NA,NA,NA,NA,NA
NEG_1695,1:2,0,1,Garo Hills Block,25.763073,90.773916,7098.6,276.21,18.41,178.83,-0.000110,0.002694,5.5353,37.7687,10,Tree cover,0.713,30.3,49.4,1.33,5.3,Mixed Sedimentary,SM,2181.5,1422.6,NA,NA,NO_EVENT,NA,NA,NA,NA,NA,NA,NA,NA,NA,NA
NEG_1696,1:2,0,5,Jaintia Hills Block,25.292379,92.715552,2821.4,622.77,27.55,132.83,-0.003085,-0.001130,5.1959,48.2894,10,Tree cover,0.779,26.3,46.9,1.41,5.4,Siliciclastic Sedimentary,SS,2659.5,1506.8,NA,NA,NO_EVENT,NA,NA,NA,NA,NA,NA,NA,NA,NA,NA
NEG_1697,1:2,0,4,Ri-Bhoi Block,26.017163,91.194816,18688.8,704.62,21.34,40.94,-0.000358,-0.002380,5.5122,30.9780,10,Tree cover,0.830,35.2,39.4,1.37,4.6,Metamorphic,MT,65.9,423.6,NA,NA,NO_EVENT,NA,NA,NA,NA,NA,NA,NA,NA,NA,NA
NEG_1698,1:2,0,4,Ri-Bhoi Block,25.933889,91.179587,9344.7,729.09,21.32,53.06,0.001207,0.001105,5.6894,18.4040,10,Tree cover,0.810,34.4,39.0,1.34,4.6,Metamorphic,MT,603.0,1954.1,NA,NA,NO_EVENT,NA,NA,NA,NA,NA,NA,NA,NA,NA,NA
NEG_1699,1:2,0,1,Garo Hills Block,25.478340,90.278127,6314.4,25.00,31.12,216.77,0.000980,0.002039,4.3867,23.0558,10,Tree cover,0.672,22.7,44.5,1.35,5.0,Mixed Sedimentary,SM,3244.5,834.6,NA,NA,NO_EVENT,NA,NA,NA,NA,NA,NA,NA,NA,NA,NA
NEG_1700,1:2,0,2,West Khasi Block,25.480519,91.439122,4766.2,1274.40,27.52,198.56,0.001509,-0.001993,4.6664,22.0846,10,Tree cover,0.672,31.2,46.9,1.35,5.1,Metamorphic,MT,1107.8,1905.1,NA,NA,NO_EVENT,NA,NA,NA,NA,NA,NA,NA,NA,NA,NA
NEG_1701,1:2,0,2,West Khasi Block,25.044305,91.154545,17082.7,564.65,32.29,318.86,0.001420,-0.001676,4.1074,34.3675,10,Tree cover,0.813,28.9,50.7,1.43,5.0,Siliciclastic Sedimentary,SS,129.4,167.8,NA,NA,NO_EVENT,NA,NA,NA,NA,NA,NA,NA,NA,NA,NA
NEG_1702,1:2,0,4,Ri-Bhoi Block,25.863865,91.874140,656.4,1339.86,35.56,78.54,0.002541,0.000864,4.4977,25.5518,10,Tree cover,0.785,32.4,38.9,1.31,4.6,Metamorphic,MT,589.2,2544.9,NA,NA,NO_EVENT,NA,NA,NA,NA,NA,NA,NA,NA,NA,NA
NEG_1703,1:2,0,4,Ri-Bhoi Block,25.705970,92.574144,15130.1,889.38,21.58,225.40,-0.002650,0.000486,5.0642,43.4834,10,Tree cover,0.682,27.6,39.0,1.28,4.6,Metamorphic,MT,6534.6,2046.8,NA,NA,NO_EVENT,NA,NA,NA,NA,NA,NA,NA,NA,NA,NA
NEG_1704,1:2,0,2,West Khasi Block,25.039475,91.498995,13431.8,958.34,25.65,228.67,-0.003342,0.000797,4.6267,32.1827,10,Tree cover,0.811,28.7,45.4,1.43,5.0,Siliciclastic Sedimentary,SS,1174.1,2684.1,NA,NA,NO_EVENT,NA,NA,NA,NA,NA,NA,NA,NA,NA,NA
NEG_1705,1:2,0,4,Ri-Bhoi Block,25.870337,91.451073,3862.0,1157.25,28.89,137.03,-0.001384,0.001979,5.0440,22.8277,10,Tree cover,0.779,32.6,46.9,1.31,5.1,Metamorphic,MT,170.8,1949.1,NA,NA,NO_EVENT,NA,NA,NA,NA,NA,NA,NA,NA,NA,NA
NEG_1706,1:2,0,1,Garo Hills Block,25.369807,90.215564,12810.6,25.00,16.87,141.26,-0.001680,0.000762,5.9291,36.1710,10,Tree cover,0.732,23.6,46.4,1.39,5.1,Mixed Sedimentary,SM,771.3,7726.4,NA,NA,NO_EVENT,NA,NA,NA,NA,NA,NA,NA,NA,NA,NA
NEG_1707,1:2,0,4,Ri-Bhoi Block,25.978568,91.235825,15705.9,834.61,14.18,71.77,0.003723,0.000197,6.1948,21.6764,10,Tree cover,0.824,35.1,40.8,1.35,4.7,Metamorphic,MT,13.1,208.9,NA,NA,NO_EVENT,NA,NA,NA,NA,NA,NA,NA,NA,NA,NA
NEG_1708,1:2,0,4,Ri-Bhoi Block,25.968364,91.586849,2066.2,1205.27,21.58,83.87,-0.003800,0.000710,5.6242,21.9605,10,Tree cover,0.822,35.0,44.2,1.35,4.9,Metamorphic,MT,3421.9,5951.8,NA,NA,NO_EVENT,NA,NA,NA,NA,NA,NA,NA,NA,NA,NA
NEG_1709,1:2,0,4,Ri-Bhoi Block,25.748127,92.252997,12249.3,1271.44,15.79,344.18,0.001466,0.001097,5.6852,36.1192,10,Tree cover,0.705,28.5,45.2,1.28,5.0,Metamorphic,MT,4039.6,3909.7,NA,NA,NO_EVENT,NA,NA,NA,NA,NA,NA,NA,NA,NA,NA
NEG_1710,1:2,0,4,Ri-Bhoi Block,25.731888,91.014067,5502.9,623.80,18.17,334.57,0.002227,0.001664,5.4314,39.6620,10,Tree cover,0.695,28.1,39.5,1.28,4.6,Metamorphic,MT,1139.5,4448.3,NA,NA,NO_EVENT,NA,NA,NA,NA,NA,NA,NA,NA,NA,NA
NEG_1711,1:2,0,5,Jaintia Hills Block,25.574724,92.249289,725.4,1301.60,17.05,293.78,-0.004765,-0.000048,5.2530,21.0191,10,Tree cover,0.650,28.2,45.4,1.31,5.0,Metamorphic,MT,3035.6,297.5,NA,NA,NO_EVENT,NA,NA,NA,NA,NA,NA,NA,NA,NA,NA
NEG_1712,1:2,0,1,Garo Hills Block,25.423542,90.983770,6838.8,612.29,24.69,34.27,0.004158,-0.000134,5.1174,33.6960,10,Tree cover,0.700,22.6,44.4,1.37,5.3,Mixed Sedimentary,SM,4053.6,636.3,NA,NA,NO_EVENT,NA,NA,NA,NA,NA,NA,NA,NA,NA,NA
NEG_1713,1:2,0,5,Jaintia Hills Block,25.123345,92.589483,17080.6,693.79,16.71,188.33,0.000949,-0.001687,5.6257,18.1131,10,Tree cover,0.830,30.3,52.1,1.44,5.3,Siliciclastic Sedimentary,SS,12705.1,357.3,NA,NA,NO_EVENT,NA,NA,NA,NA,NA,NA,NA,NA,NA,NA
NEG_1714,1:2,0,3,East Khasi Block,25.118319,91.777038,7912.7,1212.75,14.93,351.03,-0.000857,-0.002453,5.7481,18.2374,10,Tree cover,0.830,30.3,50.5,1.44,5.4,Siliciclastic Sedimentary,SS,8.8,108.9,NA,NA,NO_EVENT,NA,NA,NA,NA,NA,NA,NA,NA,NA,NA
NEG_1715,1:2,0,2,West Khasi Block,25.466250,91.037139,3559.5,670.24,29.59,345.99,0.000685,0.001378,4.5559,25.3842,10,Tree cover,0.678,31.8,38.9,1.35,4.6,Metamorphic,MT,4756.9,607.2,NA,NA,NO_EVENT,NA,NA,NA,NA,NA,NA,NA,NA,NA,NA
NEG_1716,1:2,0,1,Garo Hills Block,25.753916,90.004636,17243.3,57.09,20.45,285.60,0.000659,0.001981,5.3354,40.9544,10,Tree cover,0.708,30.3,53.1,1.33,5.4,Mixed Sedimentary,SM,542.4,2576.8,NA,NA,NO_EVENT,NA,NA,NA,NA,NA,NA,NA,NA,NA,NA
NEG_1717,1:2,0,4,Ri-Bhoi Block,25.661202,92.154697,1449.1,1475.55,35.93,239.84,-0.001417,0.002114,3.7893,51.7554,10,Tree cover,0.757,27.2,46.9,1.29,4.8,Metamorphic,MT,520.5,128.0,NA,NA,NO_EVENT,NA,NA,NA,NA,NA,NA,NA,NA,NA,NA
NEG_1718,1:2,0,1,Garo Hills Block,25.914470,90.320118,18311.2,38.77,30.66,90.38,-0.002222,-0.001658,4.9469,18.0317,10,Tree cover,0.802,26.5,44.1,1.38,4.9,Mixed Sedimentary,SM,477.5,3141.4,NA,NA,NO_EVENT,NA,NA,NA,NA,NA,NA,NA,NA,NA,NA
NEG_1719,1:2,0,4,Ri-Bhoi Block,25.989213,91.801246,4836.7,1205.64,17.11,43.98,-0.000267,0.002498,5.9344,23.9526,10,Tree cover,0.826,35.2,38.1,1.36,4.5,Metamorphic,MT,3112.9,643.5,NA,NA,NO_EVENT,NA,NA,NA,NA,NA,NA,NA,NA,NA,NA
NEG_1720,1:2,0,4,Ri-Bhoi Block,25.972403,91.280106,17502.4,893.79,16.45,101.07,0.001499,0.001515,6.0265,21.4921,10,Tree cover,0.823,35.0,42.5,1.35,4.8,Metamorphic,MT,622.7,3829.3,NA,NA,NO_EVENT,NA,NA,NA,NA,NA,NA,NA,NA,NA,NA
NEG_1721,1:2,0,5,Jaintia Hills Block,25.605396,92.603067,6449.9,834.52,24.25,233.53,0.003278,-0.000601,4.6600,28.3684,10,Tree cover,0.651,27.6,39.8,1.30,4.6,Metamorphic,MT,2903.8,4106.0,NA,NA,NO_EVENT,NA,NA,NA,NA,NA,NA,NA,NA,NA,NA
NEG_1722,1:2,0,4,Ri-Bhoi Block,25.991902,91.166891,15725.9,645.95,20.76,42.02,-0.000130,-0.002611,5.6352,25.7136,10,Tree cover,0.827,35.2,38.7,1.36,4.5,Metamorphic,MT,1025.5,567.7,NA,NA,NO_EVENT,NA,NA,NA,NA,NA,NA,NA,NA,NA,NA
NEG_1723,1:2,0,1,Garo Hills Block,25.316366,90.999170,3060.3,597.40,16.51,63.55,-0.004433,0.000164,6.0652,37.6074,10,Tree cover,0.765,25.4,44.7,1.41,5.3,Mixed Sedimentary,SM,5178.1,429.3,NA,NA,NO_EVENT,NA,NA,NA,NA,NA,NA,NA,NA,NA,NA
NEG_1724,1:2,0,1,Garo Hills Block,25.438785,90.674944,4019.1,165.32,27.81,168.24,0.001042,0.000591,4.8076,31.6278,10,Tree cover,0.691,22.5,52.7,1.36,5.1,Mixed Sedimentary,SM,1961.3,2930.0,NA,NA,NO_EVENT,NA,NA,NA,NA,NA,NA,NA,NA,NA,NA
NEG_1725,1:2,0,5,Jaintia Hills Block,25.310066,92.426242,4127.2,1004.77,26.40,50.57,-0.000070,-0.000827,5.2798,48.9518,10,Tree cover,0.769,25.6,51.3,1.41,5.0,Siliciclastic Sedimentary,SS,4082.8,3271.7,NA,NA,NO_EVENT,NA,NA,NA,NA,NA,NA,NA,NA,NA,NA
NEG_1726,1:2,0,3,East Khasi Block,25.095451,91.866714,11534.8,1264.05,26.51,304.04,0.003961,0.000291,4.7335,20.7482,10,Tree cover,0.827,30.0,53.0,1.44,5.3,Siliciclastic Sedimentary,SS,262.5,1190.1,NA,NA,NO_EVENT,NA,NA,NA,NA,NA,NA,NA,NA,NA,NA
NEG_1727,1:2,0,1,Garo Hills Block,25.206646,90.850743,16621.6,363.66,33.56,141.02,-0.004784,0.000084,4.5846,30.5117,10,Tree cover,0.818,29.3,46.1,1.43,5.4,Mixed Sedimentary,SM,2063.4,1994.1,NA,NA,NO_EVENT,NA,NA,NA,NA,NA,NA,NA,NA,NA,NA
NEG_1728,1:2,0,1,Garo Hills Block,25.086466,90.623420,13740.5,111.11,26.70,284.45,0.004024,0.000576,4.6854,22.1940,10,Tree cover,0.825,29.9,53.1,1.44,5.0,Mixed Sedimentary,SM,473.8,516.9,NA,NA,NO_EVENT,NA,NA,NA,NA,NA,NA,NA,NA,NA,NA
NEG_1729,1:2,0,4,Ri-Bhoi Block,25.849895,92.499297,26774.8,810.44,28.17,75.23,-0.003836,-0.000485,5.0568,27.1138,10,Tree cover,0.767,31.9,38.1,1.30,4.5,Metamorphic,MT,948.1,3700.0,NA,NA,NO_EVENT,NA,NA,NA,NA,NA,NA,NA,NA,NA,NA
NEG_1730,1:2,0,2,West Khasi Block,25.259249,91.213821,3403.3,805.57,25.52,63.54,-0.000095,-0.001307,5.3399,40.0181,10,Tree cover,0.797,27.6,52.6,1.42,4.9,Siliciclastic Sedimentary,SS,2135.5,1057.9,NA,NA,NO_EVENT,NA,NA,NA,NA,NA,NA,NA,NA,NA,NA
NEG_1731,1:2,0,5,Jaintia Hills Block,25.527950,92.464405,925.1,993.50,22.35,306.02,-0.001813,-0.001526,4.9221,18.0108,10,Tree cover,0.656,29.6,38.4,1.33,4.5,Metamorphic,MT,272.1,2657.6,NA,NA,NO_EVENT,NA,NA,NA,NA,NA,NA,NA,NA,NA,NA
NEG_1732,1:2,0,4,Ri-Bhoi Block,25.843823,91.364886,10570.4,1057.49,34.73,139.10,0.004318,0.000263,4.5161,31.0752,10,Tree cover,0.764,31.7,45.5,1.30,5.0,Metamorphic,MT,748.8,583.5,NA,NA,NO_EVENT,NA,NA,NA,NA,NA,NA,NA,NA,NA,NA
NEG_1733,1:2,0,4,Ri-Bhoi Block,25.744407,92.384433,16211.9,1067.93,23.43,350.37,-0.001734,-0.001411,5.0593,45.2055,10,Tree cover,0.702,28.4,40.4,1.28,4.7,Metamorphic,MT,104.4,3305.5,NA,NA,NO_EVENT,NA,NA,NA,NA,NA,NA,NA,NA,NA,NA
NEG_1734,1:2,0,2,West Khasi Block,25.030302,91.028815,17884.3,452.02,29.57,309.94,-0.000975,0.002344,4.2926,36.9516,10,Tree cover,0.808,28.4,45.5,1.43,5.3,Siliciclastic Sedimentary,SS,1523.9,1740.1,NA,NA,NO_EVENT,NA,NA,NA,NA,NA,NA,NA,NA,NA,NA
NEG_1735,1:2,0,4,Ri-Bhoi Block,25.999823,92.057955,1927.2,1089.39,17.88,145.49,-0.000356,0.002777,5.8434,25.9300,10,Tree cover,0.828,35.2,45.4,1.36,5.0,Metamorphic,MT,250.3,5834.4,NA,NA,NO_EVENT,NA,NA,NA,NA,NA,NA,NA,NA,NA,NA
NEG_1736,1:2,0,2,West Khasi Block,25.606269,91.415416,8619.4,1190.96,27.51,225.03,0.000409,0.002222,4.3993,29.9835,10,Tree cover,0.651,27.6,46.6,1.30,5.1,Metamorphic,MT,1204.9,248.1,NA,NA,NO_EVENT,NA,NA,NA,NA,NA,NA,NA,NA,NA,NA
NEG_1737,1:2,0,2,West Khasi Block,25.395592,91.387588,3698.4,1069.88,29.65,152.60,-0.001038,0.001965,4.8243,44.4247,10,Tree cover,0.716,34.0,46.1,1.37,5.0,Metamorphic,MT,378.0,1468.6,NA,NA,NO_EVENT,NA,NA,NA,NA,NA,NA,NA,NA,NA,NA
NEG_1738,1:2,0,4,Ri-Bhoi Block,25.727814,91.076007,3768.3,654.03,25.49,341.13,-0.002691,0.001385,4.8303,48.5170,10,Tree cover,0.693,28.0,38.3,1.28,4.5,Metamorphic,MT,1293.6,6959.5,NA,NA,NO_EVENT,NA,NA,NA,NA,NA,NA,NA,NA,NA,NA
NEG_1739,1:2,0,4,Ri-Bhoi Block,25.791285,92.426758,20045.7,1027.23,26.11,20.35,-0.000094,-0.002183,5.0303,40.6050,10,Tree cover,0.731,29.8,39.1,1.29,4.6,Metamorphic,MT,27.1,4317.0,NA,NA,NO_EVENT,NA,NA,NA,NA,NA,NA,NA,NA,NA,NA
NEG_1740,1:2,0,2,West Khasi Block,25.187060,91.177218,3647.3,753.90,24.68,34.28,0.000995,0.000620,5.2323,23.2492,10,Tree cover,0.824,29.7,51.5,1.44,5.0,Siliciclastic Sedimentary,SS,279.7,2060.2,NA,NA,NO_EVENT,NA,NA,NA,NA,NA,NA,NA,NA,NA,NA
NEG_1741,1:2,0,3,East Khasi Block,25.460662,91.896768,4195.4,1699.77,35.46,249.31,-0.002870,-0.000802,4.1083,28.4407,10,Tree cover,0.840,32.0,39.5,1.35,4.3,Metamorphic,MT,177.3,893.0,NA,NA,NO_EVENT,NA,NA,NA,NA,NA,NA,NA,NA,NA,NA
NEG_1742,1:2,0,3,East Khasi Block,25.289857,91.752765,1635.0,1444.52,20.08,45.48,-0.003176,0.000934,5.7936,39.7991,10,Tree cover,0.781,26.4,49.4,1.42,5.1,Siliciclastic Sedimentary,SS,515.1,1033.3,NA,NA,NO_EVENT,NA,NA,NA,NA,NA,NA,NA,NA,NA,NA
NEG_1743,1:2,0,4,Ri-Bhoi Block,25.967688,91.075301,15466.2,522.73,22.71,42.72,-0.003220,0.000917,5.5351,22.0624,10,Tree cover,0.821,35.0,38.3,1.35,4.5,Metamorphic,MT,1303.9,1300.8,NA,NA,NO_EVENT,NA,NA,NA,NA,NA,NA,NA,NA,NA,NA
NEG_1744,1:2,0,4,Ri-Bhoi Block,26.003897,92.829149,3462.9,460.77,17.41,94.29,-0.000648,0.002312,5.8689,26.3843,10,Tree cover,0.828,35.2,46.8,1.36,5.1,Metamorphic,MT,480.9,1457.1,NA,NA,NO_EVENT,NA,NA,NA,NA,NA,NA,NA,NA,NA,NA
NEG_1745,1:2,0,1,Garo Hills Block,25.134579,90.510812,14799.3,47.47,18.25,1.11,0.000156,-0.002198,5.5474,18.0047,10,Tree cover,0.830,30.3,50.1,1.44,4.8,Mixed Sedimentary,SM,239.7,1529.7,NA,NA,NO_EVENT,NA,NA,NA,NA,NA,NA,NA,NA,NA,NA
NEG_1746,1:2,0,4,Ri-Bhoi Block,26.046410,92.722899,14912.8,452.38,31.15,162.41,-0.003427,-0.000812,4.6216,45.3461,10,Tree cover,0.829,34.9,44.3,1.37,4.9,Metamorphic,MT,1392.1,1090.2,NA,NA,NO_EVENT,NA,NA,NA,NA,NA,NA,NA,NA,NA,NA
NEG_1747,1:2,0,1,Garo Hills Block,25.125524,89.845745,35639.7,32.81,21.11,355.87,0.000893,-0.000280,5.2824,18.0844,10,Tree cover,0.830,30.3,48.4,1.44,5.3,Mixed Sedimentary,SM,314.9,441.5,NA,NA,NO_EVENT,NA,NA,NA,NA,NA,NA,NA,NA,NA,NA
NEG_1748,1:2,0,5,Jaintia Hills Block,25.193988,92.837839,9834.9,339.66,22.82,86.24,-0.003850,-0.000076,5.4044,24.0647,10,Tree cover,0.822,29.6,44.1,1.44,5.2,Siliciclastic Sedimentary,SS,1458.1,1001.2,NA,NA,NO_EVENT,NA,NA,NA,NA,NA,NA,NA,NA,NA,NA
NEG_1749,1:2,0,2,West Khasi Block,25.214400,91.332770,4450.8,936.03,32.94,131.31,-0.003631,0.000789,4.6563,32.6017,10,Tree cover,0.816,29.1,52.1,1.43,4.8,Siliciclastic Sedimentary,SS,748.5,242.9,NA,NA,NO_EVENT,NA,NA,NA,NA,NA,NA,NA,NA,NA,NA
NEG_1750,1:2,0,1,Garo Hills Block,25.936291,89.862225,40897.2,25.00,21.94,44.76,-0.004492,0.000304,5.6382,18.5513,10,Tree cover,0.811,25.7,49.2,1.39,5.3,Mixed Sedimentary,SM,532.0,66.1,NA,NA,NO_EVENT,NA,NA,NA,NA,NA,NA,NA,NA,NA,NA
NEG_1751,1:2,0,1,Garo Hills Block,25.672848,90.644928,15664.0,194.12,30.65,262.65,-0.002056,0.001529,4.2392,49.4240,10,Tree cover,0.668,28.9,53.1,1.32,5.1,Mixed Sedimentary,SM,1299.7,459.0,NA,NA,NO_EVENT,NA,NA,NA,NA,NA,NA,NA,NA,NA,NA
NEG_1752,1:2,0,1,Garo Hills Block,25.951322,90.664557,28785.5,101.47,18.04,107.15,-0.000226,-0.000132,5.9350,19.4900,10,Tree cover,0.817,25.1,52.9,1.39,5.1,Mixed Sedimentary,SM,12.7,3229.4,NA,NA,NO_EVENT,NA,NA,NA,NA,NA,NA,NA,NA,NA,NA
NEG_1753,1:2,0,4,Ri-Bhoi Block,25.761696,91.856370,2603.2,1550.96,22.32,1.06,0.000079,0.000284,5.2169,42.1456,10,Tree cover,0.713,28.9,38.6,1.28,4.3,Metamorphic,MT,989.3,4086.6,NA,NA,NO_EVENT,NA,NA,NA,NA,NA,NA,NA,NA,NA,NA
NEG_1754,1:2,0,1,Garo Hills Block,25.259213,89.906138,20592.6,65.76,25.45,48.48,0.000016,-0.002963,5.3454,39.9497,10,Tree cover,0.797,27.6,51.0,1.42,5.4,Mixed Sedimentary,SM,818.7,3839.4,NA,NA,NO_EVENT,NA,NA,NA,NA,NA,NA,NA,NA,NA,NA
NEG_1755,1:2,0,1,Garo Hills Block,25.461990,90.682039,2233.2,153.47,26.75,198.33,0.001775,-0.001021,4.7999,25.5846,60,Bare / sparse vegetation,0.193,22.5,52.6,1.36,5.2,Mixed Sedimentary,SM,2.3,528.9,NA,NA,NO_EVENT,NA,NA,NA,NA,NA,NA,NA,NA,NA,NA
NEG_1756,1:2,0,4,Ri-Bhoi Block,25.893696,92.241111,9352.1,1121.72,26.47,70.36,0.000863,-0.000291,5.2705,19.1992,10,Tree cover,0.792,33.3,45.6,1.32,5.0,Metamorphic,MT,2695.9,2158.6,NA,NA,NO_EVENT,NA,NA,NA,NA,NA,NA,NA,NA,NA,NA
NEG_1757,1:2,0,3,East Khasi Block,25.513586,91.649862,3455.6,1513.74,26.93,316.97,0.000249,-0.002553,4.5982,18.2898,10,Tree cover,0.660,30.1,41.7,1.33,4.5,Metamorphic,MT,483.2,408.5,NA,NA,NO_EVENT,NA,NA,NA,NA,NA,NA,NA,NA,NA,NA
NEG_1758,1:2,0,4,Ri-Bhoi Block,25.672600,92.322832,11875.3,1148.65,27.29,319.97,-0.002166,-0.001509,4.5073,45.9332,10,Tree cover,0.668,27.2,42.7,1.28,4.8,Metamorphic,MT,889.9,5109.3,NA,NA,NO_EVENT,NA,NA,NA,NA,NA,NA,NA,NA,NA,NA
NEG_1759,1:2,0,1,Garo Hills Block,25.479003,90.640112,4161.9,60.68,29.37,260.71,-0.002120,-0.001709,4.5242,22.6445,10,Tree cover,0.672,22.7,53.1,1.35,5.1,Mixed Sedimentary,SM,2578.3,184.4,NA,NA,NO_EVENT,NA,NA,NA,NA,NA,NA,NA,NA,NA,NA
NEG_1760,1:2,0,2,West Khasi Block,25.306238,91.435386,1680.5,1113.95,21.93,135.06,-0.001708,-0.001022,5.6402,43.4462,10,Tree cover,0.771,25.8,47.9,1.41,4.9,Siliciclastic Sedimentary,SS,796.2,3604.4,NA,NA,NO_EVENT,NA,NA,NA,NA,NA,NA,NA,NA,NA,NA
NEG_1761,1:2,0,2,West Khasi Block,25.505080,91.142368,2339.3,873.89,27.19,329.56,-0.000359,-0.002342,4.6050,18.8580,10,Tree cover,0.663,30.4,38.3,1.34,4.5,Metamorphic,MT,1175.3,196.3,NA,NA,NO_EVENT,NA,NA,NA,NA,NA,NA,NA,NA,NA,NA
NEG_1762,1:2,0,3,East Khasi Block,25.118428,91.991741,8137.8,1215.82,15.85,189.61,-0.001732,-0.000414,5.6749,18.2483,10,Tree cover,0.830,30.3,51.0,1.44,5.1,Siliciclastic Sedimentary,SS,171.2,1497.1,NA,NA,NO_EVENT,NA,NA,NA,NA,NA,NA,NA,NA,NA,NA
NEG_1763,1:2,0,1,Garo Hills Block,25.250836,90.400709,18677.8,46.65,28.82,52.23,-0.000330,-0.002759,5.0644,40.7104,10,Tree cover,0.801,27.9,45.5,1.43,4.8,Mixed Sedimentary,SM,3906.8,3373.7,NA,NA,NO_EVENT,NA,NA,NA,NA,NA,NA,NA,NA,NA,NA
NEG_1764,1:2,0,1,Garo Hills Block,25.465779,90.494724,16310.9,74.57,27.50,349.22,0.004064,0.000558,4.7249,24.9638,10,Tree cover,0.678,22.6,49.4,1.36,4.8,Mixed Sedimentary,SM,2041.2,3980.0,NA,NA,NO_EVENT,NA,NA,NA,NA,NA,NA,NA,NA,NA,NA
NEG_1765,1:2,0,1,Garo Hills Block,25.650567,90.932963,9947.0,581.39,28.28,259.80,0.000690,0.002586,4.3802,42.0604,10,Tree cover,0.660,28.2,44.2,1.32,5.4,Mixed Sedimentary,SM,713.7,1642.2,NA,NA,NO_EVENT,NA,NA,NA,NA,NA,NA,NA,NA,NA,NA
NEG_1766,1:2,0,2,West Khasi Block,25.504825,91.438366,2220.8,1301.36,23.41,209.09,0.000266,-0.002680,4.9082,18.7572,10,Tree cover,0.663,30.4,46.8,1.34,5.1,Metamorphic,MT,1282.4,219.2,NA,NA,NO_EVENT,NA,NA,NA,NA,NA,NA,NA,NA,NA,NA
NEG_1767,1:2,0,1,Garo Hills Block,25.239818,90.275042,6253.3,25.00,33.26,116.72,0.000786,0.002512,4.6902,40.7889,10,Tree cover,0.806,28.3,44.6,1.43,5.0,Mixed Sedimentary,SM,373.7,661.6,NA,NA,NO_EVENT,NA,NA,NA,NA,NA,NA,NA,NA,NA,NA
NEG_1768,1:2,0,4,Ri-Bhoi Block,25.970856,91.122857,14203.9,567.41,23.61,41.23,-0.003939,-0.000617,5.4569,22.7473,10,Tree cover,0.822,35.0,38.1,1.35,4.5,Metamorphic,MT,230.4,600.3,NA,NA,NO_EVENT,NA,NA,NA,NA,NA,NA,NA,NA,NA,NA
NEG_1769,1:2,0,1,Garo Hills Block,25.465061,89.908617,10159.6,56.47,25.67,347.73,-0.000422,-0.001310,4.8742,24.6454,10,Tree cover,0.678,22.6,51.1,1.36,5.4,Mixed Sedimentary,SM,464.6,1735.1,NA,NA,NO_EVENT,NA,NA,NA,NA,NA,NA,NA,NA,NA,NA
NEG_1770,1:2,0,2,West Khasi Block,25.557814,91.490218,3329.8,1315.89,14.21,229.46,-0.004592,0.000189,5.5051,19.1185,10,Tree cover,0.651,28.7,46.7,1.32,5.1,Metamorphic,MT,151.6,4404.0,NA,NA,NO_EVENT,NA,NA,NA,NA,NA,NA,NA,NA,NA,NA
NEG_1771,1:2,0,3,East Khasi Block,25.623548,91.956445,2761.0,1710.25,28.39,238.37,-0.001083,0.001924,4.3364,35.0158,10,Tree cover,0.712,27.4,41.6,1.29,4.5,Metamorphic,MT,760.3,5792.3,NA,NA,NO_EVENT,NA,NA,NA,NA,NA,NA,NA,NA,NA,NA
NEG_1772,1:2,0,1,Garo Hills Block,25.211680,90.569281,6319.3,25.00,34.04,49.31,-0.003014,0.000888,4.5608,32.2369,60,Bare / sparse vegetation,0.377,29.1,52.2,1.43,4.9,Mixed Sedimentary,SM,18.7,2068.3,NA,NA,NO_EVENT,NA,NA,NA,NA,NA,NA,NA,NA,NA,NA
NEG_1773,1:2,0,4,Ri-Bhoi Block,25.895589,92.688870,21249.4,654.56,33.55,135.53,0.000322,0.002798,4.7059,19.2961,10,Tree cover,0.793,33.4,43.0,1.32,4.8,Metamorphic,MT,1187.1,1042.2,NA,NA,NO_EVENT,NA,NA,NA,NA,NA,NA,NA,NA,NA,NA
NEG_1774,1:2,0,2,West Khasi Block,25.166807,91.317831,8209.4,872.82,23.66,147.23,-0.002058,-0.001654,5.2408,20.0570,10,Tree cover,0.827,30.1,52.4,1.44,4.8,Siliciclastic Sedimentary,SS,183.3,1406.6,NA,NA,NO_EVENT,NA,NA,NA,NA,NA,NA,NA,NA,NA,NA
NEG_1775,1:2,0,1,Garo Hills Block,25.251310,89.983223,16387.4,25.00,29.26,75.95,0.000865,0.000587,5.0299,41.1836,10,Tree cover,0.801,27.9,53.0,1.43,5.4,Mixed Sedimentary,SM,59.4,714.3,NA,NA,NO_EVENT,NA,NA,NA,NA,NA,NA,NA,NA,NA,NA
NEG_1776,1:2,0,1,Garo Hills Block,25.371544,90.238247,13213.4,38.22,19.19,137.04,-0.001475,-0.000823,5.7385,38.4724,10,Tree cover,0.731,23.6,45.5,1.39,5.0,Mixed Sedimentary,SM,1280.7,5817.5,NA,NA,NO_EVENT,NA,NA,NA,NA,NA,NA,NA,NA,NA,NA
NEG_1777,1:2,0,4,Ri-Bhoi Block,25.786728,91.427863,7264.1,1176.77,21.36,165.72,-0.000559,-0.002361,5.3927,37.3147,10,Tree cover,0.728,29.7,46.8,1.29,5.1,Metamorphic,MT,6577.2,366.8,NA,NA,NO_EVENT,NA,NA,NA,NA,NA,NA,NA,NA,NA,NA
NEG_1778,1:2,0,1,Garo Hills Block,25.175341,89.828187,32658.6,103.22,26.95,22.92,-0.003765,-0.000740,5.0093,21.6129,10,Tree cover,0.826,30.0,47.6,1.44,5.2,Mixed Sedimentary,SM,447.2,537.6,NA,NA,NO_EVENT,NA,NA,NA,NA,NA,NA,NA,NA,NA,NA
NEG_1779,1:2,0,1,Garo Hills Block,25.892810,90.337393,15364.1,25.00,33.74,80.31,-0.000706,-0.001073,4.6880,19.6399,10,Tree cover,0.791,27.4,44.2,1.37,4.9,Mixed Sedimentary,SM,165.1,4273.7,NA,NA,NO_EVENT,NA,NA,NA,NA,NA,NA,NA,NA,NA,NA
NEG_1780,1:2,0,1,Garo Hills Block,25.674714,90.827612,4668.2,302.76,34.71,219.04,-0.003232,-0.001048,3.9192,54.0184,10,Tree cover,0.668,28.9,47.0,1.32,5.4,Mixed Sedimentary,SM,452.1,186.0,NA,NA,NO_EVENT,NA,NA,NA,NA,NA,NA,NA,NA,NA,NA
NEG_1781,1:2,0,1,Garo Hills Block,25.652325,90.762744,4185.9,220.99,29.06,222.76,0.001373,-0.002034,4.3210,43.1666,10,Tree cover,0.661,28.2,49.9,1.32,5.3,Mixed Sedimentary,SM,142.3,5569.2,NA,NA,NO_EVENT,NA,NA,NA,NA,NA,NA,NA,NA,NA,NA
NEG_1782,1:2,0,1,Garo Hills Block,25.113895,90.479998,18649.6,25.00,16.04,349.39,-0.002266,-0.000142,5.6419,18.4342,10,Tree cover,0.829,30.2,48.7,1.44,4.8,Mixed Sedimentary,SM,201.7,2871.7,NA,NA,NO_EVENT,NA,NA,NA,NA,NA,NA,NA,NA,NA,NA
NEG_1783,1:2,0,2,West Khasi Block,25.223103,91.105459,4421.5,755.65,35.45,38.15,-0.003861,0.000035,4.4782,36.6181,10,Tree cover,0.850,28.8,48.6,1.43,5.1,Siliciclastic Sedimentary,SS,2399.9,1782.4,NA,NA,NO_EVENT,NA,NA,NA,NA,NA,NA,NA,NA,NA,NA
NEG_1784,1:2,0,1,Garo Hills Block,25.730946,90.604609,17787.1,86.13,25.60,315.21,-0.003417,-0.000059,4.8334,48.5555,10,Tree cover,0.695,30.1,52.9,1.33,5.0,Mixed Sedimentary,SM,2106.4,143.2,NA,NA,NO_EVENT,NA,NA,NA,NA,NA,NA,NA,NA,NA,NA
NEG_1785,1:2,0,2,West Khasi Block,25.033036,91.382759,17088.7,789.19,35.62,222.08,0.002440,-0.001410,3.8144,39.8955,10,Tree cover,0.767,28.5,50.3,1.43,4.8,Siliciclastic Sedimentary,SS,386.5,1227.5,NA,NA,NO_EVENT,NA,NA,NA,NA,NA,NA,NA,NA,NA,NA
NEG_1786,1:2,0,4,Ri-Bhoi Block,25.674220,92.736755,21866.0,607.27,30.84,222.72,0.004114,0.000130,4.2275,49.9022,10,Tree cover,0.668,27.3,44.8,1.28,5.0,Metamorphic,MT,127.0,3776.6,NA,NA,NO_EVENT,NA,NA,NA,NA,NA,NA,NA,NA,NA,NA
NEG_1787,1:2,0,4,Ri-Bhoi Block,25.656628,91.237076,6038.1,1001.57,26.00,286.67,0.002510,-0.000337,4.5742,41.4623,10,Tree cover,0.662,27.2,40.8,1.29,4.7,Metamorphic,MT,1010.8,2142.4,NA,NA,NO_EVENT,NA,NA,NA,NA,NA,NA,NA,NA,NA,NA
NEG_1788,1:2,0,5,Jaintia Hills Block,25.639274,92.630097,10951.9,759.83,32.39,226.45,-0.000446,0.001159,4.0335,42.2522,10,Tree cover,0.657,27.2,40.7,1.29,4.7,Metamorphic,MT,1677.0,5569.0,NA,NA,NO_EVENT,NA,NA,NA,NA,NA,NA,NA,NA,NA,NA
NEG_1789,1:2,0,1,Garo Hills Block,25.914648,90.785085,22264.8,240.22,26.36,134.95,0.000555,-0.002264,5.2910,18.0247,10,Tree cover,0.802,26.5,48.9,1.38,5.3,Mixed Sedimentary,SM,97.7,436.6,NA,NA,NO_EVENT,NA,NA,NA,NA,NA,NA,NA,NA,NA,NA
NEG_1790,1:2,0,1,Garo Hills Block,25.276235,90.601033,5642.8,27.24,31.90,71.44,0.002151,0.000169,4.8443,49.8338,10,Tree cover,0.788,26.9,52.8,1.42,5.0,Mixed Sedimentary,SM,1796.6,3428.7,NA,NA,NO_EVENT,NA,NA,NA,NA,NA,NA,NA,NA,NA,NA
NEG_1791,1:2,0,5,Jaintia Hills Block,25.564775,92.069351,1484.6,1639.07,17.30,223.36,0.002425,0.000505,5.2463,19.9887,10,Tree cover,0.651,28.5,45.7,1.31,4.8,Metamorphic,MT,146.7,2889.4,NA,NA,NO_EVENT,NA,NA,NA,NA,NA,NA,NA,NA,NA,NA
NEG_1792,1:2,0,1,Garo Hills Block,25.563477,90.006779,2488.8,25.00,20.94,269.91,-0.003432,0.000480,4.9572,20.2558,10,Tree cover,0.651,24.9,53.1,1.33,5.4,Mixed Sedimentary,SM,1357.2,1707.8,NA,NA,NO_EVENT,NA,NA,NA,NA,NA,NA,NA,NA,NA,NA
NEG_1793,1:2,0,4,Ri-Bhoi Block,25.801467,92.258209,11542.1,1183.53,18.84,38.13,-0.003662,0.000801,5.6501,32.6009,10,Tree cover,0.737,30.2,45.1,1.29,5.0,Metamorphic,MT,373.2,6228.8,NA,NA,NO_EVENT,NA,NA,NA,NA,NA,NA,NA,NA,NA,NA
NEG_1794,1:2,0,3,East Khasi Block,25.332658,91.825584,4870.7,1552.27,19.18,56.02,0.003113,-0.000643,5.8295,40.9973,10,Tree cover,0.755,35.1,38.2,1.38,4.3,Metamorphic,MT,255.4,1561.9,NA,NA,NO_EVENT,NA,NA,NA,NA,NA,NA,NA,NA,NA,NA
NEG_1795,1:2,0,4,Ri-Bhoi Block,25.932844,91.402568,12318.0,970.14,25.81,134.86,-0.001965,0.001099,5.3309,18.4266,10,Tree cover,0.810,34.4,46.4,1.34,5.1,Metamorphic,MT,3858.4,659.4,NA,NA,NO_EVENT,NA,NA,NA,NA,NA,NA,NA,NA,NA,NA
NEG_1796,1:2,0,4,Ri-Bhoi Block,25.766826,92.494217,17656.6,929.57,17.49,12.78,-0.000711,0.000424,5.6239,36.3794,10,Tree cover,0.716,29.0,38.1,1.28,4.5,Metamorphic,MT,137.9,1602.3,NA,NA,NO_EVENT,NA,NA,NA,NA,NA,NA,NA,NA,NA,NA
NEG_1797,1:2,0,1,Garo Hills Block,25.555374,90.755415,5418.2,327.78,16.36,223.44,-0.003603,0.000762,5.3375,19.1045,10,Tree cover,0.652,24.6,50.2,1.33,5.3,Mixed Sedimentary,SM,1717.1,814.5,NA,NA,NO_EVENT,NA,NA,NA,NA,NA,NA,NA,NA,NA,NA
NEG_1798,1:2,0,1,Garo Hills Block,25.833959,90.471202,5792.5,128.71,24.01,33.73,-0.004775,0.000124,5.3456,29.2071,10,Tree cover,0.758,29.3,48.3,1.35,4.8,Mixed Sedimentary,SM,603.7,700.7,NA,NA,NO_EVENT,NA,NA,NA,NA,NA,NA,NA,NA,NA,NA
NEG_1799,1:2,0,5,Jaintia Hills Block,25.439614,92.440468,7175.5,1050.05,34.96,5.83,0.001780,0.000507,4.2323,34.8587,10,Tree cover,0.691,32.7,38.8,1.36,4.5,Metamorphic,MT,1477.5,1790.6,NA,NA,NO_EVENT,NA,NA,NA,NA,NA,NA,NA,NA,NA,NA
NEG_1800,1:2,0,4,Ri-Bhoi Block,25.802376,91.031624,1441.4,615.80,21.96,28.66,-0.001241,0.001471,5.4038,34.8352,10,Tree cover,0.738,30.2,39.1,1.29,4.6,Metamorphic,MT,556.5,3737.0,NA,NA,NO_EVENT,NA,NA,NA,NA,NA,NA,NA,NA,NA,NA
NEG_1801,1:2,0,1,Garo Hills Block,25.251924,90.885704,10665.8,379.36,33.18,122.52,-0.000578,-0.002063,4.7172,44.4744,10,Tree cover,0.800,27.8,45.0,1.43,5.4,Mixed Sedimentary,SM,5808.9,75.9,NA,NA,NO_EVENT,NA,NA,NA,NA,NA,NA,NA,NA,NA,NA
NEG_1802,1:2,0,1,Garo Hills Block,25.326832,90.337072,14682.6,99.32,24.25,80.14,0.004601,-0.000155,5.4329,47.0905,10,Tree cover,0.759,25.0,44.2,1.40,4.9,Mixed Sedimentary,SM,3255.1,2819.0,NA,NA,NO_EVENT,NA,NA,NA,NA,NA,NA,NA,NA,NA,NA
NEG_1803,1:2,0,1,Garo Hills Block,25.822800,90.568813,13443.7,25.29,31.40,43.31,0.003231,0.000062,4.7196,35.9857,10,Tree cover,0.751,29.6,52.2,1.35,4.9,Mixed Sedimentary,SM,64.7,1016.6,NA,NA,NO_EVENT,NA,NA,NA,NA,NA,NA,NA,NA,NA,NA
NEG_1804,1:2,0,1,Garo Hills Block,25.510501,90.976871,11050.3,515.38,18.02,294.77,-0.000096,-0.000273,5.3208,18.3074,10,Tree cover,0.661,23.3,44.3,1.34,5.3,Mixed Sedimentary,SM,810.9,4650.7,NA,NA,NO_EVENT,NA,NA,NA,NA,NA,NA,NA,NA,NA,NA
NEG_1805,1:2,0,1,Garo Hills Block,26.080644,90.992831,28359.2,396.84,26.36,352.70,-0.004721,-0.000123,4.8695,47.3691,10,Tree cover,0.824,22.5,44.5,1.43,5.3,Mixed Sedimentary,SM,837.2,1150.3,NA,NA,NO_EVENT,NA,NA,NA,NA,NA,NA,NA,NA,NA,NA
NEG_1806,1:2,0,1,Garo Hills Block,25.106381,90.073969,21647.8,54.50,25.46,202.68,0.002395,-0.001478,4.8590,19.3387,10,Tree cover,0.828,30.2,52.1,1.44,5.3,Mixed Sedimentary,SM,936.7,158.7,NA,NA,NO_EVENT,NA,NA,NA,NA,NA,NA,NA,NA,NA,NA
NEG_1807,1:2,0,4,Ri-Bhoi Block,25.658014,91.628059,575.2,1505.95,35.99,299.49,-0.002376,0.001171,3.7778,50.8880,10,Tree cover,0.758,27.2,42.6,1.29,4.6,Metamorphic,MT,202.7,6145.7,NA,NA,NO_EVENT,NA,NA,NA,NA,NA,NA,NA,NA,NA,NA
NEG_1808,1:2,0,2,West Khasi Block,25.472260,91.117123,2317.0,816.74,34.17,345.83,-0.003879,-0.000480,4.1660,24.9847,10,Tree cover,0.675,31.5,38.1,1.35,4.5,Metamorphic,MT,264.5,1011.7,NA,NA,NO_EVENT,NA,NA,NA,NA,NA,NA,NA,NA,NA,NA
NEG_1809,1:2,0,2,West Khasi Block,25.078247,91.375467,12207.8,836.00,30.30,209.91,0.004407,0.000269,4.3687,24.4835,10,Tree cover,0.824,29.7,50.6,1.44,4.8,Siliciclastic Sedimentary,SS,769.8,124.1,NA,NA,NO_EVENT,NA,NA,NA,NA,NA,NA,NA,NA,NA,NA
NEG_1810,1:2,0,1,Garo Hills Block,25.565119,90.256125,5150.0,28.67,19.58,236.93,-0.003630,0.000374,5.0634,20.2890,10,Tree cover,0.651,24.9,45.0,1.33,5.0,Mixed Sedimentary,SM,1675.6,158.8,NA,NA,NO_EVENT,NA,NA,NA,NA,NA,NA,NA,NA,NA,NA
NEG_1811,1:2,0,1,Garo Hills Block,25.132147,90.176896,14050.2,44.02,14.24,180.34,-0.000024,0.002838,5.8584,18.0004,40,Cropland,0.645,30.3,48.0,1.44,5.2,Mixed Sedimentary,SM,1392.7,1225.9,NA,NA,NO_EVENT,NA,NA,NA,NA,NA,NA,NA,NA,NA,NA
NEG_1812,1:2,0,3,East Khasi Block,25.129111,91.659610,5387.3,1184.41,22.81,357.16,0.000135,0.002853,5.1607,18.0231,10,Tree cover,0.830,30.3,45.5,1.44,5.3,Siliciclastic Sedimentary,SS,570.1,475.5,NA,NA,NO_EVENT,NA,NA,NA,NA,NA,NA,NA,NA,NA,NA
NEG_1813,1:2,0,1,Garo Hills Block,25.232201,90.566862,6906.5,28.88,35.57,53.11,-0.001853,0.001888,4.4898,39.7809,10,Tree cover,0.853,28.5,52.1,1.43,4.9,Mixed Sedimentary,SM,1742.4,2185.4,NA,NA,NO_EVENT,NA,NA,NA,NA,NA,NA,NA,NA,NA,NA
NEG_1814,1:2,0,5,Jaintia Hills Block,25.207458,92.721398,11658.1,631.62,31.15,143.04,0.004283,-0.000390,4.7798,29.8386,10,Tree cover,0.818,29.3,46.7,1.43,5.4,Siliciclastic Sedimentary,SS,8326.7,1170.9,NA,NA,NO_EVENT,NA,NA,NA,NA,NA,NA,NA,NA,NA,NA
NEG_1815,1:2,0,1,Garo Hills Block,25.942987,90.503009,18094.7,25.00,19.27,45.02,0.003990,-0.000288,5.8461,18.9017,10,Tree cover,0.814,25.4,49.7,1.39,4.8,Mixed Sedimentary,SM,697.5,2982.2,NA,NA,NO_EVENT,NA,NA,NA,NA,NA,NA,NA,NA,NA,NA
NEG_1816,1:2,0,1,Garo Hills Block,25.373772,90.440173,21805.6,25.00,16.69,35.69,-0.000748,0.002347,5.9319,35.5762,10,Tree cover,0.730,23.5,46.9,1.39,4.8,Mixed Sedimentary,SM,484.8,3762.7,NA,NA,NO_EVENT,NA,NA,NA,NA,NA,NA,NA,NA,NA,NA
NEG_1817,1:2,0,1,Garo Hills Block,25.551226,89.859812,12180.4,117.39,19.34,319.02,0.004164,-0.000387,5.1072,18.9737,10,Tree cover,0.652,24.4,49.1,1.33,5.3,Mixed Sedimentary,SM,573.8,333.3,NA,NA,NO_EVENT,NA,NA,NA,NA,NA,NA,NA,NA,NA,NA
NEG_1818,1:2,0,4,Ri-Bhoi Block,25.745077,91.395632,12901.7,1095.44,23.62,189.32,-0.001127,-0.002253,5.0467,45.3716,10,Tree cover,0.703,28.4,46.3,1.28,5.1,Metamorphic,MT,5008.7,3059.9,NA,NA,NO_EVENT,NA,NA,NA,NA,NA,NA,NA,NA,NA,NA
NEG_1819,1:2,0,1,Garo Hills Block,25.990530,90.301398,26222.6,123.09,24.52,104.42,-0.000769,0.002448,5.3381,26.8133,10,Tree cover,0.827,23.8,44.2,1.41,4.9,Mixed Sedimentary,SM,394.1,1981.5,NA,NA,NO_EVENT,NA,NA,NA,NA,NA,NA,NA,NA,NA,NA
NEG_1820,1:2,0,4,Ri-Bhoi Block,25.888438,92.215481,6736.0,1136.17,30.07,84.19,0.000184,0.001546,4.9769,19.9992,10,Tree cover,0.789,33.2,46.2,1.32,5.1,Metamorphic,MT,4302.9,715.5,NA,NA,NO_EVENT,NA,NA,NA,NA,NA,NA,NA,NA,NA,NA
NEG_1821,1:2,0,2,West Khasi Block,25.157356,91.015606,4521.2,511.27,17.73,21.55,0.001846,-0.001883,5.6791,18.8144,10,Tree cover,0.829,30.2,45.1,1.44,5.3,Siliciclastic Sedimentary,SS,686.0,1653.1,NA,NA,NO_EVENT,NA,NA,NA,NA,NA,NA,NA,NA,NA,NA
NEG_1822,1:2,0,1,Garo Hills Block,25.203765,90.576898,5602.9,25.00,33.14,49.93,-0.003850,0.000377,4.6096,29.5152,10,Tree cover,0.819,29.4,52.4,1.43,4.9,Mixed Sedimentary,SM,675.5,1872.2,NA,NA,NO_EVENT,NA,NA,NA,NA,NA,NA,NA,NA,NA,NA
NEG_1823,1:2,0,2,West Khasi Block,25.304306,91.496521,3551.3,1211.24,17.48,126.18,-0.004307,0.000403,5.9974,38.1621,10,Tree cover,0.773,25.8,45.5,1.41,5.0,Siliciclastic Sedimentary,SS,2156.6,1917.2,NA,NA,NO_EVENT,NA,NA,NA,NA,NA,NA,NA,NA,NA,NA
NEG_1824,1:2,0,5,Jaintia Hills Block,25.464324,92.690585,12714.2,736.82,34.93,189.92,0.001512,-0.001193,4.1363,27.2468,10,Tree cover,0.679,31.8,43.0,1.35,4.8,Metamorphic,MT,2058.4,5024.4,NA,NA,NO_EVENT,NA,NA,NA,NA,NA,NA,NA,NA,NA,NA
NEG_1825,1:2,0,5,Jaintia Hills Block,25.156480,92.769761,11860.6,477.03,17.41,158.59,0.002049,-0.001693,5.7013,18.7445,10,Tree cover,0.829,30.2,45.0,1.44,5.3,Siliciclastic Sedimentary,SS,5363.4,1920.0,NA,NA,NO_EVENT,NA,NA,NA,NA,NA,NA,NA,NA,NA,NA
NEG_1826,1:2,0,5,Jaintia Hills Block,25.269090,92.157266,4539.9,1278.05,33.47,115.46,0.000546,-0.002634,4.7138,49.5992,10,Tree cover,0.792,27.2,44.6,1.42,4.8,Siliciclastic Sedimentary,SS,2113.6,960.8,NA,NA,NO_EVENT,NA,NA,NA,NA,NA,NA,NA,NA,NA,NA
NEG_1827,1:2,0,1,Garo Hills Block,25.386088,90.236398,12728.6,35.69,21.30,142.60,0.000245,-0.000731,5.5245,38.6040,10,Tree cover,0.722,23.2,45.6,1.38,5.0,Mixed Sedimentary,SM,1167.3,6567.4,NA,NA,NO_EVENT,NA,NA,NA,NA,NA,NA,NA,NA,NA,NA
NEG_1828,1:2,0,1,Garo Hills Block,25.946520,90.742026,26729.5,138.20,16.61,132.43,0.004731,-0.000072,6.0552,19.0100,10,Tree cover,0.815,25.3,50.8,1.39,5.3,Mixed Sedimentary,SM,927.7,3423.3,NA,NA,NO_EVENT,NA,NA,NA,NA,NA,NA,NA,NA,NA,NA
NEG_1829,1:2,0,4,Ri-Bhoi Block,25.731564,91.527653,4551.5,1320.80,17.34,211.34,0.001489,0.001991,5.4965,38.6810,10,Tree cover,0.695,28.1,46.0,1.28,5.0,Metamorphic,MT,985.8,7262.2,NA,NA,NO_EVENT,NA,NA,NA,NA,NA,NA,NA,NA,NA,NA
NEG_1830,1:2,0,2,West Khasi Block,25.529497,91.312249,1185.3,1007.42,21.43,237.38,0.001008,0.002391,4.9915,18.0271,10,Tree cover,0.656,29.5,43.7,1.33,4.9,Metamorphic,MT,822.5,2225.9,NA,NA,NO_EVENT,NA,NA,NA,NA,NA,NA,NA,NA,NA,NA
NEG_1831,1:2,0,1,Garo Hills Block,25.810817,90.067707,19254.8,25.00,29.42,140.23,0.003198,0.000710,4.8373,38.2264,10,Tree cover,0.743,29.8,52.3,1.34,5.4,Mixed Sedimentary,SM,199.6,1807.0,NA,NA,NO_EVENT,NA,NA,NA,NA,NA,NA,NA,NA,NA,NA
NEG_1832,1:2,0,4,Ri-Bhoi Block,25.741635,92.532227,16432.1,929.51,15.26,237.51,0.001072,0.002357,5.7020,35.8543,10,Tree cover,0.701,28.3,38.3,1.28,4.5,Metamorphic,MT,1775.7,5888.7,NA,NA,NO_EVENT,NA,NA,NA,NA,NA,NA,NA,NA,NA,NA
NEG_1833,1:2,0,1,Garo Hills Block,25.082411,90.228993,19086.0,26.18,21.68,211.27,-0.004749,-0.000057,5.0727,21.9946,10,Tree cover,0.824,29.8,45.9,1.44,5.1,Mixed Sedimentary,SM,830.3,2309.1,NA,NA,NO_EVENT,NA,NA,NA,NA,NA,NA,NA,NA,NA,NA
NEG_1834,1:2,0,4,Ri-Bhoi Block,25.793962,91.133709,2474.4,795.09,25.64,18.56,0.002831,-0.001296,5.0780,39.6012,10,Tree cover,0.732,29.9,38.2,1.29,4.5,Metamorphic,MT,1453.6,4411.3,NA,NA,NO_EVENT,NA,NA,NA,NA,NA,NA,NA,NA,NA,NA
NEG_1835,1:2,0,1,Garo Hills Block,25.455833,90.217748,4899.0,52.11,26.86,185.94,0.004759,-0.000145,4.8155,27.0037,10,Tree cover,0.683,22.5,46.3,1.36,5.1,Mixed Sedimentary,SM,241.7,506.0,NA,NA,NO_EVENT,NA,NA,NA,NA,NA,NA,NA,NA,NA,NA
NEG_1836,1:2,0,1,Garo Hills Block,25.567312,90.185963,6793.9,96.35,14.67,223.74,-0.002618,-0.000334,5.4530,19.9025,40,Cropland,0.649,25.0,47.6,1.33,5.1,Mixed Sedimentary,SM,4953.8,738.8,NA,NA,NO_EVENT,NA,NA,NA,NA,NA,NA,NA,NA,NA,NA
NEG_1837,1:2,0,5,Jaintia Hills Block,25.534750,92.129027,1370.3,1497.67,23.92,227.96,0.002651,-0.001032,4.7785,18.1589,10,Tree cover,0.655,29.4,46.8,1.33,4.8,Metamorphic,MT,373.0,1777.9,NA,NA,NO_EVENT,NA,NA,NA,NA,NA,NA,NA,NA,NA,NA
NEG_1838,1:2,0,2,West Khasi Block,25.298926,91.266398,4388.8,937.19,19.57,91.80,-0.002756,0.001207,5.8327,40.1427,10,Tree cover,0.776,26.0,53.1,1.41,4.8,Siliciclastic Sedimentary,SS,182.2,757.3,NA,NA,NO_EVENT,NA,NA,NA,NA,NA,NA,NA,NA,NA,NA
NEG_1839,1:2,0,4,Ri-Bhoi Block,26.091377,91.894284,1624.3,1064.85,35.30,260.48,0.003024,0.000888,4.1116,58.9283,10,Tree cover,0.869,34.1,39.5,1.38,4.6,Metamorphic,MT,79.5,2274.8,NA,NA,NO_EVENT,NA,NA,NA,NA,NA,NA,NA,NA,NA,NA
NEG_1840,1:2,0,4,Ri-Bhoi Block,25.928665,91.065285,11039.5,580.08,25.91,47.30,-0.002259,-0.001277,5.3250,18.2199,10,Tree cover,0.808,34.3,38.4,1.33,4.5,Metamorphic,MT,547.7,2902.6,NA,NA,NO_EVENT,NA,NA,NA,NA,NA,NA,NA,NA,NA,NA
NEG_1841,1:2,0,1,Garo Hills Block,25.849290,89.923553,29619.9,52.56,25.31,46.28,-0.001110,0.001710,5.2841,26.3193,10,Tree cover,0.767,28.9,51.6,1.36,5.4,Mixed Sedimentary,SM,5811.2,1154.8,NA,NA,NO_EVENT,NA,NA,NA,NA,NA,NA,NA,NA,NA,NA
NEG_1842,1:2,0,1,Garo Hills Block,25.152744,90.419365,22314.0,57.91,16.48,13.41,0.000259,0.002617,5.7611,18.5021,10,Tree cover,0.829,30.2,46.1,1.44,4.8,Mixed Sedimentary,SM,1175.6,155.4,NA,NA,NO_EVENT,NA,NA,NA,NA,NA,NA,NA,NA,NA,NA
NEG_1843,1:2,0,5,Jaintia Hills Block,25.454108,92.379522,8883.4,1149.44,34.14,355.82,-0.004497,-0.000218,4.2400,29.9545,10,Tree cover,0.683,32.2,40.5,1.36,4.7,Metamorphic,MT,856.2,1342.8,NA,NA,NO_EVENT,NA,NA,NA,NA,NA,NA,NA,NA,NA,NA
NEG_1844,1:2,0,3,East Khasi Block,25.393967,91.796595,2394.0,1578.36,21.64,31.83,0.000023,-0.002908,5.4708,37.5789,10,Tree cover,0.717,34.0,38.1,1.37,4.3,Metamorphic,MT,1055.9,1745.1,NA,NA,NO_EVENT,NA,NA,NA,NA,NA,NA,NA,NA,NA,NA
NEG_1845,1:2,0,4,Ri-Bhoi Block,25.786059,91.587856,5400.9,1284.30,23.28,67.18,0.002532,0.001219,5.2366,39.1792,10,Tree cover,0.728,29.6,44.1,1.29,4.9,Metamorphic,MT,2022.6,1708.4,NA,NA,NO_EVENT,NA,NA,NA,NA,NA,NA,NA,NA,NA,NA
NEG_1846,1:2,0,2,West Khasi Block,25.405821,91.560013,1655.3,1417.15,26.47,113.45,-0.000887,-0.002412,5.0421,39.2249,10,Tree cover,0.710,33.7,45.1,1.37,4.7,Metamorphic,MT,638.4,177.2,NA,NA,NO_EVENT,NA,NA,NA,NA,NA,NA,NA,NA,NA,NA
NEG_1847,1:2,0,1,Garo Hills Block,25.389647,90.055815,997.5,87.88,29.11,131.08,-0.000299,-0.002683,4.8879,45.3554,10,Tree cover,0.720,23.1,52.6,1.38,5.4,Mixed Sedimentary,SM,324.0,1358.3,NA,NA,NO_EVENT,NA,NA,NA,NA,NA,NA,NA,NA,NA,NA
NEG_1848,1:2,0,1,Garo Hills Block,26.092228,90.187906,41988.1,70.10,25.24,189.89,-0.002590,0.001018,4.9131,47.3375,10,Tree cover,0.822,22.6,47.5,1.43,5.1,Mixed Sedimentary,SM,4845.4,1342.4,NA,NA,NO_EVENT,NA,NA,NA,NA,NA,NA,NA,NA,NA,NA
NEG_1849,1:2,0,5,Jaintia Hills Block,25.098136,92.479519,7213.1,836.46,22.09,319.20,-0.003711,0.000433,5.0971,19.9802,10,Tree cover,0.827,30.1,52.7,1.44,5.2,Siliciclastic Sedimentary,SS,7194.7,1093.2,NA,NA,NO_EVENT,NA,NA,NA,NA,NA,NA,NA,NA,NA,NA
NEG_1850,1:2,0,3,East Khasi Block,25.345981,91.783406,1004.2,1491.17,14.76,43.79,-0.001390,-0.001635,6.1578,35.3906,10,Tree cover,0.747,35.0,38.2,1.38,4.3,Metamorphic,MT,801.6,1760.8,NA,NA,NO_EVENT,NA,NA,NA,NA,NA,NA,NA,NA,NA,NA
NEG_1851,1:2,0,1,Garo Hills Block,25.375326,90.993936,3241.8,638.19,17.22,56.55,-0.001024,-0.000964,5.8849,35.9635,10,Tree cover,0.729,23.5,44.5,1.39,5.3,Mixed Sedimentary,SM,5977.0,639.0,NA,NA,NO_EVENT,NA,NA,NA,NA,NA,NA,NA,NA,NA,NA
NEG_1852,1:2,0,1,Garo Hills Block,25.303082,90.846284,8485.6,351.68,27.67,130.83,0.004391,0.000280,5.1829,49.7871,10,Tree cover,0.773,25.9,46.3,1.41,5.4,Mixed Sedimentary,SM,12031.6,2739.3,NA,NA,NO_EVENT,NA,NA,NA,NA,NA,NA,NA,NA,NA,NA
NEG_1853,1:2,0,3,East Khasi Block,25.463556,91.997269,4720.7,1660.40,26.15,190.78,0.004387,0.000342,4.8417,25.0829,10,Tree cover,0.679,31.9,43.2,1.35,4.6,Metamorphic,MT,490.5,1861.9,NA,NA,NO_EVENT,NA,NA,NA,NA,NA,NA,NA,NA,NA,NA
NEG_1854,1:2,0,5,Jaintia Hills Block,25.572459,92.677874,12721.2,782.63,25.13,223.55,-0.000111,-0.000008,4.6093,22.0693,10,Tree cover,0.650,28.3,42.5,1.31,4.8,Metamorphic,MT,1887.9,573.5,NA,NA,NO_EVENT,NA,NA,NA,NA,NA,NA,NA,NA,NA,NA
NEG_1855,1:2,0,2,West Khasi Block,25.065231,91.334358,14843.3,840.48,31.09,223.76,0.004157,0.000192,4.2628,27.8646,10,Tree cover,0.820,29.4,52.0,1.44,4.8,Siliciclastic Sedimentary,SS,670.5,233.1,NA,NA,NO_EVENT,NA,NA,NA,NA,NA,NA,NA,NA,NA,NA
NEG_1856,1:2,0,4,Ri-Bhoi Block,25.650963,92.606601,10459.2,811.84,30.33,229.47,-0.001863,-0.000521,4.2169,43.9091,10,Tree cover,0.660,27.2,39.9,1.29,4.6,Metamorphic,MT,344.4,4278.2,NA,NA,NO_EVENT,NA,NA,NA,NA,NA,NA,NA,NA,NA,NA
NEG_1857,1:2,0,2,West Khasi Block,25.073091,91.549174,9779.9,1104.14,24.52,243.61,0.000394,-0.000238,4.8137,24.2070,10,Tree cover,0.822,29.6,44.3,1.44,5.1,Siliciclastic Sedimentary,SS,129.7,780.8,NA,NA,NO_EVENT,NA,NA,NA,NA,NA,NA,NA,NA,NA,NA
NEG_1858,1:2,0,1,Garo Hills Block,25.941920,90.537880,19495.3,30.90,23.46,49.66,0.000346,-0.000568,5.5119,19.0067,10,Tree cover,0.813,25.5,51.1,1.39,4.9,Mixed Sedimentary,SM,279.0,253.1,NA,NA,NO_EVENT,NA,NA,NA,NA,NA,NA,NA,NA,NA,NA
NEG_1859,1:2,0,1,Garo Hills Block,25.966396,89.858082,44119.0,25.00,19.59,41.64,-0.004460,-0.000260,5.7871,21.3329,10,Tree cover,0.821,24.6,49.0,1.40,5.3,Mixed Sedimentary,SM,1202.7,234.7,NA,NA,NO_EVENT,NA,NA,NA,NA,NA,NA,NA,NA,NA,NA
NEG_1860,1:2,0,4,Ri-Bhoi Block,25.811051,92.645995,28249.0,775.26,28.25,153.28,0.003319,-0.000676,4.9317,37.3592,10,Tree cover,0.743,30.5,41.3,1.29,4.7,Metamorphic,MT,2108.1,3122.0,NA,NA,NO_EVENT,NA,NA,NA,NA,NA,NA,NA,NA,NA,NA
NEG_1861,1:2,0,4,Ri-Bhoi Block,25.729773,91.139039,4394.1,743.14,24.98,341.99,-0.002401,-0.001558,4.8785,47.8539,10,Tree cover,0.694,28.0,38.3,1.28,4.5,Metamorphic,MT,2405.7,9174.1,NA,NA,NO_EVENT,NA,NA,NA,NA,NA,NA,NA,NA,NA,NA
NEG_1862,1:2,0,5,Jaintia Hills Block,25.068471,92.606347,16395.1,617.11,26.48,218.23,0.004902,0.000021,4.6419,25.6856,10,Tree cover,0.821,29.5,51.5,1.44,5.4,Siliciclastic Sedimentary,SS,6403.8,2272.6,NA,NA,NO_EVENT,NA,NA,NA,NA,NA,NA,NA,NA,NA,NA
NEG_1863,1:2,0,1,Garo Hills Block,25.527920,89.888440,9202.8,105.48,17.55,321.94,0.001237,-0.002227,5.3062,18.0083,10,Tree cover,0.656,23.7,50.3,1.34,5.3,Mixed Sedimentary,SM,488.0,1506.1,NA,NA,NO_EVENT,NA,NA,NA,NA,NA,NA,NA,NA,NA,NA
NEG_1864,1:2,0,4,Ri-Bhoi Block,25.765007,91.269604,11449.9,937.33,15.49,148.07,-0.000289,0.002418,5.7766,34.4533,10,Tree cover,0.715,29.0,42.1,1.28,4.8,Metamorphic,MT,2663.6,1231.7,NA,NA,NO_EVENT,NA,NA,NA,NA,NA,NA,NA,NA,NA,NA
NEG_1865,1:2,0,1,Garo Hills Block,25.154293,90.453529,18992.6,76.39,15.22,12.43,0.002105,0.001472,5.8679,18.5376,10,Tree cover,0.829,30.2,47.5,1.44,4.8,Mixed Sedimentary,SM,589.1,926.0,NA,NA,NO_EVENT,NA,NA,NA,NA,NA,NA,NA,NA,NA,NA
NEG_1866,1:2,0,2,West Khasi Block,25.089650,91.551595,8081.2,1114.42,21.85,238.55,0.000613,-0.001407,5.0849,20.9945,10,Tree cover,0.826,29.9,44.2,1.44,5.1,Siliciclastic Sedimentary,SS,272.3,357.5,NA,NA,NO_EVENT,NA,NA,NA,NA,NA,NA,NA,NA,NA,NA
NEG_1867,1:2,0,4,Ri-Bhoi Block,25.691792,91.342514,9109.3,1070.59,32.01,221.89,-0.004592,-0.000176,4.1838,54.2419,10,Tree cover,0.675,27.4,44.8,1.28,5.0,Metamorphic,MT,71.4,8866.7,NA,NA,NO_EVENT,NA,NA,NA,NA,NA,NA,NA,NA,NA,NA
NEG_1868,1:2,0,4,Ri-Bhoi Block,25.902470,92.426077,25580.5,947.96,32.55,50.77,0.000020,0.002770,4.7911,18.6106,10,Tree cover,0.796,33.6,39.1,1.32,4.6,Metamorphic,MT,687.2,2056.9,NA,NA,NO_EVENT,NA,NA,NA,NA,NA,NA,NA,NA,NA,NA
NEG_1869,1:2,0,1,Garo Hills Block,25.684874,89.838907,19052.3,25.00,31.63,325.23,-0.004558,-0.000258,4.1935,52.7407,10,Tree cover,0.673,29.2,48.1,1.32,5.3,Mixed Sedimentary,SM,214.6,240.9,NA,NA,NO_EVENT,NA,NA,NA,NA,NA,NA,NA,NA,NA,NA
NEG_1870,1:2,0,4,Ri-Bhoi Block,25.770848,91.074898,4782.6,694.62,22.91,5.86,0.000859,0.002052,5.2063,41.4704,10,Tree cover,0.718,29.1,38.3,1.28,4.5,Metamorphic,MT,825.3,2280.6,NA,NA,NO_EVENT,NA,NA,NA,NA,NA,NA,NA,NA,NA,NA
NEG_1871,1:2,0,3,East Khasi Block,25.630802,91.779696,4983.6,1642.80,24.84,313.01,-0.000245,-0.002695,4.6271,34.6141,10,Tree cover,0.655,27.3,38.2,1.29,4.3,Metamorphic,MT,1462.1,2941.3,NA,NA,NO_EVENT,NA,NA,NA,NA,NA,NA,NA,NA,NA,NA
NEG_1872,1:2,0,5,Jaintia Hills Block,25.398256,92.597150,2789.9,825.58,23.98,146.18,-0.001582,-0.001160,5.2686,38.8291,10,Tree cover,0.714,33.9,39.6,1.37,4.6,Metamorphic,MT,2661.4,1907.7,NA,NA,NO_EVENT,NA,NA,NA,NA,NA,NA,NA,NA,NA,NA
NEG_1873,1:2,0,3,East Khasi Block,25.164693,91.848111,3984.8,1276.02,24.07,36.72,-0.003421,-0.000621,5.2000,19.8465,10,Tree cover,0.828,30.1,52.7,1.44,5.4,Siliciclastic Sedimentary,SS,141.8,264.6,NA,NA,NO_EVENT,NA,NA,NA,NA,NA,NA,NA,NA,NA,NA
NEG_1874,1:2,0,5,Jaintia Hills Block,25.024708,92.620186,17577.7,549.55,32.00,226.30,0.002109,-0.000408,4.0872,40.2159,10,Tree cover,0.805,28.2,51.0,1.43,5.4,Siliciclastic Sedimentary,SS,1393.0,346.3,NA,NA,NO_EVENT,NA,NA,NA,NA,NA,NA,NA,NA,NA,NA
NEG_1875,1:2,0,1,Garo Hills Block,25.141504,90.089397,17743.0,46.25,22.93,173.22,-0.001042,-0.000829,5.2006,18.1350,10,Tree cover,0.830,30.3,51.6,1.44,5.3,Mixed Sedimentary,SM,1599.8,1617.9,NA,NA,NO_EVENT,NA,NA,NA,NA,NA,NA,NA,NA,NA,NA
NEG_1876,1:2,0,1,Garo Hills Block,25.379648,90.939377,8141.4,592.99,19.15,98.86,-0.000285,0.002554,5.7172,37.4213,10,Tree cover,0.726,23.3,44.1,1.39,5.4,Mixed Sedimentary,SM,1680.9,4862.3,NA,NA,NO_EVENT,NA,NA,NA,NA,NA,NA,NA,NA,NA,NA
NEG_1877,1:2,0,2,West Khasi Block,25.251444,91.584621,1660.5,1203.62,32.82,85.57,-0.000712,0.001682,4.7453,44.0442,10,Tree cover,0.801,27.9,44.1,1.43,5.2,Siliciclastic Sedimentary,SS,593.3,558.1,NA,NA,NO_EVENT,NA,NA,NA,NA,NA,NA,NA,NA,NA,NA
NEG_1878,1:2,0,1,Garo Hills Block,25.498347,89.904236,8381.8,78.44,20.96,330.05,-0.000284,-0.002820,5.1264,19.1632,10,Tree cover,0.665,23.0,50.9,1.34,5.4,Mixed Sedimentary,SM,274.8,347.5,NA,NA,NO_EVENT,NA,NA,NA,NA,NA,NA,NA,NA,NA,NA
NEG_1879,1:2,0,5,Jaintia Hills Block,25.365224,92.271820,6459.7,1264.44,15.60,49.90,-0.001469,-0.002037,6.0436,35.1988,10,Tree cover,0.735,34.7,44.6,1.38,4.9,Metamorphic,MT,1415.7,710.9,NA,NA,NO_EVENT,NA,NA,NA,NA,NA,NA,NA,NA,NA,NA
NEG_1880,1:2,0,4,Ri-Bhoi Block,25.764878,92.010856,1177.4,1502.50,14.23,177.65,-0.000386,0.001749,5.8769,33.1261,10,Tree cover,0.714,29.0,43.7,1.28,4.6,Metamorphic,MT,581.3,1541.0,NA,NA,NO_EVENT,NA,NA,NA,NA,NA,NA,NA,NA,NA,NA
NEG_1881,1:2,0,1,Garo Hills Block,25.773966,90.748468,9787.9,249.09,16.11,171.92,-0.001405,0.001318,5.7627,34.1549,10,Tree cover,0.720,30.3,50.5,1.33,5.3,Mixed Sedimentary,SM,1430.0,549.2,NA,NA,NO_EVENT,NA,NA,NA,NA,NA,NA,NA,NA,NA,NA
NEG_1882,1:2,0,1,Garo Hills Block,25.127637,90.631025,9151.2,53.64,21.06,307.55,0.000492,0.001888,5.2948,18.0421,10,Tree cover,0.830,30.3,53.1,1.44,5.0,Mixed Sedimentary,SM,259.2,948.2,NA,NA,NO_EVENT,NA,NA,NA,NA,NA,NA,NA,NA,NA,NA
NEG_1883,1:2,0,4,Ri-Bhoi Block,25.918328,92.790436,11973.0,475.24,20.40,112.91,0.001068,-0.002014,5.7680,18.0001,10,Tree cover,0.804,34.0,46.3,1.33,5.1,Metamorphic,MT,35.9,564.1,NA,NA,NO_EVENT,NA,NA,NA,NA,NA,NA,NA,NA,NA,NA
NEG_1884,1:2,0,1,Garo Hills Block,25.553355,89.829586,15164.9,111.42,22.57,318.26,0.003894,0.000663,4.8446,19.3284,10,Tree cover,0.652,24.5,47.7,1.33,5.2,Mixed Sedimentary,SM,226.1,993.0,NA,NA,NO_EVENT,NA,NA,NA,NA,NA,NA,NA,NA,NA,NA
NEG_1885,1:2,0,1,Garo Hills Block,25.171248,90.782346,15692.2,282.45,22.99,159.32,0.000984,-0.001664,5.3111,20.5363,10,Tree cover,0.827,30.0,49.0,1.44,5.3,Mixed Sedimentary,SM,510.2,137.8,NA,NA,NO_EVENT,NA,NA,NA,NA,NA,NA,NA,NA,NA,NA
NEG_1886,1:2,0,1,Garo Hills Block,25.644872,90.029036,4972.8,100.90,34.41,256.39,0.000262,-0.002843,3.8802,45.5334,10,Tree cover,0.659,28.0,53.0,1.32,5.4,Mixed Sedimentary,SM,1326.9,4296.9,NA,NA,NO_EVENT,NA,NA,NA,NA,NA,NA,NA,NA,NA,NA
NEG_1887,1:2,0,1,Garo Hills Block,26.038826,90.913505,26897.3,376.50,27.33,134.40,0.000321,-0.002355,4.9560,40.1775,10,Tree cover,0.830,22.8,44.4,1.42,5.4,Mixed Sedimentary,SM,461.5,3600.5,NA,NA,NO_EVENT,NA,NA,NA,NA,NA,NA,NA,NA,NA,NA
NEG_1888,1:2,0,4,Ri-Bhoi Block,26.005591,92.180591,8133.1,1159.14,26.00,111.21,0.000132,-0.002921,5.1765,30.9366,10,Tree cover,0.829,35.2,46.8,1.36,5.1,Metamorphic,MT,398.6,2068.3,NA,NA,NO_EVENT,NA,NA,NA,NA,NA,NA,NA,NA,NA,NA
NEG_1889,1:2,0,4,Ri-Bhoi Block,25.835872,91.650495,3654.9,1327.50,33.14,45.55,0.002413,0.000764,4.6209,32.8775,10,Tree cover,0.759,31.4,41.7,1.30,4.7,Metamorphic,MT,99.0,3301.2,NA,NA,NO_EVENT,NA,NA,NA,NA,NA,NA,NA,NA,NA,NA
NEG_1890,1:2,0,4,Ri-Bhoi Block,25.696927,91.745910,7580.2,1492.13,22.39,328.94,0.004796,-0.000027,4.9695,43.8189,10,Tree cover,0.678,27.5,38.7,1.28,4.3,Metamorphic,MT,2442.6,2079.8,NA,NA,NO_EVENT,NA,NA,NA,NA,NA,NA,NA,NA,NA,NA
NEG_1891,1:2,0,4,Ri-Bhoi Block,25.699019,91.488871,9487.9,1248.02,21.86,216.90,0.004948,0.000008,5.0187,43.3711,10,Tree cover,0.679,27.5,46.7,1.28,5.1,Metamorphic,MT,446.8,2300.8,NA,NA,NO_EVENT,NA,NA,NA,NA,NA,NA,NA,NA,NA,NA
NEG_1892,1:2,0,4,Ri-Bhoi Block,26.085327,92.033486,7374.6,1086.63,25.90,185.83,-0.001793,-0.000697,4.8876,47.4189,10,Tree cover,0.823,34.2,44.6,1.38,4.9,Metamorphic,MT,211.9,5746.4,NA,NA,NO_EVENT,NA,NA,NA,NA,NA,NA,NA,NA,NA,NA
NEG_1893,1:2,0,4,Ri-Bhoi Block,25.859102,92.461012,27398.6,898.53,33.15,56.23,-0.002462,0.001467,4.6803,26.2331,10,Tree cover,0.773,32.2,38.4,1.31,4.5,Metamorphic,MT,4091.7,3278.7,NA,NA,NO_EVENT,NA,NA,NA,NA,NA,NA,NA,NA,NA,NA
NEG_1894,1:2,0,1,Garo Hills Block,25.252891,90.055603,14272.6,25.00,35.35,116.77,-0.000292,0.002690,4.5450,46.5147,10,Tree cover,0.859,27.8,52.6,1.43,5.4,Mixed Sedimentary,SM,468.6,4599.0,NA,NA,NO_EVENT,NA,NA,NA,NA,NA,NA,NA,NA,NA,NA
NEG_1895,1:2,0,2,West Khasi Block,25.541526,91.367946,2847.7,1173.29,24.27,223.14,0.003448,-0.000542,4.7339,18.4796,10,Tree cover,0.654,29.2,45.6,1.32,5.0,Metamorphic,MT,198.7,2649.0,NA,NA,NO_EVENT,NA,NA,NA,NA,NA,NA,NA,NA,NA,NA
NEG_1896,1:2,0,4,Ri-Bhoi Block,25.915516,91.153540,7445.2,714.08,27.58,48.32,-0.001244,0.002089,5.1935,18.0146,10,Tree cover,0.802,34.0,38.5,1.33,4.5,Metamorphic,MT,516.1,961.7,NA,NA,NO_EVENT,NA,NA,NA,NA,NA,NA,NA,NA,NA,NA
NEG_1897,1:2,0,2,West Khasi Block,25.636521,91.407566,10099.4,1127.77,32.88,223.69,-0.000044,0.002847,3.9906,41.7729,10,Tree cover,0.657,27.3,46.5,1.29,5.1,Metamorphic,MT,1441.8,3314.9,NA,NA,NO_EVENT,NA,NA,NA,NA,NA,NA,NA,NA,NA,NA
NEG_1898,1:2,0,3,East Khasi Block,25.061259,91.676405,12033.3,1075.32,30.44,321.90,-0.000576,-0.000639,4.3026,28.6988,10,Tree cover,0.819,40.0,23.0,1.32,5.7,Volcanic Basic,VB,630.2,31.7,NA,NA,NO_EVENT,NA,NA,NA,NA,NA,NA,NA,NA,NA,NA
NEG_1899,1:2,0,1,Garo Hills Block,25.914287,90.280377,21139.7,40.48,28.52,111.48,0.000709,-0.002257,5.1181,18.0325,10,Tree cover,0.802,26.6,44.5,1.38,5.0,Mixed Sedimentary,SM,963.8,372.0,NA,NA,NO_EVENT,NA,NA,NA,NA,NA,NA,NA,NA,NA,NA
NEG_1900,1:2,0,4,Ri-Bhoi Block,25.661878,91.610512,1431.5,1502.92,35.39,291.21,-0.003071,0.000099,3.8340,51.4367,10,Tree cover,0.757,27.2,43.3,1.29,4.6,Metamorphic,MT,1447.8,7249.4,NA,NA,NO_EVENT,NA,NA,NA,NA,NA,NA,NA,NA,NA,NA
NEG_1901,1:2,0,1,Garo Hills Block,25.197320,90.176564,7383.3,124.02,22.40,148.75,0.001578,-0.000124,5.4487,24.5584,10,Tree cover,0.821,29.5,48.0,1.44,5.2,Mixed Sedimentary,SM,379.4,100.5,NA,NA,NO_EVENT,NA,NA,NA,NA,NA,NA,NA,NA,NA,NA
NEG_1902,1:2,0,4,Ri-Bhoi Block,26.078456,91.000843,27968.5,411.13,26.88,356.26,-0.004354,-0.000118,4.8367,47.6491,10,Tree cover,0.825,34.4,39.9,1.38,4.6,Metamorphic,MT,349.5,669.2,NA,NA,NO_EVENT,NA,NA,NA,NA,NA,NA,NA,NA,NA,NA
NEG_1903,1:2,0,1,Garo Hills Block,25.265615,90.322540,10893.5,25.00,33.98,88.97,0.000661,0.001994,4.6699,49.1346,10,Tree cover,0.794,27.3,44.1,1.42,4.9,Mixed Sedimentary,SM,5293.9,3854.1,NA,NA,NO_EVENT,NA,NA,NA,NA,NA,NA,NA,NA,NA,NA
NEG_1904,1:2,0,4,Ri-Bhoi Block,25.741010,91.658808,1906.9,1438.96,23.89,344.68,-0.000760,-0.002496,5.0091,45.9956,10,Tree cover,0.700,28.3,41.4,1.28,4.5,Metamorphic,MT,892.3,1463.3,NA,NA,NO_EVENT,NA,NA,NA,NA,NA,NA,NA,NA,NA,NA
NEG_1905,1:2,0,1,Garo Hills Block,25.715036,90.068418,12272.0,67.24,28.74,217.48,-0.003143,0.000888,4.5231,52.3874,10,Tree cover,0.687,29.9,52.3,1.32,5.3,Mixed Sedimentary,SM,1459.2,1531.9,NA,NA,NO_EVENT,NA,NA,NA,NA,NA,NA,NA,NA,NA,NA
NEG_1906,1:2,0,1,Garo Hills Block,25.985017,90.987263,18296.2,519.44,14.77,64.61,0.003116,0.000390,6.1322,22.6075,10,Tree cover,0.826,24.0,44.4,1.40,5.3,Mixed Sedimentary,SM,79.8,494.1,NA,NA,NO_EVENT,NA,NA,NA,NA,NA,NA,NA,NA,NA,NA
NEG_1907,1:2,0,2,West Khasi Block,25.358439,91.210202,1551.3,915.33,15.70,56.81,-0.002562,0.001239,6.0535,35.8204,10,Tree cover,0.739,34.8,39.9,1.38,4.6,Metamorphic,MT,686.9,5362.7,NA,NA,NO_EVENT,NA,NA,NA,NA,NA,NA,NA,NA,NA,NA
NEG_1908,1:2,0,5,Jaintia Hills Block,25.441271,92.433910,7304.3,1058.31,35.42,4.25,0.001014,0.000412,4.1889,34.5293,10,Tree cover,0.847,32.6,38.9,1.36,4.6,Metamorphic,MT,978.2,1382.1,NA,NA,NO_EVENT,NA,NA,NA,NA,NA,NA,NA,NA,NA,NA
NEG_1909,1:2,0,1,Garo Hills Block,26.023602,90.725532,35385.4,85.62,20.34,147.90,-0.001378,-0.000264,5.5702,31.6238,10,Tree cover,0.830,23.0,51.4,1.42,5.2,Mixed Sedimentary,SM,1111.2,4762.3,NA,NA,NO_EVENT,NA,NA,NA,NA,NA,NA,NA,NA,NA,NA
NEG_1910,1:2,0,4,Ri-Bhoi Block,25.953051,92.183646,10142.5,1192.91,23.54,103.13,0.001150,-0.000255,5.4927,20.1467,10,Tree cover,0.817,34.8,46.7,1.34,5.1,Metamorphic,MT,1628.1,2080.4,NA,NA,NO_EVENT,NA,NA,NA,NA,NA,NA,NA,NA,NA,NA
NEG_1911,1:2,0,1,Garo Hills Block,26.025272,90.549538,28296.5,35.21,28.94,32.43,0.000347,0.002777,4.8764,37.8443,10,Tree cover,0.830,23.0,51.6,1.42,4.9,Mixed Sedimentary,SM,1317.3,2112.9,NA,NA,NO_EVENT,NA,NA,NA,NA,NA,NA,NA,NA,NA,NA
NEG_1912,1:2,0,1,Garo Hills Block,25.643116,90.637361,14616.7,165.30,31.80,268.50,-0.000636,0.002204,4.0862,42.9371,10,Tree cover,0.658,27.9,53.1,1.32,5.1,Mixed Sedimentary,SM,331.2,2724.4,NA,NA,NO_EVENT,NA,NA,NA,NA,NA,NA,NA,NA,NA,NA
NEG_1913,1:2,0,1,Garo Hills Block,25.910022,89.816239,40512.8,55.80,30.93,46.52,-0.001851,-0.001853,4.9243,18.1563,10,Tree cover,0.800,26.7,47.1,1.38,5.2,Mixed Sedimentary,SM,1257.4,462.1,NA,NA,NO_EVENT,NA,NA,NA,NA,NA,NA,NA,NA,NA,NA
NEG_1914,1:2,0,1,Garo Hills Block,25.630005,90.834570,2761.5,354.25,34.08,226.69,0.000587,-0.001444,3.8871,40.5348,10,Tree cover,0.655,27.4,46.7,1.32,5.4,Mixed Sedimentary,SM,1781.1,3895.2,NA,NA,NO_EVENT,NA,NA,NA,NA,NA,NA,NA,NA,NA,NA
NEG_1915,1:2,0,4,Ri-Bhoi Block,25.939603,91.658046,5685.4,1220.78,25.29,53.55,-0.001619,0.000696,5.3676,18.8860,10,Tree cover,0.812,34.5,41.4,1.34,4.7,Metamorphic,MT,3456.4,9913.5,NA,NA,NO_EVENT,NA,NA,NA,NA,NA,NA,NA,NA,NA,NA
NEG_1916,1:2,0,1,Garo Hills Block,25.941427,90.607021,23730.8,77.37,25.31,74.18,-0.004878,0.000053,5.3644,19.0420,10,Tree cover,0.813,25.5,52.9,1.39,5.0,Mixed Sedimentary,SM,964.4,2256.1,NA,NA,NO_EVENT,NA,NA,NA,NA,NA,NA,NA,NA,NA,NA
NEG_1917,1:2,0,2,West Khasi Block,25.032576,91.498277,14189.7,948.87,25.94,229.82,-0.002766,0.000889,4.5879,34.0595,10,Tree cover,0.809,28.5,45.4,1.43,5.0,Siliciclastic Sedimentary,SS,486.4,2574.3,NA,NA,NO_EVENT,NA,NA,NA,NA,NA,NA,NA,NA,NA,NA
NEG_1918,1:2,0,4,Ri-Bhoi Block,25.734446,91.605339,3384.9,1423.40,24.98,316.33,-0.003075,0.000206,4.8964,47.6697,10,Tree cover,0.697,28.1,43.5,1.28,4.6,Metamorphic,MT,2854.5,3110.6,NA,NA,NO_EVENT,NA,NA,NA,NA,NA,NA,NA,NA,NA,NA
NEG_1919,1:2,0,4,Ri-Bhoi Block,25.815182,91.542586,7794.6,1191.62,22.82,123.53,-0.000417,0.000646,5.3805,32.7387,10,Tree cover,0.746,30.6,45.6,1.29,5.0,Metamorphic,MT,697.4,1113.1,NA,NA,NO_EVENT,NA,NA,NA,NA,NA,NA,NA,NA,NA,NA
NEG_1920,1:2,0,1,Garo Hills Block,25.092090,90.155159,18935.9,25.00,19.57,201.65,0.000902,0.001544,5.2762,20.3973,10,Tree cover,0.826,30.0,49.0,1.44,5.2,Mixed Sedimentary,SM,1353.7,1148.8,NA,NA,NO_EVENT,NA,NA,NA,NA,NA,NA,NA,NA,NA,NA
NEG_1921,1:2,0,1,Garo Hills Block,25.664193,90.638687,15969.6,183.95,31.95,267.40,-0.002103,0.001737,4.1143,48.7598,10,Tree cover,0.665,28.6,53.1,1.32,5.1,Mixed Sedimentary,SM,1321.9,1440.0,NA,NA,NO_EVENT,NA,NA,NA,NA,NA,NA,NA,NA,NA,NA
NEG_1922,1:2,0,2,West Khasi Block,25.106017,91.110288,10595.0,562.83,25.80,345.20,0.003081,0.000241,4.8304,19.3937,10,Tree cover,0.828,30.2,48.8,1.44,5.1,Siliciclastic Sedimentary,SS,51.8,188.6,NA,NA,NO_EVENT,NA,NA,NA,NA,NA,NA,NA,NA,NA,NA
NEG_1923,1:2,0,1,Garo Hills Block,25.618668,90.802675,1317.6,314.63,30.26,224.85,0.000534,-0.002645,4.1835,34.7205,10,Tree cover,0.653,27.0,48.1,1.32,5.4,Mixed Sedimentary,SM,418.8,3320.3,NA,NA,NO_EVENT,NA,NA,NA,NA,NA,NA,NA,NA,NA,NA
NEG_1924,1:2,0,4,Ri-Bhoi Block,25.798068,91.763500,10191.8,1514.27,17.34,20.68,-0.002990,0.001197,5.7575,31.9748,10,Tree cover,0.735,30.0,38.4,1.29,4.3,Metamorphic,MT,911.7,1149.6,NA,NA,NO_EVENT,NA,NA,NA,NA,NA,NA,NA,NA,NA,NA
NEG_1925,1:2,0,5,Jaintia Hills Block,25.379444,92.102361,5201.4,1418.14,24.07,143.99,0.000562,-0.000675,5.3242,42.4452,10,Tree cover,0.726,34.4,46.4,1.38,4.8,Metamorphic,MT,2003.1,870.4,NA,NA,NO_EVENT,NA,NA,NA,NA,NA,NA,NA,NA,NA,NA
NEG_1926,1:2,0,4,Ri-Bhoi Block,25.720591,91.744208,7020.1,1484.37,18.29,338.42,0.004115,0.000382,5.3793,39.9460,10,Tree cover,0.689,27.9,38.7,1.28,4.3,Metamorphic,MT,1444.3,2861.1,NA,NA,NO_EVENT,NA,NA,NA,NA,NA,NA,NA,NA,NA,NA
NEG_1927,1:2,0,1,Garo Hills Block,25.617702,89.834738,15523.4,25.00,30.50,314.96,0.001995,-0.000981,4.1638,34.5712,10,Tree cover,0.653,26.9,47.9,1.32,5.3,Mixed Sedimentary,SM,857.1,670.0,NA,NA,NO_EVENT,NA,NA,NA,NA,NA,NA,NA,NA,NA,NA
NEG_1928,1:2,0,1,Garo Hills Block,25.772228,90.946927,7045.1,488.35,15.45,101.07,-0.000920,-0.002147,5.8086,33.6817,10,Tree cover,0.719,30.3,44.1,1.33,5.4,Mixed Sedimentary,SM,266.4,4027.8,NA,NA,NO_EVENT,NA,NA,NA,NA,NA,NA,NA,NA,NA,NA
NEG_1929,1:2,0,4,Ri-Bhoi Block,26.038018,92.294854,5980.4,941.19,22.80,25.05,-0.000383,0.002385,5.3214,36.3357,10,Tree cover,0.830,35.0,43.8,1.37,4.9,Metamorphic,MT,1994.8,2648.2,NA,NA,NO_EVENT,NA,NA,NA,NA,NA,NA,NA,NA,NA,NA
NEG_1930,1:2,0,1,Garo Hills Block,25.654710,90.569155,18129.7,63.20,35.74,304.98,-0.001516,-0.002013,3.7912,49.6781,10,Tree cover,0.758,28.3,52.2,1.32,4.9,Mixed Sedimentary,SM,2404.3,3782.0,NA,NA,NO_EVENT,NA,NA,NA,NA,NA,NA,NA,NA,NA,NA
NEG_1931,1:2,0,1,Garo Hills Block,25.240015,90.838174,15041.2,371.31,35.93,135.55,-0.002028,0.001089,4.4770,42.6854,10,Tree cover,0.855,28.3,46.6,1.43,5.4,Mixed Sedimentary,SM,5688.0,3949.9,NA,NA,NO_EVENT,NA,NA,NA,NA,NA,NA,NA,NA,NA,NA
NEG_1932,1:2,0,1,Garo Hills Block,25.534693,90.703000,3770.1,184.66,14.91,230.73,-0.002317,-0.001483,5.4994,18.0979,40,Cropland,0.514,23.9,52.1,1.34,5.2,Mixed Sedimentary,SM,532.1,744.0,NA,NA,NO_EVENT,NA,NA,NA,NA,NA,NA,NA,NA,NA,NA
NEG_1933,1:2,0,1,Garo Hills Block,25.576124,90.304380,3014.3,25.00,25.17,260.36,0.001825,-0.000248,4.6018,22.6994,10,Tree cover,0.650,25.3,44.2,1.33,4.9,Mixed Sedimentary,SM,541.0,1607.8,NA,NA,NO_EVENT,NA,NA,NA,NA,NA,NA,NA,NA,NA,NA
NEG_1934,1:2,0,1,Garo Hills Block,26.075930,90.129170,44487.5,45.93,30.43,180.43,0.003800,0.000035,4.5628,51.1501,10,Tree cover,0.825,22.5,50.1,1.43,5.3,Mixed Sedimentary,SM,5318.0,2061.3,NA,NA,NO_EVENT,NA,NA,NA,NA,NA,NA,NA,NA,NA,NA
NEG_1935,1:2,0,4,Ri-Bhoi Block,26.026500,92.586413,27968.1,673.82,22.82,142.82,0.001329,0.001799,5.3617,33.9135,10,Tree cover,0.830,35.1,39.3,1.37,4.6,Metamorphic,MT,758.5,5023.2,NA,NA,NO_EVENT,NA,NA,NA,NA,NA,NA,NA,NA,NA,NA
NEG_1936,1:2,0,5,Jaintia Hills Block,25.587389,92.010976,4480.4,1679.50,17.32,226.69,-0.003770,-0.000639,5.2199,22.7003,10,Tree cover,0.650,27.9,43.8,1.31,4.6,Metamorphic,MT,130.0,2121.3,NA,NA,NO_EVENT,NA,NA,NA,NA,NA,NA,NA,NA,NA,NA
NEG_1937,1:2,0,3,East Khasi Block,25.490932,91.721605,1424.3,1676.71,23.53,336.74,0.002148,-0.000848,4.9471,20.0978,10,Tree cover,0.668,30.9,39.3,1.34,4.3,Metamorphic,MT,584.8,609.3,NA,NA,NO_EVENT,NA,NA,NA,NA,NA,NA,NA,NA,NA,NA
NEG_1938,1:2,0,1,Garo Hills Block,25.387822,90.718535,1489.3,200.25,18.84,143.10,0.000452,0.000787,5.7156,35.9737,10,Tree cover,0.721,23.2,51.6,1.38,5.2,Mixed Sedimentary,SM,1341.8,2205.5,NA,NA,NO_EVENT,NA,NA,NA,NA,NA,NA,NA,NA,NA,NA
NEG_1939,1:2,0,2,West Khasi Block,25.644488,91.319296,3391.9,1080.74,32.58,239.96,-0.000650,-0.002387,4.0260,43.9558,10,Tree cover,0.659,27.2,44.0,1.29,4.9,Metamorphic,MT,415.5,6382.9,NA,NA,NO_EVENT,NA,NA,NA,NA,NA,NA,NA,NA,NA,NA
NEG_1940,1:2,0,1,Garo Hills Block,25.645899,90.674315,12014.5,201.31,27.76,247.22,0.000256,0.002840,4.4138,40.4696,10,Tree cover,0.659,28.0,52.8,1.32,5.1,Mixed Sedimentary,SM,1305.3,2622.6,NA,NA,NO_EVENT,NA,NA,NA,NA,NA,NA,NA,NA,NA,NA
NEG_1941,1:2,0,1,Garo Hills Block,25.416314,90.055889,3868.6,71.98,33.63,147.51,-0.001557,-0.001874,4.4300,41.6955,10,Tree cover,0.704,22.7,52.6,1.37,5.4,Mixed Sedimentary,SM,1710.8,3208.8,NA,NA,NO_EVENT,NA,NA,NA,NA,NA,NA,NA,NA,NA,NA
NEG_1942,1:2,0,1,Garo Hills Block,25.076458,90.573044,15968.6,70.06,30.57,317.40,0.003568,-0.000338,4.3410,24.9480,10,Tree cover,0.823,29.7,52.3,1.44,4.9,Mixed Sedimentary,SM,120.6,1534.7,NA,NA,NO_EVENT,NA,NA,NA,NA,NA,NA,NA,NA,NA,NA
NEG_1943,1:2,0,1,Garo Hills Block,25.100187,90.116513,19718.5,25.00,22.59,199.75,0.003361,0.000785,5.0649,19.7975,10,Tree cover,0.828,30.1,50.6,1.44,5.3,Mixed Sedimentary,SM,1447.9,1698.9,NA,NA,NO_EVENT,NA,NA,NA,NA,NA,NA,NA,NA,NA,NA
NEG_1944,1:2,0,1,Garo Hills Block,25.897963,89.918565,34861.4,51.32,23.54,51.79,0.000213,0.002848,5.5087,18.7296,10,Tree cover,0.794,27.2,51.5,1.37,5.4,Mixed Sedimentary,SM,3930.4,1540.2,NA,NA,NO_EVENT,NA,NA,NA,NA,NA,NA,NA,NA,NA,NA
NEG_1945,1:2,0,1,Garo Hills Block,25.731658,90.631301,19287.9,130.45,23.14,277.17,-0.002577,-0.001424,5.0329,45.5953,10,Tree cover,0.695,30.1,53.1,1.33,5.0,Mixed Sedimentary,SM,184.4,2304.8,NA,NA,NO_EVENT,NA,NA,NA,NA,NA,NA,NA,NA,NA,NA
NEG_1946,1:2,0,4,Ri-Bhoi Block,25.961269,91.279226,16506.0,892.02,16.57,99.92,0.001804,0.000802,6.0378,20.2748,10,Tree cover,0.820,34.9,42.4,1.35,4.8,Metamorphic,MT,132.3,3593.7,NA,NA,NO_EVENT,NA,NA,NA,NA,NA,NA,NA,NA,NA,NA
NEG_1947,1:2,0,2,West Khasi Block,25.350023,91.378799,5976.9,1041.03,24.00,137.99,0.003240,0.001003,5.4097,45.9999,10,Tree cover,0.744,34.9,45.9,1.38,5.0,Metamorphic,MT,508.5,1526.3,NA,NA,NO_EVENT,NA,NA,NA,NA,NA,NA,NA,NA,NA,NA
NEG_1948,1:2,0,2,West Khasi Block,25.432515,91.521118,3400.7,1331.70,26.14,164.97,0.002728,-0.000858,4.9661,32.3683,10,Tree cover,0.695,32.9,46.1,1.36,5.0,Metamorphic,MT,764.0,592.8,NA,NA,NO_EVENT,NA,NA,NA,NA,NA,NA,NA,NA,NA,NA
NEG_1949,1:2,0,5,Jaintia Hills Block,25.143695,92.840821,5029.6,371.22,15.80,58.30,-0.001103,-0.001670,5.7797,18.1452,10,Tree cover,0.830,30.3,44.1,1.44,5.2,Siliciclastic Sedimentary,SS,2211.6,2301.9,NA,NA,NO_EVENT,NA,NA,NA,NA,NA,NA,NA,NA,NA,NA
NEG_1950,1:2,0,1,Garo Hills Block,25.479600,90.862103,4780.4,430.25,32.89,202.79,-0.003364,-0.000394,4.2403,23.0741,10,Tree cover,0.672,22.7,45.7,1.35,5.4,Mixed Sedimentary,SM,649.3,5225.2,NA,NA,NO_EVENT,NA,NA,NA,NA,NA,NA,NA,NA,NA,NA
NEG_1951,1:2,0,1,Garo Hills Block,25.787027,90.909893,10160.9,422.04,20.72,146.10,0.000586,-0.002344,5.4451,36.6847,10,Tree cover,0.728,30.2,44.4,1.34,5.4,Mixed Sedimentary,SM,968.0,4396.5,NA,NA,NO_EVENT,NA,NA,NA,NA,NA,NA,NA,NA,NA,NA
NEG_1952,1:2,0,4,Ri-Bhoi Block,25.919936,91.185526,7904.4,748.45,23.04,54.95,0.001480,0.001854,5.5567,18.0057,10,Tree cover,0.804,34.1,39.2,1.33,4.6,Metamorphic,MT,478.5,2043.5,NA,NA,NO_EVENT,NA,NA,NA,NA,NA,NA,NA,NA,NA,NA
NEG_1953,1:2,0,1,Garo Hills Block,25.797123,90.127732,15032.5,87.21,21.79,159.34,0.003070,-0.001158,5.3979,35.7464,10,Tree cover,0.734,30.0,50.2,1.34,5.3,Mixed Sedimentary,SM,1276.8,3416.5,NA,NA,NO_EVENT,NA,NA,NA,NA,NA,NA,NA,NA,NA,NA
NEG_1954,1:2,0,4,Ri-Bhoi Block,25.933809,92.043940,4164.8,1239.62,17.93,135.32,0.000544,-0.001143,5.9607,18.3363,10,Tree cover,0.810,34.4,44.9,1.34,5.0,Metamorphic,MT,2085.2,8141.6,NA,NA,NO_EVENT,NA,NA,NA,NA,NA,NA,NA,NA,NA,NA
NEG_1955,1:2,0,1,Garo Hills Block,25.248654,90.243122,2905.3,43.91,29.22,127.41,0.001105,0.001173,5.0290,40.4412,10,Tree cover,0.802,28.0,45.4,1.43,5.0,Mixed Sedimentary,SM,1042.1,1471.1,NA,NA,NO_EVENT,NA,NA,NA,NA,NA,NA,NA,NA,NA,NA
NEG_1956,1:2,0,5,Jaintia Hills Block,25.361596,92.777015,9868.3,601.88,16.30,125.64,-0.001592,-0.002035,5.9973,36.2669,10,Tree cover,0.737,34.7,45.9,1.38,5.0,Metamorphic,MT,2069.2,2652.6,NA,NA,NO_EVENT,NA,NA,NA,NA,NA,NA,NA,NA,NA,NA
NEG_1957,1:2,0,2,West Khasi Block,25.297378,91.191188,3467.5,824.50,21.39,56.50,-0.002177,-0.001433,5.6877,42.0510,10,Tree cover,0.777,26.1,52.0,1.41,4.9,Siliciclastic Sedimentary,SS,1925.1,2208.9,NA,NA,NO_EVENT,NA,NA,NA,NA,NA,NA,NA,NA,NA,NA
NEG_1958,1:2,0,2,West Khasi Block,25.052422,91.011544,15666.9,475.63,26.24,309.09,-0.003234,0.000889,4.6130,29.3071,10,Tree cover,0.816,29.1,44.9,1.43,5.3,Siliciclastic Sedimentary,SS,856.2,1156.3,NA,NA,NO_EVENT,NA,NA,NA,NA,NA,NA,NA,NA,NA,NA
NEG_1959,1:2,0,5,Jaintia Hills Block,25.637026,92.707030,17275.2,642.73,33.78,224.72,0.000139,0.002191,3.9192,42.5836,10,Tree cover,0.657,27.3,43.7,1.29,4.9,Metamorphic,MT,3070.3,4210.0,NA,NA,NO_EVENT,NA,NA,NA,NA,NA,NA,NA,NA,NA,NA
NEG_1960,1:2,0,5,Jaintia Hills Block,25.578075,92.298277,3157.3,1274.72,16.07,309.57,-0.000212,-0.000412,5.3277,21.2218,10,Tree cover,0.650,28.2,43.7,1.31,4.9,Metamorphic,MT,3474.9,2648.5,NA,NA,NO_EVENT,NA,NA,NA,NA,NA,NA,NA,NA,NA,NA
NEG_1961,1:2,0,1,Garo Hills Block,25.610898,89.924394,7193.9,44.13,21.26,306.30,-0.000850,0.002345,4.9002,28.1783,10,Tree cover,0.652,26.7,51.7,1.32,5.4,Mixed Sedimentary,SM,1205.5,525.2,NA,NA,NO_EVENT,NA,NA,NA,NA,NA,NA,NA,NA,NA,NA
NEG_1962,1:2,0,2,West Khasi Block,25.360209,91.555426,3648.6,1399.50,18.80,105.97,0.000655,-0.002413,5.8009,39.1905,10,Tree cover,0.738,34.8,45.2,1.38,5.0,Metamorphic,MT,1971.1,2031.6,NA,NA,NO_EVENT,NA,NA,NA,NA,NA,NA,NA,NA,NA,NA
NEG_1963,1:2,0,4,Ri-Bhoi Block,26.046641,92.420348,18090.9,803.76,33.89,18.57,0.000500,-0.001948,4.4016,47.8181,10,Tree cover,0.829,34.9,39.2,1.37,4.6,Metamorphic,MT,48.3,7126.4,NA,NA,NO_EVENT,NA,NA,NA,NA,NA,NA,NA,NA,NA,NA
NEG_1964,1:2,0,1,Garo Hills Block,25.266624,90.471335,17164.7,82.71,24.39,44.28,-0.001007,-0.000478,5.4381,40.5473,10,Tree cover,0.793,27.3,48.3,1.42,4.8,Mixed Sedimentary,SM,118.4,242.4,NA,NA,NO_EVENT,NA,NA,NA,NA,NA,NA,NA,NA,NA,NA
NEG_1965,1:2,0,5,Jaintia Hills Block,25.237267,92.613622,10956.4,755.56,31.25,132.97,-0.002521,0.000034,4.8460,38.6520,10,Tree cover,0.807,28.4,51.3,1.43,5.4,Siliciclastic Sedimentary,SS,10161.1,1093.7,NA,NA,NO_EVENT,NA,NA,NA,NA,NA,NA,NA,NA,NA,NA
NEG_1966,1:2,0,4,Ri-Bhoi Block,25.940879,92.163394,8386.1,1198.80,26.07,112.87,-0.001318,0.000622,5.3041,19.0240,10,Tree cover,0.813,34.5,46.9,1.34,5.1,Metamorphic,MT,1693.5,607.9,NA,NA,NO_EVENT,NA,NA,NA,NA,NA,NA,NA,NA,NA,NA
NEG_1967,1:2,0,2,West Khasi Block,25.444154,91.338361,791.6,1077.68,34.77,177.70,-0.004427,-0.000095,4.2294,33.2931,10,Tree cover,0.689,32.5,44.7,1.36,4.9,Metamorphic,MT,591.5,1062.3,NA,NA,NO_EVENT,NA,NA,NA,NA,NA,NA,NA,NA,NA,NA
NEG_1968,1:2,0,1,Garo Hills Block,25.521478,90.572864,8671.7,25.00,26.15,310.61,0.001042,0.001992,4.6366,18.0315,10,Tree cover,0.658,23.5,52.3,1.34,4.9,Mixed Sedimentary,SM,991.0,694.3,NA,NA,NO_EVENT,NA,NA,NA,NA,NA,NA,NA,NA,NA,NA
NEG_1969,1:2,0,1,Garo Hills Block,25.565430,89.893014,8714.1,83.23,16.18,314.39,0.002291,-0.000471,5.3350,19.9203,10,Tree cover,0.651,24.9,50.5,1.33,5.3,Mixed Sedimentary,SM,1138.6,437.1,NA,NA,NO_EVENT,NA,NA,NA,NA,NA,NA,NA,NA,NA,NA
NEG_1970,1:2,0,5,Jaintia Hills Block,25.162355,92.504098,8678.8,776.34,18.55,61.66,0.003119,-0.000843,5.6327,19.2262,10,Tree cover,0.828,30.1,53.0,1.44,5.2,Siliciclastic Sedimentary,SS,4015.2,53.9,NA,NA,NO_EVENT,NA,NA,NA,NA,NA,NA,NA,NA,NA,NA
NEG_1971,1:2,0,4,Ri-Bhoi Block,25.831814,91.089749,3999.0,754.88,32.76,33.38,0.004494,-0.000236,4.6392,33.9517,10,Tree cover,0.756,31.2,38.1,1.30,4.5,Metamorphic,MT,1348.2,783.7,NA,NA,NO_EVENT,NA,NA,NA,NA,NA,NA,NA,NA,NA,NA
NEG_1972,1:2,0,1,Garo Hills Block,25.578522,90.928497,9721.8,479.34,18.69,258.06,-0.001320,0.000429,5.1177,21.8072,10,Tree cover,0.650,25.4,44.2,1.33,5.4,Mixed Sedimentary,SM,2632.4,2623.3,NA,NA,NO_EVENT,NA,NA,NA,NA,NA,NA,NA,NA,NA,NA
NEG_1973,1:2,0,4,Ri-Bhoi Block,25.820042,92.191771,5502.3,1197.02,29.21,104.06,-0.002102,-0.000261,4.8857,35.5042,10,Tree cover,0.749,30.8,46.6,1.29,5.1,Metamorphic,MT,460.2,2963.2,NA,NA,NO_EVENT,NA,NA,NA,NA,NA,NA,NA,NA,NA,NA
NEG_1974,1:2,0,4,Ri-Bhoi Block,25.844348,92.003966,3617.9,1455.85,25.29,140.63,-0.003920,-0.000643,5.2727,27.4031,10,Tree cover,0.764,31.7,43.5,1.30,4.6,Metamorphic,MT,1950.8,9121.8,NA,NA,NO_EVENT,NA,NA,NA,NA,NA,NA,NA,NA,NA,NA
NEG_1975,1:2,0,1,Garo Hills Block,25.240865,90.830808,14849.0,369.07,35.71,136.37,-0.001751,0.001537,4.4962,42.8222,10,Tree cover,0.856,28.2,46.9,1.43,5.4,Mixed Sedimentary,SM,5489.2,4130.6,NA,NA,NO_EVENT,NA,NA,NA,NA,NA,NA,NA,NA,NA,NA
NEG_1976,1:2,0,1,Garo Hills Block,25.527433,90.808919,2887.0,430.29,23.81,216.18,0.000877,0.002473,4.8068,18.0073,10,Tree cover,0.656,23.7,47.8,1.34,5.4,Mixed Sedimentary,SM,2590.4,457.4,NA,NA,NO_EVENT,NA,NA,NA,NA,NA,NA,NA,NA,NA,NA
NEG_1977,1:2,0,1,Garo Hills Block,25.835335,90.804528,13280.4,374.31,31.55,145.72,0.001475,-0.000806,4.7465,32.3213,10,Tree cover,0.758,29.3,48.0,1.35,5.4,Mixed Sedimentary,SM,995.6,1762.5,NA,NA,NO_EVENT,NA,NA,NA,NA,NA,NA,NA,NA,NA,NA
NEG_1978,1:2,0,2,West Khasi Block,25.169291,91.017073,3392.4,517.64,19.57,29.62,0.002418,-0.001451,5.5774,19.9512,10,Tree cover,0.827,30.0,45.1,1.44,5.3,Siliciclastic Sedimentary,SS,168.7,636.4,NA,NA,NO_EVENT,NA,NA,NA,NA,NA,NA,NA,NA,NA,NA
NEG_1979,1:2,0,1,Garo Hills Block,26.078308,90.488938,32320.7,50.12,27.84,358.22,-0.004795,-0.000063,4.7604,48.6863,10,Tree cover,0.825,22.5,49.1,1.43,4.8,Mixed Sedimentary,SM,1286.3,8167.3,NA,NA,NO_EVENT,NA,NA,NA,NA,NA,NA,NA,NA,NA,NA
NEG_1980,1:2,0,4,Ri-Bhoi Block,25.681131,91.120568,609.1,689.58,34.12,324.08,-0.004259,0.000438,3.9837,54.7628,10,Tree cover,0.671,27.3,38.1,1.28,4.5,Metamorphic,MT,316.5,3483.2,NA,NA,NO_EVENT,NA,NA,NA,NA,NA,NA,NA,NA,NA,NA
NEG_1981,1:2,0,2,West Khasi Block,25.096707,91.288024,12767.2,855.52,20.47,235.20,-0.000649,-0.001837,5.2214,19.9854,10,Tree cover,0.827,30.0,53.0,1.44,4.8,Siliciclastic Sedimentary,SS,634.0,732.0,NA,NA,NO_EVENT,NA,NA,NA,NA,NA,NA,NA,NA,NA,NA
NEG_1982,1:2,0,4,Ri-Bhoi Block,25.778337,91.365321,12542.4,1074.77,24.78,168.60,0.002053,-0.000528,5.0864,42.0545,10,Tree cover,0.723,29.4,45.5,1.29,5.0,Metamorphic,MT,6806.0,2780.2,NA,NA,NO_EVENT,NA,NA,NA,NA,NA,NA,NA,NA,NA,NA
NEG_1983,1:2,0,1,Garo Hills Block,25.961875,90.681258,30661.3,114.66,15.62,116.25,0.001733,-0.000847,6.1128,20.2025,10,Tree cover,0.820,24.7,52.6,1.40,5.1,Mixed Sedimentary,SM,500.8,4854.3,NA,NA,NO_EVENT,NA,NA,NA,NA,NA,NA,NA,NA,NA,NA
NEG_1984,1:2,0,5,Jaintia Hills Block,25.113149,92.656525,22152.1,572.86,24.42,191.24,0.001151,0.002309,4.9685,18.7140,10,Tree cover,0.829,30.2,49.5,1.44,5.4,Siliciclastic Sedimentary,SS,11626.6,1239.9,NA,NA,NO_EVENT,NA,NA,NA,NA,NA,NA,NA,NA,NA,NA
NEG_1985,1:2,0,2,West Khasi Block,25.428452,91.558037,3301.7,1396.58,29.35,136.41,-0.001326,-0.001275,4.7254,35.2757,10,Tree cover,0.697,33.0,45.1,1.37,5.0,Metamorphic,MT,1105.6,1499.1,NA,NA,NO_EVENT,NA,NA,NA,NA,NA,NA,NA,NA,NA,NA
NEG_1986,1:2,0,1,Garo Hills Block,25.875363,90.789157,17908.6,320.40,31.97,137.69,-0.000100,-0.002872,4.8064,22.3200,10,Tree cover,0.782,28.0,48.7,1.36,5.3,Mixed Sedimentary,SM,129.4,397.4,NA,NA,NO_EVENT,NA,NA,NA,NA,NA,NA,NA,NA,NA,NA
NEG_1987,1:2,0,1,Garo Hills Block,25.793458,90.213027,14075.9,73.30,17.37,160.13,-0.003417,-0.000686,5.7377,32.7108,10,Tree cover,0.732,30.1,46.5,1.34,5.1,Mixed Sedimentary,SM,1939.9,2798.4,NA,NA,NO_EVENT,NA,NA,NA,NA,NA,NA,NA,NA,NA,NA
NEG_1988,1:2,0,1,Garo Hills Block,25.334597,90.241367,9298.7,43.83,17.51,128.36,-0.004403,-0.000356,5.9598,38.9713,10,Tree cover,0.754,24.7,45.4,1.40,5.0,Mixed Sedimentary,SM,1417.8,3762.9,NA,NA,NO_EVENT,NA,NA,NA,NA,NA,NA,NA,NA,NA,NA
NEG_1989,1:2,0,1,Garo Hills Block,25.896129,90.479080,12397.4,81.21,24.72,44.30,0.001164,-0.000088,5.4127,18.9103,10,Tree cover,0.793,27.3,48.7,1.37,4.8,Mixed Sedimentary,SM,1283.0,2544.6,NA,NA,NO_EVENT,NA,NA,NA,NA,NA,NA,NA,NA,NA,NA
NEG_1990,1:2,0,4,Ri-Bhoi Block,25.794796,92.677060,27831.6,735.77,26.82,161.69,-0.000007,-0.001995,4.9868,40.3985,10,Tree cover,0.733,29.9,42.5,1.29,4.8,Metamorphic,MT,5611.2,1952.4,NA,NA,NO_EVENT,NA,NA,NA,NA,NA,NA,NA,NA,NA,NA
NEG_1991,1:2,0,2,West Khasi Block,25.589994,91.447089,5181.3,1261.53,20.95,225.76,-0.002810,0.000994,4.9279,24.1296,10,Tree cover,0.650,27.9,46.9,1.31,5.1,Metamorphic,MT,456.4,2432.1,NA,NA,NO_EVENT,NA,NA,NA,NA,NA,NA,NA,NA,NA,NA
NEG_1992,1:2,0,1,Garo Hills Block,25.517916,90.793965,4400.3,412.86,23.58,213.11,0.000049,0.002934,4.8528,18.1024,10,Tree cover,0.659,23.4,48.5,1.34,5.3,Mixed Sedimentary,SM,4049.1,592.5,NA,NA,NO_EVENT,NA,NA,NA,NA,NA,NA,NA,NA,NA,NA
NEG_1993,1:2,0,3,East Khasi Block,25.533707,91.638563,1839.3,1482.62,24.74,306.95,0.002077,-0.001676,4.7156,18.1297,10,Tree cover,0.655,29.4,42.2,1.33,4.5,Metamorphic,MT,1466.7,1518.9,NA,NA,NO_EVENT,NA,NA,NA,NA,NA,NA,NA,NA,NA,NA
NEG_1994,1:2,0,4,Ri-Bhoi Block,26.084871,92.660182,22335.7,541.10,35.35,185.58,0.001980,0.000655,4.1335,58.0827,10,Tree cover,0.868,34.2,41.8,1.38,4.8,Metamorphic,MT,79.1,1810.5,NA,NA,NO_EVENT,NA,NA,NA,NA,NA,NA,NA,NA,NA,NA
NEG_1995,1:2,0,4,Ri-Bhoi Block,25.951125,92.511848,29813.7,853.63,16.58,85.14,0.004168,0.000065,6.0520,19.3536,10,Tree cover,0.817,34.7,38.1,1.34,4.5,Metamorphic,MT,130.4,612.1,NA,NA,NO_EVENT,NA,NA,NA,NA,NA,NA,NA,NA,NA,NA
NEG_1996,1:2,0,3,East Khasi Block,25.525277,91.805205,4060.3,1752.99,18.37,317.12,0.000370,0.002723,5.2480,18.0000,10,Tree cover,0.821,22.8,60.1,1.31,4.5,Plutonic Acidic,PA,131.4,501.8,NA,NA,NO_EVENT,NA,NA,NA,NA,NA,NA,NA,NA,NA,NA
NEG_1997,1:2,0,1,Garo Hills Block,25.986672,90.998500,18114.1,518.64,15.45,58.52,0.002700,0.001043,6.0737,23.0365,10,Tree cover,0.826,23.9,44.6,1.40,5.3,Mixed Sedimentary,SM,40.3,621.9,NA,NA,NO_EVENT,NA,NA,NA,NA,NA,NA,NA,NA,NA,NA
NEG_1998,1:2,0,4,Ri-Bhoi Block,26.058703,91.068147,25287.8,488.74,33.34,10.04,0.002660,0.000980,4.3986,50.5548,10,Tree cover,0.828,34.7,38.4,1.38,4.5,Metamorphic,MT,592.0,2067.5,NA,NA,NO_EVENT,NA,NA,NA,NA,NA,NA,NA,NA,NA,NA
NEG_1999,1:2,0,4,Ri-Bhoi Block,25.669169,91.964904,1025.7,1653.69,29.62,229.91,0.003238,0.000996,4.3124,47.6086,10,Tree cover,0.666,27.2,41.9,1.28,4.5,Metamorphic,MT,73.8,1447.3,NA,NA,NO_EVENT,NA,NA,NA,NA,NA,NA,NA,NA,NA,NA
NEG_2000,1:2,0,1,Garo Hills Block,26.046639,90.546080,30367.7,35.57,32.13,19.96,0.000506,0.001948,4.5424,46.2690,10,Tree cover,0.829,22.7,51.4,1.42,4.9,Mixed Sedimentary,SM,1522.0,3357.9,NA,NA,NO_EVENT,NA,NA,NA,NA,NA,NA,NA,NA,NA,NA
NEG_2001,1:2,0,4,Ri-Bhoi Block,25.825821,91.388488,8339.7,1126.68,31.59,147.57,0.003570,0.000101,4.7141,35.1804,10,Tree cover,0.752,31.0,46.1,1.30,5.0,Metamorphic,MT,3226.6,2239.3,NA,NA,NO_EVENT,NA,NA,NA,NA,NA,NA,NA,NA,NA,NA
NEG_2002,1:2,0,5,Jaintia Hills Block,25.310042,92.168651,3852.7,1349.14,26.25,110.31,0.000680,-0.000820,5.2919,48.7741,10,Tree cover,0.769,25.6,44.4,1.41,4.8,Siliciclastic Sedimentary,SS,1944.3,54.4,NA,NA,NO_EVENT,NA,NA,NA,NA,NA,NA,NA,NA,NA,NA
NEG_2003,1:2,0,3,East Khasi Block,25.616400,91.815970,1799.0,1722.08,25.98,304.66,0.001027,-0.002384,4.5247,31.7925,10,Tree cover,0.815,27.5,38.1,1.30,4.3,Metamorphic,MT,263.7,2722.7,NA,NA,NO_EVENT,NA,NA,NA,NA,NA,NA,NA,NA,NA,NA
NEG_2004,1:2,0,2,West Khasi Block,25.368733,91.267886,4085.6,1040.89,17.11,93.75,-0.001161,-0.002181,5.9130,36.5353,10,Tree cover,0.733,34.6,42.0,1.38,4.8,Metamorphic,MT,535.2,2286.9,NA,NA,NO_EVENT,NA,NA,NA,NA,NA,NA,NA,NA,NA,NA
NEG_2005,1:2,0,4,Ri-Bhoi Block,25.686743,91.034978,1781.6,639.21,27.98,318.21,0.000997,-0.000831,4.4909,49.0050,10,Tree cover,0.673,27.3,39.0,1.28,4.6,Metamorphic,MT,983.8,7439.1,NA,NA,NO_EVENT,NA,NA,NA,NA,NA,NA,NA,NA,NA,NA
NEG_2006,1:2,0,5,Jaintia Hills Block,25.234242,92.733004,9208.2,609.77,32.09,134.92,0.002799,-0.000418,4.7726,38.2782,10,Tree cover,0.808,28.5,46.2,1.43,5.4,Siliciclastic Sedimentary,SS,6349.0,2516.4,NA,NA,NO_EVENT,NA,NA,NA,NA,NA,NA,NA,NA,NA,NA
NEG_2007,1:2,0,5,Jaintia Hills Block,25.572385,92.038457,1981.4,1675.12,15.49,223.70,-0.001262,0.000013,5.3806,20.5007,10,Tree cover,0.650,28.3,44.7,1.31,4.7,Metamorphic,MT,895.1,634.7,NA,NA,NO_EVENT,NA,NA,NA,NA,NA,NA,NA,NA,NA,NA
NEG_2008,1:2,0,1,Garo Hills Block,25.463931,90.883152,2640.7,442.15,33.22,195.46,-0.003461,-0.000805,4.2746,26.8982,10,Tree cover,0.679,22.6,45.0,1.36,5.4,Mixed Sedimentary,SM,549.9,7485.4,NA,NA,NO_EVENT,NA,NA,NA,NA,NA,NA,NA,NA,NA,NA
NEG_2009,1:2,0,2,West Khasi Block,25.459737,91.048050,2569.7,687.00,31.43,351.29,-0.000556,0.000940,4.4344,27.4952,10,Tree cover,0.681,32.0,38.7,1.36,4.5,Metamorphic,MT,3563.7,300.9,NA,NA,NO_EVENT,NA,NA,NA,NA,NA,NA,NA,NA,NA,NA
NEG_2010,1:2,0,2,West Khasi Block,25.607715,91.457583,4707.5,1248.46,22.93,227.01,-0.002559,0.001379,4.7659,28.2955,10,Tree cover,0.652,27.6,46.9,1.30,5.1,Metamorphic,MT,36.4,1633.5,NA,NA,NO_EVENT,NA,NA,NA,NA,NA,NA,NA,NA,NA,NA
NEG_2011,1:2,0,1,Garo Hills Block,25.556926,90.211097,5199.8,85.09,14.71,225.05,-0.004282,-0.000431,5.4667,19.0965,40,Cropland,0.659,24.6,46.5,1.33,5.1,Mixed Sedimentary,SM,2337.3,981.0,NA,NA,NO_EVENT,NA,NA,NA,NA,NA,NA,NA,NA,NA,NA
NEG_2012,1:2,0,5,Jaintia Hills Block,25.156227,92.644569,17779.5,676.65,23.99,166.21,-0.002007,0.001721,5.1739,19.0043,10,Tree cover,0.829,30.2,50.0,1.44,5.4,Siliciclastic Sedimentary,SS,16030.8,564.2,NA,NA,NO_EVENT,NA,NA,NA,NA,NA,NA,NA,NA,NA,NA
NEG_2013,1:2,0,4,Ri-Bhoi Block,25.673346,91.811445,5147.7,1649.76,28.51,313.05,-0.001404,-0.001641,4.4116,47.3257,10,Tree cover,0.668,27.2,38.1,1.28,4.3,Metamorphic,MT,2431.6,3372.8,NA,NA,NO_EVENT,NA,NA,NA,NA,NA,NA,NA,NA,NA,NA
NEG_2014,1:2,0,5,Jaintia Hills Block,25.453937,92.572392,7026.3,865.43,26.83,187.99,-0.002475,0.000454,4.8255,27.4349,10,Tree cover,0.684,32.2,38.9,1.36,4.6,Metamorphic,MT,2082.1,547.9,NA,NA,NO_EVENT,NA,NA,NA,NA,NA,NA,NA,NA,NA,NA
NEG_2015,1:2,0,4,Ri-Bhoi Block,25.708965,92.145968,2779.7,1443.10,29.87,221.49,-0.003139,-0.000604,4.4113,53.4680,10,Tree cover,0.683,27.6,46.9,1.28,4.8,Metamorphic,MT,199.6,3918.4,NA,NA,NO_EVENT,NA,NA,NA,NA,NA,NA,NA,NA,NA,NA
NEG_2016,1:2,0,5,Jaintia Hills Block,25.418047,92.728036,11802.9,624.24,30.58,161.94,0.003593,0.000575,4.6674,39.0443,10,Tree cover,0.703,33.4,44.5,1.37,4.9,Metamorphic,MT,723.3,4073.0,NA,NA,NO_EVENT,NA,NA,NA,NA,NA,NA,NA,NA,NA,NA
NEG_2017,1:2,0,4,Ri-Bhoi Block,25.906098,92.404543,23761.5,976.02,31.96,47.36,-0.001173,0.002294,4.8403,18.3548,10,Tree cover,0.798,33.7,39.7,1.33,4.6,Metamorphic,MT,722.9,155.4,NA,NA,NO_EVENT,NA,NA,NA,NA,NA,NA,NA,NA,NA,NA
NEG_2018,1:2,0,1,Garo Hills Block,25.205970,90.626438,746.7,25.00,30.99,82.75,-0.004061,-0.000418,4.7882,29.3679,10,Tree cover,0.818,29.3,53.1,1.43,5.0,Mixed Sedimentary,SM,430.6,639.3,NA,NA,NO_EVENT,NA,NA,NA,NA,NA,NA,NA,NA,NA,NA
NEG_2019,1:2,0,1,Garo Hills Block,25.328477,90.626273,9790.4,126.06,21.99,84.66,0.004145,0.000291,5.6113,44.3874,10,Tree cover,0.758,24.9,53.1,1.40,5.0,Mixed Sedimentary,SM,2777.3,3714.3,NA,NA,NO_EVENT,NA,NA,NA,NA,NA,NA,NA,NA,NA,NA
NEG_2020,1:2,0,1,Garo Hills Block,25.943841,89.897249,40365.2,25.00,17.13,47.43,-0.001828,0.000397,6.0165,18.8568,10,Tree cover,0.814,25.4,50.7,1.39,5.3,Mixed Sedimentary,SM,828.4,434.9,NA,NA,NO_EVENT,NA,NA,NA,NA,NA,NA,NA,NA,NA,NA
NEG_2021,1:2,0,1,Garo Hills Block,25.102188,90.635440,11974.6,93.77,22.84,269.06,0.002415,0.001551,5.0525,19.6051,10,Tree cover,0.828,30.1,53.1,1.44,5.1,Mixed Sedimentary,SM,262.7,85.1,NA,NA,NO_EVENT,NA,NA,NA,NA,NA,NA,NA,NA,NA,NA
NEG_2022,1:2,0,1,Garo Hills Block,25.235863,90.507172,12817.6,107.43,29.81,41.86,0.001986,0.001696,4.9584,37.3002,10,Tree cover,0.808,28.4,49.9,1.43,4.8,Mixed Sedimentary,SM,2004.7,1647.6,NA,NA,NO_EVENT,NA,NA,NA,NA,NA,NA,NA,NA,NA,NA
NEG_2023,1:2,0,4,Ri-Bhoi Block,25.881779,91.517536,6651.5,1141.47,25.81,121.10,-0.000403,-0.002254,5.3090,20.5476,10,Tree cover,0.786,33.0,46.2,1.32,5.1,Metamorphic,MT,441.6,1181.8,NA,NA,NO_EVENT,NA,NA,NA,NA,NA,NA,NA,NA,NA,NA
NEG_2024,1:2,0,2,West Khasi Block,25.026232,91.109434,19258.0,473.70,35.98,318.80,0.002296,-0.000216,3.7717,42.4582,10,Tree cover,0.765,28.3,48.7,1.43,5.1,Siliciclastic Sedimentary,SS,864.4,982.2,NA,NA,NO_EVENT,NA,NA,NA,NA,NA,NA,NA,NA,NA,NA
NEG_2025,1:2,0,1,Garo Hills Block,25.460516,90.147533,7650.9,66.67,27.87,187.83,-0.001854,-0.000921,4.7161,26.2396,10,Tree cover,0.680,22.5,49.3,1.36,5.2,Mixed Sedimentary,SM,232.7,500.4,NA,NA,NO_EVENT,NA,NA,NA,NA,NA,NA,NA,NA,NA,NA
NEG_2026,1:2,0,4,Ri-Bhoi Block,25.750233,91.941396,5639.5,1566.72,21.15,192.74,0.000593,-0.002590,5.2648,42.0884,10,Tree cover,0.706,28.5,41.0,1.28,4.5,Metamorphic,MT,300.4,4816.0,NA,NA,NO_EVENT,NA,NA,NA,NA,NA,NA,NA,NA,NA,NA
NEG_2027,1:2,0,4,Ri-Bhoi Block,25.798565,92.021836,2948.3,1499.14,17.41,159.20,-0.002505,0.001391,5.7537,31.9532,10,Tree cover,0.735,30.1,44.2,1.29,4.7,Metamorphic,MT,1274.6,3892.5,NA,NA,NO_EVENT,NA,NA,NA,NA,NA,NA,NA,NA,NA,NA
NEG_2028,1:2,0,5,Jaintia Hills Block,25.020057,92.709458,19774.2,419.47,34.39,223.62,-0.001157,-0.001957,3.8876,43.3813,10,Tree cover,0.803,28.1,47.2,1.43,5.4,Siliciclastic Sedimentary,SS,4007.5,1020.3,NA,NA,NO_EVENT,NA,NA,NA,NA,NA,NA,NA,NA,NA,NA
NEG_2029,1:2,0,4,Ri-Bhoi Block,25.899345,92.557144,32889.5,760.33,23.38,110.32,-0.000225,-0.002822,5.5226,18.6295,10,Tree cover,0.795,33.5,38.6,1.32,4.5,Metamorphic,MT,2582.5,4373.1,NA,NA,NO_EVENT,NA,NA,NA,NA,NA,NA,NA,NA,NA,NA
NEG_2030,1:2,0,5,Jaintia Hills Block,25.036895,92.648269,20316.0,489.47,34.65,220.47,0.002231,-0.001660,3.9007,38.0157,10,Tree cover,0.810,28.6,49.9,1.43,5.4,Siliciclastic Sedimentary,SS,3628.9,2289.1,NA,NA,NO_EVENT,NA,NA,NA,NA,NA,NA,NA,NA,NA,NA
NEG_2031,1:2,0,4,Ri-Bhoi Block,25.894572,92.353518,20371.2,1068.07,29.35,44.32,-0.000948,-0.000678,5.0409,19.2372,10,Tree cover,0.792,33.4,41.5,1.32,4.7,Metamorphic,MT,485.7,802.0,NA,NA,NO_EVENT,NA,NA,NA,NA,NA,NA,NA,NA,NA,NA
NEG_2032,1:2,0,5,Jaintia Hills Block,25.120750,92.053273,7442.9,1181.83,15.69,186.83,0.000170,-0.002847,5.6970,18.1727,10,Tree cover,0.830,38.0,24.4,1.32,5.9,Carbonate Sedimentary,SC,93.0,576.2,NA,NA,NO_EVENT,NA,NA,NA,NA,NA,NA,NA,NA,NA,NA
NEG_2033,1:2,0,4,Ri-Bhoi Block,26.056710,91.869569,2574.6,1168.27,34.42,40.12,0.004351,-0.000312,4.3200,51.0900,10,Tree cover,0.828,34.8,38.8,1.37,4.6,Metamorphic,MT,86.3,658.8,NA,NA,NO_EVENT,NA,NA,NA,NA,NA,NA,NA,NA,NA,NA
NEG_2034,1:2,0,5,Jaintia Hills Block,25.636206,92.684171,15182.1,667.17,34.86,223.56,0.000018,0.002951,3.8318,43.1013,10,Tree cover,0.657,27.3,42.8,1.29,4.8,Metamorphic,MT,2942.3,4268.8,NA,NA,NO_EVENT,NA,NA,NA,NA,NA,NA,NA,NA,NA,NA
NEG_2035,1:2,0,3,East Khasi Block,25.498372,91.627845,5080.2,1450.82,30.15,314.46,-0.001246,-0.001317,4.3911,19.6702,10,Tree cover,0.665,30.6,42.6,1.34,4.6,Metamorphic,MT,164.6,1093.5,NA,NA,NO_EVENT,NA,NA,NA,NA,NA,NA,NA,NA,NA,NA
NEG_2036,1:2,0,5,Jaintia Hills Block,25.534445,92.645181,10267.8,845.80,23.39,218.95,0.002068,-0.001712,4.8217,18.1454,10,Tree cover,0.655,29.4,41.3,1.33,4.7,Metamorphic,MT,908.1,203.7,NA,NA,NO_EVENT,NA,NA,NA,NA,NA,NA,NA,NA,NA,NA
NEG_2037,1:2,0,2,West Khasi Block,25.102172,91.328415,11604.5,868.23,24.26,206.40,0.002584,-0.001440,4.9388,19.7067,10,Tree cover,0.828,30.1,52.2,1.44,4.8,Siliciclastic Sedimentary,SS,41.8,1203.4,NA,NA,NO_EVENT,NA,NA,NA,NA,NA,NA,NA,NA,NA,NA
NEG_2038,1:2,0,4,Ri-Bhoi Block,25.761909,92.215315,8182.2,1293.26,19.42,5.08,-0.000091,-0.001558,5.4498,38.9848,10,Tree cover,0.713,28.9,46.2,1.28,5.1,Metamorphic,MT,525.3,5189.0,NA,NA,NO_EVENT,NA,NA,NA,NA,NA,NA,NA,NA,NA,NA
NEG_2039,1:2,0,5,Jaintia Hills Block,25.649660,92.572199,8965.4,904.65,26.83,240.90,-0.000870,-0.002437,4.4946,40.6139,10,Tree cover,0.660,27.2,38.9,1.29,4.6,Metamorphic,MT,949.6,3799.4,NA,NA,NO_EVENT,NA,NA,NA,NA,NA,NA,NA,NA,NA,NA
NEG_2040,1:2,0,1,Garo Hills Block,26.037351,89.996174,44697.5,102.12,27.84,74.24,-0.002530,0.001218,4.9207,40.2208,10,Tree cover,0.830,22.8,53.1,1.42,5.4,Mixed Sedimentary,SM,1548.7,365.0,NA,NA,NO_EVENT,NA,NA,NA,NA,NA,NA,NA,NA,NA,NA
NEG_2041,1:2,0,1,Garo Hills Block,25.454560,89.871550,13733.7,56.74,29.78,355.52,-0.004185,-0.000298,4.5870,28.3105,10,Tree cover,0.683,22.5,49.6,1.36,5.3,Mixed Sedimentary,SM,166.0,1450.2,NA,NA,NO_EVENT,NA,NA,NA,NA,NA,NA,NA,NA,NA,NA
NEG_2042,1:2,0,2,West Khasi Block,25.375770,91.437448,3021.7,1104.94,21.32,146.48,-0.000427,0.002671,5.5555,40.1790,10,Tree cover,0.728,25.7,52.2,1.32,4.8,Plutonic Acidic,PA,813.1,472.5,NA,NA,NO_EVENT,NA,NA,NA,NA,NA,NA,NA,NA,NA,NA
NEG_2043,1:2,0,4,Ri-Bhoi Block,26.003659,92.381991,15526.2,824.68,25.23,33.76,-0.000961,-0.001350,5.2440,30.0936,10,Tree cover,0.828,35.2,40.4,1.36,4.7,Metamorphic,MT,1644.6,3638.3,NA,NA,NO_EVENT,NA,NA,NA,NA,NA,NA,NA,NA,NA,NA
NEG_2044,1:2,0,1,Garo Hills Block,25.157700,90.083743,16966.8,43.84,24.75,160.49,-0.002657,-0.001011,5.1188,19.1684,10,Tree cover,0.829,30.2,51.8,1.44,5.3,Mixed Sedimentary,SM,2167.9,335.0,NA,NA,NO_EVENT,NA,NA,NA,NA,NA,NA,NA,NA,NA,NA
NEG_2045,1:2,0,4,Ri-Bhoi Block,25.656409,91.422960,10800.6,1119.46,32.24,220.89,0.000164,0.002590,4.0745,47.0344,10,Tree cover,0.662,27.2,46.7,1.29,5.1,Metamorphic,MT,1232.7,1280.3,NA,NA,NO_EVENT,NA,NA,NA,NA,NA,NA,NA,NA,NA,NA
NEG_2046,1:2,0,5,Jaintia Hills Block,25.307688,92.543332,4236.1,887.84,16.95,103.27,-0.000935,0.000977,6.0376,37.7495,10,Tree cover,0.771,25.7,53.0,1.41,5.3,Siliciclastic Sedimentary,SS,3683.1,795.6,NA,NA,NO_EVENT,NA,NA,NA,NA,NA,NA,NA,NA,NA,NA
NEG_2047,1:2,0,4,Ri-Bhoi Block,26.021556,91.027965,21339.5,486.17,23.26,35.78,-0.000426,0.002708,5.3437,33.1250,10,Tree cover,0.830,35.2,39.1,1.37,4.6,Metamorphic,MT,243.4,543.5,NA,NA,NO_EVENT,NA,NA,NA,NA,NA,NA,NA,NA,NA,NA
NEG_2048,1:2,0,1,Garo Hills Block,25.981527,90.971044,18569.2,514.78,14.35,74.89,0.003389,-0.000505,6.1743,22.0613,10,Tree cover,0.825,24.1,44.2,1.40,5.3,Mixed Sedimentary,SM,101.2,1138.7,NA,NA,NO_EVENT,NA,NA,NA,NA,NA,NA,NA,NA,NA,NA
NEG_2049,1:2,0,4,Ri-Bhoi Block,25.815762,91.251624,9036.4,821.34,20.72,77.41,-0.004311,0.000287,5.5505,31.2673,10,Tree cover,0.746,30.7,41.4,1.29,4.7,Metamorphic,MT,1512.7,5788.5,NA,NA,NO_EVENT,NA,NA,NA,NA,NA,NA,NA,NA,NA,NA
NEG_2050,1:2,0,5,Jaintia Hills Block,25.152390,92.630199,18643.1,680.63,22.18,167.66,-0.002171,0.001033,5.3037,18.6522,10,Tree cover,0.829,30.2,50.6,1.44,5.4,Siliciclastic Sedimentary,SS,14794.3,912.6,NA,NA,NO_EVENT,NA,NA,NA,NA,NA,NA,NA,NA,NA,NA
NEG_2051,1:2,0,5,Jaintia Hills Block,25.510424,92.040185,3664.8,1699.03,18.47,210.77,-0.000018,0.002932,5.2851,18.3183,10,Tree cover,0.661,30.2,44.8,1.34,4.7,Metamorphic,MT,9.7,1500.1,NA,NA,NO_EVENT,NA,NA,NA,NA,NA,NA,NA,NA,NA,NA
NEG_2052,1:2,0,1,Garo Hills Block,25.416548,89.857587,17587.2,25.00,29.28,16.69,-0.003555,0.000412,4.7772,38.5659,10,Tree cover,0.704,22.7,49.0,1.37,5.3,Mixed Sedimentary,SM,757.3,920.5,NA,NA,NO_EVENT,NA,NA,NA,NA,NA,NA,NA,NA,NA,NA
NEG_2053,1:2,0,2,West Khasi Block,25.128573,91.313469,10544.9,865.28,20.34,184.95,0.000235,-0.002661,5.3561,18.0271,10,Tree cover,0.830,30.3,52.5,1.44,4.8,Siliciclastic Sedimentary,SS,108.4,1639.4,NA,NA,NO_EVENT,NA,NA,NA,NA,NA,NA,NA,NA,NA,NA
NEG_2054,1:2,0,1,Garo Hills Block,25.765162,90.820943,5383.7,342.86,23.27,177.55,0.000339,0.002238,5.1548,42.6950,10,Tree cover,0.715,30.3,47.3,1.33,5.4,Mixed Sedimentary,SM,683.6,3195.2,NA,NA,NO_EVENT,NA,NA,NA,NA,NA,NA,NA,NA,NA,NA
NEG_2055,1:2,0,4,Ri-Bhoi Block,25.771128,91.930839,4993.3,1520.32,22.21,165.28,-0.000242,-0.002850,5.2634,40.7111,10,Tree cover,0.718,29.2,40.7,1.28,4.4,Metamorphic,MT,1467.3,7362.4,NA,NA,NO_EVENT,NA,NA,NA,NA,NA,NA,NA,NA,NA,NA
NEG_2056,1:2,0,4,Ri-Bhoi Block,25.780251,91.302192,15062.1,956.55,19.93,153.32,0.000431,0.002615,5.4819,37.0553,10,Tree cover,0.724,29.4,43.3,1.29,4.9,Metamorphic,MT,5830.4,521.6,NA,NA,NO_EVENT,NA,NA,NA,NA,NA,NA,NA,NA,NA,NA
NEG_2057,1:2,0,4,Ri-Bhoi Block,26.008077,91.292049,21381.5,875.99,21.18,114.53,0.000035,0.002976,5.5544,29.0380,10,Tree cover,0.829,35.2,42.9,1.36,4.8,Metamorphic,MT,40.6,1735.5,NA,NA,NO_EVENT,NA,NA,NA,NA,NA,NA,NA,NA,NA,NA
NEG_2058,1:2,0,1,Garo Hills Block,25.506286,90.408111,7077.0,58.78,21.24,323.87,-0.000074,-0.002944,5.0770,18.5938,10,Tree cover,0.662,23.2,45.7,1.34,4.8,Mixed Sedimentary,SM,300.0,3547.6,NA,NA,NO_EVENT,NA,NA,NA,NA,NA,NA,NA,NA,NA,NA
NEG_2059,1:2,0,1,Garo Hills Block,25.352267,89.929120,13580.4,46.66,14.27,49.22,-0.001450,0.001920,6.1829,34.5420,40,Cropland,0.510,24.1,51.8,1.40,5.4,Mixed Sedimentary,SM,1713.4,3099.0,NA,NA,NO_EVENT,NA,NA,NA,NA,NA,NA,NA,NA,NA,NA
NEG_2060,1:2,0,1,Garo Hills Block,25.704218,90.558034,15198.7,47.51,29.96,322.26,-0.002076,0.000406,4.3879,53.2462,10,Tree cover,0.681,29.7,51.8,1.32,4.9,Mixed Sedimentary,SM,6690.5,3342.3,NA,NA,NO_EVENT,NA,NA,NA,NA,NA,NA,NA,NA,NA,NA
NEG_2061,1:2,0,5,Jaintia Hills Block,25.348488,92.150984,4474.7,1413.11,24.10,122.01,0.002140,0.001577,5.4051,46.2292,10,Tree cover,0.745,34.9,46.9,1.38,4.8,Metamorphic,MT,558.7,146.9,NA,NA,NO_EVENT,NA,NA,NA,NA,NA,NA,NA,NA,NA,NA
NEG_2062,1:2,0,1,Garo Hills Block,25.373399,90.538697,15466.7,25.00,23.92,39.26,-0.000066,-0.002890,5.3546,43.2460,10,Tree cover,0.730,23.5,51.2,1.39,4.9,Mixed Sedimentary,SM,690.3,8539.6,NA,NA,NO_EVENT,NA,NA,NA,NA,NA,NA,NA,NA,NA,NA
NEG_2063,1:2,0,5,Jaintia Hills Block,25.202582,92.163318,1455.0,1167.04,32.86,122.63,-0.001338,-0.000503,4.6284,29.0810,10,Tree cover,0.819,41.2,26.6,1.34,5.6,Carbonate Sedimentary,SC,1188.5,1854.2,NA,NA,NO_EVENT,NA,NA,NA,NA,NA,NA,NA,NA,NA,NA
NEG_2064,1:2,0,2,West Khasi Block,25.160083,91.183949,5367.5,733.73,19.45,20.75,0.001151,0.002166,5.5520,19.0990,10,Tree cover,0.828,30.2,51.8,1.44,4.9,Siliciclastic Sedimentary,SS,36.5,179.6,NA,NA,NO_EVENT,NA,NA,NA,NA,NA,NA,NA,NA,NA,NA
NEG_2065,1:2,0,4,Ri-Bhoi Block,25.703946,92.272698,11941.6,1277.24,21.04,318.94,0.003121,0.000332,5.1006,42.7370,10,Tree cover,0.681,27.6,44.6,1.28,4.9,Metamorphic,MT,3526.2,805.1,NA,NA,NO_EVENT,NA,NA,NA,NA,NA,NA,NA,NA,NA,NA
NEG_2066,1:2,0,1,Garo Hills Block,25.068332,90.704144,17303.7,86.21,22.25,223.26,-0.004048,-0.000069,4.9798,24.4835,10,Tree cover,0.821,29.5,52.1,1.44,5.2,Mixed Sedimentary,SM,187.3,295.1,NA,NA,NO_EVENT,NA,NA,NA,NA,NA,NA,NA,NA,NA,NA
NEG_2067,1:2,0,1,Garo Hills Block,25.322545,90.245352,8169.9,48.21,18.82,125.87,-0.004455,-0.000044,5.8732,40.5221,10,Tree cover,0.762,25.1,45.3,1.41,5.0,Mixed Sedimentary,SM,2708.1,2706.9,NA,NA,NO_EVENT,NA,NA,NA,NA,NA,NA,NA,NA,NA,NA
NEG_2068,1:2,0,1,Garo Hills Block,25.332313,90.744784,8108.1,194.34,15.61,134.34,-0.004449,-0.000312,6.1156,36.7196,10,Tree cover,0.756,24.8,50.6,1.40,5.3,Mixed Sedimentary,SM,6328.2,4378.4,NA,NA,NO_EVENT,NA,NA,NA,NA,NA,NA,NA,NA,NA,NA
NEG_2069,1:2,0,3,East Khasi Block,25.583635,91.824299,1284.6,1751.40,21.34,302.47,0.003002,-0.000640,4.9010,23.1608,10,Tree cover,0.810,28.0,38.2,1.31,4.3,Metamorphic,MT,959.0,61.3,NA,NA,NO_EVENT,NA,NA,NA,NA,NA,NA,NA,NA,NA,NA
NEG_2070,1:2,0,3,East Khasi Block,25.431589,91.994384,2661.6,1607.56,26.47,169.90,0.004533,-0.000238,4.9434,32.7843,10,Tree cover,0.695,32.9,43.1,1.36,4.6,Metamorphic,MT,98.7,717.0,NA,NA,NO_EVENT,NA,NA,NA,NA,NA,NA,NA,NA,NA,NA
NEG_2071,1:2,0,1,Garo Hills Block,25.383059,90.685365,1397.8,204.64,19.07,129.03,-0.000058,0.002667,5.7128,36.8769,10,Tree cover,0.724,23.3,52.5,1.38,5.2,Mixed Sedimentary,SM,120.9,3252.9,NA,NA,NO_EVENT,NA,NA,NA,NA,NA,NA,NA,NA,NA,NA
NEG_2072,1:2,0,1,Garo Hills Block,25.604483,89.872335,11473.1,44.23,23.94,314.25,0.002940,0.001158,4.6848,28.0354,10,Tree cover,0.651,26.4,49.6,1.32,5.3,Mixed Sedimentary,SM,849.7,359.5,NA,NA,NO_EVENT,NA,NA,NA,NA,NA,NA,NA,NA,NA,NA
NEG_2073,1:2,0,2,West Khasi Block,25.106172,91.074807,10050.3,527.96,24.45,344.57,0.002181,-0.001669,4.9390,19.3057,10,Tree cover,0.828,30.2,47.2,1.44,5.2,Siliciclastic Sedimentary,SS,126.4,19.5,NA,NA,NO_EVENT,NA,NA,NA,NA,NA,NA,NA,NA,NA,NA
NEG_2074,1:2,0,4,Ri-Bhoi Block,26.038346,92.000611,1315.3,1113.04,23.36,157.88,-0.002818,0.000863,5.2754,36.8550,10,Tree cover,0.830,35.0,43.4,1.37,4.9,Metamorphic,MT,33.6,6376.6,NA,NA,NO_EVENT,NA,NA,NA,NA,NA,NA,NA,NA,NA,NA
NEG_2075,1:2,0,5,Jaintia Hills Block,25.115177,92.381270,774.0,893.70,23.25,349.92,0.001904,0.001208,5.0701,18.5473,10,Tree cover,0.829,37.8,31.9,1.32,5.5,Carbonate Sedimentary,SC,386.3,248.5,NA,NA,NO_EVENT,NA,NA,NA,NA,NA,NA,NA,NA,NA,NA
NEG_2076,1:2,0,4,Ri-Bhoi Block,25.810885,91.663387,845.3,1385.83,28.00,32.24,0.000975,-0.000938,4.9512,37.2321,10,Tree cover,0.743,30.5,41.2,1.29,4.7,Metamorphic,MT,478.6,2430.3,NA,NA,NO_EVENT,NA,NA,NA,NA,NA,NA,NA,NA,NA,NA
NEG_2077,1:2,0,4,Ri-Bhoi Block,25.905916,91.032535,8592.6,565.17,26.17,53.26,0.000617,-0.002564,5.3034,18.2993,10,Tree cover,0.798,33.7,39.0,1.33,4.6,Metamorphic,MT,42.6,5585.3,NA,NA,NO_EVENT,NA,NA,NA,NA,NA,NA,NA,NA,NA,NA
NEG_2078,1:2,0,2,West Khasi Block,25.259221,91.361671,2326.8,1036.85,34.71,131.13,0.000101,-0.000311,4.6046,47.9386,10,Tree cover,0.797,27.6,51.1,1.42,4.8,Siliciclastic Sedimentary,SS,765.3,279.2,NA,NA,NO_EVENT,NA,NA,NA,NA,NA,NA,NA,NA,NA,NA
NEG_2079,1:2,0,2,West Khasi Block,25.612749,91.441895,6362.6,1216.92,25.55,225.56,-0.001376,0.002173,4.5575,30.6782,10,Tree cover,0.652,27.5,46.9,1.30,5.1,Metamorphic,MT,567.8,42.4,NA,NA,NO_EVENT,NA,NA,NA,NA,NA,NA,NA,NA,NA,NA
NEG_2080,1:2,0,5,Jaintia Hills Block,25.630280,92.693550,15732.0,665.14,33.87,224.39,-0.000257,0.002724,3.9042,40.4849,10,Tree cover,0.655,27.3,43.2,1.29,4.8,Metamorphic,MT,3746.5,3442.6,NA,NA,NO_EVENT,NA,NA,NA,NA,NA,NA,NA,NA,NA,NA
NEG_2081,1:2,0,4,Ri-Bhoi Block,25.994425,92.470937,24253.0,862.18,21.63,56.95,0.001965,-0.001148,5.5587,26.5252,10,Tree cover,0.827,35.2,38.3,1.36,4.5,Metamorphic,MT,1462.8,1801.7,NA,NA,NO_EVENT,NA,NA,NA,NA,NA,NA,NA,NA,NA,NA
NEG_2082,1:2,0,4,Ri-Bhoi Block,25.885530,92.677456,22826.5,690.35,34.98,136.55,-0.000002,0.002998,4.5805,20.7925,10,Tree cover,0.788,33.1,42.5,1.32,4.8,Metamorphic,MT,830.3,988.5,NA,NA,NO_EVENT,NA,NA,NA,NA,NA,NA,NA,NA,NA,NA
NEG_2083,1:2,0,1,Garo Hills Block,25.126374,90.608626,9587.6,54.33,23.16,346.26,0.000786,0.000376,5.1217,18.0720,10,Tree cover,0.830,30.3,52.9,1.44,5.0,Mixed Sedimentary,SM,377.4,52.0,NA,NA,NO_EVENT,NA,NA,NA,NA,NA,NA,NA,NA,NA,NA
NEG_2084,1:2,0,5,Jaintia Hills Block,25.554660,92.381930,4494.2,1213.05,22.52,318.10,0.004003,-0.000597,4.8461,19.4500,10,Tree cover,0.652,28.8,40.4,1.32,4.7,Metamorphic,MT,1153.7,309.5,NA,NA,NO_EVENT,NA,NA,NA,NA,NA,NA,NA,NA,NA,NA
NEG_2085,1:2,0,5,Jaintia Hills Block,25.565579,92.081506,2483.0,1613.81,18.75,224.41,0.003604,0.000355,5.1291,20.2413,10,Tree cover,0.651,28.5,46.0,1.31,4.8,Metamorphic,MT,647.4,1743.3,NA,NA,NO_EVENT,NA,NA,NA,NA,NA,NA,NA,NA,NA,NA
NEG_2086,1:2,0,1,Garo Hills Block,25.170077,90.569862,7682.7,29.65,27.15,31.05,-0.002677,-0.001332,4.9739,20.8211,10,Tree cover,0.827,30.0,52.2,1.44,4.9,Mixed Sedimentary,SM,499.1,155.3,NA,NA,NO_EVENT,NA,NA,NA,NA,NA,NA,NA,NA,NA,NA
NEG_2087,1:2,0,1,Garo Hills Block,25.810318,90.302439,14004.3,25.00,28.97,111.10,0.001513,0.000946,4.8716,38.0542,10,Tree cover,0.743,29.8,44.2,1.34,4.9,Mixed Sedimentary,SM,4299.8,9333.5,NA,NA,NO_EVENT,NA,NA,NA,NA,NA,NA,NA,NA,NA,NA
NEG_2088,1:2,0,1,Garo Hills Block,25.399464,90.607842,8355.6,115.73,29.99,59.62,-0.001866,0.000299,4.7835,43.7367,10,Tree cover,0.714,22.9,52.9,1.38,5.0,Mixed Sedimentary,SM,1889.7,8217.7,NA,NA,NO_EVENT,NA,NA,NA,NA,NA,NA,NA,NA,NA,NA
NEG_2089,1:2,0,3,East Khasi Block,25.397851,91.960388,3047.8,1622.76,25.19,143.43,0.001359,0.001677,5.1732,39.9675,10,Tree cover,0.715,33.9,41.8,1.37,4.5,Metamorphic,MT,1890.9,695.6,NA,NA,NO_EVENT,NA,NA,NA,NA,NA,NA,NA,NA,NA,NA
NEG_2090,1:2,0,2,West Khasi Block,25.417275,91.493553,2934.0,1272.90,23.82,158.57,0.003567,-0.000519,5.2112,34.5669,10,Tree cover,0.703,25.2,51.6,1.32,4.7,Plutonic Acidic,PA,665.6,372.9,NA,NA,NO_EVENT,NA,NA,NA,NA,NA,NA,NA,NA,NA,NA
NEG_2091,1:2,0,5,Jaintia Hills Block,25.127926,92.255304,1374.4,1063.76,15.22,354.22,-0.000540,-0.001305,5.7631,18.0271,10,Tree cover,0.830,38.3,30.0,1.32,5.4,Carbonate Sedimentary,SC,1022.5,677.5,NA,NA,NO_EVENT,NA,NA,NA,NA,NA,NA,NA,NA,NA,NA
NEG_2092,1:2,0,3,East Khasi Block,25.419480,91.778029,1247.6,1589.56,24.51,16.63,0.001797,-0.001682,5.1475,34.5332,60,Bare / sparse vegetation,0.245,33.3,38.2,1.37,4.3,Metamorphic,MT,19.5,699.4,NA,NA,NO_EVENT,NA,NA,NA,NA,NA,NA,NA,NA,NA,NA
NEG_2093,1:2,0,1,Garo Hills Block,25.803421,90.439466,1488.0,90.82,18.44,23.91,-0.002500,-0.001204,5.6892,31.9586,10,Tree cover,0.738,30.0,46.9,1.34,4.8,Mixed Sedimentary,SM,69.6,1907.4,NA,NA,NO_EVENT,NA,NA,NA,NA,NA,NA,NA,NA,NA,NA
NEG_2094,1:2,0,4,Ri-Bhoi Block,25.975449,91.679484,5639.8,1156.43,20.91,44.59,0.000774,-0.001775,5.6633,22.9150,10,Tree cover,0.823,35.1,40.6,1.35,4.7,Metamorphic,MT,5416.4,8128.9,NA,NA,NO_EVENT,NA,NA,NA,NA,NA,NA,NA,NA,NA,NA
NEG_2095,1:2,0,1,Garo Hills Block,25.483023,90.356122,7871.5,25.00,31.12,314.39,-0.003081,-0.000230,4.3690,22.1376,10,Tree cover,0.671,22.8,44.4,1.35,4.8,Mixed Sedimentary,SM,3448.5,2400.1,NA,NA,NO_EVENT,NA,NA,NA,NA,NA,NA,NA,NA,NA,NA
NEG_2096,1:2,0,4,Ri-Bhoi Block,26.037685,92.102958,7643.6,1072.24,29.35,156.82,0.002889,0.000513,4.7986,41.5148,10,Tree cover,0.830,35.0,46.5,1.37,5.1,Metamorphic,MT,3681.0,2316.4,NA,NA,NO_EVENT,NA,NA,NA,NA,NA,NA,NA,NA,NA,NA
NEG_2097,1:2,0,1,Garo Hills Block,25.244667,90.830018,14421.6,367.52,35.57,135.91,-0.001369,0.001644,4.5143,43.9996,10,Tree cover,0.857,28.1,46.9,1.43,5.4,Mixed Sedimentary,SM,5865.3,3755.2,NA,NA,NO_EVENT,NA,NA,NA,NA,NA,NA,NA,NA,NA,NA
NEG_2098,1:2,0,4,Ri-Bhoi Block,25.894448,91.921817,5237.4,1332.32,32.65,107.03,-0.000028,0.002943,4.7768,19.3906,10,Tree cover,0.792,33.4,40.3,1.32,4.7,Metamorphic,MT,46.1,8318.5,NA,NA,NO_EVENT,NA,NA,NA,NA,NA,NA,NA,NA,NA,NA
NEG_2099,1:2,0,4,Ri-Bhoi Block,25.847047,91.145663,1972.7,800.20,33.00,39.38,0.002307,0.001369,4.6631,29.4863,10,Tree cover,0.766,31.8,38.4,1.30,4.5,Metamorphic,MT,480.1,689.8,NA,NA,NO_EVENT,NA,NA,NA,NA,NA,NA,NA,NA,NA,NA
NEG_2100,1:2,0,1,Garo Hills Block,25.793794,90.978806,3208.9,500.08,16.69,47.69,-0.003647,-0.000088,5.7934,32.0856,10,Tree cover,0.732,30.1,44.3,1.34,5.3,Mixed Sedimentary,SM,684.7,7268.3,NA,NA,NO_EVENT,NA,NA,NA,NA,NA,NA,NA,NA,NA,NA
NEG_2101,1:2,0,3,East Khasi Block,25.248164,91.729665,946.7,1440.53,27.02,42.48,0.001257,-0.000350,5.2042,38.6294,10,Tree cover,0.802,28.0,48.4,1.43,5.1,Siliciclastic Sedimentary,SS,270.6,838.8,NA,NA,NO_EVENT,NA,NA,NA,NA,NA,NA,NA,NA,NA,NA
NEG_2102,1:2,0,1,Garo Hills Block,26.074095,90.747333,40085.9,101.54,27.56,179.29,-0.004493,0.000037,4.7997,47.7370,10,Tree cover,0.826,22.5,50.5,1.43,5.3,Mixed Sedimentary,SM,523.9,143.1,NA,NA,NO_EVENT,NA,NA,NA,NA,NA,NA,NA,NA,NA,NA
NEG_2103,1:2,0,3,East Khasi Block,25.517847,91.855704,3757.2,1730.28,25.08,298.33,0.001001,0.000327,4.7330,18.1109,60,Bare / sparse vegetation,0.160,23.0,61.0,1.31,4.6,Plutonic Acidic,PA,16.7,488.2,NA,NA,NO_EVENT,NA,NA,NA,NA,NA,NA,NA,NA,NA,NA
NEG_2104,1:2,0,5,Jaintia Hills Block,25.604827,92.372455,6281.8,1154.89,27.75,314.87,0.003360,0.000516,4.3800,29.7198,10,Tree cover,0.651,27.6,40.8,1.30,4.7,Metamorphic,MT,3801.9,2115.7,NA,NA,NO_EVENT,NA,NA,NA,NA,NA,NA,NA,NA,NA,NA
NEG_2105,1:3,0,1,Garo Hills Block,25.842682,89.977806,27395.8,25.00,27.77,68.69,-0.004449,-0.000088,5.0698,28.7382,10,Tree cover,0.763,29.1,52.9,1.35,5.4,Mixed Sedimentary,SM,1658.7,692.2,NA,NA,NO_EVENT,NA,NA,NA,NA,NA,NA,NA,NA,NA,NA
NEG_2106,1:3,0,4,Ri-Bhoi Block,26.098295,92.094827,12878.6,1048.40,30.44,194.33,0.003832,-0.000662,4.4733,53.9183,10,Tree cover,0.820,33.9,46.3,1.38,5.1,Metamorphic,MT,539.6,5599.9,NA,NA,NO_EVENT,NA,NA,NA,NA,NA,NA,NA,NA,NA,NA
NEG_2107,1:3,0,4,Ri-Bhoi Block,25.953016,91.786153,6322.7,1242.71,15.71,47.22,0.001375,0.000249,6.1191,19.4299,10,Tree cover,0.817,34.8,38.2,1.34,4.5,Metamorphic,MT,1117.5,2441.0,NA,NA,NO_EVENT,NA,NA,NA,NA,NA,NA,NA,NA,NA,NA
NEG_2108,1:3,0,1,Garo Hills Block,25.944788,90.142768,30675.5,25.00,18.57,135.40,-0.002482,0.000309,5.9003,18.9975,10,Tree cover,0.814,25.4,49.5,1.39,5.2,Mixed Sedimentary,SM,85.8,2042.0,NA,NA,NO_EVENT,NA,NA,NA,NA,NA,NA,NA,NA,NA,NA
NEG_2109,1:3,0,5,Jaintia Hills Block,25.395557,92.473084,4758.2,1035.10,26.08,47.42,0.001313,0.001081,5.1101,41.2506,10,Tree cover,0.716,34.0,38.3,1.37,4.5,Metamorphic,MT,465.0,2111.3,NA,NA,NO_EVENT,NA,NA,NA,NA,NA,NA,NA,NA,NA,NA
NEG_2110,1:3,0,1,Garo Hills Block,25.237788,90.038638,16086.6,25.00,35.42,109.93,-0.000037,0.002610,4.5135,41.5839,10,Tree cover,0.855,28.3,52.9,1.43,5.4,Mixed Sedimentary,SM,240.3,4369.3,NA,NA,NO_EVENT,NA,NA,NA,NA,NA,NA,NA,NA,NA,NA
NEG_2111,1:3,0,4,Ri-Bhoi Block,25.871168,92.348233,19597.5,1120.80,30.74,42.03,0.001771,-0.000990,4.8975,22.9680,10,Tree cover,0.780,32.6,41.7,1.31,4.7,Metamorphic,MT,347.0,2322.0,NA,NA,NO_EVENT,NA,NA,NA,NA,NA,NA,NA,NA,NA,NA
NEG_2112,1:3,0,5,Jaintia Hills Block,25.195664,92.405755,2906.6,1015.24,31.74,32.91,-0.002386,-0.000006,4.6962,26.8632,10,Tree cover,0.821,41.0,31.7,1.34,5.6,Carbonate Sedimentary,SC,91.7,1953.9,NA,NA,NO_EVENT,NA,NA,NA,NA,NA,NA,NA,NA,NA,NA
NEG_2113,1:3,0,4,Ri-Bhoi Block,25.761709,91.386252,12085.6,1098.75,23.53,179.61,0.000061,-0.001974,5.1202,43.4529,10,Tree cover,0.713,28.9,46.1,1.28,5.0,Metamorphic,MT,5763.3,3111.9,NA,NA,NO_EVENT,NA,NA,NA,NA,NA,NA,NA,NA,NA,NA
NEG_2114,1:3,0,4,Ri-Bhoi Block,25.916670,91.078710,10027.0,618.45,29.22,46.09,-0.002631,-0.001394,5.0624,18.0048,10,Tree cover,0.803,34.0,38.2,1.33,4.5,Metamorphic,MT,505.2,3497.7,NA,NA,NO_EVENT,NA,NA,NA,NA,NA,NA,NA,NA,NA,NA
NEG_2115,1:3,0,1,Garo Hills Block,25.229513,90.668801,3134.8,34.07,28.44,111.96,0.000201,-0.002247,5.0542,34.6811,10,Tree cover,0.810,28.6,52.8,1.43,5.1,Mixed Sedimentary,SM,1448.8,97.8,NA,NA,NO_EVENT,NA,NA,NA,NA,NA,NA,NA,NA,NA,NA
NEG_2116,1:3,0,2,West Khasi Block,25.565577,91.420559,4825.5,1265.47,21.04,222.84,-0.000026,-0.000521,4.9459,20.5149,10,Tree cover,0.651,28.5,46.7,1.31,5.1,Metamorphic,MT,77.9,942.7,NA,NA,NO_EVENT,NA,NA,NA,NA,NA,NA,NA,NA,NA,NA
NEG_2117,1:3,0,4,Ri-Bhoi Block,25.890027,92.213626,6632.9,1138.34,30.10,85.32,0.000343,0.001659,4.9763,19.7963,10,Tree cover,0.790,33.2,46.3,1.32,5.1,Metamorphic,MT,4058.1,472.3,NA,NA,NO_EVENT,NA,NA,NA,NA,NA,NA,NA,NA,NA,NA
NEG_2118,1:3,0,5,Jaintia Hills Block,25.647876,92.181396,3750.1,1464.15,34.72,255.09,0.000270,0.002811,3.8603,46.7169,10,Tree cover,0.660,27.2,46.8,1.29,4.8,Metamorphic,MT,72.1,864.2,NA,NA,NO_EVENT,NA,NA,NA,NA,NA,NA,NA,NA,NA,NA
NEG_2119,1:3,0,1,Garo Hills Block,25.227115,89.952697,20250.9,25.00,26.56,57.62,0.002981,-0.001136,5.1991,32.9675,10,Tree cover,0.811,28.7,52.5,1.43,5.4,Mixed Sedimentary,SM,1468.9,4186.3,NA,NA,NO_EVENT,NA,NA,NA,NA,NA,NA,NA,NA,NA,NA
NEG_2120,1:3,0,1,Garo Hills Block,25.963525,90.030441,35826.6,104.53,23.00,104.71,0.000888,0.001008,5.5195,21.4814,10,Tree cover,0.820,24.7,53.0,1.40,5.4,Mixed Sedimentary,SM,3619.6,6161.7,NA,NA,NO_EVENT,NA,NA,NA,NA,NA,NA,NA,NA,NA,NA
NEG_2121,1:3,0,3,East Khasi Block,25.286424,91.920723,1362.7,1471.80,29.44,106.04,0.000183,-0.002290,5.0446,49.3693,10,Tree cover,0.783,26.5,52.9,1.42,5.0,Siliciclastic Sedimentary,SS,672.1,1437.1,NA,NA,NO_EVENT,NA,NA,NA,NA,NA,NA,NA,NA,NA,NA
NEG_2122,1:3,0,5,Jaintia Hills Block,25.462204,92.472758,4542.9,996.04,31.32,341.45,0.004284,-0.000429,4.4334,26.8257,10,Tree cover,0.680,31.9,38.3,1.35,4.5,Metamorphic,MT,1355.3,446.4,NA,NA,NO_EVENT,NA,NA,NA,NA,NA,NA,NA,NA,NA,NA
NEG_2123,1:3,0,1,Garo Hills Block,25.341818,89.836208,22948.7,25.00,21.96,41.21,0.004113,-0.000483,5.5903,44.0797,10,Tree cover,0.750,24.5,48.0,1.40,5.3,Mixed Sedimentary,SM,265.3,1002.2,NA,NA,NO_EVENT,NA,NA,NA,NA,NA,NA,NA,NA,NA,NA
NEG_2124,1:3,0,2,West Khasi Block,25.344708,91.563129,3755.6,1394.01,18.87,99.48,0.001728,-0.001511,5.8316,40.2924,10,Tree cover,0.748,35.0,45.0,1.38,5.0,Metamorphic,MT,2276.0,1883.2,NA,NA,NO_EVENT,NA,NA,NA,NA,NA,NA,NA,NA,NA,NA
NEG_2125,1:3,0,2,West Khasi Block,25.426013,91.431362,2578.8,1164.71,30.11,168.22,0.001178,0.001440,4.6741,36.4279,10,Tree cover,0.698,33.1,46.8,1.37,5.1,Metamorphic,MT,209.7,2290.6,NA,NA,NO_EVENT,NA,NA,NA,NA,NA,NA,NA,NA,NA,NA
NEG_2126,1:3,0,4,Ri-Bhoi Block,25.966726,92.583079,28482.6,727.01,15.88,123.74,-0.003242,0.000875,6.0833,20.7369,10,Tree cover,0.821,35.0,39.2,1.35,4.6,Metamorphic,MT,69.3,416.3,NA,NA,NO_EVENT,NA,NA,NA,NA,NA,NA,NA,NA,NA,NA
NEG_2127,1:3,0,2,West Khasi Block,25.307252,91.209528,2554.6,865.53,18.06,62.54,-0.003985,-0.000544,5.9491,39.0172,10,Tree cover,0.771,25.7,52.5,1.41,4.9,Siliciclastic Sedimentary,SS,1174.6,4141.0,NA,NA,NO_EVENT,NA,NA,NA,NA,NA,NA,NA,NA,NA,NA
NEG_2128,1:3,0,5,Jaintia Hills Block,25.613076,92.694793,15155.1,691.47,31.17,225.34,-0.001140,0.002297,4.1081,33.5632,10,Tree cover,0.652,27.5,43.2,1.30,4.8,Metamorphic,MT,4040.2,1533.0,NA,NA,NO_EVENT,NA,NA,NA,NA,NA,NA,NA,NA,NA,NA
NEG_2129,1:3,0,1,Garo Hills Block,26.098507,90.517992,35069.3,71.53,29.70,345.93,-0.002246,-0.001391,4.5317,53.0605,10,Tree cover,0.820,22.6,50.4,1.43,4.9,Mixed Sedimentary,SM,795.8,8320.2,NA,NA,NO_EVENT,NA,NA,NA,NA,NA,NA,NA,NA,NA,NA
NEG_2130,1:3,0,1,Garo Hills Block,25.805138,90.952995,5756.1,438.54,19.22,84.80,-0.003445,-0.000861,5.6331,32.2421,10,Tree cover,0.739,29.9,44.1,1.34,5.4,Mixed Sedimentary,SM,1553.7,6395.6,NA,NA,NO_EVENT,NA,NA,NA,NA,NA,NA,NA,NA,NA,NA
NEG_2131,1:3,0,1,Garo Hills Block,25.028757,89.828220,45526.8,25.00,34.67,318.58,0.002221,0.001306,3.8815,40.7328,10,Tree cover,0.807,28.4,47.6,1.43,5.2,Mixed Sedimentary,SM,230.7,713.0,NA,NA,NO_EVENT,NA,NA,NA,NA,NA,NA,NA,NA,NA,NA
NEG_2132,1:3,0,2,West Khasi Block,25.517411,91.289421,563.5,949.25,20.34,248.25,-0.000125,0.002919,5.1136,18.1006,10,Tree cover,0.659,29.9,42.8,1.33,4.8,Metamorphic,MT,169.3,1455.0,NA,NA,NO_EVENT,NA,NA,NA,NA,NA,NA,NA,NA,NA,NA
NEG_2133,1:3,0,3,East Khasi Block,25.044375,91.895129,17549.5,1224.96,35.27,267.38,0.002577,-0.001371,3.8692,35.8544,10,Tree cover,0.771,39.6,22.1,1.31,5.6,Volcanic Basic,VB,593.1,286.6,NA,NA,NO_EVENT,NA,NA,NA,NA,NA,NA,NA,NA,NA,NA
NEG_2134,1:3,0,2,West Khasi Block,25.337524,91.507674,4659.8,1261.96,14.17,125.87,-0.003757,-0.000683,6.2217,34.9267,10,Tree cover,0.752,25.9,51.6,1.32,4.7,Plutonic Acidic,PA,49.7,2028.8,NA,NA,NO_EVENT,NA,NA,NA,NA,NA,NA,NA,NA,NA,NA
NEG_2135,1:3,0,1,Garo Hills Block,25.344993,90.309760,13861.8,119.05,23.85,97.36,0.002022,-0.001465,5.4327,46.1593,10,Tree cover,0.748,24.4,44.1,1.40,4.9,Mixed Sedimentary,SM,106.7,131.5,NA,NA,NO_EVENT,NA,NA,NA,NA,NA,NA,NA,NA,NA,NA
NEG_2136,1:3,0,1,Garo Hills Block,25.459748,90.508434,16186.7,62.69,29.52,352.35,0.003425,0.000655,4.5872,26.9157,10,Tree cover,0.681,22.5,50.0,1.36,4.8,Mixed Sedimentary,SM,2607.8,2484.2,NA,NA,NO_EVENT,NA,NA,NA,NA,NA,NA,NA,NA,NA,NA
NEG_2137,1:3,0,1,Garo Hills Block,25.597585,90.406427,5544.3,46.53,21.53,307.13,0.000866,0.001716,4.8784,25.6921,10,Tree cover,0.651,26.2,45.7,1.32,4.8,Mixed Sedimentary,SM,3969.4,4628.5,NA,NA,NO_EVENT,NA,NA,NA,NA,NA,NA,NA,NA,NA,NA
NEG_2138,1:3,0,1,Garo Hills Block,25.569078,90.280004,3570.3,25.00,22.59,247.12,-0.001156,0.000254,4.8169,21.1717,10,Tree cover,0.650,25.1,44.5,1.33,5.0,Mixed Sedimentary,SM,1497.6,1360.4,NA,NA,NO_EVENT,NA,NA,NA,NA,NA,NA,NA,NA,NA,NA
NEG_2139,1:3,0,4,Ri-Bhoi Block,25.744653,92.099510,867.1,1424.85,21.08,190.59,-0.001905,0.000812,5.2483,42.4592,10,Tree cover,0.703,28.4,46.4,1.28,4.8,Metamorphic,MT,348.6,1325.4,NA,NA,NO_EVENT,NA,NA,NA,NA,NA,NA,NA,NA,NA,NA
NEG_2140,1:3,0,2,West Khasi Block,25.139226,91.226797,6882.7,761.53,14.26,10.30,0.000801,0.000373,5.8851,18.0460,10,Tree cover,0.830,30.3,52.8,1.44,4.9,Siliciclastic Sedimentary,SS,69.9,787.3,NA,NA,NO_EVENT,NA,NA,NA,NA,NA,NA,NA,NA,NA,NA
NEG_2141,1:3,0,2,West Khasi Block,25.305557,91.409255,4137.7,1081.73,25.01,135.18,0.001265,-0.001102,5.3943,46.9607,10,Tree cover,0.772,25.8,49.1,1.41,4.8,Siliciclastic Sedimentary,SS,1060.0,4272.6,NA,NA,NO_EVENT,NA,NA,NA,NA,NA,NA,NA,NA,NA,NA
NEG_2142,1:3,0,5,Jaintia Hills Block,25.578858,92.619281,6888.0,830.79,21.82,229.13,0.004898,0.000060,4.8670,22.4976,10,Tree cover,0.650,28.1,40.3,1.31,4.7,Metamorphic,MT,4599.5,1234.0,NA,NA,NO_EVENT,NA,NA,NA,NA,NA,NA,NA,NA,NA,NA
NEG_2143,1:3,0,2,West Khasi Block,25.613010,91.578145,3929.6,1433.56,28.23,270.41,0.001910,-0.001765,4.3432,32.0777,10,Tree cover,0.652,27.5,44.5,1.30,4.7,Metamorphic,MT,616.6,5143.8,NA,NA,NO_EVENT,NA,NA,NA,NA,NA,NA,NA,NA,NA,NA
NEG_2144,1:3,0,5,Jaintia Hills Block,25.453785,92.694693,12121.4,712.45,35.43,184.00,0.002110,-0.000464,4.1381,30.5061,10,Tree cover,0.843,32.2,43.2,1.36,4.8,Metamorphic,MT,1004.7,4684.1,NA,NA,NO_EVENT,NA,NA,NA,NA,NA,NA,NA,NA,NA,NA
NEG_2145,1:3,0,1,Garo Hills Block,25.859361,90.670486,21992.1,42.72,28.32,112.69,-0.000325,0.002313,5.0673,24.9766,10,Tree cover,0.773,28.6,52.8,1.36,5.1,Mixed Sedimentary,SM,328.9,127.5,NA,NA,NO_EVENT,NA,NA,NA,NA,NA,NA,NA,NA,NA,NA
NEG_2146,1:3,0,4,Ri-Bhoi Block,25.931746,91.118809,10416.1,635.70,27.39,44.96,-0.004290,0.000401,5.2051,18.3879,10,Tree cover,0.809,34.4,38.1,1.34,4.5,Metamorphic,MT,1308.7,200.6,NA,NA,NO_EVENT,NA,NA,NA,NA,NA,NA,NA,NA,NA,NA
NEG_2147,1:3,0,4,Ri-Bhoi Block,25.914961,92.309809,16645.7,1063.24,21.48,49.20,-0.000788,-0.002215,5.6814,18.0167,10,Tree cover,0.802,33.9,43.2,1.33,4.8,Metamorphic,MT,1718.9,3534.0,NA,NA,NO_EVENT,NA,NA,NA,NA,NA,NA,NA,NA,NA,NA
NEG_2148,1:3,0,3,East Khasi Block,25.223980,91.938480,2521.7,1337.62,32.67,119.74,0.001431,-0.001811,4.7028,35.4310,10,Tree cover,0.812,28.8,52.6,1.43,5.2,Siliciclastic Sedimentary,SS,467.5,642.4,NA,NA,NO_EVENT,NA,NA,NA,NA,NA,NA,NA,NA,NA,NA
NEG_2149,1:3,0,1,Garo Hills Block,25.333894,90.707353,6934.5,188.68,14.24,126.22,-0.004061,0.000485,6.2226,35.0628,40,Cropland,0.512,24.7,52.0,1.40,5.2,Mixed Sedimentary,SM,3116.3,2335.4,NA,NA,NO_EVENT,NA,NA,NA,NA,NA,NA,NA,NA,NA,NA
NEG_2150,1:3,0,1,Garo Hills Block,25.268212,89.802763,28771.0,66.12,33.58,47.58,0.000474,0.002679,4.7043,49.4701,10,Tree cover,0.792,27.2,46.6,1.42,5.2,Mixed Sedimentary,SM,1250.8,373.1,NA,NA,NO_EVENT,NA,NA,NA,NA,NA,NA,NA,NA,NA,NA
NEG_2151,1:3,0,1,Garo Hills Block,25.792456,90.322113,11848.4,25.00,26.47,87.54,0.002580,0.001450,5.0059,40.6488,10,Tree cover,0.732,30.1,44.1,1.34,4.9,Mixed Sedimentary,SM,2352.9,8737.8,NA,NA,NO_EVENT,NA,NA,NA,NA,NA,NA,NA,NA,NA,NA
NEG_2152,1:3,0,1,Garo Hills Block,25.132841,90.524424,13812.7,45.10,19.87,0.06,0.000005,-0.002755,5.4108,18.0000,10,Tree cover,0.830,30.3,50.6,1.44,4.9,Mixed Sedimentary,SM,384.5,1002.0,NA,NA,NO_EVENT,NA,NA,NA,NA,NA,NA,NA,NA,NA,NA
NEG_2153,1:3,0,2,West Khasi Block,25.430293,91.251514,8375.1,981.26,25.57,54.65,0.004033,-0.000571,5.0205,32.5992,10,Tree cover,0.696,33.0,41.4,1.36,4.7,Metamorphic,MT,1569.3,189.9,NA,NA,NO_EVENT,NA,NA,NA,NA,NA,NA,NA,NA,NA,NA
NEG_2154,1:3,0,5,Jaintia Hills Block,25.068136,92.760249,12786.4,452.80,25.08,221.82,-0.004357,0.000065,4.7528,25.3487,10,Tree cover,0.821,29.5,45.3,1.44,5.4,Siliciclastic Sedimentary,SS,3661.6,515.8,NA,NA,NO_EVENT,NA,NA,NA,NA,NA,NA,NA,NA,NA,NA
NEG_2155,1:3,0,1,Garo Hills Block,25.793348,90.785742,9273.3,331.36,22.41,162.36,-0.000565,0.002049,5.3341,37.0007,10,Tree cover,0.732,30.1,48.9,1.34,5.3,Mixed Sedimentary,SM,872.4,500.1,NA,NA,NO_EVENT,NA,NA,NA,NA,NA,NA,NA,NA,NA,NA
NEG_2156,1:3,0,2,West Khasi Block,25.364193,91.168055,5834.0,792.17,20.69,42.09,0.000057,0.002636,5.6392,40.9210,10,Tree cover,0.736,34.7,38.8,1.38,4.5,Metamorphic,MT,3720.7,3035.1,NA,NA,NO_EVENT,NA,NA,NA,NA,NA,NA,NA,NA,NA,NA
NEG_2157,1:3,0,1,Garo Hills Block,25.696344,90.246438,7285.9,51.84,26.11,221.69,0.004389,-0.000067,4.6700,48.0515,10,Tree cover,0.678,29.5,45.3,1.32,5.0,Mixed Sedimentary,SM,2379.0,1742.9,NA,NA,NO_EVENT,NA,NA,NA,NA,NA,NA,NA,NA,NA,NA
NEG_2158,1:3,0,5,Jaintia Hills Block,25.224044,92.421275,5164.7,997.58,35.47,43.50,-0.000414,-0.001948,4.4789,36.9468,10,Tree cover,0.850,41.8,31.4,1.34,5.6,Carbonate Sedimentary,SC,30.4,99.1,NA,NA,NO_EVENT,NA,NA,NA,NA,NA,NA,NA,NA,NA,NA
NEG_2159,1:3,0,1,Garo Hills Block,25.296755,90.959595,1883.0,525.04,19.11,84.01,-0.003545,-0.000861,5.8702,39.4314,10,Tree cover,0.777,26.1,44.1,1.41,5.4,Mixed Sedimentary,SM,8090.2,2837.8,NA,NA,NO_EVENT,NA,NA,NA,NA,NA,NA,NA,NA,NA,NA
NEG_2160,1:3,0,4,Ri-Bhoi Block,25.960974,91.822601,2887.1,1281.25,18.82,55.02,-0.002833,0.000682,5.8583,20.5497,10,Tree cover,0.820,34.9,38.2,1.35,4.5,Metamorphic,MT,168.0,4437.4,NA,NA,NO_EVENT,NA,NA,NA,NA,NA,NA,NA,NA,NA,NA
NEG_2161,1:3,0,5,Jaintia Hills Block,25.041258,92.043710,15009.4,1020.03,26.17,218.43,-0.000466,0.001955,4.5894,32.0241,10,Tree cover,0.812,28.8,48.8,1.43,5.0,Siliciclastic Sedimentary,SS,577.8,501.7,NA,NA,NO_EVENT,NA,NA,NA,NA,NA,NA,NA,NA,NA,NA
NEG_2162,1:3,0,5,Jaintia Hills Block,25.545977,92.280206,3814.6,1283.33,14.11,309.01,-0.001868,0.001629,5.5366,18.4530,10,Tree cover,0.653,29.0,44.3,1.32,4.9,Metamorphic,MT,2615.7,537.1,NA,NA,NO_EVENT,NA,NA,NA,NA,NA,NA,NA,NA,NA,NA
NEG_2163,1:3,0,4,Ri-Bhoi Block,26.051009,92.623655,24676.1,575.53,30.92,164.44,0.003996,-0.000402,4.6223,46.3296,60,Bare / sparse vegetation,0.160,34.9,40.5,1.37,4.7,Metamorphic,MT,8.0,577.2,NA,NA,NO_EVENT,NA,NA,NA,NA,NA,NA,NA,NA,NA,NA
NEG_2164,1:3,0,4,Ri-Bhoi Block,26.002006,91.362118,19271.7,854.25,26.44,141.33,-0.001275,-0.000333,5.1522,30.2639,10,Tree cover,0.828,35.2,45.4,1.36,5.0,Metamorphic,MT,942.0,720.7,NA,NA,NO_EVENT,NA,NA,NA,NA,NA,NA,NA,NA,NA,NA
NEG_2165,1:3,0,2,West Khasi Block,25.408953,91.218358,5806.6,939.33,23.01,40.47,0.002750,0.000807,5.3074,35.7934,10,Tree cover,0.708,33.6,40.2,1.37,4.6,Metamorphic,MT,1748.1,2544.9,NA,NA,NO_EVENT,NA,NA,NA,NA,NA,NA,NA,NA,NA,NA
NEG_2166,1:3,0,4,Ri-Bhoi Block,25.765088,92.496193,17517.7,930.20,17.22,9.73,-0.000493,0.000571,5.6385,36.2823,10,Tree cover,0.715,29.0,38.1,1.28,4.5,Metamorphic,MT,395.9,1822.8,NA,NA,NO_EVENT,NA,NA,NA,NA,NA,NA,NA,NA,NA,NA
NEG_2167,1:3,0,5,Jaintia Hills Block,25.243545,92.600489,10053.4,756.64,29.59,128.88,-0.001710,0.000936,4.9907,39.3171,10,Tree cover,0.804,28.1,51.7,1.43,5.4,Siliciclastic Sedimentary,SS,9324.5,1474.0,NA,NA,NO_EVENT,NA,NA,NA,NA,NA,NA,NA,NA,NA,NA
NEG_2168,1:3,0,4,Ri-Bhoi Block,25.900395,92.785511,13869.9,474.01,23.75,115.37,0.000696,-0.002571,5.4937,18.5705,10,Tree cover,0.795,33.5,46.1,1.32,5.0,Metamorphic,MT,127.0,1617.7,NA,NA,NO_EVENT,NA,NA,NA,NA,NA,NA,NA,NA,NA,NA
NEG_2169,1:3,0,1,Garo Hills Block,25.970672,90.653809,29364.6,113.57,18.31,102.23,-0.001334,-0.001437,5.8813,21.6575,10,Tree cover,0.822,24.4,53.0,1.40,5.1,Mixed Sedimentary,SM,61.7,1989.9,NA,NA,NO_EVENT,NA,NA,NA,NA,NA,NA,NA,NA,NA,NA
NEG_2170,1:3,0,1,Garo Hills Block,25.134432,90.142335,15138.5,47.62,16.93,179.01,-0.000108,0.002579,5.6524,18.0037,10,Tree cover,0.830,30.3,49.6,1.44,5.2,Mixed Sedimentary,SM,2329.9,556.4,NA,NA,NO_EVENT,NA,NA,NA,NA,NA,NA,NA,NA,NA,NA
NEG_2171,1:3,0,3,East Khasi Block,25.334521,91.673260,552.4,1409.47,21.67,47.78,-0.000187,0.000977,5.6271,43.9550,10,Tree cover,0.754,35.1,40.8,1.38,4.4,Metamorphic,MT,288.1,1256.7,NA,NA,NO_EVENT,NA,NA,NA,NA,NA,NA,NA,NA,NA,NA
NEG_2172,1:3,0,4,Ri-Bhoi Block,25.888666,92.542713,31961.8,765.65,24.66,103.30,0.000052,-0.002927,5.4100,19.6149,10,Tree cover,0.789,33.2,38.4,1.32,4.5,Metamorphic,MT,1811.6,4111.6,NA,NA,NO_EVENT,NA,NA,NA,NA,NA,NA,NA,NA,NA,NA
NEG_2173,1:3,0,1,Garo Hills Block,25.693654,89.817176,21339.7,25.00,32.05,326.64,-0.003427,-0.000248,4.1863,54.5441,10,Tree cover,0.676,29.4,47.2,1.32,5.2,Mixed Sedimentary,SM,161.0,1805.4,NA,NA,NO_EVENT,NA,NA,NA,NA,NA,NA,NA,NA,NA,NA
NEG_2174,1:3,0,1,Garo Hills Block,25.221222,90.104165,11707.1,75.90,32.64,136.93,-0.003993,-0.000147,4.6983,34.5586,10,Tree cover,0.813,28.9,51.1,1.43,5.3,Mixed Sedimentary,SM,958.5,1331.3,NA,NA,NO_EVENT,NA,NA,NA,NA,NA,NA,NA,NA,NA,NA
NEG_2175,1:3,0,2,West Khasi Block,25.412390,91.329121,3965.9,1068.65,31.04,151.07,-0.002466,-0.001485,4.6521,41.0148,10,Tree cover,0.706,33.5,44.4,1.37,4.9,Metamorphic,MT,721.6,3821.8,NA,NA,NO_EVENT,NA,NA,NA,NA,NA,NA,NA,NA,NA,NA
NEG_2176,1:3,0,1,Garo Hills Block,25.066869,90.862858,22556.0,260.89,31.88,218.87,0.004886,-0.000045,4.2048,27.6762,10,Tree cover,0.821,29.5,45.7,1.44,5.4,Mixed Sedimentary,SM,1271.1,600.0,NA,NA,NO_EVENT,NA,NA,NA,NA,NA,NA,NA,NA,NA,NA
NEG_2177,1:3,0,3,East Khasi Block,25.213514,91.773564,1301.7,1416.21,24.75,38.01,0.002523,0.001078,5.3091,28.7685,10,Tree cover,0.816,29.1,50.3,1.43,5.1,Siliciclastic Sedimentary,SS,894.7,696.5,NA,NA,NO_EVENT,NA,NA,NA,NA,NA,NA,NA,NA,NA,NA
NEG_2178,1:3,0,2,West Khasi Block,25.521414,91.310719,1667.1,1002.65,22.28,236.03,0.000562,0.002645,4.9464,18.0277,10,Tree cover,0.658,29.8,43.7,1.33,4.9,Metamorphic,MT,749.2,2811.8,NA,NA,NO_EVENT,NA,NA,NA,NA,NA,NA,NA,NA,NA,NA
NEG_2179,1:3,0,5,Jaintia Hills Block,25.481907,92.715860,15848.8,714.95,30.96,200.34,0.002647,-0.001298,4.3860,22.3269,10,Tree cover,0.671,31.2,44.0,1.35,4.9,Metamorphic,MT,654.7,5192.5,NA,NA,NO_EVENT,NA,NA,NA,NA,NA,NA,NA,NA,NA,NA
NEG_2180,1:3,0,2,West Khasi Block,25.251914,91.375826,1822.5,1066.78,35.36,134.17,-0.000725,-0.001308,4.5428,46.2105,10,Tree cover,0.859,27.8,50.5,1.43,4.8,Siliciclastic Sedimentary,SS,372.9,674.7,NA,NA,NO_EVENT,NA,NA,NA,NA,NA,NA,NA,NA,NA,NA
NEG_2181,1:3,0,4,Ri-Bhoi Block,25.814899,91.498375,3983.0,1200.39,20.27,144.19,-0.004527,0.000248,5.5835,31.1467,10,Tree cover,0.746,30.6,46.6,1.29,5.1,Metamorphic,MT,3107.4,1442.8,NA,NA,NO_EVENT,NA,NA,NA,NA,NA,NA,NA,NA,NA,NA
NEG_2182,1:3,0,1,Garo Hills Block,26.023343,90.952803,23543.5,465.55,20.80,85.74,-0.001040,-0.001845,5.5343,31.8805,10,Tree cover,0.830,23.0,44.1,1.42,5.4,Mixed Sedimentary,SM,1345.0,320.9,NA,NA,NO_EVENT,NA,NA,NA,NA,NA,NA,NA,NA,NA,NA
NEG_2183,1:3,0,1,Garo Hills Block,25.520770,90.069993,9100.2,25.00,26.22,228.67,0.000976,0.002014,4.6331,18.0439,10,Tree cover,0.658,23.5,52.2,1.34,5.3,Mixed Sedimentary,SM,120.1,49.3,NA,NA,NO_EVENT,NA,NA,NA,NA,NA,NA,NA,NA,NA,NA
NEG_2184,1:3,0,1,Garo Hills Block,25.677719,90.679047,12728.3,212.96,26.42,240.03,0.001358,0.001398,4.5903,45.9237,10,Tree cover,0.670,29.0,52.7,1.32,5.1,Mixed Sedimentary,SM,654.9,2369.5,NA,NA,NO_EVENT,NA,NA,NA,NA,NA,NA,NA,NA,NA,NA
NEG_2185,1:3,0,2,West Khasi Block,25.193134,91.460820,792.3,1134.10,23.38,148.29,0.004231,0.000097,5.3568,24.0550,10,Tree cover,0.822,29.6,46.8,1.44,4.9,Siliciclastic Sedimentary,SS,2926.2,248.8,NA,NA,NO_EVENT,NA,NA,NA,NA,NA,NA,NA,NA,NA,NA
NEG_2186,1:3,0,1,Garo Hills Block,25.594895,90.031409,583.1,31.49,27.33,256.16,-0.000700,-0.001567,4.4152,27.1252,10,Tree cover,0.650,26.0,53.0,1.32,5.4,Mixed Sedimentary,SM,375.9,1907.3,NA,NA,NO_EVENT,NA,NA,NA,NA,NA,NA,NA,NA,NA,NA
NEG_2187,1:3,0,4,Ri-Bhoi Block,25.774073,91.702505,4573.8,1467.35,18.58,7.78,-0.001113,-0.002039,5.5655,36.6177,10,Tree cover,0.720,29.2,39.8,1.28,4.4,Metamorphic,MT,1051.9,5663.1,NA,NA,NO_EVENT,NA,NA,NA,NA,NA,NA,NA,NA,NA,NA
NEG_2188,1:3,0,2,West Khasi Block,25.224139,91.231776,1925.6,767.84,25.57,68.64,0.003778,-0.000004,5.2712,31.6816,10,Tree cover,0.812,28.8,52.9,1.43,4.9,Siliciclastic Sedimentary,SS,409.7,195.1,NA,NA,NO_EVENT,NA,NA,NA,NA,NA,NA,NA,NA,NA,NA
NEG_2189,1:3,0,4,Ri-Bhoi Block,25.797949,91.414779,7245.4,1168.78,24.48,160.14,0.000553,-0.001795,5.1858,37.7556,10,Tree cover,0.735,30.0,46.6,1.29,5.1,Metamorphic,MT,6776.3,459.8,NA,NA,NO_EVENT,NA,NA,NA,NA,NA,NA,NA,NA,NA,NA
NEG_2190,1:3,0,1,Garo Hills Block,25.447128,90.783132,3940.5,308.03,31.50,180.13,0.001103,0.000017,4.4791,30.9941,10,Tree cover,0.687,22.5,49.0,1.36,5.3,Mixed Sedimentary,SM,2601.9,1038.5,NA,NA,NO_EVENT,NA,NA,NA,NA,NA,NA,NA,NA,NA,NA
NEG_2191,1:3,0,4,Ri-Bhoi Block,25.679225,92.664282,16514.1,655.11,34.41,216.35,-0.001388,0.001304,3.9552,54.6864,10,Tree cover,0.670,27.3,42.0,1.28,4.8,Metamorphic,MT,1346.0,3684.3,NA,NA,NO_EVENT,NA,NA,NA,NA,NA,NA,NA,NA,NA,NA
NEG_2192,1:3,0,1,Garo Hills Block,25.745484,90.027975,16121.0,68.71,23.32,216.21,0.000473,0.002688,5.0724,44.9905,10,Tree cover,0.703,30.3,53.0,1.33,5.4,Mixed Sedimentary,SM,173.2,3978.2,NA,NA,NO_EVENT,NA,NA,NA,NA,NA,NA,NA,NA,NA,NA
NEG_2193,1:3,0,5,Jaintia Hills Block,25.517540,92.517014,3746.7,873.22,18.04,272.55,-0.000733,0.001925,5.2972,18.0864,10,Tree cover,0.659,29.9,38.1,1.33,4.5,Metamorphic,MT,2786.4,480.1,NA,NA,NO_EVENT,NA,NA,NA,NA,NA,NA,NA,NA,NA,NA
NEG_2194,1:3,0,5,Jaintia Hills Block,25.122019,92.816071,6260.8,425.95,14.40,210.88,0.000436,-0.002731,5.8052,18.1268,10,Tree cover,0.830,30.3,44.2,1.44,5.3,Siliciclastic Sedimentary,SS,2367.8,974.7,NA,NA,NO_EVENT,NA,NA,NA,NA,NA,NA,NA,NA,NA,NA
NEG_2195,1:3,0,1,Garo Hills Block,26.044995,90.038737,43907.0,83.69,33.12,136.67,0.000063,0.002057,4.4695,46.6744,10,Tree cover,0.830,22.7,52.9,1.42,5.4,Mixed Sedimentary,SM,5024.8,1420.3,NA,NA,NO_EVENT,NA,NA,NA,NA,NA,NA,NA,NA,NA,NA
NEG_2196,1:3,0,1,Garo Hills Block,26.028086,90.907554,26202.5,379.30,26.21,131.64,0.000479,-0.002683,5.0848,36.6706,10,Tree cover,0.830,22.9,44.5,1.42,5.4,Mixed Sedimentary,SM,1660.4,3997.1,NA,NA,NO_EVENT,NA,NA,NA,NA,NA,NA,NA,NA,NA,NA
NEG_2197,1:3,0,4,Ri-Bhoi Block,25.932286,91.076069,11632.1,584.17,26.28,46.03,-0.003314,-0.000858,5.2936,18.4022,10,Tree cover,0.810,34.4,38.3,1.34,4.5,Metamorphic,MT,161.6,2803.1,NA,NA,NO_EVENT,NA,NA,NA,NA,NA,NA,NA,NA,NA,NA
NEG_2198,1:3,0,1,Garo Hills Block,25.856436,89.903057,31144.8,83.51,26.64,43.47,0.000793,0.002121,5.1950,25.1772,10,Tree cover,0.771,28.7,50.9,1.36,5.4,Mixed Sedimentary,SM,5791.9,1087.0,NA,NA,NO_EVENT,NA,NA,NA,NA,NA,NA,NA,NA,NA,NA
NEG_2199,1:3,0,1,Garo Hills Block,25.660608,90.369536,1577.1,88.20,32.90,299.03,-0.002675,0.001018,4.0304,48.7536,10,Tree cover,0.663,28.5,44.6,1.32,4.8,Mixed Sedimentary,SM,746.1,933.6,NA,NA,NO_EVENT,NA,NA,NA,NA,NA,NA,NA,NA,NA,NA
NEG_2200,1:3,0,1,Garo Hills Block,25.393625,90.861304,5168.8,393.42,29.43,146.57,-0.001168,0.000468,4.8488,44.7100,10,Tree cover,0.717,23.0,45.7,1.38,5.4,Mixed Sedimentary,SM,3697.7,7430.4,NA,NA,NO_EVENT,NA,NA,NA,NA,NA,NA,NA,NA,NA,NA
NEG_2201,1:3,0,1,Garo Hills Block,25.526585,90.819116,2962.4,437.21,24.72,216.58,0.001281,0.002134,4.7363,18.0025,10,Tree cover,0.657,23.7,47.4,1.34,5.4,Mixed Sedimentary,SM,2702.5,417.2,NA,NA,NO_EVENT,NA,NA,NA,NA,NA,NA,NA,NA,NA,NA
NEG_2202,1:3,0,1,Garo Hills Block,25.135950,90.244168,13427.9,44.79,17.70,177.35,0.000362,-0.001276,5.5968,18.0140,10,Tree cover,0.830,30.3,45.4,1.44,5.0,Mixed Sedimentary,SM,44.5,770.0,NA,NA,NO_EVENT,NA,NA,NA,NA,NA,NA,NA,NA,NA,NA
NEG_2203,1:3,0,2,West Khasi Block,25.056113,91.234260,16053.5,782.90,24.00,292.41,-0.004697,0.000061,4.8026,27.5334,10,Tree cover,0.817,29.2,52.9,1.43,4.9,Siliciclastic Sedimentary,SS,55.7,344.8,NA,NA,NO_EVENT,NA,NA,NA,NA,NA,NA,NA,NA,NA,NA
NEG_2204,1:3,0,1,Garo Hills Block,26.050804,90.152809,40838.2,25.00,26.31,166.33,0.001103,-0.001656,4.9919,42.0617,10,Tree cover,0.829,22.6,49.1,1.42,5.2,Mixed Sedimentary,SM,1800.3,1771.9,NA,NA,NO_EVENT,NA,NA,NA,NA,NA,NA,NA,NA,NA,NA
NEG_2205,1:3,0,4,Ri-Bhoi Block,26.041966,92.036753,4871.2,1076.16,23.54,161.80,-0.000989,0.002119,5.2474,37.7594,10,Tree cover,0.830,35.0,44.7,1.37,4.9,Metamorphic,MT,100.0,8321.3,NA,NA,NO_EVENT,NA,NA,NA,NA,NA,NA,NA,NA,NA,NA
NEG_2206,1:3,0,4,Ri-Bhoi Block,25.708499,91.768097,9675.8,1520.62,20.12,332.01,0.003229,0.000567,5.1897,41.8721,10,Tree cover,0.683,27.6,38.3,1.28,4.3,Metamorphic,MT,706.1,2972.0,NA,NA,NO_EVENT,NA,NA,NA,NA,NA,NA,NA,NA,NA,NA
NEG_2207,1:3,0,1,Garo Hills Block,25.912866,90.126106,27449.0,51.53,25.75,132.97,-0.002455,0.001405,5.3394,18.0550,10,Tree cover,0.801,26.6,50.3,1.38,5.3,Mixed Sedimentary,SM,1084.1,3505.5,NA,NA,NO_EVENT,NA,NA,NA,NA,NA,NA,NA,NA,NA,NA
NEG_2208,1:3,0,3,East Khasi Block,25.565135,91.926128,1169.9,1736.11,22.86,249.90,-0.000384,-0.000552,4.8010,20.6745,60,Bare / sparse vegetation,0.173,28.5,40.5,1.31,4.4,Metamorphic,MT,5.9,599.4,NA,NA,NO_EVENT,NA,NA,NA,NA,NA,NA,NA,NA,NA,NA
NEG_2209,1:3,0,4,Ri-Bhoi Block,25.653766,92.339976,10057.8,1125.84,29.82,317.95,-0.001865,-0.001454,4.2630,44.1925,10,Tree cover,0.661,27.2,42.0,1.29,4.8,Metamorphic,MT,107.7,3035.6,NA,NA,NO_EVENT,NA,NA,NA,NA,NA,NA,NA,NA,NA,NA
NEG_2210,1:3,0,3,East Khasi Block,25.098053,91.906638,12203.4,1268.08,26.64,246.20,0.001516,0.001781,4.7328,20.3992,10,Tree cover,0.827,30.1,53.0,1.44,5.3,Siliciclastic Sedimentary,SS,173.3,105.5,NA,NA,NO_EVENT,NA,NA,NA,NA,NA,NA,NA,NA,NA,NA
NEG_2211,1:3,0,1,Garo Hills Block,25.596750,90.956441,6785.3,543.24,19.21,274.20,-0.003390,0.000966,5.0642,24.7228,10,Tree cover,0.651,26.1,44.1,1.32,5.4,Mixed Sedimentary,SM,3778.7,3107.4,NA,NA,NO_EVENT,NA,NA,NA,NA,NA,NA,NA,NA,NA,NA
NEG_2212,1:3,0,3,East Khasi Block,25.387497,91.693540,3284.7,1449.90,23.95,31.39,0.000222,0.002553,5.3079,40.9090,10,Tree cover,0.721,34.2,40.1,1.37,4.4,Metamorphic,MT,1664.9,1907.0,NA,NA,NO_EVENT,NA,NA,NA,NA,NA,NA,NA,NA,NA,NA
NEG_2213,1:3,0,4,Ri-Bhoi Block,25.982275,91.313337,20548.3,896.13,20.65,120.93,-0.001537,0.001956,5.6685,23.9708,10,Tree cover,0.825,35.1,43.8,1.35,4.9,Metamorphic,MT,964.2,1441.5,NA,NA,NO_EVENT,NA,NA,NA,NA,NA,NA,NA,NA,NA,NA
NEG_2214,1:3,0,4,Ri-Bhoi Block,25.910701,91.026577,9246.2,552.60,24.66,54.95,0.001149,-0.002262,5.4261,18.1047,10,Tree cover,0.800,33.8,39.2,1.33,4.6,Metamorphic,MT,600.6,5073.0,NA,NA,NO_EVENT,NA,NA,NA,NA,NA,NA,NA,NA,NA,NA
NEG_2215,1:3,0,1,Garo Hills Block,25.130586,89.987592,26627.8,48.40,18.30,353.50,-0.000256,-0.000912,5.5274,18.0065,10,Tree cover,0.830,30.3,53.0,1.44,5.4,Mixed Sedimentary,SM,87.1,757.0,NA,NA,NO_EVENT,NA,NA,NA,NA,NA,NA,NA,NA,NA,NA
NEG_2216,1:3,0,1,Garo Hills Block,25.075441,90.959458,15206.5,475.86,21.24,280.79,-0.004281,0.000208,5.0839,22.9910,10,Tree cover,0.823,29.7,44.1,1.44,5.4,Mixed Sedimentary,SM,931.6,1630.1,NA,NA,NO_EVENT,NA,NA,NA,NA,NA,NA,NA,NA,NA,NA
NEG_2217,1:3,0,1,Garo Hills Block,25.822247,89.955105,25749.2,25.00,22.59,49.38,-0.004378,-0.000059,5.4226,31.0591,10,Tree cover,0.750,29.6,52.5,1.35,5.4,Mixed Sedimentary,SM,1815.2,654.5,NA,NA,NO_EVENT,NA,NA,NA,NA,NA,NA,NA,NA,NA,NA
NEG_2218,1:3,0,1,Garo Hills Block,25.258813,90.636499,2206.3,25.00,31.18,90.93,0.000035,-0.002202,4.8865,44.7839,10,Tree cover,0.797,27.6,53.1,1.42,5.1,Mixed Sedimentary,SM,305.4,1299.3,NA,NA,NO_EVENT,NA,NA,NA,NA,NA,NA,NA,NA,NA,NA
NEG_2219,1:3,0,1,Garo Hills Block,25.611421,90.240771,4949.0,44.63,24.62,234.27,-0.002644,-0.000863,4.6315,29.9081,10,Tree cover,0.652,26.7,45.5,1.32,5.0,Mixed Sedimentary,SM,323.9,1670.4,NA,NA,NO_EVENT,NA,NA,NA,NA,NA,NA,NA,NA,NA,NA
NEG_2220,1:3,0,5,Jaintia Hills Block,25.164657,92.678556,16187.8,659.28,26.54,162.58,0.000141,0.002093,5.0023,20.0314,10,Tree cover,0.828,30.1,48.5,1.44,5.4,Siliciclastic Sedimentary,SS,13974.2,1465.2,NA,NA,NO_EVENT,NA,NA,NA,NA,NA,NA,NA,NA,NA,NA
NEG_2221,1:3,0,1,Garo Hills Block,25.888539,90.350997,14113.2,25.00,33.40,72.72,-0.000227,-0.000090,4.7106,20.2058,10,Tree cover,0.789,27.5,44.3,1.37,4.8,Mixed Sedimentary,SM,1517.5,5684.2,NA,NA,NO_EVENT,NA,NA,NA,NA,NA,NA,NA,NA,NA,NA
NEG_2222,1:3,0,1,Garo Hills Block,25.459093,90.884647,2124.2,445.00,33.45,191.44,-0.003507,-0.000610,4.2753,28.2855,10,Tree cover,0.681,22.5,45.0,1.36,5.4,Mixed Sedimentary,SM,393.7,7499.6,NA,NA,NO_EVENT,NA,NA,NA,NA,NA,NA,NA,NA,NA,NA
NEG_2223,1:3,0,4,Ri-Bhoi Block,25.874284,91.356149,12053.9,1005.95,35.61,131.50,0.001529,-0.000097,4.5133,23.0475,10,Tree cover,0.789,32.7,45.3,1.31,5.0,Metamorphic,MT,2647.1,1853.4,NA,NA,NO_EVENT,NA,NA,NA,NA,NA,NA,NA,NA,NA,NA
NEG_2224,1:3,0,5,Jaintia Hills Block,25.158078,92.053926,3808.2,1290.73,17.01,165.91,-0.000388,-0.002397,5.7395,18.8272,10,Tree cover,0.829,39.6,24.4,1.33,5.9,Carbonate Sedimentary,SC,124.1,106.0,NA,NA,NO_EVENT,NA,NA,NA,NA,NA,NA,NA,NA,NA,NA
NEG_2225,1:3,0,1,Garo Hills Block,25.448639,90.601919,9093.4,52.74,35.46,356.93,-0.004991,0.000005,4.1562,32.1411,10,Tree cover,0.845,22.5,52.9,1.36,5.0,Mixed Sedimentary,SM,1763.2,3284.1,NA,NA,NO_EVENT,NA,NA,NA,NA,NA,NA,NA,NA,NA,NA
NEG_2226,1:3,0,2,West Khasi Block,25.425539,91.318158,3526.3,1060.40,31.64,157.89,-0.002383,-0.001272,4.5536,37.5085,10,Tree cover,0.699,33.1,44.0,1.37,4.9,Metamorphic,MT,1386.5,3007.1,NA,NA,NO_EVENT,NA,NA,NA,NA,NA,NA,NA,NA,NA,NA
NEG_2227,1:3,0,1,Garo Hills Block,25.390565,90.537813,15381.9,25.00,26.67,32.89,0.000058,-0.002953,5.0800,42.8678,10,Tree cover,0.719,23.1,51.1,1.38,4.9,Mixed Sedimentary,SM,1664.0,7138.3,NA,NA,NO_EVENT,NA,NA,NA,NA,NA,NA,NA,NA,NA,NA
NEG_2228,1:3,0,1,Garo Hills Block,25.450382,89.858477,15063.9,50.82,31.47,358.00,-0.004858,-0.000058,4.4685,30.0563,10,Tree cover,0.685,22.5,49.0,1.36,5.3,Mixed Sedimentary,SM,764.8,701.1,NA,NA,NO_EVENT,NA,NA,NA,NA,NA,NA,NA,NA,NA,NA
NEG_2229,1:3,0,1,Garo Hills Block,25.854298,90.321382,13885.6,25.00,35.65,89.58,0.002600,-0.001440,4.4692,28.2220,10,Tree cover,0.781,28.7,44.1,1.36,4.9,Mixed Sedimentary,SM,3157.5,5200.4,NA,NA,NO_EVENT,NA,NA,NA,NA,NA,NA,NA,NA,NA,NA
NEG_2230,1:3,0,3,East Khasi Block,25.067417,91.793781,13784.2,1132.85,23.77,323.77,-0.000443,0.000186,4.8553,25.1062,10,Tree cover,0.821,40.2,21.1,1.32,5.7,Volcanic Basic,VB,432.1,390.2,NA,NA,NO_EVENT,NA,NA,NA,NA,NA,NA,NA,NA,NA,NA
NEG_2231,1:3,0,4,Ri-Bhoi Block,25.855851,92.282179,12997.5,1139.24,25.74,49.57,-0.001502,-0.001940,5.2657,25.0556,10,Tree cover,0.771,32.1,44.3,1.31,4.9,Metamorphic,MT,285.5,1495.7,NA,NA,NO_EVENT,NA,NA,NA,NA,NA,NA,NA,NA,NA,NA
NEG_2232,1:3,0,1,Garo Hills Block,25.552990,90.426373,5717.4,82.29,14.90,314.92,-0.001234,-0.001354,5.4589,18.8545,40,Cropland,0.661,24.5,46.4,1.33,4.8,Mixed Sedimentary,SM,686.8,535.3,NA,NA,NO_EVENT,NA,NA,NA,NA,NA,NA,NA,NA,NA,NA
NEG_2233,1:3,0,4,Ri-Bhoi Block,25.816206,91.934125,5969.3,1419.66,28.11,128.23,-0.001347,-0.000551,4.9608,35.8797,10,Tree cover,0.746,30.7,40.8,1.29,4.4,Metamorphic,MT,1478.5,9410.9,NA,NA,NO_EVENT,NA,NA,NA,NA,NA,NA,NA,NA,NA,NA
NEG_2234,1:3,0,5,Jaintia Hills Block,25.285972,92.555394,6322.2,829.81,20.82,109.18,0.000323,0.002303,5.7341,40.1272,10,Tree cover,0.783,26.6,52.8,1.42,5.3,Siliciclastic Sedimentary,SS,5297.1,589.8,NA,NA,NO_EVENT,NA,NA,NA,NA,NA,NA,NA,NA,NA,NA
NEG_2235,1:3,0,5,Jaintia Hills Block,25.132721,92.797199,8368.7,439.30,14.16,180.03,-0.000000,-0.002972,5.8671,18.0000,10,Tree cover,0.830,30.3,44.4,1.44,5.3,Siliciclastic Sedimentary,SS,4455.9,1785.8,NA,NA,NO_EVENT,NA,NA,NA,NA,NA,NA,NA,NA,NA,NA
NEG_2236,1:3,0,4,Ri-Bhoi Block,25.949068,91.898091,2631.9,1339.60,25.14,93.90,-0.002916,0.000030,5.3698,19.8095,10,Tree cover,0.816,34.7,39.6,1.34,4.6,Metamorphic,MT,651.8,9395.4,NA,NA,NO_EVENT,NA,NA,NA,NA,NA,NA,NA,NA,NA,NA
NEG_2237,1:3,0,4,Ri-Bhoi Block,26.033850,92.003049,1373.5,1112.76,22.48,155.88,-0.002323,0.001076,5.3624,35.2229,10,Tree cover,0.830,35.1,43.5,1.37,4.9,Metamorphic,MT,213.7,6931.6,NA,NA,NO_EVENT,NA,NA,NA,NA,NA,NA,NA,NA,NA,NA
NEG_2238,1:3,0,2,West Khasi Block,25.225694,91.148576,3016.8,783.78,33.26,41.32,-0.001784,-0.001789,4.6597,36.2904,10,Tree cover,0.812,28.7,50.5,1.43,5.0,Siliciclastic Sedimentary,SS,1737.9,1022.6,NA,NA,NO_EVENT,NA,NA,NA,NA,NA,NA,NA,NA,NA,NA
NEG_2239,1:3,0,1,Garo Hills Block,25.097223,90.988455,11667.0,489.23,17.34,317.79,-0.003803,-0.000373,5.4737,19.6353,10,Tree cover,0.827,30.1,44.4,1.44,5.3,Mixed Sedimentary,SM,288.7,499.2,NA,NA,NO_EVENT,NA,NA,NA,NA,NA,NA,NA,NA,NA,NA
NEG_2240,1:3,0,1,Garo Hills Block,25.820931,90.978652,3911.5,466.61,21.36,62.68,-0.004981,-0.000010,5.5166,30.6178,10,Tree cover,0.749,29.6,44.3,1.35,5.3,Mixed Sedimentary,SM,329.2,5191.0,NA,NA,NO_EVENT,NA,NA,NA,NA,NA,NA,NA,NA,NA,NA
NEG_2241,1:3,0,3,East Khasi Block,25.376718,91.615835,3582.1,1467.98,26.66,59.87,0.000900,0.000513,5.1254,45.5681,10,Tree cover,0.728,34.4,43.1,1.38,4.6,Metamorphic,MT,567.7,1579.2,NA,NA,NO_EVENT,NA,NA,NA,NA,NA,NA,NA,NA,NA,NA
NEG_2242,1:3,0,1,Garo Hills Block,25.961981,89.945129,40044.6,66.84,14.61,57.49,0.003476,-0.000626,6.1934,20.0697,40,Cropland,0.517,24.7,52.3,1.40,5.4,Mixed Sedimentary,SM,5515.4,335.8,NA,NA,NO_EVENT,NA,NA,NA,NA,NA,NA,NA,NA,NA,NA
NEG_2243,1:3,0,1,Garo Hills Block,25.436308,90.282634,9455.7,57.92,33.75,164.15,0.000809,-0.000774,4.3423,35.3304,10,Tree cover,0.693,22.5,44.4,1.37,5.0,Mixed Sedimentary,SM,1138.5,5485.1,NA,NA,NO_EVENT,NA,NA,NA,NA,NA,NA,NA,NA,NA,NA
NEG_2244,1:3,0,1,Garo Hills Block,25.770983,90.122460,12594.4,56.37,19.50,173.83,0.001053,-0.001494,5.4796,37.9592,10,Tree cover,0.718,30.3,50.4,1.33,5.3,Mixed Sedimentary,SM,1792.7,6159.2,NA,NA,NO_EVENT,NA,NA,NA,NA,NA,NA,NA,NA,NA,NA
NEG_2245,1:3,0,1,Garo Hills Block,25.737992,90.672852,15226.3,167.10,17.58,211.71,0.000440,-0.002482,5.5021,38.7435,10,Tree cover,0.699,30.2,52.8,1.33,5.1,Mixed Sedimentary,SM,500.2,891.6,NA,NA,NO_EVENT,NA,NA,NA,NA,NA,NA,NA,NA,NA,NA
NEG_2246,1:3,0,5,Jaintia Hills Block,25.234830,92.655875,9217.6,746.67,35.35,138.91,-0.001399,-0.002155,4.5130,40.5374,10,Tree cover,0.854,28.4,49.5,1.43,5.4,Siliciclastic Sedimentary,SS,8806.0,409.1,NA,NA,NO_EVENT,NA,NA,NA,NA,NA,NA,NA,NA,NA,NA
NEG_2247,1:3,0,2,West Khasi Block,25.040007,91.135221,17497.9,518.06,34.45,320.14,0.002742,-0.001354,3.9240,36.8731,10,Tree cover,0.812,28.7,49.9,1.43,5.0,Siliciclastic Sedimentary,SS,53.9,33.2,NA,NA,NO_EVENT,NA,NA,NA,NA,NA,NA,NA,NA,NA,NA
NEG_2248,1:3,0,2,West Khasi Block,25.043357,91.274959,17945.1,825.94,27.30,261.49,-0.001864,0.001628,4.5042,32.0837,10,Tree cover,0.813,28.8,53.1,1.43,4.8,Siliciclastic Sedimentary,SS,103.0,629.9,NA,NA,NO_EVENT,NA,NA,NA,NA,NA,NA,NA,NA,NA,NA
NEG_2249,1:3,0,1,Garo Hills Block,25.561131,90.781071,2765.3,374.13,19.50,222.46,-0.001298,0.000814,5.0762,19.8564,10,Tree cover,0.651,24.8,49.1,1.33,5.3,Mixed Sedimentary,SM,2756.5,1012.7,NA,NA,NO_EVENT,NA,NA,NA,NA,NA,NA,NA,NA,NA,NA
NEG_2250,1:3,0,1,Garo Hills Block,25.162735,90.947982,9819.5,389.04,17.31,92.18,0.002341,0.001595,5.7334,19.1732,10,Tree cover,0.828,30.1,44.1,1.44,5.4,Mixed Sedimentary,SM,602.9,164.9,NA,NA,NO_EVENT,NA,NA,NA,NA,NA,NA,NA,NA,NA,NA
NEG_2251,1:3,0,4,Ri-Bhoi Block,25.746044,92.186307,6932.0,1364.13,23.12,217.76,0.000541,-0.002667,5.0906,44.7125,10,Tree cover,0.703,28.4,46.7,1.28,5.1,Metamorphic,MT,393.4,5077.4,NA,NA,NO_EVENT,NA,NA,NA,NA,NA,NA,NA,NA,NA,NA
NEG_2252,1:3,0,2,West Khasi Block,25.593211,91.598995,3418.1,1435.47,26.79,282.15,0.004218,-0.000361,4.4591,26.5593,10,Tree cover,0.650,27.8,43.7,1.30,4.6,Metamorphic,MT,200.3,5719.3,NA,NA,NO_EVENT,NA,NA,NA,NA,NA,NA,NA,NA,NA,NA
NEG_2253,1:3,0,1,Garo Hills Block,25.236666,90.676358,3719.1,58.51,27.86,115.02,0.000639,-0.002488,5.1160,36.2516,10,Tree cover,0.807,28.4,52.7,1.43,5.1,Mixed Sedimentary,SM,1663.8,141.4,NA,NA,NO_EVENT,NA,NA,NA,NA,NA,NA,NA,NA,NA,NA
NEG_2254,1:3,0,1,Garo Hills Block,25.194847,90.560351,7417.9,38.66,31.03,40.61,-0.002358,-0.000048,4.7504,26.4601,10,Tree cover,0.822,29.6,51.9,1.44,4.9,Mixed Sedimentary,SM,1832.3,780.4,NA,NA,NO_EVENT,NA,NA,NA,NA,NA,NA,NA,NA,NA,NA
NEG_2255,1:3,0,5,Jaintia Hills Block,25.627704,92.682090,14568.2,683.19,33.88,224.22,-0.000122,0.002921,3.9008,39.6569,10,Tree cover,0.655,27.3,42.7,1.29,4.8,Metamorphic,MT,3854.9,3459.7,NA,NA,NO_EVENT,NA,NA,NA,NA,NA,NA,NA,NA,NA,NA
NEG_2256,1:3,0,3,East Khasi Block,25.231216,91.757111,562.8,1442.15,25.91,40.53,0.002654,0.001250,5.2605,33.6207,10,Tree cover,0.809,28.6,49.6,1.43,5.1,Siliciclastic Sedimentary,SS,538.3,107.3,NA,NA,NO_EVENT,NA,NA,NA,NA,NA,NA,NA,NA,NA,NA
NEG_2257,1:3,0,4,Ri-Bhoi Block,25.902640,91.508736,6241.0,1128.06,22.83,122.69,0.001555,-0.001649,5.5688,18.4191,10,Tree cover,0.796,33.6,46.4,1.32,5.1,Metamorphic,MT,1216.6,3288.4,NA,NA,NO_EVENT,NA,NA,NA,NA,NA,NA,NA,NA,NA,NA
NEG_2258,1:3,0,1,Garo Hills Block,25.295404,90.600778,7351.0,52.34,28.53,71.45,0.003984,0.000124,5.1170,49.8091,10,Tree cover,0.778,26.2,52.8,1.41,5.0,Mixed Sedimentary,SM,120.5,5210.5,NA,NA,NO_EVENT,NA,NA,NA,NA,NA,NA,NA,NA,NA,NA
NEG_2259,1:3,0,1,Garo Hills Block,25.062393,90.731605,19184.5,73.60,23.55,218.17,-0.004903,0.000034,4.8573,26.0447,10,Tree cover,0.819,29.4,51.2,1.43,5.2,Mixed Sedimentary,SM,97.1,723.8,NA,NA,NO_EVENT,NA,NA,NA,NA,NA,NA,NA,NA,NA,NA
NEG_2260,1:3,0,1,Garo Hills Block,25.824172,89.944929,26268.0,25.00,22.30,45.56,-0.003634,0.000014,5.4520,30.4800,10,Tree cover,0.751,29.5,52.3,1.35,5.4,Mixed Sedimentary,SM,2850.8,833.8,NA,NA,NO_EVENT,NA,NA,NA,NA,NA,NA,NA,NA,NA,NA
NEG_2261,1:3,0,3,East Khasi Block,25.256839,91.954009,3240.7,1410.20,30.38,121.71,0.000137,-0.002141,4.9480,43.5735,10,Tree cover,0.798,27.7,52.3,1.42,5.0,Siliciclastic Sedimentary,SS,271.3,39.7,NA,NA,NO_EVENT,NA,NA,NA,NA,NA,NA,NA,NA,NA,NA
NEG_2262,1:3,0,4,Ri-Bhoi Block,25.865264,91.188721,2529.6,780.41,29.01,51.85,-0.001209,0.002272,5.0246,23.8663,10,Tree cover,0.776,32.4,39.3,1.31,4.6,Metamorphic,MT,713.8,1816.7,NA,NA,NO_EVENT,NA,NA,NA,NA,NA,NA,NA,NA,NA,NA
NEG_2263,1:3,0,1,Garo Hills Block,25.773920,90.983254,3946.2,539.23,14.53,20.96,-0.001576,0.000194,5.8889,32.5752,10,Tree cover,0.720,30.3,44.4,1.33,5.3,Mixed Sedimentary,SM,545.5,5186.9,NA,NA,NO_EVENT,NA,NA,NA,NA,NA,NA,NA,NA,NA,NA
NEG_2264,1:3,0,2,West Khasi Block,25.192706,91.014356,2627.9,518.12,23.40,42.91,0.003307,-0.000161,5.3537,23.9814,10,Tree cover,0.822,29.6,45.0,1.44,5.3,Siliciclastic Sedimentary,SS,203.3,164.7,NA,NA,NO_EVENT,NA,NA,NA,NA,NA,NA,NA,NA,NA,NA
NEG_2265,1:3,0,5,Jaintia Hills Block,25.646365,92.691563,16383.4,644.79,35.43,222.65,0.000483,0.002698,3.8010,46.8262,10,Tree cover,0.761,27.2,43.1,1.29,4.8,Metamorphic,MT,1954.0,5235.6,NA,NA,NO_EVENT,NA,NA,NA,NA,NA,NA,NA,NA,NA,NA
NEG_2266,1:3,0,2,West Khasi Block,25.094251,91.347552,11369.6,862.01,26.99,206.70,0.003976,-0.000423,4.6906,20.9751,10,Tree cover,0.827,30.0,51.6,1.44,4.8,Siliciclastic Sedimentary,SS,1181.1,951.2,NA,NA,NO_EVENT,NA,NA,NA,NA,NA,NA,NA,NA,NA,NA
NEG_2267,1:3,0,2,West Khasi Block,25.375233,91.350351,6894.0,1054.85,26.27,139.34,0.001078,-0.000521,5.1612,45.4200,10,Tree cover,0.729,34.5,45.1,1.38,5.0,Metamorphic,MT,1602.5,1834.7,NA,NA,NO_EVENT,NA,NA,NA,NA,NA,NA,NA,NA,NA,NA
NEG_2268,1:3,0,1,Garo Hills Block,25.045893,90.754727,21979.2,62.19,27.41,219.34,-0.003313,0.001010,4.5019,31.4817,10,Tree cover,0.814,28.9,50.2,1.43,5.3,Mixed Sedimentary,SM,65.4,494.4,NA,NA,NO_EVENT,NA,NA,NA,NA,NA,NA,NA,NA,NA,NA
NEG_2269,1:3,0,4,Ri-Bhoi Block,25.905458,91.489522,7441.6,1114.72,22.35,127.82,0.002229,-0.000423,5.6088,18.2751,10,Tree cover,0.798,33.7,46.7,1.32,5.1,Metamorphic,MT,878.0,1482.9,NA,NA,NO_EVENT,NA,NA,NA,NA,NA,NA,NA,NA,NA,NA
NEG_2270,1:3,0,1,Garo Hills Block,25.506629,90.670851,928.5,96.57,21.08,238.00,0.000043,-0.002972,5.0886,18.5686,10,Tree cover,0.662,23.2,52.8,1.34,5.1,Mixed Sedimentary,SM,750.0,1739.8,NA,NA,NO_EVENT,NA,NA,NA,NA,NA,NA,NA,NA,NA,NA
NEG_2271,1:3,0,1,Garo Hills Block,25.341886,90.968459,3385.8,608.94,14.07,77.50,-0.004152,0.000440,6.2214,34.7077,10,Tree cover,0.750,24.5,44.2,1.40,5.3,Mixed Sedimentary,SM,6781.3,1675.0,NA,NA,NO_EVENT,NA,NA,NA,NA,NA,NA,NA,NA,NA,NA
NEG_2272,1:3,0,4,Ri-Bhoi Block,25.922416,92.750000,14534.5,524.30,23.33,126.71,0.003767,-0.000474,5.5332,18.0328,10,Tree cover,0.806,34.1,45.2,1.33,5.0,Metamorphic,MT,161.1,998.1,NA,NA,NO_EVENT,NA,NA,NA,NA,NA,NA,NA,NA,NA,NA
NEG_2273,1:3,0,1,Garo Hills Block,25.493748,90.999726,8148.2,578.81,21.82,317.04,0.001725,0.001276,5.0738,19.6474,10,Tree cover,0.666,22.9,44.7,1.35,5.3,Mixed Sedimentary,SM,240.4,1986.5,NA,NA,NO_EVENT,NA,NA,NA,NA,NA,NA,NA,NA,NA,NA
NEG_2274,1:3,0,4,Ri-Bhoi Block,25.934275,91.102061,11566.9,608.39,27.18,44.65,-0.004615,-0.000115,5.2204,18.5405,10,Tree cover,0.810,34.4,38.1,1.34,4.5,Metamorphic,MT,286.9,1023.5,NA,NA,NO_EVENT,NA,NA,NA,NA,NA,NA,NA,NA,NA,NA
NEG_2275,1:3,0,1,Garo Hills Block,25.616180,90.504372,13046.6,27.28,25.64,314.20,-0.001822,-0.001637,4.5518,31.5581,10,Tree cover,0.653,26.9,49.8,1.32,4.8,Mixed Sedimentary,SM,2209.4,2331.0,NA,NA,NO_EVENT,NA,NA,NA,NA,NA,NA,NA,NA,NA,NA
NEG_2276,1:3,0,4,Ri-Bhoi Block,25.822983,91.422564,5125.7,1184.49,27.99,149.86,-0.000277,-0.000068,4.9930,33.9833,10,Tree cover,0.751,30.9,46.7,1.30,5.1,Metamorphic,MT,4804.2,2152.2,NA,NA,NO_EVENT,NA,NA,NA,NA,NA,NA,NA,NA,NA,NA
NEG_2277,1:3,0,4,Ri-Bhoi Block,25.893757,92.181235,4185.3,1174.97,32.93,104.04,0.000150,0.002910,4.7538,19.4845,10,Tree cover,0.792,33.3,46.8,1.32,5.1,Metamorphic,MT,2775.6,1645.9,NA,NA,NO_EVENT,NA,NA,NA,NA,NA,NA,NA,NA,NA,NA
NEG_2278,1:3,0,3,East Khasi Block,25.252205,91.982688,3264.6,1423.44,27.53,130.35,0.000769,-0.000233,5.1696,40.0363,10,Tree cover,0.800,27.8,51.4,1.43,4.9,Siliciclastic Sedimentary,SS,2117.4,36.9,NA,NA,NO_EVENT,NA,NA,NA,NA,NA,NA,NA,NA,NA,NA
NEG_2279,1:3,0,1,Garo Hills Block,25.884059,90.855627,18092.8,357.31,34.94,130.48,0.000333,0.000057,4.5818,21.0403,10,Tree cover,0.787,27.7,45.9,1.37,5.4,Mixed Sedimentary,SM,1055.4,6938.7,NA,NA,NO_EVENT,NA,NA,NA,NA,NA,NA,NA,NA,NA,NA
NEG_2280,1:3,0,1,Garo Hills Block,25.206418,89.808028,31931.7,102.07,33.41,36.29,-0.002447,0.000692,4.5960,30.3882,10,Tree cover,0.818,29.3,46.8,1.43,5.2,Mixed Sedimentary,SM,755.6,997.9,NA,NA,NO_EVENT,NA,NA,NA,NA,NA,NA,NA,NA,NA,NA
NEG_2281,1:3,0,1,Garo Hills Block,25.506976,90.874920,7178.2,434.71,27.34,219.92,-0.000302,-0.001439,4.5867,18.7107,10,Tree cover,0.662,23.2,45.3,1.34,5.4,Mixed Sedimentary,SM,270.4,3873.6,NA,NA,NO_EVENT,NA,NA,NA,NA,NA,NA,NA,NA,NA,NA
NEG_2282,1:3,0,1,Garo Hills Block,25.619303,90.373525,3462.9,57.65,29.16,296.99,0.001686,0.001403,4.2719,34.2897,10,Tree cover,0.653,27.0,44.7,1.32,4.8,Mixed Sedimentary,SM,3305.0,1997.1,NA,NA,NO_EVENT,NA,NA,NA,NA,NA,NA,NA,NA,NA,NA
NEG_2283,1:3,0,1,Garo Hills Block,25.948439,90.586153,22887.6,72.13,25.25,63.84,-0.004534,-0.000035,5.3618,19.7457,10,Tree cover,0.816,25.2,52.6,1.39,5.0,Mixed Sedimentary,SM,814.7,3475.7,NA,NA,NO_EVENT,NA,NA,NA,NA,NA,NA,NA,NA,NA,NA
NEG_2284,1:3,0,2,West Khasi Block,25.264544,91.266178,4975.8,861.17,25.30,91.72,-0.000500,0.002243,5.3633,40.9591,10,Tree cover,0.794,27.4,53.1,1.42,4.8,Siliciclastic Sedimentary,SS,1577.1,534.2,NA,NA,NO_EVENT,NA,NA,NA,NA,NA,NA,NA,NA,NA,NA
NEG_2285,1:3,0,1,Garo Hills Block,25.558759,90.456010,8643.4,105.53,14.16,317.34,-0.004020,-0.000527,5.5074,19.1789,40,Cropland,0.649,24.7,47.6,1.33,4.8,Mixed Sedimentary,SM,1076.0,878.5,NA,NA,NO_EVENT,NA,NA,NA,NA,NA,NA,NA,NA,NA,NA
NEG_2286,1:3,0,1,Garo Hills Block,25.313610,90.317601,12244.1,83.85,26.06,91.88,0.003184,0.000433,5.3039,48.7948,10,Tree cover,0.767,25.5,44.1,1.41,4.9,Mixed Sedimentary,SM,2845.1,2374.9,NA,NA,NO_EVENT,NA,NA,NA,NA,NA,NA,NA,NA,NA,NA
NEG_2287,1:3,0,4,Ri-Bhoi Block,25.795937,92.148772,539.4,1317.14,26.96,147.64,0.002283,-0.001549,4.9799,40.2427,10,Tree cover,0.734,30.0,46.9,1.29,5.1,Metamorphic,MT,1388.0,570.4,NA,NA,NO_EVENT,NA,NA,NA,NA,NA,NA,NA,NA,NA,NA
NEG_2288,1:3,0,3,East Khasi Block,25.519315,91.977965,2004.1,1719.45,19.20,221.07,-0.001164,-0.000570,5.1990,18.0553,10,Tree cover,0.699,29.9,42.5,1.33,4.5,Metamorphic,MT,643.5,911.5,NA,NA,NO_EVENT,NA,NA,NA,NA,NA,NA,NA,NA,NA,NA
NEG_2289,1:3,0,1,Garo Hills Block,25.814810,90.221740,16584.1,74.81,21.64,148.52,-0.004837,-0.000081,5.4736,32.0536,10,Tree cover,0.746,29.8,46.1,1.35,5.1,Mixed Sedimentary,SM,2493.8,4436.5,NA,NA,NO_EVENT,NA,NA,NA,NA,NA,NA,NA,NA,NA,NA
NEG_2290,1:3,0,4,Ri-Bhoi Block,26.063472,92.304147,6351.0,909.95,26.19,8.01,0.000496,0.000864,4.9517,44.4772,10,Tree cover,0.828,34.7,43.4,1.38,4.9,Metamorphic,MT,583.9,2187.3,NA,NA,NO_EVENT,NA,NA,NA,NA,NA,NA,NA,NA,NA,NA
NEG_2291,1:3,0,1,Garo Hills Block,25.240842,90.367803,15438.7,25.00,33.11,62.83,-0.001966,-0.001032,4.7042,41.0078,10,Tree cover,0.805,28.2,44.6,1.43,4.8,Mixed Sedimentary,SM,5260.4,3194.9,NA,NA,NO_EVENT,NA,NA,NA,NA,NA,NA,NA,NA,NA,NA
NEG_2292,1:3,0,1,Garo Hills Block,25.155714,90.222055,10935.1,59.81,16.79,164.74,0.002699,0.000282,5.7479,18.6729,10,Tree cover,0.829,30.2,46.1,1.44,5.1,Mixed Sedimentary,SM,1947.2,1219.9,NA,NA,NO_EVENT,NA,NA,NA,NA,NA,NA,NA,NA,NA,NA
NEG_2293,1:3,0,4,Ri-Bhoi Block,25.828015,91.232445,6730.8,795.90,22.57,63.95,-0.004973,-0.000005,5.4427,29.8026,10,Tree cover,0.754,31.1,40.6,1.30,4.7,Metamorphic,MT,835.2,5583.5,NA,NA,NO_EVENT,NA,NA,NA,NA,NA,NA,NA,NA,NA,NA
NEG_2294,1:3,0,4,Ri-Bhoi Block,25.865569,92.076077,5883.2,1392.84,29.60,138.06,0.001597,-0.002005,4.9780,23.9208,10,Tree cover,0.776,32.4,45.9,1.31,5.0,Metamorphic,MT,1433.3,7575.0,NA,NA,NO_EVENT,NA,NA,NA,NA,NA,NA,NA,NA,NA,NA
NEG_2295,1:3,0,1,Garo Hills Block,25.039824,90.750922,22332.9,59.93,27.51,221.15,-0.003126,0.001059,4.4788,33.1191,10,Tree cover,0.812,28.7,50.4,1.43,5.3,Mixed Sedimentary,SM,439.5,112.6,NA,NA,NO_EVENT,NA,NA,NA,NA,NA,NA,NA,NA,NA,NA
NEG_2296,1:3,0,1,Garo Hills Block,25.708848,89.828502,21613.4,25.00,28.63,332.98,-0.004172,0.000395,4.5101,51.9890,10,Tree cover,0.683,29.8,47.7,1.32,5.2,Mixed Sedimentary,SM,468.4,466.6,NA,NA,NO_EVENT,NA,NA,NA,NA,NA,NA,NA,NA,NA,NA
NEG_2297,1:3,0,1,Garo Hills Block,25.758747,90.609378,17367.8,50.71,23.02,354.78,-0.000286,-0.000436,5.1491,43.2789,10,Tree cover,0.711,30.3,53.0,1.33,5.0,Mixed Sedimentary,SM,1599.6,2205.7,NA,NA,NO_EVENT,NA,NA,NA,NA,NA,NA,NA,NA,NA,NA
NEG_2298,1:3,0,4,Ri-Bhoi Block,25.763000,92.216993,8276.2,1288.66,19.23,9.81,-0.000212,-0.001448,5.4694,38.6575,10,Tree cover,0.713,28.9,46.2,1.28,5.1,Metamorphic,MT,579.5,5277.0,NA,NA,NO_EVENT,NA,NA,NA,NA,NA,NA,NA,NA,NA,NA
NEG_2299,1:3,0,1,Garo Hills Block,25.351338,89.909914,15482.9,25.00,14.69,44.77,0.000225,0.002047,6.1515,35.0755,40,Cropland,0.502,24.1,51.2,1.40,5.4,Mixed Sedimentary,SM,2064.8,3151.9,NA,NA,NO_EVENT,NA,NA,NA,NA,NA,NA,NA,NA,NA,NA
NEG_2300,1:3,0,1,Garo Hills Block,26.027401,90.852799,29368.2,240.03,30.71,150.73,0.001831,0.000144,4.7273,39.6776,10,Tree cover,0.830,22.9,46.0,1.42,5.4,Mixed Sedimentary,SM,1369.2,377.6,NA,NA,NO_EVENT,NA,NA,NA,NA,NA,NA,NA,NA,NA,NA
NEG_2301,1:3,0,2,West Khasi Block,25.135000,91.300163,9883.0,848.89,18.73,176.42,-0.000039,-0.002967,5.5106,18.0073,10,Tree cover,0.830,30.3,52.8,1.44,4.8,Siliciclastic Sedimentary,SS,30.9,1745.7,NA,NA,NO_EVENT,NA,NA,NA,NA,NA,NA,NA,NA,NA,NA
NEG_2302,1:3,0,1,Garo Hills Block,25.849945,90.476024,7564.2,128.13,26.16,37.83,-0.003972,0.000084,5.2177,26.4522,10,Tree cover,0.767,28.9,48.5,1.36,4.8,Mixed Sedimentary,SM,100.4,72.4,NA,NA,NO_EVENT,NA,NA,NA,NA,NA,NA,NA,NA,NA,NA
NEG_2303,1:3,0,1,Garo Hills Block,25.311049,90.540281,12761.6,33.90,24.07,50.30,-0.000051,0.000756,5.4654,46.2865,10,Tree cover,0.769,25.6,51.2,1.41,4.9,Mixed Sedimentary,SM,3583.8,2435.2,NA,NA,NO_EVENT,NA,NA,NA,NA,NA,NA,NA,NA,NA,NA
NEG_2304,1:3,0,1,Garo Hills Block,26.091007,90.402081,33568.5,46.45,28.48,347.79,0.001469,0.001094,4.6587,50.9841,10,Tree cover,0.822,22.5,45.5,1.43,4.8,Mixed Sedimentary,SM,152.0,4040.6,NA,NA,NO_EVENT,NA,NA,NA,NA,NA,NA,NA,NA,NA,NA
NEG_2305,1:3,0,5,Jaintia Hills Block,25.641562,92.622057,10568.9,776.84,31.67,227.48,-0.000753,0.000582,4.0943,42.3837,10,Tree cover,0.658,27.2,40.4,1.29,4.7,Metamorphic,MT,1026.0,5688.8,NA,NA,NO_EVENT,NA,NA,NA,NA,NA,NA,NA,NA,NA,NA
NEG_2306,1:3,0,5,Jaintia Hills Block,25.178648,92.761105,13785.7,503.85,21.68,146.38,0.003928,-0.000625,5.4428,21.3540,10,Tree cover,0.825,29.9,45.2,1.44,5.3,Siliciclastic Sedimentary,SS,5580.3,1443.5,NA,NA,NO_EVENT,NA,NA,NA,NA,NA,NA,NA,NA,NA,NA
NEG_2307,1:3,0,4,Ri-Bhoi Block,26.043275,92.497945,25892.4,788.92,26.43,55.25,-0.003392,0.000503,5.0112,40.4886,10,Tree cover,0.830,35.0,38.1,1.37,4.5,Metamorphic,MT,793.9,6430.1,NA,NA,NO_EVENT,NA,NA,NA,NA,NA,NA,NA,NA,NA,NA
NEG_2308,1:3,0,3,East Khasi Block,25.251721,91.733868,1004.6,1443.66,26.46,42.87,0.000831,-0.000047,5.2545,39.0638,60,Bare / sparse vegetation,0.399,27.9,48.6,1.43,5.1,Siliciclastic Sedimentary,SS,12.1,265.1,NA,NA,NO_EVENT,NA,NA,NA,NA,NA,NA,NA,NA,NA,NA
NEG_2309,1:3,0,4,Ri-Bhoi Block,25.841763,92.807385,18801.7,415.81,24.51,110.05,0.000533,-0.001287,5.3281,27.6803,10,Tree cover,0.762,31.6,46.6,1.30,5.1,Metamorphic,MT,2789.9,3208.6,NA,NA,NO_EVENT,NA,NA,NA,NA,NA,NA,NA,NA,NA,NA
NEG_2310,1:3,0,5,Jaintia Hills Block,25.214858,92.136379,3205.0,1243.79,34.26,131.14,-0.003600,-0.000811,4.5520,33.3324,10,Tree cover,0.816,41.6,25.8,1.34,5.6,Carbonate Sedimentary,SC,1240.5,1401.6,NA,NA,NO_EVENT,NA,NA,NA,NA,NA,NA,NA,NA,NA,NA
NEG_2311,1:3,0,1,Garo Hills Block,25.385905,90.335661,17171.9,121.32,28.15,75.50,-0.000210,-0.001204,4.9771,45.2691,10,Tree cover,0.722,23.2,44.1,1.38,4.9,Mixed Sedimentary,SM,921.3,37.3,NA,NA,NO_EVENT,NA,NA,NA,NA,NA,NA,NA,NA,NA,NA
NEG_2312,1:3,0,5,Jaintia Hills Block,25.475087,92.221200,3578.5,1317.68,28.70,298.96,0.003510,-0.000755,4.5927,23.2927,10,Tree cover,0.674,31.4,46.1,1.35,5.0,Metamorphic,MT,306.5,1680.8,NA,NA,NO_EVENT,NA,NA,NA,NA,NA,NA,NA,NA,NA,NA
NEG_2313,1:3,0,2,West Khasi Block,25.522038,91.439445,895.7,1310.67,20.49,214.81,-0.000696,-0.002539,5.0877,18.0182,10,Tree cover,0.658,29.8,46.9,1.33,5.1,Metamorphic,MT,8.2,200.7,NA,NA,NO_EVENT,NA,NA,NA,NA,NA,NA,NA,NA,NA,NA
NEG_2314,1:3,0,4,Ri-Bhoi Block,26.094772,91.017283,29520.4,414.88,27.33,342.86,-0.002678,-0.001120,4.7359,49.9868,10,Tree cover,0.821,34.0,39.4,1.38,4.6,Metamorphic,MT,147.8,685.4,NA,NA,NO_EVENT,NA,NA,NA,NA,NA,NA,NA,NA,NA,NA
NEG_2315,1:3,0,1,Garo Hills Block,25.684633,90.913995,9848.2,549.35,28.47,243.57,-0.000435,0.000996,4.4456,49.2331,60,Bare / sparse vegetation,0.320,29.2,44.4,1.32,5.4,Mixed Sedimentary,SM,18.7,1928.4,NA,NA,NO_EVENT,NA,NA,NA,NA,NA,NA,NA,NA,NA,NA
NEG_2316,1:3,0,3,East Khasi Block,25.444208,91.921704,5758.3,1694.57,34.73,174.82,-0.000162,0.000202,4.2324,33.2580,10,Tree cover,0.688,32.5,40.3,1.36,4.4,Metamorphic,MT,1151.2,560.8,NA,NA,NO_EVENT,NA,NA,NA,NA,NA,NA,NA,NA,NA,NA
NEG_2317,1:3,0,4,Ri-Bhoi Block,26.032918,91.454195,11829.4,899.03,24.39,156.48,-0.001838,-0.001732,5.2130,36.4761,10,Tree cover,0.830,35.1,46.9,1.37,5.1,Metamorphic,MT,2162.9,123.1,NA,NA,NO_EVENT,NA,NA,NA,NA,NA,NA,NA,NA,NA,NA
NEG_2318,1:3,0,1,Garo Hills Block,25.849872,90.072080,22688.9,25.00,35.08,128.12,0.002994,-0.001196,4.5040,29.3562,10,Tree cover,0.779,28.9,52.2,1.36,5.3,Mixed Sedimentary,SM,521.7,1685.2,NA,NA,NO_EVENT,NA,NA,NA,NA,NA,NA,NA,NA,NA,NA
NEG_2319,1:3,0,2,West Khasi Block,25.248051,91.331502,3754.9,960.54,33.90,124.60,-0.001019,0.001756,4.6536,43.8467,10,Tree cover,0.802,28.0,52.1,1.43,4.8,Siliciclastic Sedimentary,SS,2035.3,655.8,NA,NA,NO_EVENT,NA,NA,NA,NA,NA,NA,NA,NA,NA,NA
NEG_2320,1:3,0,1,Garo Hills Block,25.041613,90.571208,19661.6,69.01,35.32,306.98,0.002625,0.001410,3.8583,36.8079,10,Tree cover,0.770,28.8,52.2,1.43,4.9,Mixed Sedimentary,SM,380.1,600.4,NA,NA,NO_EVENT,NA,NA,NA,NA,NA,NA,NA,NA,NA,NA
NEG_2321,1:3,0,1,Garo Hills Block,25.578793,89.845632,13531.1,85.90,22.87,315.90,0.004916,-0.000046,4.7830,22.7034,10,Tree cover,0.650,25.4,48.4,1.33,5.3,Mixed Sedimentary,SM,743.8,186.2,NA,NA,NO_EVENT,NA,NA,NA,NA,NA,NA,NA,NA,NA,NA
NEG_2322,1:3,0,2,West Khasi Block,25.305710,91.367794,2600.9,1042.34,27.25,131.22,0.004476,-0.000289,5.2150,49.5692,10,Tree cover,0.772,25.8,50.9,1.41,4.8,Siliciclastic Sedimentary,SS,21.4,3148.9,NA,NA,NO_EVENT,NA,NA,NA,NA,NA,NA,NA,NA,NA,NA
NEG_2323,1:3,0,5,Jaintia Hills Block,25.639001,92.623543,10463.8,775.25,31.63,227.50,-0.000438,0.000695,4.0939,41.6029,10,Tree cover,0.657,27.2,40.5,1.29,4.7,Metamorphic,MT,1344.3,5794.9,NA,NA,NO_EVENT,NA,NA,NA,NA,NA,NA,NA,NA,NA,NA
NEG_2324,1:3,0,4,Ri-Bhoi Block,25.716973,91.064944,2173.0,640.70,26.27,335.02,-0.002292,0.001162,4.7277,49.4772,10,Tree cover,0.688,27.8,38.4,1.28,4.5,Metamorphic,MT,666.0,8100.5,NA,NA,NO_EVENT,NA,NA,NA,NA,NA,NA,NA,NA,NA,NA
NEG_2325,1:3,0,4,Ri-Bhoi Block,26.024779,92.193893,5688.7,1123.09,28.16,103.75,-0.000716,-0.002522,4.9405,37.1774,10,Tree cover,0.830,35.1,46.6,1.37,5.1,Metamorphic,MT,1295.4,2782.7,NA,NA,NO_EVENT,NA,NA,NA,NA,NA,NA,NA,NA,NA,NA
NEG_2326,1:3,0,1,Garo Hills Block,25.236010,90.199069,2564.2,101.87,26.12,137.53,0.002053,-0.001612,5.2539,34.9478,10,Tree cover,0.807,28.4,47.0,1.43,5.1,Mixed Sedimentary,SM,142.2,1023.0,NA,NA,NO_EVENT,NA,NA,NA,NA,NA,NA,NA,NA,NA,NA
NEG_2327,1:3,0,4,Ri-Bhoi Block,25.749877,91.507644,6579.4,1261.63,14.44,189.85,0.001130,0.001656,5.8002,34.4678,10,Tree cover,0.706,28.5,46.4,1.28,5.1,Metamorphic,MT,545.3,5458.0,NA,NA,NO_EVENT,NA,NA,NA,NA,NA,NA,NA,NA,NA,NA
NEG_2328,1:3,0,4,Ri-Bhoi Block,25.872848,92.053355,3523.8,1403.57,27.18,138.01,0.000199,-0.002802,5.1853,22.0979,10,Tree cover,0.781,32.7,45.2,1.31,4.7,Metamorphic,MT,91.7,9197.9,NA,NA,NO_EVENT,NA,NA,NA,NA,NA,NA,NA,NA,NA,NA
NEG_2329,1:3,0,4,Ri-Bhoi Block,25.695228,92.808466,29279.2,606.06,22.36,247.52,-0.000723,-0.000222,4.9665,43.6386,10,Tree cover,0.677,27.4,46.6,1.28,5.1,Metamorphic,MT,255.9,560.7,NA,NA,NO_EVENT,NA,NA,NA,NA,NA,NA,NA,NA,NA,NA
NEG_2330,1:3,0,1,Garo Hills Block,25.596277,90.144973,8894.5,57.14,21.26,225.42,0.001872,0.001496,4.9004,25.3526,10,Tree cover,0.650,26.1,49.4,1.32,5.2,Mixed Sedimentary,SM,4723.7,4556.2,NA,NA,NO_EVENT,NA,NA,NA,NA,NA,NA,NA,NA,NA,NA
NEG_2331,1:3,0,1,Garo Hills Block,25.914535,90.568153,18873.6,43.58,30.35,58.21,-0.002030,-0.001782,4.9717,18.0303,10,Tree cover,0.802,26.5,52.1,1.38,4.9,Mixed Sedimentary,SM,949.3,3796.0,NA,NA,NO_EVENT,NA,NA,NA,NA,NA,NA,NA,NA,NA,NA
NEG_2332,1:3,0,4,Ri-Bhoi Block,25.859486,92.719177,21578.5,649.88,33.54,137.61,-0.002738,0.001150,4.6499,26.2299,10,Tree cover,0.773,32.2,44.1,1.31,4.9,Metamorphic,MT,418.7,257.1,NA,NA,NO_EVENT,NA,NA,NA,NA,NA,NA,NA,NA,NA,NA
NEG_2333,1:3,0,4,Ri-Bhoi Block,25.772539,91.617892,3883.1,1355.28,24.15,16.22,0.001379,-0.000645,5.1138,42.4599,10,Tree cover,0.719,29.2,43.0,1.28,4.8,Metamorphic,MT,3641.5,159.6,NA,NA,NO_EVENT,NA,NA,NA,NA,NA,NA,NA,NA,NA,NA
NEG_2334,1:3,0,1,Garo Hills Block,25.517217,90.911450,9057.8,432.08,21.73,240.37,0.000145,-0.002912,5.0029,18.1127,10,Tree cover,0.659,23.4,44.4,1.34,5.4,Mixed Sedimentary,SM,12.5,5599.2,NA,NA,NO_EVENT,NA,NA,NA,NA,NA,NA,NA,NA,NA,NA
NEG_2335,1:3,0,3,East Khasi Block,25.401245,91.740937,2600.3,1498.20,21.75,23.83,0.002055,-0.000437,5.4363,36.3275,10,Tree cover,0.713,33.9,38.8,1.37,4.3,Metamorphic,MT,854.8,613.5,NA,NA,NO_EVENT,NA,NA,NA,NA,NA,NA,NA,NA,NA,NA
NEG_2336,1:3,0,4,Ri-Bhoi Block,25.831375,91.869477,2536.3,1380.01,32.39,71.27,0.004780,0.000129,4.6675,33.9057,10,Tree cover,0.756,31.2,38.8,1.30,4.6,Metamorphic,MT,52.3,3218.9,NA,NA,NO_EVENT,NA,NA,NA,NA,NA,NA,NA,NA,NA,NA
NEG_2337,1:3,0,2,West Khasi Block,25.234283,91.306661,6444.6,884.44,31.47,116.33,-0.000837,0.002361,4.8223,37.8987,10,Tree cover,0.808,28.5,52.7,1.43,4.8,Siliciclastic Sedimentary,SS,902.0,92.8,NA,NA,NO_EVENT,NA,NA,NA,NA,NA,NA,NA,NA,NA,NA
NEG_2338,1:3,0,4,Ri-Bhoi Block,25.874971,91.250897,8586.6,796.05,26.05,82.26,-0.001287,-0.001316,5.2793,21.5823,10,Tree cover,0.782,32.7,41.3,1.31,4.7,Metamorphic,MT,2650.4,4832.8,NA,NA,NO_EVENT,NA,NA,NA,NA,NA,NA,NA,NA,NA,NA
NEG_2339,1:3,0,5,Jaintia Hills Block,25.599553,92.151965,6052.1,1459.41,29.20,242.85,0.002071,0.001589,4.2644,28.9403,10,Tree cover,0.651,27.7,46.9,1.30,4.8,Metamorphic,MT,751.5,1645.6,NA,NA,NO_EVENT,NA,NA,NA,NA,NA,NA,NA,NA,NA,NA
NEG_2340,1:3,0,4,Ri-Bhoi Block,25.734167,91.048502,3927.0,640.05,21.78,342.41,-0.000400,0.002328,5.1513,43.8806,10,Tree cover,0.697,28.1,38.7,1.28,4.5,Metamorphic,MT,1252.3,6459.6,NA,NA,NO_EVENT,NA,NA,NA,NA,NA,NA,NA,NA,NA,NA
NEG_2341,1:3,0,1,Garo Hills Block,25.987046,90.295830,26201.5,118.25,23.85,107.75,-0.000476,0.002386,5.4007,25.8510,10,Tree cover,0.826,23.9,44.2,1.40,4.9,Mixed Sedimentary,SM,146.7,1391.9,NA,NA,NO_EVENT,NA,NA,NA,NA,NA,NA,NA,NA,NA,NA
NEG_2342,1:3,0,1,Garo Hills Block,26.095158,90.162500,43825.6,77.99,26.00,191.20,0.000133,0.001434,4.8408,48.4597,10,Tree cover,0.821,22.6,48.7,1.43,5.2,Mixed Sedimentary,SM,6105.4,2125.1,NA,NA,NO_EVENT,NA,NA,NA,NA,NA,NA,NA,NA,NA,NA
NEG_2343,1:3,0,5,Jaintia Hills Block,25.036146,92.514558,6893.7,785.93,27.19,273.72,-0.002641,0.001360,4.4958,33.9018,10,Tree cover,0.810,28.6,53.1,1.43,5.2,Siliciclastic Sedimentary,SS,2260.8,1228.7,NA,NA,NO_EVENT,NA,NA,NA,NA,NA,NA,NA,NA,NA,NA
NEG_2344,1:3,0,5,Jaintia Hills Block,25.284550,92.025584,6490.2,1434.16,20.96,134.27,-0.001659,0.001996,5.7226,40.0914,10,Tree cover,0.784,26.6,49.6,1.42,4.8,Siliciclastic Sedimentary,SS,687.0,2287.3,NA,NA,NO_EVENT,NA,NA,NA,NA,NA,NA,NA,NA,NA,NA
NEG_2345,1:3,0,4,Ri-Bhoi Block,25.895897,92.419908,25647.9,967.53,33.68,49.22,-0.000163,0.002891,4.6957,19.2663,10,Tree cover,0.793,33.4,39.3,1.32,4.6,Metamorphic,MT,238.0,1585.0,NA,NA,NO_EVENT,NA,NA,NA,NA,NA,NA,NA,NA,NA,NA
NEG_2346,1:3,0,1,Garo Hills Block,26.090922,90.696821,42161.8,36.41,25.74,195.09,-0.003187,0.000831,4.8782,47.8030,10,Tree cover,0.822,22.5,52.3,1.43,5.2,Mixed Sedimentary,SM,555.4,2705.1,NA,NA,NO_EVENT,NA,NA,NA,NA,NA,NA,NA,NA,NA,NA
NEG_2347,1:3,0,1,Garo Hills Block,25.787063,90.151970,13272.8,86.08,17.67,165.49,0.000875,-0.002286,5.6892,33.9290,10,Tree cover,0.728,30.2,49.1,1.34,5.2,Mixed Sedimentary,SM,341.2,2720.9,NA,NA,NO_EVENT,NA,NA,NA,NA,NA,NA,NA,NA,NA,NA
NEG_2348,1:3,0,5,Jaintia Hills Block,25.459354,92.386314,8085.9,1148.57,34.43,352.72,-0.003962,-0.000509,4.1959,28.5117,10,Tree cover,0.681,32.0,40.3,1.36,4.6,Metamorphic,MT,149.6,1270.4,NA,NA,NO_EVENT,NA,NA,NA,NA,NA,NA,NA,NA,NA,NA
NEG_2349,1:3,0,3,East Khasi Block,25.417071,91.602841,3551.0,1461.37,32.74,49.45,-0.003632,-0.000304,4.4984,40.8341,10,Tree cover,0.703,33.4,43.6,1.37,4.6,Metamorphic,MT,149.5,701.9,NA,NA,NO_EVENT,NA,NA,NA,NA,NA,NA,NA,NA,NA,NA
NEG_2350,1:3,0,3,East Khasi Block,25.564075,91.770152,2018.3,1740.99,14.54,315.48,-0.003072,0.000491,5.4682,19.6144,10,Tree cover,0.835,28.5,38.3,1.31,4.3,Metamorphic,MT,296.2,510.6,NA,NA,NO_EVENT,NA,NA,NA,NA,NA,NA,NA,NA,NA,NA
NEG_2351,1:3,0,1,Garo Hills Block,26.070726,89.969993,49159.6,50.67,28.27,7.15,-0.004926,-0.000044,4.7564,47.9330,10,Tree cover,0.826,22.5,52.8,1.43,5.4,Mixed Sedimentary,SM,604.3,307.1,NA,NA,NO_EVENT,NA,NA,NA,NA,NA,NA,NA,NA,NA,NA
NEG_2352,1:3,0,5,Jaintia Hills Block,25.639878,92.432238,3729.9,1056.54,34.87,309.38,0.000092,0.002941,3.8359,44.3050,10,Tree cover,0.657,27.2,38.9,1.29,4.6,Metamorphic,MT,104.5,190.6,NA,NA,NO_EVENT,NA,NA,NA,NA,NA,NA,NA,NA,NA,NA
NEG_2353,1:3,0,1,Garo Hills Block,25.539893,90.039508,6079.0,25.00,23.83,248.06,0.000125,0.002185,4.7730,18.3806,10,Tree cover,0.654,24.1,52.9,1.33,5.4,Mixed Sedimentary,SM,818.2,826.8,NA,NA,NO_EVENT,NA,NA,NA,NA,NA,NA,NA,NA,NA,NA
NEG_2354,1:3,0,1,Garo Hills Block,25.625383,90.812825,1236.1,319.96,32.23,224.96,0.000615,-0.002522,4.0307,37.8848,10,Tree cover,0.654,27.2,47.7,1.32,5.4,Mixed Sedimentary,SM,584.1,4075.8,NA,NA,NO_EVENT,NA,NA,NA,NA,NA,NA,NA,NA,NA,NA
NEG_2355,1:3,0,5,Jaintia Hills Block,25.187337,92.389555,1377.1,1039.30,29.49,28.30,-0.003842,0.000380,4.8485,24.3323,10,Tree cover,0.824,40.7,31.9,1.33,5.5,Carbonate Sedimentary,SC,751.7,963.2,NA,NA,NO_EVENT,NA,NA,NA,NA,NA,NA,NA,NA,NA,NA
NEG_2356,1:3,0,5,Jaintia Hills Block,25.583327,92.646493,9664.0,803.87,25.24,225.74,0.003329,0.000577,4.5893,24.0443,10,Tree cover,0.650,28.0,41.3,1.31,4.7,Metamorphic,MT,4626.6,732.9,NA,NA,NO_EVENT,NA,NA,NA,NA,NA,NA,NA,NA,NA,NA
NEG_2357,1:3,0,4,Ri-Bhoi Block,25.890498,91.913564,4314.8,1330.60,33.74,102.77,-0.000110,0.002904,4.6856,19.9478,10,Tree cover,0.790,33.2,40.1,1.32,4.6,Metamorphic,MT,20.6,7380.9,NA,NA,NO_EVENT,NA,NA,NA,NA,NA,NA,NA,NA,NA,NA
NEG_2358,1:3,0,2,West Khasi Block,25.025428,91.104862,19423.3,468.38,35.98,318.69,0.002213,0.000089,3.7701,42.7334,10,Tree cover,0.765,28.3,48.5,1.43,5.1,Siliciclastic Sedimentary,SS,411.2,518.1,NA,NA,NO_EVENT,NA,NA,NA,NA,NA,NA,NA,NA,NA,NA
NEG_2359,1:3,0,5,Jaintia Hills Block,25.233285,92.577934,11195.8,746.33,27.34,123.00,-0.001813,0.001910,5.1506,35.0257,10,Tree cover,0.809,28.5,52.4,1.43,5.3,Siliciclastic Sedimentary,SS,8053.5,2944.5,NA,NA,NO_EVENT,NA,NA,NA,NA,NA,NA,NA,NA,NA,NA
NEG_2360,1:3,0,1,Garo Hills Block,25.208551,90.672483,4051.6,31.13,26.11,118.07,0.000722,-0.000945,5.1862,28.1789,10,Tree cover,0.818,29.2,52.8,1.43,5.1,Mixed Sedimentary,SM,537.0,679.3,NA,NA,NO_EVENT,NA,NA,NA,NA,NA,NA,NA,NA,NA,NA
NEG_2361,1:3,0,1,Garo Hills Block,25.578184,90.603259,9149.9,28.34,25.20,287.86,0.004951,-0.000003,4.5972,23.0719,10,Tree cover,0.650,25.4,52.9,1.33,5.0,Mixed Sedimentary,SM,1716.0,4826.8,NA,NA,NO_EVENT,NA,NA,NA,NA,NA,NA,NA,NA,NA,NA
NEG_2362,1:3,0,3,East Khasi Block,25.246654,91.627253,2988.8,1262.13,35.76,62.25,-0.001297,-0.001276,4.5025,44.8018,10,Tree cover,0.857,28.0,44.6,1.43,5.2,Siliciclastic Sedimentary,SS,2157.1,769.3,NA,NA,NO_EVENT,NA,NA,NA,NA,NA,NA,NA,NA,NA,NA
NEG_2363,1:3,0,1,Garo Hills Block,25.116044,89.977412,28346.7,68.24,17.85,330.02,-0.002024,-0.000151,5.5055,18.3799,10,Tree cover,0.829,30.2,52.9,1.44,5.4,Mixed Sedimentary,SM,758.4,19.3,NA,NA,NO_EVENT,NA,NA,NA,NA,NA,NA,NA,NA,NA,NA
NEG_2364,1:3,0,3,East Khasi Block,25.422025,91.998027,1565.6,1584.79,25.24,164.28,0.003877,-0.000525,5.0793,34.4123,10,Tree cover,0.701,33.2,43.3,1.37,4.6,Metamorphic,MT,160.4,1318.4,NA,NA,NO_EVENT,NA,NA,NA,NA,NA,NA,NA,NA,NA,NA
NEG_2365,1:3,0,2,West Khasi Block,25.619191,91.089773,4685.6,715.35,32.26,314.95,0.001807,-0.001100,4.0238,35.9871,10,Tree cover,0.653,27.4,38.1,1.30,4.5,Metamorphic,MT,3628.6,1197.0,NA,NA,NO_EVENT,NA,NA,NA,NA,NA,NA,NA,NA,NA,NA
NEG_2366,1:3,0,1,Garo Hills Block,25.631012,90.914627,10748.0,527.48,28.78,250.67,0.000042,0.002973,4.3121,37.3068,10,Tree cover,0.655,27.4,44.4,1.32,5.4,Mixed Sedimentary,SM,876.4,1123.6,NA,NA,NO_EVENT,NA,NA,NA,NA,NA,NA,NA,NA,NA,NA
NEG_2367,1:3,0,1,Garo Hills Block,26.031038,89.967460,45346.7,91.56,23.53,48.24,-0.002206,-0.000516,5.2886,35.4133,10,Tree cover,0.830,22.9,52.8,1.42,5.4,Mixed Sedimentary,SM,252.0,1253.4,NA,NA,NO_EVENT,NA,NA,NA,NA,NA,NA,NA,NA,NA,NA
NEG_2368,1:3,0,4,Ri-Bhoi Block,25.747263,92.518412,16374.8,937.68,15.57,276.19,0.001239,0.001921,5.6994,35.9188,10,Tree cover,0.704,28.5,38.1,1.28,4.5,Metamorphic,MT,1037.0,4560.1,NA,NA,NO_EVENT,NA,NA,NA,NA,NA,NA,NA,NA,NA,NA
NEG_2369,1:3,0,1,Garo Hills Block,25.888195,90.361325,13448.7,25.00,32.51,67.57,-0.000179,0.000678,4.7814,20.1962,10,Tree cover,0.789,27.6,44.5,1.37,4.8,Mixed Sedimentary,SM,2549.6,6718.0,NA,NA,NO_EVENT,NA,NA,NA,NA,NA,NA,NA,NA,NA,NA
NEG_2370,1:3,0,3,East Khasi Block,25.339600,91.986996,1862.3,1495.93,15.72,132.88,-0.004480,-0.000039,6.0939,36.7310,10,Tree cover,0.751,35.0,42.8,1.38,4.6,Metamorphic,MT,995.8,2153.1,NA,NA,NO_EVENT,NA,NA,NA,NA,NA,NA,NA,NA,NA,NA
NEG_2371,1:3,0,5,Jaintia Hills Block,25.111012,92.276178,3557.3,1027.92,15.32,341.59,-0.001449,-0.002126,5.6882,18.5499,10,Tree cover,0.829,37.6,30.7,1.31,5.4,Carbonate Sedimentary,SC,1846.1,915.4,NA,NA,NO_EVENT,NA,NA,NA,NA,NA,NA,NA,NA,NA,NA
NEG_2372,1:3,0,4,Ri-Bhoi Block,25.796420,92.025300,2566.7,1498.81,17.08,160.41,-0.002132,0.001587,5.7721,32.0180,10,Tree cover,0.734,30.0,44.3,1.29,4.7,Metamorphic,MT,1109.1,3501.3,NA,NA,NO_EVENT,NA,NA,NA,NA,NA,NA,NA,NA,NA,NA
NEG_2373,1:3,0,3,East Khasi Block,25.128261,91.989170,7108.9,1237.28,15.57,183.10,-0.000557,-0.000248,5.7365,18.0240,10,Tree cover,0.830,30.3,51.1,1.44,5.1,Siliciclastic Sedimentary,SS,126.2,1590.3,NA,NA,NO_EVENT,NA,NA,NA,NA,NA,NA,NA,NA,NA,NA
NEG_2374,1:3,0,4,Ri-Bhoi Block,25.754204,92.334314,19729.0,1142.88,17.32,355.92,-0.000645,0.001933,5.5870,37.4175,10,Tree cover,0.708,28.7,42.2,1.28,4.8,Metamorphic,MT,2407.9,733.5,NA,NA,NO_EVENT,NA,NA,NA,NA,NA,NA,NA,NA,NA,NA
NEG_2375,1:3,0,1,Garo Hills Block,25.064924,89.870488,39941.4,25.00,26.75,327.32,0.004297,-0.000186,4.6091,26.5572,10,Tree cover,0.820,29.4,49.5,1.44,5.3,Mixed Sedimentary,SM,63.4,187.1,NA,NA,NO_EVENT,NA,NA,NA,NA,NA,NA,NA,NA,NA,NA
NEG_2376,1:3,0,1,Garo Hills Block,25.422848,90.253804,9198.6,54.01,29.32,159.01,0.003202,-0.001069,4.7497,36.8345,10,Tree cover,0.700,22.6,45.1,1.37,5.0,Mixed Sedimentary,SM,2291.9,5325.2,NA,NA,NO_EVENT,NA,NA,NA,NA,NA,NA,NA,NA,NA,NA
NEG_2377,1:3,0,5,Jaintia Hills Block,25.623055,92.597914,7431.2,840.06,26.64,234.38,0.001395,-0.001129,4.4761,33.8408,10,Tree cover,0.654,27.4,39.6,1.29,4.6,Metamorphic,MT,1125.2,5275.4,NA,NA,NO_EVENT,NA,NA,NA,NA,NA,NA,NA,NA,NA,NA
NEG_2378,1:3,0,5,Jaintia Hills Block,25.442798,92.377099,9169.4,1131.38,34.01,2.37,-0.004660,0.000107,4.2956,33.3867,10,Tree cover,0.689,32.6,40.6,1.36,4.7,Metamorphic,MT,1476.5,1581.1,NA,NA,NO_EVENT,NA,NA,NA,NA,NA,NA,NA,NA,NA,NA
NEG_2379,1:3,0,1,Garo Hills Block,25.020260,90.313970,27766.7,110.54,35.77,265.68,0.000934,0.002319,3.7775,44.3319,10,Tree cover,0.763,28.1,44.1,1.43,4.9,Mixed Sedimentary,SM,734.3,687.5,NA,NA,NO_EVENT,NA,NA,NA,NA,NA,NA,NA,NA,NA,NA
NEG_2380,1:3,0,1,Garo Hills Block,25.052857,90.800849,24313.9,102.93,31.92,215.73,0.000996,0.001210,4.1598,31.6267,10,Tree cover,0.816,29.1,48.2,1.43,5.4,Mixed Sedimentary,SM,130.0,228.5,NA,NA,NO_EVENT,NA,NA,NA,NA,NA,NA,NA,NA,NA,NA
NEG_2381,1:3,0,1,Garo Hills Block,26.000845,90.095704,37623.4,27.28,24.50,138.95,-0.001411,0.000371,5.3108,29.0986,10,Tree cover,0.828,23.5,51.4,1.41,5.3,Mixed Sedimentary,SM,3360.1,4832.3,NA,NA,NO_EVENT,NA,NA,NA,NA,NA,NA,NA,NA,NA,NA
NEG_2382,1:3,0,1,Garo Hills Block,26.033546,90.173683,38003.3,25.00,22.26,157.86,-0.000623,-0.002510,5.3811,34.9918,10,Tree cover,0.830,22.8,48.2,1.42,5.2,Mixed Sedimentary,SM,1712.0,1865.7,NA,NA,NO_EVENT,NA,NA,NA,NA,NA,NA,NA,NA,NA,NA
NEG_2383,1:3,0,1,Garo Hills Block,25.248990,89.890103,22551.9,87.67,27.58,44.97,-0.000616,-0.002476,5.1607,39.2670,10,Tree cover,0.802,27.9,50.4,1.43,5.3,Mixed Sedimentary,SM,407.2,4675.6,NA,NA,NO_EVENT,NA,NA,NA,NA,NA,NA,NA,NA,NA,NA
NEG_2384,1:3,0,1,Garo Hills Block,25.488650,90.647390,2884.4,61.14,26.96,252.98,-0.001149,-0.002307,4.6810,20.7225,10,Tree cover,0.668,22.8,53.1,1.35,5.1,Mixed Sedimentary,SM,2385.7,890.2,NA,NA,NO_EVENT,NA,NA,NA,NA,NA,NA,NA,NA,NA,NA
NEG_2385,1:3,0,4,Ri-Bhoi Block,25.959498,91.645069,7463.0,1202.58,23.99,55.64,-0.002991,-0.000581,5.4471,21.0383,10,Tree cover,0.819,34.9,41.9,1.35,4.8,Metamorphic,MT,5322.0,8362.3,NA,NA,NO_EVENT,NA,NA,NA,NA,NA,NA,NA,NA,NA,NA
NEG_2386,1:3,0,4,Ri-Bhoi Block,25.683218,91.422328,13117.2,1097.74,30.47,215.08,0.000230,0.001098,4.2815,51.1915,10,Tree cover,0.672,27.3,46.7,1.28,5.1,Metamorphic,MT,586.4,1919.7,NA,NA,NO_EVENT,NA,NA,NA,NA,NA,NA,NA,NA,NA,NA
NEG_2387,1:3,0,2,West Khasi Block,25.119198,91.157307,8898.6,660.25,21.17,351.20,0.000479,0.002709,5.2524,18.2970,10,Tree cover,0.830,30.3,50.8,1.44,5.0,Siliciclastic Sedimentary,SS,584.6,1830.0,NA,NA,NO_EVENT,NA,NA,NA,NA,NA,NA,NA,NA,NA,NA
NEG_2388,1:3,0,4,Ri-Bhoi Block,26.099466,92.347449,11513.9,877.80,29.21,346.34,0.003809,-0.000641,4.5672,52.5481,10,Tree cover,0.820,33.9,41.7,1.38,4.7,Metamorphic,MT,1758.4,5931.7,NA,NA,NO_EVENT,NA,NA,NA,NA,NA,NA,NA,NA,NA,NA
NEG_2389,1:3,0,4,Ri-Bhoi Block,25.984936,92.310840,10967.0,951.05,15.54,42.13,-0.000849,0.002236,6.0708,22.8370,10,Tree cover,0.825,35.1,43.2,1.36,4.8,Metamorphic,MT,806.7,5678.7,NA,NA,NO_EVENT,NA,NA,NA,NA,NA,NA,NA,NA,NA,NA
NEG_2390,1:3,0,1,Garo Hills Block,25.131285,90.493717,16435.5,42.65,16.34,359.16,-0.000168,-0.001157,5.6870,18.0027,10,Tree cover,0.830,30.3,49.3,1.44,4.8,Mixed Sedimentary,SM,751.3,2577.6,NA,NA,NO_EVENT,NA,NA,NA,NA,NA,NA,NA,NA,NA,NA
NEG_2391,1:3,0,1,Garo Hills Block,25.023371,90.725706,22735.1,56.97,26.16,228.42,-0.001973,-0.000240,4.5519,36.4925,10,Tree cover,0.805,28.2,51.4,1.43,5.2,Mixed Sedimentary,SM,332.6,538.7,NA,NA,NO_EVENT,NA,NA,NA,NA,NA,NA,NA,NA,NA,NA
NEG_2392,1:3,0,2,West Khasi Block,25.137296,91.242020,7104.3,779.19,14.09,12.18,0.000550,-0.000750,5.8910,18.0224,10,Tree cover,0.830,30.3,53.0,1.44,4.9,Siliciclastic Sedimentary,SS,180.7,619.4,NA,NA,NO_EVENT,NA,NA,NA,NA,NA,NA,NA,NA,NA,NA
NEG_2393,1:3,0,4,Ri-Bhoi Block,25.751298,92.467241,15508.6,989.06,20.84,349.03,0.001042,-0.001475,5.2938,41.6401,10,Tree cover,0.706,28.6,38.3,1.28,4.5,Metamorphic,MT,1161.4,2639.7,NA,NA,NO_EVENT,NA,NA,NA,NA,NA,NA,NA,NA,NA,NA
NEG_2394,1:3,0,4,Ri-Bhoi Block,25.829155,92.662686,27950.6,766.41,32.44,147.54,0.001734,0.000369,4.6566,34.6123,10,Tree cover,0.755,31.1,41.9,1.30,4.8,Metamorphic,MT,1948.9,4096.6,NA,NA,NO_EVENT,NA,NA,NA,NA,NA,NA,NA,NA,NA,NA
NEG_2395,1:3,0,1,Garo Hills Block,25.078210,89.837148,40412.7,25.00,28.26,332.40,0.004659,-0.000189,4.5317,24.0547,10,Tree cover,0.824,29.7,48.0,1.44,5.3,Mixed Sedimentary,SM,23.4,1676.5,NA,NA,NO_EVENT,NA,NA,NA,NA,NA,NA,NA,NA,NA,NA
NEG_2396,1:3,0,1,Garo Hills Block,25.734245,90.682525,14203.9,179.02,17.16,210.05,0.001221,-0.002162,5.5212,38.3882,10,Tree cover,0.697,30.2,52.6,1.33,5.2,Mixed Sedimentary,SM,789.0,1925.3,NA,NA,NO_EVENT,NA,NA,NA,NA,NA,NA,NA,NA,NA,NA
NEG_2397,1:3,0,1,Garo Hills Block,25.293781,90.809206,8912.7,302.24,27.61,134.60,0.001610,0.001729,5.1909,48.5579,10,Tree cover,0.779,26.2,47.8,1.41,5.4,Mixed Sedimentary,SM,10107.9,3863.2,NA,NA,NO_EVENT,NA,NA,NA,NA,NA,NA,NA,NA,NA,NA
NEG_2398,1:3,0,2,West Khasi Block,25.311380,91.359881,2662.1,1036.29,26.29,130.10,0.004840,-0.000043,5.2875,48.9189,10,Tree cover,0.768,25.6,51.2,1.41,4.8,Siliciclastic Sedimentary,SS,910.1,3775.3,NA,NA,NO_EVENT,NA,NA,NA,NA,NA,NA,NA,NA,NA,NA
NEG_2399,1:3,0,2,West Khasi Block,25.495360,91.362907,4918.5,1150.74,30.66,209.03,-0.001742,-0.000377,4.3609,20.0897,10,Tree cover,0.666,30.7,45.5,1.34,5.0,Metamorphic,MT,829.5,530.5,NA,NA,NO_EVENT,NA,NA,NA,NA,NA,NA,NA,NA,NA,NA
NEG_2400,1:3,0,1,Garo Hills Block,25.746531,90.980748,6225.2,580.97,14.60,335.05,0.001776,0.000016,5.7741,34.8426,10,Tree cover,0.704,30.3,44.3,1.33,5.3,Mixed Sedimentary,SM,144.4,2255.4,NA,NA,NO_EVENT,NA,NA,NA,NA,NA,NA,NA,NA,NA,NA
NEG_2401,1:3,0,1,Garo Hills Block,25.291412,90.306912,10127.2,47.60,29.44,97.88,0.001560,0.001843,5.0447,50.2142,10,Tree cover,0.780,26.3,44.1,1.41,4.9,Mixed Sedimentary,SM,3930.2,3231.7,NA,NA,NO_EVENT,NA,NA,NA,NA,NA,NA,NA,NA,NA,NA
NEG_2402,1:3,0,5,Jaintia Hills Block,25.397432,92.062510,4710.3,1448.64,22.65,154.39,-0.000556,-0.002666,5.3779,37.8334,10,Tree cover,0.715,34.0,45.5,1.37,4.8,Metamorphic,MT,789.9,3657.2,NA,NA,NO_EVENT,NA,NA,NA,NA,NA,NA,NA,NA,NA,NA
NEG_2403,1:3,0,4,Ri-Bhoi Block,25.837241,91.834061,5034.2,1408.11,29.88,51.76,0.003753,-0.000597,4.8857,31.0351,10,Tree cover,0.760,31.4,38.3,1.30,4.3,Metamorphic,MT,2633.9,2542.6,NA,NA,NO_EVENT,NA,NA,NA,NA,NA,NA,NA,NA,NA,NA
NEG_2404,1:3,0,2,West Khasi Block,25.272750,91.593663,879.4,1265.03,31.18,80.68,0.001630,0.001041,4.8998,48.3159,10,Tree cover,0.790,27.1,44.2,1.42,5.2,Siliciclastic Sedimentary,SS,810.0,139.9,NA,NA,NO_EVENT,NA,NA,NA,NA,NA,NA,NA,NA,NA,NA
NEG_2405,1:3,0,2,West Khasi Block,25.636345,91.277012,4055.5,1046.54,27.08,261.78,0.000051,-0.002711,4.4544,37.5345,10,Tree cover,0.657,27.3,42.4,1.29,4.8,Metamorphic,MT,1833.6,2295.7,NA,NA,NO_EVENT,NA,NA,NA,NA,NA,NA,NA,NA,NA,NA
NEG_2406,1:3,0,2,West Khasi Block,25.613977,91.299961,1003.4,1045.56,26.46,250.17,0.000336,-0.002558,4.4852,31.4375,10,Tree cover,0.652,27.5,43.3,1.30,4.9,Metamorphic,MT,234.0,3957.6,NA,NA,NO_EVENT,NA,NA,NA,NA,NA,NA,NA,NA,NA,NA
NEG_2407,1:3,0,3,East Khasi Block,25.630693,91.982293,4247.8,1657.17,26.46,230.76,-0.000584,0.000263,4.4974,35.6700,10,Tree cover,0.655,27.3,42.6,1.29,4.6,Metamorphic,MT,639.4,5592.3,NA,NA,NO_EVENT,NA,NA,NA,NA,NA,NA,NA,NA,NA,NA
NEG_2408,1:3,0,5,Jaintia Hills Block,25.138398,92.086359,5604.1,1212.39,18.90,176.52,-0.000570,-0.001746,5.5106,18.0464,10,Tree cover,0.830,38.7,24.7,1.32,5.8,Carbonate Sedimentary,SC,741.0,494.7,NA,NA,NO_EVENT,NA,NA,NA,NA,NA,NA,NA,NA,NA,NA
NEG_2409,1:3,0,1,Garo Hills Block,25.166757,90.003215,23368.7,25.00,23.01,84.16,0.002874,-0.001275,5.2927,19.9948,10,Tree cover,0.827,30.1,53.1,1.44,5.4,Mixed Sedimentary,SM,205.5,34.7,NA,NA,NO_EVENT,NA,NA,NA,NA,NA,NA,NA,NA,NA,NA
NEG_2410,1:3,0,4,Ri-Bhoi Block,26.074166,92.718825,16515.5,464.02,33.68,179.34,-0.004326,-0.000040,4.3098,54.3542,10,Tree cover,0.826,34.5,44.1,1.38,4.9,Metamorphic,MT,795.1,1123.9,NA,NA,NO_EVENT,NA,NA,NA,NA,NA,NA,NA,NA,NA,NA
NEG_2411,1:3,0,2,West Khasi Block,25.085271,91.151923,12538.8,598.59,26.40,333.00,0.001922,0.001023,4.7052,22.3533,10,Tree cover,0.825,29.9,50.6,1.44,5.0,Siliciclastic Sedimentary,SS,710.2,834.3,NA,NA,NO_EVENT,NA,NA,NA,NA,NA,NA,NA,NA,NA,NA
NEG_2412,1:3,0,2,West Khasi Block,25.221145,91.280302,5160.1,813.91,27.75,102.37,0.001412,0.001675,5.0893,32.0575,10,Tree cover,0.813,28.9,53.0,1.43,4.8,Siliciclastic Sedimentary,SS,672.0,763.1,NA,NA,NO_EVENT,NA,NA,NA,NA,NA,NA,NA,NA,NA,NA
NEG_2413,1:3,0,4,Ri-Bhoi Block,25.916591,92.699366,19113.5,595.68,29.57,134.28,0.001803,0.001866,5.0344,18.0054,10,Tree cover,0.803,34.0,43.4,1.33,4.9,Metamorphic,MT,483.4,1641.1,NA,NA,NO_EVENT,NA,NA,NA,NA,NA,NA,NA,NA,NA,NA
NEG_2414,1:3,0,1,Garo Hills Block,25.704993,90.879412,5857.4,445.94,29.00,219.64,-0.004029,-0.000291,4.4673,52.1754,10,Tree cover,0.682,29.7,45.1,1.32,5.4,Mixed Sedimentary,SM,1732.8,488.1,NA,NA,NO_EVENT,NA,NA,NA,NA,NA,NA,NA,NA,NA,NA
NEG_2415,1:3,0,1,Garo Hills Block,25.671592,90.751604,6534.5,203.80,27.33,220.31,0.003331,-0.000985,4.5016,45.7852,10,Tree cover,0.667,28.8,50.4,1.32,5.3,Mixed Sedimentary,SM,1416.2,6057.2,NA,NA,NO_EVENT,NA,NA,NA,NA,NA,NA,NA,NA,NA,NA
NEG_2416,1:3,0,4,Ri-Bhoi Block,26.002610,92.454721,22428.1,848.12,24.49,47.58,0.000804,-0.002176,5.3064,29.4977,10,Tree cover,0.828,35.2,38.5,1.36,4.5,Metamorphic,MT,2538.7,2960.2,NA,NA,NO_EVENT,NA,NA,NA,NA,NA,NA,NA,NA,NA,NA
NEG_2417,1:3,0,1,Garo Hills Block,25.336861,89.901925,16672.6,25.00,15.03,45.83,0.001195,0.001103,6.1542,35.9664,10,Tree cover,0.753,24.6,50.9,1.40,5.4,Mixed Sedimentary,SM,443.7,1550.2,NA,NA,NO_EVENT,NA,NA,NA,NA,NA,NA,NA,NA,NA,NA
NEG_2418,1:3,0,4,Ri-Bhoi Block,25.901087,91.173669,5672.4,751.95,27.69,51.61,0.000204,0.002790,5.1790,18.6146,10,Tree cover,0.796,33.6,38.9,1.32,4.6,Metamorphic,MT,98.7,207.4,NA,NA,NO_EVENT,NA,NA,NA,NA,NA,NA,NA,NA,NA,NA
NEG_2419,1:3,0,2,West Khasi Block,25.371144,91.236887,1701.9,988.80,16.13,69.22,-0.001575,-0.000357,5.9845,35.2467,10,Tree cover,0.731,34.6,40.8,1.38,4.7,Metamorphic,MT,356.9,2397.9,NA,NA,NO_EVENT,NA,NA,NA,NA,NA,NA,NA,NA,NA,NA
NEG_2420,1:3,0,1,Garo Hills Block,25.904237,90.180073,25953.5,67.09,22.57,134.89,0.000843,0.002493,5.5905,18.3336,10,Tree cover,0.797,26.9,47.9,1.38,5.2,Mixed Sedimentary,SM,2209.1,4026.2,NA,NA,NO_EVENT,NA,NA,NA,NA,NA,NA,NA,NA,NA,NA
NEG_2421,1:3,0,4,Ri-Bhoi Block,25.946268,92.537402,32382.0,817.95,15.62,100.27,0.001699,-0.000231,6.1347,18.9333,10,Tree cover,0.815,34.6,38.3,1.34,4.5,Metamorphic,MT,234.0,1764.9,NA,NA,NO_EVENT,NA,NA,NA,NA,NA,NA,NA,NA,NA,NA
NEG_2422,1:3,0,4,Ri-Bhoi Block,26.042445,91.012338,23841.1,468.88,25.18,28.58,-0.002389,0.001565,5.1144,39.2420,10,Tree cover,0.830,35.0,39.6,1.37,4.6,Metamorphic,MT,447.3,229.3,NA,NA,NO_EVENT,NA,NA,NA,NA,NA,NA,NA,NA,NA,NA
NEG_2423,1:3,0,1,Garo Hills Block,25.254512,90.939604,6964.0,415.82,26.96,95.77,0.000253,-0.002549,5.2185,40.1389,10,Tree cover,0.799,27.7,44.1,1.42,5.4,Mixed Sedimentary,SM,3084.5,746.1,NA,NA,NO_EVENT,NA,NA,NA,NA,NA,NA,NA,NA,NA,NA
NEG_2424,1:3,0,1,Garo Hills Block,25.379545,90.337269,17803.7,123.42,27.00,75.26,0.000525,-0.001087,5.0895,45.4019,10,Tree cover,0.726,23.4,44.2,1.39,4.9,Mixed Sedimentary,SM,387.7,167.3,NA,NA,NO_EVENT,NA,NA,NA,NA,NA,NA,NA,NA,NA,NA
NEG_2425,1:3,0,4,Ri-Bhoi Block,25.675848,91.253704,7536.2,1038.37,25.39,277.23,0.003621,-0.000827,4.6677,44.5343,10,Tree cover,0.669,27.3,41.4,1.28,4.7,Metamorphic,MT,996.3,2302.7,NA,NA,NO_EVENT,NA,NA,NA,NA,NA,NA,NA,NA,NA,NA
NEG_2426,1:3,0,1,Garo Hills Block,25.954957,89.897934,41507.6,25.00,15.89,46.51,-0.001751,-0.000378,6.1020,19.6070,10,Tree cover,0.818,25.0,50.7,1.39,5.3,Mixed Sedimentary,SM,1086.7,770.1,NA,NA,NO_EVENT,NA,NA,NA,NA,NA,NA,NA,NA,NA,NA
NEG_2427,1:3,0,4,Ri-Bhoi Block,25.715377,92.126994,1496.2,1433.57,27.84,211.90,-0.004210,-0.000471,4.5964,51.3202,10,Tree cover,0.687,27.8,46.8,1.28,4.8,Metamorphic,MT,1561.2,4782.6,NA,NA,NO_EVENT,NA,NA,NA,NA,NA,NA,NA,NA,NA,NA
NEG_2428,1:3,0,4,Ri-Bhoi Block,25.840245,92.502526,25783.4,808.48,26.82,76.34,-0.004308,-0.000410,5.1391,28.9614,10,Tree cover,0.761,31.5,38.1,1.30,4.5,Metamorphic,MT,138.9,2591.9,NA,NA,NO_EVENT,NA,NA,NA,NA,NA,NA,NA,NA,NA,NA
NEG_2429,1:3,0,4,Ri-Bhoi Block,25.807356,92.629821,27351.5,780.03,26.04,153.37,0.004232,-0.000460,5.0954,36.7545,10,Tree cover,0.741,30.4,40.7,1.29,4.7,Metamorphic,MT,1363.4,2309.6,NA,NA,NO_EVENT,NA,NA,NA,NA,NA,NA,NA,NA,NA,NA
NEG_2430,1:3,0,2,West Khasi Block,25.379269,91.334789,7135.2,1061.76,25.84,136.33,0.000504,-0.001603,5.1832,44.2740,10,Tree cover,0.726,34.4,44.6,1.38,4.9,Metamorphic,MT,586.4,2980.1,NA,NA,NO_EVENT,NA,NA,NA,NA,NA,NA,NA,NA,NA,NA
NEG_2431,1:3,0,1,Garo Hills Block,25.035206,89.821221,45283.8,25.00,35.05,319.23,0.002456,0.001489,3.8648,38.8148,10,Tree cover,0.768,28.6,47.3,1.43,5.2,Mixed Sedimentary,SM,146.1,1675.2,NA,NA,NO_EVENT,NA,NA,NA,NA,NA,NA,NA,NA,NA,NA
NEG_2432,1:3,0,1,Garo Hills Block,25.279337,90.107462,11145.3,52.63,28.84,130.38,0.002465,-0.000426,5.0906,47.4086,10,Tree cover,0.787,26.8,51.0,1.42,5.3,Mixed Sedimentary,SM,1175.5,1271.6,NA,NA,NO_EVENT,NA,NA,NA,NA,NA,NA,NA,NA,NA,NA
NEG_2433,1:3,0,1,Garo Hills Block,25.301028,90.339982,13601.3,62.52,27.50,79.13,0.004173,0.000437,5.1975,49.3645,10,Tree cover,0.774,26.0,44.2,1.41,4.9,Mixed Sedimentary,SM,5244.0,4808.2,NA,NA,NO_EVENT,NA,NA,NA,NA,NA,NA,NA,NA,NA,NA
NEG_2434,1:3,0,5,Jaintia Hills Block,25.050802,92.573378,12837.7,694.62,25.69,235.11,0.002326,0.001175,4.6525,29.4549,10,Tree cover,0.816,29.1,52.5,1.43,5.3,Siliciclastic Sedimentary,SS,5388.9,314.5,NA,NA,NO_EVENT,NA,NA,NA,NA,NA,NA,NA,NA,NA,NA
NEG_2435,1:3,0,5,Jaintia Hills Block,25.028881,92.045051,15986.2,1010.58,26.71,220.77,-0.000234,0.002555,4.5185,35.4818,10,Tree cover,0.807,28.4,48.8,1.43,5.0,Siliciclastic Sedimentary,SS,1332.1,375.8,NA,NA,NO_EVENT,NA,NA,NA,NA,NA,NA,NA,NA,NA,NA
NEG_2436,1:3,0,5,Jaintia Hills Block,25.184320,92.582300,16574.8,718.34,21.63,139.83,-0.003359,-0.000595,5.4669,22.1741,10,Tree cover,0.824,29.8,52.3,1.44,5.3,Siliciclastic Sedimentary,SS,9216.4,3563.8,NA,NA,NO_EVENT,NA,NA,NA,NA,NA,NA,NA,NA,NA,NA
NEG_2437,1:3,0,4,Ri-Bhoi Block,25.984220,91.794398,5708.0,1200.38,16.05,43.71,0.000238,0.002280,6.0318,22.8994,10,Tree cover,0.825,35.1,38.1,1.36,4.5,Metamorphic,MT,3534.9,888.6,NA,NA,NO_EVENT,NA,NA,NA,NA,NA,NA,NA,NA,NA,NA
NEG_2438,1:3,0,1,Garo Hills Block,25.746013,89.816284,25357.9,25.18,24.09,350.99,-0.001237,0.002062,5.0128,45.8360,10,Tree cover,0.703,30.3,47.1,1.33,5.2,Mixed Sedimentary,SM,787.5,1854.6,NA,NA,NO_EVENT,NA,NA,NA,NA,NA,NA,NA,NA,NA,NA
NEG_2439,1:3,0,4,Ri-Bhoi Block,26.083661,92.477389,23884.8,719.12,31.20,348.45,-0.004702,0.000172,4.4703,53.2086,10,Tree cover,0.824,34.2,38.2,1.38,4.5,Metamorphic,MT,2526.5,8426.4,NA,NA,NO_EVENT,NA,NA,NA,NA,NA,NA,NA,NA,NA,NA
NEG_2440,1:3,0,4,Ri-Bhoi Block,25.986715,91.810696,4510.8,1227.03,17.89,46.93,-0.000981,0.002270,5.8784,23.8384,10,Tree cover,0.826,35.1,38.1,1.36,4.5,Metamorphic,MT,2132.5,1537.4,NA,NA,NO_EVENT,NA,NA,NA,NA,NA,NA,NA,NA,NA,NA
NEG_2441,1:3,0,5,Jaintia Hills Block,25.392370,92.525628,3016.8,994.46,20.20,96.29,0.000617,-0.002351,5.5915,36.5408,10,Tree cover,0.718,34.1,38.2,1.37,4.5,Metamorphic,MT,855.6,1320.0,NA,NA,NO_EVENT,NA,NA,NA,NA,NA,NA,NA,NA,NA,NA
NEG_2442,1:3,0,2,West Khasi Block,25.334838,91.516270,5345.3,1281.05,14.57,122.52,-0.003191,-0.000737,6.1945,35.4471,10,Tree cover,0.754,25.9,51.6,1.32,4.7,Plutonic Acidic,PA,192.3,1453.9,NA,NA,NO_EVENT,NA,NA,NA,NA,NA,NA,NA,NA,NA,NA
NEG_2443,1:3,0,5,Jaintia Hills Block,25.127709,92.611965,19262.4,664.66,19.12,183.62,0.000626,-0.000163,5.4503,18.0372,10,Tree cover,0.830,30.3,51.3,1.44,5.4,Siliciclastic Sedimentary,SS,12834.4,625.9,NA,NA,NO_EVENT,NA,NA,NA,NA,NA,NA,NA,NA,NA,NA
NEG_2444,1:3,0,1,Garo Hills Block,25.172032,90.485935,15294.0,104.35,19.30,21.01,0.004075,-0.000334,5.6092,20.2139,10,Tree cover,0.827,30.0,49.0,1.44,4.8,Mixed Sedimentary,SM,7.4,2104.9,NA,NA,NO_EVENT,NA,NA,NA,NA,NA,NA,NA,NA,NA,NA
NEG_2445,1:3,0,5,Jaintia Hills Block,25.622785,92.130484,6297.8,1486.86,32.47,235.17,0.001379,0.001304,4.0095,37.2232,10,Tree cover,0.654,27.4,46.8,1.29,4.8,Metamorphic,MT,661.4,423.2,NA,NA,NO_EVENT,NA,NA,NA,NA,NA,NA,NA,NA,NA,NA
NEG_2446,1:3,0,1,Garo Hills Block,25.688899,90.508008,13121.7,25.00,27.27,325.33,0.003548,-0.000474,4.5542,48.5102,10,Tree cover,0.674,29.3,49.9,1.32,4.8,Mixed Sedimentary,SM,4938.7,1947.5,NA,NA,NO_EVENT,NA,NA,NA,NA,NA,NA,NA,NA,NA,NA
NEG_2447,1:3,0,5,Jaintia Hills Block,25.021018,92.109309,13946.1,1019.38,33.32,227.57,0.001705,0.000154,3.9748,42.2918,10,Tree cover,0.804,28.1,46.0,1.43,4.9,Siliciclastic Sedimentary,SS,341.5,2012.8,NA,NA,NO_EVENT,NA,NA,NA,NA,NA,NA,NA,NA,NA,NA
NEG_2448,1:3,0,4,Ri-Bhoi Block,26.084024,92.270235,3890.6,919.89,26.07,351.68,-0.003304,-0.000482,4.8792,47.4622,10,Tree cover,0.824,34.2,44.7,1.38,4.9,Metamorphic,MT,245.5,1150.7,NA,NA,NO_EVENT,NA,NA,NA,NA,NA,NA,NA,NA,NA,NA
NEG_2449,1:3,0,5,Jaintia Hills Block,25.517023,92.556490,5848.3,839.44,17.11,240.99,0.000117,0.002926,5.3731,18.0930,10,Tree cover,0.659,30.0,38.6,1.33,4.5,Metamorphic,MT,408.1,585.3,NA,NA,NO_EVENT,NA,NA,NA,NA,NA,NA,NA,NA,NA,NA
NEG_2450,1:3,0,2,West Khasi Block,25.462635,91.401049,4188.9,1192.78,33.85,189.07,-0.002142,-0.001019,4.2293,27.4199,10,Tree cover,0.679,31.9,46.4,1.35,5.1,Metamorphic,MT,2611.1,115.8,NA,NA,NO_EVENT,NA,NA,NA,NA,NA,NA,NA,NA,NA,NA
NEG_2451,1:3,0,2,West Khasi Block,25.535300,91.165253,4044.2,880.79,20.47,317.05,0.000280,-0.002397,5.0531,18.1525,10,Tree cover,0.655,29.3,38.7,1.33,4.5,Metamorphic,MT,1635.4,2674.5,NA,NA,NO_EVENT,NA,NA,NA,NA,NA,NA,NA,NA,NA,NA
NEG_2452,1:3,0,4,Ri-Bhoi Block,25.857206,91.406645,6645.2,1136.78,33.80,140.38,0.001130,0.002091,4.6240,26.8984,10,Tree cover,0.772,32.1,46.5,1.31,5.1,Metamorphic,MT,900.3,3128.8,NA,NA,NO_EVENT,NA,NA,NA,NA,NA,NA,NA,NA,NA,NA
NEG_2453,1:3,0,1,Garo Hills Block,25.362054,90.587382,11004.3,93.96,25.00,58.60,0.002405,-0.001005,5.3001,45.9616,10,Tree cover,0.737,23.8,52.6,1.39,5.0,Mixed Sedimentary,SM,350.6,8956.5,NA,NA,NO_EVENT,NA,NA,NA,NA,NA,NA,NA,NA,NA,NA
NEG_2454,1:3,0,2,West Khasi Block,25.060767,91.578745,12052.1,1129.87,30.03,271.15,0.003555,0.000465,4.3339,28.6840,10,Tree cover,0.819,29.3,44.1,1.43,5.1,Siliciclastic Sedimentary,SS,577.8,673.1,NA,NA,NO_EVENT,NA,NA,NA,NA,NA,NA,NA,NA,NA,NA
NEG_2455,1:3,0,1,Garo Hills Block,25.268358,90.251808,4030.8,38.28,28.18,123.08,-0.000994,0.001717,5.1364,44.4421,10,Tree cover,0.792,27.2,45.1,1.42,5.0,Mixed Sedimentary,SM,2813.6,1954.4,NA,NA,NO_EVENT,NA,NA,NA,NA,NA,NA,NA,NA,NA,NA
NEG_2456,1:3,0,4,Ri-Bhoi Block,25.726136,91.877688,2193.7,1655.95,26.73,292.04,-0.003470,-0.000817,4.7247,50.0372,10,Tree cover,0.692,28.0,39.0,1.28,4.3,Metamorphic,MT,515.9,2179.9,NA,NA,NO_EVENT,NA,NA,NA,NA,NA,NA,NA,NA,NA,NA
NEG_2457,1:3,0,4,Ri-Bhoi Block,25.832327,91.335910,13500.2,981.93,31.81,135.45,0.004193,-0.000323,4.7167,33.3353,10,Tree cover,0.757,31.3,44.6,1.30,4.9,Metamorphic,MT,980.0,132.9,NA,NA,NO_EVENT,NA,NA,NA,NA,NA,NA,NA,NA,NA,NA
NEG_2458,1:3,0,4,Ri-Bhoi Block,25.985579,92.655845,20971.7,528.73,23.97,141.38,-0.001566,-0.002030,5.3948,25.5911,10,Tree cover,0.826,35.1,41.7,1.36,4.7,Metamorphic,MT,32.0,1566.3,NA,NA,NO_EVENT,NA,NA,NA,NA,NA,NA,NA,NA,NA,NA
NEG_2459,1:3,0,4,Ri-Bhoi Block,25.891961,91.738560,5340.7,1374.28,24.93,44.03,0.000649,-0.000301,5.3920,19.2931,10,Tree cover,0.791,33.3,38.8,1.32,4.6,Metamorphic,MT,4104.8,2860.6,NA,NA,NO_EVENT,NA,NA,NA,NA,NA,NA,NA,NA,NA,NA
NEG_2460,1:3,0,5,Jaintia Hills Block,25.348019,92.797982,11150.2,592.69,14.23,112.91,-0.000456,-0.001849,6.1958,34.6874,10,Tree cover,0.746,34.9,46.4,1.38,5.1,Metamorphic,MT,1585.8,2212.3,NA,NA,NO_EVENT,NA,NA,NA,NA,NA,NA,NA,NA,NA,NA
NEG_2461,1:3,0,1,Garo Hills Block,25.316067,90.418104,21542.0,29.38,17.29,49.44,-0.000380,-0.000386,6.0031,38.5236,10,Tree cover,0.766,25.4,46.1,1.41,4.8,Mixed Sedimentary,SM,444.7,223.7,NA,NA,NO_EVENT,NA,NA,NA,NA,NA,NA,NA,NA,NA,NA
NEG_2462,1:3,0,1,Garo Hills Block,25.497526,89.973364,3659.3,25.00,22.98,303.96,0.001501,-0.000132,4.9676,19.3524,10,Tree cover,0.665,23.0,52.9,1.35,5.4,Mixed Sedimentary,SM,694.5,488.1,NA,NA,NO_EVENT,NA,NA,NA,NA,NA,NA,NA,NA,NA,NA
NEG_2463,1:3,0,4,Ri-Bhoi Block,26.076774,91.594722,7622.1,1008.83,34.33,354.84,0.004688,-0.000040,4.2474,55.5582,10,Tree cover,0.825,34.4,43.9,1.38,4.9,Metamorphic,MT,438.8,331.6,NA,NA,NO_EVENT,NA,NA,NA,NA,NA,NA,NA,NA,NA,NA
NEG_2464,1:3,0,3,East Khasi Block,25.621508,91.800179,3026.0,1692.54,25.09,308.81,0.000121,-0.002814,4.5989,32.5466,10,Tree cover,0.653,27.4,38.1,1.30,4.3,Metamorphic,MT,119.8,2400.4,NA,NA,NO_EVENT,NA,NA,NA,NA,NA,NA,NA,NA,NA,NA
NEG_2465,1:3,0,1,Garo Hills Block,25.556786,89.897794,8315.0,84.20,15.34,314.84,0.001646,-0.001077,5.4165,19.1335,10,Tree cover,0.651,24.6,50.7,1.33,5.3,Mixed Sedimentary,SM,179.2,246.5,NA,NA,NO_EVENT,NA,NA,NA,NA,NA,NA,NA,NA,NA,NA
NEG_2466,1:3,0,4,Ri-Bhoi Block,25.681296,91.984330,1698.0,1591.40,26.35,221.81,0.004555,0.000046,4.6057,46.4162,10,Tree cover,0.671,27.3,42.7,1.28,4.6,Metamorphic,MT,1083.8,1161.4,NA,NA,NO_EVENT,NA,NA,NA,NA,NA,NA,NA,NA,NA,NA
NEG_2467,1:3,0,5,Jaintia Hills Block,25.470089,92.109751,2586.8,1522.45,32.11,195.67,-0.004179,0.000072,4.3393,25.0743,10,Tree cover,0.676,31.6,46.6,1.35,4.8,Metamorphic,MT,494.3,147.2,NA,NA,NO_EVENT,NA,NA,NA,NA,NA,NA,NA,NA,NA,NA
NEG_2468,1:3,0,1,Garo Hills Block,25.265161,90.474894,16784.3,85.17,24.80,44.13,-0.000838,-0.000220,5.4039,40.6313,10,Tree cover,0.794,27.4,48.5,1.42,4.8,Mixed Sedimentary,SM,495.2,605.3,NA,NA,NO_EVENT,NA,NA,NA,NA,NA,NA,NA,NA,NA,NA
NEG_2469,1:3,0,1,Garo Hills Block,25.194330,90.934584,10644.3,359.05,23.84,104.06,0.002048,0.000085,5.3239,24.4009,10,Tree cover,0.822,29.6,44.1,1.44,5.4,Mixed Sedimentary,SM,167.2,700.5,NA,NA,NO_EVENT,NA,NA,NA,NA,NA,NA,NA,NA,NA,NA
NEG_2470,1:3,0,4,Ri-Bhoi Block,25.934773,92.325132,16342.3,1006.03,19.34,46.69,-0.002741,-0.000877,5.8473,18.4085,10,Tree cover,0.811,34.4,42.6,1.34,4.8,Metamorphic,MT,1229.5,3692.3,NA,NA,NO_EVENT,NA,NA,NA,NA,NA,NA,NA,NA,NA,NA
NEG_2471,1:3,0,2,West Khasi Block,25.433450,91.596812,1639.5,1442.19,34.03,34.84,-0.004508,-0.000293,4.3312,36.4009,10,Tree cover,0.694,32.9,43.8,1.36,4.6,Metamorphic,MT,558.1,867.8,NA,NA,NO_EVENT,NA,NA,NA,NA,NA,NA,NA,NA,NA,NA
NEG_2472,1:3,0,1,Garo Hills Block,25.798482,90.535681,9659.8,68.30,24.55,23.58,-0.000504,0.001766,5.1822,37.6940,10,Tree cover,0.735,30.0,51.1,1.34,4.9,Mixed Sedimentary,SM,1474.5,1307.0,NA,NA,NO_EVENT,NA,NA,NA,NA,NA,NA,NA,NA,NA,NA
NEG_2473,1:3,0,5,Jaintia Hills Block,25.201592,92.764893,13898.3,503.04,25.28,135.11,0.004003,0.000264,5.2318,26.3097,10,Tree cover,0.820,29.4,45.1,1.43,5.3,Siliciclastic Sedimentary,SS,5076.4,146.4,NA,NA,NO_EVENT,NA,NA,NA,NA,NA,NA,NA,NA,NA,NA
NEG_2474,1:3,0,4,Ri-Bhoi Block,25.686962,92.793318,27505.4,615.13,23.94,239.58,0.001110,-0.000811,4.8148,44.5549,10,Tree cover,0.673,27.4,46.3,1.28,5.1,Metamorphic,MT,917.1,180.6,NA,NA,NO_EVENT,NA,NA,NA,NA,NA,NA,NA,NA,NA,NA
NEG_2475,1:3,0,3,East Khasi Block,25.384776,91.944247,4024.4,1641.62,24.78,130.81,0.000045,0.002586,5.2504,42.2149,10,Tree cover,0.723,34.3,41.2,1.38,4.5,Metamorphic,MT,80.1,290.5,NA,NA,NO_EVENT,NA,NA,NA,NA,NA,NA,NA,NA,NA,NA
NEG_2476,1:3,0,1,Garo Hills Block,25.260412,90.596661,4905.5,25.00,34.35,68.68,0.000247,0.000512,4.6348,47.9795,10,Tree cover,0.796,27.5,52.8,1.42,5.0,Mixed Sedimentary,SM,3245.6,1833.6,NA,NA,NO_EVENT,NA,NA,NA,NA,NA,NA,NA,NA,NA,NA
NEG_2477,1:3,0,1,Garo Hills Block,25.572854,90.774835,3443.7,349.10,19.69,224.01,-0.002083,-0.000020,5.0440,21.2396,10,Tree cover,0.650,25.2,49.4,1.33,5.3,Mixed Sedimentary,SM,1458.9,316.1,NA,NA,NO_EVENT,NA,NA,NA,NA,NA,NA,NA,NA,NA,NA
NEG_2478,1:3,0,1,Garo Hills Block,25.201031,90.601786,3221.5,25.00,32.24,62.71,-0.004949,0.000018,4.6732,28.4430,10,Tree cover,0.820,29.4,52.9,1.44,5.0,Mixed Sedimentary,SM,299.2,1305.4,NA,NA,NO_EVENT,NA,NA,NA,NA,NA,NA,NA,NA,NA,NA
NEG_2479,1:3,0,3,East Khasi Block,25.058608,91.948492,15683.3,1190.90,29.66,231.41,-0.002857,-0.000672,4.3571,29.1180,10,Tree cover,0.818,39.9,23.4,1.32,5.5,Volcanic Basic,VB,206.1,151.3,NA,NA,NO_EVENT,NA,NA,NA,NA,NA,NA,NA,NA,NA,NA
NEG_2480,1:3,0,1,Garo Hills Block,25.551486,90.087441,7887.1,48.35,22.88,230.12,0.004080,0.000497,4.8235,19.1749,10,Tree cover,0.652,24.4,51.7,1.33,5.3,Mixed Sedimentary,SM,758.2,983.9,NA,NA,NO_EVENT,NA,NA,NA,NA,NA,NA,NA,NA,NA,NA
NEG_2481,1:3,0,1,Garo Hills Block,25.205430,90.112730,11597.3,89.21,29.82,142.72,-0.004638,-0.000214,4.8802,28.7965,10,Tree cover,0.819,29.3,50.8,1.43,5.3,Mixed Sedimentary,SM,775.9,312.6,NA,NA,NO_EVENT,NA,NA,NA,NA,NA,NA,NA,NA,NA,NA
NEG_2482,1:3,0,1,Garo Hills Block,25.681600,90.087342,9398.6,41.31,33.24,224.65,-0.004315,-0.000402,4.0554,53.9048,10,Tree cover,0.671,29.1,51.7,1.32,5.3,Mixed Sedimentary,SM,943.6,1309.3,NA,NA,NO_EVENT,NA,NA,NA,NA,NA,NA,NA,NA,NA,NA
NEG_2483,1:3,0,1,Garo Hills Block,25.834625,89.862558,30965.8,126.73,28.57,34.09,0.004568,0.000254,4.9828,31.1579,10,Tree cover,0.758,29.3,49.2,1.35,5.3,Mixed Sedimentary,SM,3557.8,2343.5,NA,NA,NO_EVENT,NA,NA,NA,NA,NA,NA,NA,NA,NA,NA
NEG_2484,1:3,0,5,Jaintia Hills Block,25.289326,92.516533,3823.0,886.18,21.29,88.07,-0.002668,0.001385,5.6968,41.0486,10,Tree cover,0.781,26.4,53.1,1.42,5.2,Siliciclastic Sedimentary,SS,1551.4,1827.9,NA,NA,NO_EVENT,NA,NA,NA,NA,NA,NA,NA,NA,NA,NA
NEG_2485,1:3,0,1,Garo Hills Block,25.796014,90.022553,21100.4,25.00,25.21,114.84,-0.001448,0.001783,5.1202,38.7816,10,Tree cover,0.734,30.1,53.0,1.34,5.4,Mixed Sedimentary,SM,2193.2,2741.1,NA,NA,NO_EVENT,NA,NA,NA,NA,NA,NA,NA,NA,NA,NA
NEG_2486,1:3,0,4,Ri-Bhoi Block,25.906816,91.303757,14841.2,887.96,27.15,111.63,-0.000541,-0.002562,5.2254,18.2666,10,Tree cover,0.798,33.7,43.4,1.33,4.9,Metamorphic,MT,1252.0,2420.2,NA,NA,NO_EVENT,NA,NA,NA,NA,NA,NA,NA,NA,NA,NA
NEG_2487,1:3,0,4,Ri-Bhoi Block,25.934526,91.632256,5437.1,1222.10,27.16,62.15,-0.003877,0.000608,5.2218,18.5569,10,Tree cover,0.811,34.4,42.4,1.34,4.8,Metamorphic,MT,2771.0,10233.6,NA,NA,NO_EVENT,NA,NA,NA,NA,NA,NA,NA,NA,NA,NA
NEG_2488,1:3,0,4,Ri-Bhoi Block,25.756380,92.830180,27598.4,496.65,14.76,230.31,-0.000371,0.002301,5.8005,34.3900,10,Tree cover,0.709,28.7,46.8,1.28,5.1,Metamorphic,MT,118.4,530.2,NA,NA,NO_EVENT,NA,NA,NA,NA,NA,NA,NA,NA,NA,NA
NEG_2489,1:3,0,3,East Khasi Block,25.270922,91.703034,3805.7,1412.72,27.29,45.93,-0.001087,-0.002021,5.2097,44.1538,10,Tree cover,0.791,27.1,47.2,1.42,5.1,Siliciclastic Sedimentary,SS,1211.6,555.5,NA,NA,NO_EVENT,NA,NA,NA,NA,NA,NA,NA,NA,NA,NA
NEG_2490,1:3,0,1,Garo Hills Block,25.517147,89.920328,6162.6,57.96,17.02,319.62,-0.000182,-0.002891,5.3800,18.0898,10,Tree cover,0.659,23.4,51.5,1.34,5.4,Mixed Sedimentary,SM,323.7,70.8,NA,NA,NO_EVENT,NA,NA,NA,NA,NA,NA,NA,NA,NA,NA
NEG_2491,1:3,0,1,Garo Hills Block,25.035628,90.163647,24757.3,25.00,26.80,219.54,0.000005,-0.002268,4.5258,33.8068,10,Tree cover,0.810,28.6,48.6,1.43,5.2,Mixed Sedimentary,SM,322.3,317.2,NA,NA,NO_EVENT,NA,NA,NA,NA,NA,NA,NA,NA,NA,NA
NEG_2492,1:3,0,4,Ri-Bhoi Block,25.721019,91.529847,4712.0,1339.86,19.15,220.40,0.001655,0.001488,5.3121,40.9791,10,Tree cover,0.690,27.9,45.9,1.28,5.0,Metamorphic,MT,470.5,7017.8,NA,NA,NO_EVENT,NA,NA,NA,NA,NA,NA,NA,NA,NA,NA
NEG_2493,1:3,0,1,Garo Hills Block,25.617704,89.897163,9859.9,31.64,23.72,311.90,0.000795,0.002517,4.7062,30.8880,10,Tree cover,0.653,26.9,50.7,1.32,5.3,Mixed Sedimentary,SM,142.1,708.9,NA,NA,NO_EVENT,NA,NA,NA,NA,NA,NA,NA,NA,NA,NA
NEG_2494,1:3,0,5,Jaintia Hills Block,25.526847,92.620100,8470.5,849.01,21.60,220.40,0.002052,-0.000404,4.9852,18.0033,10,Tree cover,0.657,29.6,40.3,1.33,4.7,Metamorphic,MT,484.1,925.8,NA,NA,NO_EVENT,NA,NA,NA,NA,NA,NA,NA,NA,NA,NA
NEG_2495,1:3,0,3,East Khasi Block,25.449399,91.706014,3238.7,1572.21,29.70,358.51,0.003777,-0.000122,4.6140,29.6403,10,Tree cover,0.686,32.4,39.7,1.36,4.4,Metamorphic,MT,256.3,227.3,NA,NA,NO_EVENT,NA,NA,NA,NA,NA,NA,NA,NA,NA,NA
NEG_2496,1:3,0,4,Ri-Bhoi Block,25.862204,92.190972,3807.0,1159.94,34.07,99.85,-0.001163,0.002244,4.6134,25.6546,10,Tree cover,0.775,32.3,46.7,1.31,5.1,Metamorphic,MT,3831.5,1130.3,NA,NA,NO_EVENT,NA,NA,NA,NA,NA,NA,NA,NA,NA,NA
NEG_2497,1:3,0,5,Jaintia Hills Block,25.580822,92.416753,5009.5,1115.25,26.16,311.40,0.001080,0.000600,4.5179,23.7694,10,Tree cover,0.650,28.1,39.3,1.31,4.6,Metamorphic,MT,1033.2,2643.9,NA,NA,NO_EVENT,NA,NA,NA,NA,NA,NA,NA,NA,NA,NA
NEG_2498,1:3,0,5,Jaintia Hills Block,25.442688,92.510514,4597.2,961.61,27.67,24.19,0.004237,-0.000165,4.8032,30.5467,10,Tree cover,0.689,32.6,38.1,1.36,4.5,Metamorphic,MT,960.3,48.8,NA,NA,NO_EVENT,NA,NA,NA,NA,NA,NA,NA,NA,NA,NA
NEG_2499,1:3,0,1,Garo Hills Block,25.279445,90.654660,4726.7,77.04,26.05,101.14,0.000724,-0.002484,5.3138,44.5830,10,Tree cover,0.787,26.8,53.0,1.42,5.1,Mixed Sedimentary,SM,428.2,1158.6,NA,NA,NO_EVENT,NA,NA,NA,NA,NA,NA,NA,NA,NA,NA
NEG_2500,1:3,0,5,Jaintia Hills Block,25.077370,92.226525,5257.0,1099.09,24.62,291.42,-0.004741,0.000146,4.8201,23.4277,10,Tree cover,0.823,29.7,44.2,1.44,4.8,Siliciclastic Sedimentary,SS,241.1,659.5,NA,NA,NO_EVENT,NA,NA,NA,NA,NA,NA,NA,NA,NA,NA
NEG_2501,1:3,0,1,Garo Hills Block,25.470420,90.498806,16310.2,80.20,27.44,346.60,0.003603,0.000832,4.7116,23.9781,10,Tree cover,0.676,22.6,49.5,1.35,4.8,Mixed Sedimentary,SM,1634.2,3619.0,NA,NA,NO_EVENT,NA,NA,NA,NA,NA,NA,NA,NA,NA,NA
NEG_2502,1:3,0,5,Jaintia Hills Block,25.270333,92.549270,7295.4,807.62,23.33,106.44,-0.000075,0.002864,5.5260,40.2525,10,Tree cover,0.791,27.2,52.9,1.42,5.3,Siliciclastic Sedimentary,SS,4812.8,1515.9,NA,NA,NO_EVENT,NA,NA,NA,NA,NA,NA,NA,NA,NA,NA
NEG_2503,1:3,0,4,Ri-Bhoi Block,25.920630,91.488269,6690.3,1094.12,19.71,127.89,0.003718,-0.000252,5.8231,18.0094,10,Tree cover,0.805,34.1,46.7,1.33,5.1,Metamorphic,MT,1650.7,1545.7,NA,NA,NO_EVENT,NA,NA,NA,NA,NA,NA,NA,NA,NA,NA
NEG_2504,1:3,0,4,Ri-Bhoi Block,25.685400,91.246693,6577.5,1023.57,23.99,283.51,0.004422,-0.000343,4.8062,44.4163,10,Tree cover,0.673,27.3,41.2,1.28,4.7,Metamorphic,MT,2007.5,1140.7,NA,NA,NO_EVENT,NA,NA,NA,NA,NA,NA,NA,NA,NA,NA
NEG_2505,1:3,0,5,Jaintia Hills Block,25.443000,92.592204,7650.4,842.55,28.72,176.63,-0.004246,-0.000152,4.7180,30.9395,10,Tree cover,0.689,32.6,39.5,1.36,4.6,Metamorphic,MT,1486.8,997.0,NA,NA,NO_EVENT,NA,NA,NA,NA,NA,NA,NA,NA,NA,NA
NEG_2506,1:3,0,2,West Khasi Block,25.155662,91.076263,5346.6,627.71,24.13,13.37,-0.001987,-0.001715,5.1605,18.9627,10,Tree cover,0.829,30.2,47.3,1.44,5.2,Siliciclastic Sedimentary,SS,3097.4,1885.1,NA,NA,NO_EVENT,NA,NA,NA,NA,NA,NA,NA,NA,NA,NA
NEG_2507,1:3,0,2,West Khasi Block,25.392127,91.319360,6414.9,1067.38,26.53,135.61,-0.000579,-0.002397,5.0859,42.4033,10,Tree cover,0.718,34.1,44.0,1.37,4.9,Metamorphic,MT,828.7,3029.3,NA,NA,NO_EVENT,NA,NA,NA,NA,NA,NA,NA,NA,NA,NA
NEG_2508,1:3,0,2,West Khasi Block,25.514242,91.382613,2039.8,1212.24,27.09,213.86,0.000455,-0.001750,4.5833,18.2602,10,Tree cover,0.660,30.0,46.0,1.33,5.0,Metamorphic,MT,1147.3,16.5,NA,NA,NO_EVENT,NA,NA,NA,NA,NA,NA,NA,NA,NA,NA
NEG_2509,1:3,0,2,West Khasi Block,25.171112,91.365082,3603.0,981.48,27.54,156.26,-0.004021,0.000324,4.9465,21.0175,10,Tree cover,0.827,30.0,51.0,1.44,4.8,Siliciclastic Sedimentary,SS,384.0,1864.2,NA,NA,NO_EVENT,NA,NA,NA,NA,NA,NA,NA,NA,NA,NA
NEG_2510,1:3,0,1,Garo Hills Block,25.281812,90.362211,15118.8,35.84,29.15,68.01,0.002676,-0.000619,5.0667,48.2100,10,Tree cover,0.785,26.7,44.5,1.42,4.8,Mixed Sedimentary,SM,6329.9,5987.3,NA,NA,NO_EVENT,NA,NA,NA,NA,NA,NA,NA,NA,NA,NA
NEG_2511,1:3,0,5,Jaintia Hills Block,25.090021,92.126090,6120.3,1118.23,27.25,210.09,0.004093,0.000516,4.6543,21.6730,10,Tree cover,0.826,36.8,25.5,1.31,5.7,Carbonate Sedimentary,SC,580.4,676.0,NA,NA,NO_EVENT,NA,NA,NA,NA,NA,NA,NA,NA,NA,NA
NEG_2512,1:3,0,3,East Khasi Block,25.481637,91.711263,2730.9,1643.76,26.15,340.72,0.002700,-0.001257,4.7718,21.6982,10,Tree cover,0.671,31.2,39.6,1.35,4.3,Metamorphic,MT,738.1,781.0,NA,NA,NO_EVENT,NA,NA,NA,NA,NA,NA,NA,NA,NA,NA
NEG_2513,1:3,0,1,Garo Hills Block,25.528141,90.983091,10016.2,527.94,15.52,294.66,-0.002216,0.000172,5.4680,18.0087,10,Tree cover,0.656,23.7,44.4,1.34,5.3,Mixed Sedimentary,SM,515.7,3992.4,NA,NA,NO_EVENT,NA,NA,NA,NA,NA,NA,NA,NA,NA,NA
NEG_2514,1:3,0,3,East Khasi Block,25.426037,91.752149,2494.1,1568.36,24.97,11.88,0.003920,-0.000638,5.0853,33.2765,10,Tree cover,0.698,33.1,38.6,1.37,4.3,Metamorphic,MT,1517.7,39.4,NA,NA,NO_EVENT,NA,NA,NA,NA,NA,NA,NA,NA,NA,NA
NEG_2515,1:3,0,5,Jaintia Hills Block,25.554378,92.389853,3915.5,1197.19,23.12,317.62,0.003505,-0.000824,4.7986,19.4605,10,Tree cover,0.652,28.8,40.2,1.32,4.6,Metamorphic,MT,1378.9,237.6,NA,NA,NO_EVENT,NA,NA,NA,NA,NA,NA,NA,NA,NA,NA
NEG_2516,1:3,0,1,Garo Hills Block,25.964678,90.320209,22791.9,113.17,24.09,90.37,-0.003238,0.000794,5.4303,21.8253,10,Tree cover,0.821,24.6,44.1,1.40,4.9,Mixed Sedimentary,SM,792.7,3993.5,NA,NA,NO_EVENT,NA,NA,NA,NA,NA,NA,NA,NA,NA,NA
NEG_2517,1:3,0,3,East Khasi Block,25.167132,91.722723,3294.2,1322.99,18.86,18.75,0.003625,0.000568,5.6261,19.6704,10,Tree cover,0.827,30.1,48.1,1.44,5.4,Siliciclastic Sedimentary,SS,475.0,1344.5,NA,NA,NO_EVENT,NA,NA,NA,NA,NA,NA,NA,NA,NA,NA
NEG_2518,1:3,0,1,Garo Hills Block,25.345324,89.856641,20859.2,25.00,19.74,40.43,0.004056,0.000300,5.7608,41.2907,10,Tree cover,0.747,24.3,48.9,1.40,5.3,Mixed Sedimentary,SM,334.5,1596.7,NA,NA,NO_EVENT,NA,NA,NA,NA,NA,NA,NA,NA,NA,NA
NEG_2519,1:3,0,1,Garo Hills Block,25.979734,90.492047,21663.3,25.00,16.40,39.51,0.003417,0.000713,6.0145,22.4041,10,Tree cover,0.824,24.1,49.2,1.40,4.8,Mixed Sedimentary,SM,1095.7,4661.1,NA,NA,NO_EVENT,NA,NA,NA,NA,NA,NA,NA,NA,NA,NA
NEG_2520,1:3,0,4,Ri-Bhoi Block,26.023623,91.988175,941.1,1144.08,21.74,149.04,-0.001384,0.000169,5.4581,32.5659,10,Tree cover,0.830,35.1,42.9,1.37,4.8,Metamorphic,MT,1421.8,7261.2,NA,NA,NO_EVENT,NA,NA,NA,NA,NA,NA,NA,NA,NA,NA
NEG_2521,1:3,0,1,Garo Hills Block,25.843666,90.414458,6476.4,70.24,26.59,42.39,0.000064,0.001423,5.1669,28.0479,10,Tree cover,0.763,29.0,45.9,1.35,4.8,Mixed Sedimentary,SM,1305.2,2012.8,NA,NA,NO_EVENT,NA,NA,NA,NA,NA,NA,NA,NA,NA,NA
NEG_2522,1:3,0,2,West Khasi Block,25.272930,91.389867,942.5,1084.86,32.24,134.06,0.001226,-0.002029,4.8151,49.3900,10,Tree cover,0.790,27.1,50.0,1.42,4.8,Siliciclastic Sedimentary,SS,1005.6,1495.3,NA,NA,NO_EVENT,NA,NA,NA,NA,NA,NA,NA,NA,NA,NA
NEG_2523,1:3,0,1,Garo Hills Block,25.205868,90.731567,9961.5,201.45,23.96,140.93,0.004827,0.000045,5.3503,26.7675,10,Tree cover,0.818,29.3,51.2,1.43,5.2,Mixed Sedimentary,SM,1304.5,2515.8,NA,NA,NO_EVENT,NA,NA,NA,NA,NA,NA,NA,NA,NA,NA
NEG_2524,1:3,0,1,Garo Hills Block,25.367179,90.286871,14459.8,111.16,24.04,114.94,-0.000128,-0.002731,5.3630,44.2514,10,Tree cover,0.734,23.7,44.4,1.39,4.9,Mixed Sedimentary,SM,2268.9,1425.1,NA,NA,NO_EVENT,NA,NA,NA,NA,NA,NA,NA,NA,NA,NA
NEG_2525,1:3,0,5,Jaintia Hills Block,25.241597,92.205083,996.5,1152.82,32.57,90.43,0.001418,-0.001969,4.7488,40.8656,10,Tree cover,0.805,28.2,44.1,1.43,4.8,Siliciclastic Sedimentary,SS,694.7,19.4,NA,NA,NO_EVENT,NA,NA,NA,NA,NA,NA,NA,NA,NA,NA
NEG_2526,1:3,0,1,Garo Hills Block,25.200572,89.886795,26580.9,106.06,24.95,33.97,-0.002961,-0.000300,5.2550,25.9841,10,Tree cover,0.820,29.4,50.2,1.44,5.3,Mixed Sedimentary,SM,322.5,5379.7,NA,NA,NO_EVENT,NA,NA,NA,NA,NA,NA,NA,NA,NA,NA
NEG_2527,1:3,0,4,Ri-Bhoi Block,25.699703,92.776749,26769.6,610.14,22.93,226.72,0.003014,0.000088,4.9353,44.6659,10,Tree cover,0.679,27.5,45.9,1.28,5.0,Metamorphic,MT,893.6,2044.3,NA,NA,NO_EVENT,NA,NA,NA,NA,NA,NA,NA,NA,NA,NA
NEG_2528,1:3,0,1,Garo Hills Block,25.377711,90.161900,10214.1,25.00,18.18,147.46,0.000036,0.002959,5.8008,36.6786,10,Tree cover,0.727,23.4,48.7,1.39,5.2,Mixed Sedimentary,SM,5067.7,6331.8,NA,NA,NO_EVENT,NA,NA,NA,NA,NA,NA,NA,NA,NA,NA
NEG_2529,1:3,0,5,Jaintia Hills Block,25.636018,92.564380,7323.3,916.33,25.39,245.61,-0.000025,-0.002841,4.5892,36.2374,10,Tree cover,0.656,27.3,38.8,1.29,4.5,Metamorphic,MT,513.4,4662.1,NA,NA,NO_EVENT,NA,NA,NA,NA,NA,NA,NA,NA,NA,NA
NEG_2530,1:3,0,4,Ri-Bhoi Block,25.866787,91.698673,7709.2,1393.83,30.59,42.93,-0.001494,0.002057,4.9012,23.8546,10,Tree cover,0.777,32.5,39.9,1.31,4.6,Metamorphic,MT,653.5,3848.6,NA,NA,NO_EVENT,NA,NA,NA,NA,NA,NA,NA,NA,NA,NA
NEG_2531,1:3,0,2,West Khasi Block,25.360261,91.452735,3002.7,1128.60,17.63,141.21,-0.002030,0.001713,5.8944,37.8675,10,Tree cover,0.738,25.8,51.9,1.32,4.8,Plutonic Acidic,PA,22.7,1698.4,NA,NA,NO_EVENT,NA,NA,NA,NA,NA,NA,NA,NA,NA,NA
NEG_2532,1:3,0,3,East Khasi Block,25.118544,91.870784,9028.8,1267.60,23.93,325.58,0.001677,0.000738,5.0290,18.3688,10,Tree cover,0.830,30.3,53.0,1.44,5.3,Siliciclastic Sedimentary,SS,51.9,83.2,NA,NA,NO_EVENT,NA,NA,NA,NA,NA,NA,NA,NA,NA,NA
NEG_2533,1:3,0,4,Ri-Bhoi Block,25.803104,92.743346,25290.1,605.72,23.06,152.61,-0.004323,0.000131,5.3185,35.5235,10,Tree cover,0.738,30.2,45.0,1.29,5.0,Metamorphic,MT,4339.0,2868.2,NA,NA,NO_EVENT,NA,NA,NA,NA,NA,NA,NA,NA,NA,NA
NEG_2534,1:3,0,1,Garo Hills Block,25.301229,89.856292,22354.5,25.95,23.75,44.88,0.004325,-0.000241,5.4974,45.1074,10,Tree cover,0.774,26.0,48.9,1.41,5.3,Mixed Sedimentary,SM,265.3,3485.4,NA,NA,NO_EVENT,NA,NA,NA,NA,NA,NA,NA,NA,NA,NA
NEG_2535,1:3,0,3,East Khasi Block,25.609257,91.955711,3818.5,1717.94,26.10,239.08,-0.002218,0.001629,4.5126,30.0940,10,Tree cover,0.712,27.6,41.6,1.30,4.5,Metamorphic,MT,316.0,5001.3,NA,NA,NO_EVENT,NA,NA,NA,NA,NA,NA,NA,NA,NA,NA
NEG_2536,1:3,0,1,Garo Hills Block,25.873640,90.390904,10498.6,33.92,30.28,54.45,0.000911,0.002339,4.9386,22.4137,10,Tree cover,0.781,28.1,45.2,1.36,4.8,Mixed Sedimentary,SM,3620.2,5073.3,NA,NA,NO_EVENT,NA,NA,NA,NA,NA,NA,NA,NA,NA,NA
NEG_2537,1:3,0,2,West Khasi Block,25.302693,91.363402,2241.7,1039.10,27.71,130.34,0.004424,-0.000197,5.1799,49.7910,10,Tree cover,0.773,25.9,51.0,1.41,4.8,Siliciclastic Sedimentary,SS,62.8,2791.2,NA,NA,NO_EVENT,NA,NA,NA,NA,NA,NA,NA,NA,NA,NA
NEG_2538,1:3,0,5,Jaintia Hills Block,25.377049,92.424560,699.3,1022.48,26.87,38.26,0.000024,0.002953,5.1076,45.7261,10,Tree cover,0.727,34.4,39.1,1.38,4.6,Metamorphic,MT,65.4,1469.3,NA,NA,NO_EVENT,NA,NA,NA,NA,NA,NA,NA,NA,NA,NA
NEG_2539,1:3,0,5,Jaintia Hills Block,25.531661,92.238715,3356.7,1280.48,17.75,293.36,-0.002604,0.000099,5.2801,18.0527,10,Tree cover,0.655,29.5,45.7,1.33,5.0,Metamorphic,MT,468.6,2437.0,NA,NA,NO_EVENT,NA,NA,NA,NA,NA,NA,NA,NA,NA,NA
NEG_2540,1:3,0,5,Jaintia Hills Block,25.647069,92.157925,2984.0,1475.05,35.74,243.14,-0.000574,0.002635,3.7774,47.3037,10,Tree cover,0.760,27.2,46.9,1.29,4.8,Metamorphic,MT,876.9,258.0,NA,NA,NO_EVENT,NA,NA,NA,NA,NA,NA,NA,NA,NA,NA
NEG_2541,1:3,0,5,Jaintia Hills Block,25.379287,92.335821,6632.0,1097.40,20.71,33.00,0.000466,-0.001862,5.5935,39.0553,10,Tree cover,0.726,34.4,42.2,1.38,4.8,Metamorphic,MT,117.7,1090.2,NA,NA,NO_EVENT,NA,NA,NA,NA,NA,NA,NA,NA,NA,NA
NEG_2542,1:3,0,2,West Khasi Block,25.316538,91.465601,1322.0,1157.37,17.20,133.00,-0.004494,-0.000150,6.0098,38.4326,10,Tree cover,0.765,25.4,46.6,1.41,4.9,Siliciclastic Sedimentary,SS,1195.1,4352.6,NA,NA,NO_EVENT,NA,NA,NA,NA,NA,NA,NA,NA,NA,NA
NEG_2543,1:3,0,2,West Khasi Block,25.251128,91.250356,4897.7,816.80,25.75,82.09,0.000810,0.001317,5.3104,38.3597,10,Tree cover,0.801,27.9,53.1,1.43,4.8,Siliciclastic Sedimentary,SS,1037.4,1402.5,NA,NA,NO_EVENT,NA,NA,NA,NA,NA,NA,NA,NA,NA,NA
NEG_2544,1:3,0,1,Garo Hills Block,25.363629,90.613445,8501.8,134.64,23.89,73.91,0.002370,0.000642,5.3847,44.5345,10,Tree cover,0.736,23.8,53.0,1.39,5.0,Mixed Sedimentary,SM,2039.4,7001.9,NA,NA,NO_EVENT,NA,NA,NA,NA,NA,NA,NA,NA,NA,NA
NEG_2545,1:3,0,1,Garo Hills Block,26.064344,90.288226,34008.3,59.59,34.23,161.26,-0.000138,0.000805,4.3050,52.8127,10,Tree cover,0.827,22.5,44.3,1.43,4.9,Mixed Sedimentary,SM,1056.1,1875.2,NA,NA,NO_EVENT,NA,NA,NA,NA,NA,NA,NA,NA,NA,NA
NEG_2546,1:3,0,4,Ri-Bhoi Block,25.870312,92.801703,16026.1,428.50,26.00,109.71,-0.000047,-0.002750,5.2751,22.3490,10,Tree cover,0.779,32.6,46.5,1.31,5.1,Metamorphic,MT,265.7,1109.9,NA,NA,NO_EVENT,NA,NA,NA,NA,NA,NA,NA,NA,NA,NA
NEG_2547,1:3,0,3,East Khasi Block,25.041494,91.932034,18061.6,1191.16,33.34,243.55,-0.000849,-0.001907,4.0164,35.7914,10,Tree cover,0.812,39.5,23.0,1.31,5.6,Volcanic Basic,VB,42.3,396.2,NA,NA,NO_EVENT,NA,NA,NA,NA,NA,NA,NA,NA,NA,NA
NEG_2548,1:3,0,1,Garo Hills Block,25.293145,89.923488,16888.3,44.48,19.43,53.52,-0.001046,-0.001864,5.8454,39.4404,10,Tree cover,0.779,26.3,51.6,1.41,5.4,Mixed Sedimentary,SM,241.0,2515.5,NA,NA,NO_EVENT,NA,NA,NA,NA,NA,NA,NA,NA,NA,NA
NEG_2549,1:3,0,5,Jaintia Hills Block,25.455121,92.652414,9767.7,772.76,34.97,184.84,-0.002821,-0.000500,4.1696,29.9372,10,Tree cover,0.683,32.2,41.5,1.36,4.7,Metamorphic,MT,126.6,2348.0,NA,NA,NO_EVENT,NA,NA,NA,NA,NA,NA,NA,NA,NA,NA
NEG_2550,1:3,0,2,West Khasi Block,25.032706,91.593051,15477.5,1095.35,34.12,280.48,0.002759,0.000925,3.9337,39.0812,10,Tree cover,0.809,28.5,44.2,1.43,5.2,Siliciclastic Sedimentary,SS,482.4,858.7,NA,NA,NO_EVENT,NA,NA,NA,NA,NA,NA,NA,NA,NA,NA
NEG_2551,1:3,0,5,Jaintia Hills Block,25.561508,92.463822,3657.4,1004.78,21.23,300.27,-0.003924,-0.000473,4.9371,20.0628,10,Tree cover,0.651,28.6,38.4,1.32,4.5,Metamorphic,MT,1934.0,412.1,NA,NA,NO_EVENT,NA,NA,NA,NA,NA,NA,NA,NA,NA,NA
NEG_2552,1:3,0,3,East Khasi Block,25.110722,91.878654,10015.2,1270.04,25.02,300.56,0.002341,0.001140,4.9110,18.9221,10,Tree cover,0.829,30.2,53.1,1.44,5.3,Siliciclastic Sedimentary,SS,383.6,741.1,NA,NA,NO_EVENT,NA,NA,NA,NA,NA,NA,NA,NA,NA,NA
NEG_2553,1:3,0,4,Ri-Bhoi Block,25.754518,91.840694,4229.8,1564.26,20.83,352.36,-0.000719,0.001385,5.3075,41.3212,10,Tree cover,0.708,28.7,38.3,1.28,4.3,Metamorphic,MT,623.9,2991.1,NA,NA,NO_EVENT,NA,NA,NA,NA,NA,NA,NA,NA,NA,NA
NEG_2554,1:3,0,4,Ri-Bhoi Block,26.037721,92.310417,7436.6,910.40,23.54,22.93,0.000763,0.002336,5.2633,36.8676,10,Tree cover,0.830,35.0,43.2,1.37,4.8,Metamorphic,MT,2189.6,4190.4,NA,NA,NO_EVENT,NA,NA,NA,NA,NA,NA,NA,NA,NA,NA
NEG_2555,1:3,0,2,West Khasi Block,25.065331,91.236803,15034.8,794.05,22.62,292.74,-0.004929,0.000042,4.9407,25.1580,10,Tree cover,0.820,29.4,52.9,1.44,4.9,Siliciclastic Sedimentary,SS,92.4,1380.5,NA,NA,NO_EVENT,NA,NA,NA,NA,NA,NA,NA,NA,NA,NA
NEG_2556,1:3,0,1,Garo Hills Block,25.449789,90.745949,3900.6,259.11,27.42,181.85,0.004556,0.000088,4.7948,28.6505,10,Tree cover,0.686,22.5,50.6,1.36,5.3,Mixed Sedimentary,SM,1856.1,514.9,NA,NA,NO_EVENT,NA,NA,NA,NA,NA,NA,NA,NA,NA,NA
NEG_2557,1:3,0,1,Garo Hills Block,25.507444,90.971792,11155.8,505.61,18.56,291.56,0.000279,-0.000649,5.2876,18.4585,10,Tree cover,0.662,23.2,44.2,1.34,5.3,Mixed Sedimentary,SM,1406.8,4811.2,NA,NA,NO_EVENT,NA,NA,NA,NA,NA,NA,NA,NA,NA,NA
NEG_2558,1:3,0,5,Jaintia Hills Block,25.486921,92.786749,21130.9,541.82,22.80,220.53,0.001045,0.002328,5.0202,20.5169,10,Tree cover,0.669,31.0,46.2,1.35,5.1,Metamorphic,MT,779.9,2462.0,NA,NA,NO_EVENT,NA,NA,NA,NA,NA,NA,NA,NA,NA,NA
NEG_2559,1:3,0,5,Jaintia Hills Block,25.115724,92.612804,18707.3,649.41,19.92,191.94,0.002062,-0.000092,5.3387,18.4403,10,Tree cover,0.829,30.2,51.3,1.44,5.4,Siliciclastic Sedimentary,SS,11503.8,266.9,NA,NA,NO_EVENT,NA,NA,NA,NA,NA,NA,NA,NA,NA,NA
NEG_2560,1:3,0,3,East Khasi Block,25.538656,91.702414,2319.2,1666.59,18.59,320.08,-0.002300,-0.001617,5.1952,18.2484,10,Tree cover,0.654,29.2,39.8,1.32,4.4,Metamorphic,MT,876.1,2015.4,NA,NA,NO_EVENT,NA,NA,NA,NA,NA,NA,NA,NA,NA,NA
NEG_2561,1:3,0,1,Garo Hills Block,25.916598,90.899412,16920.8,382.95,26.52,115.49,-0.001499,0.001976,5.2784,18.0048,10,Tree cover,0.803,26.5,44.6,1.38,5.4,Mixed Sedimentary,SM,652.1,6880.6,NA,NA,NO_EVENT,NA,NA,NA,NA,NA,NA,NA,NA,NA,NA
NEG_2562,1:3,0,2,West Khasi Block,25.484856,91.049031,4700.1,707.34,28.50,336.23,-0.000412,0.002414,4.5718,21.4803,10,Tree cover,0.670,31.1,38.7,1.35,4.5,Metamorphic,MT,4937.8,840.3,NA,NA,NO_EVENT,NA,NA,NA,NA,NA,NA,NA,NA,NA,NA
NEG_2563,1:3,0,5,Jaintia Hills Block,25.424710,92.622864,5575.7,778.18,31.06,165.60,-0.004150,0.000342,4.6032,37.3979,10,Tree cover,0.699,33.2,40.4,1.37,4.7,Metamorphic,MT,4393.8,381.3,NA,NA,NO_EVENT,NA,NA,NA,NA,NA,NA,NA,NA,NA,NA
NEG_2564,1:3,0,1,Garo Hills Block,25.915244,90.132450,27589.9,48.99,24.57,133.59,-0.002304,0.001611,5.4342,18.0158,10,Tree cover,0.802,26.5,50.0,1.38,5.3,Mixed Sedimentary,SM,1767.6,3848.3,NA,NA,NO_EVENT,NA,NA,NA,NA,NA,NA,NA,NA,NA,NA
NEG_2565,1:3,0,2,West Khasi Block,25.136773,91.105002,7609.2,627.25,24.04,2.31,-0.000503,-0.000088,5.0929,18.0300,10,Tree cover,0.830,30.3,48.5,1.44,5.1,Siliciclastic Sedimentary,SS,114.4,62.3,NA,NA,NO_EVENT,NA,NA,NA,NA,NA,NA,NA,NA,NA,NA
NEG_2566,1:3,0,3,East Khasi Block,25.126550,91.688234,4724.5,1192.90,19.94,356.04,-0.000310,0.002714,5.3801,18.0587,10,Tree cover,0.830,30.3,46.6,1.44,5.3,Siliciclastic Sedimentary,SS,669.9,103.2,NA,NA,NO_EVENT,NA,NA,NA,NA,NA,NA,NA,NA,NA,NA
NEG_2567,1:3,0,2,West Khasi Block,25.175187,91.393238,1323.9,1044.56,27.35,156.86,-0.002737,0.001140,4.9767,21.6411,60,Bare / sparse vegetation,0.339,30.0,49.8,1.44,4.8,Siliciclastic Sedimentary,SS,17.6,309.2,NA,NA,NO_EVENT,NA,NA,NA,NA,NA,NA,NA,NA,NA,NA
NEG_2568,1:3,0,1,Garo Hills Block,25.027798,90.765619,24254.1,63.65,29.43,221.93,-0.001518,0.002059,4.2987,37.5667,10,Tree cover,0.807,28.3,49.8,1.43,5.3,Mixed Sedimentary,SM,179.5,938.1,NA,NA,NO_EVENT,NA,NA,NA,NA,NA,NA,NA,NA,NA,NA
NEG_2569,1:3,0,4,Ri-Bhoi Block,25.751366,91.276319,11100.1,974.89,16.31,216.64,0.000532,0.002611,5.6565,36.4966,10,Tree cover,0.706,28.6,42.3,1.28,4.8,Metamorphic,MT,3938.7,175.1,NA,NA,NO_EVENT,NA,NA,NA,NA,NA,NA,NA,NA,NA,NA
NEG_2570,1:3,0,4,Ri-Bhoi Block,26.076531,92.466017,22675.1,746.01,32.71,358.54,-0.004229,0.000052,4.3780,53.7424,10,Tree cover,0.825,34.4,38.3,1.38,4.5,Metamorphic,MT,3087.9,9795.2,NA,NA,NO_EVENT,NA,NA,NA,NA,NA,NA,NA,NA,NA,NA
NEG_2571,1:3,0,1,Garo Hills Block,25.407796,89.938734,12558.0,57.66,22.49,31.26,0.001711,0.001967,5.3533,35.6298,10,Tree cover,0.709,22.8,52.1,1.38,5.4,Mixed Sedimentary,SM,1468.0,1466.7,NA,NA,NO_EVENT,NA,NA,NA,NA,NA,NA,NA,NA,NA,NA
NEG_2572,1:3,0,4,Ri-Bhoi Block,25.933276,92.579265,29614.9,743.10,18.87,119.50,-0.002953,-0.000909,5.8858,18.3304,10,Tree cover,0.810,34.4,39.1,1.34,4.6,Metamorphic,MT,1393.5,3281.8,NA,NA,NO_EVENT,NA,NA,NA,NA,NA,NA,NA,NA,NA,NA
NEG_2573,1:3,0,1,Garo Hills Block,25.906278,90.190247,26199.8,62.23,22.09,134.18,0.001446,0.002087,5.6300,18.2380,10,Tree cover,0.798,26.9,47.4,1.38,5.1,Mixed Sedimentary,SM,1186.4,2986.6,NA,NA,NO_EVENT,NA,NA,NA,NA,NA,NA,NA,NA,NA,NA
NEG_2574,1:3,0,1,Garo Hills Block,26.097748,90.588682,37227.7,25.00,34.63,333.41,0.003940,-0.000581,4.1402,58.8151,10,Tree cover,0.820,22.6,52.6,1.43,5.0,Mixed Sedimentary,SM,1936.9,2053.8,NA,NA,NO_EVENT,NA,NA,NA,NA,NA,NA,NA,NA,NA,NA
NEG_2575,1:3,0,4,Ri-Bhoi Block,25.802141,92.569506,24111.7,788.13,18.78,140.00,0.001879,0.001394,5.6573,32.4380,10,Tree cover,0.738,30.2,38.9,1.29,4.6,Metamorphic,MT,206.0,1658.5,NA,NA,NO_EVENT,NA,NA,NA,NA,NA,NA,NA,NA,NA,NA
NEG_2576,1:3,0,5,Jaintia Hills Block,25.274542,92.570189,6850.0,795.93,23.47,115.99,0.000892,0.002458,5.5177,41.1325,10,Tree cover,0.789,27.0,52.5,1.42,5.3,Siliciclastic Sedimentary,SS,6259.8,2343.0,NA,NA,NO_EVENT,NA,NA,NA,NA,NA,NA,NA,NA,NA,NA
NEG_2577,1:3,0,5,Jaintia Hills Block,25.354240,92.778060,9576.3,598.75,15.62,123.60,-0.001956,-0.001800,6.0702,35.9954,10,Tree cover,0.742,34.8,46.0,1.38,5.0,Metamorphic,MT,2548.5,1879.7,NA,NA,NO_EVENT,NA,NA,NA,NA,NA,NA,NA,NA,NA,NA
NEG_2578,1:3,0,5,Jaintia Hills Block,25.323761,92.707979,1767.0,604.90,23.57,135.28,-0.003491,0.000135,5.4916,46.2326,10,Tree cover,0.761,35.2,43.7,1.38,4.9,Metamorphic,MT,318.3,4334.2,NA,NA,NO_EVENT,NA,NA,NA,NA,NA,NA,NA,NA,NA,NA
NEG_2579,1:3,0,3,East Khasi Block,25.077828,91.963280,13182.9,1189.09,24.71,218.46,-0.004144,0.000315,4.8144,23.3637,10,Tree cover,0.823,29.7,52.0,1.44,5.2,Siliciclastic Sedimentary,SS,703.1,1035.1,NA,NA,NO_EVENT,NA,NA,NA,NA,NA,NA,NA,NA,NA,NA
NEG_2580,1:3,0,2,West Khasi Block,25.594680,91.257525,2393.9,960.68,18.94,273.30,-0.003408,-0.000943,5.0865,24.2888,10,Tree cover,0.650,27.8,41.6,1.30,4.7,Metamorphic,MT,128.9,1975.3,NA,NA,NO_EVENT,NA,NA,NA,NA,NA,NA,NA,NA,NA,NA
NEG_2581,1:3,0,3,East Khasi Block,25.261374,91.952067,3778.0,1417.34,30.12,120.64,-0.000246,-0.002236,4.9743,44.5345,10,Tree cover,0.796,27.5,52.3,1.42,5.0,Siliciclastic Sedimentary,SS,367.1,144.7,NA,NA,NO_EVENT,NA,NA,NA,NA,NA,NA,NA,NA,NA,NA
NEG_2582,1:3,0,2,West Khasi Block,25.226074,91.486167,4194.5,1156.55,25.88,134.55,0.003605,0.000155,5.2510,32.3263,10,Tree cover,0.811,28.7,45.8,1.43,5.0,Siliciclastic Sedimentary,SS,2354.6,2272.5,NA,NA,NO_EVENT,NA,NA,NA,NA,NA,NA,NA,NA,NA,NA
NEG_2583,1:3,0,5,Jaintia Hills Block,25.293505,92.714645,2669.4,623.00,27.43,132.94,-0.003109,-0.001128,5.2053,48.3196,10,Tree cover,0.779,26.3,46.9,1.41,5.4,Siliciclastic Sedimentary,SS,2509.5,1660.1,NA,NA,NO_EVENT,NA,NA,NA,NA,NA,NA,NA,NA,NA,NA
NEG_2584,1:3,0,1,Garo Hills Block,25.050922,90.409171,28526.4,28.41,27.02,316.65,0.000650,-0.001356,4.5464,30.0178,10,Tree cover,0.816,29.1,45.7,1.43,4.8,Mixed Sedimentary,SM,1470.0,531.6,NA,NA,NO_EVENT,NA,NA,NA,NA,NA,NA,NA,NA,NA,NA
NEG_2585,1:3,0,2,West Khasi Block,25.281695,91.062907,1805.4,654.89,28.98,47.67,0.001291,0.002212,5.0803,48.0115,10,Tree cover,0.785,26.7,46.7,1.42,5.2,Siliciclastic Sedimentary,SS,468.1,3653.5,NA,NA,NO_EVENT,NA,NA,NA,NA,NA,NA,NA,NA,NA,NA
NEG_2586,1:3,0,2,West Khasi Block,25.271349,91.298615,4120.4,924.06,27.69,109.40,0.000156,0.002831,5.1780,44.6278,10,Tree cover,0.791,27.1,52.8,1.42,4.8,Siliciclastic Sedimentary,SS,1265.5,1390.5,NA,NA,NO_EVENT,NA,NA,NA,NA,NA,NA,NA,NA,NA,NA
NEG_2587,1:3,0,4,Ri-Bhoi Block,25.962263,91.971793,1270.2,1256.51,17.45,128.48,0.004460,-0.000322,5.9657,20.5025,10,Tree cover,0.820,34.9,42.2,1.35,4.8,Metamorphic,MT,450.7,12852.5,NA,NA,NO_EVENT,NA,NA,NA,NA,NA,NA,NA,NA,NA,NA
NEG_2588,1:3,0,1,Garo Hills Block,25.646359,90.071460,6613.5,62.25,35.51,236.48,-0.001003,-0.001938,3.7946,46.8893,10,Tree cover,0.761,28.0,52.2,1.32,5.3,Mixed Sedimentary,SM,1485.6,2175.5,NA,NA,NO_EVENT,NA,NA,NA,NA,NA,NA,NA,NA,NA,NA
NEG_2589,1:3,0,1,Garo Hills Block,25.769511,90.307564,13499.5,31.20,23.94,147.37,0.000461,0.002635,5.1186,42.7404,10,Tree cover,0.717,30.3,44.1,1.33,4.9,Mixed Sedimentary,SM,72.4,9873.6,NA,NA,NO_EVENT,NA,NA,NA,NA,NA,NA,NA,NA,NA,NA
NEG_2590,1:3,0,1,Garo Hills Block,25.869277,90.562673,15135.8,36.19,35.41,53.16,0.001103,-0.002319,4.5204,24.1689,10,Tree cover,0.787,28.2,52.0,1.36,4.9,Mixed Sedimentary,SM,2350.2,2503.7,NA,NA,NO_EVENT,NA,NA,NA,NA,NA,NA,NA,NA,NA,NA
NEG_2591,1:3,0,1,Garo Hills Block,25.470413,90.868934,3578.1,431.39,33.73,197.96,-0.003906,-0.000573,4.2084,25.3502,10,Tree cover,0.676,22.6,45.5,1.35,5.4,Mixed Sedimentary,SM,523.8,6409.6,NA,NA,NO_EVENT,NA,NA,NA,NA,NA,NA,NA,NA,NA,NA
NEG_2592,1:3,0,1,Garo Hills Block,25.947519,90.185961,30754.9,25.00,15.39,135.54,0.002637,0.000130,6.1517,19.0016,10,Tree cover,0.815,25.3,47.6,1.39,5.1,Mixed Sedimentary,SM,339.7,2465.1,NA,NA,NO_EVENT,NA,NA,NA,NA,NA,NA,NA,NA,NA,NA
NEG_2593,1:3,0,1,Garo Hills Block,25.630896,90.233288,6150.8,37.23,26.81,231.47,-0.000553,-0.000500,4.4696,35.9558,10,Tree cover,0.655,27.4,45.7,1.32,5.0,Mixed Sedimentary,SM,1293.7,3156.4,NA,NA,NO_EVENT,NA,NA,NA,NA,NA,NA,NA,NA,NA,NA
NEG_2594,1:3,0,4,Ri-Bhoi Block,25.781180,92.560488,21644.0,820.93,15.36,153.15,0.000548,0.002560,5.8511,32.5750,10,Tree cover,0.724,29.5,38.7,1.29,4.5,Metamorphic,MT,1437.7,3262.0,NA,NA,NO_EVENT,NA,NA,NA,NA,NA,NA,NA,NA,NA,NA
NEG_2595,1:3,0,2,West Khasi Block,25.489376,91.288681,1638.3,962.05,25.12,238.61,0.000364,0.002590,4.8256,20.4403,10,Tree cover,0.668,30.9,42.8,1.34,4.8,Metamorphic,MT,410.0,1771.9,NA,NA,NO_EVENT,NA,NA,NA,NA,NA,NA,NA,NA,NA,NA
NEG_2596,1:3,0,4,Ri-Bhoi Block,26.021617,91.389024,17494.7,836.42,29.15,151.77,0.000807,-0.002070,4.8723,36.9721,10,Tree cover,0.830,35.2,46.1,1.37,5.0,Metamorphic,MT,1044.5,1150.2,NA,NA,NO_EVENT,NA,NA,NA,NA,NA,NA,NA,NA,NA,NA
NEG_2597,1:3,0,2,West Khasi Block,25.546606,91.563904,3919.0,1332.76,19.02,260.88,0.001723,0.001635,5.1424,18.6482,10,Tree cover,0.653,29.0,45.0,1.32,5.0,Metamorphic,MT,56.4,3157.2,NA,NA,NO_EVENT,NA,NA,NA,NA,NA,NA,NA,NA,NA,NA
NEG_2598,1:3,0,1,Garo Hills Block,25.764368,90.125994,11780.3,49.10,18.84,177.96,0.000334,-0.001756,5.5060,38.0848,10,Tree cover,0.714,30.3,50.3,1.33,5.3,Mixed Sedimentary,SM,1790.4,6225.7,NA,NA,NO_EVENT,NA,NA,NA,NA,NA,NA,NA,NA,NA,NA
NEG_2599,1:3,0,4,Ri-Bhoi Block,25.906799,91.128290,7561.1,702.35,31.31,45.52,-0.002047,0.001380,4.8926,18.3084,10,Tree cover,0.798,33.7,38.2,1.33,4.5,Metamorphic,MT,42.7,1142.7,NA,NA,NO_EVENT,NA,NA,NA,NA,NA,NA,NA,NA,NA,NA
NEG_2600,1:3,0,5,Jaintia Hills Block,25.098136,92.197857,4667.9,1130.12,24.37,256.92,-0.002112,0.001619,4.9147,20.1846,10,Tree cover,0.827,37.1,27.9,1.31,5.5,Carbonate Sedimentary,SC,60.1,937.2,NA,NA,NO_EVENT,NA,NA,NA,NA,NA,NA,NA,NA,NA,NA
NEG_2601,1:3,0,1,Garo Hills Block,25.427106,90.106121,6822.5,31.66,32.10,166.80,-0.004362,0.000186,4.5107,37.3092,10,Tree cover,0.698,22.6,51.1,1.37,5.3,Mixed Sedimentary,SM,774.8,572.8,NA,NA,NO_EVENT,NA,NA,NA,NA,NA,NA,NA,NA,NA,NA
NEG_2602,1:3,0,4,Ri-Bhoi Block,25.704481,92.484401,10731.0,1034.98,25.31,302.96,0.004913,-0.000048,4.7608,47.7934,10,Tree cover,0.681,27.6,38.2,1.28,4.5,Metamorphic,MT,2182.9,4132.9,NA,NA,NO_EVENT,NA,NA,NA,NA,NA,NA,NA,NA,NA,NA
NEG_2603,1:3,0,4,Ri-Bhoi Block,25.978774,92.720874,14603.9,477.71,21.66,137.77,0.003315,-0.000913,5.5959,23.6510,10,Tree cover,0.824,35.1,44.2,1.35,4.9,Metamorphic,MT,492.2,2316.8,NA,NA,NO_EVENT,NA,NA,NA,NA,NA,NA,NA,NA,NA,NA
NEG_2604,1:3,0,1,Garo Hills Block,25.957122,89.806530,45496.3,25.00,24.35,45.50,-0.002334,0.000496,5.4220,20.7509,10,Tree cover,0.818,24.9,46.7,1.39,5.2,Mixed Sedimentary,SM,636.5,294.5,NA,NA,NO_EVENT,NA,NA,NA,NA,NA,NA,NA,NA,NA,NA
NEG_2605,1:3,0,5,Jaintia Hills Block,25.430660,92.296555,1278.2,1236.77,25.52,11.59,0.000394,-0.001180,5.0231,32.4807,10,Tree cover,0.696,33.0,43.7,1.36,4.9,Metamorphic,MT,351.4,2935.1,NA,NA,NO_EVENT,NA,NA,NA,NA,NA,NA,NA,NA,NA,NA
NEG_2606,1:3,0,3,East Khasi Block,25.415553,91.634723,4408.9,1478.96,33.50,29.63,-0.002826,0.001277,4.4433,41.8447,10,Tree cover,0.704,33.4,42.3,1.37,4.5,Metamorphic,MT,1699.5,888.8,NA,NA,NO_EVENT,NA,NA,NA,NA,NA,NA,NA,NA,NA,NA
NEG_2607,1:3,0,1,Garo Hills Block,25.674822,90.913327,10229.3,548.81,29.68,245.24,-0.000454,0.001647,4.3218,48.8199,10,Tree cover,0.669,28.9,44.4,1.32,5.4,Mixed Sedimentary,SM,141.8,1383.9,NA,NA,NO_EVENT,NA,NA,NA,NA,NA,NA,NA,NA,NA,NA
NEG_2608,1:3,0,4,Ri-Bhoi Block,25.996832,91.334846,21790.0,874.97,24.28,132.91,-0.001599,0.001490,5.3400,28.1001,10,Tree cover,0.828,35.2,44.6,1.36,4.9,Metamorphic,MT,382.1,621.8,NA,NA,NO_EVENT,NA,NA,NA,NA,NA,NA,NA,NA,NA,NA
NEG_2609,1:3,0,5,Jaintia Hills Block,25.521967,92.842417,27306.9,418.43,17.84,276.97,0.001262,0.001559,5.3000,18.0165,10,Tree cover,0.658,29.8,46.9,1.33,5.1,Metamorphic,MT,2506.7,6682.2,NA,NA,NO_EVENT,NA,NA,NA,NA,NA,NA,NA,NA,NA,NA
NEG_2610,1:3,0,1,Garo Hills Block,25.552980,90.344115,880.8,25.00,23.24,284.83,0.004323,0.000283,4.7917,19.3320,10,Tree cover,0.652,24.5,44.2,1.33,4.9,Mixed Sedimentary,SM,385.0,49.9,NA,NA,NO_EVENT,NA,NA,NA,NA,NA,NA,NA,NA,NA,NA
NEG_2611,1:3,0,5,Jaintia Hills Block,25.574115,92.282751,1660.2,1283.67,15.32,306.07,-0.002087,-0.000106,5.3921,20.6495,10,Tree cover,0.650,28.2,44.2,1.31,4.9,Metamorphic,MT,4759.1,2384.9,NA,NA,NO_EVENT,NA,NA,NA,NA,NA,NA,NA,NA,NA,NA
NEG_2612,1:3,0,4,Ri-Bhoi Block,25.859009,92.205174,5267.0,1143.32,32.49,90.39,-0.002226,0.001655,4.7329,26.0927,10,Tree cover,0.773,32.2,46.4,1.31,5.1,Metamorphic,MT,2762.5,2469.2,NA,NA,NO_EVENT,NA,NA,NA,NA,NA,NA,NA,NA,NA,NA
NEG_2613,1:3,0,1,Garo Hills Block,25.784666,90.575364,13614.2,30.69,25.37,22.62,0.002121,0.001614,5.0639,41.3693,10,Tree cover,0.727,30.2,52.3,1.34,4.9,Mixed Sedimentary,SM,1755.8,1323.6,NA,NA,NO_EVENT,NA,NA,NA,NA,NA,NA,NA,NA,NA,NA
NEG_2614,1:3,0,4,Ri-Bhoi Block,25.951051,92.525003,31028.2,838.40,15.62,93.08,0.003055,0.000089,6.1289,19.2696,10,Tree cover,0.816,34.7,38.2,1.34,4.5,Metamorphic,MT,1167.4,612.8,NA,NA,NO_EVENT,NA,NA,NA,NA,NA,NA,NA,NA,NA,NA
NEG_2615,1:3,0,1,Garo Hills Block,25.229685,90.197890,3206.2,106.49,25.93,138.81,0.002481,-0.001483,5.2554,33.2516,10,Tree cover,0.810,28.6,47.1,1.43,5.1,Mixed Sedimentary,SM,524.3,1377.5,NA,NA,NO_EVENT,NA,NA,NA,NA,NA,NA,NA,NA,NA,NA
NEG_2616,1:3,0,4,Ri-Bhoi Block,26.073653,92.448388,20885.5,768.40,34.49,1.37,-0.002689,-0.000099,4.2471,55.1259,10,Tree cover,0.826,34.5,38.6,1.38,4.5,Metamorphic,MT,1791.0,10322.5,NA,NA,NO_EVENT,NA,NA,NA,NA,NA,NA,NA,NA,NA,NA
NEG_2617,1:3,0,4,Ri-Bhoi Block,25.984695,92.503448,27692.9,864.10,16.93,78.24,0.002971,0.000844,5.9602,23.2354,10,Tree cover,0.825,35.1,38.1,1.36,4.5,Metamorphic,MT,324.1,113.9,NA,NA,NO_EVENT,NA,NA,NA,NA,NA,NA,NA,NA,NA,NA
NEG_2618,1:3,0,3,East Khasi Block,25.605022,91.771525,2200.1,1678.41,20.36,312.99,-0.002070,-0.001738,4.9712,26.6352,10,Tree cover,0.651,27.6,38.3,1.30,4.3,Metamorphic,MT,111.9,122.3,NA,NA,NO_EVENT,NA,NA,NA,NA,NA,NA,NA,NA,NA,NA
NEG_2619,1:3,0,1,Garo Hills Block,25.608992,89.956179,4676.2,49.53,21.99,295.83,-0.002725,0.001086,4.8413,28.1351,10,Tree cover,0.652,26.6,52.5,1.32,5.4,Mixed Sedimentary,SM,81.6,1538.7,NA,NA,NO_EVENT,NA,NA,NA,NA,NA,NA,NA,NA,NA,NA
NEG_2620,1:3,0,4,Ri-Bhoi Block,25.825143,91.341263,13039.8,1002.21,31.07,139.63,0.004591,-0.000037,4.7535,35.0991,10,Tree cover,0.752,31.0,44.8,1.30,5.0,Metamorphic,MT,1576.9,136.3,NA,NA,NO_EVENT,NA,NA,NA,NA,NA,NA,NA,NA,NA,NA
NEG_2621,1:3,0,4,Ri-Bhoi Block,25.719526,91.333051,11803.3,1059.27,26.43,212.13,-0.003527,0.000874,4.7242,49.7056,10,Tree cover,0.689,27.8,44.5,1.28,4.9,Metamorphic,MT,1677.8,6683.1,NA,NA,NO_EVENT,NA,NA,NA,NA,NA,NA,NA,NA,NA,NA
NEG_2622,1:3,0,1,Garo Hills Block,25.551156,90.323957,620.6,25.00,23.99,272.10,0.003272,0.000993,4.7353,19.2013,10,Tree cover,0.652,24.4,44.1,1.33,4.9,Mixed Sedimentary,SM,179.8,1632.9,NA,NA,NO_EVENT,NA,NA,NA,NA,NA,NA,NA,NA,NA,NA
NEG_2623,1:3,0,1,Garo Hills Block,25.321011,90.284501,10187.3,82.14,23.39,110.45,-0.000608,0.000017,5.5095,45.9509,10,Tree cover,0.763,25.2,44.4,1.41,4.9,Mixed Sedimentary,SM,185.6,200.3,NA,NA,NO_EVENT,NA,NA,NA,NA,NA,NA,NA,NA,NA,NA
NEG_2624,1:3,0,5,Jaintia Hills Block,25.231320,92.767581,11347.3,511.03,28.06,126.50,0.002408,0.001496,5.0887,34.9447,10,Tree cover,0.809,28.6,45.1,1.43,5.3,Siliciclastic Sedimentary,SS,3016.0,471.2,NA,NA,NO_EVENT,NA,NA,NA,NA,NA,NA,NA,NA,NA,NA
NEG_2625,1:3,0,1,Garo Hills Block,25.185363,90.621275,2965.3,25.00,28.04,74.82,-0.004370,0.000325,4.9577,23.6189,10,Tree cover,0.824,29.8,53.1,1.44,5.0,Mixed Sedimentary,SM,568.0,165.2,NA,NA,NO_EVENT,NA,NA,NA,NA,NA,NA,NA,NA,NA,NA
NEG_2626,1:3,0,4,Ri-Bhoi Block,25.657837,91.661045,2591.0,1500.71,34.65,310.84,-0.000699,0.002451,3.8846,49.6132,10,Tree cover,0.663,27.2,41.3,1.29,4.5,Metamorphic,MT,2485.2,3256.0,NA,NA,NO_EVENT,NA,NA,NA,NA,NA,NA,NA,NA,NA,NA
NEG_2627,1:3,0,5,Jaintia Hills Block,25.186292,92.220838,1229.2,1080.94,24.97,73.58,0.004466,0.000274,5.2065,23.1710,10,Tree cover,0.824,40.6,28.8,1.33,5.5,Carbonate Sedimentary,SC,2290.9,1034.0,NA,NA,NO_EVENT,NA,NA,NA,NA,NA,NA,NA,NA,NA,NA
NEG_2628,1:3,0,1,Garo Hills Block,25.868019,90.523819,12069.0,88.45,31.78,44.38,-0.000923,-0.002443,4.8084,23.8095,10,Tree cover,0.778,28.3,50.6,1.36,4.9,Mixed Sedimentary,SM,248.3,2381.8,NA,NA,NO_EVENT,NA,NA,NA,NA,NA,NA,NA,NA,NA,NA
NEG_2629,1:3,0,5,Jaintia Hills Block,25.331760,92.660863,3021.8,654.93,23.92,137.22,0.001893,0.000718,5.4517,46.6909,10,Tree cover,0.756,35.1,41.9,1.38,4.8,Metamorphic,MT,26.8,6595.5,NA,NA,NO_EVENT,NA,NA,NA,NA,NA,NA,NA,NA,NA,NA
NEG_2630,1:3,0,4,Ri-Bhoi Block,25.911725,91.928281,5439.7,1331.02,29.33,109.77,0.000385,0.002412,5.0528,18.0926,10,Tree cover,0.801,33.9,40.6,1.33,4.7,Metamorphic,MT,521.6,9859.5,NA,NA,NO_EVENT,NA,NA,NA,NA,NA,NA,NA,NA,NA,NA
NEG_2631,1:3,0,2,West Khasi Block,25.108812,91.075705,9808.4,533.61,24.20,346.05,0.002037,-0.001711,4.9692,19.0513,10,Tree cover,0.829,30.2,47.2,1.44,5.2,Siliciclastic Sedimentary,SS,250.0,323.9,NA,NA,NO_EVENT,NA,NA,NA,NA,NA,NA,NA,NA,NA,NA
NEG_2632,1:3,0,1,Garo Hills Block,25.624046,90.371604,2996.9,62.48,30.12,296.41,0.001238,0.001343,4.1984,36.1966,10,Tree cover,0.654,27.2,44.7,1.32,4.8,Mixed Sedimentary,SM,2789.4,1459.6,NA,NA,NO_EVENT,NA,NA,NA,NA,NA,NA,NA,NA,NA,NA
NEG_2633,1:3,0,3,East Khasi Block,25.504085,91.633129,4863.7,1464.33,29.12,314.33,-0.000578,-0.001695,4.4539,19.0101,10,Tree cover,0.663,30.4,42.4,1.34,4.5,Metamorphic,MT,586.5,516.7,NA,NA,NO_EVENT,NA,NA,NA,NA,NA,NA,NA,NA,NA,NA
NEG_2634,1:3,0,5,Jaintia Hills Block,25.373567,92.181882,5475.2,1435.57,25.34,109.45,-0.000244,0.002846,5.2405,44.7181,10,Tree cover,0.730,34.5,46.8,1.38,4.8,Metamorphic,MT,2739.9,1491.8,NA,NA,NO_EVENT,NA,NA,NA,NA,NA,NA,NA,NA,NA,NA
NEG_2635,1:3,0,1,Garo Hills Block,25.927686,90.787009,23659.8,214.98,24.27,135.09,0.000534,-0.001547,5.4566,18.1695,10,Tree cover,0.808,26.0,48.8,1.38,5.3,Mixed Sedimentary,SM,343.4,457.5,NA,NA,NO_EVENT,NA,NA,NA,NA,NA,NA,NA,NA,NA,NA
NEG_2636,1:3,0,1,Garo Hills Block,25.925750,90.115909,29059.6,37.57,24.66,131.68,-0.003851,0.000617,5.4260,18.1096,10,Tree cover,0.807,26.1,50.7,1.38,5.3,Mixed Sedimentary,SM,503.0,1821.4,NA,NA,NO_EVENT,NA,NA,NA,NA,NA,NA,NA,NA,NA,NA
NEG_2637,1:3,0,1,Garo Hills Block,25.924747,90.265889,22999.3,50.10,25.07,117.61,0.002254,-0.001452,5.3935,18.0840,10,Tree cover,0.807,26.1,44.8,1.38,5.0,Mixed Sedimentary,SM,321.1,205.3,NA,NA,NO_EVENT,NA,NA,NA,NA,NA,NA,NA,NA,NA,NA
NEG_2638,1:3,0,3,East Khasi Block,25.109561,91.757415,8736.8,1175.86,15.41,346.73,-0.002301,-0.001360,5.6753,18.6286,10,Tree cover,0.829,30.2,49.6,1.44,5.4,Siliciclastic Sedimentary,SS,29.6,295.5,NA,NA,NO_EVENT,NA,NA,NA,NA,NA,NA,NA,NA,NA,NA
NEG_2639,1:3,0,5,Jaintia Hills Block,25.529692,92.569066,4913.4,837.94,15.99,237.34,0.001027,0.002379,5.4262,18.0222,10,Tree cover,0.656,29.5,38.9,1.33,4.6,Metamorphic,MT,1771.3,907.6,NA,NA,NO_EVENT,NA,NA,NA,NA,NA,NA,NA,NA,NA,NA
NEG_2640,1:3,0,1,Garo Hills Block,25.412244,90.675814,2464.2,190.30,24.95,139.48,0.000758,0.002223,5.1399,36.5333,10,Tree cover,0.706,22.7,52.7,1.37,5.1,Mixed Sedimentary,SM,2343.8,3744.2,NA,NA,NO_EVENT,NA,NA,NA,NA,NA,NA,NA,NA,NA,NA
NEG_2641,1:3,0,2,West Khasi Block,25.560794,91.190636,2267.8,877.15,17.02,306.18,-0.002462,-0.000746,5.2751,19.5906,10,Tree cover,0.651,28.6,39.3,1.32,4.6,Metamorphic,MT,672.7,4232.2,NA,NA,NO_EVENT,NA,NA,NA,NA,NA,NA,NA,NA,NA,NA
NEG_2642,1:3,0,3,East Khasi Block,25.391982,91.915911,3190.9,1690.04,28.71,114.77,-0.000173,0.002895,4.9120,44.4423,10,Tree cover,0.718,34.1,40.1,1.37,4.4,Metamorphic,MT,2005.0,846.1,NA,NA,NO_EVENT,NA,NA,NA,NA,NA,NA,NA,NA,NA,NA
NEG_2643,1:3,0,4,Ri-Bhoi Block,25.840327,92.401601,25109.2,1074.95,34.07,37.57,0.002593,0.000988,4.5593,31.8993,10,Tree cover,0.761,31.5,39.8,1.30,4.6,Metamorphic,MT,4069.4,869.8,NA,NA,NO_EVENT,NA,NA,NA,NA,NA,NA,NA,NA,NA,NA
NEG_2644,1:3,0,1,Garo Hills Block,26.070685,90.613301,35643.1,51.99,34.65,11.92,0.004820,-0.000082,4.2461,54.6795,10,Tree cover,0.826,22.5,53.0,1.43,5.0,Mixed Sedimentary,SM,448.5,1364.0,NA,NA,NO_EVENT,NA,NA,NA,NA,NA,NA,NA,NA,NA,NA
NEG_2645,1:3,0,4,Ri-Bhoi Block,25.793381,91.002488,1052.4,550.42,17.63,31.97,-0.003083,0.001082,5.7166,32.9428,10,Tree cover,0.732,29.9,39.9,1.29,4.6,Metamorphic,MT,892.4,6469.0,NA,NA,NO_EVENT,NA,NA,NA,NA,NA,NA,NA,NA,NA,NA
NEG_2646,1:3,0,4,Ri-Bhoi Block,25.751249,91.251744,9095.3,942.55,14.56,319.57,0.001067,0.001388,5.7960,34.5194,10,Tree cover,0.706,28.6,41.4,1.28,4.7,Metamorphic,MT,1470.5,2029.5,NA,NA,NO_EVENT,NA,NA,NA,NA,NA,NA,NA,NA,NA,NA
NEG_2647,1:3,0,4,Ri-Bhoi Block,26.093275,92.023152,7580.6,1089.66,25.14,190.51,-0.002679,-0.001051,4.9170,47.3074,10,Tree cover,0.821,34.0,44.2,1.38,4.9,Metamorphic,MT,842.6,4576.8,NA,NA,NO_EVENT,NA,NA,NA,NA,NA,NA,NA,NA,NA,NA
NEG_2648,1:3,0,4,Ri-Bhoi Block,26.048691,92.346657,10703.7,853.05,28.83,14.88,0.003623,0.000726,4.7985,43.8633,10,Tree cover,0.829,34.9,41.8,1.37,4.7,Metamorphic,MT,2522.3,6760.6,NA,NA,NO_EVENT,NA,NA,NA,NA,NA,NA,NA,NA,NA,NA
NEG_2649,1:3,0,4,Ri-Bhoi Block,25.995133,92.283979,8480.0,1008.95,15.57,45.52,0.000815,0.002510,6.0416,24.2363,10,Tree cover,0.827,35.2,44.2,1.36,4.9,Metamorphic,MT,411.2,4584.1,NA,NA,NO_EVENT,NA,NA,NA,NA,NA,NA,NA,NA,NA,NA
NEG_2650,1:3,0,1,Garo Hills Block,25.515892,90.567955,9116.4,25.90,26.82,314.29,0.000483,0.002303,4.5998,18.1874,10,Tree cover,0.659,23.4,52.1,1.34,4.9,Mixed Sedimentary,SM,413.8,190.7,NA,NA,NO_EVENT,NA,NA,NA,NA,NA,NA,NA,NA,NA,NA
NEG_2651,1:3,0,1,Garo Hills Block,25.419946,89.861721,17027.6,25.00,29.25,15.02,-0.003728,0.000561,4.7665,37.6007,10,Tree cover,0.702,22.6,49.1,1.37,5.3,Mixed Sedimentary,SM,202.5,1433.2,NA,NA,NO_EVENT,NA,NA,NA,NA,NA,NA,NA,NA,NA,NA
NEG_2652,1:3,0,2,West Khasi Block,25.585913,91.340426,3984.1,1092.10,25.85,234.67,0.004300,-0.000407,4.5385,24.7110,10,Tree cover,0.650,28.0,44.8,1.31,5.0,Metamorphic,MT,2045.5,1263.5,NA,NA,NO_EVENT,NA,NA,NA,NA,NA,NA,NA,NA,NA,NA
NEG_2653,1:3,0,5,Jaintia Hills Block,25.587271,92.770795,22130.4,593.41,18.97,239.05,-0.003335,-0.000754,5.0880,23.1300,10,Tree cover,0.650,27.9,45.8,1.31,5.0,Metamorphic,MT,1001.0,2533.7,NA,NA,NO_EVENT,NA,NA,NA,NA,NA,NA,NA,NA,NA,NA
NEG_2654,1:3,0,1,Garo Hills Block,26.004370,90.293224,27958.4,116.55,25.79,112.70,-0.000096,0.002926,5.1971,30.5349,10,Tree cover,0.829,23.4,44.3,1.41,4.9,Mixed Sedimentary,SM,578.2,842.0,NA,NA,NO_EVENT,NA,NA,NA,NA,NA,NA,NA,NA,NA,NA
NEG_2655,1:3,0,2,West Khasi Block,25.418393,91.093066,3813.5,688.68,33.69,15.84,-0.003581,-0.000632,4.4173,41.0739,10,Tree cover,0.703,33.4,38.1,1.37,4.5,Metamorphic,MT,1418.5,1788.8,NA,NA,NO_EVENT,NA,NA,NA,NA,NA,NA,NA,NA,NA,NA
NEG_2656,1:3,0,5,Jaintia Hills Block,25.409376,92.235413,4685.8,1362.95,25.65,51.42,0.002954,0.000106,5.0946,37.7353,10,Tree cover,0.708,33.6,45.8,1.37,5.0,Metamorphic,MT,2747.1,1913.0,NA,NA,NO_EVENT,NA,NA,NA,NA,NA,NA,NA,NA,NA,NA
NEG_2657,1:3,0,2,West Khasi Block,25.585961,91.544904,4658.8,1354.32,19.66,252.01,-0.000130,-0.000986,5.0337,23.1114,10,Tree cover,0.650,28.0,45.5,1.31,5.0,Metamorphic,MT,361.1,2517.4,NA,NA,NO_EVENT,NA,NA,NA,NA,NA,NA,NA,NA,NA,NA
NEG_2658,1:3,0,4,Ri-Bhoi Block,25.941255,92.258081,13244.4,1107.26,17.12,62.82,0.004239,-0.000309,6.0198,18.6946,10,Tree cover,0.813,34.6,45.1,1.34,5.0,Metamorphic,MT,369.0,4747.6,NA,NA,NO_EVENT,NA,NA,NA,NA,NA,NA,NA,NA,NA,NA
NEG_2659,1:3,0,3,East Khasi Block,25.162788,91.977439,4080.0,1298.01,18.93,158.64,0.003338,0.000457,5.6040,19.2875,10,Tree cover,0.828,30.1,51.5,1.44,5.2,Siliciclastic Sedimentary,SS,38.1,250.4,NA,NA,NO_EVENT,NA,NA,NA,NA,NA,NA,NA,NA,NA,NA
NEG_2660,1:3,0,1,Garo Hills Block,25.490271,90.698679,521.9,175.12,21.91,215.23,0.001690,-0.001833,5.0791,20.0269,10,Tree cover,0.668,22.9,52.2,1.35,5.2,Mixed Sedimentary,SM,47.6,486.2,NA,NA,NO_EVENT,NA,NA,NA,NA,NA,NA,NA,NA,NA,NA
NEG_2661,1:3,0,2,West Khasi Block,25.074020,91.286111,15012.1,854.84,24.22,247.77,-0.001058,-0.000301,4.8408,23.9557,10,Tree cover,0.823,29.6,53.0,1.44,4.8,Siliciclastic Sedimentary,SS,305.1,368.6,NA,NA,NO_EVENT,NA,NA,NA,NA,NA,NA,NA,NA,NA,NA
NEG_2662,1:3,0,1,Garo Hills Block,25.403872,90.567115,12472.7,58.70,31.32,33.61,-0.001457,-0.002085,4.6613,43.6628,10,Tree cover,0.711,22.9,52.1,1.38,4.9,Mixed Sedimentary,SM,4260.3,6378.8,NA,NA,NO_EVENT,NA,NA,NA,NA,NA,NA,NA,NA,NA,NA
NEG_2663,1:3,0,4,Ri-Bhoi Block,25.770245,92.146930,2947.1,1359.54,24.17,170.61,0.000720,-0.002262,5.1031,42.8596,10,Tree cover,0.718,29.1,46.9,1.28,5.1,Metamorphic,MT,305.7,3412.2,NA,NA,NO_EVENT,NA,NA,NA,NA,NA,NA,NA,NA,NA,NA
NEG_2664,1:3,0,1,Garo Hills Block,25.284373,89.950815,15402.7,40.94,21.70,62.06,-0.002478,-0.001369,5.6634,40.8471,10,Tree cover,0.784,26.6,52.4,1.42,5.4,Mixed Sedimentary,SM,1366.0,4522.9,NA,NA,NO_EVENT,NA,NA,NA,NA,NA,NA,NA,NA,NA,NA
NEG_2665,1:3,0,1,Garo Hills Block,25.936653,89.830377,42352.1,25.00,25.33,45.04,-0.004208,-0.000439,5.3668,18.6619,10,Tree cover,0.811,25.7,47.7,1.39,5.2,Mixed Sedimentary,SM,1590.2,195.2,NA,NA,NO_EVENT,NA,NA,NA,NA,NA,NA,NA,NA,NA,NA
NEG_2666,1:3,0,4,Ri-Bhoi Block,26.032081,91.714241,9212.3,1076.97,24.44,23.12,-0.002067,-0.001283,5.2120,36.3243,10,Tree cover,0.830,35.1,39.5,1.37,4.6,Metamorphic,MT,2733.5,6025.5,NA,NA,NO_EVENT,NA,NA,NA,NA,NA,NA,NA,NA,NA,NA
NEG_2667,1:3,0,1,Garo Hills Block,25.367594,90.551758,14292.2,37.11,24.35,43.95,0.000546,-0.002645,5.3370,44.5341,10,Tree cover,0.733,23.7,51.6,1.39,4.9,Mixed Sedimentary,SM,1392.6,8315.1,NA,NA,NO_EVENT,NA,NA,NA,NA,NA,NA,NA,NA,NA,NA
NEG_2668,1:3,0,1,Garo Hills Block,25.029726,90.518188,23047.9,25.00,31.12,317.01,-0.001431,0.002141,4.1674,38.1166,10,Tree cover,0.808,28.4,50.4,1.43,4.9,Mixed Sedimentary,SM,176.2,313.8,NA,NA,NO_EVENT,NA,NA,NA,NA,NA,NA,NA,NA,NA,NA
NEG_2669,1:3,0,3,East Khasi Block,25.168747,91.667107,1540.6,1251.05,25.30,24.27,-0.000446,0.001852,5.1169,20.4500,10,Tree cover,0.827,30.0,45.8,1.44,5.3,Siliciclastic Sedimentary,SS,862.0,640.3,NA,NA,NO_EVENT,NA,NA,NA,NA,NA,NA,NA,NA,NA,NA
NEG_2670,1:3,0,2,West Khasi Block,25.199869,91.412321,1962.3,1113.82,30.00,148.04,-0.000991,-0.000315,4.8488,27.4218,10,Tree cover,0.820,29.5,49.0,1.44,4.8,Siliciclastic Sedimentary,SS,1797.2,1269.1,NA,NA,NO_EVENT,NA,NA,NA,NA,NA,NA,NA,NA,NA,NA
NEG_2671,1:3,0,1,Garo Hills Block,25.657326,90.709027,9037.7,210.40,26.03,231.91,0.002282,0.001237,4.5732,41.6393,10,Tree cover,0.662,28.4,51.9,1.32,5.2,Mixed Sedimentary,SM,2030.9,5120.9,NA,NA,NO_EVENT,NA,NA,NA,NA,NA,NA,NA,NA,NA,NA
NEG_2672,1:3,0,1,Garo Hills Block,25.057870,89.913624,37273.6,25.00,24.05,319.66,-0.000148,-0.000889,4.8037,27.1734,10,Tree cover,0.818,29.3,51.3,1.43,5.4,Mixed Sedimentary,SM,671.0,1725.4,NA,NA,NO_EVENT,NA,NA,NA,NA,NA,NA,NA,NA,NA,NA
NEG_2673,1:3,0,5,Jaintia Hills Block,25.048455,92.054330,13710.0,1022.73,26.30,216.79,0.000607,0.001518,4.5974,30.3022,10,Tree cover,0.815,29.0,48.3,1.43,5.0,Siliciclastic Sedimentary,SS,980.8,71.1,NA,NA,NO_EVENT,NA,NA,NA,NA,NA,NA,NA,NA,NA,NA
NEG_2674,1:3,0,5,Jaintia Hills Block,25.363450,92.228716,8439.3,1372.15,19.01,72.92,-0.002410,0.000547,5.7756,39.1314,10,Tree cover,0.736,34.7,45.9,1.38,5.0,Metamorphic,MT,35.4,987.0,NA,NA,NO_EVENT,NA,NA,NA,NA,NA,NA,NA,NA,NA,NA
NEG_2675,1:3,0,2,West Khasi Block,25.486271,91.181644,2065.0,871.95,26.09,332.23,0.000859,-0.002375,4.7594,20.9748,10,Tree cover,0.669,31.0,39.1,1.35,4.6,Metamorphic,MT,871.4,255.2,NA,NA,NO_EVENT,NA,NA,NA,NA,NA,NA,NA,NA,NA,NA
NEG_2676,1:3,0,3,East Khasi Block,25.573913,91.974746,4094.6,1717.63,18.23,232.27,-0.004806,0.000028,5.1595,21.1280,10,Tree cover,0.701,28.3,42.3,1.31,4.5,Metamorphic,MT,684.1,1485.4,NA,NA,NO_EVENT,NA,NA,NA,NA,NA,NA,NA,NA,NA,NA
NEG_2677,1:3,0,1,Garo Hills Block,25.315383,90.170841,8095.3,25.00,16.35,135.87,-0.000877,-0.000431,6.0790,37.3850,10,Tree cover,0.766,25.4,48.3,1.41,5.2,Mixed Sedimentary,SM,2915.3,1477.6,NA,NA,NO_EVENT,NA,NA,NA,NA,NA,NA,NA,NA,NA,NA
NEG_2678,1:3,0,1,Garo Hills Block,25.620542,90.797282,759.7,303.49,29.99,224.64,0.000238,-0.002771,4.2063,35.1096,10,Tree cover,0.653,27.0,48.4,1.32,5.3,Mixed Sedimentary,SM,920.1,3530.9,NA,NA,NO_EVENT,NA,NA,NA,NA,NA,NA,NA,NA,NA,NA
NEG_2679,1:3,0,3,East Khasi Block,25.497891,91.773187,589.8,1735.42,20.47,332.21,0.000828,0.002362,5.1672,19.1740,10,Tree cover,0.834,30.6,38.3,1.34,4.3,Metamorphic,MT,543.3,189.3,NA,NA,NO_EVENT,NA,NA,NA,NA,NA,NA,NA,NA,NA,NA
NEG_2680,1:3,0,3,East Khasi Block,25.553656,91.691850,2347.6,1633.77,19.42,316.10,-0.002151,-0.001196,5.0960,19.1673,10,Tree cover,0.652,28.8,40.2,1.32,4.4,Metamorphic,MT,697.0,2267.8,NA,NA,NO_EVENT,NA,NA,NA,NA,NA,NA,NA,NA,NA,NA
NEG_2681,1:3,0,5,Jaintia Hills Block,25.607736,92.056379,1640.6,1583.87,22.24,225.07,0.000611,-0.002268,4.8211,27.9901,10,Tree cover,0.652,27.6,45.3,1.30,4.7,Metamorphic,MT,433.4,294.4,NA,NA,NO_EVENT,NA,NA,NA,NA,NA,NA,NA,NA,NA,NA
NEG_2682,1:3,0,4,Ri-Bhoi Block,25.782412,91.429279,7580.0,1174.69,20.69,167.99,-0.000563,-0.002519,5.4296,37.4322,10,Tree cover,0.725,29.5,46.8,1.29,5.1,Metamorphic,MT,6100.6,354.0,NA,NA,NO_EVENT,NA,NA,NA,NA,NA,NA,NA,NA,NA,NA
NEG_2683,1:3,0,4,Ri-Bhoi Block,25.753215,92.464357,15696.3,989.74,21.07,351.55,0.000802,-0.001669,5.2831,41.7193,10,Tree cover,0.708,28.6,38.4,1.28,4.5,Metamorphic,MT,1512.5,2445.6,NA,NA,NO_EVENT,NA,NA,NA,NA,NA,NA,NA,NA,NA,NA
NEG_2684,1:3,0,2,West Khasi Block,25.486853,91.058927,4217.2,732.78,29.30,336.40,-0.001027,0.002334,4.5004,21.2455,10,Tree cover,0.669,31.0,38.5,1.35,4.5,Metamorphic,MT,4241.1,260.8,NA,NA,NO_EVENT,NA,NA,NA,NA,NA,NA,NA,NA,NA,NA
NEG_2685,1:3,0,4,Ri-Bhoi Block,25.845385,91.576789,6005.5,1172.94,31.38,90.49,0.002989,-0.001103,4.7883,29.3795,10,Tree cover,0.765,31.7,44.5,1.30,4.9,Metamorphic,MT,320.5,3604.3,NA,NA,NO_EVENT,NA,NA,NA,NA,NA,NA,NA,NA,NA,NA
NEG_2686,1:3,0,5,Jaintia Hills Block,25.096687,92.520942,9760.4,807.04,18.06,268.31,-0.002700,-0.001350,5.4141,19.7535,10,Tree cover,0.827,30.0,53.1,1.44,5.2,Siliciclastic Sedimentary,SS,8886.4,1034.9,NA,NA,NO_EVENT,NA,NA,NA,NA,NA,NA,NA,NA,NA,NA
NEG_2687,1:3,0,5,Jaintia Hills Block,25.053246,92.082609,11626.4,1032.78,28.73,217.13,0.003431,0.000802,4.4161,30.1625,10,Tree cover,0.816,29.1,47.1,1.43,4.9,Siliciclastic Sedimentary,SS,695.7,116.2,NA,NA,NO_EVENT,NA,NA,NA,NA,NA,NA,NA,NA,NA,NA
NEG_2688,1:3,0,4,Ri-Bhoi Block,25.839498,92.706989,24048.2,693.47,32.99,143.52,-0.003153,0.000835,4.6434,31.7080,10,Tree cover,0.761,31.5,43.7,1.30,4.9,Metamorphic,MT,1172.9,2581.7,NA,NA,NO_EVENT,NA,NA,NA,NA,NA,NA,NA,NA,NA,NA
NEG_2689,1:3,0,3,East Khasi Block,25.078465,91.620413,11500.7,1145.50,30.22,308.90,0.004683,0.000182,4.3758,24.4181,10,Tree cover,0.824,29.7,44.5,1.44,5.2,Siliciclastic Sedimentary,SS,302.3,450.6,NA,NA,NO_EVENT,NA,NA,NA,NA,NA,NA,NA,NA,NA,NA
NEG_2690,1:3,0,2,West Khasi Block,25.117544,91.516095,4645.2,1067.31,15.03,194.74,-0.001261,-0.002043,5.7370,18.2653,10,Tree cover,0.829,30.3,44.9,1.44,5.0,Siliciclastic Sedimentary,SS,446.0,296.5,NA,NA,NO_EVENT,NA,NA,NA,NA,NA,NA,NA,NA,NA,NA
NEG_2691,1:3,0,1,Garo Hills Block,25.537364,90.118891,9643.6,96.58,20.20,221.10,0.002868,-0.001006,5.0695,18.2199,10,Tree cover,0.654,24.0,50.5,1.33,5.3,Mixed Sedimentary,SM,813.4,324.9,NA,NA,NO_EVENT,NA,NA,NA,NA,NA,NA,NA,NA,NA,NA
NEG_2692,1:3,0,4,Ri-Bhoi Block,25.681489,92.050757,3280.4,1463.37,25.48,215.55,-0.000239,-0.001217,4.6759,45.5063,10,Tree cover,0.671,27.3,45.2,1.28,4.7,Metamorphic,MT,101.3,171.2,NA,NA,NO_EVENT,NA,NA,NA,NA,NA,NA,NA,NA,NA,NA
NEG_2693,1:3,0,4,Ri-Bhoi Block,25.848661,92.561388,28403.4,752.00,25.56,117.68,0.001014,-0.001686,5.2625,26.5395,60,Bare / sparse vegetation,0.369,31.8,38.7,1.30,4.5,Metamorphic,MT,14.6,54.8,NA,NA,NO_EVENT,NA,NA,NA,NA,NA,NA,NA,NA,NA,NA
NEG_2694,1:3,0,5,Jaintia Hills Block,25.462228,92.706872,13648.0,707.08,34.14,189.08,0.003152,-0.000823,4.2077,27.6135,10,Tree cover,0.680,31.9,43.7,1.35,4.9,Metamorphic,MT,2120.7,6209.9,NA,NA,NO_EVENT,NA,NA,NA,NA,NA,NA,NA,NA,NA,NA
NEG_2695,1:3,0,1,Garo Hills Block,25.954664,90.704330,28929.0,119.62,14.78,124.40,0.004031,-0.000223,6.1912,19.4717,40,Cropland,0.513,25.0,52.1,1.39,5.2,Mixed Sedimentary,SM,294.8,7240.3,NA,NA,NO_EVENT,NA,NA,NA,NA,NA,NA,NA,NA,NA,NA
NEG_2696,1:3,0,2,West Khasi Block,25.192026,91.127938,1335.8,755.36,30.57,29.78,-0.004262,0.000137,4.7779,25.6512,10,Tree cover,0.822,29.6,49.6,1.44,5.1,Siliciclastic Sedimentary,SS,91.3,1535.3,NA,NA,NO_EVENT,NA,NA,NA,NA,NA,NA,NA,NA,NA,NA
NEG_2697,1:3,0,2,West Khasi Block,25.454051,91.555944,3572.6,1365.84,29.86,198.53,-0.001209,0.000517,4.5826,28.4708,10,Tree cover,0.684,32.2,45.2,1.36,5.0,Metamorphic,MT,461.2,788.7,NA,NA,NO_EVENT,NA,NA,NA,NA,NA,NA,NA,NA,NA,NA
NEG_2698,1:3,0,4,Ri-Bhoi Block,25.650057,92.087460,1705.3,1479.21,30.84,224.06,-0.001478,-0.001584,4.1745,44.1011,10,Tree cover,0.660,27.2,46.1,1.29,4.8,Metamorphic,MT,768.3,1135.8,NA,NA,NO_EVENT,NA,NA,NA,NA,NA,NA,NA,NA,NA,NA
NEG_2699,1:3,0,1,Garo Hills Block,25.570681,90.119709,9581.5,78.46,20.52,226.25,0.004451,-0.000064,4.9804,21.0871,10,Tree cover,0.650,25.1,50.5,1.33,5.3,Mixed Sedimentary,SM,1951.5,2762.8,NA,NA,NO_EVENT,NA,NA,NA,NA,NA,NA,NA,NA,NA,NA
NEG_2700,1:3,0,1,Garo Hills Block,25.946955,90.744782,26693.0,139.20,16.78,132.88,0.004615,-0.000074,6.0411,19.0512,10,Tree cover,0.815,25.3,50.6,1.39,5.3,Mixed Sedimentary,SM,1039.2,3163.0,NA,NA,NO_EVENT,NA,NA,NA,NA,NA,NA,NA,NA,NA,NA
NEG_2701,1:3,0,1,Garo Hills Block,26.069001,90.159473,41834.9,34.49,27.17,176.44,0.000522,-0.000462,4.8513,46.4737,10,Tree cover,0.827,22.5,48.8,1.43,5.2,Mixed Sedimentary,SM,3783.5,370.7,NA,NA,NO_EVENT,NA,NA,NA,NA,NA,NA,NA,NA,NA,NA
NEG_2702,1:3,0,1,Garo Hills Block,26.054911,90.077586,43872.1,50.07,34.43,162.80,0.003649,0.000802,4.3263,50.6199,10,Tree cover,0.829,22.6,52.0,1.42,5.3,Mixed Sedimentary,SM,6378.7,386.8,NA,NA,NO_EVENT,NA,NA,NA,NA,NA,NA,NA,NA,NA,NA
NEG_2703,1:3,0,1,Garo Hills Block,25.269519,89.942069,17191.2,35.74,23.71,58.44,-0.000927,-0.002126,5.4950,40.4646,10,Tree cover,0.792,27.2,52.2,1.42,5.4,Mixed Sedimentary,SM,133.8,5087.1,NA,NA,NO_EVENT,NA,NA,NA,NA,NA,NA,NA,NA,NA,NA
NEG_2704,1:3,0,4,Ri-Bhoi Block,25.781522,92.393411,19719.5,1089.21,24.43,12.03,0.001766,-0.001811,5.1269,41.1160,10,Tree cover,0.725,29.5,40.1,1.29,4.6,Metamorphic,MT,1512.4,5560.6,NA,NA,NO_EVENT,NA,NA,NA,NA,NA,NA,NA,NA,NA,NA
NEG_2705,1:3,0,5,Jaintia Hills Block,25.488797,92.631992,12175.3,833.01,29.21,204.31,-0.002255,-0.001121,4.5005,20.9269,10,Tree cover,0.668,30.9,40.8,1.34,4.7,Metamorphic,MT,1455.4,3242.7,NA,NA,NO_EVENT,NA,NA,NA,NA,NA,NA,NA,NA,NA,NA
NEG_2706,1:3,0,4,Ri-Bhoi Block,25.657523,91.721522,6239.2,1509.79,28.05,319.06,0.002490,0.000814,4.4120,43.5194,10,Tree cover,0.662,27.2,39.3,1.29,4.3,Metamorphic,MT,1422.5,1173.1,NA,NA,NO_EVENT,NA,NA,NA,NA,NA,NA,NA,NA,NA,NA
NEG_2707,1:3,0,1,Garo Hills Block,25.933053,90.705241,26723.2,124.22,17.50,123.17,0.003783,0.000678,5.9956,18.2975,10,Tree cover,0.810,25.8,52.0,1.39,5.2,Mixed Sedimentary,SM,1589.5,6892.6,NA,NA,NO_EVENT,NA,NA,NA,NA,NA,NA,NA,NA,NA,NA
NEG_2708,1:3,0,5,Jaintia Hills Block,25.402607,92.563153,5191.1,914.28,21.85,134.36,-0.000652,-0.002567,5.4234,36.1492,10,Tree cover,0.712,33.8,38.7,1.37,4.5,Metamorphic,MT,226.6,1615.6,NA,NA,NO_EVENT,NA,NA,NA,NA,NA,NA,NA,NA,NA,NA
NEG_2709,1:3,0,4,Ri-Bhoi Block,25.993041,92.778272,8654.4,485.03,16.53,125.86,0.001331,0.002178,5.9705,24.3095,10,Tree cover,0.827,35.2,46.0,1.36,5.0,Metamorphic,MT,386.9,931.6,NA,NA,NO_EVENT,NA,NA,NA,NA,NA,NA,NA,NA,NA,NA
NEG_2710,1:3,0,1,Garo Hills Block,25.993985,90.188485,33904.5,25.00,15.43,143.18,0.001289,-0.002189,6.0560,24.0204,10,Tree cover,0.827,23.7,47.5,1.41,5.1,Mixed Sedimentary,SM,87.4,824.0,NA,NA,NO_EVENT,NA,NA,NA,NA,NA,NA,NA,NA,NA,NA
NEG_2711,1:3,0,4,Ri-Bhoi Block,25.909622,91.050007,8822.1,589.86,27.62,49.66,-0.000448,-0.002487,5.1890,18.1536,10,Tree cover,0.800,33.8,38.7,1.33,4.5,Metamorphic,MT,1289.3,5018.3,NA,NA,NO_EVENT,NA,NA,NA,NA,NA,NA,NA,NA,NA,NA
NEG_2712,1:3,0,4,Ri-Bhoi Block,26.090065,91.240457,27525.3,655.78,25.43,326.81,-0.004552,-0.000232,4.9064,47.3658,10,Tree cover,0.822,34.1,40.9,1.38,4.7,Metamorphic,MT,175.2,2493.2,NA,NA,NO_EVENT,NA,NA,NA,NA,NA,NA,NA,NA,NA,NA
NEG_2713,1:3,0,2,West Khasi Block,25.618143,91.415813,8996.9,1169.52,29.53,224.74,0.000236,0.002708,4.2416,34.1687,10,Tree cover,0.653,27.4,46.6,1.30,5.1,Metamorphic,MT,474.2,1344.6,NA,NA,NO_EVENT,NA,NA,NA,NA,NA,NA,NA,NA,NA,NA
NEG_2714,1:3,0,1,Garo Hills Block,25.367476,90.028817,3534.4,121.76,24.39,107.14,-0.000461,-0.002673,5.3341,44.5937,10,Tree cover,0.733,23.7,53.0,1.39,5.4,Mixed Sedimentary,SM,577.3,2544.2,NA,NA,NO_EVENT,NA,NA,NA,NA,NA,NA,NA,NA,NA,NA
NEG_2715,1:3,0,4,Ri-Bhoi Block,25.987303,92.248161,8048.4,1104.92,16.51,61.88,0.002824,0.000660,5.9873,23.4712,10,Tree cover,0.826,35.1,45.4,1.36,5.0,Metamorphic,MT,75.7,2813.9,NA,NA,NO_EVENT,NA,NA,NA,NA,NA,NA,NA,NA,NA,NA
NEG_2716,1:3,0,5,Jaintia Hills Block,25.170689,92.169143,2504.2,1138.76,27.13,134.01,-0.000525,0.001734,4.9778,20.9094,10,Tree cover,0.827,40.1,26.8,1.33,5.6,Carbonate Sedimentary,SC,2218.9,1476.3,NA,NA,NO_EVENT,NA,NA,NA,NA,NA,NA,NA,NA,NA,NA
NEG_2717,1:3,0,4,Ri-Bhoi Block,25.695914,91.047889,756.5,634.98,28.10,324.01,-0.000565,-0.000172,4.5095,50.2956,10,Tree cover,0.677,27.5,38.7,1.28,4.5,Metamorphic,MT,606.7,7521.6,NA,NA,NO_EVENT,NA,NA,NA,NA,NA,NA,NA,NA,NA,NA
NEG_2718,1:3,0,5,Jaintia Hills Block,25.294343,92.422173,3500.4,1007.93,29.12,50.31,0.000340,-0.001861,5.0700,50.3126,10,Tree cover,0.778,26.2,51.1,1.41,5.0,Siliciclastic Sedimentary,SS,3338.2,1830.4,NA,NA,NO_EVENT,NA,NA,NA,NA,NA,NA,NA,NA,NA,NA
NEG_2719,1:3,0,4,Ri-Bhoi Block,25.776203,91.470607,7068.9,1208.77,15.72,170.23,-0.001758,-0.000862,5.8027,33.5096,10,Tree cover,0.721,29.3,46.9,1.28,5.1,Metamorphic,MT,4396.4,1491.1,NA,NA,NO_EVENT,NA,NA,NA,NA,NA,NA,NA,NA,NA,NA
NEG_2720,1:3,0,1,Garo Hills Block,25.678334,90.077752,9917.4,57.52,34.24,228.43,-0.003680,-0.000782,3.9664,54.3190,10,Tree cover,0.670,29.0,52.0,1.32,5.3,Mixed Sedimentary,SM,287.1,357.0,NA,NA,NO_EVENT,NA,NA,NA,NA,NA,NA,NA,NA,NA,NA
NEG_2721,1:3,0,1,Garo Hills Block,25.531833,90.390786,3755.3,30.67,19.48,310.63,0.001495,-0.002099,5.1413,18.0611,10,Tree cover,0.655,23.8,45.2,1.34,4.8,Mixed Sedimentary,SM,1242.3,818.6,NA,NA,NO_EVENT,NA,NA,NA,NA,NA,NA,NA,NA,NA,NA
NEG_2722,1:3,0,3,East Khasi Block,25.245054,91.816977,2313.6,1408.84,29.75,53.02,-0.000772,0.002500,4.9806,39.8536,10,Tree cover,0.804,28.1,51.9,1.43,5.1,Siliciclastic Sedimentary,SS,770.5,1212.0,NA,NA,NO_EVENT,NA,NA,NA,NA,NA,NA,NA,NA,NA,NA
NEG_2723,1:3,0,4,Ri-Bhoi Block,26.004157,91.031458,19386.3,496.19,20.70,41.65,0.000299,0.002808,5.6049,28.0193,10,Tree cover,0.828,35.2,39.1,1.36,4.6,Metamorphic,MT,1175.3,481.2,NA,NA,NO_EVENT,NA,NA,NA,NA,NA,NA,NA,NA,NA,NA
NEG_2724,1:3,0,3,East Khasi Block,25.244369,91.778678,1536.9,1441.76,26.33,44.82,0.000773,0.002516,5.2530,37.1723,10,Tree cover,0.804,28.1,50.5,1.43,5.1,Siliciclastic Sedimentary,SS,1212.9,621.5,NA,NA,NO_EVENT,NA,NA,NA,NA,NA,NA,NA,NA,NA,NA
NEG_2725,1:3,0,4,Ri-Bhoi Block,25.960882,92.082372,2765.8,1158.68,18.58,136.04,-0.003584,0.000558,5.8776,20.5069,10,Tree cover,0.820,34.9,46.0,1.35,5.0,Metamorphic,MT,517.2,3265.0,NA,NA,NO_EVENT,NA,NA,NA,NA,NA,NA,NA,NA,NA,NA
NEG_2726,1:3,0,4,Ri-Bhoi Block,25.958258,91.436492,11073.7,948.12,19.03,136.99,0.001918,-0.000596,5.8458,20.2726,10,Tree cover,0.819,34.8,46.8,1.35,5.1,Metamorphic,MT,1787.9,2203.5,NA,NA,NO_EVENT,NA,NA,NA,NA,NA,NA,NA,NA,NA,NA
NEG_2727,1:3,0,1,Garo Hills Block,25.832026,90.227197,18568.3,69.92,25.05,141.02,-0.004896,-0.000010,5.2566,30.1474,10,Tree cover,0.756,29.4,45.9,1.35,5.1,Mixed Sedimentary,SM,2209.3,5550.7,NA,NA,NO_EVENT,NA,NA,NA,NA,NA,NA,NA,NA,NA,NA
NEG_2728,1:3,0,1,Garo Hills Block,25.396137,90.988125,4999.8,634.25,20.52,51.96,0.001459,-0.000541,5.5528,36.1938,10,Tree cover,0.716,23.0,44.4,1.38,5.3,Mixed Sedimentary,SM,4438.2,641.5,NA,NA,NO_EVENT,NA,NA,NA,NA,NA,NA,NA,NA,NA,NA
NEG_2729,1:3,0,5,Jaintia Hills Block,25.572199,92.633683,8280.9,827.08,22.64,226.30,0.004416,-0.000013,4.8088,21.6276,10,Tree cover,0.650,28.3,40.8,1.31,4.7,Metamorphic,MT,3961.4,316.0,NA,NA,NO_EVENT,NA,NA,NA,NA,NA,NA,NA,NA,NA,NA
NEG_2730,1:3,0,1,Garo Hills Block,25.964240,90.210303,30089.9,25.00,14.69,134.93,0.004288,-0.000425,6.1830,20.2910,40,Cropland,0.659,24.7,46.6,1.40,5.1,Mixed Sedimentary,SM,21.7,211.2,NA,NA,NO_EVENT,NA,NA,NA,NA,NA,NA,NA,NA,NA,NA
NEG_2731,1:3,0,1,Garo Hills Block,25.206613,90.890804,14025.8,350.73,30.81,129.27,-0.002996,-0.000640,4.8045,29.4775,10,Tree cover,0.818,29.3,44.8,1.43,5.4,Mixed Sedimentary,SM,2393.9,331.9,NA,NA,NO_EVENT,NA,NA,NA,NA,NA,NA,NA,NA,NA,NA
NEG_2732,1:3,0,4,Ri-Bhoi Block,25.994998,92.734989,12959.1,466.68,21.44,139.32,0.002091,-0.000327,5.5724,26.5612,10,Tree cover,0.827,35.2,44.7,1.36,4.9,Metamorphic,MT,202.1,2391.2,NA,NA,NO_EVENT,NA,NA,NA,NA,NA,NA,NA,NA,NA,NA
NEG_2733,1:3,0,4,Ri-Bhoi Block,25.725891,92.356386,15923.0,1084.53,22.84,340.96,-0.003801,0.000307,5.0350,45.3785,10,Tree cover,0.692,28.0,41.4,1.28,4.7,Metamorphic,MT,1749.9,1153.9,NA,NA,NO_EVENT,NA,NA,NA,NA,NA,NA,NA,NA,NA,NA
NEG_2734,1:3,0,1,Garo Hills Block,25.587218,90.435397,7230.1,63.47,17.49,312.74,-0.002275,0.000938,5.2064,22.7224,10,Tree cover,0.650,25.7,46.7,1.33,4.8,Mixed Sedimentary,SM,2062.5,2443.9,NA,NA,NO_EVENT,NA,NA,NA,NA,NA,NA,NA,NA,NA,NA
NEG_2735,1:3,0,2,West Khasi Block,25.586663,91.493002,560.3,1309.16,17.07,232.81,-0.004552,-0.000252,5.2404,22.5333,10,Tree cover,0.650,28.0,46.6,1.31,5.1,Metamorphic,MT,56.9,2758.1,NA,NA,NO_EVENT,NA,NA,NA,NA,NA,NA,NA,NA,NA,NA
NEG_2736,1:3,0,1,Garo Hills Block,25.821854,90.470643,4683.7,123.87,22.01,29.80,-0.004912,-0.000027,5.4677,30.8068,10,Tree cover,0.750,29.6,48.3,1.35,4.8,Mixed Sedimentary,SM,1642.6,1824.9,NA,NA,NO_EVENT,NA,NA,NA,NA,NA,NA,NA,NA,NA,NA
NEG_2737,1:3,0,1,Garo Hills Block,25.417775,90.910284,3819.3,513.19,28.80,142.82,-0.000687,0.001962,4.8109,37.8938,10,Tree cover,0.703,22.7,44.4,1.37,5.4,Mixed Sedimentary,SM,2530.8,7602.0,NA,NA,NO_EVENT,NA,NA,NA,NA,NA,NA,NA,NA,NA,NA
NEG_2738,1:3,0,4,Ri-Bhoi Block,26.056195,91.154032,22902.6,592.79,32.10,12.03,0.001627,-0.001278,4.5076,48.7325,10,Tree cover,0.829,34.8,38.5,1.37,4.5,Metamorphic,MT,542.3,280.6,NA,NA,NO_EVENT,NA,NA,NA,NA,NA,NA,NA,NA,NA,NA
NEG_2739,1:3,0,4,Ri-Bhoi Block,25.835501,92.089975,6885.4,1411.25,28.94,143.51,0.004114,-0.000440,4.9558,31.0918,10,Tree cover,0.758,31.4,46.2,1.30,4.8,Metamorphic,MT,375.5,4008.1,NA,NA,NO_EVENT,NA,NA,NA,NA,NA,NA,NA,NA,NA,NA
NEG_2740,1:3,0,2,West Khasi Block,25.306788,91.544203,2262.4,1291.80,19.75,108.31,-0.000211,0.001059,5.8143,40.9535,10,Tree cover,0.771,25.7,44.3,1.41,5.1,Siliciclastic Sedimentary,SS,1273.0,590.2,NA,NA,NO_EVENT,NA,NA,NA,NA,NA,NA,NA,NA,NA,NA
NEG_2741,1:3,0,4,Ri-Bhoi Block,25.985847,91.249353,17033.3,856.58,14.84,79.91,0.002789,0.001001,6.1246,22.7334,10,Tree cover,0.826,35.1,41.3,1.36,4.7,Metamorphic,MT,131.9,1692.1,NA,NA,NO_EVENT,NA,NA,NA,NA,NA,NA,NA,NA,NA,NA
NEG_2742,1:3,0,1,Garo Hills Block,26.040727,90.454098,27816.6,25.00,23.07,19.18,-0.002696,-0.001275,5.2896,37.1123,10,Tree cover,0.830,22.7,47.5,1.42,4.8,Mixed Sedimentary,SM,1292.7,3187.7,NA,NA,NO_EVENT,NA,NA,NA,NA,NA,NA,NA,NA,NA,NA
NEG_2743,1:3,0,5,Jaintia Hills Block,25.100092,92.518934,9854.5,807.61,17.68,271.73,-0.002638,-0.001417,5.4573,19.4148,10,Tree cover,0.828,30.1,53.1,1.44,5.2,Siliciclastic Sedimentary,SS,9212.5,1256.8,NA,NA,NO_EVENT,NA,NA,NA,NA,NA,NA,NA,NA,NA,NA
NEG_2744,1:3,0,4,Ri-Bhoi Block,25.935496,92.827399,8378.5,446.70,17.55,93.87,-0.002723,-0.000841,5.9900,18.4034,10,Tree cover,0.811,34.4,46.8,1.34,5.1,Metamorphic,MT,214.0,1557.9,NA,NA,NO_EVENT,NA,NA,NA,NA,NA,NA,NA,NA,NA,NA
NEG_2745,1:3,0,4,Ri-Bhoi Block,25.753745,92.656898,22860.7,714.16,23.57,184.27,-0.000438,-0.002586,5.0852,44.4755,10,Tree cover,0.708,28.6,41.7,1.28,4.7,Metamorphic,MT,7605.4,2850.3,NA,NA,NO_EVENT,NA,NA,NA,NA,NA,NA,NA,NA,NA,NA
NEG_2746,1:3,0,4,Ri-Bhoi Block,25.913105,92.375500,21240.8,998.25,28.80,45.19,-0.002911,0.000739,5.0955,18.0560,10,Tree cover,0.801,33.9,40.7,1.33,4.7,Metamorphic,MT,1176.5,1292.5,NA,NA,NO_EVENT,NA,NA,NA,NA,NA,NA,NA,NA,NA,NA
NEG_2747,1:3,0,1,Garo Hills Block,25.634673,90.966212,6173.8,611.34,24.89,280.12,-0.000085,0.001050,4.6275,35.5624,10,Tree cover,0.656,27.6,44.2,1.32,5.3,Mixed Sedimentary,SM,2171.5,1994.6,NA,NA,NO_EVENT,NA,NA,NA,NA,NA,NA,NA,NA,NA,NA
NEG_2748,1:3,0,4,Ri-Bhoi Block,26.029323,91.117957,20545.6,523.99,30.96,24.04,0.001966,-0.000793,4.7004,40.4145,10,Tree cover,0.830,35.1,38.1,1.37,4.5,Metamorphic,MT,667.2,1941.6,NA,NA,NO_EVENT,NA,NA,NA,NA,NA,NA,NA,NA,NA,NA
NEG_2749,1:3,0,2,West Khasi Block,25.601925,91.160649,557.4,841.91,25.93,310.55,0.000771,0.001966,4.5257,28.2664,10,Tree cover,0.651,27.7,38.6,1.30,4.5,Metamorphic,MT,1361.7,1127.1,NA,NA,NO_EVENT,NA,NA,NA,NA,NA,NA,NA,NA,NA,NA
NEG_2750,1:3,0,2,West Khasi Block,25.630004,91.235040,5107.5,975.85,24.23,286.08,-0.000670,-0.000237,4.6751,34.0215,10,Tree cover,0.655,27.3,40.7,1.29,4.7,Metamorphic,MT,1401.7,831.3,NA,NA,NO_EVENT,NA,NA,NA,NA,NA,NA,NA,NA,NA,NA
NEG_2751,1:3,0,5,Jaintia Hills Block,25.071805,92.490247,5628.7,830.75,25.38,297.05,-0.004990,-0.000006,4.7407,24.6823,10,Tree cover,0.822,29.6,52.9,1.44,5.2,Siliciclastic Sedimentary,SS,5108.3,155.0,NA,NA,NO_EVENT,NA,NA,NA,NA,NA,NA,NA,NA,NA,NA
NEG_2752,1:3,0,2,West Khasi Block,25.499945,91.596278,4257.5,1377.68,28.35,290.33,-0.001152,0.000899,4.5296,19.3957,10,Tree cover,0.664,30.5,43.8,1.34,4.9,Metamorphic,MT,337.6,143.4,NA,NA,NO_EVENT,NA,NA,NA,NA,NA,NA,NA,NA,NA,NA
NEG_2753,1:3,0,1,Garo Hills Block,25.170323,89.810333,34339.8,86.08,27.18,21.66,-0.002247,-0.001471,4.9724,20.8605,10,Tree cover,0.827,30.0,46.9,1.44,5.2,Mixed Sedimentary,SM,583.7,563.7,NA,NA,NO_EVENT,NA,NA,NA,NA,NA,NA,NA,NA,NA,NA
NEG_2754,1:3,0,3,East Khasi Block,25.284913,91.948987,1750.5,1463.10,26.84,118.53,-0.001861,-0.001883,5.2523,46.3498,10,Tree cover,0.784,26.6,52.4,1.42,5.0,Siliciclastic Sedimentary,SS,779.4,461.3,NA,NA,NO_EVENT,NA,NA,NA,NA,NA,NA,NA,NA,NA,NA
NEG_2755,1:3,0,5,Jaintia Hills Block,25.127130,92.572107,15886.0,719.29,15.03,186.42,0.000347,-0.002578,5.7752,18.0363,10,Tree cover,0.830,30.3,52.5,1.44,5.3,Siliciclastic Sedimentary,SS,11235.4,251.0,NA,NA,NO_EVENT,NA,NA,NA,NA,NA,NA,NA,NA,NA,NA
NEG_2756,1:3,0,1,Garo Hills Block,25.252224,90.424011,21016.6,72.51,26.48,47.30,0.000171,-0.002890,5.2537,39.2004,10,Tree cover,0.800,27.8,46.3,1.43,4.8,Mixed Sedimentary,SM,2285.6,1828.4,NA,NA,NO_EVENT,NA,NA,NA,NA,NA,NA,NA,NA,NA,NA
NEG_2757,1:3,0,1,Garo Hills Block,25.216029,89.842644,28550.9,128.81,32.11,36.56,-0.004296,0.000252,4.7271,32.7201,10,Tree cover,0.815,29.0,48.3,1.43,5.3,Mixed Sedimentary,SM,135.5,3019.4,NA,NA,NO_EVENT,NA,NA,NA,NA,NA,NA,NA,NA,NA,NA
NEG_2758,1:3,0,4,Ri-Bhoi Block,25.853550,92.468855,26819.1,879.82,32.00,58.54,-0.003252,0.000955,4.7594,27.3720,10,Tree cover,0.769,32.0,38.3,1.31,4.5,Metamorphic,MT,3161.2,4171.8,NA,NA,NO_EVENT,NA,NA,NA,NA,NA,NA,NA,NA,NA,NA
NEG_2759,1:3,0,1,Garo Hills Block,25.683296,90.374010,3737.9,86.22,30.59,305.88,-0.003981,0.000567,4.2722,51.3355,10,Tree cover,0.672,29.2,44.7,1.32,4.8,Mixed Sedimentary,SM,2457.5,3328.1,NA,NA,NO_EVENT,NA,NA,NA,NA,NA,NA,NA,NA,NA,NA
NEG_2760,1:3,0,2,West Khasi Block,25.328100,91.251576,3957.4,974.27,14.83,82.83,-0.004340,-0.000242,6.1846,35.7949,10,Tree cover,0.758,35.1,41.4,1.38,4.7,Metamorphic,MT,59.5,1536.9,NA,NA,NO_EVENT,NA,NA,NA,NA,NA,NA,NA,NA,NA,NA
NEG_2761,1:3,0,1,Garo Hills Block,26.050694,90.554422,31088.9,43.41,33.35,18.61,0.001375,0.001626,4.4291,48.4702,10,Tree cover,0.829,22.6,51.7,1.42,4.9,Mixed Sedimentary,SM,1093.7,2864.5,NA,NA,NO_EVENT,NA,NA,NA,NA,NA,NA,NA,NA,NA,NA
NEG_2762,1:3,0,4,Ri-Bhoi Block,25.810178,91.140317,2196.6,807.11,27.83,26.59,0.003096,-0.000760,4.9623,37.3021,10,Tree cover,0.743,30.5,38.3,1.29,4.5,Metamorphic,MT,1539.1,2584.5,NA,NA,NO_EVENT,NA,NA,NA,NA,NA,NA,NA,NA,NA,NA
NEG_2763,1:3,0,2,West Khasi Block,25.341675,91.190544,3875.4,850.15,16.81,52.57,-0.002235,0.001260,6.0026,37.9682,10,Tree cover,0.750,35.0,39.3,1.38,4.6,Metamorphic,MT,583.2,5171.7,NA,NA,NO_EVENT,NA,NA,NA,NA,NA,NA,NA,NA,NA,NA
NEG_2764,1:3,0,5,Jaintia Hills Block,25.096903,92.235996,2911.0,1089.22,20.14,310.34,-0.003902,0.000055,5.2485,19.9327,10,Tree cover,0.827,37.0,29.3,1.31,5.4,Carbonate Sedimentary,SC,391.6,401.2,NA,NA,NO_EVENT,NA,NA,NA,NA,NA,NA,NA,NA,NA,NA
NEG_2765,1:3,0,5,Jaintia Hills Block,25.282766,92.012507,6492.7,1441.37,21.40,133.16,-0.002248,0.001522,5.6870,40.3116,10,Tree cover,0.785,26.7,50.2,1.42,4.8,Siliciclastic Sedimentary,SS,1662.1,1523.9,NA,NA,NO_EVENT,NA,NA,NA,NA,NA,NA,NA,NA,NA,NA
NEG_2766,1:3,0,5,Jaintia Hills Block,25.093816,92.713051,16663.7,475.49,25.89,202.08,-0.003242,0.001047,4.7770,20.9165,10,Tree cover,0.827,30.0,47.0,1.44,5.4,Siliciclastic Sedimentary,SS,9081.3,2647.3,NA,NA,NO_EVENT,NA,NA,NA,NA,NA,NA,NA,NA,NA,NA
NEG_2767,1:3,0,5,Jaintia Hills Block,25.228456,92.492363,10344.4,813.49,29.39,71.60,0.003388,0.000213,4.9758,34.9402,10,Tree cover,0.811,28.6,52.9,1.43,5.2,Siliciclastic Sedimentary,SS,155.7,944.2,NA,NA,NO_EVENT,NA,NA,NA,NA,NA,NA,NA,NA,NA,NA
NEG_2768,1:3,0,4,Ri-Bhoi Block,25.894231,92.751973,16513.9,540.33,27.81,126.99,0.000890,-0.000882,5.1638,19.2060,10,Tree cover,0.792,33.4,45.2,1.32,5.0,Metamorphic,MT,97.2,29.6,NA,NA,NO_EVENT,NA,NA,NA,NA,NA,NA,NA,NA,NA,NA
NEG_2769,1:3,0,5,Jaintia Hills Block,25.536122,92.018562,860.7,1723.50,14.66,219.18,-0.002095,0.001730,5.5158,18.1281,10,Tree cover,0.684,29.3,44.0,1.33,4.7,Metamorphic,MT,176.8,517.6,NA,NA,NO_EVENT,NA,NA,NA,NA,NA,NA,NA,NA,NA,NA
NEG_2770,1:3,0,1,Garo Hills Block,25.420368,90.362323,14725.9,74.01,31.91,33.02,-0.003814,0.000462,4.5521,39.2548,10,Tree cover,0.701,22.6,44.5,1.37,4.8,Mixed Sedimentary,SM,5166.9,637.1,NA,NA,NO_EVENT,NA,NA,NA,NA,NA,NA,NA,NA,NA,NA
NEG_2771,1:3,0,1,Garo Hills Block,25.498522,90.305534,6211.0,25.00,29.80,252.89,-0.000544,0.002651,4.4186,19.6329,10,Tree cover,0.665,23.0,44.2,1.34,4.9,Mixed Sedimentary,SM,6144.1,2049.7,NA,NA,NO_EVENT,NA,NA,NA,NA,NA,NA,NA,NA,NA,NA
NEG_2772,1:3,0,1,Garo Hills Block,26.080608,90.093552,46317.2,46.53,34.30,184.03,0.004872,-0.000073,4.2345,56.2095,10,Tree cover,0.824,22.5,51.5,1.43,5.3,Mixed Sedimentary,SM,6084.8,925.5,NA,NA,NO_EVENT,NA,NA,NA,NA,NA,NA,NA,NA,NA,NA
NEG_2773,1:3,0,4,Ri-Bhoi Block,25.656349,91.710715,5477.7,1504.67,29.18,318.30,0.002071,0.001456,4.3192,44.2641,10,Tree cover,0.662,27.2,39.6,1.29,4.4,Metamorphic,MT,1760.7,2258.7,NA,NA,NO_EVENT,NA,NA,NA,NA,NA,NA,NA,NA,NA,NA
NEG_2774,1:3,0,3,East Khasi Block,25.601126,91.819667,3018.3,1738.65,23.71,303.39,0.002002,-0.001666,4.7034,27.2169,10,Tree cover,0.813,27.7,38.1,1.30,4.3,Metamorphic,MT,750.8,1008.8,NA,NA,NO_EVENT,NA,NA,NA,NA,NA,NA,NA,NA,NA,NA
NEG_2775,1:3,0,2,West Khasi Block,25.145475,91.492806,1685.4,1068.65,14.49,170.37,0.001520,-0.000679,5.8916,18.1798,10,Tree cover,0.830,30.3,45.6,1.44,5.0,Siliciclastic Sedimentary,SS,495.9,1763.6,NA,NA,NO_EVENT,NA,NA,NA,NA,NA,NA,NA,NA,NA,NA
NEG_2776,1:3,0,5,Jaintia Hills Block,25.330190,92.667537,2384.8,644.99,24.26,137.27,0.001141,0.000647,5.4270,47.1098,10,Tree cover,0.757,35.1,42.1,1.38,4.8,Metamorphic,MT,231.3,6633.3,NA,NA,NO_EVENT,NA,NA,NA,NA,NA,NA,NA,NA,NA,NA
NEG_2777,1:3,0,4,Ri-Bhoi Block,25.843037,92.766169,20307.7,525.37,26.96,130.66,-0.003509,-0.000846,5.1356,28.3391,10,Tree cover,0.763,31.6,45.7,1.30,5.0,Metamorphic,MT,1471.1,1150.4,NA,NA,NO_EVENT,NA,NA,NA,NA,NA,NA,NA,NA,NA,NA
NEG_2778,1:3,0,1,Garo Hills Block,25.060561,90.669656,17004.2,109.80,25.88,242.76,-0.000400,-0.000692,4.6653,27.2544,10,Tree cover,0.819,29.3,52.8,1.43,5.1,Mixed Sedimentary,SM,119.9,654.5,NA,NA,NO_EVENT,NA,NA,NA,NA,NA,NA,NA,NA,NA,NA
NEG_2779,1:3,0,1,Garo Hills Block,25.231056,89.834021,28204.2,119.69,34.06,40.11,-0.002923,0.000880,4.6081,38.4819,10,Tree cover,0.810,28.6,47.9,1.43,5.2,Mixed Sedimentary,SM,1401.2,3164.0,NA,NA,NO_EVENT,NA,NA,NA,NA,NA,NA,NA,NA,NA,NA
NEG_2780,1:3,0,2,West Khasi Block,25.269576,91.352461,1001.4,1020.66,33.08,128.47,0.001367,0.000363,4.7454,49.3571,10,Tree cover,0.792,27.2,51.4,1.42,4.8,Siliciclastic Sedimentary,SS,706.1,420.3,NA,NA,NO_EVENT,NA,NA,NA,NA,NA,NA,NA,NA,NA,NA
NEG_2781,1:3,0,4,Ri-Bhoi Block,25.978844,91.915962,3189.5,1317.88,23.36,106.38,-0.000651,-0.001975,5.4597,24.1074,10,Tree cover,0.824,35.1,40.1,1.35,4.6,Metamorphic,MT,1696.5,8050.6,NA,NA,NO_EVENT,NA,NA,NA,NA,NA,NA,NA,NA,NA,NA
NEG_2782,1:3,0,1,Garo Hills Block,25.446199,90.936030,5532.8,521.63,28.06,176.92,0.002213,0.000047,4.7580,29.8133,10,Tree cover,0.687,22.5,44.1,1.36,5.4,Mixed Sedimentary,SM,716.1,4369.8,NA,NA,NO_EVENT,NA,NA,NA,NA,NA,NA,NA,NA,NA,NA
NEG_2783,1:3,0,1,Garo Hills Block,25.512195,90.339976,4307.1,25.00,27.21,287.43,0.000293,0.000901,4.5802,18.3653,10,Tree cover,0.660,23.3,44.2,1.34,4.9,Mixed Sedimentary,SM,2811.6,562.6,NA,NA,NO_EVENT,NA,NA,NA,NA,NA,NA,NA,NA,NA,NA
NEG_2784,1:3,0,1,Garo Hills Block,25.704721,90.910666,8952.2,530.92,25.62,234.92,-0.000862,-0.000477,4.7368,48.1743,10,Tree cover,0.681,29.7,44.4,1.32,5.4,Mixed Sedimentary,SM,944.3,1540.1,NA,NA,NO_EVENT,NA,NA,NA,NA,NA,NA,NA,NA,NA,NA
NEG_2785,1:3,0,4,Ri-Bhoi Block,25.940555,92.107486,6053.4,1203.08,23.52,130.47,-0.004849,-0.000067,5.5084,18.8979,10,Tree cover,0.813,34.5,46.5,1.34,5.1,Metamorphic,MT,2222.1,3951.2,NA,NA,NO_EVENT,NA,NA,NA,NA,NA,NA,NA,NA,NA,NA
NEG_2786,1:3,0,1,Garo Hills Block,25.679354,90.910817,9782.9,542.26,29.51,242.87,-0.000762,0.001343,4.3475,49.4852,10,Tree cover,0.670,29.1,44.4,1.32,5.4,Mixed Sedimentary,SM,70.7,1892.6,NA,NA,NO_EVENT,NA,NA,NA,NA,NA,NA,NA,NA,NA,NA
NEG_2787,1:3,0,5,Jaintia Hills Block,25.246726,92.167263,1968.9,1218.85,35.49,112.45,-0.000253,-0.002828,4.5242,44.6234,10,Tree cover,0.857,28.0,44.4,1.43,4.8,Siliciclastic Sedimentary,SS,86.4,1210.3,NA,NA,NO_EVENT,NA,NA,NA,NA,NA,NA,NA,NA,NA,NA
NEG_2788,1:3,0,1,Garo Hills Block,25.545322,90.485488,11717.6,122.46,15.66,320.13,-0.003814,0.000358,5.4141,18.4714,10,Tree cover,0.653,24.2,48.9,1.33,4.8,Mixed Sedimentary,SM,3398.8,2797.0,NA,NA,NO_EVENT,NA,NA,NA,NA,NA,NA,NA,NA,NA,NA
NEG_2789,1:3,0,1,Garo Hills Block,25.230789,90.304473,9370.2,25.00,35.50,101.06,-0.001174,0.002150,4.4923,39.2566,10,Tree cover,0.852,28.6,44.2,1.43,4.9,Mixed Sedimentary,SM,2437.3,3738.2,NA,NA,NO_EVENT,NA,NA,NA,NA,NA,NA,NA,NA,NA,NA
NEG_2790,1:3,0,1,Garo Hills Block,25.859334,90.498411,9667.6,116.94,28.72,40.36,-0.002754,-0.001142,5.0352,25.0811,10,Tree cover,0.773,28.6,49.5,1.36,4.8,Mixed Sedimentary,SM,1199.9,1313.7,NA,NA,NO_EVENT,NA,NA,NA,NA,NA,NA,NA,NA,NA,NA
NEG_2791,1:3,0,5,Jaintia Hills Block,25.645980,92.475322,4392.6,1045.54,31.35,295.28,0.001237,0.000936,4.1268,43.3982,10,Tree cover,0.659,27.2,38.2,1.29,4.5,Metamorphic,MT,2940.4,212.2,NA,NA,NO_EVENT,NA,NA,NA,NA,NA,NA,NA,NA,NA,NA
NEG_2792,1:3,0,4,Ri-Bhoi Block,25.957167,91.175782,11888.3,700.52,18.98,50.31,0.000826,-0.000559,5.8515,20.1491,10,Tree cover,0.818,34.8,38.9,1.35,4.6,Metamorphic,MT,1127.8,2647.2,NA,NA,NO_EVENT,NA,NA,NA,NA,NA,NA,NA,NA,NA,NA
NEG_2793,1:3,0,2,West Khasi Block,25.036596,91.100654,18183.6,464.15,35.76,320.60,0.003332,0.000306,3.8112,38.7595,10,Tree cover,0.768,28.6,48.4,1.43,5.1,Siliciclastic Sedimentary,SS,47.2,131.4,NA,NA,NO_EVENT,NA,NA,NA,NA,NA,NA,NA,NA,NA,NA
NEG_2794,1:3,0,4,Ri-Bhoi Block,25.674689,91.501183,9707.2,1295.52,25.12,227.75,0.003745,-0.000725,4.6863,44.0628,10,Tree cover,0.668,27.3,46.5,1.28,5.1,Metamorphic,MT,403.1,1679.7,NA,NA,NO_EVENT,NA,NA,NA,NA,NA,NA,NA,NA,NA,NA
NEG_2795,1:3,0,1,Garo Hills Block,25.723443,90.269931,10803.6,75.54,24.15,217.03,0.001887,0.001564,4.9211,46.9749,10,Tree cover,0.691,30.0,44.7,1.32,5.0,Mixed Sedimentary,SM,564.3,4902.1,NA,NA,NO_EVENT,NA,NA,NA,NA,NA,NA,NA,NA,NA,NA
NEG_2796,1:3,0,1,Garo Hills Block,25.718258,90.357087,7905.6,93.01,26.52,310.55,-0.004353,-0.000175,4.7124,49.7986,10,Tree cover,0.688,29.9,44.4,1.32,4.8,Mixed Sedimentary,SM,1076.8,6986.6,NA,NA,NO_EVENT,NA,NA,NA,NA,NA,NA,NA,NA,NA,NA
NEG_2797,1:3,0,1,Garo Hills Block,25.830566,90.834217,12682.5,389.70,32.80,144.93,0.004288,-0.000246,4.6322,34.3579,10,Tree cover,0.755,29.4,46.8,1.35,5.4,Mixed Sedimentary,SM,2066.2,4675.7,NA,NA,NO_EVENT,NA,NA,NA,NA,NA,NA,NA,NA,NA,NA
NEG_2798,1:3,0,1,Garo Hills Block,25.786687,89.945990,22341.0,30.39,16.14,23.98,-0.002226,-0.001605,5.8102,32.6000,10,Tree cover,0.728,30.2,52.3,1.34,5.4,Mixed Sedimentary,SM,1873.0,217.3,NA,NA,NO_EVENT,NA,NA,NA,NA,NA,NA,NA,NA,NA,NA
NEG_2799,1:3,0,3,East Khasi Block,25.460489,91.950355,7596.8,1681.82,31.31,193.73,0.002978,-0.000775,4.4410,27.2636,10,Tree cover,0.680,32.0,41.4,1.35,4.5,Metamorphic,MT,502.9,1717.4,NA,NA,NO_EVENT,NA,NA,NA,NA,NA,NA,NA,NA,NA,NA
NEG_2800,1:3,0,5,Jaintia Hills Block,25.265020,92.225625,2086.0,1185.55,28.25,78.48,-0.000789,-0.000842,5.1278,43.7468,10,Tree cover,0.794,27.4,44.2,1.42,4.8,Siliciclastic Sedimentary,SS,290.0,960.9,NA,NA,NO_EVENT,NA,NA,NA,NA,NA,NA,NA,NA,NA,NA
NEG_2801,1:3,0,2,West Khasi Block,25.401833,91.271477,6498.7,1038.94,22.91,100.66,0.001178,-0.002266,5.3414,37.1865,10,Tree cover,0.712,33.8,42.1,1.37,4.8,Metamorphic,MT,621.6,539.0,NA,NA,NO_EVENT,NA,NA,NA,NA,NA,NA,NA,NA,NA,NA
NEG_2802,1:3,0,4,Ri-Bhoi Block,25.665137,91.241009,6277.6,1013.13,25.81,285.09,0.003296,-0.000501,4.6077,43.0339,10,Tree cover,0.665,27.2,41.0,1.29,4.7,Metamorphic,MT,775.8,1902.7,NA,NA,NO_EVENT,NA,NA,NA,NA,NA,NA,NA,NA,NA,NA
NEG_2803,1:3,0,4,Ri-Bhoi Block,25.774178,91.122776,3135.8,765.25,24.07,7.56,0.001474,-0.001144,5.1267,42.1007,10,Tree cover,0.720,29.2,38.1,1.28,4.5,Metamorphic,MT,2373.9,5486.6,NA,NA,NO_EVENT,NA,NA,NA,NA,NA,NA,NA,NA,NA,NA
NEG_2804,1:3,0,1,Garo Hills Block,25.238455,90.452498,18276.0,108.59,26.00,41.98,0.001926,-0.001561,5.2684,35.4772,10,Tree cover,0.806,28.3,47.5,1.43,4.8,Mixed Sedimentary,SM,2717.8,2287.0,NA,NA,NO_EVENT,NA,NA,NA,NA,NA,NA,NA,NA,NA,NA
NEG_2805,1:3,0,1,Garo Hills Block,25.026268,90.717921,22127.2,59.11,26.02,229.85,-0.002217,-0.000740,4.5685,35.6788,10,Tree cover,0.806,28.3,51.6,1.43,5.2,Mixed Sedimentary,SM,86.1,233.8,NA,NA,NO_EVENT,NA,NA,NA,NA,NA,NA,NA,NA,NA,NA
NEG_2806,1:3,0,4,Ri-Bhoi Block,25.828831,92.222196,8042.2,1153.44,27.27,75.36,-0.004619,0.000135,5.0692,32.0486,10,Tree cover,0.754,31.1,46.1,1.30,5.0,Metamorphic,MT,800.4,5149.4,NA,NA,NO_EVENT,NA,NA,NA,NA,NA,NA,NA,NA,NA,NA
NEG_2807,1:3,0,5,Jaintia Hills Block,25.238665,92.725084,8450.1,630.65,33.02,135.47,0.002210,-0.000951,4.7072,40.2621,10,Tree cover,0.806,28.3,46.5,1.43,5.4,Siliciclastic Sedimentary,SS,7108.4,1667.9,NA,NA,NO_EVENT,NA,NA,NA,NA,NA,NA,NA,NA,NA,NA
NEG_2808,1:3,0,5,Jaintia Hills Block,25.562595,92.596785,4666.2,844.27,17.59,232.79,0.004396,0.000311,5.2266,19.8106,10,Tree cover,0.651,28.5,39.6,1.32,4.6,Metamorphic,MT,3779.0,518.9,NA,NA,NO_EVENT,NA,NA,NA,NA,NA,NA,NA,NA,NA,NA
NEG_2809,1:3,0,4,Ri-Bhoi Block,25.783307,92.003422,3320.2,1503.08,15.80,166.22,-0.002389,0.001085,5.8243,32.7269,10,Tree cover,0.726,29.5,43.5,1.29,4.6,Metamorphic,MT,293.3,3644.5,NA,NA,NO_EVENT,NA,NA,NA,NA,NA,NA,NA,NA,NA,NA
NEG_2810,1:3,0,1,Garo Hills Block,25.111847,90.470973,19525.9,25.00,15.67,348.25,-0.002458,0.000446,5.6634,18.5205,10,Tree cover,0.829,30.2,48.3,1.44,4.8,Mixed Sedimentary,SM,299.9,2229.7,NA,NA,NO_EVENT,NA,NA,NA,NA,NA,NA,NA,NA,NA,NA
NEG_2811,1:3,0,3,East Khasi Block,25.029520,91.984189,17753.1,1086.09,27.96,227.04,-0.002658,-0.000104,4.4198,36.1291,10,Tree cover,0.808,28.4,51.3,1.43,5.1,Siliciclastic Sedimentary,SS,159.3,147.0,NA,NA,NO_EVENT,NA,NA,NA,NA,NA,NA,NA,NA,NA,NA
NEG_2812,1:3,0,5,Jaintia Hills Block,25.391993,92.199290,4210.7,1426.30,26.80,97.05,0.000575,0.002387,5.0648,42.6807,10,Tree cover,0.718,34.1,46.5,1.37,4.8,Metamorphic,MT,3187.1,2755.7,NA,NA,NO_EVENT,NA,NA,NA,NA,NA,NA,NA,NA,NA,NA
NEG_2813,1:3,0,5,Jaintia Hills Block,25.386051,92.298968,4046.3,1197.05,18.80,35.45,0.000006,-0.002995,5.7247,36.1909,10,Tree cover,0.722,34.2,43.6,1.37,4.9,Metamorphic,MT,1659.4,223.9,NA,NA,NO_EVENT,NA,NA,NA,NA,NA,NA,NA,NA,NA,NA
NEG_2814,1:3,0,1,Garo Hills Block,25.161154,90.328788,15404.8,25.00,25.96,74.09,-0.002717,-0.001257,5.0353,19.5820,10,Tree cover,0.828,30.1,44.1,1.44,4.9,Mixed Sedimentary,SM,56.5,2720.6,NA,NA,NO_EVENT,NA,NA,NA,NA,NA,NA,NA,NA,NA,NA
NEG_2815,1:3,0,2,West Khasi Block,25.388147,91.045887,1460.8,632.48,24.47,33.94,-0.000032,-0.002978,5.2641,41.2831,10,Tree cover,0.721,34.2,38.7,1.37,4.5,Metamorphic,MT,4964.0,423.5,NA,NA,NO_EVENT,NA,NA,NA,NA,NA,NA,NA,NA,NA,NA
NEG_2816,1:3,0,5,Jaintia Hills Block,25.396599,92.129123,4164.8,1443.16,29.55,145.19,-0.001394,0.001217,4.8288,44.0846,10,Tree cover,0.715,34.0,46.8,1.37,4.8,Metamorphic,MT,359.0,2118.5,NA,NA,NO_EVENT,NA,NA,NA,NA,NA,NA,NA,NA,NA,NA
NEG_2817,1:3,0,1,Garo Hills Block,25.124708,90.871212,18541.4,317.49,23.17,186.52,0.000915,0.001169,5.1143,18.1147,10,Tree cover,0.830,30.3,45.4,1.44,5.4,Mixed Sedimentary,SM,617.0,1256.0,NA,NA,NO_EVENT,NA,NA,NA,NA,NA,NA,NA,NA,NA,NA
NEG_2818,1:3,0,1,Garo Hills Block,25.924219,90.003731,33273.2,55.29,25.12,88.34,0.003049,-0.001161,5.3897,18.0713,10,Tree cover,0.806,26.2,53.1,1.38,5.4,Mixed Sedimentary,SM,3480.3,3853.6,NA,NA,NO_EVENT,NA,NA,NA,NA,NA,NA,NA,NA,NA,NA
NEG_2819,1:3,0,4,Ri-Bhoi Block,26.037731,92.808266,6724.4,432.35,22.59,124.87,0.000415,0.002394,5.3393,36.1082,10,Tree cover,0.830,35.0,46.6,1.37,5.1,Metamorphic,MT,302.7,1948.0,NA,NA,NO_EVENT,NA,NA,NA,NA,NA,NA,NA,NA,NA,NA
NEG_2820,1:3,0,1,Garo Hills Block,25.115654,90.688381,11902.0,88.08,15.65,198.46,-0.001084,0.002327,5.6800,18.3488,10,Tree cover,0.829,30.2,52.5,1.44,5.2,Mixed Sedimentary,SM,152.6,1218.8,NA,NA,NO_EVENT,NA,NA,NA,NA,NA,NA,NA,NA,NA,NA
NEG_2821,1:3,0,5,Jaintia Hills Block,25.422193,92.167994,674.4,1438.25,34.12,146.44,-0.000643,0.001716,4.3682,40.1318,10,Tree cover,0.700,33.2,46.9,1.37,4.8,Metamorphic,MT,87.6,1483.0,NA,NA,NO_EVENT,NA,NA,NA,NA,NA,NA,NA,NA,NA,NA
NEG_2822,1:3,0,4,Ri-Bhoi Block,25.663601,91.765315,7649.6,1559.55,25.89,319.03,0.002326,-0.001591,4.5978,42.8080,10,Tree cover,0.664,27.2,38.4,1.29,4.3,Metamorphic,MT,2259.4,2190.2,NA,NA,NO_EVENT,NA,NA,NA,NA,NA,NA,NA,NA,NA,NA
NEG_2823,1:3,0,1,Garo Hills Block,25.838111,90.159836,18736.5,129.71,25.29,145.12,0.000453,0.001039,5.2554,28.8301,10,Tree cover,0.760,29.2,48.8,1.35,5.2,Mixed Sedimentary,SM,1059.9,270.4,NA,NA,NO_EVENT,NA,NA,NA,NA,NA,NA,NA,NA,NA,NA
NEG_2824,1:3,0,4,Ri-Bhoi Block,25.919866,91.952140,3848.8,1323.46,25.28,119.65,0.002453,0.001513,5.3775,18.0058,10,Tree cover,0.804,34.1,41.5,1.33,4.7,Metamorphic,MT,880.0,12368.6,NA,NA,NO_EVENT,NA,NA,NA,NA,NA,NA,NA,NA,NA,NA
NEG_2825,1:3,0,5,Jaintia Hills Block,25.643529,92.513693,7037.9,1013.19,27.00,273.85,0.000816,-0.001731,4.4709,39.2748,10,Tree cover,0.658,27.2,38.1,1.29,4.5,Metamorphic,MT,269.0,2834.7,NA,NA,NO_EVENT,NA,NA,NA,NA,NA,NA,NA,NA,NA,NA
NEG_2826,1:3,0,1,Garo Hills Block,25.776331,90.415185,2917.4,52.97,16.42,10.64,-0.000007,-0.002784,5.7472,34.1848,10,Tree cover,0.721,30.3,46.0,1.33,4.8,Mixed Sedimentary,SM,365.6,4797.9,NA,NA,NO_EVENT,NA,NA,NA,NA,NA,NA,NA,NA,NA,NA
NEG_2827,1:3,0,2,West Khasi Block,25.484125,91.306831,3178.7,1005.20,28.15,220.76,-0.000893,0.002296,4.6025,21.5579,10,Tree cover,0.670,31.1,43.5,1.35,4.9,Metamorphic,MT,59.2,600.0,NA,NA,NO_EVENT,NA,NA,NA,NA,NA,NA,NA,NA,NA,NA
NEG_2828,1:3,0,5,Jaintia Hills Block,25.079635,92.711644,17072.4,455.27,28.50,208.30,-0.003698,0.000468,4.5174,23.8104,10,Tree cover,0.824,29.8,47.1,1.44,5.4,Siliciclastic Sedimentary,SS,8256.3,1128.3,NA,NA,NO_EVENT,NA,NA,NA,NA,NA,NA,NA,NA,NA,NA
NEG_2829,1:3,0,3,East Khasi Block,25.158863,91.927257,8204.9,1266.36,24.03,143.51,0.000323,0.002369,5.1809,19.2411,10,Tree cover,0.828,30.2,52.8,1.44,5.3,Siliciclastic Sedimentary,SS,700.1,650.0,NA,NA,NO_EVENT,NA,NA,NA,NA,NA,NA,NA,NA,NA,NA
NEG_2830,1:3,0,1,Garo Hills Block,25.566730,89.878178,10202.3,93.44,17.78,315.84,0.003733,-0.000286,5.2050,20.2445,10,Tree cover,0.650,25.0,49.9,1.33,5.3,Mixed Sedimentary,SM,293.6,712.4,NA,NA,NO_EVENT,NA,NA,NA,NA,NA,NA,NA,NA,NA,NA
NEG_2831,1:3,0,4,Ri-Bhoi Block,26.018727,92.398102,16465.9,813.35,28.84,29.70,0.000502,-0.002287,4.9069,35.9719,10,Tree cover,0.830,35.2,39.9,1.37,4.6,Metamorphic,MT,1467.2,4780.4,NA,NA,NO_EVENT,NA,NA,NA,NA,NA,NA,NA,NA,NA,NA
NEG_2832,1:3,0,1,Garo Hills Block,25.586199,90.498274,13211.8,72.16,19.76,314.85,-0.004112,-0.000490,5.0255,23.1747,10,Tree cover,0.650,25.7,49.5,1.33,4.8,Mixed Sedimentary,SM,821.4,1396.0,NA,NA,NO_EVENT,NA,NA,NA,NA,NA,NA,NA,NA,NA,NA
NEG_2833,1:3,0,1,Garo Hills Block,25.151353,90.908347,13996.2,358.45,20.09,154.98,-0.000519,0.002608,5.4668,18.5305,10,Tree cover,0.829,30.2,44.5,1.44,5.4,Mixed Sedimentary,SM,140.6,544.1,NA,NA,NO_EVENT,NA,NA,NA,NA,NA,NA,NA,NA,NA,NA
NEG_2834,1:3,0,2,West Khasi Block,25.295863,91.345408,2007.5,1020.57,28.20,126.26,0.003844,0.000530,5.1433,49.5045,10,Tree cover,0.777,26.2,51.7,1.41,4.8,Siliciclastic Sedimentary,SS,1283.9,2757.6,NA,NA,NO_EVENT,NA,NA,NA,NA,NA,NA,NA,NA,NA,NA
NEG_2835,1:3,0,4,Ri-Bhoi Block,26.063722,91.553608,5966.9,1015.12,29.37,154.07,0.000905,0.000835,4.6963,47.7433,10,Tree cover,0.828,34.7,45.3,1.38,5.0,Metamorphic,MT,679.7,808.2,NA,NA,NO_EVENT,NA,NA,NA,NA,NA,NA,NA,NA,NA,NA
NEG_2836,1:3,0,4,Ri-Bhoi Block,25.981126,91.785180,6603.2,1189.20,15.14,42.75,0.001054,0.002032,6.1120,22.2355,10,Tree cover,0.825,35.1,38.2,1.35,4.5,Metamorphic,MT,3888.0,592.1,NA,NA,NO_EVENT,NA,NA,NA,NA,NA,NA,NA,NA,NA,NA
NEG_2837,1:3,0,5,Jaintia Hills Block,25.533266,92.406553,1074.3,1166.30,24.78,320.00,0.001275,-0.002216,4.7135,18.1164,10,Tree cover,0.655,29.4,39.6,1.33,4.6,Metamorphic,MT,806.5,2245.1,NA,NA,NO_EVENT,NA,NA,NA,NA,NA,NA,NA,NA,NA,NA
NEG_2838,1:3,0,5,Jaintia Hills Block,25.529078,92.449316,606.3,1038.99,23.73,311.53,-0.001296,-0.002205,4.8087,18.0241,10,Tree cover,0.656,29.5,38.6,1.33,4.5,Metamorphic,MT,239.5,2573.9,NA,NA,NO_EVENT,NA,NA,NA,NA,NA,NA,NA,NA,NA,NA
NEG_2839,1:3,0,1,Garo Hills Block,25.334903,90.192880,9211.7,25.00,14.16,136.78,-0.003139,0.000749,6.2272,34.9553,40,Cropland,0.652,24.7,47.3,1.40,5.1,Mixed Sedimentary,SM,1072.9,3883.3,NA,NA,NO_EVENT,NA,NA,NA,NA,NA,NA,NA,NA,NA,NA
NEG_2840,1:3,0,4,Ri-Bhoi Block,25.943740,91.591616,2478.9,1206.70,23.88,81.68,-0.004496,-0.000181,5.4766,19.1852,10,Tree cover,0.814,34.6,44.0,1.34,4.9,Metamorphic,MT,2248.7,8606.7,NA,NA,NO_EVENT,NA,NA,NA,NA,NA,NA,NA,NA,NA,NA
NEG_2841,1:3,0,4,Ri-Bhoi Block,25.980220,92.660373,20585.2,526.41,23.86,140.49,-0.001453,-0.001904,5.4166,24.5003,10,Tree cover,0.825,35.1,41.8,1.35,4.8,Metamorphic,MT,686.5,2240.1,NA,NA,NO_EVENT,NA,NA,NA,NA,NA,NA,NA,NA,NA,NA
NEG_2842,1:3,0,2,West Khasi Block,25.077919,91.327956,13888.5,853.76,28.31,220.85,0.003622,-0.000402,4.5267,24.1262,10,Tree cover,0.823,29.7,52.2,1.44,4.8,Siliciclastic Sedimentary,SS,1228.7,667.3,NA,NA,NO_EVENT,NA,NA,NA,NA,NA,NA,NA,NA,NA,NA
NEG_2843,1:3,0,3,East Khasi Block,25.424962,91.708868,1259.0,1521.81,28.14,12.68,0.003420,0.000935,4.8359,35.5062,10,Tree cover,0.699,33.2,39.6,1.37,4.4,Metamorphic,MT,643.8,475.1,NA,NA,NO_EVENT,NA,NA,NA,NA,NA,NA,NA,NA,NA,NA
NEG_2844,1:3,0,1,Garo Hills Block,25.877078,90.655800,23733.3,25.00,29.73,102.72,0.000312,0.002812,4.9884,21.7131,60,Bare / sparse vegetation,0.337,28.0,53.0,1.37,5.1,Mixed Sedimentary,SM,13.7,322.6,NA,NA,NO_EVENT,NA,NA,NA,NA,NA,NA,NA,NA,NA,NA
NEG_2845,1:3,0,3,East Khasi Block,25.621342,91.961622,3331.1,1703.13,27.44,236.80,-0.001415,0.001603,4.4108,33.8654,10,Tree cover,0.708,27.4,41.8,1.30,4.5,Metamorphic,MT,185.9,6257.3,NA,NA,NO_EVENT,NA,NA,NA,NA,NA,NA,NA,NA,NA,NA
NEG_2846,1:3,0,5,Jaintia Hills Block,25.165186,92.282904,4399.4,1068.58,16.63,24.57,0.001502,-0.001880,5.7971,19.3145,10,Tree cover,0.828,39.8,30.8,1.33,5.4,Carbonate Sedimentary,SC,2702.0,2260.8,NA,NA,NO_EVENT,NA,NA,NA,NA,NA,NA,NA,NA,NA,NA
NEG_2847,1:3,0,4,Ri-Bhoi Block,25.674598,92.696089,18533.1,616.35,34.61,217.77,0.001909,0.001484,3.9269,53.8884,10,Tree cover,0.668,27.3,43.3,1.28,4.9,Metamorphic,MT,964.1,4457.7,NA,NA,NO_EVENT,NA,NA,NA,NA,NA,NA,NA,NA,NA,NA
NEG_2848,1:3,0,1,Garo Hills Block,25.386691,90.129845,7006.4,25.00,22.95,149.02,-0.000245,0.001983,5.3905,40.0945,10,Tree cover,0.722,23.2,50.1,1.38,5.3,Mixed Sedimentary,SM,2559.8,4584.8,NA,NA,NO_EVENT,NA,NA,NA,NA,NA,NA,NA,NA,NA,NA
NEG_2849,1:3,0,1,Garo Hills Block,25.567021,90.061723,4848.9,25.00,24.62,240.69,0.002763,0.000344,4.6574,21.1504,10,Tree cover,0.650,25.0,52.4,1.33,5.4,Mixed Sedimentary,SM,863.2,354.7,NA,NA,NO_EVENT,NA,NA,NA,NA,NA,NA,NA,NA,NA,NA
NEG_2850,1:3,0,1,Garo Hills Block,26.067089,89.917989,51272.6,42.24,25.97,5.98,-0.000684,-0.000600,4.9549,44.8935,10,Tree cover,0.827,22.5,51.4,1.43,5.4,Mixed Sedimentary,SM,265.2,5159.9,NA,NA,NO_EVENT,NA,NA,NA,NA,NA,NA,NA,NA,NA,NA
NEG_2851,1:3,0,4,Ri-Bhoi Block,25.833784,91.401562,6911.0,1149.76,31.90,145.91,0.002194,0.000655,4.7139,32.9423,10,Tree cover,0.757,31.3,46.4,1.30,5.1,Metamorphic,MT,2603.3,3114.2,NA,NA,NO_EVENT,NA,NA,NA,NA,NA,NA,NA,NA,NA,NA
NEG_2852,1:3,0,1,Garo Hills Block,25.418110,90.000819,7218.2,90.97,29.77,78.44,0.003015,-0.001181,4.7320,38.4691,10,Tree cover,0.703,22.7,53.1,1.37,5.4,Mixed Sedimentary,SM,799.2,62.2,NA,NA,NO_EVENT,NA,NA,NA,NA,NA,NA,NA,NA,NA,NA
NEG_2853,1:3,0,4,Ri-Bhoi Block,25.691940,91.584922,1537.3,1474.14,30.26,276.70,-0.004081,-0.000264,4.3242,52.2804,10,Tree cover,0.676,27.4,44.2,1.28,4.7,Metamorphic,MT,938.4,6464.7,NA,NA,NO_EVENT,NA,NA,NA,NA,NA,NA,NA,NA,NA,NA
NEG_2854,1:3,0,5,Jaintia Hills Block,25.323354,92.576176,1788.0,847.76,16.18,119.46,0.002907,-0.000129,6.0833,37.3751,10,Tree cover,0.761,35.2,39.0,1.38,4.6,Metamorphic,MT,1435.9,3567.8,NA,NA,NO_EVENT,NA,NA,NA,NA,NA,NA,NA,NA,NA,NA
NEG_2855,1:3,0,2,West Khasi Block,25.348439,91.171663,5481.3,798.72,19.10,46.40,-0.000257,0.001882,5.8052,40.3752,10,Tree cover,0.745,34.9,38.8,1.38,4.6,Metamorphic,MT,2615.8,4367.0,NA,NA,NO_EVENT,NA,NA,NA,NA,NA,NA,NA,NA,NA,NA
NEG_2856,1:3,0,1,Garo Hills Block,25.607263,90.105707,7649.5,42.77,27.76,230.07,0.003210,0.000276,4.3794,30.3479,10,Tree cover,0.651,26.5,51.1,1.32,5.3,Mixed Sedimentary,SM,3538.9,3893.8,NA,NA,NO_EVENT,NA,NA,NA,NA,NA,NA,NA,NA,NA,NA
NEG_2857,1:3,0,1,Garo Hills Block,26.026735,90.942335,24335.0,446.80,22.18,98.26,-0.001014,-0.002293,5.4120,33.5165,10,Tree cover,0.830,22.9,44.1,1.42,5.4,Mixed Sedimentary,SM,1019.4,507.5,NA,NA,NO_EVENT,NA,NA,NA,NA,NA,NA,NA,NA,NA,NA
NEG_2858,1:3,0,1,Garo Hills Block,25.107242,90.981238,11058.9,480.55,15.72,321.38,-0.002975,-0.000043,5.6415,18.7742,10,Tree cover,0.829,30.2,44.3,1.44,5.3,Mixed Sedimentary,SM,108.5,133.9,NA,NA,NO_EVENT,NA,NA,NA,NA,NA,NA,NA,NA,NA,NA
NEG_2859,1:3,0,4,Ri-Bhoi Block,25.668219,91.366641,8196.8,1073.63,35.62,222.98,-0.003563,0.000463,3.8301,53.3622,10,Tree cover,0.755,27.2,45.6,1.28,5.0,Metamorphic,MT,25.7,6255.9,NA,NA,NO_EVENT,NA,NA,NA,NA,NA,NA,NA,NA,NA,NA
NEG_2860,1:3,0,1,Garo Hills Block,25.770105,89.969226,19812.2,33.79,16.46,13.89,-0.001109,-0.000436,5.7193,34.9451,10,Tree cover,0.718,30.3,52.8,1.33,5.4,Mixed Sedimentary,SM,726.6,1707.8,NA,NA,NO_EVENT,NA,NA,NA,NA,NA,NA,NA,NA,NA,NA
NEG_2861,1:3,0,5,Jaintia Hills Block,25.327304,92.298653,6586.2,1169.71,14.88,49.28,-0.000165,-0.000453,6.1818,35.8524,10,Tree cover,0.759,35.1,43.6,1.38,4.9,Metamorphic,MT,883.8,83.9,NA,NA,NO_EVENT,NA,NA,NA,NA,NA,NA,NA,NA,NA,NA
NEG_2862,1:3,0,5,Jaintia Hills Block,25.106285,92.409232,2698.7,857.40,25.74,343.70,0.001226,0.002171,4.8362,19.3631,10,Tree cover,0.828,37.4,31.6,1.31,5.6,Carbonate Sedimentary,SC,2990.7,1235.3,NA,NA,NO_EVENT,NA,NA,NA,NA,NA,NA,NA,NA,NA,NA
NEG_2863,1:3,0,5,Jaintia Hills Block,25.119248,92.345085,840.1,941.26,18.93,352.22,0.001495,-0.001215,5.4318,18.2637,10,Tree cover,0.830,37.9,31.9,1.32,5.4,Carbonate Sedimentary,SC,839.5,2006.9,NA,NA,NO_EVENT,NA,NA,NA,NA,NA,NA,NA,NA,NA,NA
NEG_2864,1:3,0,3,East Khasi Block,25.409651,91.667238,1229.1,1480.28,30.74,24.95,-0.000330,0.002392,4.6864,41.5734,10,Tree cover,0.708,33.6,41.0,1.37,4.5,Metamorphic,MT,183.3,63.3,NA,NA,NO_EVENT,NA,NA,NA,NA,NA,NA,NA,NA,NA,NA
NEG_2865,1:3,0,1,Garo Hills Block,25.185118,90.001815,22554.0,25.00,25.99,84.50,0.003801,-0.000478,5.1209,23.1627,10,Tree cover,0.824,29.8,53.1,1.44,5.4,Mixed Sedimentary,SM,720.1,519.7,NA,NA,NO_EVENT,NA,NA,NA,NA,NA,NA,NA,NA,NA,NA
NEG_2866,1:3,0,1,Garo Hills Block,25.253213,90.189954,2504.9,94.17,25.34,135.97,0.000395,-0.002357,5.3463,38.5138,10,Tree cover,0.800,27.8,47.4,1.42,5.1,Mixed Sedimentary,SM,621.1,711.2,NA,NA,NO_EVENT,NA,NA,NA,NA,NA,NA,NA,NA,NA,NA
NEG_2867,1:3,0,2,West Khasi Block,25.357398,91.368869,5890.9,1042.56,24.61,138.13,0.002968,0.000660,5.3433,46.0432,10,Tree cover,0.740,34.8,45.6,1.38,5.0,Metamorphic,MT,1431.5,404.2,NA,NA,NO_EVENT,NA,NA,NA,NA,NA,NA,NA,NA,NA,NA
NEG_2868,1:3,0,4,Ri-Bhoi Block,25.655860,92.209098,5544.9,1439.05,32.16,272.21,0.001870,0.001688,4.0798,46.8154,10,Tree cover,0.662,27.2,46.4,1.29,4.8,Metamorphic,MT,638.7,1776.5,NA,NA,NO_EVENT,NA,NA,NA,NA,NA,NA,NA,NA,NA,NA
NEG_2869,1:3,0,4,Ri-Bhoi Block,25.728739,91.656713,1977.8,1448.81,25.60,335.97,-0.001321,-0.001930,4.8250,48.6252,10,Tree cover,0.694,28.0,41.4,1.28,4.5,Metamorphic,MT,1229.8,450.1,NA,NA,NO_EVENT,NA,NA,NA,NA,NA,NA,NA,NA,NA,NA
NEG_2870,1:3,0,2,West Khasi Block,25.464725,91.245116,5176.8,925.45,25.26,315.51,0.004266,0.000421,4.9083,24.6065,10,Tree cover,0.678,31.8,41.1,1.35,4.7,Metamorphic,MT,177.1,1601.0,NA,NA,NO_EVENT,NA,NA,NA,NA,NA,NA,NA,NA,NA,NA
NEG_2871,1:3,0,5,Jaintia Hills Block,25.467682,92.368606,8110.0,1190.40,32.06,348.32,-0.004295,-0.000215,4.3527,25.6457,10,Tree cover,0.677,31.7,40.9,1.35,4.7,Metamorphic,MT,99.9,882.4,NA,NA,NO_EVENT,NA,NA,NA,NA,NA,NA,NA,NA,NA,NA
NEG_2872,1:3,0,1,Garo Hills Block,25.268400,89.817449,27441.6,73.28,33.02,45.84,0.000859,0.002090,4.7493,48.9946,10,Tree cover,0.792,27.2,47.2,1.42,5.2,Mixed Sedimentary,SM,1307.5,1421.4,NA,NA,NO_EVENT,NA,NA,NA,NA,NA,NA,NA,NA,NA,NA
NEG_2873,1:3,0,1,Garo Hills Block,25.723425,90.417510,7714.9,25.00,19.02,335.94,0.000250,-0.001764,5.3314,40.8201,10,Tree cover,0.691,30.0,46.0,1.32,4.8,Mixed Sedimentary,SM,1365.1,7170.4,NA,NA,NO_EVENT,NA,NA,NA,NA,NA,NA,NA,NA,NA,NA
NEG_2874,1:3,0,4,Ri-Bhoi Block,25.981324,92.420091,20043.9,848.90,24.28,43.83,-0.000486,-0.002119,5.3804,24.8317,10,Tree cover,0.825,35.1,39.3,1.35,4.6,Metamorphic,MT,1457.9,127.4,NA,NA,NO_EVENT,NA,NA,NA,NA,NA,NA,NA,NA,NA,NA
NEG_2875,1:3,0,1,Garo Hills Block,25.102866,90.124485,19068.0,25.00,21.25,197.67,0.002822,0.001225,5.1823,19.4291,10,Tree cover,0.828,30.1,50.3,1.44,5.3,Mixed Sedimentary,SM,981.3,1652.5,NA,NA,NO_EVENT,NA,NA,NA,NA,NA,NA,NA,NA,NA,NA
NEG_2876,1:3,0,3,East Khasi Block,25.554785,91.658129,1283.5,1542.37,22.91,309.33,0.001500,-0.001217,4.8146,19.4875,10,Tree cover,0.652,28.8,41.4,1.32,4.5,Metamorphic,MT,123.5,3105.6,NA,NA,NO_EVENT,NA,NA,NA,NA,NA,NA,NA,NA,NA,NA
NEG_2877,1:3,0,3,East Khasi Block,25.316901,91.986233,3581.9,1477.50,17.42,130.10,-0.004970,0.000003,5.9918,38.7058,10,Tree cover,0.765,25.4,51.2,1.41,4.9,Siliciclastic Sedimentary,SS,2201.2,141.8,NA,NA,NO_EVENT,NA,NA,NA,NA,NA,NA,NA,NA,NA,NA
NEG_2878,1:3,0,1,Garo Hills Block,25.662509,90.790714,3443.6,238.63,32.29,219.82,0.000103,-0.002336,4.0834,48.6673,10,Tree cover,0.664,28.6,48.7,1.32,5.3,Mixed Sedimentary,SM,290.7,2615.3,NA,NA,NO_EVENT,NA,NA,NA,NA,NA,NA,NA,NA,NA,NA
NEG_2879,1:3,0,5,Jaintia Hills Block,25.047401,92.087958,11933.7,1028.99,30.02,219.20,0.003518,0.000888,4.2970,32.3391,60,Bare / sparse vegetation,0.177,29.0,46.9,1.43,4.9,Siliciclastic Sedimentary,SS,17.3,547.8,NA,NA,NO_EVENT,NA,NA,NA,NA,NA,NA,NA,NA,NA,NA
NEG_2880,1:3,0,5,Jaintia Hills Block,25.251934,92.345145,3234.1,1131.37,29.89,43.34,-0.000728,0.001266,4.9804,41.8519,10,Tree cover,0.800,27.8,47.8,1.43,4.9,Siliciclastic Sedimentary,SS,3240.6,812.1,NA,NA,NO_EVENT,NA,NA,NA,NA,NA,NA,NA,NA,NA,NA
NEG_2881,1:3,0,2,West Khasi Block,25.473913,91.560086,4241.2,1348.51,28.63,237.12,-0.001345,0.001761,4.6029,23.5145,10,Tree cover,0.674,31.5,45.1,1.35,5.0,Metamorphic,MT,932.9,731.6,NA,NA,NO_EVENT,NA,NA,NA,NA,NA,NA,NA,NA,NA,NA
NEG_2882,1:3,0,4,Ri-Bhoi Block,25.962785,92.434050,22241.7,873.07,23.66,50.00,0.000985,-0.000953,5.4680,21.4704,10,Tree cover,0.820,34.9,38.9,1.35,4.6,Metamorphic,MT,947.9,856.7,NA,NA,NO_EVENT,NA,NA,NA,NA,NA,NA,NA,NA,NA,NA
NEG_2883,1:3,0,1,Garo Hills Block,25.421241,90.437111,16788.3,25.00,24.61,15.45,0.002100,0.001529,5.1327,34.1871,10,Tree cover,0.701,22.6,46.8,1.37,4.8,Mixed Sedimentary,SM,1124.6,4408.9,NA,NA,NO_EVENT,NA,NA,NA,NA,NA,NA,NA,NA,NA,NA
NEG_2884,1:3,0,4,Ri-Bhoi Block,25.857158,91.120895,3569.3,779.93,35.49,39.65,0.003143,0.000797,4.4887,27.3569,10,Tree cover,0.782,32.1,38.1,1.31,4.5,Metamorphic,MT,1051.4,1341.0,NA,NA,NO_EVENT,NA,NA,NA,NA,NA,NA,NA,NA,NA,NA
NEG_2885,1:3,0,5,Jaintia Hills Block,25.227405,92.558497,11812.3,740.43,25.95,114.89,-0.000624,0.002109,5.2486,32.6959,10,Tree cover,0.811,28.7,52.8,1.43,5.3,Siliciclastic Sedimentary,SS,6041.4,1027.5,NA,NA,NO_EVENT,NA,NA,NA,NA,NA,NA,NA,NA,NA,NA
NEG_2886,1:3,0,1,Garo Hills Block,25.233953,89.878712,24511.4,108.78,29.09,41.52,-0.002140,-0.001637,5.0120,36.3017,10,Tree cover,0.808,28.5,49.9,1.43,5.3,Mixed Sedimentary,SM,26.0,6466.3,NA,NA,NO_EVENT,NA,NA,NA,NA,NA,NA,NA,NA,NA,NA
NEG_2887,1:3,0,3,East Khasi Block,25.041902,91.698062,14123.2,1032.94,30.15,319.84,-0.002343,-0.001527,4.2726,33.9716,10,Tree cover,0.812,39.5,22.5,1.31,5.7,Volcanic Basic,VB,465.9,697.5,NA,NA,NO_EVENT,NA,NA,NA,NA,NA,NA,NA,NA,NA,NA
NEG_2888,1:3,0,1,Garo Hills Block,25.734609,90.748677,7685.4,217.44,17.47,196.07,0.002714,0.001108,5.4978,38.7443,10,Tree cover,0.697,30.2,50.5,1.33,5.3,Mixed Sedimentary,SM,1909.1,1395.2,NA,NA,NO_EVENT,NA,NA,NA,NA,NA,NA,NA,NA,NA,NA
NEG_2889,1:3,0,1,Garo Hills Block,25.365612,90.835456,2295.7,310.21,25.31,141.32,0.001969,-0.001253,5.2657,45.8523,10,Tree cover,0.735,23.7,46.7,1.39,5.4,Mixed Sedimentary,SM,5610.7,7740.9,NA,NA,NO_EVENT,NA,NA,NA,NA,NA,NA,NA,NA,NA,NA
NEG_2890,1:3,0,1,Garo Hills Block,25.754571,89.977308,17926.2,54.16,17.21,347.36,0.000806,0.000155,5.5973,37.2639,10,Tree cover,0.708,30.3,52.9,1.33,5.4,Mixed Sedimentary,SM,205.1,250.0,NA,NA,NO_EVENT,NA,NA,NA,NA,NA,NA,NA,NA,NA,NA
NEG_2891,1:3,0,1,Garo Hills Block,26.023446,90.478689,26156.3,25.00,21.12,26.33,-0.001364,0.000059,5.5084,32.1148,10,Tree cover,0.830,23.0,48.6,1.42,4.8,Mixed Sedimentary,SM,354.8,2808.5,NA,NA,NO_EVENT,NA,NA,NA,NA,NA,NA,NA,NA,NA,NA
NEG_2892,1:3,0,1,Garo Hills Block,26.099647,90.323144,36262.5,25.00,34.45,275.56,0.003062,-0.001143,4.1473,58.7599,10,Tree cover,0.820,22.6,44.1,1.43,4.9,Mixed Sedimentary,SM,1372.6,1089.4,NA,NA,NO_EVENT,NA,NA,NA,NA,NA,NA,NA,NA,NA,NA
NEG_2893,1:3,0,1,Garo Hills Block,25.853270,90.481408,8152.1,126.64,26.80,38.57,-0.003696,-0.000178,5.1747,25.9110,10,Tree cover,0.769,28.8,48.8,1.36,4.8,Mixed Sedimentary,SM,172.1,287.9,NA,NA,NO_EVENT,NA,NA,NA,NA,NA,NA,NA,NA,NA,NA
NEG_2894,1:3,0,5,Jaintia Hills Block,25.107315,92.468547,7694.4,840.38,22.09,332.89,-0.002607,0.001154,5.1322,19.0818,10,Tree cover,0.829,30.2,52.5,1.44,5.1,Siliciclastic Sedimentary,SS,7589.9,2399.6,NA,NA,NO_EVENT,NA,NA,NA,NA,NA,NA,NA,NA,NA,NA
NEG_2895,1:3,0,4,Ri-Bhoi Block,25.947451,91.030890,13154.5,534.42,19.21,52.69,0.001531,-0.000150,5.8461,19.2445,10,Tree cover,0.815,34.7,39.1,1.34,4.6,Metamorphic,MT,61.2,1001.1,NA,NA,NO_EVENT,NA,NA,NA,NA,NA,NA,NA,NA,NA,NA
NEG_2896,1:3,0,4,Ri-Bhoi Block,25.778588,91.499051,7404.2,1227.93,14.81,166.12,-0.001957,0.001050,5.8850,32.3484,10,Tree cover,0.723,29.4,46.6,1.29,5.1,Metamorphic,MT,3780.5,2334.3,NA,NA,NO_EVENT,NA,NA,NA,NA,NA,NA,NA,NA,NA,NA
NEG_2897,1:3,0,1,Garo Hills Block,25.941193,90.760921,25644.2,159.59,19.08,134.36,0.003432,-0.000444,5.8630,18.7700,10,Tree cover,0.813,25.5,50.0,1.39,5.3,Mixed Sedimentary,SM,579.4,1442.5,NA,NA,NO_EVENT,NA,NA,NA,NA,NA,NA,NA,NA,NA,NA
NEG_2898,1:3,0,2,West Khasi Block,25.585566,91.280386,4154.8,980.24,19.32,260.17,-0.001658,-0.000898,5.0612,22.9629,10,Tree cover,0.650,28.0,42.5,1.31,4.8,Metamorphic,MT,1096.4,3260.4,NA,NA,NO_EVENT,NA,NA,NA,NA,NA,NA,NA,NA,NA,NA
NEG_2899,1:3,0,5,Jaintia Hills Block,25.402218,92.518938,4240.8,998.11,22.39,88.72,0.001587,-0.001860,5.3816,36.6748,10,Tree cover,0.712,33.8,38.1,1.37,4.5,Metamorphic,MT,1326.7,2212.8,NA,NA,NO_EVENT,NA,NA,NA,NA,NA,NA,NA,NA,NA,NA
NEG_2900,1:3,0,1,Garo Hills Block,25.199148,90.256001,7367.7,25.00,27.53,134.40,0.003689,0.000180,5.0441,26.4790,10,Tree cover,0.820,29.5,45.0,1.44,5.0,Mixed Sedimentary,SM,104.9,596.0,NA,NA,NO_EVENT,NA,NA,NA,NA,NA,NA,NA,NA,NA,NA
NEG_2901,1:3,0,3,East Khasi Block,25.643062,91.805357,3040.4,1673.81,28.14,309.39,-0.000190,-0.002886,4.3790,40.0532,10,Tree cover,0.658,27.2,38.1,1.29,4.3,Metamorphic,MT,534.9,4727.6,NA,NA,NO_EVENT,NA,NA,NA,NA,NA,NA,NA,NA,NA,NA
NEG_2902,1:3,0,1,Garo Hills Block,25.230189,90.991688,6521.3,476.18,26.24,63.47,0.003116,0.000629,5.2318,33.5608,10,Tree cover,0.810,28.6,44.5,1.43,5.3,Mixed Sedimentary,SM,2707.5,2331.4,NA,NA,NO_EVENT,NA,NA,NA,NA,NA,NA,NA,NA,NA,NA
NEG_2903,1:3,0,1,Garo Hills Block,26.042289,90.552183,30140.8,40.61,32.03,23.71,0.000962,0.002110,4.5670,44.9770,10,Tree cover,0.830,22.7,51.6,1.42,4.9,Mixed Sedimentary,SM,1984.0,2610.5,NA,NA,NO_EVENT,NA,NA,NA,NA,NA,NA,NA,NA,NA,NA
NEG_2904,1:3,0,4,Ri-Bhoi Block,25.741830,92.057456,4290.9,1452.75,16.63,190.86,-0.000504,0.002596,5.5932,37.4475,10,Tree cover,0.701,28.3,45.4,1.28,4.7,Metamorphic,MT,612.7,858.3,NA,NA,NO_EVENT,NA,NA,NA,NA,NA,NA,NA,NA,NA,NA
NEG_2905,1:3,0,5,Jaintia Hills Block,25.503979,92.659454,13163.9,829.45,28.72,208.75,-0.000304,-0.002688,4.4863,19.0060,10,Tree cover,0.663,30.4,41.8,1.34,4.8,Metamorphic,MT,717.9,3624.3,NA,NA,NO_EVENT,NA,NA,NA,NA,NA,NA,NA,NA,NA,NA
NEG_2906,1:3,0,4,Ri-Bhoi Block,25.815589,91.196670,4660.3,805.78,22.56,40.01,-0.003119,-0.000476,5.4027,32.4828,10,Tree cover,0.746,30.7,39.5,1.29,4.6,Metamorphic,MT,1286.5,3306.0,NA,NA,NO_EVENT,NA,NA,NA,NA,NA,NA,NA,NA,NA,NA
NEG_2907,1:3,0,3,East Khasi Block,25.634882,91.912471,1085.9,1767.78,34.18,257.72,0.000017,0.002896,3.8845,42.1850,10,Tree cover,0.743,27.3,40.0,1.29,4.4,Metamorphic,MT,512.0,2603.5,NA,NA,NO_EVENT,NA,NA,NA,NA,NA,NA,NA,NA,NA,NA
NEG_2908,1:3,0,4,Ri-Bhoi Block,25.659565,92.480028,5938.8,1049.30,31.04,294.56,0.002777,0.000518,4.1770,46.7556,10,Tree cover,0.663,27.2,38.2,1.29,4.5,Metamorphic,MT,2792.7,615.8,NA,NA,NO_EVENT,NA,NA,NA,NA,NA,NA,NA,NA,NA,NA
NEG_2909,1:3,0,1,Garo Hills Block,25.405440,90.714652,535.0,204.55,21.93,150.61,0.002380,0.000918,5.4067,35.6601,10,Tree cover,0.710,22.8,51.7,1.38,5.2,Mixed Sedimentary,SM,544.1,1866.3,NA,NA,NO_EVENT,NA,NA,NA,NA,NA,NA,NA,NA,NA,NA
NEG_2910,1:3,0,1,Garo Hills Block,25.250946,89.915238,20548.6,60.16,25.75,49.44,0.000066,-0.002940,5.3102,38.3171,10,Tree cover,0.801,27.9,51.3,1.43,5.4,Mixed Sedimentary,SM,235.5,5061.3,NA,NA,NO_EVENT,NA,NA,NA,NA,NA,NA,NA,NA,NA,NA
NEG_2911,1:3,0,5,Jaintia Hills Block,25.066455,92.453668,2934.6,819.70,30.45,314.98,-0.003210,-0.000198,4.3179,27.3475,10,Tree cover,0.820,29.5,52.1,1.44,5.1,Siliciclastic Sedimentary,SS,2897.5,1241.6,NA,NA,NO_EVENT,NA,NA,NA,NA,NA,NA,NA,NA,NA,NA
NEG_2912,1:3,0,4,Ri-Bhoi Block,25.752665,91.814624,6796.7,1552.32,17.83,353.13,-0.000436,0.002664,5.5401,38.1170,10,Tree cover,0.707,28.6,38.1,1.28,4.3,Metamorphic,MT,223.0,2173.2,NA,NA,NO_EVENT,NA,NA,NA,NA,NA,NA,NA,NA,NA,NA
NEG_2913,1:3,0,4,Ri-Bhoi Block,25.683814,92.390118,10162.2,1039.05,33.20,324.07,-0.003631,0.000667,4.0648,54.2746,60,Bare / sparse vegetation,0.319,27.3,40.2,1.28,4.6,Metamorphic,MT,0.6,5748.8,NA,NA,NO_EVENT,NA,NA,NA,NA,NA,NA,NA,NA,NA,NA
NEG_2914,1:3,0,5,Jaintia Hills Block,25.538688,92.454753,1029.9,1023.48,22.36,307.36,-0.002202,-0.001679,4.8935,18.3003,10,Tree cover,0.654,29.2,38.5,1.32,4.5,Metamorphic,MT,409.0,2281.9,NA,NA,NO_EVENT,NA,NA,NA,NA,NA,NA,NA,NA,NA,NA
NEG_2915,1:3,0,5,Jaintia Hills Block,25.408201,92.626458,3953.2,754.70,29.14,156.67,-0.002704,0.000748,4.8198,40.7350,10,Tree cover,0.709,33.7,40.6,1.37,4.7,Metamorphic,MT,5290.6,1435.3,NA,NA,NO_EVENT,NA,NA,NA,NA,NA,NA,NA,NA,NA,NA
NEG_2916,1:3,0,1,Garo Hills Block,25.774550,90.584390,14609.0,32.97,24.48,15.52,0.001469,0.001304,5.0954,42.4462,10,Tree cover,0.720,30.3,52.5,1.33,5.0,Mixed Sedimentary,SM,3195.6,1866.3,NA,NA,NO_EVENT,NA,NA,NA,NA,NA,NA,NA,NA,NA,NA
NEG_2917,1:3,0,2,West Khasi Block,25.629212,91.425743,8676.8,1163.59,30.04,224.12,-0.000104,0.002937,4.2095,37.6358,10,Tree cover,0.655,27.3,46.7,1.29,5.1,Metamorphic,MT,388.4,1318.6,NA,NA,NO_EVENT,NA,NA,NA,NA,NA,NA,NA,NA,NA,NA
NEG_2918,1:3,0,3,East Khasi Block,25.168931,91.603291,2159.6,1141.76,26.22,54.15,-0.003894,-0.000256,5.0440,20.5644,10,Tree cover,0.827,30.0,44.2,1.44,5.2,Siliciclastic Sedimentary,SS,310.3,219.7,NA,NA,NO_EVENT,NA,NA,NA,NA,NA,NA,NA,NA,NA,NA
NEG_2919,1:3,0,1,Garo Hills Block,25.359968,89.959664,10396.8,94.47,16.20,59.35,-0.002622,0.000937,6.0096,36.2777,10,Tree cover,0.738,23.9,52.6,1.39,5.4,Mixed Sedimentary,SM,1179.4,3198.3,NA,NA,NO_EVENT,NA,NA,NA,NA,NA,NA,NA,NA,NA,NA
NEG_2920,1:3,0,4,Ri-Bhoi Block,26.044549,91.756546,5405.3,1092.13,23.66,17.19,-0.003068,0.001090,5.2280,38.3932,10,Tree cover,0.830,35.0,38.5,1.37,4.5,Metamorphic,MT,2309.9,5427.3,NA,NA,NO_EVENT,NA,NA,NA,NA,NA,NA,NA,NA,NA,NA
NEG_2921,1:3,0,4,Ri-Bhoi Block,25.967072,91.861971,609.2,1324.07,22.82,71.70,-0.004524,-0.000057,5.5275,21.9864,10,Tree cover,0.821,35.0,38.7,1.35,4.5,Metamorphic,MT,107.9,5990.6,NA,NA,NO_EVENT,NA,NA,NA,NA,NA,NA,NA,NA,NA,NA
NEG_2922,1:3,0,2,West Khasi Block,25.405542,91.363699,4675.5,1072.89,31.92,154.53,-0.002527,0.000397,4.6072,43.6754,10,Tree cover,0.710,33.7,45.5,1.37,5.0,Metamorphic,MT,811.5,4108.9,NA,NA,NO_EVENT,NA,NA,NA,NA,NA,NA,NA,NA,NA,NA
NEG_2923,1:3,0,4,Ri-Bhoi Block,25.749807,92.728770,26656.4,619.57,20.95,187.36,0.001336,-0.000786,5.2791,41.8981,10,Tree cover,0.706,28.5,44.5,1.28,4.9,Metamorphic,MT,3973.1,695.0,NA,NA,NO_EVENT,NA,NA,NA,NA,NA,NA,NA,NA,NA,NA
NEG_2924,1:3,0,5,Jaintia Hills Block,25.293963,92.468680,4731.9,954.93,25.67,63.87,-0.003416,-0.000898,5.3461,46.4347,10,Tree cover,0.779,26.2,52.5,1.41,5.1,Siliciclastic Sedimentary,SS,3005.7,91.9,NA,NA,NO_EVENT,NA,NA,NA,NA,NA,NA,NA,NA,NA,NA
NEG_2925,1:3,0,4,Ri-Bhoi Block,26.018004,91.844767,1275.1,1238.81,26.29,50.19,0.000649,0.001116,5.1134,34.2004,10,Tree cover,0.830,35.2,38.4,1.37,4.5,Metamorphic,MT,832.2,94.9,NA,NA,NO_EVENT,NA,NA,NA,NA,NA,NA,NA,NA,NA,NA
NEG_2926,1:3,0,4,Ri-Bhoi Block,26.025768,91.013530,21998.5,485.89,22.49,38.32,-0.001114,0.002082,5.3906,33.5273,10,Tree cover,0.830,35.1,39.5,1.37,4.6,Metamorphic,MT,753.6,597.9,NA,NA,NO_EVENT,NA,NA,NA,NA,NA,NA,NA,NA,NA,NA
NEG_2927,1:3,0,4,Ri-Bhoi Block,26.049257,91.943488,5004.5,1166.83,30.87,152.64,-0.001952,-0.001581,4.6331,45.8390,10,Tree cover,0.829,34.9,41.1,1.37,4.7,Metamorphic,MT,2578.7,2915.3,NA,NA,NO_EVENT,NA,NA,NA,NA,NA,NA,NA,NA,NA,NA
NEG_2928,1:3,0,5,Jaintia Hills Block,25.065366,92.565962,12352.7,724.29,23.17,234.53,0.001778,0.000317,4.8968,25.3251,10,Tree cover,0.820,29.4,52.6,1.44,5.3,Siliciclastic Sedimentary,SS,7151.5,568.0,NA,NA,NO_EVENT,NA,NA,NA,NA,NA,NA,NA,NA,NA,NA
NEG_2929,1:3,0,2,West Khasi Block,25.543231,91.203997,726.9,873.60,15.68,304.23,-0.002850,-0.001288,5.4172,18.3786,10,Tree cover,0.653,29.1,39.7,1.32,4.6,Metamorphic,MT,398.1,2023.2,NA,NA,NO_EVENT,NA,NA,NA,NA,NA,NA,NA,NA,NA,NA
NEG_2930,1:3,0,1,Garo Hills Block,25.631784,90.255623,4213.9,56.86,29.48,237.76,-0.000337,-0.001986,4.2570,37.9933,10,Tree cover,0.656,27.5,45.0,1.32,5.0,Mixed Sedimentary,SM,2424.7,1667.8,NA,NA,NO_EVENT,NA,NA,NA,NA,NA,NA,NA,NA,NA,NA
NEG_2931,1:3,0,5,Jaintia Hills Block,25.526699,92.334938,2784.3,1284.35,18.86,323.32,0.001578,0.001755,5.2048,18.0023,10,Tree cover,0.657,29.6,42.2,1.33,4.8,Metamorphic,MT,2163.6,2541.4,NA,NA,NO_EVENT,NA,NA,NA,NA,NA,NA,NA,NA,NA,NA
NEG_2932,1:3,0,1,Garo Hills Block,25.036721,90.632397,19223.9,124.75,32.63,271.78,0.002534,-0.001462,4.0619,36.9032,10,Tree cover,0.810,28.6,53.1,1.43,5.0,Mixed Sedimentary,SM,896.0,17.1,NA,NA,NO_EVENT,NA,NA,NA,NA,NA,NA,NA,NA,NA,NA
NEG_2933,1:3,0,2,West Khasi Block,25.022651,91.067919,18896.0,444.91,33.96,316.14,0.001094,0.002268,3.9266,42.2372,10,Tree cover,0.805,28.2,46.9,1.43,5.2,Siliciclastic Sedimentary,SS,152.2,222.5,NA,NA,NO_EVENT,NA,NA,NA,NA,NA,NA,NA,NA,NA,NA
NEG_2934,1:3,0,4,Ri-Bhoi Block,25.806581,92.236254,9388.4,1180.34,21.75,55.66,-0.004538,-0.000029,5.4359,33.8232,10,Tree cover,0.740,30.3,45.7,1.29,5.0,Metamorphic,MT,97.0,7157.6,NA,NA,NO_EVENT,NA,NA,NA,NA,NA,NA,NA,NA,NA,NA
NEG_2935,1:3,0,4,Ri-Bhoi Block,26.040805,91.655939,9248.1,1094.69,32.12,25.51,0.001250,-0.002101,4.5654,44.6320,10,Tree cover,0.830,35.0,41.5,1.37,4.7,Metamorphic,MT,4167.4,5878.4,NA,NA,NO_EVENT,NA,NA,NA,NA,NA,NA,NA,NA,NA,NA
NEG_2936,1:3,0,5,Jaintia Hills Block,25.294997,92.618651,5182.8,752.54,24.92,129.89,0.003937,-0.000205,5.4059,45.7340,10,Tree cover,0.778,26.2,51.1,1.41,5.4,Siliciclastic Sedimentary,SS,3829.1,2572.9,NA,NA,NO_EVENT,NA,NA,NA,NA,NA,NA,NA,NA,NA,NA
NEG_2937,1:3,0,4,Ri-Bhoi Block,25.857341,91.552007,6369.2,1151.09,29.35,107.03,0.000501,-0.002201,4.9803,25.6954,10,Tree cover,0.772,32.1,45.3,1.31,5.0,Metamorphic,MT,2284.0,3629.9,NA,NA,NO_EVENT,NA,NA,NA,NA,NA,NA,NA,NA,NA,NA
NEG_2938,1:3,0,4,Ri-Bhoi Block,25.771291,92.619165,23216.9,776.74,20.19,173.05,0.001255,-0.000363,5.4257,38.6229,10,Tree cover,0.718,29.2,40.3,1.28,4.7,Metamorphic,MT,4400.8,1312.9,NA,NA,NO_EVENT,NA,NA,NA,NA,NA,NA,NA,NA,NA,NA
NEG_2939,1:3,0,1,Garo Hills Block,25.789386,90.923542,8766.5,429.87,19.42,132.14,-0.000474,-0.002254,5.5582,35.1282,10,Tree cover,0.730,30.1,44.2,1.34,5.4,Mixed Sedimentary,SM,2127.7,4654.0,NA,NA,NO_EVENT,NA,NA,NA,NA,NA,NA,NA,NA,NA,NA
NEG_2940,1:3,0,1,Garo Hills Block,25.790070,89.922848,23652.4,49.88,16.17,21.05,-0.000858,-0.002169,5.8208,32.1676,10,Tree cover,0.730,30.1,51.6,1.34,5.4,Mixed Sedimentary,SM,3218.0,2451.3,NA,NA,NO_EVENT,NA,NA,NA,NA,NA,NA,NA,NA,NA,NA
NEG_2941,1:3,0,2,West Khasi Block,25.437329,91.039285,1118.6,658.75,30.58,6.95,0.000493,-0.000707,4.5918,33.4065,10,Tree cover,0.692,32.8,38.9,1.36,4.6,Metamorphic,MT,3251.0,1577.0,NA,NA,NO_EVENT,NA,NA,NA,NA,NA,NA,NA,NA,NA,NA
NEG_2942,1:3,0,1,Garo Hills Block,25.200185,89.870411,27719.8,120.80,26.70,32.55,-0.004307,-0.000172,5.1138,26.4567,10,Tree cover,0.820,29.4,49.5,1.44,5.3,Mixed Sedimentary,SM,415.9,4297.1,NA,NA,NO_EVENT,NA,NA,NA,NA,NA,NA,NA,NA,NA,NA
NEG_2943,1:3,0,3,East Khasi Block,25.164052,91.796596,4436.2,1313.30,18.20,20.74,0.000065,-0.002127,5.6672,19.3419,10,Tree cover,0.828,30.1,51.2,1.44,5.4,Siliciclastic Sedimentary,SS,680.2,693.8,NA,NA,NO_EVENT,NA,NA,NA,NA,NA,NA,NA,NA,NA,NA
NEG_2944,1:3,0,4,Ri-Bhoi Block,25.886472,92.814021,13902.7,413.79,24.93,101.83,0.000009,-0.002879,5.3857,19.8793,10,Tree cover,0.788,33.1,46.7,1.32,5.1,Metamorphic,MT,275.1,1466.2,NA,NA,NO_EVENT,NA,NA,NA,NA,NA,NA,NA,NA,NA,NA
NEG_2945,1:3,0,3,East Khasi Block,25.394073,91.628107,4124.1,1474.39,29.91,46.08,-0.001097,0.001346,4.8088,45.0351,10,Tree cover,0.717,34.0,42.6,1.37,4.6,Metamorphic,MT,1899.8,1893.9,NA,NA,NO_EVENT,NA,NA,NA,NA,NA,NA,NA,NA,NA,NA
NEG_2946,1:3,0,1,Garo Hills Block,26.032117,90.309477,29860.7,107.89,31.46,105.12,0.001140,0.002316,4.6503,41.5979,10,Tree cover,0.830,22.9,44.1,1.42,4.9,Mixed Sedimentary,SM,54.4,212.2,NA,NA,NO_EVENT,NA,NA,NA,NA,NA,NA,NA,NA,NA,NA
NEG_2947,1:3,0,4,Ri-Bhoi Block,25.795057,92.102685,4101.1,1411.60,23.59,158.75,0.003665,0.000433,5.2462,37.6465,10,Tree cover,0.733,29.9,46.4,1.29,4.8,Metamorphic,MT,620.6,438.5,NA,NA,NO_EVENT,NA,NA,NA,NA,NA,NA,NA,NA,NA,NA
NEG_2948,1:3,0,5,Jaintia Hills Block,25.116094,92.426811,3893.9,864.75,24.54,348.33,-0.000058,0.002743,4.9705,18.5192,10,Tree cover,0.829,37.8,31.2,1.32,5.6,Carbonate Sedimentary,SC,4061.8,2064.3,NA,NA,NO_EVENT,NA,NA,NA,NA,NA,NA,NA,NA,NA,NA
NEG_2949,1:3,0,1,Garo Hills Block,25.898153,89.901879,35455.1,61.56,24.34,48.53,-0.000366,0.002780,5.4448,18.7403,10,Tree cover,0.794,27.2,50.8,1.37,5.4,Mixed Sedimentary,SM,2490.2,1103.7,NA,NA,NO_EVENT,NA,NA,NA,NA,NA,NA,NA,NA,NA,NA
NEG_2950,1:3,0,1,Garo Hills Block,25.118371,89.949837,30587.5,55.15,15.21,345.09,-0.001416,0.001665,5.7259,18.2402,10,Tree cover,0.830,30.3,52.4,1.44,5.4,Mixed Sedimentary,SM,310.9,2199.3,NA,NA,NO_EVENT,NA,NA,NA,NA,NA,NA,NA,NA,NA,NA
NEG_2951,1:3,0,2,West Khasi Block,25.381523,91.353331,7030.9,1057.11,27.41,142.19,0.000316,-0.000313,5.0505,45.4364,10,Tree cover,0.725,34.3,45.2,1.38,5.0,Metamorphic,MT,2080.5,2440.2,NA,NA,NO_EVENT,NA,NA,NA,NA,NA,NA,NA,NA,NA,NA
NEG_2952,1:3,0,1,Garo Hills Block,25.594936,90.616384,10060.1,65.57,26.84,280.50,0.004021,0.000503,4.4544,26.9709,10,Tree cover,0.650,26.0,53.0,1.32,5.0,Mixed Sedimentary,SM,2061.2,6475.6,NA,NA,NO_EVENT,NA,NA,NA,NA,NA,NA,NA,NA,NA,NA
NEG_2953,1:3,0,1,Garo Hills Block,26.004525,90.923202,23157.2,439.96,20.29,111.52,0.000134,-0.002914,5.6366,27.8912,10,Tree cover,0.829,23.4,44.3,1.41,5.4,Mixed Sedimentary,SM,1397.9,2068.1,NA,NA,NO_EVENT,NA,NA,NA,NA,NA,NA,NA,NA,NA,NA
NEG_2954,1:3,0,1,Garo Hills Block,25.069194,90.715693,17735.4,82.87,21.98,219.40,-0.004717,-0.000018,5.0042,24.2494,10,Tree cover,0.821,29.5,51.7,1.44,5.2,Mixed Sedimentary,SM,46.9,641.2,NA,NA,NO_EVENT,NA,NA,NA,NA,NA,NA,NA,NA,NA,NA
NEG_2955,1:3,0,2,West Khasi Block,25.593598,91.045077,3039.9,685.50,23.68,309.47,0.000186,-0.001504,4.7078,25.6436,10,Tree cover,0.650,27.8,38.7,1.30,4.5,Metamorphic,MT,1703.8,102.6,NA,NA,NO_EVENT,NA,NA,NA,NA,NA,NA,NA,NA,NA,NA
NEG_2956,1:3,0,1,Garo Hills Block,25.315750,90.200536,6971.0,25.00,15.95,133.99,-0.003943,-0.000248,6.1106,36.9228,10,Tree cover,0.766,25.4,47.0,1.41,5.1,Mixed Sedimentary,SM,24.0,2782.6,NA,NA,NO_EVENT,NA,NA,NA,NA,NA,NA,NA,NA,NA,NA
NEG_2957,1:3,0,4,Ri-Bhoi Block,25.904698,92.838243,11252.1,397.01,23.62,87.59,-0.001688,-0.001701,5.5068,18.3265,10,Tree cover,0.797,33.7,46.9,1.32,5.1,Metamorphic,MT,120.9,1002.0,NA,NA,NO_EVENT,NA,NA,NA,NA,NA,NA,NA,NA,NA,NA
NEG_2958,1:3,0,1,Garo Hills Block,25.375906,90.963944,6165.7,624.93,17.00,77.22,-0.000928,0.001183,5.9007,35.6699,10,Tree cover,0.728,23.4,44.1,1.39,5.4,Mixed Sedimentary,SM,3582.4,2560.9,NA,NA,NO_EVENT,NA,NA,NA,NA,NA,NA,NA,NA,NA,NA
NEG_2959,1:3,0,4,Ri-Bhoi Block,25.687481,91.991246,2659.9,1567.73,24.91,218.64,0.004777,-0.000107,4.7387,45.6960,10,Tree cover,0.674,27.4,43.0,1.28,4.6,Metamorphic,MT,197.5,1324.8,NA,NA,NO_EVENT,NA,NA,NA,NA,NA,NA,NA,NA,NA,NA
NEG_2960,1:3,0,5,Jaintia Hills Block,25.443392,92.560035,6691.0,890.46,26.24,174.87,-0.001077,-0.000257,4.9148,29.7266,10,Tree cover,0.689,32.6,38.7,1.36,4.5,Metamorphic,MT,2019.0,1318.8,NA,NA,NO_EVENT,NA,NA,NA,NA,NA,NA,NA,NA,NA,NA
NEG_2961,1:3,0,2,West Khasi Block,25.624804,91.173690,513.1,848.11,28.26,308.59,-0.000152,0.002876,4.3478,35.2786,10,Tree cover,0.654,27.4,38.9,1.29,4.6,Metamorphic,MT,354.6,1991.4,NA,NA,NO_EVENT,NA,NA,NA,NA,NA,NA,NA,NA,NA,NA
NEG_2962,1:3,0,4,Ri-Bhoi Block,25.718407,92.706052,22552.2,616.23,27.11,203.36,0.002908,-0.001084,4.6657,50.5082,10,Tree cover,0.688,27.8,43.6,1.28,4.9,Metamorphic,MT,3295.1,374.6,NA,NA,NO_EVENT,NA,NA,NA,NA,NA,NA,NA,NA,NA,NA
NEG_2963,1:3,0,1,Garo Hills Block,25.878116,89.922040,32668.9,52.36,25.65,50.90,-0.000255,0.002846,5.3164,21.0491,10,Tree cover,0.784,27.9,51.6,1.37,5.4,Mixed Sedimentary,SM,5484.6,665.2,NA,NA,NO_EVENT,NA,NA,NA,NA,NA,NA,NA,NA,NA,NA
NEG_2964,1:3,0,2,West Khasi Block,25.378895,91.235161,2448.9,986.32,17.29,66.20,-0.000643,-0.000246,5.8683,35.6249,10,Tree cover,0.726,34.4,40.7,1.38,4.7,Metamorphic,MT,711.6,2040.4,NA,NA,NO_EVENT,NA,NA,NA,NA,NA,NA,NA,NA,NA,NA
NEG_2965,1:3,0,3,East Khasi Block,25.359679,91.935572,2976.6,1625.78,22.27,119.08,-0.000885,0.002339,5.5247,43.1554,10,Tree cover,0.738,34.8,40.8,1.38,4.4,Metamorphic,MT,2114.9,869.9,NA,NA,NO_EVENT,NA,NA,NA,NA,NA,NA,NA,NA,NA,NA
NEG_2966,1:3,0,4,Ri-Bhoi Block,25.912371,92.030603,4395.8,1309.77,21.13,134.58,0.001305,-0.002163,5.7089,18.0540,10,Tree cover,0.801,33.9,44.5,1.33,4.9,Metamorphic,MT,2062.5,10669.6,NA,NA,NO_EVENT,NA,NA,NA,NA,NA,NA,NA,NA,NA,NA
NEG_2967,1:3,0,1,Garo Hills Block,26.088480,90.631270,38250.4,25.00,32.49,285.54,0.003636,0.000624,4.3479,55.3243,10,Tree cover,0.823,22.5,53.1,1.43,5.0,Mixed Sedimentary,SM,1151.0,108.0,NA,NA,NO_EVENT,NA,NA,NA,NA,NA,NA,NA,NA,NA,NA
NEG_2968,1:3,0,4,Ri-Bhoi Block,25.964989,92.138199,8201.9,1180.68,23.75,125.02,-0.003638,-0.000699,5.4569,21.8194,10,Tree cover,0.821,34.9,46.9,1.35,5.1,Metamorphic,MT,904.7,2319.2,NA,NA,NO_EVENT,NA,NA,NA,NA,NA,NA,NA,NA,NA,NA
NEG_2969,1:3,0,5,Jaintia Hills Block,25.411153,92.039080,2641.7,1499.68,23.26,160.63,0.000744,-0.002271,5.2792,35.5141,10,Tree cover,0.707,33.6,44.8,1.37,4.7,Metamorphic,MT,1235.6,2707.5,NA,NA,NO_EVENT,NA,NA,NA,NA,NA,NA,NA,NA,NA,NA
NEG_2970,1:3,0,5,Jaintia Hills Block,25.132402,92.207467,1508.9,1107.62,20.35,348.86,-0.000031,0.002028,5.3706,18.0002,10,Tree cover,0.830,38.5,28.3,1.32,5.5,Carbonate Sedimentary,SC,416.7,45.1,NA,NA,NO_EVENT,NA,NA,NA,NA,NA,NA,NA,NA,NA,NA
NEG_2971,1:3,0,1,Garo Hills Block,25.594917,90.691485,9699.3,178.36,19.07,241.72,-0.002491,0.001287,5.0760,24.3709,10,Tree cover,0.650,26.0,52.4,1.32,5.2,Mixed Sedimentary,SM,2220.6,6004.7,NA,NA,NO_EVENT,NA,NA,NA,NA,NA,NA,NA,NA,NA,NA
NEG_2972,1:3,0,4,Ri-Bhoi Block,25.728239,91.756941,8176.6,1500.03,16.70,341.70,0.003097,0.001088,5.5351,37.9867,10,Tree cover,0.693,28.0,38.5,1.28,4.3,Metamorphic,MT,87.0,1840.9,NA,NA,NO_EVENT,NA,NA,NA,NA,NA,NA,NA,NA,NA,NA
NEG_2973,1:3,0,1,Garo Hills Block,25.246245,89.892712,22554.9,87.28,27.49,44.95,-0.000707,-0.002523,5.1634,38.4990,10,Tree cover,0.803,28.0,50.5,1.43,5.3,Mixed Sedimentary,SM,686.0,4979.8,NA,NA,NO_EVENT,NA,NA,NA,NA,NA,NA,NA,NA,NA,NA
NEG_2974,1:3,0,2,West Khasi Block,25.488312,91.537011,3551.2,1318.86,23.89,225.66,0.000569,0.002515,4.9278,20.4557,10,Tree cover,0.668,31.0,45.8,1.34,5.0,Metamorphic,MT,61.1,731.6,NA,NA,NO_EVENT,NA,NA,NA,NA,NA,NA,NA,NA,NA,NA
NEG_2975,1:3,0,4,Ri-Bhoi Block,25.966734,92.631061,23721.2,604.88,21.30,135.39,-0.004146,-0.000512,5.6497,21.6722,10,Tree cover,0.821,35.0,40.7,1.35,4.7,Metamorphic,MT,805.9,2166.6,NA,NA,NO_EVENT,NA,NA,NA,NA,NA,NA,NA,NA,NA,NA
NEG_2976,1:3,0,5,Jaintia Hills Block,25.591110,92.099101,4214.5,1549.44,24.06,228.56,0.004259,-0.000409,4.6785,25.2619,10,Tree cover,0.650,27.9,46.4,1.30,4.8,Metamorphic,MT,933.2,1143.3,NA,NA,NO_EVENT,NA,NA,NA,NA,NA,NA,NA,NA,NA,NA
NEG_2977,1:3,0,5,Jaintia Hills Block,25.494448,92.075551,646.1,1624.82,24.40,205.40,-0.001161,0.002178,4.8649,19.7634,10,Tree cover,0.666,30.7,45.9,1.34,4.8,Metamorphic,MT,189.2,19.0,NA,NA,NO_EVENT,NA,NA,NA,NA,NA,NA,NA,NA,NA,NA
NEG_2978,1:3,0,1,Garo Hills Block,25.241186,90.931747,8636.7,387.77,28.45,101.06,0.000718,-0.002560,5.0776,37.8622,10,Tree cover,0.805,28.2,44.2,1.43,5.4,Mixed Sedimentary,SM,1660.6,2413.9,NA,NA,NO_EVENT,NA,NA,NA,NA,NA,NA,NA,NA,NA,NA
NEG_2979,1:3,0,1,Garo Hills Block,25.704966,89.855382,19356.7,25.00,26.54,331.95,-0.004877,-0.000073,4.6640,49.2746,10,Tree cover,0.682,29.7,48.9,1.32,5.3,Mixed Sedimentary,SM,260.2,540.3,NA,NA,NO_EVENT,NA,NA,NA,NA,NA,NA,NA,NA,NA,NA
NEG_2980,1:3,0,4,Ri-Bhoi Block,25.800258,92.348383,20594.4,1164.06,22.53,21.11,0.003885,0.000590,5.3504,35.7100,10,Tree cover,0.736,30.1,41.7,1.29,4.7,Metamorphic,MT,1586.4,880.2,NA,NA,NO_EVENT,NA,NA,NA,NA,NA,NA,NA,NA,NA,NA
NEG_2981,1:3,0,2,West Khasi Block,25.451073,91.166224,5025.6,843.72,31.60,357.11,-0.000347,-0.000312,4.4553,29.9112,10,Tree cover,0.685,32.3,38.7,1.36,4.5,Metamorphic,MT,4867.3,344.0,NA,NA,NO_EVENT,NA,NA,NA,NA,NA,NA,NA,NA,NA,NA
NEG_2982,1:3,0,4,Ri-Bhoi Block,25.939385,92.165747,8254.2,1198.24,26.21,111.72,-0.001030,0.000737,5.2942,18.8999,10,Tree cover,0.812,34.5,46.9,1.34,5.1,Metamorphic,MT,1946.1,690.7,NA,NA,NO_EVENT,NA,NA,NA,NA,NA,NA,NA,NA,NA,NA
NEG_2983,1:3,0,1,Garo Hills Block,25.331201,90.788127,5444.1,228.59,20.42,137.50,-0.000472,-0.000736,5.7326,42.4970,10,Tree cover,0.756,24.8,48.8,1.40,5.3,Mixed Sedimentary,SM,9724.0,6270.3,NA,NA,NO_EVENT,NA,NA,NA,NA,NA,NA,NA,NA,NA,NA
NEG_2984,1:3,0,4,Ri-Bhoi Block,25.753188,91.517754,5669.4,1273.43,14.67,187.97,0.000635,0.002238,5.7949,34.5164,10,Tree cover,0.708,28.6,46.2,1.28,5.1,Metamorphic,MT,1428.0,5154.5,NA,NA,NO_EVENT,NA,NA,NA,NA,NA,NA,NA,NA,NA,NA
NEG_2985,1:3,0,1,Garo Hills Block,25.195208,90.745286,11483.8,233.46,23.18,146.77,0.004601,-0.000011,5.3795,24.3872,10,Tree cover,0.822,29.6,50.6,1.44,5.3,Mixed Sedimentary,SM,306.2,1142.8,NA,NA,NO_EVENT,NA,NA,NA,NA,NA,NA,NA,NA,NA,NA
NEG_2986,1:3,0,4,Ri-Bhoi Block,25.991982,91.898932,1998.3,1314.37,25.13,95.67,-0.001382,-0.002158,5.2854,27.3551,10,Tree cover,0.827,35.2,39.6,1.36,4.6,Metamorphic,MT,2065.8,5806.7,NA,NA,NO_EVENT,NA,NA,NA,NA,NA,NA,NA,NA,NA,NA
NEG_2987,1:3,0,4,Ri-Bhoi Block,26.084852,92.139388,10118.2,1013.87,35.47,188.88,0.003722,0.000459,4.1239,58.2158,10,Tree cover,0.868,34.2,46.9,1.38,5.1,Metamorphic,MT,536.1,2354.9,NA,NA,NO_EVENT,NA,NA,NA,NA,NA,NA,NA,NA,NA,NA
NEG_2988,1:3,0,1,Garo Hills Block,26.037332,90.459375,27473.5,25.00,22.61,20.62,-0.002613,-0.001086,5.3391,36.0426,10,Tree cover,0.830,22.8,47.8,1.42,4.8,Mixed Sedimentary,SM,830.7,2875.8,NA,NA,NO_EVENT,NA,NA,NA,NA,NA,NA,NA,NA,NA,NA
NEG_2989,1:3,0,1,Garo Hills Block,25.853204,89.861663,32759.4,124.48,30.70,38.74,0.003547,0.000599,4.8626,27.0791,10,Tree cover,0.769,28.8,49.1,1.36,5.3,Mixed Sedimentary,SM,3503.6,1666.3,NA,NA,NO_EVENT,NA,NA,NA,NA,NA,NA,NA,NA,NA,NA
NEG_2990,1:3,0,4,Ri-Bhoi Block,25.744421,91.231311,7080.8,924.21,14.78,332.20,0.002020,-0.000037,5.7514,35.1610,10,Tree cover,0.702,28.4,40.6,1.28,4.7,Metamorphic,MT,10.7,3576.4,NA,NA,NO_EVENT,NA,NA,NA,NA,NA,NA,NA,NA,NA,NA
NEG_2991,1:3,0,5,Jaintia Hills Block,25.394501,92.430333,2119.4,1033.25,29.67,32.66,0.000150,0.002879,4.8265,44.7128,10,Tree cover,0.717,34.0,39.0,1.37,4.6,Metamorphic,MT,1954.5,111.5,NA,NA,NO_EVENT,NA,NA,NA,NA,NA,NA,NA,NA,NA,NA
NEG_2992,1:3,0,1,Garo Hills Block,25.942609,89.868020,41303.1,25.00,20.34,44.63,-0.004409,0.000231,5.7609,18.9235,10,Tree cover,0.814,25.5,49.4,1.39,5.3,Mixed Sedimentary,SM,49.7,733.1,NA,NA,NO_EVENT,NA,NA,NA,NA,NA,NA,NA,NA,NA,NA
NEG_2993,1:3,0,1,Garo Hills Block,25.678266,90.921888,10848.4,569.13,28.32,249.95,0.000460,0.001428,4.4398,48.0276,10,Tree cover,0.670,29.0,44.3,1.32,5.4,Mixed Sedimentary,SM,302.1,906.1,NA,NA,NO_EVENT,NA,NA,NA,NA,NA,NA,NA,NA,NA,NA
NEG_2994,1:3,0,5,Jaintia Hills Block,25.468914,92.337724,7191.7,1230.96,28.32,347.30,-0.003450,0.000921,4.6471,24.4886,10,Tree cover,0.677,31.7,42.1,1.35,4.8,Metamorphic,MT,1422.4,2310.6,NA,NA,NO_EVENT,NA,NA,NA,NA,NA,NA,NA,NA,NA,NA
NEG_2995,1:3,0,5,Jaintia Hills Block,25.354627,92.676299,4186.8,620.31,24.41,141.44,0.000057,0.002223,5.3661,46.0864,10,Tree cover,0.742,34.8,42.5,1.38,4.8,Metamorphic,MT,340.8,4157.8,NA,NA,NO_EVENT,NA,NA,NA,NA,NA,NA,NA,NA,NA,NA
NEG_2996,1:3,0,3,East Khasi Block,25.214005,91.821303,4109.6,1358.53,29.00,48.32,-0.002526,0.001102,4.9704,30.7491,10,Tree cover,0.816,29.1,52.0,1.43,5.4,Siliciclastic Sedimentary,SS,1029.2,327.0,NA,NA,NO_EVENT,NA,NA,NA,NA,NA,NA,NA,NA,NA,NA
NEG_2997,1:3,0,1,Garo Hills Block,25.745873,90.569195,13871.7,51.43,24.36,346.10,-0.001211,0.002109,4.9907,46.1602,10,Tree cover,0.703,30.3,52.2,1.33,4.9,Mixed Sedimentary,SM,4045.0,756.8,NA,NA,NO_EVENT,NA,NA,NA,NA,NA,NA,NA,NA,NA,NA
NEG_2998,1:3,0,5,Jaintia Hills Block,25.370731,92.346135,8035.6,1070.59,20.64,34.99,0.001496,-0.001149,5.6249,40.1197,10,Tree cover,0.731,34.6,41.8,1.38,4.8,Metamorphic,MT,130.2,1524.8,NA,NA,NO_EVENT,NA,NA,NA,NA,NA,NA,NA,NA,NA,NA
NEG_2999,1:3,0,1,Garo Hills Block,25.842750,90.803742,14105.1,371.01,32.43,143.72,0.001286,-0.001305,4.6972,30.5205,10,Tree cover,0.763,29.1,48.1,1.35,5.4,Mixed Sedimentary,SM,261.7,1357.9,NA,NA,NO_EVENT,NA,NA,NA,NA,NA,NA,NA,NA,NA,NA
NEG_3000,1:3,0,1,Garo Hills Block,25.596673,89.988125,1857.0,33.46,23.05,280.45,-0.003906,-0.000539,4.7571,26.0512,10,Tree cover,0.651,26.1,53.0,1.32,5.4,Mixed Sedimentary,SM,570.9,1454.9,NA,NA,NO_EVENT,NA,NA,NA,NA,NA,NA,NA,NA,NA,NA
NEG_3001,1:3,0,2,West Khasi Block,25.245446,91.281753,6629.5,848.71,28.44,101.50,0.000506,0.002697,5.0861,38.9953,10,Tree cover,0.803,28.1,53.0,1.43,4.8,Siliciclastic Sedimentary,SS,958.3,1386.5,NA,NA,NO_EVENT,NA,NA,NA,NA,NA,NA,NA,NA,NA,NA
NEG_3002,1:3,0,4,Ri-Bhoi Block,25.795447,92.678083,27942.6,734.98,26.92,161.37,-0.000104,-0.001957,4.9813,40.3269,10,Tree cover,0.733,29.9,42.5,1.29,4.8,Metamorphic,MT,5543.1,2052.7,NA,NA,NO_EVENT,NA,NA,NA,NA,NA,NA,NA,NA,NA,NA
NEG_3003,1:3,0,4,Ri-Bhoi Block,25.768944,92.668224,24881.7,717.85,24.06,175.48,0.000213,-0.002872,5.1067,42.9546,10,Tree cover,0.717,29.1,42.2,1.28,4.8,Metamorphic,MT,7031.4,974.8,NA,NA,NO_EVENT,NA,NA,NA,NA,NA,NA,NA,NA,NA,NA
NEG_3004,1:3,0,3,East Khasi Block,25.618874,91.630667,1370.4,1499.95,32.59,297.17,0.001716,0.001426,3.9972,36.0720,10,Tree cover,0.653,27.4,42.5,1.30,4.5,Metamorphic,MT,1146.4,6310.7,NA,NA,NO_EVENT,NA,NA,NA,NA,NA,NA,NA,NA,NA,NA
NEG_3005,1:3,0,4,Ri-Bhoi Block,26.075129,91.758494,2799.2,1095.26,26.01,0.05,-0.004127,0.000004,4.9196,46.2183,10,Tree cover,0.826,34.4,38.5,1.38,4.5,Metamorphic,MT,2560.6,2921.0,NA,NA,NO_EVENT,NA,NA,NA,NA,NA,NA,NA,NA,NA,NA
NEG_3006,1:3,0,5,Jaintia Hills Block,25.053249,92.007598,14695.6,1074.08,24.68,217.90,-0.003912,0.000628,4.7401,28.4471,10,Tree cover,0.816,29.1,50.4,1.43,5.1,Siliciclastic Sedimentary,SS,74.5,79.9,NA,NA,NO_EVENT,NA,NA,NA,NA,NA,NA,NA,NA,NA,NA
NEG_3007,1:3,0,4,Ri-Bhoi Block,25.997906,92.226520,6846.9,1134.92,20.00,73.55,0.001709,-0.000738,5.6794,26.5165,10,Tree cover,0.828,35.2,46.0,1.36,5.0,Metamorphic,MT,1603.7,913.1,NA,NA,NO_EVENT,NA,NA,NA,NA,NA,NA,NA,NA,NA,NA
NEG_3008,1:3,0,4,Ri-Bhoi Block,25.650540,91.847476,991.8,1745.40,33.36,295.54,-0.001756,-0.000870,3.9738,46.3746,60,Bare / sparse vegetation,0.272,27.2,38.4,1.29,4.3,Metamorphic,MT,11.3,2095.2,NA,NA,NO_EVENT,NA,NA,NA,NA,NA,NA,NA,NA,NA,NA
NEG_3009,1:3,0,1,Garo Hills Block,26.089407,90.076519,47619.4,40.90,35.03,192.40,0.003846,-0.000596,4.1410,58.3661,10,Tree cover,0.869,22.5,52.0,1.43,5.3,Mixed Sedimentary,SM,4163.0,1532.1,NA,NA,NO_EVENT,NA,NA,NA,NA,NA,NA,NA,NA,NA,NA
NEG_3010,1:3,0,1,Garo Hills Block,25.740624,90.664363,16115.0,155.41,18.18,214.99,-0.000122,-0.002614,5.4644,39.3244,10,Tree cover,0.700,30.2,52.9,1.33,5.1,Mixed Sedimentary,SM,351.8,337.2,NA,NA,NO_EVENT,NA,NA,NA,NA,NA,NA,NA,NA,NA,NA
NEG_3011,1:3,0,4,Ri-Bhoi Block,25.711298,91.653252,1525.8,1464.30,28.76,325.23,-0.002105,-0.000863,4.5083,52.2694,10,Tree cover,0.685,27.7,41.6,1.28,4.5,Metamorphic,MT,1490.9,1363.9,NA,NA,NO_EVENT,NA,NA,NA,NA,NA,NA,NA,NA,NA,NA
NEG_3012,1:3,0,1,Garo Hills Block,25.185733,90.430577,20440.2,88.38,20.74,29.59,0.001837,0.000676,5.5430,22.2113,10,Tree cover,0.824,29.8,46.6,1.44,4.8,Mixed Sedimentary,SM,1975.5,1996.5,NA,NA,NO_EVENT,NA,NA,NA,NA,NA,NA,NA,NA,NA,NA
NEG_3013,1:3,0,1,Garo Hills Block,25.691360,90.191101,2616.4,25.00,22.98,213.69,0.003116,0.000397,4.9048,43.9738,10,Tree cover,0.675,29.4,47.4,1.32,5.1,Mixed Sedimentary,SM,71.1,770.4,NA,NA,NO_EVENT,NA,NA,NA,NA,NA,NA,NA,NA,NA,NA
NEG_3014,1:3,0,5,Jaintia Hills Block,25.306395,92.347499,2742.0,1085.60,21.87,44.94,0.004322,0.000407,5.6449,43.3883,10,Tree cover,0.771,25.8,47.9,1.41,4.9,Siliciclastic Sedimentary,SS,1538.3,527.2,NA,NA,NO_EVENT,NA,NA,NA,NA,NA,NA,NA,NA,NA,NA
NEG_3015,1:3,0,2,West Khasi Block,25.373259,91.288583,6221.1,1059.81,19.78,110.45,-0.000203,-0.002858,5.6863,38.8938,10,Tree cover,0.730,34.5,42.8,1.38,4.8,Metamorphic,MT,1619.5,2721.5,NA,NA,NO_EVENT,NA,NA,NA,NA,NA,NA,NA,NA,NA,NA
NEG_3016,1:3,0,1,Garo Hills Block,26.036432,90.492805,27815.4,25.00,24.62,20.93,-0.002633,0.000903,5.1817,37.4451,10,Tree cover,0.830,22.8,49.3,1.42,4.8,Mixed Sedimentary,SM,389.7,4771.8,NA,NA,NO_EVENT,NA,NA,NA,NA,NA,NA,NA,NA,NA,NA
NEG_3017,1:3,0,3,East Khasi Block,25.440796,91.649696,4162.7,1494.46,35.34,5.27,-0.002581,0.000389,4.1972,34.6493,10,Tree cover,0.848,32.6,41.7,1.36,4.5,Metamorphic,MT,636.0,945.0,NA,NA,NO_EVENT,NA,NA,NA,NA,NA,NA,NA,NA,NA,NA
NEG_3018,1:3,0,4,Ri-Bhoi Block,25.835766,92.550043,26651.5,760.38,23.75,113.60,-0.000153,-0.000877,5.3718,28.6855,10,Tree cover,0.759,31.4,38.5,1.30,4.5,Metamorphic,MT,960.2,902.9,NA,NA,NO_EVENT,NA,NA,NA,NA,NA,NA,NA,NA,NA,NA
NEG_3019,1:3,0,4,Ri-Bhoi Block,26.008711,92.168752,8765.2,1152.13,27.19,120.36,-0.000064,-0.002958,5.0716,32.3342,10,Tree cover,0.829,35.2,46.9,1.36,5.1,Metamorphic,MT,456.4,2865.8,NA,NA,NO_EVENT,NA,NA,NA,NA,NA,NA,NA,NA,NA,NA
NEG_3020,1:3,0,1,Garo Hills Block,25.266597,89.875668,22511.6,78.00,27.31,45.21,0.000808,-0.001785,5.2045,43.2408,10,Tree cover,0.793,27.3,49.8,1.42,5.3,Mixed Sedimentary,SM,842.7,3147.1,NA,NA,NO_EVENT,NA,NA,NA,NA,NA,NA,NA,NA,NA,NA
NEG_3021,1:3,0,1,Garo Hills Block,25.434476,90.231724,7355.0,40.63,27.90,170.94,0.004721,-0.000118,4.8176,32.8131,10,Tree cover,0.694,22.5,45.8,1.37,5.1,Mixed Sedimentary,SM,1321.5,3077.2,NA,NA,NO_EVENT,NA,NA,NA,NA,NA,NA,NA,NA,NA,NA
NEG_3022,1:3,0,4,Ri-Bhoi Block,25.787219,91.816448,5868.0,1503.29,19.60,20.75,0.001399,0.002114,5.5354,35.6434,10,Tree cover,0.728,29.7,38.1,1.29,4.3,Metamorphic,MT,777.5,2719.5,NA,NA,NO_EVENT,NA,NA,NA,NA,NA,NA,NA,NA,NA,NA
NEG_3023,1:3,0,5,Jaintia Hills Block,25.067489,92.351611,1470.5,825.44,27.49,328.57,0.004796,0.000050,4.5579,26.2018,10,Tree cover,0.821,29.5,48.1,1.44,4.9,Siliciclastic Sedimentary,SS,117.9,464.2,NA,NA,NO_EVENT,NA,NA,NA,NA,NA,NA,NA,NA,NA,NA
NEG_3024,1:3,0,2,West Khasi Block,25.288643,91.118293,4642.5,724.53,30.00,45.21,0.003274,-0.000651,5.0000,50.3603,10,Tree cover,0.782,26.4,49.1,1.42,5.1,Siliciclastic Sedimentary,SS,2299.8,1529.0,NA,NA,NO_EVENT,NA,NA,NA,NA,NA,NA,NA,NA,NA,NA
NEG_3025,1:3,0,4,Ri-Bhoi Block,25.741368,91.109727,5228.9,706.30,25.00,348.92,-0.002354,-0.000234,4.9217,47.2700,10,Tree cover,0.701,28.3,38.1,1.28,4.5,Metamorphic,MT,1095.5,6909.9,NA,NA,NO_EVENT,NA,NA,NA,NA,NA,NA,NA,NA,NA,NA
NEG_3026,1:3,0,1,Garo Hills Block,25.496591,90.000165,4220.0,25.00,26.27,277.72,0.001309,0.001659,4.7077,19.6496,10,Tree cover,0.665,23.0,53.1,1.35,5.4,Mixed Sedimentary,SM,251.8,687.4,NA,NA,NO_EVENT,NA,NA,NA,NA,NA,NA,NA,NA,NA,NA
NEG_3027,1:3,0,5,Jaintia Hills Block,25.453559,92.132786,3731.5,1469.96,35.28,185.70,-0.004249,-0.000252,4.1510,30.5231,10,Tree cover,0.843,32.2,46.8,1.36,4.8,Metamorphic,MT,415.1,3028.4,NA,NA,NO_EVENT,NA,NA,NA,NA,NA,NA,NA,NA,NA,NA
NEG_3028,1:3,0,4,Ri-Bhoi Block,26.008390,91.061166,19797.5,484.86,24.83,34.54,-0.000215,0.002694,5.2615,31.0143,10,Tree cover,0.829,35.2,38.5,1.36,4.5,Metamorphic,MT,771.0,2200.4,NA,NA,NO_EVENT,NA,NA,NA,NA,NA,NA,NA,NA,NA,NA
NEG_3029,1:3,0,3,East Khasi Block,25.477473,91.943013,6035.2,1690.31,30.30,211.46,0.001731,-0.001822,4.4556,23.0966,10,Tree cover,0.673,31.4,41.1,1.35,4.5,Metamorphic,MT,266.7,57.3,NA,NA,NO_EVENT,NA,NA,NA,NA,NA,NA,NA,NA,NA,NA
NEG_3030,1:3,0,1,Garo Hills Block,26.038194,90.614536,32616.0,97.63,31.26,60.74,0.002894,-0.000651,4.6439,43.1887,10,Tree cover,0.830,22.8,53.0,1.42,5.0,Mixed Sedimentary,SM,150.2,2230.3,NA,NA,NO_EVENT,NA,NA,NA,NA,NA,NA,NA,NA,NA,NA
NEG_3031,1:3,0,5,Jaintia Hills Block,25.495356,92.227718,4461.2,1293.81,24.64,295.08,0.001710,-0.000657,4.8425,19.6799,10,Tree cover,0.666,30.7,46.0,1.34,5.0,Metamorphic,MT,806.4,1129.5,NA,NA,NO_EVENT,NA,NA,NA,NA,NA,NA,NA,NA,NA,NA
NEG_3032,1:3,0,1,Garo Hills Block,25.678469,90.137288,4393.1,25.00,28.21,217.29,-0.002701,0.001123,4.4491,47.9463,10,Tree cover,0.670,29.0,49.8,1.32,5.2,Mixed Sedimentary,SM,302.9,3830.6,NA,NA,NO_EVENT,NA,NA,NA,NA,NA,NA,NA,NA,NA,NA
NEG_3033,1:3,0,1,Garo Hills Block,25.697951,90.369576,5415.3,90.40,28.85,308.47,-0.004536,0.000009,4.4560,51.3761,10,Tree cover,0.678,29.5,44.6,1.32,4.8,Mixed Sedimentary,SM,1109.5,4784.7,NA,NA,NO_EVENT,NA,NA,NA,NA,NA,NA,NA,NA,NA,NA
NEG_3034,1:3,0,2,West Khasi Block,25.571033,91.413765,5069.6,1248.20,22.26,223.48,0.000818,-0.000113,4.8407,21.3989,10,Tree cover,0.650,28.3,46.6,1.31,5.1,Metamorphic,MT,246.4,1014.8,NA,NA,NO_EVENT,NA,NA,NA,NA,NA,NA,NA,NA,NA,NA
NEG_3035,1:3,0,4,Ri-Bhoi Block,25.966300,91.210608,13516.6,780.93,15.02,60.44,0.003939,-0.000618,6.1529,20.5457,10,Tree cover,0.821,35.0,39.9,1.35,4.6,Metamorphic,MT,501.7,575.0,NA,NA,NO_EVENT,NA,NA,NA,NA,NA,NA,NA,NA,NA,NA
NEG_3036,1:3,0,1,Garo Hills Block,25.321798,90.504447,16370.2,25.00,18.59,44.53,-0.003936,-0.000026,5.8925,40.2322,10,Tree cover,0.762,25.2,49.8,1.41,4.8,Mixed Sedimentary,SM,1760.2,2613.1,NA,NA,NO_EVENT,NA,NA,NA,NA,NA,NA,NA,NA,NA,NA
NEG_3037,1:3,0,1,Garo Hills Block,25.964192,90.321583,22673.4,112.67,24.11,89.49,-0.003366,0.000744,5.4295,21.7526,10,Tree cover,0.821,24.7,44.1,1.40,4.9,Mixed Sedimentary,SM,937.5,4034.7,NA,NA,NO_EVENT,NA,NA,NA,NA,NA,NA,NA,NA,NA,NA
NEG_3038,1:3,0,1,Garo Hills Block,25.479938,90.370878,8782.5,25.00,30.09,325.96,-0.003027,-0.000993,4.4630,22.5770,10,Tree cover,0.672,22.7,44.7,1.35,4.8,Mixed Sedimentary,SM,3576.0,3874.1,NA,NA,NO_EVENT,NA,NA,NA,NA,NA,NA,NA,NA,NA,NA
NEG_3039,1:3,0,4,Ri-Bhoi Block,25.855168,91.246837,7741.7,789.40,25.83,78.56,-0.003302,-0.000774,5.2569,25.2229,10,Tree cover,0.770,32.1,41.2,1.31,4.7,Metamorphic,MT,3437.7,5870.4,NA,NA,NO_EVENT,NA,NA,NA,NA,NA,NA,NA,NA,NA,NA
NEG_3040,1:3,0,1,Garo Hills Block,25.399235,90.901354,4958.4,503.76,26.85,135.05,-0.000735,0.002558,5.0355,41.0953,10,Tree cover,0.714,22.9,44.6,1.38,5.4,Mixed Sedimentary,SM,1275.4,8721.7,NA,NA,NO_EVENT,NA,NA,NA,NA,NA,NA,NA,NA,NA,NA
NEG_3041,1:3,0,4,Ri-Bhoi Block,25.940391,91.489011,5996.2,1069.29,16.43,128.41,0.004818,-0.000099,6.0757,18.6182,10,Tree cover,0.813,34.5,46.7,1.34,5.1,Metamorphic,MT,1974.3,2132.6,NA,NA,NO_EVENT,NA,NA,NA,NA,NA,NA,NA,NA,NA,NA
NEG_3042,1:3,0,4,Ri-Bhoi Block,25.795297,92.535967,21963.5,818.53,17.04,115.47,-0.001414,0.001823,5.7711,32.1552,10,Tree cover,0.733,29.9,38.3,1.29,4.5,Metamorphic,MT,614.9,839.1,NA,NA,NO_EVENT,NA,NA,NA,NA,NA,NA,NA,NA,NA,NA
NEG_3043,1:3,0,1,Garo Hills Block,25.993881,90.801953,29918.6,134.60,23.04,143.86,-0.000548,0.002602,5.4474,26.9680,10,Tree cover,0.827,23.7,48.2,1.41,5.4,Mixed Sedimentary,SM,377.4,1193.4,NA,NA,NO_EVENT,NA,NA,NA,NA,NA,NA,NA,NA,NA,NA
NEG_3044,1:3,0,1,Garo Hills Block,26.048647,89.875871,51903.7,25.00,27.63,15.21,0.003115,-0.001131,4.8946,42.7769,10,Tree cover,0.829,22.6,49.8,1.42,5.3,Mixed Sedimentary,SM,781.3,4262.3,NA,NA,NO_EVENT,NA,NA,NA,NA,NA,NA,NA,NA,NA,NA
NEG_3045,1:3,0,5,Jaintia Hills Block,25.426982,92.532187,6687.6,952.82,25.24,121.77,0.002022,-0.001272,5.0599,33.2126,10,Tree cover,0.698,33.1,38.3,1.37,4.5,Metamorphic,MT,1396.9,195.6,NA,NA,NO_EVENT,NA,NA,NA,NA,NA,NA,NA,NA,NA,NA
NEG_3046,1:3,0,1,Garo Hills Block,25.316608,90.632898,8615.2,117.10,22.46,88.78,0.003687,-0.000232,5.5889,44.6841,10,Tree cover,0.765,25.4,53.1,1.41,5.0,Mixed Sedimentary,SM,1704.7,2707.2,NA,NA,NO_EVENT,NA,NA,NA,NA,NA,NA,NA,NA,NA,NA
NEG_3047,1:3,0,3,East Khasi Block,25.346832,91.667556,1775.4,1420.72,22.14,47.03,0.000412,0.001782,5.5655,44.0364,10,Tree cover,0.746,34.9,41.0,1.38,4.4,Metamorphic,MT,1654.0,38.3,NA,NA,NO_EVENT,NA,NA,NA,NA,NA,NA,NA,NA,NA,NA
NEG_3048,1:3,0,5,Jaintia Hills Block,25.493399,92.016541,4303.9,1697.62,21.10,205.29,0.001428,0.001912,5.1326,19.6275,10,Tree cover,0.667,30.8,44.0,1.34,4.6,Metamorphic,MT,713.8,353.4,NA,NA,NO_EVENT,NA,NA,NA,NA,NA,NA,NA,NA,NA,NA
NEG_3049,1:3,0,4,Ri-Bhoi Block,25.986503,91.856308,911.6,1301.37,22.99,65.98,-0.003000,0.000231,5.4709,25.4613,10,Tree cover,0.826,35.1,38.6,1.36,4.5,Metamorphic,MT,346.0,3765.2,NA,NA,NO_EVENT,NA,NA,NA,NA,NA,NA,NA,NA,NA,NA
NEG_3050,1:3,0,5,Jaintia Hills Block,25.240824,92.644680,9193.2,751.62,34.54,137.06,-0.001537,-0.001877,4.5897,41.9956,10,Tree cover,0.805,28.2,50.0,1.43,5.4,Siliciclastic Sedimentary,SS,8772.8,389.4,NA,NA,NO_EVENT,NA,NA,NA,NA,NA,NA,NA,NA,NA,NA
NEG_3051,1:3,0,1,Garo Hills Block,25.305652,90.257178,7112.9,52.79,22.48,121.03,-0.003334,0.000790,5.5966,44.0386,10,Tree cover,0.772,25.8,45.0,1.41,5.0,Mixed Sedimentary,SM,2033.0,1050.3,NA,NA,NO_EVENT,NA,NA,NA,NA,NA,NA,NA,NA,NA,NA
NEG_3052,1:3,0,2,West Khasi Block,25.117165,91.518320,4647.8,1070.20,15.18,195.56,-0.001212,-0.002137,5.7235,18.2814,10,Tree cover,0.829,30.3,44.9,1.44,5.0,Siliciclastic Sedimentary,SS,502.4,364.4,NA,NA,NO_EVENT,NA,NA,NA,NA,NA,NA,NA,NA,NA,NA
NEG_3053,1:3,0,1,Garo Hills Block,25.142863,90.223266,12363.9,51.33,15.79,173.04,0.001248,0.000238,5.7772,18.1240,10,Tree cover,0.830,30.3,46.1,1.44,5.1,Mixed Sedimentary,SM,1827.3,1741.1,NA,NA,NO_EVENT,NA,NA,NA,NA,NA,NA,NA,NA,NA,NA
NEG_3054,1:3,0,1,Garo Hills Block,25.344033,90.659042,6455.1,183.09,17.70,105.57,0.000766,0.001592,5.9266,38.9379,10,Tree cover,0.748,24.4,53.0,1.40,5.1,Mixed Sedimentary,SM,140.1,2083.4,NA,NA,NO_EVENT,NA,NA,NA,NA,NA,NA,NA,NA,NA,NA
NEG_3055,1:3,0,4,Ri-Bhoi Block,25.672579,92.291073,10735.9,1238.18,25.37,314.24,0.000886,-0.001750,4.6609,43.9642,10,Tree cover,0.668,27.2,43.9,1.28,4.9,Metamorphic,MT,1427.7,4703.3,NA,NA,NO_EVENT,NA,NA,NA,NA,NA,NA,NA,NA,NA,NA
NEG_3056,1:3,0,1,Garo Hills Block,25.842258,90.600578,17142.3,25.00,34.11,65.09,0.004470,-0.000098,4.5615,31.3198,10,Tree cover,0.763,29.1,52.8,1.35,5.0,Mixed Sedimentary,SM,488.2,601.3,NA,NA,NO_EVENT,NA,NA,NA,NA,NA,NA,NA,NA,NA,NA
NEG_3057,1:3,0,5,Jaintia Hills Block,25.284935,92.745664,5775.3,584.15,25.49,127.75,-0.003046,0.000344,5.3603,44.9273,10,Tree cover,0.784,26.6,45.7,1.42,5.4,Siliciclastic Sedimentary,SS,5211.4,87.8,NA,NA,NO_EVENT,NA,NA,NA,NA,NA,NA,NA,NA,NA,NA
NEG_3058,1:3,0,5,Jaintia Hills Block,25.028895,92.483148,3937.0,789.23,30.70,292.64,-0.002571,-0.000341,4.1994,38.0892,10,Tree cover,0.807,28.4,52.8,1.43,5.2,Siliciclastic Sedimentary,SS,1119.9,544.4,NA,NA,NO_EVENT,NA,NA,NA,NA,NA,NA,NA,NA,NA,NA
NEG_3059,1:3,0,5,Jaintia Hills Block,25.235707,92.689217,8250.6,707.47,35.78,139.19,0.000809,-0.002412,4.4804,41.1120,10,Tree cover,0.854,28.4,48.1,1.43,5.4,Siliciclastic Sedimentary,SS,7876.7,758.0,NA,NA,NO_EVENT,NA,NA,NA,NA,NA,NA,NA,NA,NA,NA
NEG_3060,1:3,0,2,West Khasi Block,25.389692,91.143073,9062.2,736.91,27.30,30.13,-0.000423,0.002367,5.0326,43.6448,10,Tree cover,0.720,34.1,38.3,1.37,4.5,Metamorphic,MT,4456.9,325.9,NA,NA,NO_EVENT,NA,NA,NA,NA,NA,NA,NA,NA,NA,NA
NEG_3061,1:3,0,4,Ri-Bhoi Block,25.783690,91.592391,5308.2,1295.67,23.45,56.40,0.002457,0.001012,5.2138,39.7853,10,Tree cover,0.726,29.6,44.0,1.29,4.9,Metamorphic,MT,2134.3,1182.6,NA,NA,NO_EVENT,NA,NA,NA,NA,NA,NA,NA,NA,NA,NA
NEG_3062,1:3,0,2,West Khasi Block,25.363374,91.489184,1271.0,1227.37,15.31,136.17,-0.002445,-0.000390,6.0718,35.0243,10,Tree cover,0.736,25.8,51.6,1.32,4.7,Plutonic Acidic,PA,1016.2,3199.5,NA,NA,NO_EVENT,NA,NA,NA,NA,NA,NA,NA,NA,NA,NA
NEG_3063,1:3,0,1,Garo Hills Block,25.809163,89.929122,25295.0,43.56,19.24,33.47,-0.001896,-0.000987,5.6459,31.5291,10,Tree cover,0.742,29.9,51.8,1.34,5.4,Mixed Sedimentary,SM,3868.4,2012.6,NA,NA,NO_EVENT,NA,NA,NA,NA,NA,NA,NA,NA,NA,NA
NEG_3064,1:3,0,2,West Khasi Block,25.032095,91.197104,18955.6,668.92,28.09,306.02,-0.001891,-0.001857,4.4148,35.5202,10,Tree cover,0.809,28.5,52.2,1.43,4.9,Siliciclastic Sedimentary,SS,195.6,254.1,NA,NA,NO_EVENT,NA,NA,NA,NA,NA,NA,NA,NA,NA,NA
NEG_3065,1:3,0,3,East Khasi Block,25.162384,91.826250,5241.7,1289.75,21.23,25.67,-0.002233,-0.001660,5.4184,19.4060,10,Tree cover,0.828,30.1,52.2,1.44,5.4,Siliciclastic Sedimentary,SS,105.8,514.7,NA,NA,NO_EVENT,NA,NA,NA,NA,NA,NA,NA,NA,NA,NA
NEG_3066,1:3,0,2,West Khasi Block,25.251177,91.120196,5641.2,764.00,35.22,43.09,-0.000844,-0.001013,4.5529,45.8630,10,Tree cover,0.859,27.9,49.2,1.43,5.1,Siliciclastic Sedimentary,SS,411.1,1770.7,NA,NA,NO_EVENT,NA,NA,NA,NA,NA,NA,NA,NA,NA,NA
NEG_3067,1:3,0,2,West Khasi Block,25.233485,91.472875,2629.3,1166.19,26.90,135.66,0.002821,-0.000621,5.1862,34.8031,10,Tree cover,0.809,28.5,46.3,1.43,4.9,Siliciclastic Sedimentary,SS,1410.1,1218.4,NA,NA,NO_EVENT,NA,NA,NA,NA,NA,NA,NA,NA,NA,NA
NEG_3068,1:3,0,1,Garo Hills Block,25.145338,89.870476,32394.8,64.36,18.49,7.32,-0.001342,0.001425,5.5711,18.2246,10,Tree cover,0.830,30.3,49.5,1.44,5.3,Mixed Sedimentary,SM,395.0,1035.2,NA,NA,NO_EVENT,NA,NA,NA,NA,NA,NA,NA,NA,NA,NA
NEG_3069,1:3,0,5,Jaintia Hills Block,25.075222,92.710488,17297.2,449.91,29.39,209.94,-0.003683,0.000266,4.4312,24.9552,10,Tree cover,0.823,29.7,47.1,1.44,5.4,Siliciclastic Sedimentary,SS,8010.8,643.1,NA,NA,NO_EVENT,NA,NA,NA,NA,NA,NA,NA,NA,NA,NA
NEG_3070,1:3,0,3,East Khasi Block,25.173669,91.960859,4690.1,1299.68,22.52,148.07,0.003464,0.000913,5.3576,20.7951,10,Tree cover,0.826,30.0,52.1,1.44,5.2,Siliciclastic Sedimentary,SS,152.7,361.4,NA,NA,NO_EVENT,NA,NA,NA,NA,NA,NA,NA,NA,NA,NA
NEG_3071,1:3,0,1,Garo Hills Block,25.093360,90.129889,19759.7,25.00,22.07,202.13,0.003117,0.001101,5.0809,20.5428,10,Tree cover,0.827,30.0,50.1,1.44,5.3,Mixed Sedimentary,SM,1869.5,1045.8,NA,NA,NO_EVENT,NA,NA,NA,NA,NA,NA,NA,NA,NA,NA
NEG_3072,1:3,0,4,Ri-Bhoi Block,26.047707,92.681748,18915.5,484.62,34.04,164.79,-0.000459,-0.001891,4.3855,48.2566,10,Tree cover,0.829,34.9,42.7,1.37,4.8,Metamorphic,MT,40.0,2204.6,NA,NA,NO_EVENT,NA,NA,NA,NA,NA,NA,NA,NA,NA,NA
NEG_3073,1:3,0,4,Ri-Bhoi Block,25.861977,91.636411,5267.3,1266.65,35.90,56.69,0.002238,0.001554,4.4666,26.1268,10,Tree cover,0.784,32.3,42.2,1.31,4.8,Metamorphic,MT,745.0,5504.7,NA,NA,NO_EVENT,NA,NA,NA,NA,NA,NA,NA,NA,NA,NA
NEG_3074,1:3,0,1,Garo Hills Block,25.511357,90.886345,7538.7,432.49,25.54,225.66,0.000143,-0.002123,4.7165,18.3874,10,Tree cover,0.661,23.3,45.0,1.34,5.4,Mixed Sedimentary,SM,386.4,4530.3,NA,NA,NO_EVENT,NA,NA,NA,NA,NA,NA,NA,NA,NA,NA
NEG_3075,1:3,0,4,Ri-Bhoi Block,26.042855,91.638872,7760.5,1099.03,33.27,28.88,0.002523,-0.001481,4.4656,46.1863,10,Tree cover,0.830,35.0,42.1,1.37,4.8,Metamorphic,MT,3793.9,4365.5,NA,NA,NO_EVENT,NA,NA,NA,NA,NA,NA,NA,NA,NA,NA
NEG_3076,1:3,0,1,Garo Hills Block,25.645398,90.507298,12801.1,25.00,29.51,316.27,0.000917,-0.001951,4.2730,41.7529,10,Tree cover,0.659,28.0,49.9,1.32,4.8,Mixed Sedimentary,SM,4759.0,2580.0,NA,NA,NO_EVENT,NA,NA,NA,NA,NA,NA,NA,NA,NA,NA
NEG_3077,1:3,0,5,Jaintia Hills Block,25.070434,92.682825,20123.3,460.77,31.72,210.31,-0.000728,0.000039,4.2290,26.6997,10,Tree cover,0.822,29.6,48.3,1.44,5.4,Siliciclastic Sedimentary,SS,8713.9,172.9,NA,NA,NO_EVENT,NA,NA,NA,NA,NA,NA,NA,NA,NA,NA
NEG_3078,1:3,0,2,West Khasi Block,25.358834,91.149897,7600.0,739.85,22.23,40.40,0.001357,0.002151,5.5301,43.1939,10,Tree cover,0.739,34.8,38.4,1.38,4.5,Metamorphic,MT,5084.6,1965.9,NA,NA,NO_EVENT,NA,NA,NA,NA,NA,NA,NA,NA,NA,NA
NEG_3079,1:3,0,5,Jaintia Hills Block,25.143811,92.352619,1670.1,995.82,19.67,6.34,-0.001322,-0.000728,5.4706,18.1846,10,Tree cover,0.830,39.0,32.0,1.32,5.5,Carbonate Sedimentary,SC,1672.9,2553.7,NA,NA,NO_EVENT,NA,NA,NA,NA,NA,NA,NA,NA,NA,NA
NEG_3080,1:3,0,5,Jaintia Hills Block,25.049842,92.343672,3451.6,816.63,29.03,323.09,0.003891,0.000665,4.3827,31.2030,10,Tree cover,0.815,29.0,47.7,1.43,4.9,Siliciclastic Sedimentary,SS,213.9,528.9,NA,NA,NO_EVENT,NA,NA,NA,NA,NA,NA,NA,NA,NA,NA
NEG_3081,1:3,0,5,Jaintia Hills Block,25.171508,92.504021,8707.2,771.71,19.96,67.30,0.003815,-0.000643,5.5544,20.2308,10,Tree cover,0.827,30.0,53.0,1.44,5.2,Siliciclastic Sedimentary,SS,3078.3,199.8,NA,NA,NO_EVENT,NA,NA,NA,NA,NA,NA,NA,NA,NA,NA
NEG_3082,1:3,0,1,Garo Hills Block,25.808154,90.302244,13987.1,25.00,28.57,112.12,0.001460,0.001091,4.8959,38.3620,10,Tree cover,0.741,29.9,44.2,1.34,4.9,Mixed Sedimentary,SM,4072.0,9570.6,NA,NA,NO_EVENT,NA,NA,NA,NA,NA,NA,NA,NA,NA,NA
NEG_3083,1:3,0,1,Garo Hills Block,25.631083,90.753602,3881.8,237.43,26.50,226.10,-0.000441,-0.001709,4.4946,35.7954,10,Tree cover,0.655,27.4,50.3,1.32,5.3,Mixed Sedimentary,SM,1639.2,3096.6,NA,NA,NO_EVENT,NA,NA,NA,NA,NA,NA,NA,NA,NA,NA
NEG_3084,1:3,0,5,Jaintia Hills Block,25.212492,92.420506,4900.1,992.31,34.35,40.49,-0.000585,-0.001221,4.5382,32.6220,10,Tree cover,0.816,41.5,31.4,1.34,5.6,Carbonate Sedimentary,SC,759.5,409.5,NA,NA,NO_EVENT,NA,NA,NA,NA,NA,NA,NA,NA,NA,NA
NEG_3085,1:3,0,2,West Khasi Block,25.455805,91.015558,4110.5,629.01,27.95,351.79,0.003123,0.000509,4.7284,27.3758,10,Tree cover,0.683,32.1,39.5,1.36,4.6,Metamorphic,MT,4142.8,75.1,NA,NA,NO_EVENT,NA,NA,NA,NA,NA,NA,NA,NA,NA,NA
NEG_3086,1:3,0,1,Garo Hills Block,25.203478,90.968350,7369.6,406.77,23.21,73.60,0.004677,-0.000176,5.4031,26.0068,10,Tree cover,0.819,29.4,44.2,1.43,5.3,Mixed Sedimentary,SM,1752.1,452.8,NA,NA,NO_EVENT,NA,NA,NA,NA,NA,NA,NA,NA,NA,NA
NEG_3087,1:3,0,1,Garo Hills Block,25.961346,90.907543,20221.0,415.34,19.50,113.97,-0.001201,-0.000844,5.8032,20.6862,10,Tree cover,0.820,24.8,44.5,1.40,5.4,Mixed Sedimentary,SM,657.9,4979.4,NA,NA,NO_EVENT,NA,NA,NA,NA,NA,NA,NA,NA,NA,NA
NEG_3088,1:3,0,4,Ri-Bhoi Block,26.047732,92.686242,18480.3,479.84,33.95,164.75,-0.000887,-0.001852,4.3926,48.1838,10,Tree cover,0.829,34.9,42.9,1.37,4.8,Metamorphic,MT,321.8,2214.2,NA,NA,NO_EVENT,NA,NA,NA,NA,NA,NA,NA,NA,NA,NA
NEG_3089,1:3,0,1,Garo Hills Block,25.176491,90.340799,15305.2,25.00,27.90,64.87,-0.004262,-0.000387,4.9375,21.9364,10,Tree cover,0.826,29.9,44.2,1.44,4.9,Mixed Sedimentary,SM,56.0,636.7,NA,NA,NO_EVENT,NA,NA,NA,NA,NA,NA,NA,NA,NA,NA
NEG_3090,1:3,0,1,Garo Hills Block,25.951688,90.997921,14462.9,522.67,15.65,63.59,0.004528,0.000067,6.1257,19.3206,10,Tree cover,0.817,25.1,44.6,1.39,5.3,Mixed Sedimentary,SM,27.0,1608.4,NA,NA,NO_EVENT,NA,NA,NA,NA,NA,NA,NA,NA,NA,NA
NEG_3091,1:3,0,1,Garo Hills Block,25.024724,90.635309,20555.6,115.65,32.47,269.77,0.001496,-0.001935,4.0496,40.5374,10,Tree cover,0.805,28.2,53.1,1.43,5.1,Mixed Sedimentary,SM,188.3,259.4,NA,NA,NO_EVENT,NA,NA,NA,NA,NA,NA,NA,NA,NA,NA
NEG_3092,1:3,0,4,Ri-Bhoi Block,25.665439,92.237761,8103.6,1387.93,28.58,291.07,0.003412,-0.000033,4.3868,45.7857,10,Tree cover,0.665,27.2,45.7,1.28,5.0,Metamorphic,MT,1263.7,4441.7,NA,NA,NO_EVENT,NA,NA,NA,NA,NA,NA,NA,NA,NA,NA
NEG_3093,1:3,0,1,Garo Hills Block,25.164060,90.137151,12676.6,87.96,19.96,162.29,-0.002173,0.001675,5.5264,19.4724,10,Tree cover,0.828,30.1,49.8,1.44,5.2,Mixed Sedimentary,SM,166.0,1655.5,NA,NA,NO_EVENT,NA,NA,NA,NA,NA,NA,NA,NA,NA,NA
NEG_3094,1:3,0,4,Ri-Bhoi Block,26.015860,92.091003,5011.2,1081.80,24.12,148.47,0.000378,0.001465,5.2941,32.3669,10,Tree cover,0.830,35.2,46.2,1.37,5.1,Metamorphic,MT,1170.9,2337.4,NA,NA,NO_EVENT,NA,NA,NA,NA,NA,NA,NA,NA,NA,NA
NEG_3095,1:3,0,4,Ri-Bhoi Block,25.656962,92.146020,2221.1,1475.84,35.92,236.91,-0.001669,0.001956,3.7812,50.5132,10,Tree cover,0.758,27.2,46.9,1.29,4.8,Metamorphic,MT,763.6,474.4,NA,NA,NO_EVENT,NA,NA,NA,NA,NA,NA,NA,NA,NA,NA
NEG_3096,1:3,0,5,Jaintia Hills Block,25.483163,92.113290,4026.5,1525.74,30.64,203.96,-0.003079,-0.000106,4.4069,22.0481,10,Tree cover,0.671,31.2,46.6,1.35,4.8,Metamorphic,MT,728.9,667.7,NA,NA,NO_EVENT,NA,NA,NA,NA,NA,NA,NA,NA,NA,NA
NEG_3097,1:3,0,1,Garo Hills Block,25.421547,90.544488,15003.1,35.25,32.40,17.70,-0.000381,-0.001769,4.5083,39.2161,10,Tree cover,0.701,22.6,51.4,1.37,4.9,Mixed Sedimentary,SM,5039.7,3767.7,NA,NA,NO_EVENT,NA,NA,NA,NA,NA,NA,NA,NA,NA,NA
NEG_3098,1:3,0,4,Ri-Bhoi Block,25.807334,91.080000,3122.0,732.29,27.96,24.80,0.003631,0.000735,4.9418,38.1431,10,Tree cover,0.741,30.4,38.2,1.29,4.5,Metamorphic,MT,2351.5,110.1,NA,NA,NO_EVENT,NA,NA,NA,NA,NA,NA,NA,NA,NA,NA
NEG_3099,1:3,0,1,Garo Hills Block,26.079887,90.865930,33296.8,248.90,35.29,183.61,0.004777,0.000095,4.1581,57.1851,10,Tree cover,0.868,22.5,45.6,1.43,5.4,Mixed Sedimentary,SM,675.0,1710.4,NA,NA,NO_EVENT,NA,NA,NA,NA,NA,NA,NA,NA,NA,NA
NEG_3100,1:3,0,4,Ri-Bhoi Block,26.015466,92.645536,21951.5,531.75,27.32,149.39,0.000272,-0.002113,5.0394,34.1695,10,Tree cover,0.830,35.2,41.3,1.37,4.7,Metamorphic,MT,173.3,235.1,NA,NA,NO_EVENT,NA,NA,NA,NA,NA,NA,NA,NA,NA,NA
NEG_3101,1:3,0,5,Jaintia Hills Block,25.281201,92.234575,3421.1,1214.85,24.69,74.07,-0.002692,-0.000163,5.4233,43.4879,10,Tree cover,0.786,26.7,44.3,1.42,4.8,Siliciclastic Sedimentary,SS,659.5,127.3,NA,NA,NO_EVENT,NA,NA,NA,NA,NA,NA,NA,NA,NA,NA
NEG_3102,1:3,0,5,Jaintia Hills Block,25.487720,92.598450,8803.0,840.41,25.49,209.31,-0.002416,0.000978,4.8020,20.7018,10,Tree cover,0.669,31.0,39.6,1.34,4.6,Metamorphic,MT,2874.5,1547.5,NA,NA,NO_EVENT,NA,NA,NA,NA,NA,NA,NA,NA,NA,NA
NEG_3103,1:3,0,5,Jaintia Hills Block,25.506134,92.070126,1681.4,1648.43,21.70,209.74,-0.000230,0.002568,5.0407,18.6162,10,Tree cover,0.662,30.3,45.7,1.34,4.8,Metamorphic,MT,373.1,842.9,NA,NA,NO_EVENT,NA,NA,NA,NA,NA,NA,NA,NA,NA,NA
NEG_3104,1:3,0,1,Garo Hills Block,25.524325,90.494792,13147.4,125.16,18.35,324.65,-0.001627,0.001151,5.2523,18.0018,10,Tree cover,0.657,23.6,49.4,1.34,4.8,Mixed Sedimentary,SM,2771.2,818.3,NA,NA,NO_EVENT,NA,NA,NA,NA,NA,NA,NA,NA,NA,NA
NEG_3105,1:3,0,2,West Khasi Block,25.235298,91.097565,5915.4,743.57,35.88,40.64,-0.002667,0.000538,4.4716,41.0362,10,Tree cover,0.854,28.4,48.2,1.43,5.1,Siliciclastic Sedimentary,SS,833.8,3349.1,NA,NA,NO_EVENT,NA,NA,NA,NA,NA,NA,NA,NA,NA,NA
NEG_3106,1:3,0,4,Ri-Bhoi Block,25.835934,91.645468,3821.8,1314.59,33.40,47.26,0.002909,0.000705,4.6003,32.9750,10,Tree cover,0.759,31.4,41.9,1.30,4.8,Metamorphic,MT,275.9,3108.3,NA,NA,NO_EVENT,NA,NA,NA,NA,NA,NA,NA,NA,NA,NA
NEG_3107,1:3,0,1,Garo Hills Block,25.763720,90.661095,17041.5,113.59,17.48,174.13,0.000044,-0.002967,5.6122,36.7030,10,Tree cover,0.714,30.3,52.9,1.33,5.1,Mixed Sedimentary,SM,316.7,539.6,NA,NA,NO_EVENT,NA,NA,NA,NA,NA,NA,NA,NA,NA,NA
NEG_3108,1:3,0,1,Garo Hills Block,25.539950,89.935406,4614.5,33.13,14.44,309.18,-0.001866,-0.001832,5.5240,18.2324,40,Cropland,0.512,24.1,52.0,1.33,5.4,Mixed Sedimentary,SM,543.9,2656.0,NA,NA,NO_EVENT,NA,NA,NA,NA,NA,NA,NA,NA,NA,NA
NEG_3109,1:3,0,4,Ri-Bhoi Block,25.902935,92.819171,12015.5,421.05,22.83,98.54,-0.000791,-0.002525,5.5690,18.4033,10,Tree cover,0.797,33.6,46.7,1.32,5.1,Metamorphic,MT,39.1,1255.2,NA,NA,NO_EVENT,NA,NA,NA,NA,NA,NA,NA,NA,NA,NA
NEG_3110,1:3,0,1,Garo Hills Block,25.459429,89.833439,16673.6,64.99,33.81,352.78,-0.004376,0.000362,4.2452,28.3011,10,Tree cover,0.681,22.5,47.9,1.36,5.2,Mixed Sedimentary,SM,1051.9,93.5,NA,NA,NO_EVENT,NA,NA,NA,NA,NA,NA,NA,NA,NA,NA
NEG_3111,1:3,0,3,East Khasi Block,25.203376,91.790207,3270.6,1385.73,24.33,37.40,0.000870,0.000572,5.3132,26.3717,10,Tree cover,0.819,29.4,51.0,1.43,5.4,Siliciclastic Sedimentary,SS,312.0,973.4,NA,NA,NO_EVENT,NA,NA,NA,NA,NA,NA,NA,NA,NA,NA
NEG_3112,1:3,0,4,Ri-Bhoi Block,25.681046,92.202987,4563.1,1446.85,31.28,267.80,0.002985,0.000942,4.2106,51.6872,10,Tree cover,0.671,27.3,46.5,1.28,4.8,Metamorphic,MT,1875.7,828.9,NA,NA,NO_EVENT,NA,NA,NA,NA,NA,NA,NA,NA,NA,NA
NEG_3113,1:3,0,5,Jaintia Hills Block,25.294195,92.129077,1944.5,1350.43,28.39,124.78,0.003530,-0.000799,5.1284,49.4812,10,Tree cover,0.778,26.2,45.4,1.41,4.9,Siliciclastic Sedimentary,SS,467.4,671.5,NA,NA,NO_EVENT,NA,NA,NA,NA,NA,NA,NA,NA,NA,NA
NEG_3114,1:3,0,1,Garo Hills Block,25.763023,90.784584,6403.8,290.99,19.69,178.87,-0.000045,0.002945,5.4327,39.1490,10,Tree cover,0.713,30.3,48.9,1.33,5.3,Mixed Sedimentary,SM,2864.6,409.1,NA,NA,NO_EVENT,NA,NA,NA,NA,NA,NA,NA,NA,NA,NA
NEG_3115,1:3,0,1,Garo Hills Block,25.609127,90.249185,4102.2,46.21,25.19,236.68,-0.002576,-0.001274,4.5853,29.6418,10,Tree cover,0.652,26.6,45.2,1.32,5.0,Mixed Sedimentary,SM,689.8,1159.1,NA,NA,NO_EVENT,NA,NA,NA,NA,NA,NA,NA,NA,NA,NA
NEG_3116,1:3,0,5,Jaintia Hills Block,25.508770,92.487652,3590.9,933.15,22.47,298.66,0.000120,-0.000063,4.9704,18.4768,10,Tree cover,0.661,30.2,38.1,1.34,4.5,Metamorphic,MT,2638.7,886.0,NA,NA,NO_EVENT,NA,NA,NA,NA,NA,NA,NA,NA,NA,NA
NEG_3117,1:3,0,5,Jaintia Hills Block,25.474887,92.360678,7994.6,1213.97,30.30,344.56,-0.003820,0.000104,4.4655,23.6299,10,Tree cover,0.674,31.4,41.2,1.35,4.7,Metamorphic,MT,463.3,247.4,NA,NA,NO_EVENT,NA,NA,NA,NA,NA,NA,NA,NA,NA,NA
NEG_3118,1:3,0,1,Garo Hills Block,25.657474,90.385224,980.4,65.75,31.12,304.92,-0.001778,0.001877,4.1663,46.2997,10,Tree cover,0.662,28.4,45.0,1.32,4.8,Mixed Sedimentary,SM,418.2,820.8,NA,NA,NO_EVENT,NA,NA,NA,NA,NA,NA,NA,NA,NA,NA
NEG_3119,1:3,0,2,West Khasi Block,25.647595,91.343249,4921.1,1084.35,34.94,231.65,-0.001407,-0.000999,3.8422,46.8115,10,Tree cover,0.659,27.2,44.8,1.29,5.0,Metamorphic,MT,471.4,8002.0,NA,NA,NO_EVENT,NA,NA,NA,NA,NA,NA,NA,NA,NA,NA
NEG_3120,1:3,0,1,Garo Hills Block,25.450533,90.164873,7113.5,51.17,26.84,182.08,0.000145,-0.000272,4.8383,28.2464,10,Tree cover,0.685,22.5,48.5,1.36,5.2,Mixed Sedimentary,SM,1984.8,330.5,NA,NA,NO_EVENT,NA,NA,NA,NA,NA,NA,NA,NA,NA,NA
NEG_3121,1:3,0,1,Garo Hills Block,25.470045,90.021925,7866.1,25.00,32.76,236.41,0.001642,0.001509,4.2874,25.2281,10,Tree cover,0.676,22.6,53.0,1.35,5.4,Mixed Sedimentary,SM,393.1,284.6,NA,NA,NO_EVENT,NA,NA,NA,NA,NA,NA,NA,NA,NA,NA
NEG_3122,1:3,0,2,West Khasi Block,25.126671,91.068545,7703.4,561.15,22.19,356.27,0.000445,-0.002397,5.2005,18.0628,10,Tree cover,0.830,30.3,46.9,1.44,5.2,Siliciclastic Sedimentary,SS,1268.9,58.5,NA,NA,NO_EVENT,NA,NA,NA,NA,NA,NA,NA,NA,NA,NA
NEG_3123,1:3,0,5,Jaintia Hills Block,25.349812,92.622910,1534.1,735.59,20.50,136.09,0.003687,0.000427,5.6902,41.9302,10,Tree cover,0.745,34.9,40.4,1.38,4.7,Metamorphic,MT,1613.7,6182.4,NA,NA,NO_EVENT,NA,NA,NA,NA,NA,NA,NA,NA,NA,NA
NEG_3124,1:3,0,5,Jaintia Hills Block,25.425762,92.111467,3157.1,1471.42,32.51,165.46,-0.004318,-0.000001,4.4831,37.9751,10,Tree cover,0.698,33.1,46.6,1.37,4.8,Metamorphic,MT,1366.2,199.3,NA,NA,NO_EVENT,NA,NA,NA,NA,NA,NA,NA,NA,NA,NA
NEG_3125,1:3,0,3,East Khasi Block,25.592667,91.947461,3042.3,1729.90,24.14,241.92,-0.002516,0.001183,4.6714,25.6016,10,Tree cover,0.718,27.8,41.3,1.30,4.5,Metamorphic,MT,303.5,3431.8,NA,NA,NO_EVENT,NA,NA,NA,NA,NA,NA,NA,NA,NA,NA
NEG_3126,1:3,0,5,Jaintia Hills Block,25.300925,92.672810,2105.1,667.92,28.01,135.15,0.000455,-0.001451,5.1567,49.9342,10,Tree cover,0.775,26.0,48.8,1.41,5.4,Siliciclastic Sedimentary,SS,2092.1,4116.7,NA,NA,NO_EVENT,NA,NA,NA,NA,NA,NA,NA,NA,NA,NA
NEG_3127,1:3,0,5,Jaintia Hills Block,25.592496,92.335538,3269.1,1226.02,21.30,314.11,0.003409,-0.000904,4.8986,24.6764,10,Tree cover,0.650,27.8,42.2,1.30,4.8,Metamorphic,MT,2873.9,3261.2,NA,NA,NO_EVENT,NA,NA,NA,NA,NA,NA,NA,NA,NA,NA
NEG_3128,1:3,0,1,Garo Hills Block,25.414249,90.105645,5812.4,25.00,30.52,159.01,-0.003400,0.000260,4.6867,40.0981,10,Tree cover,0.705,22.7,51.1,1.37,5.3,Mixed Sedimentary,SM,691.3,1720.3,NA,NA,NO_EVENT,NA,NA,NA,NA,NA,NA,NA,NA,NA,NA
NEG_3129,1:3,0,1,Garo Hills Block,25.747609,89.823667,24984.2,25.37,23.51,352.10,-0.001316,0.001707,5.0656,45.0254,10,Tree cover,0.704,30.3,47.4,1.33,5.2,Mixed Sedimentary,SM,107.1,1706.4,NA,NA,NO_EVENT,NA,NA,NA,NA,NA,NA,NA,NA,NA,NA
NEG_3130,1:3,0,1,Garo Hills Block,25.533316,90.388046,3468.3,26.22,19.67,309.32,0.001737,-0.001947,5.1222,18.0936,10,Tree cover,0.655,23.9,45.1,1.34,4.8,Mixed Sedimentary,SM,1065.6,636.2,NA,NA,NO_EVENT,NA,NA,NA,NA,NA,NA,NA,NA,NA,NA
NEG_3131,1:3,0,4,Ri-Bhoi Block,25.697566,92.787231,27545.3,611.28,22.57,232.73,0.001879,-0.000046,4.9571,44.0795,10,Tree cover,0.678,27.5,46.2,1.28,5.1,Metamorphic,MT,21.3,1322.4,NA,NA,NO_EVENT,NA,NA,NA,NA,NA,NA,NA,NA,NA,NA
NEG_3132,1:3,0,5,Jaintia Hills Block,25.521555,92.293370,5103.6,1285.23,16.40,318.53,-0.000240,0.002831,5.4164,18.0190,10,Tree cover,0.658,29.8,43.8,1.33,4.9,Metamorphic,MT,59.2,1292.0,NA,NA,NO_EVENT,NA,NA,NA,NA,NA,NA,NA,NA,NA,NA
NEG_3133,1:3,0,2,West Khasi Block,25.568407,91.312312,2442.1,1023.95,20.91,243.32,0.002122,0.000281,4.9522,20.8497,10,Tree cover,0.650,28.4,43.7,1.31,4.9,Metamorphic,MT,953.1,357.0,NA,NA,NO_EVENT,NA,NA,NA,NA,NA,NA,NA,NA,NA,NA
NEG_3134,1:3,0,4,Ri-Bhoi Block,26.024857,92.514396,27761.2,812.02,21.74,83.49,-0.001223,0.001723,5.4538,32.8215,10,Tree cover,0.830,35.1,38.1,1.37,4.5,Metamorphic,MT,2132.7,4323.5,NA,NA,NO_EVENT,NA,NA,NA,NA,NA,NA,NA,NA,NA,NA
NEG_3135,1:3,0,1,Garo Hills Block,25.868665,90.703580,20658.6,129.67,26.12,125.76,-0.001749,0.001613,5.2624,22.6591,10,Tree cover,0.778,28.3,52.1,1.36,5.2,Mixed Sedimentary,SM,3090.4,3166.7,NA,NA,NO_EVENT,NA,NA,NA,NA,NA,NA,NA,NA,NA,NA
NEG_3136,1:3,0,1,Garo Hills Block,25.608609,90.482887,11309.6,37.18,22.17,314.99,-0.003079,-0.000294,4.8268,28.1388,10,Tree cover,0.652,26.6,48.8,1.32,4.8,Mixed Sedimentary,SM,612.3,3342.9,NA,NA,NO_EVENT,NA,NA,NA,NA,NA,NA,NA,NA,NA,NA
NEG_3137,1:3,0,2,West Khasi Block,25.499430,91.276850,784.4,931.58,22.08,254.89,0.000549,0.002617,5.0330,19.1308,10,Tree cover,0.664,30.6,42.3,1.34,4.8,Metamorphic,MT,120.6,624.7,NA,NA,NO_EVENT,NA,NA,NA,NA,NA,NA,NA,NA,NA,NA
NEG_3138,1:3,0,4,Ri-Bhoi Block,25.918171,92.532887,33326.0,800.70,20.24,97.38,0.001573,-0.001899,5.7808,18.0000,10,Tree cover,0.804,34.0,38.3,1.33,4.5,Metamorphic,MT,1871.8,1902.1,NA,NA,NO_EVENT,NA,NA,NA,NA,NA,NA,NA,NA,NA,NA
NEG_3139,1:3,0,1,Garo Hills Block,25.467790,89.853999,14415.4,79.35,30.89,348.27,-0.004307,-0.000166,4.4458,25.3413,10,Tree cover,0.677,22.6,48.8,1.35,5.3,Mixed Sedimentary,SM,58.1,301.5,NA,NA,NO_EVENT,NA,NA,NA,NA,NA,NA,NA,NA,NA,NA
NEG_3140,1:3,0,1,Garo Hills Block,25.950716,90.331550,20876.9,95.35,24.86,83.53,-0.004346,0.000043,5.3902,19.9807,10,Tree cover,0.816,25.2,44.1,1.39,4.9,Mixed Sedimentary,SM,1071.8,5562.6,NA,NA,NO_EVENT,NA,NA,NA,NA,NA,NA,NA,NA,NA,NA
NEG_3141,1:3,0,1,Garo Hills Block,25.691633,89.876161,16847.2,25.00,26.35,326.45,-0.003880,0.000304,4.6361,47.8150,10,Tree cover,0.675,29.4,49.8,1.32,5.3,Mixed Sedimentary,SM,536.9,1946.3,NA,NA,NO_EVENT,NA,NA,NA,NA,NA,NA,NA,NA,NA,NA
NEG_3142,1:3,0,5,Jaintia Hills Block,25.451467,92.807179,18888.8,537.98,25.94,189.75,-0.000562,0.000340,4.9065,27.6867,10,Tree cover,0.685,32.3,46.6,1.36,5.1,Metamorphic,MT,982.0,1399.6,NA,NA,NO_EVENT,NA,NA,NA,NA,NA,NA,NA,NA,NA,NA
NEG_3143,1:3,0,2,West Khasi Block,25.128749,91.092264,8673.0,592.87,23.77,357.69,0.000468,-0.001018,5.0824,18.0291,10,Tree cover,0.830,30.3,48.0,1.44,5.1,Siliciclastic Sedimentary,SS,679.8,420.0,NA,NA,NO_EVENT,NA,NA,NA,NA,NA,NA,NA,NA,NA,NA
NEG_3144,1:3,0,5,Jaintia Hills Block,25.351722,92.560519,1271.1,912.92,14.54,115.88,0.000824,-0.002017,6.1626,34.8823,10,Tree cover,0.743,34.9,38.7,1.38,4.5,Metamorphic,MT,466.6,571.4,NA,NA,NO_EVENT,NA,NA,NA,NA,NA,NA,NA,NA,NA,NA
NEG_3145,1:3,0,1,Garo Hills Block,25.958887,90.524981,20568.9,25.00,20.30,45.86,0.001863,0.000641,5.7432,20.4982,10,Tree cover,0.819,24.9,50.6,1.39,4.9,Mixed Sedimentary,SM,585.8,2256.2,NA,NA,NO_EVENT,NA,NA,NA,NA,NA,NA,NA,NA,NA,NA
NEG_3146,1:3,0,3,East Khasi Block,25.107683,91.712772,7185.2,1150.94,18.57,345.75,-0.002509,0.001256,5.4152,18.8836,10,Tree cover,0.829,30.2,47.6,1.44,5.4,Siliciclastic Sedimentary,SS,287.3,303.8,NA,NA,NO_EVENT,NA,NA,NA,NA,NA,NA,NA,NA,NA,NA
NEG_3147,1:3,0,3,East Khasi Block,25.383278,91.849857,2347.6,1667.36,25.71,55.70,0.000096,-0.000765,5.1809,43.4084,10,Tree cover,0.724,34.3,38.5,1.38,4.3,Metamorphic,MT,646.7,5205.6,NA,NA,NO_EVENT,NA,NA,NA,NA,NA,NA,NA,NA,NA,NA
NEG_3148,1:3,0,1,Garo Hills Block,25.054689,90.206868,22119.3,25.00,24.59,217.76,-0.004092,-0.000526,4.7513,28.0854,10,Tree cover,0.817,29.2,46.7,1.43,5.1,Mixed Sedimentary,SM,2826.8,571.4,NA,NA,NO_EVENT,NA,NA,NA,NA,NA,NA,NA,NA,NA,NA
NEG_3149,1:3,0,1,Garo Hills Block,25.761282,90.447730,3275.4,45.31,14.02,0.13,-0.000020,-0.002052,5.8793,33.1998,40,Cropland,0.652,30.3,47.3,1.33,4.8,Mixed Sedimentary,SM,2925.5,5829.6,NA,NA,NO_EVENT,NA,NA,NA,NA,NA,NA,NA,NA,NA,NA
NEG_3150,1:3,0,1,Garo Hills Block,25.946195,89.978702,36682.6,83.36,18.78,73.99,0.004963,-0.000022,5.8820,19.1163,10,Tree cover,0.815,25.3,52.9,1.39,5.4,Mixed Sedimentary,SM,6223.3,1484.3,NA,NA,NO_EVENT,NA,NA,NA,NA,NA,NA,NA,NA,NA,NA
NEG_3151,1:3,0,5,Jaintia Hills Block,25.252721,92.845609,15825.4,379.62,27.30,82.95,-0.000623,0.001415,5.1888,39.9793,10,Tree cover,0.800,27.8,44.1,1.43,5.2,Siliciclastic Sedimentary,SS,2456.4,1093.4,NA,NA,NO_EVENT,NA,NA,NA,NA,NA,NA,NA,NA,NA,NA
NEG_3152,1:3,0,3,East Khasi Block,25.487722,91.944045,5014.4,1694.07,28.57,218.40,0.001313,-0.002211,4.5556,21.0280,10,Tree cover,0.669,31.0,41.1,1.34,4.5,Metamorphic,MT,50.9,874.7,NA,NA,NO_EVENT,NA,NA,NA,NA,NA,NA,NA,NA,NA,NA
NEG_3153,1:3,0,3,East Khasi Block,25.217276,91.660100,1310.8,1298.61,33.67,45.48,-0.001222,-0.001485,4.6057,33.8281,10,Tree cover,0.815,29.0,45.6,1.43,5.3,Siliciclastic Sedimentary,SS,77.7,1725.4,NA,NA,NO_EVENT,NA,NA,NA,NA,NA,NA,NA,NA,NA,NA
NEG_3154,1:3,0,1,Garo Hills Block,25.804195,90.759154,11609.2,292.07,21.07,156.17,-0.003227,0.000966,5.4816,33.7981,10,Tree cover,0.739,29.9,50.1,1.34,5.3,Mixed Sedimentary,SM,1747.0,1918.3,NA,NA,NO_EVENT,NA,NA,NA,NA,NA,NA,NA,NA,NA,NA
NEG_3155,1:3,0,4,Ri-Bhoi Block,25.915209,91.640424,4666.4,1236.99,30.36,59.49,-0.002301,0.001612,4.9710,18.0200,10,Tree cover,0.802,34.0,42.1,1.33,4.8,Metamorphic,MT,485.0,11371.3,NA,NA,NO_EVENT,NA,NA,NA,NA,NA,NA,NA,NA,NA,NA
NEG_3156,1:3,0,2,West Khasi Block,25.440253,91.500809,4686.6,1297.78,25.89,174.53,0.004460,-0.000212,4.9554,30.3293,10,Tree cover,0.691,32.7,46.5,1.36,5.1,Metamorphic,MT,535.2,1516.3,NA,NA,NO_EVENT,NA,NA,NA,NA,NA,NA,NA,NA,NA,NA
