source_page,sl_no,slide_no,state,district,slide_name,nh_sh_location,latitude,longitude,material_involved,movement_type,history,elevation,slope,aspect,plan_curvature,profile_curvature,twi,spi
484,19606,MEG/WJH/83C4/2016/51,Meghalaya,East Jaintia Hills,0.13 km SE of Rathacherra,NH44,25.033514,92.435539,Rock,Slide,2016,360.00,21.34,226.94,0.009206,0.001579,5.6587,43.7951
484,19607,MEG/WJH/83C4/2016/50,Meghalaya,East Jaintia Hills,0.29 km SE of Rathacherra,NH44,25.033628,92.439331,Debris,Slide,2016,349.00,32.25,111.03,0.001099,-0.002594,4.8920,53.0310
484,19608,MEG/WJH/83C4/2016/52,Meghalaya,East Jaintia Hills,Rathacherra,NH44,25.034289,92.435222,Debris,Slide,2015,366.00,26.48,242.45,0.002116,0.001985,4.7227,27.9153
484,19609,MEG/WJH/83C4/2016/49,Meghalaya,East Jaintia Hills,0.48 km NE of Rathacherra,NH44,25.037722,92.439556,Debris,Slide,2016,340.00,27.62,153.68,-0.003126,0.000820,5.7724,87.9449
484,19610,MEG/WJH/83C4/2016/48,Meghalaya,East Jaintia Hills,0.55km NE of Rathacherra,NH44,25.037833,92.440417,Debris,Slide,2014,307.00,32.04,143.22,0.005550,-0.001201,5.5931,105.2086
484,19611,MEG/WJH/83C4/2016/47,Meghalaya,East Jaintia Hills,0.60 km NE of Rathacherra,NH40,25.038186,92.440725,Debris,Slide,2014,310.00,31.37,127.10,0.009432,0.001912,4.5206,34.1675
484,19612,MEG/WJH/83C4/2016/53,Meghalaya,East Jaintia Hills,0.46 km N of Rathacherra,NH44,25.038361,92.43675,Debris,Slide,2016,323.00,23.05,235.92,0.000095,-0.002653,4.8802,23.8465
484,19613,MEG/WJH/83C4/2016/78,Meghalaya,East Jaintia Hills,0.55 km N of Rathacherra,Nh44,25.039097,92.436869,Debris,Slide,NA,331.00,28.77,338.05,-0.003542,-0.000009,5.0308,46.1542
484,19614,MEG/WJH/83C4/2016/46,Meghalaya,East Jaintia Hills,1.25 km NE of Rathacherra,NH44,25.040511,92.446119,Debris,Slide,2015,316.00,27.19,241.31,0.015373,0.001548,4.6920,28.7830
484,19615,MEG/WJH/83C4/2016/77,Meghalaya,East Jaintia Hills,1.08 km NE of Rathacherra,NH44,25.042189,92.441964,Debris,Slide,2015,285.00,32.05,203.52,-0.006407,0.000474,5.5928,105.2333
484,19616,MEG/WJH/83C4/2016/79,Meghalaya,East Jaintia Hills,0.91km NNW of Rathacherra,NH44,25.042408,92.434525,Rock,Slide,2015,308.00,36.50,178.96,0.006929,0.000528,5.2434,103.6401
484,19617,MEG/WJH/83C4/2016/55,Meghalaya,East Jaintia Hills,0.92 km NNW of Rathacherra,NH44,25.042556,92.435028,Rock,Slide,2016,302.00,38.33,166.29,0.002397,-0.000079,5.1772,110.7428
484,19618,MEG/WJH/83C4/2016/54,Meghalaya,East Jaintia Hills,1 km NW of Rathacherra,NH44,25.042778,92.432472,Rock,Slide,2015,284.00,35.75,203.76,-0.001414,0.000666,5.8586,181.5173
484,19619,MEG/WJH/83C4/2016/60,Meghalaya,East Jaintia Hills,0.7km E of Danaubluh,NH44,25.043667,92.425444,Rock,Slide,2016,216.00,32.02,150.03,0.002814,0.000921,4.4954,35.0343
484,19620,MEG/WJH/83C4/2016/62,Meghalaya,East Jaintia Hills,0.39 km E of Danaubluh,NH44,25.043914,92.423556,Rock,Slide,2015,198.00,34.28,251.68,-0.004183,-0.003499,5.1024,76.3719
484,19621,MEG/WJH/83C4/2016/83,Meghalaya,East Jaintia Hills,Danaubluh,NH44,25.044056,92.418778,Debris,Slide,2015,170.00,28.00,214.80,-0.000725,-0.000140,5.0631,44.6830
484,19622,MEG/WJH/83C4/2016/56,Meghalaya,East Jaintia Hills,1.23 km NW of Rathacherra,NH44,25.044136,92.430244,Rock,Slide,2016,261.00,40.03,261.14,0.009649,-0.005501,4.2003,47.0615
484,19623,MEG/WJH/83C4/2016/61,Meghalaya,East Jaintia Hills,0.42km E of Danaubluh,NH44,25.044417,92.423908,Debris,Slide,2016,231.00,30.24,279.18,0.019285,-0.003792,4.5654,32.6680
484,19624,MEG/WJH/83C4/2016/59,Meghalaya,East Jaintia Hills,1.38 km NW of Rathacherra,NH44,25.044442,92.427761,Debris,Slide,2016,236.00,15.17,177.17,-0.000753,-0.001697,6.4295,45.5810
484,19625,MEG/WJH/83C4/2016/63,Meghalaya,East Jaintia Hills,0.41 km NE of Danaubluh,Nh44,25.044733,92.423675,Rock,Slide,2015,207.00,36.97,286.21,-0.001928,0.003921,5.0030,84.3555
484,19626,MEG/WJH/83C4/2016/57,Meghalaya,East Jaintia Hills,1.29 km NW of Rathacherra,NH44,25.044778,92.430333,Debris,Slide,2015,266.00,44.90,266.98,0.007701,-0.011530,4.0295,55.8277
484,19627,MEG/WJH/83C4/2016/58,Meghalaya,East Jaintia Hills,1.33 km NW of Rathacherra,NH44,25.044833,92.429333,Debris,Slide,2015,248.00,29.58,164.03,-0.005759,-0.003266,4.9976,47.7061
484,19628,MEG/WJH/83C4/2016/80,Meghalaya,East Jaintia Hills,Danauubluh 1,NH44,25.044947,92.420261,Debris,Slide,NA,181.00,24.27,98.25,-0.024042,-0.003572,6.6142,151.5677
484,19629,MEG/WJH/83C4/2016/82,Meghalaya,East Jaintia Hills,0.24 km NE of Danaubluh,NH44,25.045111,92.4215,Debris,Slide,2016,176.00,33.42,201.41,-0.002417,-0.000897,5.8277,147.9173
484,19630,MEG/WJH/83C4/2016/81,Meghalaya,East Jaintia Hills,0.21 km NE of Danaubluh,NH44,25.045386,92.420764,Debris,Slide,2016,181.00,31.89,191.16,-0.012301,-0.005256,6.6405,296.3118
484,19631,MEG/WJH/83C4/2016/69,Meghalaya,East Jaintia Hills,Donaskul,NH44,25.045389,92.410444,Debris,Slide,2014,87.00,28.57,210.54,-0.002672,-0.003575,5.3270,61.0092
484,19632,MEG/WJH/83C4/2016/84,Meghalaya,East Jaintia Hills,0.18 km NW of Donaskul,NH44,25.046181,92.408878,Debris,Slide,2016,82.00,22.46,208.35,0.001708,-0.011003,5.3146,34.7443
484,19633,MEG/WJH/83C4/2016/88,Meghalaya,East Jaintia Hills,Wakho,NH44,25.047194,92.404806,Debris,Slide,2016,84.00,11.90,216.35,0.022221,0.005072,4.8896,5.9053
484,19634,MEG/WJH/83C4/2016/85,Meghalaya,East Jaintia Hills,0.26 km NW of Donaskul,NH44,25.047444,92.409156,Debris,Slide,NA,67.00,31.75,357.93,-0.014408,-0.014148,4.9111,52.0131
484,19635,MEG/WJH/83C4/2016/87,Meghalaya,East Jaintia Hills,0.11 km NE of Wakho,┬á,25.047556,92.405806,Debris,Slide,2015,71.00,25.18,56.62,0.010856,0.001642,4.0872,13.1730
484,19636,MEG/WJH/83C4/2016/86,Meghalaya,East Jaintia Hills,0.08 km N of Wakho,NH44,25.047906,92.404822,Debris,Slide,NA,86.00,10.05,53.64,-0.014422,0.010084,5.0626,4.9668
484,19637,MEG/WJH/83C4/2016/89,Meghalaya,East Jaintia Hills,1.81 km SE of Umkiang,NH44,25.049744,92.400678,Debris,Slide,2016,75.00,10.65,213.06,0.021494,0.001559,5.6965,10.5396
484,19638,MEG/WJH/83C4/2016/90,Meghalaya,East Jaintia Hills,2.10 km SE of Umkiang,NH44,25.052236,92.399047,Debris,Slide,2016,68.00,11.08,172.14,0.006983,-0.003269,5.6561,10.9741
484,19639,MEG/WJH/83C4/2016/91,Meghalaya,East Jaintia Hills,Umkiang,NH44,25.056022,92.394119,Debris,Slide,2016,82.00,8.81,200.20,-0.005630,-0.002626,6.5828,17.3749
484,19640,MEG/WJH/83C4/2016/92,Meghalaya,East Jaintia Hills,Umkiang 1,NH44,25.062025,92.386975,Debris,Slide,2013,44.00,14.03,350.75,0.027523,0.000495,4.7195,6.9981
484,19641,MEG/WJH/83C4/2016/93,Meghalaya,East Jaintia Hills,Umkiang 2,NH44,25.068158,92.380058,Debris,Slide,2016,68.00,16.36,41.97,0.008130,0.006610,4.5580,8.2239
484,19642,MEG/WJH/83C4/2016/96,Meghalaya,East Jaintia Hills,0.59 km NE of Kuliang,NH44,25.073,92.368778,Debris,Slide,2015,115.00,17.59,237.62,0.004447,-0.000117,4.4811,8.8805
484,19643,MEG/WJH/83C4/2016/94,Meghalaya,East Jaintia Hills,0.93 km E of Kuliang,NH44,25.073217,92.372161,Debris,Slide,2014,85.00,21.23,171.41,0.006517,-0.001679,4.9714,21.7561
484,19644,MEG/WJH/83C4/2016/95,Meghalaya,East Jaintia Hills,0.80 km NE of Kuliang,NH44,25.073731,92.370786,Rock,Slide,2015,103.00,29.45,133.99,0.004869,0.001552,5.8502,110.6804
484,19645,MEG/WJH/83C4/2016/71,Meghalaya,East Jaintia Hills,0.86 km NE of Kuliang,NH44,25.074439,92.371186,Rock,Slide,NA,112.00,32.18,101.86,-0.010405,-0.007562,4.8942,52.8791
485,19646,MEG/WJH/83C4/2016/70,Meghalaya,East Jaintia Hills,0.85 km NE of Kuliang,NH44,25.075167,92.370953,Debris,Slide,2014,159.00,36.28,101.76,0.014345,0.009742,3.6418,20.5564
485,19647,MEG/WJH/83C4/2016/97,Meghalaya,East Jaintia Hills,Kuliang,NH44,25.075567,92.363317,Debris,Slide,2014,168.00,28.12,147.12,-0.007848,-0.002617,4.6524,29.9301
485,19648,MEG/WJH/83C4/2016/98,Meghalaya,East Jaintia Hills,0.69 km N of Kuliang,NH44,25.079,92.361667,Rock,Slide,2015,186.00,31.83,268.13,0.007083,0.006125,4.9079,52.1527
485,19649,MEG/WJH/83C4/2016/102,Meghalaya,East Jaintia Hills,0.79 km W of Kuliang,NH44,25.079028,92.359111,Rock,Slide,2014,250.00,41.63,115.31,0.029545,0.019641,3.4504,24.8899
485,19650,MEG/WJH/83C4/2016/101,Meghalaya,East Jaintia Hills,0.8 km Wof Kuliang,NH44,25.079722,92.359361,Debris,Slide,2013,243.00,54.68,116.91,0.003054,0.000310,3.6810,79.0580
485,19651,MEG/WJH/83C4/2016/100,Meghalaya,East Jaintia Hills,1 km NNW of Kuliang,NH44,25.081381,92.359972,Debris,Slide,2014,216.00,23.75,83.67,-0.005171,-0.004571,5.7627,61.6255
485,19652,MEG/WJH/83C4/2016/72,Meghalaya,East Jaintia Hills,1.16 km NNE of Kuliang,NH44,25.083061,92.360322,Debris,Slide,2015,240.00,27.84,116.36,-0.004742,0.008061,4.6642,29.5756
485,19653,MEG/WJH/83C4/2016/99,Meghalaya,East Jaintia Hills,1.18 km NNW of Kuliang,NH44,25.083361,92.361083,Debris,Slide,2016,212.00,11.53,193.92,-0.122061,-0.009962,10.7358,1914.6023
485,19654,MEG/WJH/83C4/2016/114,Meghalaya,East Jaintia Hills,4.76 km SSW of Sonapyrdi,Approach road Sonapur to Chapalong (right bank of Lubha river),25.084611,92.335667,Rock,Slide,2016,147.00,28.63,158.91,-0.010897,-0.000598,6.8822,290.4739
485,19655,MEGH/JH/83C08/2007/D-16,Meghalaya,Jaintia Hills,Near Sonapur slide,Roads (NH - 44),25.08586,92.35869,Rock,Slide,27August 2007,355.00,14.69,238.37,-0.023621,-0.008064,5.7700,22.0205
485,19656,MEG/WJH/83C4/2016/103,Meghalaya,East Jaintia Hills,0.67 km SE of Sonapur mandir,NH44,25.087917,92.357906,Rock,Slide,2014,231.00,29.19,314.01,0.017270,-0.003263,3.9148,15.6420
485,19657,MEG/WJH/83C4/2016/65,Meghalaya,East Jaintia Hills,0.37 km NE of Sonapur mandir,NH44,25.091361,92.356889,Rock,Slide,2016,204.00,40.20,168.73,0.011266,0.001600,4.1939,47.3264
485,19658,MEG/EJH/83CO8/2018/01,Meghalaya,East Jaintia Hills,Sonapur 4km mile stone,NH-6,25.09178,92.35469,Rock,Slide,07 May 2018,159.00,30.17,223.10,-0.001792,0.002469,5.4842,81.4021
485,19659,MEG/WJH/83C4/2016/64,Meghalaya,East Jaintia Hills,0.59 km NE of Sonapur,NH44,25.092083,92.35925,Rock,Composite,2016,211.00,21.06,189.34,0.010224,0.000759,5.6729,43.1362
485,19660,MEG/WJH/83C4/2016/66,Meghalaya,East Jaintia Hills,Sonapur mandir 1,NH44,25.092178,92.353564,Rock cum Debris,Slide,2014,140.00,29.33,260.06,0.036121,0.004939,3.9087,15.7363
485,19661,MEG/WJH/83C4/2016/67,Meghalaya,East Jaintia Hills,Sonapur mandir 2,NH44,25.092981,92.353708,Debris,Slide,2015,124.00,44.74,286.35,0.008405,-0.001193,4.0347,55.4942
485,19662,MEG/WJH/83C4/2016/113,Meghalaya,East Jaintia Hills,3.23 km SSW of Sonapyrdi,Approach road Sonapur to Chapalong (right bank of Lubha river),25.093078,92.348025,Rock,Slide,2016,165.00,34.85,146.11,0.004577,-0.002086,5.3036,97.5084
485,19663,MEG/WJH/83C4/2016/112,Meghalaya,East Jaintia Hills,2.91 km SSW of Sonapyrdi,Approach road Sonapur to Chapalong (right bank of Lubha river),25.095131,92.350111,Rock,Slide,2014,168.00,38.18,92.36,0.005374,0.000599,4.6714,66.0559
485,19664,MEG/WJH/83C4/2016/111,Meghalaya,East Jaintia Hills,2.47 km SSW of Sonapyrdi,Approach road Sonapur to Chapalong (right bank of Lubha river),25.096592,92.351017,Debris,Slide,2016,146.00,33.82,92.07,0.027157,0.009267,3.7328,18.7623
485,19665,MEG/WJH/83C4/2016/104,Meghalaya,East Jaintia Hills,0.70 km NNW of Sonapur mandir,NH44,25.097997,92.355972,Debris,Slide,2015,115.00,35.56,321.82,0.018436,0.002833,3.6680,20.0179
485,19666,MEG/WJH/83C4/2016/140,Meghalaya,East Jaintia Hills,Sonapur Landslide,NH44,25.104417,92.365028,Rock,Slide,1989,339.00,29.47,281.56,-0.001743,0.002182,6.6112,237.3107
485,19667,MEG/WJH/83C4/2016/110,Meghalaya,East Jaintia Hills,2.01 km SW of Sonapyrdi,Approach road Sonapur to Chapalong (right bank of Lubha river),25.111331,92.351128,Debris,Slide,NA,260.00,44.02,63.68,-0.016203,-0.002033,6.0745,405.8343
485,19668,MEG/WJH/83C4/2016/109,Meghalaya,East Jaintia Hills,2.09 km SW of Sonapyrdi,Approach road Sonapur to Chapalong (right bank of Lubha river),25.112806,92.350194,Debris,Slide,2016,249.00,41.25,122.32,-0.007037,-0.009314,5.9483,294.6588
485,19669,MG/EJH/2018/83CO8/01,Meghalaya,East Jaintia Hills,Sonapur 4km mile stone,NH6,25.112861,92.877556,Rock,Slide,NA,230.00,21.08,12.71,0.014469,0.001314,4.9788,21.5815
485,19670,ML/EJH/83C08/2014/02,Meghalaya,East Jaintia Hills,Sonapyrdi,NH 44,25.11303,92.37394,Debris,Slide,NA,52.00,15.77,141.93,0.000178,-0.001182,6.6761,63.2545
485,19671,MEG/WJH/83C4/2016/108,Meghalaya,East Jaintia Hills,2.06 km SW of Sonapyrdi,Approach road Sonapur to Chapalong (right bank of Lubha river),25.113475,92.350506,Debris,Slide,2013,258.00,38.19,76.02,0.011396,-0.009468,4.2652,44.0540
485,19672,MEG/WJH/83C4/2016/105,Meghalaya,East Jaintia Hills,Sonapyrdi,NH44,25.113586,92.370594,Debris,Slide,2014,98.00,23.98,142.25,-0.000278,0.003013,5.2409,37.3622
485,19673,MEG/WJH/83C4/2016/106,Meghalaya,East Jaintia Hills,1.25 km SW of Sonapyrdi,Approach road Sonapur to Chapalong (right bank of Lubha river),25.114997,92.358378,Debris,Slide,2014,104.00,18.05,89.29,-0.019230,-0.005488,7.2864,155.1369
485,19674,MEG/WJH/83C4/2016/107,Meghalaya,East Jaintia Hills,1.47 km W of Sonapyrdi,Approach road Sonapur to Chapalong (right bank of Lubha river),25.117453,92.35705,Debris,Slide,2015,171.00,27.58,109.91,-0.000920,-0.006612,4.6748,29.2480
485,19675,MEGH/JH/83C08/2007/D-23,Meghalaya,Jaintia Hills,Sonapur slide,NH-44,25.12186,92.388583,NA,Flow,31 July 2007,113.00,34.28,324.34,-0.007502,-0.002425,4.4085,38.1667
485,19676,MEG/WJH/83C4/2016/137,Meghalaya,East Jaintia Hills,4.50km SE of Lympyngngad,┬á,25.122381,92.243069,Debris,Slide,2016,137.00,30.08,339.24,-0.004946,0.000881,4.5712,32.4379
485,19677,MEG/WJH/83C4/2016/115,Meghalaya,East Jaintia Hills,2.31 km NE of Sonapyrdi,NH44,25.126972,92.388083,Debris,Slide,2016,108.00,29.97,141.73,0.010297,-0.001073,4.5757,32.2899
485,19678,MEG/WJH/83C4/2016/116,Meghalaya,East Jaintia Hills,2.48 km NE of Sonapyrdi,NH44,25.129169,92.388306,Rock,Slide,2016,152.00,44.29,59.90,0.031044,0.008136,4.0501,54.6132
485,19679,MEG/WJH/83C4/2016/136,Meghalaya,East Jaintia Hills,2.23 km SE of Lympyngngad,┬á,25.133289,92.225272,Debris,Slide,2015,138.00,33.88,229.89,0.006426,-0.000542,4.8290,56.3857
485,19680,MEG/WJH/83C4/2016/135,Meghalaya,East Jaintia Hills,2.12 km SE of Lympyngngad,NA,25.133911,92.222392,Debris,Slide,2015,170.00,25.19,207.72,0.027440,0.005564,4.0863,13.1673
486,19681,MEGH/JH/83C08/2007/D-22,Meghalaya,Jaintia Hills,Tongseng slide,NH - 44,25.134194,92.383528,Rock cum Debris,Slide,31 July 2007,168.00,17.86,23.69,-0.009509,-0.001163,6.5438,72.1708
486,19682,MEG/WJH/83C4/2016/141,Meghalaya,East Jaintia Hills,Tongseng,NH44,25.134293,92.38155,Debris,Slide,2010,244.00,33.32,35.74,0.003914,-0.002514,4.8501,55.2112
486,19683,MEG/WJH/83C4/2016/68,Meghalaya,East Jaintia Hills,0.96 km NNE of Tongseng,NH44,25.134972,92.380278,Rock,Slide,2014,219.00,37.29,31.85,0.009356,-0.000669,3.6045,21.3166
486,19684,MEG/WJH/83C4/2016/134,Meghalaya,East Jaintia Hills,1.92 km SE of Lympyngngad,NA,25.136047,92.222064,Debris,Slide,2016,156.00,30.62,285.04,-0.018287,0.002446,6.1591,165.6779
486,19685,MEG/WJH/83C4/2016/44,Meghalaya,West Jaintia Hills,0.50 km S of Hawai Bhoi,Muktapur ΓÇôSankhat┬á road,25.143375,92.141861,Debris,Slide,2010,40.00,29.41,351.80,0.007850,0.000298,5.0039,47.3304
486,19686,MEG/WJH/83C4/2016/133,Meghalaya,East Jaintia Hills,0.97 km SE of Lympyngngad,NA,25.143969,92.217497,Debris,Slide,2016,110.00,30.06,333.41,-0.000394,0.000446,6.0762,145.7738
486,19687,MEG/WJH/83C4/2016/117,Meghalaya,East Jaintia Hills,0.53 km N of Tongseng,NH44,25.14775,92.375528,Debris,Slide,2016,264.00,16.62,153.34,-0.010666,0.004954,4.5407,8.3567
486,19688,MEG/WJH/83C4/2016/36,Meghalaya,West Jaintia Hills,2.71 km SW of Lympyngad,Muktapur ΓÇô Lympyngad road,25.147942,92.181586,Debris,Slide,2016,162.00,22.21,45.32,0.002373,-0.000586,5.8373,57.1308
486,19689,MEG/WJH/83C4/2016/34,Meghalaya,West Jaintia Hills,3.05 km SW of Lympyngad,Muktapur ΓÇô Lympyngad road,25.148019,92.178114,Debris,Slide,2016,176.00,31.26,7.18,0.000617,0.000419,5.2173,67.9719
486,19690,MEG/WJH/83C4/2016/35,Meghalaya,West Jaintia Hills,2.80 km SW of Lympyngad,Muktapur ΓÇô Lympyngad road,25.148083,92.180639,Debris,Slide,2016,163.00,28.81,331.90,0.003731,-0.001619,4.6230,30.7850
486,19691,MEG/WJH/83C4/2016/33,Meghalaya,West Jaintia Hills,3.15 km E of Lympyngad,Muktapur ΓÇô Lympyngad road,25.148158,92.177172,Debris,Slide,2016,177.00,36.26,9.46,-0.006364,-0.003518,5.7212,164.2671
486,19692,MEG/WJH/83C4/2016/32,Meghalaya,West Jaintia Hills,3.25 km SW of Lympyngad,Muktapur ΓÇô Lympyngad road,25.148303,92.176236,Debris,Slide,2016,176.00,29.29,13.35,0.010506,-0.003145,5.5196,78.4983
486,19693,MEG/WJH/83C4/2016/31,Meghalaya,West Jaintia Hills,3.36 km SW of Lympyngad,Muktapur ΓÇô Lympyngad road,25.148747,92.175119,Debris,Slide,2016,151.00,23.41,348.70,-0.012761,-0.005335,6.1151,84.8113
486,19694,MEG/WJH/83C4/2016/118,Meghalaya,East Jaintia Hills,1.09 km NNW of Tongseng,NH44,25.149603,92.367964,Debris,Slide,NA,300.00,23.93,16.97,-0.015325,-0.001900,5.7538,62.1074
486,19695,MEG/WJH/83C4/2016/132,Meghalaya,East Jaintia Hills,0.54 km NE of Lympyngngad,NA,25.14965,92.214519,Debris,Slide,2016,65.00,33.35,302.72,-0.008055,-0.003005,5.6961,128.9589
486,19696,MEG/WJH/83C4/2016/131,Meghalaya,West Jaintia Hills,0.47 km NE of Lympyngngad,NA,25.150286,92.213508,Debris,Slide,2016,55.00,15.25,186.58,0.033799,0.004444,4.6315,7.6313
486,19697,MEG/WJH/83C4/2016/37,Meghalaya,West Jaintia Hills,1.75 km NW of Lympyngad,Muktapur ΓÇô Lympyngad road,25.151189,92.191308,Debris,Slide,NA,171.00,33.34,338.08,-0.020174,-0.002411,5.3599,92.0840
486,19698,MEG/WJH/83C4/2016/38,Meghalaya,West Jaintia Hills,1.37 km NW of Lympyngad,Muktapur ΓÇô Lympyngad road,25.152367,92.195708,Debris,Slide,2016,146.00,12.57,202.37,0.004671,-0.000210,6.4421,31.2008
486,19699,MEG/WJH/83C4/2016/39,Meghalaya,West Jaintia Hills,0.58km NNW of Lympyngad,Muktapur ΓÇô Lympyngad road,25.153272,92.206058,Debris,Slide,2016,79.00,27.22,63.39,-0.016221,-0.004913,6.6355,201.6000
486,19700,MEG/WJH/83C4/2016/41,Meghalaya,West Jaintia Hills,Hawali Tilla,Muktapur ΓÇôSankhat road,25.156419,92.141353,Debris,Slide,2016,37.00,17.88,15.25,0.018845,0.007473,4.4631,9.0300
486,19701,MEG/WJH/83C4/2016/42,Meghalaya,West Jaintia Hills,0.60 km NW of Lympyngad,Muktapur ΓÇô Lympyngad┬á road,25.156542,92.198469,Debris,Slide,2016,68.00,17.86,23.70,0.008780,-0.000039,4.4642,9.0200
486,19702,MEG/WJH/83C4/2016/43,Meghalaya,West Jaintia Hills,1.40 km NW of Lympyngad,Muktapur ΓÇô Lympyngad┬á road,25.156889,92.198194,Debris,Slide,NA,63.00,12.39,20.22,0.010517,0.000441,4.8473,6.1492
486,19703,MEG/WJH/83C4/2016/130,Meghalaya,East Jaintia Hills,2.27 km SW of Borghat,NA,25.157592,92.239928,Debris,Slide,2016,95.00,14.61,65.25,-0.005042,-0.003227,6.7558,58.3631
486,19704,MG/EKH/78O12/2017/72,Meghalaya,East Khasi Hills,NA,<Null>,25.158643,91.525222,Rock,Slide,NA,60.00,19.62,340.23,-0.013098,-0.001920,5.0563,19.9577
486,19705,MEG/WJH/83C4/2016/40,Meghalaya,West Jaintia Hills,Kharkhana┬á,Muktapur ΓÇô Lympyngad road,25.159367,92.202078,Debris,Slide,2016,102.00,28.73,159.49,0.025331,0.002377,3.9330,15.3413
486,19706,MG/EKH/78O12/2017/63,Meghalaya,East Khasi Hills,NA,<Null>,25.159469,91.528337,Rock,Slide,NA,44.00,13.82,314.94,0.000955,0.000742,6.1202,27.5491
486,19707,MG/EKH/78O12/2017/76,Meghalaya,East Khasi Hills,NA,<Null>,25.160222,91.527843,Rock,Slide,NA,27.00,5.60,253.21,-0.026637,-0.002006,6.7535,8.2256
486,19708,MG/EKH/78O08/2017/4,Meghalaya,East Khasi Hills,NA,<Null>,25.160398,91.489558,Rock,Slide,NA,34.00,4.52,127.80,0.028622,0.002358,5.8684,2.2149
486,19709,MEG/EJH/83C08/2022/01,Meghalaya,East Jaintia Hills,NA,NA,25.16400556,92.38702778,Debris,Slide,2022,393.00,25.94,153.85,-0.001932,-0.007258,6.2497,122.5119
486,19710,MEG/WJH/83C4/2016/119,Meghalaya,East Jaintia Hills,Brishyrnot Slide,Approach to Brishyrnot,25.164133,92.417747,Debris,Slide,2016,348.00,13.10,166.68,0.000080,0.004815,4.7900,6.5108
486,19711,MEG/WJH/83C4/2016/120,Meghalaya,East Jaintia Hills,1.09 km SE of Narphu,NH44,25.165028,92.388056,Rock,Slide,2016,420.00,37.71,138.38,-0.000552,-0.000421,4.6875,64.9264
486,19712,MEG/WJH/83C4/2016/121,Meghalaya,East Jaintia Hills,0.63 km SE of Narphu,NH44,25.165222,92.388389,Debris,Slide,2016,423.00,36.31,143.44,-0.006368,-0.002534,4.7385,61.6936
486,19713,MG/EKH/78O12/2017/77,Meghalaya,East Khasi Hills,NA,Along Mawlong Shella road,25.169159,91.690014,Rock,Slide,NA,29.00,17.43,311.05,-0.022731,-0.002980,5.1835,17.5705
486,19714,MG/EKH/78O12/2017/34,Meghalaya,East Khasi Hills,NA,Along ShelalSohra road,25.180032,91.65815,Rock,Slide,NA,123.00,16.54,14.82,0.025482,0.007456,4.5460,8.3080
486,19715,MG/EKH/78O12/2017/42,Meghalaya,East Khasi Hills,NA,Along Hat MawdonShella bypass road,25.180536,91.576839,Rock,Slide,NA,157.00,14.81,265.61,-0.006226,0.005367,5.3554,14.7933
486,19716,MG/EKH/78O12/2017/28,Meghalaya,East Khasi Hills,NA,Along LawbahHat Mawdon,25.18092,91.570335,Rock,Slide,NA,49.00,12.56,3.45,0.006401,0.012505,4.8334,6.2330
486,19717,MG/EKH/78O12/2017/12,Meghalaya,East Khasi Hills,NA,Along LawbahHat Mawdon,25.181759,91.573658,Rock,Slide,NA,76.00,23.92,221.65,-0.018226,-0.005268,5.7538,62.0694
487,19718,MG/EKH/78O12/2017/33,Meghalaya,East Khasi Hills,Shella slide,250 m N of Shella village(Along shella river),25.181969,91.637545,Debris,Slide,2017,50.00,18.05,311.09,0.018518,0.005693,4.4525,9.1220
487,19719,MG/EKH/78O12/2017/23,Meghalaya,East Khasi Hills,NA,Along Hat MawdonShella bypass road,25.182254,91.618979,Rock,Slide,NA,95.00,29.26,47.86,-0.001539,0.001654,4.6041,31.3569
487,19720,MEG/WJH/83C4/2016/26,Meghalaya,East Khasi Hills,0.5 km NE of Dawki,Dawki┬á Muktapur road (Near petrol pump),25.184381,92.029531,Debris,Slide,2005,41.00,14.78,234.38,0.009275,-0.002421,5.7629,22.1425
487,19721,MG/EKH/78O08/2017/6,Meghalaya,East Khasi Hills,NA,1.5 Km SE of Balat Sonatola road,25.18676,91.396515,Debris,Slide,NA,104.00,14.46,41.18,0.018479,-0.001057,5.3803,14.4281
487,19722,MG/EKH/78O16/2017/12,Meghalaya,East Khasi Hills,NA,along sohrashella bypass from Sohbar village,25.188327,91.761486,Rock,Slide,NA,144.00,20.87,118.50,0.024195,0.004034,4.2959,10.6677
487,19723,MEG/WJH/83C4/2016/25,Meghalaya,West Jaintia Hills,4.5 km NE of Dawki,Dawki Muktapur road,25.188444,92.074139,Debris,Slide,NA,78.00,23.40,154.96,0.004333,0.000525,4.1691,12.1100
487,19724,MEG/WJH/83C4/2016/30,Meghalaya,West Jaintia Hills,5.5 km NE of┬á Dawki┬á,Dawki Muktapur road,25.189106,92.079564,Debris,Slide,2010,109.00,43.10,329.28,0.005088,0.002895,4.0911,52.3669
487,19725,MG/EKH/78O08/2017/1,Meghalaya,East Khasi Hills,NA,NA,25.18955,91.453997,Rock,Slide,NA,187.00,30.69,350.91,-0.016591,-0.004225,5.4625,83.0507
487,19726,MEG/WJH/83C4/2016/24,Meghalaya,East Khasi Hills,2 km W of Dawki,NH40,25.191111,92.003389,Debris,Slide,2016,176.00,10.95,153.97,0.009139,-0.002444,4.9743,5.4127
487,19727,MG/SWK/78O04/2017/7,Meghalaya,South West Khasi Hills,NA,SH4,25.191366,91.040468,Rock,Slide,NA,38.00,23.23,244.92,-0.003553,-0.004405,6.3748,108.0652
487,19728,MEG/WJH/83C4/2016/28,Meghalaya,West Jaintia Hills,Amlari,Amlari Syndai road,25.191611,92.155361,Debris,Slide,2016,538.00,12.94,194.64,0.004872,0.001328,4.8021,6.4298
487,19729,MEG/WJH/83C4/2016/122,Meghalaya,East Jaintia Hills,1.5 km W of Narphu,NH44,25.192422,92.37705,Debris,Slide,2016,653.00,23.26,145.86,0.000304,0.001700,6.2554,96.2128
487,19730,MG/EKH/78O12/2017/53,Meghalaya,East Khasi Hills,NA,Along LawbahHat Mawdon,25.196781,91.574727,Rock,Slide,NA,249.00,16.05,318.12,-0.007477,-0.001803,5.2703,16.1030
487,19731,MEG/WJH/83C4/2016/17,Meghalaya,West Jaintia Hills,1.7 km S of Satpator,Laremshiap road,25.197283,92.1991,Debris,Slide,2016,611.00,17.56,278.82,-0.015946,0.002055,6.0915,44.2732
487,19732,MEG/WJH/83C4/2016/18,Meghalaya,West Jaintia Hills,0.5 km SW of Power station,Myntdu Leshka power station road,25.197283,92.2225,Debris,Slide,2016,569.00,9.12,151.77,0.002694,0.001374,6.2591,13.4790
487,19733,MG/SWK/78O04/2017/4,Meghalaya,South West Khasi Hills,NA,SH4,25.197881,91.139559,Rock,Slide,NA,86.00,28.63,113.57,-0.000719,0.000972,5.0354,45.8229
487,19734,MG/EKH/78O16/2017/9,Meghalaya,East Khasi Hills,NA,Along the NongshkenLakading road,25.199311,91.858857,Debris,Slide,NA,559.00,15.25,186.59,-0.012207,-0.004941,5.3242,15.2566
487,19735,MEG/WJH/83C4/2016/16,Meghalaya,West Jaintia Hills,1.15 km S of Satpator,Laremshiap road,25.200333,92.200472,Debris,Slide,2016,629.00,21.81,263.62,-0.003649,0.001539,5.3461,33.5831
487,19736,MG/EKH/78O12/2017/80,Meghalaya,East Khasi Hills,NA,Nag Nag village,25.200934,91.63449,Debris,Slide,NA,200.00,22.06,238.09,-0.021019,-0.003114,7.9723,476.2397
487,19737,MEGH/WKH/78O04/2008/D-26,Meghalaya,West Khasi Hills,Rajai slide,NA,25.201,91.234,Debris,Fall,12 August 2008,18.00,1.73,143.62,0.003054,-0.000323,6.8338,0.8429
487,19738,MG/EKH/78O12/2017/8,Meghalaya,East Khasi Hills,NA,Approach road to Mustoh,25.20111,91.640451,Rock,Slide,NA,412.00,32.03,210.00,0.006199,0.003300,4.4938,35.0005
487,19739,MEGH/WKH/78O04/2008/D-27,Meghalaya,West Khasi Hills,Shipur slide,NA,25.20283,91.20908,Debris,Fall,10 August 2008,50.00,12.00,288.87,-0.000019,-0.004779,5.9790,17.8336
487,19740,MEG/WJH/83C4/2016/15,Meghalaya,West Jaintia Hills,1.5 km S of Satpator,Laremshiap road,25.202886,92.201147,Debris,Slide,2016,646.00,12.45,291.47,0.004171,0.005848,5.5349,12.3579
487,19741,MG/EKH/78O12/2017/4,Meghalaya,East Khasi Hills,NA,along sohrashella bypass from Sohbar village,25.204882,91.742535,Debris,Slide,NA,542.00,37.75,145.57,0.006421,-0.001195,4.2803,43.3306
487,19742,MG/EKH/78O12/2017/39,Meghalaya,East Khasi Hills,NA,Along LawbahHat Mawdon,25.205078,91.57517,Debris,Slide,NA,301.00,15.79,113.60,-0.000724,-0.000956,5.2877,15.8229
487,19743,MG/EKH/78O16/2017/6,Meghalaya,East Khasi Hills,NA,Along sohrashella bypass from Sohbar village,25.205307,91.755686,Debris,Slide,NA,439.00,33.18,219.96,0.007920,0.006634,5.7021,128.0715
487,19744,MG/EKH/78O16/2017/2,Meghalaya,East Khasi Hills,NA,along sohrashella bypass from Sohbar village,25.205465,91.755789,Debris,Slide,NA,457.00,23.16,207.35,-0.002430,-0.002263,5.9722,71.8181
487,19745,MG/EKH/78O12/2017/5,Meghalaya,East Khasi Hills,NA,along sohrashella bypass from Sohbar village,25.205623,91.736208,Debris,Slide,NA,545.00,38.08,266.15,-0.027565,-0.012749,5.5211,153.4705
487,19746,MG/EKH/78O12/2017/30,Meghalaya,East Khasi Hills,NA,<Null>,25.205651,91.599771,Rock,Slide,NA,493.00,25.97,188.97,-0.004361,-0.001665,6.4488,149.8794
487,19747,MG/EKH/78O16/2017/5,Meghalaya,East Khasi Hills,NA,Along sohrashella bypass from Sohbar village,25.206426,91.75498,Rock,Slide,NA,478.00,36.09,227.86,0.005127,0.005076,5.5933,142.7792
487,19748,MG/EKH/78O12/2017/26,Meghalaya,East Khasi Hills,NA,along sohrashella bypass from Sohbar village,25.20655,91.744914,Debris,Slide,NA,566.00,31.11,148.29,0.009270,0.007864,4.5296,33.7681
487,19749,MG/EKH/78O12/2017/32,Meghalaya,East Khasi Hills,NA,Along SohraMawlong road,25.206573,91.738428,Debris,Slide,NA,661.00,35.76,182.13,0.001764,-0.002232,5.4516,120.8717
487,19750,MG/EKH/78O12/2017/64,Meghalaya,East Khasi Hills,NA,Along Sohra Mawlong road,25.206686,91.73898,Debris,Slide,NA,662.00,31.97,175.89,0.010711,-0.000182,6.1054,174.6176
487,19751,MG/SWK/78O04/2017/3,Meghalaya,South West Khasi Hills,Rajai slide,About 1 km NE of Rajai village,25.206763,91.231417,Rock,Slide,NA,142.00,29.06,124.07,0.021217,0.002760,3.9192,15.5436
487,19752,MG/EKH/78O12/2017/65,Meghalaya,East Khasi Hills,NA,Along Sohra Mawlong road,25.206885,91.740497,Debris,Slide,NA,678.00,32.15,175.52,0.000174,-0.002605,5.4053,87.9194
488,19753,MG/EKH/78O12/2017/71,Meghalaya,East Khasi Hills,NA,along sohrashella bypass from Sohbar village,25.206892,91.736341,Debris,Slide,NA,614.00,48.55,239.78,-0.000693,-0.002670,4.8165,158.4051
488,19754,MEG/WJH/83C4/2016/14,Meghalaya,West Jaintia Hills,Satpator,Laremshiap road,25.206972,92.208028,Debris,Slide,2016,680.00,10.86,317.52,0.012366,0.001383,4.9825,5.3674
488,19755,MG/EKH/78O12/2017/44,Meghalaya,East Khasi Hills,NA,Along Sohra Mawlong road,25.2071,91.741225,Debris,Slide,NA,693.00,32.33,166.11,0.007514,-0.000417,5.3982,88.5414
488,19756,MG/EKH/78O12/2017/29,Meghalaya,East Khasi Hills,NA,<Null>,25.207314,91.592357,Rock,Slide,NA,541.00,19.86,175.03,-0.010910,-0.009483,5.7362,40.4142
488,19757,MG/EKH/78O12/2017/22,Meghalaya,East Khasi Hills,NA,along sohrashella bypass from Sohbar village,25.207515,91.746839,Debris,Slide,NA,536.00,39.98,111.19,-0.019968,-0.000257,5.2992,140.7718
488,19758,MG/EKH/78O12/2017/41,Meghalaya,East Khasi Hills,NA,Along Mawlong Shella road,25.208256,91.69041,Debris,Slide,NA,363.00,26.77,170.31,0.001072,-0.000220,5.9617,98.7844
488,19759,MG/EKH/78O12/2017/62,Meghalaya,East Khasi Hills,NA,Along LawbahHat Mawdon,25.208313,91.606889,Rock,Slide,NA,656.00,24.08,91.04,0.007023,0.003889,5.2355,37.5061
488,19760,MG/EKH/78O12/2017/73,Meghalaya,East Khasi Hills,NA,Along Sohra Mawlong road,25.20836,91.725397,Debris,Slide,NA,586.00,25.38,171.33,-0.006604,-0.003431,5.8690,79.6240
488,19761,MG/EKH/78O12/2017/66,Meghalaya,East Khasi Hills,NA,Along Sohra Mawlong road,25.208593,91.742294,Debris,Slide,2017,733.00,37.67,125.90,0.006150,0.006399,4.2831,43.2062
488,19762,MG/EKH/78O12/2017/36,Meghalaya,East Khasi Hills,NA,Approach road to Mustoh,25.209427,91.646032,Rock,Slide,NA,607.00,23.41,168.69,0.004906,0.000334,5.5550,48.4404
488,19763,MG/EKH/78O12/2017/10,Meghalaya,East Khasi Hills,NA,Approach road to Mustoh,25.209456,91.646315,Rock,Slide,NA,604.00,25.00,158.06,0.012842,0.001855,4.0943,13.0462
488,19764,MG/EKH/78O12/2017/47,Meghalaya,East Khasi Hills,NA,50 m downslope of approach road to Sohbar village,25.209568,91.745894,Rock,Slide,NA,599.00,21.96,132.99,-0.009885,0.000676,5.8493,56.3926
488,19765,MG/EKH/78O12/2017/50,Meghalaya,East Khasi Hills,NA,Approach road to Mustoh,25.209703,91.646662,Rock,Slide,NA,611.00,23.82,145.48,0.013363,0.002420,4.8420,24.7064
488,19766,MG/SWK/78O04/2017/1,Meghalaya,South West Khasi Hills,Ranikor slide,AlongNonghyllam Ranikor road (nearRanikor),25.211269,91.208223,Rock,Slide,NA,322.00,42.88,131.77,0.011420,0.008308,5.1973,155.8605
488,19767,MEG/WJH/83C4/2016/10,Meghalaya,West Jaintia Hills,0.24 km N of Nongtalang,NH40E( Jowai Dawki road),25.211722,92.065389,Debris,Slide,2016,619.00,26.02,156.82,-0.005709,0.000168,5.8403,81.9335
488,19768,MEG/WJH/83C4/2016/09,Meghalaya,West Jaintia Hills,0.25 km N of Nongtalang,NH40E( Jowai Dawki road),25.211814,92.065517,Debris,Slide,NA,629.00,24.86,167.75,-0.008317,0.000796,5.4870,51.8458
488,19769,MEG/WJH/83C4/2016/27,Meghalaya,West Jaintia Hills,1.3 km E of Sohkha mission,NH40E,25.21225,92.047306,Debris,Slide,2016,580.00,13.20,180.00,-0.005449,0.003861,5.4750,13.1187
488,19770,MG/EKH/78O12/2017/19,Meghalaya,East Khasi Hills,NA,Approach road to Sohbar village,25.212554,91.747962,Debris,Slide,NA,598.00,42.53,112.27,-0.011369,-0.009400,7.0285,949.5784
488,19771,MEG/WJH/83C4/2016/29,Meghalaya,West Jaintia Hills,1.13 km E of Sohkha mission,NH40E,25.214153,92.045428,Debris,Slide,2016,591.00,12.21,226.28,-0.012762,-0.001217,5.9606,18.1616
488,19772,MG/EKH/78O12/2017/43,Meghalaya,East Khasi Hills,NA,Along LawbahHat Mawdon,25.214783,91.590875,Rock,Slide,NA,761.00,21.60,204.68,-0.015916,-0.001565,7.2536,221.5350
488,19773,MEG/WJH/83C4/2016/08,Meghalaya,West Jaintia Hills,1.3 km W of Nongtalang Amsohmeheleng,NH40E( Jowai Dawki road),25.214944,92.073917,Debris,Slide,2016,674.00,19.19,177.06,0.010959,-0.002627,5.7729,38.9542
488,19774,MEG/WJH/83C4/2016/07,Meghalaya,West Jaintia Hills,Nongtalang┬á Amsohmeheleng,NH40E( Jowai Dawki road),25.215028,92.075167,Debris,Slide,NA,670.00,14.74,182.92,0.000122,0.000917,6.6125,51.5226
488,19775,MEG/WJH/83C4/2016/05,Meghalaya,West Jaintia Hills,0.24 km NE of Nongtalang Amsohmeheleng,NH40E,25.215583,92.077639,Debris,Slide,NA,687.00,16.53,173.95,0.009285,0.003510,5.2393,16.6035
488,19776,MEG/WJH/83C4/2016/06,Meghalaya,West Jaintia Hills,0.21 km NE of Nongtalang Amsohmeheleng,NH40E,25.215611,92.077361,Debris,Slide,NA,685.00,16.58,192.13,-0.000000,-0.000000,5.6416,24.9850
488,19777,MG/EKH/78O12/2017/54,Meghalaya,East Khasi Hills,NA,Along Sohra Mawlong road,25.216078,91.738387,Debris,Slide,NA,906.00,19.55,187.96,-0.005260,-0.002132,5.4653,29.8029
488,19778,MG/EKH/78O08/2017/2,Meghalaya,East Khasi Hills,NA,Along Mawsynrambalat road,25.216169,91.389142,Rock,Slide,2009,162.00,18.08,172.13,-0.017463,-0.002189,5.5494,27.3990
488,19779,MG/EKH/78O12/2017/46,Meghalaya,East Khasi Hills,NA,Along Sohra Mawlong road,25.216464,91.735629,Debris,Slide,NA,883.00,21.36,210.93,0.001248,-0.001239,7.9335,426.7667
488,19780,MG/EKH/78O12/2017/48,Meghalaya,East Khasi Hills,NA,Along Sohra Mawlong road,25.216805,91.709405,Rock,Slide,NA,540.00,35.82,117.70,0.021237,0.001492,3.6575,20.1896
488,19781,MG/EKH/78O12/2017/20,Meghalaya,East Khasi Hills,NA,Along Sohra Mawlong road,25.217558,91.709355,Rock,Slide,NA,549.00,44.14,121.10,-0.029586,-0.012400,4.7475,108.6058
488,19782,MG/EKH/78O12/2017/55,Meghalaya,East Khasi Hills,NA,Along Sohra Mawlong road,25.217886,91.73381,Rock,Slide,NA,877.00,15.30,231.63,0.001506,-0.000161,8.0933,244.8766
488,19783,MG/EKH/78O12/2017/18,Meghalaya,East Khasi Hills,NA,Along Sohra Mawlong road,25.218732,91.740262,Debris,Slide,2017,970.00,21.79,69.89,0.001773,0.006408,4.2483,11.1818
488,19784,MG/EKH/78O12/2017/61,Meghalaya,East Khasi Hills,NA,Along LawbahHat Mawdon,25.218821,91.581584,Rock,Slide,NA,796.00,12.10,178.81,0.011866,0.000990,7.2696,65.9434
488,19785,MG/EKH/78O12/2017/31,Meghalaya,East Khasi Hills,NA,Along Sohra Mawlong road,25.218961,91.707094,Rock,Slide,NA,546.00,33.90,237.63,-0.002749,-0.005388,5.6748,131.5763
488,19786,MG/EKH/78O12/2017/16,Meghalaya,East Khasi Hills,NA,Along Sohra Mawlong road,25.219787,91.710947,Rock,Slide,NA,552.00,33.28,101.37,-0.014654,0.008333,6.6428,330.4827
488,19787,MG/EKH/78O12/2017/11,Meghalaya,East Khasi Hills,NA,<Null>,25.220023,91.631989,Rock,Slide,NA,435.00,35.96,240.27,0.019858,0.001479,3.6522,20.2962
488,19788,MG/EKH/78O12/2017/9,Meghalaya,East Khasi Hills,NA,Along SohraMawlong road,25.22026,91.720198,Debris,Slide,NA,565.00,34.74,295.56,-0.015115,-0.006693,7.5476,911.7003
488,19789,MG/SWK/78O04/2017/6,Meghalaya,South West Khasi Hills,NA,AlongNonghyllam Ranikor road,25.220764,91.187,Rock,Slide,NA,457.00,18.40,239.30,-0.021855,-0.001137,6.2239,55.8219
488,19790,MG/EKH/78O12/2017/13,Meghalaya,East Khasi Hills,NA,Along Sohra Mawlong road,25.221164,91.719886,Debris,Slide,NA,528.00,38.60,303.50,-0.001551,-0.000739,4.2496,44.6687
488,19791,MG/EKH/78O08/2017/7,Meghalaya,East Khasi Hills,NA,Along MawsynramBalat road,25.221406,91.387092,Rock,Slide,NA,246.00,31.89,215.06,-0.004315,0.001502,4.9043,52.2224
489,19792,MG/SWK/78O04/2017/5,Meghalaya,South West Khasi Hills,NA,AlongNonghyllam Ranikor road,25.221572,91.185833,Debris,Slide,NA,480.00,26.89,201.17,0.010721,0.001994,4.0101,14.1887
489,19793,MG/EKH/78O12/2017/67,Meghalaya,East Khasi Hills,NA,Along Sohra Mawlong road,25.22175,91.693006,Rock,Slide,NA,477.00,23.24,78.05,0.010765,0.006600,4.1768,12.0105
489,19794,MG/EKH/78O12/2017/45,Meghalaya,East Khasi Hills,NA,Along Sohra Mawlong road,25.222221,91.742134,Debris,Slide,2017,989.00,19.38,50.80,-0.001378,0.003724,4.3761,9.8399
489,19795,MG/EKH/78O16/2017/1,Meghalaya,East Khasi Hills,NA,Along approach road to Laitiam village,25.222304,91.763619,Debris,Slide,NA,641.00,37.68,354.02,0.012070,0.004999,4.2829,43.2064
489,19796,MG/EKH/78O12/2017/35,Meghalaya,East Khasi Hills,NA,Along Sohra Mawlong road,25.222501,91.714409,Rock,Slide,NA,525.00,34.01,123.45,0.012662,0.008302,6.5579,320.8892
489,19797,MG/EKH/78O16/2017/8,Meghalaya,East Khasi Hills,NA,Along approach road to Laitiam,25.222528,91.765256,Debris,Slide,NA,602.00,38.19,12.47,-0.007682,-0.006657,4.9576,88.0178
489,19798,MG/EKH/78O12/2017/38,Meghalaya,East Khasi Hills,NA,Along Mawlong Tyrna road,25.222564,91.691398,Rock,Slide,NA,528.00,35.35,46.41,0.015607,0.010572,6.5078,337.3823
489,19799,MG/EKH/78O16/2017/11,Meghalaya,East Khasi Hills,NA,Along approach road to Laitiam village,25.223307,91.762345,Debris,Slide,NA,524.00,36.84,353.15,-0.003482,-0.003190,5.8173,188.6102
489,19800,MG/EKH/78O12/2017/70,Meghalaya,East Khasi Hills,NA,Laitkynsew view point road,25.223553,91.671157,Rock,Slide,NA,898.00,31.94,284.65,-0.004466,0.001985,7.0225,436.0442
489,19801,MG/EKH/78O16/2017/10,Meghalaya,East Khasi Hills,NA,Along approach road to Laitiam vilalge,25.223708,91.76661,Debris,Slide,NA,502.00,28.34,17.85,-0.002296,-0.003909,5.5581,75.4385
489,19802,MG/EKH/78O12/2017/2,Meghalaya,East Khasi Hills,NA,Along Sohra Mawlong road,25.223769,91.740164,Debris,Slide,2017,968.00,31.02,27.44,-0.001007,-0.000790,6.0373,151.3686
489,19803,MG/EKH/78O12/2017/37,Meghalaya,East Khasi Hills,NA,Along Mawlong Tyrna road,25.224417,91.689893,Debris,Slide,NA,514.00,29.18,134.60,-0.016416,-0.004106,5.3001,62.4923
489,19804,MG/EKH/78O12/2017/40,Meghalaya,East Khasi Hills,NA,Along Sohra Mawlong road,25.224506,91.704403,Rock,Slide,NA,515.00,22.87,192.23,-0.015255,-0.001600,7.4901,318.6552
489,19805,MG/EKH/78O12/2017/14,Meghalaya,East Khasi Hills,NA,Along Sohra Mawlong road,25.224654,91.735929,Debris,Slide,NA,1048.00,19.21,15.63,0.005254,0.000806,5.0788,19.4917
489,19806,MG/EKH/78O12/2017/17,Meghalaya,East Khasi Hills,NA,<Null>,25.224808,91.696177,Debris,Slide,NA,367.00,18.89,258.41,0.010915,0.002742,6.6011,86.1306
489,19807,MG/EKH/78O16/2017/3,Meghalaya,East Khasi Hills,NA,Approach road to SohlaitNongshken,25.225772,91.863037,Debris,Slide,NA,791.00,9.57,169.31,-0.001660,0.001271,5.8042,9.4362
489,19808,MG/EKH/78O12/2017/27,Meghalaya,East Khasi Hills,NA,Along Sohra Mawlong road,25.226046,91.701458,Rock,Slide,NA,506.00,25.54,183.22,0.000142,0.000718,5.1685,40.0932
489,19809,MG/EKH/78O16/2017/4,Meghalaya,East Khasi Hills,NA,Along the approach road to Laitiam village,25.226751,91.754441,Debris,Slide,2017,514.00,28.50,3.78,-0.001661,-0.001675,4.6353,30.3710
489,19810,MEG/WJH/83C4/2016/04,Meghalaya,West Jaintia Hills,2km NE of Nongtalang Amsohmeheleng,NH40E,25.226806,92.090611,Debris,Slide,2015,771.00,17.11,144.50,-0.004075,-0.003165,6.5889,68.8894
489,19811,MG/EKH/78O12/2017/49,Meghalaya,East Khasi Hills,NA,Along Sohra Mawlong road,25.227063,91.691293,Rock,Slide,NA,482.00,24.20,19.16,0.005429,0.002470,4.1312,12.5694
489,19812,MG/EKH/78O12/2017/79,Meghalaya,East Khasi Hills,NA,Along Sohra Mawlong road,25.227183,91.690972,Rock,Slide,NA,479.00,22.50,31.91,0.008885,-0.005469,4.2124,11.5887
489,19813,MG/EKH/78O12/2017/15,Meghalaya,East Khasi Hills,NA,Along approach road to Laitiam village,25.227249,91.748917,Debris,Slide,2017,479.00,29.06,351.68,0.004701,0.003455,6.4038,186.5081
489,19814,MG/EKH/78O12/2017/52,Meghalaya,East Khasi Hills,NA,Along Mawlong Tyrna road,25.22784,91.688252,Rock,Slide,NA,566.00,17.08,77.07,0.042295,-0.001503,4.5115,8.5928
489,19815,MG/EKH/78O12/2017/21,Meghalaya,East Khasi Hills,NA,Along Mawlong Tyrna road,25.228005,91.687913,Rock,Slide,NA,585.00,32.17,70.87,-0.004386,-0.001005,5.1810,70.3873
489,19816,MG/EKH/78O12/2017/51,Meghalaya,East Khasi Hills,NA,Along Mawlong Tyrna road,25.228272,91.687776,Rock,Slide,NA,580.00,28.12,72.39,0.006708,0.001924,3.9577,14.9506
489,19817,MG/EKH/78O12/2017/57,Meghalaya,East Khasi Hills,NA,Along Sohra Mawlong road,25.228344,91.693332,Debris,Slide,NA,451.00,19.99,95.74,0.015900,0.006964,4.3424,10.1760
489,19818,MEG/WJH/83C4/2016/13,Meghalaya,West Jaintia Hills,4.1 km E of Pdengshakap,Laremshiap road,25.228472,92.187806,Debris,Slide,2016,752.00,11.04,148.20,0.002169,-0.003367,5.6590,10.9105
489,19819,MG/EKH/78O16/2017/13,Meghalaya,East Khasi Hills,NA,NH40 (PynurslaDawki road),25.228755,91.963018,Rock,Slide,NA,703.00,6.17,135.31,0.012880,0.001944,6.9429,12.0873
489,19820,MG/EKH/78O12/2017/56,Meghalaya,East Khasi Hills,NA,Along Sohra Mawlong road,25.229161,91.693249,Debris,Slide,NA,451.00,24.42,100.26,0.003390,0.008135,4.1206,12.7029
489,19821,MEG/WJH/83C4/2016/22,Meghalaya,West Jaintia Hills,0.85 km SW of Power station,Myntdu Leshka power station road,25.229167,92.2235,Debris,Slide,2016,468.00,24.20,19.16,0.007434,0.008135,4.1312,12.5692
489,19822,MG/EKH/78O12/2017/25,Meghalaya,East Khasi Hills,NA,<Null>,25.229706,91.745297,Rock,Slide,NA,679.00,30.90,118.22,0.021993,0.001376,3.8447,16.7396
489,19823,MG/EKH/78O12/2017/74,Meghalaya,East Khasi Hills,NA,Along Sohra Mawlong road,25.229822,91.693551,Debris,Slide,NA,448.00,24.03,118.13,0.001640,0.007852,7.8765,523.8625
489,19824,MEG/WJH/83C4/2016/21,Meghalaya,West Jaintia Hills,0.79 km SW of Power station,Myntdu Leshka power station road,25.229972,92.223278,Debris,Slide,2016,419.00,36.71,16.36,0.007214,0.005011,3.6246,20.8588
489,19825,MEG/WJH/83C4/2016/20,Meghalaya,West Jaintia Hills,0.94 km SW of Power station,Myntdu Leshka power station road,25.230047,92.221119,Rock,Slide,2016,440.00,33.35,17.79,0.002768,0.002393,3.7497,18.4072
489,19826,MG/EKH/78O12/2017/59,Meghalaya,East Khasi Hills,NA,Along Mawlong Tyrna road,25.230063,91.688941,Rock,Slide,NA,591.00,19.69,92.59,0.021152,0.000859,4.3588,10.0102
489,19827,MEG/WJH/83C4/2016/19,Meghalaya,West Jaintia Hills,0.84 km SW of Power station,Myntdu Leshka power station road,25.231383,92.2215,Debris,Slide,2016,413.00,30.32,120.30,-0.006265,-0.003622,5.8135,114.5203
489,19828,MEG/WJH/83C4/2016/12,Meghalaya,West Jaintia Hills,3.14 km E of Pdengshakap,Laremshiap road,25.232417,92.178881,Debris,Slide,2016,788.00,10.22,321.70,-0.013858,-0.003046,5.7376,10.0852
489,19829,MEG/WJH/83C4/2016/23,Meghalaya,West Jaintia Hills,1.87 km W of Power station,Myntdu Leshka power station road,25.233583,92.209583,Debris,Slide,2015,664.00,17.94,221.49,-0.007708,-0.003054,5.1520,18.1138
490,19830,MG/EKH/78O16/2017/7,Meghalaya,East Khasi Hills,NA,Approach road to SohlaitNongshken,25.234097,91.866071,Debris,Slide,NA,852.00,15.19,67.22,-0.013227,-0.003771,6.8324,68.3306
490,19831,MG/EKH/78O12/2017/78,Meghalaya,East Khasi Hills,NA,Along Mawlong Tyrna road,25.23416,91.690216,Rock,Slide,NA,624.00,19.30,54.75,0.015161,0.003156,4.3804,9.7961
490,19832,MEG/WJH/83C4/2016/03,Meghalaya,West Jaintia Hills,2.98 km NE of Nongtalang Amsohmeheleng,NH40E,25.234922,92.095531,Debris,Slide,2015,797.00,7.91,119.66,0.018071,-0.001648,5.3055,3.8840
490,19833,MG/EKH/78O12/2017/58,Meghalaya,East Khasi Hills,NA,Along Mawlong Tyrna road,25.234952,91.689803,Debris,Slide,NA,636.00,19.63,150.75,-0.004853,-0.000301,5.0551,19.9568
490,19834,MG/EKH/78O12/2017/75,Meghalaya,East Khasi Hills,NA,Along Mawlong Tyrna road,25.234966,91.690051,Debris,Slide,NA,631.00,20.68,147.80,0.002988,-0.003112,7.6378,295.5717
490,19835,MG/EKH/78O12/2017/24,Meghalaya,East Khasi Hills,NA,Along Mawlong Tyrna road,25.23572,91.68776,Debris,Slide,NA,722.00,34.85,119.19,0.000813,-0.002689,3.6933,19.4733
490,19836,MEG/WJH/83C4/2016/02,Meghalaya,West Jaintia Hills,3.16 km NE of Nongtalang Amsohmeheleng,NH40E,25.236428,92.096172,Debris,Slide,2015,803.00,15.76,158.64,0.001508,-0.004109,6.2059,39.4592
490,19837,MG/EKH/78O12/2017/68,Meghalaya,East Khasi Hills,NA,Along Mawlong Tyrna road,25.236582,91.688857,Debris,Slide,NA,708.00,18.76,129.10,-0.009030,-0.002426,7.1188,142.5417
490,19838,MEGH/EKH/78O08/2008/D-25,Meghalaya,East Khasi Hills,Throngpleng slide,Trongpleng – Wawsynram – Balat Road,25.23707,91.43212,Debris,Slide,"16th &17th August ,2008",686.00,28.92,345.00,0.008042,-0.001421,4.6177,30.9036
490,19839,MG/EKH/78O12/2017/69,Meghalaya,East Khasi Hills,NA,<Null>,25.237221,91.679456,Rock,Slide,NA,656.00,20.11,249.99,0.014271,0.008661,4.3357,10.2434
490,19840,MEG/WJH/83C4/2016/01,Meghalaya,West Jaintia Hills,3.29 km NE of Nongtalang Amsohmeheleng,NH40E,25.237361,92.096992,Debris,Slide,2015,810.00,15.78,141.91,-0.024006,-0.002862,5.9815,31.6073
490,19841,MG/SWK/78O04/2017/2,Meghalaya,South West Khasi Hills,NA,<Null>,25.239068,91.174728,Debris,Slide,NA,543.00,30.29,57.32,-0.009144,0.006731,6.1715,163.3528
490,19842,MEGH/SGH/78K12/2007/D-21,Meghalaya,South Garo hills,Baghmara slide,NA,25.23908,90.63944,Debris,Slide,2nd week of August 2007,73.00,13.84,60.52,-0.026936,-0.002540,6.3413,34.4622
490,19843,MG/EKH/78O12/2017/7,Meghalaya,East Khasi Hills,NA,<Null>,25.240315,91.733388,Rock,Fall,NA,1096.00,48.92,104.07,-0.003667,0.001358,4.5801,128.3514
490,19844,MG/EKH/78O12/2017/60,Meghalaya,East Khasi Hills,NA,Approach road to Tyrna village,25.240338,91.677786,Debris,Slide,NA,718.00,13.83,225.08,0.002386,-0.000006,5.4261,13.7700
490,19845,MG/EKH/78O16/2017/15,Meghalaya,East Khasi Hills,NA,Approach road to SohlaitNongshken,25.24327,91.866626,Debris,Slide,NA,921.00,15.42,76.44,-0.014013,0.005441,8.4477,354.8939
490,19846,MG/EKH/78O12/2017/1,Meghalaya,East Khasi Hills,NA,<Null>,25.243358,91.747094,Rock,Slide,2017,1117.00,35.24,169.80,0.005344,0.004591,5.0649,79.0372
490,19847,MG/EKH/78O16/2017/14,Meghalaya,East Khasi Hills,NA,Approach road to SohlaitNongshken,25.243671,91.866854,Debris,Slide,NA,912.00,23.30,109.18,-0.016185,0.005220,7.5749,361.3102
490,19848,MG/EKH/78O12/2017/3,Meghalaya,East Khasi Hills,NA,<Null>,25.243783,91.738698,Rock,Slide,NA,1091.00,42.68,178.33,-0.012504,-0.000406,5.2040,154.7352
490,19849,MEG/WJH/83C4/2016/11,Meghalaya,West Jaintia Hills,4.10 km NE of Nongtalang Amsohmeheleng,NH40E,25.247014,92.096144,Debris,Slide,NA,885.00,10.40,30.77,0.043727,-0.001552,5.0267,5.1315
490,19850,MG/EKH/78O12/2017/6,Meghalaya,East Khasi Hills,NA,300 m SSW of Nongriat village,25.247226,91.671435,Rock,Slide,NA,341.00,38.28,94.70,-0.003720,0.005580,5.1772,110.3712
490,19851,MG/EKH/78O08/2017/3,Meghalaya,East Khasi Hills,NA,Along MawsynramBalat road,25.24736,91.451647,Debris,Slide,NA,735.00,24.25,174.88,-0.002664,0.001526,5.2271,37.7997
490,19852,MG/EKH/78O08/2017/5,Meghalaya,East Khasi Hills,NA,Along MawsynramBalat road,25.247518,91.450545,Debris,Slide,NA,795.00,38.37,150.22,0.009621,0.002937,4.2577,44.2904
490,19853,MG/WKH/78O07/2017/4,Meghalaya,South West Khasi Hills,Mawpud road slide,Mawpud road,25.251211,91.454514,Debris,Slide,NA,798.00,34.69,165.80,-0.005536,-0.001875,5.7784,154.8723
490,19854,MEGH/WGH/78K03/2007/D-20,Meghalaya,West Garo Hills,Khoronggiri slide,Road (NH - 62),25.25419,90.21486,Debris,Slide,2nd week of August 2007,44.00,6.91,0.00,-0.021086,-0.008185,6.5393,10.1748
490,19855,ME/EKJ/78O15/2015/115,Meghalaya,East Khasi Hills,NA,Tangamng approach road,25.256259,91.868197,Debris,Slide,NA,978.00,24.96,242.04,0.001753,0.000171,5.8873,78.1195
490,19856,ME/EKJ/78O15/2015/116,Meghalaya,East Khasi Hills,NA,Tangamng approach road,25.257286,91.871763,Debris,Slide,NA,986.00,23.36,128.15,0.008787,0.000840,4.8636,24.1596
490,19857,ME/EKJ/78O15/2015/117,Meghalaya,East Khasi Hills,NA,Tangamng approach road,25.257449,91.87187,Debris,Slide,NA,982.00,20.70,127.58,-0.010288,-0.004810,4.9974,21.1342
490,19858,MEG/WJH/83C4/2016/123,Meghalaya,East Jaintia Hills,3 km S of Umtyra,NH44,25.258603,92.38555,Debris,Slide,2016,834.00,10.68,283.64,0.006604,-0.007028,4.9992,5.2737
490,19859,ME/EKJ/78O15/2015/118,Meghalaya,East Khasi Hills,NA,Tangamng approach road,25.259326,91.872712,Debris,Slide,NA,1001.00,25.13,133.59,0.006166,0.003029,5.6975,65.5823
490,19860,ME/EKJ/78O15/2015/119,Meghalaya,East Khasi Hills,NA,Tangamng approach road,25.2608,91.8736,Rock,Slide,NA,1003.00,18.03,132.13,0.012374,0.004532,6.6508,81.9088
490,19861,MEG/WJH/83C4/2016/124,Meghalaya,East Jaintia Hills,2.7km S of Umtyra,NH44,25.261117,92.385231,Debris,Slide,2016,843.00,17.70,72.30,0.001359,-0.002586,7.1814,133.8375
490,19862,MEG/WJH/83C4/2016/125,Meghalaya,East Jaintia Hills,2.58 km S of Umtyra,NH44,25.2625,92.384639,Debris,Slide,2016,849.00,20.50,63.69,0.006200,-0.000854,5.0077,20.9163
490,19863,ME/WJH/883C03/2015/197,Meghalaya,West Jaintia Hills,NA,NA,25.262931,92.203628,Rock,Slide,NA,666.00,26.19,237.70,-0.000669,-0.001442,5.6501,68.7627
490,19864,ME/WJH/83C03/2015/185,Meghalaya,West Jaintia Hills,NA,NA,25.263806,92.203,Rock,Slide,NA,684.00,20.93,193.52,0.006118,0.004248,5.3906,32.0889
490,19865,MEG/WJH/83C4/2016/126,Meghalaya,East Jaintia Hills,2.3 km S of Umtyra,NH44,25.264575,92.381497,Debris,Slide,2016,887.00,24.51,40.32,0.003930,0.002152,4.8094,25.5009
490,19866,MG/EKH/78O11/2017/17,Meghalaya,East Khasi Hills,NA,Along MawsynramLawbah,25.265048,91.591553,Rock,Slide,NA,1162.00,23.79,11.11,-0.000496,0.008803,5.5364,49.3062
490,19867,ME/WJH/83C03/2015/178,Meghalaya,West Jaintia Hills,NA,Leshka,25.265158,92.202239,Rock,Slide,NA,689.00,21.09,227.88,-0.005966,-0.001058,4.9767,21.5723
491,19868,ME/WJH/83C03/2015/180,Meghalaya,West Jaintia Hills,NA,.80 km E of Leshka Dam,25.266067,92.204897,Debris,Slide,NA,719.00,27.14,304.05,0.002013,0.001648,5.3856,57.3316
491,19869,ME/WJH/83C03/2015/179,Meghalaya,West Jaintia Hills,NA,NA,25.266222,92.202528,Debris,Slide,NA,695.00,25.94,4.22,0.026486,0.010579,4.0516,13.6018
491,19870,MG/WKH/78O07/2017/1,Meghalaya,South West Khasi Hills,Mawpud village slide,Mawpud village,25.266939,91.383208,Debris,Slide,NA,751.00,11.15,337.33,0.015468,0.004254,4.9547,5.5129
491,19871,MG/EKH/78O11/2017/11,Meghalaya,East Khasi Hills,NA,Along MawsynramLawbah,25.26851,91.580418,Rock,Slide,NA,1227.00,25.39,38.42,0.007690,-0.005432,5.4622,53.0984
491,19872,ME/EKJ/78O15/2015/120,Meghalaya,East Khasi Hills,NA,Tangamng approach road,25.269949,91.875273,Debris,Slide,NA,1073.00,22.37,92.25,0.008384,-0.000247,4.9118,23.0178
491,19873,ME/EKJ/78O15/2015/121,Meghalaya,East Khasi Hills,NA,Tangamng approach road,25.27142,91.874884,Debris,Slide,NA,1074.00,19.27,86.02,-0.008458,0.000923,8.1433,420.2631
491,19874,ME/EKJ/78O15/2015/122,Meghalaya,East Khasi Hills,NA,Tangamng approach road,25.27197,91.874872,Debris,Slide,NA,1078.00,20.19,118.93,-0.006603,-0.000201,5.4299,30.8485
491,19875,MG/EKH/78O11/2017/8,Meghalaya,East Khasi Hills,NA,<Null>,25.273217,91.609962,Rock,Slide,NA,399.00,30.39,187.00,0.006100,0.003523,5.4739,81.9975
491,19876,MG/EKH/78O11/2017/16,Meghalaya,East Khasi Hills,NA,Along MawsynramLawbah,25.27342,91.578074,Rock,Slide,NA,1287.00,32.26,30.18,0.009564,0.003519,3.7908,17.6529
491,19877,MG/EKH/78O11/2017/10,Meghalaya,East Khasi Hills,NA,Along MawsynramLawbah,25.273477,91.577794,Rock,Slide,NA,1279.00,28.09,43.37,-0.009733,0.003567,5.9044,104.4888
491,19878,MEG/WJH/83C4/2016/127,Meghalaya,East Jaintia Hills,1.57 km SW ofUmtyra,NH44,25.274,92.373944,Debris,Slide,2016,875.00,11.23,250.99,-0.009608,0.001473,7.0268,44.4222
491,19879,ME/EKJ/78O15/2015/113,Meghalaya,East Khasi Hills,NA,Mawbeh approach road,25.277215,91.865449,Debris,Slide,NA,1153.00,16.83,293.63,-0.011790,0.003029,5.9127,33.8375
491,19880,MG/EKH/78O11/2017/3,Meghalaya,East Khasi Hills,NA,Along MawsynramLawbah,25.277934,91.575,Rock,Slide,NA,1166.00,58.68,43.48,-0.022109,-0.002880,5.3989,597.4303
491,19881,MG/WKH/78O07/2017/2,Meghalaya,South West Khasi Hills,Nongnah slide,NongnahRanikor road,25.278028,91.348931,Rock,Slide,NA,1072.00,19.30,311.14,0.060078,-0.000687,4.3800,9.7928
491,19882,MEG/WJH/83C4/2016/128,Meghalaya,East Jaintia Hills,0.65 km S of Umtyra,NH44,25.280528,92.380042,Debris,Slide,2014,912.00,18.29,298.48,0.006110,-0.000834,4.4376,9.2438
491,19883,MEG/WJH/83C4/2016/139,Meghalaya,East Jaintia Hills,2.63 km E of Umsatai,NA,25.281122,92.345397,Debris,Slide,2016,864.00,15.45,80.74,0.013203,0.004125,4.6170,7.7257
491,19884,MEG/WJH/83C4/2016/138,Meghalaya,East Jaintia Hills,2.24 km E of Umsatai,NA,25.282267,92.341433,Debris,Slide,2016,946.00,17.74,209.29,-0.014550,-0.001102,6.2625,53.6531
491,19885,MEG/EKH/78O11/2024/03,Meghalaya,East Khasi Hills,NA,NA,25.28236861,91.73874417,Debris,Slide and flow,30 May 2024 at 02:00 AM.,759.00,35.87,98.36,0.013890,-0.000584,3.6552,20.2147
491,19886,MG/EKH/78O11/2017/14,Meghalaya,East Khasi Hills,NA,<Null>,25.282485,91.57685,Rock,Slide,NA,1034.00,28.70,153.31,0.004848,0.002759,3.9332,15.3070
491,19887,ME/EKJ/78O15/2015/114,Meghalaya,East Khasi Hills,NA,Nongjiri approach road,25.282608,91.867354,Debris,Slide,NA,1155.00,19.21,17.94,-0.017110,-0.005257,5.7714,38.9665
491,19888,MG/EKH/78O11/2017/13,Meghalaya,East Khasi Hills,NA,<Null>,25.282943,91.580161,Rock,Slide,NA,970.00,30.83,143.71,-0.003374,-0.000564,8.1908,1284.8191
491,19889,MG/WKH/78O03/2017/14,Meghalaya,West Khasi Hills,1.1 km N of Nongphanwior,Phlangdiloin langpa road,25.288467,91.224269,Debris,Slide,NA,687.00,25.00,64.32,-0.015000,-0.003016,4.7867,26.0766
491,19890,MG/EKH/78O11/2017/5,Meghalaya,South West Khasi Hills,NA,<Null>,25.289055,91.533039,Rock,Slide,NA,942.00,34.75,228.38,0.011707,0.007873,5.7758,155.1786
491,19891,ME/EKJ/78O15/2015/108,Meghalaya,East Khasi Hills,NA,NH-40 (Shillong-Dauki road),25.294601,91.930853,Debris,Slide,NA,1115.00,13.51,331.06,0.001020,-0.003109,6.9542,60.4404
491,19892,MEGH/EKH/78O15/2009/D-41,Meghalaya,East Khasi Hills,Siatbakan slide,NA,25.294778,91.930833,Rock,Slide,NA,1115.00,13.51,331.06,0.001020,-0.003109,6.9542,60.4403
491,19893,MG/EKH/78O11/2017/2,Meghalaya,East Khasi Hills,NA,village approach road,25.295624,91.56964,Rock,Slide,NA,1263.00,42.69,309.14,-0.017076,0.000577,4.5102,77.3538
491,19894,MG/WKH/78O03/2017/12,Meghalaya,West Khasi Hills,2 km N of Kulang,Kulang Sdaddkhar road,25.295881,91.071747,Debris,Slide,NA,411.00,21.34,84.66,0.003529,-0.003371,6.2164,76.4572
491,19895,MEG/EKH/78O15/2022/01,Meghalaya,East Khasi Hills,NA,NA,25.296,91.932,Rock,Slide,04 April 2022,1090.00,26.76,315.53,-0.001575,0.001476,5.9614,98.6687
491,19896,MEG/WJH/83C4/2016/129,Meghalaya,East Jaintia Hills,1.38 km NNE of Umtyra,NH44,25.297628,92.387525,Debris,Slide,2016,914.00,20.11,243.08,0.013865,0.002827,4.3356,10.2340
491,19897,MEGH/EKH/78O15/2008/D-44,Meghalaya,East Khasi Hills,Pynursla-4 slide,NA,25.298806,91.923167,Rock,Slide,NA,1233.00,5.28,124.66,-0.002928,0.000267,7.0985,10.3337
491,19898,MG/EKH/78O11/2017/1,Meghalaya,East Khasi Hills,Arwa Slide,Along the way (near) to Arwa cave,25.298951,91.726475,Rock,Slide,NA,1507.00,21.74,99.33,0.003187,0.001871,4.9432,22.2952
491,19899,MG/WKH/78O07/2017/3,Meghalaya,South West Khasi Hills,Turnia Shining Secondary School slide,Ngunrao village.,25.299369,91.325575,Debris,Slide,NA,1139.00,30.52,23.23,0.004777,0.002880,4.5523,32.9590
491,19900,MG/EKH/78O11/2017/9,Meghalaya,East Khasi Hills,NA,Along the way to Arwa cave,25.299931,91.726268,Rock,Slide,NA,1524.00,27.68,117.55,0.005364,0.002891,5.5854,73.3104
491,19901,ME/EKJ/78O15/2015/123,Meghalaya,East Khasi Hills,NA,Pynter approach raod,25.300281,91.944944,Rock,Slide,NA,1136.00,21.00,137.50,0.006369,0.000944,5.3868,32.1912
491,19902,MEGH/EKH/78O11/2009/D-37,Meghalaya,East Khasi Hills,Umstew landslide,Road (Shillong-Sohra),25.300389,91.726722,Debris,Slide,29 June 2009,1519.00,23.86,129.78,-0.009664,0.000954,5.5329,49.4496
491,19903,MEGH/EKH/78O15/2008/D-42,Meghalaya,East Khasi Hills,Pynursla slide,NA,25.301167,91.929306,Rock,Slide,NA,1116.00,8.52,166.19,-0.084594,-0.000340,10.1039,548.8154
491,19904,ME/EKJ/78O15/2015/112,Meghalaya,East Khasi Hills,NA,NH-40 (Shillong-Dauki road),25.301383,91.922017,Debris,Slide,NA,1192.00,26.78,335.95,0.001182,-0.003401,5.4008,56.4319
491,19905,MEGH/EKH/78O15/2008/D-43,Meghalaya,East Khasi Hills,Pynursla-2 slide,NA,25.301444,91.9245,Rock,Slide,NA,1208.00,18.55,15.46,-0.009299,-0.005959,6.0321,46.9000
491,19906,ME/EKJ/78O15/2015/111,Meghalaya,East Khasi Hills,NA,NH-40 (Shillong-Dauki road),25.301559,91.922585,Debris,Slide,NA,1190.00,26.97,345.76,0.016095,-0.001843,4.6994,28.4488
491,19907,ME/EKJ/78O15/2015/110,Meghalaya,East Khasi Hills,NA,NH-40 (Shillong-Dauki road),25.301676,91.923138,Debris,Slide,NA,1193.00,27.92,349.79,-0.007650,-0.000573,5.7575,88.8755
491,19908,ME/EKJ/78O15/2015/109,Meghalaya,East Khasi Hills,NA,NH-40 (Shillong-Dauki road),25.302544,91.925218,Debris,Slide,NA,1184.00,13.97,337.83,0.020384,0.005035,4.7217,6.9558
491,19909,MG/WKH/78O03/2017/13,Meghalaya,West Khasi Hills,3 km NNE of Kulang,Kulang Sdaddkhar road,25.305047,91.075778,Debris,Slide,NA,292.00,32.27,114.99,-0.010336,-0.011941,6.9258,406.0183
491,19910,MG/EJH/83C11/2018/17,Meghalaya,East Jaintia Hills,Thuruk slide no 5,Lura-Thuruk road,25.309969,92.69525,Rock,Slide,NA,1157.00,15.80,101.54,0.008880,0.000765,5.2861,15.8196
491,19911,MG/WKH/78K15/2018/4,Meghalaya,West Khasi Hills,South of Shikna,NULL,25.311336,90.969222,Debris,Slide,NA,382.00,14.46,41.21,0.017439,0.001513,5.3788,14.4197
492,19912,MEGH/EKH/78O15/2008/D-45,Meghalaya,East Khasi Hills,Pynursla-3 slide,NA,25.311778,91.917528,Rock,Slide,NA,1161.00,12.00,128.88,-0.026799,-0.007394,9.1833,439.6366
492,19913,ME/WJH/83C03/2015/170,Meghalaya,West Jaintia Hills,NA,7km S of Jarain,25.312667,92.130417,Debris,Slide,NA,1142.00,8.35,282.73,0.005935,-0.002309,7.1958,28.7061
492,19914,ML/SWKH/78O07/2014/01,Meghalaya,South West Khasi Hills,Tynnai Ground crack,Tynnai Village,25.31458,91.45242,Rock,Creep,6 August 2013,1308.00,45.19,91.61,0.002407,-0.003701,4.0171,56.2722
492,19915,MEGH/WKH/78O07/2007/D-10,Meghalaya,West Khasi Hills,Tynnai (West) slide,NA,25.31488,91.44913,Rock cum Debris,Slide,19 July 2007,1378.00,24.86,208.22,-0.007267,0.001734,4.7929,25.9047
492,19916,MEGH/WKH/78O07/2007/D-11,Meghalaya,West Khasi Hills,Rangjadong slide,NA,25.31488,91.33367,Debris,Slide,19 July 2007,1141.00,42.73,221.55,-0.003361,-0.003101,5.2017,154.9140
492,19917,ME/EKJ/78O15/2015/140,Meghalaya,East Khasi Hills,NA,1 km SW of Myllad village,25.315176,91.923021,Rock,Slide,19 July 2007,1031.00,34.69,126.14,-0.000254,0.003915,4.3915,38.6982
492,19918,MG/EJH/83C11/2018/13,Meghalaya,East Jaintia Hills,Thuruk slide no 1,Lura-Thuruk road,25.316069,92.685461,Rock,Slide,NA,906.00,13.34,121.91,-0.000136,-0.008541,7.3349,86.1446
492,19919,MG/EJH/83C11/2018/15,Meghalaya,East Jaintia Hills,Thuruk slide no 3,Lura-Thuruk road,25.316519,92.692311,Debris,Slide,NA,945.00,28.09,318.56,-0.011576,-0.000151,6.3561,164.1373
492,19920,MG/EJH/83C11/2018/16,Meghalaya,East Jaintia Hills,Thuruk slide no 4,Lura-Thuruk road,25.316519,92.692,Soil,Fall,NA,938.00,26.12,343.03,-0.017691,-0.002309,8.8308,1644.5000
492,19921,MG/EJH/83C11/2018/14,Meghalaya,East Jaintia Hills,Thuruk slide no 2,Lura-Thuruk road,25.316589,92.687186,Soil,Slide,NA,915.00,24.24,320.54,-0.011467,-0.003931,5.7378,62.9347
492,19922,MG/EJH/83C11/2018/18,Meghalaya,East Jaintia Hills,Thuruk slide no 6,Lura-Thuruk road,25.318161,92.687219,Rock,Slide,NA,904.00,19.79,138.81,-0.017096,-0.008917,9.1482,1217.2621
492,19923,MEGH/WKH/78O07/2007/D-12,Meghalaya,West Khasi Hills,Tynnai East slide,NA,25.31848,91.45262,Debris,Fall,19 July 2007,1393.00,23.72,85.78,0.000856,-0.007163,4.8459,24.5666
492,19924,ME/EKJ/78O15/2015/134,Meghalaya,East Khasi Hills,NA,Approach road to Nongsder,25.320833,91.9275,Rock,Slide,19 July 2007,1099.00,21.52,93.53,0.003375,0.000801,4.9543,22.0417
492,19925,ME/EKJ/78O15/2015/133,Meghalaya,East Khasi Hills,NA,Approach road to Nongsder,25.321102,91.927514,Rock,Slide,NA,1099.00,23.29,94.31,-0.004781,0.002949,5.2718,36.1020
492,19926,MG/EJH/83C11/2018/19,Meghalaya,East Jaintia Hills,Tongseng slide,Tongseng agri link road,25.321975,92.504228,Soil,Slide,NA,1143.00,13.86,106.17,0.013561,0.003323,4.7297,6.8978
492,19927,ME/EKJ/78O15/2015/132,Meghalaya,East Khasi Hills,NA,Approach road to Nongsder,25.322897,91.927752,Rock,Slide,NA,1080.00,35.34,102.18,-0.008528,-0.002208,5.9767,198.2090
492,19928,ME/EKJ/78O15/2015/126,Meghalaya,East Khasi Hills,NA,myllad approach raod,25.324583,91.940667,Debris,Slide,NA,825.00,23.31,174.04,-0.005957,-0.002426,5.2711,36.1252
492,19929,ME/EKJ/78O15/2015/125,Meghalaya,East Khasi Hills,NA,Myllad approach raod,25.324806,91.942194,Debris,Slide,NA,834.00,26.27,182.08,0.005115,0.005305,4.7298,27.5870
492,19930,ME/EKJ/78O15/2015/127,Meghalaya,East Khasi Hills,NA,Myllad approach raod,25.324861,91.938389,Debris,Slide,NA,851.00,13.43,126.34,-0.001650,-0.002209,4.7628,6.6730
492,19931,ME/EKJ/78O15/2015/124,Meghalaya,East Khasi Hills,NA,Myllad approach raod,25.324889,91.943417,Debris,Slide,NA,835.00,16.03,149.10,-0.007978,0.001924,4.5774,8.0323
492,19932,ME/EKJ/78O15/2015/128,Meghalaya,East Khasi Hills,NA,Myllad approach raod,25.325889,91.935222,Debris,Slide,NA,952.00,21.49,63.80,0.005162,0.001355,4.2625,11.0054
492,19933,MG/EKH/78O11/2017/4,Meghalaya,East Khasi Hills,NA,village approach road,25.326032,91.659568,Rock,Slide,NA,1368.00,40.33,335.41,0.014310,-0.004233,3.4940,23.7324
492,19934,ME/EKJ/78O15/2015/130,Meghalaya,East Khasi Hills,NA,Approach road to Nongsder,25.326063,91.931808,Debris,Slide,NA,989.00,37.94,350.09,0.001421,0.001110,4.6779,65.3772
492,19935,ME/EKJ/78O15/2015/131,Meghalaya,East Khasi Hills,NA,Approach road to Nongsder,25.326204,91.932463,Debris,Slide,NA,996.00,32.22,351.02,-0.003397,0.004954,4.4852,35.2316
492,19936,ME/EKJ/78O15/2015/129,Meghalaya,East Khasi Hills,NA,Myllad approach raod,25.326694,91.933972,Debris,Slide,NA,971.00,24.76,2.22,0.014253,0.001437,5.2030,38.6701
492,19937,ME/EKJ/78O15/2015/107,Meghalaya,East Khasi Hills,NA,NH-40 (Shillong-Dauki road),25.32765,91.893414,Debris,Slide,NA,1449.00,17.02,285.32,0.001343,-0.002598,6.3062,51.3232
492,19938,MG/EKH/78O11/2017/15,Meghalaya,East Khasi Hills,NA,vilalge approach road,25.331209,91.67737,Rock,Slide,NA,1613.00,37.26,349.50,0.009676,0.007018,3.6040,21.2577
492,19939,MG/EKH/78O11/2017/12,Meghalaya,East Khasi Hills,NA,village approach road,25.331948,91.661011,Rock,Slide,NA,1546.00,19.55,352.04,0.002351,0.004552,5.0588,19.8500
492,19940,ME/EKJ/78O15/2015/143,Meghalaya,East Khasi Hills,NA,1.2 km NE of Myllad village,25.332836,91.934395,Rock,Slide,NA,565.00,36.39,113.60,-0.000324,-0.000355,5.2450,102.9912
492,19941,MG/EJH/83C11/2018/12,Meghalaya,East Jaintia Hills,Bomkhosngi slide,Bomkhosngi-Saipung road,25.333758,92.589778,Soil,Slide,NA,1137.00,16.33,22.43,0.013882,0.002779,4.5579,8.1893
492,19942,ME/EKJ/78O15/2015/72,Meghalaya,East Khasi Hills,NA,khrang approach road,25.338631,91.777559,Rock,Slide,NA,1416.00,39.84,3.69,-0.010602,0.000421,4.2044,46.6420
492,19943,ME/EKJ/78O15/2015/71,Meghalaya,East Khasi Hills,NA,khrang approach road,25.338711,91.775111,Rock,Fall,NA,1432.00,24.74,0.00,0.008335,0.002350,4.7982,25.7581
492,19944,MG/EJH/83C11/2018/11,Meghalaya,East Jaintia Hills,Daistong slide no 4,2 km north of Daistong,25.339339,92.584781,Rock,Fall,NA,1109.00,14.78,222.68,-0.009541,0.002064,7.7534,162.2730
492,19945,ME/WJH/883C03/2015/194,Meghalaya,West Jaintia Hills,NA,NA,25.341306,92.009611,Rock,Slide,NA,1053.00,31.82,216.75,-0.007384,-0.002400,5.7534,121.3902
492,19946,MG/EJH/83C11/2018/21,Meghalaya,East Jaintia Hills,Daistong slide no 6,Daistong village,25.342269,92.58225,Debris,Slide,NA,1069.00,22.13,326.63,-0.004811,0.000537,5.3288,34.0885
492,19947,ME/WJH/83C03/2015/174,Meghalaya,West Jaintia Hills,NA,NA,25.343028,92.0625,Rock,Slide,NA,1250.00,19.49,52.75,-0.022046,-0.003010,5.9782,49.4633
492,19948,MG/EJH/83C11/2018/20,Meghalaya,East Jaintia Hills,Daistong slide no 5,1 km north of Daistong village,25.343111,92.584269,Rock,Slide,NA,1089.00,22.21,320.55,-0.006450,-0.006581,5.8354,57.0544
492,19949,ME/WJH/83C03/2015/173,Meghalaya,West Jaintia Hills,NA,2.5km NW of Mynsang,25.343528,92.069028,Rock,Slide,NA,1235.00,11.10,14.52,0.023594,0.004195,4.9586,5.4847
492,19950,MG/EJH/83C11/2018/10,Meghalaya,East Jaintia Hills,Daistong slide no-3,1 km North of Daistong,25.343939,92.5849,Rock,Slide,NA,1090.00,22.32,311.27,0.003411,-0.000923,7.1648,218.0282
492,19951,MEG/EKH/78O15/2021/02,Meghalaya,East Khasi Hills,NA,NA,25.345,91.891,Rock,Slide,March-April 2022,1539.00,26.89,311.43,0.004017,-0.001611,5.1080,42.5119
492,19952,ME/EKJ/78O15/2015/106,Meghalaya,East Khasi Hills,NA,NH-40 (Shillong-Dauki road),25.34555,91.891461,Rock,Slide,NA,1529.00,34.33,299.42,-0.004564,0.002933,5.6574,133.6076
492,19953,MEGH/EKH/78O15/2008/D-46,Meghalaya,East Khasi Hills,Lingkardem slide,NA,25.345611,91.895,Rock,Slide,NA,1577.00,4.19,172.99,0.000212,0.001022,6.6364,4.0975
492,19954,ME/WJH/883C03/2015/187,Meghalaya,West Jaintia Hills,NA,NA,25.346111,92.00675,Rock,Slide,NA,860.00,42.32,216.11,0.007407,0.005494,4.1169,50.9005
492,19955,ME/EKJ/78O15/2015/59,Meghalaya,East Khasi Hills,NA,NH-40,25.346641,91.891987,Rock,Fall,NA,1516.00,31.71,295.17,0.000152,-0.002778,5.4213,86.3218
492,19956,ME/WJH/883C03/2015/188,Meghalaya,West Jaintia Hills,NA,NA,25.346972,92.008278,Rock,Slide,NA,996.00,37.52,222.52,0.017199,-0.003522,5.3862,128.7380
492,19957,ME/WJH/883C03/2015/190,Meghalaya,West Jaintia Hills,NA,NA,25.347353,92.010558,Rock,Slide,NA,1095.00,27.83,234.42,-0.022666,-0.004107,6.6080,206.5698
493,19958,ME/WJH/883C03/2015/189,Meghalaya,West Jaintia Hills,NA,NA,25.347444,92.007917,Rock,Slide,NA,1008.00,37.08,221.52,-0.001216,-0.000541,4.7088,63.3648
493,19959,ME/EKJ/78O15/2015/105,Meghalaya,East Khasi Hills,NA,NH-40 (Shillong-Pynursla road),25.34815,91.892506,Rock,Fall,NA,1522.00,25.99,293.45,0.005598,0.004435,5.9945,95.3779
493,19960,ME/EKJ/78O15/2015/73,Meghalaya,East Khasi Hills,NA,khrang approach road,25.348394,91.762714,Debris,Slide,NA,1547.00,18.57,42.77,-0.011223,0.012029,4.4211,9.3875
493,19961,ME/EKJ/78O15/2015/104,Meghalaya,East Khasi Hills,NA,NH-40 (Shillong-Pynursla road),25.349742,91.893423,Rock,Fall,NA,1550.00,29.24,292.05,0.014616,0.005071,3.9103,15.6447
493,19962,ME/EKJ/78O15/2015/139,Meghalaya,East Khasi Hills,NA,Approach road to Mawkhap,25.350166,91.972582,Rock,Slide,NA,1071.00,26.15,213.76,0.021894,0.002489,4.0414,13.7227
493,19963,MG/EJH/83C11/2018/2,Meghalaya,East Jaintia Hills,Shnongrim slide,Shnongrim village,25.35093,92.51236,Rock,Slide,NA,1177.00,7.54,322.55,0.015184,0.005403,5.3521,3.6998
493,19964,ME/EKJ/78O15/2015/103,Meghalaya,East Khasi Hills,NA,NH-40 (Shillong-Pynursla road),25.351304,91.89353,Debris,Slide,NA,1563.00,16.05,242.38,0.025099,0.001735,4.5758,8.0413
493,19965,MG/EJH/83C11/2018/7,Meghalaya,East Jaintia Hills,Shnongrim slide,Shnongrim-Molasngi road,25.352431,92.513478,Soil,Slide,NA,1153.00,14.49,321.45,-0.024473,-0.005030,6.6292,50.5508
493,19966,ME/EKJ/78O15/2015/74,Meghalaya,East Khasi Hills,NA,khrang approach road,25.353486,91.765544,Rock,Slide,NA,1603.00,37.50,144.75,-0.003799,-0.000229,4.9814,85.7625
493,19967,MG/EJH/83C11/2018/9,Meghalaya,East Jaintia Hills,Daistong slide,4 km North of Daistong,25.354239,92.572861,Rock,Slide,NA,994.00,11.49,151.04,0.015676,-0.000367,4.9234,5.6803
493,19968,ME/EKJ/78O15/2015/79,Meghalaya,East Khasi Hills,NA,Near Mawlat village,25.354644,91.973237,Debris,Slide,NA,1184.00,32.67,257.62,0.000609,0.001435,5.1609,71.6659
493,19969,MG/EJH/83C11/2018/3,Meghalaya,East Jaintia Hills,Daistong Slide,4 km North of Daistong village,25.35465,92.5735,Debris,Slide,NA,1001.00,11.78,171.36,0.010285,0.003334,6.6896,34.9620
493,19970,ME/EKJ/78O15/2015/75,Meghalaya,East Khasi Hills,NA,khrang approach road,25.35525,91.767889,Debris,Slide,NA,1623.00,37.31,136.62,-0.004337,-0.001323,4.7006,63.8780
493,19971,ME/WJH/883C03/2015/192,Meghalaya,West Jaintia Hills,NA,NA,25.356361,92.004972,Rock,Slide,NA,905.00,29.83,199.13,0.012003,0.002419,3.8864,16.0210
493,19972,ME/WJH/883C03/2015/191,Meghalaya,West Jaintia Hills,NA,NA,25.356461,92.006278,Rock,Slide,NA,919.00,34.45,201.42,-0.008192,0.000279,7.2333,651.8131
493,19973,MG/WKH/78O03/2017/16,Meghalaya,West Khasi Hills,7 km S of Nongthynniew,Wakhaji Mawthabah road,25.356475,91.225489,Debris,Slide,NA,1030.00,24.23,223.31,-0.006300,-0.001023,5.2273,37.7220
493,19974,MG/WKH/78O03/2017/15,Meghalaya,West Khasi Hills,6.7 km S of Nongphanwior,Wakhaji Mawthabah road,25.357472,91.229167,Debris,Slide,NA,1087.00,21.21,230.55,0.008085,0.003113,5.3752,32.5355
493,19975,ME/WJH/883C03/2015/193,Meghalaya,West Jaintia Hills,NA,NA,25.358972,92.003131,Rock,Slide,NA,973.00,35.83,213.47,-0.009901,0.000704,6.9517,544.7218
493,19976,ME/EKJ/78O15/2015/80,Meghalaya,East Khasi Hills,NA,Near Mawlat village,25.358977,91.973477,Debris,Slide,NA,1182.00,27.89,341.27,-0.004602,-0.000485,6.0458,118.3198
493,19977,MG/WKH/78O03/2017/7,Meghalaya,West Khasi Hills,1.7 km W of Porkhadoh,Maweit Shallang B road,25.359281,91.035939,Debris,Slide,2017,535.00,6.50,41.86,-0.057006,-0.001960,6.8882,12.7388
493,19978,MEGH/EKH/78O15/2008/D-48,Meghalaya,East Khasi Hills,Ryngnga-2 slide,NA,25.359306,91.885111,Rock,Slide,NA,1472.00,35.54,174.97,0.010982,0.001041,4.7653,59.8708
493,19979,ME/EKJ/78O15/2015/81,Meghalaya,East Khasi Hills,NA,Near Mawlat village,25.359331,91.974469,Debris,Slide,NA,1167.00,32.69,328.95,-0.021270,-0.004829,6.4818,268.9771
493,19980,MEGH/EKH/78O15/2008/D-47,Meghalaya,East Khasi Hills,Ryngnga slide,NA,25.359611,91.889417,Rock,Slide,NA,1560.00,25.20,332.24,0.008740,0.003135,4.0840,13.1481
493,19981,ME/EKJ/78O15/2015/100,Meghalaya,East Khasi Hills,NA,NH-40 (Shillong-Pynursla road),25.359922,91.882943,Rock,Slide,NA,1518.00,36.67,182.75,-0.000454,-0.000905,4.7236,62.4230
493,19982,ME/EKJ/78O15/2015/101,Meghalaya,East Khasi Hills,NA,NH-40 (Shillong-Pynursla road),25.359923,91.883122,Rock,Slide,NA,1518.00,36.67,182.75,-0.000454,-0.000905,4.7236,62.4230
493,19983,ME/EKJ/78O15/2015/99,Meghalaya,East Khasi Hills,NA,NH-40 (Shillong-Pynursla road),25.359985,91.882639,Rock,Slide,NA,1518.00,39.80,185.86,-0.000530,0.003995,4.6114,69.8314
493,19984,ME/EKJ/78O15/2015/102,Meghalaya,East Khasi Hills,NA,NH-40 (Shillong-Pynursla road),25.360004,91.8838,Rock,Slide,NA,1522.00,31.89,168.81,0.009675,0.009549,3.8046,17.3868
493,19985,ME/EKJ/78O15/2015/98,Meghalaya,East Khasi Hills,NA,NH-40 (Shillong-Pynursla road),25.360132,91.882043,Rock,Slide,NA,1511.00,27.66,198.41,0.023298,0.003723,3.9763,14.6430
493,19986,ME/EKJ/78O15/2015/82,Meghalaya,East Khasi Hills,NA,Near Mawlat village,25.360351,91.974979,Debris,Slide,NA,1193.00,26.71,257.94,0.008393,0.003456,4.0169,14.0601
493,19987,MG/WKH/78O03/2017/6,Meghalaya,West Khasi Hills,1.8 km W of Porkhadoh,Maweit Shallang B road,25.361056,91.034889,Debris,Slide,2017,536.00,17.74,65.36,-0.002711,0.004069,5.1630,17.8784
493,19988,ME/EKJ/78O15/2015/83,Meghalaya,East Khasi Hills,NA,Approach road to Lynyshing village,25.362972,91.976278,Debris,Slide,NA,1192.00,27.26,266.85,0.002063,-0.002711,5.0918,43.1902
493,19989,MG/EJH/83C11/2018/6,Meghalaya,East Jaintia Hills,Ngaibang slide,Ngaibang-Saipung road,25.363156,92.618839,Rock,Slide,NA,1069.00,9.16,92.87,0.020526,0.002299,5.1549,4.5057
493,19990,MEGH/EKH/78O15/2008/D-49,Meghalaya,East Khasi Hills,Ryngnga-3 slide,NA,25.364889,91.881,Rock,Slide,NA,1446.00,44.10,67.43,0.011095,0.011104,3.3616,27.0736
493,19991,MG/EJH/83C11/2018/8,Meghalaya,East Jaintia Hills,Molasngi slide,1 km West of Molasngi,25.36565,92.5314,Soil,Slide,NA,1022.00,12.89,152.02,-0.010916,-0.003183,7.2026,70.3430
493,19992,MEGH/EKH/78O15/2008/D-50,Meghalaya,East Khasi Hills,Ryngnga-4 slide,NA,25.36925,91.879611,Rock,Slide,NA,1354.00,41.31,111.31,-0.000556,0.004207,4.1524,49.1072
493,19993,MEGH/EKH/78O15/2008/D-51,Meghalaya,East Khasi Hills,Ryngnga-6 slide,NA,25.372139,91.879889,Rock,Slide,NA,1437.00,33.13,72.33,-0.003460,-0.002297,5.8362,145.8806
493,19994,MG/SWKH/78K15/2018/3,Meghalaya,South West Khasi Hills,North of Khalu B,NULL,25.374072,90.8146,Soil,Slide,NA,213.00,22.87,274.40,-0.000509,-0.004843,5.2919,35.3541
494,19995,MEG/EJH/83C07/2024/02,Meghalaya,East Jaintia Hills,NA,NA,25.37539167,92.431275,Debris,Slide,28 May 2024 at 4:30 AM,1112.00,11.23,176.12,0.007334,-0.003126,6.8927,38.8272
494,19996,MG/EJH/83C11/2018/5,Meghalaya,East Jaintia Hills,Pdeingrynkati slide,Pdeingrynkati-Saipung road,25.375719,92.610181,Soil,Slide,NA,1035.00,17.27,67.05,-0.015857,0.001061,5.8844,34.7516
494,19997,MG/EJH/83C11/2018/4,Meghalaya,East Jaintia Hills,Pdeingrynkati slide,Pdeingrynkati-Saipung road,25.375806,92.609725,Soil,Slide,NA,1049.00,8.93,65.69,0.006911,0.004675,5.1809,4.3892
494,19998,ME/EKJ/78O15/2015/58,Meghalaya,East Khasi Hills,NA,NH-40 (Shillong-Pynursla road),25.375917,91.876,Debris,Slide,NA,1492.00,24.86,46.42,-0.004870,0.009674,4.0995,12.9420
494,19999,MEGH/EKH/78O15/2008/D-52,Meghalaya,East Khasi Hills,Ryngnga-5 slide,NA,25.376083,91.876944,Rock,Slide,NA,1421.00,40.64,40.27,-0.020868,-0.006911,5.2746,143.8749
494,20000,ME/EKJ/78O15/2015/97,Meghalaya,East Khasi Hills,NA,NH-40 (Shillong-Pynursla road),25.3763,91.874028,Rock,Slide,NA,1512.00,28.23,164.53,-0.008589,-0.001782,5.3383,59.9976
494,20001,MG/WKH/78O03/2017/5,Meghalaya,West Khasi Hills,2 km NW of Umwein,Maweit Shallang B road,25.376992,91.038136,Debris,Slide,NA,612.00,8.88,134.30,-0.019792,0.003210,6.5724,17.4650
494,20002,ME/EKJ/78O15/2015/61,Meghalaya,East Khasi Hills,NA,Shillong-Sohra road,25.381107,91.756477,Rock,Slide,NA,1774.00,26.71,120.40,-0.002072,0.006968,5.1153,42.1750
494,20003,ME/EKJ/78O15/2015/96,Meghalaya,East Khasi Hills,NA,NH-40 (Shillong-Pynursla road),25.382428,91.874568,Rock,Slide,NA,1514.00,31.12,285.54,-0.000695,0.004430,4.5277,33.7324
494,20004,ME/EKJ/78O15/2015/62,Meghalaya,East Khasi Hills,NA,Shillong-Sohra road,25.382563,91.757675,Debris,Slide,2015,1760.00,34.15,139.72,-0.005961,0.002025,5.5100,113.6874
494,20005,MEGH/EKH/78O15/2008/D-53,Meghalaya,East Khasi Hills,Ryngnga-6 slide,NA,25.382694,91.877528,Rock,Slide,NA,1381.00,45.40,112.75,0.012358,-0.001279,3.3160,28.3287
494,20006,ME/EKJ/78O15/2015/63,Meghalaya,East Khasi Hills,NA,Shillong-Sohra road,25.382898,91.757906,Debris,Slide,NA,1775.00,27.02,136.82,0.005239,0.005265,5.9492,99.7374
494,20007,ME/EKJ/78O15/2015/95,Meghalaya,East Khasi Hills,NA,NH-40 (Shillong-Pynursla road),25.383298,91.87473,Rock,Slide,NA,1525.00,31.54,267.36,0.001797,0.009485,4.5114,34.2865
494,20008,ME/EKJ/78O15/2015/84,Meghalaya,East Khasi Hills,NA,Approach road to Lynyshing village,25.385535,91.988473,Debris,Slide,NA,1362.00,17.22,207.51,0.030335,0.006208,4.5013,8.6586
494,20009,ME/EKJ/78O15/2015/94,Meghalaya,East Khasi Hills,NA,NH-40 (Shillong-Pynursla road),25.386191,91.874586,Rock,Slide,NA,1520.00,29.61,270.41,-0.010990,0.003349,5.6868,95.2524
494,20010,MEGH/EKH/78O15/2008/D-54,Meghalaya,East Khasi Hills,Mawkajem slide,NA,25.386583,91.874694,Rock,Slide,NA,1527.00,32.77,250.94,-0.004010,-0.002475,5.1566,71.9427
494,20011,ME/EKJ/78O15/2015/85,Meghalaya,East Khasi Hills,NA,NA,25.38707,91.988294,Debris,Slide,NA,1360.00,30.12,252.99,-0.000334,0.002765,5.6660,97.2567
494,20012,ME/EKJ/78O15/2015/137,Meghalaya,East Khasi Hills,NA,Approach road to Mawkhap,25.387781,91.877117,Debris,Slide,NA,1450.00,31.89,107.00,-0.007961,-0.004874,6.1068,173.8433
494,20013,ME/EKJ/78O15/2015/64,Meghalaya,East Khasi Hills,NA,Shillong-Sohra road,25.387912,91.762233,Debris,Slide,NA,1768.00,29.96,110.10,-0.006157,0.001101,5.8266,112.7380
494,20014,MEGH/WKH/78O07/2007/D-15,Meghalaya,West Khasi Hills,Jashiar East slide,NA,25.38803,91.46977,Debris,Slide,16 June 2007,1529.00,6.54,215.83,-0.051625,-0.004580,7.6928,28.8307
494,20015,ME/EKJ/78O15/2015/138,Meghalaya,East Khasi Hills,NA,Approach road to Mawkhap,25.388039,91.8773,Debris,Slide,NA,1458.00,34.68,115.99,-0.005319,-0.003130,5.0845,77.3175
494,20016,MEGH/EKH/78O15/2008/D-55,Meghalaya,East Khasi Hills,Mawkajem-2 slide,NA,25.389028,91.874917,Rock,Slide,NA,1409.00,38.86,31.47,-0.046670,-0.006420,5.8485,225.0802
494,20017,ME/EKJ/78O15/2015/93,Meghalaya,East Khasi Hills,NA,NH-40 (Shillong-Pynursla road),25.390145,91.87196,Rock,Slide,NA,1569.00,28.33,275.16,0.010198,0.008556,5.0463,45.1833
494,20018,ME/EKJ/78O15/2015/135,Meghalaya,East Khasi Hills,NA,Approach road to Mawkhap,25.390444,91.883806,Debris,Slide,NA,1251.00,32.42,145.20,0.005235,-0.001371,5.1702,70.9621
494,20019,ME/EKJ/78O15/2015/65,Meghalaya,East Khasi Hills,NA,Shillong-Sohra road,25.390714,91.764766,Rock,Slide,NA,1763.00,29.37,126.59,-0.004956,0.004390,5.2909,62.8955
494,20020,ME/EKJ/78O15/2015/136,Meghalaya,East Khasi Hills,NA,Approach road to Mawkhap,25.391265,91.884164,Debris,Slide,NA,1268.00,21.82,79.53,0.027321,-0.000386,4.2451,11.1862
494,20021,ME/EKJ/78O15/2015/92,Meghalaya,East Khasi Hills,NA,NH-40 (Shillong-Pynursla road),25.391723,91.871851,Rock,Slide,NA,1585.00,29.81,271.62,0.011009,0.004164,4.5799,32.0127
494,20022,MEGH/EKH/78O15/2008/D-56,Meghalaya,East Khasi Hills,Mawkajem-3 slide,NA,25.391944,91.875028,Rock,Slide,NA,1405.00,47.57,102.16,-0.008133,-0.000303,5.0318,183.3632
494,20023,ME/EKJ/78O15/2015/91,Meghalaya,East Khasi Hills,NA,NH-40 (Shillong-Pynursla road),25.393914,91.872066,Rock,Slide,NA,1588.00,26.75,108.23,-0.007358,0.005546,4.7080,28.1628
494,20024,MG/SGH/78K11/2018/1,Meghalaya,South Garo hills,Nengkhra-Nongalbibra road slide,NH-62,25.39466,90.69083,Debris,Slide,NA,629.00,16.16,352.01,0.004812,-0.004734,5.2615,16.1920
494,20025,ME/EKJ/78O15/2015/90,Meghalaya,East Khasi Hills,NA,NH-40 (Shillong-Pynursla road),25.394983,91.872484,Rock,Slide,NA,1592.00,38.00,101.64,0.016189,0.015233,3.5767,21.8240
494,20026,ME/EKJ/78O15/2015/89,Meghalaya,East Khasi Hills,NA,NH-40 (Shillong-Pynursla road),25.397287,91.872324,Rock,Slide,NA,1574.00,17.92,64.06,-0.002452,0.003094,4.4585,9.0352
494,20027,MG/SGH/78K11/2018/2,Meghalaya,South Garo hills,Nengkhra-Nongalbibra road slide,NH-62,25.39766,90.70111,Debris,Slide,NA,530.00,6.51,44.89,-0.000056,-0.002276,6.8866,12.7517
494,20028,ME/EKJ/78O15/2015/66,Meghalaya,East Khasi Hills,NA,Shillong-Sohra road,25.397722,91.769417,Rock,Slide,NA,1800.00,11.10,161.38,-0.008349,0.002313,6.0570,16.4434
494,20029,MG/SGH/78K11/2018/6,Meghalaya,South Garo hills,Nengkhra-Nongalbibra road slide,NH-62,25.39799,90.69972,Debris,Slide,NA,556.00,18.28,69.21,-0.019955,-0.000625,6.0471,46.1286
495,20030,ME/EKJ/78O15/2015/67,Meghalaya,East Khasi Hills,NA,Shillong-Sohra road,25.398345,91.769704,Debris,Slide,NA,1804.00,7.90,88.33,0.031007,0.006111,5.3047,3.8766
495,20031,ME/EKJ/78O15/2015/86,Meghalaya,East Khasi Hills,NA,NA,25.39897,91.993367,Debris,Slide,NA,1422.00,40.98,283.18,-0.000229,0.001493,4.5692,72.7928
495,20032,ME/WJH/883C03/2015/196,Meghalaya,West Jaintia Hills,NA,1.5km E of Mynriah,25.400194,92.015731,Rock,Slide,NA,1221.00,49.48,317.98,0.004526,0.005922,3.8660,65.3573
495,20033,MEGH/WKH/78O11/2007/D-14,Meghalaya,West Khasi Hills,Jakrem East slide,NA,25.40023,91.5159,Debris,Slide,16 June 2007,1592.00,17.00,121.92,-0.005285,-0.001124,5.2078,17.0837
495,20034,MG/SGH/78K11/2018/3,Meghalaya,South Garo hills,Nengkhra-Nongalbibra road slide,NH-62,25.40121,90.71722,Debris,Slide,NA,404.00,23.19,344.24,-0.011763,-0.007561,6.3747,107.7046
495,20035,MEGH/WKH/78O07/2007/D-4,Meghalaya,West Khasi Hills,Mawthawiang slide,NA,25.4013,91.45855,Debris,Slide,18 August 2007,1563.00,25.08,136.50,-0.007380,-0.001143,4.7820,26.1506
495,20036,MG/SGH/78K11/2018/7,Meghalaya,South Garo hills,Nengkhra-Nongalbibra road slide,NH-62,25.403061,90.724166,Debris,Slide,18 August 2007,360.00,18.07,348.13,0.000936,-0.001161,5.1428,18.2303
495,20037,MEGH/WKH/78O07/2007/D-5,Meghalaya,West Khasi Hills,Umjarain East slide,NA,25.40547,91.53712,Rock cum Debris,Slide,18 August 2007,1461.00,16.66,358.29,-0.017229,0.000945,7.4265,150.4658
495,20038,ME/EKJ/78O15/2015/87,Meghalaya,East Khasi Hills,NA,lyngshing approach road,25.407917,91.998889,Rock,Fall,18 August 2007,1522.00,9.20,264.27,-0.044446,-0.005278,7.7895,63.3165
495,20039,ME/EKJ/78O15/2015/68,Meghalaya,East Khasi Hills,NA,Shillong-Sohra road,25.408236,91.778704,Debris,Slide,NA,1833.00,23.19,103.65,0.028234,0.011124,4.1777,11.9628
495,20040,MEGH/EKH/78O15/2008/D-57,Meghalaya,East Khasi Hills,Mawkajem-4 slide,NA,25.413306,91.871139,Rock,Slide,NA,1650.00,45.40,16.14,-0.006873,-0.001090,5.9547,396.5729
495,20041,ME/EKJ/78O15/2015/60,Meghalaya,East Khasi Hills,NA,NH- 40,25.415438,91.867487,Rock,Slide,NA,1752.00,36.87,123.35,-0.006738,-0.003371,4.7159,62.8476
495,20042,MG/SWKH/78K15/2018/2,Meghalaya,South West Khasi Hills,South of Wakpangram,NULL,25.416456,90.802981,Debris,Slide,NA,135.00,9.57,295.56,-0.003126,-0.000950,6.9012,28.2653
495,20043,MEGH/JH/83C07/2009/D-28,Meghalaya,Jaintia Hills,Kongong slide,NH-44 (Shillong - Silchar),25.42142,92.28894,Debris,Slide,NA,1331.00,9.74,126.07,-0.028655,-0.005207,7.0378,33.5575
495,20044,MEGH/EKH/78O15/2008/D-58,Meghalaya,East Khasi Hills,Mawkajem-5 slide,NA,25.422194,91.869222,Rock,Slide,NA,1671.00,31.47,19.21,0.003390,0.007943,3.8204,17.0960
495,20045,MG/EKH/78O11/2017/7,Meghalaya,East Khasi Hills,NA,ShillongMawsynram road,25.423674,91.721317,Debris,Slide,NA,1693.00,26.15,13.71,0.012376,-0.000344,4.7341,27.4246
495,20046,ME/EKJ/78O15/2015/76,Meghalaya,East Khasi Hills,NA,NH 40 (Shillong-Pynursla road),25.423839,91.862729,Debris,Slide,NA,1749.00,28.85,130.21,-0.000132,0.001772,5.3120,61.5482
495,20047,MEGH/WKH/78O07/2007/D-3,Meghalaya,West Khasi Hills,Laitlawsnai slide,NA,25.425,91.405,Debris,Slide,18 August 2007,1563.00,18.51,81.67,-0.005299,0.004102,5.1171,18.6974
495,20048,MEGH/EKH/78O15/2008/D-59,Meghalaya,East Khasi Hills,Mawkajem-6 slide,NA,25.425944,91.866,Rock,Slide,NA,1576.00,30.49,39.12,0.005876,-0.000119,3.8593,16.4432
495,20049,ME/WJH/83C03/2015/168,Meghalaya,West Jaintia Hills,NA,2 km SW of Jowai,25.426194,92.180472,Rock,Slide,NA,1360.00,21.29,354.73,-0.022179,0.003961,5.3705,32.6511
495,20050,ME/WJH/83C03/2015/169,Meghalaya,West Jaintia Hills,NA,2.5 km SW of Jowai,25.426306,92.181278,Debris,Slide,NA,1359.00,21.23,351.38,0.020263,0.008519,4.2753,10.8472
495,20051,ME/WJH/83C03/2015/167,Meghalaya,West Jaintia Hills,NA,1.5 km SW of Jowai,25.430111,92.182167,Rock,Slide,NA,1302.00,18.53,116.51,0.030035,0.000250,4.4228,9.3588
495,20052,MEGH/EKH/78O15/2008/D-60,Meghalaya,East Khasi Hills,Kongong slide,NA,25.430167,91.866528,Rock,Slide,Mar-09,1604.00,31.28,70.57,-0.012016,-0.004963,7.5891,729.5563
495,20053,ME/WJH/83C03/2015/165,Meghalaya,West Jaintia Hills,NA,NA,25.434972,92.18425,Debris,Slide,NA,1274.00,27.09,142.22,0.003070,0.001844,5.0986,42.8476
495,20054,ME/WJH/83C03/2015/166,Meghalaya,West Jaintia Hills,NA,1.2 km SW of Jowai,25.435167,92.185006,Debris,Slide,NA,1259.00,14.15,138.92,-0.002983,-0.002822,6.3171,35.1921
495,20055,MEGH/JH/78O15/2009/D-36,Meghalaya,Jaintia Hills,Laitlongkot slide,NH-40 (Shillong-Pynursla),25.43561,91.862056,Debris,Slide,17 July 2009,1635.00,22.34,78.65,-0.021718,-0.002416,8.7622,1078.5843
495,20056,MG/WKH/78O03/2017/10,Meghalaya,West Khasi Hills,0.3 km SSW of Nongraingap,Maweit Nongraingap road,25.436306,91.050361,Debris,Slide,NA,621.00,10.26,227.92,-0.006367,-0.002117,5.7322,10.1056
495,20057,MG/WKH/78O03/2017/9,Meghalaya,West Khasi Hills,Nongraingap,Maweit Nongraingap road,25.436706,91.051053,Debris,Slide,NA,633.00,4.40,176.66,0.020409,-0.003395,8.2922,23.6325
495,20058,MG/WKH/78O03/2017/8,Meghalaya,West Khasi Hills,Maweit,Maweit Nongraingap road,25.436875,91.06105,Debris,Slide,NA,685.00,19.37,75.35,-0.029106,-0.006846,6.8596,117.8308
495,20059,ME/EKJ/78O15/2015/77,Meghalaya,East Khasi Hills,NA,NH 40 (Shillong-Pynursla road),25.437036,91.857168,Debris,Slide,NA,1810.00,25.89,10.63,-0.001687,-0.000338,5.6619,67.7634
495,20060,ME/EKJ/78O15/2015/141,Meghalaya,East Khasi Hills,NA,1.5 km SE of Lum Thangding,25.438495,91.862917,Rock,Slide,NA,1668.00,42.11,173.17,-0.004819,-0.003732,5.0400,126.1924
495,20061,ME/WJH/83C03/2015/145,Meghalaya,West Jaintia Hills,NA,0.5 km W of Jowai,25.439833,92.181333,Debris,Slide,NA,1294.00,28.72,105.40,0.008463,0.004019,3.9311,15.2995
495,20062,ME/WJH/883C03/2015/195,Meghalaya,West Jaintia Hills,NA,NA,25.439889,92.181083,Debris,Slide,NA,1309.00,24.58,81.36,0.020596,-0.000183,4.1119,12.7700
495,20063,MG/SWKH/78K15/2018/1,Meghalaya,South West Khasi Hills,West of Riangud,NULL,25.440153,90.881372,Debris,Slide,NA,538.00,29.67,170.50,0.004314,0.001442,4.9907,47.7249
495,20064,MEGH/WKH/78O07/2007/D-13,Meghalaya,West Khasi Hills,Mawpon slide,NA,25.44465,91.34622,Debris,Slide,17 July 2007,1471.00,12.96,262.93,-0.021356,-0.007415,5.8975,19.2713
495,20065,MG/EKH/78O11/2017/6,Meghalaya,East Khasi Hills,NA,ShillongMawsynram road,25.446933,91.742919,Rock,Slide,NA,1746.00,28.84,349.70,-0.000829,-0.005477,6.5653,215.2212
495,20066,MEGH/JH/83C03/2009/D-29,Meghalaya,Jaintia Hills,Jowai slide,NH-44 along Shillong - Jowai,25.44889,92.19417,Rock cum Debris,Slide,March 2009,1331.00,23.45,284.02,-0.021615,0.003933,7.3002,278.5514
495,20067,ME/EKJ/78O15/2015/88,Meghalaya,East Khasi Hills,NA,NA,25.449349,91.817118,Debris,Slide,NA,1793.00,12.99,11.19,0.009846,-0.004566,5.4889,12.8863
495,20068,ME/WJH/83C03/2015/172,Meghalaya,West Jaintia Hills,NA,NA,25.450464,92.095806,Debris,Slide,NA,1078.00,16.09,257.87,0.029516,0.003072,4.5725,8.0549
495,20069,ME/EKJ/78O15/2015/69,Meghalaya,East Khasi Hills,NA,Shillong-Sohra road,25.450628,91.817767,Debris,Slide,2015,1788.00,18.51,98.33,0.006867,-0.003458,5.5222,28.0459
496,20070,ME/EKJ/78O15/2015/70,Meghalaya,East Khasi Hills,NA,Shillong-Sohra road,25.452164,91.819054,Debris,Slide,NA,1773.00,14.94,309.50,0.005239,-0.000745,5.7489,22.3564
496,20071,MG/WKH/78O03/2017/11,Meghalaya,West Khasi Hills,1 km NNW of Nongpathar,Maweit Nongyier road,25.455639,91.082944,Debris,Slide,NA,725.00,22.68,85.01,0.010557,0.000828,6.2812,93.3544
496,20072,MG/WKH/78O03/2017/4,Meghalaya,West Khasi Hills,1 km N of Nongpathar,Nongstoin Maweit road,25.455817,91.086289,Debris,Slide,NA,704.00,10.87,152.19,0.032677,0.000359,4.9799,5.3592
496,20073,ME/EKJ/78O15/2015/57,Meghalaya,East Khasi Hills,NA,NH-40 (4 km from laityngkot),25.461894,91.830791,Debris,Slide,NA,1732.00,16.10,218.35,0.015454,0.000385,5.2650,16.1175
496,20074,MG/WKH/78O03/2017/3,Meghalaya,West Khasi Hills,0.5 kmmiangshang SSW of Nong,Nongstoin Maweit road,25.462319,91.096836,Debris,Slide,NA,876.00,25.03,78.01,0.001276,-0.002352,5.4773,52.1381
496,20075,ME/WJH/83C03/2015/175,Meghalaya,West Jaintia Hills,NA,.7km SE of Dienglieng,25.463778,92.04425,Debris,Slide,NA,1465.00,12.64,33.99,-0.023792,-0.003256,6.6160,37.5664
496,20076,MG/SGH/78K11/2018/5,Meghalaya,South Garo hills,Nengkhra-Nongalbibra road slide,NH-62,25.47542,90.698611,Debris,Slide,NA,329.00,19.19,41.99,0.003763,0.001939,4.3845,9.7165
496,20077,MG/WKH/78K15/2018/1,Meghalaya,West Khasi Hills,Northwest of Awiak,NULL,25.479069,90.807167,Debris,Slide,NA,324.00,18.61,225.88,0.000119,-0.000924,5.5160,28.2061
496,20078,MG/EJH/83C11/2018/1,Meghalaya,East Jaintia Hills,Nongryngkoh slide,2 km West of Nongryngkoh,25.484178,92.510928,Rock,Slide,NA,1120.00,6.08,247.69,-0.027371,-0.005033,6.2620,5.9450
496,20079,MG/SGH/78K11/2018/4,Meghalaya,South Garo hills,Nengkhra-Nongalbibra road slide,NH-62,25.48586,90.7005,Debris,Slide,NA,290.00,13.68,158.41,-0.039631,-0.007501,6.9392,61.1588
496,20080,ME/EKH/83C02/2015/186,Meghalaya,East Khasi Hills,NA,NA,25.489833,92.069033,Rock,Slide,NA,1252.00,16.71,320.11,-0.002034,0.000328,7.4224,150.8722
496,20081,ME/WJH/83C03/2015/176,Meghalaya,West Jaintia Hills,NA,2km NW of Nongjrong,25.490472,92.069472,Debris,Slide,NA,1230.00,21.50,330.73,-0.001867,-0.002126,6.5633,109.9421
496,20082,ME/WJH/883C03/2015/198,Meghalaya,West Jaintia Hills,NA,NA,25.490475,92.069278,Rock,Slide,NA,1225.00,20.05,327.32,0.005984,-0.001614,5.4356,30.5624
496,20083,ME/WJH/83C03/2015/177,Meghalaya,West Jaintia Hills,NA,2.3km NW of Nongjrong,25.490961,92.070397,Debris,Slide,NA,1233.00,18.04,330.33,-0.009011,0.000316,6.8488,99.9922
496,20084,ME/EKJ/78O15/2015/56,Meghalaya,East Khasi Hills,NA,Mylliem (south),25.49137,91.821688,Debris,Slide,NA,1713.00,23.38,320.05,0.005454,0.000235,5.2661,36.2075
496,20085,MEG/EKH/78O11/2021/002,Meghalaya,East Khasi Hills,NA,NA,25.49151667,91.77329444,Rock,Rock fall,NA,1802.00,16.30,285.23,0.018267,0.007845,4.5587,8.1616
496,20086,MG/WKH/78O03/2017/2,Meghalaya,West Khasi Hills,Wah Lyngdoh,Nongstoin Maweit road,25.496081,91.117675,Debris,Slide,NA,981.00,18.89,40.88,0.004822,-0.005343,5.0946,19.1002
496,20087,MG/WKH/78O03/2017/1,Meghalaya,West Khasi Hills,0.9 km E of Mawlait,Nongstoin Maweit road,25.496367,91.163575,Debris,Slide,NA,1187.00,16.79,312.07,0.015284,-0.004881,4.5275,8.4194
496,20088,MG/WKH/78O03/2017/17,Meghalaya,West Khasi Hills,Mawlangriang,Nongstoin Riangpoit road,25.496861,91.198556,Debris,Slide,NA,1289.00,28.12,337.33,-0.011881,-0.007939,6.0349,119.3400
496,20089,MEG/EKH/78O15/2021/01,Meghalaya,East Khasi Hills,NA,NA,25.49736111,91.77902778,Debris,Slide,2021,1802.00,4.13,38.36,0.019643,0.002179,5.9577,2.0143
496,20090,MEG/ EKH/ 78011/2021/03,Meghalaya,East Khasi Hills,NA,NA,25.49833333,91.73361111,Debris,Slide,2021,1733.00,12.80,196.03,0.023400,0.001024,4.8113,6.3389
496,20091,MG/WGH/78K03/2020/1,Meghalaya,West Garo Hills,Tura-Dalu road slide no1,"NH-217,Tura Dalu Road, Dobasipara, Tura",25.5,90.21,Debris,Slide,NA,206.00,9.40,12.49,-0.013890,-0.007286,6.9188,27.7344
496,20092,MG/WGH/78K03/2020/2,Meghalaya,West Garo Hills,Tura-Dalu road slide no2,"NH-217,Tura Dalu Road, Tura",25.5,90.22,Debris,Slide,2019,407.00,12.16,5.97,0.011460,-0.000885,6.2505,24.0488
496,20093,MG/WGH/78K03/2020/3,Meghalaya,West Garo Hills,Tura-Dalu road slide no 3,"NH-217,Tura Dalu Road, Tura",25.5,90.22,Debris,Slide,2019,407.00,12.16,5.97,0.011460,-0.000885,6.2505,24.0488
496,20094,MG/WGH/78K03/2020/4,Meghalaya,West Garo Hills,Tura-Dalu road slide no 4,"NH-217,Tura Dalu Road, Tura",25.5,90.22,Debris,Slide,NA,407.00,12.16,5.97,0.011460,-0.000885,6.2505,24.0488
496,20095,MG/EGH/78K10/2018/3,Meghalaya,East Garo hills,Williamnagar road slide,NH-127B,25.5014,90.68972,Debris,Slide,NA,251.00,2.37,167.51,-0.015369,-0.003775,6.5133,1.1556
496,20096,MEGH/WKH/78O06/2007/D-8,Meghalaya,West Khasi Hills,Nongjyllieh slide,NA,25.50335,91.28335,Rock,Slide,25 July 2007,1414.00,22.83,246.21,0.003424,0.000250,4.1942,11.7480
496,20097,MEG/EKH/78O10/2021/04,Meghalaya,East Khasi Hills,NA,NA,25.50368056,91.72342222,Rock,Slide,19 July 2007,1748.00,4.50,245.71,-0.019340,-0.002874,6.9707,6.5827
496,20098,MEG/EKH/78O10/2016/32,Meghalaya,East Khasi Hills,ShillongMairang bypass R.S4,New Shillong mairang bypass road 2 km E of Sohiong village,25.504083,91.723028,Debris,Slide,2016,1747.00,10.51,254.85,-0.007350,-0.000691,6.1117,15.5401
496,20099,MEGH/WKH/78O06/2007/D-9,Meghalaya,West Khasi Hills,Nongjyllieh-2 slide,NA,25.50667,91.28318,Debris,Slide,19 July 2007,1396.00,22.39,292.49,0.014314,-0.004024,4.2155,11.5000
496,20100,MG/WKH/78O02/2017/46,Meghalaya,West Khasi Hills,0.6 km SW of Thahkanar,Nongstoin Maweit road,25.507378,91.223883,Debris,Slide,NA,1363.00,22.58,172.57,-0.004024,0.001953,5.5927,46.4184
496,20101,MG/WKH/78O02/2017/47,Meghalaya,West Khasi Hills,0.5 km SW of Thahkanar,Nongstoin Maweit road,25.507528,91.224333,Soil,Slide,NA,1361.00,22.19,172.43,0.004757,0.002801,5.6122,45.5236
496,20102,MEG/EKH/78O10/2016/29,Meghalaya,East Khasi Hills,ShillongMairang bypass R.S1,New Shillong mairang bypass road 1.5 km NW of Sohiong village,25.507586,91.708236,Debris,Slide,2016,1777.00,12.75,30.97,0.015656,-0.000155,4.8148,6.3156
496,20103,MG/EGH/78K10/2018/2,Meghalaya,East Garo hills,Williamnagar road slide,NH-127B,25.50781,90.68,Rock,Slide,NA,352.00,6.88,47.93,0.023882,0.006765,5.4436,3.3676
496,20104,MG/WKH/78O02/2017/48,Meghalaya,West Khasi Hills,0.4 km SW of Thahkanar,Nongstoin Maweit road,25.508,91.225694,Soil,Slide,NA,1378.00,18.14,182.35,0.000083,0.001772,5.1377,18.2915
496,20105,MEG/EKH/78O10/2016/30,Meghalaya,East Khasi Hills,ShillongMairang bypass R.S2,New Shillong mairang bypass road 2 km NW of Sohiong village,25.509233,91.703961,Debris,Slide,2016,1785.00,8.52,166.17,0.060131,-0.000023,5.2269,4.1826
496,20106,MEG/EKH/78O10/2016/31,Meghalaya,East Khasi Hills,ShillongMairang bypass R.S3,New Shillong mairang bypass road 1 km NE of Sohiong village,25.509358,91.719631,Debris,Slide,2016,1743.00,12.24,255.98,0.025957,0.004417,4.8569,6.0553
497,20107,MG/WGH/78K02/2020/1,Meghalaya,West Garo Hills,Lower Hawakhana slide,"Mohindra colony, Lower Hawakhana, Tura",25.51,90.21,Rock,Slide,2019,264.00,15.57,244.20,0.021965,0.003795,4.6068,7.7752
497,20108,MEGH/WGH/78K02/2007/D-19,Meghalaya,West Garo Hills,Tura town (Rishipara) slide,NA,25.51028,90.21678,NA,NA,27 July 2007,325.00,11.60,169.95,-0.000000,-0.000000,6.5217,28.6432
497,20109,MEG/EKH/78O10/2021/05,Meghalaya,East Khasi Hills,NA,NA,25.51046111,91.70312778,Debris,Slide,NA,1795.00,12.69,263.82,0.006527,-0.005163,5.5125,12.5731
497,20110,MG/EGH/78K10/2018/1,Meghalaya,East Garo hills,Williamnagar road slide,NH-127B,25.512611,90.658611,Debris,Slide,NA,366.00,2.76,132.07,0.071646,0.002952,6.3598,1.3470
497,20111,MG/WKH/78O06/2017/20,Meghalaya,South West Khasi Hills,Nongstoin taxi stand slide,NH44E,25.519556,91.266444,Debris,Slide,NA,1333.00,5.63,125.06,0.025553,0.002347,5.6464,2.7489
497,20112,MEGH/WKH/78O06/2007/D-7,Meghalaya,West Khasi Hills,Mawkawah slide,PWD road (SH),25.51973,91.28443,Debris,Fall,25 July 2007,1449.00,1.38,132.06,0.023883,0.001752,7.0529,0.6735
497,20113,MEG/WKH/78O10/2016/03,Meghalaya,West Khasi Hills,NH44E slide3,Along NH44E near Kynshi village,25.520356,91.537764,Debris,Slide,2016,1593.00,20.88,205.75,0.028375,-0.001961,4.2925,10.6455
497,20114,MEGH/WKH/78O06/2007/D-6,Meghalaya,West Khasi Hills,Lawab slide,Road (Nongstoin by pass),25.5208,91.25985,Rock cum Debris,Slide,25 July 2007,1358.00,19.87,109.61,-0.001508,0.002986,5.0397,20.1695
497,20115,MG/WKH/78O06/2017/1,Meghalaya,West Khasi Hills,Markasa debris slide,1.5 km East of Markasa NH44E,25.522717,91.448328,Debris,Slide,NA,1528.00,13.03,174.45,0.004916,-0.007601,5.4851,12.9200
497,20116,ME/EKJ/78O14/2015/26,Meghalaya,East Khasi Hills,NA,Smit road,25.522768,91.892701,Earth,Slide,NA,1837.00,16.87,50.21,0.007230,0.000330,5.2154,16.9194
497,20117,MEG/WKH/78O10/2016/02,Meghalaya,West Khasi Hills,NH44E slide2,NH44E,25.523,91.521389,Debris,Slide,2016,1586.00,13.51,208.99,0.011244,-0.002265,4.7546,6.7059
497,20118,MG/WKH/78O06/2017/5,Meghalaya,West Khasi Hills,Nongstoin PHE slide,Nongstoin PHE,25.523083,91.268972,Soil,Flow,NA,1352.00,19.03,112.75,0.001072,0.002943,5.0865,19.2481
497,20119,MEG/WKH/78O10/2016/01,Meghalaya,West Khasi Hills,NH44E slide1,NH44E,25.524931,91.514383,Debris,Slide,2016,1596.00,22.97,193.44,0.004053,-0.004420,4.8801,23.6593
497,20120,MG/WKH/78O06/2017/19,Meghalaya,South West Khasi Hills,Domkseh slide,Domkseh road,25.525533,91.467683,Debris,Slide,NA,1692.00,23.03,183.02,-0.000085,-0.001602,6.2638,94.8831
497,20121,MG/WJH/83C06/2018/2,Meghalaya,West Jaintia hills,Laskein slide,3 km north of Laskein slide,25.527489,92.415139,Rock,Slide,NA,1248.00,19.79,338.83,0.009855,0.000256,4.3510,10.0395
497,20122,MEGH/EKH/78O14/2009/D-40,Meghalaya,East Khasi Hills,Lamlyer landslide 2,Shillong-Silchar road (NH-44),25.5275,91.918861,Debris,Fall,NA,1775.00,15.85,105.70,0.012217,0.004998,4.5880,7.9205
497,20123,MG/WKH/78O06/2017/17,Meghalaya,West Khasi Hills,Pyndengrei Metrology slide,"Pyndengrei, Nongstoin",25.527781,91.263214,Debris,Slide,NA,1339.00,7.73,55.56,0.012022,0.000911,6.9348,18.9464
497,20124,MG/WKH/78O06/2017/2,Meghalaya,West Khasi Hills,Khyllem slide,NH44E,25.528308,91.395711,Debris,Slide,NA,1539.00,16.40,68.23,-0.013633,-0.003764,7.1170,106.7392
497,20125,MEGH/EKH/78O14/2009/D-39,Meghalaya,East Khasi Hills,Lymlyer landslide (A),NH-44 (Shillong - Silchar),25.529056,91.923722,Debris,Slide,NA,1748.00,12.47,9.32,0.022150,0.003142,4.8374,6.1725
497,20126,MG/WJH/83C06/2018/5,Meghalaya,West Jaintia hills,Mokaiyaw slide,3 km NE of Mokaiyaw village,25.529408,92.455339,Soil,Fall,NA,1178.00,6.42,25.99,-0.006874,0.006682,5.5141,3.1373
497,20127,MG/WGH/78G14/2020/3,Meghalaya,West Garo Hills,Tura-Ampati road slide no 3,"SH-12, Tura-Ampati Road, near Kharugaon, Betasing.",25.53,89.98,Debris,Slide,2019,69.00,7.66,126.94,0.003311,-0.001452,7.2807,26.2748
497,20128,MG/WGH/78G14/2020/4,Meghalaya,West Garo Hills,Tura-Ampati road slide no 4,"SH-12, Tura-Ampati Road, near Ulubari, Betasing.",25.53,89.98,Debris,Slide,2019,69.00,7.66,126.94,0.003311,-0.001452,7.2807,26.2748
497,20129,MG/WKH/78O02/2017/56,Meghalaya,West Khasi Hills,0.4 km NE of Nongkaniang,Mawkadiang Nongkaniang road,25.533183,91.205647,Debris,Slide,NA,1350.00,16.10,251.21,-0.006966,-0.005768,7.0561,96.6507
497,20130,MG/WKH/78O02/2017/55,Meghalaya,West Khasi Hills,5 km NE of Nongkaniang,Mawkadiang Nongkaniang road,25.534486,91.205492,Soil,Slide,NA,1359.00,25.46,304.09,0.009606,0.003144,4.7641,26.5643
497,20131,MEGH/JH/83C02/2009/D-30,Meghalaya,Jaintia Hills,Jowai-2 slide,NH-44 (Shillong - Silchar),25.53458,92.11539,Debris,Slide,NA,1238.00,9.56,225.90,-0.041341,-0.002577,7.9430,79.8993
497,20132,MEG/WKH/78O10/2016/08,Meghalaya,West Khasi Hills,NH44E slide7,100 m SW of NH44E between milestone 36 & 37,25.535628,91.679575,Earth,Slide,2016,1756.00,8.09,159.72,0.035765,-0.001196,5.2791,3.9679
497,20133,MG/WKH/78O02/2017/54,Meghalaya,West Khasi Hills,1.8 km NE of Nongkaniang,Mawkadiang Nongkaniang road,25.536889,91.206556,Debris,Slide,NA,1337.00,24.81,319.52,-0.002126,-0.005878,5.1987,38.7021
497,20134,MEGH/EKH/78O14/2009/D-38,Meghalaya,East Khasi Hills,Sohryngkham Rock Fall,NH-44,25.536972,91.973639,Rock,Fall,NA,1648.00,8.54,43.35,-0.002598,-0.000865,5.9183,8.3760
497,20135,MG/WKH/78O02/2017/53,Meghalaya,West Khasi Hills,0.8 km NE of Nongkaniang,Mawkadiang Nongkaniang road,25.53725,91.206972,Soil,Slide,NA,1333.00,20.06,338.41,0.007541,-0.008152,5.0291,20.3787
497,20136,MG/WKH/78O02/2017/52,Meghalaya,West Khasi Hills,0.9 km NE of Nongkaniang,Mawkadiang Nongkaniang road,25.537344,91.207542,Debris,Slide,NA,1333.00,28.47,357.16,-0.018324,-0.008755,5.0391,45.3966
497,20137,MG/WKH/78O02/2017/51,Meghalaya,West Khasi Hills,1 km NE of Nongkaniang,Mawkadiang Nongkaniang road,25.537636,91.208528,Debris,Slide,NA,1333.00,26.11,348.93,-0.004240,-0.000940,5.6511,68.3802
497,20138,MEG/WKH/78O10/2016/04,Meghalaya,West Khasi Hills,NH44E slide4,Along NH44E 2 km West of Bynther village,25.537972,91.602361,Debris,Slide,2016,1626.00,22.38,145.55,0.029209,0.004969,4.2159,11.4895
498,20139,ME/EKH/83C02/2015/164,Meghalaya,East Khasi Hills,NA,"1.5km SSW of Pepbah, NH-44",25.539611,92.001556,Rock,Slide,NA,1542.00,21.34,320.90,0.014358,0.003000,5.3671,32.7013
498,20140,ME/EKH/83C02/2015/146,Meghalaya,East Khasi Hills,NA,"1.5 km w of Pomura, NH-44",25.541611,92.0125,Debris,Slide,NA,1418.00,20.66,93.69,0.000380,-0.001170,5.9133,52.6089
498,20141,MEGH/EKH/83C02/2009/D-34,Meghalaya,East Khasi Hills,Puriang-4 slide,NH-44 (Shillong - Silchar),25.54231,92.1,Rock cum Debris,Slide,1 July 2009,1336.00,17.65,317.47,-0.001684,0.004497,5.1670,17.7528
498,20142,MEGH/EKH/83C02/2009/D-31,Meghalaya,East Khasi Hills,Puriang slide,NH-44 (Shillong - Silchar),25.54261,92.10867,Debris,Slide,1 July 2009,1138.00,15.17,77.08,-0.010746,0.003264,8.4837,355.6277
498,20143,MEGH/EKH/83C02/2009/D-35,Meghalaya,Jaintia Hills,Kongong-2 slide,NH-44 (Shillong-Silchar road),25.54261,92.09842,Debris,Slide,1 July 2009,1318.00,10.26,36.46,0.002551,0.000870,5.0382,5.0483
498,20144,MEGH/EKH/83C02/2009/D-33,Meghalaya,East Khasi Hills,Puriang-3 slide,NH-44 (Shillong - Silchar),25.54264,92.10214,Rock,Slide,1 July 2009,1332.00,6.60,117.02,-0.024489,0.000726,5.4856,3.2273
498,20145,ME/EKH/83C02/2015/151,Meghalaya,East Khasi Hills,NA,"Puriang, NH-44",25.542694,92.096472,Rock,Slide,NA,1304.00,23.06,4.23,-0.002702,-0.000105,6.1288,83.1215
498,20146,MEG/EKH/78O10/2016/09,Meghalaya,East Khasi Hills,Nongbri village Slide,1 km W of Nongbri village,25.542744,91.662067,Rock,Slide,2016,1762.00,22.83,253.26,-0.000000,0.000819,4.8867,23.4956
498,20147,ME/EKH/83C02/2015/152,Meghalaya,East Khasi Hills,NA,"Puriang, NH-44",25.542806,92.096972,Rock,Slide,NA,1308.00,24.35,329.02,-0.008613,-0.001548,5.5076,50.5137
498,20148,MEGH/EKH/83C02/2009/D-32,Meghalaya,East Khasi Hills,Puriang-2 slide,NH-44 (Shillong - Silchar),25.54328,92.10478,Rock,Fall,1 July 2009,1272.00,28.40,140.36,0.004208,-0.000125,4.6366,30.1719
498,20149,MG/WKH/78O02/2017/50,Meghalaya,West Khasi Hills,Mawkadiang,Mawkadiang Nongkaniang road,25.544028,91.215472,Debris,Slide,NA,1364.00,10.76,181.35,-0.013872,0.000063,5.6822,10.6044
498,20150,ME/EKH/83C02/2015/153,Meghalaya,East Khasi Hills,NA,NH-44,25.544506,92.102033,Rock,Slide,NA,1298.00,27.96,333.97,0.000889,0.003443,4.6550,29.6215
498,20151,MG/WKH/78O06/2017/10,Meghalaya,West Khasi Hills,Siejlieh slide no. 2,NH44E Nongstoin bypass,25.544889,91.263722,Debris,Slide,NA,1363.00,21.80,343.74,-0.015549,0.000028,6.1907,78.1244
498,20152,MG/WKH/78O06/2017/8,Meghalaya,West Khasi Hills,Pyndengrei slide No 3,NH44E Nongstoin bypass,25.544906,91.268575,Debris,Slide,NA,1379.00,26.74,346.11,0.008075,0.003572,4.0140,14.0576
498,20153,MG/WKH/78O06/2017/6,Meghalaya,West Khasi Hills,Pyndengrei slide No 1,NH44E Nongstoinbypass,25.544917,91.270722,Debris,Slide,NA,1393.00,19.32,352.66,-0.002689,-0.006440,5.4755,29.3381
498,20154,MG/WKH/78O06/2017/12,Meghalaya,West Khasi Hills,4.1 km E of Pdengshakap,Laremshiap road,25.544936,91.267672,Rock,Slide,NA,1369.00,22.35,6.88,-0.012630,-0.003266,5.8266,57.3678
498,20155,MG/WKH/78O06/2017/7,Meghalaya,West Khasi Hills,Pyndengrei slide No 2,NH44E Nongstoin bypass,25.545061,91.269778,Debris,Slide,NA,1386.00,25.28,343.47,0.001830,0.000311,4.7719,26.3527
498,20156,ME/EKH/83C02/2015/154,Meghalaya,East Khasi Hills,NA,"1 km NE of Puriang,NH-44",25.545083,92.103175,Rock,Slide,NA,1283.00,17.52,27.93,0.003282,0.002237,4.4816,8.8076
498,20157,ME/EKH/83C02/2015/155,Meghalaya,East Khasi Hills,NA,"1.7 km NE of Puriang,NH-44",25.545139,92.104778,Debris,Slide,NA,1252.00,24.02,348.40,-0.005934,0.000239,5.5230,49.7369
498,20158,MG/WKH/78O06/2017/11,Meghalaya,West Khasi Hills,Pyndengrei slide no. 4,NH44E Nongstoin bypass,25.545206,91.276144,Debris,Slide,NA,1406.00,19.18,1.48,0.007300,0.000907,5.0780,19.4047
498,20159,MG/WKH/78O06/2017/3,Meghalaya,West Khasi Hills,"Nongspung slide,","1.4 km West of Nongspung, NH44E",25.545642,91.325403,Debris,Slide,NA,1507.00,17.66,126.65,-0.003599,0.002309,6.2651,53.2828
498,20160,MG/WKH/78O02/2017/49,Meghalaya,West Khasi Hills,0.68 km NW of Mawiawban,Mawkadiang Nongkaniang road,25.545722,91.520556,Debris,Slide,NA,1674.00,1.46,241.57,-0.153037,-0.003896,10.8905,34.8245
498,20161,MG/WKH/78O06/2017/13,Meghalaya,West Khasi Hills,NH44E bypass slide,NH44E Nongstoin bypass,25.545939,91.284283,Debris,Slide,NA,1425.00,25.82,324.96,0.001001,-0.004342,5.1532,40.4965
498,20162,MG/WKH/78O02/2017/13,Meghalaya,West Khasi Hills,0.7 km NW of Mawiawban,NH44E,25.546456,91.235733,Soil,Slide,NA,1329.00,20.15,38.52,0.017851,0.001900,5.0245,20.4703
498,20163,MG/WKH/78O02/2017/14,Meghalaya,West Khasi Hills,0.76 km NW of Mawiawban,NH44E,25.546553,91.235222,Debris,Slide,NA,1324.00,23.73,20.28,-0.010287,-0.001895,5.7600,61.3174
498,20164,MG/WKH/78O06/2017/14,Meghalaya,West Khasi Hills,Pyndengrei slide no 5,NH44E Nongstoin bypass,25.547867,91.292589,Debris,Slide,NA,1485.00,10.64,351.77,-0.032921,0.004738,6.6099,26.2086
498,20165,MEG/WKH/78O10/2016/10,Meghalaya,West Khasi Hills,NA,Along NH44E near 40km mile stone,25.548089,91.647706,Debris,Slide,2016,1717.00,4.70,299.42,-0.153967,-0.003370,10.4211,227.3098
498,20166,MEG/WKH/78O10/2016/05,Meghalaya,West Khasi Hills,47 mile stone slide,Along NH44E near 47 mile stone,25.548306,91.61775,Rock,Slide,2016,1637.00,21.09,142.82,0.015453,0.002077,4.9747,21.5141
498,20167,MG/WKH/78O02/2017/37,Meghalaya,West Khasi Hills,0.9 km NN of Mawiawban,Link road from NH44E from Mawliehdein,25.549139,91.244417,Debris,Slide,NA,1348.00,15.44,164.96,0.005807,-0.001945,6.0013,30.8292
498,20168,MG/WKH/78O02/2017/38,Meghalaya,West Khasi Hills,1 km NN of Mawiawban,Link road from NH44E from Mawliehdein,25.549333,91.246583,Debris,Slide,NA,1337.00,25.44,148.17,0.001076,-0.003281,4.0714,13.2735
498,20169,MG/WKH/78O02/2017/39,Meghalaya,West Khasi Hills,1.1 km NN of Mawiawban,Link road from NH44E from Mawliehdein,25.549639,91.247472,Rock,Slide,NA,1337.00,20.59,168.30,0.011330,0.003960,4.3076,10.4804
498,20170,MG/WKH/78O02/2017/36,Meghalaya,West Khasi Hills,0.8 km NN of Mawiawban,Link road from NH44E from Mawliehdein,25.549667,91.242444,Debris,Slide,NA,1350.00,14.51,178.02,0.013923,-0.003568,6.0663,28.8881
498,20171,MEG/WKH/78O10/2016/07,Meghalaya,West Khasi Hills,NH44E slide6,Along NH44E near 0.5 km NE of Mawlong,25.549789,91.645033,Debris,Slide,2016,1699.00,18.59,3.82,-0.000399,-0.003448,5.8047,37.5251
498,20172,MG/WKH/78O06/2017/15,Meghalaya,West Khasi Hills,Pyndengrei slide no 6,NH44E Nongstoin bypass,25.549861,91.295706,Debris,Slide,NA,1483.00,10.87,117.58,0.007465,-0.003480,4.9784,5.3589
498,20173,MG/WKH/78O06/2017/21,Meghalaya,South West Khasi Hills,Nongspung natural slide,NE of Nongspung,25.549961,91.341175,Debris,Slide,NA,1564.00,21.23,64.09,-0.010708,-0.010230,5.6602,43.3586
499,20174,MG/WGH/78K06/2020/14,Meghalaya,West Garo Hills,Tura-Williamnagar road slide no 1,"SH-1, Tura-WilliamnagarRoad, Near Oragitok, Meghalaya",25.55,90.33,Debris,Slide,2019,744.00,3.91,152.65,-0.048339,-0.003192,8.0923,15.2363
499,20175,MG/WKH/78O06/2017/9,Meghalaya,West Khasi Hills,Siejlieh slide no. 1,NH44E Nongstoin bypass,25.550122,91.250286,Debris,Slide,NA,1336.00,20.69,327.73,0.018397,-0.000429,4.3023,10.5364
499,20176,MEG/WKH/78O10/2016/06,Meghalaya,West Khasi Hills,NH44E slide5,Along NH44E SW of Mawsawa village,25.5502,91.618106,Earth,Slide,2016,1660.00,17.46,94.42,0.007532,0.003105,5.1782,17.5522
499,20177,MG/WKH/78O02/2017/15,Meghalaya,West Khasi Hills,1.2 km NNW of Mawiaban,NH44E,25.550608,91.232894,Debris,Slide,NA,1331.00,23.05,75.70,0.004869,0.003834,4.1833,11.8679
499,20178,MG/WKH/78O02/2017/16,Meghalaya,West Khasi Hills,1.2 km NNW of Mawiaban,NH44E,25.551225,91.232636,Debris,Slide,NA,1333.00,22.94,60.22,0.008578,0.003628,4.8814,23.6180
499,20179,MG/WKH/78O06/2017/16,Meghalaya,South West Khasi Hills,Pyndengrei slide no 7,NH44E Nongstoin bypass,25.55125,91.297056,Rock,Slide,NA,1477.00,7.87,335.07,0.065037,-0.001562,5.3077,3.8552
499,20180,MG/WKH/78O02/2017/17,Meghalaya,West Khasi Hills,1.3 km NNW of Mawiaban,NH44E,25.551667,91.2325,Debris,Slide,NA,1318.00,19.13,59.93,0.001075,-0.003162,5.7736,38.7105
499,20181,MG/WJH/83C06/2018/3,Meghalaya,West Jaintia hills,Mynso slide,1 km east of Mynso,25.551667,92.331806,Rock,Slide,NA,1192.00,23.74,172.98,-0.011687,0.003209,5.7592,61.3584
499,20182,MG/WKH/78O02/2017/35,Meghalaya,West Khasi Hills,1.9 km NE of Mawkadiang,Link road from NH44E from Mawliehdein,25.552647,91.237072,Debris,Slide,NA,1356.00,4.56,329.60,0.024302,0.000302,5.8583,2.2229
499,20183,MG/WKH/78K14/2018/2,Meghalaya,West Khasi Hills,South-West of Nongchram Ading,NH-44E,25.552992,90.814503,Debris,Slide,NA,503.00,25.04,122.44,0.004173,-0.001628,4.7827,26.0682
499,20184,MG/WKH/78K14/2018/9,Meghalaya,West Khasi Hills,West of Nongchram Ading,NH-44E,25.553522,90.815225,Soil,Flow,NA,485.00,26.24,134.85,-0.004616,-0.002476,4.7290,27.5044
499,20185,MG/WKH/78O02/2017/18,Meghalaya,West Khasi Hills,1.6 km NNW of Mawiaban,NH44E,25.553794,91.231139,Debris,Slide,NA,1304.00,18.84,51.98,-0.006035,-0.007449,5.5022,28.5613
499,20186,MG/WKH/78O02/2017/34,Meghalaya,West Khasi Hills,1.8 km NE of Mawkadiang,Link road from NH44E from Mawliehdein,25.555256,91.234944,Rock,Slide,NA,1338.00,14.57,271.78,0.003182,-0.000967,5.3687,14.5070
499,20187,MG/EGH/78K14/2018/8,Meghalaya,East Garo hills,South of Nongchram Ading,NH 44E,25.557833,90.818103,Soil,Slide,NA,514.00,11.87,138.62,-0.012315,0.002425,5.5817,11.7231
499,20188,MG/EGH/78K14/2018/7,Meghalaya,East Garo hills,South-West of Nongchram Ading,NH-44E,25.558058,90.809919,Soil,Slide,NA,405.00,29.03,255.66,-0.009203,0.000778,6.2199,154.8227
499,20189,MG/WKH/78O02/2017/19,Meghalaya,West Khasi Hills,1.7 km E of Urkyllong,NH44E,25.558442,91.228547,Debris,Slide,NA,1302.00,16.83,83.09,-0.004879,-0.002794,5.9107,33.7451
499,20190,MG/WKH/78O02/2017/33,Meghalaya,West Khasi Hills,1.7 km NE of Mawkadiang,Link road from NH44E from Mawliehdein,25.558489,91.230911,Debris,Slide,NA,1315.00,22.53,202.21,-0.000614,-0.002908,4.9016,23.1438
499,20191,MG/WKH/78O02/2017/32,Meghalaya,West Khasi Hills,1.7 km NE of Mawkadiang,Link road from NH44E from Mawliehdein,25.559222,91.229639,Debris,Slide,NA,1313.00,23.68,224.02,0.011407,0.000358,5.2515,36.6954
499,20192,ME/EKH/83C02/2015/171,Meghalaya,East Khasi Hills,NA,NA,25.559778,92.226278,Debris,Slide,NA,1279.00,14.46,171.00,-0.009476,-0.001065,6.0702,28.7714
499,20193,MG/WGH/78K06/2020/15,Meghalaya,West Garo Hills,Tura-Williamnagar road slide no 2,"SH-1, Tura-Williamnagar Road",25.56,90.34,Earth,Slide,NA,745.00,15.50,209.00,0.031906,0.005025,4.6111,7.7357
499,20194,MG/WGH/78K06/2020/16,Meghalaya,West Garo Hills,Tura-Williamnagar road slide no 3,"SH-1, Tura-Williamnagar Road, Chinabat, Meghalaya.",25.56,90.37,Debris,Slide,2019,678.00,18.44,230.01,0.002938,-0.002138,5.1201,18.5996
499,20195,MG/SWKH/78K14/2018/1,Meghalaya,South West Khasi Hills,North of Makalbari,NH-44E,25.560028,90.833917,Soil,Slide,NA,576.00,14.20,331.45,-0.008938,-0.002622,5.8010,21.1830
499,20196,MG/WKH/78O02/2017/31,Meghalaya,West Khasi Hills,2.2 km E of Urkyllong,Link road from NH44E from Mawliehdein,25.560667,91.228028,Debris,Slide,NA,1307.00,26.50,220.33,0.004590,-0.001640,4.7178,27.8108
499,20197,MG/WKH/78O02/2017/30,Meghalaya,West Khasi Hills,2.1 km E of Urkyllong,Link road from NH44E from Mawliehdein,25.560931,91.227694,Debris,Slide,NA,1308.00,26.22,220.24,-0.004318,-0.003513,5.1353,41.2156
499,20198,MG/WJH/83C06/2018/6,Meghalaya,West Jaintia hills,Mynso quarry slide,Mynso-Samatan road,25.561281,92.330142,Debris,Slide,NA,1064.00,27.49,338.80,-0.005007,0.002215,5.9277,101.6023
499,20199,MG/WKH/78O02/2017/21,Meghalaya,West Khasi Hills,0.8 km E of Mawliehdein,NH44E,25.563239,91.225711,Debris,Slide,NA,1326.00,23.63,252.25,0.001377,-0.002440,4.8481,24.4121
499,20200,MG/WJH/83C06/2018/4,Meghalaya,East Jaintia Hills,Mynso quarry slide,Mynso-Samatan road,25.563472,92.329689,Rock,Slide,NA,1032.00,27.33,165.95,0.000051,-0.002952,4.6818,28.8281
499,20201,MG/WKH/78O02/2017/57,Meghalaya,West Khasi Hills,2.4 km E of mawliehdein,Urkali Nongkhniang road,25.565333,91.225667,Debris,Slide,NA,1325.00,21.72,278.17,0.000636,-0.002072,6.1947,77.7889
499,20202,MG/WKH/78O02/2017/20,Meghalaya,West Khasi Hills,1.3 km E of Mawliehdein,NH44E,25.565489,91.220686,Debris,Slide,NA,1341.00,8.55,45.66,0.019664,0.005146,5.2230,4.1947
499,20203,MG/SGH/78K14/2018/3,Meghalaya,South Garo hills,Rongjeng slide,NH44E,25.565569,90.808153,Soil,Slide,NA,413.00,6.24,51.09,0.052307,0.001805,5.5410,3.0521
499,20204,MEGH/EKH/78O14/2007/D-17,Meghalaya,East Khasi Hills,Nongrimbah slide,NA,25.56667,91.90194,Debris,Slide,08 September 2007,1545.00,3.10,345.65,-0.025988,-0.000917,8.4399,13.6178
499,20205,MEG/WKH/78O10/2016/11,Meghalaya,West Khasi Hills,Pyrda village slide1,2 km SE of Pyrda village,25.568056,91.737944,Rock,Slide,2016,1710.00,11.51,82.01,0.006142,-0.008657,6.3061,22.7204
499,20206,MEG/WKH/78O10/2016/12,Meghalaya,West Khasi Hills,Pyrda village slide2,About 2 km SE of Pyrda village,25.568106,91.737919,Debris,Slide,2016,1710.00,11.51,82.01,0.006142,-0.008657,6.3061,22.7204
499,20207,ME/EKJ/78O14/2015/28,Meghalaya,East Khasi Hills,NA,Near Nongumlong,25.568837,91.833286,Rock,Slide,NA,1469.00,21.62,84.15,-0.004162,-0.001580,5.3523,33.1729
499,20208,MG/WKH/78O02/2017/22,Meghalaya,West Khasi Hills,Urkali,NH44E,25.569222,91.217222,Debris,Slide,NA,1293.00,16.76,226.81,-0.006497,-0.001036,5.6270,25.2046
499,20209,ME/EKH/83C02/2015/182,Meghalaya,East Khasi Hills,NA,NA,25.569278,92.2025,Debris,Slide,NA,1249.00,26.46,357.42,0.005450,0.005901,5.8179,83.2999
499,20210,ME/EKH/83C02/2015/183,Meghalaya,East Khasi Hills,NA,1km W of Nartiang,25.569333,92.202139,Debris,Slide,NA,1233.00,21.23,11.98,0.001863,-0.004628,6.0657,65.0126
499,20211,MG/WKH/78O02/2017/23,Meghalaya,West Khasi Hills,0.3 km w of Urkali,NH44E,25.569778,91.21575,Debris,Slide,NA,1282.00,8.69,241.58,0.017991,-0.001646,7.5092,42.6403
499,20212,MG/WGH/78G14/2020/2,Meghalaya,West Garo Hills,NA,NA,25.57,89.98,Debris,Slide,NA,53.00,11.19,282.99,0.023836,0.002913,4.9491,5.5163
500,20213,MG/WKH/78O02/2017/24,Meghalaya,West Khasi Hills,0.4 km w of Urkali,NH44E,25.570361,91.215056,Debris,Slide,NA,1274.00,8.04,242.73,0.014574,-0.006524,6.3848,11.8128
500,20214,MEG/WJH/83C10/2016/31,Meghalaya,West Jaintia Hills,N of Lumjem,Lumjem-Muthairain road,25.571,92.55128,Debris,Slide,NA,836.00,15.65,308.36,0.004859,0.004096,5.2943,15.6235
500,20215,ME/EKJ/78O14/2015/10,Meghalaya,East Khasi Hills,NA,Near Nongumlong,25.571256,91.825464,Rock,Slide,NA,1277.00,27.78,290.67,0.032739,0.007819,3.9692,14.6958
500,20216,ME/EKJ/78O14/2015/27,Meghalaya,East Khasi Hills,NA,Near Nongumlong,25.571299,91.833183,Debris,Slide,NA,1442.00,18.43,84.43,0.017409,0.005000,4.4274,9.2939
500,20217,ME/EKJ/78O14/2015/11,Meghalaya,East Khasi Hills,NA,Near Nongumlong,25.571555,91.826228,Debris,Slide,NA,1281.00,34.08,337.82,0.007514,0.003647,3.7190,18.8737
500,20218,ME/EKJ/78O14/2015/12,Meghalaya,East Khasi Hills,NA,Near Nongumlong,25.571747,91.827526,Debris,Slide,NA,1305.00,30.91,335.69,-0.018519,0.000000,7.0601,417.5639
500,20219,ME/EKJ/78O14/2015/13,Meghalaya,East Khasi Hills,NA,Near Nongumlong,25.572312,91.828292,Debris,Slide,NA,1326.00,40.50,314.47,0.006283,-0.001689,6.1942,357.3280
500,20220,MG/WKH/78O02/2017/25,Meghalaya,West Khasi Hills,0.3 km W of Umsaw,NH44E,25.572492,91.209156,Debris,Slide,NA,1263.00,15.53,215.48,0.007744,0.000881,5.3017,15.5074
500,20221,ME/EKJ/78O14/2015/14,Meghalaya,East Khasi Hills,NA,Near Nongumlong,25.57255,91.828833,Debris,Slide,NA,1326.00,40.86,341.58,-0.000093,-0.004141,4.1666,48.2518
500,20222,ME/EKJ/78O14/2015/15,Meghalaya,East Khasi Hills,NA,Near Nongumlong,25.573653,91.831023,Debris,Slide,NA,1357.00,34.15,317.64,-0.003318,-0.001959,4.8150,56.7662
500,20223,ME/EKH/83C02/2015/147,Meghalaya,East Khasi Hills,NA,NH-44,25.57395,92.058583,Debris,Slide,NA,1187.00,18.48,332.01,0.001408,0.000491,5.5230,27.9645
500,20224,MG/WKH/78O02/2017/60,Meghalaya,West Khasi Hills,0.3 km NNE of Umsaw,Umsaw Mawsiangbah approach road,25.57425,91.214472,Debris,Slide,NA,1247.00,15.57,105.14,-0.004163,-0.001982,6.2159,38.8488
500,20225,ME/EKJ/78O14/2015/16,Meghalaya,East Khasi Hills,NA,Near Nongumlong,25.57428,91.831851,Debris,Slide,NA,1362.00,38.43,328.31,0.001307,0.002361,4.2530,44.2584
500,20226,ME/EKH/83C02/2015/148,Meghalaya,East Khasi Hills,NA,".5 km NE of Thangshalai, NH-44",25.576203,92.057722,Debris,Slide,NA,1173.00,6.52,44.94,0.074842,0.003839,5.4981,3.1855
500,20227,ME/EKH/83C02/2015/181,Meghalaya,East Khasi Hills,NA,NA,25.576806,92.242444,Debris,Slide,NA,1190.00,14.72,297.49,-0.007665,-0.006615,6.6110,51.2921
500,20228,ME/EKJ/78O14/2015/52,Meghalaya,East Khasi Hills,NA,Near Dewsaw,25.576847,91.753423,Debris,Slide,NA,1706.00,19.75,345.54,-0.017696,-0.000734,5.7390,40.0547
500,20229,ME/EKJ/78O14/2015/53,Meghalaya,East Khasi Hills,NA,5 km Nongthliw,25.577212,91.75219,Debris,Slide,NA,1674.00,24.62,323.38,-0.004848,-0.001654,5.2071,38.3501
500,20230,MG/WJH/83C06/2018/1,Meghalaya,West Jaintia hills,Jonglawit slide,Jonglawit village,25.578206,92.266856,Soil,Slide,NA,1250.00,11.64,34.46,-0.013356,-0.003005,6.9880,45.9477
500,20231,ML/EKH/78O14/2014/03,Meghalaya,East Khasi Hills,Barapathar,Barapathar,25.57822,91.86545,Debris,Slide,23 September 2014,1459.00,7.90,312.05,-0.039465,-0.004289,8.0110,58.0764
500,20232,MG/WGH/78G14/2020/1,Meghalaya,West Garo Hills,Tura-Ampati road slide no1,"SH-12,Tura-Ampati Road, near Shakuri, Garobadha, Meghalaya.",25.58,89.99,Earth,Slide,NA,43.00,6.55,290.60,0.044639,0.001593,5.4920,3.2049
500,20233,MG/WKH/78O02/2017/58,Meghalaya,West Khasi Hills,Mawlynniang,Urkali Nongkhniang road,25.580703,91.237361,Debris,Slide,NA,1350.00,13.51,98.71,-0.000116,0.002389,5.8528,20.1068
500,20234,MG/WKH/78O02/2017/5,Meghalaya,West Khasi Hills,1.5 km NNW of Mawnar,NH44E,25.581572,91.181611,Debris,Slide,NA,1232.00,19.34,197.08,-0.006436,-0.001818,5.9847,48.9482
500,20235,MG/WKH/78O02/2017/6,Meghalaya,West Khasi Hills,0.9 km NNW of Mawlynngdep,NH44E,25.581822,91.189944,Debris,Slide,NA,1249.00,14.91,19.68,-0.025954,-0.003341,6.0382,29.6955
500,20236,ME/EKJ/78O14/2015/54,Meghalaya,East Khasi Hills,NA,Near Krang,25.581829,91.765659,Rock,Slide,NA,1694.00,21.36,123.22,-0.008127,-0.000161,4.9603,21.8149
500,20237,MG/WKH/78O02/2017/62,Meghalaya,West Khasi Hills,0.6 km SE of Umjaru,NH44E,25.581983,91.176972,Debris,Slide,NA,1251.00,24.75,178.89,0.013895,0.003934,5.2014,38.5664
500,20238,MG/WKH/78O02/2017/61,Meghalaya,West Khasi Hills,1.5 km N of Mawnar,NH44E,25.582061,91.185611,Debris,Slide,NA,1224.00,14.12,348.69,-0.012850,-0.002478,5.8073,21.0408
500,20239,ME/EKH/83C02/2015/149,Meghalaya,East Khasi Hills,NA,".5 km NE of Thangshalai, NH-44",25.582167,92.058333,Debris,Slide,NA,1169.00,12.17,156.74,0.001732,0.000628,5.5557,12.0268
500,20240,MG/WKH/78O02/2017/29,Meghalaya,West Khasi Hills,1.6 km N of Mawnar,NH44E,25.582836,91.183972,Debris,Slide,NA,1228.00,18.98,132.05,0.009220,-0.000029,5.7816,38.3803
500,20241,MG/WKH/78O02/2017/59,Meghalaya,West Khasi Hills,0.6 km NNW of Mawlynniang,Urkali Nongkhniang road,25.583236,91.237317,Debris,Slide,NA,1318.00,16.90,299.49,0.015300,0.003887,4.5197,8.4730
500,20242,MG/WKH/78O02/2017/4,Meghalaya,West Khasi Hills,0.5 km E of Umjaru,NH44E,25.585389,91.1765,Debris,Slide,NA,1211.00,7.58,325.08,-0.012457,0.000129,6.4435,11.1372
500,20243,ME/EKJ/78O14/2015/55,Meghalaya,East Khasi Hills,NA,Near Dewsaw,25.585875,91.777328,Rock,Fall,NA,1692.00,21.24,258.60,0.007066,-0.001571,4.9665,21.6776
500,20244,MG/WKH/78O06/2017/18,Meghalaya,West Khasi Hills,Myriaw slide,Myriaw village,25.587111,91.498556,Debris,Slide,NA,1567.00,17.52,20.79,0.022998,-0.000022,4.4814,8.8034
500,20245,ME/EKH/83C02/2015/150,Meghalaya,East Khasi Hills,NA,"1.2 km E of Diengpasoh, NH-44",25.592972,92.055139,Debris,Slide,NA,1003.00,39.25,145.21,0.009365,0.001972,5.1397,113.9318
500,20246,ME/EKJ/78O14/2015/18,Meghalaya,East Khasi Hills,NA,Lungkyrding- Mawpat Road,25.59578,91.917379,Earth,Subsidence,NA,1506.00,12.63,49.49,-0.019375,-0.005525,6.6159,37.4858
500,20247,MG/WKH/78O02/2017/67,Meghalaya,West Khasi Hills,2.7 km W of Umjaru,NH44E Umshinrut road,25.597614,91.153233,Debris,Slide,NA,1143.00,11.22,44.48,-0.028947,-0.000424,5.6392,11.0604
500,20248,MG/WKH/78O02/2017/2,Meghalaya,West Khasi Hills,0.6 km NW of Umjaru,NH44E,25.598908,91.175628,Debris,Slide,NA,1098.00,12.07,307.21,0.018040,-0.000899,4.8705,5.9645
500,20249,ME/EKJ/78O14/2015/46,Meghalaya,East Khasi Hills,NA,Umj jew- Lumpyngrope approach road,25.599096,91.859289,Earth,Slide,NA,1279.00,19.96,172.20,0.014958,0.006908,4.3411,10.1267
500,20250,MG/WKH/78O02/2017/3,Meghalaya,West Khasi Hills,0.5 km NW of Umjaru,NH44E,25.599575,91.1782,Soil,Slide,NA,1133.00,16.26,356.47,0.017098,0.001065,5.2536,16.2638
500,20251,ME/EKJ/78O14/2015/44,Meghalaya,East Khasi Hills,NA,Umj jew- Lumpyngrope approach road,25.599762,91.860814,Debris,Slide,NA,1298.00,16.18,208.62,-0.006017,0.005966,5.2588,16.1806
500,20252,ME/EKJ/78O14/2015/45,Meghalaya,East Khasi Hills,NA,Umj jew- Lumpyngrope approach road,25.599815,91.860028,Debris,Slide,NA,1292.00,23.26,171.00,-0.010574,0.000346,5.5590,47.9366
500,20253,MG/WKH/78O02/2017/69,Meghalaya,West Khasi Hills,0.7 km NW of Umjaru,NH44E,25.599817,91.176394,Debris,Slide,NA,1096.00,14.69,328.00,-0.000994,0.000236,4.6669,7.3114
500,20254,MG/WGH/78K02/2020/2,Meghalaya,West Garo Hills,Singimari-Tura road subsidence,"SH-2, Meghalaya, 300 m SE of Tiksali",25.6,90.03,Debris,Slide,2019,75.00,8.77,80.96,0.022162,-0.000273,5.1969,4.3035
501,20255,MG/WGH/78K06/2020/2,Meghalaya,West Garo Hills,Rongram-Jengjal road slide 2,"NH-217,Paikan-Tura Dalu Road, Near Rongram bazaar",25.6,90.29,Debris,Slide,NA,601.00,19.34,197.08,-0.004175,0.006099,6.4545,78.3060
501,20256,MG/WKH/78O02/2017/70,Meghalaya,West Khasi Hills,0.6 km NNW of Umjaru,NH44E,25.600736,91.177453,Debris,Slide,NA,1079.00,17.24,339.71,0.004456,0.001738,5.5970,25.9594
501,20257,MG/WKH/78O02/2017/1,Meghalaya,West Khasi Hills,Rwiang,NH44E,25.602683,91.180708,Debris,Slide,NA,1060.00,22.11,347.25,0.002510,-0.003115,4.9222,22.6531
501,20258,ME/EKJ/78O15/2015/142,Meghalaya,East Khasi Hills,NA,Umj jew- Lumpyngrope approach road,25.60339,91.856222,Rock,Slide,NA,1245.00,30.81,344.30,-0.014391,-0.007556,5.6369,99.7655
501,20259,MG/WKH/78O02/2017/63,Meghalaya,West Khasi Hills,2.5 km W of Rwiang,NH44E Umshinrut road,25.606189,91.157706,Debris,Slide,NA,1170.00,8.58,47.96,0.009555,-0.002173,7.0110,25.2480
501,20260,ME/EKJ/78O14/2015/47,Meghalaya,East Khasi Hills,NA,Umj jew- Lumpyngrope approach road,25.606193,91.856276,Rock,Slide,NA,1193.00,31.02,343.99,0.003828,0.000828,4.5298,33.5396
501,20261,MG/WKH/78O02/2017/10,Meghalaya,West Khasi Hills,0.5 km NW of Rwiang,NH44E,25.606969,91.176158,Debris,Slide,NA,1131.00,20.81,180.00,0.003384,-0.000854,5.6820,42.3837
501,20262,MG/WKH/78O02/2017/68,Meghalaya,West Khasi Hills,2.7 km W of Rwiang,NH44E Umshinrut road,25.607458,91.157039,Debris,Slide,NA,1184.00,18.28,222.74,0.004959,-0.000507,5.5346,27.6269
501,20263,MG/WKH/78O02/2017/11,Meghalaya,West Khasi Hills,0.7 km NW of Rwaing,NH44E,25.607567,91.174906,Debris,Slide,NA,1145.00,18.86,200.76,-0.003499,-0.001850,6.1942,57.1389
501,20264,MG/WGH/78K06/2020/1,Meghalaya,West Garo Hills,Rongram-Jengjal road slide 1,"NH-217,Paikan-Tura Dalu Road",25.61,90.29,Debris,Slide,2019,565.00,9.89,184.42,-0.012804,0.001675,5.7679,9.7229
501,20265,MG/WGH/78K06/2020/3,Meghalaya,West Garo Hills,Rongram-Jengjal road slide 3,"NH-217,Paikan-Tura Dalu Road",25.61,90.29,Debris,Slide,NA,565.00,9.89,184.42,-0.012804,0.001675,5.7679,9.7229
501,20266,MG/WGH/78K06/2020/4,Meghalaya,West Garo Hills,Rongram-Jengjal road slide 4,"NH-217,Paikan-Tura Dalu Road",25.61,90.29,Debris,Slide,2019,565.00,9.89,184.42,-0.012804,0.001675,5.7679,9.7229
501,20267,MG/WGH/78K06/2020/5,Meghalaya,West Garo Hills,Rongram-Jengjal road slide 5,"NH-217,Paikan-Tura Dalu Road",25.61,90.29,Debris,Slide,NA,565.00,9.89,184.42,-0.012804,0.001675,5.7679,9.7229
501,20268,MG/WGH/78K06/2020/6,Meghalaya,West Garo Hills,Rongram-Jengjal road slide 6,"NH-217,Paikan-Tura Dalu Road",25.61,90.3,Debris,Slide,NA,692.00,11.89,321.89,-0.013322,-0.004601,6.9651,46.9886
501,20269,MG/WGH/78K06/2020/7,Meghalaya,West Garo Hills,Rongram-Jengjal road slide 7,"NH-217,Paikan-Tura Dalu Road",25.61,90.31,Debris,Slide,NA,671.00,5.17,312.04,0.028667,0.001094,5.7300,2.5248
501,20270,MG/WKH/78O02/2017/98,Meghalaya,West Khasi Hills,0.6 km NE of Langumshing,NH44E,25.611361,91.022019,Debris,Slide,NA,938.00,15.13,234.33,-0.017388,-0.007417,6.4277,45.2356
501,20271,MG/WJH/83C06/2018/7,Meghalaya,West Jaintia hills,Barato slide,2 km North of Barato,25.611931,92.452931,Debris,Slide,NA,993.00,10.93,273.60,-0.016692,0.002517,6.9183,37.6994
501,20272,ME/EKJ/78O14/2015/33,Meghalaya,East Khasi Hills,NA,Old shillong -Guwahati road,25.612528,91.870861,Earth,Slide,NA,1328.00,23.71,298.60,0.005605,-0.002074,4.8442,24.4881
501,20273,MG/WKH/78O02/2017/71,Meghalaya,West Khasi Hills,Mawruksoin,NH44E,25.612794,91.173697,Debris,Slide,NA,1157.00,13.49,256.35,0.000725,-0.006073,5.4488,13.3776
501,20274,ME/EKJ/78O15/2015/78,Meghalaya,East Khasi Hills,NA,Old shillong -Guwahati road,25.613583,91.871778,Earth,Slide,NA,1317.00,17.34,317.56,-0.028528,-0.006734,8.5174,487.5347
501,20275,ME/EKJ/78O14/2015/34,Meghalaya,East Khasi Hills,NA,Old shillong -Guwahati road,25.613917,91.868639,Earth,Slide,NA,1282.00,29.59,343.96,-0.001540,0.001105,4.9926,47.4993
501,20276,ME/EKJ/78O14/2015/35,Meghalaya,East Khasi Hills,NA,Old shillong -Guwahati road,25.614112,91.869632,Earth,Slide,NA,1291.00,22.43,334.26,-0.003111,0.003682,4.9058,23.0247
501,20277,ME/EKJ/78O14/2015/36,Meghalaya,East Khasi Hills,NA,Old shillong -Guwahati road,25.614537,91.87005,Earth,Slide,NA,1285.00,23.75,323.05,-0.007758,-0.000157,4.8420,24.5400
501,20278,ME/EKJ/78O14/2015/38,Meghalaya,East Khasi Hills,NA,Old shillong -Guwahati road,25.614657,91.870692,Earth,Slide,NA,1289.00,25.64,343.73,0.017618,0.003289,4.0619,13.3856
501,20279,ME/EKJ/78O14/2015/37,Meghalaya,East Khasi Hills,NA,Old shillong -Guwahati road,25.614664,91.870266,Earth,Slide,NA,1282.00,24.75,330.26,0.005436,-0.001093,5.2012,38.5543
501,20280,ME/EKJ/78O14/2015/39,Meghalaya,East Khasi Hills,NA,Old shillong -Guwahati road,25.614807,91.871158,Earth,Slide,NA,1294.00,27.45,340.33,-0.006941,-0.000177,5.0816,43.4508
501,20281,ME/EKJ/78O14/2015/40,Meghalaya,East Khasi Hills,NA,Old shillong -Guwahati road,25.614912,91.871711,Earth,Slide,NA,1279.00,32.59,357.59,-0.010136,-0.003724,4.8741,53.4743
501,20282,MG/WKH/78O06/2017/4,Meghalaya,South West Khasi Hills,Mawphynsiar slide,Rambrai Road,25.615092,91.309872,Debris,Slide,NA,1423.00,17.90,293.61,0.017427,0.000972,4.4584,9.0040
501,20283,ME/EKJ/78O14/2015/41,Meghalaya,East Khasi Hills,NA,Old shillong -Guwahati road,25.615134,91.872232,Debris,Slide,NA,1292.00,32.27,321.34,-0.013431,0.001189,5.3970,88.0477
501,20284,ME/EKJ/78O14/2015/17,Meghalaya,East Khasi Hills,NA,NH-40,25.616596,91.876562,Earth,Slide,2015,1337.00,19.39,83.41,-0.001079,0.001398,5.4707,29.4448
501,20285,ME/EKJ/78O14/2015/42,Meghalaya,East Khasi Hills,NA,Old shillong -Guwahati road,25.617787,91.872745,Debris,Slide,NA,1254.00,27.50,272.67,-0.000627,-0.000670,5.3670,58.0630
501,20286,MG/WKH/78O02/2017/8,Meghalaya,West Khasi Hills,1 km E of Mawruksoin,Riwang Langpih road,25.618994,91.185681,Debris,Slide,NA,1159.00,16.98,93.04,0.002825,0.001286,5.6131,25.5358
501,20287,MEG/WKH/78O10/2016/28,Meghalaya,West Khasi Hills,MairangNongkhlaw R.S4,"MairangNongkhlaw road, about 0.5 km NW of Nongrmai village",25.619625,91.616567,Earth,Slide,2016,1506.00,16.11,263.57,0.021851,-0.001171,4.5702,8.0507
501,20288,ME/EKJ/78O14/2015/43,Meghalaya,East Khasi Hills,NA,Old shillong -Guwahati road,25.619861,91.875111,Debris,Slide,NA,1233.00,29.41,282.00,0.012932,0.002412,3.9011,15.7186
501,20289,MG/WGH/78K06/2020/8,Meghalaya,West Garo Hills,NA,NA,25.62,90.33,Debris,Slide,NA,681.00,4.37,241.59,0.019681,-0.000217,5.8990,2.1318
501,20290,MEG/EKH/78O14/2020-21/1,Meghalaya,East Khasi Hills,NA,NA,25.62,91.88272222,Soil,Slide,2013,1266.00,11.38,101.58,-0.018187,-0.002915,7.6387,84.2145
501,20291,MEG/WKH/78O10/2016/27,Meghalaya,West Khasi Hills,MairangNongkhlaw R.S3,"MairangNongkhlaw road, about 1 km NW of Nongrmai village",25.620361,91.617083,Earth,Slide,2016,1502.00,19.55,321.78,-0.000522,-0.002672,5.0566,19.7987
501,20292,MG/WKH/78O02/2017/12,Meghalaya,West Khasi Hills,1.1 km NNW of Mawruksoin,NH44E,25.624778,91.16775,Debris,Slide,NA,1239.00,13.42,178.92,-0.026812,0.003817,9.8791,1110.6854
502,20293,MEG/EKH/78O14/2024/01,Meghalaya,East Khasi Hills,NA,NA,25.6251,91.9118,Slope cut debris (weathered quartzite),Slide,27 May 2024,1355.00,8.22,314.42,0.009425,0.002970,5.2632,4.0255
502,20294,MG/WKH/78K14/2018/6,Meghalaya,West Khasi Hills,North of Ginulgithim,NA,25.625142,90.791675,Soil,Slide,2018,441.00,7.09,256.84,-0.007610,-0.003082,6.1060,6.9320
502,20295,MG/WKH/78O02/2017/9,Meghalaya,West Khasi Hills,1.2 km NE of Mawruksoin,Riwang Langpih road,25.625331,91.182614,Debris,Slide,2017,1176.00,23.77,24.67,0.007737,0.000715,4.1480,12.2785
502,20296,MEGH/EKH/78O14/2007/D-24,Meghalaya,East Khasi Hills,Mawiong slide,NA,25.626417,91.887028,Debris,Slide,NA,1261.00,11.42,120.03,-0.006019,0.001372,6.7194,33.7841
502,20297,MG/WKH/78O02/2017/72,Meghalaya,West Khasi Hills,1.4 km E of Patharkhnang,NH44E,25.626767,91.165211,Debris,Slide,NA,1256.00,24.61,261.37,-0.000690,-0.001696,5.2074,38.3087
502,20298,ME/EKJ/78O14/2015/01,Meghalaya,East Khasi Hills,NA,Lum- Diengei Rd,25.626794,91.829725,Rock,Slide,NA,1443.00,20.94,129.34,0.014485,0.002429,5.6750,42.6690
502,20299,ME/EKJ/78O14/2015/48,Meghalaya,East Khasi Hills,NA,old shillong -guwahati road,25.627946,91.876487,Debris,Slide,NA,1164.00,25.09,290.20,-0.003278,-0.003459,6.0327,91.3723
502,20300,MG/WKH/78O02/2017/97,Meghalaya,West Khasi Hills,0.7 km S of Umdein,NH44E,25.628361,91.037139,Debris,Slide,NA,929.00,17.87,289.02,0.004265,-0.000492,4.4596,8.9909
502,20301,MG/WKH/78O02/2017/73,Meghalaya,West Khasi Hills,1.3 km E of Patharkhnang,NH44E,25.628758,91.164169,Debris,Slide,NA,1251.00,18.51,254.60,0.002287,0.001336,5.5206,28.0059
502,20302,MG/WKH/78O02/2017/96,Meghalaya,West Khasi Hills,0.6 km S of Umdein,NH44E,25.629003,91.037664,Debris,Slide,NA,938.00,25.50,312.04,0.013911,0.004051,5.1669,39.8884
502,20303,MG/WKH/78O02/2017/28,Meghalaya,West Khasi Hills,1.3 km NE of Patharkhnang,NH44E,25.629683,91.163172,Debris,Slide,NA,1239.00,15.51,249.54,-0.025187,-0.006986,6.5555,54.1669
502,20304,MG/WGH/78K06/2020/9,Meghalaya,West Garo Hills,Rongram-Jengjal road slide 9,"NH-217,Paikan-Tura Dalu Road",25.63,90.33,Debris,Slide,NA,650.00,4.89,211.64,-0.047683,-0.004163,8.3525,30.9765
502,20305,MG/WGH/78K06/2020/10,Meghalaya,West Garo Hills,Rongram-Jengjal road slide 10,"NH-217,Paikan-Tura Dalu Road",25.63,90.33,Rock,Slide,NA,650.00,4.89,211.64,-0.047683,-0.004163,8.3525,30.9765
502,20306,ME/EKJ/78O14/2015/49,Meghalaya,East Khasi Hills,NA,old shillong -guwahati road,25.630652,91.87886,Debris,Slide,NA,1148.00,24.81,258.40,-0.006796,-0.003665,7.7370,489.7574
502,20307,MG/WKH/78O02/2017/27,Meghalaya,West Khasi Hills,1.5 km NE of Patharkhnang,NH44E,25.632286,91.162786,Debris,Slide,NA,1257.00,16.04,210.97,-0.013793,-0.004547,5.6728,24.0517
502,20308,ME/EKJ/78O14/2015/19,Meghalaya,East Khasi Hills,NA,NH-40,25.633896,91.891833,Debris,Slide,2015,1231.00,16.95,103.81,0.006125,0.000408,5.2093,16.9915
502,20309,MG/EGH/78K14/2018/5,Meghalaya,East Garo hills,East of Achengbok,NULL,25.635556,90.807778,Soil,Slide,NA,444.00,11.88,320.24,-0.020111,-0.003348,7.2848,64.5007
502,20310,MG/WKH/78O02/2017/26,Meghalaya,West Khasi Hills,3 km SE of Seinduli,NH44E,25.636747,91.162711,Rock,Slide,2017,1267.00,9.77,278.10,0.031958,0.002204,5.0875,4.7979
502,20311,ME/EKJ/78O14/2015/03,Meghalaya,East Khasi Hills,NA,Lum- Diengei Rd,25.636913,91.843235,Debris,Slide,NA,1256.00,22.35,346.76,0.007599,-0.003745,5.8261,57.3069
502,20312,ME/EKJ/78O14/2015/02,Meghalaya,East Khasi Hills,NA,Lum- Diengei Rd,25.637026,91.844464,Debris,Slide,2015,1273.00,25.46,339.03,0.000311,0.002970,4.7629,26.5505
502,20313,ME/EKJ/78O14/2015/29,Meghalaya,East Khasi Hills,NA,Mawatawar- Bhoilymbong Rd,25.637189,91.93345,Debris,Slide,NA,1324.00,27.15,31.64,0.000292,-0.003392,4.6888,28.5924
502,20314,ME/EKJ/78O14/2015/04,Meghalaya,East Khasi Hills,NA,Lum- Diengei Rd,25.637274,91.844234,Debris,Slide,NA,1251.00,29.71,341.68,-0.001457,-0.000456,5.4983,79.5361
502,20315,ME/EKJ/78O14/2015/31,Meghalaya,East Khasi Hills,NA,Mawatawar- Bhoilymbong Rd,25.637365,91.932235,Debris,Slide,NA,1299.00,28.37,334.94,-0.001107,-0.001018,4.6373,30.1051
502,20316,ME/EKJ/78O14/2015/30,Meghalaya,East Khasi Hills,NA,Mawatawar- Bhoilymbong Rd,25.637779,91.932565,Debris,Slide,NA,1293.00,25.51,334.99,0.013830,0.000469,4.0675,13.3057
502,20317,MG/WKH/78O02/2017/95,Meghalaya,West Khasi Hills,1 km NE of Umdein,NH44E,25.639417,91.044806,Debris,Slide,NA,926.00,11.36,128.61,-0.013443,-0.001625,5.6263,11.1973
502,20318,ME/EKJ/78O14/2015/05,Meghalaya,East Khasi Hills,NA,Lum- Diengei Rd,25.640264,91.848588,Rock,Slide,NA,1203.00,33.27,329.62,0.005047,0.005071,4.4425,36.5770
502,20319,ME/EKJ/78O14/2015/51,Meghalaya,East Khasi Hills,NA,NH-40,25.641194,91.890667,Debris,Slide,NA,1178.00,23.88,347.72,-0.003741,-0.005499,4.8359,24.6806
502,20320,ME/EKJ/78O14/2015/06,Meghalaya,East Khasi Hills,NA,Lum- Diengei Rd,25.641388,91.854928,Rock,Slide,NA,1154.00,31.26,352.79,0.009917,0.002218,5.2131,67.6990
502,20321,ME/EKJ/78O14/2015/07,Meghalaya,East Khasi Hills,NA,Lum- Diengei Rd,25.64213,91.851852,Debris,Slide,NA,1104.00,21.23,11.99,-0.001633,0.006248,7.4088,249.0697
502,20322,ME/EKJ/78O14/2015/08,Meghalaya,East Khasi Hills,NA,Lum- Diengei Rd,25.642198,91.851055,Debris,Slide,NA,1109.00,25.36,3.80,0.000081,-0.000028,7.2524,317.1275
502,20323,MG/WKH/78O02/2017/74,Meghalaya,West Khasi Hills,1.7 km SE of Tumtum,NH44E,25.643494,91.159222,Debris,Slide,NA,1214.00,14.91,229.26,0.007539,-0.001812,5.7494,22.2729
502,20324,ME/EKJ/78O14/2015/20,Meghalaya,East Khasi Hills,NA,NH-40,25.643591,91.890859,Debris,Slide,NA,1173.00,11.15,125.04,0.003337,0.005532,4.9515,5.4960
502,20325,ME/EKJ/78O14/2015/50,Meghalaya,East Khasi Hills,NA,NA,25.64366,91.899342,Rock,Slide,NA,1060.00,22.85,66.24,-0.011339,-0.001549,8.6229,986.6434
502,20326,MG/WKH/78O02/2017/75,Meghalaya,West Khasi Hills,1.6 km SE of Tumtum,NH44E,25.644222,91.158528,Debris,Slide,NA,1205.00,15.97,241.31,-0.005622,-0.000428,5.6772,23.9398
502,20327,MG/WKH/78O02/2017/82,Meghalaya,West Khasi Hills,1.1 km NW of Sinduli,NH44E,25.644833,91.134778,Debris,Slide,NA,1218.00,16.02,268.39,0.003860,-0.002341,5.9620,32.0127
502,20328,MG/WKH/78O02/2017/76,Meghalaya,West Khasi Hills,1.5 km E of Tumtum,NH44E,25.644944,91.158153,Debris,Slide,NA,1201.00,15.07,248.88,-0.000414,-0.003376,6.5860,52.5300
502,20329,ME/EKH/83C03/2015/184,Meghalaya,East Khasi Hills,NA,NA,25.64575,92.071167,Debris,Slide,NA,859.00,16.04,86.78,0.011830,0.003194,5.2676,16.0254
502,20330,MG/WKH/78O02/2017/77,Meghalaya,West Khasi Hills,1.4 km E of Tumtum,NH44E,25.6466,91.157592,Debris,Slide,NA,1197.00,24.03,250.95,-0.007521,-0.001980,5.7448,62.1528
502,20331,MG/WKH/78O02/2017/94,Meghalaya,West Khasi Hills,1.3 km E of porshieh,NH44E,25.647514,91.055144,Soil,Slide,NA,975.00,23.45,332.28,-0.005380,0.000436,4.8560,24.1858
502,20332,MEG/EKH/78O10/2021/03,Meghalaya,East Khasi Hills,NA,NA,25.64906111,91.89733611,Rock,Slide,August 2019 & July 2020,1096.00,21.31,199.47,0.013001,-0.000980,4.2689,10.8760
502,20333,MEG/EKH/78O14/2021/02,Meghalaya,East Khasi Hills,NA,NA,25.64908889,91.899,Debris,Slide,July 2020,1091.00,24.88,151.71,0.000427,0.000453,4.7895,25.8489
502,20334,ME/EKJ/78O14/2015/21,Meghalaya,East Khasi Hills,NA,NH-40,25.649222,91.899,Debris,Slide,NA,1091.00,24.88,151.71,0.000427,0.000453,4.7895,25.8489
502,20335,MG/WKH/78O02/2017/78,Meghalaya,West Khasi Hills,1.3 km SE of Seinduli,NH44E,25.649856,91.154383,Debris,Slide,NA,1161.00,6.64,193.37,0.010577,-0.007356,7.6762,29.1871
503,20336,MG/WGH/78K06/2020/11,Meghalaya,West Garo Hills,Jengjal-Addingre-Williamnagar road slide1,"NH-217,Paikan-Tura Dalu Road",25.65,90.38,Debris,Slide,2019,500.00,5.95,115.28,0.002933,-0.002359,5.5897,2.9029
503,20337,MG/WGH/78K06/2020/12,Meghalaya,West Garo Hills,Jengjal-Addingre-Williamnagar road slide2,"NH-217,Paikan-Tura Dalu Road",25.65,90.38,Debris,Slide,NA,500.00,5.95,115.28,0.002933,-0.002359,5.5897,2.9029
503,20338,MG/WGH/78K06/2020/13,Meghalaya,West Garo Hills,Jengjal-Addingre-Williamnagar road slide3,"NH-217,Paikan-Tura Dalu Road",25.65,90.38,Debris,Slide,NA,500.00,5.95,115.28,0.002933,-0.002359,5.5897,2.9029
503,20339,MEG/EKH/78O14/2021/01,Meghalaya,East Khasi Hills,NA,NA,25.65060556,91.89945278,Debris,Slide,August 2019.August 2020.,1111.00,16.40,43.29,0.006372,0.001612,5.2440,16.4081
503,20340,ME/EKH/83C02/2015/163,Meghalaya,East Khasi Hills,NA,NH-44,25.653181,92.041194,Debris,Slide,NA,957.00,13.64,14.99,0.016585,0.010850,4.7435,6.7656
503,20341,ME/EKJ/78O14/2015/22,Meghalaya,East Khasi Hills,NA,NH-40,25.654639,91.898222,Debris,Slide,NA,994.00,28.34,76.57,-0.008055,0.002030,5.0435,45.1090
503,20342,ME/EKJ/78O14/2015/32,Meghalaya,East Khasi Hills,NA,Mawatawar- Bhoilymbong Rd,25.656408,91.900528,Debris,Slide,NA,947.00,14.93,299.02,-0.008518,0.000888,8.6748,416.2520
503,20343,MG/WKH/78O02/2017/79,Meghalaya,West Khasi Hills,Seinduli,NH44E,25.657083,91.147397,Soil,Slide,NA,1160.00,6.88,216.49,0.003064,-0.002409,5.4424,3.3634
503,20344,MG/WKH/78O02/2017/64,Meghalaya,West Khasi Hills,Siangra,Riwang Langpih road,25.65835,91.177014,Debris,Slide,NA,1156.00,16.49,268.44,0.003422,0.000029,6.3365,49.5185
503,20345,MG/WKH/78O02/2017/80,Meghalaya,West Khasi Hills,0.7 km NNW of Seinduli,NH44E,25.660275,91.144308,Soil,Slide,NA,1177.00,8.62,246.44,0.008364,0.000018,5.2137,4.2275
503,20346,MEG/WKH/78O10/2016/26,Meghalaya,West Khasi Hills,MairangNongkhlaw R.S2,"MairangNongkhlaw road, about 3 km NE of Nongthymmai village",25.660333,91.635083,Earth,Slide,2016,1396.00,10.28,11.40,0.000676,0.002872,6.4207,20.2297
503,20347,MEG/WKH/78O10/2016/25,Meghalaya,West Khasi Hills,MairangNongkhlaw R.S1,"MairangNongkhlaw road, about 3 km NE of Nongthymmai village",25.660539,91.635431,Earth,Slide,2016,1389.00,9.24,14.36,0.029846,0.003065,5.1432,4.5359
503,20348,MG/WKH/78O02/2017/81,Meghalaya,West Khasi Hills,0.8 km NNW of Seinduli,NH44E,25.660825,91.143689,Soil,Slide,NA,1162.00,12.60,241.96,-0.002326,-0.002134,4.8257,6.2315
503,20349,MG/WKH/78O02/2017/83,Meghalaya,West Khasi Hills,1.2 km NW of Sinduli,NH44E,25.663303,91.1347,Debris,Slide,NA,1128.00,27.37,299.98,0.005046,-0.000196,4.6790,28.8615
503,20350,MEG/RB/78O14/2017/01,Meghalaya,Ri-Bhoi,Tharia slide,Tharia village,25.663444,91.915944,Debris,Slide,17 June 2017,948.00,16.95,165.51,0.012061,0.002909,4.5158,8.4949
503,20351,MG/WKH/78O02/2017/44,Meghalaya,West Khasi Hills,1.8 km SW of Porla,NH44E,25.664111,91.089556,Debris,Slide,NA,914.00,26.94,301.13,0.005198,-0.002214,4.6976,28.3301
503,20352,MG/WKH/78O02/2017/91,Meghalaya,West Khasi Hills,1.6 km SW of Porla,NH44E,25.6655,91.090556,Debris,Slide,NA,936.00,16.98,273.03,-0.006227,-0.000166,7.6918,204.2865
503,20353,MG/WKH/78O02/2017/43,Meghalaya,West Khasi Hills,1.5 km SW of Porla,NH44E,25.666028,91.091167,Debris,Slide,NA,946.00,21.44,290.49,-0.002012,-0.004749,4.9557,21.8848
503,20354,MG/WKH/78O02/2017/84,Meghalaya,West Khasi Hills,Mawthylliang,NH44E,25.66675,91.121472,Debris,Slide,NA,1050.00,10.21,222.23,-0.014261,-0.005756,7.5264,60.2563
503,20355,MG/WKH/78O02/2017/41,Meghalaya,West Khasi Hills,1.3 km SW of Porla,NH44E,25.667072,91.091972,Debris,Slide,2017,969.00,21.24,301.34,0.021649,0.000810,4.2728,10.8303
503,20356,MG/WKH/78O02/2017/42,Meghalaya,West Khasi Hills,1.2 km SSW of Porla,NH44E,25.667417,91.092333,Debris,Slide,NA,959.00,20.79,294.54,-0.014811,-0.002440,7.3407,222.1910
503,20357,MG/WKH/78O02/2017/92,Meghalaya,West Khasi Hills,Riando petrolpump slide,NH44E,25.667472,91.066778,Debris,Slide,NA,1010.00,27.58,3.45,-0.012869,0.000927,5.0755,43.6805
503,20358,MG/WKH/78O02/2017/93,Meghalaya,West Khasi Hills,0.3 km W of Riando petrolpump slide,NH44E,25.667597,91.063169,Debris,Slide,NA,983.00,17.92,307.77,0.014203,0.001657,5.8427,36.0539
503,20359,MG/WKH/78O02/2017/45,Meghalaya,West Khasi Hills,0.2 km W of Riando petrolpump slide,NH44E,25.667744,91.597819,Debris,Slide,2017,1280.00,11.55,140.48,-0.019569,-0.001838,6.3016,22.7850
503,20360,MG/WKH/78O02/2017/85,Meghalaya,West Khasi Hills,1.2 km W of Mawthylliang,NH44E,25.668317,91.114858,Debris,Slide,NA,1019.00,12.72,243.40,-0.008255,-0.008426,8.3126,207.5958
503,20361,ME/EKJ/78O14/2015/09,Meghalaya,East Khasi Hills,NA,Near Umsohpho(Bhoitumbong road),25.668469,91.975083,Debris,Slide,NA,1020.00,29.34,324.37,0.007244,0.005244,5.8497,109.6447
503,20362,MG/WKH/78O02/2017/86,Meghalaya,West Khasi Hills,Porla,NH44E,25.669678,91.102908,Debris,Slide,NA,1032.00,24.93,0.55,0.016652,0.008565,4.7866,25.9138
503,20363,MG/WKH/78O02/2017/87,Meghalaya,West Khasi Hills,Porla 1,NH44E,25.66975,91.100222,Debris,Slide,NA,1029.00,29.73,345.91,-0.010120,-0.007965,4.9865,47.7415
503,20364,MG/WGH/78K02/2020/3,Meghalaya,West Garo Hills,Rongram-Dadenggre road slide,"Tura-Rongram-Dadenggre Road, 500 m NW of Rambatgre.",25.67,90.18,Earth,Slide,NA,299.00,17.74,350.31,-0.008747,-0.008844,5.8537,35.6593
503,20365,MG/WKH/78O02/2017/40,Meghalaya,West Khasi Hills,1 km NW of Porla,NH44E,25.670083,91.094806,Debris,Slide,NA,986.00,28.09,297.03,-0.012966,-0.001325,6.4404,178.4965
503,20366,MG/WKH/78O02/2017/90,Meghalaya,West Khasi Hills,1.2 km NW of Porla,NH44E,25.670639,91.09525,Debris,Slide,NA,1004.00,23.80,287.06,-0.004084,0.000763,6.7112,159.7784
503,20367,MG/WKH/78O02/2017/65,Meghalaya,West Khasi Hills,1.5 km N of Siangra,Riwang Langpih road,25.671125,91.178883,Soil,Slide,NA,1101.00,15.88,339.70,0.006636,-0.001680,5.2779,15.8558
503,20368,MG/WKH/78O02/2017/89,Meghalaya,West Khasi Hills,0.9 km NW of Porla,NH44E,25.6715,91.095233,Debris,Slide,NA,989.00,20.24,298.85,-0.002613,-0.007113,5.7117,41.0995
503,20369,MG/WKH/78O02/2017/108,Meghalaya,West Khasi Hills,Tynrong Riangkhon,Riangdo Mawtynrong road,25.671583,91.040889,Soil,Slide,NA,959.00,10.86,338.03,-0.009113,-0.004975,6.3652,21.3814
503,20370,MG/WKH/78O02/2017/88,Meghalaya,West Khasi Hills,0.8 km NW of Porla,NH44E,25.671944,91.096139,Debris,Slide,NA,998.00,18.90,317.06,-0.008284,-0.002436,5.4980,28.6245
503,20371,MG/WKH/78O02/2017/99,Meghalaya,West Khasi Hills,Riangdo,NH44E,25.672167,91.066028,Debris,Slide,NA,971.00,14.97,57.02,-0.008144,-0.000141,5.3399,14.9013
503,20372,MG/WKH/78O02/2017/100,Meghalaya,West Khasi Hills,Riangdo 1,NH44E,25.672917,91.06475,Debris,Slide,NA,990.00,8.45,69.30,0.021836,0.002153,5.2338,4.1425
503,20373,ME/EKH/83C02/2015/159,Meghalaya,East Khasi Hills,NA,NA,25.674,92.157667,Earth,Slide,NA,807.00,6.16,265.70,-0.029638,0.001326,9.3378,132.3718
504,20374,ME/EKH/83C02/2015/158,Meghalaya,East Khasi Hills,NA,NA,25.676,92.157917,Earth,Slide,NA,838.00,14.22,193.30,0.017875,0.003203,4.7003,7.0616
504,20375,MG/WKH/78O02/2017/101,Meghalaya,West Khasi Hills,Mawthengkut,Riangdo Mawthengkut road,25.678306,91.07975,Debris,Slide,NA,988.00,13.01,309.05,-0.001693,-0.001053,5.4859,12.8760
504,20376,MEGH/WKH/78O02/2007/D-1,Meghalaya,West Khasi Hills,Nongjri (Porthangjah) slide,NA,25.68625,91.118358,Debris,Fall,15 September 2007,1057.00,21.16,330.11,0.004938,0.006869,4.9699,21.5693
504,20377,MEG/WKH/78O10/2016/51,Meghalaya,West Khasi Hills,NA,NongkhlawPatharkhammah road,25.687056,91.6485,Debris,Slide,15 September 2007,1139.00,26.67,59.00,-0.007818,-0.001101,6.2131,125.9921
504,20378,MEG/WKH/78O10/2016/16,Meghalaya,West Khasi Hills,NongkhlawPatharkhamma R.S4,NongkhlawPatharkhammah road,25.687083,91.650858,Debris,Slide,2016,1111.00,21.93,332.09,-0.011749,-0.001109,7.8750,426.2586
504,20379,MEG/WKH/78O10/2016/15,Meghalaya,West Khasi Hills,NongkhlawPatharkhamma R.S3,NongkhlawPatharkhammah road,25.687314,91.655378,Debris,Slide,2016,1075.00,28.33,34.45,0.001241,0.001135,5.0436,45.0789
504,20380,MEG/WKH/78O10/2016/17,Meghalaya,West Khasi Hills,NongkhlawPatharkhamma R.S5,NongkhlawPatharkhammah road,25.687431,91.648322,Debris,Slide,2016,1133.00,31.21,53.09,-0.011834,-0.002614,6.6617,287.0096
504,20381,MEG/WKH/78O10/2016/14,Meghalaya,West Khasi Hills,NongkhlawPatharkhamma R.S2,NongkhlawPatharkhammah road,25.687442,91.656183,Debris,Slide,2016,1045.00,22.85,340.08,-0.025160,-0.005684,8.1990,645.7933
504,20382,MEG/WKH/78O10/2016/18,Meghalaya,West Khasi Hills,NongkhlawPatharkhamma R.S6,NongkhlawPatharkhammah road,25.687856,91.647944,Debris,Slide,2016,1142.00,35.82,66.91,0.003648,0.001643,6.6981,422.3177
504,20383,MEG/WKH/78O10/2016/13,Meghalaya,West Khasi Hills,NongkhlawPatharkhamma R.S1,NongkhlawPatharkhammah road,25.688011,91.658069,Debris,Slide,2016,1032.00,25.91,356.82,0.000555,0.002848,7.6869,514.4556
504,20384,MG/WKH/78O02/2017/102,Meghalaya,West Khasi Hills,Nongprut,Riangdo Boko road,25.690833,91.056556,Debris,Slide,NA,923.00,12.28,144.77,-0.009654,-0.001192,5.5450,12.1351
504,20385,MG/WKH/78O02/2017/103,Meghalaya,West Khasi Hills,0.5 km E of Nongprut,Riangdo Boko road,25.691444,91.057,Debris,Slide,NA,927.00,11.43,86.56,0.025891,-0.002432,4.9257,5.6351
504,20386,MEG/WKH/78O10/2016/19,Meghalaya,West Khasi Hills,NA,NongkhlawPatharkhammah road,25.691453,91.645731,Debris,Slide,2016,1273.00,41.23,93.44,0.002672,0.001982,5.4053,170.9326
504,20387,MEG/WKH/78O10/2016/21,Meghalaya,West Khasi Hills,NongkhlawPatharkhamma R.S8,NongkhlawPatharkhammah road,25.692933,91.647703,Debris,Slide,2016,1196.00,30.25,90.00,0.016140,0.000830,4.9653,48.7500
504,20388,MEG/WKH/78O10/2016/20,Meghalaya,West Khasi Hills,NongkhlawPatharkhamma R.S7,NongkhlawPatharkhammah road,25.692947,91.648044,Debris,Slide,2016,1179.00,23.54,92.66,0.006827,-0.007814,5.5447,48.5523
504,20389,MG/WKH/78O02/2017/104,Meghalaya,West Khasi Hills,0.6 km E of Nongprut,Riangdo Boko road,25.693222,91.0555,Soil,Slide,NA,926.00,17.05,245.06,0.019059,0.003751,4.5091,8.5472
504,20390,MEGH/WKH/78O02/2007/D-2,Meghalaya,West Khasi Hills,Tynrong Mawsaw slide,NA,25.69483,91.11836,Debris,Slide,15 September 2007,1095.00,15.15,300.51,-0.010010,0.000051,6.2433,37.7217
504,20391,ME/EKJ/78O14/2015/23,Meghalaya,East Khasi Hills,NA,NH-40,25.695552,91.903777,Debris,Slide,15 September 2007,879.00,30.36,55.05,-0.003204,-0.004432,4.5555,32.6371
504,20392,MEG/WKH/78O10/2016/22,Meghalaya,West Khasi Hills,NongkhlawPatharkhamma R.S9,NongkhlawPatharkhammah road,25.696489,91.644528,Debris,Slide,2016,1244.00,26.81,134.75,-0.000084,0.004092,5.6193,70.4007
504,20393,ME/EKH/83C02/2015/156,Meghalaya,East Khasi Hills,NA,Khyndawsao,25.696556,92.109694,Debris,Fall,NA,839.00,4.44,339.70,-0.006490,-0.004923,6.5769,4.3235
504,20394,MG/WKH/78O02/2017/66,Meghalaya,West Khasi Hills,Nonglang,Riwang Langpih road,25.698111,91.18275,Soil,Slide,NA,1105.00,23.22,324.15,-0.001228,-0.001779,4.8670,23.9025
504,20395,MG/WKH/78O02/2017/105,Meghalaya,West Khasi Hills,1.1 km NNE of Nongprut,Riangdo Boko road,25.6985,91.056611,Debris,Slide,NA,907.00,8.62,214.22,-0.057437,-0.002088,6.6004,16.8915
504,20396,MG/WKH/78O02/2017/107,Meghalaya,West Khasi Hills,1.1 km N of Nongprut,Riangdo Boko road,25.698667,91.054778,Soil,Slide,NA,865.00,15.94,283.09,-0.016939,-0.002639,9.3080,899.1160
504,20397,MG/WKH/78O02/2017/106,Meghalaya,West Khasi Hills,1.2 km NNE of Nongprut,Riangdo Boko road,25.699306,91.055556,Soil,Slide,NA,887.00,21.14,296.71,0.000070,0.001023,4.9706,21.5498
504,20398,MEG/WKH/78O10/2016/24,Meghalaya,West Khasi Hills,NongkhlawPatharkhamma R.S11,NongkhlawPatharkhammah road about 4 km NE of Nongkhlaw village,25.6999,91.642192,Debris,Slide,2016,1260.00,25.22,300.99,0.007977,0.000674,4.7733,26.2476
504,20399,MEG/WKH/78O10/2016/23,Meghalaya,West Khasi Hills,NongkhlawPatharkhamma R.S10,NongkhlawPatharkhammah road about 5 km NE of Nongkhlaw village,25.700053,91.644486,Debris,Slide,2016,1254.00,34.43,24.76,0.001726,0.001411,4.8034,57.3050
504,20400,ME/EKH/83C02/2015/157,Meghalaya,East Khasi Hills,NA,Khyndawsao,25.704083,92.118833,Earth,Fall,NA,837.00,7.21,106.72,-0.016434,-0.002765,8.4395,74.0028
504,20401,ME/EKJ/78O14/2015/24,Meghalaya,East Khasi Hills,NA,NH-40,25.708426,91.896406,Debris,Slide,NA,891.00,20.64,230.72,0.003158,0.000342,4.9966,20.9925
504,20402,ME/EKJ/78O14/2015/25,Meghalaya,East Khasi Hills,NA,NH-40,25.711032,91.891803,Debris,Slide,NA,834.00,13.52,209.03,0.006146,-0.005203,5.8513,20.0934
504,20403,MG/EGH/78K14/2018/4,Meghalaya,East Garo hills,Southeast of Nongberam,NULL,25.716594,90.822539,Soil,Slide,NA,372.00,16.50,284.22,0.011287,-0.003803,5.6424,24.7585
504,20404,ME/EKH/83C02/2015/162,Meghalaya,East Khasi Hills,NA,NA,25.746722,92.111139,Earth,Slide,NA,898.00,25.70,178.40,-0.002575,-0.000036,6.0042,93.8245
504,20405,ME/EKH/83C02/2015/144,Meghalaya,East Khasi Hills,NA,1 km NE of Umpaitklong,25.746806,92.107806,Earth,Slide,NA,913.00,22.34,203.83,0.008702,-0.003272,4.2161,11.4468
504,20406,ME/EKH/83C02/2015/160,Meghalaya,East Khasi Hills,NA,.6 km N of Umpaitklong,25.747333,92.117333,Earth,Slide,NA,866.00,14.64,192.90,-0.013212,-0.003218,5.3623,14.5538
504,20407,ME/EKH/83C02/2015/161,Meghalaya,East Khasi Hills,NA,NA,25.747597,92.114167,Debris,Slide,NA,893.00,24.27,151.46,0.000462,0.001242,5.7328,62.7981
504,20408,MEG/RIB/83C1/2016/7,Meghalaya,Ri-Bhoi,Mawkynrong,SH,25.75634,92.017832,Rock,Slide,2014,973.00,28.43,140.94,0.007671,0.004025,4.6336,30.1555
505,20409,MEG/RIB/78O13/2016/2,Meghalaya,Ri-Bhoi,47.020 chainage slide,NH6,25.759278,91.882861,Earth,Slide,2015,771.00,10.82,342.22,0.027130,-0.000024,4.9821,5.3203
505,20410,MEG/RIB/78O13/2016/3,Meghalaya,Ri-Bhoi,46.720 chainage slide,NH6,25.760611,91.88225,Earth,Slide,2015,752.00,8.63,129.74,0.033950,0.004048,5.2122,4.2264
505,20411,MEG/WKH/78O10/2016/48,Meghalaya,West Khasi Hills,Ladpanai village slide1,MairangPatharkhamma road 2 km NE of Ladpanai village,25.763347,91.657153,Rock,Slide,2016,849.00,15.23,215.25,0.033511,0.001856,5.3210,15.1627
505,20412,MEG/RIB/83C1/2016/1,Meghalaya,Ri-Bhoi,Khlieh Umlaita,SH,25.776087,92.03754,Debris,Slide,2015,930.00,19.69,105.06,0.012572,-0.005850,5.0472,19.9342
505,20413,MEG/RIB/78O13/2016/4,Meghalaya,Ri-Bhoi,43.030 chainage slide,NH6,25.787,91.876583,Earth,Slide,2015,736.00,12.94,264.96,0.017524,0.005146,4.7969,6.3998
505,20414,MG/WKH/78O1/2020/5,Meghalaya,West Khasi Hills,Nongporuo-NamASoi slide-2,Nongporuo-NamASoi road,25.79,91.02,Debris,Slide,NA,569.00,14.19,292.57,-0.005698,-0.001546,7.0042,70.3892
505,20415,MG/WGH/78K05/2020/1,Meghalaya,West Garo Hills,NH-217 road slide,"NH-217 , Paikan-Tura-Dalu road, near Mendal village",25.79,90.44,Debris,Slide,2019,197.00,11.46,336.51,0.008974,0.003670,4.9223,5.6451
505,20416,MEG/WKH/78O10/2016/50,Meghalaya,West Khasi Hills,NA,NongkhlawPatharkhammah road 1 km SW of Ladpanai vilalge,25.795444,91.662111,Earth,Slide,2016,763.00,14.74,103.33,-0.018007,0.002834,5.7607,21.9668
505,20417,MEG/RIB/83C1/2016/5,Meghalaya,Ri-Bhoi,Umlatara,SH,25.796657,92.143462,Earth,Slide,2015,821.00,25.40,139.27,-0.005058,-0.003216,5.4577,52.8723
505,20418,MG/WKH/78O1/2020/6,Meghalaya,West Khasi Hills,Chitrapul slide,Hahim-Riangdo road,25.8,91.11,Earth,Slide,NA,513.00,20.89,354.60,0.014166,0.006622,4.2896,10.6259
505,20419,MG/WKH/78O1/2020/4,Meghalaya,West Khasi Hills,Nongporuo-NamASoi slide-1,Nongporuo-NamASoi road,25.8,91.01,Debris,Slide,NA,554.00,12.27,283.98,0.012188,-0.000521,4.8521,6.0544
505,20420,MG/WKH/78O1/2020/3,Meghalaya,West Khasi Hills,Malangkona-Nongporuo slide-3,Malangkona-Nongporuo road,25.81,91.02,Earth,Slide,NA,431.00,25.01,103.53,-0.008653,-0.004730,5.6984,64.9273
505,20421,MG/WKH/78O1/2020/8,Meghalaya,West Khasi Hills,Banspani slide,Banspani,25.83,91.14,Earth,Subsidence,NA,384.00,11.53,352.41,-0.002508,-0.002470,5.6094,11.3507
505,20422,MG/WKH/78O1/2020/2,Meghalaya,West Khasi Hills,Malangkona-Nongporuo slide-2,Malangkona-Nongporuo road,25.83,91.05,Debris,Slide,NA,110.00,4.81,136.08,-0.051655,-0.010605,10.2437,199.1406
505,20423,MG/WKH/78O1/2020/1,Meghalaya,West Khasi Hills,Malangkona-Nongporuo slide-1,Malangkona-Nongporuo road,25.83,91.05,Earth,Slide,2019,110.00,4.81,136.08,-0.051655,-0.010605,10.2437,199.1406
505,20424,MG/WKH/78O5/2020/5,Meghalaya,Ri-Bhoi,Belahari slide,Belahari village,25.84,91.47,Earth,Slide,NA,359.00,19.53,31.27,-0.002889,-0.002384,5.4611,29.6165
505,20425,MG/WKH/78O1/2020/7,Meghalaya,West Khasi Hills,Aradonga slide,Hahim-Riangdo road,25.85,91.17,Earth,Slide,NA,78.00,2.48,304.02,0.021752,0.000347,6.4644,1.2065
505,20426,MEG/RIB/78O13/2016/6,Meghalaya,Ri-Bhoi,34.300 chainage slide,NH6,25.852222,91.881361,Earth,Slide,2015,595.00,8.79,260.98,0.000548,-0.003821,5.8858,8.6065
505,20427,MEG/RIB/78O13/2016/5,Meghalaya,Ri-Bhoi,34.190 chainage slide,NH6,25.853111,91.881583,Debris,Slide,2015,596.00,0.81,253.30,-0.382667,0.003782,7.5898,0.3915
505,20428,MEG/RIB/83C1/2016/8,Meghalaya,Ri-Bhoi,Mawpat,SH,25.86575,92.153286,Earth,Slide,2015,674.00,14.95,112.24,0.017544,0.000492,4.6466,7.4278
505,20429,MEG/RIB/78O13/2016/16,Meghalaya,Ri-Bhoi,Umdihar,NH6,25.865894,91.880278,Earth,Slide,2015,550.00,18.31,126.77,0.003499,-0.000306,5.5305,27.6205
505,20430,MEG/RIB/83C1/2016/6,Meghalaya,Ri-Bhoi,Mawkangi,SH,25.874293,92.018322,Debris,Slide,2015,763.00,7.84,121.92,-0.063043,-0.003467,8.7103,114.8686
505,20431,MEG/RIB/78O09/2016/49,Meghalaya,Ri-Bhoi,Patharkhamma village Slide1,Patharkhamma Guwahati road 1 km NW of Patharkhamma village,25.895583,91.599333,Debris,Slide,2016,408.00,26.46,34.05,0.014963,0.003003,4.0236,13.8426
505,20432,MEG/RIB/78O09/2016/47,Meghalaya,Ri-Bhoi,Jirang village slide8,Patharkhamma Guwahati road near New Jirang village,25.913997,91.578903,Debris,Slide,2016,414.00,17.76,36.11,0.010226,-0.000382,5.1573,17.8145
505,20433,MEG/RIB/78O09/2016/46,Meghalaya,Ri-Bhoi,Jirang village slide7,Patharkhamma Guwahati road about 1 km NW of New Jirang village,25.9235,91.574222,Debris,Slide,2016,469.00,15.07,172.32,0.008654,-0.002594,6.0240,29.9478
505,20434,ML/RIB/78O13/2014/10,Meghalaya,Ri-Bhoi,Pamdingoh B,GS road,25.92792,91.87717,Debris,Slide,August-September 2014,591.00,12.56,235.78,-0.002969,-0.003504,5.9252,18.5929
505,20435,MEG/RIB/78O13/2016/7,Meghalaya,Ri-Bhoi,Krosia slide,NH6,25.927972,91.877194,Earth,Slide,2015,591.00,12.56,235.78,-0.002969,-0.003504,5.9252,18.5929
505,20436,MEG/RIB/78O09/2016/45,Meghalaya,Ri-Bhoi,Jirang village slide6,Patharkhamma Guwahati road about 2 km SW of Jirang village,25.930386,91.571822,Earth,Slide,2016,510.00,28.50,260.14,0.007419,0.006081,3.9362,15.0980
505,20437,MEG/RIB/78O09/2016/54,Meghalaya,Ri-Bhoi,UmlingPatharkhamma R.S3,UmlingPatharkhamma road,25.934889,91.714389,Earth,Slide,2016,291.00,17.52,265.59,0.010165,-0.000061,5.5772,26.3279
505,20438,MEG/RIB/78O09/2016/53,Meghalaya,Ri-Bhoi,UmlingPatharkhamma R.S2,UmlingPatharkhamma road,25.935708,91.714556,Earth,Slide,2016,281.00,23.67,289.39,0.009646,0.000958,4.1499,12.1912
505,20439,MEG/RIB/78O09/2016/44,Meghalaya,Ri-Bhoi,Jirang village slide5,Patharkhamma Guwahati road about 1 km NW of Jirang village,25.935833,91.56525,Earth,Slide,2016,486.00,30.40,166.26,0.014420,0.007089,3.8584,16.3167
505,20440,MEG/RIB/78O09/2016/43,Meghalaya,Ri-Bhoi,Jirang village slide4,Patharkhamma Guwahati road about 1 km NW of Jirang village,25.935908,91.564903,Earth,Slide,2016,486.00,27.90,179.51,0.004838,0.002904,5.0596,44.1789
506,20441,MEG/RIB/78O09/2016/42,Meghalaya,Ri-Bhoi,Jirang village slide3,Patharkhamma Guwahati road 1 km NW of Jirang village,25.936583,91.563917,Debris,Slide,2016,474.00,34.06,256.16,0.001051,-0.004081,4.4101,37.5915
506,20442,ML/RIB/78O13/2014/09,Meghalaya,Ri-Bhoi,Pamdingoh A,GS road,25.937,91.87553,Debris,Slide,2014,561.00,13.68,26.30,0.011435,0.002469,4.7380,6.7710
506,20443,MEG/RIB/78O09/2016/41,Meghalaya,Ri-Bhoi,Jirang village slide2,Patharkhamma Guwahati road 1.5 km NW of Jirang village,25.940439,91.563069,Earth,Slide,2016,454.00,18.69,305.84,0.004480,-0.000399,5.1023,18.8125
506,20444,MEG/RIB/78O09/2016/52,Meghalaya,Ri-Bhoi,UmlingPatharkhamma R.S1,UmlingPatharkhamma road,25.940978,91.724644,Earth,Slide,2016,308.00,13.68,230.87,-0.012857,0.004511,5.4315,13.5362
506,20445,MEG/RIB/78O09/2016/40,Meghalaya,Ri-Bhoi,Jirang village slide1,Patharkhamma Guwahati road 2 km NW of Jirang village,25.945225,91.560703,Earth,Slide,2016,396.00,18.62,219.83,0.007500,0.008062,4.4132,9.3675
506,20446,MEG/RIB/78O09/2016/39,Meghalaya,Ri-Bhoi,Paham slide2,Patharkhamma Guwahati road 2 km S of Paham village,25.945619,91.548883,Earth,Slide,2016,227.00,29.16,180.00,-0.004637,-0.003483,5.0075,46.5341
506,20447,MEG/RIB/78O13/2016/17,Meghalaya,Ri-Bhoi,yrn,SH,25.951106,91.968889,Earth,Slide,2015,547.00,21.56,342.11,0.003396,-0.000039,4.2539,10.9842
506,20448,MEG/RIB/78O09/2016/38,Meghalaya,Ri-Bhoi,Paham slide,Patharkhamma Guwahati road 0.5 km S of Paham village,25.9545,91.546622,Debris,Slide,2016,180.00,24.65,272.02,-0.000018,-0.004850,6.1836,102.0634
506,20449,MEG/RIB/78O13/2016/1,Meghalaya,Ri-Bhoi,19.720 km slide,NH6,25.954889,91.858667,Debris,Slide,2016,424.00,19.14,201.27,-0.007106,-0.002957,5.9929,48.2429
506,20450,MEG/RIB/78O13/2016/14,Meghalaya,Ri-Bhoi,Lumjana Slide II,NH6,25.956333,91.85725,Earth,Slide,2015,400.00,10.89,222.66,-0.008479,-0.002417,7.6814,80.2388
506,20451,MEG/RIB/78O13/2016/13,Meghalaya,Ri-Bhoi,Lumjana Slide I,NH6,25.956781,91.852883,Earth,Slide,2015,400.00,20.84,323.81,0.010711,0.000491,5.3895,31.7523
506,20452,ML/RIB/78O13/2014/07,Meghalaya,Ri-Bhoi,Shangbangla,GS road,25.95847,91.85406,Debris,Slide,23 September 2014 at 09.00hrs and 14:30hrs,339.00,12.07,31.71,-0.042027,-0.002535,8.2350,172.4073
506,20453,MEG/RIB/78O13/2016/12,Meghalaya,Ri-Bhoi,Sohpu,NH6,25.958886,91.851242,Earth,Slide,NA,357.00,26.39,324.56,-0.008251,-0.004536,5.4122,55.1814
506,20454,MEG/RIB/78O13/2016/15,Meghalaya,Ri-Bhoi,Umdaprhong,NH6,25.96,91.857,Earth,Slide,2015,312.00,17.92,339.66,0.004495,-0.003528,5.5528,26.9691
506,20455,MEG/RIB/83C1/2016/2,Meghalaya,Ri-Bhoi,Markang,SH,25.970032,92.056762,Earth,Slide,2015,606.00,25.07,170.04,0.011786,0.001487,5.6940,65.0358
506,20456,MEG/RIB/83C1/2016/3,Meghalaya,Ri-Bhoi,South of Markang,SH,25.970062,92.054889,Earth,Slide,2015,603.00,26.84,169.25,-0.003942,0.000498,6.4039,154.7648
506,20457,MEG/RIB/78O09/2016/35,Meghalaya,Ri-Bhoi,Huro Jirang village slide3,0.5 km SW of Huro Jirang vilalge,25.971897,91.562372,Earth,Slide,2016,280.00,32.81,355.60,-0.011647,-0.001394,5.3735,89.6032
506,20458,MEG/RIB/78O09/2016/36,Meghalaya,Ri-Bhoi,Huro Jirang village slide4,4.5 km SW of Huro Jirang vilalge,25.972322,91.561125,Earth,Slide,2016,285.00,19.48,32.27,0.004413,0.004826,5.0573,19.6688
506,20459,MEG/RIB/78O09/2016/37,Meghalaya,Ri-Bhoi,Huro Jirang village slide5,5 km SW of Huro Jirang vilalge,25.972469,91.560822,Earth,Slide,2016,278.00,28.01,15.19,0.009865,0.005708,3.9562,14.7884
506,20460,ML/RIB/78O13/2014/04,Meghalaya,Ri-Bhoi,Umling,Guwahati-Shillong road (NH-40),25.97256,91.86242,Debris,Slide,"2012, 05 October 2014 at 5:30 pm",338.00,10.67,111.40,0.019955,-0.003046,4.9945,5.2360
506,20461,MEG/RIB/78O13/2016/10,Meghalaya,Ri-Bhoi,Umling slide,NH6,25.972964,91.858336,Debris,Slide,2016,337.00,32.38,88.90,0.013314,0.002292,4.4736,35.2564
506,20462,MEG/RIB/78O09/2016/34,Meghalaya,Ri-Bhoi,Huro Jirang village slide2,2.5km SW of Huro Jirang vilalge,25.978481,91.569575,Earth,Slide,2016,391.00,22.91,270.00,0.017319,0.002023,5.2847,35.2500
506,20463,MEG/RIB/78O13/2016/18,Meghalaya,Ri-Bhoi,Old weight bridge 2,NH6,25.978803,91.860278,Earth,Slide,2015,309.00,17.49,130.86,0.004495,-0.002136,6.0892,43.7987
506,20464,MEG/RIB/78O13/2016/9,Meghalaya,Ri-Bhoi,Old weight bridge slide,NH6,25.979244,91.860578,Earth,Slide,2012,307.00,17.39,115.21,0.006314,-0.000809,6.4320,60.9307
506,20465,MEG/RIB/83C1/2016/4,Meghalaya,Ri-Bhoi,Jowe,SH,25.982436,92.057405,Debris,Slide,2015,407.00,11.16,157.21,-0.015437,-0.005728,7.2504,54.8485
506,20466,MEG/RIB/78O09/2016/33,Meghalaya,Ri-Bhoi,Huro Jirang village slide1,0.5km NE of Huro Jirang vilalge,25.994619,91.577214,Earth,Slide,2016,378.00,9.58,142.21,0.065704,0.004834,5.1038,4.6918
506,20467,MEG/RIB/78O13/2016/8,Meghalaya,Ri-Bhoi,13 km stone slide,NH6,25.997033,91.86235,Earth,Slide,2015,317.00,21.26,304.85,0.001424,-0.003349,5.3673,32.4431
506,20468,MEG/RIB/78O13/2016/11,Meghalaya,Ri-Bhoi,Hynniangban Them slide,NH6,25.998847,91.863883,Earth,Slide,2015,297.00,15.75,210.68,0.011256,-0.001454,4.5905,7.8385
506,20469,ML/RIB/78N16/2014/06,Meghalaya,Ri-Bhoi,19 Mile,GS Road,26.00294,91.86692,Debris,Slide,23 September 2014,405.00,8.92,322.99,-0.006496,0.001991,5.8699,8.7224
506,20470,ME/RIB/78N12/2015/105,Meghalaya,Ri-Bhoi,Shakhoikuna-2,"Shakhoikuna-2, Ri-Bhoi, Meghalaya",26.007083,91.909806,Earth,Slide,NA,210.00,17.39,64.79,0.009803,0.005685,5.1788,17.4080
506,20471,ML/RIB/78N16/2014/05,Meghalaya,Ri-Bhoi,17 Mile C,GS Road,26.01061,91.86886,Debris,Slide,"20-23 August, 2014",342.00,27.38,305.28,0.006850,0.004455,5.5920,71.9670
506,20472,ME/RIB/78N12/2015/99,Meghalaya,Ri-Bhoi,Mairapur-1,"Mairapur-1, Meghalaya",26.011861,91.569611,Rock cum Debris,Slide,NA,87.00,25.76,295.29,0.001695,-0.007219,5.6627,67.0522
506,20473,ME/RIB/78N12/2015/102,Meghalaya,Ri-Bhoi,Upper Norbong-3,"Upper Norbong-3, Mylliem RF, Meghalaya",26.022094,91.832906,Debris,Slide,NA,106.00,11.16,157.20,-0.009768,0.004548,8.7541,246.7473
506,20474,ML/RIB/78N16/2014/02,Meghalaya,Ri-Bhoi,17 Mile B,GS road,26.02547,91.87158,Earth,Slide,20 September 2014,179.00,11.14,110.43,0.017826,0.006283,4.9500,5.4692
507,20475,ME/RIB/78N12/2015/103,Meghalaya,Ri-Bhoi,Pahamsubar,En-route to Pahamsubar,26.027028,91.88175,Earth,Slide,NA,87.00,22.81,51.34,0.008331,0.000299,5.2893,35.0590
507,20476,ME/RIB/78N12/2015/104,Meghalaya,Ri-Bhoi,Dokduki,"En-route to Dokduki, Ri-Bhoi, Meghalaya",26.027583,91.886556,Debris,Slide,NA,91.00,25.48,352.95,0.011749,-0.000308,4.7588,26.4837
507,20477,ML/RIB/78N16/2014/01,Meghalaya,Ri-Bhoi,17 mile A,GS road,26.02897,91.87197,Earth,Slide,2014,155.00,14.08,177.94,0.031791,0.001725,4.7077,6.9684
507,20478,ME/RIB/78N12/2015/106,Meghalaya,Ri-Bhoi,Markang,"Markang, Ri-Bhoi, Meghalaya",26.032028,91.989528,Debris,Slide,NA,237.00,19.88,333.40,0.008210,0.004696,5.7278,40.1973
507,20479,ME/RIB/78N16/2015/110,Meghalaya,Ri-Bhoi,16th mile,"16th mile, NH-40, Ri-Bhoi, Meghalaya",26.033583,91.867083,Earth,Slide,NA,116.00,11.83,81.12,0.008154,0.005452,5.5809,11.6396
507,20480,MG/RIB/83B04/2018/2,Meghalaya,Ri-Bhoi,Umsiang-Markanduba road slide,"Sonalkuchi, Umsiang- Markanduba road",26.0591,92.236,Rock cum debris,Slide,NA,71.00,12.25,313.52,-0.009392,-0.004652,6.6430,36.2011
507,20481,MG/RIB/83B04/2018/1,Meghalaya,Ri-Bhoi,Umsiang-Markanduba road slide,Umsiang-Markanduba road,26.061,92.241,Rock cum debris,Slide,NA,72.00,19.83,328.40,-0.002787,-0.006544,5.9534,50.0983
507,20482,ME/RBH/78N16/2015/114,Meghalaya,Ri-Bhoi,Umnowe,"Umnowe, Ri-Bhoi, Meghalaya",26.075944,91.820806,Debris,Slide,NA,222.00,12.26,276.41,0.011358,0.000857,5.5434,12.0754
507,20483,ME/RBH/78N16/2015/113,Meghalaya,Ri-Bhoi,Nongspong,"Nongspong, Meghalaya",26.08125,91.798278,Debris,Slide,NA,106.00,24.36,339.64,-0.006572,-0.003854,5.7259,62.8708
507,20484,ME/RIB/78N12/2015/101,Meghalaya,Ri-Bhoi,Umpher,"Umpher, Meghalaya",26.086389,91.879083,Earth,Slide,NA,86.00,15.00,277.80,0.024797,0.004339,4.6407,7.4439
507,20485,AS/KAM/78N16/2015/76,Meghalaya,Ri-Bhoi,Barpathar,Barpathar Quarry,26.086975,91.7831,Rock cum Debris,Slide,NA,88.00,15.79,138.03,0.029170,-0.002057,4.5874,7.8513
507,20486,3344,Meghalaya,West Jaintia Hills,NULL,NULL,25.47704743,92.16831285,Debris,Slide,25 May 2020,1405.00,10.40,282.72,-0.017275,0.001254,7.4220,56.3833
507,20487,3348,Meghalaya,West Jaintia Hills,NULL,NULL,25.46307925,92.25426106,Soil,Slide,26 May 2020,1376.00,3.25,240.12,0.018819,0.000213,6.8906,3.1716
507,20488,3215,Meghalaya,East Khasi Hills,NULL,NULL,25.5667327,91.9146185,Debris,Slide,04 October 2024,1537.00,6.65,29.96,0.028468,0.002895,5.4770,3.2538
507,20489,3351,Meghalaya,West Jaintia Hills,NULL,NULL,25.28422636,92.11294194,Debris,Slide,26 June 2020,1036.00,8.42,349.56,-0.002090,0.003337,5.9346,8.2749
507,20490,3345,Meghalaya,West Jaintia Hills,NULL,NULL,25.2842285,92.11314877,Rock,Slide,26 May 2020,1036.00,8.42,349.56,-0.002090,0.003337,5.9346,8.2749
507,20491,ME/SWKH/78O07/2024/4,Meghalaya,South West Khasi Hills,Manad slide-1,Manad village,25.29967,91.46108,Debris,Slide,15 June 2024,1047.00,17.95,356.83,0.011658,0.003656,5.5566,27.1640
507,20492,ME/SWKH/78O07/2024/5,Meghalaya,South West Khasi Hills,Manad slide-2,Manad village,25.29667,91.45986,Debris,Slide,17 June 2024 at 6:00AM,1005.00,24.31,161.54,-0.007339,-0.001979,6.6902,164.1847
507,20493,ME/SWKH/78O07/2024/6,Meghalaya,South West Khasi Hills,Manad slide-3,Manad village,25.2975,91.46167,Debris,Slide,17 June 2024 (8:00 to 9:00 AM),1075.00,21.99,227.88,-0.000712,0.005977,4.9305,22.5808
507,20494,ME/SWKH/78O072024/7,Meghalaya,South West Khasi Hills,Manad slide-4,Manad village,25.29739,91.46201,Debris,Slide,17 June 2024,1082.00,13.51,225.02,0.000072,0.006397,4.7570,6.7151
507,20495,ME/SWKH/78O07/2024/8,Meghalaya,South West Khasi Hills,Lummawbah village slide,Lummawbah village,25.29778,91.45972,Debris,Slide,15 June 2024(1:00 AM),1067.00,14.88,196.62,0.012165,0.006522,4.6558,7.4301
507,20496,ME/RIB/78O13/2024/09,Meghalaya,Ri-Bhoi,Umsamlem slide,Umsamlem village,25.809088,91.875238,Earth,Slide,6 July 2025 at 10:20 hrs,594.00,18.43,265.83,-0.006115,-0.006658,5.5241,27.8238
507,20497,ME/RIB/78O13/2024/10,Meghalaya,Ri-Bhoi,Umran Dairy slide,Umran Dairy village,25.781246,91.874475,Earth,Slide,6 July 2024,698.00,8.79,260.97,-0.001736,0.000494,5.8870,8.6066
507,20498,4693,Meghalaya,East Khasi Hills,NULL,NULL,25.640581,91.89212,Debris,Fall,NA,1188.00,21.03,67.11,-0.000978,-0.002833,5.6699,42.8767
507,20499,ME/EKH/78O15/2025/01,Meghalaya,East Khasi Hills,11thMile slide 1,NH-206,25.465167,91.824944,Debris,Slide,30 May 2025 at 05:40 AM,1690.00,14.34,341.62,0.004747,-0.005859,6.8907,64.2185
507,20500,ME/EKH/78O15/2025/02,Meghalaya,East Khasi Hills,Laitlyngkot- Pomlum slide 1,NH-206,25.422278,91.867694,Rock,Slide,30 May 2025,1713.00,33.50,61.55,-0.010652,-0.009765,5.1287,73.9304
507,20501,ME/EKH/78O15/2025/03,Meghalaya,East Khasi Hills,Laitlyngkot-Pomlum slide 2,NH-206,25.43480556,91.85952778,Debris,Slide,30 May 2025,1805.00,32.07,36.87,0.002685,0.001605,4.8956,52.4944
507,20502,ME/EKH/78O15/2025/04,Meghalaya,East Khasi Hills,11th Mile slide2,NH-206,25.48716667,91.81936111,Debris,Slide,30 May 2025,1724.00,7.51,287.87,-0.039513,-0.003219,7.7539,40.4513
507,20503,ME/EKH/78O15/2025/05,Meghalaya,East Khasi Hills,Lumkyntung landslide,Lumkyntung village,25.456896,91.826145,Debris,Slide,30 May 2025 (around 11.00 Hrs).,1760.00,18.42,62.53,0.014679,-0.002186,4.4289,9.2982
507,20504,ME/EJH/83C08/2025/06,Meghalaya,East Jaintia Hills,DonarSkul landslide,NH-06,25.048054,92.409245,Debris,Slide,"2021,11 May 2025 around 10.30 pm",71.00,21.46,189.14,0.006118,-0.002413,5.3651,33.0342
507,20505,ME/EKH/78O15/2025/07,Meghalaya,East Khasi Hills,Mawrah Debris slide,Laitkroh –Khadarshnog road sector,25.369056,91.775046,Debris,Slide,NA,1683.00,29.02,176.76,-0.004440,-0.001465,5.3057,61.9932
507,20506,ME/EKH/78O15/2025/08,Meghalaya,East Khasi Hills,Mawrah Rock slide,Laitkroh –Khadarshnog road sector,25.366201,91.767213,Rock,Slide,31 May 2025,1608.00,35.24,147.87,0.007183,0.001921,4.3707,39.4810
507,20507,ME/EKH/78O15/2025/09,Meghalaya,East Khasi Hills,Mawkhnai landslide,Laitkroh –Khadarshnog road sector,25.355042,91.767525,Debris,Slide,31 May 2025,1621.00,38.22,141.75,0.003313,0.000256,5.6484,176.0605
507,20508,ME/EKH/78O15/2025/10,Meghalaya,East Khasi Hills,War-War landslide,Laitkroh –Khadarshnog road sector,25.340415,91.774142,Debris,Slide,31 May 2025,1441.00,32.78,72.09,-0.008141,0.000008,5.5621,107.9849
507,20509,ML/RB/2014-2015/08,Meghalaya,Ri-Bhoi,Pemangla slide ( around 22mile from Guwahati),GS road NH-40,25.95608333,91.86413889,Variably thick in-situ soil over the weathered bedrock of granite.,Slide,"25-26, August, 2014, 23 September 2014",409.00,18.31,316.13,-0.003238,-0.005560,5.5299,27.5954
507,20510,ML- 93/2011,Meghalaya,West Khasi Hills,Riangdo Landslide,Riangdo Village,25.67341667,91.06625,Debris,Slide,Second week of May 2011,950.00,19.63,72.86,-0.012855,-0.000740,6.9233,129.2372
507,20511,ML-1/2010,Meghalaya,East Khasi Hills,Wall collase of mosque,NA,25.57711111,91.88141667,NA,NA,27 August 2010,1484.00,3.11,35.20,-0.001369,-0.000967,6.2394,1.5178
508,20512,ML-2/2010,Meghalaya,East Khasi Hills,Meghalaya Police's C.I.D Quarters,NA,25.56183333,91.86855556,NA,NA,28 June 2010,1546.00,13.50,343.74,0.008003,0.002740,4.7555,6.6955
508,20513,ML-3/2010,Meghalaya,East Khasi Hills,Lumsohra,NA,25.57188889,91.90127778,NA,NA,28 June 2010,1515.00,10.01,120.27,-0.017426,0.000939,6.8550,29.5258
508,20514,ML-4/2010,Meghalaya,East Khasi Hills,CathedralChurch,NA,25.56852778,91.89219444,NA,NA,28 June 2010,1532.00,5.61,106.74,-0.042836,-0.002508,7.5944,19.1877
508,20515,ML-5A/2010,Meghalaya,Jaintia Hills,Tongseng Landslide,NA,25.13561111,92.3805,NA,NA,11th and 12th May 2010,178.00,24.95,49.32,-0.011356,-0.002550,4.7906,26.0422
508,20516,ML-5B/2010,Meghalaya,Jaintia Hills,Tongseng Landslide,NA,25.13561111,92.3805,NA,NA,11th and 12th May 2010,178.00,24.95,49.32,-0.011356,-0.002550,4.7906,26.0422
508,20517,ML-6/2010,Meghalaya,Jaintia Hills,Tongseng Landslide,NA,25.13561111,92.3805,NA,NA,22 April 2010,178.00,24.95,49.32,-0.011356,-0.002550,4.7906,26.0422
508,20518,ML-7/2010,Meghalaya,Jaintia Hills,Tongseng Landslide,NA,25.13486111,92.382,NA,NA,22 April 2010,188.00,43.31,14.26,-0.000730,-0.002241,5.0005,131.9405
508,20519,ML-8/2010,Meghalaya,Jaintia Hills,Sonapur,NA,25.12383333,92.38519444,NA,NA,22 April 2010,93.00,46.91,102.23,-0.004653,-0.003335,5.0571,179.5724
508,20520,ML-9/2010,Meghalaya,Jaintia Hills,Kulyng Slide,NA,25.07533333,92.36341667,NA,NA,22 April 2010,156.00,23.62,147.26,0.003682,-0.003200,4.8527,24.4982
508,20521,ML-10/2010,Meghalaya,Jaintia Hills,Umkiang Slide,NA,25.05108333,92.40219444,NA,NA,22 April 2010,64.00,10.39,194.08,-0.067564,-0.007863,10.1764,883.5676
508,20522,ML-11/2010,Meghalaya,Jaintia Hills,Dona Slide,NA,25.04305556,92.42041667,NA,NA,22 April 2010,149.00,17.54,147.56,0.019565,0.001974,4.4844,8.8560
508,20523,ML-12/2010,Meghalaya,Jaintia Hills,Ratachera Slide,NA,25.04222222,92.44127778,NA,NA,22 April 2010,276.00,24.40,171.52,-0.024693,-0.003977,6.7622,177.9367
508,20524,ML-01/2012-13,Meghalaya,West Khasi Hills,Pynden Shallang slide,NA,25.36497222,91.02411111,NA,NA,01 May 2012 at 3 AM,398.00,13.64,242.21,0.022595,0.005643,4.7459,6.7825
508,20525,ML-02/2012-13,Meghalaya,Jaintia Hills,West Khasi Hills,NA,25.26361111,92.38557778,NA,NA,"26 June 2012, at 3AM",844.00,14.31,176.99,0.004689,0.003882,7.1822,85.5798
508,20526,ML-03/2012-13,Meghalaya,Jaintia Hills,Nongshning slide,NA,25.26005556,92.38863889,NA,NA,"26 June 2012, at 3AM",792.00,10.61,248.48,-0.048251,-0.008410,8.6691,204.3651
508,20527,ML-04/2012-13,Meghalaya,Jaintia Hills,Tanshang slide,NA,25.14702778,92.37883333,NA,NA,"26 June 2012, at 3AM",195.00,14.31,183.01,0.034919,0.008590,4.6983,7.1385
508,20528,ML-05/2012-13,Meghalaya,Jaintia Hills,Tanshang slide II,NA,25.14702778,92.37883333,NA,NA,"26 June 2012, at 3AM",195.00,14.31,183.01,0.034919,0.008590,4.6983,7.1385
508,20529,ML-06/2012-13,Meghalaya,Jaintia Hills,Tongseng slide,NA,25.14341667,92.37805556,NA,NA,"26 June 2012, at 3AM",206.00,27.83,44.59,-0.003116,0.000096,5.3570,59.1114
508,20530,ML-07/2012-13,Meghalaya,Jaintia Hills,Tongseng slide,NA,25.13427778,92.38511111,NA,NA,"26 June 2012, at 3AM",148.00,19.68,87.41,0.000876,-0.000261,5.4590,30.0307
508,20531,ML-08/2012-13,Meghalaya,Jaintia Hills,Sonapur slide,NA,25.09022222,92.35805556,NA,NA,"26 June 2012, at 3AM",151.00,24.08,291.76,-0.016484,-0.002700,6.2170,100.1386
508,20532,ML-09/2012-13,Meghalaya,Jaintia Hills,Sonapur slide,NA,25.09055556,92.35972222,NA,NA,"26 June 2012, at 3AM",203.00,20.96,297.67,0.010904,0.002934,6.9310,150.1728
508,20533,ML-10/2012-13,Meghalaya,Jaintia Hills,Sonapur Mandir slide,NA,25.08772222,92.36086111,NA,NA,"26 June 2012, at 3AM",431.00,19.61,215.20,0.043951,0.002052,4.3647,9.9750
508,20534,ML-11/2012-13,Meghalaya,Ri-Bhoi,19th Mile slide,NA,26.00361111,92.86361111,NA,NA,26 July 2012 at 5AM,77.00,1.31,100.19,0.032811,0.001590,7.1036,0.6350
508,20535,ML-13/2012-13,Meghalaya,West Khasi Hills,Porsohsat slide,NA,25.53086111,91.29780556,NA,NA,21 August 2012 at 10:30am,1465.00,20.98,338.05,-0.039573,-0.005762,7.6883,321.0466
508,20536,ML/EKH/2014/03,MEGHALAYA,East Khasi Hills,Barapathar Slide,Barapathar (Opposite Hindu Gorkha Samshan Ghat - Crematorium),25.97283333,91.86545,NA,NA,23. 09. 2014,285.00,20.07,110.73,0.003447,-0.005538,5.0249,20.3156
508,20537,ML/RB/2014/04,Meghalaya,Ri-Bhoi,Umling Slide (adjacent to Kargil Petrol Pump on NH-40),Guwahati-Shillong road (NH-40),25.97255556,91.86241667,Debris with embedded rock boulders (a variably thick column of the in-situ sandy soil and thin cover of slope wash resting over the weathered bedrock),Slide,"2012, 05 October 2014 at 5.30pm",338.00,10.67,111.40,0.019955,-0.003046,4.9945,5.2360
508,20538,ML- 94/2011,Meghalaya,Ri-Bhoi,Umsaw Khwan slide,NA,25.67469444,91.88652778,Earth,slide,26 June 2011,1062.00,4.65,186.33,0.028300,0.001306,5.8366,2.2670
508,20539,ML/Ri-Bhoi/2015-2016/09,Meghalaya,Ri-Bhoi,"NH-40 GS road, 5 km south of Byrnihat",Byrnihat Slide,26.02611111,91.86827778,Debris,Slide,NA,111.00,12.76,307.37,-0.017867,-0.012144,7.5825,100.6665
508,20540,ML/EKH/2015/07,Meghalaya,East Khasi Hills,Mawlatang village,Mawlatang slide,25.24416667,91.79397222,Large boulder laden debris (large boulder approx. 4×5m resting on very steep slope),Slide,NA,522.00,32.24,0.81,-0.001875,-0.008918,5.8715,141.1160
508,20541,ML/EKH/78O14/2019-20/01,Meghalaya,East Khasi Hills,"Malki, East Khasi Hills district, Meghalaya",Malki Slide,25.563,91.885,Debris,Slide,9 July 2019 at 2.00 pm,1572.00,24.21,326.75,0.003357,0.004773,4.8212,25.0794
508,20542,MEG/EKH/SHILLONG/02,Meghalaya,East Khasi Hills,Rynjah,Rynjah GSI Office slide,25.56663056,91.91370556,Rock (with thin overburden/debris),Slide,10 July 2019,1530.00,10.26,339.72,-0.008330,-0.004002,6.6471,25.2446
509,20543,ML/EKH/78O11/2019-20/03,Meghalaya,East Khasi Hills,"Mawsynram, East Khasi Hills District, Meghalaya",Mawsynram - Lawbah,25.281,91.57330556,Debris,Slide,7 July 2019,1325.00,15.43,120.84,-0.007945,0.000609,5.3114,15.4325
509,20544,ML/EKH/78O11/2019-20/04,Meghalaya,East Khasi Hills,"Mawsynram, East Khasi Hills District, Meghalaya",Mawsynram - Lawbah,25.27728056,91.57445,Rock,Slide,2014,1334.00,48.45,57.98,0.023611,0.010134,3.9032,63.1003
509,20545,MEG/EKH/78O14/2019/05,Meghalaya,East Khasi Hills,"Guwahati-Shillong Road, Near Umiam Lake view point",Umiam Landslide-I,25.6489,91.8965,Rock (with thin overburden/debris),Slide,"2006, 01 October 2019",1079.00,16.81,155.45,-0.017044,-0.000420,7.7433,210.5988
509,20546,MEG/EKH/78O14/2019/06,Meghalaya,East Khasi Hills,"Guwahati-Shillong Road, Near Umiam Lake view point",Umiam Landslide-II,25.64911111,91.899,Debris,Slide,"2018,11 July 2019",1091.00,24.88,151.71,0.000427,0.000453,4.7895,25.8489
509,20547,MEG/EKH/78O8/2019/07,Meghalaya,East Khasi Hills,Balat road slide - I,Pomblang Landslide,25.23211111,91.37252778,Debris,Slide,27 June 2019,418.00,15.06,347.53,-0.017660,-0.003882,5.3370,15.0546
509,20548,MEG/EKH/78O8/2019/08,Meghalaya,East Khasi Hills,Balat road,Balat road slide - II,25.22194444,91.38422222,Debris,Slide,27 June 2019,240.00,20.49,174.51,0.013236,-0.000723,5.7021,41.8063
509,20549,MEG/EKH/78O8/2019/09,Meghalaya,East Khasi Hills,Mawphlang-Balat road,Lad Bagli Landslide,25.2161,91.38912222,Rock,Slide,2005,162.00,18.08,172.13,-0.017463,-0.002189,5.5494,27.3991
509,20550,MEG/EKH/78O8/2019/10,Meghalaya,East Khasi Hills,Balat-Shella road,Balat 3.5 km Slide,25.18766667,91.39816667,Rock,Slide,27 June 2019.,94.00,19.41,207.97,-0.007964,-0.000176,5.9839,49.3082
509,20551,MEG/EKH/78O8/2019/11,Meghalaya,East Khasi Hills,Balat-Shella road,Balat 4 km Slide,25.18688889,91.39855556,Debris,Slide,27 June 2019,77.00,17.34,196.63,0.010557,-0.000645,6.1051,43.6796
509,20552,MEG/EKH/78O14/2020-21/1,Meghalaya,East Khasi Hills,Mawiong Umjapung,Umjapung slide,25.62,91.88272222,Soil,Slide,2013,1266.00,11.38,101.58,-0.018187,-0.002915,7.6387,84.2145
509,20553,MEG/WJH/83C3/2020/2,Meghalaya,West Jaintia Hills,Iawmusiang Wahthanad,Iawmusiang Landslide - I,25.44233333,92.19447222,Debris,Slide,26 May 2020,1331.00,6.48,16.02,0.001252,-0.004243,6.6035,9.5124
509,20554,MEG/WJH/83C3/2020/3,Meghalaya,West Jaintia Hills,Iawmusiang Wahthanad,Iawmusiang Landslide - II,25.44177778,92.19558333,Debris,Slide,26 May 2020,1340.00,5.49,315.66,-0.031722,0.000943,7.0583,10.7316
509,20555,MEG/WJH/83C3/2020/4,Meghalaya,West Jaintia Hills,Riatsiatsim,Riatsiatsim Landslide,25.44138889,92.19108333,Debris,Flow,1980,1318.00,28.16,314.01,-0.000945,-0.002682,5.0530,44.8404
509,20556,MEG/WJH/83C3/2020/5,Meghalaya,West Jaintia Hills,Chutwakhu Rd near Govt. Boy’s Higher secondary school,Chutwakhu road landslide,25.43630556,92.19525,Soil,Slide,26 May 2020,1359.00,13.35,90.98,-0.012931,-0.002426,6.1543,26.5038
509,20557,MEG/WJH/83C3/2020/6,Meghalaya,West Jaintia Hills,Chilliangraij,Chilliangraij Landslide,25.43505556,92.19836111,Debris,Slide,26 May 2020,1350.00,12.37,147.96,0.009568,0.003138,5.5397,12.2517
509,20558,MEG/WJH/83C3/2020/7,Meghalaya,West Jaintia Hills,Salaroh,Salaroh Landslide,25.44741667,92.20138889,Soil,Slide,26 May 2020,1371.00,18.41,163.60,-0.003575,-0.001865,5.5279,27.8858
509,20559,MEG/WJH/83C3/2020/8,Meghalaya,West Jaintia Hills,Caroline colony,Caroline-Jowai,25.45075,92.19452778,Debris,Slide,26 May 2020,1354.00,18.99,330.37,0.007046,0.012214,4.3961,9.6085
509,20560,MEG/WJH/83C3/2020/9,Meghalaya,West Jaintia Hills,Shillong-Agartala-Sabrum Rd,Shillong-Agartala-Sabrum Rd,25.45351667,92.18784722,Soil,Slide,26 May 2020,1272.00,8.70,22.36,0.019193,-0.000129,5.2068,4.2715
509,20561,MEG/EKH/78O14/2020/10,Meghalaya,East Khasi Hills,NH-6,Lumnamawai Slide at Mawlai Umthlong,25.59875,91.86427778,Debris,Slide,NA,1365.00,18.96,226.95,0.002723,0.003023,4.3968,9.5786
509,20562,MEG/EKH/78O14/2020/11,Meghalaya,East Khasi Hills,NH-6,Parmaw Dhobighat slide at Laban,25.56194444,91.88055556,Debris,Slide,NA,1552.00,19.22,333.26,-0.001057,0.000989,5.4811,29.1685
509,20563,MEG/EKH/78O14/2020/12,Meghalaya,East Khasi Hills,"Madanryting, Block G",Madanryting Wahtiang Landslide,25.54930833,91.91161389,Debris,Slide,NA,1638.00,21.34,335.61,-0.011917,-0.006501,6.4659,98.0723
509,20564,MEG/EKH/78O14/2020/13,Meghalaya,East Khasi Hills,Block -G,Madanryting Soil slide,25.54948611,91.91179722,Soil,Slide,NA,1638.00,21.34,335.61,-0.011917,-0.006501,6.4659,98.0722
509,20565,MEG/EKH/78O14/2020/14,Meghalaya,East Khasi Hills,"Madanryting, Block-G",Madanryting Debris slide,25.54985278,91.91202778,Debris,Slide,NA,1635.00,19.21,316.01,-0.007732,-0.007948,5.7694,38.8746
509,20566,MEG/EKH/78O14/2020/15,Meghalaya,East Khasi Hills,Police reserve,Police reserve,25.58136111,91.88338889,Debris,Slide,NA,1450.00,16.49,355.66,0.016637,0.004803,4.5459,8.2542
509,20567,MEG/EKH/78O14/2021/01,Meghalaya,East Khasi Hills,NH-40(650 m from Umiam viewpoint towards Guwahati),Umiam slide,25.65060556,91.89945278,Debris,Slide,"August 2019, August 2020.",1111.00,16.40,43.29,0.006372,0.001612,5.2440,16.4081
509,20568,MEG/EKH/78O14/2021/02,Meghalaya,East Khasi Hills,NH-40,Umiam slide,25.64908889,91.899,Debris,Slide,July 2020,1091.00,24.88,151.71,0.000427,0.000453,4.7895,25.8489
509,20569,MEG/EKH/78O10/2021/03,Meghalaya,East Khasi Hills,NH-40,Umiam view point,25.64906111,91.89733611,Rock,Slide,"August, 2019 & July, 2020",1096.00,21.31,199.47,0.013001,-0.000980,4.2689,10.8760
509,20570,MEG/EKH/78O15/2021/04,Meghalaya,East Khasi Hills,NH-44E,Kreit slide,25.49736111,91.77902778,Debris,Slide,2021,1802.00,4.13,38.36,0.019643,0.002179,5.9577,2.0143
509,20571,MEG/EKH/78O11/2021/005,Meghalaya,East Khasi Hills,NH-44E,1 km North-east of Mawngap village,25.49151667,91.77329444,Rock,Rock fall,NA,1802.00,16.30,285.23,0.018267,0.007845,4.5587,8.1616
509,20572,MEG/ EKH/ 78011/2021/06,Meghalaya,East Khasi Hills,Around 700 m South-East of Lenmawtap village.,Lenmawtap,25.49833333,91.73361111,Debris,Slide,2021,1733.00,12.80,196.03,0.023400,0.001024,4.8113,6.3389
509,20573,MEG/EKH/78O10/2021/07,Meghalaya,East Khasi Hills,"NH-44E, (1.5 km towards north-east of Sohiong village)",Umsohiong Dombhoi,25.50368056,91.72342222,Rock,Slide,"September 2019,2020",1748.00,4.50,245.71,-0.019340,-0.002874,6.9707,6.5827
509,20574,MEG/EKH/78O10/2021/08,Meghalaya,East Khasi Hills,NH-44E,Sohiong Mawtat,25.51046111,91.70312778,Debris,Slide,NA,1795.00,12.69,263.82,0.006527,-0.005163,5.5125,12.5731
509,20575,MEG/SG/78K11/2022/01,Meghalaya,South Garo Hills,"Ramgmik gittam, Siju",Siju slide,25.36103333,91.64700833,Debris,Slide,17 June 2022 at 4.30 hrs,1449.00,26.20,122.28,-0.027278,-0.019648,7.7028,536.2253
509,20576,MEG/SG/78K12/2022/02,Meghalaya,South Garo Hills,Baghmara (1.5km north west from the Deputy Commissioner office),Bhagmara slide,25.21273889,90.63216111,Debris,Slide,17 June 2022 at 4.30 hrs,44.00,25.37,261.67,-0.021588,-0.002992,5.4639,53.0602
509,20577,MEG/SG/78K12/2022/03,Meghalaya,South Garo Hills,Baghmara along the road.,Bhagmara slide,25.21022222,90.63220278,Debris,Slide,17 June 2022,36.00,17.56,261.18,0.011137,-0.007180,5.5804,26.5639
509,20578,MEG/SG/78K03/2022/04,Meghalaya,West Garo Hills,Jibalgre village,Jibalgre slide,25.38163333,90.06033889,Debris,Slide,9 June 2022 at 2.00hrs,82.00,9.39,66.97,0.036561,-0.001787,5.1299,4.6182
510,20579,MEG/SG/78K11/2022/05,Meghalaya,South Garo Hills,NongalBibra village,Nongal Bibra,25.45939722,90.70860278,Debris,Slide,17 June 2022 at 3.000hrs,190.00,22.07,198.68,-0.001176,-0.002495,6.9403,169.7706
510,20580,MEG/SG/78K11/2022/06,Meghalaya,South Garo Hills,Nongal Bibra village,Nongal Bibra,25.45903056,90.70813333,Debris,Slide,17 June 2022 at 3.000hrs,185.00,18.74,130.05,-0.013248,-0.004295,5.5090,28.4139
510,20581,MEG/EKH/78O11/2022/07,Meghalaya,East Khasi Hills,Nongsoung-Laitlarem road,Laitlarem slide,25.44835,91.59150278,Debris,Slide,"15 June 2022, 8.00 to 9.00hrs",1649.00,13.83,90.94,0.029686,0.003532,4.7308,6.8759
510,20582,MEG/EKH/78O11/2022/08,Meghalaya,East Khasi Hills,Nongsoung –Laitlarem road,Laitlarem slide,25.44743611,91.59103889,Debris,Slide,"15 June 2022, 8.00 to 9.00hrs",1628.00,20.43,152.83,-0.012456,-0.001929,5.9262,52.0162
510,20583,MEG/EKH/78O11/2022/09,Meghalaya,East Khasi Hills,Nongspung – Laitlarem village road,Laitlarem slide,25.44716111,91.59067778,Debris,Slide,"15 June 2022, 8.00 to 9.00hrs",1635.00,23.91,106.42,-0.008161,-0.003914,4.8359,24.7596
510,20584,MEG/EJH/83C08/2022/10,Meghalaya,East Jaintia Hills,"NH-06,Near Toll gate Lumshnong",Lumshnong slide,25.16400556,92.38702778,Debris,Slide,NA,393.00,25.94,153.85,-0.001932,-0.007258,6.2497,122.5119
510,20585,MEG/EKH/78O15/2022/11,Meghalaya,East Khasi Hills,NH-206,Saitbakon slide.,25.296,91.932,Rock,Slide,"4 April,2022",1090.00,26.76,315.53,-0.001575,0.001476,5.9614,98.6687
510,20586,MEG/EKH/78O15/2022/12,Meghalaya,East Khasi Hills,"NH-206, north of Soshur view point",Soshur slide,25.345,91.891,Rock,Slide,March-April 2022,1539.00,26.89,311.43,0.004017,-0.001611,5.1080,42.5119
510,20587,MEG/EKH/78O15/2022/13,Meghalaya,East Khasi Hills,Umblai village,Umblai slide,25.35861111,91.97208333,Debris,Slide,4 April 2022 at 7.00hrs,1166.00,22.39,252.88,0.022580,0.006618,4.2171,11.5101
510,20588,MEG/EKH/78O15/2022/14,Meghalaya,East Khasi Hills,Umblai village,Umblai slide,25.35908333,91.97433333,Debris,flow,4 April 2022 at 7.00hrs,1189.00,33.43,338.54,-0.006368,0.003249,6.1432,202.9324
510,20589,MEG/EKH/78O15/2022/15,Meghalaya,East Khasi Hills,"Lynshing village, along Mawkynrew to Lynshing road section.",Lynshing slide,25.39611111,91.99194444,Debris,Slide,4 April 2022 at 7.00hrs,1436.00,23.77,297.90,-0.007514,0.003519,4.1496,12.3057
510,20590,MEG/EKH/78O15/2023/01,Meghalaya,East Khasi Hills,NH-40,"Ryngngain slide, before Lyngkyrdem village",25.365263,91.878497,Rock,Slide,13 April 2023,1545.00,23.37,276.44,-0.004368,0.000388,4.1689,12.0763
510,20591,MEG/WKH/78O6/2023-24/1,Meghalaya,West Khasi Hills,"Pyndengrei village, Nongstoin",Pyndengrei slide,25.52901389,91.26188611,Debris,Slide,17 June 2023 at 4:00 AM.,1361.00,20.10,104.72,-0.006528,-0.002748,5.0272,20.4202
510,20592,MEG/WJH/83C03/2023-24/2,Meghalaya,West Jaintia Hills,Pynthor Langtein village,Pynthor Langtein slide,25.41955556,92.16194444,Earth,Slide,10 August 2023,1393.00,4.23,151.03,0.013274,0.000298,5.9343,2.0647
510,20593,ME/EWK/2025/1,Meghalaya,Eastern-West Khasi Hill,Kynshi,NA,25.55256111,91.61870278,Debris,Fall,28 June 2024,1657.00,16.61,115.70,0.014523,0.002130,4.5381,8.3230
510,20594,6892,Meghalaya,South West Khasi Hills,Wamney,Village Road,25.39295833,91.55163333,Debris,Slide,28 May 2024,1415.00,20.43,134.86,0.014520,0.003016,5.7037,41.6205
510,20595,6874,Meghalaya,South West Khasi Hills,Jakarm,Mawkyrwat-Shillong Road,25.37129167,91.48003056,Debris,Fall,15 June 2024,1567.00,8.53,223.31,-0.013579,-0.000280,5.9203,8.3821
510,20596,ME/SWK/2025/4,Meghalaya,South West Khasi Hills,Mawkyllung,Mawkyllung-Nongstoin Road,25.40288611,91.43424167,Debris,Fall,28 May 2024,1527.00,16.76,84.61,-0.018372,-0.007610,6.4758,58.8855
510,20597,6891,Meghalaya,West Khasi Hills,Mawrok Sohsat,Mairang-Nongstoin Road,25.531739,91.296177,Debris,Slide,02 July 2024,1460.00,24.98,176.14,0.005268,0.002422,5.8842,78.0043
510,20598,ME/WKH/2025/6,Meghalaya,West Khasi Hills,Sohpian,Mairang-Nongstoin Road,25.540056,91.314142,Debris,Fall,02 July 2024,1513.00,12.67,154.00,0.018800,0.000624,4.8209,6.2741
510,20599,ME/WKH/2025/7,Meghalaya,East Khasi Hills,Mowing Rim,Shillong-Umiam Road,25.62790278,91.88801944,Debris,Fall,28 May 2024 at 4.00 hrs,1257.00,10.44,157.10,0.008716,-0.002294,5.7122,10.2774
510,20600,ME/EKH/2025/8,Meghalaya,East Khasi Hills,Mowing Rim,Shillong-Umiam Road,25.630403,91.8899195,Debris,Subsidence,28 May 2024 at 4.00 hrs,1250.00,9.72,113.65,0.007575,0.000991,6.1908,14.3284
510,20601,ME/EKH/2025/9,Meghalaya,East Khasi Hills,Mowing Rim,Shillong-Umiam Road,25.630858,91.887601,Debris,Slide,28 May 2024 at 4.00 hrs,1232.00,14.24,324.33,-0.013704,-0.002472,7.2642,91.9714
510,20602,6890,Meghalaya,East Khasi Hills,Rymbai Petrol Pump(BPCL),Shillong-Umiam Road,25.641242,91.894137,Debris,Fall,02 July 2024,1210.00,10.09,233.78,0.015815,0.001768,5.0545,4.9583
510,20603,4694,Meghalaya,East Khasi Hills,Mowing Rim,Umiam Road,25.65057222,91.89351389,Debris,Fall,02 July 2024,1135.00,22.68,297.04,0.006557,-0.000320,5.2989,34.9456
510,20604,6889,Meghalaya,East Khasi Hills,Umiam Lake,Umiam Road,25.64887222,91.89692778,Debris,Slide,02 July 2024,1083.00,18.70,199.34,0.011876,0.002327,4.4111,9.4345
510,20605,6885,Meghalaya,East Khasi Hills,Mawphlang,Mawphlang-Weiloi Road,25.44693056,91.74096667,Debris,Topple/Fall,"28 May 2024, morning",1734.00,20.16,30.81,0.002532,-0.002026,5.4301,30.7518
510,20606,ME/EKH/2025/14,Meghalaya,East Khasi Hills,Ummawiong,Lyngiang-Tynsad Road,25.41384722,91.67856111,Debris,Slide,"28 May 2024, morning",1655.00,6.88,143.57,0.009941,-0.001965,6.5437,10.1036
510,20607,6884,Meghalaya,East Khasi Hills,Mawlynnu(Sixteen),Weiloi-Mawsynram Road,25.34508889,91.60050278,Debris,Slide,"28 May 2024, morning",1679.00,36.42,119.90,-0.004872,-0.009224,6.1192,247.4435
510,20608,ME/SWK/2025/16,Meghalaya,South West Khasi Hills,Mawiang,SH-3,25.619397,91.61704,Debris,Slide,30 May 2025,1509.00,16.98,232.47,0.003943,-0.002178,5.2077,17.0228
510,20609,4695,Meghalaya,Eastern-West Khasi Hill,Mawblei,SH-3,25.65443889,91.62390833,Debris,Fall,30 May 2025,1469.00,11.60,349.93,0.004445,0.002318,6.0097,17.1658
510,20610,4696,Meghalaya,Eastern-West Khasi Hill,Nongkhlaw,SH-3,25.65443889,91.63345833,Debris,Slide,30 May 2025,1438.00,7.50,98.83,0.044962,-0.004669,5.3556,3.6685
510,20611,4697,Meghalaya,Eastern-West Khasi Hill,Nongkhlaw,SH-3,25.65977222,91.63440556,Debris,Fall,30 May 2025,1407.00,5.80,76.19,0.017489,0.001578,5.6143,2.8319
510,20612,ME/EKH/2025/20,Meghalaya,East Khasi Hills,Umiam Hydal Project,GS Road,25.65308889,91.89803889,Debris,Slide,01 July 2024,1044.00,18.88,57.06,0.020080,0.006858,4.4007,9.5324
510,20613,4699,Meghalaya,East Khasi Hills,Umiam Hydal Project,GS Road,25.65341111,91.89819444,Debris,Slide,01 July 2024,1038.00,17.74,47.97,0.026146,0.005907,4.4672,8.9194
510,20614,ME/RIB/2025/22,Meghalaya,Ri-Bhoi,Umiam Hydal Project,GS Road,25.66315,91.90180278,Debris,Fall,30 May 2025,1017.00,6.71,277.89,-0.020269,-0.005780,8.7251,85.3086
510,20615,4701,Meghalaya,Ri-Bhoi,Umsawlum A,GS Road,25.67032222,91.90487222,Debris,Slide,30 May 2025,1008.00,13.34,309.12,-0.008153,0.000594,5.4602,13.2124
510,20616,ME/RIB/2025/24,Meghalaya,Ri-Bhoi,Umiam Flyover,Guwahati-Shillong Road,25.67517222,91.8983,Debris,Fall,30 June 2024,1015.00,17.09,133.15,0.000006,0.004074,5.2003,17.1326
510,20617,ME/EKH/2025/25,Meghalaya,East Khasi Hills,Lewmawiong,NH-206,25.42315556,91.86329167,Debris,Slide,31 May 2025,1740.00,38.54,358.39,-0.004572,-0.006603,4.6555,66.7474
510,20618,4702,Meghalaya,East Khasi Hills,Lait-Sohphie,AH-2,25.30127778,91.92198889,Debris,Slide,30 May 2025,1192.00,26.78,335.95,0.001182,-0.003401,5.4008,56.4319
510,20619,4700,Meghalaya,Ri-Bhoi,Umiam,NH-6,25.67546111,91.89726944,Rock,Topple/Fall,30 June 2024,1007.00,19.49,303.24,0.008421,0.002962,5.0592,19.7286
510,20620,ME/RIB/2025/28,Meghalaya,Ri-Bhoi,NA,NH-6,25.67761389,91.89865833,Debris,Slide,30 May 2025,997.00,25.02,300.15,-0.005549,-0.004059,5.8810,78.0591
510,20621,ME/EWK/2026/29,Meghalaya,Eastern-West Khasi Hill,Umkrem,Umkrem,25.49551944,91.49585278,Debris,Slide,02 July 2025,1584.00,18.18,113.97,-0.002571,-0.004780,6.0520,45.8267
510,20622,ME/EWK/2026/30,Meghalaya,South West Khasi Hills,Mawpud,Ranikor,25.28247222,91.36413333,Debris,Slide,30 May 2025,973.00,35.48,24.06,0.005362,0.002706,6.5026,338.7896
510,20623,ME/SWK/2026/31,Meghalaya,South West Khasi Hills,Mawpud,Ranikor,25.28090556,91.36584722,Debris,Slide,30 May 2025,993.00,27.49,9.39,-0.009367,0.000157,6.6921,218.2458
510,20624,ME/RIB/2026/32,Meghalaya,Ri-Bhoi,Umbang 1,NH-6,25.68255833,91.90111389,Debris,Slide,30 June 2024,960.00,9.56,279.68,0.028685,0.001618,5.1091,4.6917
511,20625,7236,Meghalaya,Ri-Bhoi,Umbang 2,NH-6,25.68591944,91.90256667,Debris,Slide,30 June 2024,938.00,22.19,344.04,0.001881,-0.000609,6.3038,90.9195
511,20626,7237,Meghalaya,Ri-Bhoi,Sahkynduh,NH-6,25.71165556,91.89512778,Debris,Slide,30 May 2025,854.00,16.01,237.62,-0.009353,-0.001050,8.1594,287.7261
511,20627,7239,Meghalaya,Ri-Bhoi,Ri-Bhoi Pataraim,NH-6,25.75297778,91.88535278,Debris,Fall/Topple,30 May 2025,821.00,16.28,92.38,0.014431,0.006815,5.6565,24.3961
511,20628,7240,Meghalaya,Ri-Bhoi,Umsamlan 1,NH-6,25.79744444,91.87408611,Debris,Slide,14 June 2024,642.00,22.65,258.26,0.003291,-0.000449,5.2990,34.8538
511,20629,ME/RIB/2026/37,Meghalaya,Ri-Bhoi,Umsamlan 2,NH-6,25.80725833,91.87509444,Debris,Slide,14 July 2024,612.00,17.06,258.60,0.008875,0.002830,4.5076,8.5434
511,20630,7242,Meghalaya,West Khasi Hills,NA,Nongstoin-RongjongTura Road,25.62269444,91.16914444,Debris,Slide,02 July 2024,1222.00,6.33,209.01,-0.004434,-0.000780,6.9130,12.3722
511,20631,ME/WKH/2026/39,Meghalaya,West Khasi Hills,NA,Nongstoin-RongjongTura Road,25.61276111,91.17375278,Debris,Slide,02 July 2024,1166.00,13.68,257.53,0.010519,0.004070,4.7413,6.7851
511,20632,7243,Meghalaya,West Khasi Hills,NA,Nongstoin-RongjongTura Road,25.66156667,91.13485278,Debris,Slide,02 July 2024,1145.00,10.16,235.67,0.010878,0.005276,5.0468,4.9950
511,20633,7244,Meghalaya,Eastern-West Khasi Hill,Nongkhlaw-Tirotsing 1,Mairang-Guwahati Road,25.69150833,91.64160833,Debris,Slide,29 May 2025,1338.00,2.57,90.00,-0.069942,0.001284,6.4316,1.2500
511,20634,ME/EWK/2026/42,Meghalaya,Eastern-West Khasi Hill,Nongkhlaw-Tirotsing 2,Mairang-Guwahati Road,25.69517778,91.64123611,Debris,Slide,30 May 2025,1302.00,14.98,333.08,-0.000426,-0.005048,5.3391,14.9072
511,20635,ME/EWK/2026/43,Meghalaya,Eastern-West Khasi Hill,NA,Mairang-Guwahati Road,25.69688611,91.64176667,Debris,Slide,25 June 2025,1285.00,11.43,266.56,0.025157,-0.004718,5.6188,11.2703
511,20636,ME/EWK/2026/44,Meghalaya,Eastern-West Khasi Hill,Nongkhlaw-Tirotsing 3,Mairang-Guwahati Road,25.70087778,91.642902,Debris,Slide,08 October 2024,1247.00,18.34,0.00,0.023315,0.001789,5.1246,18.4719
511,20637,ME/EWK/2026/45,Meghalaya,Eastern-West Khasi Hill,Nongkhlaw-Tirotsing 4,Mairang-Guwahati Road,25.69866667,91.64517222,Debris,Slide,06 August 2024,1228.00,27.09,89.09,0.001935,-0.002687,6.1950,128.2660
511,20638,7245,Meghalaya,Eastern-West Khasi Hill,NA,Mairang-Guwahati Road,25.69683611,91.64485556,Debris,Slide,06 August 2024,1257.00,23.65,128.88,0.016228,0.006721,4.1530,12.2031
511,20639,ME/EWK/2026/47,Meghalaya,Eastern-West Khasi Hill,NA,Mairang-Guwahati Road,25.69523333,91.64426944,Debris,Slide,30 May 2025,1225.00,27.10,65.75,-0.016140,-0.003711,6.2999,142.5858
511,20640,ME/EWK/2026/48,Meghalaya,Eastern-West Khasi Hill,NA,Mairang-Guwahati Road,25.69463611,91.64577778,Debris,Slide,30 May 2025,1204.00,25.95,43.73,0.012395,-0.000232,5.1461,40.6856
511,20641,ME/EWK/2026/49,Meghalaya,Eastern-West Khasi Hill,NA,Mairang-Guwahati Road,25.68698889,91.64812222,Rock,Slide,28 May 2025,1171.00,38.43,54.49,0.002663,-0.001053,4.6574,66.3340
511,20642,ME/EWK/2026/50,Meghalaya,Eastern-West Khasi Hill,NA,Mairang-Guwahati Road,25.68690556,91.64915278,Debris,Fall,28 May 2025,1124.00,20.62,2.05,-0.017509,-0.006739,6.2510,73.3802
511,20643,ME/EWK/2026/51,Meghalaya,Eastern-West Khasi Hill,NA,Nongkhlaw-Guwahati Road,25.688833,91.653639,Earth,Slide,25 June 2025,1046.00,27.77,342.14,-0.000643,0.000235,4.6618,29.3500
511,20644,7246,Meghalaya,Eastern-West Khasi Hill,NA,Mairang-Guwahati Road,25.68798889,91.65838889,Debris,Slide,28 May 2024,1032.00,28.27,0.48,0.004745,0.000017,7.1668,374.5609
511,20645,7247,Meghalaya,Eastern-West Khasi Hill,NA,Nongkhlaw-Guwahati Road,25.68805,91.66653,Debris,Slide,28 May 2024,957.00,30.88,6.46,-0.003063,-0.004945,5.2278,66.6591
511,20646,ME/EWK/2026/54,Meghalaya,Eastern-West Khasi Hill,NA,Mairang-Guwahati Road,25.68822222,91.66746111,Debris,Slide,11 June 2025,936.00,24.06,16.34,0.007006,-0.005198,4.8268,24.8857
511,20647,7248,Meghalaya,Eastern-West Khasi Hill,Mawiongkhri,Nongkhlaw-Guwahati Road,25.69007,91.67085,Debris,Slide,11 June 2025,888.00,6.59,129.04,0.031184,0.001832,5.4857,3.2189
511,20648,7249,Meghalaya,Eastern-West Khasi Hill,Umniangriang,Mairang-Guwahati Road,25.733262,91.675754,Debris,Slide,11 June 2025,742.00,15.58,196.84,0.022541,-0.002661,4.6044,7.7649
511,20649,7250,Meghalaya,Eastern-West Khasi Hill,Boulder Stone Quarry Site,Mairang-Guwahati Road,25.762051,91.658959,Debris,Slide,29 May 2024,796.00,3.85,291.11,-0.080804,0.002219,6.0245,1.8758
511,20650,ME/EWK/2026/58,Meghalaya,Eastern-West Khasi Hill,Mawpat,Mairang-Guwahati Road,25.770935,91.656497,Debris,Slide,29 May 2024,776.00,11.53,262.03,0.001052,-0.001415,6.5259,28.3996
511,20651,7251,Meghalaya,Eastern-West Khasi Hill,Madpan,Mairang-Guwahati Road,25.791616,91.658242,Debris,Slide,29 May 2024,743.00,8.29,80.42,0.000627,-0.002352,5.2527,4.0566
511,20652,ME/EWK/2026/60,Meghalaya,Eastern-West Khasi Hill,NA,Mairang-Guwahati Road,25.803984,91.659801,Debris,Slide,28 August 2024,686.00,24.32,109.32,0.004977,0.000672,4.1204,12.5838
511,20653,7252,Meghalaya,Eastern-West Khasi Hill,Mawkarah,Nongkhlaw Road,25.700668,91.596815,Debris,Slide,31 May 2025,1345.00,15.21,55.60,0.005041,-0.006365,5.3229,15.1501
511,20654,ME/EWK/2026/62,Meghalaya,Eastern-West Khasi Hill,NA,Jakhong Road,25.739454,91.572107,Debris,Slide,31 May 2025,903.00,23.37,69.18,0.009121,0.004363,4.1660,12.0362
511,20655,7598,Meghalaya,South West Garo Hills,Betasing,Kongpara,25.567423,89.979711,Debris,NULL,13 July 2026,47.00,11.88,236.15,0.007904,-0.001783,5.5801,11.7403
511,20656,3442,Meghalaya,East Khasi Hills,Pohkseh,BL-D/24,25.566518,91.914509,rock,fall,19 August 2025,1540.00,5.61,106.74,0.035245,0.003007,5.6485,2.7411
511,20657,4692,Meghalaya,West Khasi Hills,West Khasi Hills,Mawrok Shosat,25.531698,91.295995,Debris,slide,NA,1460.00,24.98,176.14,0.005268,0.002422,5.8842,78.0043
