source_page,sl_no,slide_no,state,district,slide_name,nh_sh_location,latitude,longitude,material_involved,movement_type,history
484,19606,MEG/WJH/83C4/2016/51,Meghalaya,East Jaintia Hills,0.13 km SE of Rathacherra,NH44,25.033514,92.435539,Rock,Slide,2016
484,19607,MEG/WJH/83C4/2016/50,Meghalaya,East Jaintia Hills,0.29 km SE of Rathacherra,NH44,25.033628,92.439331,Debris,Slide,2016
484,19608,MEG/WJH/83C4/2016/52,Meghalaya,East Jaintia Hills,Rathacherra,NH44,25.034289,92.435222,Debris,Slide,2015
484,19609,MEG/WJH/83C4/2016/49,Meghalaya,East Jaintia Hills,0.48 km NE of Rathacherra,NH44,25.037722,92.439556,Debris,Slide,2016
484,19610,MEG/WJH/83C4/2016/48,Meghalaya,East Jaintia Hills,0.55km NE of Rathacherra,NH44,25.037833,92.440417,Debris,Slide,2014
484,19611,MEG/WJH/83C4/2016/47,Meghalaya,East Jaintia Hills,0.60 km NE of Rathacherra,NH40,25.038186,92.440725,Debris,Slide,2014
484,19612,MEG/WJH/83C4/2016/53,Meghalaya,East Jaintia Hills,0.46 km N of Rathacherra,NH44,25.038361,92.43675,Debris,Slide,2016
484,19613,MEG/WJH/83C4/2016/78,Meghalaya,East Jaintia Hills,0.55 km N of Rathacherra,Nh44,25.039097,92.436869,Debris,Slide,NA
484,19614,MEG/WJH/83C4/2016/46,Meghalaya,East Jaintia Hills,1.25 km NE of Rathacherra,NH44,25.040511,92.446119,Debris,Slide,2015
484,19615,MEG/WJH/83C4/2016/77,Meghalaya,East Jaintia Hills,1.08 km NE of Rathacherra,NH44,25.042189,92.441964,Debris,Slide,2015
484,19616,MEG/WJH/83C4/2016/79,Meghalaya,East Jaintia Hills,0.91km NNW of Rathacherra,NH44,25.042408,92.434525,Rock,Slide,2015
484,19617,MEG/WJH/83C4/2016/55,Meghalaya,East Jaintia Hills,0.92 km NNW of Rathacherra,NH44,25.042556,92.435028,Rock,Slide,2016
484,19618,MEG/WJH/83C4/2016/54,Meghalaya,East Jaintia Hills,1 km NW of Rathacherra,NH44,25.042778,92.432472,Rock,Slide,2015
484,19619,MEG/WJH/83C4/2016/60,Meghalaya,East Jaintia Hills,0.7km E of Danaubluh,NH44,25.043667,92.425444,Rock,Slide,2016
484,19620,MEG/WJH/83C4/2016/62,Meghalaya,East Jaintia Hills,0.39 km E of Danaubluh,NH44,25.043914,92.423556,Rock,Slide,2015
484,19621,MEG/WJH/83C4/2016/83,Meghalaya,East Jaintia Hills,Danaubluh,NH44,25.044056,92.418778,Debris,Slide,2015
484,19622,MEG/WJH/83C4/2016/56,Meghalaya,East Jaintia Hills,1.23 km NW of Rathacherra,NH44,25.044136,92.430244,Rock,Slide,2016
484,19623,MEG/WJH/83C4/2016/61,Meghalaya,East Jaintia Hills,0.42km E of Danaubluh,NH44,25.044417,92.423908,Debris,Slide,2016
484,19624,MEG/WJH/83C4/2016/59,Meghalaya,East Jaintia Hills,1.38 km NW of Rathacherra,NH44,25.044442,92.427761,Debris,Slide,2016
484,19625,MEG/WJH/83C4/2016/63,Meghalaya,East Jaintia Hills,0.41 km NE of Danaubluh,Nh44,25.044733,92.423675,Rock,Slide,2015
484,19626,MEG/WJH/83C4/2016/57,Meghalaya,East Jaintia Hills,1.29 km NW of Rathacherra,NH44,25.044778,92.430333,Debris,Slide,2015
484,19627,MEG/WJH/83C4/2016/58,Meghalaya,East Jaintia Hills,1.33 km NW of Rathacherra,NH44,25.044833,92.429333,Debris,Slide,2015
484,19628,MEG/WJH/83C4/2016/80,Meghalaya,East Jaintia Hills,Danauubluh 1,NH44,25.044947,92.420261,Debris,Slide,NA
484,19629,MEG/WJH/83C4/2016/82,Meghalaya,East Jaintia Hills,0.24 km NE of Danaubluh,NH44,25.045111,92.4215,Debris,Slide,2016
484,19630,MEG/WJH/83C4/2016/81,Meghalaya,East Jaintia Hills,0.21 km NE of Danaubluh,NH44,25.045386,92.420764,Debris,Slide,2016
484,19631,MEG/WJH/83C4/2016/69,Meghalaya,East Jaintia Hills,Donaskul,NH44,25.045389,92.410444,Debris,Slide,2014
484,19632,MEG/WJH/83C4/2016/84,Meghalaya,East Jaintia Hills,0.18 km NW of Donaskul,NH44,25.046181,92.408878,Debris,Slide,2016
484,19633,MEG/WJH/83C4/2016/88,Meghalaya,East Jaintia Hills,Wakho,NH44,25.047194,92.404806,Debris,Slide,2016
484,19634,MEG/WJH/83C4/2016/85,Meghalaya,East Jaintia Hills,0.26 km NW of Donaskul,NH44,25.047444,92.409156,Debris,Slide,NA
484,19635,MEG/WJH/83C4/2016/87,Meghalaya,East Jaintia Hills,0.11 km NE of Wakho,┬á,25.047556,92.405806,Debris,Slide,2015
484,19636,MEG/WJH/83C4/2016/86,Meghalaya,East Jaintia Hills,0.08 km N of Wakho,NH44,25.047906,92.404822,Debris,Slide,NA
484,19637,MEG/WJH/83C4/2016/89,Meghalaya,East Jaintia Hills,1.81 km SE of Umkiang,NH44,25.049744,92.400678,Debris,Slide,2016
484,19638,MEG/WJH/83C4/2016/90,Meghalaya,East Jaintia Hills,2.10 km SE of Umkiang,NH44,25.052236,92.399047,Debris,Slide,2016
484,19639,MEG/WJH/83C4/2016/91,Meghalaya,East Jaintia Hills,Umkiang,NH44,25.056022,92.394119,Debris,Slide,2016
484,19640,MEG/WJH/83C4/2016/92,Meghalaya,East Jaintia Hills,Umkiang 1,NH44,25.062025,92.386975,Debris,Slide,2013
484,19641,MEG/WJH/83C4/2016/93,Meghalaya,East Jaintia Hills,Umkiang 2,NH44,25.068158,92.380058,Debris,Slide,2016
484,19642,MEG/WJH/83C4/2016/96,Meghalaya,East Jaintia Hills,0.59 km NE of Kuliang,NH44,25.073,92.368778,Debris,Slide,2015
484,19643,MEG/WJH/83C4/2016/94,Meghalaya,East Jaintia Hills,0.93 km E of Kuliang,NH44,25.073217,92.372161,Debris,Slide,2014
484,19644,MEG/WJH/83C4/2016/95,Meghalaya,East Jaintia Hills,0.80 km NE of Kuliang,NH44,25.073731,92.370786,Rock,Slide,2015
484,19645,MEG/WJH/83C4/2016/71,Meghalaya,East Jaintia Hills,0.86 km NE of Kuliang,NH44,25.074439,92.371186,Rock,Slide,NA
485,19646,MEG/WJH/83C4/2016/70,Meghalaya,East Jaintia Hills,0.85 km NE of Kuliang,NH44,25.075167,92.370953,Debris,Slide,2014
485,19647,MEG/WJH/83C4/2016/97,Meghalaya,East Jaintia Hills,Kuliang,NH44,25.075567,92.363317,Debris,Slide,2014
485,19648,MEG/WJH/83C4/2016/98,Meghalaya,East Jaintia Hills,0.69 km N of Kuliang,NH44,25.079,92.361667,Rock,Slide,2015
485,19649,MEG/WJH/83C4/2016/102,Meghalaya,East Jaintia Hills,0.79 km W of Kuliang,NH44,25.079028,92.359111,Rock,Slide,2014
485,19650,MEG/WJH/83C4/2016/101,Meghalaya,East Jaintia Hills,0.8 km Wof Kuliang,NH44,25.079722,92.359361,Debris,Slide,2013
485,19651,MEG/WJH/83C4/2016/100,Meghalaya,East Jaintia Hills,1 km NNW of Kuliang,NH44,25.081381,92.359972,Debris,Slide,2014
485,19652,MEG/WJH/83C4/2016/72,Meghalaya,East Jaintia Hills,1.16 km NNE of Kuliang,NH44,25.083061,92.360322,Debris,Slide,2015
485,19653,MEG/WJH/83C4/2016/99,Meghalaya,East Jaintia Hills,1.18 km NNW of Kuliang,NH44,25.083361,92.361083,Debris,Slide,2016
485,19654,MEG/WJH/83C4/2016/114,Meghalaya,East Jaintia Hills,4.76 km SSW of Sonapyrdi,Approach road Sonapur to Chapalong (right bank of Lubha river),25.084611,92.335667,Rock,Slide,2016
485,19655,MEGH/JH/83C08/2007/D-16,Meghalaya,Jaintia Hills,Near Sonapur slide,Roads (NH - 44),25.08586,92.35869,Rock,Slide,27August 2007
485,19656,MEG/WJH/83C4/2016/103,Meghalaya,East Jaintia Hills,0.67 km SE of Sonapur mandir,NH44,25.087917,92.357906,Rock,Slide,2014
485,19657,MEG/WJH/83C4/2016/65,Meghalaya,East Jaintia Hills,0.37 km NE of Sonapur mandir,NH44,25.091361,92.356889,Rock,Slide,2016
485,19658,MEG/EJH/83CO8/2018/01,Meghalaya,East Jaintia Hills,Sonapur 4km mile stone,NH-6,25.09178,92.35469,Rock,Slide,07 May 2018
485,19659,MEG/WJH/83C4/2016/64,Meghalaya,East Jaintia Hills,0.59 km NE of Sonapur,NH44,25.092083,92.35925,Rock,Composite,2016
485,19660,MEG/WJH/83C4/2016/66,Meghalaya,East Jaintia Hills,Sonapur mandir 1,NH44,25.092178,92.353564,Rock cum Debris,Slide,2014
485,19661,MEG/WJH/83C4/2016/67,Meghalaya,East Jaintia Hills,Sonapur mandir 2,NH44,25.092981,92.353708,Debris,Slide,2015
485,19662,MEG/WJH/83C4/2016/113,Meghalaya,East Jaintia Hills,3.23 km SSW of Sonapyrdi,Approach road Sonapur to Chapalong (right bank of Lubha river),25.093078,92.348025,Rock,Slide,2016
485,19663,MEG/WJH/83C4/2016/112,Meghalaya,East Jaintia Hills,2.91 km SSW of Sonapyrdi,Approach road Sonapur to Chapalong (right bank of Lubha river),25.095131,92.350111,Rock,Slide,2014
485,19664,MEG/WJH/83C4/2016/111,Meghalaya,East Jaintia Hills,2.47 km SSW of Sonapyrdi,Approach road Sonapur to Chapalong (right bank of Lubha river),25.096592,92.351017,Debris,Slide,2016
485,19665,MEG/WJH/83C4/2016/104,Meghalaya,East Jaintia Hills,0.70 km NNW of Sonapur mandir,NH44,25.097997,92.355972,Debris,Slide,2015
485,19666,MEG/WJH/83C4/2016/140,Meghalaya,East Jaintia Hills,Sonapur Landslide,NH44,25.104417,92.365028,Rock,Slide,1989
485,19667,MEG/WJH/83C4/2016/110,Meghalaya,East Jaintia Hills,2.01 km SW of Sonapyrdi,Approach road Sonapur to Chapalong (right bank of Lubha river),25.111331,92.351128,Debris,Slide,NA
485,19668,MEG/WJH/83C4/2016/109,Meghalaya,East Jaintia Hills,2.09 km SW of Sonapyrdi,Approach road Sonapur to Chapalong (right bank of Lubha river),25.112806,92.350194,Debris,Slide,2016
485,19669,MG/EJH/2018/83CO8/01,Meghalaya,East Jaintia Hills,Sonapur 4km mile stone,NH6,25.112861,92.877556,Rock,Slide,NA
485,19670,ML/EJH/83C08/2014/02,Meghalaya,East Jaintia Hills,Sonapyrdi,NH 44,25.11303,92.37394,Debris,Slide,NA
485,19671,MEG/WJH/83C4/2016/108,Meghalaya,East Jaintia Hills,2.06 km SW of Sonapyrdi,Approach road Sonapur to Chapalong (right bank of Lubha river),25.113475,92.350506,Debris,Slide,2013
485,19672,MEG/WJH/83C4/2016/105,Meghalaya,East Jaintia Hills,Sonapyrdi,NH44,25.113586,92.370594,Debris,Slide,2014
485,19673,MEG/WJH/83C4/2016/106,Meghalaya,East Jaintia Hills,1.25 km SW of Sonapyrdi,Approach road Sonapur to Chapalong (right bank of Lubha river),25.114997,92.358378,Debris,Slide,2014
485,19674,MEG/WJH/83C4/2016/107,Meghalaya,East Jaintia Hills,1.47 km W of Sonapyrdi,Approach road Sonapur to Chapalong (right bank of Lubha river),25.117453,92.35705,Debris,Slide,2015
485,19675,MEGH/JH/83C08/2007/D-23,Meghalaya,Jaintia Hills,Sonapur slide,NH-44,25.12186,92.388583,NA,Flow,31 July 2007
485,19676,MEG/WJH/83C4/2016/137,Meghalaya,East Jaintia Hills,4.50km SE of Lympyngngad,┬á,25.122381,92.243069,Debris,Slide,2016
485,19677,MEG/WJH/83C4/2016/115,Meghalaya,East Jaintia Hills,2.31 km NE of Sonapyrdi,NH44,25.126972,92.388083,Debris,Slide,2016
485,19678,MEG/WJH/83C4/2016/116,Meghalaya,East Jaintia Hills,2.48 km NE of Sonapyrdi,NH44,25.129169,92.388306,Rock,Slide,2016
485,19679,MEG/WJH/83C4/2016/136,Meghalaya,East Jaintia Hills,2.23 km SE of Lympyngngad,┬á,25.133289,92.225272,Debris,Slide,2015
485,19680,MEG/WJH/83C4/2016/135,Meghalaya,East Jaintia Hills,2.12 km SE of Lympyngngad,NA,25.133911,92.222392,Debris,Slide,2015
486,19681,MEGH/JH/83C08/2007/D-22,Meghalaya,Jaintia Hills,Tongseng slide,NH - 44,25.134194,92.383528,Rock cum Debris,Slide,31 July 2007
486,19682,MEG/WJH/83C4/2016/141,Meghalaya,East Jaintia Hills,Tongseng,NH44,25.134293,92.38155,Debris,Slide,2010
486,19683,MEG/WJH/83C4/2016/68,Meghalaya,East Jaintia Hills,0.96 km NNE of Tongseng,NH44,25.134972,92.380278,Rock,Slide,2014
486,19684,MEG/WJH/83C4/2016/134,Meghalaya,East Jaintia Hills,1.92 km SE of Lympyngngad,NA,25.136047,92.222064,Debris,Slide,2016
486,19685,MEG/WJH/83C4/2016/44,Meghalaya,West Jaintia Hills,0.50 km S of Hawai Bhoi,Muktapur ΓÇôSankhat┬á road,25.143375,92.141861,Debris,Slide,2010
486,19686,MEG/WJH/83C4/2016/133,Meghalaya,East Jaintia Hills,0.97 km SE of Lympyngngad,NA,25.143969,92.217497,Debris,Slide,2016
486,19687,MEG/WJH/83C4/2016/117,Meghalaya,East Jaintia Hills,0.53 km N of Tongseng,NH44,25.14775,92.375528,Debris,Slide,2016
486,19688,MEG/WJH/83C4/2016/36,Meghalaya,West Jaintia Hills,2.71 km SW of Lympyngad,Muktapur ΓÇô Lympyngad road,25.147942,92.181586,Debris,Slide,2016
486,19689,MEG/WJH/83C4/2016/34,Meghalaya,West Jaintia Hills,3.05 km SW of Lympyngad,Muktapur ΓÇô Lympyngad road,25.148019,92.178114,Debris,Slide,2016
486,19690,MEG/WJH/83C4/2016/35,Meghalaya,West Jaintia Hills,2.80 km SW of Lympyngad,Muktapur ΓÇô Lympyngad road,25.148083,92.180639,Debris,Slide,2016
486,19691,MEG/WJH/83C4/2016/33,Meghalaya,West Jaintia Hills,3.15 km E of Lympyngad,Muktapur ΓÇô Lympyngad road,25.148158,92.177172,Debris,Slide,2016
486,19692,MEG/WJH/83C4/2016/32,Meghalaya,West Jaintia Hills,3.25 km SW of Lympyngad,Muktapur ΓÇô Lympyngad road,25.148303,92.176236,Debris,Slide,2016
486,19693,MEG/WJH/83C4/2016/31,Meghalaya,West Jaintia Hills,3.36 km SW of Lympyngad,Muktapur ΓÇô Lympyngad road,25.148747,92.175119,Debris,Slide,2016
486,19694,MEG/WJH/83C4/2016/118,Meghalaya,East Jaintia Hills,1.09 km NNW of Tongseng,NH44,25.149603,92.367964,Debris,Slide,NA
486,19695,MEG/WJH/83C4/2016/132,Meghalaya,East Jaintia Hills,0.54 km NE of Lympyngngad,NA,25.14965,92.214519,Debris,Slide,2016
486,19696,MEG/WJH/83C4/2016/131,Meghalaya,West Jaintia Hills,0.47 km NE of Lympyngngad,NA,25.150286,92.213508,Debris,Slide,2016
486,19697,MEG/WJH/83C4/2016/37,Meghalaya,West Jaintia Hills,1.75 km NW of Lympyngad,Muktapur ΓÇô Lympyngad road,25.151189,92.191308,Debris,Slide,NA
486,19698,MEG/WJH/83C4/2016/38,Meghalaya,West Jaintia Hills,1.37 km NW of Lympyngad,Muktapur ΓÇô Lympyngad road,25.152367,92.195708,Debris,Slide,2016
486,19699,MEG/WJH/83C4/2016/39,Meghalaya,West Jaintia Hills,0.58km NNW of Lympyngad,Muktapur ΓÇô Lympyngad road,25.153272,92.206058,Debris,Slide,2016
486,19700,MEG/WJH/83C4/2016/41,Meghalaya,West Jaintia Hills,Hawali Tilla,Muktapur ΓÇôSankhat road,25.156419,92.141353,Debris,Slide,2016
486,19701,MEG/WJH/83C4/2016/42,Meghalaya,West Jaintia Hills,0.60 km NW of Lympyngad,Muktapur ΓÇô Lympyngad┬á road,25.156542,92.198469,Debris,Slide,2016
486,19702,MEG/WJH/83C4/2016/43,Meghalaya,West Jaintia Hills,1.40 km NW of Lympyngad,Muktapur ΓÇô Lympyngad┬á road,25.156889,92.198194,Debris,Slide,NA
486,19703,MEG/WJH/83C4/2016/130,Meghalaya,East Jaintia Hills,2.27 km SW of Borghat,NA,25.157592,92.239928,Debris,Slide,2016
486,19704,MG/EKH/78O12/2017/72,Meghalaya,East Khasi Hills,NA,<Null>,25.158643,91.525222,Rock,Slide,NA
486,19705,MEG/WJH/83C4/2016/40,Meghalaya,West Jaintia Hills,Kharkhana┬á,Muktapur ΓÇô Lympyngad road,25.159367,92.202078,Debris,Slide,2016
486,19706,MG/EKH/78O12/2017/63,Meghalaya,East Khasi Hills,NA,<Null>,25.159469,91.528337,Rock,Slide,NA
486,19707,MG/EKH/78O12/2017/76,Meghalaya,East Khasi Hills,NA,<Null>,25.160222,91.527843,Rock,Slide,NA
486,19708,MG/EKH/78O08/2017/4,Meghalaya,East Khasi Hills,NA,<Null>,25.160398,91.489558,Rock,Slide,NA
486,19709,MEG/EJH/83C08/2022/01,Meghalaya,East Jaintia Hills,NA,NA,25.16400556,92.38702778,Debris,Slide,2022
486,19710,MEG/WJH/83C4/2016/119,Meghalaya,East Jaintia Hills,Brishyrnot Slide,Approach to Brishyrnot,25.164133,92.417747,Debris,Slide,2016
486,19711,MEG/WJH/83C4/2016/120,Meghalaya,East Jaintia Hills,1.09 km SE of Narphu,NH44,25.165028,92.388056,Rock,Slide,2016
486,19712,MEG/WJH/83C4/2016/121,Meghalaya,East Jaintia Hills,0.63 km SE of Narphu,NH44,25.165222,92.388389,Debris,Slide,2016
486,19713,MG/EKH/78O12/2017/77,Meghalaya,East Khasi Hills,NA,Along Mawlong Shella road,25.169159,91.690014,Rock,Slide,NA
486,19714,MG/EKH/78O12/2017/34,Meghalaya,East Khasi Hills,NA,Along ShelalSohra road,25.180032,91.65815,Rock,Slide,NA
486,19715,MG/EKH/78O12/2017/42,Meghalaya,East Khasi Hills,NA,Along Hat MawdonShella bypass road,25.180536,91.576839,Rock,Slide,NA
486,19716,MG/EKH/78O12/2017/28,Meghalaya,East Khasi Hills,NA,Along LawbahHat Mawdon,25.18092,91.570335,Rock,Slide,NA
486,19717,MG/EKH/78O12/2017/12,Meghalaya,East Khasi Hills,NA,Along LawbahHat Mawdon,25.181759,91.573658,Rock,Slide,NA
487,19718,MG/EKH/78O12/2017/33,Meghalaya,East Khasi Hills,Shella slide,250 m N of Shella village(Along shella river),25.181969,91.637545,Debris,Slide,2017
487,19719,MG/EKH/78O12/2017/23,Meghalaya,East Khasi Hills,NA,Along Hat MawdonShella bypass road,25.182254,91.618979,Rock,Slide,NA
487,19720,MEG/WJH/83C4/2016/26,Meghalaya,East Khasi Hills,0.5 km NE of Dawki,Dawki┬á Muktapur road (Near petrol pump),25.184381,92.029531,Debris,Slide,2005
487,19721,MG/EKH/78O08/2017/6,Meghalaya,East Khasi Hills,NA,1.5 Km SE of Balat Sonatola road,25.18676,91.396515,Debris,Slide,NA
487,19722,MG/EKH/78O16/2017/12,Meghalaya,East Khasi Hills,NA,along sohrashella bypass from Sohbar village,25.188327,91.761486,Rock,Slide,NA
487,19723,MEG/WJH/83C4/2016/25,Meghalaya,West Jaintia Hills,4.5 km NE of Dawki,Dawki Muktapur road,25.188444,92.074139,Debris,Slide,NA
487,19724,MEG/WJH/83C4/2016/30,Meghalaya,West Jaintia Hills,5.5 km NE of┬á Dawki┬á,Dawki Muktapur road,25.189106,92.079564,Debris,Slide,2010
487,19725,MG/EKH/78O08/2017/1,Meghalaya,East Khasi Hills,NA,NA,25.18955,91.453997,Rock,Slide,NA
487,19726,MEG/WJH/83C4/2016/24,Meghalaya,East Khasi Hills,2 km W of Dawki,NH40,25.191111,92.003389,Debris,Slide,2016
487,19727,MG/SWK/78O04/2017/7,Meghalaya,South West Khasi Hills,NA,SH4,25.191366,91.040468,Rock,Slide,NA
487,19728,MEG/WJH/83C4/2016/28,Meghalaya,West Jaintia Hills,Amlari,Amlari Syndai road,25.191611,92.155361,Debris,Slide,2016
487,19729,MEG/WJH/83C4/2016/122,Meghalaya,East Jaintia Hills,1.5 km W of Narphu,NH44,25.192422,92.37705,Debris,Slide,2016
487,19730,MG/EKH/78O12/2017/53,Meghalaya,East Khasi Hills,NA,Along LawbahHat Mawdon,25.196781,91.574727,Rock,Slide,NA
487,19731,MEG/WJH/83C4/2016/17,Meghalaya,West Jaintia Hills,1.7 km S of Satpator,Laremshiap road,25.197283,92.1991,Debris,Slide,2016
487,19732,MEG/WJH/83C4/2016/18,Meghalaya,West Jaintia Hills,0.5 km SW of Power station,Myntdu Leshka power station road,25.197283,92.2225,Debris,Slide,2016
487,19733,MG/SWK/78O04/2017/4,Meghalaya,South West Khasi Hills,NA,SH4,25.197881,91.139559,Rock,Slide,NA
487,19734,MG/EKH/78O16/2017/9,Meghalaya,East Khasi Hills,NA,Along the NongshkenLakading road,25.199311,91.858857,Debris,Slide,NA
487,19735,MEG/WJH/83C4/2016/16,Meghalaya,West Jaintia Hills,1.15 km S of Satpator,Laremshiap road,25.200333,92.200472,Debris,Slide,2016
487,19736,MG/EKH/78O12/2017/80,Meghalaya,East Khasi Hills,NA,Nag Nag village,25.200934,91.63449,Debris,Slide,NA
487,19737,MEGH/WKH/78O04/2008/D-26,Meghalaya,West Khasi Hills,Rajai slide,NA,25.201,91.234,Debris,Fall,12 August 2008
487,19738,MG/EKH/78O12/2017/8,Meghalaya,East Khasi Hills,NA,Approach road to Mustoh,25.20111,91.640451,Rock,Slide,NA
487,19739,MEGH/WKH/78O04/2008/D-27,Meghalaya,West Khasi Hills,Shipur slide,NA,25.20283,91.20908,Debris,Fall,10 August 2008
487,19740,MEG/WJH/83C4/2016/15,Meghalaya,West Jaintia Hills,1.5 km S of Satpator,Laremshiap road,25.202886,92.201147,Debris,Slide,2016
487,19741,MG/EKH/78O12/2017/4,Meghalaya,East Khasi Hills,NA,along sohrashella bypass from Sohbar village,25.204882,91.742535,Debris,Slide,NA
487,19742,MG/EKH/78O12/2017/39,Meghalaya,East Khasi Hills,NA,Along LawbahHat Mawdon,25.205078,91.57517,Debris,Slide,NA
487,19743,MG/EKH/78O16/2017/6,Meghalaya,East Khasi Hills,NA,Along sohrashella bypass from Sohbar village,25.205307,91.755686,Debris,Slide,NA
487,19744,MG/EKH/78O16/2017/2,Meghalaya,East Khasi Hills,NA,along sohrashella bypass from Sohbar village,25.205465,91.755789,Debris,Slide,NA
487,19745,MG/EKH/78O12/2017/5,Meghalaya,East Khasi Hills,NA,along sohrashella bypass from Sohbar village,25.205623,91.736208,Debris,Slide,NA
487,19746,MG/EKH/78O12/2017/30,Meghalaya,East Khasi Hills,NA,<Null>,25.205651,91.599771,Rock,Slide,NA
487,19747,MG/EKH/78O16/2017/5,Meghalaya,East Khasi Hills,NA,Along sohrashella bypass from Sohbar village,25.206426,91.75498,Rock,Slide,NA
487,19748,MG/EKH/78O12/2017/26,Meghalaya,East Khasi Hills,NA,along sohrashella bypass from Sohbar village,25.20655,91.744914,Debris,Slide,NA
487,19749,MG/EKH/78O12/2017/32,Meghalaya,East Khasi Hills,NA,Along SohraMawlong road,25.206573,91.738428,Debris,Slide,NA
487,19750,MG/EKH/78O12/2017/64,Meghalaya,East Khasi Hills,NA,Along Sohra Mawlong road,25.206686,91.73898,Debris,Slide,NA
487,19751,MG/SWK/78O04/2017/3,Meghalaya,South West Khasi Hills,Rajai slide,About 1 km NE of Rajai village,25.206763,91.231417,Rock,Slide,NA
487,19752,MG/EKH/78O12/2017/65,Meghalaya,East Khasi Hills,NA,Along Sohra Mawlong road,25.206885,91.740497,Debris,Slide,NA
488,19753,MG/EKH/78O12/2017/71,Meghalaya,East Khasi Hills,NA,along sohrashella bypass from Sohbar village,25.206892,91.736341,Debris,Slide,NA
488,19754,MEG/WJH/83C4/2016/14,Meghalaya,West Jaintia Hills,Satpator,Laremshiap road,25.206972,92.208028,Debris,Slide,2016
488,19755,MG/EKH/78O12/2017/44,Meghalaya,East Khasi Hills,NA,Along Sohra Mawlong road,25.2071,91.741225,Debris,Slide,NA
488,19756,MG/EKH/78O12/2017/29,Meghalaya,East Khasi Hills,NA,<Null>,25.207314,91.592357,Rock,Slide,NA
488,19757,MG/EKH/78O12/2017/22,Meghalaya,East Khasi Hills,NA,along sohrashella bypass from Sohbar village,25.207515,91.746839,Debris,Slide,NA
488,19758,MG/EKH/78O12/2017/41,Meghalaya,East Khasi Hills,NA,Along Mawlong Shella road,25.208256,91.69041,Debris,Slide,NA
488,19759,MG/EKH/78O12/2017/62,Meghalaya,East Khasi Hills,NA,Along LawbahHat Mawdon,25.208313,91.606889,Rock,Slide,NA
488,19760,MG/EKH/78O12/2017/73,Meghalaya,East Khasi Hills,NA,Along Sohra Mawlong road,25.20836,91.725397,Debris,Slide,NA
488,19761,MG/EKH/78O12/2017/66,Meghalaya,East Khasi Hills,NA,Along Sohra Mawlong road,25.208593,91.742294,Debris,Slide,2017
488,19762,MG/EKH/78O12/2017/36,Meghalaya,East Khasi Hills,NA,Approach road to Mustoh,25.209427,91.646032,Rock,Slide,NA
488,19763,MG/EKH/78O12/2017/10,Meghalaya,East Khasi Hills,NA,Approach road to Mustoh,25.209456,91.646315,Rock,Slide,NA
488,19764,MG/EKH/78O12/2017/47,Meghalaya,East Khasi Hills,NA,50 m downslope of approach road to Sohbar village,25.209568,91.745894,Rock,Slide,NA
488,19765,MG/EKH/78O12/2017/50,Meghalaya,East Khasi Hills,NA,Approach road to Mustoh,25.209703,91.646662,Rock,Slide,NA
488,19766,MG/SWK/78O04/2017/1,Meghalaya,South West Khasi Hills,Ranikor slide,AlongNonghyllam Ranikor road (nearRanikor),25.211269,91.208223,Rock,Slide,NA
488,19767,MEG/WJH/83C4/2016/10,Meghalaya,West Jaintia Hills,0.24 km N of Nongtalang,NH40E( Jowai Dawki road),25.211722,92.065389,Debris,Slide,2016
488,19768,MEG/WJH/83C4/2016/09,Meghalaya,West Jaintia Hills,0.25 km N of Nongtalang,NH40E( Jowai Dawki road),25.211814,92.065517,Debris,Slide,NA
488,19769,MEG/WJH/83C4/2016/27,Meghalaya,West Jaintia Hills,1.3 km E of Sohkha mission,NH40E,25.21225,92.047306,Debris,Slide,2016
488,19770,MG/EKH/78O12/2017/19,Meghalaya,East Khasi Hills,NA,Approach road to Sohbar village,25.212554,91.747962,Debris,Slide,NA
488,19771,MEG/WJH/83C4/2016/29,Meghalaya,West Jaintia Hills,1.13 km E of Sohkha mission,NH40E,25.214153,92.045428,Debris,Slide,2016
488,19772,MG/EKH/78O12/2017/43,Meghalaya,East Khasi Hills,NA,Along LawbahHat Mawdon,25.214783,91.590875,Rock,Slide,NA
488,19773,MEG/WJH/83C4/2016/08,Meghalaya,West Jaintia Hills,1.3 km W of Nongtalang Amsohmeheleng,NH40E( Jowai Dawki road),25.214944,92.073917,Debris,Slide,2016
488,19774,MEG/WJH/83C4/2016/07,Meghalaya,West Jaintia Hills,Nongtalang┬á Amsohmeheleng,NH40E( Jowai Dawki road),25.215028,92.075167,Debris,Slide,NA
488,19775,MEG/WJH/83C4/2016/05,Meghalaya,West Jaintia Hills,0.24 km NE of Nongtalang Amsohmeheleng,NH40E,25.215583,92.077639,Debris,Slide,NA
488,19776,MEG/WJH/83C4/2016/06,Meghalaya,West Jaintia Hills,0.21 km NE of Nongtalang Amsohmeheleng,NH40E,25.215611,92.077361,Debris,Slide,NA
488,19777,MG/EKH/78O12/2017/54,Meghalaya,East Khasi Hills,NA,Along Sohra Mawlong road,25.216078,91.738387,Debris,Slide,NA
488,19778,MG/EKH/78O08/2017/2,Meghalaya,East Khasi Hills,NA,Along Mawsynrambalat road,25.216169,91.389142,Rock,Slide,2009
488,19779,MG/EKH/78O12/2017/46,Meghalaya,East Khasi Hills,NA,Along Sohra Mawlong road,25.216464,91.735629,Debris,Slide,NA
488,19780,MG/EKH/78O12/2017/48,Meghalaya,East Khasi Hills,NA,Along Sohra Mawlong road,25.216805,91.709405,Rock,Slide,NA
488,19781,MG/EKH/78O12/2017/20,Meghalaya,East Khasi Hills,NA,Along Sohra Mawlong road,25.217558,91.709355,Rock,Slide,NA
488,19782,MG/EKH/78O12/2017/55,Meghalaya,East Khasi Hills,NA,Along Sohra Mawlong road,25.217886,91.73381,Rock,Slide,NA
488,19783,MG/EKH/78O12/2017/18,Meghalaya,East Khasi Hills,NA,Along Sohra Mawlong road,25.218732,91.740262,Debris,Slide,2017
488,19784,MG/EKH/78O12/2017/61,Meghalaya,East Khasi Hills,NA,Along LawbahHat Mawdon,25.218821,91.581584,Rock,Slide,NA
488,19785,MG/EKH/78O12/2017/31,Meghalaya,East Khasi Hills,NA,Along Sohra Mawlong road,25.218961,91.707094,Rock,Slide,NA
488,19786,MG/EKH/78O12/2017/16,Meghalaya,East Khasi Hills,NA,Along Sohra Mawlong road,25.219787,91.710947,Rock,Slide,NA
488,19787,MG/EKH/78O12/2017/11,Meghalaya,East Khasi Hills,NA,<Null>,25.220023,91.631989,Rock,Slide,NA
488,19788,MG/EKH/78O12/2017/9,Meghalaya,East Khasi Hills,NA,Along SohraMawlong road,25.22026,91.720198,Debris,Slide,NA
488,19789,MG/SWK/78O04/2017/6,Meghalaya,South West Khasi Hills,NA,AlongNonghyllam Ranikor road,25.220764,91.187,Rock,Slide,NA
488,19790,MG/EKH/78O12/2017/13,Meghalaya,East Khasi Hills,NA,Along Sohra Mawlong road,25.221164,91.719886,Debris,Slide,NA
488,19791,MG/EKH/78O08/2017/7,Meghalaya,East Khasi Hills,NA,Along MawsynramBalat road,25.221406,91.387092,Rock,Slide,NA
489,19792,MG/SWK/78O04/2017/5,Meghalaya,South West Khasi Hills,NA,AlongNonghyllam Ranikor road,25.221572,91.185833,Debris,Slide,NA
489,19793,MG/EKH/78O12/2017/67,Meghalaya,East Khasi Hills,NA,Along Sohra Mawlong road,25.22175,91.693006,Rock,Slide,NA
489,19794,MG/EKH/78O12/2017/45,Meghalaya,East Khasi Hills,NA,Along Sohra Mawlong road,25.222221,91.742134,Debris,Slide,2017
489,19795,MG/EKH/78O16/2017/1,Meghalaya,East Khasi Hills,NA,Along approach road to Laitiam village,25.222304,91.763619,Debris,Slide,NA
489,19796,MG/EKH/78O12/2017/35,Meghalaya,East Khasi Hills,NA,Along Sohra Mawlong road,25.222501,91.714409,Rock,Slide,NA
489,19797,MG/EKH/78O16/2017/8,Meghalaya,East Khasi Hills,NA,Along approach road to Laitiam,25.222528,91.765256,Debris,Slide,NA
489,19798,MG/EKH/78O12/2017/38,Meghalaya,East Khasi Hills,NA,Along Mawlong Tyrna road,25.222564,91.691398,Rock,Slide,NA
489,19799,MG/EKH/78O16/2017/11,Meghalaya,East Khasi Hills,NA,Along approach road to Laitiam village,25.223307,91.762345,Debris,Slide,NA
489,19800,MG/EKH/78O12/2017/70,Meghalaya,East Khasi Hills,NA,Laitkynsew view point road,25.223553,91.671157,Rock,Slide,NA
489,19801,MG/EKH/78O16/2017/10,Meghalaya,East Khasi Hills,NA,Along approach road to Laitiam vilalge,25.223708,91.76661,Debris,Slide,NA
489,19802,MG/EKH/78O12/2017/2,Meghalaya,East Khasi Hills,NA,Along Sohra Mawlong road,25.223769,91.740164,Debris,Slide,2017
489,19803,MG/EKH/78O12/2017/37,Meghalaya,East Khasi Hills,NA,Along Mawlong Tyrna road,25.224417,91.689893,Debris,Slide,NA
489,19804,MG/EKH/78O12/2017/40,Meghalaya,East Khasi Hills,NA,Along Sohra Mawlong road,25.224506,91.704403,Rock,Slide,NA
489,19805,MG/EKH/78O12/2017/14,Meghalaya,East Khasi Hills,NA,Along Sohra Mawlong road,25.224654,91.735929,Debris,Slide,NA
489,19806,MG/EKH/78O12/2017/17,Meghalaya,East Khasi Hills,NA,<Null>,25.224808,91.696177,Debris,Slide,NA
489,19807,MG/EKH/78O16/2017/3,Meghalaya,East Khasi Hills,NA,Approach road to SohlaitNongshken,25.225772,91.863037,Debris,Slide,NA
489,19808,MG/EKH/78O12/2017/27,Meghalaya,East Khasi Hills,NA,Along Sohra Mawlong road,25.226046,91.701458,Rock,Slide,NA
489,19809,MG/EKH/78O16/2017/4,Meghalaya,East Khasi Hills,NA,Along the approach road to Laitiam village,25.226751,91.754441,Debris,Slide,2017
489,19810,MEG/WJH/83C4/2016/04,Meghalaya,West Jaintia Hills,2km NE of Nongtalang Amsohmeheleng,NH40E,25.226806,92.090611,Debris,Slide,2015
489,19811,MG/EKH/78O12/2017/49,Meghalaya,East Khasi Hills,NA,Along Sohra Mawlong road,25.227063,91.691293,Rock,Slide,NA
489,19812,MG/EKH/78O12/2017/79,Meghalaya,East Khasi Hills,NA,Along Sohra Mawlong road,25.227183,91.690972,Rock,Slide,NA
489,19813,MG/EKH/78O12/2017/15,Meghalaya,East Khasi Hills,NA,Along approach road to Laitiam village,25.227249,91.748917,Debris,Slide,2017
489,19814,MG/EKH/78O12/2017/52,Meghalaya,East Khasi Hills,NA,Along Mawlong Tyrna road,25.22784,91.688252,Rock,Slide,NA
489,19815,MG/EKH/78O12/2017/21,Meghalaya,East Khasi Hills,NA,Along Mawlong Tyrna road,25.228005,91.687913,Rock,Slide,NA
489,19816,MG/EKH/78O12/2017/51,Meghalaya,East Khasi Hills,NA,Along Mawlong Tyrna road,25.228272,91.687776,Rock,Slide,NA
489,19817,MG/EKH/78O12/2017/57,Meghalaya,East Khasi Hills,NA,Along Sohra Mawlong road,25.228344,91.693332,Debris,Slide,NA
489,19818,MEG/WJH/83C4/2016/13,Meghalaya,West Jaintia Hills,4.1 km E of Pdengshakap,Laremshiap road,25.228472,92.187806,Debris,Slide,2016
489,19819,MG/EKH/78O16/2017/13,Meghalaya,East Khasi Hills,NA,NH40 (PynurslaDawki road),25.228755,91.963018,Rock,Slide,NA
489,19820,MG/EKH/78O12/2017/56,Meghalaya,East Khasi Hills,NA,Along Sohra Mawlong road,25.229161,91.693249,Debris,Slide,NA
489,19821,MEG/WJH/83C4/2016/22,Meghalaya,West Jaintia Hills,0.85 km SW of Power station,Myntdu Leshka power station road,25.229167,92.2235,Debris,Slide,2016
489,19822,MG/EKH/78O12/2017/25,Meghalaya,East Khasi Hills,NA,<Null>,25.229706,91.745297,Rock,Slide,NA
489,19823,MG/EKH/78O12/2017/74,Meghalaya,East Khasi Hills,NA,Along Sohra Mawlong road,25.229822,91.693551,Debris,Slide,NA
489,19824,MEG/WJH/83C4/2016/21,Meghalaya,West Jaintia Hills,0.79 km SW of Power station,Myntdu Leshka power station road,25.229972,92.223278,Debris,Slide,2016
489,19825,MEG/WJH/83C4/2016/20,Meghalaya,West Jaintia Hills,0.94 km SW of Power station,Myntdu Leshka power station road,25.230047,92.221119,Rock,Slide,2016
489,19826,MG/EKH/78O12/2017/59,Meghalaya,East Khasi Hills,NA,Along Mawlong Tyrna road,25.230063,91.688941,Rock,Slide,NA
489,19827,MEG/WJH/83C4/2016/19,Meghalaya,West Jaintia Hills,0.84 km SW of Power station,Myntdu Leshka power station road,25.231383,92.2215,Debris,Slide,2016
489,19828,MEG/WJH/83C4/2016/12,Meghalaya,West Jaintia Hills,3.14 km E of Pdengshakap,Laremshiap road,25.232417,92.178881,Debris,Slide,2016
489,19829,MEG/WJH/83C4/2016/23,Meghalaya,West Jaintia Hills,1.87 km W of Power station,Myntdu Leshka power station road,25.233583,92.209583,Debris,Slide,2015
490,19830,MG/EKH/78O16/2017/7,Meghalaya,East Khasi Hills,NA,Approach road to SohlaitNongshken,25.234097,91.866071,Debris,Slide,NA
490,19831,MG/EKH/78O12/2017/78,Meghalaya,East Khasi Hills,NA,Along Mawlong Tyrna road,25.23416,91.690216,Rock,Slide,NA
490,19832,MEG/WJH/83C4/2016/03,Meghalaya,West Jaintia Hills,2.98 km NE of Nongtalang Amsohmeheleng,NH40E,25.234922,92.095531,Debris,Slide,2015
490,19833,MG/EKH/78O12/2017/58,Meghalaya,East Khasi Hills,NA,Along Mawlong Tyrna road,25.234952,91.689803,Debris,Slide,NA
490,19834,MG/EKH/78O12/2017/75,Meghalaya,East Khasi Hills,NA,Along Mawlong Tyrna road,25.234966,91.690051,Debris,Slide,NA
490,19835,MG/EKH/78O12/2017/24,Meghalaya,East Khasi Hills,NA,Along Mawlong Tyrna road,25.23572,91.68776,Debris,Slide,NA
490,19836,MEG/WJH/83C4/2016/02,Meghalaya,West Jaintia Hills,3.16 km NE of Nongtalang Amsohmeheleng,NH40E,25.236428,92.096172,Debris,Slide,2015
490,19837,MG/EKH/78O12/2017/68,Meghalaya,East Khasi Hills,NA,Along Mawlong Tyrna road,25.236582,91.688857,Debris,Slide,NA
490,19838,MEGH/EKH/78O08/2008/D-25,Meghalaya,East Khasi Hills,Throngpleng slide,Trongpleng – Wawsynram – Balat Road,25.23707,91.43212,Debris,Slide,"16th &17th August ,2008"
490,19839,MG/EKH/78O12/2017/69,Meghalaya,East Khasi Hills,NA,<Null>,25.237221,91.679456,Rock,Slide,NA
490,19840,MEG/WJH/83C4/2016/01,Meghalaya,West Jaintia Hills,3.29 km NE of Nongtalang Amsohmeheleng,NH40E,25.237361,92.096992,Debris,Slide,2015
490,19841,MG/SWK/78O04/2017/2,Meghalaya,South West Khasi Hills,NA,<Null>,25.239068,91.174728,Debris,Slide,NA
490,19842,MEGH/SGH/78K12/2007/D-21,Meghalaya,South Garo hills,Baghmara slide,NA,25.23908,90.63944,Debris,Slide,2nd week of August 2007
490,19843,MG/EKH/78O12/2017/7,Meghalaya,East Khasi Hills,NA,<Null>,25.240315,91.733388,Rock,Fall,NA
490,19844,MG/EKH/78O12/2017/60,Meghalaya,East Khasi Hills,NA,Approach road to Tyrna village,25.240338,91.677786,Debris,Slide,NA
490,19845,MG/EKH/78O16/2017/15,Meghalaya,East Khasi Hills,NA,Approach road to SohlaitNongshken,25.24327,91.866626,Debris,Slide,NA
490,19846,MG/EKH/78O12/2017/1,Meghalaya,East Khasi Hills,NA,<Null>,25.243358,91.747094,Rock,Slide,2017
490,19847,MG/EKH/78O16/2017/14,Meghalaya,East Khasi Hills,NA,Approach road to SohlaitNongshken,25.243671,91.866854,Debris,Slide,NA
490,19848,MG/EKH/78O12/2017/3,Meghalaya,East Khasi Hills,NA,<Null>,25.243783,91.738698,Rock,Slide,NA
490,19849,MEG/WJH/83C4/2016/11,Meghalaya,West Jaintia Hills,4.10 km NE of Nongtalang Amsohmeheleng,NH40E,25.247014,92.096144,Debris,Slide,NA
490,19850,MG/EKH/78O12/2017/6,Meghalaya,East Khasi Hills,NA,300 m SSW of Nongriat village,25.247226,91.671435,Rock,Slide,NA
490,19851,MG/EKH/78O08/2017/3,Meghalaya,East Khasi Hills,NA,Along MawsynramBalat road,25.24736,91.451647,Debris,Slide,NA
490,19852,MG/EKH/78O08/2017/5,Meghalaya,East Khasi Hills,NA,Along MawsynramBalat road,25.247518,91.450545,Debris,Slide,NA
490,19853,MG/WKH/78O07/2017/4,Meghalaya,South West Khasi Hills,Mawpud road slide,Mawpud road,25.251211,91.454514,Debris,Slide,NA
490,19854,MEGH/WGH/78K03/2007/D-20,Meghalaya,West Garo Hills,Khoronggiri slide,Road (NH - 62),25.25419,90.21486,Debris,Slide,2nd week of August 2007
490,19855,ME/EKJ/78O15/2015/115,Meghalaya,East Khasi Hills,NA,Tangamng approach road,25.256259,91.868197,Debris,Slide,NA
490,19856,ME/EKJ/78O15/2015/116,Meghalaya,East Khasi Hills,NA,Tangamng approach road,25.257286,91.871763,Debris,Slide,NA
490,19857,ME/EKJ/78O15/2015/117,Meghalaya,East Khasi Hills,NA,Tangamng approach road,25.257449,91.87187,Debris,Slide,NA
490,19858,MEG/WJH/83C4/2016/123,Meghalaya,East Jaintia Hills,3 km S of Umtyra,NH44,25.258603,92.38555,Debris,Slide,2016
490,19859,ME/EKJ/78O15/2015/118,Meghalaya,East Khasi Hills,NA,Tangamng approach road,25.259326,91.872712,Debris,Slide,NA
490,19860,ME/EKJ/78O15/2015/119,Meghalaya,East Khasi Hills,NA,Tangamng approach road,25.2608,91.8736,Rock,Slide,NA
490,19861,MEG/WJH/83C4/2016/124,Meghalaya,East Jaintia Hills,2.7km S of Umtyra,NH44,25.261117,92.385231,Debris,Slide,2016
490,19862,MEG/WJH/83C4/2016/125,Meghalaya,East Jaintia Hills,2.58 km S of Umtyra,NH44,25.2625,92.384639,Debris,Slide,2016
490,19863,ME/WJH/883C03/2015/197,Meghalaya,West Jaintia Hills,NA,NA,25.262931,92.203628,Rock,Slide,NA
490,19864,ME/WJH/83C03/2015/185,Meghalaya,West Jaintia Hills,NA,NA,25.263806,92.203,Rock,Slide,NA
490,19865,MEG/WJH/83C4/2016/126,Meghalaya,East Jaintia Hills,2.3 km S of Umtyra,NH44,25.264575,92.381497,Debris,Slide,2016
490,19866,MG/EKH/78O11/2017/17,Meghalaya,East Khasi Hills,NA,Along MawsynramLawbah,25.265048,91.591553,Rock,Slide,NA
490,19867,ME/WJH/83C03/2015/178,Meghalaya,West Jaintia Hills,NA,Leshka,25.265158,92.202239,Rock,Slide,NA
491,19868,ME/WJH/83C03/2015/180,Meghalaya,West Jaintia Hills,NA,.80 km E of Leshka Dam,25.266067,92.204897,Debris,Slide,NA
491,19869,ME/WJH/83C03/2015/179,Meghalaya,West Jaintia Hills,NA,NA,25.266222,92.202528,Debris,Slide,NA
491,19870,MG/WKH/78O07/2017/1,Meghalaya,South West Khasi Hills,Mawpud village slide,Mawpud village,25.266939,91.383208,Debris,Slide,NA
491,19871,MG/EKH/78O11/2017/11,Meghalaya,East Khasi Hills,NA,Along MawsynramLawbah,25.26851,91.580418,Rock,Slide,NA
491,19872,ME/EKJ/78O15/2015/120,Meghalaya,East Khasi Hills,NA,Tangamng approach road,25.269949,91.875273,Debris,Slide,NA
491,19873,ME/EKJ/78O15/2015/121,Meghalaya,East Khasi Hills,NA,Tangamng approach road,25.27142,91.874884,Debris,Slide,NA
491,19874,ME/EKJ/78O15/2015/122,Meghalaya,East Khasi Hills,NA,Tangamng approach road,25.27197,91.874872,Debris,Slide,NA
491,19875,MG/EKH/78O11/2017/8,Meghalaya,East Khasi Hills,NA,<Null>,25.273217,91.609962,Rock,Slide,NA
491,19876,MG/EKH/78O11/2017/16,Meghalaya,East Khasi Hills,NA,Along MawsynramLawbah,25.27342,91.578074,Rock,Slide,NA
491,19877,MG/EKH/78O11/2017/10,Meghalaya,East Khasi Hills,NA,Along MawsynramLawbah,25.273477,91.577794,Rock,Slide,NA
491,19878,MEG/WJH/83C4/2016/127,Meghalaya,East Jaintia Hills,1.57 km SW ofUmtyra,NH44,25.274,92.373944,Debris,Slide,2016
491,19879,ME/EKJ/78O15/2015/113,Meghalaya,East Khasi Hills,NA,Mawbeh approach road,25.277215,91.865449,Debris,Slide,NA
491,19880,MG/EKH/78O11/2017/3,Meghalaya,East Khasi Hills,NA,Along MawsynramLawbah,25.277934,91.575,Rock,Slide,NA
491,19881,MG/WKH/78O07/2017/2,Meghalaya,South West Khasi Hills,Nongnah slide,NongnahRanikor road,25.278028,91.348931,Rock,Slide,NA
491,19882,MEG/WJH/83C4/2016/128,Meghalaya,East Jaintia Hills,0.65 km S of Umtyra,NH44,25.280528,92.380042,Debris,Slide,2014
491,19883,MEG/WJH/83C4/2016/139,Meghalaya,East Jaintia Hills,2.63 km E of Umsatai,NA,25.281122,92.345397,Debris,Slide,2016
491,19884,MEG/WJH/83C4/2016/138,Meghalaya,East Jaintia Hills,2.24 km E of Umsatai,NA,25.282267,92.341433,Debris,Slide,2016
491,19885,MEG/EKH/78O11/2024/03,Meghalaya,East Khasi Hills,NA,NA,25.28236861,91.73874417,Debris,Slide and flow,30 May 2024 at 02:00 AM.
491,19886,MG/EKH/78O11/2017/14,Meghalaya,East Khasi Hills,NA,<Null>,25.282485,91.57685,Rock,Slide,NA
491,19887,ME/EKJ/78O15/2015/114,Meghalaya,East Khasi Hills,NA,Nongjiri approach road,25.282608,91.867354,Debris,Slide,NA
491,19888,MG/EKH/78O11/2017/13,Meghalaya,East Khasi Hills,NA,<Null>,25.282943,91.580161,Rock,Slide,NA
491,19889,MG/WKH/78O03/2017/14,Meghalaya,West Khasi Hills,1.1 km N of Nongphanwior,Phlangdiloin langpa road,25.288467,91.224269,Debris,Slide,NA
491,19890,MG/EKH/78O11/2017/5,Meghalaya,South West Khasi Hills,NA,<Null>,25.289055,91.533039,Rock,Slide,NA
491,19891,ME/EKJ/78O15/2015/108,Meghalaya,East Khasi Hills,NA,NH-40 (Shillong-Dauki road),25.294601,91.930853,Debris,Slide,NA
491,19892,MEGH/EKH/78O15/2009/D-41,Meghalaya,East Khasi Hills,Siatbakan slide,NA,25.294778,91.930833,Rock,Slide,NA
491,19893,MG/EKH/78O11/2017/2,Meghalaya,East Khasi Hills,NA,village approach road,25.295624,91.56964,Rock,Slide,NA
491,19894,MG/WKH/78O03/2017/12,Meghalaya,West Khasi Hills,2 km N of Kulang,Kulang Sdaddkhar road,25.295881,91.071747,Debris,Slide,NA
491,19895,MEG/EKH/78O15/2022/01,Meghalaya,East Khasi Hills,NA,NA,25.296,91.932,Rock,Slide,04 April 2022
491,19896,MEG/WJH/83C4/2016/129,Meghalaya,East Jaintia Hills,1.38 km NNE of Umtyra,NH44,25.297628,92.387525,Debris,Slide,2016
491,19897,MEGH/EKH/78O15/2008/D-44,Meghalaya,East Khasi Hills,Pynursla-4 slide,NA,25.298806,91.923167,Rock,Slide,NA
491,19898,MG/EKH/78O11/2017/1,Meghalaya,East Khasi Hills,Arwa Slide,Along the way (near) to Arwa cave,25.298951,91.726475,Rock,Slide,NA
491,19899,MG/WKH/78O07/2017/3,Meghalaya,South West Khasi Hills,Turnia Shining Secondary School slide,Ngunrao village.,25.299369,91.325575,Debris,Slide,NA
491,19900,MG/EKH/78O11/2017/9,Meghalaya,East Khasi Hills,NA,Along the way to Arwa cave,25.299931,91.726268,Rock,Slide,NA
491,19901,ME/EKJ/78O15/2015/123,Meghalaya,East Khasi Hills,NA,Pynter approach raod,25.300281,91.944944,Rock,Slide,NA
491,19902,MEGH/EKH/78O11/2009/D-37,Meghalaya,East Khasi Hills,Umstew landslide,Road (Shillong-Sohra),25.300389,91.726722,Debris,Slide,29 June 2009
491,19903,MEGH/EKH/78O15/2008/D-42,Meghalaya,East Khasi Hills,Pynursla slide,NA,25.301167,91.929306,Rock,Slide,NA
491,19904,ME/EKJ/78O15/2015/112,Meghalaya,East Khasi Hills,NA,NH-40 (Shillong-Dauki road),25.301383,91.922017,Debris,Slide,NA
491,19905,MEGH/EKH/78O15/2008/D-43,Meghalaya,East Khasi Hills,Pynursla-2 slide,NA,25.301444,91.9245,Rock,Slide,NA
491,19906,ME/EKJ/78O15/2015/111,Meghalaya,East Khasi Hills,NA,NH-40 (Shillong-Dauki road),25.301559,91.922585,Debris,Slide,NA
491,19907,ME/EKJ/78O15/2015/110,Meghalaya,East Khasi Hills,NA,NH-40 (Shillong-Dauki road),25.301676,91.923138,Debris,Slide,NA
491,19908,ME/EKJ/78O15/2015/109,Meghalaya,East Khasi Hills,NA,NH-40 (Shillong-Dauki road),25.302544,91.925218,Debris,Slide,NA
491,19909,MG/WKH/78O03/2017/13,Meghalaya,West Khasi Hills,3 km NNE of Kulang,Kulang Sdaddkhar road,25.305047,91.075778,Debris,Slide,NA
491,19910,MG/EJH/83C11/2018/17,Meghalaya,East Jaintia Hills,Thuruk slide no 5,Lura-Thuruk road,25.309969,92.69525,Rock,Slide,NA
491,19911,MG/WKH/78K15/2018/4,Meghalaya,West Khasi Hills,South of Shikna,NULL,25.311336,90.969222,Debris,Slide,NA
492,19912,MEGH/EKH/78O15/2008/D-45,Meghalaya,East Khasi Hills,Pynursla-3 slide,NA,25.311778,91.917528,Rock,Slide,NA
492,19913,ME/WJH/83C03/2015/170,Meghalaya,West Jaintia Hills,NA,7km S of Jarain,25.312667,92.130417,Debris,Slide,NA
492,19914,ML/SWKH/78O07/2014/01,Meghalaya,South West Khasi Hills,Tynnai Ground crack,Tynnai Village,25.31458,91.45242,Rock,Creep,6 August 2013
492,19915,MEGH/WKH/78O07/2007/D-10,Meghalaya,West Khasi Hills,Tynnai (West) slide,NA,25.31488,91.44913,Rock cum Debris,Slide,19 July 2007
492,19916,MEGH/WKH/78O07/2007/D-11,Meghalaya,West Khasi Hills,Rangjadong slide,NA,25.31488,91.33367,Debris,Slide,19 July 2007
492,19917,ME/EKJ/78O15/2015/140,Meghalaya,East Khasi Hills,NA,1 km SW of Myllad village,25.315176,91.923021,Rock,Slide,19 July 2007
492,19918,MG/EJH/83C11/2018/13,Meghalaya,East Jaintia Hills,Thuruk slide no 1,Lura-Thuruk road,25.316069,92.685461,Rock,Slide,NA
492,19919,MG/EJH/83C11/2018/15,Meghalaya,East Jaintia Hills,Thuruk slide no 3,Lura-Thuruk road,25.316519,92.692311,Debris,Slide,NA
492,19920,MG/EJH/83C11/2018/16,Meghalaya,East Jaintia Hills,Thuruk slide no 4,Lura-Thuruk road,25.316519,92.692,Soil,Fall,NA
492,19921,MG/EJH/83C11/2018/14,Meghalaya,East Jaintia Hills,Thuruk slide no 2,Lura-Thuruk road,25.316589,92.687186,Soil,Slide,NA
492,19922,MG/EJH/83C11/2018/18,Meghalaya,East Jaintia Hills,Thuruk slide no 6,Lura-Thuruk road,25.318161,92.687219,Rock,Slide,NA
492,19923,MEGH/WKH/78O07/2007/D-12,Meghalaya,West Khasi Hills,Tynnai East slide,NA,25.31848,91.45262,Debris,Fall,19 July 2007
492,19924,ME/EKJ/78O15/2015/134,Meghalaya,East Khasi Hills,NA,Approach road to Nongsder,25.320833,91.9275,Rock,Slide,19 July 2007
492,19925,ME/EKJ/78O15/2015/133,Meghalaya,East Khasi Hills,NA,Approach road to Nongsder,25.321102,91.927514,Rock,Slide,NA
492,19926,MG/EJH/83C11/2018/19,Meghalaya,East Jaintia Hills,Tongseng slide,Tongseng agri link road,25.321975,92.504228,Soil,Slide,NA
492,19927,ME/EKJ/78O15/2015/132,Meghalaya,East Khasi Hills,NA,Approach road to Nongsder,25.322897,91.927752,Rock,Slide,NA
492,19928,ME/EKJ/78O15/2015/126,Meghalaya,East Khasi Hills,NA,myllad approach raod,25.324583,91.940667,Debris,Slide,NA
492,19929,ME/EKJ/78O15/2015/125,Meghalaya,East Khasi Hills,NA,Myllad approach raod,25.324806,91.942194,Debris,Slide,NA
492,19930,ME/EKJ/78O15/2015/127,Meghalaya,East Khasi Hills,NA,Myllad approach raod,25.324861,91.938389,Debris,Slide,NA
492,19931,ME/EKJ/78O15/2015/124,Meghalaya,East Khasi Hills,NA,Myllad approach raod,25.324889,91.943417,Debris,Slide,NA
492,19932,ME/EKJ/78O15/2015/128,Meghalaya,East Khasi Hills,NA,Myllad approach raod,25.325889,91.935222,Debris,Slide,NA
492,19933,MG/EKH/78O11/2017/4,Meghalaya,East Khasi Hills,NA,village approach road,25.326032,91.659568,Rock,Slide,NA
492,19934,ME/EKJ/78O15/2015/130,Meghalaya,East Khasi Hills,NA,Approach road to Nongsder,25.326063,91.931808,Debris,Slide,NA
492,19935,ME/EKJ/78O15/2015/131,Meghalaya,East Khasi Hills,NA,Approach road to Nongsder,25.326204,91.932463,Debris,Slide,NA
492,19936,ME/EKJ/78O15/2015/129,Meghalaya,East Khasi Hills,NA,Myllad approach raod,25.326694,91.933972,Debris,Slide,NA
492,19937,ME/EKJ/78O15/2015/107,Meghalaya,East Khasi Hills,NA,NH-40 (Shillong-Dauki road),25.32765,91.893414,Debris,Slide,NA
492,19938,MG/EKH/78O11/2017/15,Meghalaya,East Khasi Hills,NA,vilalge approach road,25.331209,91.67737,Rock,Slide,NA
492,19939,MG/EKH/78O11/2017/12,Meghalaya,East Khasi Hills,NA,village approach road,25.331948,91.661011,Rock,Slide,NA
492,19940,ME/EKJ/78O15/2015/143,Meghalaya,East Khasi Hills,NA,1.2 km NE of Myllad village,25.332836,91.934395,Rock,Slide,NA
492,19941,MG/EJH/83C11/2018/12,Meghalaya,East Jaintia Hills,Bomkhosngi slide,Bomkhosngi-Saipung road,25.333758,92.589778,Soil,Slide,NA
492,19942,ME/EKJ/78O15/2015/72,Meghalaya,East Khasi Hills,NA,khrang approach road,25.338631,91.777559,Rock,Slide,NA
492,19943,ME/EKJ/78O15/2015/71,Meghalaya,East Khasi Hills,NA,khrang approach road,25.338711,91.775111,Rock,Fall,NA
492,19944,MG/EJH/83C11/2018/11,Meghalaya,East Jaintia Hills,Daistong slide no 4,2 km north of Daistong,25.339339,92.584781,Rock,Fall,NA
492,19945,ME/WJH/883C03/2015/194,Meghalaya,West Jaintia Hills,NA,NA,25.341306,92.009611,Rock,Slide,NA
492,19946,MG/EJH/83C11/2018/21,Meghalaya,East Jaintia Hills,Daistong slide no 6,Daistong village,25.342269,92.58225,Debris,Slide,NA
492,19947,ME/WJH/83C03/2015/174,Meghalaya,West Jaintia Hills,NA,NA,25.343028,92.0625,Rock,Slide,NA
492,19948,MG/EJH/83C11/2018/20,Meghalaya,East Jaintia Hills,Daistong slide no 5,1 km north of Daistong village,25.343111,92.584269,Rock,Slide,NA
492,19949,ME/WJH/83C03/2015/173,Meghalaya,West Jaintia Hills,NA,2.5km NW of Mynsang,25.343528,92.069028,Rock,Slide,NA
492,19950,MG/EJH/83C11/2018/10,Meghalaya,East Jaintia Hills,Daistong slide no-3,1 km North of Daistong,25.343939,92.5849,Rock,Slide,NA
492,19951,MEG/EKH/78O15/2021/02,Meghalaya,East Khasi Hills,NA,NA,25.345,91.891,Rock,Slide,March-April 2022
492,19952,ME/EKJ/78O15/2015/106,Meghalaya,East Khasi Hills,NA,NH-40 (Shillong-Dauki road),25.34555,91.891461,Rock,Slide,NA
492,19953,MEGH/EKH/78O15/2008/D-46,Meghalaya,East Khasi Hills,Lingkardem slide,NA,25.345611,91.895,Rock,Slide,NA
492,19954,ME/WJH/883C03/2015/187,Meghalaya,West Jaintia Hills,NA,NA,25.346111,92.00675,Rock,Slide,NA
492,19955,ME/EKJ/78O15/2015/59,Meghalaya,East Khasi Hills,NA,NH-40,25.346641,91.891987,Rock,Fall,NA
492,19956,ME/WJH/883C03/2015/188,Meghalaya,West Jaintia Hills,NA,NA,25.346972,92.008278,Rock,Slide,NA
492,19957,ME/WJH/883C03/2015/190,Meghalaya,West Jaintia Hills,NA,NA,25.347353,92.010558,Rock,Slide,NA
493,19958,ME/WJH/883C03/2015/189,Meghalaya,West Jaintia Hills,NA,NA,25.347444,92.007917,Rock,Slide,NA
493,19959,ME/EKJ/78O15/2015/105,Meghalaya,East Khasi Hills,NA,NH-40 (Shillong-Pynursla road),25.34815,91.892506,Rock,Fall,NA
493,19960,ME/EKJ/78O15/2015/73,Meghalaya,East Khasi Hills,NA,khrang approach road,25.348394,91.762714,Debris,Slide,NA
493,19961,ME/EKJ/78O15/2015/104,Meghalaya,East Khasi Hills,NA,NH-40 (Shillong-Pynursla road),25.349742,91.893423,Rock,Fall,NA
493,19962,ME/EKJ/78O15/2015/139,Meghalaya,East Khasi Hills,NA,Approach road to Mawkhap,25.350166,91.972582,Rock,Slide,NA
493,19963,MG/EJH/83C11/2018/2,Meghalaya,East Jaintia Hills,Shnongrim slide,Shnongrim village,25.35093,92.51236,Rock,Slide,NA
493,19964,ME/EKJ/78O15/2015/103,Meghalaya,East Khasi Hills,NA,NH-40 (Shillong-Pynursla road),25.351304,91.89353,Debris,Slide,NA
493,19965,MG/EJH/83C11/2018/7,Meghalaya,East Jaintia Hills,Shnongrim slide,Shnongrim-Molasngi road,25.352431,92.513478,Soil,Slide,NA
493,19966,ME/EKJ/78O15/2015/74,Meghalaya,East Khasi Hills,NA,khrang approach road,25.353486,91.765544,Rock,Slide,NA
493,19967,MG/EJH/83C11/2018/9,Meghalaya,East Jaintia Hills,Daistong slide,4 km North of Daistong,25.354239,92.572861,Rock,Slide,NA
493,19968,ME/EKJ/78O15/2015/79,Meghalaya,East Khasi Hills,NA,Near Mawlat village,25.354644,91.973237,Debris,Slide,NA
493,19969,MG/EJH/83C11/2018/3,Meghalaya,East Jaintia Hills,Daistong Slide,4 km North of Daistong village,25.35465,92.5735,Debris,Slide,NA
493,19970,ME/EKJ/78O15/2015/75,Meghalaya,East Khasi Hills,NA,khrang approach road,25.35525,91.767889,Debris,Slide,NA
493,19971,ME/WJH/883C03/2015/192,Meghalaya,West Jaintia Hills,NA,NA,25.356361,92.004972,Rock,Slide,NA
493,19972,ME/WJH/883C03/2015/191,Meghalaya,West Jaintia Hills,NA,NA,25.356461,92.006278,Rock,Slide,NA
493,19973,MG/WKH/78O03/2017/16,Meghalaya,West Khasi Hills,7 km S of Nongthynniew,Wakhaji Mawthabah road,25.356475,91.225489,Debris,Slide,NA
493,19974,MG/WKH/78O03/2017/15,Meghalaya,West Khasi Hills,6.7 km S of Nongphanwior,Wakhaji Mawthabah road,25.357472,91.229167,Debris,Slide,NA
493,19975,ME/WJH/883C03/2015/193,Meghalaya,West Jaintia Hills,NA,NA,25.358972,92.003131,Rock,Slide,NA
493,19976,ME/EKJ/78O15/2015/80,Meghalaya,East Khasi Hills,NA,Near Mawlat village,25.358977,91.973477,Debris,Slide,NA
493,19977,MG/WKH/78O03/2017/7,Meghalaya,West Khasi Hills,1.7 km W of Porkhadoh,Maweit Shallang B road,25.359281,91.035939,Debris,Slide,2017
493,19978,MEGH/EKH/78O15/2008/D-48,Meghalaya,East Khasi Hills,Ryngnga-2 slide,NA,25.359306,91.885111,Rock,Slide,NA
493,19979,ME/EKJ/78O15/2015/81,Meghalaya,East Khasi Hills,NA,Near Mawlat village,25.359331,91.974469,Debris,Slide,NA
493,19980,MEGH/EKH/78O15/2008/D-47,Meghalaya,East Khasi Hills,Ryngnga slide,NA,25.359611,91.889417,Rock,Slide,NA
493,19981,ME/EKJ/78O15/2015/100,Meghalaya,East Khasi Hills,NA,NH-40 (Shillong-Pynursla road),25.359922,91.882943,Rock,Slide,NA
493,19982,ME/EKJ/78O15/2015/101,Meghalaya,East Khasi Hills,NA,NH-40 (Shillong-Pynursla road),25.359923,91.883122,Rock,Slide,NA
493,19983,ME/EKJ/78O15/2015/99,Meghalaya,East Khasi Hills,NA,NH-40 (Shillong-Pynursla road),25.359985,91.882639,Rock,Slide,NA
493,19984,ME/EKJ/78O15/2015/102,Meghalaya,East Khasi Hills,NA,NH-40 (Shillong-Pynursla road),25.360004,91.8838,Rock,Slide,NA
493,19985,ME/EKJ/78O15/2015/98,Meghalaya,East Khasi Hills,NA,NH-40 (Shillong-Pynursla road),25.360132,91.882043,Rock,Slide,NA
493,19986,ME/EKJ/78O15/2015/82,Meghalaya,East Khasi Hills,NA,Near Mawlat village,25.360351,91.974979,Debris,Slide,NA
493,19987,MG/WKH/78O03/2017/6,Meghalaya,West Khasi Hills,1.8 km W of Porkhadoh,Maweit Shallang B road,25.361056,91.034889,Debris,Slide,2017
493,19988,ME/EKJ/78O15/2015/83,Meghalaya,East Khasi Hills,NA,Approach road to Lynyshing village,25.362972,91.976278,Debris,Slide,NA
493,19989,MG/EJH/83C11/2018/6,Meghalaya,East Jaintia Hills,Ngaibang slide,Ngaibang-Saipung road,25.363156,92.618839,Rock,Slide,NA
493,19990,MEGH/EKH/78O15/2008/D-49,Meghalaya,East Khasi Hills,Ryngnga-3 slide,NA,25.364889,91.881,Rock,Slide,NA
493,19991,MG/EJH/83C11/2018/8,Meghalaya,East Jaintia Hills,Molasngi slide,1 km West of Molasngi,25.36565,92.5314,Soil,Slide,NA
493,19992,MEGH/EKH/78O15/2008/D-50,Meghalaya,East Khasi Hills,Ryngnga-4 slide,NA,25.36925,91.879611,Rock,Slide,NA
493,19993,MEGH/EKH/78O15/2008/D-51,Meghalaya,East Khasi Hills,Ryngnga-6 slide,NA,25.372139,91.879889,Rock,Slide,NA
493,19994,MG/SWKH/78K15/2018/3,Meghalaya,South West Khasi Hills,North of Khalu B,NULL,25.374072,90.8146,Soil,Slide,NA
494,19995,MEG/EJH/83C07/2024/02,Meghalaya,East Jaintia Hills,NA,NA,25.37539167,92.431275,Debris,Slide,28 May 2024 at 4:30 AM
494,19996,MG/EJH/83C11/2018/5,Meghalaya,East Jaintia Hills,Pdeingrynkati slide,Pdeingrynkati-Saipung road,25.375719,92.610181,Soil,Slide,NA
494,19997,MG/EJH/83C11/2018/4,Meghalaya,East Jaintia Hills,Pdeingrynkati slide,Pdeingrynkati-Saipung road,25.375806,92.609725,Soil,Slide,NA
494,19998,ME/EKJ/78O15/2015/58,Meghalaya,East Khasi Hills,NA,NH-40 (Shillong-Pynursla road),25.375917,91.876,Debris,Slide,NA
494,19999,MEGH/EKH/78O15/2008/D-52,Meghalaya,East Khasi Hills,Ryngnga-5 slide,NA,25.376083,91.876944,Rock,Slide,NA
494,20000,ME/EKJ/78O15/2015/97,Meghalaya,East Khasi Hills,NA,NH-40 (Shillong-Pynursla road),25.3763,91.874028,Rock,Slide,NA
494,20001,MG/WKH/78O03/2017/5,Meghalaya,West Khasi Hills,2 km NW of Umwein,Maweit Shallang B road,25.376992,91.038136,Debris,Slide,NA
494,20002,ME/EKJ/78O15/2015/61,Meghalaya,East Khasi Hills,NA,Shillong-Sohra road,25.381107,91.756477,Rock,Slide,NA
494,20003,ME/EKJ/78O15/2015/96,Meghalaya,East Khasi Hills,NA,NH-40 (Shillong-Pynursla road),25.382428,91.874568,Rock,Slide,NA
494,20004,ME/EKJ/78O15/2015/62,Meghalaya,East Khasi Hills,NA,Shillong-Sohra road,25.382563,91.757675,Debris,Slide,2015
494,20005,MEGH/EKH/78O15/2008/D-53,Meghalaya,East Khasi Hills,Ryngnga-6 slide,NA,25.382694,91.877528,Rock,Slide,NA
494,20006,ME/EKJ/78O15/2015/63,Meghalaya,East Khasi Hills,NA,Shillong-Sohra road,25.382898,91.757906,Debris,Slide,NA
494,20007,ME/EKJ/78O15/2015/95,Meghalaya,East Khasi Hills,NA,NH-40 (Shillong-Pynursla road),25.383298,91.87473,Rock,Slide,NA
494,20008,ME/EKJ/78O15/2015/84,Meghalaya,East Khasi Hills,NA,Approach road to Lynyshing village,25.385535,91.988473,Debris,Slide,NA
494,20009,ME/EKJ/78O15/2015/94,Meghalaya,East Khasi Hills,NA,NH-40 (Shillong-Pynursla road),25.386191,91.874586,Rock,Slide,NA
494,20010,MEGH/EKH/78O15/2008/D-54,Meghalaya,East Khasi Hills,Mawkajem slide,NA,25.386583,91.874694,Rock,Slide,NA
494,20011,ME/EKJ/78O15/2015/85,Meghalaya,East Khasi Hills,NA,NA,25.38707,91.988294,Debris,Slide,NA
494,20012,ME/EKJ/78O15/2015/137,Meghalaya,East Khasi Hills,NA,Approach road to Mawkhap,25.387781,91.877117,Debris,Slide,NA
494,20013,ME/EKJ/78O15/2015/64,Meghalaya,East Khasi Hills,NA,Shillong-Sohra road,25.387912,91.762233,Debris,Slide,NA
494,20014,MEGH/WKH/78O07/2007/D-15,Meghalaya,West Khasi Hills,Jashiar East slide,NA,25.38803,91.46977,Debris,Slide,16 June 2007
494,20015,ME/EKJ/78O15/2015/138,Meghalaya,East Khasi Hills,NA,Approach road to Mawkhap,25.388039,91.8773,Debris,Slide,NA
494,20016,MEGH/EKH/78O15/2008/D-55,Meghalaya,East Khasi Hills,Mawkajem-2 slide,NA,25.389028,91.874917,Rock,Slide,NA
494,20017,ME/EKJ/78O15/2015/93,Meghalaya,East Khasi Hills,NA,NH-40 (Shillong-Pynursla road),25.390145,91.87196,Rock,Slide,NA
494,20018,ME/EKJ/78O15/2015/135,Meghalaya,East Khasi Hills,NA,Approach road to Mawkhap,25.390444,91.883806,Debris,Slide,NA
494,20019,ME/EKJ/78O15/2015/65,Meghalaya,East Khasi Hills,NA,Shillong-Sohra road,25.390714,91.764766,Rock,Slide,NA
494,20020,ME/EKJ/78O15/2015/136,Meghalaya,East Khasi Hills,NA,Approach road to Mawkhap,25.391265,91.884164,Debris,Slide,NA
494,20021,ME/EKJ/78O15/2015/92,Meghalaya,East Khasi Hills,NA,NH-40 (Shillong-Pynursla road),25.391723,91.871851,Rock,Slide,NA
494,20022,MEGH/EKH/78O15/2008/D-56,Meghalaya,East Khasi Hills,Mawkajem-3 slide,NA,25.391944,91.875028,Rock,Slide,NA
494,20023,ME/EKJ/78O15/2015/91,Meghalaya,East Khasi Hills,NA,NH-40 (Shillong-Pynursla road),25.393914,91.872066,Rock,Slide,NA
494,20024,MG/SGH/78K11/2018/1,Meghalaya,South Garo hills,Nengkhra-Nongalbibra road slide,NH-62,25.39466,90.69083,Debris,Slide,NA
494,20025,ME/EKJ/78O15/2015/90,Meghalaya,East Khasi Hills,NA,NH-40 (Shillong-Pynursla road),25.394983,91.872484,Rock,Slide,NA
494,20026,ME/EKJ/78O15/2015/89,Meghalaya,East Khasi Hills,NA,NH-40 (Shillong-Pynursla road),25.397287,91.872324,Rock,Slide,NA
494,20027,MG/SGH/78K11/2018/2,Meghalaya,South Garo hills,Nengkhra-Nongalbibra road slide,NH-62,25.39766,90.70111,Debris,Slide,NA
494,20028,ME/EKJ/78O15/2015/66,Meghalaya,East Khasi Hills,NA,Shillong-Sohra road,25.397722,91.769417,Rock,Slide,NA
494,20029,MG/SGH/78K11/2018/6,Meghalaya,South Garo hills,Nengkhra-Nongalbibra road slide,NH-62,25.39799,90.69972,Debris,Slide,NA
495,20030,ME/EKJ/78O15/2015/67,Meghalaya,East Khasi Hills,NA,Shillong-Sohra road,25.398345,91.769704,Debris,Slide,NA
495,20031,ME/EKJ/78O15/2015/86,Meghalaya,East Khasi Hills,NA,NA,25.39897,91.993367,Debris,Slide,NA
495,20032,ME/WJH/883C03/2015/196,Meghalaya,West Jaintia Hills,NA,1.5km E of Mynriah,25.400194,92.015731,Rock,Slide,NA
495,20033,MEGH/WKH/78O11/2007/D-14,Meghalaya,West Khasi Hills,Jakrem East slide,NA,25.40023,91.5159,Debris,Slide,16 June 2007
495,20034,MG/SGH/78K11/2018/3,Meghalaya,South Garo hills,Nengkhra-Nongalbibra road slide,NH-62,25.40121,90.71722,Debris,Slide,NA
495,20035,MEGH/WKH/78O07/2007/D-4,Meghalaya,West Khasi Hills,Mawthawiang slide,NA,25.4013,91.45855,Debris,Slide,18 August 2007
495,20036,MG/SGH/78K11/2018/7,Meghalaya,South Garo hills,Nengkhra-Nongalbibra road slide,NH-62,25.403061,90.724166,Debris,Slide,18 August 2007
495,20037,MEGH/WKH/78O07/2007/D-5,Meghalaya,West Khasi Hills,Umjarain East slide,NA,25.40547,91.53712,Rock cum Debris,Slide,18 August 2007
495,20038,ME/EKJ/78O15/2015/87,Meghalaya,East Khasi Hills,NA,lyngshing approach road,25.407917,91.998889,Rock,Fall,18 August 2007
495,20039,ME/EKJ/78O15/2015/68,Meghalaya,East Khasi Hills,NA,Shillong-Sohra road,25.408236,91.778704,Debris,Slide,NA
495,20040,MEGH/EKH/78O15/2008/D-57,Meghalaya,East Khasi Hills,Mawkajem-4 slide,NA,25.413306,91.871139,Rock,Slide,NA
495,20041,ME/EKJ/78O15/2015/60,Meghalaya,East Khasi Hills,NA,NH- 40,25.415438,91.867487,Rock,Slide,NA
495,20042,MG/SWKH/78K15/2018/2,Meghalaya,South West Khasi Hills,South of Wakpangram,NULL,25.416456,90.802981,Debris,Slide,NA
495,20043,MEGH/JH/83C07/2009/D-28,Meghalaya,Jaintia Hills,Kongong slide,NH-44 (Shillong - Silchar),25.42142,92.28894,Debris,Slide,NA
495,20044,MEGH/EKH/78O15/2008/D-58,Meghalaya,East Khasi Hills,Mawkajem-5 slide,NA,25.422194,91.869222,Rock,Slide,NA
495,20045,MG/EKH/78O11/2017/7,Meghalaya,East Khasi Hills,NA,ShillongMawsynram road,25.423674,91.721317,Debris,Slide,NA
495,20046,ME/EKJ/78O15/2015/76,Meghalaya,East Khasi Hills,NA,NH 40 (Shillong-Pynursla road),25.423839,91.862729,Debris,Slide,NA
495,20047,MEGH/WKH/78O07/2007/D-3,Meghalaya,West Khasi Hills,Laitlawsnai slide,NA,25.425,91.405,Debris,Slide,18 August 2007
495,20048,MEGH/EKH/78O15/2008/D-59,Meghalaya,East Khasi Hills,Mawkajem-6 slide,NA,25.425944,91.866,Rock,Slide,NA
495,20049,ME/WJH/83C03/2015/168,Meghalaya,West Jaintia Hills,NA,2 km SW of Jowai,25.426194,92.180472,Rock,Slide,NA
495,20050,ME/WJH/83C03/2015/169,Meghalaya,West Jaintia Hills,NA,2.5 km SW of Jowai,25.426306,92.181278,Debris,Slide,NA
495,20051,ME/WJH/83C03/2015/167,Meghalaya,West Jaintia Hills,NA,1.5 km SW of Jowai,25.430111,92.182167,Rock,Slide,NA
495,20052,MEGH/EKH/78O15/2008/D-60,Meghalaya,East Khasi Hills,Kongong slide,NA,25.430167,91.866528,Rock,Slide,Mar-09
495,20053,ME/WJH/83C03/2015/165,Meghalaya,West Jaintia Hills,NA,NA,25.434972,92.18425,Debris,Slide,NA
495,20054,ME/WJH/83C03/2015/166,Meghalaya,West Jaintia Hills,NA,1.2 km SW of Jowai,25.435167,92.185006,Debris,Slide,NA
495,20055,MEGH/JH/78O15/2009/D-36,Meghalaya,Jaintia Hills,Laitlongkot slide,NH-40 (Shillong-Pynursla),25.43561,91.862056,Debris,Slide,17 July 2009
495,20056,MG/WKH/78O03/2017/10,Meghalaya,West Khasi Hills,0.3 km SSW of Nongraingap,Maweit Nongraingap road,25.436306,91.050361,Debris,Slide,NA
495,20057,MG/WKH/78O03/2017/9,Meghalaya,West Khasi Hills,Nongraingap,Maweit Nongraingap road,25.436706,91.051053,Debris,Slide,NA
495,20058,MG/WKH/78O03/2017/8,Meghalaya,West Khasi Hills,Maweit,Maweit Nongraingap road,25.436875,91.06105,Debris,Slide,NA
495,20059,ME/EKJ/78O15/2015/77,Meghalaya,East Khasi Hills,NA,NH 40 (Shillong-Pynursla road),25.437036,91.857168,Debris,Slide,NA
495,20060,ME/EKJ/78O15/2015/141,Meghalaya,East Khasi Hills,NA,1.5 km SE of Lum Thangding,25.438495,91.862917,Rock,Slide,NA
495,20061,ME/WJH/83C03/2015/145,Meghalaya,West Jaintia Hills,NA,0.5 km W of Jowai,25.439833,92.181333,Debris,Slide,NA
495,20062,ME/WJH/883C03/2015/195,Meghalaya,West Jaintia Hills,NA,NA,25.439889,92.181083,Debris,Slide,NA
495,20063,MG/SWKH/78K15/2018/1,Meghalaya,South West Khasi Hills,West of Riangud,NULL,25.440153,90.881372,Debris,Slide,NA
495,20064,MEGH/WKH/78O07/2007/D-13,Meghalaya,West Khasi Hills,Mawpon slide,NA,25.44465,91.34622,Debris,Slide,17 July 2007
495,20065,MG/EKH/78O11/2017/6,Meghalaya,East Khasi Hills,NA,ShillongMawsynram road,25.446933,91.742919,Rock,Slide,NA
495,20066,MEGH/JH/83C03/2009/D-29,Meghalaya,Jaintia Hills,Jowai slide,NH-44 along Shillong - Jowai,25.44889,92.19417,Rock cum Debris,Slide,March 2009
495,20067,ME/EKJ/78O15/2015/88,Meghalaya,East Khasi Hills,NA,NA,25.449349,91.817118,Debris,Slide,NA
495,20068,ME/WJH/83C03/2015/172,Meghalaya,West Jaintia Hills,NA,NA,25.450464,92.095806,Debris,Slide,NA
495,20069,ME/EKJ/78O15/2015/69,Meghalaya,East Khasi Hills,NA,Shillong-Sohra road,25.450628,91.817767,Debris,Slide,2015
496,20070,ME/EKJ/78O15/2015/70,Meghalaya,East Khasi Hills,NA,Shillong-Sohra road,25.452164,91.819054,Debris,Slide,NA
496,20071,MG/WKH/78O03/2017/11,Meghalaya,West Khasi Hills,1 km NNW of Nongpathar,Maweit Nongyier road,25.455639,91.082944,Debris,Slide,NA
496,20072,MG/WKH/78O03/2017/4,Meghalaya,West Khasi Hills,1 km N of Nongpathar,Nongstoin Maweit road,25.455817,91.086289,Debris,Slide,NA
496,20073,ME/EKJ/78O15/2015/57,Meghalaya,East Khasi Hills,NA,NH-40 (4 km from laityngkot),25.461894,91.830791,Debris,Slide,NA
496,20074,MG/WKH/78O03/2017/3,Meghalaya,West Khasi Hills,0.5 kmmiangshang SSW of Nong,Nongstoin Maweit road,25.462319,91.096836,Debris,Slide,NA
496,20075,ME/WJH/83C03/2015/175,Meghalaya,West Jaintia Hills,NA,.7km SE of Dienglieng,25.463778,92.04425,Debris,Slide,NA
496,20076,MG/SGH/78K11/2018/5,Meghalaya,South Garo hills,Nengkhra-Nongalbibra road slide,NH-62,25.47542,90.698611,Debris,Slide,NA
496,20077,MG/WKH/78K15/2018/1,Meghalaya,West Khasi Hills,Northwest of Awiak,NULL,25.479069,90.807167,Debris,Slide,NA
496,20078,MG/EJH/83C11/2018/1,Meghalaya,East Jaintia Hills,Nongryngkoh slide,2 km West of Nongryngkoh,25.484178,92.510928,Rock,Slide,NA
496,20079,MG/SGH/78K11/2018/4,Meghalaya,South Garo hills,Nengkhra-Nongalbibra road slide,NH-62,25.48586,90.7005,Debris,Slide,NA
496,20080,ME/EKH/83C02/2015/186,Meghalaya,East Khasi Hills,NA,NA,25.489833,92.069033,Rock,Slide,NA
496,20081,ME/WJH/83C03/2015/176,Meghalaya,West Jaintia Hills,NA,2km NW of Nongjrong,25.490472,92.069472,Debris,Slide,NA
496,20082,ME/WJH/883C03/2015/198,Meghalaya,West Jaintia Hills,NA,NA,25.490475,92.069278,Rock,Slide,NA
496,20083,ME/WJH/83C03/2015/177,Meghalaya,West Jaintia Hills,NA,2.3km NW of Nongjrong,25.490961,92.070397,Debris,Slide,NA
496,20084,ME/EKJ/78O15/2015/56,Meghalaya,East Khasi Hills,NA,Mylliem (south),25.49137,91.821688,Debris,Slide,NA
496,20085,MEG/EKH/78O11/2021/002,Meghalaya,East Khasi Hills,NA,NA,25.49151667,91.77329444,Rock,Rock fall,NA
496,20086,MG/WKH/78O03/2017/2,Meghalaya,West Khasi Hills,Wah Lyngdoh,Nongstoin Maweit road,25.496081,91.117675,Debris,Slide,NA
496,20087,MG/WKH/78O03/2017/1,Meghalaya,West Khasi Hills,0.9 km E of Mawlait,Nongstoin Maweit road,25.496367,91.163575,Debris,Slide,NA
496,20088,MG/WKH/78O03/2017/17,Meghalaya,West Khasi Hills,Mawlangriang,Nongstoin Riangpoit road,25.496861,91.198556,Debris,Slide,NA
496,20089,MEG/EKH/78O15/2021/01,Meghalaya,East Khasi Hills,NA,NA,25.49736111,91.77902778,Debris,Slide,2021
496,20090,MEG/ EKH/ 78011/2021/03,Meghalaya,East Khasi Hills,NA,NA,25.49833333,91.73361111,Debris,Slide,2021
496,20091,MG/WGH/78K03/2020/1,Meghalaya,West Garo Hills,Tura-Dalu road slide no1,"NH-217,Tura Dalu Road, Dobasipara, Tura",25.5,90.21,Debris,Slide,NA
496,20092,MG/WGH/78K03/2020/2,Meghalaya,West Garo Hills,Tura-Dalu road slide no2,"NH-217,Tura Dalu Road, Tura",25.5,90.22,Debris,Slide,2019
496,20093,MG/WGH/78K03/2020/3,Meghalaya,West Garo Hills,Tura-Dalu road slide no 3,"NH-217,Tura Dalu Road, Tura",25.5,90.22,Debris,Slide,2019
496,20094,MG/WGH/78K03/2020/4,Meghalaya,West Garo Hills,Tura-Dalu road slide no 4,"NH-217,Tura Dalu Road, Tura",25.5,90.22,Debris,Slide,NA
496,20095,MG/EGH/78K10/2018/3,Meghalaya,East Garo hills,Williamnagar road slide,NH-127B,25.5014,90.68972,Debris,Slide,NA
496,20096,MEGH/WKH/78O06/2007/D-8,Meghalaya,West Khasi Hills,Nongjyllieh slide,NA,25.50335,91.28335,Rock,Slide,25 July 2007
496,20097,MEG/EKH/78O10/2021/04,Meghalaya,East Khasi Hills,NA,NA,25.50368056,91.72342222,Rock,Slide,19 July 2007
496,20098,MEG/EKH/78O10/2016/32,Meghalaya,East Khasi Hills,ShillongMairang bypass R.S4,New Shillong mairang bypass road 2 km E of Sohiong village,25.504083,91.723028,Debris,Slide,2016
496,20099,MEGH/WKH/78O06/2007/D-9,Meghalaya,West Khasi Hills,Nongjyllieh-2 slide,NA,25.50667,91.28318,Debris,Slide,19 July 2007
496,20100,MG/WKH/78O02/2017/46,Meghalaya,West Khasi Hills,0.6 km SW of Thahkanar,Nongstoin Maweit road,25.507378,91.223883,Debris,Slide,NA
496,20101,MG/WKH/78O02/2017/47,Meghalaya,West Khasi Hills,0.5 km SW of Thahkanar,Nongstoin Maweit road,25.507528,91.224333,Soil,Slide,NA
496,20102,MEG/EKH/78O10/2016/29,Meghalaya,East Khasi Hills,ShillongMairang bypass R.S1,New Shillong mairang bypass road 1.5 km NW of Sohiong village,25.507586,91.708236,Debris,Slide,2016
496,20103,MG/EGH/78K10/2018/2,Meghalaya,East Garo hills,Williamnagar road slide,NH-127B,25.50781,90.68,Rock,Slide,NA
496,20104,MG/WKH/78O02/2017/48,Meghalaya,West Khasi Hills,0.4 km SW of Thahkanar,Nongstoin Maweit road,25.508,91.225694,Soil,Slide,NA
496,20105,MEG/EKH/78O10/2016/30,Meghalaya,East Khasi Hills,ShillongMairang bypass R.S2,New Shillong mairang bypass road 2 km NW of Sohiong village,25.509233,91.703961,Debris,Slide,2016
496,20106,MEG/EKH/78O10/2016/31,Meghalaya,East Khasi Hills,ShillongMairang bypass R.S3,New Shillong mairang bypass road 1 km NE of Sohiong village,25.509358,91.719631,Debris,Slide,2016
497,20107,MG/WGH/78K02/2020/1,Meghalaya,West Garo Hills,Lower Hawakhana slide,"Mohindra colony, Lower Hawakhana, Tura",25.51,90.21,Rock,Slide,2019
497,20108,MEGH/WGH/78K02/2007/D-19,Meghalaya,West Garo Hills,Tura town (Rishipara) slide,NA,25.51028,90.21678,NA,NA,27 July 2007
497,20109,MEG/EKH/78O10/2021/05,Meghalaya,East Khasi Hills,NA,NA,25.51046111,91.70312778,Debris,Slide,NA
497,20110,MG/EGH/78K10/2018/1,Meghalaya,East Garo hills,Williamnagar road slide,NH-127B,25.512611,90.658611,Debris,Slide,NA
497,20111,MG/WKH/78O06/2017/20,Meghalaya,South West Khasi Hills,Nongstoin taxi stand slide,NH44E,25.519556,91.266444,Debris,Slide,NA
497,20112,MEGH/WKH/78O06/2007/D-7,Meghalaya,West Khasi Hills,Mawkawah slide,PWD road (SH),25.51973,91.28443,Debris,Fall,25 July 2007
497,20113,MEG/WKH/78O10/2016/03,Meghalaya,West Khasi Hills,NH44E slide3,Along NH44E near Kynshi village,25.520356,91.537764,Debris,Slide,2016
497,20114,MEGH/WKH/78O06/2007/D-6,Meghalaya,West Khasi Hills,Lawab slide,Road (Nongstoin by pass),25.5208,91.25985,Rock cum Debris,Slide,25 July 2007
497,20115,MG/WKH/78O06/2017/1,Meghalaya,West Khasi Hills,Markasa debris slide,1.5 km East of Markasa NH44E,25.522717,91.448328,Debris,Slide,NA
497,20116,ME/EKJ/78O14/2015/26,Meghalaya,East Khasi Hills,NA,Smit road,25.522768,91.892701,Earth,Slide,NA
497,20117,MEG/WKH/78O10/2016/02,Meghalaya,West Khasi Hills,NH44E slide2,NH44E,25.523,91.521389,Debris,Slide,2016
497,20118,MG/WKH/78O06/2017/5,Meghalaya,West Khasi Hills,Nongstoin PHE slide,Nongstoin PHE,25.523083,91.268972,Soil,Flow,NA
497,20119,MEG/WKH/78O10/2016/01,Meghalaya,West Khasi Hills,NH44E slide1,NH44E,25.524931,91.514383,Debris,Slide,2016
497,20120,MG/WKH/78O06/2017/19,Meghalaya,South West Khasi Hills,Domkseh slide,Domkseh road,25.525533,91.467683,Debris,Slide,NA
497,20121,MG/WJH/83C06/2018/2,Meghalaya,West Jaintia hills,Laskein slide,3 km north of Laskein slide,25.527489,92.415139,Rock,Slide,NA
497,20122,MEGH/EKH/78O14/2009/D-40,Meghalaya,East Khasi Hills,Lamlyer landslide 2,Shillong-Silchar road (NH-44),25.5275,91.918861,Debris,Fall,NA
497,20123,MG/WKH/78O06/2017/17,Meghalaya,West Khasi Hills,Pyndengrei Metrology slide,"Pyndengrei, Nongstoin",25.527781,91.263214,Debris,Slide,NA
497,20124,MG/WKH/78O06/2017/2,Meghalaya,West Khasi Hills,Khyllem slide,NH44E,25.528308,91.395711,Debris,Slide,NA
497,20125,MEGH/EKH/78O14/2009/D-39,Meghalaya,East Khasi Hills,Lymlyer landslide (A),NH-44 (Shillong - Silchar),25.529056,91.923722,Debris,Slide,NA
497,20126,MG/WJH/83C06/2018/5,Meghalaya,West Jaintia hills,Mokaiyaw slide,3 km NE of Mokaiyaw village,25.529408,92.455339,Soil,Fall,NA
497,20127,MG/WGH/78G14/2020/3,Meghalaya,West Garo Hills,Tura-Ampati road slide no 3,"SH-12, Tura-Ampati Road, near Kharugaon, Betasing.",25.53,89.98,Debris,Slide,2019
497,20128,MG/WGH/78G14/2020/4,Meghalaya,West Garo Hills,Tura-Ampati road slide no 4,"SH-12, Tura-Ampati Road, near Ulubari, Betasing.",25.53,89.98,Debris,Slide,2019
497,20129,MG/WKH/78O02/2017/56,Meghalaya,West Khasi Hills,0.4 km NE of Nongkaniang,Mawkadiang Nongkaniang road,25.533183,91.205647,Debris,Slide,NA
497,20130,MG/WKH/78O02/2017/55,Meghalaya,West Khasi Hills,5 km NE of Nongkaniang,Mawkadiang Nongkaniang road,25.534486,91.205492,Soil,Slide,NA
497,20131,MEGH/JH/83C02/2009/D-30,Meghalaya,Jaintia Hills,Jowai-2 slide,NH-44 (Shillong - Silchar),25.53458,92.11539,Debris,Slide,NA
497,20132,MEG/WKH/78O10/2016/08,Meghalaya,West Khasi Hills,NH44E slide7,100 m SW of NH44E between milestone 36 & 37,25.535628,91.679575,Earth,Slide,2016
497,20133,MG/WKH/78O02/2017/54,Meghalaya,West Khasi Hills,1.8 km NE of Nongkaniang,Mawkadiang Nongkaniang road,25.536889,91.206556,Debris,Slide,NA
497,20134,MEGH/EKH/78O14/2009/D-38,Meghalaya,East Khasi Hills,Sohryngkham Rock Fall,NH-44,25.536972,91.973639,Rock,Fall,NA
497,20135,MG/WKH/78O02/2017/53,Meghalaya,West Khasi Hills,0.8 km NE of Nongkaniang,Mawkadiang Nongkaniang road,25.53725,91.206972,Soil,Slide,NA
497,20136,MG/WKH/78O02/2017/52,Meghalaya,West Khasi Hills,0.9 km NE of Nongkaniang,Mawkadiang Nongkaniang road,25.537344,91.207542,Debris,Slide,NA
497,20137,MG/WKH/78O02/2017/51,Meghalaya,West Khasi Hills,1 km NE of Nongkaniang,Mawkadiang Nongkaniang road,25.537636,91.208528,Debris,Slide,NA
497,20138,MEG/WKH/78O10/2016/04,Meghalaya,West Khasi Hills,NH44E slide4,Along NH44E 2 km West of Bynther village,25.537972,91.602361,Debris,Slide,2016
498,20139,ME/EKH/83C02/2015/164,Meghalaya,East Khasi Hills,NA,"1.5km SSW of Pepbah, NH-44",25.539611,92.001556,Rock,Slide,NA
498,20140,ME/EKH/83C02/2015/146,Meghalaya,East Khasi Hills,NA,"1.5 km w of Pomura, NH-44",25.541611,92.0125,Debris,Slide,NA
498,20141,MEGH/EKH/83C02/2009/D-34,Meghalaya,East Khasi Hills,Puriang-4 slide,NH-44 (Shillong - Silchar),25.54231,92.1,Rock cum Debris,Slide,1 July 2009
498,20142,MEGH/EKH/83C02/2009/D-31,Meghalaya,East Khasi Hills,Puriang slide,NH-44 (Shillong - Silchar),25.54261,92.10867,Debris,Slide,1 July 2009
498,20143,MEGH/EKH/83C02/2009/D-35,Meghalaya,Jaintia Hills,Kongong-2 slide,NH-44 (Shillong-Silchar road),25.54261,92.09842,Debris,Slide,1 July 2009
498,20144,MEGH/EKH/83C02/2009/D-33,Meghalaya,East Khasi Hills,Puriang-3 slide,NH-44 (Shillong - Silchar),25.54264,92.10214,Rock,Slide,1 July 2009
498,20145,ME/EKH/83C02/2015/151,Meghalaya,East Khasi Hills,NA,"Puriang, NH-44",25.542694,92.096472,Rock,Slide,NA
498,20146,MEG/EKH/78O10/2016/09,Meghalaya,East Khasi Hills,Nongbri village Slide,1 km W of Nongbri village,25.542744,91.662067,Rock,Slide,2016
498,20147,ME/EKH/83C02/2015/152,Meghalaya,East Khasi Hills,NA,"Puriang, NH-44",25.542806,92.096972,Rock,Slide,NA
498,20148,MEGH/EKH/83C02/2009/D-32,Meghalaya,East Khasi Hills,Puriang-2 slide,NH-44 (Shillong - Silchar),25.54328,92.10478,Rock,Fall,1 July 2009
498,20149,MG/WKH/78O02/2017/50,Meghalaya,West Khasi Hills,Mawkadiang,Mawkadiang Nongkaniang road,25.544028,91.215472,Debris,Slide,NA
498,20150,ME/EKH/83C02/2015/153,Meghalaya,East Khasi Hills,NA,NH-44,25.544506,92.102033,Rock,Slide,NA
498,20151,MG/WKH/78O06/2017/10,Meghalaya,West Khasi Hills,Siejlieh slide no. 2,NH44E Nongstoin bypass,25.544889,91.263722,Debris,Slide,NA
498,20152,MG/WKH/78O06/2017/8,Meghalaya,West Khasi Hills,Pyndengrei slide No 3,NH44E Nongstoin bypass,25.544906,91.268575,Debris,Slide,NA
498,20153,MG/WKH/78O06/2017/6,Meghalaya,West Khasi Hills,Pyndengrei slide No 1,NH44E Nongstoinbypass,25.544917,91.270722,Debris,Slide,NA
498,20154,MG/WKH/78O06/2017/12,Meghalaya,West Khasi Hills,4.1 km E of Pdengshakap,Laremshiap road,25.544936,91.267672,Rock,Slide,NA
498,20155,MG/WKH/78O06/2017/7,Meghalaya,West Khasi Hills,Pyndengrei slide No 2,NH44E Nongstoin bypass,25.545061,91.269778,Debris,Slide,NA
498,20156,ME/EKH/83C02/2015/154,Meghalaya,East Khasi Hills,NA,"1 km NE of Puriang,NH-44",25.545083,92.103175,Rock,Slide,NA
498,20157,ME/EKH/83C02/2015/155,Meghalaya,East Khasi Hills,NA,"1.7 km NE of Puriang,NH-44",25.545139,92.104778,Debris,Slide,NA
498,20158,MG/WKH/78O06/2017/11,Meghalaya,West Khasi Hills,Pyndengrei slide no. 4,NH44E Nongstoin bypass,25.545206,91.276144,Debris,Slide,NA
498,20159,MG/WKH/78O06/2017/3,Meghalaya,West Khasi Hills,"Nongspung slide,","1.4 km West of Nongspung, NH44E",25.545642,91.325403,Debris,Slide,NA
498,20160,MG/WKH/78O02/2017/49,Meghalaya,West Khasi Hills,0.68 km NW of Mawiawban,Mawkadiang Nongkaniang road,25.545722,91.520556,Debris,Slide,NA
498,20161,MG/WKH/78O06/2017/13,Meghalaya,West Khasi Hills,NH44E bypass slide,NH44E Nongstoin bypass,25.545939,91.284283,Debris,Slide,NA
498,20162,MG/WKH/78O02/2017/13,Meghalaya,West Khasi Hills,0.7 km NW of Mawiawban,NH44E,25.546456,91.235733,Soil,Slide,NA
498,20163,MG/WKH/78O02/2017/14,Meghalaya,West Khasi Hills,0.76 km NW of Mawiawban,NH44E,25.546553,91.235222,Debris,Slide,NA
498,20164,MG/WKH/78O06/2017/14,Meghalaya,West Khasi Hills,Pyndengrei slide no 5,NH44E Nongstoin bypass,25.547867,91.292589,Debris,Slide,NA
498,20165,MEG/WKH/78O10/2016/10,Meghalaya,West Khasi Hills,NA,Along NH44E near 40km mile stone,25.548089,91.647706,Debris,Slide,2016
498,20166,MEG/WKH/78O10/2016/05,Meghalaya,West Khasi Hills,47 mile stone slide,Along NH44E near 47 mile stone,25.548306,91.61775,Rock,Slide,2016
498,20167,MG/WKH/78O02/2017/37,Meghalaya,West Khasi Hills,0.9 km NN of Mawiawban,Link road from NH44E from Mawliehdein,25.549139,91.244417,Debris,Slide,NA
498,20168,MG/WKH/78O02/2017/38,Meghalaya,West Khasi Hills,1 km NN of Mawiawban,Link road from NH44E from Mawliehdein,25.549333,91.246583,Debris,Slide,NA
498,20169,MG/WKH/78O02/2017/39,Meghalaya,West Khasi Hills,1.1 km NN of Mawiawban,Link road from NH44E from Mawliehdein,25.549639,91.247472,Rock,Slide,NA
498,20170,MG/WKH/78O02/2017/36,Meghalaya,West Khasi Hills,0.8 km NN of Mawiawban,Link road from NH44E from Mawliehdein,25.549667,91.242444,Debris,Slide,NA
498,20171,MEG/WKH/78O10/2016/07,Meghalaya,West Khasi Hills,NH44E slide6,Along NH44E near 0.5 km NE of Mawlong,25.549789,91.645033,Debris,Slide,2016
498,20172,MG/WKH/78O06/2017/15,Meghalaya,West Khasi Hills,Pyndengrei slide no 6,NH44E Nongstoin bypass,25.549861,91.295706,Debris,Slide,NA
498,20173,MG/WKH/78O06/2017/21,Meghalaya,South West Khasi Hills,Nongspung natural slide,NE of Nongspung,25.549961,91.341175,Debris,Slide,NA
499,20174,MG/WGH/78K06/2020/14,Meghalaya,West Garo Hills,Tura-Williamnagar road slide no 1,"SH-1, Tura-WilliamnagarRoad, Near Oragitok, Meghalaya",25.55,90.33,Debris,Slide,2019
499,20175,MG/WKH/78O06/2017/9,Meghalaya,West Khasi Hills,Siejlieh slide no. 1,NH44E Nongstoin bypass,25.550122,91.250286,Debris,Slide,NA
499,20176,MEG/WKH/78O10/2016/06,Meghalaya,West Khasi Hills,NH44E slide5,Along NH44E SW of Mawsawa village,25.5502,91.618106,Earth,Slide,2016
499,20177,MG/WKH/78O02/2017/15,Meghalaya,West Khasi Hills,1.2 km NNW of Mawiaban,NH44E,25.550608,91.232894,Debris,Slide,NA
499,20178,MG/WKH/78O02/2017/16,Meghalaya,West Khasi Hills,1.2 km NNW of Mawiaban,NH44E,25.551225,91.232636,Debris,Slide,NA
499,20179,MG/WKH/78O06/2017/16,Meghalaya,South West Khasi Hills,Pyndengrei slide no 7,NH44E Nongstoin bypass,25.55125,91.297056,Rock,Slide,NA
499,20180,MG/WKH/78O02/2017/17,Meghalaya,West Khasi Hills,1.3 km NNW of Mawiaban,NH44E,25.551667,91.2325,Debris,Slide,NA
499,20181,MG/WJH/83C06/2018/3,Meghalaya,West Jaintia hills,Mynso slide,1 km east of Mynso,25.551667,92.331806,Rock,Slide,NA
499,20182,MG/WKH/78O02/2017/35,Meghalaya,West Khasi Hills,1.9 km NE of Mawkadiang,Link road from NH44E from Mawliehdein,25.552647,91.237072,Debris,Slide,NA
499,20183,MG/WKH/78K14/2018/2,Meghalaya,West Khasi Hills,South-West of Nongchram Ading,NH-44E,25.552992,90.814503,Debris,Slide,NA
499,20184,MG/WKH/78K14/2018/9,Meghalaya,West Khasi Hills,West of Nongchram Ading,NH-44E,25.553522,90.815225,Soil,Flow,NA
499,20185,MG/WKH/78O02/2017/18,Meghalaya,West Khasi Hills,1.6 km NNW of Mawiaban,NH44E,25.553794,91.231139,Debris,Slide,NA
499,20186,MG/WKH/78O02/2017/34,Meghalaya,West Khasi Hills,1.8 km NE of Mawkadiang,Link road from NH44E from Mawliehdein,25.555256,91.234944,Rock,Slide,NA
499,20187,MG/EGH/78K14/2018/8,Meghalaya,East Garo hills,South of Nongchram Ading,NH 44E,25.557833,90.818103,Soil,Slide,NA
499,20188,MG/EGH/78K14/2018/7,Meghalaya,East Garo hills,South-West of Nongchram Ading,NH-44E,25.558058,90.809919,Soil,Slide,NA
499,20189,MG/WKH/78O02/2017/19,Meghalaya,West Khasi Hills,1.7 km E of Urkyllong,NH44E,25.558442,91.228547,Debris,Slide,NA
499,20190,MG/WKH/78O02/2017/33,Meghalaya,West Khasi Hills,1.7 km NE of Mawkadiang,Link road from NH44E from Mawliehdein,25.558489,91.230911,Debris,Slide,NA
499,20191,MG/WKH/78O02/2017/32,Meghalaya,West Khasi Hills,1.7 km NE of Mawkadiang,Link road from NH44E from Mawliehdein,25.559222,91.229639,Debris,Slide,NA
499,20192,ME/EKH/83C02/2015/171,Meghalaya,East Khasi Hills,NA,NA,25.559778,92.226278,Debris,Slide,NA
499,20193,MG/WGH/78K06/2020/15,Meghalaya,West Garo Hills,Tura-Williamnagar road slide no 2,"SH-1, Tura-Williamnagar Road",25.56,90.34,Earth,Slide,NA
499,20194,MG/WGH/78K06/2020/16,Meghalaya,West Garo Hills,Tura-Williamnagar road slide no 3,"SH-1, Tura-Williamnagar Road, Chinabat, Meghalaya.",25.56,90.37,Debris,Slide,2019
499,20195,MG/SWKH/78K14/2018/1,Meghalaya,South West Khasi Hills,North of Makalbari,NH-44E,25.560028,90.833917,Soil,Slide,NA
499,20196,MG/WKH/78O02/2017/31,Meghalaya,West Khasi Hills,2.2 km E of Urkyllong,Link road from NH44E from Mawliehdein,25.560667,91.228028,Debris,Slide,NA
499,20197,MG/WKH/78O02/2017/30,Meghalaya,West Khasi Hills,2.1 km E of Urkyllong,Link road from NH44E from Mawliehdein,25.560931,91.227694,Debris,Slide,NA
499,20198,MG/WJH/83C06/2018/6,Meghalaya,West Jaintia hills,Mynso quarry slide,Mynso-Samatan road,25.561281,92.330142,Debris,Slide,NA
499,20199,MG/WKH/78O02/2017/21,Meghalaya,West Khasi Hills,0.8 km E of Mawliehdein,NH44E,25.563239,91.225711,Debris,Slide,NA
499,20200,MG/WJH/83C06/2018/4,Meghalaya,East Jaintia Hills,Mynso quarry slide,Mynso-Samatan road,25.563472,92.329689,Rock,Slide,NA
499,20201,MG/WKH/78O02/2017/57,Meghalaya,West Khasi Hills,2.4 km E of mawliehdein,Urkali Nongkhniang road,25.565333,91.225667,Debris,Slide,NA
499,20202,MG/WKH/78O02/2017/20,Meghalaya,West Khasi Hills,1.3 km E of Mawliehdein,NH44E,25.565489,91.220686,Debris,Slide,NA
499,20203,MG/SGH/78K14/2018/3,Meghalaya,South Garo hills,Rongjeng slide,NH44E,25.565569,90.808153,Soil,Slide,NA
499,20204,MEGH/EKH/78O14/2007/D-17,Meghalaya,East Khasi Hills,Nongrimbah slide,NA,25.56667,91.90194,Debris,Slide,08 September 2007
499,20205,MEG/WKH/78O10/2016/11,Meghalaya,West Khasi Hills,Pyrda village slide1,2 km SE of Pyrda village,25.568056,91.737944,Rock,Slide,2016
499,20206,MEG/WKH/78O10/2016/12,Meghalaya,West Khasi Hills,Pyrda village slide2,About 2 km SE of Pyrda village,25.568106,91.737919,Debris,Slide,2016
499,20207,ME/EKJ/78O14/2015/28,Meghalaya,East Khasi Hills,NA,Near Nongumlong,25.568837,91.833286,Rock,Slide,NA
499,20208,MG/WKH/78O02/2017/22,Meghalaya,West Khasi Hills,Urkali,NH44E,25.569222,91.217222,Debris,Slide,NA
499,20209,ME/EKH/83C02/2015/182,Meghalaya,East Khasi Hills,NA,NA,25.569278,92.2025,Debris,Slide,NA
499,20210,ME/EKH/83C02/2015/183,Meghalaya,East Khasi Hills,NA,1km W of Nartiang,25.569333,92.202139,Debris,Slide,NA
499,20211,MG/WKH/78O02/2017/23,Meghalaya,West Khasi Hills,0.3 km w of Urkali,NH44E,25.569778,91.21575,Debris,Slide,NA
499,20212,MG/WGH/78G14/2020/2,Meghalaya,West Garo Hills,NA,NA,25.57,89.98,Debris,Slide,NA
500,20213,MG/WKH/78O02/2017/24,Meghalaya,West Khasi Hills,0.4 km w of Urkali,NH44E,25.570361,91.215056,Debris,Slide,NA
500,20214,MEG/WJH/83C10/2016/31,Meghalaya,West Jaintia Hills,N of Lumjem,Lumjem-Muthairain road,25.571,92.55128,Debris,Slide,NA
500,20215,ME/EKJ/78O14/2015/10,Meghalaya,East Khasi Hills,NA,Near Nongumlong,25.571256,91.825464,Rock,Slide,NA
500,20216,ME/EKJ/78O14/2015/27,Meghalaya,East Khasi Hills,NA,Near Nongumlong,25.571299,91.833183,Debris,Slide,NA
500,20217,ME/EKJ/78O14/2015/11,Meghalaya,East Khasi Hills,NA,Near Nongumlong,25.571555,91.826228,Debris,Slide,NA
500,20218,ME/EKJ/78O14/2015/12,Meghalaya,East Khasi Hills,NA,Near Nongumlong,25.571747,91.827526,Debris,Slide,NA
500,20219,ME/EKJ/78O14/2015/13,Meghalaya,East Khasi Hills,NA,Near Nongumlong,25.572312,91.828292,Debris,Slide,NA
500,20220,MG/WKH/78O02/2017/25,Meghalaya,West Khasi Hills,0.3 km W of Umsaw,NH44E,25.572492,91.209156,Debris,Slide,NA
500,20221,ME/EKJ/78O14/2015/14,Meghalaya,East Khasi Hills,NA,Near Nongumlong,25.57255,91.828833,Debris,Slide,NA
500,20222,ME/EKJ/78O14/2015/15,Meghalaya,East Khasi Hills,NA,Near Nongumlong,25.573653,91.831023,Debris,Slide,NA
500,20223,ME/EKH/83C02/2015/147,Meghalaya,East Khasi Hills,NA,NH-44,25.57395,92.058583,Debris,Slide,NA
500,20224,MG/WKH/78O02/2017/60,Meghalaya,West Khasi Hills,0.3 km NNE of Umsaw,Umsaw Mawsiangbah approach road,25.57425,91.214472,Debris,Slide,NA
500,20225,ME/EKJ/78O14/2015/16,Meghalaya,East Khasi Hills,NA,Near Nongumlong,25.57428,91.831851,Debris,Slide,NA
500,20226,ME/EKH/83C02/2015/148,Meghalaya,East Khasi Hills,NA,".5 km NE of Thangshalai, NH-44",25.576203,92.057722,Debris,Slide,NA
500,20227,ME/EKH/83C02/2015/181,Meghalaya,East Khasi Hills,NA,NA,25.576806,92.242444,Debris,Slide,NA
500,20228,ME/EKJ/78O14/2015/52,Meghalaya,East Khasi Hills,NA,Near Dewsaw,25.576847,91.753423,Debris,Slide,NA
500,20229,ME/EKJ/78O14/2015/53,Meghalaya,East Khasi Hills,NA,5 km Nongthliw,25.577212,91.75219,Debris,Slide,NA
500,20230,MG/WJH/83C06/2018/1,Meghalaya,West Jaintia hills,Jonglawit slide,Jonglawit village,25.578206,92.266856,Soil,Slide,NA
500,20231,ML/EKH/78O14/2014/03,Meghalaya,East Khasi Hills,Barapathar,Barapathar,25.57822,91.86545,Debris,Slide,23 September 2014
500,20232,MG/WGH/78G14/2020/1,Meghalaya,West Garo Hills,Tura-Ampati road slide no1,"SH-12,Tura-Ampati Road, near Shakuri, Garobadha, Meghalaya.",25.58,89.99,Earth,Slide,NA
500,20233,MG/WKH/78O02/2017/58,Meghalaya,West Khasi Hills,Mawlynniang,Urkali Nongkhniang road,25.580703,91.237361,Debris,Slide,NA
500,20234,MG/WKH/78O02/2017/5,Meghalaya,West Khasi Hills,1.5 km NNW of Mawnar,NH44E,25.581572,91.181611,Debris,Slide,NA
500,20235,MG/WKH/78O02/2017/6,Meghalaya,West Khasi Hills,0.9 km NNW of Mawlynngdep,NH44E,25.581822,91.189944,Debris,Slide,NA
500,20236,ME/EKJ/78O14/2015/54,Meghalaya,East Khasi Hills,NA,Near Krang,25.581829,91.765659,Rock,Slide,NA
500,20237,MG/WKH/78O02/2017/62,Meghalaya,West Khasi Hills,0.6 km SE of Umjaru,NH44E,25.581983,91.176972,Debris,Slide,NA
500,20238,MG/WKH/78O02/2017/61,Meghalaya,West Khasi Hills,1.5 km N of Mawnar,NH44E,25.582061,91.185611,Debris,Slide,NA
500,20239,ME/EKH/83C02/2015/149,Meghalaya,East Khasi Hills,NA,".5 km NE of Thangshalai, NH-44",25.582167,92.058333,Debris,Slide,NA
500,20240,MG/WKH/78O02/2017/29,Meghalaya,West Khasi Hills,1.6 km N of Mawnar,NH44E,25.582836,91.183972,Debris,Slide,NA
500,20241,MG/WKH/78O02/2017/59,Meghalaya,West Khasi Hills,0.6 km NNW of Mawlynniang,Urkali Nongkhniang road,25.583236,91.237317,Debris,Slide,NA
500,20242,MG/WKH/78O02/2017/4,Meghalaya,West Khasi Hills,0.5 km E of Umjaru,NH44E,25.585389,91.1765,Debris,Slide,NA
500,20243,ME/EKJ/78O14/2015/55,Meghalaya,East Khasi Hills,NA,Near Dewsaw,25.585875,91.777328,Rock,Fall,NA
500,20244,MG/WKH/78O06/2017/18,Meghalaya,West Khasi Hills,Myriaw slide,Myriaw village,25.587111,91.498556,Debris,Slide,NA
500,20245,ME/EKH/83C02/2015/150,Meghalaya,East Khasi Hills,NA,"1.2 km E of Diengpasoh, NH-44",25.592972,92.055139,Debris,Slide,NA
500,20246,ME/EKJ/78O14/2015/18,Meghalaya,East Khasi Hills,NA,Lungkyrding- Mawpat Road,25.59578,91.917379,Earth,Subsidence,NA
500,20247,MG/WKH/78O02/2017/67,Meghalaya,West Khasi Hills,2.7 km W of Umjaru,NH44E Umshinrut road,25.597614,91.153233,Debris,Slide,NA
500,20248,MG/WKH/78O02/2017/2,Meghalaya,West Khasi Hills,0.6 km NW of Umjaru,NH44E,25.598908,91.175628,Debris,Slide,NA
500,20249,ME/EKJ/78O14/2015/46,Meghalaya,East Khasi Hills,NA,Umj jew- Lumpyngrope approach road,25.599096,91.859289,Earth,Slide,NA
500,20250,MG/WKH/78O02/2017/3,Meghalaya,West Khasi Hills,0.5 km NW of Umjaru,NH44E,25.599575,91.1782,Soil,Slide,NA
500,20251,ME/EKJ/78O14/2015/44,Meghalaya,East Khasi Hills,NA,Umj jew- Lumpyngrope approach road,25.599762,91.860814,Debris,Slide,NA
500,20252,ME/EKJ/78O14/2015/45,Meghalaya,East Khasi Hills,NA,Umj jew- Lumpyngrope approach road,25.599815,91.860028,Debris,Slide,NA
500,20253,MG/WKH/78O02/2017/69,Meghalaya,West Khasi Hills,0.7 km NW of Umjaru,NH44E,25.599817,91.176394,Debris,Slide,NA
500,20254,MG/WGH/78K02/2020/2,Meghalaya,West Garo Hills,Singimari-Tura road subsidence,"SH-2, Meghalaya, 300 m SE of Tiksali",25.6,90.03,Debris,Slide,2019
501,20255,MG/WGH/78K06/2020/2,Meghalaya,West Garo Hills,Rongram-Jengjal road slide 2,"NH-217,Paikan-Tura Dalu Road, Near Rongram bazaar",25.6,90.29,Debris,Slide,NA
501,20256,MG/WKH/78O02/2017/70,Meghalaya,West Khasi Hills,0.6 km NNW of Umjaru,NH44E,25.600736,91.177453,Debris,Slide,NA
501,20257,MG/WKH/78O02/2017/1,Meghalaya,West Khasi Hills,Rwiang,NH44E,25.602683,91.180708,Debris,Slide,NA
501,20258,ME/EKJ/78O15/2015/142,Meghalaya,East Khasi Hills,NA,Umj jew- Lumpyngrope approach road,25.60339,91.856222,Rock,Slide,NA
501,20259,MG/WKH/78O02/2017/63,Meghalaya,West Khasi Hills,2.5 km W of Rwiang,NH44E Umshinrut road,25.606189,91.157706,Debris,Slide,NA
501,20260,ME/EKJ/78O14/2015/47,Meghalaya,East Khasi Hills,NA,Umj jew- Lumpyngrope approach road,25.606193,91.856276,Rock,Slide,NA
501,20261,MG/WKH/78O02/2017/10,Meghalaya,West Khasi Hills,0.5 km NW of Rwiang,NH44E,25.606969,91.176158,Debris,Slide,NA
501,20262,MG/WKH/78O02/2017/68,Meghalaya,West Khasi Hills,2.7 km W of Rwiang,NH44E Umshinrut road,25.607458,91.157039,Debris,Slide,NA
501,20263,MG/WKH/78O02/2017/11,Meghalaya,West Khasi Hills,0.7 km NW of Rwaing,NH44E,25.607567,91.174906,Debris,Slide,NA
501,20264,MG/WGH/78K06/2020/1,Meghalaya,West Garo Hills,Rongram-Jengjal road slide 1,"NH-217,Paikan-Tura Dalu Road",25.61,90.29,Debris,Slide,2019
501,20265,MG/WGH/78K06/2020/3,Meghalaya,West Garo Hills,Rongram-Jengjal road slide 3,"NH-217,Paikan-Tura Dalu Road",25.61,90.29,Debris,Slide,NA
501,20266,MG/WGH/78K06/2020/4,Meghalaya,West Garo Hills,Rongram-Jengjal road slide 4,"NH-217,Paikan-Tura Dalu Road",25.61,90.29,Debris,Slide,2019
501,20267,MG/WGH/78K06/2020/5,Meghalaya,West Garo Hills,Rongram-Jengjal road slide 5,"NH-217,Paikan-Tura Dalu Road",25.61,90.29,Debris,Slide,NA
501,20268,MG/WGH/78K06/2020/6,Meghalaya,West Garo Hills,Rongram-Jengjal road slide 6,"NH-217,Paikan-Tura Dalu Road",25.61,90.3,Debris,Slide,NA
501,20269,MG/WGH/78K06/2020/7,Meghalaya,West Garo Hills,Rongram-Jengjal road slide 7,"NH-217,Paikan-Tura Dalu Road",25.61,90.31,Debris,Slide,NA
501,20270,MG/WKH/78O02/2017/98,Meghalaya,West Khasi Hills,0.6 km NE of Langumshing,NH44E,25.611361,91.022019,Debris,Slide,NA
501,20271,MG/WJH/83C06/2018/7,Meghalaya,West Jaintia hills,Barato slide,2 km North of Barato,25.611931,92.452931,Debris,Slide,NA
501,20272,ME/EKJ/78O14/2015/33,Meghalaya,East Khasi Hills,NA,Old shillong -Guwahati road,25.612528,91.870861,Earth,Slide,NA
501,20273,MG/WKH/78O02/2017/71,Meghalaya,West Khasi Hills,Mawruksoin,NH44E,25.612794,91.173697,Debris,Slide,NA
501,20274,ME/EKJ/78O15/2015/78,Meghalaya,East Khasi Hills,NA,Old shillong -Guwahati road,25.613583,91.871778,Earth,Slide,NA
501,20275,ME/EKJ/78O14/2015/34,Meghalaya,East Khasi Hills,NA,Old shillong -Guwahati road,25.613917,91.868639,Earth,Slide,NA
501,20276,ME/EKJ/78O14/2015/35,Meghalaya,East Khasi Hills,NA,Old shillong -Guwahati road,25.614112,91.869632,Earth,Slide,NA
501,20277,ME/EKJ/78O14/2015/36,Meghalaya,East Khasi Hills,NA,Old shillong -Guwahati road,25.614537,91.87005,Earth,Slide,NA
501,20278,ME/EKJ/78O14/2015/38,Meghalaya,East Khasi Hills,NA,Old shillong -Guwahati road,25.614657,91.870692,Earth,Slide,NA
501,20279,ME/EKJ/78O14/2015/37,Meghalaya,East Khasi Hills,NA,Old shillong -Guwahati road,25.614664,91.870266,Earth,Slide,NA
501,20280,ME/EKJ/78O14/2015/39,Meghalaya,East Khasi Hills,NA,Old shillong -Guwahati road,25.614807,91.871158,Earth,Slide,NA
501,20281,ME/EKJ/78O14/2015/40,Meghalaya,East Khasi Hills,NA,Old shillong -Guwahati road,25.614912,91.871711,Earth,Slide,NA
501,20282,MG/WKH/78O06/2017/4,Meghalaya,South West Khasi Hills,Mawphynsiar slide,Rambrai Road,25.615092,91.309872,Debris,Slide,NA
501,20283,ME/EKJ/78O14/2015/41,Meghalaya,East Khasi Hills,NA,Old shillong -Guwahati road,25.615134,91.872232,Debris,Slide,NA
501,20284,ME/EKJ/78O14/2015/17,Meghalaya,East Khasi Hills,NA,NH-40,25.616596,91.876562,Earth,Slide,2015
501,20285,ME/EKJ/78O14/2015/42,Meghalaya,East Khasi Hills,NA,Old shillong -Guwahati road,25.617787,91.872745,Debris,Slide,NA
501,20286,MG/WKH/78O02/2017/8,Meghalaya,West Khasi Hills,1 km E of Mawruksoin,Riwang Langpih road,25.618994,91.185681,Debris,Slide,NA
501,20287,MEG/WKH/78O10/2016/28,Meghalaya,West Khasi Hills,MairangNongkhlaw R.S4,"MairangNongkhlaw road, about 0.5 km NW of Nongrmai village",25.619625,91.616567,Earth,Slide,2016
501,20288,ME/EKJ/78O14/2015/43,Meghalaya,East Khasi Hills,NA,Old shillong -Guwahati road,25.619861,91.875111,Debris,Slide,NA
501,20289,MG/WGH/78K06/2020/8,Meghalaya,West Garo Hills,NA,NA,25.62,90.33,Debris,Slide,NA
501,20290,MEG/EKH/78O14/2020-21/1,Meghalaya,East Khasi Hills,NA,NA,25.62,91.88272222,Soil,Slide,2013
501,20291,MEG/WKH/78O10/2016/27,Meghalaya,West Khasi Hills,MairangNongkhlaw R.S3,"MairangNongkhlaw road, about 1 km NW of Nongrmai village",25.620361,91.617083,Earth,Slide,2016
501,20292,MG/WKH/78O02/2017/12,Meghalaya,West Khasi Hills,1.1 km NNW of Mawruksoin,NH44E,25.624778,91.16775,Debris,Slide,NA
502,20293,MEG/EKH/78O14/2024/01,Meghalaya,East Khasi Hills,NA,NA,25.6251,91.9118,Slope cut debris (weathered quartzite),Slide,27 May 2024
502,20294,MG/WKH/78K14/2018/6,Meghalaya,West Khasi Hills,North of Ginulgithim,NA,25.625142,90.791675,Soil,Slide,2018
502,20295,MG/WKH/78O02/2017/9,Meghalaya,West Khasi Hills,1.2 km NE of Mawruksoin,Riwang Langpih road,25.625331,91.182614,Debris,Slide,2017
502,20296,MEGH/EKH/78O14/2007/D-24,Meghalaya,East Khasi Hills,Mawiong slide,NA,25.626417,91.887028,Debris,Slide,NA
502,20297,MG/WKH/78O02/2017/72,Meghalaya,West Khasi Hills,1.4 km E of Patharkhnang,NH44E,25.626767,91.165211,Debris,Slide,NA
502,20298,ME/EKJ/78O14/2015/01,Meghalaya,East Khasi Hills,NA,Lum- Diengei Rd,25.626794,91.829725,Rock,Slide,NA
502,20299,ME/EKJ/78O14/2015/48,Meghalaya,East Khasi Hills,NA,old shillong -guwahati road,25.627946,91.876487,Debris,Slide,NA
502,20300,MG/WKH/78O02/2017/97,Meghalaya,West Khasi Hills,0.7 km S of Umdein,NH44E,25.628361,91.037139,Debris,Slide,NA
502,20301,MG/WKH/78O02/2017/73,Meghalaya,West Khasi Hills,1.3 km E of Patharkhnang,NH44E,25.628758,91.164169,Debris,Slide,NA
502,20302,MG/WKH/78O02/2017/96,Meghalaya,West Khasi Hills,0.6 km S of Umdein,NH44E,25.629003,91.037664,Debris,Slide,NA
502,20303,MG/WKH/78O02/2017/28,Meghalaya,West Khasi Hills,1.3 km NE of Patharkhnang,NH44E,25.629683,91.163172,Debris,Slide,NA
502,20304,MG/WGH/78K06/2020/9,Meghalaya,West Garo Hills,Rongram-Jengjal road slide 9,"NH-217,Paikan-Tura Dalu Road",25.63,90.33,Debris,Slide,NA
502,20305,MG/WGH/78K06/2020/10,Meghalaya,West Garo Hills,Rongram-Jengjal road slide 10,"NH-217,Paikan-Tura Dalu Road",25.63,90.33,Rock,Slide,NA
502,20306,ME/EKJ/78O14/2015/49,Meghalaya,East Khasi Hills,NA,old shillong -guwahati road,25.630652,91.87886,Debris,Slide,NA
502,20307,MG/WKH/78O02/2017/27,Meghalaya,West Khasi Hills,1.5 km NE of Patharkhnang,NH44E,25.632286,91.162786,Debris,Slide,NA
502,20308,ME/EKJ/78O14/2015/19,Meghalaya,East Khasi Hills,NA,NH-40,25.633896,91.891833,Debris,Slide,2015
502,20309,MG/EGH/78K14/2018/5,Meghalaya,East Garo hills,East of Achengbok,NULL,25.635556,90.807778,Soil,Slide,NA
502,20310,MG/WKH/78O02/2017/26,Meghalaya,West Khasi Hills,3 km SE of Seinduli,NH44E,25.636747,91.162711,Rock,Slide,2017
502,20311,ME/EKJ/78O14/2015/03,Meghalaya,East Khasi Hills,NA,Lum- Diengei Rd,25.636913,91.843235,Debris,Slide,NA
502,20312,ME/EKJ/78O14/2015/02,Meghalaya,East Khasi Hills,NA,Lum- Diengei Rd,25.637026,91.844464,Debris,Slide,2015
502,20313,ME/EKJ/78O14/2015/29,Meghalaya,East Khasi Hills,NA,Mawatawar- Bhoilymbong Rd,25.637189,91.93345,Debris,Slide,NA
502,20314,ME/EKJ/78O14/2015/04,Meghalaya,East Khasi Hills,NA,Lum- Diengei Rd,25.637274,91.844234,Debris,Slide,NA
502,20315,ME/EKJ/78O14/2015/31,Meghalaya,East Khasi Hills,NA,Mawatawar- Bhoilymbong Rd,25.637365,91.932235,Debris,Slide,NA
502,20316,ME/EKJ/78O14/2015/30,Meghalaya,East Khasi Hills,NA,Mawatawar- Bhoilymbong Rd,25.637779,91.932565,Debris,Slide,NA
502,20317,MG/WKH/78O02/2017/95,Meghalaya,West Khasi Hills,1 km NE of Umdein,NH44E,25.639417,91.044806,Debris,Slide,NA
502,20318,ME/EKJ/78O14/2015/05,Meghalaya,East Khasi Hills,NA,Lum- Diengei Rd,25.640264,91.848588,Rock,Slide,NA
502,20319,ME/EKJ/78O14/2015/51,Meghalaya,East Khasi Hills,NA,NH-40,25.641194,91.890667,Debris,Slide,NA
502,20320,ME/EKJ/78O14/2015/06,Meghalaya,East Khasi Hills,NA,Lum- Diengei Rd,25.641388,91.854928,Rock,Slide,NA
502,20321,ME/EKJ/78O14/2015/07,Meghalaya,East Khasi Hills,NA,Lum- Diengei Rd,25.64213,91.851852,Debris,Slide,NA
502,20322,ME/EKJ/78O14/2015/08,Meghalaya,East Khasi Hills,NA,Lum- Diengei Rd,25.642198,91.851055,Debris,Slide,NA
502,20323,MG/WKH/78O02/2017/74,Meghalaya,West Khasi Hills,1.7 km SE of Tumtum,NH44E,25.643494,91.159222,Debris,Slide,NA
502,20324,ME/EKJ/78O14/2015/20,Meghalaya,East Khasi Hills,NA,NH-40,25.643591,91.890859,Debris,Slide,NA
502,20325,ME/EKJ/78O14/2015/50,Meghalaya,East Khasi Hills,NA,NA,25.64366,91.899342,Rock,Slide,NA
502,20326,MG/WKH/78O02/2017/75,Meghalaya,West Khasi Hills,1.6 km SE of Tumtum,NH44E,25.644222,91.158528,Debris,Slide,NA
502,20327,MG/WKH/78O02/2017/82,Meghalaya,West Khasi Hills,1.1 km NW of Sinduli,NH44E,25.644833,91.134778,Debris,Slide,NA
502,20328,MG/WKH/78O02/2017/76,Meghalaya,West Khasi Hills,1.5 km E of Tumtum,NH44E,25.644944,91.158153,Debris,Slide,NA
502,20329,ME/EKH/83C03/2015/184,Meghalaya,East Khasi Hills,NA,NA,25.64575,92.071167,Debris,Slide,NA
502,20330,MG/WKH/78O02/2017/77,Meghalaya,West Khasi Hills,1.4 km E of Tumtum,NH44E,25.6466,91.157592,Debris,Slide,NA
502,20331,MG/WKH/78O02/2017/94,Meghalaya,West Khasi Hills,1.3 km E of porshieh,NH44E,25.647514,91.055144,Soil,Slide,NA
502,20332,MEG/EKH/78O10/2021/03,Meghalaya,East Khasi Hills,NA,NA,25.64906111,91.89733611,Rock,Slide,August 2019 & July 2020
502,20333,MEG/EKH/78O14/2021/02,Meghalaya,East Khasi Hills,NA,NA,25.64908889,91.899,Debris,Slide,July 2020
502,20334,ME/EKJ/78O14/2015/21,Meghalaya,East Khasi Hills,NA,NH-40,25.649222,91.899,Debris,Slide,NA
502,20335,MG/WKH/78O02/2017/78,Meghalaya,West Khasi Hills,1.3 km SE of Seinduli,NH44E,25.649856,91.154383,Debris,Slide,NA
503,20336,MG/WGH/78K06/2020/11,Meghalaya,West Garo Hills,Jengjal-Addingre-Williamnagar road slide1,"NH-217,Paikan-Tura Dalu Road",25.65,90.38,Debris,Slide,2019
503,20337,MG/WGH/78K06/2020/12,Meghalaya,West Garo Hills,Jengjal-Addingre-Williamnagar road slide2,"NH-217,Paikan-Tura Dalu Road",25.65,90.38,Debris,Slide,NA
503,20338,MG/WGH/78K06/2020/13,Meghalaya,West Garo Hills,Jengjal-Addingre-Williamnagar road slide3,"NH-217,Paikan-Tura Dalu Road",25.65,90.38,Debris,Slide,NA
503,20339,MEG/EKH/78O14/2021/01,Meghalaya,East Khasi Hills,NA,NA,25.65060556,91.89945278,Debris,Slide,August 2019.August 2020.
503,20340,ME/EKH/83C02/2015/163,Meghalaya,East Khasi Hills,NA,NH-44,25.653181,92.041194,Debris,Slide,NA
503,20341,ME/EKJ/78O14/2015/22,Meghalaya,East Khasi Hills,NA,NH-40,25.654639,91.898222,Debris,Slide,NA
503,20342,ME/EKJ/78O14/2015/32,Meghalaya,East Khasi Hills,NA,Mawatawar- Bhoilymbong Rd,25.656408,91.900528,Debris,Slide,NA
503,20343,MG/WKH/78O02/2017/79,Meghalaya,West Khasi Hills,Seinduli,NH44E,25.657083,91.147397,Soil,Slide,NA
503,20344,MG/WKH/78O02/2017/64,Meghalaya,West Khasi Hills,Siangra,Riwang Langpih road,25.65835,91.177014,Debris,Slide,NA
503,20345,MG/WKH/78O02/2017/80,Meghalaya,West Khasi Hills,0.7 km NNW of Seinduli,NH44E,25.660275,91.144308,Soil,Slide,NA
503,20346,MEG/WKH/78O10/2016/26,Meghalaya,West Khasi Hills,MairangNongkhlaw R.S2,"MairangNongkhlaw road, about 3 km NE of Nongthymmai village",25.660333,91.635083,Earth,Slide,2016
503,20347,MEG/WKH/78O10/2016/25,Meghalaya,West Khasi Hills,MairangNongkhlaw R.S1,"MairangNongkhlaw road, about 3 km NE of Nongthymmai village",25.660539,91.635431,Earth,Slide,2016
503,20348,MG/WKH/78O02/2017/81,Meghalaya,West Khasi Hills,0.8 km NNW of Seinduli,NH44E,25.660825,91.143689,Soil,Slide,NA
503,20349,MG/WKH/78O02/2017/83,Meghalaya,West Khasi Hills,1.2 km NW of Sinduli,NH44E,25.663303,91.1347,Debris,Slide,NA
503,20350,MEG/RB/78O14/2017/01,Meghalaya,Ri-Bhoi,Tharia slide,Tharia village,25.663444,91.915944,Debris,Slide,17 June 2017
503,20351,MG/WKH/78O02/2017/44,Meghalaya,West Khasi Hills,1.8 km SW of Porla,NH44E,25.664111,91.089556,Debris,Slide,NA
503,20352,MG/WKH/78O02/2017/91,Meghalaya,West Khasi Hills,1.6 km SW of Porla,NH44E,25.6655,91.090556,Debris,Slide,NA
503,20353,MG/WKH/78O02/2017/43,Meghalaya,West Khasi Hills,1.5 km SW of Porla,NH44E,25.666028,91.091167,Debris,Slide,NA
503,20354,MG/WKH/78O02/2017/84,Meghalaya,West Khasi Hills,Mawthylliang,NH44E,25.66675,91.121472,Debris,Slide,NA
503,20355,MG/WKH/78O02/2017/41,Meghalaya,West Khasi Hills,1.3 km SW of Porla,NH44E,25.667072,91.091972,Debris,Slide,2017
503,20356,MG/WKH/78O02/2017/42,Meghalaya,West Khasi Hills,1.2 km SSW of Porla,NH44E,25.667417,91.092333,Debris,Slide,NA
503,20357,MG/WKH/78O02/2017/92,Meghalaya,West Khasi Hills,Riando petrolpump slide,NH44E,25.667472,91.066778,Debris,Slide,NA
503,20358,MG/WKH/78O02/2017/93,Meghalaya,West Khasi Hills,0.3 km W of Riando petrolpump slide,NH44E,25.667597,91.063169,Debris,Slide,NA
503,20359,MG/WKH/78O02/2017/45,Meghalaya,West Khasi Hills,0.2 km W of Riando petrolpump slide,NH44E,25.667744,91.597819,Debris,Slide,2017
503,20360,MG/WKH/78O02/2017/85,Meghalaya,West Khasi Hills,1.2 km W of Mawthylliang,NH44E,25.668317,91.114858,Debris,Slide,NA
503,20361,ME/EKJ/78O14/2015/09,Meghalaya,East Khasi Hills,NA,Near Umsohpho(Bhoitumbong road),25.668469,91.975083,Debris,Slide,NA
503,20362,MG/WKH/78O02/2017/86,Meghalaya,West Khasi Hills,Porla,NH44E,25.669678,91.102908,Debris,Slide,NA
503,20363,MG/WKH/78O02/2017/87,Meghalaya,West Khasi Hills,Porla 1,NH44E,25.66975,91.100222,Debris,Slide,NA
503,20364,MG/WGH/78K02/2020/3,Meghalaya,West Garo Hills,Rongram-Dadenggre road slide,"Tura-Rongram-Dadenggre Road, 500 m NW of Rambatgre.",25.67,90.18,Earth,Slide,NA
503,20365,MG/WKH/78O02/2017/40,Meghalaya,West Khasi Hills,1 km NW of Porla,NH44E,25.670083,91.094806,Debris,Slide,NA
503,20366,MG/WKH/78O02/2017/90,Meghalaya,West Khasi Hills,1.2 km NW of Porla,NH44E,25.670639,91.09525,Debris,Slide,NA
503,20367,MG/WKH/78O02/2017/65,Meghalaya,West Khasi Hills,1.5 km N of Siangra,Riwang Langpih road,25.671125,91.178883,Soil,Slide,NA
503,20368,MG/WKH/78O02/2017/89,Meghalaya,West Khasi Hills,0.9 km NW of Porla,NH44E,25.6715,91.095233,Debris,Slide,NA
503,20369,MG/WKH/78O02/2017/108,Meghalaya,West Khasi Hills,Tynrong Riangkhon,Riangdo Mawtynrong road,25.671583,91.040889,Soil,Slide,NA
503,20370,MG/WKH/78O02/2017/88,Meghalaya,West Khasi Hills,0.8 km NW of Porla,NH44E,25.671944,91.096139,Debris,Slide,NA
503,20371,MG/WKH/78O02/2017/99,Meghalaya,West Khasi Hills,Riangdo,NH44E,25.672167,91.066028,Debris,Slide,NA
503,20372,MG/WKH/78O02/2017/100,Meghalaya,West Khasi Hills,Riangdo 1,NH44E,25.672917,91.06475,Debris,Slide,NA
503,20373,ME/EKH/83C02/2015/159,Meghalaya,East Khasi Hills,NA,NA,25.674,92.157667,Earth,Slide,NA
504,20374,ME/EKH/83C02/2015/158,Meghalaya,East Khasi Hills,NA,NA,25.676,92.157917,Earth,Slide,NA
504,20375,MG/WKH/78O02/2017/101,Meghalaya,West Khasi Hills,Mawthengkut,Riangdo Mawthengkut road,25.678306,91.07975,Debris,Slide,NA
504,20376,MEGH/WKH/78O02/2007/D-1,Meghalaya,West Khasi Hills,Nongjri (Porthangjah) slide,NA,25.68625,91.118358,Debris,Fall,15 September 2007
504,20377,MEG/WKH/78O10/2016/51,Meghalaya,West Khasi Hills,NA,NongkhlawPatharkhammah road,25.687056,91.6485,Debris,Slide,15 September 2007
504,20378,MEG/WKH/78O10/2016/16,Meghalaya,West Khasi Hills,NongkhlawPatharkhamma R.S4,NongkhlawPatharkhammah road,25.687083,91.650858,Debris,Slide,2016
504,20379,MEG/WKH/78O10/2016/15,Meghalaya,West Khasi Hills,NongkhlawPatharkhamma R.S3,NongkhlawPatharkhammah road,25.687314,91.655378,Debris,Slide,2016
504,20380,MEG/WKH/78O10/2016/17,Meghalaya,West Khasi Hills,NongkhlawPatharkhamma R.S5,NongkhlawPatharkhammah road,25.687431,91.648322,Debris,Slide,2016
504,20381,MEG/WKH/78O10/2016/14,Meghalaya,West Khasi Hills,NongkhlawPatharkhamma R.S2,NongkhlawPatharkhammah road,25.687442,91.656183,Debris,Slide,2016
504,20382,MEG/WKH/78O10/2016/18,Meghalaya,West Khasi Hills,NongkhlawPatharkhamma R.S6,NongkhlawPatharkhammah road,25.687856,91.647944,Debris,Slide,2016
504,20383,MEG/WKH/78O10/2016/13,Meghalaya,West Khasi Hills,NongkhlawPatharkhamma R.S1,NongkhlawPatharkhammah road,25.688011,91.658069,Debris,Slide,2016
504,20384,MG/WKH/78O02/2017/102,Meghalaya,West Khasi Hills,Nongprut,Riangdo Boko road,25.690833,91.056556,Debris,Slide,NA
504,20385,MG/WKH/78O02/2017/103,Meghalaya,West Khasi Hills,0.5 km E of Nongprut,Riangdo Boko road,25.691444,91.057,Debris,Slide,NA
504,20386,MEG/WKH/78O10/2016/19,Meghalaya,West Khasi Hills,NA,NongkhlawPatharkhammah road,25.691453,91.645731,Debris,Slide,2016
504,20387,MEG/WKH/78O10/2016/21,Meghalaya,West Khasi Hills,NongkhlawPatharkhamma R.S8,NongkhlawPatharkhammah road,25.692933,91.647703,Debris,Slide,2016
504,20388,MEG/WKH/78O10/2016/20,Meghalaya,West Khasi Hills,NongkhlawPatharkhamma R.S7,NongkhlawPatharkhammah road,25.692947,91.648044,Debris,Slide,2016
504,20389,MG/WKH/78O02/2017/104,Meghalaya,West Khasi Hills,0.6 km E of Nongprut,Riangdo Boko road,25.693222,91.0555,Soil,Slide,NA
504,20390,MEGH/WKH/78O02/2007/D-2,Meghalaya,West Khasi Hills,Tynrong Mawsaw slide,NA,25.69483,91.11836,Debris,Slide,15 September 2007
504,20391,ME/EKJ/78O14/2015/23,Meghalaya,East Khasi Hills,NA,NH-40,25.695552,91.903777,Debris,Slide,15 September 2007
504,20392,MEG/WKH/78O10/2016/22,Meghalaya,West Khasi Hills,NongkhlawPatharkhamma R.S9,NongkhlawPatharkhammah road,25.696489,91.644528,Debris,Slide,2016
504,20393,ME/EKH/83C02/2015/156,Meghalaya,East Khasi Hills,NA,Khyndawsao,25.696556,92.109694,Debris,Fall,NA
504,20394,MG/WKH/78O02/2017/66,Meghalaya,West Khasi Hills,Nonglang,Riwang Langpih road,25.698111,91.18275,Soil,Slide,NA
504,20395,MG/WKH/78O02/2017/105,Meghalaya,West Khasi Hills,1.1 km NNE of Nongprut,Riangdo Boko road,25.6985,91.056611,Debris,Slide,NA
504,20396,MG/WKH/78O02/2017/107,Meghalaya,West Khasi Hills,1.1 km N of Nongprut,Riangdo Boko road,25.698667,91.054778,Soil,Slide,NA
504,20397,MG/WKH/78O02/2017/106,Meghalaya,West Khasi Hills,1.2 km NNE of Nongprut,Riangdo Boko road,25.699306,91.055556,Soil,Slide,NA
504,20398,MEG/WKH/78O10/2016/24,Meghalaya,West Khasi Hills,NongkhlawPatharkhamma R.S11,NongkhlawPatharkhammah road about 4 km NE of Nongkhlaw village,25.6999,91.642192,Debris,Slide,2016
504,20399,MEG/WKH/78O10/2016/23,Meghalaya,West Khasi Hills,NongkhlawPatharkhamma R.S10,NongkhlawPatharkhammah road about 5 km NE of Nongkhlaw village,25.700053,91.644486,Debris,Slide,2016
504,20400,ME/EKH/83C02/2015/157,Meghalaya,East Khasi Hills,NA,Khyndawsao,25.704083,92.118833,Earth,Fall,NA
504,20401,ME/EKJ/78O14/2015/24,Meghalaya,East Khasi Hills,NA,NH-40,25.708426,91.896406,Debris,Slide,NA
504,20402,ME/EKJ/78O14/2015/25,Meghalaya,East Khasi Hills,NA,NH-40,25.711032,91.891803,Debris,Slide,NA
504,20403,MG/EGH/78K14/2018/4,Meghalaya,East Garo hills,Southeast of Nongberam,NULL,25.716594,90.822539,Soil,Slide,NA
504,20404,ME/EKH/83C02/2015/162,Meghalaya,East Khasi Hills,NA,NA,25.746722,92.111139,Earth,Slide,NA
504,20405,ME/EKH/83C02/2015/144,Meghalaya,East Khasi Hills,NA,1 km NE of Umpaitklong,25.746806,92.107806,Earth,Slide,NA
504,20406,ME/EKH/83C02/2015/160,Meghalaya,East Khasi Hills,NA,.6 km N of Umpaitklong,25.747333,92.117333,Earth,Slide,NA
504,20407,ME/EKH/83C02/2015/161,Meghalaya,East Khasi Hills,NA,NA,25.747597,92.114167,Debris,Slide,NA
504,20408,MEG/RIB/83C1/2016/7,Meghalaya,Ri-Bhoi,Mawkynrong,SH,25.75634,92.017832,Rock,Slide,2014
505,20409,MEG/RIB/78O13/2016/2,Meghalaya,Ri-Bhoi,47.020 chainage slide,NH6,25.759278,91.882861,Earth,Slide,2015
505,20410,MEG/RIB/78O13/2016/3,Meghalaya,Ri-Bhoi,46.720 chainage slide,NH6,25.760611,91.88225,Earth,Slide,2015
505,20411,MEG/WKH/78O10/2016/48,Meghalaya,West Khasi Hills,Ladpanai village slide1,MairangPatharkhamma road 2 km NE of Ladpanai village,25.763347,91.657153,Rock,Slide,2016
505,20412,MEG/RIB/83C1/2016/1,Meghalaya,Ri-Bhoi,Khlieh Umlaita,SH,25.776087,92.03754,Debris,Slide,2015
505,20413,MEG/RIB/78O13/2016/4,Meghalaya,Ri-Bhoi,43.030 chainage slide,NH6,25.787,91.876583,Earth,Slide,2015
505,20414,MG/WKH/78O1/2020/5,Meghalaya,West Khasi Hills,Nongporuo-NamASoi slide-2,Nongporuo-NamASoi road,25.79,91.02,Debris,Slide,NA
505,20415,MG/WGH/78K05/2020/1,Meghalaya,West Garo Hills,NH-217 road slide,"NH-217 , Paikan-Tura-Dalu road, near Mendal village",25.79,90.44,Debris,Slide,2019
505,20416,MEG/WKH/78O10/2016/50,Meghalaya,West Khasi Hills,NA,NongkhlawPatharkhammah road 1 km SW of Ladpanai vilalge,25.795444,91.662111,Earth,Slide,2016
505,20417,MEG/RIB/83C1/2016/5,Meghalaya,Ri-Bhoi,Umlatara,SH,25.796657,92.143462,Earth,Slide,2015
505,20418,MG/WKH/78O1/2020/6,Meghalaya,West Khasi Hills,Chitrapul slide,Hahim-Riangdo road,25.8,91.11,Earth,Slide,NA
505,20419,MG/WKH/78O1/2020/4,Meghalaya,West Khasi Hills,Nongporuo-NamASoi slide-1,Nongporuo-NamASoi road,25.8,91.01,Debris,Slide,NA
505,20420,MG/WKH/78O1/2020/3,Meghalaya,West Khasi Hills,Malangkona-Nongporuo slide-3,Malangkona-Nongporuo road,25.81,91.02,Earth,Slide,NA
505,20421,MG/WKH/78O1/2020/8,Meghalaya,West Khasi Hills,Banspani slide,Banspani,25.83,91.14,Earth,Subsidence,NA
505,20422,MG/WKH/78O1/2020/2,Meghalaya,West Khasi Hills,Malangkona-Nongporuo slide-2,Malangkona-Nongporuo road,25.83,91.05,Debris,Slide,NA
505,20423,MG/WKH/78O1/2020/1,Meghalaya,West Khasi Hills,Malangkona-Nongporuo slide-1,Malangkona-Nongporuo road,25.83,91.05,Earth,Slide,2019
505,20424,MG/WKH/78O5/2020/5,Meghalaya,Ri-Bhoi,Belahari slide,Belahari village,25.84,91.47,Earth,Slide,NA
505,20425,MG/WKH/78O1/2020/7,Meghalaya,West Khasi Hills,Aradonga slide,Hahim-Riangdo road,25.85,91.17,Earth,Slide,NA
505,20426,MEG/RIB/78O13/2016/6,Meghalaya,Ri-Bhoi,34.300 chainage slide,NH6,25.852222,91.881361,Earth,Slide,2015
505,20427,MEG/RIB/78O13/2016/5,Meghalaya,Ri-Bhoi,34.190 chainage slide,NH6,25.853111,91.881583,Debris,Slide,2015
505,20428,MEG/RIB/83C1/2016/8,Meghalaya,Ri-Bhoi,Mawpat,SH,25.86575,92.153286,Earth,Slide,2015
505,20429,MEG/RIB/78O13/2016/16,Meghalaya,Ri-Bhoi,Umdihar,NH6,25.865894,91.880278,Earth,Slide,2015
505,20430,MEG/RIB/83C1/2016/6,Meghalaya,Ri-Bhoi,Mawkangi,SH,25.874293,92.018322,Debris,Slide,2015
505,20431,MEG/RIB/78O09/2016/49,Meghalaya,Ri-Bhoi,Patharkhamma village Slide1,Patharkhamma Guwahati road 1 km NW of Patharkhamma village,25.895583,91.599333,Debris,Slide,2016
505,20432,MEG/RIB/78O09/2016/47,Meghalaya,Ri-Bhoi,Jirang village slide8,Patharkhamma Guwahati road near New Jirang village,25.913997,91.578903,Debris,Slide,2016
505,20433,MEG/RIB/78O09/2016/46,Meghalaya,Ri-Bhoi,Jirang village slide7,Patharkhamma Guwahati road about 1 km NW of New Jirang village,25.9235,91.574222,Debris,Slide,2016
505,20434,ML/RIB/78O13/2014/10,Meghalaya,Ri-Bhoi,Pamdingoh B,GS road,25.92792,91.87717,Debris,Slide,August-September 2014
505,20435,MEG/RIB/78O13/2016/7,Meghalaya,Ri-Bhoi,Krosia slide,NH6,25.927972,91.877194,Earth,Slide,2015
505,20436,MEG/RIB/78O09/2016/45,Meghalaya,Ri-Bhoi,Jirang village slide6,Patharkhamma Guwahati road about 2 km SW of Jirang village,25.930386,91.571822,Earth,Slide,2016
505,20437,MEG/RIB/78O09/2016/54,Meghalaya,Ri-Bhoi,UmlingPatharkhamma R.S3,UmlingPatharkhamma road,25.934889,91.714389,Earth,Slide,2016
505,20438,MEG/RIB/78O09/2016/53,Meghalaya,Ri-Bhoi,UmlingPatharkhamma R.S2,UmlingPatharkhamma road,25.935708,91.714556,Earth,Slide,2016
505,20439,MEG/RIB/78O09/2016/44,Meghalaya,Ri-Bhoi,Jirang village slide5,Patharkhamma Guwahati road about 1 km NW of Jirang village,25.935833,91.56525,Earth,Slide,2016
505,20440,MEG/RIB/78O09/2016/43,Meghalaya,Ri-Bhoi,Jirang village slide4,Patharkhamma Guwahati road about 1 km NW of Jirang village,25.935908,91.564903,Earth,Slide,2016
506,20441,MEG/RIB/78O09/2016/42,Meghalaya,Ri-Bhoi,Jirang village slide3,Patharkhamma Guwahati road 1 km NW of Jirang village,25.936583,91.563917,Debris,Slide,2016
506,20442,ML/RIB/78O13/2014/09,Meghalaya,Ri-Bhoi,Pamdingoh A,GS road,25.937,91.87553,Debris,Slide,2014
506,20443,MEG/RIB/78O09/2016/41,Meghalaya,Ri-Bhoi,Jirang village slide2,Patharkhamma Guwahati road 1.5 km NW of Jirang village,25.940439,91.563069,Earth,Slide,2016
506,20444,MEG/RIB/78O09/2016/52,Meghalaya,Ri-Bhoi,UmlingPatharkhamma R.S1,UmlingPatharkhamma road,25.940978,91.724644,Earth,Slide,2016
506,20445,MEG/RIB/78O09/2016/40,Meghalaya,Ri-Bhoi,Jirang village slide1,Patharkhamma Guwahati road 2 km NW of Jirang village,25.945225,91.560703,Earth,Slide,2016
506,20446,MEG/RIB/78O09/2016/39,Meghalaya,Ri-Bhoi,Paham slide2,Patharkhamma Guwahati road 2 km S of Paham village,25.945619,91.548883,Earth,Slide,2016
506,20447,MEG/RIB/78O13/2016/17,Meghalaya,Ri-Bhoi,yrn,SH,25.951106,91.968889,Earth,Slide,2015
506,20448,MEG/RIB/78O09/2016/38,Meghalaya,Ri-Bhoi,Paham slide,Patharkhamma Guwahati road 0.5 km S of Paham village,25.9545,91.546622,Debris,Slide,2016
506,20449,MEG/RIB/78O13/2016/1,Meghalaya,Ri-Bhoi,19.720 km slide,NH6,25.954889,91.858667,Debris,Slide,2016
506,20450,MEG/RIB/78O13/2016/14,Meghalaya,Ri-Bhoi,Lumjana Slide II,NH6,25.956333,91.85725,Earth,Slide,2015
506,20451,MEG/RIB/78O13/2016/13,Meghalaya,Ri-Bhoi,Lumjana Slide I,NH6,25.956781,91.852883,Earth,Slide,2015
506,20452,ML/RIB/78O13/2014/07,Meghalaya,Ri-Bhoi,Shangbangla,GS road,25.95847,91.85406,Debris,Slide,23 September 2014 at 09.00hrs and 14:30hrs
506,20453,MEG/RIB/78O13/2016/12,Meghalaya,Ri-Bhoi,Sohpu,NH6,25.958886,91.851242,Earth,Slide,NA
506,20454,MEG/RIB/78O13/2016/15,Meghalaya,Ri-Bhoi,Umdaprhong,NH6,25.96,91.857,Earth,Slide,2015
506,20455,MEG/RIB/83C1/2016/2,Meghalaya,Ri-Bhoi,Markang,SH,25.970032,92.056762,Earth,Slide,2015
506,20456,MEG/RIB/83C1/2016/3,Meghalaya,Ri-Bhoi,South of Markang,SH,25.970062,92.054889,Earth,Slide,2015
506,20457,MEG/RIB/78O09/2016/35,Meghalaya,Ri-Bhoi,Huro Jirang village slide3,0.5 km SW of Huro Jirang vilalge,25.971897,91.562372,Earth,Slide,2016
506,20458,MEG/RIB/78O09/2016/36,Meghalaya,Ri-Bhoi,Huro Jirang village slide4,4.5 km SW of Huro Jirang vilalge,25.972322,91.561125,Earth,Slide,2016
506,20459,MEG/RIB/78O09/2016/37,Meghalaya,Ri-Bhoi,Huro Jirang village slide5,5 km SW of Huro Jirang vilalge,25.972469,91.560822,Earth,Slide,2016
506,20460,ML/RIB/78O13/2014/04,Meghalaya,Ri-Bhoi,Umling,Guwahati-Shillong road (NH-40),25.97256,91.86242,Debris,Slide,"2012, 05 October 2014 at 5:30 pm"
506,20461,MEG/RIB/78O13/2016/10,Meghalaya,Ri-Bhoi,Umling slide,NH6,25.972964,91.858336,Debris,Slide,2016
506,20462,MEG/RIB/78O09/2016/34,Meghalaya,Ri-Bhoi,Huro Jirang village slide2,2.5km SW of Huro Jirang vilalge,25.978481,91.569575,Earth,Slide,2016
506,20463,MEG/RIB/78O13/2016/18,Meghalaya,Ri-Bhoi,Old weight bridge 2,NH6,25.978803,91.860278,Earth,Slide,2015
506,20464,MEG/RIB/78O13/2016/9,Meghalaya,Ri-Bhoi,Old weight bridge slide,NH6,25.979244,91.860578,Earth,Slide,2012
506,20465,MEG/RIB/83C1/2016/4,Meghalaya,Ri-Bhoi,Jowe,SH,25.982436,92.057405,Debris,Slide,2015
506,20466,MEG/RIB/78O09/2016/33,Meghalaya,Ri-Bhoi,Huro Jirang village slide1,0.5km NE of Huro Jirang vilalge,25.994619,91.577214,Earth,Slide,2016
506,20467,MEG/RIB/78O13/2016/8,Meghalaya,Ri-Bhoi,13 km stone slide,NH6,25.997033,91.86235,Earth,Slide,2015
506,20468,MEG/RIB/78O13/2016/11,Meghalaya,Ri-Bhoi,Hynniangban Them slide,NH6,25.998847,91.863883,Earth,Slide,2015
506,20469,ML/RIB/78N16/2014/06,Meghalaya,Ri-Bhoi,19 Mile,GS Road,26.00294,91.86692,Debris,Slide,23 September 2014
506,20470,ME/RIB/78N12/2015/105,Meghalaya,Ri-Bhoi,Shakhoikuna-2,"Shakhoikuna-2, Ri-Bhoi, Meghalaya",26.007083,91.909806,Earth,Slide,NA
506,20471,ML/RIB/78N16/2014/05,Meghalaya,Ri-Bhoi,17 Mile C,GS Road,26.01061,91.86886,Debris,Slide,"20-23 August, 2014"
506,20472,ME/RIB/78N12/2015/99,Meghalaya,Ri-Bhoi,Mairapur-1,"Mairapur-1, Meghalaya",26.011861,91.569611,Rock cum Debris,Slide,NA
506,20473,ME/RIB/78N12/2015/102,Meghalaya,Ri-Bhoi,Upper Norbong-3,"Upper Norbong-3, Mylliem RF, Meghalaya",26.022094,91.832906,Debris,Slide,NA
506,20474,ML/RIB/78N16/2014/02,Meghalaya,Ri-Bhoi,17 Mile B,GS road,26.02547,91.87158,Earth,Slide,20 September 2014
507,20475,ME/RIB/78N12/2015/103,Meghalaya,Ri-Bhoi,Pahamsubar,En-route to Pahamsubar,26.027028,91.88175,Earth,Slide,NA
507,20476,ME/RIB/78N12/2015/104,Meghalaya,Ri-Bhoi,Dokduki,"En-route to Dokduki, Ri-Bhoi, Meghalaya",26.027583,91.886556,Debris,Slide,NA
507,20477,ML/RIB/78N16/2014/01,Meghalaya,Ri-Bhoi,17 mile A,GS road,26.02897,91.87197,Earth,Slide,2014
507,20478,ME/RIB/78N12/2015/106,Meghalaya,Ri-Bhoi,Markang,"Markang, Ri-Bhoi, Meghalaya",26.032028,91.989528,Debris,Slide,NA
507,20479,ME/RIB/78N16/2015/110,Meghalaya,Ri-Bhoi,16th mile,"16th mile, NH-40, Ri-Bhoi, Meghalaya",26.033583,91.867083,Earth,Slide,NA
507,20480,MG/RIB/83B04/2018/2,Meghalaya,Ri-Bhoi,Umsiang-Markanduba road slide,"Sonalkuchi, Umsiang- Markanduba road",26.0591,92.236,Rock cum debris,Slide,NA
507,20481,MG/RIB/83B04/2018/1,Meghalaya,Ri-Bhoi,Umsiang-Markanduba road slide,Umsiang-Markanduba road,26.061,92.241,Rock cum debris,Slide,NA
507,20482,ME/RBH/78N16/2015/114,Meghalaya,Ri-Bhoi,Umnowe,"Umnowe, Ri-Bhoi, Meghalaya",26.075944,91.820806,Debris,Slide,NA
507,20483,ME/RBH/78N16/2015/113,Meghalaya,Ri-Bhoi,Nongspong,"Nongspong, Meghalaya",26.08125,91.798278,Debris,Slide,NA
507,20484,ME/RIB/78N12/2015/101,Meghalaya,Ri-Bhoi,Umpher,"Umpher, Meghalaya",26.086389,91.879083,Earth,Slide,NA
507,20485,AS/KAM/78N16/2015/76,Meghalaya,Ri-Bhoi,Barpathar,Barpathar Quarry,26.086975,91.7831,Rock cum Debris,Slide,NA
507,20486,3344,Meghalaya,West Jaintia Hills,NULL,NULL,25.47704743,92.16831285,Debris,Slide,25 May 2020
507,20487,3348,Meghalaya,West Jaintia Hills,NULL,NULL,25.46307925,92.25426106,Soil,Slide,26 May 2020
507,20488,3215,Meghalaya,East Khasi Hills,NULL,NULL,25.5667327,91.9146185,Debris,Slide,04 October 2024
507,20489,3351,Meghalaya,West Jaintia Hills,NULL,NULL,25.28422636,92.11294194,Debris,Slide,26 June 2020
507,20490,3345,Meghalaya,West Jaintia Hills,NULL,NULL,25.2842285,92.11314877,Rock,Slide,26 May 2020
507,20491,ME/SWKH/78O07/2024/4,Meghalaya,South West Khasi Hills,Manad slide-1,Manad village,25.29967,91.46108,Debris,Slide,15 June 2024
507,20492,ME/SWKH/78O07/2024/5,Meghalaya,South West Khasi Hills,Manad slide-2,Manad village,25.29667,91.45986,Debris,Slide,17 June 2024 at 6:00AM
507,20493,ME/SWKH/78O07/2024/6,Meghalaya,South West Khasi Hills,Manad slide-3,Manad village,25.2975,91.46167,Debris,Slide,17 June 2024 (8:00 to 9:00 AM)
507,20494,ME/SWKH/78O072024/7,Meghalaya,South West Khasi Hills,Manad slide-4,Manad village,25.29739,91.46201,Debris,Slide,17 June 2024
507,20495,ME/SWKH/78O07/2024/8,Meghalaya,South West Khasi Hills,Lummawbah village slide,Lummawbah village,25.29778,91.45972,Debris,Slide,15 June 2024(1:00 AM)
507,20496,ME/RIB/78O13/2024/09,Meghalaya,Ri-Bhoi,Umsamlem slide,Umsamlem village,25.809088,91.875238,Earth,Slide,6 July 2025 at 10:20 hrs
507,20497,ME/RIB/78O13/2024/10,Meghalaya,Ri-Bhoi,Umran Dairy slide,Umran Dairy village,25.781246,91.874475,Earth,Slide,6 July 2024
507,20498,4693,Meghalaya,East Khasi Hills,NULL,NULL,25.640581,91.89212,Debris,Fall,NA
507,20499,ME/EKH/78O15/2025/01,Meghalaya,East Khasi Hills,11thMile slide 1,NH-206,25.465167,91.824944,Debris,Slide,30 May 2025 at 05:40 AM
507,20500,ME/EKH/78O15/2025/02,Meghalaya,East Khasi Hills,Laitlyngkot- Pomlum slide 1,NH-206,25.422278,91.867694,Rock,Slide,30 May 2025
507,20501,ME/EKH/78O15/2025/03,Meghalaya,East Khasi Hills,Laitlyngkot-Pomlum slide 2,NH-206,25.43480556,91.85952778,Debris,Slide,30 May 2025
507,20502,ME/EKH/78O15/2025/04,Meghalaya,East Khasi Hills,11th Mile slide2,NH-206,25.48716667,91.81936111,Debris,Slide,30 May 2025
507,20503,ME/EKH/78O15/2025/05,Meghalaya,East Khasi Hills,Lumkyntung landslide,Lumkyntung village,25.456896,91.826145,Debris,Slide,30 May 2025 (around 11.00 Hrs).
507,20504,ME/EJH/83C08/2025/06,Meghalaya,East Jaintia Hills,DonarSkul landslide,NH-06,25.048054,92.409245,Debris,Slide,"2021,11 May 2025 around 10.30 pm"
507,20505,ME/EKH/78O15/2025/07,Meghalaya,East Khasi Hills,Mawrah Debris slide,Laitkroh –Khadarshnog road sector,25.369056,91.775046,Debris,Slide,NA
507,20506,ME/EKH/78O15/2025/08,Meghalaya,East Khasi Hills,Mawrah Rock slide,Laitkroh –Khadarshnog road sector,25.366201,91.767213,Rock,Slide,31 May 2025
507,20507,ME/EKH/78O15/2025/09,Meghalaya,East Khasi Hills,Mawkhnai landslide,Laitkroh –Khadarshnog road sector,25.355042,91.767525,Debris,Slide,31 May 2025
507,20508,ME/EKH/78O15/2025/10,Meghalaya,East Khasi Hills,War-War landslide,Laitkroh –Khadarshnog road sector,25.340415,91.774142,Debris,Slide,31 May 2025
507,20509,ML/RB/2014-2015/08,Meghalaya,Ri-Bhoi,Pemangla slide ( around 22mile from Guwahati),GS road NH-40,25.95608333,91.86413889,Variably thick in-situ soil over the weathered bedrock of granite.,Slide,"25-26, August, 2014, 23 September 2014"
507,20510,ML- 93/2011,Meghalaya,West Khasi Hills,Riangdo Landslide,Riangdo Village,25.67341667,91.06625,Debris,Slide,Second week of May 2011
507,20511,ML-1/2010,Meghalaya,East Khasi Hills,Wall collase of mosque,NA,25.57711111,91.88141667,NA,NA,27 August 2010
508,20512,ML-2/2010,Meghalaya,East Khasi Hills,Meghalaya Police's C.I.D Quarters,NA,25.56183333,91.86855556,NA,NA,28 June 2010
508,20513,ML-3/2010,Meghalaya,East Khasi Hills,Lumsohra,NA,25.57188889,91.90127778,NA,NA,28 June 2010
508,20514,ML-4/2010,Meghalaya,East Khasi Hills,CathedralChurch,NA,25.56852778,91.89219444,NA,NA,28 June 2010
508,20515,ML-5A/2010,Meghalaya,Jaintia Hills,Tongseng Landslide,NA,25.13561111,92.3805,NA,NA,11th and 12th May 2010
508,20516,ML-5B/2010,Meghalaya,Jaintia Hills,Tongseng Landslide,NA,25.13561111,92.3805,NA,NA,11th and 12th May 2010
508,20517,ML-6/2010,Meghalaya,Jaintia Hills,Tongseng Landslide,NA,25.13561111,92.3805,NA,NA,22 April 2010
508,20518,ML-7/2010,Meghalaya,Jaintia Hills,Tongseng Landslide,NA,25.13486111,92.382,NA,NA,22 April 2010
508,20519,ML-8/2010,Meghalaya,Jaintia Hills,Sonapur,NA,25.12383333,92.38519444,NA,NA,22 April 2010
508,20520,ML-9/2010,Meghalaya,Jaintia Hills,Kulyng Slide,NA,25.07533333,92.36341667,NA,NA,22 April 2010
508,20521,ML-10/2010,Meghalaya,Jaintia Hills,Umkiang Slide,NA,25.05108333,92.40219444,NA,NA,22 April 2010
508,20522,ML-11/2010,Meghalaya,Jaintia Hills,Dona Slide,NA,25.04305556,92.42041667,NA,NA,22 April 2010
508,20523,ML-12/2010,Meghalaya,Jaintia Hills,Ratachera Slide,NA,25.04222222,92.44127778,NA,NA,22 April 2010
508,20524,ML-01/2012-13,Meghalaya,West Khasi Hills,Pynden Shallang slide,NA,25.36497222,91.02411111,NA,NA,01 May 2012 at 3 AM
508,20525,ML-02/2012-13,Meghalaya,Jaintia Hills,West Khasi Hills,NA,25.26361111,92.38557778,NA,NA,"26 June 2012, at 3AM"
508,20526,ML-03/2012-13,Meghalaya,Jaintia Hills,Nongshning slide,NA,25.26005556,92.38863889,NA,NA,"26 June 2012, at 3AM"
508,20527,ML-04/2012-13,Meghalaya,Jaintia Hills,Tanshang slide,NA,25.14702778,92.37883333,NA,NA,"26 June 2012, at 3AM"
508,20528,ML-05/2012-13,Meghalaya,Jaintia Hills,Tanshang slide II,NA,25.14702778,92.37883333,NA,NA,"26 June 2012, at 3AM"
508,20529,ML-06/2012-13,Meghalaya,Jaintia Hills,Tongseng slide,NA,25.14341667,92.37805556,NA,NA,"26 June 2012, at 3AM"
508,20530,ML-07/2012-13,Meghalaya,Jaintia Hills,Tongseng slide,NA,25.13427778,92.38511111,NA,NA,"26 June 2012, at 3AM"
508,20531,ML-08/2012-13,Meghalaya,Jaintia Hills,Sonapur slide,NA,25.09022222,92.35805556,NA,NA,"26 June 2012, at 3AM"
508,20532,ML-09/2012-13,Meghalaya,Jaintia Hills,Sonapur slide,NA,25.09055556,92.35972222,NA,NA,"26 June 2012, at 3AM"
508,20533,ML-10/2012-13,Meghalaya,Jaintia Hills,Sonapur Mandir slide,NA,25.08772222,92.36086111,NA,NA,"26 June 2012, at 3AM"
508,20534,ML-11/2012-13,Meghalaya,Ri-Bhoi,19th Mile slide,NA,26.00361111,92.86361111,NA,NA,26 July 2012 at 5AM
508,20535,ML-13/2012-13,Meghalaya,West Khasi Hills,Porsohsat slide,NA,25.53086111,91.29780556,NA,NA,21 August 2012 at 10:30am
508,20536,ML/EKH/2014/03,MEGHALAYA,East Khasi Hills,Barapathar Slide,Barapathar (Opposite Hindu Gorkha Samshan Ghat - Crematorium),25.97283333,91.86545,NA,NA,23. 09. 2014
508,20537,ML/RB/2014/04,Meghalaya,Ri-Bhoi,Umling Slide (adjacent to Kargil Petrol Pump on NH-40),Guwahati-Shillong road (NH-40),25.97255556,91.86241667,Debris with embedded rock boulders (a variably thick column of the in-situ sandy soil and thin cover of slope wash resting over the weathered bedrock),Slide,"2012, 05 October 2014 at 5.30pm"
508,20538,ML- 94/2011,Meghalaya,Ri-Bhoi,Umsaw Khwan slide,NA,25.67469444,91.88652778,Earth,slide,26 June 2011
508,20539,ML/Ri-Bhoi/2015-2016/09,Meghalaya,Ri-Bhoi,"NH-40 GS road, 5 km south of Byrnihat",Byrnihat Slide,26.02611111,91.86827778,Debris,Slide,NA
508,20540,ML/EKH/2015/07,Meghalaya,East Khasi Hills,Mawlatang village,Mawlatang slide,25.24416667,91.79397222,Large boulder laden debris (large boulder approx. 4×5m resting on very steep slope),Slide,NA
508,20541,ML/EKH/78O14/2019-20/01,Meghalaya,East Khasi Hills,"Malki, East Khasi Hills district, Meghalaya",Malki Slide,25.563,91.885,Debris,Slide,9 July 2019 at 2.00 pm
508,20542,MEG/EKH/SHILLONG/02,Meghalaya,East Khasi Hills,Rynjah,Rynjah GSI Office slide,25.56663056,91.91370556,Rock (with thin overburden/debris),Slide,10 July 2019
509,20543,ML/EKH/78O11/2019-20/03,Meghalaya,East Khasi Hills,"Mawsynram, East Khasi Hills District, Meghalaya",Mawsynram - Lawbah,25.281,91.57330556,Debris,Slide,7 July 2019
509,20544,ML/EKH/78O11/2019-20/04,Meghalaya,East Khasi Hills,"Mawsynram, East Khasi Hills District, Meghalaya",Mawsynram - Lawbah,25.27728056,91.57445,Rock,Slide,2014
509,20545,MEG/EKH/78O14/2019/05,Meghalaya,East Khasi Hills,"Guwahati-Shillong Road, Near Umiam Lake view point",Umiam Landslide-I,25.6489,91.8965,Rock (with thin overburden/debris),Slide,"2006, 01 October 2019"
509,20546,MEG/EKH/78O14/2019/06,Meghalaya,East Khasi Hills,"Guwahati-Shillong Road, Near Umiam Lake view point",Umiam Landslide-II,25.64911111,91.899,Debris,Slide,"2018,11 July 2019"
509,20547,MEG/EKH/78O8/2019/07,Meghalaya,East Khasi Hills,Balat road slide - I,Pomblang Landslide,25.23211111,91.37252778,Debris,Slide,27 June 2019
509,20548,MEG/EKH/78O8/2019/08,Meghalaya,East Khasi Hills,Balat road,Balat road slide - II,25.22194444,91.38422222,Debris,Slide,27 June 2019
509,20549,MEG/EKH/78O8/2019/09,Meghalaya,East Khasi Hills,Mawphlang-Balat road,Lad Bagli Landslide,25.2161,91.38912222,Rock,Slide,2005
509,20550,MEG/EKH/78O8/2019/10,Meghalaya,East Khasi Hills,Balat-Shella road,Balat 3.5 km Slide,25.18766667,91.39816667,Rock,Slide,27 June 2019.
509,20551,MEG/EKH/78O8/2019/11,Meghalaya,East Khasi Hills,Balat-Shella road,Balat 4 km Slide,25.18688889,91.39855556,Debris,Slide,27 June 2019
509,20552,MEG/EKH/78O14/2020-21/1,Meghalaya,East Khasi Hills,Mawiong Umjapung,Umjapung slide,25.62,91.88272222,Soil,Slide,2013
509,20553,MEG/WJH/83C3/2020/2,Meghalaya,West Jaintia Hills,Iawmusiang Wahthanad,Iawmusiang Landslide - I,25.44233333,92.19447222,Debris,Slide,26 May 2020
509,20554,MEG/WJH/83C3/2020/3,Meghalaya,West Jaintia Hills,Iawmusiang Wahthanad,Iawmusiang Landslide - II,25.44177778,92.19558333,Debris,Slide,26 May 2020
509,20555,MEG/WJH/83C3/2020/4,Meghalaya,West Jaintia Hills,Riatsiatsim,Riatsiatsim Landslide,25.44138889,92.19108333,Debris,Flow,1980
509,20556,MEG/WJH/83C3/2020/5,Meghalaya,West Jaintia Hills,Chutwakhu Rd near Govt. Boy’s Higher secondary school,Chutwakhu road landslide,25.43630556,92.19525,Soil,Slide,26 May 2020
509,20557,MEG/WJH/83C3/2020/6,Meghalaya,West Jaintia Hills,Chilliangraij,Chilliangraij Landslide,25.43505556,92.19836111,Debris,Slide,26 May 2020
509,20558,MEG/WJH/83C3/2020/7,Meghalaya,West Jaintia Hills,Salaroh,Salaroh Landslide,25.44741667,92.20138889,Soil,Slide,26 May 2020
509,20559,MEG/WJH/83C3/2020/8,Meghalaya,West Jaintia Hills,Caroline colony,Caroline-Jowai,25.45075,92.19452778,Debris,Slide,26 May 2020
509,20560,MEG/WJH/83C3/2020/9,Meghalaya,West Jaintia Hills,Shillong-Agartala-Sabrum Rd,Shillong-Agartala-Sabrum Rd,25.45351667,92.18784722,Soil,Slide,26 May 2020
509,20561,MEG/EKH/78O14/2020/10,Meghalaya,East Khasi Hills,NH-6,Lumnamawai Slide at Mawlai Umthlong,25.59875,91.86427778,Debris,Slide,NA
509,20562,MEG/EKH/78O14/2020/11,Meghalaya,East Khasi Hills,NH-6,Parmaw Dhobighat slide at Laban,25.56194444,91.88055556,Debris,Slide,NA
509,20563,MEG/EKH/78O14/2020/12,Meghalaya,East Khasi Hills,"Madanryting, Block G",Madanryting Wahtiang Landslide,25.54930833,91.91161389,Debris,Slide,NA
509,20564,MEG/EKH/78O14/2020/13,Meghalaya,East Khasi Hills,Block -G,Madanryting Soil slide,25.54948611,91.91179722,Soil,Slide,NA
509,20565,MEG/EKH/78O14/2020/14,Meghalaya,East Khasi Hills,"Madanryting, Block-G",Madanryting Debris slide,25.54985278,91.91202778,Debris,Slide,NA
509,20566,MEG/EKH/78O14/2020/15,Meghalaya,East Khasi Hills,Police reserve,Police reserve,25.58136111,91.88338889,Debris,Slide,NA
509,20567,MEG/EKH/78O14/2021/01,Meghalaya,East Khasi Hills,NH-40(650 m from Umiam viewpoint towards Guwahati),Umiam slide,25.65060556,91.89945278,Debris,Slide,"August 2019, August 2020."
509,20568,MEG/EKH/78O14/2021/02,Meghalaya,East Khasi Hills,NH-40,Umiam slide,25.64908889,91.899,Debris,Slide,July 2020
509,20569,MEG/EKH/78O10/2021/03,Meghalaya,East Khasi Hills,NH-40,Umiam view point,25.64906111,91.89733611,Rock,Slide,"August, 2019 & July, 2020"
509,20570,MEG/EKH/78O15/2021/04,Meghalaya,East Khasi Hills,NH-44E,Kreit slide,25.49736111,91.77902778,Debris,Slide,2021
509,20571,MEG/EKH/78O11/2021/005,Meghalaya,East Khasi Hills,NH-44E,1 km North-east of Mawngap village,25.49151667,91.77329444,Rock,Rock fall,NA
509,20572,MEG/ EKH/ 78011/2021/06,Meghalaya,East Khasi Hills,Around 700 m South-East of Lenmawtap village.,Lenmawtap,25.49833333,91.73361111,Debris,Slide,2021
509,20573,MEG/EKH/78O10/2021/07,Meghalaya,East Khasi Hills,"NH-44E, (1.5 km towards north-east of Sohiong village)",Umsohiong Dombhoi,25.50368056,91.72342222,Rock,Slide,"September 2019,2020"
509,20574,MEG/EKH/78O10/2021/08,Meghalaya,East Khasi Hills,NH-44E,Sohiong Mawtat,25.51046111,91.70312778,Debris,Slide,NA
509,20575,MEG/SG/78K11/2022/01,Meghalaya,South Garo Hills,"Ramgmik gittam, Siju",Siju slide,25.36103333,91.64700833,Debris,Slide,17 June 2022 at 4.30 hrs
509,20576,MEG/SG/78K12/2022/02,Meghalaya,South Garo Hills,Baghmara (1.5km north west from the Deputy Commissioner office),Bhagmara slide,25.21273889,90.63216111,Debris,Slide,17 June 2022 at 4.30 hrs
509,20577,MEG/SG/78K12/2022/03,Meghalaya,South Garo Hills,Baghmara along the road.,Bhagmara slide,25.21022222,90.63220278,Debris,Slide,17 June 2022
509,20578,MEG/SG/78K03/2022/04,Meghalaya,West Garo Hills,Jibalgre village,Jibalgre slide,25.38163333,90.06033889,Debris,Slide,9 June 2022 at 2.00hrs
510,20579,MEG/SG/78K11/2022/05,Meghalaya,South Garo Hills,NongalBibra village,Nongal Bibra,25.45939722,90.70860278,Debris,Slide,17 June 2022 at 3.000hrs
510,20580,MEG/SG/78K11/2022/06,Meghalaya,South Garo Hills,Nongal Bibra village,Nongal Bibra,25.45903056,90.70813333,Debris,Slide,17 June 2022 at 3.000hrs
510,20581,MEG/EKH/78O11/2022/07,Meghalaya,East Khasi Hills,Nongsoung-Laitlarem road,Laitlarem slide,25.44835,91.59150278,Debris,Slide,"15 June 2022, 8.00 to 9.00hrs"
510,20582,MEG/EKH/78O11/2022/08,Meghalaya,East Khasi Hills,Nongsoung –Laitlarem road,Laitlarem slide,25.44743611,91.59103889,Debris,Slide,"15 June 2022, 8.00 to 9.00hrs"
510,20583,MEG/EKH/78O11/2022/09,Meghalaya,East Khasi Hills,Nongspung – Laitlarem village road,Laitlarem slide,25.44716111,91.59067778,Debris,Slide,"15 June 2022, 8.00 to 9.00hrs"
510,20584,MEG/EJH/83C08/2022/10,Meghalaya,East Jaintia Hills,"NH-06,Near Toll gate Lumshnong",Lumshnong slide,25.16400556,92.38702778,Debris,Slide,NA
510,20585,MEG/EKH/78O15/2022/11,Meghalaya,East Khasi Hills,NH-206,Saitbakon slide.,25.296,91.932,Rock,Slide,"4 April,2022"
510,20586,MEG/EKH/78O15/2022/12,Meghalaya,East Khasi Hills,"NH-206, north of Soshur view point",Soshur slide,25.345,91.891,Rock,Slide,March-April 2022
510,20587,MEG/EKH/78O15/2022/13,Meghalaya,East Khasi Hills,Umblai village,Umblai slide,25.35861111,91.97208333,Debris,Slide,4 April 2022 at 7.00hrs
510,20588,MEG/EKH/78O15/2022/14,Meghalaya,East Khasi Hills,Umblai village,Umblai slide,25.35908333,91.97433333,Debris,flow,4 April 2022 at 7.00hrs
510,20589,MEG/EKH/78O15/2022/15,Meghalaya,East Khasi Hills,"Lynshing village, along Mawkynrew to Lynshing road section.",Lynshing slide,25.39611111,91.99194444,Debris,Slide,4 April 2022 at 7.00hrs
510,20590,MEG/EKH/78O15/2023/01,Meghalaya,East Khasi Hills,NH-40,"Ryngngain slide, before Lyngkyrdem village",25.365263,91.878497,Rock,Slide,13 April 2023
510,20591,MEG/WKH/78O6/2023-24/1,Meghalaya,West Khasi Hills,"Pyndengrei village, Nongstoin",Pyndengrei slide,25.52901389,91.26188611,Debris,Slide,17 June 2023 at 4:00 AM.
510,20592,MEG/WJH/83C03/2023-24/2,Meghalaya,West Jaintia Hills,Pynthor Langtein village,Pynthor Langtein slide,25.41955556,92.16194444,Earth,Slide,10 August 2023
510,20593,ME/EWK/2025/1,Meghalaya,Eastern-West Khasi Hill,Kynshi,NA,25.55256111,91.61870278,Debris,Fall,28 June 2024
510,20594,6892,Meghalaya,South West Khasi Hills,Wamney,Village Road,25.39295833,91.55163333,Debris,Slide,28 May 2024
510,20595,6874,Meghalaya,South West Khasi Hills,Jakarm,Mawkyrwat-Shillong Road,25.37129167,91.48003056,Debris,Fall,15 June 2024
510,20596,ME/SWK/2025/4,Meghalaya,South West Khasi Hills,Mawkyllung,Mawkyllung-Nongstoin Road,25.40288611,91.43424167,Debris,Fall,28 May 2024
510,20597,6891,Meghalaya,West Khasi Hills,Mawrok Sohsat,Mairang-Nongstoin Road,25.531739,91.296177,Debris,Slide,02 July 2024
510,20598,ME/WKH/2025/6,Meghalaya,West Khasi Hills,Sohpian,Mairang-Nongstoin Road,25.540056,91.314142,Debris,Fall,02 July 2024
510,20599,ME/WKH/2025/7,Meghalaya,East Khasi Hills,Mowing Rim,Shillong-Umiam Road,25.62790278,91.88801944,Debris,Fall,28 May 2024 at 4.00 hrs
510,20600,ME/EKH/2025/8,Meghalaya,East Khasi Hills,Mowing Rim,Shillong-Umiam Road,25.630403,91.8899195,Debris,Subsidence,28 May 2024 at 4.00 hrs
510,20601,ME/EKH/2025/9,Meghalaya,East Khasi Hills,Mowing Rim,Shillong-Umiam Road,25.630858,91.887601,Debris,Slide,28 May 2024 at 4.00 hrs
510,20602,6890,Meghalaya,East Khasi Hills,Rymbai Petrol Pump(BPCL),Shillong-Umiam Road,25.641242,91.894137,Debris,Fall,02 July 2024
510,20603,4694,Meghalaya,East Khasi Hills,Mowing Rim,Umiam Road,25.65057222,91.89351389,Debris,Fall,02 July 2024
510,20604,6889,Meghalaya,East Khasi Hills,Umiam Lake,Umiam Road,25.64887222,91.89692778,Debris,Slide,02 July 2024
510,20605,6885,Meghalaya,East Khasi Hills,Mawphlang,Mawphlang-Weiloi Road,25.44693056,91.74096667,Debris,Topple/Fall,"28 May 2024, morning"
510,20606,ME/EKH/2025/14,Meghalaya,East Khasi Hills,Ummawiong,Lyngiang-Tynsad Road,25.41384722,91.67856111,Debris,Slide,"28 May 2024, morning"
510,20607,6884,Meghalaya,East Khasi Hills,Mawlynnu(Sixteen),Weiloi-Mawsynram Road,25.34508889,91.60050278,Debris,Slide,"28 May 2024, morning"
510,20608,ME/SWK/2025/16,Meghalaya,South West Khasi Hills,Mawiang,SH-3,25.619397,91.61704,Debris,Slide,30 May 2025
510,20609,4695,Meghalaya,Eastern-West Khasi Hill,Mawblei,SH-3,25.65443889,91.62390833,Debris,Fall,30 May 2025
510,20610,4696,Meghalaya,Eastern-West Khasi Hill,Nongkhlaw,SH-3,25.65443889,91.63345833,Debris,Slide,30 May 2025
510,20611,4697,Meghalaya,Eastern-West Khasi Hill,Nongkhlaw,SH-3,25.65977222,91.63440556,Debris,Fall,30 May 2025
510,20612,ME/EKH/2025/20,Meghalaya,East Khasi Hills,Umiam Hydal Project,GS Road,25.65308889,91.89803889,Debris,Slide,01 July 2024
510,20613,4699,Meghalaya,East Khasi Hills,Umiam Hydal Project,GS Road,25.65341111,91.89819444,Debris,Slide,01 July 2024
510,20614,ME/RIB/2025/22,Meghalaya,Ri-Bhoi,Umiam Hydal Project,GS Road,25.66315,91.90180278,Debris,Fall,30 May 2025
510,20615,4701,Meghalaya,Ri-Bhoi,Umsawlum A,GS Road,25.67032222,91.90487222,Debris,Slide,30 May 2025
510,20616,ME/RIB/2025/24,Meghalaya,Ri-Bhoi,Umiam Flyover,Guwahati-Shillong Road,25.67517222,91.8983,Debris,Fall,30 June 2024
510,20617,ME/EKH/2025/25,Meghalaya,East Khasi Hills,Lewmawiong,NH-206,25.42315556,91.86329167,Debris,Slide,31 May 2025
510,20618,4702,Meghalaya,East Khasi Hills,Lait-Sohphie,AH-2,25.30127778,91.92198889,Debris,Slide,30 May 2025
510,20619,4700,Meghalaya,Ri-Bhoi,Umiam,NH-6,25.67546111,91.89726944,Rock,Topple/Fall,30 June 2024
510,20620,ME/RIB/2025/28,Meghalaya,Ri-Bhoi,NA,NH-6,25.67761389,91.89865833,Debris,Slide,30 May 2025
510,20621,ME/EWK/2026/29,Meghalaya,Eastern-West Khasi Hill,Umkrem,Umkrem,25.49551944,91.49585278,Debris,Slide,02 July 2025
510,20622,ME/EWK/2026/30,Meghalaya,South West Khasi Hills,Mawpud,Ranikor,25.28247222,91.36413333,Debris,Slide,30 May 2025
510,20623,ME/SWK/2026/31,Meghalaya,South West Khasi Hills,Mawpud,Ranikor,25.28090556,91.36584722,Debris,Slide,30 May 2025
510,20624,ME/RIB/2026/32,Meghalaya,Ri-Bhoi,Umbang 1,NH-6,25.68255833,91.90111389,Debris,Slide,30 June 2024
511,20625,7236,Meghalaya,Ri-Bhoi,Umbang 2,NH-6,25.68591944,91.90256667,Debris,Slide,30 June 2024
511,20626,7237,Meghalaya,Ri-Bhoi,Sahkynduh,NH-6,25.71165556,91.89512778,Debris,Slide,30 May 2025
511,20627,7239,Meghalaya,Ri-Bhoi,Ri-Bhoi Pataraim,NH-6,25.75297778,91.88535278,Debris,Fall/Topple,30 May 2025
511,20628,7240,Meghalaya,Ri-Bhoi,Umsamlan 1,NH-6,25.79744444,91.87408611,Debris,Slide,14 June 2024
511,20629,ME/RIB/2026/37,Meghalaya,Ri-Bhoi,Umsamlan 2,NH-6,25.80725833,91.87509444,Debris,Slide,14 July 2024
511,20630,7242,Meghalaya,West Khasi Hills,NA,Nongstoin-RongjongTura Road,25.62269444,91.16914444,Debris,Slide,02 July 2024
511,20631,ME/WKH/2026/39,Meghalaya,West Khasi Hills,NA,Nongstoin-RongjongTura Road,25.61276111,91.17375278,Debris,Slide,02 July 2024
511,20632,7243,Meghalaya,West Khasi Hills,NA,Nongstoin-RongjongTura Road,25.66156667,91.13485278,Debris,Slide,02 July 2024
511,20633,7244,Meghalaya,Eastern-West Khasi Hill,Nongkhlaw-Tirotsing 1,Mairang-Guwahati Road,25.69150833,91.64160833,Debris,Slide,29 May 2025
511,20634,ME/EWK/2026/42,Meghalaya,Eastern-West Khasi Hill,Nongkhlaw-Tirotsing 2,Mairang-Guwahati Road,25.69517778,91.64123611,Debris,Slide,30 May 2025
511,20635,ME/EWK/2026/43,Meghalaya,Eastern-West Khasi Hill,NA,Mairang-Guwahati Road,25.69688611,91.64176667,Debris,Slide,25 June 2025
511,20636,ME/EWK/2026/44,Meghalaya,Eastern-West Khasi Hill,Nongkhlaw-Tirotsing 3,Mairang-Guwahati Road,25.70087778,91.642902,Debris,Slide,08 October 2024
511,20637,ME/EWK/2026/45,Meghalaya,Eastern-West Khasi Hill,Nongkhlaw-Tirotsing 4,Mairang-Guwahati Road,25.69866667,91.64517222,Debris,Slide,06 August 2024
511,20638,7245,Meghalaya,Eastern-West Khasi Hill,NA,Mairang-Guwahati Road,25.69683611,91.64485556,Debris,Slide,06 August 2024
511,20639,ME/EWK/2026/47,Meghalaya,Eastern-West Khasi Hill,NA,Mairang-Guwahati Road,25.69523333,91.64426944,Debris,Slide,30 May 2025
511,20640,ME/EWK/2026/48,Meghalaya,Eastern-West Khasi Hill,NA,Mairang-Guwahati Road,25.69463611,91.64577778,Debris,Slide,30 May 2025
511,20641,ME/EWK/2026/49,Meghalaya,Eastern-West Khasi Hill,NA,Mairang-Guwahati Road,25.68698889,91.64812222,Rock,Slide,28 May 2025
511,20642,ME/EWK/2026/50,Meghalaya,Eastern-West Khasi Hill,NA,Mairang-Guwahati Road,25.68690556,91.64915278,Debris,Fall,28 May 2025
511,20643,ME/EWK/2026/51,Meghalaya,Eastern-West Khasi Hill,NA,Nongkhlaw-Guwahati Road,25.688833,91.653639,Earth,Slide,25 June 2025
511,20644,7246,Meghalaya,Eastern-West Khasi Hill,NA,Mairang-Guwahati Road,25.68798889,91.65838889,Debris,Slide,28 May 2024
511,20645,7247,Meghalaya,Eastern-West Khasi Hill,NA,Nongkhlaw-Guwahati Road,25.68805,91.66653,Debris,Slide,28 May 2024
511,20646,ME/EWK/2026/54,Meghalaya,Eastern-West Khasi Hill,NA,Mairang-Guwahati Road,25.68822222,91.66746111,Debris,Slide,11 June 2025
511,20647,7248,Meghalaya,Eastern-West Khasi Hill,Mawiongkhri,Nongkhlaw-Guwahati Road,25.69007,91.67085,Debris,Slide,11 June 2025
511,20648,7249,Meghalaya,Eastern-West Khasi Hill,Umniangriang,Mairang-Guwahati Road,25.733262,91.675754,Debris,Slide,11 June 2025
511,20649,7250,Meghalaya,Eastern-West Khasi Hill,Boulder Stone Quarry Site,Mairang-Guwahati Road,25.762051,91.658959,Debris,Slide,29 May 2024
511,20650,ME/EWK/2026/58,Meghalaya,Eastern-West Khasi Hill,Mawpat,Mairang-Guwahati Road,25.770935,91.656497,Debris,Slide,29 May 2024
511,20651,7251,Meghalaya,Eastern-West Khasi Hill,Madpan,Mairang-Guwahati Road,25.791616,91.658242,Debris,Slide,29 May 2024
511,20652,ME/EWK/2026/60,Meghalaya,Eastern-West Khasi Hill,NA,Mairang-Guwahati Road,25.803984,91.659801,Debris,Slide,28 August 2024
511,20653,7252,Meghalaya,Eastern-West Khasi Hill,Mawkarah,Nongkhlaw Road,25.700668,91.596815,Debris,Slide,31 May 2025
511,20654,ME/EWK/2026/62,Meghalaya,Eastern-West Khasi Hill,NA,Jakhong Road,25.739454,91.572107,Debris,Slide,31 May 2025
511,20655,7598,Meghalaya,South West Garo Hills,Betasing,Kongpara,25.567423,89.979711,Debris,NULL,13 July 2026
511,20656,3442,Meghalaya,East Khasi Hills,Pohkseh,BL-D/24,25.566518,91.914509,rock,fall,19 August 2025
511,20657,4692,Meghalaya,West Khasi Hills,West Khasi Hills,Mawrok Shosat,25.531698,91.295995,Debris,slide,NA
