observation_id,observation_class,failure_status,observation_date,observation_year,observation_month,observation_month_name,latitude,longitude,spatial_block_id,spatial_block_name,min_dist_to_positive_km,elevation,slope,aspect,plan_curvature,profile_curvature,twi,spi,rainfall_event_day,ari_3,ari_7,ari_15,ari_30,max_1day_7d,max_3day_30d,rainy_days_7d,rainy_days_15d,rainy_days_30d,random_seed
BG_S28_0001,candidate_background_observation,UNOBSERVED,2012-06-03,2012,6,June,25.92575,90.115909,1,Garo Hills Block,42.115,37.57,24.66,131.68,-0.003851,0.000617,5.4260,18.1096,56.72,136.12,160.81,261.37,456.56,56.72,136.12,5,10,17,42
BG_S28_0002,candidate_background_observation,UNOBSERVED,2019-06-01,2019,6,June,25.142863,90.223266,1,Garo Hills Block,31.198,51.33,15.79,173.04,0.001248,0.000238,5.7772,18.1240,35.44,86.36,137.28,330.96,643.02,50.92,184.95,4,9,15,42
BG_S28_0003,candidate_background_observation,UNOBSERVED,2026-06-09,2026,6,June,25.049943,89.881273,1,Garo Hills Block,41.046,25.00,27.59,322.22,0.003080,-0.001023,4.4982,30.5223,28.56,42.84,63.83,135.63,409.46,28.56,107.24,4,9,16,42
BG_S28_0004,candidate_background_observation,UNOBSERVED,2023-06-24,2023,6,June,26.078442,90.548511,1,Garo Hills Block,70.677,45.86,34.39,357.57,0.000967,-0.000237,4.2359,55.9303,0.0,27.54,149.1,356.98,441.32,45.86,146.58,5,11,14,42
BG_S28_0005,candidate_background_observation,UNOBSERVED,2011-06-17,2011,6,June,25.351356,89.815819,1,Garo Hills Block,24.798,25.00,23.73,40.87,0.002426,-0.001532,5.4282,45.5821,13.36,26.72,51.71,97.04,247.98,24.99,59.07,3,5,12,42
BG_S28_0006,candidate_background_observation,UNOBSERVED,2018-06-07,2018,6,June,25.31361,90.317601,1,Garo Hills Block,24.099,83.85,26.06,91.88,0.003184,0.000433,5.3039,48.7948,12.68,28.25,59.4,354.11,443.54,15.57,144.65,4,10,13,42
BG_S28_0007,candidate_background_observation,UNOBSERVED,2007-06-22,2007,6,June,25.279337,90.107462,1,Garo Hills Block,12.321,52.63,28.84,130.38,0.002465,-0.000426,5.0906,47.4086,0.0,17.14,112.25,397.53,708.38,35.66,220.24,5,10,20,42
BG_S28_0008,candidate_background_observation,UNOBSERVED,2023-06-03,2023,6,June,25.172032,90.485935,1,Garo Hills Block,15.318,104.35,19.30,21.01,0.004075,-0.000334,5.6092,20.2139,0.0,0.0,0.0,94.31,260.19,0.0,95.31,0,3,6,42
BG_S28_0009,candidate_background_observation,UNOBSERVED,2009-06-11,2009,6,June,26.070685,90.613301,1,Garo Hills Block,65.571,51.99,34.65,11.92,0.004820,-0.000082,4.2461,54.6795,0.0,0.0,78.69,139.35,312.58,48.92,70.3,2,4,9,42
BG_S28_0010,candidate_background_observation,UNOBSERVED,2007-06-07,2007,6,June,25.134579,90.510812,1,Garo Hills Block,14.832,47.47,18.25,1.11,0.000156,-0.002198,5.5474,18.0047,0.0,35.23,117.43,245.89,408.0,35.23,95.48,5,8,12,42
BG_S28_0011,candidate_background_observation,UNOBSERVED,2013-06-20,2013,6,June,25.964192,90.321583,1,Garo Hills Block,51.553,112.67,24.11,89.49,-0.003366,0.000744,5.4295,21.7526,0.0,53.27,71.92,130.15,444.82,38.05,142.28,4,7,14,42
BG_S28_0012,candidate_background_observation,UNOBSERVED,2019-06-13,2019,6,June,26.078308,90.488938,1,Garo Hills Block,68.788,50.12,27.84,358.22,-0.004795,-0.000063,4.7604,48.6863,22.22,64.92,64.92,88.88,356.36,22.46,96.52,3,4,12,42
BG_S28_0013,candidate_background_observation,UNOBSERVED,2013-06-18,2013,6,June,25.771843,90.629584,1,Garo Hills Block,35.634,53.99,21.45,63.52,0.001059,-0.001753,5.3270,39.8288,11.36,34.08,58.01,145.58,449.04,22.72,132.04,4,8,14,42
BG_S28_0014,candidate_background_observation,UNOBSERVED,2017-06-01,2017,6,June,25.118742,89.90343,1,Garo Hills Block,33.22,33.88,15.37,350.77,0.000380,0.002748,5.7146,18.2304,33.42,49.8,87.25,150.57,407.19,37.45,118.33,3,7,16,42
BG_S28_0015,candidate_background_observation,UNOBSERVED,2023-06-28,2023,6,June,25.843666,90.414458,1,Garo Hills Block,42.032,70.24,26.59,42.39,0.000064,0.001423,5.1669,28.0479,0.0,32.12,61.2,396.32,511.91,32.12,189.81,2,10,17,42
BG_S28_0016,candidate_background_observation,UNOBSERVED,2022-07-20,2022,7,July,25.517217,90.91145,1,Garo Hills Block,20.361,432.08,21.73,240.37,0.000145,-0.002912,5.0029,18.1127,47.21,47.21,193.13,305.21,391.28,68.97,145.92,4,7,10,42
BG_S28_0017,candidate_background_observation,UNOBSERVED,2010-07-25,2010,7,July,25.052857,90.800849,1,Garo Hills Block,24.381,102.93,31.92,215.73,0.000996,0.001210,4.1598,31.6267,13.29,39.87,98.66,180.16,532.05,19.93,183.39,7,13,23,42
BG_S28_0018,candidate_background_observation,UNOBSERVED,2024-07-20,2024,7,July,25.050922,90.409171,1,Garo Hills Block,28.599,28.41,27.02,316.65,0.000650,-0.001356,4.5464,30.0178,0.0,41.8,89.3,232.26,574.38,37.04,186.33,4,7,18,42
BG_S28_0019,candidate_background_observation,UNOBSERVED,2019-07-29,2019,7,July,25.114821,90.962463,1,Garo Hills Block,26.681,457.05,15.08,306.76,-0.001949,0.001180,5.7223,18.3694,0.0,0.0,229.88,471.8,1010.84,70.34,264.91,4,10,21,42
BG_S28_0020,candidate_background_observation,UNOBSERVED,2024-07-19,2024,7,July,25.240865,90.830808,1,Garo Hills Block,20.225,369.07,35.71,136.37,-0.001751,0.001537,4.4962,42.8222,34.64,69.27,168.23,434.74,800.68,54.43,266.51,5,8,17,42
BG_S28_0021,candidate_background_observation,UNOBSERVED,2012-07-01,2012,7,July,25.258394,90.049495,1,Garo Hills Block,13.747,25.00,34.73,113.61,-0.000000,0.002878,4.6020,47.7072,35.72,62.52,138.65,276.98,562.15,35.72,129.7,6,11,21,42
BG_S28_0022,candidate_background_observation,UNOBSERVED,2024-08-01,2024,8,August,25.671592,90.751604,1,Garo Hills Block,23.986,203.80,27.33,220.31,0.003331,-0.000985,4.5016,45.7852,0.0,0.0,154.27,296.38,580.31,88.16,177.05,4,9,15,42
BG_S28_0023,candidate_background_observation,UNOBSERVED,2020-08-15,2020,8,August,25.822247,89.955105,1,Garo Hills Block,28.442,25.00,22.59,49.38,-0.004378,-0.000059,5.4226,31.0591,8.38,8.38,62.92,129.67,362.66,25.15,104.88,4,6,16,42
BG_S28_0024,candidate_background_observation,UNOBSERVED,2014-08-13,2014,8,August,25.049958,90.815639,1,Garo Hills Block,25.663,128.22,33.60,217.14,0.002444,0.001192,4.0174,33.2453,78.84,118.26,148.55,235.16,383.68,78.84,118.26,4,10,20,42
BG_S28_0025,candidate_background_observation,UNOBSERVED,2014-05-01,2014,5,May,25.507368,91.594325,2,West Khasi Block,5.589,1370.62,26.85,286.48,-0.000276,0.001063,4.6246,18.6688,37.51,37.51,70.98,94.9,133.07,37.51,38.17,4,6,7,42
BG_S28_0026,candidate_background_observation,UNOBSERVED,2022-05-07,2022,5,May,25.101198,91.073728,2,West Khasi Block,17.701,518.19,25.05,341.88,0.002442,-0.001534,4.8719,19.8739,0.0,0.0,0.0,68.49,224.2,0.0,51.41,0,3,12,42
BG_S28_0027,candidate_background_observation,UNOBSERVED,2018-05-11,2018,5,May,25.618143,91.415813,2,West Khasi Block,13.393,1169.52,29.53,224.74,0.000236,0.002708,4.2416,34.1687,24.47,57.21,122.68,193.07,193.07,49.1,70.39,5,7,7,42
BG_S28_0028,candidate_background_observation,UNOBSERVED,2022-05-24,2022,5,May,25.48976,91.559371,2,West Khasi Block,5.622,1333.15,26.09,246.63,-0.000785,0.002488,4.7466,20.4824,0.0,0.0,96.2,392.39,447.6,76.96,219.23,2,7,11,42
BG_S28_0029,candidate_background_observation,UNOBSERVED,2008-05-05,2008,5,May,25.281695,91.062907,2,West Khasi Block,10.048,654.89,28.98,47.67,0.001291,0.002212,5.0803,48.0115,34.6,34.6,92.34,103.91,216.36,34.6,59.17,4,5,9,42
BG_S28_0030,candidate_background_observation,UNOBSERVED,2010-05-14,2010,5,May,25.11174,91.254849,2,West Khasi Block,10.145,815.31,15.60,291.97,-0.002103,-0.001412,5.6686,18.5235,87.73,131.6,206.98,415.42,747.62,87.73,153.91,5,11,22,42
BG_S28_0031,candidate_background_observation,UNOBSERVED,2024-05-09,2024,5,May,25.337506,91.391708,2,West Khasi Block,6.296,1046.21,23.27,137.20,0.003014,0.000895,5.4938,45.7976,0.0,0.0,41.95,41.95,90.42,27.97,41.95,2,2,7,42
BG_S28_0032,candidate_background_observation,UNOBSERVED,2012-05-13,2012,5,May,25.543231,91.203997,2,West Khasi Block,6.019,873.60,15.68,304.23,-0.002850,-0.001288,5.4172,18.3786,29.61,78.97,93.04,93.04,213.43,39.48,92.36,4,4,7,42
BG_S28_0033,candidate_background_observation,UNOBSERVED,2025-05-18,2025,5,May,25.142359,91.309892,2,West Khasi Block,10.042,859.12,20.13,167.94,-0.000442,-0.002706,5.4280,18.1427,129.77,199.33,343.88,473.88,819.73,144.55,199.33,4,10,14,42
BG_S28_0034,candidate_background_observation,UNOBSERVED,2014-05-12,2014,5,May,25.020839,91.547976,2,West Khasi Block,23.818,1030.94,28.95,252.12,0.000083,0.002821,4.3241,39.1546,41.23,41.23,275.88,461.06,540.28,117.32,234.65,4,9,12,42
BG_S28_0035,candidate_background_observation,UNOBSERVED,2025-05-04,2025,5,May,25.0813,91.065217,2,West Khasi Block,19.807,484.33,27.61,331.79,0.002494,-0.000720,4.5944,23.3014,0.0,0.0,0.0,212.58,248.27,0.0,212.58,0,2,3,42
BG_S28_0036,candidate_background_observation,UNOBSERVED,2022-05-01,2022,5,May,25.286487,91.172791,2,West Khasi Block,9.993,794.75,25.46,51.81,-0.000304,-0.002280,5.3630,45.1383,0.0,43.87,73.11,182.2,308.01,43.87,64.2,3,8,15,42
BG_S28_0037,candidate_background_observation,UNOBSERVED,2025-05-17,2025,5,May,25.180162,91.332142,2,West Khasi Block,6.696,911.33,27.38,144.30,-0.003732,-0.000668,4.9923,22.5061,41.56,69.79,354.24,393.46,775.96,170.67,382.5,4,9,12,42
BG_S28_0038,candidate_background_observation,UNOBSERVED,2022-05-19,2022,5,May,25.142359,91.309892,2,West Khasi Block,10.042,859.12,20.13,167.94,-0.000442,-0.002706,5.4280,18.1427,30.15,120.61,477.11,477.11,651.49,133.02,289.99,6,6,12,42
BG_S28_0039,candidate_background_observation,UNOBSERVED,2020-05-03,2020,5,May,25.079529,91.598117,2,West Khasi Block,22.541,1150.22,28.78,292.04,0.004683,-0.000189,4.4947,23.8896,0.0,0.0,0.0,75.62,233.4,0.0,108.12,0,2,7,42
BG_S28_0040,candidate_background_observation,UNOBSERVED,2023-06-04,2023,6,June,25.135063,91.33552,2,West Khasi Block,8.571,891.11,22.57,177.99,-0.000247,-0.001565,5.2037,18.0093,0.0,20.46,40.93,123.79,273.09,20.46,72.25,2,6,13,42
BG_S28_0041,candidate_background_observation,UNOBSERVED,2019-06-18,2019,6,June,25.271349,91.298615,2,West Khasi Block,5.987,924.06,27.69,109.40,0.000156,0.002831,5.1780,44.6278,0.0,57.72,146.78,155.18,624.39,38.48,163.01,6,7,19,42
BG_S28_0042,candidate_background_observation,UNOBSERVED,2012-06-03,2012,6,June,25.065328,91.542495,2,West Khasi Block,19.816,1086.63,25.12,241.27,-0.000436,0.000342,4.7407,25.9498,33.49,145.12,268.23,462.34,740.74,55.82,145.21,7,12,20,42
BG_S28_0043,candidate_background_observation,UNOBSERVED,2008-06-12,2008,6,June,25.055676,91.366561,2,West Khasi Block,14.942,811.82,34.05,219.05,0.004567,-0.000234,3.9974,31.6601,26.27,50.75,82.18,303.56,558.3,26.27,115.69,5,12,20,42
BG_S28_0044,candidate_background_observation,UNOBSERVED,2010-06-18,2010,6,June,25.371144,91.236887,2,West Khasi Block,11.564,988.80,16.13,69.22,-0.001575,-0.000357,5.9845,35.2467,10.42,72.91,171.8,447.75,825.13,49.45,167.73,6,14,21,42
BG_S28_0045,candidate_background_observation,UNOBSERVED,2019-06-19,2019,6,June,25.056541,91.12744,2,West Khasi Block,18.225,512.77,33.30,324.77,0.004072,-0.000499,4.0599,31.0990,26.78,40.18,122.51,139.58,514.34,32.91,159.32,6,8,17,42
BG_S28_0046,candidate_background_observation,UNOBSERVED,2013-06-29,2013,6,June,25.337171,91.067896,2,West Khasi Block,5.377,624.93,22.10,43.81,0.002653,-0.000951,5.5880,44.4094,30.68,153.39,285.58,532.24,958.26,61.36,168.73,6,12,23,42
BG_S28_0047,candidate_background_observation,UNOBSERVED,2017-06-10,2017,6,June,25.292876,91.13217,2,West Khasi Block,12.652,738.38,28.51,45.96,0.003022,-0.001181,5.1190,49.4198,32.03,64.05,74.73,411.59,835.33,32.03,271.18,4,8,17,42
BG_S28_0048,candidate_background_observation,UNOBSERVED,2010-06-13,2010,6,June,25.166293,91.105368,2,West Khasi Block,11.199,692.61,26.79,18.23,-0.003718,-0.000041,4.9885,20.2611,0.0,66.52,159.65,497.27,906.83,33.26,227.82,6,13,20,42
BG_S28_0049,candidate_background_observation,UNOBSERVED,2018-06-16,2018,6,June,25.035492,91.074262,2,West Khasi Block,23.032,448.07,34.45,318.97,0.002276,0.001629,3.9135,38.3640,0.0,144.14,285.79,390.05,706.84,90.09,198.19,5,9,16,42
BG_S28_0050,candidate_background_observation,UNOBSERVED,2018-06-09,2018,6,June,25.513681,91.576254,2,West Khasi Block,6.069,1339.09,23.90,268.92,0.000338,0.002172,4.8403,18.2531,29.84,59.69,66.24,162.95,255.34,29.84,88.25,4,7,13,42
BG_S28_0051,candidate_background_observation,UNOBSERVED,2009-06-22,2009,6,June,25.636521,91.407566,2,West Khasi Block,14.242,1127.77,32.88,223.69,-0.000044,0.002847,3.9906,41.7729,0.0,58.2,114.49,322.8,594.41,30.06,170.83,5,9,18,42
BG_S28_0052,candidate_background_observation,UNOBSERVED,2010-06-09,2010,6,June,25.079529,91.598117,2,West Khasi Block,22.541,1150.22,28.78,292.04,0.004683,-0.000189,4.4947,23.8896,24.07,96.28,295.49,504.68,1090.89,83.93,220.15,7,12,24,42
BG_S28_0053,candidate_background_observation,UNOBSERVED,2012-06-04,2012,6,June,25.368733,91.267886,2,West Khasi Block,8.92,1040.89,17.11,93.75,-0.001161,-0.002181,5.9130,36.5353,16.85,101.1,263.74,434.66,646.5,84.25,168.5,7,12,19,42
BG_S28_0054,candidate_background_observation,UNOBSERVED,2025-06-05,2025,6,June,25.04898,91.204224,2,West Khasi Block,17.114,704.39,26.33,306.84,-0.003338,-0.000955,4.5964,30.1869,0.0,0.0,447.8,663.93,1211.98,205.62,447.8,3,6,19,42
BG_S28_0055,candidate_background_observation,UNOBSERVED,2008-06-18,2008,6,June,25.193522,91.286547,2,West Khasi Block,5.352,809.58,24.63,112.00,0.001009,-0.000151,5.2580,24.4544,0.0,66.99,206.85,352.75,671.52,66.99,129.87,5,9,18,42
BG_S28_0056,candidate_background_observation,UNOBSERVED,2009-06-24,2009,6,June,25.337506,91.391708,2,West Khasi Block,6.296,1046.21,23.27,137.20,0.003014,0.000895,5.4938,45.7976,58.03,87.04,212.77,508.67,884.37,58.03,201.44,6,13,18,42
BG_S28_0057,candidate_background_observation,UNOBSERVED,2018-06-29,2018,6,June,25.119862,91.499834,2,West Khasi Block,12.628,1046.73,14.44,190.39,-0.001447,-0.001151,5.7934,18.1833,0.0,34.09,166.68,391.0,793.8,79.55,240.25,3,8,16,42
BG_S28_0058,candidate_background_observation,UNOBSERVED,2023-06-02,2023,6,June,25.045998,91.110821,2,West Khasi Block,20.049,479.07,35.12,322.64,0.004105,-0.000195,3.8853,35.2393,25.32,50.64,50.64,118.97,210.43,25.32,69.59,2,5,9,42
BG_S28_0059,candidate_background_observation,UNOBSERVED,2009-06-20,2009,6,June,25.035939,91.564893,2,West Khasi Block,23.711,1082.78,30.90,261.37,0.001502,0.002006,4.1985,36.1329,39.45,78.9,245.69,521.58,893.08,72.77,187.26,6,9,16,42
BG_S28_0060,candidate_background_observation,UNOBSERVED,2008-06-20,2008,6,June,25.144465,91.595502,2,West Khasi Block,15.345,1138.00,22.77,33.05,-0.001365,-0.000940,5.2252,18.2397,32.77,32.77,276.38,410.71,801.06,114.7,200.67,5,10,21,42
BG_S28_0061,candidate_background_observation,UNOBSERVED,2018-06-11,2018,6,June,25.192043,91.098581,2,West Khasi Block,11.182,724.57,31.16,29.27,-0.004891,-0.000050,4.7307,25.8031,0.0,66.59,208.79,264.69,520.96,131.1,189.95,4,6,11,42
BG_S28_0062,candidate_background_observation,UNOBSERVED,2017-06-13,2017,6,June,25.049304,91.054046,2,West Khasi Block,23.131,455.17,31.39,319.49,0.001149,0.001425,4.1925,32.4339,125.14,219.0,258.66,572.13,978.14,125.14,240.14,4,10,19,42
BG_S28_0063,candidate_background_observation,UNOBSERVED,2012-06-06,2012,6,June,25.145475,91.492806,2,West Khasi Block,10.544,1068.65,14.49,170.37,0.001520,-0.000679,5.8916,18.1798,0.0,33.31,203.3,484.07,754.54,55.52,152.62,5,12,21,42
BG_S28_0064,candidate_background_observation,UNOBSERVED,2017-06-01,2017,6,June,25.065231,91.334358,2,West Khasi Block,14.992,840.48,31.09,223.76,0.004157,0.000192,4.2628,27.8646,127.06,274.61,302.72,611.48,888.22,127.06,274.61,4,9,18,42
BG_S28_0065,candidate_background_observation,UNOBSERVED,2012-06-30,2012,6,June,25.371144,91.236887,2,West Khasi Block,11.564,988.80,16.13,69.22,-0.001575,-0.000357,5.9845,35.2467,57.58,57.58,258.11,432.68,952.81,86.63,168.5,5,11,24,42
BG_S28_0066,candidate_background_observation,UNOBSERVED,2008-06-13,2008,6,June,25.181852,91.544078,2,West Khasi Block,11.41,1096.73,22.08,124.76,0.000227,-0.001008,5.4222,21.8837,61.14,85.6,132.34,396.25,639.8,61.14,134.12,4,10,18,42
BG_S28_0067,candidate_background_observation,UNOBSERVED,2018-06-24,2018,6,June,25.507368,91.594325,2,West Khasi Block,5.589,1370.62,26.85,286.48,-0.000276,0.001063,4.6246,18.6688,40.3,60.46,144.35,572.14,735.09,63.75,263.12,4,10,17,42
BG_S28_0068,candidate_background_observation,UNOBSERVED,2011-06-17,2011,6,June,25.348439,91.171663,2,West Khasi Block,14.94,798.72,19.10,46.40,-0.000257,0.001882,5.8052,40.3752,29.25,90.89,220.42,284.55,528.92,97.15,161.28,5,6,14,42
BG_S28_0069,candidate_background_observation,UNOBSERVED,2008-06-30,2008,6,June,25.103289,91.020818,2,West Khasi Block,21.945,500.71,18.89,336.17,-0.001793,-0.001879,5.3727,19.2353,15.3,107.12,182.26,378.49,753.99,61.21,119.21,6,12,24,42
BG_S28_0070,candidate_background_observation,UNOBSERVED,2023-06-05,2023,6,June,25.357398,91.368869,2,West Khasi Block,5.905,1042.56,24.61,138.13,0.002968,0.000660,5.3433,46.0432,0.0,0.0,61.07,129.38,270.53,30.54,74.57,2,5,11,42
BG_S28_0071,candidate_background_observation,UNOBSERVED,2007-06-01,2007,6,June,25.334838,91.51627,2,West Khasi Block,5.449,1281.05,14.57,122.52,-0.003191,-0.000737,6.1945,35.4471,29.31,90.36,253.15,496.48,567.07,101.75,169.6,6,11,15,42
BG_S28_0072,candidate_background_observation,UNOBSERVED,2026-06-28,2026,6,June,25.131813,91.454275,2,West Khasi Block,8.304,1013.31,16.60,180.56,-0.000087,0.001983,5.6683,18.0011,42.14,105.35,212.86,790.78,1253.61,53.75,252.87,6,13,25,42
BG_S28_0073,candidate_background_observation,UNOBSERVED,2023-06-22,2023,6,June,25.166807,91.317831,2,West Khasi Block,8.41,872.82,23.66,147.23,-0.002058,-0.001654,5.2408,20.0570,43.49,85.83,327.1,613.5,696.52,117.69,299.86,6,12,16,42
BG_S28_0074,candidate_background_observation,UNOBSERVED,2007-06-12,2007,6,June,25.046767,91.462329,2,West Khasi Block,16.852,878.30,26.88,219.68,-0.003630,-0.000817,4.5465,30.9997,0.0,144.18,343.78,591.07,1084.78,119.76,263.94,4,12,20,42
BG_S28_0075,candidate_background_observation,UNOBSERVED,2020-06-03,2020,6,June,25.106172,91.074807,2,West Khasi Block,17.267,527.96,24.45,344.57,0.002181,-0.001669,4.9390,19.3057,36.96,105.1,105.1,489.05,740.48,36.96,177.37,3,11,17,42
BG_S28_0076,candidate_background_observation,UNOBSERVED,2023-06-02,2023,6,June,25.634009,91.428339,2,West Khasi Block,15.502,1159.41,30.31,223.78,-0.000034,0.002939,4.1931,39.1964,0.0,18.08,18.08,81.82,163.88,18.08,63.74,1,3,6,42
BG_S28_0077,candidate_background_observation,UNOBSERVED,2010-06-20,2010,6,June,25.155662,91.076263,2,West Khasi Block,14.358,627.71,24.13,13.37,-0.001987,-0.001715,5.1605,18.9627,42.47,84.95,189.0,390.03,847.3,42.47,179.53,6,13,22,42
BG_S28_0078,candidate_background_observation,UNOBSERVED,2018-06-18,2018,6,June,25.103289,91.020818,2,West Khasi Block,21.945,500.71,18.89,336.17,-0.001793,-0.001879,5.3727,19.2353,17.77,71.07,329.36,484.79,815.55,92.25,202.94,6,10,17,42
BG_S28_0079,candidate_background_observation,UNOBSERVED,2014-06-09,2014,6,June,25.519927,91.361853,2,West Khasi Block,5.285,1156.35,26.46,218.66,0.001253,-0.000314,4.6164,18.0617,49.7,82.83,99.39,246.44,395.93,49.7,98.03,3,7,14,42
BG_S28_0080,candidate_background_observation,UNOBSERVED,2026-06-02,2026,6,June,25.368733,91.267886,2,West Khasi Block,8.92,1040.89,17.11,93.75,-0.001161,-0.002181,5.9130,36.5353,16.11,93.95,132.46,371.44,563.96,66.67,184.31,7,12,16,42
BG_S28_0081,candidate_background_observation,UNOBSERVED,2022-06-28,2022,6,June,25.171702,91.009248,2,West Khasi Block,20.403,499.38,19.22,33.87,0.003114,-0.001109,5.6143,20.1690,0.0,0.0,0.0,308.11,874.58,0.0,227.57,0,8,21,42
BG_S28_0082,candidate_background_observation,UNOBSERVED,2018-06-28,2018,6,June,25.137296,91.24202,2,West Khasi Block,7.129,779.19,14.09,12.18,0.000550,-0.000750,5.8910,18.0224,16.51,16.51,188.39,546.65,929.1,73.66,210.09,5,12,19,42
BG_S28_0083,candidate_background_observation,UNOBSERVED,2018-06-04,2018,6,June,25.245446,91.281753,2,West Khasi Block,6.892,848.71,28.44,101.50,0.000506,0.002697,5.0861,38.9953,0.0,0.0,47.29,316.43,573.02,47.29,171.54,1,6,11,42
BG_S28_0084,candidate_background_observation,UNOBSERVED,2023-06-21,2023,6,June,25.039475,91.498995,2,West Khasi Block,19.26,958.34,25.65,228.67,-0.003342,0.000797,4.6267,32.1827,31.35,55.7,361.51,582.71,701.32,111.32,281.46,6,12,16,42
BG_S28_0085,candidate_background_observation,UNOBSERVED,2023-06-29,2023,6,June,25.144465,91.595502,2,West Khasi Block,15.345,1138.00,22.77,33.05,-0.001365,-0.000940,5.2252,18.2397,187.54,281.31,347.18,879.68,1185.68,187.54,350.75,4,11,16,42
BG_S28_0086,candidate_background_observation,UNOBSERVED,2009-06-04,2009,6,June,25.030593,91.445338,2,West Khasi Block,18.006,835.36,29.57,221.36,-0.001622,-0.002025,4.2932,36.8691,0.0,0.0,88.25,314.57,575.3,29.95,204.44,3,7,14,42
BG_S28_0087,candidate_background_observation,UNOBSERVED,2022-06-02,2022,6,June,25.229502,91.310569,2,West Khasi Block,6.239,888.75,31.79,118.95,-0.001279,0.002075,4.7862,36.6424,33.08,84.3,84.3,110.99,587.78,34.68,294.8,3,4,10,42
BG_S28_0088,candidate_background_observation,UNOBSERVED,2022-07-06,2022,7,July,25.334838,91.51627,2,West Khasi Block,5.449,1281.05,14.57,122.52,-0.003191,-0.000737,6.1945,35.4471,115.59,131.22,162.47,229.77,948.48,115.59,259.76,4,6,20,42
BG_S28_0089,candidate_background_observation,UNOBSERVED,2020-07-05,2020,7,July,25.152962,91.2741,2,West Khasi Block,6.694,803.18,16.92,118.30,0.001192,-0.002285,5.7267,18.5267,0.0,80.28,216.29,526.63,943.89,64.23,231.9,6,12,24,42
BG_S28_0090,candidate_background_observation,UNOBSERVED,2022-07-02,2022,7,July,25.041187,91.517576,2,West Khasi Block,20.151,1005.42,26.03,234.60,-0.002457,0.001496,4.6004,31.9666,0.0,16.97,135.77,279.15,1080.53,50.91,215.08,4,8,23,42
BG_S28_0091,candidate_background_observation,UNOBSERVED,2014-07-24,2014,7,July,25.119198,91.157307,2,West Khasi Block,10.66,660.25,21.17,351.20,0.000479,0.002709,5.2524,18.2970,40.16,40.16,92.17,254.69,719.29,40.16,223.35,5,10,21,42
BG_S28_0092,candidate_background_observation,UNOBSERVED,2024-07-24,2024,7,July,25.58672,91.547185,2,West Khasi Block,7.891,1357.57,20.03,253.18,0.000138,-0.001039,5.0035,23.3285,0.0,0.0,122.4,382.56,835.92,43.56,209.9,4,8,18,42
BG_S28_0093,candidate_background_observation,UNOBSERVED,2009-07-26,2009,7,July,25.18695,91.049248,2,West Khasi Block,16.178,612.20,26.35,31.49,-0.000717,-0.000635,5.0984,23.5833,55.42,105.18,130.07,228.62,694.08,55.42,254.73,5,9,17,42
BG_S28_0094,candidate_background_observation,UNOBSERVED,2014-07-07,2014,7,July,25.119495,91.116844,2,West Khasi Block,13.116,601.56,24.30,352.43,0.001568,0.000747,5.0032,18.3262,98.37,163.94,250.21,490.54,1151.45,98.37,228.93,6,11,23,42
BG_S28_0095,candidate_background_observation,UNOBSERVED,2009-07-22,2009,7,July,25.499945,91.596278,2,West Khasi Block,5.757,1377.68,28.35,290.33,-0.001152,0.000899,4.5296,19.3957,0.0,24.75,85.98,141.52,664.46,61.23,266.45,2,4,15,42
BG_S28_0096,candidate_background_observation,UNOBSERVED,2017-07-14,2017,7,July,25.324492,91.152979,2,West Khasi Block,13.71,752.11,21.99,46.50,0.001945,0.000225,5.6170,44.3523,72.28,96.38,239.65,672.64,1204.38,107.45,248.77,4,11,20,42
BG_S28_0097,candidate_background_observation,UNOBSERVED,2017-07-11,2017,7,July,25.425892,91.077223,2,West Khasi Block,8.623,683.74,33.69,12.28,-0.003241,-0.000996,4.3882,38.6582,0.0,68.01,251.71,544.42,1362.23,68.01,350.0,6,13,24,42
BG_S28_0098,candidate_background_observation,UNOBSERVED,2018-07-27,2018,7,July,25.079689,91.482769,2,West Khasi Block,14.627,964.63,20.49,211.95,-0.004851,0.000007,5.1584,22.1695,0.0,65.9,156.75,343.77,767.73,35.62,405.51,5,11,15,42
BG_S28_0099,candidate_background_observation,UNOBSERVED,2026-07-28,2026,7,July,25.147489,91.13436,2,West Khasi Block,9.716,684.61,23.48,8.70,-0.001373,0.001812,5.1804,18.3904,58.09,116.19,116.19,409.61,867.34,58.09,226.09,2,7,17,42
BG_S28_0100,candidate_background_observation,UNOBSERVED,2020-07-22,2020,7,July,25.078247,91.375467,2,West Khasi Block,12.302,836.00,30.30,209.91,0.004407,0.000269,4.3687,24.4835,70.53,264.09,430.12,893.03,1442.52,105.79,386.86,7,12,24,42
BG_S28_0101,candidate_background_observation,UNOBSERVED,2012-07-15,2012,7,July,25.137296,91.24202,2,West Khasi Block,7.129,779.19,14.09,12.18,0.000550,-0.000750,5.8910,18.0224,42.93,110.4,158.08,261.03,691.56,42.93,181.89,6,12,23,42
BG_S28_0102,candidate_background_observation,UNOBSERVED,2017-07-05,2017,7,July,25.585913,91.340426,2,West Khasi Block,5.74,1092.10,25.85,234.67,0.004300,-0.000407,4.5385,24.7110,15.14,151.35,292.92,464.02,1013.96,75.68,250.16,7,12,23,42
BG_S28_0103,candidate_background_observation,UNOBSERVED,2013-07-21,2013,7,July,25.547641,91.539626,2,West Khasi Block,7.272,1317.62,16.25,246.42,-0.000645,0.001728,5.3618,18.6086,64.85,160.57,286.42,501.81,877.24,71.78,167.5,6,10,21,42
BG_S28_0104,candidate_background_observation,UNOBSERVED,2022-07-08,2022,7,July,25.145475,91.492806,2,West Khasi Block,10.544,1068.65,14.49,170.37,0.001520,-0.000679,5.8916,18.1798,0.0,125.94,189.9,303.96,964.8,125.94,267.18,4,8,20,42
BG_S28_0105,candidate_background_observation,UNOBSERVED,2008-07-17,2008,7,July,25.612749,91.441895,2,West Khasi Block,14.115,1216.92,25.55,225.56,-0.001376,0.002173,4.5575,30.6782,13.23,32.21,155.57,322.67,538.44,47.45,103.94,6,11,18,42
BG_S28_0106,candidate_background_observation,UNOBSERVED,2020-07-18,2020,7,July,25.371144,91.236887,2,West Khasi Block,11.564,988.80,16.13,69.22,-0.001575,-0.000357,5.9845,35.2467,36.31,83.58,185.45,571.23,1035.86,101.87,333.38,4,11,21,42
BG_S28_0107,candidate_background_observation,UNOBSERVED,2014-07-22,2014,7,July,25.608568,91.270773,2,West Khasi Block,8.773,1000.85,22.37,265.71,-0.001749,-0.001943,4.8108,28.2218,0.0,60.2,101.9,341.24,718.4,41.7,141.38,4,12,21,42
BG_S28_0108,candidate_background_observation,UNOBSERVED,2020-07-23,2020,7,July,25.3281,91.251576,2,West Khasi Block,8.381,974.27,14.83,82.83,-0.004340,-0.000242,6.1846,35.7949,0.0,213.2,414.79,844.14,1364.37,121.83,333.38,6,11,24,42
BG_S28_0109,candidate_background_observation,UNOBSERVED,2023-07-12,2023,7,July,25.241719,91.25706,2,West Khasi Block,5.087,807.74,26.51,86.00,0.001637,0.001616,5.2338,36.6417,0.0,117.58,175.17,755.73,1342.43,59.99,339.88,3,10,20,42
BG_S28_0110,candidate_background_observation,UNOBSERVED,2013-07-01,2013,7,July,25.123196,91.274193,2,West Khasi Block,9.55,828.27,16.10,221.15,-0.000579,-0.002541,5.6739,18.1124,0.0,16.7,249.3,508.25,911.07,83.48,200.36,5,13,25,42
BG_S28_0111,candidate_background_observation,UNOBSERVED,2025-07-30,2025,7,July,25.077919,91.327956,2,West Khasi Block,14.047,853.76,28.31,220.85,0.003622,-0.000402,4.5267,24.1262,0.0,38.06,235.49,403.54,593.27,76.12,190.3,5,11,19,42
BG_S28_0112,candidate_background_observation,UNOBSERVED,2010-07-03,2010,7,July,25.507368,91.594325,2,West Khasi Block,5.589,1370.62,26.85,286.48,-0.000276,0.001063,4.6246,18.6688,55.87,93.12,278.01,483.29,860.5,73.96,160.24,7,13,24,42
BG_S28_0113,candidate_background_observation,UNOBSERVED,2022-07-24,2022,7,July,25.486853,91.058927,2,West Khasi Block,13.996,732.78,29.30,336.40,-0.001027,0.002334,4.5004,21.2455,0.0,101.28,175.51,332.13,506.81,67.52,135.05,4,10,17,42
BG_S28_0114,candidate_background_observation,UNOBSERVED,2010-07-25,2010,7,July,25.049806,91.252973,2,West Khasi Block,16.92,809.95,25.12,277.93,-0.003785,0.000728,4.6954,29.4332,19.96,69.86,136.52,261.05,693.97,35.03,199.28,6,11,20,42
BG_S28_0115,candidate_background_observation,UNOBSERVED,2018-07-14,2018,7,July,25.035005,91.443079,2,West Khasi Block,17.474,833.68,29.72,220.39,-0.001730,-0.001937,4.2908,35.7067,30.5,60.99,60.99,451.32,850.7,30.5,375.18,3,7,15,42
BG_S28_0116,candidate_background_observation,UNOBSERVED,2010-07-09,2010,7,July,25.057135,91.421284,2,West Khasi Block,14.608,822.54,30.29,214.45,-0.000111,-0.000942,4.3024,29.7531,40.12,40.12,81.74,307.45,687.2,41.62,160.85,2,8,19,42
BG_S28_0117,candidate_background_observation,UNOBSERVED,2014-07-15,2014,7,July,25.090262,91.37725,2,West Khasi Block,10.956,854.68,28.12,204.40,0.003846,0.000692,4.5855,21.7493,24.13,120.67,168.94,561.97,1195.67,72.4,270.66,5,11,22,42
BG_S28_0118,candidate_background_observation,UNOBSERVED,2019-07-02,2019,7,July,25.094251,91.347552,2,West Khasi Block,11.509,862.01,26.99,206.70,0.003976,-0.000423,4.6906,20.9751,0.0,24.36,255.96,430.01,654.96,89.08,231.6,5,10,18,42
BG_S28_0119,candidate_background_observation,UNOBSERVED,2007-07-11,2007,7,July,25.364193,91.168055,2,West Khasi Block,14.463,792.17,20.69,42.09,0.000057,0.002636,5.6392,40.9210,14.18,70.54,110.69,243.19,520.61,28.18,161.91,5,11,19,42
BG_S28_0120,candidate_background_observation,UNOBSERVED,2026-07-25,2026,7,July,25.627876,91.35832,2,West Khasi Block,10.723,1098.88,33.81,230.05,0.000934,0.000059,3.9066,39.6678,0.0,49.76,188.94,360.51,729.87,74.64,139.18,5,10,21,42
BG_S28_0121,candidate_background_observation,UNOBSERVED,2010-07-15,2010,7,July,25.040007,91.135221,2,West Khasi Block,19.573,518.06,34.45,320.14,0.002742,-0.001354,3.9240,36.8731,24.82,24.82,203.54,260.86,709.6,86.06,180.75,5,7,18,42
BG_S28_0122,candidate_background_observation,UNOBSERVED,2010-07-02,2010,7,July,25.288643,91.118293,2,West Khasi Block,12.714,724.53,30.00,45.21,0.003274,-0.000651,5.0000,50.3603,0.0,0.0,191.46,400.39,887.94,82.06,177.79,4,11,25,42
BG_S28_0123,candidate_background_observation,UNOBSERVED,2012-07-11,2012,7,July,25.281695,91.062907,2,West Khasi Block,10.048,654.89,28.98,47.67,0.001291,0.002212,5.0803,48.0115,11.9,32.0,105.55,276.28,731.46,33.34,141.94,5,10,23,42
BG_S28_0124,candidate_background_observation,UNOBSERVED,2020-07-11,2020,7,July,25.627876,91.35832,2,West Khasi Block,10.723,1098.88,33.81,230.05,0.000934,0.000059,3.9066,39.6678,57.6,181.2,201.8,437.65,625.7,82.4,218.4,4,9,16,42
BG_S28_0125,candidate_background_observation,UNOBSERVED,2024-07-22,2024,7,July,25.441924,91.271788,2,West Khasi Block,6.928,993.49,27.57,149.70,0.002687,-0.000313,4.8143,30.6977,0.0,40.18,145.68,592.85,965.75,35.17,330.71,6,10,20,42
BG_S28_0126,candidate_background_observation,UNOBSERVED,2018-07-31,2018,7,July,25.5353,91.165253,2,West Khasi Block,8.655,880.79,20.47,317.05,0.000280,-0.002397,5.0531,18.1525,23.54,82.4,136.2,305.69,697.36,35.31,195.06,7,14,26,42
BG_S28_0127,candidate_background_observation,UNOBSERVED,2009-07-11,2009,7,July,25.142359,91.309892,2,West Khasi Block,10.042,859.12,20.13,167.94,-0.000442,-0.002706,5.4280,18.1427,0.0,0.0,79.39,601.72,1069.71,32.58,352.7,3,11,24,42
BG_S28_0128,candidate_background_observation,UNOBSERVED,2020-07-27,2020,7,July,25.575114,91.488308,2,West Khasi Block,8.883,1310.25,15.59,230.94,-0.004949,-0.000024,5.3693,20.8021,11.89,45.96,134.65,383.34,733.81,66.52,166.27,5,11,21,42
BG_S28_0129,candidate_background_observation,UNOBSERVED,2020-07-28,2020,7,July,25.022036,91.593946,2,West Khasi Block,26.89,1073.66,34.17,280.42,0.001701,0.001016,3.9086,42.5849,21.94,65.83,131.63,541.68,1386.5,65.8,422.74,3,9,21,42
BG_S28_0130,candidate_background_observation,UNOBSERVED,2010-08-09,2010,8,August,25.071597,91.032954,2,West Khasi Block,22.962,479.60,25.63,322.33,-0.001284,-0.000122,4.7200,24.7904,15.62,46.85,125.25,272.54,503.82,30.27,88.0,7,15,27,42
BG_S28_0131,candidate_background_observation,UNOBSERVED,2013-08-15,2013,8,August,25.59542,91.574845,2,West Khasi Block,5.001,1403.62,24.72,268.52,0.002776,-0.001219,4.6239,26.3657,13.99,27.99,141.98,237.41,684.9,48.01,138.0,7,11,23,42
BG_S28_0132,candidate_background_observation,UNOBSERVED,2009-08-21,2009,8,August,25.159988,91.572207,2,West Khasi Block,13.456,1110.61,21.83,100.97,-0.001918,-0.001848,5.3612,19.2251,55.5,174.79,445.29,689.51,1143.52,119.29,238.57,7,14,25,42
BG_S28_0133,candidate_background_observation,UNOBSERVED,2013-08-10,2013,8,August,25.249251,91.268736,2,West Khasi Block,6.403,834.98,27.00,93.41,0.000685,0.002328,5.2075,38.8845,21.14,105.69,230.5,534.66,1037.87,47.16,186.78,6,12,23,42
BG_S28_0134,candidate_background_observation,UNOBSERVED,2011-08-30,2011,8,August,25.065765,91.374152,2,West Khasi Block,13.691,819.77,32.49,214.74,0.004549,-0.000125,4.1525,28.1622,0.0,0.0,49.09,380.35,1230.29,16.61,333.8,3,9,22,42
BG_S28_0135,candidate_background_observation,UNOBSERVED,2025-08-04,2025,8,August,25.18695,91.049248,2,West Khasi Block,16.178,612.20,26.35,31.49,-0.000717,-0.000635,5.0984,23.5833,73.88,258.57,258.57,565.33,756.51,147.76,258.57,3,9,16,42
BG_S28_0136,candidate_background_observation,UNOBSERVED,2025-08-12,2025,8,August,25.441924,91.271788,2,West Khasi Block,6.928,993.49,27.57,149.70,0.002687,-0.000313,4.8143,30.6977,99.59,99.59,142.22,275.45,720.62,99.59,205.91,3,6,16,42
BG_S28_0137,candidate_background_observation,UNOBSERVED,2019-08-19,2019,8,August,25.09806,91.388893,2,West Khasi Block,9.925,871.68,26.35,199.67,0.002698,0.001371,4.7560,20.3723,0.0,0.0,88.69,269.05,614.74,66.52,135.97,2,6,15,42
BG_S28_0138,candidate_background_observation,UNOBSERVED,2024-08-13,2024,8,August,25.484856,91.049031,2,West Khasi Block,13.563,707.34,28.50,336.23,-0.000412,0.002414,4.5718,21.4803,14.38,71.91,122.37,223.06,745.11,57.53,199.2,3,6,16,42
BG_S28_0139,candidate_background_observation,UNOBSERVED,2007-08-29,2007,8,August,25.020658,91.415416,2,West Khasi Block,18.562,797.72,32.95,222.04,0.000205,-0.002807,4.0038,42.1333,45.62,114.06,281.17,448.59,700.93,68.44,179.84,7,12,20,42
BG_S28_0140,candidate_background_observation,UNOBSERVED,2025-08-14,2025,8,August,25.157714,91.475917,2,West Khasi Block,8.434,1079.60,16.35,163.78,0.002875,0.000439,5.7909,18.7727,26.14,130.72,130.72,455.06,947.06,78.43,270.28,3,7,17,42
BG_S28_0141,candidate_background_observation,UNOBSERVED,2014-08-14,2014,8,August,25.547641,91.539626,2,West Khasi Block,7.272,1317.62,16.25,246.42,-0.000645,0.001728,5.3618,18.6086,20.25,91.12,101.35,197.21,562.18,70.87,98.15,3,9,22,42
BG_S28_0142,candidate_background_observation,UNOBSERVED,2018-08-14,2018,8,August,25.106172,91.074807,2,West Khasi Block,17.267,527.96,24.45,344.57,0.002181,-0.001669,4.9390,19.3057,22.7,75.67,168.99,292.9,582.59,45.4,99.98,6,12,24,42
BG_S28_0143,candidate_background_observation,UNOBSERVED,2024-08-14,2024,8,August,25.561714,91.178587,2,West Khasi Block,5.697,875.67,18.44,309.40,-0.001141,-0.000781,5.1600,19.8116,19.45,77.81,77.81,139.92,507.53,38.91,134.23,3,5,15,42
BG_S28_0144,candidate_background_observation,UNOBSERVED,2008-08-02,2008,8,August,25.065328,91.542495,2,West Khasi Block,19.816,1086.63,25.12,241.27,-0.000436,0.000342,4.7407,25.9498,0.0,111.45,111.45,372.11,867.64,92.94,167.44,2,9,20,42
BG_S28_0145,candidate_background_observation,UNOBSERVED,2008-08-21,2008,8,August,25.192017,91.015123,2,West Khasi Block,19.253,520.03,23.35,42.33,0.003230,-0.000203,5.3555,23.8425,0.0,27.07,207.4,408.8,693.79,54.13,135.33,5,13,25,42
BG_S28_0146,candidate_background_observation,UNOBSERVED,2024-08-02,2024,8,August,25.561714,91.178587,2,West Khasi Block,5.697,875.67,18.44,309.40,-0.001141,-0.000781,5.1600,19.8116,0.0,0.0,134.23,263.46,817.81,80.54,195.79,3,7,15,42
BG_S28_0147,candidate_background_observation,UNOBSERVED,2012-08-27,2012,8,August,25.119603,91.350985,2,West Khasi Block,8.883,891.20,24.05,189.67,0.001591,-0.000461,5.0236,18.3176,0.0,63.1,234.7,458.57,878.41,78.0,247.1,6,10,23,42
BG_S28_0148,candidate_background_observation,UNOBSERVED,2012-08-06,2012,8,August,25.096707,91.288024,2,West Khasi Block,12.808,855.52,20.47,235.20,-0.000649,-0.001837,5.2214,19.9854,22.23,39.08,171.37,350.1,800.49,50.54,213.19,6,13,23,42
BG_S28_0149,candidate_background_observation,UNOBSERVED,2019-08-02,2019,8,August,25.336189,91.518659,2,West Khasi Block,5.505,1288.39,14.65,121.79,-0.002941,-0.000849,6.1858,35.5234,52.97,65.32,127.09,293.95,976.16,52.97,278.99,6,10,20,42
BG_S28_0150,candidate_background_observation,UNOBSERVED,2022-08-14,2022,8,August,25.098542,91.052219,2,West Khasi Block,19.59,504.61,23.25,338.65,0.000829,-0.001921,5.0059,20.0369,7.16,21.49,21.49,242.59,594.6,14.33,136.67,2,9,18,42
BG_S28_0151,candidate_background_observation,UNOBSERVED,2023-08-27,2023,8,August,25.606269,91.415416,2,West Khasi Block,12.546,1190.96,27.51,225.03,0.000409,0.002222,4.3993,29.9835,106.57,106.57,142.72,183.49,509.1,106.57,133.64,4,7,18,42
BG_S28_0152,candidate_background_observation,UNOBSERVED,2010-08-17,2010,8,August,25.589994,91.447089,2,West Khasi Block,11.588,1261.53,20.95,225.76,-0.002810,0.000994,4.9279,24.1296,69.71,93.41,200.05,422.74,721.98,82.94,143.46,4,12,26,42
BG_S28_0153,candidate_background_observation,UNOBSERVED,2013-08-02,2013,8,August,25.020054,91.565181,2,West Khasi Block,25.013,1051.00,30.93,262.30,0.000735,0.002523,4.1644,40.8285,0.0,67.9,203.71,493.14,979.86,90.54,181.07,4,10,19,42
BG_S28_0154,candidate_background_observation,UNOBSERVED,2017-04-29,2017,4,April,25.444208,91.921704,3,East Khasi Block,5.947,1694.57,34.73,174.82,-0.000162,0.000202,4.2324,33.2580,0.0,22.18,45.04,113.09,282.58,22.87,138.52,2,5,9,42
BG_S28_0155,candidate_background_observation,UNOBSERVED,2014-04-06,2014,4,April,25.164052,91.796596,3,East Khasi Block,14.386,1313.30,18.20,20.74,0.000065,-0.002127,5.6672,19.3419,0.0,0.0,14.47,45.93,86.53,14.47,40.6,1,2,3,42
BG_S28_0156,candidate_background_observation,UNOBSERVED,2023-04-04,2023,4,April,25.214005,91.821303,3,East Khasi Block,11.257,1358.53,29.00,48.32,-0.002526,0.001102,4.9704,30.7491,0.0,0.0,0.0,0.0,315.3,0.0,165.33,0,0,7,42
BG_S28_0157,candidate_background_observation,UNOBSERVED,2011-04-10,2011,4,April,25.032595,91.985236,3,East Khasi Block,29.775,1087.83,27.81,226.28,-0.002977,-0.000036,4.4383,35.2123,0.0,0.0,0.0,0.0,112.97,0.0,77.75,0,0,3,42
BG_S28_0158,candidate_background_observation,UNOBSERVED,2009-04-23,2009,4,April,25.084941,91.980842,3,East Khasi Block,23.978,1169.02,21.48,210.57,-0.004615,0.000137,5.0976,21.5891,50.18,125.46,125.46,125.46,378.98,75.27,125.46,2,2,9,42
BG_S28_0159,candidate_background_observation,UNOBSERVED,2025-04-09,2025,4,April,25.171018,91.914004,3,East Khasi Block,14.015,1264.22,26.83,120.76,-0.000912,0.001685,5.0030,20.9257,0.0,0.0,0.0,19.68,153.24,0.0,133.56,0,1,2,42
BG_S28_0160,candidate_background_observation,UNOBSERVED,2012-04-02,2012,4,April,25.644156,91.818744,3,East Khasi Block,7.059,1699.70,29.72,305.88,-0.000554,-0.002519,4.2542,41.5876,0.0,44.29,44.29,44.29,44.29,38.96,44.29,2,2,2,42
BG_S28_0161,candidate_background_observation,UNOBSERVED,2018-04-24,2018,4,April,25.630693,91.982293,3,East Khasi Block,7.095,1657.17,26.46,230.76,-0.000584,0.000263,4.4974,35.6700,0.0,0.0,0.0,10.35,123.68,0.0,58.4,0,1,7,42
BG_S28_0162,candidate_background_observation,UNOBSERVED,2025-04-29,2025,4,April,25.156572,91.719943,3,East Khasi Block,14.115,1292.72,17.67,13.42,0.002622,0.000884,5.6808,18.7614,0.0,94.27,294.2,417.47,433.74,94.27,188.54,5,7,8,42
BG_S28_0163,candidate_background_observation,UNOBSERVED,2018-04-22,2018,4,April,25.119844,91.87233,3,East Khasi Block,20.487,1267.78,23.92,326.09,0.001512,0.000852,5.0350,18.3045,0.0,75.74,75.74,101.4,250.41,75.74,123.35,1,2,6,42
BG_S28_0164,candidate_background_observation,UNOBSERVED,2019-04-13,2019,4,April,25.045952,91.820672,3,East Khasi Block,27.551,1152.20,29.50,310.48,0.002275,0.001412,4.3348,32.4935,0.0,0.0,18.51,305.84,305.84,18.51,147.46,1,7,7,42
BG_S28_0165,candidate_background_observation,UNOBSERVED,2026-04-12,2026,4,April,25.119844,91.87233,3,East Khasi Block,20.487,1267.78,23.92,326.09,0.001512,0.000852,5.0350,18.3045,0.0,0.0,0.0,142.24,393.88,0.0,124.72,0,3,9,42
BG_S28_0166,candidate_background_observation,UNOBSERVED,2007-04-07,2007,4,April,25.281815,91.875349,3,East Khasi Block,5.164,1461.64,31.05,80.79,0.002566,-0.000926,4.9147,50.1796,38.32,188.69,215.93,215.93,226.4,109.5,188.69,5,5,7,42
BG_S28_0167,candidate_background_observation,UNOBSERVED,2011-04-04,2011,4,April,25.062067,91.822761,3,East Khasi Block,25.915,1178.42,27.73,314.37,0.002911,0.000470,4.5219,27.5510,0.0,0.0,34.6,44.8,102.4,28.65,38.07,2,4,8,42
BG_S28_0168,candidate_background_observation,UNOBSERVED,2008-04-19,2008,4,April,25.067417,91.793781,3,East Khasi Block,24.535,1132.85,23.77,323.77,-0.000443,0.000186,4.8553,25.1062,0.0,55.78,140.3,161.43,299.78,55.78,98.04,4,5,7,42
BG_S28_0169,candidate_background_observation,UNOBSERVED,2013-04-21,2013,4,April,25.597442,91.805083,3,East Khasi Block,6.42,1727.61,21.41,307.33,0.000782,-0.001715,4.8881,25.6224,0.0,18.93,31.54,40.7,40.7,12.62,25.23,4,5,5,42
BG_S28_0170,candidate_background_observation,UNOBSERVED,2008-04-04,2008,4,April,25.214005,91.821303,3,East Khasi Block,11.257,1358.53,29.00,48.32,-0.002526,0.001102,4.9704,30.7491,0.0,22.29,220.82,220.82,285.47,176.24,198.53,3,3,5,42
BG_S28_0171,candidate_background_observation,UNOBSERVED,2008-04-08,2008,4,April,25.635083,91.719125,3,East Khasi Block,7.797,1548.01,27.11,316.07,-0.000036,0.001125,4.4504,37.2340,0.0,0.0,0.0,112.3,123.92,0.0,93.4,0,2,3,42
BG_S28_0172,candidate_background_observation,UNOBSERVED,2013-05-16,2013,5,May,25.056927,91.665626,3,East Khasi Block,26.126,1080.98,32.14,318.31,0.000714,-0.000946,4.1538,30.5310,115.7,115.7,394.95,603.03,974.9,144.41,375.53,3,8,16,42
BG_S28_0173,candidate_background_observation,UNOBSERVED,2010-05-15,2010,5,May,25.60163,91.765578,3,East Khasi Block,10.349,1677.50,19.61,313.60,-0.002665,-0.001397,5.0313,25.7120,0.0,54.84,132.4,218.35,396.74,44.65,77.56,5,9,23,42
BG_S28_0174,candidate_background_observation,UNOBSERVED,2019-05-11,2019,5,May,25.235437,91.729564,3,East Khasi Block,5.3,1436.75,27.32,40.59,0.002695,-0.000310,5.1567,35.5767,13.78,51.78,70.78,409.92,490.11,19.0,222.29,4,8,11,42
BG_S28_0175,candidate_background_observation,UNOBSERVED,2019-05-02,2019,5,May,25.601689,91.985345,3,East Khasi Block,7.82,1686.89,21.45,231.12,-0.003732,0.000024,4.8841,26.4470,0.0,21.6,50.61,54.25,153.27,21.6,56.93,3,3,8,42
BG_S28_0176,candidate_background_observation,UNOBSERVED,2014-05-02,2014,5,May,25.095451,91.866714,3,East Khasi Block,23.247,1264.05,26.51,304.04,0.003961,0.000291,4.7335,20.7482,20.52,123.1,167.7,167.7,283.86,102.59,123.1,5,5,9,42
BG_S28_0177,candidate_background_observation,UNOBSERVED,2009-05-05,2009,5,May,25.095659,91.785502,3,East Khasi Block,21.288,1170.26,18.21,337.45,-0.001166,-0.001722,5.3982,19.8674,16.4,32.79,213.97,302.57,395.63,82.8,181.18,5,7,10,42
BG_S28_0178,candidate_background_observation,UNOBSERVED,2013-05-18,2013,5,May,25.50476,91.670089,3,East Khasi Block,5.354,1571.07,26.85,325.63,-0.000025,-0.002975,4.6333,18.8739,0.0,70.44,70.44,277.81,532.89,46.96,207.37,2,5,16,42
BG_S28_0179,candidate_background_observation,UNOBSERVED,2012-05-28,2012,5,May,25.205176,91.859006,3,East Khasi Block,12.422,1299.27,31.95,64.22,-0.004855,0.000021,4.7091,29.4963,39.84,79.68,163.72,349.03,585.84,42.02,165.51,5,10,15,42
BG_S28_0180,candidate_background_observation,UNOBSERVED,2009-05-24,2009,5,May,25.246654,91.627253,3,East Khasi Block,6.634,1262.13,35.76,62.25,-0.001297,-0.001276,4.5025,44.8018,0.0,11.41,75.84,171.86,447.69,53.02,158.08,3,6,15,42
BG_S28_0181,candidate_background_observation,UNOBSERVED,2025-05-07,2025,5,May,25.10814,91.779522,3,East Khasi Block,19.803,1190.65,16.06,344.86,-0.001243,-0.002211,5.6178,18.7369,10.38,24.92,24.92,313.53,486.83,14.54,224.5,2,5,8,42
BG_S28_0182,candidate_background_observation,UNOBSERVED,2014-05-19,2014,5,May,25.131792,91.955471,3,East Khasi Block,18.411,1255.52,19.19,180.91,-0.000086,0.002064,5.4610,18.0013,11.42,22.84,131.1,525.3,671.79,36.09,251.3,5,11,16,42
BG_S28_0183,candidate_background_observation,UNOBSERVED,2011-05-20,2011,5,May,25.235239,91.81435,3,East Khasi Block,9.234,1397.88,29.59,50.77,-0.001129,0.002287,4.9747,36.9811,16.84,67.37,152.17,218.42,345.9,33.69,105.31,7,9,12,42
BG_S28_0184,candidate_background_observation,UNOBSERVED,2011-05-11,2011,5,May,25.444208,91.921704,3,East Khasi Block,5.947,1694.57,34.73,174.82,-0.000162,0.000202,4.2324,33.2580,0.0,17.99,17.99,84.49,168.9,17.99,66.51,1,4,9,42
BG_S28_0185,candidate_background_observation,UNOBSERVED,2017-05-02,2017,5,May,25.185316,91.934099,3,East Khasi Block,12.309,1285.17,27.65,129.41,0.001325,0.000732,4.9887,23.5317,0.0,65.19,65.19,241.79,306.24,65.19,95.36,1,6,8,42
BG_S28_0186,candidate_background_observation,UNOBSERVED,2011-05-29,2011,5,May,25.117411,91.648346,3,East Khasi Block,19.695,1166.90,24.14,346.80,0.001030,0.002322,5.0077,18.4335,23.79,23.79,90.9,287.41,549.51,33.56,145.46,3,10,15,42
BG_S28_0187,candidate_background_observation,UNOBSERVED,2013-05-06,2013,5,May,25.243941,91.692949,3,East Khasi Block,6.282,1393.33,31.16,44.42,0.000897,-0.002418,4.8658,40.5642,0.0,23.51,248.59,347.3,501.33,94.03,201.57,5,8,14,42
BG_S28_0188,candidate_background_observation,UNOBSERVED,2023-05-11,2023,5,May,25.601126,91.819667,3,East Khasi Block,5.251,1738.65,23.71,303.39,0.002002,-0.001666,4.7034,27.2169,11.84,11.84,11.84,47.71,73.29,11.84,35.88,1,3,5,42
BG_S28_0189,candidate_background_observation,UNOBSERVED,2008-05-01,2008,5,May,25.591619,91.751572,3,East Khasi Block,10.178,1680.60,17.94,314.80,-0.004045,-0.000569,5.1679,23.4910,45.43,57.34,86.73,113.34,138.76,45.43,57.34,7,10,12,42
BG_S28_0190,candidate_background_observation,UNOBSERVED,2013-05-22,2013,5,May,25.553656,91.69185,3,East Khasi Block,6.397,1633.77,19.42,316.10,-0.002151,-0.001196,5.0960,19.1673,10.82,10.82,67.1,234.2,396.75,28.14,167.1,3,6,14,42
BG_S28_0191,candidate_background_observation,UNOBSERVED,2014-05-24,2014,5,May,25.115627,91.863293,3,East Khasi Block,21.214,1265.51,23.66,328.61,0.002068,0.000213,5.0391,18.5289,10.9,21.79,56.61,183.24,760.54,11.96,368.57,5,9,19,42
BG_S28_0192,candidate_background_observation,UNOBSERVED,2017-05-27,2017,5,May,25.573913,91.974746,3,East Khasi Block,6.084,1717.63,18.23,232.27,-0.004806,0.000028,5.1595,21.1280,0.0,54.63,95.58,168.36,250.45,34.16,75.1,4,8,15,42
BG_S28_0193,candidate_background_observation,UNOBSERVED,2024-05-17,2024,5,May,25.156572,91.719943,3,East Khasi Block,14.115,1292.72,17.67,13.42,0.002622,0.000884,5.6808,18.7614,22.5,30.31,30.31,172.52,253.48,22.5,142.21,2,5,8,42
BG_S28_0194,candidate_background_observation,UNOBSERVED,2008-05-08,2008,5,May,25.178088,91.646453,3,East Khasi Block,13.605,1222.51,28.35,34.53,-0.002671,0.001026,4.9072,22.2842,0.0,0.0,18.94,116.82,294.24,18.94,115.57,1,4,8,42
BG_S28_0195,candidate_background_observation,UNOBSERVED,2018-05-18,2018,5,May,25.51363,91.874632,3,East Khasi Block,5.395,1720.60,27.08,285.25,0.000455,-0.001056,4.5861,18.2892,0.0,0.0,0.0,94.94,143.06,0.0,81.38,0,4,5,42
BG_S28_0196,candidate_background_observation,UNOBSERVED,2023-05-01,2023,5,May,25.498372,91.627845,3,East Khasi Block,6.095,1450.82,30.15,314.46,-0.001246,-0.001317,4.3911,19.6702,0.0,54.07,54.07,102.07,102.07,36.05,54.07,2,4,4,42
BG_S28_0197,candidate_background_observation,UNOBSERVED,2011-05-14,2011,5,May,25.172345,91.963438,3,East Khasi Block,14.109,1300.46,21.99,149.63,0.003542,0.000874,5.3951,20.5614,0.0,21.95,63.85,196.36,320.12,41.9,132.5,2,5,7,42
BG_S28_0198,candidate_background_observation,UNOBSERVED,2014-05-22,2014,5,May,25.19079,91.908497,3,East Khasi Block,11.935,1271.98,30.61,107.06,-0.001761,0.000335,4.7706,25.3682,9.15,32.67,54.21,355.42,684.06,14.36,247.98,6,14,21,42
BG_S28_0199,candidate_background_observation,UNOBSERVED,2018-05-31,2018,5,May,25.22398,91.93848,3,East Khasi Block,8.035,1337.62,32.67,119.74,0.001431,-0.001811,4.7028,35.4310,20.48,20.48,263.0,277.16,500.54,122.9,236.2,4,5,10,42
BG_S28_0200,candidate_background_observation,UNOBSERVED,2007-05-18,2007,5,May,25.194832,91.958082,3,East Khasi Block,11.551,1321.70,26.60,136.68,0.003844,0.000036,5.1047,25.2490,0.0,0.0,76.98,154.84,222.11,59.6,77.86,2,4,6,42
BG_S28_0201,candidate_background_observation,UNOBSERVED,2009-05-23,2009,5,May,25.094259,91.885315,3,East Khasi Block,22.919,1270.60,27.52,279.48,0.003318,0.001009,4.6482,21.0322,36.22,36.22,112.86,227.06,473.36,76.64,159.13,2,6,13,42
BG_S28_0202,candidate_background_observation,UNOBSERVED,2025-05-11,2025,5,May,25.120622,91.614187,3,East Khasi Block,18.301,1158.14,24.05,341.41,0.001478,0.000382,5.0276,18.2704,96.3,117.87,150.33,150.33,575.2,96.3,227.09,6,6,11,42
BG_S28_0203,candidate_background_observation,UNOBSERVED,2022-05-12,2022,5,May,25.118319,91.777038,3,East Khasi Block,18.644,1212.75,14.93,351.03,-0.000857,-0.002453,5.7481,18.2374,0.0,0.0,0.0,74.86,290.04,0.0,70.12,0,2,12,42
BG_S28_0204,candidate_background_observation,UNOBSERVED,2007-05-12,2007,5,May,25.055098,91.676145,3,East Khasi Block,26.045,1067.28,31.34,319.98,-0.000520,-0.001079,4.2125,30.7372,0.0,34.44,97.39,97.39,272.93,62.95,71.91,2,2,8,42
BG_S28_0205,candidate_background_observation,UNOBSERVED,2024-05-22,2024,5,May,25.165616,91.683066,3,East Khasi Block,14.139,1272.14,23.13,20.35,0.001029,0.001960,5.2787,19.8759,0.0,29.51,112.55,112.55,286.44,33.48,142.21,5,5,9,42
BG_S28_0206,candidate_background_observation,UNOBSERVED,2018-05-25,2018,5,May,25.032595,91.985236,3,East Khasi Block,29.775,1087.83,27.81,226.28,-0.002977,-0.000036,4.4383,35.2123,133.02,149.65,149.65,175.31,602.6,133.02,236.49,2,3,9,42
BG_S28_0207,candidate_background_observation,UNOBSERVED,2013-05-21,2013,5,May,25.311586,91.652356,3,East Khasi Block,5.524,1391.09,25.64,55.10,0.002255,-0.000635,5.3394,48.1686,0.0,0.0,104.75,374.38,672.87,69.83,269.63,2,5,14,42
BG_S28_0208,candidate_background_observation,UNOBSERVED,2011-05-09,2011,5,May,25.251921,91.696194,3,East Khasi Block,5.456,1401.83,30.33,45.05,0.000464,-0.002422,4.9452,42.1995,0.0,0.0,54.15,108.3,282.84,54.15,108.3,1,2,8,42
BG_S28_0209,candidate_background_observation,UNOBSERVED,2009-05-27,2009,5,May,25.118544,91.870784,3,East Khasi Block,20.671,1267.60,23.93,325.58,0.001677,0.000738,5.0290,18.3688,24.48,183.06,219.27,343.85,699.13,122.38,183.95,4,6,16,42
BG_S28_0210,candidate_background_observation,UNOBSERVED,2014-05-08,2014,5,May,25.311586,91.652356,3,East Khasi Block,5.524,1391.09,25.64,55.10,0.002255,-0.000635,5.3394,48.1686,29.28,146.41,203.52,294.68,328.65,87.85,146.41,6,8,10,42
BG_S28_0211,candidate_background_observation,UNOBSERVED,2017-05-27,2017,5,May,25.118113,91.78821,3,East Khasi Block,18.93,1220.17,15.62,350.37,-0.000404,-0.002729,5.6921,18.2555,0.0,125.04,249.34,464.76,636.25,93.22,156.12,4,10,16,42
BG_S28_0212,candidate_background_observation,UNOBSERVED,2025-05-12,2025,5,May,25.025085,91.988208,3,East Khasi Block,30.651,1074.55,27.58,226.94,-0.002172,0.000160,4.4415,37.0488,0.0,61.64,115.32,195.53,513.42,44.95,194.48,6,7,12,42
BG_S28_0213,candidate_background_observation,UNOBSERVED,2024-05-17,2024,5,May,25.056927,91.665626,3,East Khasi Block,26.126,1080.98,32.14,318.31,0.000714,-0.000946,4.1538,30.5310,18.88,24.35,24.35,153.29,228.79,18.88,128.94,2,5,8,42
BG_S28_0214,candidate_background_observation,UNOBSERVED,2010-05-02,2010,5,May,25.573084,91.727752,3,East Khasi Block,7.73,1683.21,16.68,316.32,-0.004928,0.000007,5.2845,20.7697,41.05,51.32,96.0,214.51,351.13,41.05,76.14,5,13,23,42
BG_S28_0215,candidate_background_observation,UNOBSERVED,2023-05-05,2023,5,May,25.477473,91.943013,3,East Khasi Block,9.367,1690.31,30.30,211.46,0.001731,-0.001822,4.4556,23.0966,0.0,0.0,42.12,70.21,99.7,21.63,42.12,3,5,7,42
BG_S28_0216,candidate_background_observation,UNOBSERVED,2019-05-23,2019,5,May,25.045952,91.820672,3,East Khasi Block,27.551,1152.20,29.50,310.48,0.002275,0.001412,4.3348,32.4935,41.99,104.98,225.63,339.65,904.05,60.33,347.3,5,11,19,42
BG_S28_0217,candidate_background_observation,UNOBSERVED,2024-05-13,2024,5,May,25.118428,91.991741,3,East Khasi Block,20.64,1215.82,15.85,189.61,-0.001732,-0.000414,5.6749,18.2483,0.0,0.0,0.0,163.62,353.15,0.0,163.62,0,3,10,42
BG_S28_0218,candidate_background_observation,UNOBSERVED,2025-05-16,2025,5,May,25.055098,91.676145,3,East Khasi Block,26.045,1067.28,31.34,319.98,-0.000520,-0.001079,4.2125,30.7372,32.72,160.31,364.4,407.8,855.42,95.69,211.82,7,11,17,42
BG_S28_0219,candidate_background_observation,UNOBSERVED,2012-05-23,2012,5,May,25.039789,91.987193,3,East Khasi Block,29.026,1092.83,27.32,224.45,-0.003646,0.000070,4.4939,33.0238,0.0,66.25,118.64,365.11,550.32,33.13,190.91,4,10,13,42
BG_S28_0220,candidate_background_observation,UNOBSERVED,2017-05-27,2017,5,May,25.648318,91.818977,3,East Khasi Block,7.148,1695.79,29.97,306.32,-0.000817,-0.002439,4.2411,42.9058,0.0,70.71,124.78,210.91,292.6,49.09,92.34,5,9,16,42
BG_S28_0221,candidate_background_observation,UNOBSERVED,2024-05-04,2024,5,May,25.164052,91.796596,3,East Khasi Block,14.386,1313.30,18.20,20.74,0.000065,-0.002127,5.6672,19.3419,47.73,47.73,61.09,149.79,200.41,47.73,56.87,2,5,9,42
BG_S28_0222,candidate_background_observation,UNOBSERVED,2023-05-30,2023,5,May,25.056927,91.665626,3,East Khasi Block,26.126,1080.98,32.14,318.31,0.000714,-0.000946,4.1538,30.5310,0.0,0.0,36.75,110.26,287.46,36.75,121.72,1,3,8,42
BG_S28_0223,candidate_background_observation,UNOBSERVED,2020-05-14,2020,5,May,25.221601,91.931666,3,East Khasi Block,8.273,1326.72,33.19,116.69,0.000855,-0.001775,4.6553,34.9569,0.0,53.8,90.96,90.96,265.98,53.8,79.48,2,2,10,42
BG_S28_0224,candidate_background_observation,UNOBSERVED,2011-05-13,2011,5,May,25.118745,91.766169,3,East Khasi Block,18.402,1206.63,14.56,351.65,-0.001205,-0.002005,5.7794,18.2181,44.22,44.22,103.74,254.79,433.08,59.52,151.04,2,4,10,42
BG_S28_0225,candidate_background_observation,UNOBSERVED,2007-05-19,2007,5,May,25.144112,91.931735,3,East Khasi Block,16.889,1263.85,22.20,163.81,0.000304,0.002811,5.2694,18.2198,43.88,43.88,169.99,263.18,344.15,82.23,126.11,3,5,7,42
BG_S28_0226,candidate_background_observation,UNOBSERVED,2024-05-09,2024,5,May,25.513586,91.649862,3,East Khasi Block,5.344,1513.74,26.93,316.97,0.000249,-0.002553,4.5982,18.2898,0.0,0.0,70.37,70.37,126.15,44.71,70.37,2,2,7,42
BG_S28_0227,candidate_background_observation,UNOBSERVED,2007-05-28,2007,5,May,25.210431,91.894467,3,East Khasi Block,10.236,1289.33,34.12,92.35,-0.003049,-0.000823,4.5508,31.8815,27.83,111.34,470.02,666.19,763.72,165.54,303.5,7,11,13,42
BG_S28_0228,candidate_background_observation,UNOBSERVED,2026-05-11,2026,5,May,25.117411,91.648346,3,East Khasi Block,19.695,1166.90,24.14,346.80,0.001030,0.002322,5.0077,18.4335,0.0,0.0,0.88,214.68,581.98,0.88,191.16,0,7,15,42
BG_S28_0229,candidate_background_observation,UNOBSERVED,2018-06-02,2018,6,June,25.513586,91.649862,3,East Khasi Block,5.344,1513.74,26.93,316.97,0.000249,-0.002553,4.5982,18.2898,0.0,19.59,39.19,163.8,282.17,19.59,108.15,2,7,13,42
BG_S28_0230,candidate_background_observation,UNOBSERVED,2017-06-28,2017,6,June,25.10814,91.779522,3,East Khasi Block,19.803,1190.65,16.06,344.86,-0.001243,-0.002211,5.6178,18.7369,31.35,73.16,295.83,746.74,1349.17,95.43,280.7,7,13,25,42
BG_S28_0231,candidate_background_observation,UNOBSERVED,2008-06-01,2008,6,June,25.573084,91.727752,3,East Khasi Block,7.73,1683.21,16.68,316.32,-0.004928,0.000007,5.2845,20.7697,18.79,58.18,77.88,147.91,147.91,19.7,58.18,5,8,8,42
BG_S28_0232,candidate_background_observation,UNOBSERVED,2020-06-20,2020,6,June,25.573913,91.974746,3,East Khasi Block,6.084,1717.63,18.23,232.27,-0.004806,0.000028,5.1595,21.1280,0.0,0.0,6.33,56.51,195.78,3.69,82.72,2,6,17,42
BG_S28_0233,candidate_background_observation,UNOBSERVED,2019-06-03,2019,6,June,25.299029,91.626204,3,East Khasi Block,5.684,1359.03,28.35,64.80,0.003855,-0.000665,5.1303,50.0901,109.95,109.95,145.54,263.3,453.1,109.95,109.95,2,6,15,42
BG_S28_0234,candidate_background_observation,UNOBSERVED,2007-06-11,2007,6,June,25.153765,91.948935,3,East Khasi Block,15.907,1272.67,21.12,158.96,0.001515,0.002069,5.3939,18.7102,65.73,207.74,321.34,523.05,1183.78,85.2,311.19,5,12,22,42
BG_S28_0235,candidate_background_observation,UNOBSERVED,2020-06-20,2020,6,June,25.299029,91.626204,3,East Khasi Block,5.684,1359.03,28.35,64.80,0.003855,-0.000665,5.1303,50.0901,0.0,42.93,120.76,326.53,722.38,42.93,213.41,5,9,20,42
BG_S28_0236,candidate_background_observation,UNOBSERVED,2007-06-30,2007,6,June,25.217276,91.6601,3,East Khasi Block,10.721,1298.61,33.67,45.48,-0.001222,-0.001485,4.6057,33.8281,16.77,50.3,113.93,371.62,897.89,33.53,264.43,5,12,24,42
BG_S28_0237,candidate_background_observation,UNOBSERVED,2019-06-21,2019,6,June,25.11859,91.894508,3,East Khasi Block,20.084,1269.38,24.52,258.29,0.001132,0.002130,4.9820,18.3755,26.56,94.73,133.24,245.13,432.19,54.53,94.73,6,11,16,42
BG_S28_0238,candidate_background_observation,UNOBSERVED,2008-06-03,2008,6,June,25.0896,91.982627,3,East Khasi Block,23.509,1173.64,20.48,207.90,-0.004392,0.000114,5.1943,20.8129,0.0,63.97,188.78,323.21,474.51,47.98,105.82,6,10,13,42
BG_S28_0239,candidate_background_observation,UNOBSERVED,2025-06-20,2025,6,June,25.0896,91.982627,3,East Khasi Block,23.509,1173.64,20.48,207.90,-0.004392,0.000114,5.1943,20.8129,0.0,0.0,150.38,208.4,969.84,69.62,465.23,4,8,16,42
BG_S28_0240,candidate_background_observation,UNOBSERVED,2007-06-09,2007,6,June,25.630693,91.982293,3,East Khasi Block,7.095,1657.17,26.46,230.76,-0.000584,0.000263,4.4974,35.6700,80.03,96.04,107.64,249.75,508.25,80.03,146.08,3,10,17,42
BG_S28_0241,candidate_background_observation,UNOBSERVED,2026-06-13,2026,6,June,25.235437,91.729564,3,East Khasi Block,5.3,1436.75,27.32,40.59,0.002695,-0.000310,5.1567,35.5767,70.25,70.25,146.62,433.98,801.84,70.25,175.14,3,11,24,42
BG_S28_0242,candidate_background_observation,UNOBSERVED,2019-06-10,2019,6,June,25.19079,91.908497,3,East Khasi Block,11.935,1271.98,30.61,107.06,-0.001761,0.000335,4.7706,25.3682,0.0,46.43,46.43,158.78,451.4,46.43,104.94,1,3,12,42
BG_S28_0243,candidate_background_observation,UNOBSERVED,2014-06-20,2014,6,June,25.231216,91.757111,3,East Khasi Block,5.98,1442.15,25.91,40.53,0.002654,0.001250,5.2605,33.6207,0.0,198.02,247.52,747.85,1019.61,148.51,301.57,3,9,17,42
BG_S28_0244,candidate_background_observation,UNOBSERVED,2013-06-06,2013,6,June,25.21764,91.653734,3,East Khasi Block,10.727,1283.34,34.17,47.36,-0.001846,-0.001417,4.5666,34.1796,71.33,153.28,153.28,302.98,815.84,71.33,379.17,3,7,12,42
BG_S28_0245,candidate_background_observation,UNOBSERVED,2022-06-28,2022,6,June,25.281815,91.875349,3,East Khasi Block,5.164,1461.64,31.05,80.79,0.002566,-0.000926,4.9147,50.1796,63.4,63.4,72.12,435.56,933.14,63.4,225.69,2,10,24,42
BG_S28_0246,candidate_background_observation,UNOBSERVED,2023-06-13,2023,6,June,25.055098,91.676145,3,East Khasi Block,26.045,1067.28,31.34,319.98,-0.000520,-0.001079,4.2125,30.7372,28.68,57.36,220.86,220.86,342.18,81.75,163.49,6,6,9,42
BG_S28_0247,candidate_background_observation,UNOBSERVED,2007-07-04,2007,7,July,25.597442,91.805083,3,East Khasi Block,6.42,1727.61,21.41,307.33,0.000782,-0.001715,4.8881,25.6224,32.83,32.83,103.55,179.29,501.0,40.41,173.54,4,9,19,42
BG_S28_0248,candidate_background_observation,UNOBSERVED,2010-07-19,2010,7,July,25.575715,91.770365,3,East Khasi Block,9.292,1726.66,15.63,314.28,-0.003112,-0.000184,5.3655,20.8739,24.43,48.86,78.74,123.46,421.21,29.88,106.13,4,6,18,42
BG_S28_0249,candidate_background_observation,UNOBSERVED,2008-07-12,2008,7,July,25.573913,91.974746,3,East Khasi Block,6.084,1717.63,18.23,232.27,-0.004806,0.000028,5.1595,21.1280,0.0,68.38,82.7,244.8,505.56,39.74,122.52,3,8,17,42
BG_S28_0250,candidate_background_observation,UNOBSERVED,2022-07-31,2022,7,July,25.078465,91.620413,3,East Khasi Block,23.014,1145.50,30.22,308.90,0.004683,0.000182,4.3758,24.4181,140.86,211.29,281.73,539.46,916.19,140.86,211.29,3,9,19,42
BG_S28_0251,candidate_background_observation,UNOBSERVED,2022-07-04,2022,7,July,25.055098,91.676145,3,East Khasi Block,26.045,1067.28,31.34,319.98,-0.000520,-0.001079,4.2125,30.7372,0.0,47.58,189.72,286.74,1212.95,71.07,267.07,4,7,22,42
BG_S28_0252,candidate_background_observation,UNOBSERVED,2023-07-01,2023,7,July,25.191308,91.948905,3,East Khasi Block,11.765,1306.40,27.08,134.45,0.002999,0.000255,5.0547,24.6267,25.03,112.18,155.75,426.33,897.96,87.15,363.28,3,8,16,42
BG_S28_0253,candidate_background_observation,UNOBSERVED,2008-07-12,2008,7,July,25.622005,91.826426,3,East Khasi Block,6.21,1732.28,28.12,301.65,0.001092,-0.002117,4.3569,34.4373,11.73,72.42,97.94,245.05,458.6,35.18,105.77,4,9,18,42
BG_S28_0254,candidate_background_observation,UNOBSERVED,2011-07-28,2011,7,July,25.172345,91.963438,3,East Khasi Block,14.109,1300.46,21.99,149.63,0.003542,0.000874,5.3951,20.5614,0.0,0.0,0.0,523.07,891.24,0.0,247.66,0,7,14,42
BG_S28_0255,candidate_background_observation,UNOBSERVED,2026-07-18,2026,7,July,25.0896,91.982627,3,East Khasi Block,23.509,1173.64,20.48,207.90,-0.004392,0.000114,5.1943,20.8129,0.0,0.0,94.19,206.38,891.78,94.19,277.8,1,4,17,42
BG_S28_0256,candidate_background_observation,UNOBSERVED,2022-07-11,2022,7,July,25.135044,91.864655,3,East Khasi Block,19.137,1265.31,23.01,4.95,-0.000286,0.000335,5.1684,18.0094,0.0,30.79,154.5,388.3,1023.59,61.58,321.6,4,10,21,42
BG_S28_0257,candidate_background_observation,UNOBSERVED,2008-07-12,2008,7,July,25.117411,91.648346,3,East Khasi Block,19.695,1166.90,24.14,346.80,0.001030,0.002322,5.0077,18.4335,16.88,63.93,117.03,342.35,904.07,53.1,192.6,4,9,19,42
BG_S28_0258,candidate_background_observation,UNOBSERVED,2019-07-29,2019,7,July,25.11701,91.885353,3,East Khasi Block,20.449,1269.87,24.60,291.68,0.001549,0.001632,4.9693,18.4651,0.0,45.51,165.76,347.49,1059.86,83.65,365.51,4,8,20,42
BG_S28_0259,candidate_background_observation,UNOBSERVED,2025-07-12,2025,7,July,25.311586,91.652356,3,East Khasi Block,5.524,1391.09,25.64,55.10,0.002255,-0.000635,5.3394,48.1686,21.92,21.92,75.11,327.4,659.97,53.19,151.26,2,9,17,42
BG_S28_0260,candidate_background_observation,UNOBSERVED,2011-07-19,2011,7,July,25.214005,91.821303,3,East Khasi Block,11.257,1358.53,29.00,48.32,-0.002526,0.001102,4.9704,30.7491,108.58,144.77,329.93,528.43,1152.68,108.58,258.45,6,9,21,42
BG_S28_0261,candidate_background_observation,UNOBSERVED,2007-07-06,2007,7,July,25.106373,91.777567,3,East Khasi Block,19.956,1184.71,16.19,344.00,-0.001453,-0.002088,5.6005,18.8518,0.0,76.78,105.83,268.0,893.24,43.58,235.61,4,9,22,42
BG_S28_0262,candidate_background_observation,UNOBSERVED,2014-07-13,2014,7,July,25.200423,91.790192,3,East Khasi Block,10.479,1381.33,23.86,36.42,0.000882,0.000357,5.3417,25.6052,40.38,141.33,362.27,608.48,1111.61,165.71,276.18,5,12,19,42
BG_S28_0263,candidate_background_observation,UNOBSERVED,2020-07-13,2020,7,July,25.115627,91.863293,3,East Khasi Block,21.214,1265.51,23.66,328.61,0.002068,0.000213,5.0391,18.5289,0.0,306.07,516.93,698.28,1191.47,204.05,403.39,5,11,22,42
BG_S28_0264,candidate_background_observation,UNOBSERVED,2017-07-11,2017,7,July,25.155479,91.630093,3,East Khasi Block,15.081,1177.71,25.34,24.15,-0.002321,0.001281,5.0630,18.9951,0.0,0.0,151.39,616.97,1478.09,85.36,396.14,2,9,20,42
BG_S28_0265,candidate_background_observation,UNOBSERVED,2013-07-09,2013,7,July,25.21764,91.653734,3,East Khasi Block,10.727,1283.34,34.17,47.36,-0.001846,-0.001417,4.5666,34.1796,0.0,90.77,136.16,600.0,1094.49,45.39,240.78,3,9,20,42
BG_S28_0266,candidate_background_observation,UNOBSERVED,2008-07-26,2008,7,July,25.13934,91.928703,3,East Khasi Block,17.423,1262.80,22.26,169.70,0.000117,0.002929,5.2456,18.0744,30.98,54.19,259.1,505.16,907.05,92.85,212.16,6,11,19,42
BG_S28_0267,candidate_background_observation,UNOBSERVED,2008-07-12,2008,7,July,25.06518,91.658572,3,East Khasi Block,25.462,1099.49,31.50,319.23,0.001597,-0.000335,4.2299,28.0081,0.0,68.35,122.92,375.24,840.2,54.57,173.21,3,8,19,42
BG_S28_0268,candidate_background_observation,UNOBSERVED,2019-07-28,2019,7,July,25.210431,91.894467,3,East Khasi Block,10.236,1289.33,34.12,92.35,-0.003049,-0.000823,4.5508,31.8815,12.67,50.68,193.11,311.05,945.39,75.96,305.88,6,8,19,42
BG_S28_0269,candidate_background_observation,UNOBSERVED,2007-07-05,2007,7,July,25.444208,91.921704,3,East Khasi Block,5.947,1694.57,34.73,174.82,-0.000162,0.000202,4.2324,33.2580,16.15,72.66,105.87,275.58,736.21,56.52,195.99,4,11,22,42
BG_S28_0270,candidate_background_observation,UNOBSERVED,2019-07-27,2019,7,July,25.078465,91.620413,3,East Khasi Block,23.014,1145.50,30.22,308.90,0.004683,0.000182,4.3758,24.4181,17.54,94.25,197.81,538.05,1205.16,59.18,326.39,6,11,23,42
BG_S28_0271,candidate_background_observation,UNOBSERVED,2024-08-23,2024,8,August,25.045952,91.820672,3,East Khasi Block,27.551,1152.20,29.50,310.48,0.002275,0.001412,4.3348,32.4935,10.43,68.67,212.99,419.36,769.58,144.32,191.0,4,8,17,42
BG_S28_0272,candidate_background_observation,UNOBSERVED,2017-08-02,2017,8,August,25.605022,91.771525,3,East Khasi Block,9.88,1678.41,20.36,312.99,-0.002070,-0.001738,4.9712,26.6352,6.35,72.31,191.53,299.2,674.97,59.61,159.46,5,10,18,42
BG_S28_0273,candidate_background_observation,UNOBSERVED,2012-08-12,2012,8,August,25.490531,91.945366,3,East Khasi Block,8.999,1695.34,27.94,219.52,0.001225,-0.002256,4.5958,20.5477,0.0,37.01,92.67,227.4,724.15,18.55,183.56,5,11,22,42
BG_S28_0274,candidate_background_observation,UNOBSERVED,2019-08-13,2019,8,August,25.032324,91.773993,3,East Khasi Block,28.029,1056.01,26.20,317.57,-0.001626,0.002021,4.5665,34.2838,0.0,50.99,86.61,212.11,685.86,50.99,174.57,4,9,18,42
BG_S28_0275,candidate_background_observation,UNOBSERVED,2013-08-20,2013,8,August,25.081978,91.84057,3,East Khasi Block,24.525,1230.23,26.41,315.13,0.004212,-0.000420,4.6928,22.9456,31.71,95.84,119.21,339.29,993.95,41.53,170.1,5,12,26,42
BG_S28_0276,candidate_background_observation,UNOBSERVED,2017-08-03,2017,8,August,25.144112,91.931735,3,East Khasi Block,16.889,1263.85,22.20,163.81,0.000304,0.002811,5.2694,18.2198,34.7,57.84,213.39,360.98,768.32,103.7,155.55,4,7,18,42
BG_S28_0277,candidate_background_observation,UNOBSERVED,2013-08-26,2013,8,August,25.114585,91.898194,3,East Khasi Block,20.457,1269.82,24.81,249.91,0.001274,0.002194,4.9430,18.6237,97.16,97.16,219.51,343.14,874.7,97.16,179.68,4,10,23,42
BG_S28_0278,candidate_background_observation,UNOBSERVED,2008-08-01,2008,8,August,25.209469,91.892315,3,East Khasi Block,10.417,1288.01,34.01,90.60,-0.003263,-0.000735,4.5569,31.5403,15.69,86.61,133.9,491.25,925.43,70.93,200.21,4,12,22,42
BG_S28_0279,candidate_background_observation,UNOBSERVED,2007-08-09,2007,8,August,25.281815,91.875349,3,East Khasi Block,5.164,1461.64,31.05,80.79,0.002566,-0.000926,4.9147,50.1796,0.0,24.09,73.48,386.32,945.04,41.37,304.59,3,8,18,42
BG_S28_0280,candidate_background_observation,UNOBSERVED,2012-09-29,2012,9,September,25.229493,91.93797,3,East Khasi Block,7.42,1346.38,33.04,118.52,0.001209,-0.002094,4.6862,37.3727,5.99,5.99,104.99,327.92,482.88,51.67,165.35,5,12,20,42
BG_S28_0281,candidate_background_observation,UNOBSERVED,2014-09-05,2014,9,September,25.118544,91.870784,3,East Khasi Block,20.671,1267.60,23.93,325.58,0.001677,0.000738,5.0290,18.3688,9.72,68.04,147.19,288.63,761.34,48.6,232.59,6,11,21,42
BG_S28_0282,candidate_background_observation,UNOBSERVED,2011-09-20,2011,9,September,25.190597,91.785875,3,East Khasi Block,11.252,1370.11,21.87,32.12,0.001402,-0.000357,5.4691,23.2320,44.65,44.65,148.84,359.81,649.74,59.53,178.6,4,10,17,42
BG_S28_0283,candidate_background_observation,UNOBSERVED,2023-09-24,2023,9,September,25.054354,91.789606,3,East Khasi Block,25.866,1106.25,25.38,320.35,-0.000889,0.001116,4.6872,28.4869,0.0,0.0,108.85,227.07,682.47,43.54,310.66,3,9,19,42
BG_S28_0284,candidate_background_observation,UNOBSERVED,2012-09-12,2012,9,September,25.110722,91.878654,3,East Khasi Block,21.29,1270.04,25.02,300.56,0.002341,0.001140,4.9110,18.9221,0.0,30.08,60.12,237.59,574.82,15.06,174.81,4,8,16,42
BG_S28_0285,candidate_background_observation,UNOBSERVED,2024-09-29,2024,9,September,25.180703,91.924108,3,East Khasi Block,12.845,1273.93,27.76,124.70,0.000129,0.001089,4.9638,22.6683,51.26,51.26,120.0,139.26,263.35,51.26,55.93,5,7,21,42
BG_S28_0286,candidate_background_observation,UNOBSERVED,2018-10-04,2018,10,October,25.021767,91.654933,3,East Khasi Block,29.973,1047.54,35.01,308.00,0.000730,-0.002558,3.8410,43.2778,0.0,0.0,26.33,131.93,499.5,26.33,229.31,1,4,11,42
BG_S28_0287,candidate_background_observation,UNOBSERVED,2017-10-01,2017,10,October,25.178043,91.942329,3,East Khasi Block,13.157,1286.69,25.47,137.99,0.002103,0.001127,5.1375,21.8417,11.82,74.4,136.99,212.23,449.05,37.55,121.16,6,9,16,42
BG_S28_0288,candidate_background_observation,UNOBSERVED,2019-10-16,2019,10,October,25.134737,91.875646,3,East Khasi Block,18.806,1265.38,23.65,7.17,-0.000231,0.001131,5.1160,18.0072,0.0,0.0,0.0,90.75,277.24,0.0,130.87,0,2,8,42
BG_S28_0289,candidate_background_observation,UNOBSERVED,2024-05-22,2024,5,May,25.984936,92.31084,4,Ri-Bhoi Block,44.129,951.05,15.54,42.13,-0.000849,0.002236,6.0708,22.8370,0.0,15.59,69.54,69.54,69.54,16.4,46.84,5,5,5,42
BG_S28_0290,candidate_background_observation,UNOBSERVED,2012-05-23,2012,5,May,25.872848,92.053355,4,Ri-Bhoi Block,19.183,1403.57,27.18,138.01,0.000199,-0.002802,5.1853,22.0979,22.84,45.67,97.0,214.04,298.67,51.33,79.59,3,9,11,42
BG_S28_0291,candidate_background_observation,UNOBSERVED,2024-05-06,2024,5,May,25.9663,91.210608,4,Ri-Bhoi Block,31.566,780.93,15.02,60.44,0.003939,-0.000618,6.1529,20.5457,73.43,73.43,73.43,73.43,148.29,73.43,73.43,1,1,5,42
BG_S28_0292,candidate_background_observation,UNOBSERVED,2007-05-20,2007,5,May,26.063722,91.553608,4,Ri-Bhoi Block,30.772,1015.12,29.37,154.07,0.000905,0.000835,4.6963,47.7433,0.0,0.0,26.76,80.45,116.29,26.76,53.68,1,2,3,42
BG_S28_0293,candidate_background_observation,UNOBSERVED,2017-05-31,2017,5,May,26.005591,92.180591,4,Ri-Bhoi Block,30.958,1159.14,26.00,111.21,0.000132,-0.002921,5.1765,30.9366,0.0,25.26,86.13,158.81,246.64,32.01,92.88,3,5,12,42
BG_S28_0294,candidate_background_observation,UNOBSERVED,2019-05-08,2019,5,May,25.770848,91.074898,4,Ri-Bhoi Block,9.508,694.62,22.91,5.86,0.000859,0.002052,5.2063,41.4704,0.0,15.27,160.65,247.58,357.0,116.31,145.38,3,7,12,42
BG_S28_0295,candidate_background_observation,UNOBSERVED,2026-05-07,2026,5,May,25.797949,91.414779,4,Ri-Bhoi Block,17.044,1168.78,24.48,160.14,0.000553,-0.001795,5.1858,37.7556,0.0,4.94,44.83,158.06,267.7,17.06,109.64,5,9,11,42
BG_S28_0296,candidate_background_observation,UNOBSERVED,2017-05-22,2017,5,May,25.888438,92.215481,4,Ri-Bhoi Block,35.173,1136.17,30.07,84.19,0.000184,0.001546,4.9769,19.9992,0.0,0.0,38.8,90.75,160.98,38.8,39.48,1,5,10,42
BG_S28_0297,candidate_background_observation,UNOBSERVED,2017-05-11,2017,5,May,25.820042,92.191771,4,Ri-Bhoi Block,31.573,1197.02,29.21,104.06,-0.002102,-0.000261,4.8857,35.5042,0.0,7.44,40.35,44.86,134.19,18.02,55.4,3,4,7,42
BG_S28_0298,candidate_background_observation,UNOBSERVED,2010-05-04,2010,5,May,25.687481,91.991246,4,Ri-Bhoi Block,8.006,1567.73,24.91,218.64,0.004777,-0.000107,4.7387,45.6960,34.65,80.86,110.79,224.4,390.42,46.2,87.92,4,10,20,42
BG_S28_0299,candidate_background_observation,UNOBSERVED,2026-05-01,2026,5,May,26.084627,91.279599,4,Ri-Bhoi Block,46.247,709.44,28.15,210.02,-0.001790,-0.000650,4.7104,49.8886,18.43,47.28,102.1,249.99,249.99,28.85,121.93,4,9,9,42
BG_S28_0300,candidate_background_observation,UNOBSERVED,2018-05-31,2018,5,May,26.04641,92.722899,4,Ri-Bhoi Block,14.844,452.38,31.15,162.41,-0.003427,-0.000812,4.6216,45.3461,0.0,0.0,87.77,109.34,216.13,55.43,77.81,2,4,8,42
BG_S28_0301,candidate_background_observation,UNOBSERVED,2023-05-24,2023,5,May,25.688319,92.322439,4,Ri-Bhoi Block,25.962,1142.67,25.40,324.13,-0.002580,-0.000623,4.7020,46.3463,0.0,0.0,29.63,133.92,168.19,29.63,53.79,1,5,7,42
BG_S28_0302,candidate_background_observation,UNOBSERVED,2017-05-07,2017,5,May,25.895589,92.68887,4,Ri-Bhoi Block,21.202,654.56,33.55,135.53,0.000322,0.002798,4.7059,19.2961,0.0,45.19,45.19,45.19,105.84,27.83,60.66,2,2,4,42
BG_S28_0303,candidate_background_observation,UNOBSERVED,2023-05-08,2023,5,May,25.686817,92.392081,4,Ri-Bhoi Block,28.461,1037.34,32.91,324.77,-0.003571,0.000564,4.0968,54.4804,0.0,0.0,0.0,34.17,104.22,0.0,50.95,0,3,7,42
BG_S28_0304,candidate_background_observation,UNOBSERVED,2012-05-10,2012,5,May,25.681489,92.050757,4,Ri-Bhoi Block,13.659,1463.37,25.48,215.55,-0.000239,-0.001217,4.6759,45.5063,0.0,0.0,0.0,0.0,144.68,0.0,46.42,0,0,7,42
BG_S28_0305,candidate_background_observation,UNOBSERVED,2011-05-01,2011,5,May,26.086946,92.287755,4,Ri-Bhoi Block,42.131,907.46,25.65,350.91,-0.001442,-0.000827,4.9012,47.3096,45.18,45.18,45.18,88.31,150.21,45.18,45.18,1,3,10,42
BG_S28_0306,candidate_background_observation,UNOBSERVED,2007-05-24,2007,5,May,25.996832,91.334846,4,Ri-Bhoi Block,37.183,874.97,24.28,132.91,-0.001599,0.001490,5.3400,28.1001,19.59,78.37,97.96,171.49,204.68,39.18,78.37,4,6,7,42
BG_S28_0307,candidate_background_observation,UNOBSERVED,2022-05-24,2022,5,May,26.018727,92.398102,4,Ri-Bhoi Block,46.55,813.35,28.84,29.70,0.000502,-0.002287,4.9069,35.9719,0.0,0.0,42.41,270.91,290.57,21.21,228.5,2,5,7,42
BG_S28_0308,candidate_background_observation,UNOBSERVED,2023-05-28,2023,5,May,26.04035,92.635044,4,Ri-Bhoi Block,23.202,553.10,30.68,159.49,0.002789,-0.001146,4.6823,43.3141,0.0,0.0,0.0,114.75,200.9,0.0,83.28,0,2,7,42
BG_S28_0309,candidate_background_observation,UNOBSERVED,2013-05-28,2013,5,May,25.774178,91.122776,4,Ri-Bhoi Block,8.834,765.25,24.07,7.56,0.001474,-0.001144,5.1267,42.1007,7.07,73.75,112.06,150.36,629.04,38.3,308.69,4,5,12,42
BG_S28_0310,candidate_background_observation,UNOBSERVED,2014-05-29,2014,5,May,25.686817,92.392081,4,Ri-Bhoi Block,28.461,1037.34,32.91,324.77,-0.003571,0.000564,4.0968,54.4804,0.0,60.52,99.85,151.56,405.95,30.26,87.08,6,10,20,42
BG_S28_0311,candidate_background_observation,UNOBSERVED,2007-05-29,2007,5,May,26.022927,92.560463,4,Ri-Bhoi Block,30.37,740.52,20.31,128.31,0.000295,0.002821,5.5750,31.4729,25.3,63.24,135.01,269.33,410.25,37.94,88.69,5,8,13,42
BG_S28_0312,candidate_background_observation,UNOBSERVED,2010-05-04,2010,5,May,25.708499,91.768097,4,Ri-Bhoi Block,9.652,1520.62,20.12,332.01,0.003229,0.000567,5.1897,41.8721,12.73,63.63,85.35,196.04,337.1,50.9,74.26,4,12,20,42
BG_S28_0313,candidate_background_observation,UNOBSERVED,2019-05-06,2019,5,May,25.795297,92.535967,4,Ri-Bhoi Block,40.133,818.53,17.04,115.47,-0.001414,0.001823,5.7711,32.1552,0.0,105.35,126.43,135.15,187.59,105.35,105.35,2,3,5,42
BG_S28_0314,candidate_background_observation,UNOBSERVED,2024-05-14,2024,5,May,25.696927,91.74591,4,Ri-Bhoi Block,7.56,1492.13,22.39,328.94,0.004796,-0.000027,4.9695,43.8189,0.0,0.0,0.0,74.59,98.16,0.0,74.59,0,2,5,42
BG_S28_0315,candidate_background_observation,UNOBSERVED,2023-05-10,2023,5,May,26.091377,91.894284,4,Ri-Bhoi Block,7.671,1064.85,35.30,260.48,0.003024,0.000888,4.1116,58.9283,28.39,28.39,28.39,92.27,150.48,28.39,54.16,1,4,7,42
BG_S28_0316,candidate_background_observation,UNOBSERVED,2011-05-12,2011,5,May,25.696927,91.74591,4,Ri-Bhoi Block,7.56,1492.13,22.39,328.94,0.004796,-0.000027,4.9695,43.8189,0.0,0.0,0.0,69.94,147.89,0.0,69.94,0,2,7,42
BG_S28_0317,candidate_background_observation,UNOBSERVED,2009-05-03,2009,5,May,25.835571,92.630522,4,Ri-Bhoi Block,29.876,776.48,30.90,142.82,0.004393,0.000344,4.7992,31.9583,7.69,46.16,97.01,144.23,144.23,50.85,89.32,3,5,5,42
BG_S28_0318,candidate_background_observation,UNOBSERVED,2013-05-16,2013,5,May,25.95522,92.749811,4,Ri-Bhoi Block,12.584,500.06,18.74,128.69,0.004796,0.000105,5.8736,19.9215,0.0,0.0,193.43,292.65,411.4,91.76,193.43,3,6,10,42
BG_S28_0319,candidate_background_observation,UNOBSERVED,2017-05-01,2017,5,May,25.748638,92.372816,4,Ri-Bhoi Block,33.905,1085.64,22.04,352.90,-0.001481,-0.000706,5.1872,43.2466,0.0,0.0,0.0,76.95,157.96,0.0,81.01,0,2,4,42
BG_S28_0320,candidate_background_observation,UNOBSERVED,2023-05-25,2023,5,May,26.077723,92.669847,4,Ri-Bhoi Block,21.039,524.32,35.91,181.44,0.000886,0.000185,4.1172,57.4703,0.0,0.0,83.51,177.13,199.56,83.51,83.51,1,5,8,42
BG_S28_0321,candidate_background_observation,UNOBSERVED,2023-05-31,2023,5,May,25.843823,91.364886,4,Ri-Bhoi Block,23.772,1057.49,34.73,139.10,0.004318,0.000263,4.5161,31.0752,0.0,0.0,0.0,133.91,177.82,0.0,117.02,0,3,6,42
BG_S28_0322,candidate_background_observation,UNOBSERVED,2019-05-27,2019,5,May,26.084627,91.279599,4,Ri-Bhoi Block,46.247,709.44,28.15,210.02,-0.001790,-0.000650,4.7104,49.8886,32.38,43.66,122.62,248.13,544.13,33.84,131.35,5,9,16,42
BG_S28_0323,candidate_background_observation,UNOBSERVED,2010-05-31,2010,5,May,26.091377,91.894284,4,Ri-Bhoi Block,7.671,1064.85,35.30,260.48,0.003024,0.000888,4.1116,58.9283,50.69,50.69,76.04,239.66,481.78,50.69,96.46,2,6,15,42
BG_S28_0324,candidate_background_observation,UNOBSERVED,2011-05-07,2011,5,May,25.67422,92.736755,4,Ri-Bhoi Block,38.764,607.27,30.84,222.72,0.004114,0.000130,4.2275,49.9022,0.0,0.0,56.55,86.92,179.44,28.28,56.55,2,5,13,42
BG_S28_0325,candidate_background_observation,UNOBSERVED,2009-05-30,2009,5,May,25.708965,92.145968,4,Ri-Bhoi Block,18.872,1443.10,29.87,221.49,-0.003139,-0.000604,4.4113,53.4680,0.0,0.0,131.64,163.59,335.89,95.8,131.64,2,3,11,42
BG_S28_0326,candidate_background_observation,UNOBSERVED,2023-05-26,2023,5,May,25.964932,92.370654,4,Ri-Bhoi Block,49.461,882.79,21.49,41.84,-0.004547,-0.000219,5.6378,21.4481,0.0,18.67,56.0,99.62,174.64,37.33,64.12,2,4,7,42
BG_S28_0327,candidate_background_observation,UNOBSERVED,2020-05-31,2020,5,May,26.085596,92.317702,4,Ri-Bhoi Block,45.064,892.48,27.24,353.43,0.002070,-0.000695,4.7794,48.9724,0.0,0.0,129.49,236.49,311.86,114.81,148.57,2,7,12,42
BG_S28_0328,candidate_background_observation,UNOBSERVED,2008-05-18,2008,5,May,26.076233,92.832578,4,Ri-Bhoi Block,8.65,324.70,26.85,214.33,0.003401,-0.000056,4.8479,47.2952,0.0,0.0,0.0,0.0,156.48,0.0,95.32,0,0,7,42
BG_S28_0329,candidate_background_observation,UNOBSERVED,2026-05-12,2026,5,May,26.032492,91.775368,4,Ri-Bhoi Block,9.645,1114.94,22.02,24.30,-0.001257,0.002242,5.4042,34.5937,0.0,0.0,0.0,103.54,267.77,0.0,120.29,0,7,12,42
BG_S28_0330,candidate_background_observation,UNOBSERVED,2014-05-08,2014,5,May,25.896889,92.436182,4,Ri-Bhoi Block,44.353,935.94,32.95,52.77,0.000327,0.002804,4.7550,19.1318,43.94,65.91,103.13,145.17,159.16,43.94,65.91,5,8,10,42
BG_S28_0331,candidate_background_observation,UNOBSERVED,2012-05-05,2012,5,May,25.855851,92.282179,4,Ri-Bhoi Block,38.928,1139.24,25.74,49.57,-0.001502,-0.001940,5.2657,25.0556,0.0,0.0,0.0,44.5,277.3,0.0,80.13,0,2,11,42
BG_S28_0332,candidate_background_observation,UNOBSERVED,2010-05-17,2010,5,May,25.807633,91.99066,4,Ri-Bhoi Block,11.555,1484.68,20.35,151.77,-0.004559,0.000143,5.5516,32.6036,0.0,6.48,109.01,197.28,443.03,45.57,79.75,5,9,19,42
BG_S28_0333,candidate_background_observation,UNOBSERVED,2008-05-30,2008,5,May,25.895897,92.419908,4,Ri-Bhoi Block,45.952,967.53,33.68,49.22,-0.000163,0.002891,4.6957,19.2663,46.49,61.98,77.48,77.48,197.35,46.49,119.87,3,3,5,42
BG_S28_0334,candidate_background_observation,UNOBSERVED,2023-05-28,2023,5,May,25.838167,92.721966,4,Ri-Bhoi Block,23.219,656.96,31.41,142.26,-0.004226,0.000452,4.7660,31.4347,0.0,0.0,21.69,54.03,192.83,21.69,66.98,1,3,9,42
BG_S28_0335,candidate_background_observation,UNOBSERVED,2014-05-20,2014,5,May,25.859009,92.205174,4,Ri-Bhoi Block,33.484,1143.32,32.49,90.39,-0.002226,0.001655,4.7329,26.0927,0.0,11.12,40.74,187.3,271.23,18.51,87.63,3,8,15,42
BG_S28_0336,candidate_background_observation,UNOBSERVED,2025-05-08,2025,5,May,25.951051,92.525003,4,Ri-Bhoi Block,34.348,838.40,15.62,93.08,0.003055,0.000089,6.1289,19.2696,8.97,24.29,24.29,115.26,152.43,8.97,69.69,3,6,9,42
BG_S28_0337,candidate_background_observation,UNOBSERVED,2009-05-29,2009,5,May,25.752665,91.814624,4,Ri-Bhoi Block,6.784,1552.32,17.83,353.13,-0.000436,0.002664,5.5401,38.1170,18.08,18.08,144.96,181.75,398.19,90.39,126.88,3,4,14,42
BG_S28_0338,candidate_background_observation,UNOBSERVED,2007-05-18,2007,5,May,25.890498,91.913564,4,Ri-Bhoi Block,9.831,1330.60,33.74,102.77,-0.000110,0.002904,4.6856,19.9478,63.31,63.31,106.61,163.35,197.78,63.31,63.31,3,4,5,42
BG_S28_0339,candidate_background_observation,UNOBSERVED,2010-05-27,2010,5,May,25.985579,92.655845,4,Ri-Bhoi Block,20.862,528.73,23.97,141.38,-0.001566,-0.002030,5.3948,25.5911,0.0,129.17,129.17,307.82,453.86,68.96,129.17,2,9,16,42
BG_S28_0340,candidate_background_observation,UNOBSERVED,2010-05-27,2010,5,May,25.896889,92.436182,4,Ri-Bhoi Block,44.353,935.94,32.95,52.77,0.000327,0.002804,4.7550,19.1318,0.0,123.36,123.36,259.31,425.96,67.74,123.36,2,9,17,42
BG_S28_0341,candidate_background_observation,UNOBSERVED,2009-05-11,2009,5,May,25.699703,92.776749,4,Ri-Bhoi Block,34.893,610.14,22.93,226.72,0.003014,0.000088,4.9353,44.6659,34.15,70.12,104.55,183.7,231.53,34.15,79.15,6,8,10,42
BG_S28_0342,candidate_background_observation,UNOBSERVED,2025-05-09,2025,5,May,25.65586,92.209098,4,Ri-Bhoi Block,16.125,1439.05,32.16,272.21,0.001870,0.001688,4.0798,46.8154,8.03,22.7,29.43,120.48,196.22,8.36,91.05,4,6,9,42
BG_S28_0343,candidate_background_observation,UNOBSERVED,2013-05-01,2013,5,May,25.985847,91.249353,4,Ri-Bhoi Block,34.914,856.58,14.84,79.91,0.002789,0.001001,6.1246,22.7334,130.36,138.47,195.22,261.02,302.04,130.36,138.47,5,11,14,42
BG_S28_0344,candidate_background_observation,UNOBSERVED,2022-05-04,2022,5,May,26.074166,92.718825,4,Ri-Bhoi Block,16.456,464.02,33.68,179.34,-0.004326,-0.000040,4.3098,54.3542,0.0,0.0,5.16,15.47,97.04,5.16,45.26,1,2,10,42
BG_S28_0345,candidate_background_observation,UNOBSERVED,2012-05-10,2012,5,May,25.728239,91.756941,4,Ri-Bhoi Block,8.152,1500.03,16.70,341.70,0.003097,0.001088,5.5351,37.9867,0.0,0.0,0.0,56.47,154.21,0.0,66.78,0,1,9,42
BG_S28_0346,candidate_background_observation,UNOBSERVED,2025-05-11,2025,5,May,25.699703,92.776749,4,Ri-Bhoi Block,34.893,610.14,22.93,226.72,0.003014,0.000088,4.9353,44.6659,0.0,13.61,33.21,74.14,171.08,7.64,81.86,5,6,11,42
BG_S28_0347,candidate_background_observation,UNOBSERVED,2022-05-20,2022,5,May,26.042445,91.012338,4,Ri-Bhoi Block,40.082,468.88,25.18,28.58,-0.002389,0.001565,5.1144,39.2420,0.0,71.54,308.15,364.64,386.71,84.73,212.76,6,8,10,42
BG_S28_0348,candidate_background_observation,UNOBSERVED,2020-05-07,2020,5,May,25.815589,91.19667,4,Ri-Bhoi Block,15.55,805.78,22.56,40.01,-0.003119,-0.000476,5.4027,32.4828,0.0,0.0,0.0,55.62,241.47,0.0,82.21,0,4,16,42
BG_S28_0349,candidate_background_observation,UNOBSERVED,2026-05-27,2026,5,May,26.021617,91.389024,4,Ri-Bhoi Block,36.319,836.42,29.15,151.77,0.000807,-0.002070,4.8723,36.9721,3.34,35.0,121.25,233.46,325.82,36.97,112.21,6,9,16,42
BG_S28_0350,candidate_background_observation,UNOBSERVED,2007-05-16,2007,5,May,25.859009,92.205174,4,Ri-Bhoi Block,33.484,1143.32,32.49,90.39,-0.002226,0.001655,4.7329,26.0927,0.0,40.69,53.08,53.08,62.87,28.31,53.08,3,3,4,42
BG_S28_0351,candidate_background_observation,UNOBSERVED,2024-05-11,2024,5,May,25.753188,91.517754,4,Ri-Bhoi Block,5.654,1273.43,14.67,187.97,0.000635,0.002238,5.7949,34.5164,0.0,0.0,84.24,84.24,125.02,56.47,84.24,2,2,6,42
BG_S28_0352,candidate_background_observation,UNOBSERVED,2019-06-16,2019,6,June,26.084418,91.571145,4,Ri-Bhoi Block,30.719,970.43,31.59,235.66,0.002862,-0.000553,4.4361,53.7561,6.73,36.68,72.87,72.87,181.72,23.89,52.81,6,6,11,42
BG_S28_0353,candidate_background_observation,UNOBSERVED,2024-06-06,2024,6,June,25.819278,92.625251,4,Ri-Bhoi Block,31.44,780.51,27.67,147.68,0.004777,-0.000095,5.0063,34.7843,0.0,0.0,0.0,274.62,337.04,0.0,235.39,0,4,9,42
BG_S28_0354,candidate_background_observation,UNOBSERVED,2009-06-21,2009,6,June,26.048691,92.346657,4,Ri-Bhoi Block,47.535,853.05,28.83,14.88,0.003623,0.000726,4.7985,43.8633,6.45,22.84,65.91,100.79,282.76,34.88,93.31,4,5,8,42
BG_S28_0355,candidate_background_observation,UNOBSERVED,2011-06-22,2011,6,June,25.675047,91.054288,4,Ri-Bhoi Block,6.54,638.13,31.68,318.88,-0.001129,-0.001582,4.1624,50.9434,19.36,74.05,121.91,235.5,431.47,38.73,91.08,6,9,16,42
BG_S28_0356,candidate_background_observation,UNOBSERVED,2009-06-01,2009,6,June,26.047732,92.686242,4,Ri-Bhoi Block,18.389,479.84,33.95,164.75,-0.000887,-0.001852,4.3926,48.1838,0.0,0.0,120.18,120.18,265.03,96.14,96.14,2,2,9,42
BG_S28_0357,candidate_background_observation,UNOBSERVED,2025-06-04,2025,6,June,25.766977,92.440517,4,Ri-Bhoi Block,38.609,1008.70,23.20,4.74,-0.000268,-0.002765,5.1677,42.3576,0.0,0.0,310.33,371.66,511.93,102.69,276.1,4,6,16,42
BG_S28_0358,candidate_background_observation,UNOBSERVED,2013-06-08,2013,6,June,25.829155,92.662686,4,Ri-Bhoi Block,27.931,766.41,32.44,147.54,0.001734,0.000369,4.6566,34.6123,15.38,38.46,58.22,166.89,402.97,19.77,193.42,4,9,13,42
BG_S28_0359,candidate_background_observation,UNOBSERVED,2019-06-21,2019,6,June,25.787219,91.816448,4,Ri-Bhoi Block,5.848,1503.29,19.60,20.75,0.001399,0.002114,5.5354,35.6434,12.95,26.89,66.53,120.69,120.69,20.9,49.23,5,9,9,42
BG_S28_0360,candidate_background_observation,UNOBSERVED,2025-06-05,2025,6,June,25.726325,91.94705,4,Ri-Bhoi Block,5.451,1610.13,23.16,212.88,0.002159,-0.001598,5.0110,45.7554,0.0,0.0,216.57,351.08,569.49,80.44,197.62,4,9,21,42
BG_S28_0361,candidate_background_observation,UNOBSERVED,2018-06-13,2018,6,June,25.863865,91.87414,4,Ri-Bhoi Block,6.092,1339.86,35.56,78.54,0.002541,0.000864,4.4977,25.5518,33.99,67.99,117.2,117.2,256.05,36.91,83.21,4,4,10,42
BG_S28_0362,candidate_background_observation,UNOBSERVED,2009-06-07,2009,6,June,26.028712,92.695579,4,Ri-Bhoi Block,17.021,462.54,30.56,155.47,-0.000890,-0.002461,4.7346,39.9493,20.67,68.08,68.08,188.26,287.06,26.75,96.14,3,5,9,42
BG_S28_0363,candidate_background_observation,UNOBSERVED,2022-06-24,2022,6,June,25.907487,92.438161,4,Ri-Bhoi Block,43.858,923.19,31.14,53.74,0.000763,0.002479,4.9065,18.2707,0.0,0.0,28.3,262.31,393.2,16.98,114.38,3,11,16,42
BG_S28_0364,candidate_background_observation,UNOBSERVED,2013-06-07,2013,6,June,25.975449,91.679484,4,Ri-Bhoi Block,18.592,1156.43,20.91,44.59,0.000774,-0.001775,5.6633,22.9150,6.19,26.91,65.05,146.13,400.04,25.43,253.9,5,8,11,42
BG_S28_0365,candidate_background_observation,UNOBSERVED,2010-06-24,2010,6,June,25.795937,92.148772,4,Ri-Bhoi Block,26.806,1317.14,26.96,147.64,0.002283,-0.001549,4.9799,40.2427,16.25,24.38,83.55,167.55,545.04,34.03,139.4,6,10,20,42
BG_S28_0366,candidate_background_observation,UNOBSERVED,2024-06-09,2024,6,June,25.937038,92.264276,4,Ri-Bhoi Block,40.073,1098.65,17.34,60.64,0.003705,-0.000579,6.0057,18.4720,19.84,19.84,19.84,314.51,387.78,19.84,214.3,1,6,11,42
BG_S28_0367,candidate_background_observation,UNOBSERVED,2018-06-08,2018,6,June,26.017621,92.688013,4,Ri-Bhoi Block,17.617,467.23,28.89,151.28,-0.000178,-0.002862,4.9067,35.6964,10.76,10.76,10.76,98.38,149.07,10.76,56.73,1,3,6,42
BG_S28_0368,candidate_background_observation,UNOBSERVED,2020-06-12,2020,6,June,25.955813,92.842955,4,Ri-Bhoi Block,5.702,444.28,16.24,84.54,-0.004176,0.000250,6.0727,19.7173,7.24,15.83,76.26,109.71,324.25,60.43,120.19,3,8,19,42
BG_S28_0369,candidate_background_observation,UNOBSERVED,2013-06-07,2013,6,June,25.90264,91.508736,4,Ri-Bhoi Block,18.677,1128.06,22.83,122.69,0.001555,-0.001649,5.5688,18.4191,8.3,48.01,99.82,189.65,526.4,25.91,289.71,6,10,14,42
BG_S28_0370,candidate_background_observation,UNOBSERVED,2009-06-08,2009,6,June,25.653766,92.339976,4,Ri-Bhoi Block,22.88,1125.84,29.82,317.95,-0.001865,-0.001454,4.2630,44.1925,47.97,47.97,92.26,187.47,286.36,47.97,76.17,3,5,8,42
BG_S28_0371,candidate_background_observation,UNOBSERVED,2024-06-22,2024,6,June,25.960882,92.082372,4,Ri-Bhoi Block,21.726,1158.68,18.58,136.04,-0.003584,0.000558,5.8776,20.5069,0.0,0.0,249.95,351.12,608.43,89.27,205.85,4,11,15,42
BG_S28_0372,candidate_background_observation,UNOBSERVED,2009-06-22,2009,6,June,26.022337,91.753442,4,Ri-Bhoi Block,11.543,1096.60,19.98,27.19,-0.001096,0.001326,5.6034,31.1415,5.19,18.39,58.43,146.87,368.67,16.02,127.14,7,9,14,42
BG_S28_0373,candidate_background_observation,UNOBSERVED,2011-06-14,2011,6,June,25.91204,91.699414,4,Ri-Bhoi Block,12.652,1291.49,25.59,46.75,0.001891,0.001860,5.3521,18.0731,0.0,0.0,70.27,135.18,286.01,70.27,70.27,1,3,10,42
BG_S28_0374,candidate_background_observation,UNOBSERVED,2009-06-22,2009,6,June,25.795297,92.535967,4,Ri-Bhoi Block,40.133,818.53,17.04,115.47,-0.001414,0.001823,5.7711,32.1552,0.0,0.0,35.2,164.27,323.42,21.12,104.19,3,7,11,42
BG_S28_0375,candidate_background_observation,UNOBSERVED,2019-06-20,2019,6,June,26.084271,92.661768,4,Ri-Bhoi Block,22.07,538.95,35.45,185.23,0.001809,0.000625,4.1278,58.1019,0.0,12.81,73.17,90.27,90.27,28.6,47.55,5,8,8,42
BG_S28_0376,candidate_background_observation,UNOBSERVED,2026-06-08,2026,6,June,25.959498,91.645069,4,Ri-Bhoi Block,17.355,1202.58,23.99,55.64,-0.002991,-0.000581,5.4471,21.0383,0.0,0.0,28.87,82.79,250.05,24.5,98.17,2,10,16,42
BG_S28_0377,candidate_background_observation,UNOBSERVED,2010-06-13,2010,6,June,25.695228,92.808466,4,Ri-Bhoi Block,34.732,606.06,22.36,247.52,-0.000723,-0.000222,4.9665,43.6386,16.87,33.73,164.52,342.98,549.25,58.13,130.79,6,11,16,42
BG_S28_0378,candidate_background_observation,UNOBSERVED,2013-06-23,2013,6,June,26.084984,91.430592,4,Ri-Bhoi Block,38.75,887.98,31.09,185.60,-0.001229,0.000701,4.4738,53.2677,27.36,82.07,102.53,126.82,293.13,27.36,82.07,6,8,17,42
BG_S28_0379,candidate_background_observation,UNOBSERVED,2013-06-04,2013,6,June,26.047707,92.681748,4,Ri-Bhoi Block,18.822,484.62,34.04,164.79,-0.000459,-0.001891,4.3855,48.2566,10.52,21.05,80.1,124.87,350.77,59.05,225.89,3,5,8,42
BG_S28_0380,candidate_background_observation,UNOBSERVED,2014-06-02,2014,6,June,25.715377,92.126994,4,Ri-Bhoi Block,19.265,1433.57,27.84,211.90,-0.004210,-0.000471,4.5964,51.3202,0.0,0.0,76.22,116.64,354.69,38.11,92.6,2,6,17,42
BG_S28_0381,candidate_background_observation,UNOBSERVED,2009-06-24,2009,6,June,25.780251,91.302192,4,Ri-Bhoi Block,20.719,956.55,19.93,153.32,0.000431,0.002615,5.4819,37.0553,21.47,21.47,79.56,249.43,436.72,23.24,151.54,4,8,13,42
BG_S28_0382,candidate_background_observation,UNOBSERVED,2007-06-11,2007,6,June,25.699173,91.29809,4,Ri-Bhoi Block,15.471,1070.60,26.16,239.53,-0.000425,0.000071,4.6752,48.3754,78.23,261.08,283.94,419.67,707.76,114.28,261.08,4,10,19,42
BG_S28_0383,candidate_background_observation,UNOBSERVED,2007-06-05,2007,6,June,26.058135,92.036481,4,Ri-Bhoi Block,16.87,1078.00,25.51,170.28,-0.001365,0.001185,5.0272,42.8004,0.0,11.73,99.89,299.93,423.64,39.73,93.17,5,10,12,42
BG_S28_0384,candidate_background_observation,UNOBSERVED,2014-06-21,2014,6,June,25.695914,91.047889,4,Ri-Bhoi Block,7.062,634.98,28.10,324.01,-0.000565,-0.000172,4.5095,50.2956,77.74,164.58,253.03,447.57,636.38,77.74,164.58,6,13,19,42
BG_S28_0385,candidate_background_observation,UNOBSERVED,2026-06-29,2026,6,June,25.986265,91.140077,4,Ri-Bhoi Block,32.479,582.68,23.09,39.48,-0.002011,-0.001786,5.4635,25.4469,44.57,74.29,74.29,225.18,294.06,44.57,100.66,3,7,11,42
BG_S28_0386,candidate_background_observation,UNOBSERVED,2013-06-05,2013,6,June,25.911725,91.928281,4,Ri-Bhoi Block,9.254,1331.02,29.33,109.77,0.000385,0.002412,5.0528,18.0926,13.52,25.35,25.35,126.15,392.97,13.52,199.0,2,7,10,42
BG_S28_0387,candidate_background_observation,UNOBSERVED,2013-06-06,2013,6,June,25.725891,92.356386,4,Ri-Bhoi Block,30.966,1084.53,22.84,340.96,-0.003801,0.000307,5.0350,45.3785,20.68,38.37,73.76,158.15,423.3,20.68,183.25,4,10,14,42
BG_S28_0388,candidate_background_observation,UNOBSERVED,2020-07-31,2020,7,July,25.890027,92.213626,4,Ri-Bhoi Block,35.038,1138.34,30.10,85.32,0.000343,0.001659,4.9763,19.7963,13.84,69.22,96.91,229.3,445.43,41.53,83.06,4,10,20,42
BG_S28_0389,candidate_background_observation,UNOBSERVED,2022-07-05,2022,7,July,25.894448,91.921817,4,Ri-Bhoi Block,10.38,1332.32,32.65,107.03,-0.000028,0.002943,4.7768,19.3906,14.57,21.86,39.02,62.21,374.31,17.16,136.85,3,7,21,42
BG_S28_0390,candidate_background_observation,UNOBSERVED,2017-07-12,2017,7,July,25.833225,92.274046,4,Ri-Bhoi Block,36.316,1153.48,23.51,46.31,-0.002939,-0.000553,5.3835,29.1356,0.0,22.71,102.21,311.27,529.14,34.07,128.86,5,12,21,42
BG_S28_0391,candidate_background_observation,UNOBSERVED,2011-07-27,2011,7,July,25.936426,91.016542,4,Ri-Bhoi Block,28.733,532.32,19.13,57.59,0.002940,-0.000758,5.8629,18.4878,0.0,0.0,97.89,374.34,650.73,39.16,193.09,3,10,16,42
BG_S28_0392,candidate_background_observation,UNOBSERVED,2011-07-26,2011,7,July,25.825803,91.133261,4,Ri-Bhoi Block,14.64,805.62,31.16,32.04,0.003893,0.000090,4.7485,34.9522,16.71,16.71,108.1,395.04,623.56,45.7,150.34,3,11,17,42
BG_S28_0393,candidate_background_observation,UNOBSERVED,2025-07-27,2025,7,July,25.879108,91.628541,4,Ri-Bhoi Block,8.92,1238.96,35.52,62.12,0.000834,0.001393,4.5283,22.0226,40.2,91.15,134.13,200.76,357.2,40.2,91.15,6,11,19,42
BG_S28_0394,candidate_background_observation,UNOBSERVED,2017-07-01,2017,7,July,26.063722,91.553608,4,Ri-Bhoi Block,30.772,1015.12,29.37,154.07,0.000905,0.000835,4.6963,47.7433,27.06,46.42,69.66,169.83,394.5,27.06,141.78,6,11,19,42
BG_S28_0395,candidate_background_observation,UNOBSERVED,2020-07-30,2020,7,July,26.042445,91.012338,4,Ri-Bhoi Block,40.082,468.88,25.18,28.58,-0.002389,0.001565,5.1144,39.2420,46.4,61.87,150.01,322.55,608.31,57.21,126.52,4,11,19,42
BG_S28_0396,candidate_background_observation,UNOBSERVED,2024-07-25,2024,7,July,25.866787,91.698673,4,Ri-Bhoi Block,7.994,1393.83,30.59,42.93,-0.001494,0.002057,4.9012,23.8546,33.79,33.79,85.76,197.3,548.91,33.79,175.42,3,7,16,42
BG_S28_0397,candidate_background_observation,UNOBSERVED,2014-07-22,2014,7,July,25.686743,91.034978,4,Ri-Bhoi Block,8.355,639.21,27.98,318.21,0.000997,-0.000831,4.4909,49.0050,19.4,82.78,144.23,365.25,704.14,38.8,111.65,7,15,25,42
BG_S28_0398,candidate_background_observation,UNOBSERVED,2007-07-07,2007,7,July,25.73125,91.164508,4,Ri-Bhoi Block,6.146,797.89,22.09,340.61,-0.000382,-0.002191,5.1153,44.3565,28.74,28.74,94.68,199.39,586.9,28.74,209.16,4,10,20,42
BG_S28_0399,candidate_background_observation,UNOBSERVED,2020-07-22,2020,7,July,25.988482,92.726932,4,Ri-Bhoi Block,13.764,469.43,21.67,139.02,0.002669,-0.000785,5.5715,25.4014,16.23,33.52,87.83,215.42,413.88,17.29,96.97,6,10,19,42
BG_S28_0400,candidate_background_observation,UNOBSERVED,2023-07-01,2023,7,July,25.891629,92.121077,4,Ri-Bhoi Block,26.257,1269.88,32.86,127.82,-0.000594,0.000706,4.7572,19.7471,14.39,14.39,75.56,138.23,408.86,42.38,169.44,3,5,13,42
BG_S28_0401,candidate_background_observation,UNOBSERVED,2018-07-25,2018,7,July,25.681046,92.202987,4,Ri-Bhoi Block,18.066,1446.85,31.28,267.80,0.002985,0.000942,4.2106,51.6872,0.0,17.26,103.53,228.21,308.52,34.51,74.77,5,12,16,42
BG_S28_0402,candidate_background_observation,UNOBSERVED,2010-07-04,2010,7,July,25.652855,92.231018,4,Ri-Bhoi Block,17.344,1399.57,29.53,285.81,0.002089,0.000416,4.2844,43.7082,0.0,42.84,126.87,252.77,540.7,50.41,148.66,4,11,21,42
BG_S28_0403,candidate_background_observation,UNOBSERVED,2013-07-11,2013,7,July,25.931269,92.603073,4,Ri-Bhoi Block,27.26,703.55,21.69,126.70,-0.004316,-0.000362,5.6614,18.2861,37.95,37.95,80.11,199.22,453.61,42.16,109.79,2,5,14,42
BG_S28_0404,candidate_background_observation,UNOBSERVED,2008-07-31,2008,7,July,25.763889,91.731034,4,Ri-Bhoi Block,6.5,1489.88,15.24,1.62,-0.000352,-0.000259,5.7921,34.2909,28.98,43.46,100.22,279.83,561.27,28.98,107.7,5,11,21,42
BG_S28_0405,candidate_background_observation,UNOBSERVED,2018-07-11,2018,7,July,25.874971,91.250897,4,Ri-Bhoi Block,24.028,796.05,26.05,82.26,-0.001287,-0.001316,5.2793,21.5823,13.18,52.32,98.34,212.1,564.81,29.35,169.21,6,10,20,42
BG_S28_0406,candidate_background_observation,UNOBSERVED,2008-07-31,2008,7,July,25.789388,92.235619,4,Ri-Bhoi Block,30.247,1212.12,19.08,43.52,-0.003250,-0.000088,5.5854,34.8279,21.15,42.31,86.31,272.92,480.52,21.15,131.07,5,11,19,42
BG_S28_0407,candidate_background_observation,UNOBSERVED,2008-07-21,2008,7,July,26.005591,92.180591,4,Ri-Bhoi Block,30.958,1159.14,26.00,111.21,0.000132,-0.002921,5.1765,30.9366,20.35,100.93,141.22,291.42,489.15,53.72,107.44,5,11,20,42
BG_S28_0408,candidate_background_observation,UNOBSERVED,2019-07-17,2019,7,July,26.099349,91.88362,4,Ri-Bhoi Block,8.303,1041.95,34.40,288.42,0.003430,0.000942,4.1524,58.6774,0.0,45.11,45.11,188.74,338.92,45.11,76.09,1,7,14,42
BG_S28_0409,candidate_background_observation,UNOBSERVED,2017-07-21,2017,7,July,25.992659,92.25935,4,Ri-Bhoi Block,38.923,1074.36,16.15,55.20,0.002012,0.001392,6.0020,24.1094,15.38,39.85,76.55,147.4,462.01,24.47,133.54,4,7,19,42
BG_S28_0410,candidate_background_observation,UNOBSERVED,2012-07-17,2012,7,July,25.656349,91.710715,4,Ri-Bhoi Block,5.479,1504.67,29.18,318.30,0.002071,0.001456,4.3192,44.2641,31.14,102.72,173.49,211.5,546.83,40.44,125.71,6,9,22,42
BG_S28_0411,candidate_background_observation,UNOBSERVED,2025-07-22,2025,7,July,25.749807,92.72877,4,Ri-Bhoi Block,31.28,619.57,20.95,187.36,0.001336,-0.000786,5.2791,41.8981,0.0,24.29,48.58,114.0,469.2,24.29,138.33,2,5,14,42
BG_S28_0412,candidate_background_observation,UNOBSERVED,2022-08-26,2022,8,August,25.719701,92.371912,4,Ri-Bhoi Block,30.878,1059.96,25.59,338.02,-0.004186,-0.000346,4.7920,48.6994,18.45,18.45,78.37,115.06,290.36,20.87,98.83,4,6,13,42
BG_S28_0413,candidate_background_observation,UNOBSERVED,2023-08-05,2023,8,August,25.787219,91.816448,4,Ri-Bhoi Block,5.848,1503.29,19.60,20.75,0.001399,0.002114,5.5354,35.6434,0.0,44.39,69.76,234.35,327.61,31.71,85.25,3,10,14,42
BG_S28_0414,candidate_background_observation,UNOBSERVED,2013-08-29,2013,8,August,25.675047,91.054288,4,Ri-Bhoi Block,6.54,638.13,31.68,318.88,-0.001129,-0.001582,4.1624,50.9434,0.0,53.47,173.7,342.01,578.37,53.47,157.01,4,9,18,42
BG_S28_0415,candidate_background_observation,UNOBSERVED,2012-08-12,2012,8,August,25.97757,91.511219,4,Ri-Bhoi Block,24.361,1078.76,14.35,126.57,0.002921,0.001247,6.1834,21.6079,12.37,48.65,120.39,212.58,539.01,35.87,104.02,6,11,22,42
BG_S28_0416,candidate_background_observation,UNOBSERVED,2019-08-10,2019,8,August,25.786728,91.427863,4,Ri-Bhoi Block,15.372,1176.77,21.36,165.72,-0.000559,-0.002361,5.3927,37.3147,17.51,29.18,71.56,196.39,435.23,17.51,92.02,6,11,18,42
BG_S28_0417,candidate_background_observation,UNOBSERVED,2019-08-19,2019,8,August,26.023575,91.760027,4,Ri-Bhoi Block,10.925,1102.36,20.13,27.04,-0.001109,0.001717,5.5871,31.4780,0.0,0.0,31.25,93.13,251.71,15.62,47.69,3,7,17,42
BG_S28_0418,candidate_background_observation,UNOBSERVED,2019-08-01,2019,8,August,25.766977,92.440517,4,Ri-Bhoi Block,38.609,1008.70,23.20,4.74,-0.000268,-0.002765,5.1677,42.3576,0.0,28.51,71.28,146.82,469.52,14.26,121.67,5,10,19,42
BG_S28_0419,candidate_background_observation,UNOBSERVED,2020-08-10,2020,8,August,25.681296,91.98433,4,Ri-Bhoi Block,7.135,1591.40,26.35,221.81,0.004555,0.000046,4.6057,46.4162,9.12,18.25,36.49,154.87,404.96,9.12,105.71,4,8,17,42
BG_S28_0420,candidate_background_observation,UNOBSERVED,2017-08-13,2017,8,August,25.928665,91.065285,4,Ri-Bhoi Block,26.539,580.08,25.91,47.30,-0.002259,-0.001277,5.3250,18.2199,0.0,115.48,172.77,295.26,599.01,115.48,172.77,3,10,19,42
BG_S28_0421,candidate_background_observation,UNOBSERVED,2018-08-12,2018,8,August,25.971247,91.548615,4,Ri-Bhoi Block,21.671,1161.89,17.16,108.24,-0.000279,0.001545,5.9721,21.4987,13.31,26.63,55.83,147.68,287.14,17.52,60.69,4,10,21,42
BG_S28_0422,candidate_background_observation,UNOBSERVED,2011-08-24,2011,8,August,25.68059,92.047056,4,Ri-Bhoi Block,13.277,1468.25,25.33,215.78,0.000182,-0.001279,4.6854,45.2118,31.49,78.72,189.28,362.82,644.07,47.4,147.61,6,12,22,42
BG_S28_0423,candidate_background_observation,UNOBSERVED,2025-08-04,2025,8,August,25.966726,92.583079,4,Ri-Bhoi Block,28.339,727.01,15.88,123.74,-0.003242,0.000875,6.0833,20.7369,0.0,12.02,44.84,236.68,343.31,20.8,124.8,3,9,15,42
BG_S28_0424,candidate_background_observation,UNOBSERVED,2017-09-29,2017,9,September,25.828831,92.222196,4,Ri-Bhoi Block,33.798,1153.44,27.27,75.36,-0.004619,0.000135,5.0692,32.0486,0.0,0.0,42.39,96.51,254.72,17.89,78.59,3,6,14,42
BG_S28_0425,candidate_background_observation,UNOBSERVED,2024-09-14,2024,9,September,25.862204,92.190972,4,Ri-Bhoi Block,32.146,1159.94,34.07,99.85,-0.001163,0.002244,4.6134,25.6546,1.78,5.04,34.01,98.17,199.53,8.95,38.91,4,11,23,42
BG_S28_0426,candidate_background_observation,UNOBSERVED,2010-09-10,2010,9,September,25.744421,91.231311,4,Ri-Bhoi Block,12.587,924.21,14.78,332.20,0.002020,-0.000037,5.7514,35.1610,34.48,45.97,70.42,280.1,670.53,34.48,126.79,4,11,23,42
BG_S28_0427,candidate_background_observation,UNOBSERVED,2019-09-18,2019,9,September,25.939633,91.260388,4,Ri-Bhoi Block,30.71,860.65,17.16,88.31,0.003665,-0.000482,6.0180,18.6029,0.0,9.29,66.5,126.79,280.17,28.6,76.33,4,9,19,42
BG_S28_0428,candidate_background_observation,UNOBSERVED,2020-09-27,2020,9,September,26.099028,91.610843,4,Ri-Bhoi Block,27.299,963.38,34.03,324.28,0.004135,0.000084,4.1833,58.2145,13.24,36.5,90.77,112.37,181.09,31.01,47.79,5,8,12,42
BG_S28_0429,candidate_background_observation,UNOBSERVED,2011-09-01,2011,9,September,25.978568,91.235825,4,Ri-Bhoi Block,33.669,834.61,14.18,71.77,0.003723,0.000197,6.1948,21.6764,9.69,22.09,46.88,198.77,714.27,12.39,175.67,4,9,20,42
BG_S28_0430,candidate_background_observation,UNOBSERVED,2020-09-13,2020,9,September,25.781522,92.393411,4,Ri-Bhoi Block,38.058,1089.21,24.43,12.03,0.001766,-0.001811,5.1269,41.1160,31.16,62.32,94.1,159.54,291.9,31.16,62.32,5,11,18,42
BG_S28_0431,candidate_background_observation,UNOBSERVED,2010-09-11,2010,9,September,25.85355,92.468855,4,Ri-Bhoi Block,42.858,879.82,32.00,58.54,-0.003252,0.000955,4.7594,27.3720,13.24,31.86,78.41,214.4,411.77,27.93,64.25,6,12,19,42
BG_S28_0432,candidate_background_observation,UNOBSERVED,2023-09-16,2023,9,September,25.786728,91.427863,4,Ri-Bhoi Block,15.372,1176.77,21.36,165.72,-0.000559,-0.002361,5.3927,37.3147,0.0,5.9,40.77,95.52,253.75,29.51,101.95,3,9,15,42
BG_S28_0433,candidate_background_observation,UNOBSERVED,2018-09-13,2018,9,September,25.798401,92.426716,4,Ri-Bhoi Block,41.099,1025.97,27.20,24.44,-0.000107,-0.001784,4.9699,39.8395,27.33,27.33,65.2,124.13,263.74,27.33,58.93,3,4,15,42
BG_S28_0434,candidate_background_observation,UNOBSERVED,2008-09-02,2008,9,September,25.981166,92.472693,4,Ri-Bhoi Block,39.151,871.36,20.25,60.62,0.003248,-0.000820,5.7031,23.6717,0.0,0.0,72.99,149.02,315.03,48.66,72.99,2,9,20,42
BG_S28_0435,candidate_background_observation,UNOBSERVED,2017-09-12,2017,9,September,25.665137,91.241009,4,Ri-Bhoi Block,8.612,1013.13,25.81,285.09,0.003296,-0.000501,4.6077,43.0339,0.0,12.49,68.7,206.68,453.7,31.23,88.35,3,9,21,42
BG_S28_0436,candidate_background_observation,UNOBSERVED,2010-09-25,2010,9,September,25.799607,92.181287,4,Ri-Bhoi Block,29.489,1249.97,26.50,122.78,-0.000711,-0.001686,5.0304,38.9879,16.25,32.5,131.73,316.14,540.08,40.04,133.46,5,13,23,42
BG_S28_0437,candidate_background_observation,UNOBSERVED,2024-09-29,2024,9,September,25.920815,91.025581,4,Ri-Bhoi Block,26.79,546.21,22.74,55.29,0.001618,-0.001783,5.5807,18.0125,21.03,28.04,68.08,94.88,164.84,21.03,40.03,5,9,20,42
BG_S28_0438,candidate_background_observation,UNOBSERVED,2013-09-03,2013,9,September,25.981126,91.78518,4,Ri-Bhoi Block,8.077,1189.20,15.14,42.75,0.001054,0.002032,6.1120,22.2355,0.0,23.12,23.12,201.06,322.37,15.41,122.83,2,9,19,42
BG_S28_0439,candidate_background_observation,UNOBSERVED,2012-09-16,2012,9,September,25.861977,91.636411,4,Ri-Bhoi Block,6.86,1266.65,35.90,56.69,0.002238,0.001554,4.4666,26.1268,0.0,24.29,60.72,153.57,491.0,36.43,132.16,2,8,21,42
BG_S28_0440,candidate_background_observation,UNOBSERVED,2022-09-12,2022,9,September,25.874971,91.250897,4,Ri-Bhoi Block,24.028,796.05,26.05,82.26,-0.001287,-0.001316,5.2793,21.5823,0.0,51.57,77.16,125.59,240.95,51.57,52.14,3,8,15,42
BG_S28_0441,candidate_background_observation,UNOBSERVED,2008-09-02,2008,9,September,25.784799,92.339914,4,Ri-Bhoi Block,35.53,1161.91,19.29,13.58,0.002350,0.001348,5.5509,35.7479,0.0,0.0,110.81,166.93,323.11,83.11,83.11,2,5,17,42
BG_S28_0442,candidate_background_observation,UNOBSERVED,2011-09-24,2011,9,September,25.747263,92.518412,4,Ri-Bhoi Block,41.233,937.68,15.57,276.19,0.001239,0.001921,5.6994,35.9188,8.12,64.98,105.08,212.35,310.5,32.49,73.92,5,10,15,42
BG_S28_0443,candidate_background_observation,UNOBSERVED,2023-09-13,2023,9,September,25.960882,92.082372,4,Ri-Bhoi Block,21.726,1158.68,18.58,136.04,-0.003584,0.000558,5.8776,20.5069,0.0,18.88,61.13,61.13,235.49,21.12,91.64,6,6,15,42
BG_S28_0444,candidate_background_observation,UNOBSERVED,2017-09-23,2017,9,September,25.674689,91.501183,4,Ri-Bhoi Block,10.009,1295.52,25.12,227.75,0.003745,-0.000725,4.6863,44.0628,25.01,25.01,106.56,183.18,375.27,65.24,89.11,3,7,16,42
BG_S28_0445,candidate_background_observation,UNOBSERVED,2022-10-26,2022,10,October,25.997906,92.22652,4,Ri-Bhoi Block,35.602,1134.92,20.00,73.55,0.001709,-0.000738,5.6794,26.5165,0.0,77.46,77.46,77.46,214.52,58.1,77.46,2,2,9,42
BG_S28_0446,candidate_background_observation,UNOBSERVED,2014-10-03,2014,10,October,25.828015,91.232445,4,Ri-Bhoi Block,18.704,795.90,22.57,63.95,-0.004973,-0.000005,5.4427,29.8026,0.0,0.0,0.0,329.98,512.99,0.0,233.57,0,5,14,42
BG_S28_0447,candidate_background_observation,UNOBSERVED,2020-10-18,2020,10,October,25.807334,91.08,4,Ri-Bhoi Block,13.087,732.29,27.96,24.80,0.003631,0.000735,4.9418,38.1431,0.0,0.0,0.0,53.13,236.64,0.0,92.75,0,4,13,42
BG_S28_0448,candidate_background_observation,UNOBSERVED,2011-04-25,2011,4,April,25.434585,92.746825,5,Jaintia Hills Block,32.371,622.15,30.07,170.89,0.004692,-0.000159,4.6435,33.9340,0.0,0.0,10.16,108.51,115.29,10.16,71.15,1,7,8,42
BG_S28_0449,candidate_background_observation,UNOBSERVED,2019-04-03,2019,4,April,25.310066,92.426242,5,Jaintia Hills Block,6.588,1004.77,26.40,50.57,-0.000070,-0.000827,5.2798,48.9518,0.0,58.79,112.63,112.63,112.63,53.84,112.63,3,3,3,42
BG_S28_0450,candidate_background_observation,UNOBSERVED,2019-04-10,2019,4,April,25.26502,92.225625,5,Jaintia Hills Block,11.509,1185.55,28.25,78.48,-0.000789,-0.000842,5.1278,43.7468,0.0,15.31,131.2,248.88,248.88,46.65,117.68,4,7,7,42
BG_S28_0451,candidate_background_observation,UNOBSERVED,2022-04-28,2022,4,April,25.186292,92.220838,5,Jaintia Hills Block,15.36,1080.94,24.97,73.58,0.004466,0.000274,5.2065,23.1710,0.0,36.13,74.11,168.27,289.18,24.09,60.4,6,10,17,42
BG_S28_0452,candidate_background_observation,UNOBSERVED,2011-04-06,2011,4,April,25.182157,92.088765,5,Jaintia Hills Block,11.607,1307.22,24.57,152.74,-0.003979,-0.000531,5.2241,22.3728,0.0,0.0,0.0,0.0,158.54,0.0,123.54,0,0,4,42
BG_S28_0453,candidate_background_observation,UNOBSERVED,2022-04-29,2022,4,April,25.036146,92.514558,5,Jaintia Hills Block,7.413,785.93,27.19,273.72,-0.002641,0.001360,4.4958,33.9018,27.08,40.63,59.15,138.73,301.08,27.08,81.46,5,10,19,42
BG_S28_0454,candidate_background_observation,UNOBSERVED,2007-04-08,2007,4,April,25.587389,92.010976,5,Jaintia Hills Block,9.934,1679.50,17.32,226.69,-0.003770,-0.000639,5.2199,22.7003,21.28,79.05,107.43,107.43,112.83,36.48,86.15,4,4,5,42
BG_S28_0455,candidate_background_observation,UNOBSERVED,2009-04-24,2009,4,April,25.151232,92.270711,5,Jaintia Hills Block,10.732,1060.18,15.16,16.91,0.001490,-0.001997,5.8607,18.3952,0.0,129.02,129.02,129.02,384.72,77.41,129.02,2,2,8,42
BG_S28_0456,candidate_background_observation,UNOBSERVED,2025-04-26,2025,4,April,25.366654,92.075557,5,Jaintia Hills Block,8.965,1401.75,19.08,143.28,0.001313,-0.002128,5.7612,38.8899,134.96,183.79,297.73,297.73,312.3,134.96,183.79,6,6,7,42
BG_S28_0457,candidate_background_observation,UNOBSERVED,2007-04-30,2007,4,April,25.292379,92.715552,5,Jaintia Hills Block,30.024,622.77,27.55,132.83,-0.003085,-0.001130,5.1959,48.2894,0.0,0.0,0.0,27.34,443.82,0.0,182.79,0,1,10,42
BG_S28_0458,candidate_background_observation,UNOBSERVED,2011-04-22,2011,4,April,25.235707,92.689217,5,Jaintia Hills Block,30.226,707.47,35.78,139.19,0.000809,-0.002412,4.4804,41.1120,0.0,0.0,113.58,151.29,162.51,75.72,107.15,3,5,6,42
BG_S28_0459,candidate_background_observation,UNOBSERVED,2014-04-17,2014,4,April,25.068471,92.606347,5,Jaintia Hills Block,16.882,617.11,26.48,218.23,0.004902,0.000021,4.6419,25.6856,13.0,19.5,19.5,92.76,135.25,13.0,68.6,2,4,9,42
BG_S28_0460,candidate_background_observation,UNOBSERVED,2018-04-11,2018,4,April,25.235707,92.689217,5,Jaintia Hills Block,30.226,707.47,35.78,139.19,0.000809,-0.002412,4.4804,41.1120,0.0,0.0,9.99,95.92,95.92,9.99,80.35,1,5,5,42
BG_S28_0461,candidate_background_observation,UNOBSERVED,2013-04-27,2013,4,April,25.316684,92.802903,5,Jaintia Hills Block,37.912,552.61,15.71,107.64,0.000032,0.000341,6.1289,36.6669,24.59,24.59,30.06,79.71,182.15,24.59,93.57,2,3,7,42
BG_S28_0462,candidate_background_observation,UNOBSERVED,2007-04-05,2007,4,April,25.574115,92.282751,5,Jaintia Hills Block,12.673,1283.67,15.32,306.07,-0.002087,-0.000106,5.3921,20.6495,45.67,45.67,45.67,45.67,51.52,45.67,45.67,1,1,2,42
BG_S28_0463,candidate_background_observation,UNOBSERVED,2023-04-01,2023,4,April,25.467682,92.368606,5,Jaintia Hills Block,11.491,1190.40,32.06,348.32,-0.004295,-0.000215,4.3527,25.6457,0.0,0.0,0.0,69.97,181.84,0.0,116.61,0,1,5,42
BG_S28_0464,candidate_background_observation,UNOBSERVED,2018-04-24,2018,4,April,25.36722,92.07825,5,Jaintia Hills Block,9.167,1401.96,19.46,143.22,0.001378,-0.002022,5.7293,39.2458,0.0,0.0,50.73,50.73,169.49,50.73,92.66,1,1,6,42
BG_S28_0465,candidate_background_observation,UNOBSERVED,2017-04-26,2017,4,April,25.604827,92.372455,5,Jaintia Hills Block,19.725,1154.89,27.75,314.87,0.003360,0.000516,4.3800,29.7198,23.53,42.45,51.91,94.59,255.84,23.53,113.7,3,4,11,42
BG_S28_0466,candidate_background_observation,UNOBSERVED,2010-04-29,2010,4,April,25.490788,92.721605,5,Jaintia Hills Block,31.853,709.87,28.91,205.22,0.002048,-0.001174,4.5172,20.5985,29.12,29.12,167.86,394.03,533.36,59.95,139.89,4,11,20,42
BG_S28_0467,candidate_background_observation,UNOBSERVED,2019-04-11,2019,4,April,25.293505,92.714645,5,Jaintia Hills Block,29.899,623.00,27.43,132.94,-0.003109,-0.001128,5.2053,48.3196,0.0,0.0,68.02,162.25,162.25,31.54,78.46,3,7,7,42
BG_S28_0468,candidate_background_observation,UNOBSERVED,2025-04-06,2025,4,April,25.037575,92.287322,5,Jaintia Hills Block,8.74,928.69,25.77,311.80,-0.001076,0.002062,4.6126,32.7181,4.7,4.7,40.91,40.91,181.8,24.75,140.88,3,3,5,42
BG_S28_0469,candidate_background_observation,UNOBSERVED,2012-05-13,2012,5,May,25.098136,92.479519,5,Jaintia Hills Block,7.314,836.46,22.09,319.20,-0.003711,0.000433,5.0971,19.9802,47.46,106.79,106.79,194.04,546.99,47.46,106.79,3,5,17,42
BG_S28_0470,candidate_background_observation,UNOBSERVED,2025-05-04,2025,5,May,25.21666,92.356689,5,Jaintia Hills Block,5.797,1119.53,30.70,36.70,-0.004270,0.000231,4.8416,32.2547,0.0,0.0,67.7,353.2,361.76,67.7,155.56,1,7,9,42
BG_S28_0471,candidate_background_observation,UNOBSERVED,2026-05-07,2026,5,May,25.131677,92.002642,5,Jaintia Hills Block,19.605,1238.60,14.56,180.68,-0.000121,-0.001223,5.8309,18.0013,0.0,1.02,32.21,322.54,541.85,12.57,202.98,4,10,16,42
BG_S28_0472,candidate_background_observation,UNOBSERVED,2022-05-02,2022,5,May,25.521614,92.295827,5,Jaintia Hills Block,7.731,1285.88,16.46,319.08,-0.000152,0.002853,5.4114,18.0185,0.0,0.0,33.54,47.62,169.1,11.18,49.94,3,6,15,42
BG_S28_0473,candidate_background_observation,UNOBSERVED,2009-05-16,2009,5,May,25.224044,92.421275,5,Jaintia Hills Block,5.178,997.58,35.47,43.50,-0.000414,-0.001948,4.4789,36.9468,0.0,0.0,76.1,146.41,401.0,25.65,149.18,3,7,11,42
BG_S28_0474,candidate_background_observation,UNOBSERVED,2012-05-18,2012,5,May,25.043011,92.207954,5,Jaintia Hills Block,15.743,1087.46,31.69,271.62,-0.002914,-0.001246,4.1521,34.4527,0.0,0.0,193.77,208.68,562.76,74.53,163.96,4,5,15,42
BG_S28_0475,candidate_background_observation,UNOBSERVED,2019-05-18,2019,5,May,25.093816,92.713051,5,Jaintia Hills Block,27.968,475.49,25.89,202.08,-0.003242,0.001047,4.7770,20.9165,11.05,55.23,99.77,324.46,469.7,44.54,129.9,3,8,12,42
BG_S28_0476,candidate_background_observation,UNOBSERVED,2010-05-14,2010,5,May,25.531661,92.238715,5,Jaintia Hills Block,7.784,1280.48,17.75,293.36,-0.002604,0.000099,5.2801,18.0527,25.31,75.94,127.47,238.05,612.22,26.22,129.84,5,9,21,42
BG_S28_0477,candidate_background_observation,UNOBSERVED,2008-05-05,2008,5,May,25.397432,92.06251,5,Jaintia Hills Block,6.496,1448.64,22.65,154.39,-0.000556,-0.002666,5.3779,37.8334,0.0,0.0,58.54,111.46,214.35,30.19,51.31,3,8,14,42
BG_S28_0478,candidate_background_observation,UNOBSERVED,2023-05-17,2023,5,May,25.302258,92.799952,5,Jaintia Hills Block,37.933,532.42,17.90,108.63,-0.000299,0.001368,5.9649,38.5053,0.0,0.0,123.07,166.67,347.54,68.37,123.07,3,4,11,42
BG_S28_0479,candidate_background_observation,UNOBSERVED,2013-05-11,2013,5,May,25.636445,92.238966,5,Jaintia Hills Block,16.722,1373.54,27.64,288.99,0.000131,-0.000135,4.4097,37.9646,110.33,195.8,195.8,354.25,443.53,110.33,195.8,2,7,10,42
BG_S28_0480,candidate_background_observation,UNOBSERVED,2023-05-07,2023,5,May,25.265495,92.230431,5,Jaintia Hills Block,11.975,1183.07,27.63,75.87,-0.000869,-0.000494,5.1778,43.2891,0.0,0.0,0.0,43.17,181.56,0.0,121.23,0,3,7,42
BG_S28_0481,candidate_background_observation,UNOBSERVED,2007-05-23,2007,5,May,25.398256,92.59715,5,Jaintia Hills Block,16.856,825.58,23.98,146.18,-0.001582,-0.001160,5.2686,38.8291,133.17,133.17,133.17,215.28,215.28,133.17,133.17,1,2,2,42
BG_S28_0482,candidate_background_observation,UNOBSERVED,2012-05-18,2012,5,May,25.538688,92.454753,5,Jaintia Hills Block,18.31,1023.48,22.36,307.36,-0.002202,-0.001679,4.8935,18.3003,0.0,0.0,98.31,109.69,213.14,40.96,81.93,4,5,11,42
BG_S28_0483,candidate_background_observation,UNOBSERVED,2026-05-02,2026,5,May,25.464679,92.368105,5,Jaintia Hills Block,11.431,1185.72,32.30,349.96,-0.004475,-0.000170,4.3453,26.4593,6.68,25.29,125.05,305.28,336.26,44.34,103.84,5,11,13,42
BG_S28_0484,candidate_background_observation,UNOBSERVED,2014-05-30,2014,5,May,25.098136,92.479519,5,Jaintia Hills Block,7.314,836.46,22.09,319.20,-0.003711,0.000433,5.0971,19.9802,0.0,72.39,135.41,195.29,755.64,72.39,233.76,4,10,22,42
BG_S28_0485,candidate_background_observation,UNOBSERVED,2023-05-21,2023,5,May,25.349812,92.62291,5,Jaintia Hills Block,19.464,735.59,20.50,136.09,0.003687,0.000427,5.6902,41.9302,50.52,50.52,50.52,193.76,237.88,50.52,92.59,1,6,9,42
BG_S28_0486,candidate_background_observation,UNOBSERVED,2018-05-24,2018,5,May,25.519453,92.669946,5,Jaintia Hills Block,28.825,826.81,26.51,213.63,0.000211,-0.002867,4.6138,18.0729,0.0,0.0,0.0,21.88,165.44,0.0,92.29,0,1,6,42
BG_S28_0487,candidate_background_observation,UNOBSERVED,2008-05-05,2008,5,May,25.140559,92.00706,5,Jaintia Hills Block,18.862,1258.73,14.50,175.12,0.000837,-0.001489,5.8712,18.0680,10.43,10.43,51.57,74.41,225.74,20.86,87.46,4,7,14,42
BG_S28_0488,candidate_background_observation,UNOBSERVED,2014-05-06,2014,5,May,25.212492,92.420506,5,Jaintia Hills Block,6.184,992.31,34.35,40.49,-0.000585,-0.001221,4.5382,32.6220,34.99,59.04,143.21,178.66,264.38,60.12,84.17,6,8,11,42
BG_S28_0489,candidate_background_observation,UNOBSERVED,2018-05-29,2018,5,May,25.048455,92.05433,5,Jaintia Hills Block,26.872,1022.73,26.30,216.79,0.000607,0.001518,4.5974,30.3022,0.0,0.0,286.53,286.53,696.03,153.09,286.53,3,3,8,42
BG_S28_0490,candidate_background_observation,UNOBSERVED,2024-05-21,2024,5,May,25.620383,92.278837,5,Jaintia Hills Block,17.664,1285.98,22.88,304.08,-0.000925,-0.002410,4.7750,31.0184,0.0,26.76,85.06,85.06,154.98,30.04,69.92,6,6,8,42
BG_S28_0491,candidate_background_observation,UNOBSERVED,2024-05-12,2024,5,May,25.397432,92.06251,5,Jaintia Hills Block,6.496,1448.64,22.65,154.39,-0.000556,-0.002666,5.3779,37.8334,0.0,0.0,52.88,89.21,131.65,52.88,77.1,1,3,7,42
BG_S28_0492,candidate_background_observation,UNOBSERVED,2025-05-06,2025,5,May,25.020057,92.709458,5,Jaintia Hills Block,27.132,419.47,34.39,223.62,-0.001157,-0.001957,3.8876,43.3813,16.23,16.23,16.23,296.01,313.83,16.23,142.57,1,7,8,42
BG_S28_0493,candidate_background_observation,UNOBSERVED,2014-05-13,2014,5,May,25.470089,92.109751,5,Jaintia Hills Block,5.929,1522.45,32.11,195.67,-0.004179,0.000072,4.3393,25.0743,29.33,58.65,145.7,306.18,364.58,43.52,116.42,5,10,15,42
BG_S28_0494,candidate_background_observation,UNOBSERVED,2011-05-30,2011,5,May,25.487729,92.064336,5,Jaintia Hills Block,6.996,1636.53,24.35,201.90,-0.000998,0.002364,4.8932,20.5798,0.0,20.59,45.24,181.36,295.44,20.59,78.82,3,10,15,42
BG_S28_0495,candidate_background_observation,UNOBSERVED,2010-05-18,2010,5,May,25.604358,92.097605,5,Jaintia Hills Block,6.83,1535.63,26.22,228.57,0.003293,-0.000729,4.5024,28.9612,7.7,23.09,94.2,219.6,473.38,28.44,82.58,6,11,22,42
BG_S28_0496,candidate_background_observation,UNOBSERVED,2017-05-25,2017,5,May,25.630965,92.05495,5,Jaintia Hills Block,10.748,1536.78,25.79,224.00,0.000086,-0.002945,4.5513,35.2896,30.84,61.69,108.35,169.23,264.26,31.24,61.69,4,7,13,42
BG_S28_0497,candidate_background_observation,UNOBSERVED,2017-05-12,2017,5,May,25.641562,92.622057,5,Jaintia Hills Block,35.25,776.84,31.67,227.48,-0.000753,0.000582,4.0943,42.3837,0.0,0.0,23.97,45.51,153.42,15.98,54.85,2,3,7,42
BG_S28_0498,candidate_background_observation,UNOBSERVED,2025-05-10,2025,5,May,25.639739,92.786137,5,Jaintia Hills Block,41.197,607.24,25.94,243.79,0.000217,-0.002732,4.5501,37.5348,7.92,23.6,36.64,101.17,159.14,8.38,64.53,5,7,11,42
BG_S28_0499,candidate_background_observation,UNOBSERVED,2018-05-26,2018,5,May,25.587389,92.010976,5,Jaintia Hills Block,9.934,1679.50,17.32,226.69,-0.003770,-0.000639,5.2199,22.7003,36.99,82.52,93.9,123.09,255.51,45.53,82.52,3,4,10,42
BG_S28_0500,candidate_background_observation,UNOBSERVED,2022-05-27,2022,5,May,25.151232,92.270711,5,Jaintia Hills Block,10.732,1060.18,15.16,16.91,0.001490,-0.001997,5.8607,18.3952,0.0,0.0,0.0,569.78,588.29,0.0,347.62,0,7,8,42
BG_S28_0501,candidate_background_observation,UNOBSERVED,2019-05-31,2019,5,May,25.327304,92.298653,5,Jaintia Hills Block,11.248,1169.71,14.88,49.28,-0.000165,-0.000453,6.1818,35.8524,0.0,0.0,0.0,140.16,445.56,0.0,186.24,0,4,12,42
BG_S28_0502,candidate_background_observation,UNOBSERVED,2012-05-15,2012,5,May,25.39237,92.525628,5,Jaintia Hills Block,9.665,994.46,20.20,96.29,0.000617,-0.002351,5.5915,36.5408,24.6,98.4,159.91,159.91,406.68,49.2,123.0,5,5,14,42
BG_S28_0503,candidate_background_observation,UNOBSERVED,2010-05-10,2010,5,May,25.068471,92.606347,5,Jaintia Hills Block,16.882,617.11,26.48,218.23,0.004902,0.000021,4.6419,25.6856,39.99,39.99,94.36,262.85,754.95,39.99,206.54,3,9,23,42
BG_S28_0504,candidate_background_observation,UNOBSERVED,2010-05-04,2010,5,May,25.585839,92.721494,5,Jaintia Hills Block,37.367,689.82,24.30,227.46,-0.004240,0.000432,4.6626,24.2945,27.31,63.73,93.67,253.25,445.23,36.41,107.43,3,8,18,42
BG_S28_0505,candidate_background_observation,UNOBSERVED,2014-06-16,2014,6,June,25.370409,92.327265,5,Jaintia Hills Block,10.464,1110.90,18.46,36.45,0.001055,-0.002195,5.8002,37.8186,0.0,19.37,134.01,284.22,425.38,38.74,96.84,5,10,17,42
BG_S28_0506,candidate_background_observation,UNOBSERVED,2020-06-20,2020,6,June,25.353709,92.244591,5,Jaintia Hills Block,10.168,1328.32,16.46,64.74,-0.003382,-0.000402,6.0043,36.9957,22.61,22.61,28.14,138.23,418.42,22.61,147.68,2,5,15,42
BG_S28_0507,candidate_background_observation,UNOBSERVED,2008-06-11,2008,6,June,25.122019,92.816071,5,Jaintia Hills Block,38.774,425.95,14.40,210.88,0.000436,-0.002731,5.8052,18.1268,25.97,31.27,45.95,177.48,357.48,25.97,150.84,3,9,12,42
BG_S28_0508,candidate_background_observation,UNOBSERVED,2022-06-30,2022,6,June,25.33176,92.660863,5,Jaintia Hills Block,23.575,654.93,23.92,137.22,0.001893,0.000718,5.4517,46.6909,0.0,21.19,21.19,274.25,700.94,21.19,205.02,1,6,18,42
BG_S28_0509,candidate_background_observation,UNOBSERVED,2007-06-08,2007,6,June,25.55466,92.38193,5,Jaintia Hills Block,16.366,1213.05,22.52,318.10,0.004003,-0.000597,4.8461,19.4500,0.0,17.51,49.18,247.83,528.08,25.34,175.49,3,11,16,42
BG_S28_0510,candidate_background_observation,UNOBSERVED,2019-06-23,2019,6,June,25.348488,92.150984,5,Jaintia Hills Block,7.979,1413.11,24.10,122.01,0.002140,0.001577,5.4051,46.2292,0.0,24.4,81.31,198.06,276.11,28.45,62.26,4,11,13,42
BG_S28_0511,candidate_background_observation,UNOBSERVED,2026-06-26,2026,6,June,25.462204,92.472758,5,Jaintia Hills Block,10.514,996.04,31.32,341.45,0.004284,-0.000429,4.4334,26.8257,0.0,16.06,174.23,274.17,389.21,80.29,148.94,4,8,17,42
BG_S28_0512,candidate_background_observation,UNOBSERVED,2023-06-13,2023,6,June,25.366654,92.075557,5,Jaintia Hills Block,8.965,1401.75,19.08,143.28,0.001313,-0.002128,5.7612,38.8899,39.31,52.41,122.17,169.53,238.58,46.5,82.86,4,5,8,42
BG_S28_0513,candidate_background_observation,UNOBSERVED,2007-06-24,2007,6,June,25.454108,92.379522,5,Jaintia Hills Block,10.18,1149.44,34.14,355.82,-0.004497,-0.000218,4.2400,29.9545,27.62,96.68,216.87,471.56,829.65,66.12,180.59,7,13,24,42
BG_S28_0514,candidate_background_observation,UNOBSERVED,2020-06-09,2020,6,June,25.329221,92.590814,5,Jaintia Hills Block,16.833,817.12,17.06,125.19,0.004090,-0.000328,6.0046,38.4720,38.24,57.36,158.83,295.82,458.48,57.36,118.94,6,9,19,42
BG_S28_0515,candidate_background_observation,UNOBSERVED,2009-06-13,2009,6,June,25.604358,92.097605,5,Jaintia Hills Block,6.83,1535.63,26.22,228.57,0.003293,-0.000729,4.5024,28.9612,15.4,15.4,56.8,144.74,292.89,41.4,99.61,2,5,9,42
BG_S28_0516,candidate_background_observation,UNOBSERVED,2023-06-12,2023,6,June,25.123127,92.214474,5,Jaintia Hills Block,14.542,1106.77,19.77,312.25,-0.001004,0.001565,5.3800,18.1401,0.0,62.08,131.13,179.85,291.26,51.79,113.87,4,5,9,42
BG_S28_0517,candidate_background_observation,UNOBSERVED,2012-06-17,2012,6,June,25.191219,92.278714,5,Jaintia Hills Block,11.21,1090.38,21.14,39.63,0.002521,-0.000281,5.5296,23.1586,0.0,94.01,214.1,448.95,801.94,60.05,158.52,5,11,23,42
BG_S28_0518,candidate_background_observation,UNOBSERVED,2026-06-02,2026,6,June,25.470089,92.109751,5,Jaintia Hills Block,5.929,1522.45,32.11,195.67,-0.004179,0.000072,4.3393,25.0743,15.9,73.01,92.19,182.06,260.63,48.27,84.95,7,11,15,42
BG_S28_0519,candidate_background_observation,UNOBSERVED,2020-06-05,2020,6,June,25.437689,92.798067,5,Jaintia Hills Block,37.486,566.83,25.91,165.36,0.000556,-0.000680,4.9640,30.9653,4.36,32.91,58.85,205.23,325.76,20.03,121.54,5,10,16,42
BG_S28_0520,candidate_background_observation,UNOBSERVED,2018-06-18,2018,6,June,25.16782,92.230868,5,Jaintia Hills Block,15.061,1075.58,20.60,54.12,0.003797,0.000301,5.4895,19.8962,0.0,71.45,404.56,504.77,760.82,128.12,307.48,5,9,13,42
BG_S28_0521,candidate_background_observation,UNOBSERVED,2013-06-16,2013,6,June,25.64966,92.572199,5,Jaintia Hills Block,33.617,904.65,26.83,240.90,-0.000870,-0.002437,4.4946,40.6139,5.27,16.4,27.52,143.26,276.78,11.13,70.57,3,10,18,42
BG_S28_0522,candidate_background_observation,UNOBSERVED,2023-06-21,2023,6,June,25.615374,92.080954,5,Jaintia Hills Block,8.278,1538.82,26.18,226.33,0.001733,-0.001820,4.5082,31.6427,0.0,36.42,204.77,360.11,393.76,72.1,175.52,4,10,12,42
BG_S28_0523,candidate_background_observation,UNOBSERVED,2010-06-11,2010,6,June,25.332451,92.497679,5,Jaintia Hills Block,8.205,990.97,17.26,76.39,-0.004678,-0.000189,5.9834,38.6970,36.61,102.37,313.59,541.72,875.03,98.65,197.3,7,12,21,42
BG_S28_0524,candidate_background_observation,UNOBSERVED,2014-06-07,2014,6,June,25.459354,92.386314,5,Jaintia Hills Block,10.371,1148.57,34.43,352.72,-0.003962,-0.000509,4.1959,28.5117,0.0,0.0,34.57,130.15,377.71,17.29,141.36,2,7,14,42
BG_S28_0525,candidate_background_observation,UNOBSERVED,2025-06-05,2025,6,June,25.595833,92.039591,5,Jaintia Hills Block,8.357,1631.10,18.96,225.02,-0.000940,-0.001606,5.0845,24.4841,0.0,0.0,254.59,386.2,633.17,110.82,254.59,3,7,19,42
BG_S28_0526,candidate_background_observation,UNOBSERVED,2011-06-05,2011,6,June,25.020057,92.709458,5,Jaintia Hills Block,27.132,419.47,34.39,223.62,-0.001157,-0.001957,3.8876,43.3813,46.0,69.01,156.56,330.09,609.84,64.55,163.46,4,8,14,42
BG_S28_0527,candidate_background_observation,UNOBSERVED,2009-06-06,2009,6,June,25.341478,92.257146,5,Jaintia Hills Block,11.964,1284.37,15.02,60.51,-0.003839,-0.000697,6.1462,35.8476,28.29,59.41,59.41,221.16,352.54,31.13,117.82,2,6,11,42
BG_S28_0528,candidate_background_observation,UNOBSERVED,2026-06-21,2026,6,June,25.310066,92.426242,5,Jaintia Hills Block,6.588,1004.77,26.40,50.57,-0.000070,-0.000827,5.2798,48.9518,80.09,134.69,243.88,386.94,578.2,80.09,134.69,4,7,20,42
BG_S28_0529,candidate_background_observation,UNOBSERVED,2013-06-27,2013,6,June,25.21666,92.356689,5,Jaintia Hills Block,5.797,1119.53,30.70,36.70,-0.004270,0.000231,4.8416,32.2547,23.19,104.12,311.41,400.99,668.32,57.58,161.23,7,12,20,42
BG_S28_0530,candidate_background_observation,UNOBSERVED,2009-06-06,2009,6,June,25.48579,92.096992,5,Jaintia Hills Block,6.292,1567.08,28.44,203.18,-0.002634,0.000879,4.5731,21.3202,27.05,81.23,81.23,212.62,335.97,36.12,114.15,3,6,12,42
BG_S28_0531,candidate_background_observation,UNOBSERVED,2007-06-04,2007,6,June,25.630965,92.05495,5,Jaintia Hills Block,10.748,1536.78,25.79,224.00,0.000086,-0.002945,4.5513,35.2896,0.0,23.01,112.44,335.65,488.3,30.93,152.58,6,12,17,42
BG_S28_0532,candidate_background_observation,UNOBSERVED,2017-06-30,2017,6,June,25.646365,92.691563,5,Jaintia Hills Block,39.877,644.79,35.43,222.65,0.000483,0.002698,3.8010,46.8262,10.16,40.66,125.13,255.68,469.93,32.07,124.26,5,9,15,42
BG_S28_0533,candidate_background_observation,UNOBSERVED,2010-06-22,2010,6,June,25.36345,92.228716,5,Jaintia Hills Block,8.526,1372.15,19.01,72.92,-0.002410,0.000547,5.7756,39.1314,13.48,52.21,110.31,361.9,849.3,58.1,192.6,3,8,20,42
BG_S28_0534,candidate_background_observation,UNOBSERVED,2011-06-04,2011,6,June,25.519453,92.669946,5,Jaintia Hills Block,28.825,826.81,26.51,213.63,0.000211,-0.002867,4.6138,18.0729,50.43,67.24,103.55,196.79,320.02,50.43,85.8,4,8,13,42
BG_S28_0535,candidate_background_observation,UNOBSERVED,2017-07-17,2017,7,July,25.443956,92.688456,5,Jaintia Hills Block,26.932,703.60,35.79,178.30,0.001411,0.000212,4.1486,33.8073,0.0,73.07,73.07,320.4,570.79,43.48,150.64,2,8,17,42
BG_S28_0536,candidate_background_observation,UNOBSERVED,2022-07-01,2022,7,July,25.443956,92.688456,5,Jaintia Hills Block,26.932,703.60,35.79,178.30,0.001411,0.000212,4.1486,33.8073,14.42,25.35,36.27,168.7,525.16,14.42,171.88,3,7,18,42
BG_S28_0537,candidate_background_observation,UNOBSERVED,2013-07-03,2013,7,July,25.643529,92.513693,5,Jaintia Hills Block,30.941,1013.19,27.00,273.85,0.000816,-0.001731,4.4709,39.2748,0.0,46.61,120.28,372.17,527.77,46.61,134.07,4,12,22,42
BG_S28_0538,candidate_background_observation,UNOBSERVED,2008-07-08,2008,7,July,25.188551,92.019496,5,Jaintia Hills Block,14.196,1371.33,20.63,151.06,0.003280,-0.000391,5.5614,22.6156,0.0,0.0,183.54,394.44,702.57,78.66,183.54,3,8,16,42
BG_S28_0539,candidate_background_observation,UNOBSERVED,2009-07-10,2009,7,July,25.50872,92.00293,5,Jaintia Hills Block,10.296,1717.43,18.86,212.86,0.000115,0.001243,5.2594,18.4025,0.0,0.0,26.73,318.45,588.63,26.73,179.18,1,7,17,42
BG_S28_0540,candidate_background_observation,UNOBSERVED,2024-07-24,2024,7,July,25.470089,92.109751,5,Jaintia Hills Block,5.929,1522.45,32.11,195.67,-0.004179,0.000072,4.3393,25.0743,0.0,0.0,70.66,245.71,571.95,35.33,204.59,2,6,14,42
BG_S28_0541,candidate_background_observation,UNOBSERVED,2012-07-07,2012,7,July,25.138171,92.150762,5,Jaintia Hills Block,16.676,1155.81,24.07,174.07,-0.000376,0.002471,5.0961,18.0545,16.35,57.64,107.33,355.7,762.88,33.12,216.12,5,10,24,42
BG_S28_0542,candidate_background_observation,UNOBSERVED,2017-07-23,2017,7,July,25.636206,92.684171,5,Jaintia Hills Block,38.539,667.17,34.86,223.56,0.000018,0.002951,3.8318,43.1013,41.92,66.5,135.98,300.76,576.71,41.92,116.73,5,10,19,42
BG_S28_0543,candidate_background_observation,UNOBSERVED,2019-07-14,2019,7,July,25.07737,92.226525,5,Jaintia Hills Block,13.006,1099.09,24.62,291.42,-0.004741,0.000146,4.8201,23.4277,0.0,84.66,413.24,552.24,1025.9,141.1,294.49,6,11,22,42
BG_S28_0544,candidate_background_observation,UNOBSERVED,2008-07-12,2008,7,July,25.265495,92.230431,5,Jaintia Hills Block,11.975,1183.07,27.63,75.87,-0.000869,-0.000494,5.1778,43.2891,0.0,96.2,96.2,305.11,662.55,57.43,143.55,2,7,15,42
BG_S28_0545,candidate_background_observation,UNOBSERVED,2019-07-02,2019,7,July,25.510424,92.040185,5,Jaintia Hills Block,6.852,1699.03,18.47,210.77,-0.000018,0.002932,5.2851,18.3183,0.0,0.0,237.89,279.75,391.75,108.13,237.89,3,7,15,42
BG_S28_0546,candidate_background_observation,UNOBSERVED,2014-07-22,2014,7,July,25.637026,92.70703,5,Jaintia Hills Block,40.153,642.73,33.78,224.72,0.000139,0.002191,3.9192,42.5836,0.0,52.83,112.92,297.64,489.35,30.05,139.32,4,11,20,42
BG_S28_0547,candidate_background_observation,UNOBSERVED,2013-07-13,2013,7,July,25.612811,92.079948,5,Jaintia Hills Block,8.023,1544.48,25.62,226.31,0.001886,-0.001798,4.5520,30.7280,0.0,118.54,143.93,252.79,589.51,71.12,118.54,3,8,23,42
BG_S28_0548,candidate_background_observation,UNOBSERVED,2013-07-11,2013,7,July,25.602014,92.22814,5,Jaintia Hills Block,13.683,1354.18,23.54,282.52,-0.003611,0.000450,4.7169,27.3391,69.33,69.33,99.86,208.83,515.44,69.33,116.13,2,7,20,42
BG_S28_0549,candidate_background_observation,UNOBSERVED,2009-07-27,2009,7,July,25.33019,92.667537,5,Jaintia Hills Block,24.267,644.99,24.26,137.27,0.001141,0.000647,5.4270,47.1098,71.0,182.75,182.75,267.9,356.08,71.0,182.75,3,6,10,42
BG_S28_0550,candidate_background_observation,UNOBSERVED,2019-07-26,2019,7,July,25.088083,92.305065,5,Jaintia Hills Block,5.014,944.44,19.23,332.73,0.000568,-0.001306,5.2888,20.8221,16.4,72.29,121.19,302.15,900.89,55.89,310.1,4,8,19,42
BG_S28_0551,candidate_background_observation,UNOBSERVED,2014-07-14,2014,7,July,25.215715,92.271425,5,Jaintia Hills Block,12.657,1107.83,25.00,50.39,0.002868,0.001094,5.2951,29.3877,49.88,149.63,202.32,439.59,822.45,49.88,157.94,6,13,21,42
BG_S28_0552,candidate_background_observation,UNOBSERVED,2020-07-12,2020,7,July,25.640313,92.58709,5,Jaintia Hills Block,33.351,864.74,27.55,236.34,-0.000478,-0.001864,4.4221,38.8938,0.0,27.84,69.59,151.79,374.92,27.84,155.41,3,5,13,42
BG_S28_0553,candidate_background_observation,UNOBSERVED,2019-07-24,2019,7,July,25.294997,92.618651,5,Jaintia Hills Block,20.845,752.54,24.92,129.89,0.003937,-0.000205,5.4059,45.7340,0.0,11.25,11.25,286.84,610.15,11.25,175.03,1,5,14,42
BG_S28_0554,candidate_background_observation,UNOBSERVED,2014-07-21,2014,7,July,25.204791,92.463426,5,Jaintia Hills Block,9.713,864.94,30.35,50.95,0.003943,-0.000402,4.8359,28.8179,30.69,85.55,239.02,452.88,821.35,57.46,191.52,5,10,18,42
BG_S28_0555,candidate_background_observation,UNOBSERVED,2017-07-22,2017,7,July,25.171508,92.504021,5,Jaintia Hills Block,12.664,771.71,19.96,67.30,0.003815,-0.000643,5.5544,20.2308,18.28,18.28,107.92,207.15,636.33,71.71,156.32,3,7,19,42
BG_S28_0556,candidate_background_observation,UNOBSERVED,2023-08-05,2023,8,August,25.127926,92.255304,5,Jaintia Hills Block,10.784,1063.76,15.22,354.22,-0.000540,-0.001305,5.7631,18.0271,0.0,30.05,104.44,224.63,336.71,45.08,121.74,4,10,14,42
BG_S28_0557,candidate_background_observation,UNOBSERVED,2013-08-22,2013,8,August,25.040491,92.211654,5,Jaintia Hills Block,15.495,1080.13,31.44,274.24,-0.002979,-0.001198,4.1660,35.0786,44.13,102.68,179.79,331.98,754.21,58.95,160.33,6,11,22,42
BG_S28_0558,candidate_background_observation,UNOBSERVED,2009-08-13,2009,8,August,25.057629,92.136268,5,Jaintia Hills Block,22.324,1088.19,33.37,226.83,0.003881,-0.000526,4.0574,30.8004,13.95,139.46,341.7,537.26,845.45,83.68,178.64,7,12,19,42
