pseudo_id,sample_ratio_tier,label,spatial_block_id,spatial_block_name,latitude,longitude,min_distance_to_landslide_m,elevation,slope,aspect,plan_curvature,profile_curvature,twi,spi,landcover_code,landcover_name,ndvi_mean,soil_clay_fraction,soil_sand_fraction,soil_bulk_density,soil_ph,lithology_major,lithology_code,distance_to_roads,distance_to_streams,event_date,event_year,temporal_quality,rainfall_event_day,ari_3,ari_7,ari_15,ari_30,max_1day_7d,max_3day_30d,rainy_days_7d,rainy_days_15d,rainy_days_30d
NEG_0001,1:1,0,1,Garo Hills Block,25.545145,90.100808,9362.0,69.15,21.80,225.81,0.003871,0.000003,4.9233,18.6447,10,Tree cover,0.653,24.2,51.2,1.33,5.3,Mixed Sedimentary,SM,8.6,165.9,NA,NA,NO_EVENT,NA,NA,NA,NA,NA,NA,NA,NA,NA,NA
NEG_0002,1:1,0,2,West Khasi Block,25.507368,91.594325,3497.2,1370.62,26.85,286.48,-0.000276,0.001063,4.6246,18.6688,10,Tree cover,0.662,30.3,43.9,1.34,4.9,Metamorphic,MT,73.0,383.2,NA,NA,NO_EVENT,NA,NA,NA,NA,NA,NA,NA,NA,NA,NA
NEG_0003,1:1,0,4,Ri-Bhoi Block,25.891651,92.348974,19788.2,1079.00,29.19,44.26,-0.000578,-0.001010,5.0508,19.5496,10,Tree cover,0.791,33.3,41.7,1.32,4.7,Metamorphic,MT,27.1,520.0,NA,NA,NO_EVENT,NA,NA,NA,NA,NA,NA,NA,NA,NA,NA
NEG_0004,1:1,0,2,West Khasi Block,25.308639,91.452902,662.3,1138.34,19.54,133.96,-0.003456,-0.000638,5.8297,40.8259,10,Tree cover,0.770,25.7,47.2,1.41,4.9,Siliciclastic Sedimentary,SS,125.1,3900.7,NA,NA,NO_EVENT,NA,NA,NA,NA,NA,NA,NA,NA,NA,NA
NEG_0005,1:1,0,2,West Khasi Block,25.582522,91.460925,3808.5,1285.88,18.33,226.76,-0.004115,0.000390,5.1428,22.2767,10,Tree cover,0.650,28.1,46.9,1.31,5.1,Metamorphic,MT,28.6,3340.8,NA,NA,NO_EVENT,NA,NA,NA,NA,NA,NA,NA,NA,NA,NA
NEG_0006,1:1,0,3,East Khasi Block,25.235437,91.729564,665.0,1436.75,27.32,40.59,0.002695,-0.000310,5.1567,35.5767,10,Tree cover,0.808,28.4,48.4,1.43,5.1,Siliciclastic Sedimentary,SS,121.4,972.8,NA,NA,NO_EVENT,NA,NA,NA,NA,NA,NA,NA,NA,NA,NA
NEG_0007,1:1,0,3,East Khasi Block,25.120622,91.614187,6870.1,1158.14,24.05,341.41,0.001478,0.000382,5.0276,18.2704,10,Tree cover,0.830,30.3,44.4,1.44,5.2,Siliciclastic Sedimentary,SS,30.4,348.0,NA,NA,NO_EVENT,NA,NA,NA,NA,NA,NA,NA,NA,NA,NA
NEG_0008,1:1,0,4,Ri-Bhoi Block,25.851666,92.285320,13304.0,1144.35,25.47,47.77,-0.001378,-0.001792,5.2772,25.8588,10,Tree cover,0.768,31.9,44.1,1.30,4.9,Metamorphic,MT,171.2,2027.0,NA,NA,NO_EVENT,NA,NA,NA,NA,NA,NA,NA,NA,NA,NA
NEG_0009,1:1,0,2,West Khasi Block,25.538411,91.262728,727.2,903.52,15.38,270.39,-0.002354,0.001577,5.4526,18.1980,10,Tree cover,0.654,29.2,41.8,1.32,4.8,Metamorphic,MT,12.0,716.4,NA,NA,NO_EVENT,NA,NA,NA,NA,NA,NA,NA,NA,NA,NA
NEG_0010,1:1,0,3,East Khasi Block,25.196062,91.932742,4742.6,1293.88,29.69,124.06,0.001206,-0.000036,4.8615,26.3868,10,Tree cover,0.821,29.5,52.7,1.44,5.2,Siliciclastic Sedimentary,SS,103.6,501.5,NA,NA,NO_EVENT,NA,NA,NA,NA,NA,NA,NA,NA,NA,NA
NEG_0011,1:1,0,1,Garo Hills Block,25.268182,90.654764,3584.2,56.99,27.82,101.40,0.000346,-0.002789,5.1651,44.0653,10,Tree cover,0.792,27.2,53.0,1.42,5.1,Mixed Sedimentary,SM,160.6,1363.3,NA,NA,NO_EVENT,NA,NA,NA,NA,NA,NA,NA,NA,NA,NA
NEG_0012,1:1,0,2,West Khasi Block,25.065765,91.374152,13641.1,819.77,32.49,214.74,0.004549,-0.000125,4.1525,28.1622,10,Tree cover,0.820,29.5,50.6,1.44,4.8,Siliciclastic Sedimentary,SS,60.0,431.1,NA,NA,NO_EVENT,NA,NA,NA,NA,NA,NA,NA,NA,NA,NA
NEG_0013,1:1,0,4,Ri-Bhoi Block,25.731209,92.402003,14211.3,1042.56,26.00,342.35,-0.001892,-0.001829,4.8024,49.0232,10,Tree cover,0.695,28.1,39.8,1.28,4.6,Metamorphic,MT,44.0,5102.7,NA,NA,NO_EVENT,NA,NA,NA,NA,NA,NA,NA,NA,NA,NA
NEG_0014,1:1,0,2,West Khasi Block,25.326482,91.526096,4219.8,1293.44,15.68,117.74,-0.002367,-0.000345,6.1190,36.8078,10,Tree cover,0.759,25.9,51.7,1.32,4.7,Plutonic Acidic,PA,169.8,1493.8,NA,NA,NO_EVENT,NA,NA,NA,NA,NA,NA,NA,NA,NA,NA
NEG_0015,1:1,0,2,West Khasi Block,25.256145,91.581326,1378.0,1210.55,32.06,87.63,-0.000218,0.001902,4.8127,44.7917,60,Bare / sparse vegetation,0.400,27.7,44.1,1.42,5.2,Siliciclastic Sedimentary,SS,15.9,627.1,NA,NA,NO_EVENT,NA,NA,NA,NA,NA,NA,NA,NA,NA,NA
NEG_0016,1:1,0,2,West Khasi Block,25.387621,91.580556,2965.4,1451.72,25.66,86.79,-0.000337,-0.001941,5.1707,42.5201,10,Tree cover,0.721,34.2,44.4,1.37,4.7,Metamorphic,MT,25.6,1582.7,NA,NA,NO_EVENT,NA,NA,NA,NA,NA,NA,NA,NA,NA,NA
NEG_0017,1:1,0,4,Ri-Bhoi Block,25.895137,91.890752,3416.3,1328.84,33.82,89.51,-0.000753,0.002031,4.6839,19.3589,10,Tree cover,0.793,33.4,39.4,1.32,4.6,Metamorphic,MT,26.2,5693.2,NA,NA,NO_EVENT,NA,NA,NA,NA,NA,NA,NA,NA,NA,NA
NEG_0018,1:1,0,2,West Khasi Block,25.065648,91.005785,14408.6,485.86,23.85,310.81,-0.004013,0.000188,4.8433,25.4833,60,Bare / sparse vegetation,0.193,29.5,44.8,1.44,5.3,Siliciclastic Sedimentary,SS,11.8,143.5,NA,NA,NO_EVENT,NA,NA,NA,NA,NA,NA,NA,NA,NA,NA
NEG_0019,1:1,0,2,West Khasi Block,25.119495,91.116844,9010.9,601.56,24.30,352.43,0.001568,0.000747,5.0032,18.3262,10,Tree cover,0.830,30.3,49.1,1.44,5.1,Siliciclastic Sedimentary,SS,148.2,400.7,NA,NA,NO_EVENT,NA,NA,NA,NA,NA,NA,NA,NA,NA,NA
NEG_0020,1:1,0,3,East Khasi Block,25.612027,91.799471,3449.3,1704.04,23.45,308.62,0.000147,-0.002499,4.7253,29.4762,10,Tree cover,0.824,27.5,38.1,1.30,4.3,Metamorphic,MT,210.1,1631.0,NA,NA,NO_EVENT,NA,NA,NA,NA,NA,NA,NA,NA,NA,NA
NEG_0021,1:1,0,5,Jaintia Hills Block,25.103502,92.074840,8073.7,1127.34,19.62,196.62,0.002032,-0.001772,5.3151,19.2649,10,Tree cover,0.828,37.3,24.5,1.31,5.8,Carbonate Sedimentary,SC,59.7,1001.1,NA,NA,NO_EVENT,NA,NA,NA,NA,NA,NA,NA,NA,NA,NA
NEG_0022,1:1,0,1,Garo Hills Block,25.656703,90.802005,2421.6,260.98,33.63,220.98,-0.000627,-0.002504,3.9639,48.3683,10,Tree cover,0.662,28.4,48.2,1.32,5.4,Mixed Sedimentary,SM,80.0,2331.2,NA,NA,NO_EVENT,NA,NA,NA,NA,NA,NA,NA,NA,NA,NA
NEG_0023,1:1,0,4,Ri-Bhoi Block,25.699173,91.298090,9423.6,1070.60,26.16,239.53,-0.000425,0.000071,4.6752,48.3754,60,Bare / sparse vegetation,0.339,27.5,43.2,1.28,4.8,Metamorphic,MT,10.7,4366.5,NA,NA,NO_EVENT,NA,NA,NA,NA,NA,NA,NA,NA,NA,NA
NEG_0024,1:1,0,3,East Khasi Block,25.548537,91.704085,2847.3,1666.15,17.97,318.30,-0.002988,-0.001169,5.2223,18.7279,10,Tree cover,0.652,28.9,39.8,1.32,4.4,Metamorphic,MT,219.2,1674.8,NA,NA,NO_EVENT,NA,NA,NA,NA,NA,NA,NA,NA,NA,NA
NEG_0025,1:1,0,4,Ri-Bhoi Block,25.705965,91.347059,10770.1,1064.64,29.87,215.16,-0.004740,0.000149,4.4010,53.2726,10,Tree cover,0.682,27.6,45.0,1.28,5.0,Metamorphic,MT,128.3,8603.0,NA,NA,NO_EVENT,NA,NA,NA,NA,NA,NA,NA,NA,NA,NA
NEG_0026,1:1,0,3,East Khasi Block,25.249184,91.603103,2112.1,1223.84,34.64,74.55,-0.001131,0.000418,4.5962,44.7727,10,Tree cover,0.802,27.9,44.2,1.43,5.2,Siliciclastic Sedimentary,SS,124.3,1113.6,NA,NA,NO_EVENT,NA,NA,NA,NA,NA,NA,NA,NA,NA,NA
NEG_0027,1:1,0,4,Ri-Bhoi Block,25.920591,91.875278,836.6,1335.08,29.18,80.78,-0.003481,0.000733,5.0655,18.0135,10,Tree cover,0.805,34.1,39.0,1.33,4.6,Metamorphic,MT,163.4,6207.7,NA,NA,NO_EVENT,NA,NA,NA,NA,NA,NA,NA,NA,NA,NA
NEG_0028,1:1,0,1,Garo Hills Block,25.141708,90.680556,9039.8,66.88,15.70,168.51,0.000386,0.002743,5.7798,18.0968,10,Tree cover,0.830,30.3,52.6,1.44,5.1,Mixed Sedimentary,SM,17.4,890.1,NA,NA,NO_EVENT,NA,NA,NA,NA,NA,NA,NA,NA,NA,NA
NEG_0029,1:1,0,5,Jaintia Hills Block,25.182157,92.088765,1205.9,1307.22,24.57,152.74,-0.003979,-0.000531,5.2241,22.3728,10,Tree cover,0.825,40.5,24.7,1.33,5.8,Carbonate Sedimentary,SC,57.3,324.3,NA,NA,NO_EVENT,NA,NA,NA,NA,NA,NA,NA,NA,NA,NA
NEG_0030,1:1,0,3,East Khasi Block,25.402734,91.873748,622.3,1705.20,31.01,67.46,-0.002121,0.000892,4.6902,43.7229,10,Tree cover,0.774,33.8,38.9,1.37,4.3,Metamorphic,MT,103.1,2946.1,NA,NA,NO_EVENT,NA,NA,NA,NA,NA,NA,NA,NA,NA,NA
NEG_0031,1:1,0,1,Garo Hills Block,25.035193,90.830263,27376.8,156.20,35.58,221.75,0.002640,0.001320,3.8224,39.1340,10,Tree cover,0.768,28.6,46.9,1.43,5.4,Mixed Sedimentary,SM,218.8,166.9,NA,NA,NO_EVENT,NA,NA,NA,NA,NA,NA,NA,NA,NA,NA
NEG_0032,1:1,0,2,West Khasi Block,25.215729,91.227106,1087.2,759.64,24.91,64.38,0.004348,-0.000171,5.3023,29.3498,10,Tree cover,0.815,29.0,52.8,1.43,4.9,Siliciclastic Sedimentary,SS,179.1,403.1,NA,NA,NO_EVENT,NA,NA,NA,NA,NA,NA,NA,NA,NA,NA
NEG_0033,1:1,0,2,West Khasi Block,25.076289,91.266838,14255.8,841.87,21.96,266.18,-0.003166,-0.000366,5.0292,23.0192,10,Tree cover,0.823,29.7,53.1,1.44,4.8,Siliciclastic Sedimentary,SS,31.8,490.5,NA,NA,NO_EVENT,NA,NA,NA,NA,NA,NA,NA,NA,NA,NA
NEG_0034,1:1,0,1,Garo Hills Block,25.552037,90.415276,4627.4,67.97,15.79,313.03,-0.000026,-0.001473,5.3896,18.8449,10,Tree cover,0.652,24.5,46.0,1.33,4.8,Mixed Sedimentary,SM,25.2,599.7,NA,NA,NO_EVENT,NA,NA,NA,NA,NA,NA,NA,NA,NA,NA
NEG_0035,1:1,0,4,Ri-Bhoi Block,25.891629,92.121077,4320.3,1269.88,32.86,127.82,-0.000594,0.000706,4.7572,19.7471,10,Tree cover,0.791,33.3,46.7,1.32,5.1,Metamorphic,MT,103.8,3989.2,NA,NA,NO_EVENT,NA,NA,NA,NA,NA,NA,NA,NA,NA,NA
NEG_0036,1:1,0,3,East Khasi Block,25.433747,91.604965,2067.0,1450.80,34.68,25.75,-0.004710,-0.000094,4.2781,36.6541,10,Tree cover,0.694,32.9,43.5,1.36,4.6,Metamorphic,MT,139.3,1032.8,NA,NA,NO_EVENT,NA,NA,NA,NA,NA,NA,NA,NA,NA,NA
NEG_0037,1:1,0,4,Ri-Bhoi Block,25.943211,92.705724,17152.5,535.31,24.76,134.71,0.003250,0.000357,5.4067,19.1794,10,Tree cover,0.814,34.6,43.6,1.34,4.9,Metamorphic,MT,59.5,1407.0,NA,NA,NO_EVENT,NA,NA,NA,NA,NA,NA,NA,NA,NA,NA
NEG_0038,1:1,0,2,West Khasi Block,25.097347,91.187227,11933.7,694.20,20.25,333.30,-0.001701,0.001707,5.2414,19.8968,10,Tree cover,0.827,30.1,51.9,1.44,4.9,Siliciclastic Sedimentary,SS,38.8,106.9,NA,NA,NO_EVENT,NA,NA,NA,NA,NA,NA,NA,NA,NA,NA
NEG_0039,1:1,0,4,Ri-Bhoi Block,25.940833,92.301186,14653.4,1033.22,16.63,50.06,-0.000146,-0.000649,6.0593,18.6506,10,Tree cover,0.813,34.5,43.5,1.34,4.9,Metamorphic,MT,77.4,5954.8,NA,NA,NO_EVENT,NA,NA,NA,NA,NA,NA,NA,NA,NA,NA
NEG_0040,1:1,0,1,Garo Hills Block,25.480905,90.699928,553.9,180.75,23.40,208.87,0.002455,-0.001506,4.9946,21.4161,10,Tree cover,0.671,22.7,52.2,1.35,5.2,Mixed Sedimentary,SM,37.8,1042.6,NA,NA,NO_EVENT,NA,NA,NA,NA,NA,NA,NA,NA,NA,NA
NEG_0041,1:1,0,3,East Khasi Block,25.359522,91.858169,2139.9,1647.26,23.27,66.84,0.002876,-0.000123,5.4451,44.3014,10,Tree cover,0.738,34.8,38.6,1.38,4.3,Metamorphic,MT,137.8,3806.9,NA,NA,NO_EVENT,NA,NA,NA,NA,NA,NA,NA,NA,NA,NA
NEG_0042,1:1,0,1,Garo Hills Block,25.867126,90.977803,7627.8,450.33,26.00,72.03,-0.002347,0.000180,5.2691,22.9142,10,Tree cover,0.777,28.3,44.3,1.36,5.3,Mixed Sedimentary,SM,30.5,1539.1,NA,NA,NO_EVENT,NA,NA,NA,NA,NA,NA,NA,NA,NA,NA
NEG_0043,1:1,0,5,Jaintia Hills Block,25.239687,92.814086,14277.7,406.00,26.04,102.75,-0.000636,0.002569,5.2676,35.8095,10,Tree cover,0.806,28.3,44.2,1.43,5.3,Siliciclastic Sedimentary,SS,108.8,511.2,NA,NA,NO_EVENT,NA,NA,NA,NA,NA,NA,NA,NA,NA,NA
NEG_0044,1:1,0,2,West Khasi Block,25.241032,91.253857,4428.9,803.34,26.37,83.93,0.001794,0.001423,5.2437,36.3716,10,Tree cover,0.805,28.2,53.1,1.43,4.8,Siliciclastic Sedimentary,SS,116.2,1343.7,NA,NA,NO_EVENT,NA,NA,NA,NA,NA,NA,NA,NA,NA,NA
NEG_0045,1:1,0,1,Garo Hills Block,25.948934,89.800536,45092.6,25.00,25.20,47.21,-0.001693,-0.000044,5.3652,19.7985,10,Tree cover,0.816,25.2,46.5,1.39,5.2,Mixed Sedimentary,SM,65.8,8.2,NA,NA,NO_EVENT,NA,NA,NA,NA,NA,NA,NA,NA,NA,NA
NEG_0046,1:1,0,2,West Khasi Block,25.026469,91.069651,18569.7,445.53,34.19,316.91,0.001424,0.002101,3.9153,41.1644,60,Bare / sparse vegetation,0.165,28.3,47.0,1.43,5.2,Siliciclastic Sedimentary,SS,7.1,112.3,NA,NA,NO_EVENT,NA,NA,NA,NA,NA,NA,NA,NA,NA,NA
NEG_0047,1:1,0,2,West Khasi Block,25.022281,91.384823,18327.1,785.13,35.51,223.61,0.001439,-0.001758,3.8019,43.4671,10,Tree cover,0.764,28.2,50.2,1.43,4.8,Siliciclastic Sedimentary,SS,30.1,692.0,NA,NA,NO_EVENT,NA,NA,NA,NA,NA,NA,NA,NA,NA,NA
NEG_0048,1:1,0,2,West Khasi Block,25.301754,91.362145,2153.4,1038.05,27.85,130.08,0.004389,-0.000162,5.1692,49.8470,10,Tree cover,0.774,25.9,51.1,1.41,4.8,Siliciclastic Sedimentary,SS,49.5,2702.3,NA,NA,NO_EVENT,NA,NA,NA,NA,NA,NA,NA,NA,NA,NA
NEG_0049,1:1,0,3,East Khasi Block,25.312469,91.651196,1727.1,1391.81,25.58,55.39,0.002391,-0.000569,5.3434,48.1564,10,Tree cover,0.768,25.5,45.3,1.41,5.3,Siliciclastic Sedimentary,SS,72.1,668.1,NA,NA,NO_EVENT,NA,NA,NA,NA,NA,NA,NA,NA,NA,NA
NEG_0050,1:1,0,4,Ri-Bhoi Block,25.667501,91.879046,1096.4,1764.15,35.44,278.83,-0.003203,0.000948,3.8428,52.9979,10,Tree cover,0.770,27.2,39.1,1.28,4.3,Metamorphic,MT,48.6,1915.8,NA,NA,NO_EVENT,NA,NA,NA,NA,NA,NA,NA,NA,NA,NA
NEG_0051,1:1,0,3,East Khasi Block,25.601352,91.805373,3297.3,1723.86,22.14,307.22,0.000750,-0.001938,4.8289,26.6516,10,Tree cover,0.821,27.7,38.1,1.30,4.3,Metamorphic,MT,121.0,1174.3,NA,NA,NO_EVENT,NA,NA,NA,NA,NA,NA,NA,NA,NA,NA
NEG_0052,1:1,0,3,East Khasi Block,25.326520,91.740996,3240.6,1425.09,15.20,43.09,-0.004891,-0.000064,6.1574,36.2323,10,Tree cover,0.759,35.1,38.8,1.38,4.3,Metamorphic,MT,116.6,1291.1,NA,NA,NO_EVENT,NA,NA,NA,NA,NA,NA,NA,NA,NA,NA
NEG_0053,1:1,0,1,Garo Hills Block,25.850239,90.527087,10993.3,90.98,31.54,41.44,-0.001320,-0.001731,4.7881,28.1116,10,Tree cover,0.767,28.8,50.7,1.36,4.9,Mixed Sedimentary,SM,210.0,2407.6,NA,NA,NO_EVENT,NA,NA,NA,NA,NA,NA,NA,NA,NA,NA
NEG_0054,1:1,0,1,Garo Hills Block,26.043826,89.815142,53833.4,25.00,33.07,18.16,0.002308,0.001607,4.4779,46.2970,10,Tree cover,0.830,22.7,47.1,1.42,5.2,Mixed Sedimentary,SM,87.2,472.8,NA,NA,NO_EVENT,NA,NA,NA,NA,NA,NA,NA,NA,NA,NA
NEG_0055,1:1,0,3,East Khasi Block,25.118745,91.766169,7751.5,1206.63,14.56,351.65,-0.001205,-0.002005,5.7794,18.2181,10,Tree cover,0.830,30.3,50.0,1.44,5.4,Siliciclastic Sedimentary,SS,46.0,72.6,NA,NA,NO_EVENT,NA,NA,NA,NA,NA,NA,NA,NA,NA,NA
NEG_0056,1:1,0,4,Ri-Bhoi Block,25.828957,92.486934,24371.4,849.18,26.94,62.73,-0.004956,0.000015,5.0960,31.8463,10,Tree cover,0.754,31.1,38.1,1.30,4.5,Metamorphic,MT,93.9,2730.6,NA,NA,NO_EVENT,NA,NA,NA,NA,NA,NA,NA,NA,NA,NA
NEG_0057,1:1,0,2,West Khasi Block,25.608568,91.270773,3987.0,1000.85,22.37,265.71,-0.001749,-0.001943,4.8108,28.2218,10,Tree cover,0.652,27.6,42.1,1.30,4.8,Metamorphic,MT,69.3,1150.8,NA,NA,NO_EVENT,NA,NA,NA,NA,NA,NA,NA,NA,NA,NA
NEG_0058,1:1,0,5,Jaintia Hills Block,25.554097,92.047496,2471.9,1686.83,14.89,221.29,-0.000131,0.001336,5.4575,18.9227,10,Tree cover,0.652,28.8,45.0,1.32,4.7,Metamorphic,MT,324.8,2413.9,NA,NA,NO_EVENT,NA,NA,NA,NA,NA,NA,NA,NA,NA,NA
NEG_0059,1:1,0,4,Ri-Bhoi Block,25.983483,92.089860,3246.1,1120.00,19.68,139.09,-0.002835,0.001159,5.7432,23.8866,10,Tree cover,0.825,35.1,46.2,1.35,5.1,Metamorphic,MT,100.0,2182.4,NA,NA,NO_EVENT,NA,NA,NA,NA,NA,NA,NA,NA,NA,NA
NEG_0060,1:1,0,2,West Khasi Block,25.197596,91.281670,4811.2,801.49,24.80,106.86,0.001596,0.000144,5.2576,25.3177,10,Tree cover,0.821,29.5,53.0,1.44,4.8,Siliciclastic Sedimentary,SS,255.9,1057.9,NA,NA,NO_EVENT,NA,NA,NA,NA,NA,NA,NA,NA,NA,NA
NEG_0061,1:1,0,3,East Khasi Block,25.118113,91.788210,8257.8,1220.17,15.62,350.37,-0.000404,-0.002729,5.6921,18.2555,10,Tree cover,0.830,30.3,50.9,1.44,5.4,Siliciclastic Sedimentary,SS,181.0,198.9,NA,NA,NO_EVENT,NA,NA,NA,NA,NA,NA,NA,NA,NA,NA
NEG_0062,1:1,0,2,West Khasi Block,25.331561,91.597117,1542.3,1407.81,22.84,77.92,0.004628,-0.000221,5.5385,45.3973,10,Tree cover,0.756,35.1,43.8,1.38,4.6,Metamorphic,MT,120.1,165.2,NA,NA,NO_EVENT,NA,NA,NA,NA,NA,NA,NA,NA,NA,NA
NEG_0063,1:1,0,4,Ri-Bhoi Block,25.952407,92.141098,8656.2,1193.19,24.65,122.60,-0.003683,-0.000144,5.4047,20.1679,60,Bare / sparse vegetation,0.232,34.8,46.9,1.34,5.1,Metamorphic,MT,17.8,1332.5,NA,NA,NO_EVENT,NA,NA,NA,NA,NA,NA,NA,NA,NA,NA
NEG_0064,1:1,0,4,Ri-Bhoi Block,26.029175,91.512778,5996.5,1023.37,21.41,143.59,-0.001505,0.001847,5.4649,33.4708,10,Tree cover,0.830,35.1,46.3,1.37,5.1,Metamorphic,MT,79.0,1998.2,NA,NA,NO_EVENT,NA,NA,NA,NA,NA,NA,NA,NA,NA,NA
NEG_0065,1:1,0,1,Garo Hills Block,25.774984,90.420211,2591.1,54.48,15.88,9.40,-0.000220,-0.002796,5.7851,33.8084,10,Tree cover,0.721,30.3,46.1,1.33,4.8,Mixed Sedimentary,SM,126.0,4901.3,NA,NA,NO_EVENT,NA,NA,NA,NA,NA,NA,NA,NA,NA,NA
NEG_0066,1:1,0,5,Jaintia Hills Block,25.057629,92.136268,9551.1,1088.19,33.37,226.83,0.003881,-0.000526,4.0574,30.8004,10,Tree cover,0.818,29.3,45.1,1.43,4.9,Siliciclastic Sedimentary,SS,102.1,761.6,NA,NA,NO_EVENT,NA,NA,NA,NA,NA,NA,NA,NA,NA,NA
NEG_0067,1:1,0,2,West Khasi Block,25.521434,91.531016,687.7,1309.01,17.71,236.58,-0.000528,0.002673,5.3119,18.0218,10,Tree cover,0.658,29.8,45.9,1.33,5.0,Metamorphic,MT,52.3,86.8,NA,NA,NO_EVENT,NA,NA,NA,NA,NA,NA,NA,NA,NA,NA
NEG_0068,1:1,0,5,Jaintia Hills Block,25.615374,92.080954,3517.3,1538.82,26.18,226.33,0.001733,-0.001820,4.5082,31.6427,10,Tree cover,0.653,27.5,46.0,1.30,4.8,Metamorphic,MT,97.0,1065.9,NA,NA,NO_EVENT,NA,NA,NA,NA,NA,NA,NA,NA,NA,NA
NEG_0069,1:1,0,1,Garo Hills Block,25.389104,90.289777,14182.5,108.30,27.70,119.19,-0.000006,-0.002976,5.0025,44.1491,10,Tree cover,0.720,23.1,44.3,1.38,4.9,Mixed Sedimentary,SM,37.1,1614.3,NA,NA,NO_EVENT,NA,NA,NA,NA,NA,NA,NA,NA,NA,NA
NEG_0070,1:1,0,5,Jaintia Hills Block,25.369596,92.071939,2913.4,1405.29,19.04,144.33,0.000973,-0.002344,5.7561,38.5317,10,Tree cover,0.732,34.6,45.8,1.38,4.8,Metamorphic,MT,64.9,438.1,NA,NA,NO_EVENT,NA,NA,NA,NA,NA,NA,NA,NA,NA,NA
NEG_0071,1:1,0,4,Ri-Bhoi Block,25.824862,91.133173,890.7,805.65,31.01,31.71,0.003904,0.000045,4.7574,35.1497,10,Tree cover,0.752,31.0,38.2,1.30,4.5,Metamorphic,MT,93.8,1905.2,NA,NA,NO_EVENT,NA,NA,NA,NA,NA,NA,NA,NA,NA,NA
NEG_0072,1:1,0,3,East Khasi Block,25.623185,91.825995,548.5,1730.82,28.25,301.85,0.000987,-0.002158,4.3474,34.8334,10,Tree cover,0.809,27.4,38.2,1.29,4.3,Metamorphic,MT,36.7,3164.7,NA,NA,NO_EVENT,NA,NA,NA,NA,NA,NA,NA,NA,NA,NA
NEG_0073,1:1,0,3,East Khasi Block,25.568567,91.872003,824.7,1770.59,24.22,281.72,0.004759,-0.000087,4.6872,21.3245,60,Bare / sparse vegetation,0.176,21.8,61.1,1.30,4.6,Plutonic Acidic,PA,8.0,1667.2,NA,NA,NO_EVENT,NA,NA,NA,NA,NA,NA,NA,NA,NA,NA
NEG_0074,1:1,0,4,Ri-Bhoi Block,25.677921,91.854181,3261.4,1729.34,32.90,296.31,-0.004321,-0.000218,4.0725,52.8138,10,Tree cover,0.789,27.3,38.5,1.28,4.3,Metamorphic,MT,154.5,3973.1,NA,NA,NO_EVENT,NA,NA,NA,NA,NA,NA,NA,NA,NA,NA
NEG_0075,1:1,0,5,Jaintia Hills Block,25.511247,92.735563,19636.9,682.70,23.71,215.75,-0.000188,-0.000318,4.8632,18.3652,10,Tree cover,0.661,30.2,44.7,1.34,5.0,Metamorphic,MT,91.0,3002.6,NA,NA,NO_EVENT,NA,NA,NA,NA,NA,NA,NA,NA,NA,NA
NEG_0076,1:1,0,3,East Khasi Block,25.115857,91.601448,7591.0,1152.82,23.64,324.77,0.002014,-0.000503,5.0416,18.5145,10,Tree cover,0.829,30.2,44.2,1.44,5.2,Siliciclastic Sedimentary,SS,56.6,324.9,NA,NA,NO_EVENT,NA,NA,NA,NA,NA,NA,NA,NA,NA,NA
NEG_0077,1:1,0,4,Ri-Bhoi Block,25.810736,91.884900,984.4,1414.31,29.45,82.02,0.003856,-0.000562,4.8346,38.2696,10,Tree cover,0.743,30.5,39.2,1.29,4.3,Metamorphic,MT,119.2,5987.3,NA,NA,NO_EVENT,NA,NA,NA,NA,NA,NA,NA,NA,NA,NA
NEG_0078,1:1,0,1,Garo Hills Block,25.260382,90.641739,2380.0,25.00,30.39,94.06,0.000143,-0.002446,4.9516,44.5157,10,Tree cover,0.796,27.5,53.1,1.42,5.1,Mixed Sedimentary,SM,54.0,932.5,NA,NA,NO_EVENT,NA,NA,NA,NA,NA,NA,NA,NA,NA,NA
NEG_0079,1:1,0,1,Garo Hills Block,25.766989,90.415958,3513.2,48.28,15.82,4.16,-0.000017,-0.002966,5.7581,34.6082,10,Tree cover,0.716,30.3,46.0,1.33,4.8,Mixed Sedimentary,SM,28.7,5828.9,NA,NA,NO_EVENT,NA,NA,NA,NA,NA,NA,NA,NA,NA,NA
NEG_0080,1:1,0,3,East Khasi Block,25.268370,91.736742,1569.6,1442.96,24.40,44.34,-0.001231,0.000162,5.4388,40.8974,10,Tree cover,0.792,27.2,48.7,1.42,5.1,Siliciclastic Sedimentary,SS,73.7,535.9,NA,NA,NO_EVENT,NA,NA,NA,NA,NA,NA,NA,NA,NA,NA
NEG_0081,1:1,0,3,East Khasi Block,25.303104,91.610491,3323.7,1355.91,27.15,71.86,0.004491,-0.000054,5.2245,49.1921,10,Tree cover,0.773,25.9,44.3,1.41,5.2,Siliciclastic Sedimentary,SS,28.1,598.0,NA,NA,NO_EVENT,NA,NA,NA,NA,NA,NA,NA,NA,NA,NA
NEG_0082,1:1,0,4,Ri-Bhoi Block,25.971247,91.548615,1227.8,1161.89,17.16,108.24,-0.000279,0.001545,5.9721,21.4987,10,Tree cover,0.822,35.0,45.4,1.35,5.0,Metamorphic,MT,61.8,7357.1,NA,NA,NO_EVENT,NA,NA,NA,NA,NA,NA,NA,NA,NA,NA
NEG_0083,1:1,0,5,Jaintia Hills Block,25.069240,92.074267,10690.0,1053.29,25.36,211.52,0.002986,0.000040,4.7339,25.2009,10,Tree cover,0.821,29.5,47.5,1.44,5.0,Siliciclastic Sedimentary,SS,225.6,286.9,NA,NA,NO_EVENT,NA,NA,NA,NA,NA,NA,NA,NA,NA,NA
NEG_0084,1:1,0,1,Garo Hills Block,25.667437,90.806189,3548.6,259.77,33.71,219.13,-0.001245,-0.001958,3.9811,51.2737,10,Tree cover,0.666,28.7,48.0,1.32,5.4,Mixed Sedimentary,SM,193.0,1113.1,NA,NA,NO_EVENT,NA,NA,NA,NA,NA,NA,NA,NA,NA,NA
NEG_0085,1:1,0,3,East Khasi Block,25.556356,91.858221,1202.4,1763.83,22.54,290.23,0.004590,0.000058,4.8413,19.6210,10,Tree cover,0.786,22.0,61.0,1.30,4.6,Plutonic Acidic,PA,74.6,2819.3,NA,NA,NO_EVENT,NA,NA,NA,NA,NA,NA,NA,NA,NA,NA
NEG_0086,1:1,0,1,Garo Hills Block,25.292908,90.647691,6042.6,92.70,24.49,97.25,0.001709,-0.001743,5.4406,44.9936,10,Tree cover,0.779,26.3,53.1,1.41,5.1,Mixed Sedimentary,SM,56.0,1220.6,NA,NA,NO_EVENT,NA,NA,NA,NA,NA,NA,NA,NA,NA,NA
NEG_0087,1:1,0,1,Garo Hills Block,25.149650,89.923634,29229.6,47.51,14.78,12.85,0.000569,0.002628,5.8849,18.3226,40,Cropland,0.507,30.2,51.6,1.44,5.4,Mixed Sedimentary,SM,60.7,4305.1,NA,NA,NO_EVENT,NA,NA,NA,NA,NA,NA,NA,NA,NA,NA
NEG_0088,1:1,0,3,East Khasi Block,25.644156,91.818744,2222.4,1699.70,29.72,305.88,-0.000554,-0.002519,4.2542,41.5876,10,Tree cover,0.659,27.2,38.1,1.29,4.3,Metamorphic,MT,45.6,4025.9,NA,NA,NO_EVENT,NA,NA,NA,NA,NA,NA,NA,NA,NA,NA
NEG_0089,1:1,0,3,East Khasi Block,25.458025,91.981088,5851.5,1662.74,27.94,188.10,0.004774,-0.000097,4.7204,26.8426,60,Bare / sparse vegetation,0.197,32.0,42.6,1.36,4.6,Metamorphic,MT,11.4,659.0,NA,NA,NO_EVENT,NA,NA,NA,NA,NA,NA,NA,NA,NA,NA
NEG_0090,1:1,0,2,West Khasi Block,25.317593,91.591270,3195.1,1374.21,23.57,81.83,0.004507,0.000116,5.4991,46.0454,10,Tree cover,0.765,25.3,44.1,1.41,5.2,Siliciclastic Sedimentary,SS,206.2,176.7,NA,NA,NO_EVENT,NA,NA,NA,NA,NA,NA,NA,NA,NA,NA
NEG_0091,1:1,0,5,Jaintia Hills Block,25.216660,92.356689,3385.2,1119.53,30.70,36.70,-0.004270,0.000231,4.8416,32.2547,10,Tree cover,0.815,41.6,32.0,1.34,5.5,Carbonate Sedimentary,SC,122.9,3967.6,NA,NA,NO_EVENT,NA,NA,NA,NA,NA,NA,NA,NA,NA,NA
NEG_0092,1:1,0,1,Garo Hills Block,25.772042,90.044719,17674.9,31.60,24.03,163.57,0.000225,0.002848,5.1214,42.4214,10,Tree cover,0.719,30.3,52.8,1.33,5.4,Mixed Sedimentary,SM,91.8,1342.7,NA,NA,NO_EVENT,NA,NA,NA,NA,NA,NA,NA,NA,NA,NA
NEG_0093,1:1,0,1,Garo Hills Block,25.255829,90.639204,1862.6,25.00,31.16,92.58,-0.000202,-0.002330,4.8843,43.9527,10,Tree cover,0.799,27.7,53.1,1.42,5.1,Mixed Sedimentary,SM,62.5,932.5,NA,NA,NO_EVENT,NA,NA,NA,NA,NA,NA,NA,NA,NA,NA
NEG_0094,1:1,0,3,East Khasi Block,25.528211,91.709673,2080.2,1684.22,18.72,323.15,-0.001813,-0.001562,5.2118,18.0110,10,Tree cover,0.656,29.6,39.6,1.33,4.4,Metamorphic,MT,295.5,1988.3,NA,NA,NO_EVENT,NA,NA,NA,NA,NA,NA,NA,NA,NA,NA
NEG_0095,1:1,0,1,Garo Hills Block,25.148951,90.757898,14366.7,202.74,17.28,170.28,0.001485,-0.001813,5.6822,18.3468,10,Tree cover,0.829,30.2,50.1,1.44,5.3,Mixed Sedimentary,SM,173.8,811.3,NA,NA,NO_EVENT,NA,NA,NA,NA,NA,NA,NA,NA,NA,NA
NEG_0096,1:1,0,4,Ri-Bhoi Block,25.973291,92.150648,9375.9,1180.90,24.01,121.58,-0.002313,-0.001392,5.4199,23.2542,10,Tree cover,0.823,35.0,46.9,1.35,5.1,Metamorphic,MT,173.5,1292.3,NA,NA,NO_EVENT,NA,NA,NA,NA,NA,NA,NA,NA,NA,NA
NEG_0097,1:1,0,3,East Khasi Block,25.170244,91.714248,2441.8,1323.16,20.21,20.50,0.003525,0.000861,5.5297,20.1183,10,Tree cover,0.827,30.0,47.7,1.44,5.4,Siliciclastic Sedimentary,SS,344.0,637.9,NA,NA,NO_EVENT,NA,NA,NA,NA,NA,NA,NA,NA,NA,NA
NEG_0098,1:1,0,2,West Khasi Block,25.527162,91.281931,863.6,932.99,18.17,255.53,-0.000661,0.002583,5.2587,18.0041,10,Tree cover,0.656,29.6,42.5,1.33,4.8,Metamorphic,MT,35.2,209.4,NA,NA,NO_EVENT,NA,NA,NA,NA,NA,NA,NA,NA,NA,NA
NEG_0099,1:1,0,1,Garo Hills Block,25.320221,90.421765,22059.9,25.00,16.49,48.41,-0.000837,-0.000075,6.0625,37.6885,10,Tree cover,0.763,25.2,46.2,1.41,4.8,Mixed Sedimentary,SM,39.5,47.6,NA,NA,NO_EVENT,NA,NA,NA,NA,NA,NA,NA,NA,NA,NA
NEG_0100,1:1,0,1,Garo Hills Block,25.412123,90.081861,4020.9,48.60,32.29,153.49,-0.002869,-0.001049,4.5531,42.0221,10,Tree cover,0.706,22.7,51.9,1.37,5.3,Mixed Sedimentary,SM,269.5,3524.3,NA,NA,NO_EVENT,NA,NA,NA,NA,NA,NA,NA,NA,NA,NA
NEG_0101,1:1,0,2,West Khasi Block,25.065328,91.542495,10520.9,1086.63,25.12,241.27,-0.000436,0.000342,4.7407,25.9498,60,Bare / sparse vegetation,0.193,29.4,44.4,1.44,5.1,Siliciclastic Sedimentary,SS,4.5,699.0,NA,NA,NO_EVENT,NA,NA,NA,NA,NA,NA,NA,NA,NA,NA
NEG_0102,1:1,0,5,Jaintia Hills Block,25.238575,92.802374,13380.7,428.52,26.04,109.67,0.000016,0.002639,5.2654,35.5338,10,Tree cover,0.806,28.3,44.3,1.43,5.3,Siliciclastic Sedimentary,SS,72.4,1336.1,NA,NA,NO_EVENT,NA,NA,NA,NA,NA,NA,NA,NA,NA,NA
NEG_0103,1:1,0,5,Jaintia Hills Block,25.131677,92.002642,6455.1,1238.60,14.56,180.68,-0.000121,-0.001223,5.8309,18.0013,10,Tree cover,0.830,38.5,24.8,1.32,6.1,Carbonate Sedimentary,SC,91.3,1568.0,NA,NA,NO_EVENT,NA,NA,NA,NA,NA,NA,NA,NA,NA,NA
NEG_0104,1:1,0,2,West Khasi Block,25.589950,91.598268,3775.7,1430.10,26.18,281.80,0.004378,-0.000330,4.5095,25.6502,10,Tree cover,0.650,27.9,43.7,1.31,4.6,Metamorphic,MT,115.0,5401.3,NA,NA,NO_EVENT,NA,NA,NA,NA,NA,NA,NA,NA,NA,NA
NEG_0105,1:1,0,4,Ri-Bhoi Block,25.663986,92.436041,6030.8,1046.94,35.23,312.02,0.000841,0.002190,3.8515,51.8618,60,Bare / sparse vegetation,0.291,27.2,38.9,1.29,4.6,Metamorphic,MT,13.9,1727.4,NA,NA,NO_EVENT,NA,NA,NA,NA,NA,NA,NA,NA,NA,NA
NEG_0106,1:1,0,2,West Khasi Block,25.336189,91.518659,5436.8,1288.39,14.65,121.79,-0.002941,-0.000849,6.1858,35.5234,10,Tree cover,0.753,25.9,51.7,1.32,4.7,Plutonic Acidic,PA,416.3,1179.9,NA,NA,NO_EVENT,NA,NA,NA,NA,NA,NA,NA,NA,NA,NA
NEG_0107,1:1,0,3,East Khasi Block,25.610124,91.831629,1863.4,1745.75,26.76,299.48,0.002233,-0.001584,4.4600,30.6171,10,Tree cover,0.805,27.5,38.2,1.30,4.3,Metamorphic,MT,203.7,2050.7,NA,NA,NO_EVENT,NA,NA,NA,NA,NA,NA,NA,NA,NA,NA
NEG_0108,1:1,0,2,West Khasi Block,25.587307,91.567736,6073.8,1382.42,22.53,264.40,0.002411,-0.000925,4.8031,24.0992,60,Bare / sparse vegetation,0.192,27.9,44.8,1.31,5.0,Metamorphic,MT,11.1,4757.6,NA,NA,NO_EVENT,NA,NA,NA,NA,NA,NA,NA,NA,NA,NA
NEG_0109,1:1,0,1,Garo Hills Block,25.701929,90.432376,7803.4,25.00,21.74,328.18,0.002091,-0.000252,5.0378,43.4349,10,Tree cover,0.680,29.6,46.6,1.32,4.8,Mixed Sedimentary,SM,11.6,5111.6,NA,NA,NO_EVENT,NA,NA,NA,NA,NA,NA,NA,NA,NA,NA
NEG_0110,1:1,0,5,Jaintia Hills Block,25.643909,92.556022,8121.0,940.16,25.73,249.02,-0.000124,-0.002912,4.5731,38.3631,10,Tree cover,0.658,27.2,38.6,1.29,4.5,Metamorphic,MT,236.8,3805.7,NA,NA,NO_EVENT,NA,NA,NA,NA,NA,NA,NA,NA,NA,NA
NEG_0111,1:1,0,4,Ri-Bhoi Block,26.059186,92.790266,9586.0,406.95,25.76,159.37,-0.001402,0.001115,5.0031,43.2459,60,Bare / sparse vegetation,0.161,34.7,46.2,1.38,5.1,Metamorphic,MT,7.9,1049.1,NA,NA,NO_EVENT,NA,NA,NA,NA,NA,NA,NA,NA,NA,NA
NEG_0112,1:1,0,2,West Khasi Block,25.116559,91.352398,8980.6,888.38,24.35,191.70,0.001952,-0.000352,4.9876,18.4870,10,Tree cover,0.829,30.2,51.4,1.44,4.8,Siliciclastic Sedimentary,SS,235.4,2328.2,NA,NA,NO_EVENT,NA,NA,NA,NA,NA,NA,NA,NA,NA,NA
NEG_0113,1:1,0,4,Ri-Bhoi Block,25.655919,92.421239,5832.6,1049.20,35.95,313.86,-0.000270,0.002598,3.7768,50.2289,10,Tree cover,0.758,27.2,39.2,1.29,4.6,Metamorphic,MT,28.0,2196.0,NA,NA,NO_EVENT,NA,NA,NA,NA,NA,NA,NA,NA,NA,NA
NEG_0114,1:1,0,5,Jaintia Hills Block,25.089863,92.286002,5035.5,988.69,18.32,329.97,-0.001505,-0.001348,5.3681,20.4869,10,Tree cover,0.826,36.8,30.9,1.31,5.4,Carbonate Sedimentary,SC,160.8,25.0,NA,NA,NO_EVENT,NA,NA,NA,NA,NA,NA,NA,NA,NA,NA
NEG_0115,1:1,0,4,Ri-Bhoi Block,25.901188,92.821593,12139.0,415.67,23.19,97.19,-0.000807,-0.002497,5.5391,18.5086,10,Tree cover,0.796,33.6,46.7,1.32,5.1,Metamorphic,MT,213.6,1482.6,NA,NA,NO_EVENT,NA,NA,NA,NA,NA,NA,NA,NA,NA,NA
NEG_0116,1:1,0,2,West Khasi Block,25.413379,91.598849,3844.9,1460.42,31.90,57.13,-0.003241,-0.000551,4.5796,41.3576,10,Tree cover,0.705,33.5,43.7,1.37,4.6,Metamorphic,MT,184.3,645.7,NA,NA,NO_EVENT,NA,NA,NA,NA,NA,NA,NA,NA,NA,NA
NEG_0117,1:1,0,3,East Khasi Block,25.551246,91.921461,958.9,1730.81,22.77,251.19,0.000166,-0.001523,4.8327,19.1481,60,Bare / sparse vegetation,0.166,28.9,40.3,1.32,4.4,Metamorphic,MT,17.7,2034.9,NA,NA,NO_EVENT,NA,NA,NA,NA,NA,NA,NA,NA,NA,NA
NEG_0118,1:1,0,5,Jaintia Hills Block,25.066673,92.010417,13229.3,1089.72,22.61,213.48,-0.004072,0.000140,4.9457,24.8997,10,Tree cover,0.821,29.5,50.3,1.44,5.1,Siliciclastic Sedimentary,SS,32.0,148.1,NA,NA,NO_EVENT,NA,NA,NA,NA,NA,NA,NA,NA,NA,NA
NEG_0119,1:1,0,3,East Khasi Block,25.310369,91.694835,2907.1,1402.21,21.58,46.71,-0.002636,-0.000674,5.6652,43.3195,10,Tree cover,0.769,25.6,46.9,1.41,5.1,Siliciclastic Sedimentary,SS,96.1,176.0,NA,NA,NO_EVENT,NA,NA,NA,NA,NA,NA,NA,NA,NA,NA
NEG_0120,1:1,0,4,Ri-Bhoi Block,26.082871,91.031935,28176.0,448.90,29.79,354.08,-0.001382,-0.000547,4.5862,51.5092,10,Tree cover,0.824,34.3,39.0,1.38,4.6,Metamorphic,MT,83.1,314.3,NA,NA,NO_EVENT,NA,NA,NA,NA,NA,NA,NA,NA,NA,NA
NEG_0121,1:1,0,1,Garo Hills Block,25.144249,89.824745,35468.6,62.05,23.30,6.76,-0.001155,-0.001672,5.1819,18.2363,10,Tree cover,0.830,30.3,47.5,1.44,5.2,Mixed Sedimentary,SM,73.6,988.2,NA,NA,NO_EVENT,NA,NA,NA,NA,NA,NA,NA,NA,NA,NA
NEG_0122,1:1,0,2,West Khasi Block,25.098542,91.052219,10389.1,504.61,23.25,338.65,0.000829,-0.001921,5.0059,20.0369,10,Tree cover,0.827,30.1,46.3,1.44,5.2,Siliciclastic Sedimentary,SS,135.1,294.0,NA,NA,NO_EVENT,NA,NA,NA,NA,NA,NA,NA,NA,NA,NA
NEG_0123,1:1,0,2,West Khasi Block,25.113085,91.354535,9217.7,885.07,24.75,193.87,0.002353,-0.000197,4.9419,18.7283,10,Tree cover,0.829,30.2,51.4,1.44,4.8,Siliciclastic Sedimentary,SS,152.6,2461.0,NA,NA,NO_EVENT,NA,NA,NA,NA,NA,NA,NA,NA,NA,NA
NEG_0124,1:1,0,2,West Khasi Block,25.538766,91.550074,2390.9,1317.80,17.76,251.23,0.000337,0.002232,5.2613,18.2413,10,Tree cover,0.654,29.2,45.4,1.32,5.0,Metamorphic,MT,200.1,2232.9,NA,NA,NO_EVENT,NA,NA,NA,NA,NA,NA,NA,NA,NA,NA
NEG_0125,1:1,0,3,East Khasi Block,25.287953,91.765112,2722.8,1452.02,20.36,46.36,-0.002428,0.001536,5.7711,39.8800,10,Tree cover,0.782,26.5,50.0,1.42,5.1,Siliciclastic Sedimentary,SS,57.8,1207.1,NA,NA,NO_EVENT,NA,NA,NA,NA,NA,NA,NA,NA,NA,NA
NEG_0126,1:1,0,5,Jaintia Hills Block,25.035203,92.303992,6353.1,885.99,26.41,315.14,0.000323,0.002277,4.5560,33.6845,10,Tree cover,0.810,28.6,46.1,1.43,4.8,Siliciclastic Sedimentary,SS,235.4,104.0,NA,NA,NO_EVENT,NA,NA,NA,NA,NA,NA,NA,NA,NA,NA
NEG_0127,1:1,0,4,Ri-Bhoi Block,25.855116,91.386363,8536.7,1100.50,35.22,139.41,0.002668,0.001394,4.5056,27.8637,60,Bare / sparse vegetation,0.362,32.1,46.1,1.31,5.0,Metamorphic,MT,17.0,1684.2,NA,NA,NO_EVENT,NA,NA,NA,NA,NA,NA,NA,NA,NA,NA
NEG_0128,1:1,0,1,Garo Hills Block,26.052200,90.358147,30282.7,72.70,32.75,32.01,0.004148,-0.000242,4.4713,48.3228,10,Tree cover,0.829,22.6,44.4,1.42,4.8,Mixed Sedimentary,SM,90.2,612.6,NA,NA,NO_EVENT,NA,NA,NA,NA,NA,NA,NA,NA,NA,NA
NEG_0129,1:1,0,2,West Khasi Block,25.079689,91.482769,9000.5,964.63,20.49,211.95,-0.004851,0.000007,5.1584,22.1695,10,Tree cover,0.824,29.8,46.0,1.44,5.0,Siliciclastic Sedimentary,SS,32.8,1074.6,NA,NA,NO_EVENT,NA,NA,NA,NA,NA,NA,NA,NA,NA,NA
NEG_0130,1:1,0,3,East Khasi Block,25.257748,91.704609,2837.0,1414.86,28.81,44.80,0.000060,-0.002039,5.0748,42.4811,10,Tree cover,0.798,27.6,47.3,1.42,5.1,Siliciclastic Sedimentary,SS,191.4,109.0,NA,NA,NO_EVENT,NA,NA,NA,NA,NA,NA,NA,NA,NA,NA
NEG_0131,1:1,0,4,Ri-Bhoi Block,25.901689,92.816108,12288.1,424.30,22.94,100.26,-0.000603,-0.002636,5.5594,18.4740,10,Tree cover,0.796,33.6,46.7,1.32,5.1,Metamorphic,MT,78.6,933.6,NA,NA,NO_EVENT,NA,NA,NA,NA,NA,NA,NA,NA,NA,NA
NEG_0132,1:1,0,2,West Khasi Block,25.215991,91.341498,3599.4,962.33,33.82,133.62,-0.004018,0.000571,4.5902,33.4923,10,Tree cover,0.815,29.0,51.8,1.43,4.8,Siliciclastic Sedimentary,SS,177.0,1005.5,NA,NA,NO_EVENT,NA,NA,NA,NA,NA,NA,NA,NA,NA,NA
NEG_0133,1:1,0,3,East Khasi Block,25.194832,91.958082,3804.6,1321.70,26.60,136.68,0.003844,0.000036,5.1047,25.2490,10,Tree cover,0.822,29.6,52.1,1.44,5.2,Siliciclastic Sedimentary,SS,147.0,160.1,NA,NA,NO_EVENT,NA,NA,NA,NA,NA,NA,NA,NA,NA,NA
NEG_0134,1:1,0,5,Jaintia Hills Block,25.223094,92.357657,3929.2,1121.86,31.40,38.19,-0.003830,0.000245,4.8022,34.4883,10,Tree cover,0.813,41.8,32.0,1.34,5.5,Carbonate Sedimentary,SC,118.9,4156.4,NA,NA,NO_EVENT,NA,NA,NA,NA,NA,NA,NA,NA,NA,NA
NEG_0135,1:1,0,2,West Khasi Block,25.358541,91.444417,3849.0,1109.98,18.41,141.48,-0.001686,0.001986,5.8364,38.8883,10,Tree cover,0.739,25.8,52.0,1.32,4.8,Plutonic Acidic,PA,111.4,2237.5,NA,NA,NO_EVENT,NA,NA,NA,NA,NA,NA,NA,NA,NA,NA
NEG_0136,1:1,0,1,Garo Hills Block,25.165175,90.911339,13316.6,353.39,21.44,139.17,-0.000573,0.002041,5.4123,19.6936,10,Tree cover,0.828,30.1,44.4,1.44,5.4,Mixed Sedimentary,SM,31.5,75.9,NA,NA,NO_EVENT,NA,NA,NA,NA,NA,NA,NA,NA,NA,NA
NEG_0137,1:1,0,1,Garo Hills Block,25.451149,90.041376,7961.0,39.46,35.51,187.11,-0.000414,0.000317,4.1422,31.3608,10,Tree cover,0.844,22.5,52.8,1.36,5.4,Mixed Sedimentary,SM,252.1,789.2,NA,NA,NO_EVENT,NA,NA,NA,NA,NA,NA,NA,NA,NA,NA
NEG_0138,1:1,0,2,West Khasi Block,25.262709,91.586371,582.4,1231.72,31.88,84.70,0.000454,0.001589,4.8350,46.4438,10,Tree cover,0.795,27.4,44.1,1.42,5.2,Siliciclastic Sedimentary,SS,186.3,1045.3,NA,NA,NO_EVENT,NA,NA,NA,NA,NA,NA,NA,NA,NA,NA
NEG_0139,1:1,0,2,West Khasi Block,25.634009,91.428339,8761.6,1159.41,30.31,223.78,-0.000034,0.002939,4.1931,39.1964,60,Bare / sparse vegetation,0.248,27.3,46.8,1.29,5.1,Metamorphic,MT,18.3,1265.9,NA,NA,NO_EVENT,NA,NA,NA,NA,NA,NA,NA,NA,NA,NA
NEG_0140,1:1,0,2,West Khasi Block,25.165630,91.280082,6080.3,803.46,19.13,117.39,0.001308,-0.001907,5.5988,19.5528,10,Tree cover,0.828,30.1,53.0,1.44,4.8,Siliciclastic Sedimentary,SS,109.4,462.3,NA,NA,NO_EVENT,NA,NA,NA,NA,NA,NA,NA,NA,NA,NA
NEG_0141,1:1,0,1,Garo Hills Block,25.226946,90.164295,5919.6,125.86,26.62,141.03,0.000052,-0.002119,5.1939,32.9582,10,Tree cover,0.811,28.7,48.6,1.43,5.2,Mixed Sedimentary,SM,27.6,1101.8,NA,NA,NO_EVENT,NA,NA,NA,NA,NA,NA,NA,NA,NA,NA
NEG_0142,1:1,0,4,Ri-Bhoi Block,26.003137,92.325153,10587.4,899.22,18.87,35.37,-0.000674,0.002361,5.7544,26.9525,10,Tree cover,0.828,35.2,42.6,1.36,4.8,Metamorphic,MT,211.0,5352.8,NA,NA,NO_EVENT,NA,NA,NA,NA,NA,NA,NA,NA,NA,NA
NEG_0143,1:1,0,3,East Khasi Block,25.577751,91.920892,1377.4,1745.35,24.56,253.35,0.000261,0.000387,4.6489,22.8671,10,Tree cover,0.737,28.2,40.3,1.31,4.4,Metamorphic,MT,39.6,529.1,NA,NA,NO_EVENT,NA,NA,NA,NA,NA,NA,NA,NA,NA,NA
NEG_0144,1:1,0,2,West Khasi Block,25.627876,91.358320,5061.2,1098.88,33.81,230.05,0.000934,0.000059,3.9066,39.6678,10,Tree cover,0.655,27.3,45.3,1.29,5.0,Metamorphic,MT,224.5,5976.9,NA,NA,NO_EVENT,NA,NA,NA,NA,NA,NA,NA,NA,NA,NA
NEG_0145,1:1,0,1,Garo Hills Block,25.128331,89.847721,35362.7,37.52,20.80,357.48,0.000550,-0.000136,5.3184,18.0311,10,Tree cover,0.830,30.3,48.5,1.44,5.3,Mixed Sedimentary,SM,77.5,345.6,NA,NA,NO_EVENT,NA,NA,NA,NA,NA,NA,NA,NA,NA,NA
NEG_0146,1:1,0,2,West Khasi Block,25.020054,91.565181,15927.1,1051.00,30.93,262.30,0.000735,0.002523,4.1644,40.8285,60,Bare / sparse vegetation,0.163,28.1,44.1,1.43,5.1,Siliciclastic Sedimentary,SS,12.7,525.0,NA,NA,NO_EVENT,NA,NA,NA,NA,NA,NA,NA,NA,NA,NA
NEG_0147,1:1,0,4,Ri-Bhoi Block,26.098438,91.895085,2085.3,1043.92,34.58,261.35,0.002687,0.001261,4.1416,58.8155,10,Tree cover,0.820,33.9,39.5,1.38,4.6,Metamorphic,MT,423.7,3010.9,NA,NA,NO_EVENT,NA,NA,NA,NA,NA,NA,NA,NA,NA,NA
NEG_0148,1:1,0,3,East Khasi Block,25.447606,91.607041,1562.3,1440.86,35.27,358.62,-0.004994,0.000002,4.1756,32.3959,10,Tree cover,0.845,32.4,43.4,1.36,4.6,Metamorphic,MT,310.8,459.0,NA,NA,NO_EVENT,NA,NA,NA,NA,NA,NA,NA,NA,NA,NA
NEG_0149,1:1,0,5,Jaintia Hills Block,25.516769,92.776532,22912.4,559.84,18.34,229.77,-0.000532,0.002346,5.2755,18.1057,10,Tree cover,0.659,30.0,45.9,1.33,5.0,Metamorphic,MT,13.3,5874.9,NA,NA,NO_EVENT,NA,NA,NA,NA,NA,NA,NA,NA,NA,NA
NEG_0150,1:1,0,4,Ri-Bhoi Block,25.675928,91.562365,3667.9,1452.11,29.76,258.72,-0.001687,-0.001456,4.3183,49.1167,10,Tree cover,0.669,27.3,45.0,1.28,4.7,Metamorphic,MT,36.3,6448.4,NA,NA,NO_EVENT,NA,NA,NA,NA,NA,NA,NA,NA,NA,NA
NEG_0151,1:1,0,5,Jaintia Hills Block,25.590400,92.009978,4538.1,1675.76,17.85,226.93,-0.003714,-0.000734,5.1757,23.2824,10,Tree cover,0.650,27.9,43.7,1.31,4.6,Metamorphic,MT,65.8,2246.4,NA,NA,NO_EVENT,NA,NA,NA,NA,NA,NA,NA,NA,NA,NA
NEG_0152,1:1,0,4,Ri-Bhoi Block,25.685781,91.501808,9231.5,1292.40,23.82,224.90,0.004253,-0.000413,4.8209,44.2769,60,Bare / sparse vegetation,0.322,27.3,46.5,1.28,5.1,Metamorphic,MT,15.2,2917.3,NA,NA,NO_EVENT,NA,NA,NA,NA,NA,NA,NA,NA,NA,NA
NEG_0153,1:1,0,1,Garo Hills Block,25.948397,90.775609,26199.8,160.55,19.87,135.94,0.001994,-0.000080,5.7922,19.3700,10,Tree cover,0.816,25.2,49.3,1.39,5.3,Mixed Sedimentary,SM,133.8,176.7,NA,NA,NO_EVENT,NA,NA,NA,NA,NA,NA,NA,NA,NA,NA
NEG_0154,1:1,0,1,Garo Hills Block,25.072898,90.977378,14624.2,487.47,21.34,296.34,-0.004971,0.000018,5.0675,23.4344,10,Tree cover,0.822,29.6,44.3,1.44,5.3,Mixed Sedimentary,SM,158.3,152.8,NA,NA,NO_EVENT,NA,NA,NA,NA,NA,NA,NA,NA,NA,NA
NEG_0155,1:1,0,4,Ri-Bhoi Block,25.927556,92.132942,7167.5,1215.59,27.74,123.76,-0.003665,0.000801,5.1790,18.1886,10,Tree cover,0.808,34.3,46.8,1.33,5.1,Metamorphic,MT,186.8,2395.0,NA,NA,NO_EVENT,NA,NA,NA,NA,NA,NA,NA,NA,NA,NA
NEG_0156,1:1,0,2,West Khasi Block,25.208672,91.257457,2509.5,771.72,24.48,85.18,0.003797,0.000576,5.3170,27.5702,10,Tree cover,0.818,29.2,53.1,1.43,4.8,Siliciclastic Sedimentary,SS,88.7,47.0,NA,NA,NO_EVENT,NA,NA,NA,NA,NA,NA,NA,NA,NA,NA
NEG_0157,1:1,0,1,Garo Hills Block,25.779205,90.683471,15571.3,127.36,16.11,158.85,-0.000909,-0.002454,5.7834,33.5323,10,Tree cover,0.723,30.2,52.6,1.34,5.2,Mixed Sedimentary,SM,70.9,343.3,NA,NA,NO_EVENT,NA,NA,NA,NA,NA,NA,NA,NA,NA,NA
NEG_0158,1:1,0,1,Garo Hills Block,25.717296,90.906767,8438.4,510.71,23.84,225.89,-0.001198,-0.001326,4.9233,46.5710,10,Tree cover,0.688,29.9,44.5,1.32,5.4,Mixed Sedimentary,SM,311.5,1405.3,NA,NA,NO_EVENT,NA,NA,NA,NA,NA,NA,NA,NA,NA,NA
NEG_0159,1:1,0,4,Ri-Bhoi Block,25.739737,91.193663,4756.0,859.34,17.66,341.74,0.001468,-0.002109,5.5026,38.7581,10,Tree cover,0.700,28.3,39.4,1.28,4.6,Metamorphic,MT,268.8,6683.4,NA,NA,NO_EVENT,NA,NA,NA,NA,NA,NA,NA,NA,NA,NA
NEG_0160,1:1,0,2,West Khasi Block,25.105304,91.014336,9924.5,499.18,17.96,335.95,-0.002101,-0.001737,5.4548,19.0218,10,Tree cover,0.828,30.2,45.0,1.44,5.3,Siliciclastic Sedimentary,SS,49.9,56.7,NA,NA,NO_EVENT,NA,NA,NA,NA,NA,NA,NA,NA,NA,NA
NEG_0161,1:1,0,4,Ri-Bhoi Block,25.763383,92.200755,6826.3,1306.72,21.12,155.03,-0.000178,-0.002365,5.3197,40.6400,10,Tree cover,0.714,28.9,46.5,1.28,5.1,Metamorphic,MT,189.5,5822.1,NA,NA,NO_EVENT,NA,NA,NA,NA,NA,NA,NA,NA,NA,NA
NEG_0162,1:1,0,1,Garo Hills Block,25.119203,90.749439,15544.9,141.23,16.24,188.43,-0.001452,-0.001372,5.6468,18.2277,10,Tree cover,0.830,30.3,50.5,1.44,5.3,Mixed Sedimentary,SM,131.8,305.2,NA,NA,NO_EVENT,NA,NA,NA,NA,NA,NA,NA,NA,NA,NA
NEG_0163,1:1,0,1,Garo Hills Block,25.663953,89.820471,19104.7,25.00,35.08,319.25,-0.002446,-0.001507,3.8634,51.7089,10,Tree cover,0.756,28.6,47.3,1.32,5.2,Mixed Sedimentary,SM,144.4,566.6,NA,NA,NO_EVENT,NA,NA,NA,NA,NA,NA,NA,NA,NA,NA
NEG_0164,1:1,0,1,Garo Hills Block,25.395855,90.285496,13317.4,100.15,28.55,125.28,0.000141,-0.002857,4.9114,43.3812,10,Tree cover,0.716,23.0,44.4,1.38,4.9,Mixed Sedimentary,SM,54.1,2130.1,NA,NA,NO_EVENT,NA,NA,NA,NA,NA,NA,NA,NA,NA,NA
NEG_0165,1:1,0,1,Garo Hills Block,25.792654,90.900630,10979.9,409.02,22.60,146.31,0.001469,-0.001923,5.3163,37.2986,10,Tree cover,0.732,30.1,44.6,1.34,5.4,Mixed Sedimentary,SM,124.4,5152.4,NA,NA,NO_EVENT,NA,NA,NA,NA,NA,NA,NA,NA,NA,NA
NEG_0166,1:1,0,1,Garo Hills Block,25.204571,90.641352,1114.5,25.00,29.11,95.55,-0.002853,-0.000543,4.9344,28.3199,10,Tree cover,0.819,29.3,53.1,1.43,5.1,Mixed Sedimentary,SM,23.4,332.0,NA,NA,NO_EVENT,NA,NA,NA,NA,NA,NA,NA,NA,NA,NA
NEG_0167,1:1,0,1,Garo Hills Block,25.080232,89.905978,36612.6,25.00,20.71,329.32,0.000771,0.000756,5.1427,22.1335,10,Tree cover,0.824,29.8,51.0,1.44,5.4,Mixed Sedimentary,SM,18.9,302.4,NA,NA,NO_EVENT,NA,NA,NA,NA,NA,NA,NA,NA,NA,NA
NEG_0168,1:1,0,5,Jaintia Hills Block,25.644376,92.186292,4368.3,1458.15,34.14,258.13,0.000328,0.002795,3.9010,45.1637,10,Tree cover,0.659,27.2,46.7,1.29,4.8,Metamorphic,MT,499.8,264.1,NA,NA,NO_EVENT,NA,NA,NA,NA,NA,NA,NA,NA,NA,NA
NEG_0169,1:1,0,4,Ri-Bhoi Block,25.759530,91.682146,2338.9,1445.24,20.55,358.99,0.000049,-0.002896,5.3499,40.4795,10,Tree cover,0.711,28.8,40.5,1.28,4.4,Metamorphic,MT,79.9,3751.0,NA,NA,NO_EVENT,NA,NA,NA,NA,NA,NA,NA,NA,NA,NA
NEG_0170,1:1,0,1,Garo Hills Block,25.328577,90.073320,6042.0,58.96,24.20,123.75,0.003795,-0.000348,5.4343,47.0395,10,Tree cover,0.758,24.9,52.1,1.40,5.3,Mixed Sedimentary,SM,25.7,3080.8,NA,NA,NO_EVENT,NA,NA,NA,NA,NA,NA,NA,NA,NA,NA
NEG_0171,1:1,0,5,Jaintia Hills Block,25.418817,92.293748,562.9,1233.82,24.12,19.78,0.000594,-0.001914,5.1813,34.4223,10,Tree cover,0.702,33.3,43.8,1.37,4.9,Metamorphic,MT,188.0,1623.4,NA,NA,NO_EVENT,NA,NA,NA,NA,NA,NA,NA,NA,NA,NA
NEG_0172,1:1,0,1,Garo Hills Block,26.023170,90.353345,27337.6,103.34,28.61,57.25,0.001331,-0.000082,4.9101,37.0451,10,Tree cover,0.830,23.0,44.3,1.42,4.8,Mixed Sedimentary,SM,105.2,1953.9,NA,NA,NO_EVENT,NA,NA,NA,NA,NA,NA,NA,NA,NA,NA
NEG_0173,1:1,0,5,Jaintia Hills Block,25.635114,92.014059,3381.5,1589.52,24.93,225.34,-0.000027,-0.001946,4.6248,35.6946,10,Tree cover,0.656,27.3,43.9,1.29,4.6,Metamorphic,MT,127.7,3631.1,NA,NA,NO_EVENT,NA,NA,NA,NA,NA,NA,NA,NA,NA,NA
NEG_0174,1:1,0,4,Ri-Bhoi Block,25.896889,92.436182,26714.3,935.94,32.95,52.77,0.000327,0.002804,4.7550,19.1318,10,Tree cover,0.794,33.4,38.9,1.32,4.6,Metamorphic,MT,26.1,1507.0,NA,NA,NO_EVENT,NA,NA,NA,NA,NA,NA,NA,NA,NA,NA
NEG_0175,1:1,0,3,East Khasi Block,25.117010,91.885353,9532.1,1269.87,24.60,291.68,0.001549,0.001632,4.9693,18.4651,10,Tree cover,0.829,30.3,53.1,1.44,5.3,Siliciclastic Sedimentary,SS,41.0,171.4,NA,NA,NO_EVENT,NA,NA,NA,NA,NA,NA,NA,NA,NA,NA
NEG_0176,1:1,0,3,East Khasi Block,25.039571,91.684774,14419.2,1040.57,31.89,317.60,-0.001168,-0.001954,4.1277,35.6036,10,Tree cover,0.812,39.5,22.8,1.31,5.7,Volcanic Basic,VB,61.0,275.4,NA,NA,NO_EVENT,NA,NA,NA,NA,NA,NA,NA,NA,NA,NA
NEG_0177,1:1,0,1,Garo Hills Block,25.180001,90.494525,14254.3,110.11,21.50,24.78,0.004231,-0.000461,5.4621,21.5155,10,Tree cover,0.825,29.9,49.3,1.44,4.8,Mixed Sedimentary,SM,129.1,898.8,NA,NA,NO_EVENT,NA,NA,NA,NA,NA,NA,NA,NA,NA,NA
NEG_0178,1:1,0,4,Ri-Bhoi Block,26.084418,91.571145,8069.4,970.43,31.59,235.66,0.002862,-0.000553,4.4361,53.7561,10,Tree cover,0.824,34.2,44.7,1.38,5.0,Metamorphic,MT,94.4,365.3,NA,NA,NO_EVENT,NA,NA,NA,NA,NA,NA,NA,NA,NA,NA
NEG_0179,1:1,0,1,Garo Hills Block,25.104866,89.904963,34515.4,25.00,16.73,342.07,0.000592,0.002261,5.5515,18.9819,10,Tree cover,0.828,30.1,51.0,1.44,5.4,Mixed Sedimentary,SM,55.1,508.0,NA,NA,NO_EVENT,NA,NA,NA,NA,NA,NA,NA,NA,NA,NA
NEG_0180,1:1,0,5,Jaintia Hills Block,25.387778,92.065837,4930.8,1430.57,21.26,150.50,-0.000193,-0.002716,5.5222,38.2896,10,Tree cover,0.721,34.2,45.6,1.37,4.8,Metamorphic,MT,274.7,2545.5,NA,NA,NO_EVENT,NA,NA,NA,NA,NA,NA,NA,NA,NA,NA
NEG_0181,1:1,0,3,East Khasi Block,25.267510,91.891658,1669.8,1417.49,33.72,90.04,0.000796,-0.002070,4.6925,49.4125,10,Tree cover,0.793,27.3,53.1,1.42,5.1,Siliciclastic Sedimentary,SS,151.1,1003.1,NA,NA,NO_EVENT,NA,NA,NA,NA,NA,NA,NA,NA,NA,NA
NEG_0182,1:1,0,2,West Khasi Block,25.262632,91.522153,3135.4,1187.74,25.13,118.59,-0.000296,0.002468,5.3749,40.4051,10,Tree cover,0.795,27.4,44.8,1.42,5.0,Siliciclastic Sedimentary,SS,206.4,254.0,NA,NA,NO_EVENT,NA,NA,NA,NA,NA,NA,NA,NA,NA,NA
NEG_0183,1:1,0,3,East Khasi Block,25.495797,91.701674,1467.1,1644.90,24.85,333.61,0.001164,-0.002063,4.8241,19.6459,10,Tree cover,0.666,30.7,39.8,1.34,4.4,Metamorphic,MT,145.3,175.2,NA,NA,NO_EVENT,NA,NA,NA,NA,NA,NA,NA,NA,NA,NA
NEG_0184,1:1,0,2,West Khasi Block,25.223034,91.527083,5233.4,1132.28,26.55,121.57,0.001762,0.001693,5.1901,31.9264,10,Tree cover,0.813,28.8,44.7,1.43,5.0,Siliciclastic Sedimentary,SS,103.1,111.6,NA,NA,NO_EVENT,NA,NA,NA,NA,NA,NA,NA,NA,NA,NA
NEG_0185,1:1,0,2,West Khasi Block,25.152962,91.274100,6694.5,803.18,16.92,118.30,0.001192,-0.002285,5.7267,18.5267,10,Tree cover,0.829,30.2,53.1,1.44,4.8,Siliciclastic Sedimentary,SS,86.5,715.6,NA,NA,NO_EVENT,NA,NA,NA,NA,NA,NA,NA,NA,NA,NA
NEG_0186,1:1,0,4,Ri-Bhoi Block,25.954160,91.278245,15854.7,888.74,16.95,99.06,0.001984,0.000316,6.0183,19.6427,10,Tree cover,0.818,34.8,42.4,1.34,4.8,Metamorphic,MT,123.4,3452.8,NA,NA,NO_EVENT,NA,NA,NA,NA,NA,NA,NA,NA,NA,NA
NEG_0187,1:1,0,1,Garo Hills Block,25.548082,90.030393,5386.4,25.00,22.90,254.48,-0.000778,0.001692,4.8289,18.8918,10,Tree cover,0.652,24.3,53.0,1.33,5.4,Mixed Sedimentary,SM,42.7,856.4,NA,NA,NO_EVENT,NA,NA,NA,NA,NA,NA,NA,NA,NA,NA
NEG_0188,1:1,0,1,Garo Hills Block,25.921141,90.969089,12970.5,477.63,19.52,78.77,0.003637,0.000552,5.8382,18.0135,10,Tree cover,0.805,26.3,44.2,1.38,5.3,Mixed Sedimentary,SM,78.2,57.4,NA,NA,NO_EVENT,NA,NA,NA,NA,NA,NA,NA,NA,NA,NA
NEG_0189,1:1,0,1,Garo Hills Block,25.049152,89.885021,40273.7,25.00,27.28,321.65,0.002744,-0.001153,4.5208,30.5827,10,Tree cover,0.815,29.0,50.2,1.43,5.3,Mixed Sedimentary,SM,135.6,317.5,NA,NA,NO_EVENT,NA,NA,NA,NA,NA,NA,NA,NA,NA,NA
NEG_0190,1:1,0,3,East Khasi Block,25.446577,91.842752,1794.7,1696.41,32.94,0.39,-0.004533,-0.000010,4.3661,31.7538,10,Tree cover,0.687,32.4,38.4,1.36,4.3,Metamorphic,MT,120.6,678.2,NA,NA,NO_EVENT,NA,NA,NA,NA,NA,NA,NA,NA,NA,NA
NEG_0191,1:1,0,5,Jaintia Hills Block,25.550749,92.061293,2594.1,1668.17,16.02,220.98,0.001327,0.001479,5.3737,18.7773,10,Tree cover,0.652,28.9,45.5,1.32,4.8,Metamorphic,MT,71.2,2244.9,NA,NA,NO_EVENT,NA,NA,NA,NA,NA,NA,NA,NA,NA,NA
NEG_0192,1:1,0,1,Garo Hills Block,25.506059,89.831820,15105.9,118.80,27.15,330.47,-0.000414,0.001281,4.6049,18.7770,10,Tree cover,0.662,23.2,47.8,1.34,5.2,Mixed Sedimentary,SM,70.7,303.3,NA,NA,NO_EVENT,NA,NA,NA,NA,NA,NA,NA,NA,NA,NA
NEG_0193,1:1,0,4,Ri-Bhoi Block,25.990960,92.144209,8727.9,1158.49,24.97,127.72,-0.001745,-0.001882,5.3009,27.0697,60,Bare / sparse vegetation,0.188,35.2,46.9,1.36,5.1,Metamorphic,MT,11.7,2129.1,NA,NA,NO_EVENT,NA,NA,NA,NA,NA,NA,NA,NA,NA,NA
NEG_0194,1:1,0,4,Ri-Bhoi Block,26.018311,92.141919,9341.1,1121.17,29.00,137.87,0.000534,-0.002045,4.8955,35.9558,60,Bare / sparse vegetation,0.168,35.2,46.9,1.37,5.1,Metamorphic,MT,15.9,1566.8,NA,NA,NO_EVENT,NA,NA,NA,NA,NA,NA,NA,NA,NA,NA
NEG_0195,1:1,0,3,East Khasi Block,25.576059,91.626737,2734.4,1468.71,25.53,296.22,0.004491,0.000113,4.5731,22.7552,10,Tree cover,0.650,28.2,42.6,1.31,4.6,Metamorphic,MT,79.4,3881.8,NA,NA,NO_EVENT,NA,NA,NA,NA,NA,NA,NA,NA,NA,NA
NEG_0196,1:1,0,4,Ri-Bhoi Block,25.814868,91.656448,1255.9,1365.48,29.27,35.80,0.001810,-0.000623,4.8634,36.9926,60,Bare / sparse vegetation,0.393,30.6,41.5,1.29,4.7,Metamorphic,MT,6.6,1878.3,NA,NA,NO_EVENT,NA,NA,NA,NA,NA,NA,NA,NA,NA,NA
NEG_0197,1:1,0,3,East Khasi Block,25.563847,91.857788,1103.1,1765.66,22.84,289.81,0.004873,0.000039,4.8046,20.5071,10,Tree cover,0.787,21.9,61.0,1.30,4.6,Plutonic Acidic,PA,43.4,2016.5,NA,NA,NO_EVENT,NA,NA,NA,NA,NA,NA,NA,NA,NA,NA
NEG_0198,1:1,0,4,Ri-Bhoi Block,25.714085,91.584939,1908.2,1445.18,26.41,279.42,-0.003813,0.000652,4.7061,49.5717,10,Tree cover,0.686,27.7,44.2,1.28,4.7,Metamorphic,MT,38.2,5454.6,NA,NA,NO_EVENT,NA,NA,NA,NA,NA,NA,NA,NA,NA,NA
NEG_0199,1:1,0,2,West Khasi Block,25.241059,91.139788,3521.2,782.13,34.43,43.10,-0.001402,-0.002027,4.5990,41.9959,10,Tree cover,0.805,28.2,50.1,1.43,5.0,Siliciclastic Sedimentary,SS,386.2,298.5,NA,NA,NO_EVENT,NA,NA,NA,NA,NA,NA,NA,NA,NA,NA
NEG_0200,1:1,0,2,West Khasi Block,25.191048,91.008273,3239.6,500.64,22.55,44.63,0.003820,-0.000217,5.4162,23.4729,10,Tree cover,0.823,29.7,44.9,1.44,5.3,Siliciclastic Sedimentary,SS,90.9,251.9,NA,NA,NO_EVENT,NA,NA,NA,NA,NA,NA,NA,NA,NA,NA
NEG_0201,1:1,0,1,Garo Hills Block,25.192402,90.781309,15132.1,309.61,26.59,150.53,0.001320,-0.000229,5.0975,24.7332,10,Tree cover,0.822,29.6,49.1,1.44,5.3,Mixed Sedimentary,SM,148.8,282.7,NA,NA,NO_EVENT,NA,NA,NA,NA,NA,NA,NA,NA,NA,NA
NEG_0202,1:1,0,2,West Khasi Block,25.631721,91.150799,1203.4,794.62,31.83,313.17,0.000202,0.002683,4.0689,39.5680,60,Bare / sparse vegetation,0.245,27.3,38.4,1.29,4.5,Metamorphic,MT,11.8,4129.5,NA,NA,NO_EVENT,NA,NA,NA,NA,NA,NA,NA,NA,NA,NA
NEG_0203,1:1,0,4,Ri-Bhoi Block,25.919350,92.188126,6904.2,1178.53,28.14,99.94,0.001231,0.001935,5.1488,18.0032,10,Tree cover,0.804,34.1,46.7,1.33,5.1,Metamorphic,MT,66.7,284.8,NA,NA,NO_EVENT,NA,NA,NA,NA,NA,NA,NA,NA,NA,NA
NEG_0204,1:1,0,1,Garo Hills Block,25.352802,90.553294,14580.8,39.96,23.12,47.96,0.001091,-0.002025,5.4737,44.7576,10,Tree cover,0.743,24.1,51.7,1.39,4.9,Mixed Sedimentary,SM,37.0,6915.6,NA,NA,NO_EVENT,NA,NA,NA,NA,NA,NA,NA,NA,NA,NA
NEG_0205,1:1,0,1,Garo Hills Block,25.492466,89.993222,4379.4,25.00,26.18,286.90,0.001883,0.001186,4.7296,20.1359,10,Tree cover,0.667,22.9,53.1,1.35,5.4,Mixed Sedimentary,SM,148.5,100.5,NA,NA,NO_EVENT,NA,NA,NA,NA,NA,NA,NA,NA,NA,NA
NEG_0206,1:1,0,3,East Khasi Block,25.217640,91.653734,1133.6,1283.34,34.17,47.36,-0.001846,-0.001417,4.5666,34.1796,10,Tree cover,0.815,29.0,45.3,1.43,5.3,Siliciclastic Sedimentary,SS,70.9,1631.2,NA,NA,NO_EVENT,NA,NA,NA,NA,NA,NA,NA,NA,NA,NA
NEG_0207,1:1,0,1,Garo Hills Block,25.939338,90.961821,15020.9,487.60,16.70,82.61,0.004319,0.000342,6.0550,18.5709,10,Tree cover,0.812,25.6,44.1,1.39,5.4,Mixed Sedimentary,SM,96.6,525.1,NA,NA,NO_EVENT,NA,NA,NA,NA,NA,NA,NA,NA,NA,NA
NEG_0208,1:1,0,2,West Khasi Block,25.022036,91.593946,16648.9,1073.66,34.17,280.42,0.001701,0.001016,3.9086,42.5849,60,Bare / sparse vegetation,0.164,28.1,44.2,1.43,5.2,Siliciclastic Sedimentary,SS,4.8,350.2,NA,NA,NO_EVENT,NA,NA,NA,NA,NA,NA,NA,NA,NA,NA
NEG_0209,1:1,0,3,East Khasi Block,25.071674,91.786564,13214.6,1127.34,22.48,326.54,-0.001329,-0.000128,4.9722,23.9421,10,Tree cover,0.822,40.3,21.1,1.32,5.7,Volcanic Basic,VB,320.5,269.3,NA,NA,NO_EVENT,NA,NA,NA,NA,NA,NA,NA,NA,NA,NA
NEG_0210,1:1,0,5,Jaintia Hills Block,25.384152,92.479498,4908.9,1035.00,23.30,56.19,0.000010,0.000669,5.3708,40.8768,60,Bare / sparse vegetation,0.295,34.3,38.2,1.38,4.5,Metamorphic,MT,18.8,2198.7,NA,NA,NO_EVENT,NA,NA,NA,NA,NA,NA,NA,NA,NA,NA
NEG_0211,1:1,0,1,Garo Hills Block,25.103839,90.972003,11925.3,475.29,16.13,308.53,-0.003232,0.000476,5.5956,19.0165,10,Tree cover,0.828,30.1,44.2,1.44,5.3,Mixed Sedimentary,SM,14.7,322.3,NA,NA,NO_EVENT,NA,NA,NA,NA,NA,NA,NA,NA,NA,NA
NEG_0212,1:1,0,1,Garo Hills Block,25.988982,90.650958,30576.1,124.73,19.55,101.86,-0.001037,-0.002318,5.7398,24.7623,10,Tree cover,0.826,23.9,53.0,1.40,5.1,Mixed Sedimentary,SM,12.7,1245.7,NA,NA,NO_EVENT,NA,NA,NA,NA,NA,NA,NA,NA,NA,NA
NEG_0213,1:1,0,1,Garo Hills Block,25.948916,90.986064,14688.5,515.80,15.38,69.24,0.004951,-0.000007,6.1508,19.0964,10,Tree cover,0.816,25.2,44.4,1.39,5.3,Mixed Sedimentary,SM,96.8,1465.5,NA,NA,NO_EVENT,NA,NA,NA,NA,NA,NA,NA,NA,NA,NA
NEG_0214,1:1,0,2,West Khasi Block,25.467172,91.426536,5163.8,1237.92,30.75,191.40,0.000674,-0.001439,4.4595,25.4539,10,Tree cover,0.677,31.7,46.8,1.35,5.1,Metamorphic,MT,72.3,2027.1,NA,NA,NO_EVENT,NA,NA,NA,NA,NA,NA,NA,NA,NA,NA
NEG_0215,1:1,0,2,West Khasi Block,25.396243,91.555701,548.1,1412.96,24.28,113.95,-0.000359,-0.002779,5.2517,39.5056,10,Tree cover,0.716,34.0,45.2,1.37,4.7,Metamorphic,MT,52.3,28.4,NA,NA,NO_EVENT,NA,NA,NA,NA,NA,NA,NA,NA,NA,NA
NEG_0216,1:1,0,2,West Khasi Block,25.424306,91.414050,912.2,1137.53,31.92,167.35,-0.000662,0.001586,4.5360,38.0585,10,Tree cover,0.699,33.2,46.6,1.37,5.1,Metamorphic,MT,143.8,2127.3,NA,NA,NO_EVENT,NA,NA,NA,NA,NA,NA,NA,NA,NA,NA
NEG_0217,1:1,0,1,Garo Hills Block,25.067362,90.708303,17636.0,84.41,22.32,222.25,-0.004325,-0.000095,4.9711,24.6830,10,Tree cover,0.821,29.5,51.9,1.44,5.2,Mixed Sedimentary,SM,55.9,458.7,NA,NA,NO_EVENT,NA,NA,NA,NA,NA,NA,NA,NA,NA,NA
NEG_0218,1:1,0,1,Garo Hills Block,25.564841,90.718164,7408.0,228.90,14.50,231.34,-0.004722,-0.000157,5.4702,19.6723,40,Cropland,0.507,24.9,51.6,1.33,5.2,Mixed Sedimentary,SM,11.1,4427.1,NA,NA,NO_EVENT,NA,NA,NA,NA,NA,NA,NA,NA,NA,NA
NEG_0219,1:1,0,1,Garo Hills Block,25.021725,90.787170,26129.5,83.28,31.87,221.89,-0.000217,0.002780,4.0921,41.0233,10,Tree cover,0.804,28.1,48.8,1.43,5.3,Mixed Sedimentary,SM,72.5,529.6,NA,NA,NO_EVENT,NA,NA,NA,NA,NA,NA,NA,NA,NA,NA
NEG_0220,1:1,0,2,West Khasi Block,25.401064,91.453020,556.1,1163.35,23.90,154.96,0.001503,0.001871,5.2650,38.1771,10,Tree cover,0.713,25.4,51.9,1.32,4.8,Plutonic Acidic,PA,40.3,380.4,NA,NA,NO_EVENT,NA,NA,NA,NA,NA,NA,NA,NA,NA,NA
NEG_0221,1:1,0,2,West Khasi Block,25.028001,91.444456,15406.5,833.02,29.69,221.73,-0.001416,-0.002141,4.2783,37.6819,10,Tree cover,0.807,28.3,47.5,1.43,4.9,Siliciclastic Sedimentary,SS,25.8,57.5,NA,NA,NO_EVENT,NA,NA,NA,NA,NA,NA,NA,NA,NA,NA
NEG_0222,1:1,0,2,West Khasi Block,25.035492,91.074262,17663.2,448.07,34.45,318.97,0.002276,0.001629,3.9135,38.3640,10,Tree cover,0.810,28.6,47.2,1.43,5.2,Siliciclastic Sedimentary,SS,25.3,646.6,NA,NA,NO_EVENT,NA,NA,NA,NA,NA,NA,NA,NA,NA,NA
NEG_0223,1:1,0,2,West Khasi Block,25.049304,91.054046,15855.6,455.17,31.39,319.49,0.001149,0.001425,4.1925,32.4339,10,Tree cover,0.815,29.0,46.4,1.43,5.2,Siliciclastic Sedimentary,SS,124.2,128.3,NA,NA,NO_EVENT,NA,NA,NA,NA,NA,NA,NA,NA,NA,NA
NEG_0224,1:1,0,1,Garo Hills Block,25.573110,90.241479,5711.4,45.76,18.57,233.21,-0.004655,-0.000015,5.1333,21.0867,10,Tree cover,0.650,25.2,45.4,1.33,5.0,Mixed Sedimentary,SM,31.6,433.5,NA,NA,NO_EVENT,NA,NA,NA,NA,NA,NA,NA,NA,NA,NA
NEG_0225,1:1,0,3,East Khasi Block,25.284136,91.902924,2608.2,1467.01,30.83,96.47,0.001443,-0.002104,4.9330,50.4137,10,Tree cover,0.784,26.6,53.1,1.42,5.0,Siliciclastic Sedimentary,SS,27.2,1604.7,NA,NA,NO_EVENT,NA,NA,NA,NA,NA,NA,NA,NA,NA,NA
NEG_0226,1:1,0,1,Garo Hills Block,25.675910,90.730555,8330.8,202.95,25.41,222.64,0.004239,-0.000054,4.6663,44.5654,10,Tree cover,0.669,29.0,51.2,1.32,5.2,Mixed Sedimentary,SM,44.2,4575.0,NA,NA,NO_EVENT,NA,NA,NA,NA,NA,NA,NA,NA,NA,NA
NEG_0227,1:1,0,1,Garo Hills Block,25.893173,90.335485,15524.6,25.00,33.78,81.41,-0.000734,-0.001202,4.6852,19.5957,10,Tree cover,0.792,27.4,44.1,1.37,4.9,Mixed Sedimentary,SM,46.1,4061.6,NA,NA,NO_EVENT,NA,NA,NA,NA,NA,NA,NA,NA,NA,NA
NEG_0228,1:1,0,2,West Khasi Block,25.241719,91.257060,4665.0,807.74,26.51,86.00,0.001637,0.001616,5.2338,36.6417,10,Tree cover,0.805,28.2,53.1,1.43,4.8,Siliciclastic Sedimentary,SS,44.1,1261.5,NA,NA,NO_EVENT,NA,NA,NA,NA,NA,NA,NA,NA,NA,NA
NEG_0229,1:1,0,1,Garo Hills Block,25.172363,90.759004,13435.2,241.74,20.46,157.81,0.003073,-0.001115,5.5176,20.3853,10,Tree cover,0.827,30.0,50.1,1.44,5.3,Mixed Sedimentary,SM,102.6,1365.7,NA,NA,NO_EVENT,NA,NA,NA,NA,NA,NA,NA,NA,NA,NA
NEG_0230,1:1,0,3,East Khasi Block,25.444324,91.993679,4082.0,1630.72,27.13,178.27,0.004894,-0.000038,4.8399,29.8901,10,Tree cover,0.688,32.5,43.1,1.36,4.6,Metamorphic,MT,302.4,1155.2,NA,NA,NO_EVENT,NA,NA,NA,NA,NA,NA,NA,NA,NA,NA
NEG_0231,1:1,0,4,Ri-Bhoi Block,25.681822,91.909161,802.7,1740.78,33.89,256.20,-0.001555,0.001125,4.0040,54.6501,10,Tree cover,0.746,27.3,39.9,1.28,4.4,Metamorphic,MT,101.1,1809.7,NA,NA,NO_EVENT,NA,NA,NA,NA,NA,NA,NA,NA,NA,NA
NEG_0232,1:1,0,1,Garo Hills Block,25.906882,89.851016,38545.4,63.97,28.36,44.82,-0.002413,0.000096,5.1287,18.2753,10,Tree cover,0.798,26.8,48.7,1.38,5.3,Mixed Sedimentary,SM,139.2,1147.4,NA,NA,NO_EVENT,NA,NA,NA,NA,NA,NA,NA,NA,NA,NA
NEG_0233,1:1,0,2,West Khasi Block,25.401806,91.311781,5887.2,1065.56,27.40,136.94,-0.000889,-0.002466,4.9823,40.9533,10,Tree cover,0.712,33.8,43.7,1.37,4.9,Metamorphic,MT,109.2,1996.3,NA,NA,NO_EVENT,NA,NA,NA,NA,NA,NA,NA,NA,NA,NA
NEG_0234,1:1,0,2,West Khasi Block,25.131813,91.454275,4766.2,1013.31,16.60,180.56,-0.000087,0.001983,5.6683,18.0011,10,Tree cover,0.830,30.3,47.1,1.44,4.9,Siliciclastic Sedimentary,SS,158.5,201.6,NA,NA,NO_EVENT,NA,NA,NA,NA,NA,NA,NA,NA,NA,NA
NEG_0235,1:1,0,3,East Khasi Block,25.169126,91.766633,2197.0,1338.92,17.28,20.56,0.002740,-0.001326,5.7599,19.7078,10,Tree cover,0.827,30.0,50.0,1.44,5.4,Siliciclastic Sedimentary,SS,75.3,1319.4,NA,NA,NO_EVENT,NA,NA,NA,NA,NA,NA,NA,NA,NA,NA
NEG_0236,1:1,0,1,Garo Hills Block,25.436388,89.872591,14986.3,29.11,29.52,6.15,-0.004049,0.000425,4.6804,33.1359,10,Tree cover,0.693,22.5,49.6,1.37,5.3,Mixed Sedimentary,SM,79.4,2380.9,NA,NA,NO_EVENT,NA,NA,NA,NA,NA,NA,NA,NA,NA,NA
NEG_0237,1:1,0,3,East Khasi Block,25.276521,91.900771,2652.9,1444.06,32.21,95.29,0.001154,-0.002292,4.8197,50.2092,10,Tree cover,0.788,26.9,53.1,1.42,5.0,Siliciclastic Sedimentary,SS,66.9,1705.6,NA,NA,NO_EVENT,NA,NA,NA,NA,NA,NA,NA,NA,NA,NA
NEG_0238,1:1,0,4,Ri-Bhoi Block,26.086946,92.287755,5489.1,907.46,25.65,350.91,-0.001442,-0.000827,4.9012,47.3096,10,Tree cover,0.823,34.2,44.1,1.38,4.9,Metamorphic,MT,66.3,403.0,NA,NA,NO_EVENT,NA,NA,NA,NA,NA,NA,NA,NA,NA,NA
NEG_0239,1:1,0,1,Garo Hills Block,25.579367,90.014055,2413.7,25.00,23.32,265.63,-0.002782,-0.000419,4.7465,22.8930,60,Bare / sparse vegetation,0.184,25.4,53.1,1.33,5.4,Mixed Sedimentary,SM,9.6,120.5,NA,NA,NO_EVENT,NA,NA,NA,NA,NA,NA,NA,NA,NA,NA
NEG_0240,1:1,0,1,Garo Hills Block,25.185441,90.039499,19225.8,25.00,29.52,122.69,-0.000176,-0.000751,4.8396,23.9321,10,Tree cover,0.824,29.8,52.9,1.44,5.4,Mixed Sedimentary,SM,113.7,2040.2,NA,NA,NO_EVENT,NA,NA,NA,NA,NA,NA,NA,NA,NA,NA
NEG_0241,1:1,0,5,Jaintia Hills Block,25.362921,92.019240,1487.3,1453.22,15.14,142.12,-0.001692,-0.001921,6.0866,34.8695,10,Tree cover,0.736,34.7,44.1,1.38,4.7,Metamorphic,MT,81.9,1670.9,NA,NA,NO_EVENT,NA,NA,NA,NA,NA,NA,NA,NA,NA,NA
NEG_0242,1:1,0,1,Garo Hills Block,25.339059,90.207763,9463.9,25.00,14.48,135.75,-0.004024,0.000585,6.1941,35.2657,40,Cropland,0.658,24.6,46.7,1.40,5.1,Mixed Sedimentary,SM,305.0,5077.7,NA,NA,NO_EVENT,NA,NA,NA,NA,NA,NA,NA,NA,NA,NA
NEG_0243,1:1,0,5,Jaintia Hills Block,25.374919,92.438671,744.9,1025.82,25.90,42.25,-0.000362,0.002769,5.1917,45.0862,10,Tree cover,0.729,34.5,38.8,1.38,4.5,Metamorphic,MT,64.8,1158.5,NA,NA,NO_EVENT,NA,NA,NA,NA,NA,NA,NA,NA,NA,NA
NEG_0244,1:1,0,4,Ri-Bhoi Block,25.798724,91.898179,2416.2,1443.22,27.38,100.16,0.002351,-0.001436,4.9567,39.9043,10,Tree cover,0.735,30.1,39.6,1.29,4.4,Metamorphic,MT,39.7,7849.5,NA,NA,NO_EVENT,NA,NA,NA,NA,NA,NA,NA,NA,NA,NA
NEG_0245,1:1,0,5,Jaintia Hills Block,25.069201,92.293473,4581.9,947.37,22.10,322.34,-0.000811,0.000052,4.9946,24.2822,60,Bare / sparse vegetation,0.197,29.5,45.7,1.44,4.8,Siliciclastic Sedimentary,SS,15.2,311.3,NA,NA,NO_EVENT,NA,NA,NA,NA,NA,NA,NA,NA,NA,NA
NEG_0246,1:1,0,1,Garo Hills Block,25.654270,90.810089,2093.7,277.87,34.39,221.69,-0.000992,-0.002404,3.8983,48.3535,10,Tree cover,0.661,28.3,47.8,1.32,5.4,Mixed Sedimentary,SM,131.6,2296.7,NA,NA,NO_EVENT,NA,NA,NA,NA,NA,NA,NA,NA,NA,NA
NEG_0247,1:1,0,1,Garo Hills Block,25.080965,89.878219,38122.5,25.00,23.07,332.71,0.003627,0.000538,4.9564,22.4843,10,Tree cover,0.824,29.8,49.9,1.44,5.3,Mixed Sedimentary,SM,57.1,69.6,NA,NA,NO_EVENT,NA,NA,NA,NA,NA,NA,NA,NA,NA,NA
NEG_0248,1:1,0,2,West Khasi Block,25.148237,91.583029,3645.1,1124.79,21.81,70.06,-0.001509,-0.001671,5.3169,18.4002,10,Tree cover,0.829,30.3,44.1,1.44,5.2,Siliciclastic Sedimentary,SS,179.7,196.5,NA,NA,NO_EVENT,NA,NA,NA,NA,NA,NA,NA,NA,NA,NA
NEG_0249,1:1,0,5,Jaintia Hills Block,25.570548,92.078245,2008.1,1614.71,18.79,224.64,0.003365,0.000112,5.1189,20.8110,10,Tree cover,0.650,28.3,45.9,1.31,4.8,Metamorphic,MT,59.5,1830.5,NA,NA,NO_EVENT,NA,NA,NA,NA,NA,NA,NA,NA,NA,NA
NEG_0250,1:1,0,4,Ri-Bhoi Block,25.763889,91.731034,6500.1,1489.88,15.24,1.62,-0.000352,-0.000259,5.7921,34.2909,10,Tree cover,0.714,28.9,39.0,1.28,4.3,Metamorphic,MT,176.9,3596.3,NA,NA,NO_EVENT,NA,NA,NA,NA,NA,NA,NA,NA,NA,NA
NEG_0251,1:1,0,1,Garo Hills Block,25.675453,90.194400,1565.4,25.00,25.07,218.39,0.002923,0.001164,4.6923,44.1359,60,Bare / sparse vegetation,0.307,29.0,47.2,1.32,5.1,Mixed Sedimentary,SM,17.0,2406.9,NA,NA,NO_EVENT,NA,NA,NA,NA,NA,NA,NA,NA,NA,NA
NEG_0252,1:1,0,1,Garo Hills Block,25.137828,90.638611,8075.7,36.39,20.19,125.76,-0.000406,0.002288,5.4051,18.0401,10,Tree cover,0.830,30.3,53.1,1.44,5.1,Mixed Sedimentary,SM,216.8,981.2,NA,NA,NO_EVENT,NA,NA,NA,NA,NA,NA,NA,NA,NA,NA
NEG_0253,1:1,0,5,Jaintia Hills Block,25.443956,92.688456,10926.1,703.60,35.79,178.30,0.001411,0.000212,4.1486,33.8073,10,Tree cover,0.846,32.5,43.0,1.36,4.8,Metamorphic,MT,116.8,3622.0,NA,NA,NO_EVENT,NA,NA,NA,NA,NA,NA,NA,NA,NA,NA
NEG_0254,1:1,0,2,West Khasi Block,25.584376,91.475149,2367.1,1296.02,17.46,228.97,-0.004688,0.000174,5.2109,22.3225,10,Tree cover,0.650,28.0,46.8,1.31,5.1,Metamorphic,MT,119.5,4460.9,NA,NA,NO_EVENT,NA,NA,NA,NA,NA,NA,NA,NA,NA,NA
NEG_0255,1:1,0,1,Garo Hills Block,25.494923,90.079409,10711.3,36.99,30.19,214.78,-0.001555,0.001430,4.4000,20.1167,10,Tree cover,0.666,22.9,52.0,1.35,5.3,Mixed Sedimentary,SM,185.9,220.6,NA,NA,NO_EVENT,NA,NA,NA,NA,NA,NA,NA,NA,NA,NA
NEG_0256,1:1,0,2,West Khasi Block,25.128633,91.218252,8201.4,756.02,14.55,354.61,-0.000483,0.000995,5.8196,18.0188,10,Tree cover,0.830,30.3,52.7,1.44,4.9,Siliciclastic Sedimentary,SS,71.1,1069.9,NA,NA,NO_EVENT,NA,NA,NA,NA,NA,NA,NA,NA,NA,NA
NEG_0257,1:1,0,4,Ri-Bhoi Block,25.695885,92.352001,13765.6,1078.29,27.52,328.61,-0.004810,-0.000047,4.5558,49.6258,10,Tree cover,0.677,27.5,41.6,1.28,4.7,Metamorphic,MT,257.0,3752.0,NA,NA,NO_EVENT,NA,NA,NA,NA,NA,NA,NA,NA,NA,NA
NEG_0258,1:1,0,1,Garo Hills Block,25.990181,89.800929,49074.4,25.00,25.00,40.37,-0.000917,0.002390,5.3006,26.9092,60,Bare / sparse vegetation,0.189,23.8,46.5,1.41,5.2,Mixed Sedimentary,SM,6.2,260.1,NA,NA,NO_EVENT,NA,NA,NA,NA,NA,NA,NA,NA,NA,NA
NEG_0259,1:1,0,2,West Khasi Block,25.408659,91.343052,4014.6,1071.20,31.60,152.47,-0.002697,-0.000867,4.6213,42.5214,10,Tree cover,0.708,33.6,44.8,1.37,5.0,Metamorphic,MT,57.9,4709.7,NA,NA,NO_EVENT,NA,NA,NA,NA,NA,NA,NA,NA,NA,NA
NEG_0260,1:1,0,5,Jaintia Hills Block,25.428873,92.067028,3756.8,1510.06,27.74,169.66,-0.001994,-0.001171,4.8525,34.2159,10,Tree cover,0.697,33.0,45.6,1.36,4.8,Metamorphic,MT,124.1,2319.8,NA,NA,NO_EVENT,NA,NA,NA,NA,NA,NA,NA,NA,NA,NA
NEG_0261,1:1,0,3,East Khasi Block,25.159484,91.617705,2535.1,1161.39,25.62,33.99,-0.003024,0.000517,5.0561,19.3859,60,Bare / sparse vegetation,0.318,30.2,44.5,1.44,5.2,Siliciclastic Sedimentary,SS,16.2,258.9,NA,NA,NO_EVENT,NA,NA,NA,NA,NA,NA,NA,NA,NA,NA
NEG_0262,1:1,0,2,West Khasi Block,25.531737,91.268004,651.5,908.87,16.35,266.39,-0.001617,0.002009,5.3919,18.0497,10,Tree cover,0.655,29.5,42.0,1.33,4.8,Metamorphic,MT,94.0,895.5,NA,NA,NO_EVENT,NA,NA,NA,NA,NA,NA,NA,NA,NA,NA
NEG_0263,1:1,0,4,Ri-Bhoi Block,26.022616,92.642708,22175.8,536.68,28.36,151.94,0.000956,-0.001900,4.9320,36.7288,10,Tree cover,0.830,35.2,41.2,1.37,4.7,Metamorphic,MT,230.6,598.7,NA,NA,NO_EVENT,NA,NA,NA,NA,NA,NA,NA,NA,NA,NA
NEG_0264,1:1,0,1,Garo Hills Block,25.926430,90.893547,18102.0,378.05,25.43,117.89,-0.002377,0.001350,5.3642,18.1340,10,Tree cover,0.807,26.1,44.8,1.38,5.4,Mixed Sedimentary,SM,71.6,7324.5,NA,NA,NO_EVENT,NA,NA,NA,NA,NA,NA,NA,NA,NA,NA
NEG_0265,1:1,0,1,Garo Hills Block,25.325805,90.115407,8316.1,25.00,20.78,133.42,0.004643,0.000121,5.7120,42.9188,10,Tree cover,0.760,25.0,50.7,1.40,5.3,Mixed Sedimentary,SM,117.6,1980.1,NA,NA,NO_EVENT,NA,NA,NA,NA,NA,NA,NA,NA,NA,NA
NEG_0266,1:1,0,2,West Khasi Block,25.489760,91.559371,4034.4,1333.15,26.09,246.63,-0.000785,0.002488,4.7466,20.4824,10,Tree cover,0.668,30.9,45.1,1.34,5.0,Metamorphic,MT,30.3,1919.0,NA,NA,NO_EVENT,NA,NA,NA,NA,NA,NA,NA,NA,NA,NA
NEG_0267,1:1,0,1,Garo Hills Block,25.937828,90.196555,29385.9,25.00,16.72,133.99,0.003503,0.000591,6.0547,18.4937,10,Tree cover,0.812,25.6,47.1,1.39,5.1,Mixed Sedimentary,SM,42.3,2253.5,NA,NA,NO_EVENT,NA,NA,NA,NA,NA,NA,NA,NA,NA,NA
NEG_0268,1:1,0,3,East Khasi Block,25.243941,91.692949,916.0,1393.33,31.16,44.42,0.000897,-0.002418,4.8658,40.5642,10,Tree cover,0.804,28.1,46.8,1.43,5.3,Siliciclastic Sedimentary,SS,60.2,863.5,NA,NA,NO_EVENT,NA,NA,NA,NA,NA,NA,NA,NA,NA,NA
NEG_0269,1:1,0,2,West Khasi Block,25.197909,91.247183,1370.2,758.39,22.40,75.21,0.004629,0.000065,5.4506,24.6676,10,Tree cover,0.821,29.5,53.0,1.44,4.8,Siliciclastic Sedimentary,SS,169.1,920.0,NA,NA,NO_EVENT,NA,NA,NA,NA,NA,NA,NA,NA,NA,NA
NEG_0270,1:1,0,2,West Khasi Block,25.021156,91.306889,20506.8,801.38,31.39,244.81,0.000518,0.002686,4.1295,40.8441,10,Tree cover,0.804,28.1,52.7,1.43,4.8,Siliciclastic Sedimentary,SS,60.3,656.5,NA,NA,NO_EVENT,NA,NA,NA,NA,NA,NA,NA,NA,NA,NA
NEG_0271,1:1,0,1,Garo Hills Block,25.381603,89.999488,6113.2,126.20,23.44,83.30,-0.000253,-0.001708,5.3678,41.4492,10,Tree cover,0.725,23.3,53.1,1.38,5.4,Mixed Sedimentary,SM,72.0,3575.5,NA,NA,NO_EVENT,NA,NA,NA,NA,NA,NA,NA,NA,NA,NA
NEG_0272,1:1,0,1,Garo Hills Block,25.908892,90.786481,21685.1,254.26,27.54,135.08,0.000364,-0.002526,5.1951,18.1805,10,Tree cover,0.799,26.8,48.8,1.38,5.3,Mixed Sedimentary,SM,156.7,621.8,NA,NA,NO_EVENT,NA,NA,NA,NA,NA,NA,NA,NA,NA,NA
NEG_0273,1:1,0,1,Garo Hills Block,25.801733,90.561673,12250.9,38.51,27.32,30.60,0.002129,0.001366,4.9726,39.1061,10,Tree cover,0.737,30.0,51.9,1.34,4.9,Mixed Sedimentary,SM,140.1,339.8,NA,NA,NO_EVENT,NA,NA,NA,NA,NA,NA,NA,NA,NA,NA
NEG_0274,1:1,0,4,Ri-Bhoi Block,25.779896,91.961194,6247.3,1503.11,19.43,163.72,-0.001852,-0.001545,5.5205,36.6304,10,Tree cover,0.724,29.4,41.8,1.29,4.5,Metamorphic,MT,271.4,5804.1,NA,NA,NO_EVENT,NA,NA,NA,NA,NA,NA,NA,NA,NA,NA
NEG_0275,1:1,0,2,West Khasi Block,25.047141,91.060022,16157.5,452.59,32.27,319.85,0.001705,0.001479,4.1163,33.4927,10,Tree cover,0.814,29.0,46.6,1.43,5.2,Siliciclastic Sedimentary,SS,87.0,288.2,NA,NA,NO_EVENT,NA,NA,NA,NA,NA,NA,NA,NA,NA,NA
NEG_0276,1:1,0,2,West Khasi Block,25.347006,91.457366,3207.6,1136.49,16.35,137.95,-0.003194,0.001084,6.0284,37.2197,10,Tree cover,0.746,25.9,51.9,1.32,4.7,Plutonic Acidic,PA,24.0,3036.7,NA,NA,NO_EVENT,NA,NA,NA,NA,NA,NA,NA,NA,NA,NA
NEG_0277,1:1,0,3,East Khasi Block,25.281815,91.875349,808.7,1461.64,31.05,80.79,0.002566,-0.000926,4.9147,50.1796,10,Tree cover,0.785,26.7,53.0,1.42,5.1,Siliciclastic Sedimentary,SS,70.1,889.8,NA,NA,NO_EVENT,NA,NA,NA,NA,NA,NA,NA,NA,NA,NA
NEG_0278,1:1,0,4,Ri-Bhoi Block,25.979078,91.327997,20997.1,892.94,22.07,126.33,-0.002737,0.001358,5.5624,23.8111,10,Tree cover,0.824,35.1,44.3,1.35,4.9,Metamorphic,MT,85.8,133.5,NA,NA,NO_EVENT,NA,NA,NA,NA,NA,NA,NA,NA,NA,NA
NEG_0279,1:1,0,1,Garo Hills Block,25.046054,90.780546,23585.1,75.10,30.34,217.50,-0.001171,0.001616,4.2679,32.8770,10,Tree cover,0.814,28.9,49.1,1.43,5.3,Mixed Sedimentary,SM,20.6,486.2,NA,NA,NO_EVENT,NA,NA,NA,NA,NA,NA,NA,NA,NA,NA
NEG_0280,1:1,0,5,Jaintia Hills Block,25.113733,92.187133,3844.6,1132.43,23.40,225.60,-0.000720,0.002532,5.0524,18.6443,10,Tree cover,0.829,37.7,27.5,1.32,5.5,Carbonate Sedimentary,SC,60.1,482.3,NA,NA,NO_EVENT,NA,NA,NA,NA,NA,NA,NA,NA,NA,NA
NEG_0281,1:1,0,3,East Khasi Block,25.301669,91.702108,2436.4,1406.43,22.09,46.33,-0.003043,-0.001021,5.6300,43.2526,10,Tree cover,0.774,25.9,47.2,1.41,5.1,Siliciclastic Sedimentary,SS,75.8,349.3,NA,NA,NO_EVENT,NA,NA,NA,NA,NA,NA,NA,NA,NA,NA
NEG_0282,1:1,0,5,Jaintia Hills Block,25.304607,92.801322,10679.4,534.83,17.49,108.01,-0.000151,0.001211,5.9964,38.1930,10,Tree cover,0.772,25.8,44.3,1.41,5.3,Siliciclastic Sedimentary,SS,18.7,1633.9,NA,NA,NO_EVENT,NA,NA,NA,NA,NA,NA,NA,NA,NA,NA
NEG_0283,1:1,0,3,East Khasi Block,25.566198,91.607639,1879.2,1420.05,23.87,287.75,0.004935,0.000014,4.7186,20.9390,60,Bare / sparse vegetation,0.174,28.4,43.4,1.31,4.6,Metamorphic,MT,11.4,2628.3,NA,NA,NO_EVENT,NA,NA,NA,NA,NA,NA,NA,NA,NA,NA
NEG_0284,1:1,0,1,Garo Hills Block,25.049943,89.881273,40535.8,25.00,27.59,322.22,0.003080,-0.001023,4.4982,30.5223,10,Tree cover,0.815,29.0,50.0,1.43,5.3,Mixed Sedimentary,SM,78.6,606.5,NA,NA,NO_EVENT,NA,NA,NA,NA,NA,NA,NA,NA,NA,NA
NEG_0285,1:1,0,5,Jaintia Hills Block,25.164823,92.402583,1429.1,976.75,26.34,18.88,-0.001960,0.001748,5.0189,20.0367,10,Tree cover,0.828,39.8,31.7,1.33,5.6,Carbonate Sedimentary,SC,163.8,789.1,NA,NA,NO_EVENT,NA,NA,NA,NA,NA,NA,NA,NA,NA,NA
NEG_0286,1:1,0,5,Jaintia Hills Block,25.108515,92.356500,625.0,901.31,21.32,346.48,0.002811,-0.000388,5.1984,18.9490,10,Tree cover,0.829,37.5,32.0,1.31,5.5,Carbonate Sedimentary,SC,239.3,366.0,NA,NA,NO_EVENT,NA,NA,NA,NA,NA,NA,NA,NA,NA,NA
NEG_0287,1:1,0,1,Garo Hills Block,26.081740,90.523704,33502.4,51.73,31.67,355.84,-0.002034,-0.000444,4.4403,53.4546,10,Tree cover,0.824,22.5,50.6,1.43,4.9,Mixed Sedimentary,SM,67.9,7299.2,NA,NA,NO_EVENT,NA,NA,NA,NA,NA,NA,NA,NA,NA,NA
NEG_0288,1:1,0,2,West Khasi Block,25.053119,91.425616,13555.4,822.85,30.31,215.59,-0.000600,-0.001212,4.2893,30.8665,10,Tree cover,0.816,29.1,48.4,1.43,4.9,Siliciclastic Sedimentary,SS,63.9,925.9,NA,NA,NO_EVENT,NA,NA,NA,NA,NA,NA,NA,NA,NA,NA
NEG_0289,1:1,0,1,Garo Hills Block,25.108966,90.206580,16169.6,25.00,15.86,194.52,-0.002459,0.001189,5.6370,18.6802,10,Tree cover,0.829,30.2,46.7,1.44,5.1,Mixed Sedimentary,SM,159.5,1079.7,NA,NA,NO_EVENT,NA,NA,NA,NA,NA,NA,NA,NA,NA,NA
NEG_0290,1:1,0,3,East Khasi Block,25.167530,91.612548,1760.5,1155.03,26.56,44.74,-0.003804,0.000179,5.0116,20.4056,60,Bare / sparse vegetation,0.329,30.1,44.4,1.44,5.2,Siliciclastic Sedimentary,SS,6.6,314.6,NA,NA,NO_EVENT,NA,NA,NA,NA,NA,NA,NA,NA,NA,NA
NEG_0291,1:1,0,2,West Khasi Block,25.123196,91.274193,9550.4,828.27,16.10,221.15,-0.000579,-0.002541,5.6739,18.1124,10,Tree cover,0.830,30.3,53.1,1.44,4.8,Siliciclastic Sedimentary,SS,281.9,51.9,NA,NA,NO_EVENT,NA,NA,NA,NA,NA,NA,NA,NA,NA,NA
NEG_0292,1:1,0,1,Garo Hills Block,25.727735,90.692487,13086.9,190.39,17.38,211.01,0.002248,-0.001603,5.4788,38.8089,10,Tree cover,0.693,30.1,52.4,1.33,5.2,Mixed Sedimentary,SM,37.7,2371.4,NA,NA,NO_EVENT,NA,NA,NA,NA,NA,NA,NA,NA,NA,NA
NEG_0293,1:1,0,2,West Khasi Block,25.142359,91.309892,10018.8,859.12,20.13,167.94,-0.000442,-0.002706,5.4280,18.1427,10,Tree cover,0.830,30.3,52.6,1.44,4.8,Siliciclastic Sedimentary,SS,79.4,1885.5,NA,NA,NO_EVENT,NA,NA,NA,NA,NA,NA,NA,NA,NA,NA
NEG_0294,1:1,0,3,East Khasi Block,25.216540,91.930671,3526.0,1317.81,32.81,117.14,0.000825,-0.001474,4.6725,33.1976,10,Tree cover,0.815,29.0,52.8,1.43,5.2,Siliciclastic Sedimentary,SS,70.4,4.8,NA,NA,NO_EVENT,NA,NA,NA,NA,NA,NA,NA,NA,NA,NA
NEG_0295,1:1,0,2,West Khasi Block,25.273160,91.345484,642.7,1009.31,32.16,126.61,0.001722,0.000829,4.8217,49.3677,60,Bare / sparse vegetation,0.399,27.0,51.7,1.42,4.8,Siliciclastic Sedimentary,SS,16.2,1221.4,NA,NA,NO_EVENT,NA,NA,NA,NA,NA,NA,NA,NA,NA,NA
NEG_0296,1:1,0,2,West Khasi Block,25.357441,91.461680,2402.4,1149.08,16.48,139.58,-0.002653,0.001208,5.9936,36.7760,10,Tree cover,0.740,25.8,51.8,1.32,4.7,Plutonic Acidic,PA,64.8,1878.2,NA,NA,NO_EVENT,NA,NA,NA,NA,NA,NA,NA,NA,NA,NA
NEG_0297,1:1,0,1,Garo Hills Block,25.072347,90.886833,20355.6,332.52,29.05,224.23,0.003479,0.000131,4.4488,25.5238,10,Tree cover,0.822,29.6,44.9,1.44,5.4,Mixed Sedimentary,SM,98.8,40.6,NA,NA,NO_EVENT,NA,NA,NA,NA,NA,NA,NA,NA,NA,NA
NEG_0298,1:1,0,4,Ri-Bhoi Block,25.673744,91.185038,682.1,862.27,28.62,312.61,0.001595,0.001587,4.4039,47.5150,60,Bare / sparse vegetation,0.305,27.2,39.2,1.28,4.6,Metamorphic,MT,3.1,3675.9,NA,NA,NO_EVENT,NA,NA,NA,NA,NA,NA,NA,NA,NA,NA
NEG_0299,1:1,0,1,Garo Hills Block,25.717682,90.400954,7813.3,42.89,21.67,329.67,-0.001524,-0.001316,5.0983,43.9759,10,Tree cover,0.688,29.9,45.5,1.32,4.8,Mixed Sedimentary,SM,173.2,6808.9,NA,NA,NO_EVENT,NA,NA,NA,NA,NA,NA,NA,NA,NA,NA
NEG_0300,1:1,0,5,Jaintia Hills Block,25.442167,92.728948,14031.7,647.85,32.53,176.88,0.004783,0.000095,4.4165,32.9085,10,Tree cover,0.690,32.6,44.5,1.36,4.9,Metamorphic,MT,74.0,5018.1,NA,NA,NO_EVENT,NA,NA,NA,NA,NA,NA,NA,NA,NA,NA
NEG_0301,1:1,0,4,Ri-Bhoi Block,25.919121,92.835038,9819.5,418.22,20.85,89.44,-0.002622,-0.001427,5.7320,18.0015,10,Tree cover,0.804,34.1,46.9,1.33,5.1,Metamorphic,MT,36.4,269.6,NA,NA,NO_EVENT,NA,NA,NA,NA,NA,NA,NA,NA,NA,NA
NEG_0302,1:1,0,1,Garo Hills Block,25.321692,90.053201,6703.7,75.18,25.05,115.31,0.001849,-0.000032,5.3759,47.9548,10,Tree cover,0.762,25.2,52.6,1.41,5.4,Mixed Sedimentary,SM,134.3,1268.1,NA,NA,NO_EVENT,NA,NA,NA,NA,NA,NA,NA,NA,NA,NA
NEG_0303,1:1,0,4,Ri-Bhoi Block,25.947708,92.292186,13596.5,1040.66,15.44,51.51,0.000969,-0.000136,6.1474,19.0175,10,Tree cover,0.815,34.7,43.9,1.34,4.9,Metamorphic,MT,71.7,6964.2,NA,NA,NO_EVENT,NA,NA,NA,NA,NA,NA,NA,NA,NA,NA
NEG_0304,1:1,0,2,West Khasi Block,25.226400,91.374061,653.5,1057.98,35.62,138.00,-0.003285,-0.000840,4.4726,37.8292,10,Tree cover,0.851,28.7,50.6,1.43,4.8,Siliciclastic Sedimentary,SS,145.4,1358.9,NA,NA,NO_EVENT,NA,NA,NA,NA,NA,NA,NA,NA,NA,NA
NEG_0305,1:1,0,3,East Khasi Block,25.591619,91.751572,1603.1,1680.60,17.94,314.80,-0.004045,-0.000569,5.1679,23.4910,10,Tree cover,0.650,27.9,38.6,1.30,4.3,Metamorphic,MT,100.0,1055.3,NA,NA,NO_EVENT,NA,NA,NA,NA,NA,NA,NA,NA,NA,NA
NEG_0306,1:1,0,1,Garo Hills Block,25.593857,89.816728,16588.7,58.54,27.67,313.58,0.002937,-0.001114,4.3884,26.9927,10,Tree cover,0.650,26.0,47.1,1.32,5.2,Mixed Sedimentary,SM,140.0,313.1,NA,NA,NO_EVENT,NA,NA,NA,NA,NA,NA,NA,NA,NA,NA
NEG_0307,1:1,0,3,East Khasi Block,25.474854,91.844683,2005.4,1707.09,31.16,328.60,-0.003545,0.000729,4.3968,23.7968,10,Tree cover,0.796,31.5,38.4,1.35,4.3,Metamorphic,MT,316.6,783.5,NA,NA,NO_EVENT,NA,NA,NA,NA,NA,NA,NA,NA,NA,NA
NEG_0308,1:1,0,3,East Khasi Block,25.541171,91.746724,3116.5,1741.43,14.57,320.81,-0.003374,0.000638,5.5107,18.2754,10,Tree cover,0.839,29.2,38.7,1.32,4.3,Metamorphic,MT,90.3,153.4,NA,NA,NO_EVENT,NA,NA,NA,NA,NA,NA,NA,NA,NA,NA
NEG_0309,1:1,0,1,Garo Hills Block,25.210022,90.573856,5870.0,25.00,33.97,50.59,-0.003448,0.000716,4.5617,31.6943,10,Tree cover,0.817,29.2,52.3,1.43,4.9,Mixed Sedimentary,SM,71.8,2330.2,NA,NA,NO_EVENT,NA,NA,NA,NA,NA,NA,NA,NA,NA,NA
NEG_0310,1:1,0,4,Ri-Bhoi Block,26.096754,91.954315,7600.8,1066.47,30.12,200.01,-0.003028,0.001090,4.5049,53.4213,10,Tree cover,0.820,33.9,41.5,1.38,4.7,Metamorphic,MT,234.6,819.1,NA,NA,NO_EVENT,NA,NA,NA,NA,NA,NA,NA,NA,NA,NA
NEG_0311,1:1,0,3,East Khasi Block,25.318721,91.805020,3538.1,1502.20,18.00,51.53,0.000952,0.000185,5.9434,39.4517,10,Tree cover,0.764,25.3,51.5,1.41,5.1,Siliciclastic Sedimentary,SS,14.2,2322.1,NA,NA,NO_EVENT,NA,NA,NA,NA,NA,NA,NA,NA,NA,NA
NEG_0312,1:1,0,1,Garo Hills Block,25.174667,90.708414,8627.5,121.26,18.19,148.73,0.003761,0.000744,5.7076,20.3648,10,Tree cover,0.826,30.0,51.9,1.44,5.2,Mixed Sedimentary,SM,390.7,302.2,NA,NA,NO_EVENT,NA,NA,NA,NA,NA,NA,NA,NA,NA,NA
NEG_0313,1:1,0,4,Ri-Bhoi Block,25.748838,92.083263,2468.5,1436.08,18.84,187.38,-0.001145,0.001856,5.4440,39.5658,10,Tree cover,0.705,28.5,46.1,1.28,4.8,Metamorphic,MT,34.1,355.2,NA,NA,NO_EVENT,NA,NA,NA,NA,NA,NA,NA,NA,NA,NA
NEG_0314,1:1,0,2,West Khasi Block,25.595420,91.574845,4974.5,1403.62,24.72,268.52,0.002776,-0.001219,4.6239,26.3657,10,Tree cover,0.650,27.8,44.6,1.30,4.7,Metamorphic,MT,215.6,5157.3,NA,NA,NO_EVENT,NA,NA,NA,NA,NA,NA,NA,NA,NA,NA
NEG_0315,1:1,0,5,Jaintia Hills Block,25.595833,92.039591,1591.3,1631.10,18.96,225.02,-0.000940,-0.001606,5.0845,24.4841,10,Tree cover,0.650,27.8,44.8,1.30,4.7,Metamorphic,MT,47.7,909.3,NA,NA,NO_EVENT,NA,NA,NA,NA,NA,NA,NA,NA,NA,NA
NEG_0316,1:1,0,3,East Khasi Block,25.550011,91.954432,2411.5,1722.66,19.32,235.58,-0.002989,-0.001133,5.1113,18.8843,10,Tree cover,0.713,28.9,41.5,1.32,4.5,Metamorphic,MT,152.2,575.8,NA,NA,NO_EVENT,NA,NA,NA,NA,NA,NA,NA,NA,NA,NA
NEG_0317,1:1,0,1,Garo Hills Block,25.031176,90.017683,31762.8,119.29,33.71,262.60,-0.001381,0.002158,3.9633,39.3228,10,Tree cover,0.808,28.5,53.1,1.43,5.4,Mixed Sedimentary,SM,137.7,1292.7,NA,NA,NO_EVENT,NA,NA,NA,NA,NA,NA,NA,NA,NA,NA
NEG_0318,1:1,0,3,East Khasi Block,25.622426,91.969963,4011.8,1688.41,26.63,234.32,-0.001469,0.001099,4.4764,33.6741,60,Bare / sparse vegetation,0.233,27.4,42.1,1.29,4.5,Metamorphic,MT,5.5,6259.1,NA,NA,NO_EVENT,NA,NA,NA,NA,NA,NA,NA,NA,NA,NA
NEG_0319,1:1,0,4,Ri-Bhoi Block,25.654828,91.245510,6876.6,1017.45,26.10,281.43,0.002200,-0.000888,4.5626,41.1596,10,Tree cover,0.662,27.2,41.1,1.29,4.7,Metamorphic,MT,223.3,2909.1,NA,NA,NO_EVENT,NA,NA,NA,NA,NA,NA,NA,NA,NA,NA
NEG_0320,1:1,0,3,East Khasi Block,25.649056,91.852363,771.9,1753.21,33.80,293.01,-0.001643,-0.000548,3.9360,46.3091,10,Tree cover,0.791,27.2,38.5,1.29,4.3,Metamorphic,MT,33.6,1688.0,NA,NA,NO_EVENT,NA,NA,NA,NA,NA,NA,NA,NA,NA,NA
NEG_0321,1:1,0,5,Jaintia Hills Block,25.361583,92.020560,1543.9,1449.64,14.99,141.90,-0.001722,-0.001937,6.1021,34.7997,10,Tree cover,0.737,34.7,44.1,1.38,4.7,Metamorphic,MT,23.3,1486.1,NA,NA,NO_EVENT,NA,NA,NA,NA,NA,NA,NA,NA,NA,NA
NEG_0322,1:1,0,1,Garo Hills Block,25.956702,90.775854,27104.5,146.49,19.14,136.81,0.001936,0.000490,5.8394,20.1174,10,Tree cover,0.818,24.9,49.3,1.39,5.3,Mixed Sedimentary,SM,216.7,566.0,NA,NA,NO_EVENT,NA,NA,NA,NA,NA,NA,NA,NA,NA,NA
NEG_0323,1:1,0,3,East Khasi Block,25.530484,91.808537,4545.1,1753.90,18.12,314.86,0.000685,0.002504,5.2537,18.0354,10,Tree cover,0.819,22.7,60.2,1.31,4.5,Plutonic Acidic,PA,127.7,501.9,NA,NA,NO_EVENT,NA,NA,NA,NA,NA,NA,NA,NA,NA,NA
NEG_0324,1:1,0,5,Jaintia Hills Block,25.617657,92.048126,2833.5,1573.32,23.31,224.73,-0.000029,-0.002710,4.7389,30.6547,10,Tree cover,0.653,27.4,45.1,1.30,4.7,Metamorphic,MT,92.4,451.5,NA,NA,NO_EVENT,NA,NA,NA,NA,NA,NA,NA,NA,NA,NA
NEG_0325,1:1,0,2,West Khasi Block,25.135911,91.465798,3624.0,1033.34,15.52,177.98,0.000359,0.001259,5.7711,18.0120,10,Tree cover,0.830,30.3,46.6,1.44,4.9,Siliciclastic Sedimentary,SS,100.1,1307.0,NA,NA,NO_EVENT,NA,NA,NA,NA,NA,NA,NA,NA,NA,NA
NEG_0326,1:1,0,2,West Khasi Block,25.320772,91.598742,2709.6,1386.93,23.87,77.48,0.004841,0.000009,5.4714,46.5173,10,Tree cover,0.763,35.2,43.7,1.38,4.9,Metamorphic,MT,28.5,103.3,NA,NA,NO_EVENT,NA,NA,NA,NA,NA,NA,NA,NA,NA,NA
NEG_0327,1:1,0,1,Garo Hills Block,25.716309,90.001048,13254.5,110.91,24.54,277.35,0.003592,0.000789,4.8637,47.3914,10,Tree cover,0.687,29.9,53.1,1.32,5.4,Mixed Sedimentary,SM,50.9,256.9,NA,NA,NO_EVENT,NA,NA,NA,NA,NA,NA,NA,NA,NA,NA
NEG_0328,1:1,0,1,Garo Hills Block,25.107090,89.842925,37551.2,25.00,22.97,345.73,0.002950,-0.000396,5.0609,19.1446,10,Tree cover,0.829,30.2,48.3,1.44,5.3,Mixed Sedimentary,SM,45.0,1059.6,NA,NA,NO_EVENT,NA,NA,NA,NA,NA,NA,NA,NA,NA,NA
NEG_0329,1:1,0,2,West Khasi Block,25.156797,91.477805,1248.9,1078.64,16.12,164.15,0.002803,0.000331,5.8057,18.7076,10,Tree cover,0.829,30.2,46.2,1.44,4.9,Siliciclastic Sedimentary,SS,66.2,2038.1,NA,NA,NO_EVENT,NA,NA,NA,NA,NA,NA,NA,NA,NA,NA
NEG_0330,1:1,0,5,Jaintia Hills Block,25.273497,92.093036,2330.1,1378.54,28.43,132.47,0.001649,0.001242,5.1203,45.8012,10,Tree cover,0.790,27.0,46.7,1.42,4.9,Siliciclastic Sedimentary,SS,83.2,338.2,NA,NA,NO_EVENT,NA,NA,NA,NA,NA,NA,NA,NA,NA,NA
NEG_0331,1:1,0,5,Jaintia Hills Block,25.104554,92.060712,9240.0,1132.90,17.98,195.65,0.000961,-0.002183,5.4503,19.0786,10,Tree cover,0.828,37.3,24.4,1.31,5.9,Carbonate Sedimentary,SC,416.7,286.8,NA,NA,NO_EVENT,NA,NA,NA,NA,NA,NA,NA,NA,NA,NA
NEG_0332,1:1,0,1,Garo Hills Block,25.076017,89.906706,36801.0,25.00,21.43,327.43,0.000699,0.000452,5.0707,22.9421,10,Tree cover,0.823,29.7,51.0,1.44,5.4,Mixed Sedimentary,SM,91.4,678.6,NA,NA,NO_EVENT,NA,NA,NA,NA,NA,NA,NA,NA,NA,NA
NEG_0333,1:1,0,4,Ri-Bhoi Block,25.838792,91.874509,1643.2,1365.54,33.72,76.38,0.004361,0.000383,4.5830,32.2290,10,Tree cover,0.761,31.5,38.9,1.30,4.6,Metamorphic,MT,59.0,2978.4,NA,NA,NO_EVENT,NA,NA,NA,NA,NA,NA,NA,NA,NA,NA
NEG_0334,1:1,0,1,Garo Hills Block,25.674215,90.732539,8056.8,203.00,25.67,222.67,0.004111,-0.000141,4.6411,44.5532,10,Tree cover,0.668,28.9,51.1,1.32,5.3,Mixed Sedimentary,SM,156.0,4829.4,NA,NA,NO_EVENT,NA,NA,NA,NA,NA,NA,NA,NA,NA,NA
NEG_0335,1:1,0,2,West Khasi Block,25.425688,91.399233,584.2,1122.87,33.48,167.85,-0.002172,0.001311,4.4058,38.5948,10,Tree cover,0.698,33.1,46.4,1.37,5.1,Metamorphic,MT,63.1,2083.0,NA,NA,NO_EVENT,NA,NA,NA,NA,NA,NA,NA,NA,NA,NA
NEG_0336,1:1,0,2,West Khasi Block,25.199065,91.181799,2468.9,760.82,26.23,40.24,0.001565,-0.000248,5.1479,26.0604,10,Tree cover,0.820,29.5,51.7,1.44,4.9,Siliciclastic Sedimentary,SS,83.2,2151.4,NA,NA,NO_EVENT,NA,NA,NA,NA,NA,NA,NA,NA,NA,NA
NEG_0337,1:1,0,4,Ri-Bhoi Block,25.807633,91.990660,5859.4,1484.68,20.35,151.77,-0.004559,0.000143,5.5516,32.6036,10,Tree cover,0.741,30.4,43.0,1.29,4.6,Metamorphic,MT,51.1,6589.2,NA,NA,NO_EVENT,NA,NA,NA,NA,NA,NA,NA,NA,NA,NA
NEG_0338,1:1,0,2,West Khasi Block,25.586720,91.547185,4877.3,1357.57,20.03,253.18,0.000138,-0.001039,5.0035,23.3285,10,Tree cover,0.650,28.0,45.5,1.31,5.0,Metamorphic,MT,118.7,2720.7,NA,NA,NO_EVENT,NA,NA,NA,NA,NA,NA,NA,NA,NA,NA
NEG_0339,1:1,0,5,Jaintia Hills Block,25.026588,92.467517,2654.2,784.56,32.54,299.81,-0.002029,-0.001327,4.0476,40.0096,10,Tree cover,0.806,28.3,52.5,1.43,5.1,Siliciclastic Sedimentary,SS,282.7,653.6,NA,NA,NO_EVENT,NA,NA,NA,NA,NA,NA,NA,NA,NA,NA
NEG_0340,1:1,0,2,West Khasi Block,25.180162,91.332142,6519.0,911.33,27.38,144.30,-0.003732,-0.000668,4.9923,22.5061,10,Tree cover,0.825,29.9,52.1,1.44,4.8,Siliciclastic Sedimentary,SS,70.0,240.3,NA,NA,NO_EVENT,NA,NA,NA,NA,NA,NA,NA,NA,NA,NA
NEG_0341,1:1,0,3,East Khasi Block,25.246352,91.601022,2286.6,1214.88,34.64,75.55,-0.001456,0.000556,4.5916,43.8651,10,Tree cover,0.803,28.0,44.2,1.43,5.2,Siliciclastic Sedimentary,SS,48.8,735.8,NA,NA,NO_EVENT,NA,NA,NA,NA,NA,NA,NA,NA,NA,NA
NEG_0342,1:1,0,4,Ri-Bhoi Block,25.937038,92.264276,13641.3,1098.65,17.34,60.64,0.003705,-0.000579,6.0057,18.4720,10,Tree cover,0.811,34.5,44.9,1.34,5.0,Metamorphic,MT,159.7,4888.1,NA,NA,NO_EVENT,NA,NA,NA,NA,NA,NA,NA,NA,NA,NA
NEG_0343,1:1,0,3,East Khasi Block,25.021767,91.654933,16765.6,1047.54,35.01,308.00,0.000730,-0.002558,3.8410,43.2778,10,Tree cover,0.763,39.2,23.6,1.30,5.7,Volcanic Basic,VB,46.2,961.7,NA,NA,NO_EVENT,NA,NA,NA,NA,NA,NA,NA,NA,NA,NA
NEG_0344,1:1,0,1,Garo Hills Block,25.077187,90.901705,18876.4,373.25,26.54,229.12,0.001913,0.000500,4.6658,23.8872,10,Tree cover,0.823,29.7,44.6,1.44,5.4,Mixed Sedimentary,SM,29.2,489.4,NA,NA,NO_EVENT,NA,NA,NA,NA,NA,NA,NA,NA,NA,NA
NEG_0345,1:1,0,2,West Khasi Block,25.399840,91.311035,6108.4,1065.84,26.96,135.40,-0.000764,-0.002542,5.0246,41.0486,10,Tree cover,0.713,33.9,43.7,1.37,4.9,Metamorphic,MT,57.5,1957.0,NA,NA,NO_EVENT,NA,NA,NA,NA,NA,NA,NA,NA,NA,NA
NEG_0346,1:1,0,2,West Khasi Block,25.119603,91.350985,8761.5,891.20,24.05,189.67,0.001591,-0.000461,5.0236,18.3176,10,Tree cover,0.830,30.3,51.5,1.44,4.8,Siliciclastic Sedimentary,SS,49.9,2252.4,NA,NA,NO_EVENT,NA,NA,NA,NA,NA,NA,NA,NA,NA,NA
NEG_0347,1:1,0,3,East Khasi Block,25.293125,91.677846,4094.4,1389.99,26.43,49.83,-0.000586,-0.001916,5.2854,47.1621,10,Tree cover,0.779,26.3,46.2,1.41,5.3,Siliciclastic Sedimentary,SS,41.3,103.1,NA,NA,NO_EVENT,NA,NA,NA,NA,NA,NA,NA,NA,NA,NA
NEG_0348,1:1,0,1,Garo Hills Block,26.022100,89.990794,43489.8,115.56,24.53,72.71,-0.001112,0.001106,5.2402,34.0786,10,Tree cover,0.830,23.0,53.0,1.42,5.4,Mixed Sedimentary,SM,51.7,212.2,NA,NA,NO_EVENT,NA,NA,NA,NA,NA,NA,NA,NA,NA,NA
NEG_0349,1:1,0,3,East Khasi Block,25.336011,91.896562,982.0,1617.00,24.07,93.18,0.002862,0.000855,5.4325,46.7956,10,Tree cover,0.753,35.1,39.5,1.38,4.3,Metamorphic,MT,41.8,2840.8,NA,NA,NO_EVENT,NA,NA,NA,NA,NA,NA,NA,NA,NA,NA
NEG_0350,1:1,0,1,Garo Hills Block,25.345272,89.828181,23674.3,25.00,22.71,41.02,0.003550,-0.000864,5.5233,44.7979,10,Tree cover,0.747,24.3,47.6,1.40,5.2,Mixed Sedimentary,SM,31.1,858.3,NA,NA,NO_EVENT,NA,NA,NA,NA,NA,NA,NA,NA,NA,NA
NEG_0351,1:1,0,1,Garo Hills Block,25.201127,90.782799,15026.0,319.98,28.24,147.61,0.001132,0.000404,4.9935,27.1704,10,Tree cover,0.820,29.4,49.0,1.44,5.3,Mixed Sedimentary,SM,82.3,572.7,NA,NA,NO_EVENT,NA,NA,NA,NA,NA,NA,NA,NA,NA,NA
NEG_0352,1:1,0,1,Garo Hills Block,25.481411,90.141677,7162.3,93.95,26.05,199.12,-0.001702,-0.001942,4.7807,21.7207,10,Tree cover,0.671,22.7,49.6,1.35,5.2,Mixed Sedimentary,SM,100.1,335.2,NA,NA,NO_EVENT,NA,NA,NA,NA,NA,NA,NA,NA,NA,NA
NEG_0353,1:1,0,1,Garo Hills Block,25.838250,90.185660,18717.2,121.91,24.09,144.45,-0.002442,0.000899,5.3518,28.2852,10,Tree cover,0.760,29.2,47.6,1.35,5.1,Mixed Sedimentary,SM,57.6,2588.9,NA,NA,NO_EVENT,NA,NA,NA,NA,NA,NA,NA,NA,NA,NA
NEG_0354,1:1,0,5,Jaintia Hills Block,25.079395,92.331998,687.7,875.75,23.11,331.91,0.003487,-0.000491,4.9478,22.7516,10,Tree cover,0.824,29.8,47.2,1.44,4.9,Siliciclastic Sedimentary,SS,84.2,95.6,NA,NA,NO_EVENT,NA,NA,NA,NA,NA,NA,NA,NA,NA,NA
NEG_0355,1:1,0,5,Jaintia Hills Block,25.546686,92.791205,24219.2,523.61,14.46,243.69,-0.001126,0.001735,5.5071,18.4965,10,Tree cover,0.653,29.0,46.3,1.32,5.1,Metamorphic,MT,172.7,5725.7,NA,NA,NO_EVENT,NA,NA,NA,NA,NA,NA,NA,NA,NA,NA
NEG_0356,1:1,0,4,Ri-Bhoi Block,26.091758,92.437771,19948.2,763.39,34.56,347.33,-0.001366,0.001150,4.1693,58.1156,10,Tree cover,0.822,34.1,38.8,1.38,4.5,Metamorphic,MT,98.5,8881.9,NA,NA,NO_EVENT,NA,NA,NA,NA,NA,NA,NA,NA,NA,NA
NEG_0357,1:1,0,1,Garo Hills Block,25.096918,90.998945,11303.3,493.29,17.93,323.74,-0.003496,-0.000833,5.4254,19.7193,10,Tree cover,0.827,30.1,44.6,1.44,5.3,Mixed Sedimentary,SM,102.1,1293.0,NA,NA,NO_EVENT,NA,NA,NA,NA,NA,NA,NA,NA,NA,NA
NEG_0358,1:1,0,3,East Khasi Block,25.043172,91.963033,16944.5,1142.71,29.67,229.99,-0.003304,-0.001003,4.3141,33.3587,10,Tree cover,0.813,28.8,52.0,1.43,5.2,Siliciclastic Sedimentary,SS,25.0,258.7,NA,NA,NO_EVENT,NA,NA,NA,NA,NA,NA,NA,NA,NA,NA
NEG_0359,1:1,0,4,Ri-Bhoi Block,25.747940,91.237773,7815.4,928.39,14.46,332.58,0.001593,0.000419,5.7909,34.6036,10,Tree cover,0.704,28.5,40.8,1.28,4.7,Metamorphic,MT,265.9,3163.8,NA,NA,NO_EVENT,NA,NA,NA,NA,NA,NA,NA,NA,NA,NA
NEG_0360,1:1,0,3,East Khasi Block,25.468304,91.743609,2377.4,1662.12,25.22,347.96,0.004190,0.000345,4.8974,23.8948,10,Tree cover,0.677,31.7,38.7,1.35,4.3,Metamorphic,MT,167.4,82.4,NA,NA,NO_EVENT,NA,NA,NA,NA,NA,NA,NA,NA,NA,NA
NEG_0361,1:1,0,3,East Khasi Block,25.209243,91.720368,515.4,1404.74,26.14,34.97,0.004420,-0.000348,5.1858,28.3537,10,Tree cover,0.817,29.2,48.0,1.43,5.1,Siliciclastic Sedimentary,SS,149.1,348.8,NA,NA,NO_EVENT,NA,NA,NA,NA,NA,NA,NA,NA,NA,NA
NEG_0362,1:1,0,3,East Khasi Block,25.114585,91.898194,10219.2,1269.82,24.81,249.91,0.001274,0.002194,4.9430,18.6237,60,Bare / sparse vegetation,0.254,30.2,53.1,1.44,5.3,Siliciclastic Sedimentary,SS,15.0,668.3,NA,NA,NO_EVENT,NA,NA,NA,NA,NA,NA,NA,NA,NA,NA
NEG_0363,1:1,0,5,Jaintia Hills Block,25.381467,92.157566,4258.0,1442.23,27.68,127.28,0.000132,0.002735,5.0291,45.7177,10,Tree cover,0.725,34.3,46.9,1.38,4.8,Metamorphic,MT,236.1,3335.9,NA,NA,NO_EVENT,NA,NA,NA,NA,NA,NA,NA,NA,NA,NA
NEG_0364,1:1,0,1,Garo Hills Block,25.910824,90.488864,14297.2,57.09,23.17,45.10,0.002727,-0.000671,5.5453,18.0951,10,Tree cover,0.800,26.7,49.1,1.38,4.8,Mixed Sedimentary,SM,72.9,2444.9,NA,NA,NO_EVENT,NA,NA,NA,NA,NA,NA,NA,NA,NA,NA
NEG_0365,1:1,0,2,West Khasi Block,25.358994,91.435007,4725.9,1092.10,19.56,142.10,-0.001051,0.002268,5.7433,40.1541,10,Tree cover,0.739,25.8,52.2,1.32,4.8,Plutonic Acidic,PA,156.2,2346.0,NA,NA,NO_EVENT,NA,NA,NA,NA,NA,NA,NA,NA,NA,NA
NEG_0366,1:1,0,4,Ri-Bhoi Block,26.049017,91.294153,25373.4,807.28,28.24,139.56,-0.000052,0.001827,4.8444,43.4107,10,Tree cover,0.829,34.9,43.0,1.37,4.8,Metamorphic,MT,67.0,1047.5,NA,NA,NO_EVENT,NA,NA,NA,NA,NA,NA,NA,NA,NA,NA
NEG_0367,1:1,0,3,East Khasi Block,25.193585,91.786689,2602.5,1374.31,22.45,33.40,0.001314,-0.000144,5.4326,23.8944,10,Tree cover,0.822,29.6,50.8,1.44,5.4,Siliciclastic Sedimentary,SS,67.5,1746.2,NA,NA,NO_EVENT,NA,NA,NA,NA,NA,NA,NA,NA,NA,NA
NEG_0368,1:1,0,4,Ri-Bhoi Block,26.090552,91.892409,1409.1,1067.37,35.38,266.91,0.003211,0.000810,4.1085,58.9181,10,Tree cover,0.869,34.1,39.4,1.38,4.6,Metamorphic,MT,132.9,2267.3,NA,NA,NO_EVENT,NA,NA,NA,NA,NA,NA,NA,NA,NA,NA
NEG_0369,1:1,0,3,East Khasi Block,25.558197,91.718055,2276.4,1686.77,16.51,317.72,-0.004291,-0.000422,5.3204,19.3297,10,Tree cover,0.651,28.7,39.4,1.32,4.3,Metamorphic,MT,51.5,1344.0,NA,NA,NO_EVENT,NA,NA,NA,NA,NA,NA,NA,NA,NA,NA
NEG_0370,1:1,0,5,Jaintia Hills Block,25.604279,92.455918,902.1,1040.29,27.85,300.84,-0.002409,0.001554,4.3720,29.6223,10,Tree cover,0.651,27.6,38.5,1.30,4.5,Metamorphic,MT,82.8,3961.2,NA,NA,NO_EVENT,NA,NA,NA,NA,NA,NA,NA,NA,NA,NA
NEG_0371,1:1,0,4,Ri-Bhoi Block,25.879108,91.628541,3448.7,1238.96,35.52,62.12,0.000834,0.001393,4.5283,22.0226,10,Tree cover,0.792,32.9,42.5,1.31,4.8,Metamorphic,MT,207.6,7300.7,NA,NA,NO_EVENT,NA,NA,NA,NA,NA,NA,NA,NA,NA,NA
NEG_0372,1:1,0,3,East Khasi Block,25.505170,91.714116,648.4,1681.14,21.75,330.67,0.000497,-0.001454,5.0399,18.6803,10,Tree cover,0.663,30.4,39.5,1.34,4.3,Metamorphic,MT,64.9,371.3,NA,NA,NO_EVENT,NA,NA,NA,NA,NA,NA,NA,NA,NA,NA
NEG_0373,1:1,0,2,West Khasi Block,25.180854,91.330885,6636.7,908.56,27.38,143.52,-0.003669,-0.000667,4.9947,22.6320,10,Tree cover,0.825,29.9,52.1,1.44,4.8,Siliciclastic Sedimentary,SS,156.1,352.6,NA,NA,NO_EVENT,NA,NA,NA,NA,NA,NA,NA,NA,NA,NA
NEG_0374,1:1,0,3,East Khasi Block,25.290845,91.906470,1897.7,1486.96,29.50,98.44,0.001456,-0.001892,5.0400,50.1882,10,Tree cover,0.780,26.4,53.1,1.41,5.0,Siliciclastic Sedimentary,SS,29.9,1579.7,NA,NA,NO_EVENT,NA,NA,NA,NA,NA,NA,NA,NA,NA,NA
NEG_0375,1:1,0,1,Garo Hills Block,25.184778,90.861112,17783.6,348.47,29.54,147.17,-0.004760,0.000125,4.8357,23.7964,10,Tree cover,0.824,29.8,45.7,1.44,5.4,Mixed Sedimentary,SM,134.8,1454.5,NA,NA,NO_EVENT,NA,NA,NA,NA,NA,NA,NA,NA,NA,NA
NEG_0376,1:1,0,1,Garo Hills Block,25.895892,89.838879,38064.8,80.75,31.41,44.45,-0.001096,-0.000770,4.8773,19.1814,10,Tree cover,0.793,27.3,48.1,1.37,5.3,Mixed Sedimentary,SM,167.8,2135.7,NA,NA,NO_EVENT,NA,NA,NA,NA,NA,NA,NA,NA,NA,NA
NEG_0377,1:1,0,4,Ri-Bhoi Block,25.965963,92.515444,29390.7,855.91,15.35,87.13,0.003583,0.000747,6.1271,20.5672,10,Tree cover,0.821,35.0,38.1,1.35,4.5,Metamorphic,MT,118.3,628.3,NA,NA,NO_EVENT,NA,NA,NA,NA,NA,NA,NA,NA,NA,NA
NEG_0378,1:1,0,3,East Khasi Block,25.647619,91.808058,3174.9,1673.74,28.69,309.29,-0.000398,-0.002759,4.3423,41.6640,10,Tree cover,0.659,27.2,38.1,1.29,4.3,Metamorphic,MT,148.4,5164.2,NA,NA,NO_EVENT,NA,NA,NA,NA,NA,NA,NA,NA,NA,NA
NEG_0379,1:1,0,1,Garo Hills Block,25.265238,90.458878,18380.4,82.27,24.11,44.65,-0.000756,-0.001351,5.4592,40.0167,10,Tree cover,0.794,27.3,47.8,1.42,4.8,Mixed Sedimentary,SM,37.7,116.9,NA,NA,NO_EVENT,NA,NA,NA,NA,NA,NA,NA,NA,NA,NA
NEG_0380,1:1,0,3,East Khasi Block,25.525782,91.929020,644.4,1711.19,23.83,242.73,-0.000293,-0.002731,4.8098,18.0002,60,Bare / sparse vegetation,0.160,29.7,40.6,1.33,4.4,Metamorphic,MT,10.0,803.4,NA,NA,NO_EVENT,NA,NA,NA,NA,NA,NA,NA,NA,NA,NA
NEG_0381,1:1,0,1,Garo Hills Block,25.960425,90.733399,28542.7,120.35,14.83,132.41,0.004790,0.000084,6.1784,19.9600,40,Cropland,0.501,24.8,51.1,1.40,5.3,Mixed Sedimentary,SM,167.1,4545.8,NA,NA,NO_EVENT,NA,NA,NA,NA,NA,NA,NA,NA,NA,NA
NEG_0382,1:1,0,4,Ri-Bhoi Block,25.984124,91.987005,4093.8,1196.76,16.20,135.92,0.003245,0.000067,6.0200,22.9322,10,Tree cover,0.825,35.1,42.8,1.36,4.8,Metamorphic,MT,169.5,11361.3,NA,NA,NO_EVENT,NA,NA,NA,NA,NA,NA,NA,NA,NA,NA
NEG_0383,1:1,0,4,Ri-Bhoi Block,25.757513,92.500564,16877.0,939.50,16.73,349.55,0.000423,0.000889,5.6474,36.4805,10,Tree cover,0.710,28.7,38.1,1.28,4.5,Metamorphic,MT,14.0,2752.6,NA,NA,NO_EVENT,NA,NA,NA,NA,NA,NA,NA,NA,NA,NA
NEG_0384,1:1,0,4,Ri-Bhoi Block,25.659669,91.183540,670.3,861.13,29.56,310.12,0.001013,0.002304,4.2956,45.4093,10,Tree cover,0.663,27.2,39.1,1.29,4.6,Metamorphic,MT,56.5,4064.4,NA,NA,NO_EVENT,NA,NA,NA,NA,NA,NA,NA,NA,NA,NA
NEG_0385,1:1,0,2,West Khasi Block,25.029779,91.574695,15157.6,1080.48,32.22,268.18,0.001767,0.001907,4.0796,38.8113,60,Bare / sparse vegetation,0.167,28.4,44.1,1.43,5.1,Siliciclastic Sedimentary,SS,14.8,805.9,NA,NA,NO_EVENT,NA,NA,NA,NA,NA,NA,NA,NA,NA,NA
NEG_0386,1:1,0,5,Jaintia Hills Block,25.648383,92.374710,8827.5,1079.75,33.65,317.72,-0.001525,0.000833,3.9468,45.9832,10,Tree cover,0.660,27.2,40.7,1.29,4.7,Metamorphic,MT,125.6,2044.9,NA,NA,NO_EVENT,NA,NA,NA,NA,NA,NA,NA,NA,NA,NA
NEG_0387,1:1,0,4,Ri-Bhoi Block,25.675602,92.730550,21408.7,605.99,31.43,221.26,0.004108,0.000369,4.1839,50.7967,10,Tree cover,0.669,27.3,44.5,1.28,4.9,Metamorphic,MT,32.9,4394.6,NA,NA,NO_EVENT,NA,NA,NA,NA,NA,NA,NA,NA,NA,NA
NEG_0388,1:1,0,5,Jaintia Hills Block,25.400771,92.161030,2090.7,1446.95,31.03,134.17,-0.000662,0.002592,4.6956,44.2760,60,Bare / sparse vegetation,0.271,33.9,46.9,1.37,4.8,Metamorphic,MT,12.3,3066.9,NA,NA,NO_EVENT,NA,NA,NA,NA,NA,NA,NA,NA,NA,NA
NEG_0389,1:1,0,2,West Khasi Block,25.524987,91.403826,894.1,1262.84,24.08,215.51,0.000747,-0.002550,4.7920,18.0004,10,Tree cover,0.657,29.7,46.4,1.33,5.1,Metamorphic,MT,23.1,2003.5,NA,NA,NO_EVENT,NA,NA,NA,NA,NA,NA,NA,NA,NA,NA
NEG_0390,1:1,0,3,East Khasi Block,25.388094,91.741829,1664.0,1474.39,19.35,29.08,0.000494,-0.000543,5.6739,36.4195,10,Tree cover,0.721,34.2,38.8,1.37,4.3,Metamorphic,MT,32.0,1358.0,NA,NA,NO_EVENT,NA,NA,NA,NA,NA,NA,NA,NA,NA,NA
NEG_0391,1:1,0,1,Garo Hills Block,25.501153,90.440434,9631.4,100.07,19.84,330.98,0.000631,-0.002360,5.2063,18.8876,10,Tree cover,0.664,23.1,47.0,1.34,4.8,Mixed Sedimentary,SM,284.3,5696.7,NA,NA,NO_EVENT,NA,NA,NA,NA,NA,NA,NA,NA,NA,NA
NEG_0392,1:1,0,5,Jaintia Hills Block,25.409272,92.836381,17774.1,554.68,23.69,86.39,-0.002200,-0.001612,5.2518,36.2498,10,Tree cover,0.708,33.6,46.9,1.37,5.1,Metamorphic,MT,20.2,756.9,NA,NA,NO_EVENT,NA,NA,NA,NA,NA,NA,NA,NA,NA,NA
NEG_0393,1:1,0,4,Ri-Bhoi Block,26.077232,91.569526,7268.9,990.02,31.61,194.31,0.002770,-0.000126,4.4631,52.6608,10,Tree cover,0.825,34.4,44.8,1.38,5.0,Metamorphic,MT,45.1,198.3,NA,NA,NO_EVENT,NA,NA,NA,NA,NA,NA,NA,NA,NA,NA
NEG_0394,1:1,0,5,Jaintia Hills Block,25.072494,92.027364,12443.2,1078.10,21.44,210.10,-0.002533,-0.000167,5.0581,23.5280,10,Tree cover,0.822,29.6,49.6,1.44,5.1,Siliciclastic Sedimentary,SS,28.2,110.3,NA,NA,NO_EVENT,NA,NA,NA,NA,NA,NA,NA,NA,NA,NA
NEG_0395,1:1,0,4,Ri-Bhoi Block,25.680590,92.047056,3103.9,1468.25,25.33,215.78,0.000182,-0.001279,4.6854,45.2118,10,Tree cover,0.671,27.3,45.0,1.28,4.7,Metamorphic,MT,164.7,18.9,NA,NA,NO_EVENT,NA,NA,NA,NA,NA,NA,NA,NA,NA,NA
NEG_0396,1:1,0,5,Jaintia Hills Block,25.079200,92.191972,6811.1,1131.09,28.22,254.94,-0.002077,0.000624,4.5383,23.8421,10,Tree cover,0.824,29.8,44.1,1.44,4.8,Siliciclastic Sedimentary,SS,73.3,1351.5,NA,NA,NO_EVENT,NA,NA,NA,NA,NA,NA,NA,NA,NA,NA
NEG_0397,1:1,0,1,Garo Hills Block,25.035989,90.713024,21013.1,65.51,25.83,229.48,-0.003041,-0.000885,4.6042,33.1453,10,Tree cover,0.810,28.6,51.8,1.43,5.2,Mixed Sedimentary,SM,180.6,331.6,NA,NA,NO_EVENT,NA,NA,NA,NA,NA,NA,NA,NA,NA,NA
NEG_0398,1:1,0,5,Jaintia Hills Block,25.602014,92.228140,3148.7,1354.18,23.54,282.52,-0.003611,0.000450,4.7169,27.3391,10,Tree cover,0.651,27.7,45.9,1.30,5.0,Metamorphic,MT,162.3,2561.6,NA,NA,NO_EVENT,NA,NA,NA,NA,NA,NA,NA,NA,NA,NA
NEG_0399,1:1,0,3,East Khasi Block,25.407378,91.603067,4595.3,1466.53,31.26,56.63,-0.002723,-0.000360,4.6532,42.6239,10,Tree cover,0.709,33.7,43.5,1.37,4.6,Metamorphic,MT,116.7,71.1,NA,NA,NO_EVENT,NA,NA,NA,NA,NA,NA,NA,NA,NA,NA
NEG_0400,1:1,0,2,West Khasi Block,25.575114,91.488308,1684.1,1310.25,15.59,230.94,-0.004949,-0.000024,5.3693,20.8021,10,Tree cover,0.650,28.2,46.7,1.31,5.1,Metamorphic,MT,22.8,3677.7,NA,NA,NO_EVENT,NA,NA,NA,NA,NA,NA,NA,NA,NA,NA
NEG_0401,1:1,0,3,East Khasi Block,25.036228,91.771997,16930.2,1056.77,26.00,318.54,-0.001971,0.001804,4.5912,33.1853,10,Tree cover,0.810,39.4,21.2,1.31,5.7,Volcanic Basic,VB,120.4,1239.5,NA,NA,NO_EVENT,NA,NA,NA,NA,NA,NA,NA,NA,NA,NA
NEG_0402,1:1,0,3,East Khasi Block,25.593827,91.815562,2697.7,1740.04,21.95,304.71,0.001896,-0.001366,4.8461,25.1281,10,Tree cover,0.815,27.8,38.1,1.30,4.3,Metamorphic,MT,12.9,229.8,NA,NA,NO_EVENT,NA,NA,NA,NA,NA,NA,NA,NA,NA,NA
NEG_0403,1:1,0,5,Jaintia Hills Block,25.343157,92.078477,950.5,1387.08,17.88,137.99,0.002894,-0.001149,5.9140,39.1854,10,Tree cover,0.749,35.0,45.9,1.38,5.0,Metamorphic,MT,43.7,172.4,NA,NA,NO_EVENT,NA,NA,NA,NA,NA,NA,NA,NA,NA,NA
NEG_0404,1:1,0,1,Garo Hills Block,25.098223,90.607108,12707.3,90.95,26.10,309.08,0.003784,0.000174,4.7767,20.3283,10,Tree cover,0.827,30.1,52.9,1.44,5.0,Mixed Sedimentary,SM,20.6,494.0,NA,NA,NO_EVENT,NA,NA,NA,NA,NA,NA,NA,NA,NA,NA
NEG_0405,1:1,0,1,Garo Hills Block,25.106394,90.882164,18524.7,331.03,23.86,202.77,0.002375,0.001497,4.9870,19.2533,10,Tree cover,0.828,30.2,45.1,1.44,5.4,Mixed Sedimentary,SM,244.1,796.1,NA,NA,NO_EVENT,NA,NA,NA,NA,NA,NA,NA,NA,NA,NA
NEG_0406,1:1,0,1,Garo Hills Block,25.021003,90.926693,22138.1,383.99,28.90,256.11,-0.000381,-0.002749,4.3284,39.0736,10,Tree cover,0.804,28.1,44.2,1.43,5.4,Mixed Sedimentary,SM,135.1,193.5,NA,NA,NO_EVENT,NA,NA,NA,NA,NA,NA,NA,NA,NA,NA
NEG_0407,1:1,0,3,East Khasi Block,25.182450,91.882582,3035.4,1265.31,29.41,79.32,-0.004010,0.000514,4.8379,23.2930,60,Bare / sparse vegetation,0.347,29.8,53.1,1.44,5.3,Siliciclastic Sedimentary,SS,7.4,239.8,NA,NA,NO_EVENT,NA,NA,NA,NA,NA,NA,NA,NA,NA,NA
NEG_0408,1:1,0,2,West Khasi Block,25.094529,91.515219,7200.0,1051.92,17.91,212.62,-0.002841,-0.001244,5.4180,19.9467,10,Tree cover,0.827,30.0,44.9,1.44,5.0,Siliciclastic Sedimentary,SS,121.6,93.7,NA,NA,NO_EVENT,NA,NA,NA,NA,NA,NA,NA,NA,NA,NA
NEG_0409,1:1,0,1,Garo Hills Block,25.028696,89.821872,45997.3,25.00,35.15,318.12,0.001981,0.001641,3.8429,41.0680,10,Tree cover,0.766,28.4,47.4,1.43,5.2,Mixed Sedimentary,SM,49.5,1332.5,NA,NA,NO_EVENT,NA,NA,NA,NA,NA,NA,NA,NA,NA,NA
NEG_0410,1:1,0,2,West Khasi Block,25.094016,91.077271,11441.2,507.74,26.46,338.50,0.003089,-0.001125,4.7321,20.9513,10,Tree cover,0.827,30.0,47.3,1.44,5.2,Siliciclastic Sedimentary,SS,148.9,612.3,NA,NA,NO_EVENT,NA,NA,NA,NA,NA,NA,NA,NA,NA,NA
NEG_0411,1:1,0,1,Garo Hills Block,25.425458,90.070339,4975.5,55.33,34.62,160.32,-0.003106,-0.001059,4.3155,39.3728,10,Tree cover,0.699,22.6,52.2,1.37,5.3,Mixed Sedimentary,SM,77.7,2642.8,NA,NA,NO_EVENT,NA,NA,NA,NA,NA,NA,NA,NA,NA,NA
NEG_0412,1:1,0,1,Garo Hills Block,26.017800,89.990078,43091.6,118.32,23.68,73.13,-0.000629,0.001079,5.3229,32.5458,10,Tree cover,0.830,23.1,53.0,1.41,5.4,Mixed Sedimentary,SM,67.1,688.9,NA,NA,NO_EVENT,NA,NA,NA,NA,NA,NA,NA,NA,NA,NA
NEG_0413,1:1,0,4,Ri-Bhoi Block,25.810848,91.948463,7332.7,1442.50,25.56,138.44,-0.002816,-0.000773,5.1462,35.5651,10,Tree cover,0.743,30.5,41.3,1.29,4.5,Metamorphic,MT,92.1,9269.8,NA,NA,NO_EVENT,NA,NA,NA,NA,NA,NA,NA,NA,NA,NA
NEG_0414,1:1,0,4,Ri-Bhoi Block,25.662402,91.856596,2303.7,1749.09,34.24,292.34,-0.003113,-0.000209,3.9271,50.4906,10,Tree cover,0.787,27.2,38.6,1.29,4.3,Metamorphic,MT,97.7,2573.3,NA,NA,NO_EVENT,NA,NA,NA,NA,NA,NA,NA,NA,NA,NA
NEG_0415,1:1,0,1,Garo Hills Block,25.913626,89.881890,37897.0,51.11,23.58,46.50,-0.002151,0.001697,5.5132,18.0369,10,Tree cover,0.802,26.6,50.0,1.38,5.3,Mixed Sedimentary,SM,79.8,706.4,NA,NA,NO_EVENT,NA,NA,NA,NA,NA,NA,NA,NA,NA,NA
NEG_0416,1:1,0,1,Garo Hills Block,25.511223,90.150246,5998.1,123.65,19.99,211.18,0.000062,-0.002830,5.1609,18.3090,10,Tree cover,0.661,23.3,49.2,1.34,5.2,Mixed Sedimentary,SM,27.7,2563.3,NA,NA,NO_EVENT,NA,NA,NA,NA,NA,NA,NA,NA,NA,NA
NEG_0417,1:1,0,1,Garo Hills Block,25.682708,90.141430,4115.5,25.00,27.24,215.89,-0.002447,0.000963,4.5385,47.5954,10,Tree cover,0.672,29.2,49.6,1.32,5.2,Mixed Sedimentary,SM,71.7,3985.7,NA,NA,NO_EVENT,NA,NA,NA,NA,NA,NA,NA,NA,NA,NA
NEG_0418,1:1,0,1,Garo Hills Block,25.203891,90.227229,5729.7,69.88,25.08,140.95,0.004892,0.000011,5.2548,26.7421,10,Tree cover,0.819,29.4,45.9,1.43,5.1,Mixed Sedimentary,SM,110.4,169.1,NA,NA,NO_EVENT,NA,NA,NA,NA,NA,NA,NA,NA,NA,NA
NEG_0419,1:1,0,1,Garo Hills Block,25.971194,90.258352,27132.6,68.48,19.36,124.13,0.003001,0.001103,5.7962,21.9398,10,Tree cover,0.822,24.4,44.9,1.40,5.0,Mixed Sedimentary,SM,18.2,1764.0,NA,NA,NO_EVENT,NA,NA,NA,NA,NA,NA,NA,NA,NA,NA
NEG_0420,1:1,0,2,West Khasi Block,25.265316,91.324660,2820.3,962.87,31.56,120.70,0.000586,0.002164,4.8633,46.8402,60,Bare / sparse vegetation,0.400,27.3,52.3,1.42,4.8,Siliciclastic Sedimentary,SS,11.5,1502.6,NA,NA,NO_EVENT,NA,NA,NA,NA,NA,NA,NA,NA,NA,NA
NEG_0421,1:1,0,2,West Khasi Block,25.022222,91.534535,15198.3,1011.50,27.63,245.04,-0.000523,0.002674,4.4322,37.8311,10,Tree cover,0.804,28.2,44.5,1.43,5.1,Siliciclastic Sedimentary,SS,106.0,2168.7,NA,NA,NO_EVENT,NA,NA,NA,NA,NA,NA,NA,NA,NA,NA
NEG_0422,1:1,0,2,West Khasi Block,25.212748,91.598295,780.0,1157.13,33.06,73.89,-0.004389,0.000325,4.6422,32.1507,10,Tree cover,0.816,29.1,44.2,1.43,5.2,Siliciclastic Sedimentary,SS,110.0,1731.6,NA,NA,NO_EVENT,NA,NA,NA,NA,NA,NA,NA,NA,NA,NA
NEG_0423,1:1,0,4,Ri-Bhoi Block,25.835571,92.630522,29875.5,776.48,30.90,142.82,0.004393,0.000344,4.7992,31.9583,10,Tree cover,0.759,31.4,40.7,1.30,4.7,Metamorphic,MT,97.8,1227.5,NA,NA,NO_EVENT,NA,NA,NA,NA,NA,NA,NA,NA,NA,NA
NEG_0424,1:1,0,5,Jaintia Hills Block,25.353709,92.244591,8748.4,1328.32,16.46,64.74,-0.003382,-0.000402,6.0043,36.9957,10,Tree cover,0.742,34.9,45.5,1.38,5.0,Metamorphic,MT,224.9,1511.3,NA,NA,NO_EVENT,NA,NA,NA,NA,NA,NA,NA,NA,NA,NA
NEG_0425,1:1,0,1,Garo Hills Block,25.095045,90.647004,12893.5,101.50,22.57,251.91,0.001882,0.001561,5.0472,20.3894,10,Tree cover,0.827,30.0,53.1,1.44,5.1,Mixed Sedimentary,SM,62.3,80.8,NA,NA,NO_EVENT,NA,NA,NA,NA,NA,NA,NA,NA,NA,NA
NEG_0426,1:1,0,1,Garo Hills Block,25.179115,90.847169,19153.2,344.31,28.92,152.29,-0.004498,-0.000229,4.8653,22.5613,10,Tree cover,0.825,29.9,46.2,1.44,5.4,Mixed Sedimentary,SM,107.0,385.1,NA,NA,NO_EVENT,NA,NA,NA,NA,NA,NA,NA,NA,NA,NA
NEG_0427,1:1,0,5,Jaintia Hills Block,25.323600,92.807270,11361.3,559.39,14.91,105.67,0.000576,-0.000176,6.1846,35.8575,10,Tree cover,0.761,35.2,46.6,1.38,5.1,Metamorphic,MT,9.6,2195.5,NA,NA,NO_EVENT,NA,NA,NA,NA,NA,NA,NA,NA,NA,NA
NEG_0428,1:1,0,3,East Khasi Block,25.221601,91.931666,3252.5,1326.72,33.19,116.69,0.000855,-0.001775,4.6553,34.9569,10,Tree cover,0.813,28.9,52.7,1.43,5.2,Siliciclastic Sedimentary,SS,153.5,191.1,NA,NA,NO_EVENT,NA,NA,NA,NA,NA,NA,NA,NA,NA,NA
NEG_0429,1:1,0,3,East Khasi Block,25.490638,91.813788,679.7,1724.53,25.07,328.89,-0.000918,0.002442,4.8250,20.2723,10,Tree cover,0.816,23.7,60.3,1.31,4.5,Plutonic Acidic,PA,229.5,190.3,NA,NA,NO_EVENT,NA,NA,NA,NA,NA,NA,NA,NA,NA,NA
NEG_0430,1:1,0,2,West Khasi Block,25.381684,91.404544,3802.3,1065.94,25.94,148.43,0.000115,0.002764,5.1676,43.9351,10,Tree cover,0.725,25.6,52.9,1.32,4.8,Plutonic Acidic,PA,50.3,192.2,NA,NA,NO_EVENT,NA,NA,NA,NA,NA,NA,NA,NA,NA,NA
NEG_0431,1:1,0,3,East Khasi Block,25.462732,91.717323,2953.3,1616.47,27.81,350.91,0.004194,-0.000482,4.7121,25.7174,10,Tree cover,0.679,31.9,39.4,1.35,4.3,Metamorphic,MT,26.1,93.6,NA,NA,NO_EVENT,NA,NA,NA,NA,NA,NA,NA,NA,NA,NA
NEG_0432,1:1,0,1,Garo Hills Block,25.853279,90.184247,20384.1,120.03,25.63,140.85,-0.001822,0.001752,5.2684,25.5637,10,Tree cover,0.769,28.8,47.7,1.36,5.2,Mixed Sedimentary,SM,290.2,2973.7,NA,NA,NO_EVENT,NA,NA,NA,NA,NA,NA,NA,NA,NA,NA
NEG_0433,1:1,0,3,East Khasi Block,25.472069,91.916409,6119.1,1693.52,33.51,225.39,-0.000663,-0.001742,4.2196,24.8960,60,Bare / sparse vegetation,0.184,31.6,40.2,1.35,4.4,Metamorphic,MT,7.9,485.8,NA,NA,NO_EVENT,NA,NA,NA,NA,NA,NA,NA,NA,NA,NA
NEG_0434,1:1,0,4,Ri-Bhoi Block,25.803087,92.118419,2607.0,1374.29,26.51,151.97,0.004274,-0.000257,5.0424,38.1493,10,Tree cover,0.738,30.2,46.7,1.29,5.1,Metamorphic,MT,115.7,63.9,NA,NA,NO_EVENT,NA,NA,NA,NA,NA,NA,NA,NA,NA,NA
NEG_0435,1:1,0,2,West Khasi Block,25.154801,91.468584,2200.8,1072.01,16.53,166.13,0.002447,0.000912,5.7651,18.6114,10,Tree cover,0.829,30.2,46.5,1.44,4.9,Siliciclastic Sedimentary,SS,131.9,1133.0,NA,NA,NO_EVENT,NA,NA,NA,NA,NA,NA,NA,NA,NA,NA
NEG_0436,1:1,0,3,East Khasi Block,25.139340,91.928703,9467.7,1262.80,22.26,169.70,0.000117,0.002929,5.2456,18.0744,10,Tree cover,0.830,30.3,52.8,1.44,5.3,Siliciclastic Sedimentary,SS,32.2,83.4,NA,NA,NO_EVENT,NA,NA,NA,NA,NA,NA,NA,NA,NA,NA
NEG_0437,1:1,0,3,East Khasi Block,25.575400,91.772699,1004.8,1728.84,15.67,314.04,-0.002881,-0.000173,5.3626,20.8472,10,Tree cover,0.834,28.2,38.3,1.31,4.3,Metamorphic,MT,132.8,1068.6,NA,NA,NO_EVENT,NA,NA,NA,NA,NA,NA,NA,NA,NA,NA
NEG_0438,1:1,0,4,Ri-Bhoi Block,25.676832,91.119759,1056.6,689.59,34.64,323.02,-0.004056,0.000509,3.9303,54.4188,10,Tree cover,0.669,27.3,38.1,1.28,4.5,Metamorphic,MT,341.7,3025.1,NA,NA,NO_EVENT,NA,NA,NA,NA,NA,NA,NA,NA,NA,NA
NEG_0439,1:1,0,3,East Khasi Block,25.585306,91.912987,1245.2,1754.14,26.17,257.80,0.001176,0.000910,4.5134,24.6690,10,Tree cover,0.743,28.0,40.0,1.31,4.4,Metamorphic,MT,118.7,650.8,NA,NA,NO_EVENT,NA,NA,NA,NA,NA,NA,NA,NA,NA,NA
NEG_0440,1:1,0,5,Jaintia Hills Block,25.046676,92.340134,3956.5,819.73,28.94,322.11,0.003525,0.000885,4.3815,32.0207,10,Tree cover,0.814,28.9,47.6,1.43,4.9,Siliciclastic Sedimentary,SS,168.0,650.5,NA,NA,NO_EVENT,NA,NA,NA,NA,NA,NA,NA,NA,NA,NA
NEG_0441,1:1,0,3,East Khasi Block,25.096880,91.626350,9522.1,1154.19,27.13,323.25,0.003538,0.000794,4.6892,20.6068,10,Tree cover,0.827,30.1,44.6,1.44,5.2,Siliciclastic Sedimentary,SS,20.3,751.4,NA,NA,NO_EVENT,NA,NA,NA,NA,NA,NA,NA,NA,NA,NA
NEG_0442,1:1,0,2,West Khasi Block,25.308390,91.594296,2856.3,1355.27,25.12,80.31,0.004434,0.000337,5.3835,47.3248,10,Tree cover,0.770,25.7,44.2,1.41,5.2,Siliciclastic Sedimentary,SS,301.5,162.2,NA,NA,NO_EVENT,NA,NA,NA,NA,NA,NA,NA,NA,NA,NA
NEG_0443,1:1,0,4,Ri-Bhoi Block,25.678619,91.497241,10100.5,1281.91,24.71,225.61,0.004141,-0.000486,4.7295,44.2535,10,Tree cover,0.670,27.3,46.6,1.28,5.1,Metamorphic,MT,120.1,2110.2,NA,NA,NO_EVENT,NA,NA,NA,NA,NA,NA,NA,NA,NA,NA
NEG_0444,1:1,0,3,East Khasi Block,25.195982,91.798826,3852.4,1364.25,23.88,36.45,-0.000186,0.000031,5.3260,24.7300,10,Tree cover,0.821,29.5,51.3,1.44,5.4,Siliciclastic Sedimentary,SS,38.7,1880.2,NA,NA,NO_EVENT,NA,NA,NA,NA,NA,NA,NA,NA,NA,NA
NEG_0445,1:1,0,2,West Khasi Block,25.119862,91.499834,4624.5,1046.73,14.44,190.39,-0.001447,-0.001151,5.7934,18.1833,10,Tree cover,0.830,30.3,45.4,1.44,5.0,Siliciclastic Sedimentary,SS,65.9,4.7,NA,NA,NO_EVENT,NA,NA,NA,NA,NA,NA,NA,NA,NA,NA
NEG_0446,1:1,0,1,Garo Hills Block,25.670178,90.148031,3204.0,25.00,27.81,218.61,-0.001459,0.001789,4.4597,45.9988,60,Bare / sparse vegetation,0.300,28.8,49.3,1.32,5.2,Mixed Sedimentary,SM,10.9,2452.6,NA,NA,NO_EVENT,NA,NA,NA,NA,NA,NA,NA,NA,NA,NA
NEG_0447,1:1,0,2,West Khasi Block,25.046767,91.462329,12929.3,878.30,26.88,219.68,-0.003630,-0.000817,4.5465,30.9997,10,Tree cover,0.814,28.9,46.8,1.43,4.9,Siliciclastic Sedimentary,SS,95.2,535.2,NA,NA,NO_EVENT,NA,NA,NA,NA,NA,NA,NA,NA,NA,NA
NEG_0448,1:1,0,4,Ri-Bhoi Block,25.798401,92.426716,20900.3,1025.97,27.20,24.44,-0.000107,-0.001784,4.9699,39.8395,10,Tree cover,0.735,30.0,39.1,1.29,4.6,Metamorphic,MT,30.5,4680.8,NA,NA,NO_EVENT,NA,NA,NA,NA,NA,NA,NA,NA,NA,NA
NEG_0449,1:1,0,5,Jaintia Hills Block,25.020072,92.016065,18320.6,1031.61,25.89,223.63,-0.001161,0.001950,4.5676,37.1043,10,Tree cover,0.803,28.1,50.0,1.43,5.1,Siliciclastic Sedimentary,SS,192.7,298.9,NA,NA,NO_EVENT,NA,NA,NA,NA,NA,NA,NA,NA,NA,NA
NEG_0450,1:1,0,5,Jaintia Hills Block,25.081067,92.240223,4602.9,1078.49,22.42,304.38,-0.004793,-0.000063,5.0088,22.3418,10,Tree cover,0.824,36.4,29.5,1.31,5.4,Carbonate Sedimentary,SC,31.7,631.1,NA,NA,NO_EVENT,NA,NA,NA,NA,NA,NA,NA,NA,NA,NA
NEG_0451,1:1,0,3,East Khasi Block,25.439865,91.997101,3557.0,1618.82,26.77,175.38,0.004729,-0.000146,4.8865,30.8460,10,Tree cover,0.691,32.7,43.2,1.36,4.6,Metamorphic,MT,50.2,902.1,NA,NA,NO_EVENT,NA,NA,NA,NA,NA,NA,NA,NA,NA,NA
NEG_0452,1:1,0,3,East Khasi Block,25.641170,91.759478,6403.7,1587.91,25.39,316.13,0.000584,-0.001735,4.5961,37.4569,10,Tree cover,0.658,27.2,38.5,1.29,4.3,Metamorphic,MT,47.4,2583.0,NA,NA,NO_EVENT,NA,NA,NA,NA,NA,NA,NA,NA,NA,NA
NEG_0453,1:1,0,3,East Khasi Block,25.485437,91.777158,779.3,1718.95,22.80,337.56,0.001379,0.002157,5.0256,20.7077,10,Tree cover,0.833,31.1,38.2,1.35,4.3,Metamorphic,MT,158.9,632.9,NA,NA,NO_EVENT,NA,NA,NA,NA,NA,NA,NA,NA,NA,NA
NEG_0454,1:1,0,1,Garo Hills Block,25.366700,89.870860,19108.8,25.00,19.57,36.33,0.001812,0.001382,5.7219,39.4215,10,Tree cover,0.734,23.7,49.6,1.39,5.3,Mixed Sedimentary,SM,113.6,455.7,NA,NA,NO_EVENT,NA,NA,NA,NA,NA,NA,NA,NA,NA,NA
NEG_0455,1:1,0,3,East Khasi Block,25.438365,91.830961,1850.4,1684.36,31.38,8.51,-0.003641,-0.000424,4.5237,33.5019,10,Tree cover,0.692,32.7,38.2,1.36,4.3,Metamorphic,MT,23.6,534.5,NA,NA,NO_EVENT,NA,NA,NA,NA,NA,NA,NA,NA,NA,NA
NEG_0456,1:1,0,1,Garo Hills Block,25.157370,90.721506,10737.3,143.91,15.66,162.25,0.002835,0.000468,5.8447,18.7202,10,Tree cover,0.829,30.2,51.5,1.44,5.2,Mixed Sedimentary,SM,24.4,492.5,NA,NA,NO_EVENT,NA,NA,NA,NA,NA,NA,NA,NA,NA,NA
NEG_0457,1:1,0,2,West Khasi Block,25.399593,91.381986,3650.2,1072.04,30.63,153.83,-0.001549,0.001595,4.7319,44.2519,10,Tree cover,0.714,33.9,46.0,1.37,5.0,Metamorphic,MT,38.5,2172.0,NA,NA,NO_EVENT,NA,NA,NA,NA,NA,NA,NA,NA,NA,NA
NEG_0458,1:1,0,4,Ri-Bhoi Block,25.663063,92.330408,11074.3,1137.18,28.64,318.78,-0.002198,-0.001674,4.3766,45.3241,60,Bare / sparse vegetation,0.290,27.2,42.4,1.29,4.8,Metamorphic,MT,6.5,3997.5,NA,NA,NO_EVENT,NA,NA,NA,NA,NA,NA,NA,NA,NA,NA
NEG_0459,1:1,0,4,Ri-Bhoi Block,25.881311,91.530746,6034.4,1142.07,26.75,115.75,-0.000251,-0.002759,5.2332,20.7068,60,Bare / sparse vegetation,0.331,33.0,45.9,1.32,5.0,Metamorphic,MT,17.6,1603.1,NA,NA,NO_EVENT,NA,NA,NA,NA,NA,NA,NA,NA,NA,NA
NEG_0460,1:1,0,4,Ri-Bhoi Block,25.725132,92.423438,12929.8,1031.02,27.06,336.84,-0.000217,-0.001866,4.6946,50.4488,10,Tree cover,0.692,27.9,39.2,1.28,4.6,Metamorphic,MT,51.8,7086.9,NA,NA,NO_EVENT,NA,NA,NA,NA,NA,NA,NA,NA,NA,NA
NEG_0461,1:1,0,1,Garo Hills Block,25.371576,89.940079,12133.7,65.14,16.39,47.93,-0.000981,0.002197,5.9624,35.4821,10,Tree cover,0.731,23.6,52.1,1.39,5.4,Mixed Sedimentary,SM,6.4,1524.4,NA,NA,NO_EVENT,NA,NA,NA,NA,NA,NA,NA,NA,NA,NA
NEG_0462,1:1,0,1,Garo Hills Block,25.124474,90.702056,11846.2,99.74,14.37,187.56,-0.000799,0.001843,5.8174,18.0753,40,Cropland,0.514,30.3,52.1,1.44,5.2,Mixed Sedimentary,SM,82.8,916.8,NA,NA,NO_EVENT,NA,NA,NA,NA,NA,NA,NA,NA,NA,NA
NEG_0463,1:1,0,2,West Khasi Block,25.046529,91.293475,18190.1,836.96,29.02,248.60,-0.000126,0.001655,4.3747,32.0995,60,Bare / sparse vegetation,0.177,28.9,52.9,1.43,4.8,Siliciclastic Sedimentary,SS,14.4,87.7,NA,NA,NO_EVENT,NA,NA,NA,NA,NA,NA,NA,NA,NA,NA
NEG_0464,1:1,0,5,Jaintia Hills Block,25.077269,92.276944,5970.1,996.94,20.64,321.13,-0.002678,-0.000460,5.1381,22.5659,10,Tree cover,0.823,29.7,45.2,1.44,4.8,Siliciclastic Sedimentary,SS,161.4,719.2,NA,NA,NO_EVENT,NA,NA,NA,NA,NA,NA,NA,NA,NA,NA
NEG_0465,1:1,0,4,Ri-Bhoi Block,25.824538,92.555451,25775.4,767.73,22.09,120.41,0.000515,-0.000048,5.4700,30.2849,10,Tree cover,0.752,31.0,38.6,1.30,4.5,Metamorphic,MT,236.2,761.9,NA,NA,NO_EVENT,NA,NA,NA,NA,NA,NA,NA,NA,NA,NA
NEG_0466,1:1,0,1,Garo Hills Block,25.202103,90.770543,13814.4,298.16,26.93,146.80,0.002524,0.000419,5.1013,26.9700,10,Tree cover,0.820,29.4,49.6,1.43,5.3,Mixed Sedimentary,SM,98.9,537.8,NA,NA,NO_EVENT,NA,NA,NA,NA,NA,NA,NA,NA,NA,NA
NEG_0467,1:1,0,5,Jaintia Hills Block,25.611050,92.019170,4129.2,1627.29,21.28,226.19,-0.001922,-0.001822,4.8986,28.2184,10,Tree cover,0.652,27.5,44.1,1.30,4.7,Metamorphic,MT,109.0,1340.9,NA,NA,NO_EVENT,NA,NA,NA,NA,NA,NA,NA,NA,NA,NA
NEG_0468,1:1,0,1,Garo Hills Block,25.646586,90.351957,2836.6,96.94,34.41,288.61,-0.001381,-0.000018,3.8830,46.0644,10,Tree cover,0.659,28.0,44.3,1.32,4.8,Mixed Sedimentary,SM,39.1,370.3,NA,NA,NO_EVENT,NA,NA,NA,NA,NA,NA,NA,NA,NA,NA
NEG_0469,1:1,0,5,Jaintia Hills Block,25.543287,92.821159,27247.7,455.34,14.44,261.10,0.001661,0.001794,5.5162,18.3508,10,Tree cover,0.653,29.1,46.7,1.32,5.1,Metamorphic,MT,62.0,8590.0,NA,NA,NO_EVENT,NA,NA,NA,NA,NA,NA,NA,NA,NA,NA
NEG_0470,1:1,0,3,East Khasi Block,25.299029,91.626204,3302.2,1359.03,28.35,64.80,0.003855,-0.000665,5.1303,50.0901,10,Tree cover,0.776,26.0,44.6,1.41,5.2,Siliciclastic Sedimentary,SS,176.0,776.4,NA,NA,NO_EVENT,NA,NA,NA,NA,NA,NA,NA,NA,NA,NA
NEG_0471,1:1,0,1,Garo Hills Block,25.576918,90.999920,4424.8,594.25,16.50,296.79,-0.004397,-0.000152,5.2946,21.1725,10,Tree cover,0.650,25.4,44.7,1.33,5.3,Mixed Sedimentary,SM,120.8,1842.5,NA,NA,NO_EVENT,NA,NA,NA,NA,NA,NA,NA,NA,NA,NA
NEG_0472,1:1,0,1,Garo Hills Block,25.134332,90.887165,16681.4,342.25,21.60,178.43,-0.000137,0.002166,5.2784,18.0042,10,Tree cover,0.830,30.3,44.9,1.44,5.4,Mixed Sedimentary,SM,22.1,1254.4,NA,NA,NO_EVENT,NA,NA,NA,NA,NA,NA,NA,NA,NA,NA
NEG_0473,1:1,0,5,Jaintia Hills Block,25.467425,92.271399,1787.1,1281.33,25.14,341.54,0.002855,0.001112,4.9073,24.0451,10,Tree cover,0.677,31.7,44.6,1.35,4.9,Metamorphic,MT,149.6,2455.7,NA,NA,NO_EVENT,NA,NA,NA,NA,NA,NA,NA,NA,NA,NA
NEG_0474,1:1,0,2,West Khasi Block,25.128144,91.358115,7577.5,908.01,23.92,183.24,0.000573,0.000045,5.0680,18.0388,10,Tree cover,0.830,30.3,51.2,1.44,4.8,Siliciclastic Sedimentary,SS,20.0,2729.1,NA,NA,NO_EVENT,NA,NA,NA,NA,NA,NA,NA,NA,NA,NA
NEG_0475,1:1,0,2,West Khasi Block,25.210100,91.299455,6662.6,844.51,28.72,116.87,-0.000556,0.001058,4.9819,29.5982,10,Tree cover,0.817,29.2,52.8,1.43,4.8,Siliciclastic Sedimentary,SS,71.7,456.4,NA,NA,NO_EVENT,NA,NA,NA,NA,NA,NA,NA,NA,NA,NA
NEG_0476,1:1,0,3,East Khasi Block,25.173816,91.653265,848.1,1231.72,27.23,30.14,-0.001900,0.001391,4.9813,21.4031,60,Bare / sparse vegetation,0.337,30.0,45.3,1.44,5.3,Siliciclastic Sedimentary,SS,8.4,866.4,NA,NA,NO_EVENT,NA,NA,NA,NA,NA,NA,NA,NA,NA,NA
NEG_0477,1:1,0,1,Garo Hills Block,25.681529,89.905055,14141.3,25.00,25.11,319.96,-0.000833,0.001196,4.7056,45.1128,10,Tree cover,0.671,29.1,51.0,1.32,5.4,Mixed Sedimentary,SM,231.8,3765.6,NA,NA,NO_EVENT,NA,NA,NA,NA,NA,NA,NA,NA,NA,NA
NEG_0478,1:1,0,1,Garo Hills Block,25.029720,90.507959,23649.7,25.00,29.90,318.08,-0.001958,0.001730,4.2650,37.3298,10,Tree cover,0.808,28.4,49.9,1.43,4.8,Mixed Sedimentary,SM,59.6,108.6,NA,NA,NO_EVENT,NA,NA,NA,NA,NA,NA,NA,NA,NA,NA
NEG_0479,1:1,0,2,West Khasi Block,25.159988,91.572207,2331.9,1110.61,21.83,100.97,-0.001918,-0.001848,5.3612,19.2251,10,Tree cover,0.828,30.2,44.1,1.44,5.1,Siliciclastic Sedimentary,SS,108.8,174.3,NA,NA,NO_EVENT,NA,NA,NA,NA,NA,NA,NA,NA,NA,NA
NEG_0480,1:1,0,4,Ri-Bhoi Block,26.095348,92.690985,20036.2,513.80,34.66,191.42,-0.001502,0.001359,4.1472,58.6244,10,Tree cover,0.821,34.0,43.1,1.38,4.8,Metamorphic,MT,45.3,993.9,NA,NA,NO_EVENT,NA,NA,NA,NA,NA,NA,NA,NA,NA,NA
NEG_0481,1:1,0,1,Garo Hills Block,25.159058,90.635883,5701.2,25.00,22.21,92.06,-0.002111,0.001717,5.3273,19.1640,10,Tree cover,0.828,30.2,53.1,1.44,5.1,Mixed Sedimentary,SM,184.7,394.0,NA,NA,NO_EVENT,NA,NA,NA,NA,NA,NA,NA,NA,NA,NA
NEG_0482,1:1,0,2,West Khasi Block,25.373555,91.328382,6546.0,1061.62,24.37,132.16,0.000970,-0.001928,5.3182,43.6971,10,Tree cover,0.730,34.5,44.3,1.38,4.9,Metamorphic,MT,110.4,2668.0,NA,NA,NO_EVENT,NA,NA,NA,NA,NA,NA,NA,NA,NA,NA
NEG_0483,1:1,0,4,Ri-Bhoi Block,25.887957,92.834566,13184.0,384.08,25.71,89.70,-0.000110,-0.002093,5.3251,19.7641,10,Tree cover,0.789,33.2,46.8,1.32,5.1,Metamorphic,MT,106.5,1768.1,NA,NA,NO_EVENT,NA,NA,NA,NA,NA,NA,NA,NA,NA,NA
NEG_0484,1:1,0,3,East Khasi Block,25.178088,91.646453,994.9,1222.51,28.35,34.53,-0.002671,0.001026,4.9072,22.2842,10,Tree cover,0.826,29.9,45.1,1.44,5.3,Siliciclastic Sedimentary,SS,309.2,409.5,NA,NA,NO_EVENT,NA,NA,NA,NA,NA,NA,NA,NA,NA,NA
NEG_0485,1:1,0,1,Garo Hills Block,25.954706,89.866067,42720.9,25.00,19.25,43.43,-0.004542,-0.000155,5.8336,19.9211,10,Tree cover,0.818,25.0,49.3,1.39,5.3,Mixed Sedimentary,SM,55.7,495.9,NA,NA,NO_EVENT,NA,NA,NA,NA,NA,NA,NA,NA,NA,NA
NEG_0486,1:1,0,4,Ri-Bhoi Block,25.955813,92.842955,5701.9,444.28,16.24,84.54,-0.004176,0.000250,6.0727,19.7173,10,Tree cover,0.818,34.8,46.9,1.34,5.1,Metamorphic,MT,137.0,3060.8,NA,NA,NO_EVENT,NA,NA,NA,NA,NA,NA,NA,NA,NA,NA
NEG_0487,1:1,0,1,Garo Hills Block,25.122047,90.656645,10108.5,61.37,18.28,206.37,0.000318,0.002808,5.4949,18.1602,10,Tree cover,0.830,30.3,53.0,1.44,5.1,Mixed Sedimentary,SM,140.5,177.7,NA,NA,NO_EVENT,NA,NA,NA,NA,NA,NA,NA,NA,NA,NA
NEG_0488,1:1,0,3,East Khasi Block,25.215544,91.865282,1159.5,1308.07,33.79,70.56,-0.004354,-0.000183,4.5914,33.3378,10,Tree cover,0.815,29.0,52.9,1.43,5.3,Siliciclastic Sedimentary,SS,110.5,1349.1,NA,NA,NO_EVENT,NA,NA,NA,NA,NA,NA,NA,NA,NA,NA
NEG_0489,1:1,0,2,West Khasi Block,25.106371,91.447960,7323.0,946.64,19.07,195.16,-0.001950,0.001828,5.3701,19.0035,10,Tree cover,0.828,30.2,47.4,1.44,4.9,Siliciclastic Sedimentary,SS,25.1,39.3,NA,NA,NO_EVENT,NA,NA,NA,NA,NA,NA,NA,NA,NA,NA
NEG_0490,1:1,0,1,Garo Hills Block,25.153924,89.826835,34531.5,76.40,23.96,12.18,-0.002129,-0.001392,5.1673,18.8178,10,Tree cover,0.829,30.2,47.6,1.44,5.2,Mixed Sedimentary,SM,36.8,956.7,NA,NA,NO_EVENT,NA,NA,NA,NA,NA,NA,NA,NA,NA,NA
NEG_0491,1:1,0,2,West Khasi Block,25.561714,91.178587,2228.9,875.67,18.44,309.40,-0.001141,-0.000781,5.1600,19.8116,10,Tree cover,0.651,28.6,39.0,1.32,4.6,Metamorphic,MT,173.2,3475.6,NA,NA,NO_EVENT,NA,NA,NA,NA,NA,NA,NA,NA,NA,NA
NEG_0492,1:1,0,2,West Khasi Block,25.020839,91.547976,15493.5,1030.94,28.95,252.12,0.000083,0.002821,4.3241,39.1546,10,Tree cover,0.804,28.1,44.3,1.43,5.1,Siliciclastic Sedimentary,SS,30.9,2061.6,NA,NA,NO_EVENT,NA,NA,NA,NA,NA,NA,NA,NA,NA,NA
NEG_0493,1:1,0,4,Ri-Bhoi Block,26.058135,92.036481,5516.3,1078.00,25.51,170.28,-0.001365,0.001185,5.0272,42.8004,60,Bare / sparse vegetation,0.161,34.8,44.7,1.38,4.9,Metamorphic,MT,16.8,7180.0,NA,NA,NO_EVENT,NA,NA,NA,NA,NA,NA,NA,NA,NA,NA
NEG_0494,1:1,0,5,Jaintia Hills Block,25.124121,92.037064,6743.3,1200.32,14.50,184.95,-0.000306,-0.002808,5.8056,18.0826,10,Tree cover,0.830,38.1,24.4,1.32,6.0,Carbonate Sedimentary,SC,124.1,235.8,NA,NA,NO_EVENT,NA,NA,NA,NA,NA,NA,NA,NA,NA,NA
NEG_0495,1:1,0,1,Garo Hills Block,25.951844,90.976428,15418.4,510.87,14.92,74.04,0.004966,-0.000018,6.1839,19.2705,10,Tree cover,0.817,25.1,44.3,1.39,5.3,Mixed Sedimentary,SM,28.0,627.5,NA,NA,NO_EVENT,NA,NA,NA,NA,NA,NA,NA,NA,NA,NA
NEG_0496,1:1,0,4,Ri-Bhoi Block,25.665308,92.700576,18276.7,618.64,35.00,220.07,0.001891,0.001828,3.8729,51.9926,10,Tree cover,0.665,27.2,43.4,1.29,4.9,Metamorphic,MT,127.7,5466.2,NA,NA,NO_EVENT,NA,NA,NA,NA,NA,NA,NA,NA,NA,NA
NEG_0497,1:1,0,5,Jaintia Hills Block,25.344380,92.446815,3785.4,1014.06,22.64,52.01,-0.002113,0.001416,5.5307,44.7635,10,Tree cover,0.748,35.0,38.6,1.38,4.5,Metamorphic,MT,211.9,1167.8,NA,NA,NO_EVENT,NA,NA,NA,NA,NA,NA,NA,NA,NA,NA
NEG_0498,1:1,0,3,East Khasi Block,25.167645,91.889695,4693.4,1259.94,26.99,86.84,-0.002833,0.001298,4.9776,20.4603,10,Tree cover,0.827,30.1,53.1,1.44,5.3,Siliciclastic Sedimentary,SS,22.4,325.6,NA,NA,NO_EVENT,NA,NA,NA,NA,NA,NA,NA,NA,NA,NA
NEG_0499,1:1,0,1,Garo Hills Block,25.669962,90.893399,8792.0,494.89,32.43,236.21,-0.002170,0.001600,4.0896,50.6006,10,Tree cover,0.667,28.8,44.8,1.32,5.4,Mixed Sedimentary,SM,108.4,2480.9,NA,NA,NO_EVENT,NA,NA,NA,NA,NA,NA,NA,NA,NA,NA
NEG_0500,1:1,0,2,West Khasi Block,25.441629,91.080562,1576.1,712.75,35.01,3.12,-0.003974,-0.000236,4.2203,34.2210,10,Tree cover,0.847,32.6,38.2,1.36,4.5,Metamorphic,MT,108.8,178.6,NA,NA,NO_EVENT,NA,NA,NA,NA,NA,NA,NA,NA,NA,NA
NEG_0501,1:1,0,2,West Khasi Block,25.591009,91.214936,1864.1,904.76,18.41,295.11,-0.004083,0.000548,5.1306,23.5412,10,Tree cover,0.650,27.9,40.0,1.30,4.6,Metamorphic,MT,173.1,2789.5,NA,NA,NO_EVENT,NA,NA,NA,NA,NA,NA,NA,NA,NA,NA
NEG_0502,1:1,0,4,Ri-Bhoi Block,25.655809,91.028595,2143.5,647.48,29.56,309.41,0.000881,-0.002442,4.2877,44.4732,60,Bare / sparse vegetation,0.279,27.2,39.1,1.29,4.6,Metamorphic,MT,14.7,5066.3,NA,NA,NO_EVENT,NA,NA,NA,NA,NA,NA,NA,NA,NA,NA
NEG_0503,1:1,0,2,West Khasi Block,25.100388,91.051254,10174.4,506.70,22.86,339.56,0.000710,-0.002031,5.0440,19.7970,60,Bare / sparse vegetation,0.235,30.1,46.3,1.44,5.2,Siliciclastic Sedimentary,SS,7.6,155.0,NA,NA,NO_EVENT,NA,NA,NA,NA,NA,NA,NA,NA,NA,NA
NEG_0504,1:1,0,5,Jaintia Hills Block,25.341088,92.015632,605.6,1443.91,14.07,137.35,-0.003232,-0.000968,6.2230,34.7290,10,Tree cover,0.750,35.0,43.9,1.38,4.6,Metamorphic,MT,11.8,1993.6,NA,NA,NO_EVENT,NA,NA,NA,NA,NA,NA,NA,NA,NA,NA
NEG_0505,1:1,0,4,Ri-Bhoi Block,26.087478,91.567170,8411.8,959.16,30.94,230.06,0.002406,-0.000781,4.4759,53.4212,10,Tree cover,0.823,34.2,44.9,1.38,5.0,Metamorphic,MT,66.3,544.2,NA,NA,NO_EVENT,NA,NA,NA,NA,NA,NA,NA,NA,NA,NA
NEG_0506,1:1,0,5,Jaintia Hills Block,25.355919,92.089265,2456.4,1393.74,19.66,139.33,0.002748,-0.001207,5.7430,40.5218,10,Tree cover,0.741,34.8,46.2,1.38,5.1,Metamorphic,MT,15.6,1357.0,NA,NA,NO_EVENT,NA,NA,NA,NA,NA,NA,NA,NA,NA,NA
NEG_0507,1:1,0,5,Jaintia Hills Block,25.205416,92.271858,5047.6,1098.69,23.66,47.26,0.003136,0.000557,5.3730,26.5634,10,Tree cover,0.819,41.3,30.5,1.34,5.4,Carbonate Sedimentary,SC,87.4,3578.1,NA,NA,NO_EVENT,NA,NA,NA,NA,NA,NA,NA,NA,NA,NA
NEG_0508,1:1,0,1,Garo Hills Block,25.051370,89.912232,37900.1,25.00,24.95,318.09,0.000017,-0.001341,4.7133,28.9935,10,Tree cover,0.816,29.1,51.2,1.43,5.4,Mixed Sedimentary,SM,71.1,995.2,NA,NA,NO_EVENT,NA,NA,NA,NA,NA,NA,NA,NA,NA,NA
NEG_0509,1:1,0,4,Ri-Bhoi Block,25.905167,92.828634,11491.5,410.20,22.88,93.13,-0.001346,-0.002139,5.5662,18.2946,10,Tree cover,0.798,33.7,46.8,1.32,5.1,Metamorphic,MT,127.6,1097.3,NA,NA,NO_EVENT,NA,NA,NA,NA,NA,NA,NA,NA,NA,NA
NEG_0510,1:1,0,2,West Khasi Block,25.221136,91.575198,692.1,1138.98,31.58,91.65,-0.002675,0.001334,4.7829,33.9952,10,Tree cover,0.813,28.9,44.1,1.43,5.1,Siliciclastic Sedimentary,SS,46.7,589.7,NA,NA,NO_EVENT,NA,NA,NA,NA,NA,NA,NA,NA,NA,NA
NEG_0511,1:1,0,3,East Khasi Block,25.443308,91.816635,673.4,1676.71,29.84,3.02,-0.002310,-0.000238,4.6272,31.3586,10,Tree cover,0.689,32.6,38.1,1.36,4.3,Metamorphic,MT,101.6,655.7,NA,NA,NO_EVENT,NA,NA,NA,NA,NA,NA,NA,NA,NA,NA
NEG_0512,1:1,0,1,Garo Hills Block,25.068801,90.998542,14267.2,488.80,22.80,308.49,-0.004499,0.000036,4.9373,24.5558,10,Tree cover,0.821,29.5,44.6,1.44,5.3,Mixed Sedimentary,SM,142.9,256.6,NA,NA,NO_EVENT,NA,NA,NA,NA,NA,NA,NA,NA,NA,NA
NEG_0513,1:1,0,4,Ri-Bhoi Block,25.723043,92.825831,31425.9,561.64,17.95,257.51,-0.002228,0.001459,5.4156,39.5378,10,Tree cover,0.691,27.9,46.8,1.28,5.1,Metamorphic,MT,103.7,338.7,NA,NA,NO_EVENT,NA,NA,NA,NA,NA,NA,NA,NA,NA,NA
NEG_0514,1:1,0,5,Jaintia Hills Block,25.551570,92.066798,2621.5,1657.34,16.57,221.35,0.001895,0.001351,5.3281,18.8563,10,Tree cover,0.652,28.9,45.6,1.32,4.8,Metamorphic,MT,64.8,2410.1,NA,NA,NO_EVENT,NA,NA,NA,NA,NA,NA,NA,NA,NA,NA
NEG_0515,1:1,0,3,East Khasi Block,25.610383,91.838376,1854.3,1752.59,27.59,296.95,0.002503,-0.001261,4.3936,31.0755,10,Tree cover,0.801,27.5,38.3,1.30,4.3,Metamorphic,MT,46.4,1410.7,NA,NA,NO_EVENT,NA,NA,NA,NA,NA,NA,NA,NA,NA,NA
NEG_0516,1:1,0,4,Ri-Bhoi Block,25.779015,91.232813,10091.3,864.38,14.88,30.78,-0.002169,0.000065,5.8810,32.3679,10,Tree cover,0.723,29.4,40.7,1.29,4.7,Metamorphic,MT,34.5,5112.5,NA,NA,NO_EVENT,NA,NA,NA,NA,NA,NA,NA,NA,NA,NA
NEG_0517,1:1,0,4,Ri-Bhoi Block,25.808587,91.542853,8085.3,1201.87,21.67,126.52,-0.000366,0.001117,5.4494,33.3558,10,Tree cover,0.742,30.4,45.6,1.29,5.0,Metamorphic,MT,13.8,438.1,NA,NA,NO_EVENT,NA,NA,NA,NA,NA,NA,NA,NA,NA,NA
NEG_0518,1:1,0,3,East Khasi Block,25.311586,91.652356,1762.3,1391.09,25.64,55.10,0.002255,-0.000635,5.3394,48.1686,60,Bare / sparse vegetation,0.381,25.6,45.3,1.41,5.3,Siliciclastic Sedimentary,SS,13.7,518.0,NA,NA,NO_EVENT,NA,NA,NA,NA,NA,NA,NA,NA,NA,NA
NEG_0519,1:1,0,5,Jaintia Hills Block,25.474403,92.348618,8403.3,1228.10,28.94,344.66,-0.003623,0.000662,4.5762,23.4747,10,Tree cover,0.674,31.5,41.7,1.35,4.7,Metamorphic,MT,404.0,1064.9,NA,NA,NO_EVENT,NA,NA,NA,NA,NA,NA,NA,NA,NA,NA
NEG_0520,1:1,0,3,East Khasi Block,25.557762,91.882748,514.4,1771.68,23.99,275.63,0.003938,-0.000580,4.7228,19.8823,10,Tree cover,0.767,22.0,61.2,1.30,4.6,Plutonic Acidic,PA,241.5,1302.0,NA,NA,NO_EVENT,NA,NA,NA,NA,NA,NA,NA,NA,NA,NA
NEG_0521,1:1,0,1,Garo Hills Block,25.229299,90.111711,10737.4,85.27,32.32,136.54,-0.003204,-0.000599,4.7434,36.8902,60,Bare / sparse vegetation,0.390,28.6,50.8,1.43,5.3,Mixed Sedimentary,SM,5.8,858.2,NA,NA,NO_EVENT,NA,NA,NA,NA,NA,NA,NA,NA,NA,NA
NEG_0522,1:1,0,1,Garo Hills Block,25.522667,90.118420,9297.3,97.37,21.84,217.39,0.001438,-0.001208,4.9779,18.0129,10,Tree cover,0.658,23.6,50.6,1.34,5.3,Mixed Sedimentary,SM,109.5,607.8,NA,NA,NO_EVENT,NA,NA,NA,NA,NA,NA,NA,NA,NA,NA
NEG_0523,1:1,0,2,West Khasi Block,25.164282,91.247883,4315.2,765.51,16.66,63.71,0.003265,-0.000825,5.7913,19.2461,10,Tree cover,0.828,30.1,53.0,1.44,4.8,Siliciclastic Sedimentary,SS,39.0,1100.9,NA,NA,NO_EVENT,NA,NA,NA,NA,NA,NA,NA,NA,NA,NA
NEG_0524,1:1,0,3,East Khasi Block,25.536941,91.943542,2173.4,1717.22,21.16,237.64,-0.001545,-0.002031,4.9938,18.2143,10,Tree cover,0.720,29.3,41.1,1.33,4.5,Metamorphic,MT,107.0,907.4,NA,NA,NO_EVENT,NA,NA,NA,NA,NA,NA,NA,NA,NA,NA
NEG_0525,1:1,0,1,Garo Hills Block,25.119376,90.886958,17401.2,341.88,22.09,192.89,0.001139,0.002038,5.1795,18.3019,10,Tree cover,0.830,30.3,44.9,1.44,5.4,Mixed Sedimentary,SM,31.3,1292.3,NA,NA,NO_EVENT,NA,NA,NA,NA,NA,NA,NA,NA,NA,NA
NEG_0526,1:1,0,5,Jaintia Hills Block,25.031649,92.456723,1453.4,787.52,33.68,304.88,-0.002020,-0.001749,3.9667,39.1510,10,Tree cover,0.808,28.5,52.2,1.43,5.1,Siliciclastic Sedimentary,SS,73.5,376.7,NA,NA,NO_EVENT,NA,NA,NA,NA,NA,NA,NA,NA,NA,NA
NEG_0527,1:1,0,4,Ri-Bhoi Block,25.664288,91.302452,5520.7,1082.00,30.82,245.12,-0.000638,-0.002209,4.2050,47.6944,10,Tree cover,0.665,27.2,43.4,1.29,4.9,Metamorphic,MT,202.5,6311.7,NA,NA,NO_EVENT,NA,NA,NA,NA,NA,NA,NA,NA,NA,NA
NEG_0528,1:1,0,1,Garo Hills Block,25.027226,90.502152,24196.8,25.00,29.24,318.13,-0.001982,0.001499,4.3128,37.5997,10,Tree cover,0.807,28.3,49.7,1.43,4.8,Mixed Sedimentary,SM,225.8,447.7,NA,NA,NO_EVENT,NA,NA,NA,NA,NA,NA,NA,NA,NA,NA
NEG_0529,1:1,0,2,West Khasi Block,25.519927,91.361853,3522.9,1156.35,26.46,218.66,0.001253,-0.000314,4.6164,18.0617,10,Tree cover,0.658,29.9,45.4,1.33,5.0,Metamorphic,MT,213.4,1183.4,NA,NA,NO_EVENT,NA,NA,NA,NA,NA,NA,NA,NA,NA,NA
NEG_0530,1:1,0,4,Ri-Bhoi Block,25.757555,91.971878,4604.1,1532.02,17.29,182.79,0.000411,-0.001022,5.6028,37.0953,10,Tree cover,0.710,28.7,42.2,1.28,4.5,Metamorphic,MT,43.7,3433.7,NA,NA,NO_EVENT,NA,NA,NA,NA,NA,NA,NA,NA,NA,NA
NEG_0531,1:1,0,3,East Khasi Block,25.490531,91.945366,4803.0,1695.34,27.94,219.52,0.001225,-0.002256,4.5958,20.5477,10,Tree cover,0.668,30.9,41.2,1.34,4.5,Metamorphic,MT,29.2,1211.5,NA,NA,NO_EVENT,NA,NA,NA,NA,NA,NA,NA,NA,NA,NA
NEG_0532,1:1,0,1,Garo Hills Block,26.063449,90.358859,31470.3,59.35,33.68,17.54,0.004719,-0.000144,4.3526,52.0439,10,Tree cover,0.828,22.5,44.4,1.43,4.8,Mixed Sedimentary,SM,37.6,1168.7,NA,NA,NO_EVENT,NA,NA,NA,NA,NA,NA,NA,NA,NA,NA
NEG_0533,1:1,0,2,West Khasi Block,25.535889,91.594074,863.1,1370.63,22.93,282.04,0.002837,0.000859,4.8548,18.1918,10,Tree cover,0.655,29.3,43.9,1.33,4.9,Metamorphic,MT,107.2,375.6,NA,NA,NO_EVENT,NA,NA,NA,NA,NA,NA,NA,NA,NA,NA
NEG_0534,1:1,0,2,West Khasi Block,25.153669,91.465813,2504.3,1068.65,16.64,166.98,0.002266,0.001093,5.7519,18.5545,10,Tree cover,0.829,30.2,46.6,1.44,4.9,Siliciclastic Sedimentary,SS,18.7,884.7,NA,NA,NO_EVENT,NA,NA,NA,NA,NA,NA,NA,NA,NA,NA
NEG_0535,1:1,0,2,West Khasi Block,25.193522,91.286547,5351.9,809.58,24.63,112.00,0.001009,-0.000151,5.2580,24.4544,10,Tree cover,0.822,29.6,53.0,1.44,4.8,Siliciclastic Sedimentary,SS,59.1,390.1,NA,NA,NO_EVENT,NA,NA,NA,NA,NA,NA,NA,NA,NA,NA
NEG_0536,1:1,0,5,Jaintia Hills Block,25.088083,92.305065,3105.9,944.44,19.23,332.73,0.000568,-0.001306,5.2888,20.8221,10,Tree cover,0.826,36.7,31.4,1.31,5.4,Carbonate Sedimentary,SC,79.7,201.1,NA,NA,NO_EVENT,NA,NA,NA,NA,NA,NA,NA,NA,NA,NA
NEG_0537,1:1,0,3,East Khasi Block,25.555436,91.931417,2041.8,1728.57,21.92,246.32,-0.000950,-0.001218,4.8926,19.4859,10,Tree cover,0.729,28.7,40.7,1.32,4.4,Metamorphic,MT,63.3,1646.4,NA,NA,NO_EVENT,NA,NA,NA,NA,NA,NA,NA,NA,NA,NA
NEG_0538,1:1,0,1,Garo Hills Block,25.533787,89.890693,8970.7,102.01,16.72,320.20,0.001460,-0.002119,5.3570,18.0893,10,Tree cover,0.655,23.9,50.4,1.34,5.3,Mixed Sedimentary,SM,178.5,1239.0,NA,NA,NO_EVENT,NA,NA,NA,NA,NA,NA,NA,NA,NA,NA
NEG_0539,1:1,0,2,West Khasi Block,25.158995,91.456125,3368.5,1074.81,18.18,164.51,0.002379,0.001488,5.6494,18.9483,10,Tree cover,0.828,30.2,47.0,1.44,4.9,Siliciclastic Sedimentary,SS,20.8,92.1,NA,NA,NO_EVENT,NA,NA,NA,NA,NA,NA,NA,NA,NA,NA
NEG_0540,1:1,0,3,East Khasi Block,25.605123,91.965464,4797.5,1707.80,24.20,236.04,-0.002998,0.001063,4.6640,28.2862,10,Tree cover,0.706,27.6,42.0,1.30,4.5,Metamorphic,MT,79.4,4537.6,NA,NA,NO_EVENT,NA,NA,NA,NA,NA,NA,NA,NA,NA,NA
NEG_0541,1:1,0,3,East Khasi Block,25.152131,91.906635,7116.1,1261.04,24.66,127.89,-0.000927,0.002435,5.1043,18.7063,10,Tree cover,0.829,30.2,53.0,1.44,5.3,Siliciclastic Sedimentary,SS,148.5,37.5,NA,NA,NO_EVENT,NA,NA,NA,NA,NA,NA,NA,NA,NA,NA
NEG_0542,1:1,0,3,East Khasi Block,25.596668,91.922941,566.4,1751.19,27.34,252.81,0.000006,0.001700,4.4139,27.5484,10,Tree cover,0.735,27.8,40.4,1.30,4.4,Metamorphic,MT,34.8,2239.4,NA,NA,NO_EVENT,NA,NA,NA,NA,NA,NA,NA,NA,NA,NA
NEG_0543,1:1,0,1,Garo Hills Block,25.911899,89.848781,39143.1,55.58,27.75,44.95,-0.002943,-0.000047,5.1792,18.0829,10,Tree cover,0.801,26.6,48.6,1.38,5.3,Mixed Sedimentary,SM,87.9,564.0,NA,NA,NO_EVENT,NA,NA,NA,NA,NA,NA,NA,NA,NA,NA
NEG_0544,1:1,0,4,Ri-Bhoi Block,26.005099,91.860274,706.3,1280.16,25.61,64.48,-0.000906,-0.000008,5.2093,30.6234,10,Tree cover,0.829,35.2,38.6,1.36,4.5,Metamorphic,MT,374.2,2128.1,NA,NA,NO_EVENT,NA,NA,NA,NA,NA,NA,NA,NA,NA,NA
NEG_0545,1:1,0,4,Ri-Bhoi Block,26.015560,92.335978,10750.5,869.78,22.08,30.23,0.000310,0.001860,5.4583,31.0882,10,Tree cover,0.830,35.2,42.2,1.37,4.8,Metamorphic,MT,402.1,5729.5,NA,NA,NO_EVENT,NA,NA,NA,NA,NA,NA,NA,NA,NA,NA
NEG_0546,1:1,0,1,Garo Hills Block,26.012289,89.809997,50860.1,25.00,27.89,32.53,-0.000007,0.002506,5.0042,33.6571,10,Tree cover,0.829,23.2,46.9,1.41,5.2,Mixed Sedimentary,SM,22.7,664.0,NA,NA,NO_EVENT,NA,NA,NA,NA,NA,NA,NA,NA,NA,NA
NEG_0547,1:1,0,3,East Khasi Block,25.156572,91.719943,3321.5,1292.72,17.67,13.42,0.002622,0.000884,5.6808,18.7614,10,Tree cover,0.829,30.2,47.9,1.44,5.4,Siliciclastic Sedimentary,SS,72.5,361.7,NA,NA,NO_EVENT,NA,NA,NA,NA,NA,NA,NA,NA,NA,NA
NEG_0548,1:1,0,5,Jaintia Hills Block,25.640313,92.587090,8502.7,864.74,27.55,236.34,-0.000478,-0.001864,4.4221,38.8938,10,Tree cover,0.658,27.2,39.3,1.29,4.6,Metamorphic,MT,78.4,5182.8,NA,NA,NO_EVENT,NA,NA,NA,NA,NA,NA,NA,NA,NA,NA
NEG_0549,1:1,0,3,East Khasi Block,25.580311,91.641839,3409.0,1503.08,25.88,301.70,0.003330,0.000424,4.5408,23.6096,10,Tree cover,0.650,28.1,42.0,1.31,4.5,Metamorphic,MT,22.9,3782.9,NA,NA,NO_EVENT,NA,NA,NA,NA,NA,NA,NA,NA,NA,NA
NEG_0550,1:1,0,1,Garo Hills Block,25.747051,90.171296,8611.9,25.00,15.01,187.97,0.000323,-0.002767,5.7433,35.2864,10,Tree cover,0.704,30.3,48.3,1.33,5.2,Mixed Sedimentary,SM,167.9,2149.9,NA,NA,NO_EVENT,NA,NA,NA,NA,NA,NA,NA,NA,NA,NA
NEG_0551,1:1,0,1,Garo Hills Block,25.533659,89.861195,11927.4,126.59,20.02,322.48,0.002697,-0.000712,5.0933,18.1037,10,Tree cover,0.655,23.9,49.1,1.34,5.3,Mixed Sedimentary,SM,112.2,544.5,NA,NA,NO_EVENT,NA,NA,NA,NA,NA,NA,NA,NA,NA,NA
NEG_0552,1:1,0,1,Garo Hills Block,25.664997,89.822774,18976.0,25.00,34.89,319.64,-0.002644,-0.001375,3.8810,51.8038,10,Tree cover,0.665,28.6,47.4,1.32,5.2,Mixed Sedimentary,SM,80.9,741.5,NA,NA,NO_EVENT,NA,NA,NA,NA,NA,NA,NA,NA,NA,NA
NEG_0553,1:1,0,1,Garo Hills Block,25.230793,90.169913,5215.8,123.01,26.44,140.23,0.000492,-0.002285,5.2171,33.8327,10,Tree cover,0.810,28.6,48.3,1.43,5.2,Mixed Sedimentary,SM,86.7,482.6,NA,NA,NO_EVENT,NA,NA,NA,NA,NA,NA,NA,NA,NA,NA
NEG_0554,1:1,0,4,Ri-Bhoi Block,25.667057,91.300851,5848.6,1081.95,30.49,245.56,-0.000546,-0.002083,4.2378,48.0102,10,Tree cover,0.666,27.2,43.3,1.28,4.9,Metamorphic,MT,32.3,6446.1,NA,NA,NO_EVENT,NA,NA,NA,NA,NA,NA,NA,NA,NA,NA
NEG_0555,1:1,0,4,Ri-Bhoi Block,25.909037,92.669619,22062.6,650.84,31.54,135.04,-0.000485,0.002502,4.8751,18.2004,10,Tree cover,0.799,33.8,42.2,1.33,4.8,Metamorphic,MT,155.1,369.4,NA,NA,NO_EVENT,NA,NA,NA,NA,NA,NA,NA,NA,NA,NA
NEG_0556,1:1,0,5,Jaintia Hills Block,25.450246,92.101815,603.8,1512.27,32.60,182.22,-0.004837,0.000060,4.3786,30.5289,10,Tree cover,0.685,32.3,46.4,1.36,4.8,Metamorphic,MT,24.4,528.3,NA,NA,NO_EVENT,NA,NA,NA,NA,NA,NA,NA,NA,NA,NA
NEG_0557,1:1,0,4,Ri-Bhoi Block,25.907846,92.635174,25199.4,691.71,29.51,132.57,-0.002179,0.001300,5.0371,18.2396,10,Tree cover,0.799,33.8,40.9,1.33,4.7,Metamorphic,MT,70.7,1378.5,NA,NA,NO_EVENT,NA,NA,NA,NA,NA,NA,NA,NA,NA,NA
NEG_0558,1:1,0,4,Ri-Bhoi Block,25.666276,92.159522,878.7,1474.68,35.68,241.23,-0.001262,0.002004,3.8207,52.9121,60,Bare / sparse vegetation,0.294,27.2,46.9,1.28,4.8,Metamorphic,MT,6.5,355.8,NA,NA,NO_EVENT,NA,NA,NA,NA,NA,NA,NA,NA,NA,NA
NEG_0559,1:1,0,5,Jaintia Hills Block,25.043011,92.207954,9507.7,1087.46,31.69,271.62,-0.002914,-0.001246,4.1521,34.4527,10,Tree cover,0.813,28.8,44.1,1.43,4.8,Siliciclastic Sedimentary,SS,69.2,49.4,NA,NA,NO_EVENT,NA,NA,NA,NA,NA,NA,NA,NA,NA,NA
NEG_0560,1:1,0,5,Jaintia Hills Block,25.041222,92.177610,11175.9,1094.28,34.71,250.70,-0.000309,-0.001965,3.9061,36.6126,10,Tree cover,0.812,28.8,44.3,1.43,4.8,Siliciclastic Sedimentary,SS,233.8,586.8,NA,NA,NO_EVENT,NA,NA,NA,NA,NA,NA,NA,NA,NA,NA
NEG_0561,1:1,0,5,Jaintia Hills Block,25.188551,92.019496,1111.2,1371.33,20.63,151.06,0.003280,-0.000391,5.5614,22.6156,10,Tree cover,0.823,40.7,24.6,1.33,6.0,Carbonate Sedimentary,SC,52.4,156.2,NA,NA,NO_EVENT,NA,NA,NA,NA,NA,NA,NA,NA,NA,NA
NEG_0562,1:1,0,5,Jaintia Hills Block,25.437932,92.056563,3128.6,1542.25,27.37,174.87,-0.000956,-0.000654,4.8462,31.6330,10,Tree cover,0.692,32.7,45.3,1.36,4.7,Metamorphic,MT,155.5,1231.3,NA,NA,NO_EVENT,NA,NA,NA,NA,NA,NA,NA,NA,NA,NA
NEG_0563,1:1,0,1,Garo Hills Block,25.266569,90.469390,17372.7,82.57,24.30,44.32,-0.000991,-0.000618,5.4452,40.4533,10,Tree cover,0.793,27.3,48.2,1.42,4.8,Mixed Sedimentary,SM,37.1,58.6,NA,NA,NO_EVENT,NA,NA,NA,NA,NA,NA,NA,NA,NA,NA
NEG_0564,1:1,0,4,Ri-Bhoi Block,25.688035,92.378785,11262.7,1045.24,31.70,325.96,-0.004458,0.000294,4.1972,53.3328,60,Bare / sparse vegetation,0.325,27.4,40.6,1.28,4.7,Metamorphic,MT,2.6,5716.1,NA,NA,NO_EVENT,NA,NA,NA,NA,NA,NA,NA,NA,NA,NA
NEG_0565,1:1,0,1,Garo Hills Block,25.335324,90.412820,21851.0,27.11,16.15,48.46,0.000260,0.001033,6.0673,37.3319,10,Tree cover,0.754,24.7,45.9,1.40,4.8,Mixed Sedimentary,SM,218.9,755.6,NA,NA,NO_EVENT,NA,NA,NA,NA,NA,NA,NA,NA,NA,NA
NEG_0566,1:1,0,1,Garo Hills Block,25.669520,90.172832,720.3,25.00,25.95,218.52,0.000852,0.001922,4.6069,44.0049,10,Tree cover,0.667,28.8,48.2,1.32,5.2,Mixed Sedimentary,SM,56.6,2230.9,NA,NA,NO_EVENT,NA,NA,NA,NA,NA,NA,NA,NA,NA,NA
NEG_0567,1:1,0,3,East Khasi Block,25.519675,91.744643,2618.7,1738.51,16.92,326.23,-0.001191,0.000729,5.3803,18.0432,10,Tree cover,0.840,29.9,38.7,1.33,4.3,Metamorphic,MT,199.0,54.4,NA,NA,NO_EVENT,NA,NA,NA,NA,NA,NA,NA,NA,NA,NA
NEG_0568,1:1,0,1,Garo Hills Block,25.152092,89.833479,34232.5,75.44,23.20,11.02,-0.002140,-0.001039,5.2209,18.6619,10,Tree cover,0.829,30.2,47.9,1.44,5.2,Mixed Sedimentary,SM,52.7,1607.0,NA,NA,NO_EVENT,NA,NA,NA,NA,NA,NA,NA,NA,NA,NA
NEG_0569,1:1,0,2,West Khasi Block,25.501677,91.525664,2405.9,1310.77,20.56,226.46,0.000487,0.002567,5.1469,18.8810,10,Tree cover,0.664,30.5,46.0,1.34,5.0,Metamorphic,MT,51.7,216.4,NA,NA,NO_EVENT,NA,NA,NA,NA,NA,NA,NA,NA,NA,NA
NEG_0570,1:1,0,5,Jaintia Hills Block,25.080219,92.124910,7227.1,1104.91,28.91,214.74,0.004566,0.000252,4.4866,23.7728,10,Tree cover,0.824,36.4,25.5,1.31,5.7,Carbonate Sedimentary,SC,63.8,418.1,NA,NA,NO_EVENT,NA,NA,NA,NA,NA,NA,NA,NA,NA,NA
NEG_0571,1:1,0,4,Ri-Bhoi Block,25.988482,92.726932,13763.6,469.43,21.67,139.02,0.002669,-0.000785,5.5715,25.4014,10,Tree cover,0.826,35.2,44.4,1.36,4.9,Metamorphic,MT,122.3,3173.2,NA,NA,NO_EVENT,NA,NA,NA,NA,NA,NA,NA,NA,NA,NA
NEG_0572,1:1,0,1,Garo Hills Block,25.445195,89.811449,19368.6,42.90,35.70,1.05,-0.002895,-0.000104,4.1508,33.3592,10,Tree cover,0.846,22.5,46.9,1.36,5.2,Mixed Sedimentary,SM,46.2,1082.4,NA,NA,NO_EVENT,NA,NA,NA,NA,NA,NA,NA,NA,NA,NA
NEG_0573,1:1,0,1,Garo Hills Block,25.526019,89.948154,3226.0,25.00,16.25,307.82,-0.001544,-0.001725,5.4155,18.0004,10,Tree cover,0.657,23.7,52.4,1.34,5.4,Mixed Sedimentary,SM,580.4,1366.1,NA,NA,NO_EVENT,NA,NA,NA,NA,NA,NA,NA,NA,NA,NA
NEG_0574,1:1,0,2,West Khasi Block,25.030684,91.386735,17382.7,787.98,35.48,222.08,0.002072,-0.001663,3.8206,40.6094,60,Bare / sparse vegetation,0.167,28.4,50.1,1.43,4.8,Siliciclastic Sedimentary,SS,6.3,1247.5,NA,NA,NO_EVENT,NA,NA,NA,NA,NA,NA,NA,NA,NA,NA
NEG_0575,1:1,0,4,Ri-Bhoi Block,25.853694,92.606614,30633.2,760.74,30.02,133.64,0.003610,-0.000381,4.9182,26.7564,10,Tree cover,0.770,32.0,39.9,1.31,4.6,Metamorphic,MT,149.6,1189.6,NA,NA,NO_EVENT,NA,NA,NA,NA,NA,NA,NA,NA,NA,NA
NEG_0576,1:1,0,3,East Khasi Block,25.583490,91.805300,2437.4,1740.62,19.14,307.81,0.000952,-0.000793,5.0772,22.6074,10,Tree cover,0.821,28.0,38.1,1.31,4.3,Metamorphic,MT,56.4,268.0,NA,NA,NO_EVENT,NA,NA,NA,NA,NA,NA,NA,NA,NA,NA
NEG_0577,1:1,0,2,West Khasi Block,25.074115,91.022350,13164.7,485.12,23.99,320.40,-0.002493,-0.000272,4.8595,23.8816,10,Tree cover,0.823,29.6,45.3,1.44,5.3,Siliciclastic Sedimentary,SS,55.0,130.6,NA,NA,NO_EVENT,NA,NA,NA,NA,NA,NA,NA,NA,NA,NA
NEG_0578,1:1,0,2,West Khasi Block,25.532731,91.265812,571.0,905.81,16.08,268.07,-0.001797,0.001890,5.4109,18.0656,10,Tree cover,0.655,29.4,41.9,1.33,4.8,Metamorphic,MT,106.9,971.2,NA,NA,NO_EVENT,NA,NA,NA,NA,NA,NA,NA,NA,NA,NA
NEG_0579,1:1,0,1,Garo Hills Block,26.086736,90.560803,35137.2,43.30,34.98,350.34,0.002309,-0.000747,4.1556,57.9406,10,Tree cover,0.823,22.5,51.9,1.43,4.9,Mixed Sedimentary,SM,34.9,3807.5,NA,NA,NO_EVENT,NA,NA,NA,NA,NA,NA,NA,NA,NA,NA
NEG_0580,1:1,0,2,West Khasi Block,25.196136,91.279917,4651.4,798.02,24.37,105.63,0.001804,0.000039,5.2873,24.8986,10,Tree cover,0.821,29.5,53.0,1.44,4.8,Siliciclastic Sedimentary,SS,80.8,1101.8,NA,NA,NO_EVENT,NA,NA,NA,NA,NA,NA,NA,NA,NA,NA
NEG_0581,1:1,0,2,West Khasi Block,25.023476,91.540369,15107.0,1024.05,28.22,247.81,-0.000280,0.002724,4.3873,37.9207,10,Tree cover,0.805,28.2,44.4,1.43,5.1,Siliciclastic Sedimentary,SS,107.2,1837.7,NA,NA,NO_EVENT,NA,NA,NA,NA,NA,NA,NA,NA,NA,NA
NEG_0582,1:1,0,5,Jaintia Hills Block,25.547543,92.489969,4017.2,932.57,17.93,289.24,-0.004050,0.000065,5.2276,18.6657,10,Tree cover,0.653,29.0,38.1,1.32,4.5,Metamorphic,MT,40.3,1851.1,NA,NA,NO_EVENT,NA,NA,NA,NA,NA,NA,NA,NA,NA,NA
NEG_0583,1:1,0,4,Ri-Bhoi Block,26.011852,92.354095,12551.5,843.50,23.58,30.73,-0.000065,0.000649,5.3504,31.1388,10,Tree cover,0.829,35.2,41.5,1.36,4.7,Metamorphic,MT,66.3,4635.7,NA,NA,NO_EVENT,NA,NA,NA,NA,NA,NA,NA,NA,NA,NA
NEG_0584,1:1,0,2,West Khasi Block,25.617244,91.563599,5317.4,1418.58,27.24,262.08,0.000933,-0.002440,4.4243,32.6809,10,Tree cover,0.653,27.4,45.0,1.30,4.7,Metamorphic,MT,73.3,3655.6,NA,NA,NO_EVENT,NA,NA,NA,NA,NA,NA,NA,NA,NA,NA
NEG_0585,1:1,0,5,Jaintia Hills Block,25.587214,92.021759,3408.2,1668.83,17.11,225.65,-0.002909,-0.000840,5.2368,22.6193,10,Tree cover,0.650,27.9,44.2,1.31,4.7,Metamorphic,MT,7.8,1461.0,NA,NA,NO_EVENT,NA,NA,NA,NA,NA,NA,NA,NA,NA,NA
NEG_0586,1:1,0,2,West Khasi Block,25.624128,91.319274,1377.7,1072.67,30.36,241.53,0.000802,-0.002354,4.1793,36.3655,60,Bare / sparse vegetation,0.235,27.4,44.0,1.29,4.9,Metamorphic,MT,17.6,5386.6,NA,NA,NO_EVENT,NA,NA,NA,NA,NA,NA,NA,NA,NA,NA
NEG_0587,1:1,0,5,Jaintia Hills Block,25.034473,92.451678,874.3,788.36,34.09,307.16,-0.001916,-0.001849,3.9400,38.4846,10,Tree cover,0.810,28.6,52.1,1.43,5.1,Siliciclastic Sedimentary,SS,40.3,877.0,NA,NA,NO_EVENT,NA,NA,NA,NA,NA,NA,NA,NA,NA,NA
NEG_0588,1:1,0,1,Garo Hills Block,25.448779,90.083524,7821.0,44.89,35.15,181.55,-0.004532,0.000059,4.1805,31.9729,10,Tree cover,0.845,22.5,51.8,1.36,5.3,Mixed Sedimentary,SM,84.5,118.6,NA,NA,NO_EVENT,NA,NA,NA,NA,NA,NA,NA,NA,NA,NA
NEG_0589,1:1,0,4,Ri-Bhoi Block,25.987732,92.798254,6766.5,488.94,14.92,114.55,0.000317,0.002433,6.1134,22.9993,10,Tree cover,0.826,35.1,46.4,1.36,5.1,Metamorphic,MT,22.2,759.2,NA,NA,NO_EVENT,NA,NA,NA,NA,NA,NA,NA,NA,NA,NA
NEG_0590,1:1,0,4,Ri-Bhoi Block,26.021312,92.646056,21829.4,529.78,28.41,151.68,0.000773,-0.002094,4.9325,36.4076,10,Tree cover,0.830,35.2,41.3,1.37,4.7,Metamorphic,MT,42.3,286.1,NA,NA,NO_EVENT,NA,NA,NA,NA,NA,NA,NA,NA,NA,NA
NEG_0591,1:1,0,2,West Khasi Block,25.469832,91.508231,3114.8,1310.57,24.76,199.61,0.003403,0.000954,4.9283,23.5023,10,Tree cover,0.676,31.6,46.4,1.35,5.1,Metamorphic,MT,25.9,2366.1,NA,NA,NO_EVENT,NA,NA,NA,NA,NA,NA,NA,NA,NA,NA
NEG_0592,1:1,0,5,Jaintia Hills Block,25.216753,92.414056,4602.4,1012.59,34.88,40.51,-0.001234,-0.001452,4.5075,34.2261,10,Tree cover,0.815,41.6,31.5,1.34,5.6,Carbonate Sedimentary,SC,28.1,991.3,NA,NA,NO_EVENT,NA,NA,NA,NA,NA,NA,NA,NA,NA,NA
NEG_0593,1:1,0,4,Ri-Bhoi Block,26.071552,91.359066,22057.0,815.88,35.85,177.43,0.004975,-0.000011,4.1467,56.1406,10,Tree cover,0.866,34.5,45.4,1.38,5.0,Metamorphic,MT,166.1,1546.9,NA,NA,NO_EVENT,NA,NA,NA,NA,NA,NA,NA,NA,NA,NA
NEG_0594,1:1,0,2,West Khasi Block,25.509240,91.562688,2789.9,1325.01,23.03,255.88,-0.000025,0.002743,4.9241,18.4616,10,Tree cover,0.661,30.2,45.0,1.34,5.0,Metamorphic,MT,37.7,818.0,NA,NA,NO_EVENT,NA,NA,NA,NA,NA,NA,NA,NA,NA,NA
NEG_0595,1:1,0,3,East Khasi Block,25.627152,91.899758,1050.5,1775.99,33.75,265.21,0.000562,0.002455,3.9107,39.3954,10,Tree cover,0.753,27.3,39.6,1.29,4.4,Metamorphic,MT,85.7,2586.5,NA,NA,NO_EVENT,NA,NA,NA,NA,NA,NA,NA,NA,NA,NA
NEG_0596,1:1,0,3,East Khasi Block,25.498908,91.787796,896.7,1737.89,21.09,330.02,0.000316,0.002809,5.1140,19.1232,10,Tree cover,0.829,30.6,38.1,1.34,4.3,Metamorphic,MT,5.1,457.5,NA,NA,NO_EVENT,NA,NA,NA,NA,NA,NA,NA,NA,NA,NA
NEG_0597,1:1,0,3,East Khasi Block,25.499436,91.716651,822.6,1679.71,22.51,333.00,0.001148,-0.001252,4.9986,19.1523,10,Tree cover,0.664,30.6,39.4,1.34,4.3,Metamorphic,MT,174.8,385.6,NA,NA,NO_EVENT,NA,NA,NA,NA,NA,NA,NA,NA,NA,NA
NEG_0598,1:1,0,3,East Khasi Block,25.555669,91.907323,800.6,1744.44,23.69,259.96,0.001742,-0.001137,4.7506,19.6303,10,Tree cover,0.747,22.1,61.2,1.30,4.7,Plutonic Acidic,PA,77.0,612.6,NA,NA,NO_EVENT,NA,NA,NA,NA,NA,NA,NA,NA,NA,NA
NEG_0599,1:1,0,5,Jaintia Hills Block,25.103433,92.164083,4973.0,1140.64,26.01,215.52,0.000847,0.002157,4.8036,19.6847,10,Tree cover,0.828,37.3,26.7,1.31,5.6,Carbonate Sedimentary,SC,138.5,404.5,NA,NA,NO_EVENT,NA,NA,NA,NA,NA,NA,NA,NA,NA,NA
NEG_0600,1:1,0,2,West Khasi Block,25.081300,91.065217,12489.8,484.33,27.61,331.79,0.002494,-0.000720,4.5944,23.3014,10,Tree cover,0.824,29.8,46.8,1.44,5.2,Siliciclastic Sedimentary,SS,247.3,2093.1,NA,NA,NO_EVENT,NA,NA,NA,NA,NA,NA,NA,NA,NA,NA
NEG_0601,1:1,0,1,Garo Hills Block,25.258394,90.049495,13746.8,25.00,34.73,113.61,-0.000000,0.002878,4.6020,47.7072,10,Tree cover,0.797,27.6,52.7,1.42,5.4,Mixed Sedimentary,SM,97.9,3741.8,NA,NA,NO_EVENT,NA,NA,NA,NA,NA,NA,NA,NA,NA,NA
NEG_0602,1:1,0,4,Ri-Bhoi Block,25.863995,91.682668,7054.5,1369.02,32.48,44.61,-0.000730,0.002434,4.7444,24.8668,10,Tree cover,0.776,32.4,40.5,1.31,4.7,Metamorphic,MT,20.6,5385.3,NA,NA,NO_EVENT,NA,NA,NA,NA,NA,NA,NA,NA,NA,NA
NEG_0603,1:1,0,4,Ri-Bhoi Block,25.952957,92.058089,1903.3,1179.67,16.53,136.64,-0.001163,0.000248,6.0536,19.4996,10,Tree cover,0.817,34.8,45.4,1.34,5.0,Metamorphic,MT,50.1,5810.0,NA,NA,NO_EVENT,NA,NA,NA,NA,NA,NA,NA,NA,NA,NA
NEG_0604,1:1,0,1,Garo Hills Block,25.738420,90.225494,8868.9,32.77,17.05,195.40,0.002680,-0.000066,5.5462,38.1000,10,Tree cover,0.699,30.2,46.0,1.33,5.1,Mixed Sedimentary,SM,37.5,2525.0,NA,NA,NO_EVENT,NA,NA,NA,NA,NA,NA,NA,NA,NA,NA
NEG_0605,1:1,0,2,West Khasi Block,25.378238,91.270891,4786.0,1046.37,18.74,96.85,-0.000407,-0.002458,5.7544,37.1871,10,Tree cover,0.727,34.4,42.1,1.38,4.8,Metamorphic,MT,16.3,1806.5,NA,NA,NO_EVENT,NA,NA,NA,NA,NA,NA,NA,NA,NA,NA
NEG_0606,1:1,0,4,Ri-Bhoi Block,25.669751,91.286594,6510.4,1075.94,28.65,253.72,0.000760,-0.001920,4.3914,46.7579,10,Tree cover,0.667,27.2,42.7,1.28,4.8,Metamorphic,MT,159.9,5170.8,NA,NA,NO_EVENT,NA,NA,NA,NA,NA,NA,NA,NA,NA,NA
NEG_0607,1:1,0,1,Garo Hills Block,25.080580,90.552677,16489.0,39.52,28.73,325.79,0.001423,-0.000756,4.5023,23.6628,10,Tree cover,0.824,29.8,51.7,1.44,4.9,Mixed Sedimentary,SM,51.3,1361.5,NA,NA,NO_EVENT,NA,NA,NA,NA,NA,NA,NA,NA,NA,NA
NEG_0608,1:1,0,1,Garo Hills Block,25.288898,90.648838,5619.5,86.53,25.07,97.88,0.001465,-0.001965,5.3944,45.0793,10,Tree cover,0.781,26.4,53.1,1.42,5.1,Mixed Sedimentary,SM,116.9,1148.3,NA,NA,NO_EVENT,NA,NA,NA,NA,NA,NA,NA,NA,NA,NA
NEG_0609,1:1,0,3,East Khasi Block,25.451752,91.797520,1985.8,1672.92,27.77,356.57,-0.000023,0.000363,4.7590,28.2999,10,Tree cover,0.685,32.3,38.1,1.36,4.3,Metamorphic,MT,67.3,933.8,NA,NA,NO_EVENT,NA,NA,NA,NA,NA,NA,NA,NA,NA,NA
NEG_0610,1:1,0,1,Garo Hills Block,25.134639,89.831557,35827.8,48.02,22.40,1.11,-0.000214,-0.001303,5.2156,18.0062,60,Bare / sparse vegetation,0.283,30.3,47.8,1.44,5.2,Mixed Sedimentary,SM,15.1,1339.8,NA,NA,NO_EVENT,NA,NA,NA,NA,NA,NA,NA,NA,NA,NA
NEG_0611,1:1,0,3,East Khasi Block,25.552602,91.655327,914.5,1534.51,23.09,308.89,0.001745,-0.001318,4.8044,19.2878,10,Tree cover,0.652,28.8,41.5,1.32,4.5,Metamorphic,MT,29.3,3450.0,NA,NA,NO_EVENT,NA,NA,NA,NA,NA,NA,NA,NA,NA,NA
NEG_0612,1:1,0,3,East Khasi Block,25.081978,91.840570,13176.1,1230.23,26.41,315.13,0.004212,-0.000420,4.6928,22.9456,10,Tree cover,0.824,29.8,52.5,1.44,5.4,Siliciclastic Sedimentary,SS,90.1,197.6,NA,NA,NO_EVENT,NA,NA,NA,NA,NA,NA,NA,NA,NA,NA
NEG_0613,1:1,0,3,East Khasi Block,25.042365,91.656656,14493.4,1072.43,34.45,312.18,0.001416,-0.001774,3.9297,36.0974,10,Tree cover,0.813,39.6,23.5,1.31,5.7,Volcanic Basic,VB,109.4,603.2,NA,NA,NO_EVENT,NA,NA,NA,NA,NA,NA,NA,NA,NA,NA
NEG_0614,1:1,0,5,Jaintia Hills Block,25.478086,92.176901,869.8,1380.71,32.78,227.17,0.000229,-0.002105,4.2549,23.3805,10,Tree cover,0.673,31.3,46.8,1.35,5.1,Metamorphic,MT,32.3,838.4,NA,NA,NO_EVENT,NA,NA,NA,NA,NA,NA,NA,NA,NA,NA
NEG_0615,1:1,0,5,Jaintia Hills Block,25.065170,92.260644,6603.2,1024.82,23.43,309.84,-0.004134,0.000196,4.8754,25.4463,10,Tree cover,0.820,29.4,44.8,1.44,4.8,Siliciclastic Sedimentary,SS,71.9,151.4,NA,NA,NO_EVENT,NA,NA,NA,NA,NA,NA,NA,NA,NA,NA
NEG_0616,1:1,0,1,Garo Hills Block,25.106812,89.836388,37962.7,25.00,23.67,345.50,0.002857,-0.000773,5.0038,19.2048,10,Tree cover,0.829,30.2,48.0,1.44,5.3,Mixed Sedimentary,SM,191.4,1151.9,NA,NA,NO_EVENT,NA,NA,NA,NA,NA,NA,NA,NA,NA,NA
NEG_0617,1:1,0,4,Ri-Bhoi Block,26.086979,92.601325,27794.5,592.19,29.42,189.17,0.004542,-0.000274,4.5995,51.6215,10,Tree cover,0.823,34.2,39.7,1.38,4.6,Metamorphic,MT,155.7,23.7,NA,NA,NO_EVENT,NA,NA,NA,NA,NA,NA,NA,NA,NA,NA
NEG_0618,1:1,0,1,Garo Hills Block,25.995908,89.806355,49389.4,25.00,25.54,38.12,-0.000944,0.002424,5.2418,28.4091,10,Tree cover,0.827,23.7,46.7,1.41,5.2,Mixed Sedimentary,SM,20.9,1010.2,NA,NA,NO_EVENT,NA,NA,NA,NA,NA,NA,NA,NA,NA,NA
NEG_0619,1:1,0,1,Garo Hills Block,25.537426,89.855316,12537.4,127.02,20.41,321.77,0.003159,-0.000332,5.0526,18.2245,10,Tree cover,0.654,24.0,48.9,1.33,5.3,Mixed Sedimentary,SM,25.4,259.5,NA,NA,NO_EVENT,NA,NA,NA,NA,NA,NA,NA,NA,NA,NA
NEG_0620,1:1,0,4,Ri-Bhoi Block,25.967893,92.094936,3823.5,1149.22,19.85,135.52,-0.004105,0.000534,5.7635,21.5786,10,Tree cover,0.822,35.0,46.3,1.35,5.1,Metamorphic,MT,13.7,1777.8,NA,NA,NO_EVENT,NA,NA,NA,NA,NA,NA,NA,NA,NA,NA
NEG_0621,1:1,0,4,Ri-Bhoi Block,26.023575,91.760027,7284.1,1102.36,20.13,27.04,-0.001109,0.001717,5.5871,31.4780,10,Tree cover,0.830,35.1,38.4,1.37,4.5,Metamorphic,MT,31.2,4421.9,NA,NA,NO_EVENT,NA,NA,NA,NA,NA,NA,NA,NA,NA,NA
NEG_0622,1:1,0,4,Ri-Bhoi Block,25.961619,92.601673,26595.4,682.68,18.04,128.81,-0.004544,0.000274,5.9196,20.5152,10,Tree cover,0.820,34.9,39.7,1.35,4.6,Metamorphic,MT,71.5,1181.1,NA,NA,NO_EVENT,NA,NA,NA,NA,NA,NA,NA,NA,NA,NA
NEG_0623,1:1,0,3,East Khasi Block,25.614684,91.801408,3142.3,1703.33,24.10,308.27,0.000251,-0.002593,4.6743,30.4006,10,Tree cover,0.823,27.5,38.1,1.30,4.3,Metamorphic,MT,94.1,1957.1,NA,NA,NO_EVENT,NA,NA,NA,NA,NA,NA,NA,NA,NA,NA
NEG_0624,1:1,0,1,Garo Hills Block,25.063174,90.878878,21629.1,305.34,31.34,224.77,0.004067,-0.000284,4.2364,28.4943,10,Tree cover,0.820,29.4,45.2,1.43,5.4,Mixed Sedimentary,SM,50.2,953.3,NA,NA,NO_EVENT,NA,NA,NA,NA,NA,NA,NA,NA,NA,NA
NEG_0625,1:1,0,5,Jaintia Hills Block,25.636445,92.238966,6640.8,1373.54,27.64,288.99,0.000131,-0.000135,4.4097,37.9646,10,Tree cover,0.657,27.3,45.7,1.29,5.0,Metamorphic,MT,55.1,3119.3,NA,NA,NO_EVENT,NA,NA,NA,NA,NA,NA,NA,NA,NA,NA
NEG_0626,1:1,0,1,Garo Hills Block,25.522813,89.961143,2054.0,25.00,17.60,302.55,-0.001508,-0.000979,5.3167,18.0093,10,Tree cover,0.657,23.6,52.6,1.34,5.4,Mixed Sedimentary,SM,93.8,1364.4,NA,NA,NO_EVENT,NA,NA,NA,NA,NA,NA,NA,NA,NA,NA
NEG_0627,1:1,0,2,West Khasi Block,25.391899,91.490985,2174.2,1250.20,19.61,145.51,0.000954,-0.000571,5.6403,36.0744,10,Tree cover,0.718,25.5,51.6,1.32,4.7,Plutonic Acidic,PA,33.9,1459.7,NA,NA,NO_EVENT,NA,NA,NA,NA,NA,NA,NA,NA,NA,NA
NEG_0628,1:1,0,3,East Khasi Block,25.335531,91.974227,1635.7,1516.53,17.11,129.34,-0.004488,0.000300,5.9901,38.4775,10,Tree cover,0.754,35.1,42.3,1.38,4.5,Metamorphic,MT,74.5,1603.2,NA,NA,NO_EVENT,NA,NA,NA,NA,NA,NA,NA,NA,NA,NA
NEG_0629,1:1,0,1,Garo Hills Block,26.001878,89.817213,49504.5,25.00,25.90,35.22,-0.000897,0.002095,5.1958,29.9825,60,Bare / sparse vegetation,0.179,23.5,47.2,1.41,5.2,Mixed Sedimentary,SM,19.3,1408.2,NA,NA,NO_EVENT,NA,NA,NA,NA,NA,NA,NA,NA,NA,NA
NEG_0630,1:1,0,2,West Khasi Block,25.047644,91.035029,15990.5,461.37,29.31,315.21,-0.000877,0.001551,4.3544,31.9330,10,Tree cover,0.814,29.0,45.7,1.43,5.2,Siliciclastic Sedimentary,SS,93.8,182.7,NA,NA,NO_EVENT,NA,NA,NA,NA,NA,NA,NA,NA,NA,NA
NEG_0631,1:1,0,1,Garo Hills Block,25.063783,90.663504,16585.3,115.20,26.05,246.12,0.000353,-0.000456,4.6615,26.5867,10,Tree cover,0.820,29.4,52.9,1.43,5.1,Mixed Sedimentary,SM,73.1,80.8,NA,NA,NO_EVENT,NA,NA,NA,NA,NA,NA,NA,NA,NA,NA
NEG_0632,1:1,0,2,West Khasi Block,25.509237,91.544314,1400.2,1313.04,20.92,240.89,0.000003,0.002997,5.0929,18.4194,10,Tree cover,0.661,30.2,45.6,1.34,5.0,Metamorphic,MT,125.5,374.6,NA,NA,NO_EVENT,NA,NA,NA,NA,NA,NA,NA,NA,NA,NA
NEG_0633,1:1,0,4,Ri-Bhoi Block,25.974348,92.733844,13372.2,482.92,20.06,134.88,0.004025,-0.000259,5.7337,22.5481,10,Tree cover,0.823,35.0,44.7,1.35,4.9,Metamorphic,MT,76.4,1988.5,NA,NA,NO_EVENT,NA,NA,NA,NA,NA,NA,NA,NA,NA,NA
NEG_0634,1:1,0,1,Garo Hills Block,25.737046,90.817463,2330.3,305.28,24.48,193.81,-0.001678,0.001992,4.9465,46.9406,10,Tree cover,0.698,30.2,47.5,1.33,5.4,Mixed Sedimentary,SM,191.0,563.1,NA,NA,NO_EVENT,NA,NA,NA,NA,NA,NA,NA,NA,NA,NA
NEG_0635,1:1,0,1,Garo Hills Block,25.029453,90.587180,20605.4,88.18,35.96,298.16,0.002435,0.001011,3.7797,41.3392,10,Tree cover,0.766,28.4,52.6,1.43,5.0,Mixed Sedimentary,SM,235.8,129.9,NA,NA,NO_EVENT,NA,NA,NA,NA,NA,NA,NA,NA,NA,NA
NEG_0636,1:1,0,1,Garo Hills Block,25.823885,90.601195,16570.4,25.00,31.36,60.60,0.004991,0.000000,4.7263,35.6366,10,Tree cover,0.751,29.6,52.8,1.35,5.0,Mixed Sedimentary,SM,70.6,1815.6,NA,NA,NO_EVENT,NA,NA,NA,NA,NA,NA,NA,NA,NA,NA
NEG_0637,1:1,0,1,Garo Hills Block,25.076358,90.608764,15070.8,111.50,29.77,295.84,0.004893,0.000063,4.4046,24.7886,10,Tree cover,0.823,29.7,52.9,1.44,5.0,Mixed Sedimentary,SM,142.3,172.6,NA,NA,NO_EVENT,NA,NA,NA,NA,NA,NA,NA,NA,NA,NA
NEG_0638,1:1,0,3,East Khasi Block,25.209469,91.892315,3458.5,1288.01,34.01,90.60,-0.003263,-0.000735,4.5569,31.5403,60,Bare / sparse vegetation,0.376,29.2,53.1,1.43,5.3,Siliciclastic Sedimentary,SS,6.5,444.0,NA,NA,NO_EVENT,NA,NA,NA,NA,NA,NA,NA,NA,NA,NA
NEG_0639,1:1,0,2,West Khasi Block,25.471675,91.111139,1773.2,808.24,34.38,346.21,-0.004040,-0.000215,4.1515,25.1733,60,Bare / sparse vegetation,0.184,31.6,38.1,1.35,4.5,Metamorphic,MT,19.8,1579.2,NA,NA,NO_EVENT,NA,NA,NA,NA,NA,NA,NA,NA,NA,NA
NEG_0640,1:1,0,1,Garo Hills Block,25.931747,90.262594,23738.8,54.04,23.48,119.02,0.002800,-0.001013,5.5179,18.3326,10,Tree cover,0.809,25.9,44.8,1.38,5.0,Mixed Sedimentary,SM,44.3,88.1,NA,NA,NO_EVENT,NA,NA,NA,NA,NA,NA,NA,NA,NA,NA
NEG_0641,1:1,0,3,East Khasi Block,25.598232,91.734631,2926.5,1645.32,19.92,315.05,-0.004005,-0.000006,5.0071,25.2303,10,Tree cover,0.651,27.7,38.9,1.30,4.3,Metamorphic,MT,10.8,2416.2,NA,NA,NO_EVENT,NA,NA,NA,NA,NA,NA,NA,NA,NA,NA
NEG_0642,1:1,0,2,West Khasi Block,25.151411,91.417728,4391.6,1026.43,21.76,169.48,-0.000147,0.002673,5.3334,18.5782,10,Tree cover,0.829,30.2,48.7,1.44,4.9,Siliciclastic Sedimentary,SS,25.4,11.6,NA,NA,NO_EVENT,NA,NA,NA,NA,NA,NA,NA,NA,NA,NA
NEG_0643,1:1,0,2,West Khasi Block,25.144688,91.236404,6266.3,767.89,14.38,24.18,0.001462,-0.000326,5.8973,18.1571,10,Tree cover,0.830,30.3,52.9,1.44,4.9,Siliciclastic Sedimentary,SS,135.5,725.4,NA,NA,NO_EVENT,NA,NA,NA,NA,NA,NA,NA,NA,NA,NA
NEG_0644,1:1,0,1,Garo Hills Block,25.900564,89.855621,37709.2,74.05,28.86,44.61,-0.001676,0.000427,5.0850,18.6802,10,Tree cover,0.795,27.1,48.9,1.37,5.3,Mixed Sedimentary,SM,303.5,721.2,NA,NA,NO_EVENT,NA,NA,NA,NA,NA,NA,NA,NA,NA,NA
NEG_0645,1:1,0,3,East Khasi Block,25.602216,91.776735,1818.0,1689.99,20.05,312.37,-0.001817,-0.001763,4.9961,25.9911,10,Tree cover,0.651,27.7,38.2,1.30,4.3,Metamorphic,MT,66.9,343.1,NA,NA,NO_EVENT,NA,NA,NA,NA,NA,NA,NA,NA,NA,NA
NEG_0646,1:1,0,3,East Khasi Block,25.190597,91.785875,2467.0,1370.11,21.87,32.12,0.001402,-0.000357,5.4691,23.2320,10,Tree cover,0.823,29.7,50.8,1.44,5.4,Siliciclastic Sedimentary,SS,182.3,1930.3,NA,NA,NO_EVENT,NA,NA,NA,NA,NA,NA,NA,NA,NA,NA
NEG_0647,1:1,0,4,Ri-Bhoi Block,26.065437,92.672571,20287.5,509.93,35.72,174.42,0.000534,-0.000722,4.1815,54.5952,10,Tree cover,0.865,34.6,42.3,1.38,4.8,Metamorphic,MT,96.5,1441.9,NA,NA,NO_EVENT,NA,NA,NA,NA,NA,NA,NA,NA,NA,NA
NEG_0648,1:1,0,4,Ri-Bhoi Block,25.845738,92.571768,28593.9,753.83,25.87,123.49,0.002090,-0.001359,5.2301,27.3011,10,Tree cover,0.765,31.7,38.9,1.30,4.6,Metamorphic,MT,48.0,11.9,NA,NA,NO_EVENT,NA,NA,NA,NA,NA,NA,NA,NA,NA,NA
NEG_0649,1:1,0,5,Jaintia Hills Block,25.573063,92.215831,1401.8,1330.46,20.56,276.03,-0.004305,0.000019,4.9742,21.4111,10,Tree cover,0.650,28.3,46.2,1.31,5.1,Metamorphic,MT,12.5,484.9,NA,NA,NO_EVENT,NA,NA,NA,NA,NA,NA,NA,NA,NA,NA
NEG_0650,1:1,0,1,Garo Hills Block,25.540801,89.858691,12230.5,124.67,19.79,320.98,0.003414,-0.000485,5.0940,18.3568,10,Tree cover,0.654,24.1,49.0,1.33,5.3,Mixed Sedimentary,SM,14.7,290.5,NA,NA,NO_EVENT,NA,NA,NA,NA,NA,NA,NA,NA,NA,NA
NEG_0651,1:1,0,3,East Khasi Block,25.331660,91.688402,1109.8,1405.19,20.11,45.57,-0.001962,0.000706,5.7567,42.1218,10,Tree cover,0.756,35.1,40.3,1.38,4.4,Metamorphic,MT,9.1,1789.7,NA,NA,NO_EVENT,NA,NA,NA,NA,NA,NA,NA,NA,NA,NA
NEG_0652,1:1,0,5,Jaintia Hills Block,25.055279,92.383817,814.7,783.86,32.75,324.43,0.004041,-0.000538,4.1002,31.2564,10,Tree cover,0.817,29.2,49.5,1.43,5.0,Siliciclastic Sedimentary,SS,268.1,418.9,NA,NA,NO_EVENT,NA,NA,NA,NA,NA,NA,NA,NA,NA,NA
NEG_0653,1:1,0,4,Ri-Bhoi Block,25.750545,91.069098,5856.8,667.45,22.44,353.57,-0.000780,0.002317,5.1628,43.5280,60,Bare / sparse vegetation,0.389,28.6,38.3,1.28,4.5,Metamorphic,MT,17.9,4400.5,NA,NA,NO_EVENT,NA,NA,NA,NA,NA,NA,NA,NA,NA,NA
NEG_0654,1:1,0,5,Jaintia Hills Block,25.061472,92.150372,9147.5,1105.89,33.21,231.19,0.002756,-0.000519,4.0816,29.6107,10,Tree cover,0.819,29.4,44.8,1.43,4.8,Siliciclastic Sedimentary,SS,40.7,341.9,NA,NA,NO_EVENT,NA,NA,NA,NA,NA,NA,NA,NA,NA,NA
NEG_0655,1:1,0,1,Garo Hills Block,26.027979,89.809213,52470.5,25.00,30.71,26.32,0.001013,0.002348,4.7252,39.8451,10,Tree cover,0.830,22.9,46.8,1.42,5.2,Mixed Sedimentary,SM,52.9,374.5,NA,NA,NO_EVENT,NA,NA,NA,NA,NA,NA,NA,NA,NA,NA
NEG_0656,1:1,0,1,Garo Hills Block,25.402608,90.448043,19174.5,25.00,21.46,24.15,0.001642,0.001821,5.4546,35.8251,10,Tree cover,0.712,22.9,47.3,1.38,4.8,Mixed Sedimentary,SM,66.0,6083.3,NA,NA,NO_EVENT,NA,NA,NA,NA,NA,NA,NA,NA,NA,NA
NEG_0657,1:1,0,2,West Khasi Block,25.142859,91.374005,5381.6,951.02,24.22,173.56,-0.001146,0.001164,5.1028,18.1900,10,Tree cover,0.830,30.3,50.6,1.44,4.8,Siliciclastic Sedimentary,SS,77.7,520.6,NA,NA,NO_EVENT,NA,NA,NA,NA,NA,NA,NA,NA,NA,NA
NEG_0658,1:1,0,2,West Khasi Block,25.158223,91.434605,3992.7,1059.34,20.53,165.71,0.001038,0.002260,5.4584,19.0097,10,Tree cover,0.829,30.2,48.0,1.44,4.9,Siliciclastic Sedimentary,SS,17.6,1543.4,NA,NA,NO_EVENT,NA,NA,NA,NA,NA,NA,NA,NA,NA,NA
NEG_0659,1:1,0,4,Ri-Bhoi Block,25.666445,91.279326,6479.4,1069.92,28.08,258.85,0.001312,-0.001985,4.4291,45.5109,10,Tree cover,0.665,27.2,42.4,1.28,4.8,Metamorphic,MT,26.2,4850.7,NA,NA,NO_EVENT,NA,NA,NA,NA,NA,NA,NA,NA,NA,NA
NEG_0660,1:1,0,4,Ri-Bhoi Block,25.670980,92.148221,1004.5,1471.83,35.39,235.24,-0.002359,0.001501,3.8553,53.8294,10,Tree cover,0.755,27.2,46.9,1.28,4.8,Metamorphic,MT,103.5,41.2,NA,NA,NO_EVENT,NA,NA,NA,NA,NA,NA,NA,NA,NA,NA
NEG_0661,1:1,0,3,East Khasi Block,25.200423,91.790192,3186.2,1381.33,23.86,36.42,0.000882,0.000357,5.3417,25.6052,60,Bare / sparse vegetation,0.367,29.4,51.0,1.44,5.4,Siliciclastic Sedimentary,SS,10.0,1275.8,NA,NA,NO_EVENT,NA,NA,NA,NA,NA,NA,NA,NA,NA,NA
NEG_0662,1:1,0,4,Ri-Bhoi Block,25.819278,92.625251,28584.9,780.51,27.67,147.68,0.004777,-0.000095,5.0063,34.7843,60,Bare / sparse vegetation,0.391,30.8,40.5,1.29,4.7,Metamorphic,MT,14.2,1769.6,NA,NA,NO_EVENT,NA,NA,NA,NA,NA,NA,NA,NA,NA,NA
NEG_0663,1:1,0,4,Ri-Bhoi Block,26.041971,92.436144,19608.9,805.01,32.64,23.71,-0.000874,-0.002140,4.5194,45.3994,10,Tree cover,0.830,35.0,38.9,1.37,4.6,Metamorphic,MT,224.0,6671.3,NA,NA,NO_EVENT,NA,NA,NA,NA,NA,NA,NA,NA,NA,NA
NEG_0664,1:1,0,5,Jaintia Hills Block,25.329221,92.590814,515.2,817.12,17.06,125.19,0.004090,-0.000328,6.0046,38.4720,10,Tree cover,0.757,35.1,39.4,1.38,4.6,Metamorphic,MT,5.9,4271.1,NA,NA,NO_EVENT,NA,NA,NA,NA,NA,NA,NA,NA,NA,NA
NEG_0665,1:1,0,3,East Khasi Block,25.597162,91.978488,6130.0,1699.05,21.32,232.57,-0.004015,0.000316,4.8953,25.5380,10,Tree cover,0.651,27.8,42.5,1.30,4.5,Metamorphic,MT,178.3,4003.5,NA,NA,NO_EVENT,NA,NA,NA,NA,NA,NA,NA,NA,NA,NA
NEG_0666,1:1,0,5,Jaintia Hills Block,25.138171,92.150762,1066.6,1155.81,24.07,174.07,-0.000376,0.002471,5.0961,18.0545,10,Tree cover,0.830,38.7,26.2,1.32,5.6,Carbonate Sedimentary,SC,315.4,630.6,NA,NA,NO_EVENT,NA,NA,NA,NA,NA,NA,NA,NA,NA,NA
NEG_0667,1:1,0,1,Garo Hills Block,25.278219,90.128449,9090.8,59.88,26.57,133.38,0.001834,-0.001679,5.2717,44.8883,10,Tree cover,0.787,26.9,50.2,1.42,5.3,Mixed Sedimentary,SM,21.9,566.7,NA,NA,NO_EVENT,NA,NA,NA,NA,NA,NA,NA,NA,NA,NA
NEG_0668,1:1,0,3,East Khasi Block,25.114548,91.602732,7704.1,1153.73,23.85,324.15,0.002171,-0.000410,5.0196,18.6020,10,Tree cover,0.829,30.2,44.2,1.44,5.2,Siliciclastic Sedimentary,SS,107.7,315.5,NA,NA,NO_EVENT,NA,NA,NA,NA,NA,NA,NA,NA,NA,NA
NEG_0669,1:1,0,1,Garo Hills Block,25.631446,90.604483,14285.7,97.03,33.73,287.31,0.000493,0.000071,3.9166,40.7671,10,Tree cover,0.655,27.5,52.9,1.32,5.0,Mixed Sedimentary,SM,154.6,2563.1,NA,NA,NO_EVENT,NA,NA,NA,NA,NA,NA,NA,NA,NA,NA
NEG_0670,1:1,0,1,Garo Hills Block,25.416405,90.760004,3893.3,231.85,26.46,162.45,0.002595,-0.001443,5.0033,36.6209,10,Tree cover,0.704,22.7,50.0,1.37,5.3,Mixed Sedimentary,SM,46.9,266.2,NA,NA,NO_EVENT,NA,NA,NA,NA,NA,NA,NA,NA,NA,NA
NEG_0671,1:1,0,2,West Khasi Block,25.175377,91.301528,7367.9,838.98,23.15,132.07,-0.000745,-0.001430,5.3134,21.1085,10,Tree cover,0.826,30.0,52.8,1.44,4.8,Siliciclastic Sedimentary,SS,114.6,1274.1,NA,NA,NO_EVENT,NA,NA,NA,NA,NA,NA,NA,NA,NA,NA
NEG_0672,1:1,0,3,East Khasi Block,25.532306,91.687741,898.7,1629.68,20.87,319.81,-0.001046,-0.002333,5.0288,18.0755,10,Tree cover,0.655,29.4,40.3,1.33,4.4,Metamorphic,MT,13.3,1003.6,NA,NA,NO_EVENT,NA,NA,NA,NA,NA,NA,NA,NA,NA,NA
NEG_0673,1:1,0,5,Jaintia Hills Block,25.565862,92.019796,2794.2,1702.22,14.55,224.08,-0.003257,0.000376,5.4647,19.7631,10,Tree cover,0.683,28.5,44.1,1.31,4.7,Metamorphic,MT,37.4,986.3,NA,NA,NO_EVENT,NA,NA,NA,NA,NA,NA,NA,NA,NA,NA
NEG_0674,1:1,0,1,Garo Hills Block,25.305059,89.951778,13839.1,56.64,18.14,62.19,-0.003830,-0.000653,5.9442,38.9733,10,Tree cover,0.772,25.8,52.4,1.41,5.4,Mixed Sedimentary,SM,179.2,4750.4,NA,NA,NO_EVENT,NA,NA,NA,NA,NA,NA,NA,NA,NA,NA
NEG_0675,1:1,0,2,West Khasi Block,25.043524,91.363854,16263.0,802.16,35.34,222.66,0.003902,-0.000290,3.8614,36.1753,10,Tree cover,0.771,28.8,51.0,1.43,4.8,Siliciclastic Sedimentary,SS,88.1,822.1,NA,NA,NO_EVENT,NA,NA,NA,NA,NA,NA,NA,NA,NA,NA
NEG_0676,1:1,0,4,Ri-Bhoi Block,25.697057,91.555276,4181.4,1424.51,25.97,249.80,-0.001147,-0.000085,4.6835,47.9598,10,Tree cover,0.678,27.5,45.2,1.28,4.7,Metamorphic,MT,104.3,7024.6,NA,NA,NO_EVENT,NA,NA,NA,NA,NA,NA,NA,NA,NA,NA
NEG_0677,1:1,0,2,West Khasi Block,25.402317,91.379890,3566.8,1074.31,31.18,154.87,-0.001867,0.001429,4.6781,43.9792,10,Tree cover,0.712,33.8,45.9,1.37,5.0,Metamorphic,MT,204.8,2505.8,NA,NA,NO_EVENT,NA,NA,NA,NA,NA,NA,NA,NA,NA,NA
NEG_0678,1:1,0,3,East Khasi Block,25.484862,91.721426,1933.7,1666.52,24.57,339.51,0.002758,-0.000783,4.8862,20.9994,10,Tree cover,0.670,31.1,39.3,1.35,4.3,Metamorphic,MT,98.2,505.2,NA,NA,NO_EVENT,NA,NA,NA,NA,NA,NA,NA,NA,NA,NA
NEG_0679,1:1,0,2,West Khasi Block,25.471161,91.481794,3054.1,1294.98,24.89,196.38,0.004106,-0.000059,4.9127,23.2866,10,Tree cover,0.676,31.6,46.8,1.35,5.1,Metamorphic,MT,107.5,1182.4,NA,NA,NO_EVENT,NA,NA,NA,NA,NA,NA,NA,NA,NA,NA
NEG_0680,1:1,0,2,West Khasi Block,25.020658,91.415416,17239.1,797.72,32.95,222.04,0.000205,-0.002807,4.0038,42.1333,10,Tree cover,0.804,28.1,48.8,1.43,4.9,Siliciclastic Sedimentary,SS,72.5,59.6,NA,NA,NO_EVENT,NA,NA,NA,NA,NA,NA,NA,NA,NA,NA
NEG_0681,1:1,0,1,Garo Hills Block,25.891421,90.975482,10090.3,459.06,24.31,74.87,0.000581,0.000374,5.4410,19.3126,10,Tree cover,0.791,27.4,44.3,1.37,5.3,Mixed Sedimentary,SM,204.9,297.0,NA,NA,NO_EVENT,NA,NA,NA,NA,NA,NA,NA,NA,NA,NA
NEG_0682,1:1,0,4,Ri-Bhoi Block,25.726325,91.947050,5450.0,1610.13,23.16,212.88,0.002159,-0.001598,5.0110,45.7554,10,Tree cover,0.692,28.0,41.3,1.28,4.5,Metamorphic,MT,37.3,2242.9,NA,NA,NO_EVENT,NA,NA,NA,NA,NA,NA,NA,NA,NA,NA
NEG_0683,1:1,0,5,Jaintia Hills Block,25.042208,92.209811,9523.2,1084.60,31.54,272.96,-0.002983,-0.001210,4.1621,34.6160,10,Tree cover,0.813,28.8,44.1,1.43,4.8,Siliciclastic Sedimentary,SS,39.1,69.4,NA,NA,NO_EVENT,NA,NA,NA,NA,NA,NA,NA,NA,NA,NA
NEG_0684,1:1,0,3,East Khasi Block,25.180703,91.924108,6623.7,1273.93,27.76,124.70,0.000129,0.001089,4.9638,22.6683,10,Tree cover,0.825,29.9,52.9,1.44,5.3,Siliciclastic Sedimentary,SS,106.3,558.4,NA,NA,NO_EVENT,NA,NA,NA,NA,NA,NA,NA,NA,NA,NA
NEG_0685,1:1,0,4,Ri-Bhoi Block,25.786442,91.869460,715.9,1481.31,24.97,48.85,0.002884,-0.000556,5.1028,40.6381,10,Tree cover,0.728,29.6,38.8,1.29,4.3,Metamorphic,MT,111.7,7120.1,NA,NA,NO_EVENT,NA,NA,NA,NA,NA,NA,NA,NA,NA,NA
NEG_0686,1:1,0,1,Garo Hills Block,25.283806,90.566558,8857.2,42.94,30.71,57.67,0.001787,0.001928,4.9425,50.2233,10,Tree cover,0.784,26.6,52.1,1.42,4.9,Mixed Sedimentary,SM,68.7,2498.5,NA,NA,NO_EVENT,NA,NA,NA,NA,NA,NA,NA,NA,NA,NA
NEG_0687,1:1,0,1,Garo Hills Block,25.441280,90.111006,8359.7,40.29,32.50,176.28,-0.004793,0.000105,4.4225,33.1641,10,Tree cover,0.690,22.5,50.9,1.36,5.3,Mixed Sedimentary,SM,76.3,93.2,NA,NA,NO_EVENT,NA,NA,NA,NA,NA,NA,NA,NA,NA,NA
NEG_0688,1:1,0,1,Garo Hills Block,25.985799,90.532656,23662.8,25.00,21.44,42.41,0.000616,0.002314,5.5967,24.8298,10,Tree cover,0.826,24.0,50.9,1.40,4.9,Mixed Sedimentary,SM,43.3,2575.9,NA,NA,NO_EVENT,NA,NA,NA,NA,NA,NA,NA,NA,NA,NA
NEG_0689,1:1,0,1,Garo Hills Block,25.879089,90.658155,23975.5,25.00,29.33,103.97,0.000193,0.002884,5.0235,21.3246,10,Tree cover,0.784,27.9,53.0,1.37,5.1,Mixed Sedimentary,SM,253.5,574.8,NA,NA,NO_EVENT,NA,NA,NA,NA,NA,NA,NA,NA,NA,NA
NEG_0690,1:1,0,1,Garo Hills Block,25.869917,90.149112,22443.9,111.89,28.16,138.16,0.000728,0.002559,5.1016,22.7846,10,Tree cover,0.779,28.2,49.3,1.36,5.2,Mixed Sedimentary,SM,123.5,2683.9,NA,NA,NO_EVENT,NA,NA,NA,NA,NA,NA,NA,NA,NA,NA
NEG_0691,1:1,0,1,Garo Hills Block,25.610927,90.278736,1134.1,52.85,28.90,247.74,-0.000755,-0.002370,4.2890,31.8439,10,Tree cover,0.652,26.7,44.5,1.32,5.0,Mixed Sedimentary,SM,229.9,1960.4,NA,NA,NO_EVENT,NA,NA,NA,NA,NA,NA,NA,NA,NA,NA
NEG_0692,1:1,0,2,West Khasi Block,25.045998,91.110821,17134.7,479.07,35.12,322.64,0.004105,-0.000195,3.8853,35.2393,10,Tree cover,0.772,28.9,48.8,1.43,5.1,Siliciclastic Sedimentary,SS,169.3,343.7,NA,NA,NO_EVENT,NA,NA,NA,NA,NA,NA,NA,NA,NA,NA
NEG_0693,1:1,0,1,Garo Hills Block,25.654271,89.803514,20023.9,25.00,35.93,315.64,-0.000927,-0.002440,3.7751,49.7133,10,Tree cover,0.759,28.3,46.6,1.32,5.2,Mixed Sedimentary,SM,34.6,622.7,NA,NA,NO_EVENT,NA,NA,NA,NA,NA,NA,NA,NA,NA,NA
NEG_0694,1:1,0,2,West Khasi Block,25.186950,91.049248,1010.7,612.20,26.35,31.49,-0.000717,-0.000635,5.0984,23.5833,10,Tree cover,0.824,29.7,46.2,1.44,5.2,Siliciclastic Sedimentary,SS,77.4,2030.3,NA,NA,NO_EVENT,NA,NA,NA,NA,NA,NA,NA,NA,NA,NA
NEG_0695,1:1,0,4,Ri-Bhoi Block,26.041004,91.557927,3444.5,1077.60,27.34,120.01,0.000963,0.002165,4.9470,40.7171,10,Tree cover,0.830,35.0,45.2,1.37,5.0,Metamorphic,MT,167.6,2617.2,NA,NA,NO_EVENT,NA,NA,NA,NA,NA,NA,NA,NA,NA,NA
NEG_0696,1:1,0,1,Garo Hills Block,25.113110,90.709000,13279.5,103.13,15.04,196.13,-0.002063,0.001280,5.7188,18.4415,10,Tree cover,0.829,30.2,51.9,1.44,5.2,Mixed Sedimentary,SM,142.7,639.7,NA,NA,NO_EVENT,NA,NA,NA,NA,NA,NA,NA,NA,NA,NA
NEG_0697,1:1,0,1,Garo Hills Block,25.146459,90.389950,21303.2,40.71,19.06,12.10,-0.000987,0.002288,5.5299,18.2743,10,Tree cover,0.830,30.3,45.1,1.44,4.8,Mixed Sedimentary,SM,81.9,328.3,NA,NA,NO_EVENT,NA,NA,NA,NA,NA,NA,NA,NA,NA,NA
NEG_0698,1:1,0,2,West Khasi Block,25.562580,91.419958,4521.1,1268.31,20.91,222.47,0.000047,-0.000741,4.9610,20.1507,10,Tree cover,0.651,28.5,46.7,1.32,5.1,Metamorphic,MT,64.9,1202.0,NA,NA,NO_EVENT,NA,NA,NA,NA,NA,NA,NA,NA,NA,NA
NEG_0699,1:1,0,1,Garo Hills Block,25.227109,90.157861,6475.7,125.22,27.12,140.95,-0.000514,-0.002105,5.1543,33.2814,10,Tree cover,0.811,28.7,48.9,1.43,5.2,Mixed Sedimentary,SM,35.4,1747.1,NA,NA,NO_EVENT,NA,NA,NA,NA,NA,NA,NA,NA,NA,NA
NEG_0700,1:1,0,4,Ri-Bhoi Block,25.717455,91.944143,4721.0,1631.27,24.96,220.09,0.002236,-0.001198,4.8343,47.9160,10,Tree cover,0.688,27.8,41.1,1.28,4.5,Metamorphic,MT,70.2,1708.2,NA,NA,NO_EVENT,NA,NA,NA,NA,NA,NA,NA,NA,NA,NA
NEG_0701,1:1,0,3,East Khasi Block,25.259717,91.646489,2867.6,1319.37,34.32,56.30,0.000097,-0.002423,4.6364,47.7489,60,Bare / sparse vegetation,0.400,27.6,45.1,1.42,5.3,Siliciclastic Sedimentary,SS,9.0,1370.7,NA,NA,NO_EVENT,NA,NA,NA,NA,NA,NA,NA,NA,NA,NA
NEG_0702,1:1,0,3,East Khasi Block,25.455706,91.853972,2100.7,1702.18,33.89,346.54,-0.004821,0.000101,4.2536,29.3971,10,Tree cover,0.789,32.1,38.5,1.36,4.3,Metamorphic,MT,153.4,1153.8,NA,NA,NO_EVENT,NA,NA,NA,NA,NA,NA,NA,NA,NA,NA
NEG_0703,1:1,0,4,Ri-Bhoi Block,25.985299,92.354763,14144.7,866.50,20.18,38.15,-0.003070,0.000468,5.6987,24.3431,10,Tree cover,0.826,35.1,41.4,1.36,4.7,Metamorphic,MT,111.8,1881.0,NA,NA,NO_EVENT,NA,NA,NA,NA,NA,NA,NA,NA,NA,NA
NEG_0704,1:1,0,3,East Khasi Block,25.188255,91.899572,4277.1,1267.64,30.48,98.61,-0.002718,0.000455,4.7724,24.7521,10,Tree cover,0.823,29.7,53.1,1.44,5.3,Siliciclastic Sedimentary,SS,73.5,20.3,NA,NA,NO_EVENT,NA,NA,NA,NA,NA,NA,NA,NA,NA,NA
NEG_0705,1:1,0,4,Ri-Bhoi Block,25.931269,92.603073,27259.6,703.55,21.69,126.70,-0.004316,-0.000362,5.6614,18.2861,10,Tree cover,0.809,34.3,39.8,1.34,4.6,Metamorphic,MT,88.2,2269.5,NA,NA,NO_EVENT,NA,NA,NA,NA,NA,NA,NA,NA,NA,NA
NEG_0706,1:1,0,1,Garo Hills Block,25.186835,90.903801,13760.9,345.53,26.03,130.37,-0.001661,0.000611,5.1236,23.4935,10,Tree cover,0.824,29.7,44.6,1.44,5.4,Mixed Sedimentary,SM,95.7,1272.3,NA,NA,NO_EVENT,NA,NA,NA,NA,NA,NA,NA,NA,NA,NA
NEG_0707,1:1,0,3,East Khasi Block,25.448969,91.747733,533.8,1620.38,26.23,358.80,0.004723,0.000050,4.8933,28.3820,60,Bare / sparse vegetation,0.207,32.4,38.7,1.36,4.3,Metamorphic,MT,17.9,151.3,NA,NA,NO_EVENT,NA,NA,NA,NA,NA,NA,NA,NA,NA,NA
NEG_0708,1:1,0,4,Ri-Bhoi Block,25.810923,91.237050,7994.6,816.76,19.55,61.55,-0.004700,0.000124,5.6273,31.4209,10,Tree cover,0.743,30.5,40.8,1.29,4.7,Metamorphic,MT,27.5,6751.4,NA,NA,NO_EVENT,NA,NA,NA,NA,NA,NA,NA,NA,NA,NA
NEG_0709,1:1,0,3,East Khasi Block,25.599154,91.798675,2600.6,1719.29,21.07,308.73,0.000132,-0.001850,4.9149,25.8196,10,Tree cover,0.824,27.7,38.1,1.30,4.3,Metamorphic,MT,47.0,849.3,NA,NA,NO_EVENT,NA,NA,NA,NA,NA,NA,NA,NA,NA,NA
NEG_0710,1:1,0,2,West Khasi Block,25.420947,91.301440,5212.2,1050.57,29.14,145.44,-0.000670,-0.001787,4.7715,37.2485,10,Tree cover,0.701,33.3,43.3,1.37,4.9,Metamorphic,MT,125.4,1329.6,NA,NA,NO_EVENT,NA,NA,NA,NA,NA,NA,NA,NA,NA,NA
NEG_0711,1:1,0,2,West Khasi Block,25.156707,91.275819,6478.1,802.75,17.49,117.81,0.001281,-0.002207,5.6957,18.7621,10,Tree cover,0.829,30.2,53.1,1.44,4.8,Siliciclastic Sedimentary,SS,209.8,649.5,NA,NA,NO_EVENT,NA,NA,NA,NA,NA,NA,NA,NA,NA,NA
NEG_0712,1:1,0,1,Garo Hills Block,25.959073,90.736369,28308.0,122.15,15.08,132.79,0.004781,0.000126,6.1606,19.8721,10,Tree cover,0.819,24.8,51.0,1.39,5.3,Mixed Sedimentary,SM,76.3,4220.8,NA,NA,NO_EVENT,NA,NA,NA,NA,NA,NA,NA,NA,NA,NA
NEG_0713,1:1,0,5,Jaintia Hills Block,25.391241,92.068211,5306.1,1434.78,22.13,151.70,-0.000419,-0.002606,5.4409,38.5145,10,Tree cover,0.719,34.1,45.7,1.37,4.8,Metamorphic,MT,131.6,2873.8,NA,NA,NO_EVENT,NA,NA,NA,NA,NA,NA,NA,NA,NA,NA
NEG_0714,1:1,0,2,West Khasi Block,25.574755,91.194444,906.3,880.54,17.79,303.56,-0.002964,0.000132,5.1938,21.1538,10,Tree cover,0.650,28.2,39.4,1.31,4.6,Metamorphic,MT,4.1,3372.9,NA,NA,NO_EVENT,NA,NA,NA,NA,NA,NA,NA,NA,NA,NA
NEG_0715,1:1,0,1,Garo Hills Block,25.096651,90.814034,22235.6,177.48,25.92,199.89,0.002051,-0.001585,4.7852,20.5216,10,Tree cover,0.827,30.0,47.6,1.44,5.4,Mixed Sedimentary,SM,63.4,211.1,NA,NA,NO_EVENT,NA,NA,NA,NA,NA,NA,NA,NA,NA,NA
NEG_0716,1:1,0,5,Jaintia Hills Block,25.464679,92.368105,8429.8,1185.72,32.30,349.96,-0.004475,-0.000170,4.3453,26.4593,10,Tree cover,0.678,31.8,40.9,1.35,4.7,Metamorphic,MT,120.6,1190.2,NA,NA,NO_EVENT,NA,NA,NA,NA,NA,NA,NA,NA,NA,NA
NEG_0717,1:1,0,2,West Khasi Block,25.056541,91.127440,15763.6,512.77,33.30,324.77,0.004072,-0.000499,4.0599,31.0990,10,Tree cover,0.817,29.2,49.5,1.43,5.1,Siliciclastic Sedimentary,SS,53.0,230.5,NA,NA,NO_EVENT,NA,NA,NA,NA,NA,NA,NA,NA,NA,NA
NEG_0718,1:1,0,3,East Khasi Block,25.054354,91.789606,15163.7,1106.25,25.38,320.35,-0.000889,0.001116,4.6872,28.4869,10,Tree cover,0.817,39.8,21.1,1.31,5.7,Volcanic Basic,VB,102.8,516.8,NA,NA,NO_EVENT,NA,NA,NA,NA,NA,NA,NA,NA,NA,NA
NEG_0719,1:1,0,3,East Khasi Block,25.177196,91.920073,6632.4,1269.49,27.47,123.16,-0.000328,0.001327,4.9744,21.9964,10,Tree cover,0.826,29.9,52.9,1.44,5.3,Siliciclastic Sedimentary,SS,386.8,332.2,NA,NA,NO_EVENT,NA,NA,NA,NA,NA,NA,NA,NA,NA,NA
NEG_0720,1:1,0,1,Garo Hills Block,25.082491,89.817129,41290.3,25.00,29.06,333.07,0.003277,-0.000673,4.4826,23.3384,10,Tree cover,0.824,29.8,47.2,1.44,5.2,Mixed Sedimentary,SM,80.5,763.9,NA,NA,NO_EVENT,NA,NA,NA,NA,NA,NA,NA,NA,NA,NA
NEG_0721,1:1,0,3,East Khasi Block,25.529017,91.840577,4487.8,1743.12,22.03,303.71,0.002046,0.001250,4.9448,18.0216,10,Tree cover,0.799,22.7,60.8,1.31,4.6,Plutonic Acidic,PA,101.8,1244.2,NA,NA,NO_EVENT,NA,NA,NA,NA,NA,NA,NA,NA,NA,NA
NEG_0722,1:1,0,3,East Khasi Block,25.134737,91.875646,7376.4,1265.38,23.65,7.17,-0.000231,0.001131,5.1160,18.0072,10,Tree cover,0.830,30.3,53.0,1.44,5.3,Siliciclastic Sedimentary,SS,92.3,455.3,NA,NA,NO_EVENT,NA,NA,NA,NA,NA,NA,NA,NA,NA,NA
NEG_0723,1:1,0,3,East Khasi Block,25.339648,91.722257,4180.4,1412.67,16.00,41.51,-0.004271,0.000402,6.0714,37.0634,10,Tree cover,0.751,35.0,39.2,1.38,4.3,Metamorphic,MT,22.8,850.2,NA,NA,NO_EVENT,NA,NA,NA,NA,NA,NA,NA,NA,NA,NA
NEG_0724,1:1,0,2,West Khasi Block,25.221643,91.261819,3477.3,786.89,26.19,88.93,0.002911,0.001239,5.2154,31.3911,10,Tree cover,0.813,28.9,53.1,1.43,4.8,Siliciclastic Sedimentary,SS,47.0,481.6,NA,NA,NO_EVENT,NA,NA,NA,NA,NA,NA,NA,NA,NA,NA
NEG_0725,1:1,0,2,West Khasi Block,25.116086,91.285280,10760.5,844.48,17.72,217.21,-0.000471,-0.002668,5.5161,18.3753,10,Tree cover,0.829,30.2,53.0,1.44,4.8,Siliciclastic Sedimentary,SS,12.9,1091.6,NA,NA,NO_EVENT,NA,NA,NA,NA,NA,NA,NA,NA,NA,NA
NEG_0726,1:1,0,3,East Khasi Block,25.327467,91.820239,4465.4,1535.75,18.87,54.86,0.002676,-0.000391,5.8624,40.6402,10,Tree cover,0.759,35.1,38.1,1.38,4.3,Metamorphic,MT,178.8,2059.6,NA,NA,NO_EVENT,NA,NA,NA,NA,NA,NA,NA,NA,NA,NA
NEG_0727,1:1,0,4,Ri-Bhoi Block,25.824689,91.130063,1156.7,804.03,31.19,31.45,0.004135,0.000034,4.7425,35.3007,10,Tree cover,0.752,31.0,38.2,1.30,4.5,Metamorphic,MT,43.6,1723.1,NA,NA,NO_EVENT,NA,NA,NA,NA,NA,NA,NA,NA,NA,NA
NEG_0728,1:1,0,4,Ri-Bhoi Block,25.958144,92.706849,16465.0,508.64,23.18,136.06,0.003318,-0.000469,5.5140,20.7530,10,Tree cover,0.819,34.8,43.7,1.35,4.9,Metamorphic,MT,221.2,1835.5,NA,NA,NO_EVENT,NA,NA,NA,NA,NA,NA,NA,NA,NA,NA
NEG_0729,1:1,0,1,Garo Hills Block,26.060485,90.460053,30143.3,25.00,25.52,8.48,-0.004210,-0.000465,5.0171,43.2548,10,Tree cover,0.828,22.5,47.8,1.43,4.8,Mixed Sedimentary,SM,301.2,5439.3,NA,NA,NO_EVENT,NA,NA,NA,NA,NA,NA,NA,NA,NA,NA
NEG_0730,1:1,0,3,East Khasi Block,25.314915,91.656438,1275.6,1395.43,24.91,53.74,0.001836,-0.000438,5.3947,47.5092,10,Tree cover,0.766,25.4,45.4,1.41,5.3,Siliciclastic Sedimentary,SS,57.7,388.6,NA,NA,NO_EVENT,NA,NA,NA,NA,NA,NA,NA,NA,NA,NA
NEG_0731,1:1,0,2,West Khasi Block,25.100309,91.110978,11224.4,551.69,26.59,342.31,0.003598,0.000247,4.7453,20.1002,10,Tree cover,0.828,30.1,48.8,1.44,5.1,Siliciclastic Sedimentary,SS,153.6,297.5,NA,NA,NO_EVENT,NA,NA,NA,NA,NA,NA,NA,NA,NA,NA
NEG_0732,1:1,0,4,Ri-Bhoi Block,25.735010,91.811164,7667.6,1572.05,18.98,340.32,-0.001027,0.002245,5.3786,40.5222,10,Tree cover,0.697,28.2,38.1,1.28,4.3,Metamorphic,MT,174.6,314.0,NA,NA,NO_EVENT,NA,NA,NA,NA,NA,NA,NA,NA,NA,NA
NEG_0733,1:1,0,4,Ri-Bhoi Block,25.876131,92.750851,18112.5,554.03,29.71,129.00,-0.001259,-0.000789,4.9884,21.8772,10,Tree cover,0.782,32.8,45.2,1.31,5.0,Metamorphic,MT,54.5,450.1,NA,NA,NO_EVENT,NA,NA,NA,NA,NA,NA,NA,NA,NA,NA
NEG_0734,1:1,0,1,Garo Hills Block,25.871720,90.060333,25430.4,25.00,35.90,119.78,0.000969,-0.002369,4.4857,23.6728,10,Tree cover,0.788,28.1,52.5,1.36,5.4,Mixed Sedimentary,SM,98.7,684.2,NA,NA,NO_EVENT,NA,NA,NA,NA,NA,NA,NA,NA,NA,NA
NEG_0735,1:1,0,3,East Khasi Block,25.409657,91.673198,712.1,1480.64,30.15,23.98,0.000114,0.002405,4.7336,41.1193,10,Tree cover,0.708,33.6,40.8,1.37,4.4,Metamorphic,MT,76.8,137.4,NA,NA,NO_EVENT,NA,NA,NA,NA,NA,NA,NA,NA,NA,NA
NEG_0736,1:1,0,5,Jaintia Hills Block,25.045435,92.393777,844.3,773.69,34.55,321.18,0.002927,-0.001204,3.9295,35.1432,60,Bare / sparse vegetation,0.176,28.9,50.0,1.43,5.0,Siliciclastic Sedimentary,SS,13.7,1200.6,NA,NA,NO_EVENT,NA,NA,NA,NA,NA,NA,NA,NA,NA,NA
NEG_0737,1:1,0,1,Garo Hills Block,25.592272,90.770522,4225.8,313.53,21.93,225.47,-0.002256,-0.001219,4.8483,24.8326,10,Tree cover,0.650,25.9,49.6,1.32,5.3,Mixed Sedimentary,SM,237.7,54.6,NA,NA,NO_EVENT,NA,NA,NA,NA,NA,NA,NA,NA,NA,NA
NEG_0738,1:1,0,1,Garo Hills Block,25.178406,90.855354,18682.6,344.23,28.63,151.32,-0.004546,0.000015,4.8860,22.3848,60,Bare / sparse vegetation,0.343,29.9,45.9,1.44,5.4,Mixed Sedimentary,SM,20.0,1114.3,NA,NA,NO_EVENT,NA,NA,NA,NA,NA,NA,NA,NA,NA,NA
NEG_0739,1:1,0,4,Ri-Bhoi Block,25.708811,91.017591,3892.8,637.01,22.34,321.73,0.002898,0.000627,5.0132,44.5200,10,Tree cover,0.683,27.6,39.4,1.28,4.6,Metamorphic,MT,96.0,5183.9,NA,NA,NO_EVENT,NA,NA,NA,NA,NA,NA,NA,NA,NA,NA
NEG_0740,1:1,0,3,East Khasi Block,25.549995,91.959488,2028.0,1722.89,18.71,233.79,-0.003341,-0.000982,5.1601,18.8553,10,Tree cover,0.710,28.9,41.7,1.32,4.5,Metamorphic,MT,132.5,1002.3,NA,NA,NO_EVENT,NA,NA,NA,NA,NA,NA,NA,NA,NA,NA
NEG_0741,1:1,0,1,Garo Hills Block,25.951147,90.303446,22533.1,94.02,24.56,100.34,-0.001722,0.000112,5.4136,20.0077,10,Tree cover,0.817,25.1,44.2,1.39,4.9,Mixed Sedimentary,SM,36.8,3726.2,NA,NA,NO_EVENT,NA,NA,NA,NA,NA,NA,NA,NA,NA,NA
NEG_0742,1:1,0,2,West Khasi Block,25.093212,91.448979,8514.7,919.97,20.92,201.87,-0.002740,0.001245,5.1724,20.4279,10,Tree cover,0.827,30.0,47.3,1.44,4.9,Siliciclastic Sedimentary,SS,291.3,443.3,NA,NA,NO_EVENT,NA,NA,NA,NA,NA,NA,NA,NA,NA,NA
NEG_0743,1:1,0,1,Garo Hills Block,25.275252,90.647757,4108.2,58.88,27.57,97.36,0.000917,-0.002447,5.1902,45.3168,10,Tree cover,0.789,27.0,53.1,1.42,5.1,Mixed Sedimentary,SM,291.5,1968.7,NA,NA,NO_EVENT,NA,NA,NA,NA,NA,NA,NA,NA,NA,NA
NEG_0744,1:1,0,1,Garo Hills Block,25.848063,90.095687,21524.9,62.50,33.36,135.49,0.004080,-0.000221,4.6369,29.3173,10,Tree cover,0.766,28.9,51.4,1.36,5.3,Mixed Sedimentary,SM,79.0,42.6,NA,NA,NO_EVENT,NA,NA,NA,NA,NA,NA,NA,NA,NA,NA
NEG_0745,1:1,0,1,Garo Hills Block,25.154480,89.845660,33226.3,80.69,22.21,12.18,-0.002573,-0.000249,5.3095,18.7980,10,Tree cover,0.829,30.2,48.4,1.44,5.3,Mixed Sedimentary,SM,75.3,769.8,NA,NA,NO_EVENT,NA,NA,NA,NA,NA,NA,NA,NA,NA,NA
NEG_0746,1:1,0,5,Jaintia Hills Block,25.062084,92.805123,9224.2,456.01,23.14,246.27,0.000303,0.000582,4.8891,25.9667,10,Tree cover,0.819,29.4,44.3,1.43,5.3,Siliciclastic Sedimentary,SS,171.7,28.0,NA,NA,NO_EVENT,NA,NA,NA,NA,NA,NA,NA,NA,NA,NA
NEG_0747,1:1,0,1,Garo Hills Block,25.160730,90.360475,17961.5,25.00,23.89,35.55,-0.003151,0.000471,5.1993,19.4134,10,Tree cover,0.828,30.1,44.4,1.44,4.8,Mixed Sedimentary,SM,314.6,776.8,NA,NA,NO_EVENT,NA,NA,NA,NA,NA,NA,NA,NA,NA,NA
NEG_0748,1:1,0,3,East Khasi Block,25.192560,91.927379,5390.1,1285.52,29.60,121.89,0.000545,0.000224,4.8573,25.5323,10,Tree cover,0.822,29.6,52.8,1.44,5.3,Siliciclastic Sedimentary,SS,92.7,51.4,NA,NA,NO_EVENT,NA,NA,NA,NA,NA,NA,NA,NA,NA,NA
NEG_0749,1:1,0,2,West Khasi Block,25.531983,91.238894,1640.2,877.64,15.02,287.80,-0.002599,0.000446,5.4977,18.0493,10,Tree cover,0.655,29.5,40.9,1.33,4.7,Metamorphic,MT,18.0,1601.2,NA,NA,NO_EVENT,NA,NA,NA,NA,NA,NA,NA,NA,NA,NA
NEG_0750,1:1,0,1,Garo Hills Block,25.445955,90.212158,6013.5,44.09,26.69,179.39,0.004679,0.000025,4.8686,29.2964,10,Tree cover,0.688,22.5,46.5,1.36,5.1,Mixed Sedimentary,SM,211.3,1666.4,NA,NA,NO_EVENT,NA,NA,NA,NA,NA,NA,NA,NA,NA,NA
NEG_0751,1:1,0,5,Jaintia Hills Block,25.302258,92.799952,10560.0,532.42,17.90,108.63,-0.000299,0.001368,5.9649,38.5053,10,Tree cover,0.774,25.9,44.4,1.41,5.3,Siliciclastic Sedimentary,SS,241.0,1386.1,NA,NA,NO_EVENT,NA,NA,NA,NA,NA,NA,NA,NA,NA,NA
NEG_0752,1:1,0,3,East Khasi Block,25.123319,91.944462,9591.6,1253.69,20.72,190.56,-0.000596,0.002507,5.3048,18.1410,10,Tree cover,0.830,30.3,52.5,1.44,5.2,Siliciclastic Sedimentary,SS,250.2,1079.7,NA,NA,NO_EVENT,NA,NA,NA,NA,NA,NA,NA,NA,NA,NA
NEG_0753,1:1,0,3,East Khasi Block,25.131792,91.955471,8170.9,1255.52,19.19,180.91,-0.000086,0.002064,5.4610,18.0013,10,Tree cover,0.830,30.3,52.2,1.44,5.2,Siliciclastic Sedimentary,SS,66.9,65.0,NA,NA,NO_EVENT,NA,NA,NA,NA,NA,NA,NA,NA,NA,NA
NEG_0754,1:1,0,2,West Khasi Block,25.486010,91.248355,3339.4,903.90,22.50,291.29,0.002560,0.000998,5.0475,20.5987,10,Tree cover,0.669,31.0,41.2,1.35,4.7,Metamorphic,MT,108.9,1088.1,NA,NA,NO_EVENT,NA,NA,NA,NA,NA,NA,NA,NA,NA,NA
NEG_0755,1:1,0,4,Ri-Bhoi Block,26.032492,91.775368,5864.2,1114.94,22.02,24.30,-0.001257,0.002242,5.4042,34.5937,60,Bare / sparse vegetation,0.162,35.1,38.2,1.37,4.5,Metamorphic,MT,17.8,4063.5,NA,NA,NO_EVENT,NA,NA,NA,NA,NA,NA,NA,NA,NA,NA
NEG_0756,1:1,0,1,Garo Hills Block,26.095756,89.889326,55559.5,68.75,26.91,347.53,0.002374,0.001235,4.7656,49.5722,10,Tree cover,0.821,22.6,50.3,1.43,5.3,Mixed Sedimentary,SM,61.0,2639.2,NA,NA,NO_EVENT,NA,NA,NA,NA,NA,NA,NA,NA,NA,NA
NEG_0757,1:1,0,3,East Khasi Block,25.420660,91.603108,3200.3,1459.24,33.24,45.60,-0.003921,-0.000261,4.4446,40.0480,10,Tree cover,0.701,33.3,43.5,1.37,4.6,Metamorphic,MT,54.9,330.5,NA,NA,NO_EVENT,NA,NA,NA,NA,NA,NA,NA,NA,NA,NA
NEG_0758,1:1,0,1,Garo Hills Block,25.734455,90.268605,11409.6,66.69,22.38,207.81,0.001531,0.002049,5.1044,44.5812,10,Tree cover,0.697,30.2,44.7,1.33,5.0,Mixed Sedimentary,SM,56.6,5468.7,NA,NA,NO_EVENT,NA,NA,NA,NA,NA,NA,NA,NA,NA,NA
NEG_0759,1:1,0,1,Garo Hills Block,25.114821,90.962463,11579.5,457.05,15.08,306.76,-0.001949,0.001180,5.7223,18.3694,10,Tree cover,0.829,30.2,44.1,1.44,5.4,Mixed Sedimentary,SM,95.3,1196.3,NA,NA,NO_EVENT,NA,NA,NA,NA,NA,NA,NA,NA,NA,NA
NEG_0760,1:1,0,3,East Khasi Block,25.039789,91.987193,16633.4,1092.83,27.32,224.45,-0.003646,0.000070,4.4939,33.0238,10,Tree cover,0.812,28.7,51.2,1.43,5.1,Siliciclastic Sedimentary,SS,136.8,457.9,NA,NA,NO_EVENT,NA,NA,NA,NA,NA,NA,NA,NA,NA,NA
NEG_0761,1:1,0,5,Jaintia Hills Block,25.478340,92.039272,1694.5,1654.60,23.92,197.26,0.000822,0.002064,4.9627,21.8862,10,Tree cover,0.672,31.3,44.8,1.35,4.7,Metamorphic,MT,33.2,617.9,NA,NA,NO_EVENT,NA,NA,NA,NA,NA,NA,NA,NA,NA,NA
NEG_0762,1:1,0,3,East Khasi Block,25.427759,91.792519,2576.4,1626.88,26.43,12.81,0.000533,-0.001371,4.9617,33.7328,60,Bare / sparse vegetation,0.233,33.1,38.1,1.37,4.3,Metamorphic,MT,3.5,639.6,NA,NA,NO_EVENT,NA,NA,NA,NA,NA,NA,NA,NA,NA,NA
NEG_0763,1:1,0,2,West Khasi Block,25.245984,91.599834,2277.6,1212.32,34.57,76.21,-0.001489,0.000638,4.5966,43.6942,10,Tree cover,0.803,28.1,44.2,1.43,5.2,Siliciclastic Sedimentary,SS,35.8,636.5,NA,NA,NO_EVENT,NA,NA,NA,NA,NA,NA,NA,NA,NA,NA
NEG_0764,1:1,0,4,Ri-Bhoi Block,25.959908,92.602683,26530.4,681.48,18.25,128.86,-0.004636,0.000217,5.9056,20.3556,10,Tree cover,0.819,34.9,39.8,1.35,4.6,Metamorphic,MT,69.8,1323.2,NA,NA,NO_EVENT,NA,NA,NA,NA,NA,NA,NA,NA,NA,NA
NEG_0765,1:1,0,4,Ri-Bhoi Block,25.795140,91.947188,7126.6,1470.43,23.04,147.66,-0.002139,-0.001625,5.2905,37.1716,60,Bare / sparse vegetation,0.399,29.9,41.3,1.29,4.5,Metamorphic,MT,9.5,7997.4,NA,NA,NO_EVENT,NA,NA,NA,NA,NA,NA,NA,NA,NA,NA
NEG_0766,1:1,0,5,Jaintia Hills Block,25.164610,92.128231,1604.3,1207.18,25.66,155.88,-0.003267,0.000852,5.0725,19.9585,10,Tree cover,0.828,39.8,25.5,1.33,5.7,Carbonate Sedimentary,SC,117.4,793.1,NA,NA,NO_EVENT,NA,NA,NA,NA,NA,NA,NA,NA,NA,NA
NEG_0767,1:1,0,4,Ri-Bhoi Block,25.650647,91.331961,4531.5,1083.28,34.16,234.62,-0.001494,-0.001660,3.9100,47.0869,10,Tree cover,0.660,27.2,44.5,1.29,4.9,Metamorphic,MT,114.0,7812.8,NA,NA,NO_EVENT,NA,NA,NA,NA,NA,NA,NA,NA,NA,NA
NEG_0768,1:1,0,3,East Khasi Block,25.191308,91.948905,4399.3,1306.40,27.08,134.45,0.002999,0.000255,5.0547,24.6267,10,Tree cover,0.823,29.7,52.4,1.44,5.2,Siliciclastic Sedimentary,SS,30.6,539.1,NA,NA,NO_EVENT,NA,NA,NA,NA,NA,NA,NA,NA,NA,NA
NEG_0769,1:1,0,1,Garo Hills Block,25.185685,90.250389,8414.2,32.99,24.51,142.04,0.004012,-0.000412,5.2412,22.9683,10,Tree cover,0.824,29.8,45.2,1.44,5.0,Mixed Sedimentary,SM,77.8,739.1,NA,NA,NO_EVENT,NA,NA,NA,NA,NA,NA,NA,NA,NA,NA
NEG_0770,1:1,0,1,Garo Hills Block,25.065556,89.872233,39916.1,25.00,26.44,327.43,0.004192,-0.000175,4.6358,26.3164,10,Tree cover,0.820,29.5,49.6,1.44,5.3,Mixed Sedimentary,SM,39.1,351.2,NA,NA,NO_EVENT,NA,NA,NA,NA,NA,NA,NA,NA,NA,NA
NEG_0771,1:1,0,3,East Khasi Block,25.257215,91.739744,1497.2,1446.80,25.60,43.49,0.000147,0.000392,5.3309,39.6341,10,Tree cover,0.798,27.6,48.8,1.42,5.1,Siliciclastic Sedimentary,SS,99.6,51.4,NA,NA,NO_EVENT,NA,NA,NA,NA,NA,NA,NA,NA,NA,NA
NEG_0772,1:1,0,1,Garo Hills Block,25.091427,89.903580,35915.5,25.00,18.89,334.91,0.000937,0.001500,5.3282,20.3874,10,Tree cover,0.826,30.0,50.9,1.44,5.4,Mixed Sedimentary,SM,54.5,245.8,NA,NA,NO_EVENT,NA,NA,NA,NA,NA,NA,NA,NA,NA,NA
NEG_0773,1:1,0,2,West Khasi Block,25.144465,91.595502,4428.9,1138.00,22.77,33.05,-0.001365,-0.000940,5.2252,18.2397,10,Tree cover,0.830,30.3,44.2,1.44,5.2,Siliciclastic Sedimentary,SS,63.3,8.4,NA,NA,NO_EVENT,NA,NA,NA,NA,NA,NA,NA,NA,NA,NA
NEG_0774,1:1,0,1,Garo Hills Block,25.335018,90.429310,23357.9,25.00,14.84,45.49,-0.001644,0.000949,6.1726,35.7680,40,Cropland,0.660,24.7,46.5,1.40,4.8,Mixed Sedimentary,SM,63.0,1334.2,NA,NA,NO_EVENT,NA,NA,NA,NA,NA,NA,NA,NA,NA,NA
NEG_0775,1:1,0,5,Jaintia Hills Block,25.035686,92.013284,16614.8,1045.96,25.96,221.34,-0.002537,0.001435,4.5931,33.2970,10,Tree cover,0.810,28.6,50.2,1.43,5.1,Siliciclastic Sedimentary,SS,59.2,102.2,NA,NA,NO_EVENT,NA,NA,NA,NA,NA,NA,NA,NA,NA,NA
NEG_0776,1:1,0,4,Ri-Bhoi Block,26.083306,91.598230,8443.1,993.05,34.46,338.64,0.004727,-0.000158,4.2109,56.8315,10,Tree cover,0.824,34.3,43.7,1.38,4.9,Metamorphic,MT,182.7,305.2,NA,NA,NO_EVENT,NA,NA,NA,NA,NA,NA,NA,NA,NA,NA
NEG_0777,1:1,0,4,Ri-Bhoi Block,25.891195,91.882215,2820.1,1329.46,34.21,84.46,-0.000475,0.001561,4.6488,19.8780,10,Tree cover,0.791,33.3,39.1,1.32,4.6,Metamorphic,MT,61.6,4734.5,NA,NA,NO_EVENT,NA,NA,NA,NA,NA,NA,NA,NA,NA,NA
NEG_0778,1:1,0,2,West Khasi Block,25.158269,91.479524,1037.3,1081.39,16.21,163.08,0.002966,0.000220,5.8042,18.8001,10,Tree cover,0.829,30.2,46.1,1.44,4.9,Siliciclastic Sedimentary,SS,104.7,2216.7,NA,NA,NO_EVENT,NA,NA,NA,NA,NA,NA,NA,NA,NA,NA
NEG_0779,1:1,0,3,East Khasi Block,25.094259,91.885315,11981.0,1270.60,27.52,279.48,0.003318,0.001009,4.6482,21.0322,10,Tree cover,0.827,30.0,53.1,1.44,5.3,Siliciclastic Sedimentary,SS,95.0,2002.9,NA,NA,NO_EVENT,NA,NA,NA,NA,NA,NA,NA,NA,NA,NA
NEG_0780,1:1,0,5,Jaintia Hills Block,25.430720,92.342115,5439.3,1157.09,29.40,9.35,-0.003994,-0.000584,4.7124,34.6656,10,Tree cover,0.696,33.0,41.9,1.36,4.8,Metamorphic,MT,64.8,2946.6,NA,NA,NO_EVENT,NA,NA,NA,NA,NA,NA,NA,NA,NA,NA
NEG_0781,1:1,0,2,West Khasi Block,25.252817,91.566768,2220.2,1189.49,30.67,96.51,-0.000345,0.002580,4.9193,42.7192,10,Tree cover,0.800,27.8,44.1,1.43,5.1,Siliciclastic Sedimentary,SS,87.4,404.3,NA,NA,NO_EVENT,NA,NA,NA,NA,NA,NA,NA,NA,NA,NA
NEG_0782,1:1,0,5,Jaintia Hills Block,25.648029,92.595521,9645.8,842.74,28.94,232.82,-0.001388,-0.001281,4.3230,41.9755,10,Tree cover,0.660,27.2,39.6,1.29,4.6,Metamorphic,MT,42.2,4408.5,NA,NA,NO_EVENT,NA,NA,NA,NA,NA,NA,NA,NA,NA,NA
NEG_0783,1:1,0,1,Garo Hills Block,25.555716,90.315345,1601.6,25.00,24.00,266.49,0.002759,0.000977,4.7257,19.6567,10,Tree cover,0.651,24.6,44.1,1.33,4.9,Mixed Sedimentary,SM,20.1,2557.3,NA,NA,NO_EVENT,NA,NA,NA,NA,NA,NA,NA,NA,NA,NA
NEG_0784,1:1,0,2,West Khasi Block,25.529384,91.541674,1077.9,1311.48,17.70,244.52,-0.000255,0.002630,5.2902,18.0211,10,Tree cover,0.656,29.5,45.6,1.33,5.0,Metamorphic,MT,110.6,903.2,NA,NA,NO_EVENT,NA,NA,NA,NA,NA,NA,NA,NA,NA,NA
NEG_0785,1:1,0,3,East Khasi Block,25.625645,91.901360,1048.4,1774.96,33.49,264.29,0.000622,0.002496,3.9302,38.7466,10,Tree cover,0.752,27.4,39.7,1.29,4.4,Metamorphic,MT,41.6,2797.4,NA,NA,NO_EVENT,NA,NA,NA,NA,NA,NA,NA,NA,NA,NA
NEG_0786,1:1,0,1,Garo Hills Block,25.381188,90.685799,1581.0,204.74,18.72,128.56,-0.000168,0.002646,5.7467,36.7827,10,Tree cover,0.725,23.3,52.5,1.38,5.2,Mixed Sedimentary,SM,17.3,3053.2,NA,NA,NO_EVENT,NA,NA,NA,NA,NA,NA,NA,NA,NA,NA
NEG_0787,1:1,0,2,West Khasi Block,25.199974,91.111045,2878.3,749.62,32.56,31.95,-0.004933,-0.000040,4.6443,28.2545,10,Tree cover,0.820,29.5,48.8,1.44,5.1,Siliciclastic Sedimentary,SS,180.7,184.4,NA,NA,NO_EVENT,NA,NA,NA,NA,NA,NA,NA,NA,NA,NA
NEG_0788,1:1,0,2,West Khasi Block,25.590658,91.303233,2797.3,1024.92,22.75,248.57,0.000954,-0.001281,4.7835,24.7812,10,Tree cover,0.650,27.9,43.4,1.31,4.9,Metamorphic,MT,25.4,2061.8,NA,NA,NO_EVENT,NA,NA,NA,NA,NA,NA,NA,NA,NA,NA
NEG_0789,1:1,0,4,Ri-Bhoi Block,26.069001,92.666593,20984.1,520.34,35.74,176.42,0.001269,-0.000449,4.1657,55.4548,10,Tree cover,0.866,34.6,42.1,1.38,4.8,Metamorphic,MT,48.1,1815.4,NA,NA,NO_EVENT,NA,NA,NA,NA,NA,NA,NA,NA,NA,NA
NEG_0790,1:1,0,1,Garo Hills Block,25.449704,90.022507,8469.3,40.47,34.18,190.05,0.001889,0.000194,4.2544,31.3024,10,Tree cover,0.686,22.5,53.0,1.36,5.4,Mixed Sedimentary,SM,130.5,770.6,NA,NA,NO_EVENT,NA,NA,NA,NA,NA,NA,NA,NA,NA,NA
NEG_0791,1:1,0,3,East Khasi Block,25.576164,91.709414,2996.2,1647.74,18.89,315.21,-0.004032,0.000158,5.1042,21.5322,10,Tree cover,0.650,28.2,39.6,1.31,4.4,Metamorphic,MT,36.5,172.8,NA,NA,NO_EVENT,NA,NA,NA,NA,NA,NA,NA,NA,NA,NA
NEG_0792,1:1,0,3,East Khasi Block,25.544710,91.966974,1089.7,1723.05,17.95,230.47,-0.003417,-0.000874,5.2322,18.5079,10,Tree cover,0.705,29.1,42.0,1.32,4.5,Metamorphic,MT,305.8,1691.3,NA,NA,NO_EVENT,NA,NA,NA,NA,NA,NA,NA,NA,NA,NA
NEG_0793,1:1,0,3,East Khasi Block,25.635074,91.602872,2169.5,1487.39,33.81,284.81,0.000040,-0.000446,3.9144,41.9846,10,Tree cover,0.656,27.3,43.6,1.29,4.6,Metamorphic,MT,20.9,7854.8,NA,NA,NO_EVENT,NA,NA,NA,NA,NA,NA,NA,NA,NA,NA
NEG_0794,1:1,0,4,Ri-Bhoi Block,25.992659,92.259350,7747.6,1074.36,16.15,55.20,0.002012,0.001392,6.0020,24.1094,10,Tree cover,0.827,35.2,45.0,1.36,5.0,Metamorphic,MT,224.9,3096.1,NA,NA,NO_EVENT,NA,NA,NA,NA,NA,NA,NA,NA,NA,NA
NEG_0795,1:1,0,5,Jaintia Hills Block,25.566091,92.335428,645.1,1261.87,17.87,316.02,0.003822,0.000306,5.1988,20.1890,10,Tree cover,0.651,28.4,42.2,1.31,4.8,Metamorphic,MT,177.8,356.0,NA,NA,NO_EVENT,NA,NA,NA,NA,NA,NA,NA,NA,NA,NA
NEG_0796,1:1,0,3,East Khasi Block,25.111778,91.752098,8564.2,1178.41,15.25,348.07,-0.002264,-0.001106,5.6968,18.5099,10,Tree cover,0.829,30.2,49.4,1.44,5.4,Siliciclastic Sedimentary,SS,76.6,869.6,NA,NA,NO_EVENT,NA,NA,NA,NA,NA,NA,NA,NA,NA,NA
NEG_0797,1:1,0,1,Garo Hills Block,25.978465,90.293948,25547.0,113.25,23.17,107.85,-0.000428,0.001971,5.4758,23.9884,10,Tree cover,0.824,24.2,44.3,1.40,4.9,Mixed Sedimentary,SM,154.6,1320.2,NA,NA,NO_EVENT,NA,NA,NA,NA,NA,NA,NA,NA,NA,NA
NEG_0798,1:1,0,2,West Khasi Block,25.021707,91.571105,15912.2,1060.37,31.70,265.97,0.001050,0.002268,4.1057,40.9058,10,Tree cover,0.804,28.1,44.1,1.43,5.1,Siliciclastic Sedimentary,SS,116.2,79.4,NA,NA,NO_EVENT,NA,NA,NA,NA,NA,NA,NA,NA,NA,NA
NEG_0799,1:1,0,2,West Khasi Block,25.311279,91.392252,4272.1,1059.82,25.57,134.52,0.003131,-0.000564,5.3452,48.0652,10,Tree cover,0.768,25.6,49.8,1.41,4.8,Siliciclastic Sedimentary,SS,147.5,4712.1,NA,NA,NO_EVENT,NA,NA,NA,NA,NA,NA,NA,NA,NA,NA
NEG_0800,1:1,0,3,East Khasi Block,25.153765,91.948935,6875.7,1272.67,21.12,158.96,0.001515,0.002069,5.3939,18.7102,10,Tree cover,0.829,30.2,52.4,1.44,5.2,Siliciclastic Sedimentary,SS,40.0,184.5,NA,NA,NO_EVENT,NA,NA,NA,NA,NA,NA,NA,NA,NA,NA
NEG_0801,1:1,0,5,Jaintia Hills Block,25.490788,92.721605,16997.3,709.87,28.91,205.22,0.002048,-0.001174,4.5172,20.5985,10,Tree cover,0.668,30.9,44.2,1.34,4.9,Metamorphic,MT,144.5,4307.3,NA,NA,NO_EVENT,NA,NA,NA,NA,NA,NA,NA,NA,NA,NA
NEG_0802,1:1,0,3,East Khasi Block,25.528228,91.751654,3785.3,1747.67,15.53,323.60,-0.002029,0.001116,5.4670,18.0093,10,Tree cover,0.839,29.6,38.6,1.33,4.3,Metamorphic,MT,135.1,289.5,NA,NA,NO_EVENT,NA,NA,NA,NA,NA,NA,NA,NA,NA,NA
NEG_0803,1:1,0,2,West Khasi Block,25.243251,91.562196,3344.0,1166.56,30.65,99.64,-0.000728,0.002562,4.9054,39.9959,60,Bare / sparse vegetation,0.396,28.2,44.2,1.43,5.1,Siliciclastic Sedimentary,SS,18.5,133.3,NA,NA,NO_EVENT,NA,NA,NA,NA,NA,NA,NA,NA,NA,NA
NEG_0804,1:1,0,3,East Khasi Block,25.545933,91.961378,1583.0,1722.36,18.57,232.46,-0.003220,-0.001064,5.1799,18.5936,10,Tree cover,0.709,29.0,41.8,1.32,4.5,Metamorphic,MT,27.9,1397.5,NA,NA,NO_EVENT,NA,NA,NA,NA,NA,NA,NA,NA,NA,NA
NEG_0805,1:1,0,3,East Khasi Block,25.111982,91.858114,9710.9,1262.90,23.60,327.89,0.002477,-0.000134,5.0296,18.7740,10,Tree cover,0.829,30.2,52.9,1.44,5.4,Siliciclastic Sedimentary,SS,49.9,518.0,NA,NA,NO_EVENT,NA,NA,NA,NA,NA,NA,NA,NA,NA,NA
NEG_0806,1:1,0,5,Jaintia Hills Block,25.647311,92.210662,6084.4,1431.91,31.76,273.10,0.001157,0.001764,4.0962,44.1091,10,Tree cover,0.659,27.2,46.3,1.29,4.8,Metamorphic,MT,199.1,1142.2,NA,NA,NO_EVENT,NA,NA,NA,NA,NA,NA,NA,NA,NA,NA
NEG_0807,1:1,0,2,West Khasi Block,25.466234,91.548264,4757.2,1344.24,28.14,213.75,-0.000249,0.001392,4.6719,25.0259,10,Tree cover,0.678,31.8,45.4,1.35,5.0,Metamorphic,MT,21.4,1127.7,NA,NA,NO_EVENT,NA,NA,NA,NA,NA,NA,NA,NA,NA,NA
NEG_0808,1:1,0,1,Garo Hills Block,25.351356,89.815819,24797.5,25.00,23.73,40.87,0.002426,-0.001532,5.4282,45.5821,10,Tree cover,0.744,24.1,47.1,1.40,5.2,Mixed Sedimentary,SM,164.2,430.5,NA,NA,NO_EVENT,NA,NA,NA,NA,NA,NA,NA,NA,NA,NA
NEG_0809,1:1,0,1,Garo Hills Block,25.119726,90.861008,19741.1,297.29,24.06,189.55,0.001579,0.000435,5.0233,18.3119,10,Tree cover,0.830,30.3,45.7,1.44,5.4,Mixed Sedimentary,SM,213.4,267.7,NA,NA,NO_EVENT,NA,NA,NA,NA,NA,NA,NA,NA,NA,NA
NEG_0810,1:1,0,2,West Khasi Block,25.221399,91.574157,800.2,1138.44,31.48,92.41,-0.002584,0.001376,4.7916,34.0229,10,Tree cover,0.813,28.9,44.1,1.43,5.1,Siliciclastic Sedimentary,SS,84.9,496.1,NA,NA,NO_EVENT,NA,NA,NA,NA,NA,NA,NA,NA,NA,NA
NEG_0811,1:1,0,2,West Khasi Block,25.041187,91.517576,13083.1,1005.42,26.03,234.60,-0.002457,0.001496,4.6004,31.9666,10,Tree cover,0.812,28.8,44.9,1.43,5.0,Siliciclastic Sedimentary,SS,37.7,1470.4,NA,NA,NO_EVENT,NA,NA,NA,NA,NA,NA,NA,NA,NA,NA
NEG_0812,1:1,0,4,Ri-Bhoi Block,26.099626,92.501315,26350.7,651.52,27.08,307.41,-0.003889,-0.000542,4.7369,50.0387,10,Tree cover,0.820,33.8,38.1,1.38,4.5,Metamorphic,MT,114.6,5494.5,NA,NA,NO_EVENT,NA,NA,NA,NA,NA,NA,NA,NA,NA,NA
NEG_0813,1:1,0,5,Jaintia Hills Block,25.382130,92.258091,5356.2,1311.76,18.77,50.36,-0.000210,-0.001497,5.7397,36.7064,10,Tree cover,0.724,34.3,45.1,1.38,5.0,Metamorphic,MT,32.0,765.9,NA,NA,NO_EVENT,NA,NA,NA,NA,NA,NA,NA,NA,NA,NA
NEG_0814,1:1,0,4,Ri-Bhoi Block,25.898964,92.382356,22897.2,1023.07,31.79,45.02,-0.001330,0.001342,4.8495,18.8907,60,Bare / sparse vegetation,0.307,33.5,40.4,1.32,4.7,Metamorphic,MT,11.4,2056.3,NA,NA,NO_EVENT,NA,NA,NA,NA,NA,NA,NA,NA,NA,NA
NEG_0815,1:1,0,1,Garo Hills Block,25.851834,90.675451,21048.3,54.64,27.43,116.56,-0.000862,0.001880,5.1208,26.4248,10,Tree cover,0.768,28.8,52.7,1.36,5.1,Mixed Sedimentary,SM,53.1,151.9,NA,NA,NO_EVENT,NA,NA,NA,NA,NA,NA,NA,NA,NA,NA
NEG_0816,1:1,0,2,West Khasi Block,25.578676,91.300502,3069.1,1007.41,20.63,249.40,0.000716,-0.000452,4.9623,22.2252,10,Tree cover,0.650,28.1,43.3,1.31,4.9,Metamorphic,MT,16.5,1140.8,NA,NA,NO_EVENT,NA,NA,NA,NA,NA,NA,NA,NA,NA,NA
NEG_0817,1:1,0,4,Ri-Bhoi Block,25.748638,92.372816,17190.9,1085.64,22.04,352.90,-0.001481,-0.000706,5.1872,43.2466,10,Tree cover,0.705,28.5,40.8,1.28,4.7,Metamorphic,MT,134.1,2313.7,NA,NA,NO_EVENT,NA,NA,NA,NA,NA,NA,NA,NA,NA,NA
NEG_0818,1:1,0,2,West Khasi Block,25.103289,91.020818,9991.4,500.71,18.89,336.17,-0.001793,-0.001879,5.3727,19.2353,10,Tree cover,0.828,30.1,45.2,1.44,5.3,Siliciclastic Sedimentary,SS,11.7,257.7,NA,NA,NO_EVENT,NA,NA,NA,NA,NA,NA,NA,NA,NA,NA
NEG_0819,1:1,0,1,Garo Hills Block,25.161267,90.671787,6745.2,39.11,18.37,141.99,0.000442,0.002248,5.6430,19.1282,10,Tree cover,0.828,30.1,52.8,1.44,5.1,Mixed Sedimentary,SM,19.8,486.1,NA,NA,NO_EVENT,NA,NA,NA,NA,NA,NA,NA,NA,NA,NA
NEG_0820,1:1,0,3,East Khasi Block,25.185316,91.934099,5638.7,1285.17,27.65,129.41,0.001325,0.000732,4.9887,23.5317,10,Tree cover,0.824,29.8,52.7,1.44,5.2,Siliciclastic Sedimentary,SS,229.6,443.1,NA,NA,NO_EVENT,NA,NA,NA,NA,NA,NA,NA,NA,NA,NA
NEG_0821,1:1,0,4,Ri-Bhoi Block,25.909559,92.463992,27935.0,883.53,28.47,61.97,0.002211,0.001451,5.1209,18.1607,10,Tree cover,0.800,33.8,38.4,1.33,4.5,Metamorphic,MT,41.7,1543.8,NA,NA,NO_EVENT,NA,NA,NA,NA,NA,NA,NA,NA,NA,NA
NEG_0822,1:1,0,5,Jaintia Hills Block,25.107809,92.228757,2168.3,1097.98,19.42,312.75,-0.002854,0.000508,5.3477,18.9149,10,Tree cover,0.829,37.5,29.1,1.31,5.4,Carbonate Sedimentary,SC,104.2,654.8,NA,NA,NO_EVENT,NA,NA,NA,NA,NA,NA,NA,NA,NA,NA
NEG_0823,1:1,0,1,Garo Hills Block,25.154669,90.528041,12166.3,64.40,21.55,13.93,0.000811,-0.002433,5.3630,18.7877,10,Tree cover,0.829,30.2,50.8,1.44,4.9,Mixed Sedimentary,SM,87.7,422.4,NA,NA,NO_EVENT,NA,NA,NA,NA,NA,NA,NA,NA,NA,NA
NEG_0824,1:1,0,1,Garo Hills Block,25.085824,90.706355,15717.7,92.80,19.10,214.62,-0.003878,0.000628,5.2911,21.0802,10,Tree cover,0.825,29.9,52.0,1.44,5.2,Mixed Sedimentary,SM,31.2,188.5,NA,NA,NO_EVENT,NA,NA,NA,NA,NA,NA,NA,NA,NA,NA
NEG_0825,1:1,0,1,Garo Hills Block,25.159650,90.460684,18152.0,86.02,15.97,15.10,0.002832,0.000977,5.8287,18.8745,10,Tree cover,0.828,30.2,47.8,1.44,4.8,Mixed Sedimentary,SM,59.9,190.8,NA,NA,NO_EVENT,NA,NA,NA,NA,NA,NA,NA,NA,NA,NA
NEG_0826,1:1,0,4,Ri-Bhoi Block,25.865819,92.114615,3869.3,1317.53,33.99,132.38,0.002488,0.000202,4.6273,24.7382,10,Tree cover,0.777,32.4,46.6,1.31,5.1,Metamorphic,MT,175.3,5772.0,NA,NA,NO_EVENT,NA,NA,NA,NA,NA,NA,NA,NA,NA,NA
NEG_0827,1:1,0,5,Jaintia Hills Block,25.263301,92.028738,5717.0,1437.45,24.34,135.45,-0.000292,0.002616,5.4388,39.8371,10,Tree cover,0.795,27.4,49.5,1.42,4.8,Siliciclastic Sedimentary,SS,62.1,1755.5,NA,NA,NO_EVENT,NA,NA,NA,NA,NA,NA,NA,NA,NA,NA
NEG_0828,1:1,0,4,Ri-Bhoi Block,25.994771,92.135756,7950.5,1146.17,25.08,131.80,-0.001751,-0.001547,5.2818,27.9631,10,Tree cover,0.827,35.2,46.8,1.36,5.1,Metamorphic,MT,50.3,1216.3,NA,NA,NO_EVENT,NA,NA,NA,NA,NA,NA,NA,NA,NA,NA
NEG_0829,1:1,0,1,Garo Hills Block,25.736821,89.943239,17523.4,56.82,15.84,337.94,0.001985,-0.001768,5.6368,36.7345,10,Tree cover,0.698,30.2,52.2,1.33,5.4,Mixed Sedimentary,SM,278.0,106.6,NA,NA,NO_EVENT,NA,NA,NA,NA,NA,NA,NA,NA,NA,NA
NEG_0830,1:1,0,1,Garo Hills Block,25.178450,90.764397,13762.2,261.12,22.10,155.36,0.002898,-0.000960,5.4085,21.3908,10,Tree cover,0.825,29.9,49.8,1.44,5.3,Mixed Sedimentary,SM,65.4,562.7,NA,NA,NO_EVENT,NA,NA,NA,NA,NA,NA,NA,NA,NA,NA
NEG_0831,1:1,0,1,Garo Hills Block,25.198921,90.268955,8208.4,25.00,29.02,128.88,0.002434,0.000219,4.9242,26.8826,10,Tree cover,0.821,29.5,44.7,1.44,5.0,Mixed Sedimentary,SM,25.1,1845.7,NA,NA,NO_EVENT,NA,NA,NA,NA,NA,NA,NA,NA,NA,NA
NEG_0832,1:1,0,3,East Khasi Block,25.171018,91.914004,6378.9,1264.22,26.83,120.76,-0.000912,0.001685,5.0030,20.9257,10,Tree cover,0.827,30.0,53.0,1.44,5.3,Siliciclastic Sedimentary,SS,62.9,106.3,NA,NA,NO_EVENT,NA,NA,NA,NA,NA,NA,NA,NA,NA,NA
NEG_0833,1:1,0,2,West Khasi Block,25.501119,91.174686,1234.0,875.18,24.30,326.32,0.000151,-0.002901,4.8496,19.0900,60,Bare / sparse vegetation,0.165,30.5,38.9,1.34,4.6,Metamorphic,MT,3.0,1132.4,NA,NA,NO_EVENT,NA,NA,NA,NA,NA,NA,NA,NA,NA,NA
NEG_0834,1:1,0,3,East Khasi Block,25.316904,91.655556,1092.2,1397.34,24.72,53.84,0.001949,-0.000298,5.4078,47.3829,60,Bare / sparse vegetation,0.376,25.4,45.4,1.41,5.3,Siliciclastic Sedimentary,SS,0.2,520.7,NA,NA,NO_EVENT,NA,NA,NA,NA,NA,NA,NA,NA,NA,NA
NEG_0835,1:1,0,3,East Khasi Block,25.563578,91.957619,3366.7,1724.47,19.31,236.29,-0.003711,-0.000433,5.0874,20.0909,10,Tree cover,0.711,28.5,41.7,1.31,4.5,Metamorphic,MT,204.7,121.5,NA,NA,NO_EVENT,NA,NA,NA,NA,NA,NA,NA,NA,NA,NA
NEG_0836,1:1,0,3,East Khasi Block,25.300827,91.892181,2824.0,1519.30,28.05,90.34,0.003039,-0.001051,5.1536,49.9682,10,Tree cover,0.775,26.0,53.1,1.41,5.1,Siliciclastic Sedimentary,SS,94.2,503.4,NA,NA,NO_EVENT,NA,NA,NA,NA,NA,NA,NA,NA,NA,NA
NEG_0837,1:1,0,3,East Khasi Block,25.117418,91.603852,7368.5,1153.65,23.69,329.70,0.001854,-0.000346,5.0437,18.4251,10,Tree cover,0.829,30.3,44.3,1.44,5.2,Siliciclastic Sedimentary,SS,95.0,136.0,NA,NA,NO_EVENT,NA,NA,NA,NA,NA,NA,NA,NA,NA,NA
NEG_0838,1:1,0,1,Garo Hills Block,25.195417,90.734344,10407.4,203.73,22.44,145.02,0.004959,-0.000001,5.4394,24.2213,10,Tree cover,0.821,29.6,51.1,1.44,5.3,Mixed Sedimentary,SM,145.0,1706.3,NA,NA,NO_EVENT,NA,NA,NA,NA,NA,NA,NA,NA,NA,NA
NEG_0839,1:1,0,2,West Khasi Block,25.195444,91.129782,1020.4,760.25,31.05,31.11,-0.004155,0.000005,4.7507,26.6150,10,Tree cover,0.821,29.6,49.7,1.44,5.1,Siliciclastic Sedimentary,SS,25.4,1805.5,NA,NA,NO_EVENT,NA,NA,NA,NA,NA,NA,NA,NA,NA,NA
NEG_0840,1:1,0,3,East Khasi Block,25.108364,91.735913,8188.2,1159.83,16.39,346.43,-0.002860,-0.000087,5.5923,18.7386,10,Tree cover,0.829,30.2,48.7,1.44,5.4,Siliciclastic Sedimentary,SS,37.9,1376.7,NA,NA,NO_EVENT,NA,NA,NA,NA,NA,NA,NA,NA,NA,NA
NEG_0841,1:1,0,5,Jaintia Hills Block,25.338575,92.573094,1007.7,869.69,15.05,119.86,0.002350,-0.001078,6.1494,35.9562,10,Tree cover,0.752,35.0,39.0,1.38,4.6,Metamorphic,MT,33.0,2307.8,NA,NA,NO_EVENT,NA,NA,NA,NA,NA,NA,NA,NA,NA,NA
NEG_0842,1:1,0,4,Ri-Bhoi Block,25.925733,92.201114,8208.2,1170.84,25.71,92.66,0.002569,0.001319,5.3420,18.1137,10,Tree cover,0.807,34.2,46.5,1.33,5.1,Metamorphic,MT,93.6,934.1,NA,NA,NO_EVENT,NA,NA,NA,NA,NA,NA,NA,NA,NA,NA
NEG_0843,1:1,0,4,Ri-Bhoi Block,25.672973,91.132154,1105.1,716.50,34.33,321.41,-0.003215,0.001070,3.9451,53.2258,10,Tree cover,0.668,27.2,38.2,1.28,4.5,Metamorphic,MT,248.1,3450.4,NA,NA,NO_EVENT,NA,NA,NA,NA,NA,NA,NA,NA,NA,NA
NEG_0844,1:1,0,4,Ri-Bhoi Block,26.012720,91.512735,5684.5,1045.00,18.48,135.85,-0.000031,0.002020,5.7556,28.4508,10,Tree cover,0.829,35.2,46.3,1.36,5.1,Metamorphic,MT,80.9,3061.7,NA,NA,NO_EVENT,NA,NA,NA,NA,NA,NA,NA,NA,NA,NA
NEG_0845,1:1,0,2,West Khasi Block,25.026509,91.419902,16457.5,801.99,32.59,221.14,0.000026,-0.002653,4.0434,40.0680,10,Tree cover,0.806,28.3,48.6,1.43,4.9,Siliciclastic Sedimentary,SS,162.8,241.5,NA,NA,NO_EVENT,NA,NA,NA,NA,NA,NA,NA,NA,NA,NA
NEG_0846,1:1,0,1,Garo Hills Block,25.744252,90.688704,13754.4,173.49,15.61,198.09,0.001081,-0.002323,5.6843,36.1336,10,Tree cover,0.702,30.2,52.5,1.33,5.2,Mixed Sedimentary,SM,50.6,2262.2,NA,NA,NO_EVENT,NA,NA,NA,NA,NA,NA,NA,NA,NA,NA
NEG_0847,1:1,0,3,East Khasi Block,25.302959,91.678524,3143.4,1394.08,24.65,49.48,-0.000765,-0.001304,5.4246,46.3059,10,Tree cover,0.773,25.9,46.2,1.41,5.3,Siliciclastic Sedimentary,SS,285.6,833.6,NA,NA,NO_EVENT,NA,NA,NA,NA,NA,NA,NA,NA,NA,NA
NEG_0848,1:1,0,5,Jaintia Hills Block,25.371454,92.804137,12790.6,602.37,16.19,113.29,0.000058,-0.002850,5.9788,35.2807,10,Tree cover,0.731,34.6,46.5,1.38,5.1,Metamorphic,MT,289.6,2035.0,NA,NA,NO_EVENT,NA,NA,NA,NA,NA,NA,NA,NA,NA,NA
NEG_0849,1:1,0,1,Garo Hills Block,25.546678,89.819163,16243.1,108.58,23.39,318.63,0.002892,0.001246,4.7927,18.8024,10,Tree cover,0.653,24.3,47.3,1.33,5.2,Mixed Sedimentary,SM,197.7,1884.5,NA,NA,NO_EVENT,NA,NA,NA,NA,NA,NA,NA,NA,NA,NA
NEG_0850,1:1,0,4,Ri-Bhoi Block,25.650744,91.807539,3469.7,1668.75,28.76,309.85,-0.000472,-0.002692,4.3421,42.5132,10,Tree cover,0.660,27.2,38.1,1.29,4.3,Metamorphic,MT,113.7,5337.0,NA,NA,NO_EVENT,NA,NA,NA,NA,NA,NA,NA,NA,NA,NA
NEG_0851,1:1,0,4,Ri-Bhoi Block,25.956593,91.984544,1679.9,1245.44,16.45,130.84,0.004920,-0.000017,6.0548,19.8099,10,Tree cover,0.818,34.8,42.7,1.35,4.8,Metamorphic,MT,24.1,12746.0,NA,NA,NO_EVENT,NA,NA,NA,NA,NA,NA,NA,NA,NA,NA
NEG_0852,1:1,0,1,Garo Hills Block,25.392463,89.860171,19458.0,25.00,24.92,27.51,-0.001005,0.000770,5.2136,40.8542,10,Tree cover,0.718,23.1,49.1,1.38,5.3,Mixed Sedimentary,SM,84.7,2444.2,NA,NA,NO_EVENT,NA,NA,NA,NA,NA,NA,NA,NA,NA,NA
NEG_0853,1:1,0,5,Jaintia Hills Block,25.030361,92.185659,11752.8,1075.49,34.56,256.85,-0.000768,-0.002406,3.8936,40.1301,10,Tree cover,0.808,28.4,44.2,1.43,4.8,Siliciclastic Sedimentary,SS,315.9,462.9,NA,NA,NO_EVENT,NA,NA,NA,NA,NA,NA,NA,NA,NA,NA
NEG_0854,1:1,0,1,Garo Hills Block,25.485372,90.892580,5152.5,439.45,29.44,215.02,-0.001680,-0.001991,4.4947,21.5073,10,Tree cover,0.670,22.8,44.8,1.35,5.4,Mixed Sedimentary,SM,133.5,6779.8,NA,NA,NO_EVENT,NA,NA,NA,NA,NA,NA,NA,NA,NA,NA
NEG_0855,1:1,0,3,East Khasi Block,25.553662,91.922039,1090.0,1732.02,22.73,251.10,0.000107,-0.001365,4.8312,19.3669,10,Tree cover,0.736,28.8,40.3,1.32,4.4,Metamorphic,MT,77.6,1766.7,NA,NA,NO_EVENT,NA,NA,NA,NA,NA,NA,NA,NA,NA,NA
NEG_0856,1:1,0,4,Ri-Bhoi Block,25.896095,92.125228,4389.1,1257.60,32.59,126.46,-0.001093,0.000982,4.7831,19.2037,60,Bare / sparse vegetation,0.311,33.4,46.8,1.32,5.1,Metamorphic,MT,6.5,3370.4,NA,NA,NO_EVENT,NA,NA,NA,NA,NA,NA,NA,NA,NA,NA
NEG_0857,1:1,0,2,West Khasi Block,25.422732,91.372516,3272.0,1094.75,34.46,164.91,-0.003829,0.000624,4.3389,40.1744,10,Tree cover,0.700,33.2,45.7,1.37,5.0,Metamorphic,MT,41.7,4089.4,NA,NA,NO_EVENT,NA,NA,NA,NA,NA,NA,NA,NA,NA,NA
NEG_0858,1:1,0,1,Garo Hills Block,25.229202,90.278971,7021.3,25.00,33.50,116.30,0.000857,0.002160,4.6487,37.5487,10,Tree cover,0.810,28.6,44.5,1.43,5.0,Mixed Sedimentary,SM,221.3,1482.5,NA,NA,NO_EVENT,NA,NA,NA,NA,NA,NA,NA,NA,NA,NA
NEG_0859,1:1,0,4,Ri-Bhoi Block,25.979094,92.083561,2640.8,1123.96,18.67,138.90,-0.002832,0.001298,5.8344,22.9184,10,Tree cover,0.824,35.1,46.1,1.35,5.0,Metamorphic,MT,88.8,2680.9,NA,NA,NO_EVENT,NA,NA,NA,NA,NA,NA,NA,NA,NA,NA
NEG_0860,1:1,0,2,West Khasi Block,25.356504,91.458997,2677.7,1142.18,16.67,139.69,-0.002616,0.001316,5.9807,37.0572,10,Tree cover,0.740,25.8,51.8,1.32,4.7,Plutonic Acidic,PA,42.6,1972.8,NA,NA,NO_EVENT,NA,NA,NA,NA,NA,NA,NA,NA,NA,NA
NEG_0861,1:1,0,5,Jaintia Hills Block,25.054116,92.109560,10444.5,1055.60,31.73,220.79,0.004610,0.000056,4.1785,31.1798,10,Tree cover,0.817,29.2,46.0,1.43,4.9,Siliciclastic Sedimentary,SS,36.5,403.5,NA,NA,NO_EVENT,NA,NA,NA,NA,NA,NA,NA,NA,NA,NA
NEG_0862,1:1,0,2,West Khasi Block,25.072988,91.255740,14401.6,828.27,21.81,277.61,-0.004122,-0.000130,5.0302,23.5387,10,Tree cover,0.822,29.6,53.1,1.44,4.8,Siliciclastic Sedimentary,SS,151.2,116.7,NA,NA,NO_EVENT,NA,NA,NA,NA,NA,NA,NA,NA,NA,NA
NEG_0863,1:1,0,1,Garo Hills Block,25.203643,90.608229,2520.4,25.00,32.25,67.93,-0.004865,-0.000070,4.6804,29.1717,10,Tree cover,0.819,29.4,52.9,1.43,5.0,Mixed Sedimentary,SM,45.3,1456.0,NA,NA,NO_EVENT,NA,NA,NA,NA,NA,NA,NA,NA,NA,NA
NEG_0864,1:1,0,5,Jaintia Hills Block,25.022026,92.259790,10336.8,971.46,26.74,299.91,-0.001541,0.001497,4.5030,37.2416,10,Tree cover,0.804,28.1,44.7,1.43,4.8,Siliciclastic Sedimentary,SS,124.1,414.5,NA,NA,NO_EVENT,NA,NA,NA,NA,NA,NA,NA,NA,NA,NA
NEG_0865,1:1,0,3,East Khasi Block,25.549559,91.630469,1226.7,1463.90,24.01,300.60,0.003597,-0.000840,4.7370,19.0594,10,Tree cover,0.652,28.9,42.5,1.32,4.5,Metamorphic,MT,81.7,1268.0,NA,NA,NO_EVENT,NA,NA,NA,NA,NA,NA,NA,NA,NA,NA
NEG_0866,1:1,0,1,Garo Hills Block,25.504128,90.603499,5610.7,25.00,28.51,299.74,-0.000698,0.000002,4.5026,18.9850,10,Tree cover,0.663,23.1,52.9,1.34,5.0,Mixed Sedimentary,SM,158.5,368.7,NA,NA,NO_EVENT,NA,NA,NA,NA,NA,NA,NA,NA,NA,NA
NEG_0867,1:1,0,5,Jaintia Hills Block,25.211791,92.393599,2722.3,1058.46,33.65,36.71,-0.003301,-0.000823,4.5923,32.1079,10,Tree cover,0.817,41.5,31.8,1.34,5.5,Carbonate Sedimentary,SC,52.1,3061.3,NA,NA,NO_EVENT,NA,NA,NA,NA,NA,NA,NA,NA,NA,NA
NEG_0868,1:1,0,5,Jaintia Hills Block,25.187629,92.409663,2736.4,996.36,30.41,30.32,-0.001908,0.000545,4.7759,24.5954,10,Tree cover,0.823,40.7,31.6,1.33,5.6,Carbonate Sedimentary,SC,333.2,1274.6,NA,NA,NO_EVENT,NA,NA,NA,NA,NA,NA,NA,NA,NA,NA
NEG_0869,1:1,0,1,Garo Hills Block,25.836245,90.691688,18673.0,102.96,24.46,128.20,-0.002818,0.000735,5.3164,28.8962,10,Tree cover,0.759,29.2,52.4,1.35,5.2,Mixed Sedimentary,SM,169.8,1230.1,NA,NA,NO_EVENT,NA,NA,NA,NA,NA,NA,NA,NA,NA,NA
NEG_0870,1:1,0,2,West Khasi Block,25.227870,91.552941,3052.0,1136.40,29.40,106.58,-0.000596,0.002135,4.9737,34.7807,60,Bare / sparse vegetation,0.389,28.7,44.2,1.43,5.1,Siliciclastic Sedimentary,SS,19.3,816.5,NA,NA,NO_EVENT,NA,NA,NA,NA,NA,NA,NA,NA,NA,NA
NEG_0871,1:1,0,5,Jaintia Hills Block,25.370409,92.327265,6855.2,1110.90,18.46,36.45,0.001055,-0.002195,5.8002,37.8186,10,Tree cover,0.732,34.6,42.5,1.38,4.8,Metamorphic,MT,97.8,304.9,NA,NA,NO_EVENT,NA,NA,NA,NA,NA,NA,NA,NA,NA,NA
NEG_0872,1:1,0,1,Garo Hills Block,25.578630,90.029008,2378.4,25.00,24.62,257.09,-0.001107,-0.000442,4.6432,23.0342,10,Tree cover,0.650,25.4,53.0,1.33,5.4,Mixed Sedimentary,SM,37.9,361.9,NA,NA,NO_EVENT,NA,NA,NA,NA,NA,NA,NA,NA,NA,NA
NEG_0873,1:1,0,4,Ri-Bhoi Block,25.999811,92.158076,10202.1,1158.76,26.14,123.83,-0.000611,-0.002621,5.1826,29.5906,10,Tree cover,0.828,35.2,46.9,1.36,5.1,Metamorphic,MT,275.5,2798.1,NA,NA,NO_EVENT,NA,NA,NA,NA,NA,NA,NA,NA,NA,NA
NEG_0874,1:1,0,3,East Khasi Block,25.403357,91.997494,526.0,1553.09,22.44,154.18,0.002221,-0.000764,5.3735,36.4897,10,Tree cover,0.711,33.8,43.2,1.37,4.6,Metamorphic,MT,53.8,2069.9,NA,NA,NO_EVENT,NA,NA,NA,NA,NA,NA,NA,NA,NA,NA
NEG_0875,1:1,0,1,Garo Hills Block,25.081692,89.881300,37903.4,25.00,22.60,332.78,0.003355,0.000621,4.9966,22.2772,10,Tree cover,0.824,29.8,50.0,1.44,5.3,Mixed Sedimentary,SM,105.6,232.4,NA,NA,NO_EVENT,NA,NA,NA,NA,NA,NA,NA,NA,NA,NA
NEG_0876,1:1,0,5,Jaintia Hills Block,25.492103,92.531303,2226.9,869.51,21.59,255.40,0.001023,0.002381,5.0981,19.7995,10,Tree cover,0.667,30.8,38.2,1.34,4.5,Metamorphic,MT,33.0,1757.7,NA,NA,NO_EVENT,NA,NA,NA,NA,NA,NA,NA,NA,NA,NA
NEG_0877,1:1,0,3,East Khasi Block,25.635083,91.719125,7238.9,1548.01,27.11,316.07,-0.000036,0.001125,4.4504,37.2340,10,Tree cover,0.656,27.3,39.3,1.29,4.3,Metamorphic,MT,133.7,806.8,NA,NA,NO_EVENT,NA,NA,NA,NA,NA,NA,NA,NA,NA,NA
NEG_0878,1:1,0,5,Jaintia Hills Block,25.563595,92.444360,3957.8,1055.99,23.21,306.71,-0.002197,-0.000595,4.7754,20.5154,60,Bare / sparse vegetation,0.172,28.5,38.7,1.31,4.5,Metamorphic,MT,16.3,282.7,NA,NA,NO_EVENT,NA,NA,NA,NA,NA,NA,NA,NA,NA,NA
NEG_0879,1:1,0,2,West Khasi Block,25.097441,91.054058,10533.2,503.68,23.63,338.26,0.001021,-0.001838,4.9713,20.2019,10,Tree cover,0.827,30.1,46.4,1.44,5.2,Siliciclastic Sedimentary,SS,97.4,314.3,NA,NA,NO_EVENT,NA,NA,NA,NA,NA,NA,NA,NA,NA,NA
NEG_0880,1:1,0,1,Garo Hills Block,25.625479,90.044912,3203.5,70.54,33.32,249.08,0.000210,-0.002866,3.9436,38.5880,10,Tree cover,0.654,27.2,52.8,1.32,5.4,Mixed Sedimentary,SM,85.4,4096.0,NA,NA,NO_EVENT,NA,NA,NA,NA,NA,NA,NA,NA,NA,NA
NEG_0881,1:1,0,4,Ri-Bhoi Block,26.084984,91.430592,16093.1,887.98,31.09,185.60,-0.001229,0.000701,4.4738,53.2677,10,Tree cover,0.823,34.2,46.8,1.38,5.1,Metamorphic,MT,95.7,109.6,NA,NA,NO_EVENT,NA,NA,NA,NA,NA,NA,NA,NA,NA,NA
NEG_0882,1:1,0,1,Garo Hills Block,25.283237,89.901302,19369.6,50.70,22.18,48.95,0.000795,-0.002347,5.6247,41.1922,10,Tree cover,0.785,26.7,50.8,1.42,5.4,Mixed Sedimentary,SM,149.1,1279.8,NA,NA,NO_EVENT,NA,NA,NA,NA,NA,NA,NA,NA,NA,NA
NEG_0883,1:1,0,4,Ri-Bhoi Block,26.010189,92.196047,6746.3,1148.81,25.37,99.09,0.000142,-0.002565,5.2126,31.7326,10,Tree cover,0.829,35.2,46.6,1.36,5.1,Metamorphic,MT,63.9,1267.7,NA,NA,NO_EVENT,NA,NA,NA,NA,NA,NA,NA,NA,NA,NA
NEG_0884,1:1,0,4,Ri-Bhoi Block,25.654854,91.339615,5332.8,1082.52,34.88,231.63,-0.002107,-0.001148,3.8603,48.9581,10,Tree cover,0.662,27.2,44.7,1.29,5.0,Metamorphic,MT,264.5,8705.5,NA,NA,NO_EVENT,NA,NA,NA,NA,NA,NA,NA,NA,NA,NA
NEG_0885,1:1,0,3,East Khasi Block,25.149855,91.600277,4064.6,1140.89,23.57,36.94,-0.002027,-0.000580,5.1825,18.5269,10,Tree cover,0.829,30.2,44.2,1.44,5.2,Siliciclastic Sedimentary,SS,96.2,31.9,NA,NA,NO_EVENT,NA,NA,NA,NA,NA,NA,NA,NA,NA,NA
NEG_0886,1:1,0,5,Jaintia Hills Block,25.621780,92.266852,4845.2,1309.28,23.49,300.24,-0.001230,-0.001912,4.7271,31.6801,10,Tree cover,0.654,27.4,44.8,1.30,5.0,Metamorphic,MT,31.0,796.1,NA,NA,NO_EVENT,NA,NA,NA,NA,NA,NA,NA,NA,NA,NA
NEG_0887,1:1,0,1,Garo Hills Block,25.346380,89.828776,23594.5,25.00,22.68,40.79,0.003511,-0.000876,5.5233,44.6986,10,Tree cover,0.747,24.3,47.7,1.40,5.2,Mixed Sedimentary,SM,129.8,728.5,NA,NA,NO_EVENT,NA,NA,NA,NA,NA,NA,NA,NA,NA,NA
NEG_0888,1:1,0,2,West Khasi Block,25.526788,91.254466,784.6,889.99,16.02,276.99,-0.001746,0.001463,5.4318,18.0022,10,Tree cover,0.657,29.6,41.5,1.33,4.7,Metamorphic,MT,66.0,303.7,NA,NA,NO_EVENT,NA,NA,NA,NA,NA,NA,NA,NA,NA,NA
NEG_0889,1:1,0,5,Jaintia Hills Block,25.112544,92.062940,8514.6,1154.11,17.25,191.46,0.000845,-0.002460,5.5398,18.5357,10,Tree cover,0.829,37.7,24.4,1.31,5.9,Carbonate Sedimentary,SC,33.5,109.3,NA,NA,NO_EVENT,NA,NA,NA,NA,NA,NA,NA,NA,NA,NA
NEG_0890,1:1,0,2,West Khasi Block,25.503284,91.199965,728.0,872.66,21.13,317.91,0.000561,-0.002118,5.0958,18.7883,10,Tree cover,0.663,30.4,39.6,1.34,4.6,Metamorphic,MT,41.1,549.7,NA,NA,NO_EVENT,NA,NA,NA,NA,NA,NA,NA,NA,NA,NA
NEG_0891,1:1,0,2,West Khasi Block,25.337486,91.386256,5852.6,1043.64,23.59,136.69,0.003457,0.000780,5.4682,46.1805,10,Tree cover,0.752,35.1,46.1,1.38,5.0,Metamorphic,MT,47.2,3078.0,NA,NA,NO_EVENT,NA,NA,NA,NA,NA,NA,NA,NA,NA,NA
NEG_0892,1:1,0,5,Jaintia Hills Block,25.551031,92.773889,22440.4,571.94,15.57,236.74,-0.002827,0.001157,5.4092,18.7722,10,Tree cover,0.652,28.9,45.9,1.32,5.0,Metamorphic,MT,33.7,3926.1,NA,NA,NO_EVENT,NA,NA,NA,NA,NA,NA,NA,NA,NA,NA
NEG_0893,1:1,0,1,Garo Hills Block,25.455090,90.922678,4467.6,491.21,29.30,197.39,0.000609,-0.000605,4.6233,28.0096,10,Tree cover,0.683,22.5,44.3,1.36,5.4,Mixed Sedimentary,SM,62.8,5795.7,NA,NA,NO_EVENT,NA,NA,NA,NA,NA,NA,NA,NA,NA,NA
NEG_0894,1:1,0,2,West Khasi Block,25.035524,91.525864,13690.4,1016.25,26.86,239.17,-0.001575,0.001991,4.5208,33.8692,10,Tree cover,0.810,28.6,44.7,1.43,5.0,Siliciclastic Sedimentary,SS,45.0,1772.0,NA,NA,NO_EVENT,NA,NA,NA,NA,NA,NA,NA,NA,NA,NA
NEG_0895,1:1,0,4,Ri-Bhoi Block,26.022337,91.753442,7774.1,1096.60,19.98,27.19,-0.001096,0.001326,5.6034,31.1415,10,Tree cover,0.830,35.2,38.6,1.37,4.5,Metamorphic,MT,214.1,4723.3,NA,NA,NO_EVENT,NA,NA,NA,NA,NA,NA,NA,NA,NA,NA
NEG_0896,1:1,0,4,Ri-Bhoi Block,25.769654,91.084389,4238.1,707.65,23.53,5.02,0.000912,0.001519,5.1519,42.2943,60,Bare / sparse vegetation,0.397,29.1,38.2,1.28,4.5,Metamorphic,MT,3.4,2874.8,NA,NA,NO_EVENT,NA,NA,NA,NA,NA,NA,NA,NA,NA,NA
NEG_0897,1:1,0,3,East Khasi Block,25.579455,91.947748,3545.6,1729.25,22.08,241.23,-0.002857,0.000419,4.8456,22.6471,10,Tree cover,0.717,28.1,41.3,1.31,4.5,Metamorphic,MT,82.3,2113.2,NA,NA,NO_EVENT,NA,NA,NA,NA,NA,NA,NA,NA,NA,NA
NEG_0898,1:1,0,2,West Khasi Block,25.260110,91.515812,3655.1,1182.53,25.07,121.15,-0.000146,0.002183,5.3769,39.8154,10,Tree cover,0.797,27.5,44.9,1.42,5.0,Siliciclastic Sedimentary,SS,65.7,235.1,NA,NA,NO_EVENT,NA,NA,NA,NA,NA,NA,NA,NA,NA,NA
NEG_0899,1:1,0,2,West Khasi Block,25.518074,91.485559,1976.3,1318.12,17.04,219.41,-0.001033,0.000175,5.3755,18.0709,10,Tree cover,0.659,29.9,46.7,1.33,5.1,Metamorphic,MT,94.1,1918.0,NA,NA,NO_EVENT,NA,NA,NA,NA,NA,NA,NA,NA,NA,NA
NEG_0900,1:1,0,1,Garo Hills Block,25.748296,90.698198,12944.2,178.81,14.77,192.15,0.001121,-0.001993,5.7675,34.9389,40,Cropland,0.516,30.3,52.2,1.33,5.2,Mixed Sedimentary,SM,146.0,3258.7,NA,NA,NO_EVENT,NA,NA,NA,NA,NA,NA,NA,NA,NA,NA
NEG_0901,1:1,0,3,East Khasi Block,25.261708,91.947509,3982.3,1415.67,30.61,118.91,-0.000237,-0.002446,4.9355,45.0527,10,Tree cover,0.796,27.5,52.4,1.42,5.0,Siliciclastic Sedimentary,SS,62.7,561.2,NA,NA,NO_EVENT,NA,NA,NA,NA,NA,NA,NA,NA,NA,NA
NEG_0902,1:1,0,2,West Khasi Block,25.106126,91.557927,6637.4,1122.12,20.05,233.62,0.000906,-0.002256,5.2908,19.0744,10,Tree cover,0.828,30.2,44.2,1.44,5.1,Siliciclastic Sedimentary,SS,240.4,233.1,NA,NA,NO_EVENT,NA,NA,NA,NA,NA,NA,NA,NA,NA,NA
NEG_0903,1:1,0,1,Garo Hills Block,25.448605,89.845581,16246.5,47.89,32.98,359.02,-0.004971,0.000013,4.3548,31.1624,60,Bare / sparse vegetation,0.207,22.5,48.4,1.36,5.3,Mixed Sedimentary,SM,11.2,621.7,NA,NA,NO_EVENT,NA,NA,NA,NA,NA,NA,NA,NA,NA,NA
NEG_0904,1:1,0,4,Ri-Bhoi Block,25.719701,92.371912,14475.4,1059.96,25.59,338.02,-0.004186,-0.000346,4.7920,48.6994,10,Tree cover,0.689,27.8,40.8,1.28,4.7,Metamorphic,MT,242.6,2852.5,NA,NA,NO_EVENT,NA,NA,NA,NA,NA,NA,NA,NA,NA,NA
NEG_0905,1:1,0,4,Ri-Bhoi Block,26.015534,91.290181,21982.5,865.89,22.23,115.32,-0.000044,0.002972,5.4464,31.1715,10,Tree cover,0.830,35.2,42.9,1.37,4.8,Metamorphic,MT,130.4,1658.0,NA,NA,NO_EVENT,NA,NA,NA,NA,NA,NA,NA,NA,NA,NA
NEG_0906,1:1,0,4,Ri-Bhoi Block,25.889440,92.669699,23175.2,692.28,34.47,136.12,-0.000061,0.002944,4.6260,20.1425,10,Tree cover,0.790,33.2,42.2,1.32,4.8,Metamorphic,MT,53.9,1867.8,NA,NA,NO_EVENT,NA,NA,NA,NA,NA,NA,NA,NA,NA,NA
NEG_0907,1:1,0,1,Garo Hills Block,25.102682,90.667775,12482.4,83.08,19.00,222.56,-0.000120,0.002191,5.3616,19.2933,10,Tree cover,0.828,30.1,52.9,1.44,5.1,Mixed Sedimentary,SM,40.0,900.0,NA,NA,NO_EVENT,NA,NA,NA,NA,NA,NA,NA,NA,NA,NA
NEG_0908,1:1,0,1,Garo Hills Block,25.096326,90.835332,23195.9,218.85,27.12,201.42,0.003487,-0.000863,4.6879,20.6848,10,Tree cover,0.827,30.0,46.7,1.44,5.4,Mixed Sedimentary,SM,130.2,298.7,NA,NA,NO_EVENT,NA,NA,NA,NA,NA,NA,NA,NA,NA,NA
NEG_0909,1:1,0,4,Ri-Bhoi Block,25.662232,91.513822,8440.8,1336.80,26.22,234.57,0.002240,-0.001629,4.5684,42.8455,10,Tree cover,0.664,27.2,46.3,1.29,5.1,Metamorphic,MT,132.3,1536.1,NA,NA,NO_EVENT,NA,NA,NA,NA,NA,NA,NA,NA,NA,NA
NEG_0910,1:1,0,4,Ri-Bhoi Block,25.724274,92.391374,13932.3,1045.65,26.50,339.45,-0.003006,-0.001190,4.7362,49.7874,10,Tree cover,0.691,27.9,40.1,1.28,4.6,Metamorphic,MT,183.3,4303.6,NA,NA,NO_EVENT,NA,NA,NA,NA,NA,NA,NA,NA,NA,NA
NEG_0911,1:1,0,1,Garo Hills Block,25.833323,90.595587,16302.4,25.00,33.13,59.89,0.004766,-0.000138,4.6141,33.6618,10,Tree cover,0.757,29.3,52.8,1.35,5.0,Mixed Sedimentary,SM,20.4,787.6,NA,NA,NO_EVENT,NA,NA,NA,NA,NA,NA,NA,NA,NA,NA
NEG_0912,1:1,0,1,Garo Hills Block,25.728083,89.971386,15406.1,84.67,19.17,316.83,0.003654,-0.000195,5.3369,40.9457,10,Tree cover,0.693,30.1,52.8,1.33,5.4,Mixed Sedimentary,SM,130.4,190.7,NA,NA,NO_EVENT,NA,NA,NA,NA,NA,NA,NA,NA,NA,NA
NEG_0913,1:1,0,4,Ri-Bhoi Block,25.659320,92.161919,1687.1,1475.31,35.87,243.49,-0.000859,0.002361,3.7901,51.1591,60,Bare / sparse vegetation,0.284,27.2,46.9,1.29,4.8,Metamorphic,MT,6.8,678.6,NA,NA,NO_EVENT,NA,NA,NA,NA,NA,NA,NA,NA,NA,NA
NEG_0914,1:1,0,2,West Khasi Block,25.197829,91.164710,2530.6,765.74,28.06,36.01,-0.000537,-0.000168,4.9976,26.3336,60,Bare / sparse vegetation,0.364,29.5,51.1,1.44,5.0,Siliciclastic Sedimentary,SS,11.4,533.8,NA,NA,NO_EVENT,NA,NA,NA,NA,NA,NA,NA,NA,NA,NA
NEG_0915,1:1,0,2,West Khasi Block,25.493481,91.223231,1546.7,879.63,21.31,310.95,0.001930,-0.000589,5.1155,19.6356,10,Tree cover,0.667,30.8,40.3,1.34,4.7,Metamorphic,MT,171.2,1080.4,NA,NA,NO_EVENT,NA,NA,NA,NA,NA,NA,NA,NA,NA,NA
NEG_0916,1:1,0,1,Garo Hills Block,25.292844,89.844979,23788.9,39.89,26.51,45.02,0.003768,0.000223,5.2790,47.2112,10,Tree cover,0.779,26.3,48.4,1.41,5.3,Mixed Sedimentary,SM,43.0,3449.5,NA,NA,NO_EVENT,NA,NA,NA,NA,NA,NA,NA,NA,NA,NA
NEG_0917,1:1,0,1,Garo Hills Block,25.583518,90.733171,7472.5,256.73,17.09,229.65,-0.004790,-0.000081,5.2411,22.1175,10,Tree cover,0.650,25.6,51.1,1.33,5.3,Mixed Sedimentary,SM,74.0,2768.2,NA,NA,NO_EVENT,NA,NA,NA,NA,NA,NA,NA,NA,NA,NA
NEG_0918,1:1,0,5,Jaintia Hills Block,25.452757,92.100802,562.7,1517.23,32.43,183.86,-0.004771,0.000116,4.3822,29.7400,10,Tree cover,0.684,32.2,46.4,1.36,4.8,Metamorphic,MT,271.3,385.6,NA,NA,NO_EVENT,NA,NA,NA,NA,NA,NA,NA,NA,NA,NA
NEG_0919,1:1,0,1,Garo Hills Block,25.423206,89.847326,17843.4,25.00,31.34,13.21,-0.004142,-0.000093,4.5867,38.0245,10,Tree cover,0.700,22.6,48.5,1.37,5.3,Mixed Sedimentary,SM,155.9,192.2,NA,NA,NO_EVENT,NA,NA,NA,NA,NA,NA,NA,NA,NA,NA
NEG_0920,1:1,0,2,West Khasi Block,25.373578,91.423635,3428.7,1080.65,22.64,146.19,-0.000106,0.002888,5.4565,41.8697,10,Tree cover,0.730,25.7,52.4,1.32,4.8,Plutonic Acidic,PA,37.2,929.3,NA,NA,NO_EVENT,NA,NA,NA,NA,NA,NA,NA,NA,NA,NA
NEG_0921,1:1,0,2,West Khasi Block,25.192017,91.015123,2551.2,520.03,23.35,42.33,0.003230,-0.000203,5.3555,23.8425,10,Tree cover,0.822,29.6,45.0,1.44,5.3,Siliciclastic Sedimentary,SS,293.4,241.2,NA,NA,NO_EVENT,NA,NA,NA,NA,NA,NA,NA,NA,NA,NA
NEG_0922,1:1,0,4,Ri-Bhoi Block,25.718064,91.945527,4874.8,1627.88,24.70,219.06,0.002348,-0.001207,4.8573,47.6137,10,Tree cover,0.688,27.8,41.2,1.28,4.5,Metamorphic,MT,97.9,1648.2,NA,NA,NO_EVENT,NA,NA,NA,NA,NA,NA,NA,NA,NA,NA
NEG_0923,1:1,0,4,Ri-Bhoi Block,25.815053,91.047779,1676.9,656.60,26.13,31.64,0.000538,0.000654,5.1152,34.9089,10,Tree cover,0.746,30.6,38.7,1.29,4.5,Metamorphic,MT,135.6,3113.1,NA,NA,NO_EVENT,NA,NA,NA,NA,NA,NA,NA,NA,NA,NA
NEG_0924,1:1,0,1,Garo Hills Block,25.550039,89.867981,11373.5,114.89,18.37,318.89,0.003787,-0.000712,5.1872,18.8427,10,Tree cover,0.652,24.4,49.4,1.33,5.3,Mixed Sedimentary,SM,68.0,682.6,NA,NA,NO_EVENT,NA,NA,NA,NA,NA,NA,NA,NA,NA,NA
NEG_0925,1:1,0,2,West Khasi Block,25.043690,91.559849,13249.2,1089.39,29.81,257.32,0.001344,0.001720,4.3042,33.2844,10,Tree cover,0.813,28.9,44.2,1.43,5.1,Siliciclastic Sedimentary,SS,29.4,188.4,NA,NA,NO_EVENT,NA,NA,NA,NA,NA,NA,NA,NA,NA,NA
NEG_0926,1:1,0,1,Garo Hills Block,25.305509,90.000430,10387.3,71.03,23.10,86.41,-0.003731,0.000678,5.5471,44.7451,10,Tree cover,0.772,25.8,53.1,1.41,5.4,Mixed Sedimentary,SM,221.5,385.3,NA,NA,NO_EVENT,NA,NA,NA,NA,NA,NA,NA,NA,NA,NA
NEG_0927,1:1,0,1,Garo Hills Block,25.922195,90.860709,20193.1,329.48,28.89,127.74,-0.003834,0.000276,5.0885,18.0365,10,Tree cover,0.805,26.2,45.7,1.38,5.4,Mixed Sedimentary,SM,26.8,7732.0,NA,NA,NO_EVENT,NA,NA,NA,NA,NA,NA,NA,NA,NA,NA
NEG_0928,1:1,0,2,West Khasi Block,25.230931,91.172523,931.6,782.44,30.78,46.54,0.000277,-0.002311,4.8702,36.4723,10,Tree cover,0.810,28.6,51.4,1.43,5.0,Siliciclastic Sedimentary,SS,116.6,537.1,NA,NA,NO_EVENT,NA,NA,NA,NA,NA,NA,NA,NA,NA,NA
NEG_0929,1:1,0,5,Jaintia Hills Block,25.067113,92.194179,7874.3,1123.46,30.11,259.29,-0.002375,-0.000184,4.3471,27.0776,10,Tree cover,0.821,29.5,44.1,1.44,4.8,Siliciclastic Sedimentary,SS,44.9,17.0,NA,NA,NO_EVENT,NA,NA,NA,NA,NA,NA,NA,NA,NA,NA
NEG_0930,1:1,0,2,West Khasi Block,25.274580,91.377400,1031.1,1064.30,32.52,132.61,0.001729,-0.001315,4.7938,50.0615,10,Tree cover,0.789,27.0,50.5,1.42,4.8,Siliciclastic Sedimentary,SS,126.6,1391.8,NA,NA,NO_EVENT,NA,NA,NA,NA,NA,NA,NA,NA,NA,NA
NEG_0931,1:1,0,3,East Khasi Block,25.645154,91.937836,975.6,1731.63,32.89,244.04,0.000438,0.002713,4.0022,44.4011,10,Tree cover,0.724,27.2,40.9,1.29,4.4,Metamorphic,MT,51.8,2758.2,NA,NA,NO_EVENT,NA,NA,NA,NA,NA,NA,NA,NA,NA,NA
NEG_0932,1:1,0,3,East Khasi Block,25.590068,91.922083,791.1,1749.51,26.29,253.13,0.000104,0.001271,4.5007,25.7080,10,Tree cover,0.736,27.9,40.3,1.31,4.4,Metamorphic,MT,44.7,1613.0,NA,NA,NO_EVENT,NA,NA,NA,NA,NA,NA,NA,NA,NA,NA
NEG_0933,1:1,0,1,Garo Hills Block,25.315278,89.942843,13922.9,57.05,16.16,58.40,-0.003412,-0.000322,6.0943,37.1562,10,Tree cover,0.766,25.4,52.2,1.41,5.4,Mixed Sedimentary,SM,1.8,3673.9,NA,NA,NO_EVENT,NA,NA,NA,NA,NA,NA,NA,NA,NA,NA
NEG_0934,1:1,0,2,West Khasi Block,25.134490,91.557022,4006.4,1110.49,18.14,175.07,-0.000059,-0.002884,5.5558,18.0043,10,Tree cover,0.830,30.3,44.2,1.44,5.1,Siliciclastic Sedimentary,SS,206.2,55.5,NA,NA,NO_EVENT,NA,NA,NA,NA,NA,NA,NA,NA,NA,NA
NEG_0935,1:1,0,4,Ri-Bhoi Block,25.842999,91.528384,5852.3,1162.05,25.85,122.80,-0.001894,-0.001247,5.2243,27.9223,10,Tree cover,0.763,31.6,46.0,1.30,5.0,Metamorphic,MT,22.5,2792.9,NA,NA,NO_EVENT,NA,NA,NA,NA,NA,NA,NA,NA,NA,NA
NEG_0936,1:1,0,3,East Khasi Block,25.380211,91.867647,737.7,1685.00,26.70,69.03,0.000473,0.000555,5.1114,44.9735,10,Tree cover,0.726,34.4,38.8,1.38,4.3,Metamorphic,MT,77.0,3450.5,NA,NA,NO_EVENT,NA,NA,NA,NA,NA,NA,NA,NA,NA,NA
NEG_0937,1:1,0,4,Ri-Bhoi Block,25.698852,92.812295,29779.3,601.25,21.77,249.66,-0.001194,0.000045,5.0253,43.2541,10,Tree cover,0.679,27.5,46.6,1.28,5.1,Metamorphic,MT,166.9,249.6,NA,NA,NO_EVENT,NA,NA,NA,NA,NA,NA,NA,NA,NA,NA
NEG_0938,1:1,0,2,West Khasi Block,25.439559,91.513137,4381.9,1317.12,26.14,173.02,0.003600,-0.000373,4.9381,30.6190,10,Tree cover,0.691,32.7,46.3,1.36,5.1,Metamorphic,MT,75.3,354.7,NA,NA,NO_EVENT,NA,NA,NA,NA,NA,NA,NA,NA,NA,NA
NEG_0939,1:1,0,3,East Khasi Block,25.486877,91.661211,4957.3,1537.58,30.82,332.36,-0.000699,-0.002438,4.3787,21.4097,10,Tree cover,0.669,31.0,41.3,1.35,4.5,Metamorphic,MT,133.9,80.1,NA,NA,NO_EVENT,NA,NA,NA,NA,NA,NA,NA,NA,NA,NA
NEG_0940,1:1,0,5,Jaintia Hills Block,25.175466,92.106614,3116.0,1262.80,25.46,153.65,-0.004349,-0.000176,5.1289,21.4324,10,Tree cover,0.826,40.2,25.0,1.33,5.7,Carbonate Sedimentary,SC,83.8,430.0,NA,NA,NO_EVENT,NA,NA,NA,NA,NA,NA,NA,NA,NA,NA
NEG_0941,1:1,0,2,West Khasi Block,25.140592,91.240551,6749.3,775.06,14.18,19.20,0.000952,-0.000635,5.8970,18.0670,10,Tree cover,0.830,30.3,53.0,1.44,4.9,Siliciclastic Sedimentary,SS,92.8,954.0,NA,NA,NO_EVENT,NA,NA,NA,NA,NA,NA,NA,NA,NA,NA
NEG_0942,1:1,0,4,Ri-Bhoi Block,25.999166,91.178682,16609.2,673.81,20.24,42.64,0.000388,-0.002755,5.6565,26.8536,10,Tree cover,0.828,35.2,39.0,1.36,4.6,Metamorphic,MT,48.2,11.7,NA,NA,NO_EVENT,NA,NA,NA,NA,NA,NA,NA,NA,NA,NA
NEG_0943,1:1,0,1,Garo Hills Block,25.609113,90.660633,10732.4,148.47,24.43,255.73,0.000436,0.002351,4.6461,29.2872,10,Tree cover,0.652,26.6,53.0,1.32,5.1,Mixed Sedimentary,SM,75.7,6152.1,NA,NA,NO_EVENT,NA,NA,NA,NA,NA,NA,NA,NA,NA,NA
NEG_0944,1:1,0,3,East Khasi Block,25.150093,91.966511,5880.2,1275.09,18.67,165.78,0.001861,0.001264,5.5755,18.4289,10,Tree cover,0.829,30.2,51.9,1.44,5.2,Siliciclastic Sedimentary,SS,4.4,110.1,NA,NA,NO_EVENT,NA,NA,NA,NA,NA,NA,NA,NA,NA,NA
NEG_0945,1:1,0,1,Garo Hills Block,25.962612,90.112306,33235.1,25.00,20.60,133.97,-0.004544,-0.000271,5.7131,20.9993,10,Tree cover,0.820,24.7,50.8,1.40,5.3,Mixed Sedimentary,SM,32.5,1372.1,NA,NA,NO_EVENT,NA,NA,NA,NA,NA,NA,NA,NA,NA,NA
NEG_0946,1:1,0,5,Jaintia Hills Block,25.508720,92.002930,3437.7,1717.43,18.86,212.86,0.000115,0.001243,5.2594,18.4025,10,Tree cover,0.688,30.2,43.4,1.34,4.6,Metamorphic,MT,117.3,616.0,NA,NA,NO_EVENT,NA,NA,NA,NA,NA,NA,NA,NA,NA,NA
NEG_0947,1:1,0,2,West Khasi Block,25.166293,91.105368,4916.7,692.61,26.79,18.23,-0.003718,-0.000041,4.9885,20.2611,10,Tree cover,0.828,30.1,48.6,1.44,5.1,Siliciclastic Sedimentary,SS,97.2,120.5,NA,NA,NO_EVENT,NA,NA,NA,NA,NA,NA,NA,NA,NA,NA
NEG_0948,1:1,0,4,Ri-Bhoi Block,25.900900,92.399761,23848.7,993.27,32.63,46.57,-0.001046,0.002244,4.7837,18.7401,10,Tree cover,0.796,33.6,39.8,1.32,4.6,Metamorphic,MT,55.1,520.5,NA,NA,NO_EVENT,NA,NA,NA,NA,NA,NA,NA,NA,NA,NA
NEG_0949,1:1,0,3,East Khasi Block,25.612170,91.901004,1799.7,1771.74,31.33,264.61,0.001433,0.002138,4.0949,33.3748,10,Tree cover,0.752,27.5,39.7,1.30,4.4,Metamorphic,MT,133.6,3112.9,NA,NA,NO_EVENT,NA,NA,NA,NA,NA,NA,NA,NA,NA,NA
NEG_0950,1:1,0,4,Ri-Bhoi Block,26.095125,92.270170,4784.0,902.30,25.25,341.78,-0.002980,-0.001052,4.9009,47.5787,10,Tree cover,0.821,34.0,44.7,1.38,4.9,Metamorphic,MT,187.8,1365.4,NA,NA,NO_EVENT,NA,NA,NA,NA,NA,NA,NA,NA,NA,NA
NEG_0951,1:1,0,1,Garo Hills Block,25.319985,90.053767,6886.7,73.34,25.24,115.44,0.001914,0.000087,5.3627,48.1276,10,Tree cover,0.763,25.2,52.6,1.41,5.4,Mixed Sedimentary,SM,300.8,1365.3,NA,NA,NO_EVENT,NA,NA,NA,NA,NA,NA,NA,NA,NA,NA
NEG_0952,1:1,0,4,Ri-Bhoi Block,25.894659,92.625812,26684.8,719.78,30.57,131.88,-0.000944,0.000845,4.9434,19.2792,10,Tree cover,0.792,33.4,40.5,1.32,4.7,Metamorphic,MT,32.7,1240.2,NA,NA,NO_EVENT,NA,NA,NA,NA,NA,NA,NA,NA,NA,NA
NEG_0953,1:1,0,2,West Khasi Block,25.046918,91.132100,16803.1,515.04,34.13,321.95,0.003346,-0.000984,3.9669,34.4573,10,Tree cover,0.814,28.9,49.8,1.43,5.0,Siliciclastic Sedimentary,SS,89.9,77.8,NA,NA,NO_EVENT,NA,NA,NA,NA,NA,NA,NA,NA,NA,NA
NEG_0954,1:1,0,1,Garo Hills Block,25.723358,90.816146,987.9,289.41,26.34,200.76,-0.002294,0.001452,4.7455,49.6030,10,Tree cover,0.691,30.0,47.5,1.32,5.4,Mixed Sedimentary,SM,209.7,143.8,NA,NA,NO_EVENT,NA,NA,NA,NA,NA,NA,NA,NA,NA,NA
NEG_0955,1:1,0,2,West Khasi Block,25.191961,91.012452,2819.7,512.50,23.09,43.32,0.003476,-0.000194,5.3761,23.7674,10,Tree cover,0.822,29.6,45.0,1.44,5.3,Siliciclastic Sedimentary,SS,32.1,27.9,NA,NA,NO_EVENT,NA,NA,NA,NA,NA,NA,NA,NA,NA,NA
NEG_0956,1:1,0,2,West Khasi Block,25.043246,91.441197,13907.2,835.67,29.46,218.57,-0.001957,-0.001609,4.3311,33.2293,10,Tree cover,0.813,28.8,47.7,1.43,4.9,Siliciclastic Sedimentary,SS,153.0,1285.8,NA,NA,NO_EVENT,NA,NA,NA,NA,NA,NA,NA,NA,NA,NA
NEG_0957,1:1,0,5,Jaintia Hills Block,25.229473,92.477178,9409.7,848.98,31.24,63.29,0.003178,-0.000627,4.8301,36.3112,10,Tree cover,0.810,28.6,52.7,1.43,5.2,Siliciclastic Sedimentary,SS,32.2,2476.0,NA,NA,NO_EVENT,NA,NA,NA,NA,NA,NA,NA,NA,NA,NA
NEG_0958,1:1,0,3,East Khasi Block,25.573084,91.727752,1160.3,1683.21,16.68,316.32,-0.004928,0.000007,5.2845,20.7697,10,Tree cover,0.650,28.3,39.1,1.31,4.3,Metamorphic,MT,82.4,106.2,NA,NA,NO_EVENT,NA,NA,NA,NA,NA,NA,NA,NA,NA,NA
NEG_0959,1:1,0,3,East Khasi Block,25.501650,91.901677,2515.1,1701.79,29.42,259.05,-0.000510,-0.002531,4.4382,19.2635,10,Tree cover,0.752,23.4,61.2,1.31,4.7,Plutonic Acidic,PA,165.1,270.5,NA,NA,NO_EVENT,NA,NA,NA,NA,NA,NA,NA,NA,NA,NA
NEG_0960,1:1,0,1,Garo Hills Block,25.074950,90.797151,22403.8,117.17,28.09,208.68,0.000634,-0.000374,4.5343,24.7061,10,Tree cover,0.823,29.7,48.4,1.44,5.3,Mixed Sedimentary,SM,439.0,517.5,NA,NA,NO_EVENT,NA,NA,NA,NA,NA,NA,NA,NA,NA,NA
NEG_0961,1:1,0,2,West Khasi Block,25.108152,91.342930,10271.0,875.44,24.68,198.80,0.002694,-0.000874,4.9282,19.1314,10,Tree cover,0.829,30.2,51.7,1.44,4.8,Siliciclastic Sedimentary,SS,26.9,1498.0,NA,NA,NO_EVENT,NA,NA,NA,NA,NA,NA,NA,NA,NA,NA
NEG_0962,1:1,0,3,East Khasi Block,25.470519,91.899671,5128.0,1697.20,34.46,250.96,-0.002287,-0.001394,4.1496,25.4823,10,Tree cover,0.676,31.6,39.6,1.35,4.4,Metamorphic,MT,29.2,957.8,NA,NA,NO_EVENT,NA,NA,NA,NA,NA,NA,NA,NA,NA,NA
NEG_0963,1:1,0,4,Ri-Bhoi Block,25.953240,92.759954,11778.5,499.73,17.75,125.71,0.004361,0.000133,5.9556,19.6358,10,Tree cover,0.817,34.8,45.5,1.34,5.0,Metamorphic,MT,20.8,324.8,NA,NA,NO_EVENT,NA,NA,NA,NA,NA,NA,NA,NA,NA,NA
NEG_0964,1:1,0,2,West Khasi Block,25.082891,91.494137,8630.7,995.01,19.58,212.87,-0.004562,-0.000259,5.2424,21.5429,10,Tree cover,0.825,29.8,45.6,1.44,5.0,Siliciclastic Sedimentary,SS,163.7,479.6,NA,NA,NO_EVENT,NA,NA,NA,NA,NA,NA,NA,NA,NA,NA
NEG_0965,1:1,0,3,East Khasi Block,25.633162,91.809802,2119.1,1694.60,27.70,307.30,0.000086,-0.002851,4.4009,37.1489,10,Tree cover,0.656,27.3,38.1,1.29,4.3,Metamorphic,MT,108.8,4019.4,NA,NA,NO_EVENT,NA,NA,NA,NA,NA,NA,NA,NA,NA,NA
NEG_0966,1:1,0,1,Garo Hills Block,25.188129,90.346811,15170.6,25.00,29.60,63.93,-0.004869,-0.000075,4.8424,24.5292,10,Tree cover,0.823,29.7,44.3,1.44,4.9,Mixed Sedimentary,SM,126.1,135.0,NA,NA,NO_EVENT,NA,NA,NA,NA,NA,NA,NA,NA,NA,NA
NEG_0967,1:1,0,4,Ri-Bhoi Block,25.986911,92.640517,22374.5,559.91,22.92,140.41,-0.002351,-0.001477,5.4755,25.5184,10,Tree cover,0.826,35.1,41.1,1.36,4.7,Metamorphic,MT,189.9,725.9,NA,NA,NO_EVENT,NA,NA,NA,NA,NA,NA,NA,NA,NA,NA
NEG_0968,1:1,0,1,Garo Hills Block,25.785151,90.951723,6063.7,470.03,16.28,83.75,-0.002130,-0.001630,5.7930,32.9320,10,Tree cover,0.727,30.2,44.1,1.34,5.4,Mixed Sedimentary,SM,195.7,5401.8,NA,NA,NO_EVENT,NA,NA,NA,NA,NA,NA,NA,NA,NA,NA
NEG_0969,1:1,0,4,Ri-Bhoi Block,26.089097,91.462501,13720.4,910.89,27.28,188.62,-0.004088,0.000504,4.7623,49.4037,10,Tree cover,0.822,34.1,46.9,1.38,5.1,Metamorphic,MT,80.5,232.3,NA,NA,NO_EVENT,NA,NA,NA,NA,NA,NA,NA,NA,NA,NA
NEG_0970,1:1,0,3,East Khasi Block,25.444052,91.764017,2142.5,1626.05,25.99,1.71,0.003690,-0.000144,4.9322,29.4559,10,Tree cover,0.689,32.5,38.4,1.36,4.3,Metamorphic,MT,52.8,136.3,NA,NA,NO_EVENT,NA,NA,NA,NA,NA,NA,NA,NA,NA,NA
NEG_0971,1:1,0,4,Ri-Bhoi Block,25.986265,91.140077,15444.7,582.68,23.09,39.48,-0.002011,-0.001786,5.4635,25.4469,10,Tree cover,0.826,35.1,38.3,1.36,4.5,Metamorphic,MT,83.5,422.9,NA,NA,NO_EVENT,NA,NA,NA,NA,NA,NA,NA,NA,NA,NA
NEG_0972,1:1,0,5,Jaintia Hills Block,25.071222,92.038727,12616.7,1065.29,22.00,210.11,-0.001229,-0.000095,5.0092,23.8946,10,Tree cover,0.822,29.6,49.0,1.44,5.0,Siliciclastic Sedimentary,SS,60.7,153.8,NA,NA,NO_EVENT,NA,NA,NA,NA,NA,NA,NA,NA,NA,NA
NEG_0973,1:1,0,5,Jaintia Hills Block,25.422998,92.769079,14130.6,603.13,26.54,158.63,0.003076,-0.001128,4.9715,35.0106,10,Tree cover,0.700,33.2,45.7,1.37,5.0,Metamorphic,MT,43.1,3111.8,NA,NA,NO_EVENT,NA,NA,NA,NA,NA,NA,NA,NA,NA,NA
NEG_0974,1:1,0,3,East Khasi Block,25.055098,91.676145,12759.6,1067.28,31.34,319.98,-0.000520,-0.001079,4.2125,30.7372,10,Tree cover,0.817,39.8,23.0,1.31,5.7,Volcanic Basic,VB,139.2,301.0,NA,NA,NO_EVENT,NA,NA,NA,NA,NA,NA,NA,NA,NA,NA
NEG_0975,1:1,0,1,Garo Hills Block,25.418861,89.986568,8487.8,86.62,28.17,54.24,0.003668,-0.000542,4.8571,37.1681,10,Tree cover,0.702,22.7,53.0,1.37,5.4,Mixed Sedimentary,SM,84.8,1225.4,NA,NA,NO_EVENT,NA,NA,NA,NA,NA,NA,NA,NA,NA,NA
NEG_0976,1:1,0,3,East Khasi Block,25.440542,91.808984,1275.1,1666.46,28.89,4.94,-0.001417,-0.000455,4.7142,31.6794,10,Tree cover,0.690,32.7,38.1,1.36,4.3,Metamorphic,MT,147.2,1190.1,NA,NA,NO_EVENT,NA,NA,NA,NA,NA,NA,NA,NA,NA,NA
NEG_0977,1:1,0,3,East Khasi Block,25.303826,91.608652,3406.1,1356.14,26.92,72.76,0.004534,0.000006,5.2425,49.0022,10,Tree cover,0.773,25.9,44.3,1.41,5.2,Siliciclastic Sedimentary,SS,43.3,573.3,NA,NA,NO_EVENT,NA,NA,NA,NA,NA,NA,NA,NA,NA,NA
NEG_0978,1:1,0,1,Garo Hills Block,25.512201,90.992397,10250.6,553.07,18.14,304.62,-0.000295,0.000876,5.3058,18.2433,10,Tree cover,0.660,23.3,44.5,1.34,5.3,Mixed Sedimentary,SM,29.9,3239.3,NA,NA,NO_EVENT,NA,NA,NA,NA,NA,NA,NA,NA,NA,NA
NEG_0979,1:1,0,1,Garo Hills Block,25.154934,89.843530,33327.6,81.24,22.50,12.44,-0.002604,-0.000382,5.2880,18.8422,10,Tree cover,0.829,30.2,48.3,1.44,5.3,Mixed Sedimentary,SM,20.3,827.5,NA,NA,NO_EVENT,NA,NA,NA,NA,NA,NA,NA,NA,NA,NA
NEG_0980,1:1,0,5,Jaintia Hills Block,25.581314,92.189929,1809.6,1378.51,24.42,260.82,-0.001856,0.000602,4.6566,23.4752,10,Tree cover,0.650,28.1,46.7,1.31,5.1,Metamorphic,MT,75.9,2189.4,NA,NA,NO_EVENT,NA,NA,NA,NA,NA,NA,NA,NA,NA,NA
NEG_0981,1:1,0,5,Jaintia Hills Block,25.042604,92.206602,9601.0,1087.92,31.88,270.63,-0.002801,-0.001309,4.1359,34.6749,10,Tree cover,0.813,28.8,44.1,1.43,4.8,Siliciclastic Sedimentary,SS,37.6,14.1,NA,NA,NO_EVENT,NA,NA,NA,NA,NA,NA,NA,NA,NA,NA
NEG_0982,1:1,0,3,East Khasi Block,25.165616,91.683066,802.6,1272.14,23.13,20.35,0.001029,0.001960,5.2787,19.8759,10,Tree cover,0.828,30.1,46.4,1.44,5.3,Siliciclastic Sedimentary,SS,58.6,498.1,NA,NA,NO_EVENT,NA,NA,NA,NA,NA,NA,NA,NA,NA,NA
NEG_0983,1:1,0,1,Garo Hills Block,25.495803,90.875865,6212.7,434.71,29.26,215.09,-0.001476,-0.001414,4.4713,19.9371,10,Tree cover,0.666,23.0,45.3,1.35,5.4,Mixed Sedimentary,SM,333.6,4775.3,NA,NA,NO_EVENT,NA,NA,NA,NA,NA,NA,NA,NA,NA,NA
NEG_0984,1:1,0,1,Garo Hills Block,25.523613,90.033277,5392.8,25.00,25.07,249.22,-0.000202,0.002801,4.7168,18.0064,10,Tree cover,0.657,23.6,52.9,1.34,5.4,Mixed Sedimentary,SM,63.6,2586.3,NA,NA,NO_EVENT,NA,NA,NA,NA,NA,NA,NA,NA,NA,NA
NEG_0985,1:1,0,2,West Khasi Block,25.042279,91.009057,16876.6,468.63,27.01,305.67,-0.002914,0.001251,4.5247,32.2112,10,Tree cover,0.813,28.8,44.9,1.43,5.3,Siliciclastic Sedimentary,SS,98.3,121.5,NA,NA,NO_EVENT,NA,NA,NA,NA,NA,NA,NA,NA,NA,NA
NEG_0986,1:1,0,4,Ri-Bhoi Block,26.008124,92.133806,8152.7,1127.67,26.89,136.66,-0.000451,-0.001579,5.0975,32.0257,10,Tree cover,0.829,35.2,46.8,1.36,5.1,Metamorphic,MT,80.2,1079.8,NA,NA,NO_EVENT,NA,NA,NA,NA,NA,NA,NA,NA,NA,NA
NEG_0987,1:1,0,5,Jaintia Hills Block,25.639739,92.786137,24759.5,607.24,25.94,243.79,0.000217,-0.002732,4.5501,37.5348,10,Tree cover,0.657,27.2,46.2,1.29,5.0,Metamorphic,MT,121.3,775.1,NA,NA,NO_EVENT,NA,NA,NA,NA,NA,NA,NA,NA,NA,NA
NEG_0988,1:1,0,3,East Khasi Block,25.607843,91.884212,1239.2,1775.29,30.62,274.22,0.002621,0.001310,4.1507,31.7849,10,Tree cover,0.766,27.6,39.2,1.30,4.3,Metamorphic,MT,109.0,1928.7,NA,NA,NO_EVENT,NA,NA,NA,NA,NA,NA,NA,NA,NA,NA
NEG_0989,1:1,0,1,Garo Hills Block,25.673810,90.188167,921.6,25.00,25.20,218.29,0.002352,0.001408,4.6776,43.9992,10,Tree cover,0.668,28.9,47.5,1.32,5.1,Mixed Sedimentary,SM,155.1,2690.6,NA,NA,NO_EVENT,NA,NA,NA,NA,NA,NA,NA,NA,NA,NA
NEG_0990,1:1,0,1,Garo Hills Block,25.394740,89.858250,19380.7,25.00,25.56,26.57,-0.001287,0.000624,5.1545,40.9615,10,Tree cover,0.717,23.0,49.0,1.38,5.3,Mixed Sedimentary,SM,173.8,2432.7,NA,NA,NO_EVENT,NA,NA,NA,NA,NA,NA,NA,NA,NA,NA
NEG_0991,1:1,0,3,East Khasi Block,25.494792,91.907407,3443.1,1697.64,30.45,251.12,-0.000693,-0.002584,4.3797,20.1530,10,Tree cover,0.666,23.6,61.2,1.31,4.7,Plutonic Acidic,PA,318.3,221.7,NA,NA,NO_EVENT,NA,NA,NA,NA,NA,NA,NA,NA,NA,NA
NEG_0992,1:1,0,1,Garo Hills Block,26.062213,90.788263,36379.7,139.91,31.66,172.61,-0.000445,0.000954,4.5191,49.7258,10,Tree cover,0.828,22.5,48.8,1.43,5.3,Mixed Sedimentary,SM,161.4,463.4,NA,NA,NO_EVENT,NA,NA,NA,NA,NA,NA,NA,NA,NA,NA
NEG_0993,1:1,0,3,East Khasi Block,25.045952,91.820672,16915.7,1152.20,29.50,310.48,0.002275,0.001412,4.3348,32.4935,10,Tree cover,0.814,39.6,21.1,1.31,5.7,Volcanic Basic,VB,242.4,316.5,NA,NA,NO_EVENT,NA,NA,NA,NA,NA,NA,NA,NA,NA,NA
NEG_0994,1:1,0,2,West Khasi Block,25.472059,91.238885,4205.8,909.62,24.38,314.12,0.003981,0.000309,4.9500,23.0190,10,Tree cover,0.675,31.6,40.9,1.35,4.7,Metamorphic,MT,150.8,1321.1,NA,NA,NO_EVENT,NA,NA,NA,NA,NA,NA,NA,NA,NA,NA
NEG_0995,1:1,0,5,Jaintia Hills Block,25.316684,92.802903,10846.9,552.61,15.71,107.64,0.000032,0.000341,6.1289,36.6669,10,Tree cover,0.765,25.4,44.3,1.41,5.3,Siliciclastic Sedimentary,SS,174.7,1567.5,NA,NA,NO_EVENT,NA,NA,NA,NA,NA,NA,NA,NA,NA,NA
NEG_0996,1:1,0,5,Jaintia Hills Block,25.228887,92.100766,853.0,1344.70,32.32,136.61,-0.003244,0.000588,4.7424,36.7626,10,Tree cover,0.810,41.9,24.9,1.34,5.8,Carbonate Sedimentary,SC,192.5,728.2,NA,NA,NO_EVENT,NA,NA,NA,NA,NA,NA,NA,NA,NA,NA
NEG_0997,1:1,0,5,Jaintia Hills Block,25.396125,92.358076,7492.0,1074.98,26.28,25.96,-0.001474,-0.000339,5.0921,41.3033,10,Tree cover,0.716,34.0,41.3,1.37,4.7,Metamorphic,MT,143.1,1093.9,NA,NA,NO_EVENT,NA,NA,NA,NA,NA,NA,NA,NA,NA,NA
NEG_0998,1:1,0,4,Ri-Bhoi Block,25.868715,91.079193,5202.5,704.24,34.96,42.41,0.001699,-0.001688,4.5553,24.2240,10,Tree cover,0.778,32.5,38.2,1.31,4.5,Metamorphic,MT,30.5,669.0,NA,NA,NO_EVENT,NA,NA,NA,NA,NA,NA,NA,NA,NA,NA
NEG_0999,1:1,0,5,Jaintia Hills Block,25.620383,92.278837,4841.3,1285.98,22.88,304.08,-0.000925,-0.002410,4.7750,31.0184,10,Tree cover,0.653,27.4,44.4,1.30,4.9,Metamorphic,MT,172.2,331.4,NA,NA,NO_EVENT,NA,NA,NA,NA,NA,NA,NA,NA,NA,NA
NEG_1000,1:1,0,2,West Khasi Block,25.069431,91.394668,13047.7,823.17,30.95,211.45,0.002994,-0.000029,4.2873,26.7401,10,Tree cover,0.821,29.5,49.7,1.44,4.8,Siliciclastic Sedimentary,SS,128.7,500.1,NA,NA,NO_EVENT,NA,NA,NA,NA,NA,NA,NA,NA,NA,NA
NEG_1001,1:1,0,4,Ri-Bhoi Block,26.018111,92.691853,17239.7,464.09,28.83,151.34,-0.000259,-0.002767,4.9098,35.7953,10,Tree cover,0.830,35.2,43.1,1.37,4.8,Metamorphic,MT,29.8,325.6,NA,NA,NO_EVENT,NA,NA,NA,NA,NA,NA,NA,NA,NA,NA
NEG_1002,1:1,0,5,Jaintia Hills Block,25.167820,92.230868,1457.7,1075.58,20.60,54.12,0.003797,0.000301,5.4895,19.8962,10,Tree cover,0.827,39.9,29.1,1.33,5.4,Carbonate Sedimentary,SC,296.8,322.7,NA,NA,NO_EVENT,NA,NA,NA,NA,NA,NA,NA,NA,NA,NA
NEG_1003,1:1,0,4,Ri-Bhoi Block,25.985324,91.000134,17977.0,518.97,15.45,58.03,0.002762,0.001101,6.0771,22.8596,10,Tree cover,0.826,35.1,40.0,1.36,4.6,Metamorphic,MT,106.9,399.7,NA,NA,NO_EVENT,NA,NA,NA,NA,NA,NA,NA,NA,NA,NA
NEG_1004,1:1,0,3,East Khasi Block,25.296032,91.687071,3964.3,1397.35,24.86,48.29,-0.001517,-0.001638,5.4104,45.7936,60,Bare / sparse vegetation,0.391,26.2,46.5,1.41,5.3,Siliciclastic Sedimentary,SS,13.4,26.4,NA,NA,NO_EVENT,NA,NA,NA,NA,NA,NA,NA,NA,NA,NA
NEG_1005,1:1,0,4,Ri-Bhoi Block,25.848857,92.292844,14090.3,1150.71,25.35,45.17,-0.000721,-0.001725,5.2798,26.4265,10,Tree cover,0.767,31.8,43.9,1.30,4.9,Metamorphic,MT,81.1,2484.7,NA,NA,NO_EVENT,NA,NA,NA,NA,NA,NA,NA,NA,NA,NA
NEG_1006,1:1,0,2,West Khasi Block,25.192043,91.098581,4173.8,724.57,31.16,29.27,-0.004891,-0.000050,4.7307,25.8031,10,Tree cover,0.822,29.6,48.3,1.44,5.1,Siliciclastic Sedimentary,SS,124.7,985.1,NA,NA,NO_EVENT,NA,NA,NA,NA,NA,NA,NA,NA,NA,NA
NEG_1007,1:1,0,1,Garo Hills Block,25.945048,90.663425,28230.4,95.94,18.86,106.25,-0.000365,0.000336,5.8768,19.0326,10,Tree cover,0.814,25.4,52.9,1.39,5.1,Mixed Sedimentary,SM,21.6,3074.4,NA,NA,NO_EVENT,NA,NA,NA,NA,NA,NA,NA,NA,NA,NA
NEG_1008,1:1,0,1,Garo Hills Block,25.153808,90.739925,12524.0,177.80,16.13,166.44,0.002423,-0.000687,5.7932,18.5446,10,Tree cover,0.829,30.2,50.8,1.44,5.3,Mixed Sedimentary,SM,96.1,588.0,NA,NA,NO_EVENT,NA,NA,NA,NA,NA,NA,NA,NA,NA,NA
NEG_1009,1:1,0,1,Garo Hills Block,25.536698,90.110669,10399.9,85.45,21.21,222.20,0.003028,-0.000568,4.9904,18.2059,10,Tree cover,0.654,24.0,50.9,1.33,5.3,Mixed Sedimentary,SM,61.6,412.3,NA,NA,NO_EVENT,NA,NA,NA,NA,NA,NA,NA,NA,NA,NA
NEG_1010,1:1,0,3,East Khasi Block,25.062067,91.822761,15334.9,1178.42,27.73,314.37,0.002911,0.000470,4.5219,27.5510,10,Tree cover,0.819,40.0,21.1,1.32,5.7,Volcanic Basic,VB,129.3,527.3,NA,NA,NO_EVENT,NA,NA,NA,NA,NA,NA,NA,NA,NA,NA
NEG_1011,1:1,0,4,Ri-Bhoi Block,25.966205,91.969265,1679.3,1255.26,17.60,128.33,0.004186,-0.000488,5.9467,20.9718,10,Tree cover,0.821,35.0,42.1,1.35,4.8,Metamorphic,MT,22.2,12384.8,NA,NA,NO_EVENT,NA,NA,NA,NA,NA,NA,NA,NA,NA,NA
NEG_1012,1:1,0,4,Ri-Bhoi Block,25.867734,92.828102,15520.5,378.72,26.57,93.89,0.001358,-0.002146,5.2247,22.9095,10,Tree cover,0.778,32.5,46.8,1.31,5.1,Metamorphic,MT,259.2,2835.8,NA,NA,NO_EVENT,NA,NA,NA,NA,NA,NA,NA,NA,NA,NA
NEG_1013,1:1,0,1,Garo Hills Block,25.095928,89.861294,37550.9,25.00,22.46,340.08,0.003809,0.000526,5.0592,20.2709,10,Tree cover,0.827,30.0,49.1,1.44,5.3,Mixed Sedimentary,SM,53.4,145.2,NA,NA,NO_EVENT,NA,NA,NA,NA,NA,NA,NA,NA,NA,NA
NEG_1014,1:1,0,3,East Khasi Block,25.378022,91.980545,1154.2,1553.84,19.47,140.71,-0.000746,0.000391,5.6966,37.9630,10,Tree cover,0.727,34.4,42.6,1.38,4.6,Metamorphic,MT,251.8,1810.2,NA,NA,NO_EVENT,NA,NA,NA,NA,NA,NA,NA,NA,NA,NA
NEG_1015,1:1,0,3,East Khasi Block,25.025085,91.988208,18195.1,1074.55,27.58,226.94,-0.002172,0.000160,4.4415,37.0488,10,Tree cover,0.806,28.2,51.2,1.43,5.1,Siliciclastic Sedimentary,SS,77.7,209.4,NA,NA,NO_EVENT,NA,NA,NA,NA,NA,NA,NA,NA,NA,NA
NEG_1016,1:1,0,5,Jaintia Hills Block,25.132984,92.133545,1426.8,1166.69,23.44,179.79,-0.000026,0.001571,5.1258,18.0001,60,Bare / sparse vegetation,0.280,38.5,25.7,1.32,5.7,Carbonate Sedimentary,SC,16.0,89.4,NA,NA,NO_EVENT,NA,NA,NA,NA,NA,NA,NA,NA,NA,NA
NEG_1017,1:1,0,3,East Khasi Block,25.512223,91.960107,3068.8,1709.68,22.36,223.84,-0.000249,-0.001796,4.9681,18.2989,60,Bare / sparse vegetation,0.162,30.1,41.8,1.34,4.5,Metamorphic,MT,14.9,692.1,NA,NA,NO_EVENT,NA,NA,NA,NA,NA,NA,NA,NA,NA,NA
NEG_1018,1:1,0,1,Garo Hills Block,25.044002,90.983735,17353.1,473.13,25.43,293.64,-0.003975,0.000145,4.6554,30.9632,60,Bare / sparse vegetation,0.175,28.9,44.4,1.43,5.3,Mixed Sedimentary,SM,18.5,175.7,NA,NA,NO_EVENT,NA,NA,NA,NA,NA,NA,NA,NA,NA,NA
NEG_1019,1:1,0,3,East Khasi Block,25.488899,91.694664,2446.0,1621.03,26.90,336.14,0.001353,-0.002184,4.6849,20.6808,10,Tree cover,0.668,30.9,40.1,1.34,4.4,Metamorphic,MT,255.6,585.5,NA,NA,NO_EVENT,NA,NA,NA,NA,NA,NA,NA,NA,NA,NA
NEG_1020,1:1,0,4,Ri-Bhoi Block,25.782668,91.004739,1731.9,566.33,16.42,22.10,-0.002115,0.001464,5.7722,33.3884,10,Tree cover,0.725,29.5,39.8,1.29,4.6,Metamorphic,MT,163.6,6264.4,NA,NA,NO_EVENT,NA,NA,NA,NA,NA,NA,NA,NA,NA,NA
NEG_1021,1:1,0,4,Ri-Bhoi Block,25.768943,91.547576,4097.3,1281.70,17.21,165.01,0.000038,0.002940,5.6547,35.8500,10,Tree cover,0.717,29.1,45.5,1.28,5.0,Metamorphic,MT,111.5,3456.8,NA,NA,NO_EVENT,NA,NA,NA,NA,NA,NA,NA,NA,NA,NA
NEG_1022,1:1,0,2,West Khasi Block,25.030593,91.445338,15104.9,835.36,29.57,221.36,-0.001622,-0.002025,4.2932,36.8691,10,Tree cover,0.808,28.4,47.5,1.43,4.9,Siliciclastic Sedimentary,SS,58.2,66.6,NA,NA,NO_EVENT,NA,NA,NA,NA,NA,NA,NA,NA,NA,NA
NEG_1023,1:1,0,2,West Khasi Block,25.642061,91.052493,662.0,656.38,31.85,312.79,-0.000188,-0.002882,4.0807,42.6685,10,Tree cover,0.658,27.2,38.6,1.29,4.5,Metamorphic,MT,155.5,2286.6,NA,NA,NO_EVENT,NA,NA,NA,NA,NA,NA,NA,NA,NA,NA
NEG_1024,1:1,0,1,Garo Hills Block,25.078736,90.549840,16807.6,35.18,28.83,325.64,0.001105,-0.000640,4.4879,24.0658,10,Tree cover,0.824,29.7,51.6,1.44,4.9,Mixed Sedimentary,SM,152.4,1010.3,NA,NA,NO_EVENT,NA,NA,NA,NA,NA,NA,NA,NA,NA,NA
NEG_1025,1:1,0,4,Ri-Bhoi Block,26.059019,92.744617,13390.8,439.49,30.04,168.31,-0.004562,0.000142,4.6613,47.4032,10,Tree cover,0.828,34.7,45.0,1.38,5.0,Metamorphic,MT,48.9,950.7,NA,NA,NO_EVENT,NA,NA,NA,NA,NA,NA,NA,NA,NA,NA
NEG_1026,1:1,0,1,Garo Hills Block,25.881366,90.943402,11033.1,402.46,26.75,93.50,-0.000400,0.002380,5.2333,20.6988,10,Tree cover,0.785,27.8,44.1,1.37,5.4,Mixed Sedimentary,SM,176.6,2077.7,NA,NA,NO_EVENT,NA,NA,NA,NA,NA,NA,NA,NA,NA,NA
NEG_1027,1:1,0,4,Ri-Bhoi Block,26.085596,92.317702,8134.5,892.48,27.24,353.43,0.002070,-0.000695,4.7794,48.9724,10,Tree cover,0.823,34.2,42.9,1.38,4.8,Metamorphic,MT,219.7,3246.1,NA,NA,NO_EVENT,NA,NA,NA,NA,NA,NA,NA,NA,NA,NA
NEG_1028,1:1,0,1,Garo Hills Block,25.118251,90.629160,10231.3,69.13,21.75,291.83,0.001420,0.001677,5.2022,18.3491,10,Tree cover,0.830,30.3,53.1,1.44,5.0,Mixed Sedimentary,SM,107.9,955.6,NA,NA,NO_EVENT,NA,NA,NA,NA,NA,NA,NA,NA,NA,NA
NEG_1029,1:1,0,4,Ri-Bhoi Block,25.979946,91.831538,2789.0,1273.29,19.89,55.27,-0.002735,0.001356,5.7348,23.3750,10,Tree cover,0.824,35.1,38.2,1.35,4.5,Metamorphic,MT,28.7,3378.3,NA,NA,NO_EVENT,NA,NA,NA,NA,NA,NA,NA,NA,NA,NA
NEG_1030,1:1,0,2,West Khasi Block,25.242529,91.041626,5690.3,618.85,31.04,48.10,0.000084,0.002764,4.8729,40.0646,10,Tree cover,0.805,28.2,45.9,1.43,5.2,Siliciclastic Sedimentary,SS,63.3,2670.9,NA,NA,NO_EVENT,NA,NA,NA,NA,NA,NA,NA,NA,NA,NA
NEG_1031,1:1,0,5,Jaintia Hills Block,25.130132,92.099962,4467.4,1184.11,20.44,181.71,0.000312,-0.000851,5.3544,18.0107,10,Tree cover,0.830,38.4,24.9,1.32,5.8,Carbonate Sedimentary,SC,41.0,225.7,NA,NA,NO_EVENT,NA,NA,NA,NA,NA,NA,NA,NA,NA,NA
NEG_1032,1:1,0,4,Ri-Bhoi Block,25.977718,92.148373,9108.1,1175.52,24.10,123.25,-0.002303,-0.001547,5.4031,24.0872,10,Tree cover,0.824,35.1,46.9,1.35,5.1,Metamorphic,MT,209.9,1729.3,NA,NA,NO_EVENT,NA,NA,NA,NA,NA,NA,NA,NA,NA,NA
NEG_1033,1:1,0,1,Garo Hills Block,25.435267,89.886949,14078.4,30.63,27.88,7.11,-0.002845,0.000692,4.8160,32.5923,10,Tree cover,0.693,22.5,50.2,1.37,5.3,Mixed Sedimentary,SM,228.3,3448.0,NA,NA,NO_EVENT,NA,NA,NA,NA,NA,NA,NA,NA,NA,NA
NEG_1034,1:1,0,3,East Khasi Block,25.096022,91.780302,10437.2,1164.59,17.83,338.19,-0.001641,-0.001659,5.4300,19.7938,10,Tree cover,0.827,30.0,50.6,1.44,5.4,Siliciclastic Sedimentary,SS,186.2,815.1,NA,NA,NO_EVENT,NA,NA,NA,NA,NA,NA,NA,NA,NA,NA
NEG_1035,1:1,0,5,Jaintia Hills Block,25.466989,92.733264,15993.5,664.10,31.03,193.27,0.004324,-0.000235,4.4378,25.5656,10,Tree cover,0.677,31.7,44.6,1.35,4.9,Metamorphic,MT,34.7,4694.3,NA,NA,NO_EVENT,NA,NA,NA,NA,NA,NA,NA,NA,NA,NA
NEG_1036,1:1,0,3,East Khasi Block,25.604989,91.926208,1353.7,1750.76,28.55,251.25,-0.000276,0.002167,4.3160,30.1003,10,Tree cover,0.733,27.6,40.5,1.30,4.4,Metamorphic,MT,89.8,3201.2,NA,NA,NO_EVENT,NA,NA,NA,NA,NA,NA,NA,NA,NA,NA
NEG_1037,1:1,0,4,Ri-Bhoi Block,26.097218,91.405564,18937.6,870.68,32.84,192.44,0.001540,0.001462,4.2855,56.6605,10,Tree cover,0.820,33.9,46.5,1.38,5.1,Metamorphic,MT,313.0,232.6,NA,NA,NO_EVENT,NA,NA,NA,NA,NA,NA,NA,NA,NA,NA
NEG_1038,1:1,0,1,Garo Hills Block,25.375113,90.683808,2285.1,204.64,17.91,125.51,-0.000469,0.002651,5.8303,36.7079,10,Tree cover,0.729,23.5,52.6,1.39,5.2,Mixed Sedimentary,SM,248.8,2410.8,NA,NA,NO_EVENT,NA,NA,NA,NA,NA,NA,NA,NA,NA,NA
NEG_1039,1:1,0,3,East Khasi Block,25.337324,91.896937,941.8,1620.06,24.02,93.44,0.002790,0.000934,5.4341,46.6991,10,Tree cover,0.752,35.1,39.5,1.38,4.3,Metamorphic,MT,79.5,2985.0,NA,NA,NO_EVENT,NA,NA,NA,NA,NA,NA,NA,NA,NA,NA
NEG_1040,1:1,0,4,Ri-Bhoi Block,25.726540,91.109442,3637.5,689.25,26.92,341.30,-0.003786,-0.000159,4.7110,50.2574,60,Bare / sparse vegetation,0.370,28.0,38.1,1.28,4.5,Metamorphic,MT,17.4,8241.2,NA,NA,NO_EVENT,NA,NA,NA,NA,NA,NA,NA,NA,NA,NA
NEG_1041,1:1,0,1,Garo Hills Block,25.186198,89.837447,31216.4,117.35,28.04,27.17,-0.004642,-0.000208,4.9606,23.7877,10,Tree cover,0.824,29.8,48.1,1.44,5.3,Mixed Sedimentary,SM,207.5,1359.1,NA,NA,NO_EVENT,NA,NA,NA,NA,NA,NA,NA,NA,NA,NA
NEG_1042,1:1,0,5,Jaintia Hills Block,25.265495,92.230431,2568.4,1183.07,27.63,75.87,-0.000869,-0.000494,5.1778,43.2891,60,Bare / sparse vegetation,0.400,27.3,44.2,1.42,4.8,Siliciclastic Sedimentary,SS,12.2,1052.8,NA,NA,NO_EVENT,NA,NA,NA,NA,NA,NA,NA,NA,NA,NA
NEG_1043,1:1,0,2,West Khasi Block,25.443808,91.562663,2837.5,1386.54,30.77,168.13,-0.002016,-0.000212,4.5508,31.6322,10,Tree cover,0.689,32.5,45.0,1.36,5.0,Metamorphic,MT,59.5,1053.8,NA,NA,NO_EVENT,NA,NA,NA,NA,NA,NA,NA,NA,NA,NA
NEG_1044,1:1,0,2,West Khasi Block,25.130922,91.416357,6476.0,971.96,21.00,181.04,0.000023,0.002982,5.3127,18.0053,10,Tree cover,0.830,30.3,48.8,1.44,4.9,Siliciclastic Sedimentary,SS,71.3,297.0,NA,NA,NO_EVENT,NA,NA,NA,NA,NA,NA,NA,NA,NA,NA
NEG_1045,1:1,0,3,East Khasi Block,25.190790,91.908497,5083.6,1271.98,30.61,107.06,-0.001761,0.000335,4.7706,25.3682,10,Tree cover,0.823,29.7,53.0,1.44,5.3,Siliciclastic Sedimentary,SS,27.8,75.0,NA,NA,NO_EVENT,NA,NA,NA,NA,NA,NA,NA,NA,NA,NA
NEG_1046,1:1,0,3,East Khasi Block,25.185168,91.939569,5390.3,1290.20,27.05,132.68,0.001945,0.000706,5.0362,23.3829,10,Tree cover,0.824,29.8,52.6,1.44,5.2,Siliciclastic Sedimentary,SS,32.4,841.0,NA,NA,NO_EVENT,NA,NA,NA,NA,NA,NA,NA,NA,NA,NA
NEG_1047,1:1,0,2,West Khasi Block,25.380875,91.307182,7806.1,1066.41,23.16,124.73,0.000123,-0.002846,5.3925,41.2890,60,Bare / sparse vegetation,0.300,34.4,43.5,1.38,4.9,Metamorphic,MT,8.3,2734.7,NA,NA,NO_EVENT,NA,NA,NA,NA,NA,NA,NA,NA,NA,NA
NEG_1048,1:1,0,3,East Khasi Block,25.575715,91.770365,827.7,1726.66,15.63,314.28,-0.003112,-0.000184,5.3655,20.8739,10,Tree cover,0.835,28.2,38.3,1.31,4.3,Metamorphic,MT,32.7,890.2,NA,NA,NO_EVENT,NA,NA,NA,NA,NA,NA,NA,NA,NA,NA
NEG_1049,1:1,0,4,Ri-Bhoi Block,25.964932,92.370654,16792.2,882.79,21.49,41.84,-0.004547,-0.000219,5.6378,21.4481,10,Tree cover,0.821,34.9,40.8,1.35,4.7,Metamorphic,MT,184.2,679.4,NA,NA,NO_EVENT,NA,NA,NA,NA,NA,NA,NA,NA,NA,NA
NEG_1050,1:1,0,3,East Khasi Block,25.298117,91.622827,3056.0,1354.67,28.45,66.25,0.003934,-0.000561,5.1226,50.0863,10,Tree cover,0.776,26.1,44.6,1.41,5.2,Siliciclastic Sedimentary,SS,79.2,1126.6,NA,NA,NO_EVENT,NA,NA,NA,NA,NA,NA,NA,NA,NA,NA
NEG_1051,1:1,0,4,Ri-Bhoi Block,25.760609,91.075118,5602.1,684.60,22.67,359.73,-0.000040,0.002103,5.1846,42.6636,10,Tree cover,0.712,28.8,38.3,1.28,4.5,Metamorphic,MT,177.7,3380.4,NA,NA,NO_EVENT,NA,NA,NA,NA,NA,NA,NA,NA,NA,NA
NEG_1052,1:1,0,4,Ri-Bhoi Block,25.983586,92.011974,4542.9,1154.51,14.61,139.64,0.002618,0.001371,6.1485,22.3826,10,Tree cover,0.825,35.1,43.8,1.35,4.9,Metamorphic,MT,108.8,9851.2,NA,NA,NO_EVENT,NA,NA,NA,NA,NA,NA,NA,NA,NA,NA
NEG_1053,1:2,0,1,Garo Hills Block,25.125592,89.844583,35796.3,32.95,21.24,355.91,0.000882,-0.000366,5.2722,18.0833,10,Tree cover,0.830,30.3,48.4,1.44,5.3,Mixed Sedimentary,SM,211.8,558.8,NA,NA,NO_EVENT,NA,NA,NA,NA,NA,NA,NA,NA,NA,NA
NEG_1054,1:2,0,1,Garo Hills Block,25.200718,90.636470,1140.7,25.00,29.08,91.39,-0.003370,-0.000282,4.9250,27.3419,10,Tree cover,0.820,29.4,53.1,1.44,5.1,Mixed Sedimentary,SM,85.9,325.4,NA,NA,NO_EVENT,NA,NA,NA,NA,NA,NA,NA,NA,NA,NA
NEG_1055,1:2,0,2,West Khasi Block,25.627439,91.596559,2186.1,1474.29,32.38,281.06,0.000942,-0.000889,4.0206,38.6158,10,Tree cover,0.655,27.3,43.8,1.29,4.6,Metamorphic,MT,261.2,7056.5,NA,NA,NO_EVENT,NA,NA,NA,NA,NA,NA,NA,NA,NA,NA
NEG_1056,1:2,0,2,West Khasi Block,25.124657,91.382940,7039.4,924.08,23.86,184.96,0.000808,0.001745,5.0589,18.1196,60,Bare / sparse vegetation,0.268,30.3,50.2,1.44,4.8,Siliciclastic Sedimentary,SS,7.6,403.6,NA,NA,NO_EVENT,NA,NA,NA,NA,NA,NA,NA,NA,NA,NA
NEG_1057,1:2,0,1,Garo Hills Block,25.051027,90.001612,31161.3,129.40,30.59,273.93,-0.003518,0.000836,4.2611,31.5758,10,Tree cover,0.816,29.1,53.1,1.43,5.4,Mixed Sedimentary,SM,74.1,167.9,NA,NA,NO_EVENT,NA,NA,NA,NA,NA,NA,NA,NA,NA,NA
NEG_1058,1:2,0,2,West Khasi Block,25.035939,91.564893,14216.8,1082.78,30.90,261.37,0.001502,0.002006,4.1985,36.1329,10,Tree cover,0.810,28.6,44.1,1.43,5.1,Siliciclastic Sedimentary,SS,32.4,263.9,NA,NA,NO_EVENT,NA,NA,NA,NA,NA,NA,NA,NA,NA,NA
NEG_1059,1:2,0,2,West Khasi Block,25.517508,91.255427,575.3,891.51,17.35,276.88,-0.000803,0.001636,5.3525,18.0837,10,Tree cover,0.659,29.9,41.5,1.33,4.7,Metamorphic,MT,180.1,712.9,NA,NA,NO_EVENT,NA,NA,NA,NA,NA,NA,NA,NA,NA,NA
NEG_1060,1:2,0,5,Jaintia Hills Block,25.113520,92.062564,8412.2,1156.98,17.11,190.92,0.000787,-0.002501,5.5548,18.4817,10,Tree cover,0.829,37.7,24.4,1.32,5.9,Carbonate Sedimentary,SC,95.5,72.1,NA,NA,NO_EVENT,NA,NA,NA,NA,NA,NA,NA,NA,NA,NA
NEG_1061,1:2,0,4,Ri-Bhoi Block,26.017621,92.688013,17616.9,467.23,28.89,151.28,-0.000178,-0.002862,4.9067,35.6964,60,Bare / sparse vegetation,0.168,35.2,42.9,1.37,4.8,Metamorphic,MT,19.7,60.9,NA,NA,NO_EVENT,NA,NA,NA,NA,NA,NA,NA,NA,NA,NA
NEG_1062,1:2,0,2,West Khasi Block,25.157714,91.475917,1405.0,1079.60,16.35,163.78,0.002875,0.000439,5.7909,18.7727,10,Tree cover,0.829,30.2,46.2,1.44,4.9,Siliciclastic Sedimentary,SS,110.9,1850.6,NA,NA,NO_EVENT,NA,NA,NA,NA,NA,NA,NA,NA,NA,NA
NEG_1063,1:2,0,4,Ri-Bhoi Block,26.022927,92.560463,30369.6,740.52,20.31,128.31,0.000295,0.002821,5.5750,31.4729,10,Tree cover,0.830,35.2,38.7,1.37,4.5,Metamorphic,MT,121.1,5431.4,NA,NA,NO_EVENT,NA,NA,NA,NA,NA,NA,NA,NA,NA,NA
NEG_1064,1:2,0,3,East Khasi Block,25.235239,91.814350,2277.3,1397.88,29.59,50.77,-0.001129,0.002287,4.9747,36.9811,10,Tree cover,0.808,28.4,51.8,1.43,5.4,Siliciclastic Sedimentary,SS,56.4,2037.8,NA,NA,NO_EVENT,NA,NA,NA,NA,NA,NA,NA,NA,NA,NA
NEG_1065,1:2,0,4,Ri-Bhoi Block,25.789388,92.235619,9261.8,1212.12,19.08,43.52,-0.003250,-0.000088,5.5854,34.8279,10,Tree cover,0.730,29.7,45.7,1.29,5.0,Metamorphic,MT,50.9,8108.1,NA,NA,NO_EVENT,NA,NA,NA,NA,NA,NA,NA,NA,NA,NA
NEG_1066,1:2,0,4,Ri-Bhoi Block,25.950258,92.680851,19208.0,545.80,25.05,136.48,0.000483,-0.000052,5.3755,19.9413,10,Tree cover,0.816,34.7,42.7,1.34,4.8,Metamorphic,MT,114.7,1947.8,NA,NA,NO_EVENT,NA,NA,NA,NA,NA,NA,NA,NA,NA,NA
NEG_1067,1:2,0,2,West Khasi Block,25.038524,91.145644,17730.3,540.15,33.63,318.78,0.001952,-0.001768,3.9861,36.9013,10,Tree cover,0.811,28.7,50.3,1.43,5.0,Siliciclastic Sedimentary,SS,125.7,231.3,NA,NA,NO_EVENT,NA,NA,NA,NA,NA,NA,NA,NA,NA,NA
NEG_1068,1:2,0,3,East Khasi Block,25.172311,91.699303,998.3,1309.92,22.27,22.32,0.002662,0.001270,5.3726,20.5897,10,Tree cover,0.827,30.0,47.0,1.44,5.4,Siliciclastic Sedimentary,SS,85.5,196.2,NA,NA,NO_EVENT,NA,NA,NA,NA,NA,NA,NA,NA,NA,NA
NEG_1069,1:2,0,1,Garo Hills Block,25.813912,90.193269,16057.3,106.46,20.10,152.21,-0.003263,-0.000548,5.5937,31.2262,10,Tree cover,0.745,29.8,47.3,1.34,5.1,Mixed Sedimentary,SM,56.5,1711.4,NA,NA,NO_EVENT,NA,NA,NA,NA,NA,NA,NA,NA,NA,NA
NEG_1070,1:2,0,4,Ri-Bhoi Block,25.970660,91.052607,15642.9,515.23,20.41,45.18,-0.000990,0.001470,5.7133,22.0753,10,Tree cover,0.822,35.0,38.6,1.35,4.5,Metamorphic,MT,16.1,570.9,NA,NA,NO_EVENT,NA,NA,NA,NA,NA,NA,NA,NA,NA,NA
NEG_1071,1:2,0,4,Ri-Bhoi Block,25.983423,92.547615,31662.5,805.40,14.45,109.00,0.000306,0.002238,6.1617,22.3151,10,Tree cover,0.825,35.1,38.5,1.35,4.5,Metamorphic,MT,96.0,1007.3,NA,NA,NO_EVENT,NA,NA,NA,NA,NA,NA,NA,NA,NA,NA
NEG_1072,1:2,0,3,East Khasi Block,25.119844,91.872330,8939.8,1267.78,23.92,326.09,0.001512,0.000852,5.0350,18.3045,10,Tree cover,0.830,30.3,53.0,1.44,5.3,Siliciclastic Sedimentary,SS,79.8,122.0,NA,NA,NO_EVENT,NA,NA,NA,NA,NA,NA,NA,NA,NA,NA
NEG_1073,1:2,0,4,Ri-Bhoi Block,25.910525,92.661801,22676.6,657.01,31.03,134.75,-0.001038,0.002308,4.9164,18.1380,10,Tree cover,0.800,33.8,41.9,1.33,4.8,Metamorphic,MT,89.3,351.9,NA,NA,NO_EVENT,NA,NA,NA,NA,NA,NA,NA,NA,NA,NA
NEG_1074,1:2,0,3,East Khasi Block,25.522303,91.696776,1462.9,1652.38,20.99,323.63,-0.000908,-0.002309,5.0470,18.0159,10,Tree cover,0.658,29.8,40.0,1.33,4.4,Metamorphic,MT,58.6,1347.5,NA,NA,NO_EVENT,NA,NA,NA,NA,NA,NA,NA,NA,NA,NA
NEG_1075,1:2,0,4,Ri-Bhoi Block,25.907487,92.438161,26072.1,923.19,31.14,53.74,0.000763,0.002479,4.9065,18.2707,60,Bare / sparse vegetation,0.295,33.7,38.8,1.33,4.5,Metamorphic,MT,12.4,2518.3,NA,NA,NO_EVENT,NA,NA,NA,NA,NA,NA,NA,NA,NA,NA
NEG_1076,1:2,0,1,Garo Hills Block,25.315764,89.860660,21360.4,25.00,21.02,44.20,0.004763,-0.000112,5.7050,42.9384,10,Tree cover,0.766,25.4,49.1,1.41,5.3,Mixed Sedimentary,SM,118.9,3713.5,NA,NA,NO_EVENT,NA,NA,NA,NA,NA,NA,NA,NA,NA,NA
NEG_1077,1:2,0,4,Ri-Bhoi Block,25.772789,91.154685,5401.0,798.91,21.35,7.54,0.000507,-0.002690,5.3388,39.5868,10,Tree cover,0.719,29.2,38.5,1.28,4.5,Metamorphic,MT,54.1,6053.3,NA,NA,NO_EVENT,NA,NA,NA,NA,NA,NA,NA,NA,NA,NA
NEG_1078,1:2,0,2,West Khasi Block,25.145133,91.367238,5486.9,945.49,24.41,171.84,-0.001480,0.000688,5.0966,18.2869,10,Tree cover,0.830,30.3,50.9,1.44,4.8,Siliciclastic Sedimentary,SS,50.2,1151.8,NA,NA,NO_EVENT,NA,NA,NA,NA,NA,NA,NA,NA,NA,NA
NEG_1079,1:2,0,4,Ri-Bhoi Block,26.040350,92.635044,23201.5,553.10,30.68,159.49,0.002789,-0.001146,4.6823,43.3141,10,Tree cover,0.830,35.0,40.9,1.37,4.7,Metamorphic,MT,121.7,455.3,NA,NA,NO_EVENT,NA,NA,NA,NA,NA,NA,NA,NA,NA,NA
NEG_1080,1:2,0,5,Jaintia Hills Block,25.423817,92.167203,709.5,1437.98,34.35,148.68,-0.000743,0.001611,4.3435,39.7467,60,Bare / sparse vegetation,0.239,33.2,46.9,1.37,4.8,Metamorphic,MT,5.6,1594.1,NA,NA,NO_EVENT,NA,NA,NA,NA,NA,NA,NA,NA,NA,NA
NEG_1081,1:2,0,4,Ri-Bhoi Block,26.042301,92.415409,17546.6,805.92,33.30,20.49,0.000862,-0.002128,4.4653,46.0503,10,Tree cover,0.830,35.0,39.4,1.37,4.6,Metamorphic,MT,21.6,6732.4,NA,NA,NO_EVENT,NA,NA,NA,NA,NA,NA,NA,NA,NA,NA
NEG_1082,1:2,0,3,East Khasi Block,25.295287,91.688885,3793.5,1398.51,24.78,48.04,-0.001662,-0.001647,5.4170,45.6138,10,Tree cover,0.778,26.2,46.6,1.41,5.3,Siliciclastic Sedimentary,SS,153.5,190.6,NA,NA,NO_EVENT,NA,NA,NA,NA,NA,NA,NA,NA,NA,NA
NEG_1083,1:2,0,3,East Khasi Block,25.508023,91.713728,553.3,1683.01,21.29,329.61,0.000185,-0.001488,5.0673,18.4928,10,Tree cover,0.662,30.3,39.5,1.34,4.3,Metamorphic,MT,26.3,552.7,NA,NA,NO_EVENT,NA,NA,NA,NA,NA,NA,NA,NA,NA,NA
NEG_1084,1:2,0,4,Ri-Bhoi Block,25.715568,91.580000,2362.9,1437.29,25.61,273.35,-0.003408,0.000832,4.7754,48.6559,10,Tree cover,0.687,27.8,44.4,1.28,4.7,Metamorphic,MT,50.3,5871.3,NA,NA,NO_EVENT,NA,NA,NA,NA,NA,NA,NA,NA,NA,NA
NEG_1085,1:2,0,1,Garo Hills Block,25.434149,89.855719,16408.1,25.00,31.39,7.26,-0.004692,0.000144,4.5397,34.7640,10,Tree cover,0.694,22.5,48.9,1.37,5.3,Mixed Sedimentary,SM,31.9,671.2,NA,NA,NO_EVENT,NA,NA,NA,NA,NA,NA,NA,NA,NA,NA
NEG_1086,1:2,0,2,West Khasi Block,25.090262,91.377250,10904.0,854.68,28.12,204.40,0.003846,0.000692,4.5855,21.7493,10,Tree cover,0.826,30.0,50.5,1.44,4.8,Siliciclastic Sedimentary,SS,271.5,539.4,NA,NA,NO_EVENT,NA,NA,NA,NA,NA,NA,NA,NA,NA,NA
NEG_1087,1:2,0,4,Ri-Bhoi Block,25.726367,92.163732,5135.4,1418.56,26.81,219.82,-0.000998,-0.001873,4.7192,50.1289,10,Tree cover,0.692,28.0,46.9,1.28,4.8,Metamorphic,MT,43.9,5291.7,NA,NA,NO_EVENT,NA,NA,NA,NA,NA,NA,NA,NA,NA,NA
NEG_1088,1:2,0,4,Ri-Bhoi Block,25.747088,91.068691,5473.6,663.98,22.63,351.49,-0.001013,0.002272,5.1339,44.0588,10,Tree cover,0.704,28.5,38.3,1.28,4.5,Metamorphic,MT,41.2,4782.6,NA,NA,NO_EVENT,NA,NA,NA,NA,NA,NA,NA,NA,NA,NA
NEG_1089,1:2,0,2,West Khasi Block,25.098060,91.388893,9892.8,871.68,26.35,199.67,0.002698,0.001371,4.7560,20.3723,10,Tree cover,0.827,30.1,50.0,1.44,4.8,Siliciclastic Sedimentary,SS,52.6,371.8,NA,NA,NO_EVENT,NA,NA,NA,NA,NA,NA,NA,NA,NA,NA
NEG_1090,1:2,0,5,Jaintia Hills Block,25.174315,92.072634,1578.4,1314.66,21.30,157.43,-0.002431,-0.001255,5.4575,20.7246,10,Tree cover,0.826,40.2,24.5,1.33,5.8,Carbonate Sedimentary,SC,86.4,708.6,NA,NA,NO_EVENT,NA,NA,NA,NA,NA,NA,NA,NA,NA,NA
NEG_1091,1:2,0,1,Garo Hills Block,26.074855,90.622987,36580.1,45.60,33.83,1.75,0.004420,-0.000013,4.2951,54.6496,10,Tree cover,0.826,22.5,53.1,1.43,5.0,Mixed Sedimentary,SM,133.5,1775.9,NA,NA,NO_EVENT,NA,NA,NA,NA,NA,NA,NA,NA,NA,NA
NEG_1092,1:2,0,4,Ri-Bhoi Block,25.789186,92.550146,21985.3,816.54,16.04,137.02,-0.000095,0.002287,5.8278,32.1742,10,Tree cover,0.729,29.7,38.5,1.29,4.5,Metamorphic,MT,133.3,1963.3,NA,NA,NO_EVENT,NA,NA,NA,NA,NA,NA,NA,NA,NA,NA
NEG_1093,1:2,0,1,Garo Hills Block,25.191556,90.799040,16903.0,333.32,28.47,150.92,-0.000868,-0.000296,4.9443,25.0215,10,Tree cover,0.822,29.6,48.3,1.44,5.4,Mixed Sedimentary,SM,33.9,529.2,NA,NA,NO_EVENT,NA,NA,NA,NA,NA,NA,NA,NA,NA,NA
NEG_1094,1:2,0,1,Garo Hills Block,25.080865,90.744843,18315.2,87.46,21.26,209.10,-0.004450,-0.000309,5.1009,22.1475,10,Tree cover,0.824,29.8,50.6,1.44,5.3,Mixed Sedimentary,SM,199.7,868.1,NA,NA,NO_EVENT,NA,NA,NA,NA,NA,NA,NA,NA,NA,NA
NEG_1095,1:2,0,3,East Khasi Block,25.115627,91.863293,9316.0,1265.51,23.66,328.61,0.002068,0.000213,5.0391,18.5289,10,Tree cover,0.829,30.2,52.9,1.44,5.3,Siliciclastic Sedimentary,SS,63.7,28.5,NA,NA,NO_EVENT,NA,NA,NA,NA,NA,NA,NA,NA,NA,NA
NEG_1096,1:2,0,1,Garo Hills Block,25.611382,90.739508,5449.7,244.77,22.27,229.06,-0.002731,-0.000631,4.8195,28.7633,10,Tree cover,0.652,26.7,50.9,1.32,5.3,Mixed Sedimentary,SM,137.9,1426.5,NA,NA,NO_EVENT,NA,NA,NA,NA,NA,NA,NA,NA,NA,NA
NEG_1097,1:2,0,1,Garo Hills Block,25.107607,90.452196,21410.7,25.00,15.63,345.58,-0.002354,0.001453,5.6501,18.7482,10,Tree cover,0.829,30.2,47.5,1.44,4.8,Mixed Sedimentary,SM,87.2,295.1,NA,NA,NO_EVENT,NA,NA,NA,NA,NA,NA,NA,NA,NA,NA
NEG_1098,1:2,0,1,Garo Hills Block,25.303514,90.119856,10546.5,30.30,23.15,132.43,0.004018,-0.000588,5.5443,44.6331,10,Tree cover,0.773,25.9,50.5,1.41,5.3,Mixed Sedimentary,SM,194.3,282.4,NA,NA,NO_EVENT,NA,NA,NA,NA,NA,NA,NA,NA,NA,NA
NEG_1099,1:2,0,1,Garo Hills Block,25.622827,90.666468,12280.7,173.27,26.07,252.48,-0.000004,0.002853,4.5215,33.4447,10,Tree cover,0.654,27.1,52.9,1.32,5.1,Mixed Sedimentary,SM,111.3,4700.5,NA,NA,NO_EVENT,NA,NA,NA,NA,NA,NA,NA,NA,NA,NA
NEG_1100,1:2,0,1,Garo Hills Block,25.317057,90.594332,9785.3,75.30,25.43,67.70,0.004842,0.000071,5.3509,48.2341,10,Tree cover,0.765,25.4,52.7,1.41,5.0,Mixed Sedimentary,SM,95.0,6536.3,NA,NA,NO_EVENT,NA,NA,NA,NA,NA,NA,NA,NA,NA,NA
NEG_1101,1:2,0,2,West Khasi Block,25.544531,91.228230,736.6,877.20,14.25,292.51,-0.003806,-0.000175,5.5286,18.3958,10,Tree cover,0.653,29.1,40.5,1.32,4.7,Metamorphic,MT,249.7,2368.9,NA,NA,NO_EVENT,NA,NA,NA,NA,NA,NA,NA,NA,NA,NA
NEG_1102,1:2,0,4,Ri-Bhoi Block,25.977331,92.557555,30729.4,785.95,14.31,113.90,-0.000597,0.001896,6.1872,21.5712,10,Tree cover,0.824,35.1,38.6,1.35,4.5,Metamorphic,MT,113.9,1315.7,NA,NA,NO_EVENT,NA,NA,NA,NA,NA,NA,NA,NA,NA,NA
NEG_1103,1:2,0,1,Garo Hills Block,25.075310,89.916313,36033.4,26.91,21.11,325.32,-0.000486,0.000402,5.0939,22.9816,10,Tree cover,0.823,29.7,51.4,1.44,5.4,Mixed Sedimentary,SM,105.3,1478.1,NA,NA,NO_EVENT,NA,NA,NA,NA,NA,NA,NA,NA,NA,NA
NEG_1104,1:2,0,5,Jaintia Hills Block,25.630965,92.054950,2312.1,1536.78,25.79,224.00,0.000086,-0.002945,4.5513,35.2896,10,Tree cover,0.655,27.3,45.3,1.29,4.7,Metamorphic,MT,87.3,1844.7,NA,NA,NO_EVENT,NA,NA,NA,NA,NA,NA,NA,NA,NA,NA
NEG_1105,1:2,0,1,Garo Hills Block,25.992754,90.280150,27640.1,103.26,23.09,118.29,0.000539,0.002576,5.4465,26.7543,10,Tree cover,0.827,23.8,44.5,1.41,5.0,Mixed Sedimentary,SM,27.8,28.8,NA,NA,NO_EVENT,NA,NA,NA,NA,NA,NA,NA,NA,NA,NA
NEG_1106,1:2,0,4,Ri-Bhoi Block,26.099028,91.610843,10531.4,963.38,34.03,324.28,0.004135,0.000084,4.1833,58.2145,10,Tree cover,0.820,33.9,43.2,1.38,4.9,Metamorphic,MT,67.4,173.5,NA,NA,NO_EVENT,NA,NA,NA,NA,NA,NA,NA,NA,NA,NA
NEG_1107,1:2,0,1,Garo Hills Block,26.081389,90.663207,39344.5,36.17,29.12,192.47,0.000390,0.000459,4.6457,50.5505,10,Tree cover,0.824,22.5,52.9,1.43,5.1,Mixed Sedimentary,SM,200.8,872.4,NA,NA,NO_EVENT,NA,NA,NA,NA,NA,NA,NA,NA,NA,NA
NEG_1108,1:2,0,2,West Khasi Block,25.020438,91.413056,17365.3,795.92,33.19,222.11,0.000297,-0.002787,3.9842,42.3774,60,Bare / sparse vegetation,0.163,28.1,48.9,1.43,4.8,Siliciclastic Sedimentary,SS,7.3,287.4,NA,NA,NO_EVENT,NA,NA,NA,NA,NA,NA,NA,NA,NA,NA
NEG_1109,1:2,0,3,East Khasi Block,25.297861,91.678107,3644.9,1391.96,25.56,49.71,-0.000668,-0.001634,5.3539,46.7970,10,Tree cover,0.776,26.1,46.2,1.41,5.3,Siliciclastic Sedimentary,SS,78.0,553.4,NA,NA,NO_EVENT,NA,NA,NA,NA,NA,NA,NA,NA,NA,NA
NEG_1110,1:2,0,3,East Khasi Block,25.361034,91.767158,574.6,1475.08,14.99,38.63,-0.001865,-0.001833,6.1036,34.8387,10,Tree cover,0.738,34.7,38.3,1.38,4.3,Metamorphic,MT,84.1,784.8,NA,NA,NO_EVENT,NA,NA,NA,NA,NA,NA,NA,NA,NA,NA
NEG_1111,1:2,0,3,East Khasi Block,25.601630,91.765578,2111.3,1677.50,19.61,313.60,-0.002665,-0.001397,5.0313,25.7120,10,Tree cover,0.651,27.7,38.4,1.30,4.3,Metamorphic,MT,5.6,454.2,NA,NA,NO_EVENT,NA,NA,NA,NA,NA,NA,NA,NA,NA,NA
NEG_1112,1:2,0,3,East Khasi Block,25.526557,91.800687,3906.9,1755.00,17.75,317.81,0.000171,0.002729,5.2940,18.0017,10,Tree cover,0.823,22.8,60.0,1.31,4.5,Plutonic Acidic,PA,214.2,674.7,NA,NA,NO_EVENT,NA,NA,NA,NA,NA,NA,NA,NA,NA,NA
NEG_1113,1:2,0,4,Ri-Bhoi Block,25.692046,91.538291,5941.8,1391.10,24.95,239.07,0.000947,-0.000453,4.7493,46.2766,10,Tree cover,0.676,27.4,45.7,1.28,5.0,Metamorphic,MT,206.0,5351.8,NA,NA,NO_EVENT,NA,NA,NA,NA,NA,NA,NA,NA,NA,NA
NEG_1114,1:2,0,3,East Khasi Block,25.468228,91.724140,2909.0,1638.00,26.62,347.99,0.004162,-0.000391,4.7857,24.2375,10,Tree cover,0.677,31.7,39.2,1.35,4.3,Metamorphic,MT,28.0,103.9,NA,NA,NO_EVENT,NA,NA,NA,NA,NA,NA,NA,NA,NA,NA
NEG_1115,1:2,0,4,Ri-Bhoi Block,25.899714,92.384465,22962.7,1018.44,31.85,45.19,-0.001368,0.001464,4.8452,18.8244,10,Tree cover,0.795,33.5,40.4,1.32,4.7,Metamorphic,MT,22.3,1870.6,NA,NA,NO_EVENT,NA,NA,NA,NA,NA,NA,NA,NA,NA,NA
NEG_1116,1:2,0,2,West Khasi Block,25.143741,91.330608,8177.9,889.28,22.44,170.02,-0.001062,-0.001799,5.2487,18.2080,10,Tree cover,0.830,30.3,52.1,1.44,4.8,Siliciclastic Sedimentary,SS,144.6,3284.9,NA,NA,NO_EVENT,NA,NA,NA,NA,NA,NA,NA,NA,NA,NA
NEG_1117,1:2,0,5,Jaintia Hills Block,25.487729,92.064336,526.3,1636.53,24.35,201.90,-0.000998,0.002364,4.8932,20.5798,60,Bare / sparse vegetation,0.172,31.0,45.6,1.34,4.8,Metamorphic,MT,10.4,732.6,NA,NA,NO_EVENT,NA,NA,NA,NA,NA,NA,NA,NA,NA,NA
NEG_1118,1:2,0,1,Garo Hills Block,25.614752,90.237836,5257.0,43.40,24.87,233.43,-0.002370,-0.000727,4.6127,30.8130,10,Tree cover,0.652,26.8,45.6,1.32,5.0,Mixed Sedimentary,SM,219.6,2144.0,NA,NA,NO_EVENT,NA,NA,NA,NA,NA,NA,NA,NA,NA,NA
NEG_1119,1:2,0,1,Garo Hills Block,25.276153,90.015479,12565.6,25.00,29.90,95.10,-0.001148,0.002290,5.0043,47.8205,10,Tree cover,0.788,26.9,53.1,1.42,5.4,Mixed Sedimentary,SM,25.2,186.5,NA,NA,NO_EVENT,NA,NA,NA,NA,NA,NA,NA,NA,NA,NA
NEG_1120,1:2,0,5,Jaintia Hills Block,25.258483,92.199092,672.8,1195.50,32.13,94.00,-0.000006,-0.002443,4.8101,45.5079,10,Tree cover,0.797,27.6,44.1,1.42,4.8,Siliciclastic Sedimentary,SS,100.1,332.7,NA,NA,NO_EVENT,NA,NA,NA,NA,NA,NA,NA,NA,NA,NA
NEG_1121,1:2,0,4,Ri-Bhoi Block,25.740998,91.862004,2691.3,1608.97,23.85,325.64,-0.002401,-0.000121,5.0123,45.9495,10,Tree cover,0.700,28.3,38.7,1.28,4.3,Metamorphic,MT,118.7,2254.8,NA,NA,NO_EVENT,NA,NA,NA,NA,NA,NA,NA,NA,NA,NA
NEG_1122,1:2,0,1,Garo Hills Block,25.229637,90.265716,5798.0,25.00,32.07,122.41,0.001837,0.001874,4.7641,36.8482,10,Tree cover,0.810,28.6,44.8,1.43,5.0,Mixed Sedimentary,SM,120.3,812.1,NA,NA,NO_EVENT,NA,NA,NA,NA,NA,NA,NA,NA,NA,NA
NEG_1123,1:2,0,3,East Khasi Block,25.108140,91.779522,9099.3,1190.65,16.06,344.86,-0.001243,-0.002211,5.6178,18.7369,10,Tree cover,0.829,30.2,50.6,1.44,5.4,Siliciclastic Sedimentary,SS,46.4,931.2,NA,NA,NO_EVENT,NA,NA,NA,NA,NA,NA,NA,NA,NA,NA
NEG_1124,1:2,0,4,Ri-Bhoi Block,25.725317,92.443884,12640.5,1026.09,25.99,333.08,0.001715,-0.001688,4.7809,49.1632,10,Tree cover,0.692,27.9,38.7,1.28,4.5,Metamorphic,MT,53.2,6015.4,NA,NA,NO_EVENT,NA,NA,NA,NA,NA,NA,NA,NA,NA,NA
NEG_1125,1:2,0,4,Ri-Bhoi Block,26.090610,92.611038,27023.3,583.51,30.31,190.98,0.004620,-0.000088,4.5139,53.0608,60,Bare / sparse vegetation,0.175,34.1,40.0,1.38,4.6,Metamorphic,MT,19.2,854.2,NA,NA,NO_EVENT,NA,NA,NA,NA,NA,NA,NA,NA,NA,NA
NEG_1126,1:2,0,1,Garo Hills Block,25.830385,90.780213,13343.9,342.29,28.08,147.24,-0.001436,-0.000464,5.0092,32.0520,10,Tree cover,0.755,29.4,49.1,1.35,5.3,Mixed Sedimentary,SM,46.4,99.0,NA,NA,NO_EVENT,NA,NA,NA,NA,NA,NA,NA,NA,NA,NA
NEG_1127,1:2,0,3,East Khasi Block,25.493129,91.828279,689.8,1722.02,26.35,322.99,-0.001409,0.001964,4.7136,20.0661,10,Tree cover,0.807,23.6,60.6,1.31,4.5,Plutonic Acidic,PA,31.2,921.8,NA,NA,NO_EVENT,NA,NA,NA,NA,NA,NA,NA,NA,NA,NA
NEG_1128,1:2,0,2,West Khasi Block,25.101198,91.073728,10570.4,518.19,25.05,341.88,0.002442,-0.001534,4.8719,19.8739,10,Tree cover,0.828,30.1,47.2,1.44,5.2,Siliciclastic Sedimentary,SS,274.0,149.8,NA,NA,NO_EVENT,NA,NA,NA,NA,NA,NA,NA,NA,NA,NA
NEG_1129,1:2,0,4,Ri-Bhoi Block,26.075986,91.810069,1072.4,1107.22,29.12,359.40,0.001564,-0.000055,4.6673,49.7321,10,Tree cover,0.825,34.4,38.1,1.38,4.5,Metamorphic,MT,39.7,2276.8,NA,NA,NO_EVENT,NA,NA,NA,NA,NA,NA,NA,NA,NA,NA
NEG_1130,1:2,0,1,Garo Hills Block,25.528126,90.226783,2223.8,70.84,17.26,221.95,-0.002219,0.000016,5.3289,18.0096,10,Tree cover,0.656,23.7,45.9,1.34,5.1,Mixed Sedimentary,SM,148.5,1797.4,NA,NA,NO_EVENT,NA,NA,NA,NA,NA,NA,NA,NA,NA,NA
NEG_1131,1:2,0,2,West Khasi Block,25.052170,91.525149,11839.3,1036.69,25.45,235.31,-0.002250,0.001116,4.6755,29.0258,10,Tree cover,0.816,29.1,44.7,1.43,5.0,Siliciclastic Sedimentary,SS,95.0,41.5,NA,NA,NO_EVENT,NA,NA,NA,NA,NA,NA,NA,NA,NA,NA
NEG_1132,1:2,0,1,Garo Hills Block,25.283072,90.215365,3211.9,50.86,22.11,131.07,-0.002779,-0.000675,5.6303,41.0955,10,Tree cover,0.785,26.7,46.4,1.42,5.1,Mixed Sedimentary,SM,273.7,3661.9,NA,NA,NO_EVENT,NA,NA,NA,NA,NA,NA,NA,NA,NA,NA
NEG_1133,1:2,0,5,Jaintia Hills Block,25.603836,92.130880,7032.4,1490.75,29.26,235.76,0.003140,0.000985,4.2592,30.0925,10,Tree cover,0.651,27.6,46.8,1.30,4.8,Metamorphic,MT,39.6,873.0,NA,NA,NO_EVENT,NA,NA,NA,NA,NA,NA,NA,NA,NA,NA
NEG_1134,1:2,0,5,Jaintia Hills Block,25.366654,92.075557,2653.8,1401.75,19.08,143.28,0.001313,-0.002128,5.7612,38.8899,10,Tree cover,0.734,34.6,45.9,1.38,4.8,Metamorphic,MT,81.0,328.0,NA,NA,NO_EVENT,NA,NA,NA,NA,NA,NA,NA,NA,NA,NA
NEG_1135,1:2,0,1,Garo Hills Block,25.659900,90.197920,2118.3,25.00,26.06,221.98,0.002170,0.001610,4.5761,42.2122,10,Tree cover,0.663,28.5,47.1,1.32,5.1,Mixed Sedimentary,SM,24.2,2718.9,NA,NA,NO_EVENT,NA,NA,NA,NA,NA,NA,NA,NA,NA,NA
NEG_1136,1:2,0,1,Garo Hills Block,25.209289,89.864983,27440.4,125.92,28.70,35.04,-0.004363,-0.000380,4.9812,29.3794,10,Tree cover,0.817,29.2,49.3,1.43,5.3,Mixed Sedimentary,SM,22.3,4474.7,NA,NA,NO_EVENT,NA,NA,NA,NA,NA,NA,NA,NA,NA,NA
NEG_1137,1:2,0,4,Ri-Bhoi Block,25.688319,92.322439,13452.4,1142.67,25.40,324.13,-0.002580,-0.000623,4.7020,46.3463,10,Tree cover,0.674,27.4,42.7,1.28,4.8,Metamorphic,MT,125.3,3881.6,NA,NA,NO_EVENT,NA,NA,NA,NA,NA,NA,NA,NA,NA,NA
NEG_1138,1:2,0,1,Garo Hills Block,25.420732,90.781089,2249.5,259.45,29.50,165.41,0.001072,-0.001758,4.7435,37.5469,60,Bare / sparse vegetation,0.243,22.6,49.1,1.37,5.3,Mixed Sedimentary,SM,17.2,55.9,NA,NA,NO_EVENT,NA,NA,NA,NA,NA,NA,NA,NA,NA,NA
NEG_1139,1:2,0,1,Garo Hills Block,25.557667,89.976627,1128.0,25.00,17.12,288.28,-0.004654,0.000039,5.2725,19.3356,10,Tree cover,0.651,24.7,52.9,1.33,5.4,Mixed Sedimentary,SM,194.2,4116.0,NA,NA,NO_EVENT,NA,NA,NA,NA,NA,NA,NA,NA,NA,NA
NEG_1140,1:2,0,4,Ri-Bhoi Block,25.987136,91.279158,18753.9,889.03,17.07,101.60,0.001117,0.002242,5.9429,23.6324,10,Tree cover,0.826,35.1,42.4,1.36,4.8,Metamorphic,MT,87.6,2549.1,NA,NA,NO_EVENT,NA,NA,NA,NA,NA,NA,NA,NA,NA,NA
NEG_1141,1:2,0,5,Jaintia Hills Block,25.246746,92.221933,1708.8,1149.00,30.40,79.94,0.001334,-0.001068,4.9315,40.8105,10,Tree cover,0.803,28.0,44.2,1.43,4.8,Siliciclastic Sedimentary,SS,283.9,1409.5,NA,NA,NO_EVENT,NA,NA,NA,NA,NA,NA,NA,NA,NA,NA
NEG_1142,1:2,0,3,East Khasi Block,25.326174,91.739970,3161.3,1424.21,15.28,43.11,-0.004916,-0.000050,6.1515,36.3260,10,Tree cover,0.759,35.1,38.8,1.38,4.3,Metamorphic,MT,23.6,1218.6,NA,NA,NO_EVENT,NA,NA,NA,NA,NA,NA,NA,NA,NA,NA
NEG_1143,1:2,0,3,East Khasi Block,25.571009,91.600156,2769.4,1410.33,23.77,283.40,0.004879,0.000025,4.7199,21.6258,10,Tree cover,0.650,28.3,43.7,1.31,4.6,Metamorphic,MT,297.6,3323.5,NA,NA,NO_EVENT,NA,NA,NA,NA,NA,NA,NA,NA,NA,NA
NEG_1144,1:2,0,5,Jaintia Hills Block,25.125767,92.033785,6531.7,1206.96,14.31,184.03,-0.000315,-0.002752,5.8273,18.0534,10,Tree cover,0.830,38.2,24.4,1.32,6.0,Carbonate Sedimentary,SC,99.4,85.9,NA,NA,NO_EVENT,NA,NA,NA,NA,NA,NA,NA,NA,NA,NA
NEG_1145,1:2,0,2,West Khasi Block,25.155517,91.182145,5918.1,729.64,19.10,17.30,0.000869,0.002392,5.5623,18.7526,10,Tree cover,0.829,30.2,51.7,1.44,4.9,Siliciclastic Sedimentary,SS,54.0,146.7,NA,NA,NO_EVENT,NA,NA,NA,NA,NA,NA,NA,NA,NA,NA
NEG_1146,1:2,0,3,East Khasi Block,25.461366,91.759431,2307.4,1661.80,25.45,351.54,0.003798,0.000619,4.9063,25.3458,10,Tree cover,0.680,31.9,38.5,1.35,4.3,Metamorphic,MT,62.2,60.3,NA,NA,NO_EVENT,NA,NA,NA,NA,NA,NA,NA,NA,NA,NA
NEG_1147,1:2,0,5,Jaintia Hills Block,25.493745,92.090149,2006.5,1591.67,26.25,206.26,-0.001675,0.001406,4.7194,19.9822,10,Tree cover,0.666,30.8,46.2,1.34,4.8,Metamorphic,MT,81.2,77.0,NA,NA,NO_EVENT,NA,NA,NA,NA,NA,NA,NA,NA,NA,NA
NEG_1148,1:2,0,2,West Khasi Block,25.176112,91.579993,585.4,1114.14,25.24,86.50,-0.003319,-0.000926,5.1489,21.5023,10,Tree cover,0.826,29.9,44.1,1.44,5.2,Siliciclastic Sedimentary,SS,26.1,125.5,NA,NA,NO_EVENT,NA,NA,NA,NA,NA,NA,NA,NA,NA,NA
NEG_1149,1:2,0,3,East Khasi Block,25.601689,91.985345,6531.1,1686.89,21.45,231.12,-0.003732,0.000024,4.8841,26.4470,10,Tree cover,0.651,27.7,42.8,1.30,4.6,Metamorphic,MT,64.4,4297.4,NA,NA,NO_EVENT,NA,NA,NA,NA,NA,NA,NA,NA,NA,NA
NEG_1150,1:2,0,1,Garo Hills Block,25.101031,90.906800,16790.6,382.91,21.88,217.22,0.000958,0.002028,5.1249,19.6538,10,Tree cover,0.828,30.1,44.5,1.44,5.4,Mixed Sedimentary,SM,19.9,173.2,NA,NA,NO_EVENT,NA,NA,NA,NA,NA,NA,NA,NA,NA,NA
NEG_1151,1:2,0,4,Ri-Bhoi Block,25.936426,91.016542,12298.2,532.32,19.13,57.59,0.002940,-0.000758,5.8629,18.4878,10,Tree cover,0.811,34.5,39.5,1.34,4.6,Metamorphic,MT,70.0,2740.4,NA,NA,NO_EVENT,NA,NA,NA,NA,NA,NA,NA,NA,NA,NA
NEG_1152,1:2,0,2,West Khasi Block,25.307176,91.591114,2512.0,1349.50,25.01,82.11,0.004241,0.000443,5.3932,47.0990,10,Tree cover,0.771,25.7,44.1,1.41,5.2,Siliciclastic Sedimentary,SS,51.5,98.7,NA,NA,NO_EVENT,NA,NA,NA,NA,NA,NA,NA,NA,NA,NA
NEG_1153,1:2,0,4,Ri-Bhoi Block,25.662635,91.382344,8984.9,1078.86,35.60,221.89,-0.002561,0.001356,3.8189,51.8459,10,Tree cover,0.757,27.2,46.0,1.29,5.0,Metamorphic,MT,170.1,4685.0,NA,NA,NO_EVENT,NA,NA,NA,NA,NA,NA,NA,NA,NA,NA
NEG_1154,1:2,0,4,Ri-Bhoi Block,25.682728,92.051996,3459.2,1461.03,25.42,215.22,-0.000385,-0.001130,4.6841,45.6209,10,Tree cover,0.672,27.3,45.2,1.28,4.7,Metamorphic,MT,52.4,274.8,NA,NA,NO_EVENT,NA,NA,NA,NA,NA,NA,NA,NA,NA,NA
NEG_1155,1:2,0,4,Ri-Bhoi Block,25.696219,91.981663,3155.3,1581.96,24.41,217.61,0.004967,0.000016,4.8056,46.0832,10,Tree cover,0.677,27.5,42.6,1.28,4.6,Metamorphic,MT,193.4,52.1,NA,NA,NO_EVENT,NA,NA,NA,NA,NA,NA,NA,NA,NA,NA
NEG_1156,1:2,0,1,Garo Hills Block,25.612903,90.761099,3354.2,268.77,24.51,226.28,-0.001862,-0.001816,4.6408,30.1977,60,Bare / sparse vegetation,0.220,26.7,50.0,1.32,5.3,Mixed Sedimentary,SM,17.7,1226.6,NA,NA,NO_EVENT,NA,NA,NA,NA,NA,NA,NA,NA,NA,NA
NEG_1157,1:2,0,2,West Khasi Block,25.128037,91.207615,8317.9,742.18,15.26,354.91,-0.000482,0.001697,5.7604,18.0259,10,Tree cover,0.830,30.3,52.4,1.44,4.9,Siliciclastic Sedimentary,SS,313.2,476.5,NA,NA,NO_EVENT,NA,NA,NA,NA,NA,NA,NA,NA,NA,NA
NEG_1158,1:2,0,4,Ri-Bhoi Block,25.779617,91.994943,3457.2,1505.19,15.96,167.88,-0.002180,0.000606,5.7970,33.3374,10,Tree cover,0.724,29.4,43.1,1.29,4.6,Metamorphic,MT,170.4,3827.0,NA,NA,NO_EVENT,NA,NA,NA,NA,NA,NA,NA,NA,NA,NA
NEG_1159,1:2,0,3,East Khasi Block,25.205176,91.859006,652.3,1299.27,31.95,64.22,-0.004855,0.000021,4.7091,29.4963,10,Tree cover,0.819,29.3,52.9,1.43,5.4,Siliciclastic Sedimentary,SS,51.7,218.2,NA,NA,NO_EVENT,NA,NA,NA,NA,NA,NA,NA,NA,NA,NA
NEG_1160,1:2,0,4,Ri-Bhoi Block,25.967513,92.048180,728.1,1148.90,14.95,138.63,0.000055,0.001302,6.1562,20.6563,10,Tree cover,0.821,35.0,45.1,1.35,5.0,Metamorphic,MT,55.6,6271.2,NA,NA,NO_EVENT,NA,NA,NA,NA,NA,NA,NA,NA,NA,NA
NEG_1161,1:2,0,4,Ri-Bhoi Block,25.661662,91.542924,5543.3,1412.81,28.47,248.03,0.000235,-0.002369,4.3871,44.8502,10,Tree cover,0.664,27.2,45.6,1.29,4.8,Metamorphic,MT,299.1,3939.0,NA,NA,NO_EVENT,NA,NA,NA,NA,NA,NA,NA,NA,NA,NA
NEG_1162,1:2,0,2,West Khasi Block,25.427318,91.431152,2639.0,1166.87,30.27,168.93,0.001178,0.001360,4.6562,36.1468,10,Tree cover,0.698,33.1,46.8,1.37,5.1,Metamorphic,MT,71.6,2171.6,NA,NA,NO_EVENT,NA,NA,NA,NA,NA,NA,NA,NA,NA,NA
NEG_1163,1:2,0,2,West Khasi Block,25.346540,91.502464,3557.6,1255.09,14.07,128.93,-0.003573,-0.000822,6.2118,34.5571,10,Tree cover,0.747,25.9,51.6,1.32,4.7,Plutonic Acidic,PA,91.2,2358.7,NA,NA,NO_EVENT,NA,NA,NA,NA,NA,NA,NA,NA,NA,NA
NEG_1164,1:2,0,2,West Khasi Block,25.396520,91.203363,4976.8,904.82,21.91,40.57,0.001159,0.001866,5.4403,37.3553,10,Tree cover,0.716,34.0,39.7,1.37,4.6,Metamorphic,MT,121.8,4144.1,NA,NA,NO_EVENT,NA,NA,NA,NA,NA,NA,NA,NA,NA,NA
NEG_1165,1:2,0,1,Garo Hills Block,25.936535,90.818058,24460.4,241.34,25.89,134.51,-0.002870,-0.000763,5.3221,18.6680,10,Tree cover,0.811,25.7,47.4,1.39,5.4,Mixed Sedimentary,SM,65.0,3691.9,NA,NA,NO_EVENT,NA,NA,NA,NA,NA,NA,NA,NA,NA,NA
NEG_1166,1:2,0,5,Jaintia Hills Block,25.552653,92.036332,2687.8,1701.62,14.28,221.28,-0.001333,0.001365,5.5091,18.7994,10,Tree cover,0.681,28.8,44.7,1.32,4.7,Metamorphic,MT,124.2,2290.4,NA,NA,NO_EVENT,NA,NA,NA,NA,NA,NA,NA,NA,NA,NA
NEG_1167,1:2,0,1,Garo Hills Block,25.183681,90.964937,7648.0,401.29,19.90,72.09,0.004422,0.000334,5.6031,21.7510,10,Tree cover,0.824,29.8,44.2,1.44,5.4,Mixed Sedimentary,SM,5.6,532.0,NA,NA,NO_EVENT,NA,NA,NA,NA,NA,NA,NA,NA,NA,NA
NEG_1168,1:2,0,1,Garo Hills Block,25.817276,90.909728,10219.8,386.93,25.71,125.75,0.000975,-0.000484,5.1564,34.0894,10,Tree cover,0.747,29.7,44.4,1.35,5.4,Mixed Sedimentary,SM,48.6,6821.0,NA,NA,NO_EVENT,NA,NA,NA,NA,NA,NA,NA,NA,NA,NA
NEG_1169,1:2,0,4,Ri-Bhoi Block,26.040425,91.294930,24584.3,825.12,27.11,132.40,0.000020,0.002293,4.9676,40.3866,10,Tree cover,0.830,35.0,43.1,1.37,4.8,Metamorphic,MT,186.8,1815.2,NA,NA,NO_EVENT,NA,NA,NA,NA,NA,NA,NA,NA,NA,NA
NEG_1170,1:2,0,5,Jaintia Hills Block,25.125274,92.166285,2749.7,1141.83,23.91,190.98,0.000185,0.002888,5.0574,18.1023,10,Tree cover,0.830,38.2,26.7,1.32,5.6,Carbonate Sedimentary,SC,22.3,737.6,NA,NA,NO_EVENT,NA,NA,NA,NA,NA,NA,NA,NA,NA,NA
NEG_1171,1:2,0,1,Garo Hills Block,25.079840,90.695099,15819.9,91.95,20.58,221.73,-0.003190,0.000555,5.1517,22.1653,10,Tree cover,0.824,29.8,52.3,1.44,5.2,Mixed Sedimentary,SM,97.7,928.1,NA,NA,NO_EVENT,NA,NA,NA,NA,NA,NA,NA,NA,NA,NA
NEG_1172,1:2,0,4,Ri-Bhoi Block,25.766977,92.440517,17285.2,1008.70,23.20,4.74,-0.000268,-0.002765,5.1677,42.3576,10,Tree cover,0.716,29.0,38.8,1.28,4.5,Metamorphic,MT,54.3,2760.6,NA,NA,NO_EVENT,NA,NA,NA,NA,NA,NA,NA,NA,NA,NA
NEG_1173,1:2,0,3,East Khasi Block,25.178906,91.941161,5963.2,1286.35,25.75,136.88,0.002005,0.001091,5.1182,22.0265,10,Tree cover,0.825,29.9,52.6,1.44,5.2,Siliciclastic Sedimentary,SS,79.1,224.0,NA,NA,NO_EVENT,NA,NA,NA,NA,NA,NA,NA,NA,NA,NA
NEG_1174,1:2,0,2,West Khasi Block,25.181166,91.347255,4995.6,950.47,28.69,147.98,-0.004526,-0.000268,4.8910,22.9136,10,Tree cover,0.825,29.9,51.6,1.44,4.8,Siliciclastic Sedimentary,SS,191.9,795.4,NA,NA,NO_EVENT,NA,NA,NA,NA,NA,NA,NA,NA,NA,NA
NEG_1175,1:2,0,2,West Khasi Block,25.513681,91.576254,3762.7,1339.09,23.90,268.92,0.000338,0.002172,4.8403,18.2531,10,Tree cover,0.660,30.1,44.5,1.33,4.9,Metamorphic,MT,22.2,542.1,NA,NA,NO_EVENT,NA,NA,NA,NA,NA,NA,NA,NA,NA,NA
NEG_1176,1:2,0,5,Jaintia Hills Block,25.467331,92.370926,8027.2,1186.36,32.34,348.49,-0.004273,-0.000295,4.3316,25.7996,10,Tree cover,0.677,31.7,40.8,1.35,4.7,Metamorphic,MT,100.5,1013.3,NA,NA,NO_EVENT,NA,NA,NA,NA,NA,NA,NA,NA,NA,NA
NEG_1177,1:2,0,3,East Khasi Block,25.073428,91.968381,13552.0,1174.17,24.90,218.82,-0.004514,0.000111,4.7844,24.2377,60,Bare / sparse vegetation,0.202,29.6,51.8,1.44,5.2,Siliciclastic Sedimentary,SS,18.3,495.0,NA,NA,NO_EVENT,NA,NA,NA,NA,NA,NA,NA,NA,NA,NA
NEG_1178,1:2,0,5,Jaintia Hills Block,25.123822,92.171691,2760.3,1138.70,23.74,194.93,0.000073,0.002919,5.0652,18.1448,60,Bare / sparse vegetation,0.267,38.1,26.9,1.32,5.6,Carbonate Sedimentary,SC,5.7,652.1,NA,NA,NO_EVENT,NA,NA,NA,NA,NA,NA,NA,NA,NA,NA
NEG_1179,1:2,0,3,East Khasi Block,25.096676,91.625156,9536.2,1154.38,27.15,322.47,0.003600,0.000738,4.6868,20.6377,60,Bare / sparse vegetation,0.230,30.0,44.6,1.44,5.2,Siliciclastic Sedimentary,SS,17.8,731.1,NA,NA,NO_EVENT,NA,NA,NA,NA,NA,NA,NA,NA,NA,NA
NEG_1180,1:2,0,1,Garo Hills Block,25.823555,90.585264,15012.7,25.00,31.79,50.83,0.004487,0.000011,4.6908,35.9789,10,Tree cover,0.751,29.6,52.6,1.35,5.0,Mixed Sedimentary,SM,56.8,385.2,NA,NA,NO_EVENT,NA,NA,NA,NA,NA,NA,NA,NA,NA,NA
NEG_1181,1:2,0,4,Ri-Bhoi Block,25.987171,91.261298,17776.8,872.81,15.56,88.54,0.002184,0.001627,6.0636,23.1388,10,Tree cover,0.826,35.1,41.7,1.36,4.7,Metamorphic,MT,118.0,2120.2,NA,NA,NO_EVENT,NA,NA,NA,NA,NA,NA,NA,NA,NA,NA
NEG_1182,1:2,0,2,West Khasi Block,25.547641,91.539626,1925.0,1317.62,16.25,246.42,-0.000645,0.001728,5.3618,18.6086,10,Tree cover,0.653,29.0,45.7,1.32,5.0,Metamorphic,MT,140.8,2637.4,NA,NA,NO_EVENT,NA,NA,NA,NA,NA,NA,NA,NA,NA,NA
NEG_1183,1:2,0,1,Garo Hills Block,25.206965,90.627739,577.0,25.00,31.00,83.92,-0.003946,-0.000480,4.7904,29.6453,10,Tree cover,0.818,29.3,53.1,1.43,5.0,Mixed Sedimentary,SM,295.8,475.1,NA,NA,NO_EVENT,NA,NA,NA,NA,NA,NA,NA,NA,NA,NA
NEG_1184,1:2,0,1,Garo Hills Block,26.023990,90.209019,34795.1,25.00,20.72,151.40,-0.001295,-0.001219,5.5385,31.9550,10,Tree cover,0.830,23.0,46.6,1.42,5.1,Mixed Sedimentary,SM,84.6,564.5,NA,NA,NO_EVENT,NA,NA,NA,NA,NA,NA,NA,NA,NA,NA
NEG_1185,1:2,0,2,West Khasi Block,25.221363,91.248038,2330.6,773.33,25.49,78.92,0.003673,0.000710,5.2707,30.9655,60,Bare / sparse vegetation,0.385,28.9,53.0,1.43,4.8,Siliciclastic Sedimentary,SS,19.5,333.0,NA,NA,NO_EVENT,NA,NA,NA,NA,NA,NA,NA,NA,NA,NA
NEG_1186,1:2,0,1,Garo Hills Block,25.626877,90.697899,9403.7,203.09,24.15,238.85,-0.000750,0.002067,4.6784,33.2458,10,Tree cover,0.654,27.3,52.2,1.32,5.2,Mixed Sedimentary,SM,84.0,5777.2,NA,NA,NO_EVENT,NA,NA,NA,NA,NA,NA,NA,NA,NA,NA
NEG_1187,1:2,0,1,Garo Hills Block,25.169293,90.663692,5545.4,25.00,20.43,128.42,-0.000264,0.001828,5.5086,20.0372,10,Tree cover,0.827,30.0,52.9,1.44,5.1,Mixed Sedimentary,SM,103.4,205.9,NA,NA,NO_EVENT,NA,NA,NA,NA,NA,NA,NA,NA,NA,NA
NEG_1188,1:2,0,4,Ri-Bhoi Block,26.087098,91.576710,8395.9,966.46,32.09,266.54,0.003320,-0.000632,4.3854,54.6883,10,Tree cover,0.823,34.2,44.5,1.38,4.9,Metamorphic,MT,271.5,677.8,NA,NA,NO_EVENT,NA,NA,NA,NA,NA,NA,NA,NA,NA,NA
NEG_1189,1:2,0,2,West Khasi Block,25.365365,91.236885,1171.2,986.58,15.39,70.29,-0.002236,-0.000336,6.0600,34.9560,10,Tree cover,0.735,34.7,40.8,1.38,4.7,Metamorphic,MT,11.3,2895.6,NA,NA,NO_EVENT,NA,NA,NA,NA,NA,NA,NA,NA,NA,NA
NEG_1190,1:2,0,4,Ri-Bhoi Block,25.857344,92.595293,30789.9,755.04,28.91,129.82,0.002985,-0.001011,5.0155,25.5793,10,Tree cover,0.772,32.1,39.5,1.31,4.6,Metamorphic,MT,21.5,676.0,NA,NA,NO_EVENT,NA,NA,NA,NA,NA,NA,NA,NA,NA,NA
NEG_1191,1:2,0,4,Ri-Bhoi Block,25.989607,92.501605,27222.8,862.69,17.55,76.45,0.002552,0.000814,5.8981,24.1661,10,Tree cover,0.826,35.2,38.1,1.36,4.5,Metamorphic,MT,49.8,645.3,NA,NA,NO_EVENT,NA,NA,NA,NA,NA,NA,NA,NA,NA,NA
NEG_1192,1:2,0,1,Garo Hills Block,25.730022,90.692901,13072.1,188.85,17.02,209.15,0.002157,-0.001687,5.5162,38.3355,10,Tree cover,0.694,30.1,52.4,1.33,5.2,Mixed Sedimentary,SM,69.7,2410.2,NA,NA,NO_EVENT,NA,NA,NA,NA,NA,NA,NA,NA,NA,NA
NEG_1193,1:2,0,3,East Khasi Block,25.314251,91.899617,1615.1,1558.20,25.89,94.73,0.002717,-0.000435,5.3169,48.6322,10,Tree cover,0.767,25.5,53.1,1.41,5.0,Siliciclastic Sedimentary,SS,42.6,446.9,NA,NA,NO_EVENT,NA,NA,NA,NA,NA,NA,NA,NA,NA,NA
NEG_1194,1:2,0,1,Garo Hills Block,25.724260,90.931842,10982.9,554.04,19.78,244.47,0.001378,-0.001705,5.2737,41.7267,10,Tree cover,0.691,30.0,44.2,1.32,5.4,Mixed Sedimentary,SM,139.9,2672.8,NA,NA,NO_EVENT,NA,NA,NA,NA,NA,NA,NA,NA,NA,NA
NEG_1195,1:2,0,1,Garo Hills Block,25.855344,89.827026,34698.0,117.76,34.48,39.70,0.002987,-0.001133,4.5653,27.5926,10,Tree cover,0.771,28.7,47.6,1.36,5.2,Mixed Sedimentary,SM,275.4,707.3,NA,NA,NO_EVENT,NA,NA,NA,NA,NA,NA,NA,NA,NA,NA
NEG_1196,1:2,0,3,East Khasi Block,25.178043,91.942329,6010.9,1286.69,25.47,137.99,0.002103,0.001127,5.1375,21.8417,10,Tree cover,0.826,29.9,52.5,1.44,5.2,Siliciclastic Sedimentary,SS,160.3,113.5,NA,NA,NO_EVENT,NA,NA,NA,NA,NA,NA,NA,NA,NA,NA
NEG_1197,1:2,0,1,Garo Hills Block,25.118742,89.903430,33219.6,33.88,15.37,350.77,0.000380,0.002748,5.7146,18.2304,10,Tree cover,0.830,30.3,50.9,1.44,5.4,Mixed Sedimentary,SM,112.0,1366.3,NA,NA,NO_EVENT,NA,NA,NA,NA,NA,NA,NA,NA,NA,NA
NEG_1198,1:2,0,4,Ri-Bhoi Block,26.042714,91.109218,22274.0,517.92,33.35,17.72,0.003428,-0.000165,4.4597,46.2131,10,Tree cover,0.830,35.0,38.1,1.37,4.5,Metamorphic,MT,75.1,2324.8,NA,NA,NO_EVENT,NA,NA,NA,NA,NA,NA,NA,NA,NA,NA
NEG_1199,1:2,0,2,West Khasi Block,25.035005,91.443079,14707.6,833.68,29.72,220.39,-0.001730,-0.001937,4.2908,35.7067,10,Tree cover,0.810,28.6,47.6,1.43,4.9,Siliciclastic Sedimentary,SS,59.9,589.7,NA,NA,NO_EVENT,NA,NA,NA,NA,NA,NA,NA,NA,NA,NA
NEG_1200,1:2,0,1,Garo Hills Block,25.330720,89.861226,20792.9,25.00,19.52,42.73,0.004655,0.000203,5.8054,41.4200,10,Tree cover,0.757,24.8,49.1,1.40,5.3,Mixed Sedimentary,SM,152.0,3146.9,NA,NA,NO_EVENT,NA,NA,NA,NA,NA,NA,NA,NA,NA,NA
NEG_1201,1:2,0,1,Garo Hills Block,25.845971,90.152604,19758.5,127.24,26.84,142.93,0.001167,0.001513,5.1531,27.5949,10,Tree cover,0.765,29.0,49.1,1.35,5.2,Mixed Sedimentary,SM,148.6,79.1,NA,NA,NO_EVENT,NA,NA,NA,NA,NA,NA,NA,NA,NA,NA
NEG_1202,1:2,0,2,West Khasi Block,25.163894,91.554226,2492.5,1098.39,20.23,126.87,-0.000716,-0.002090,5.5042,19.4769,10,Tree cover,0.828,30.1,44.2,1.44,5.1,Siliciclastic Sedimentary,SS,150.3,213.1,NA,NA,NO_EVENT,NA,NA,NA,NA,NA,NA,NA,NA,NA,NA
NEG_1203,1:2,0,4,Ri-Bhoi Block,25.806008,92.248775,10594.0,1178.13,20.39,46.17,-0.004320,0.000371,5.5426,32.9432,10,Tree cover,0.740,30.3,45.4,1.29,5.0,Metamorphic,MT,11.4,6735.1,NA,NA,NO_EVENT,NA,NA,NA,NA,NA,NA,NA,NA,NA,NA
NEG_1204,1:2,0,1,Garo Hills Block,25.902770,90.506953,14217.2,66.49,26.46,45.89,0.001459,-0.001836,5.2785,18.4776,10,Tree cover,0.796,27.0,49.9,1.37,4.8,Mixed Sedimentary,SM,226.2,508.2,NA,NA,NO_EVENT,NA,NA,NA,NA,NA,NA,NA,NA,NA,NA
NEG_1205,1:2,0,5,Jaintia Hills Block,25.117369,92.220775,1827.2,1103.56,19.39,314.36,-0.001719,0.001108,5.3876,18.3501,10,Tree cover,0.829,37.9,28.8,1.32,5.5,Carbonate Sedimentary,SC,19.3,119.2,NA,NA,NO_EVENT,NA,NA,NA,NA,NA,NA,NA,NA,NA,NA
NEG_1206,1:2,0,1,Garo Hills Block,25.952663,90.126041,31891.5,25.00,19.65,134.66,-0.004031,-0.000137,5.8044,19.7535,10,Tree cover,0.817,25.1,50.3,1.39,5.3,Mixed Sedimentary,SM,79.8,229.9,NA,NA,NO_EVENT,NA,NA,NA,NA,NA,NA,NA,NA,NA,NA
NEG_1207,1:2,0,4,Ri-Bhoi Block,25.872450,91.451088,4074.4,1153.74,28.82,136.72,-0.001214,0.002021,5.0534,22.4183,10,Tree cover,0.780,32.7,46.9,1.31,5.1,Metamorphic,MT,75.5,1977.1,NA,NA,NO_EVENT,NA,NA,NA,NA,NA,NA,NA,NA,NA,NA
NEG_1208,1:2,0,4,Ri-Bhoi Block,25.732379,91.790998,9663.6,1546.20,17.35,341.48,0.000519,0.002233,5.4988,38.6710,10,Tree cover,0.696,28.1,38.1,1.28,4.3,Metamorphic,MT,213.3,43.9,NA,NA,NO_EVENT,NA,NA,NA,NA,NA,NA,NA,NA,NA,NA
NEG_1209,1:2,0,4,Ri-Bhoi Block,25.756268,91.672383,1490.2,1437.65,21.67,356.63,0.000011,-0.002978,5.2472,42.0753,10,Tree cover,0.709,28.7,40.9,1.28,4.4,Metamorphic,MT,175.6,3097.9,NA,NA,NO_EVENT,NA,NA,NA,NA,NA,NA,NA,NA,NA,NA
NEG_1210,1:2,0,3,East Khasi Block,25.257224,91.861713,660.8,1396.68,33.75,72.74,-0.000147,-0.000116,4.6789,46.5243,10,Tree cover,0.798,27.6,52.9,1.42,5.4,Siliciclastic Sedimentary,SS,146.6,1035.9,NA,NA,NO_EVENT,NA,NA,NA,NA,NA,NA,NA,NA,NA,NA
NEG_1211,1:2,0,1,Garo Hills Block,25.105925,90.664779,12051.8,80.93,18.88,222.03,0.000123,0.002349,5.3836,19.0268,10,Tree cover,0.828,30.2,52.9,1.44,5.1,Mixed Sedimentary,SM,16.2,495.2,NA,NA,NO_EVENT,NA,NA,NA,NA,NA,NA,NA,NA,NA,NA
NEG_1212,1:2,0,5,Jaintia Hills Block,25.040491,92.211654,9639.8,1080.13,31.44,274.24,-0.002979,-0.001198,4.1660,35.0786,10,Tree cover,0.812,28.8,44.1,1.43,4.8,Siliciclastic Sedimentary,SS,55.9,290.0,NA,NA,NO_EVENT,NA,NA,NA,NA,NA,NA,NA,NA,NA,NA
NEG_1213,1:2,0,1,Garo Hills Block,26.002013,90.630260,30298.1,129.15,23.56,85.99,-0.001006,-0.001797,5.3826,28.9296,10,Tree cover,0.828,23.5,53.1,1.41,5.0,Mixed Sedimentary,SM,62.1,1105.8,NA,NA,NO_EVENT,NA,NA,NA,NA,NA,NA,NA,NA,NA,NA
NEG_1214,1:2,0,5,Jaintia Hills Block,25.127075,92.233742,1074.3,1086.24,17.34,348.42,-0.000703,0.000253,5.5901,18.0427,10,Tree cover,0.830,38.3,29.3,1.32,5.4,Carbonate Sedimentary,SC,72.4,80.9,NA,NA,NO_EVENT,NA,NA,NA,NA,NA,NA,NA,NA,NA,NA
NEG_1215,1:2,0,4,Ri-Bhoi Block,26.096404,91.317173,26912.6,735.27,31.55,202.27,0.002300,-0.001282,4.3919,55.0730,10,Tree cover,0.821,33.9,43.9,1.38,4.9,Metamorphic,MT,46.2,1551.2,NA,NA,NO_EVENT,NA,NA,NA,NA,NA,NA,NA,NA,NA,NA
NEG_1216,1:2,0,3,East Khasi Block,25.458873,91.775592,3538.9,1669.71,25.93,352.58,0.002471,0.000757,4.8778,26.0212,10,Tree cover,0.681,32.0,38.2,1.36,4.3,Metamorphic,MT,126.0,178.8,NA,NA,NO_EVENT,NA,NA,NA,NA,NA,NA,NA,NA,NA,NA
NEG_1217,1:2,0,1,Garo Hills Block,25.192472,90.307479,11571.5,25.00,31.06,103.28,-0.002180,-0.000209,4.7402,25.8823,10,Tree cover,0.822,29.6,44.1,1.44,4.9,Mixed Sedimentary,SM,166.6,3591.0,NA,NA,NO_EVENT,NA,NA,NA,NA,NA,NA,NA,NA,NA,NA
NEG_1218,1:2,0,3,East Khasi Block,25.098264,91.683273,7912.3,1132.11,23.35,338.81,-0.001085,0.001871,4.9968,20.0781,10,Tree cover,0.827,30.1,46.4,1.44,5.3,Siliciclastic Sedimentary,SS,229.6,234.1,NA,NA,NO_EVENT,NA,NA,NA,NA,NA,NA,NA,NA,NA,NA
NEG_1219,1:2,0,4,Ri-Bhoi Block,25.708403,92.371510,13478.5,1054.28,27.55,333.23,-0.004725,-0.000163,4.5950,50.6823,10,Tree cover,0.683,27.6,40.8,1.28,4.7,Metamorphic,MT,50.0,3519.0,NA,NA,NO_EVENT,NA,NA,NA,NA,NA,NA,NA,NA,NA,NA
NEG_1220,1:2,0,1,Garo Hills Block,26.078442,90.548511,33859.1,45.86,34.39,357.57,0.000967,-0.000237,4.2359,55.9303,10,Tree cover,0.825,22.5,51.5,1.43,4.9,Mixed Sedimentary,SM,64.6,4811.9,NA,NA,NO_EVENT,NA,NA,NA,NA,NA,NA,NA,NA,NA,NA
NEG_1221,1:2,0,1,Garo Hills Block,25.131151,90.664754,9382.8,52.68,17.05,183.10,0.000008,0.002995,5.6296,18.0033,10,Tree cover,0.830,30.3,52.9,1.44,5.1,Mixed Sedimentary,SM,24.2,107.4,NA,NA,NO_EVENT,NA,NA,NA,NA,NA,NA,NA,NA,NA,NA
NEG_1222,1:2,0,1,Garo Hills Block,25.254489,90.068896,14164.0,27.35,35.09,121.87,-0.000341,0.002141,4.5681,46.8079,10,Tree cover,0.860,27.7,52.3,1.42,5.3,Mixed Sedimentary,SM,285.4,4458.3,NA,NA,NO_EVENT,NA,NA,NA,NA,NA,NA,NA,NA,NA,NA
NEG_1223,1:2,0,5,Jaintia Hills Block,25.485790,92.096992,2730.7,1567.08,28.44,203.18,-0.002634,0.000879,4.5731,21.3202,10,Tree cover,0.669,31.1,46.3,1.35,4.8,Metamorphic,MT,50.3,171.5,NA,NA,NO_EVENT,NA,NA,NA,NA,NA,NA,NA,NA,NA,NA
NEG_1224,1:2,0,1,Garo Hills Block,25.065114,90.905397,19544.3,379.26,28.18,235.93,0.001502,-0.000342,4.4952,26.9691,10,Tree cover,0.820,29.4,44.5,1.44,5.4,Mixed Sedimentary,SM,278.3,442.9,NA,NA,NO_EVENT,NA,NA,NA,NA,NA,NA,NA,NA,NA,NA
NEG_1225,1:2,0,1,Garo Hills Block,26.078844,90.744399,40657.6,99.78,27.28,182.34,-0.004624,-0.000101,4.8031,48.1455,10,Tree cover,0.825,22.5,50.7,1.43,5.3,Mixed Sedimentary,SM,57.7,664.6,NA,NA,NO_EVENT,NA,NA,NA,NA,NA,NA,NA,NA,NA,NA
NEG_1226,1:2,0,3,East Khasi Block,25.619027,91.852445,1477.8,1763.81,30.57,291.10,0.001953,-0.000528,4.1589,34.9967,10,Tree cover,0.791,27.4,38.5,1.30,4.3,Metamorphic,MT,88.8,595.4,NA,NA,NO_EVENT,NA,NA,NA,NA,NA,NA,NA,NA,NA,NA
NEG_1227,1:2,0,1,Garo Hills Block,25.702285,90.187600,3669.9,25.00,21.16,209.71,0.002797,-0.000251,5.0854,42.7788,10,Tree cover,0.680,29.6,47.5,1.32,5.1,Mixed Sedimentary,SM,58.0,384.4,NA,NA,NO_EVENT,NA,NA,NA,NA,NA,NA,NA,NA,NA,NA
NEG_1228,1:2,0,4,Ri-Bhoi Block,25.890867,92.415122,25706.8,983.85,34.38,48.03,-0.000135,0.002881,4.6348,19.9329,10,Tree cover,0.790,33.3,39.4,1.32,4.6,Metamorphic,MT,187.9,1118.2,NA,NA,NO_EVENT,NA,NA,NA,NA,NA,NA,NA,NA,NA,NA
NEG_1229,1:2,0,4,Ri-Bhoi Block,25.929722,91.037758,11156.1,552.64,22.60,52.04,0.000613,-0.001413,5.5893,18.2322,10,Tree cover,0.809,34.3,38.9,1.33,4.6,Metamorphic,MT,128.4,3002.4,NA,NA,NO_EVENT,NA,NA,NA,NA,NA,NA,NA,NA,NA,NA
NEG_1230,1:2,0,3,East Khasi Block,25.623697,91.979299,4835.2,1670.92,25.80,231.90,-0.001422,0.000467,4.5437,33.5002,10,Tree cover,0.654,27.4,42.5,1.29,4.6,Metamorphic,MT,29.9,5456.8,NA,NA,NO_EVENT,NA,NA,NA,NA,NA,NA,NA,NA,NA,NA
NEG_1231,1:2,0,3,East Khasi Block,25.089600,91.982627,11479.3,1173.64,20.48,207.90,-0.004392,0.000114,5.1943,20.8129,10,Tree cover,0.826,29.9,51.4,1.44,5.1,Siliciclastic Sedimentary,SS,77.3,136.9,NA,NA,NO_EVENT,NA,NA,NA,NA,NA,NA,NA,NA,NA,NA
NEG_1232,1:2,0,1,Garo Hills Block,25.455866,90.028644,8846.8,31.29,34.52,202.29,0.001135,0.000648,4.2026,29.5613,10,Tree cover,0.683,22.5,53.0,1.36,5.4,Mixed Sedimentary,SM,79.4,18.6,NA,NA,NO_EVENT,NA,NA,NA,NA,NA,NA,NA,NA,NA,NA
NEG_1233,1:2,0,5,Jaintia Hills Block,25.114439,92.210493,2474.4,1114.83,20.88,284.62,-0.001736,0.001664,5.2568,18.5333,10,Tree cover,0.829,37.7,28.4,1.32,5.5,Carbonate Sedimentary,SC,243.6,577.6,NA,NA,NO_EVENT,NA,NA,NA,NA,NA,NA,NA,NA,NA,NA
NEG_1234,1:2,0,2,West Khasi Block,25.134347,91.400832,5844.2,964.47,22.53,179.06,-0.000094,0.002648,5.2040,18.0045,10,Tree cover,0.830,30.3,49.5,1.44,4.8,Siliciclastic Sedimentary,SS,216.4,1248.5,NA,NA,NO_EVENT,NA,NA,NA,NA,NA,NA,NA,NA,NA,NA
NEG_1235,1:2,0,5,Jaintia Hills Block,25.613159,92.461992,918.7,1036.65,28.79,298.79,-0.002081,0.001567,4.2985,32.3976,60,Bare / sparse vegetation,0.221,27.5,38.4,1.30,4.5,Metamorphic,MT,13.3,3112.0,NA,NA,NO_EVENT,NA,NA,NA,NA,NA,NA,NA,NA,NA,NA
NEG_1236,1:2,0,1,Garo Hills Block,25.156683,90.713257,10097.7,126.06,15.48,161.42,0.002596,0.000962,5.8565,18.6732,10,Tree cover,0.829,30.2,51.8,1.44,5.2,Mixed Sedimentary,SM,67.0,323.9,NA,NA,NO_EVENT,NA,NA,NA,NA,NA,NA,NA,NA,NA,NA
NEG_1237,1:2,0,4,Ri-Bhoi Block,25.749664,92.004935,1489.7,1507.94,14.78,187.15,0.001248,0.001323,5.7721,34.8686,10,Tree cover,0.705,28.5,43.5,1.28,4.6,Metamorphic,MT,317.3,738.3,NA,NA,NO_EVENT,NA,NA,NA,NA,NA,NA,NA,NA,NA,NA
NEG_1238,1:2,0,4,Ri-Bhoi Block,25.819429,91.528850,6318.6,1186.26,22.31,130.27,-0.002067,0.000304,5.4356,31.5008,10,Tree cover,0.748,30.8,46.0,1.29,5.0,Metamorphic,MT,98.5,1707.1,NA,NA,NO_EVENT,NA,NA,NA,NA,NA,NA,NA,NA,NA,NA
NEG_1239,1:2,0,3,East Khasi Block,25.118590,91.894508,9666.4,1269.38,24.52,258.29,0.001132,0.002130,4.9820,18.3755,10,Tree cover,0.830,30.3,53.1,1.44,5.3,Siliciclastic Sedimentary,SS,81.1,109.1,NA,NA,NO_EVENT,NA,NA,NA,NA,NA,NA,NA,NA,NA,NA
NEG_1240,1:2,0,1,Garo Hills Block,25.140260,90.607349,8171.6,34.16,23.29,15.41,-0.000930,0.000281,5.1668,18.1010,10,Tree cover,0.830,30.3,52.9,1.44,5.0,Mixed Sedimentary,SM,24.3,101.1,NA,NA,NO_EVENT,NA,NA,NA,NA,NA,NA,NA,NA,NA,NA
NEG_1241,1:2,0,5,Jaintia Hills Block,25.491452,92.536473,2688.6,864.78,21.53,249.06,0.000800,0.002509,5.1052,19.8635,10,Tree cover,0.667,30.9,38.3,1.34,4.5,Metamorphic,MT,7.1,1800.2,NA,NA,NO_EVENT,NA,NA,NA,NA,NA,NA,NA,NA,NA,NA
NEG_1242,1:2,0,1,Garo Hills Block,26.024960,89.983133,44113.2,108.98,24.14,64.20,-0.001516,0.000561,5.2615,34.4812,10,Tree cover,0.830,23.0,53.0,1.42,5.4,Mixed Sedimentary,SM,103.6,422.5,NA,NA,NO_EVENT,NA,NA,NA,NA,NA,NA,NA,NA,NA,NA
NEG_1243,1:2,0,5,Jaintia Hills Block,25.087397,92.315590,2045.5,921.20,20.09,333.81,0.001722,-0.001175,5.2176,21.0356,10,Tree cover,0.826,36.7,31.6,1.31,5.4,Carbonate Sedimentary,SC,21.0,182.6,NA,NA,NO_EVENT,NA,NA,NA,NA,NA,NA,NA,NA,NA,NA
NEG_1244,1:2,0,4,Ri-Bhoi Block,26.081138,91.219422,26172.0,656.90,26.35,352.07,-0.004709,0.000135,4.8683,47.4221,10,Tree cover,0.824,34.3,40.2,1.38,4.6,Metamorphic,MT,53.1,1516.5,NA,NA,NO_EVENT,NA,NA,NA,NA,NA,NA,NA,NA,NA,NA
NEG_1245,1:2,0,1,Garo Hills Block,25.937491,89.884251,40265.5,25.00,19.23,46.22,-0.003088,0.000680,5.8541,18.5487,10,Tree cover,0.812,25.6,50.1,1.39,5.3,Mixed Sedimentary,SM,23.3,301.9,NA,NA,NO_EVENT,NA,NA,NA,NA,NA,NA,NA,NA,NA,NA
NEG_1246,1:2,0,1,Garo Hills Block,25.771843,90.629584,19089.5,53.99,21.45,63.52,0.001059,-0.001753,5.3270,39.8288,10,Tree cover,0.719,30.3,53.1,1.33,5.0,Mixed Sedimentary,SM,58.4,2010.4,NA,NA,NO_EVENT,NA,NA,NA,NA,NA,NA,NA,NA,NA,NA
NEG_1247,1:2,0,2,West Khasi Block,25.407725,91.340667,4143.6,1070.47,31.27,151.36,-0.002544,-0.001018,4.6511,42.5329,10,Tree cover,0.709,33.7,44.8,1.37,5.0,Metamorphic,MT,70.1,4835.8,NA,NA,NO_EVENT,NA,NA,NA,NA,NA,NA,NA,NA,NA,NA
NEG_1248,1:2,0,1,Garo Hills Block,25.366185,90.062858,1736.4,81.65,25.47,126.43,0.001257,-0.002201,5.2513,45.9506,10,Tree cover,0.734,23.7,52.4,1.39,5.4,Mixed Sedimentary,SM,182.5,66.4,NA,NA,NO_EVENT,NA,NA,NA,NA,NA,NA,NA,NA,NA,NA
NEG_1249,1:2,0,2,West Khasi Block,25.220323,91.531154,4741.5,1127.74,26.65,120.16,0.001478,0.001621,5.1752,31.2927,10,Tree cover,0.814,28.9,44.6,1.43,5.1,Siliciclastic Sedimentary,SS,57.1,428.4,NA,NA,NO_EVENT,NA,NA,NA,NA,NA,NA,NA,NA,NA,NA
NEG_1250,1:2,0,3,East Khasi Block,25.367707,91.631121,1760.4,1458.62,25.67,54.29,0.001688,0.001455,5.2311,45.9565,10,Tree cover,0.733,34.6,42.4,1.38,4.5,Metamorphic,MT,38.2,1382.9,NA,NA,NO_EVENT,NA,NA,NA,NA,NA,NA,NA,NA,NA,NA
NEG_1251,1:2,0,1,Garo Hills Block,25.503242,90.994631,9311.2,561.67,19.81,309.46,0.000758,0.001023,5.2016,18.7418,10,Tree cover,0.663,23.1,44.6,1.34,5.3,Mixed Sedimentary,SM,13.1,2737.5,NA,NA,NO_EVENT,NA,NA,NA,NA,NA,NA,NA,NA,NA,NA
NEG_1252,1:2,0,1,Garo Hills Block,25.710452,90.115661,7861.0,25.00,25.73,208.66,-0.004446,-0.000326,4.7477,48.6227,10,Tree cover,0.684,29.8,50.7,1.32,5.3,Mixed Sedimentary,SM,224.4,4908.7,NA,NA,NO_EVENT,NA,NA,NA,NA,NA,NA,NA,NA,NA,NA
NEG_1253,1:2,0,1,Garo Hills Block,25.064709,90.452551,24266.2,25.00,22.72,326.99,-0.003997,-0.000230,4.9308,25.3095,10,Tree cover,0.820,29.4,47.5,1.44,4.8,Mixed Sedimentary,SM,54.4,488.0,NA,NA,NO_EVENT,NA,NA,NA,NA,NA,NA,NA,NA,NA,NA
NEG_1254,1:2,0,2,West Khasi Block,25.073286,91.428570,11468.7,853.03,26.85,209.34,-0.001017,0.000248,4.6279,24.7559,10,Tree cover,0.822,29.6,48.2,1.44,4.9,Siliciclastic Sedimentary,SS,166.3,1979.1,NA,NA,NO_EVENT,NA,NA,NA,NA,NA,NA,NA,NA,NA,NA
NEG_1255,1:2,0,2,West Khasi Block,25.111740,91.254849,10144.6,815.31,15.60,291.97,-0.002103,-0.001412,5.6686,18.5235,10,Tree cover,0.829,30.2,53.1,1.44,4.8,Siliciclastic Sedimentary,SS,105.7,51.9,NA,NA,NO_EVENT,NA,NA,NA,NA,NA,NA,NA,NA,NA,NA
NEG_1256,1:2,0,2,West Khasi Block,25.337506,91.391708,6295.9,1046.21,23.27,137.20,0.003014,0.000895,5.4938,45.7976,10,Tree cover,0.752,35.1,46.2,1.38,5.1,Metamorphic,MT,170.4,3109.2,NA,NA,NO_EVENT,NA,NA,NA,NA,NA,NA,NA,NA,NA,NA
NEG_1257,1:2,0,5,Jaintia Hills Block,25.265439,92.228072,2331.5,1184.66,27.91,77.15,-0.000852,-0.000665,5.1554,43.5328,10,Tree cover,0.794,27.3,44.2,1.42,4.8,Siliciclastic Sedimentary,SS,103.4,966.7,NA,NA,NO_EVENT,NA,NA,NA,NA,NA,NA,NA,NA,NA,NA
NEG_1258,1:2,0,1,Garo Hills Block,25.631632,90.680494,11169.9,194.18,25.91,245.43,-0.000163,0.002802,4.5424,35.5345,10,Tree cover,0.655,27.5,52.6,1.32,5.1,Mixed Sedimentary,SM,136.8,4283.4,NA,NA,NO_EVENT,NA,NA,NA,NA,NA,NA,NA,NA,NA,NA
NEG_1259,1:2,0,3,East Khasi Block,25.253546,91.949157,3089.0,1400.86,31.25,120.21,0.000369,-0.002364,4.8740,43.3915,10,Tree cover,0.800,27.8,52.4,1.42,5.0,Siliciclastic Sedimentary,SS,41.4,11.9,NA,NA,NO_EVENT,NA,NA,NA,NA,NA,NA,NA,NA,NA,NA
NEG_1260,1:2,0,3,East Khasi Block,25.527185,91.880576,1312.0,1735.15,25.37,278.68,0.001844,-0.001328,4.6827,18.0059,10,Tree cover,0.769,22.8,61.2,1.31,4.6,Plutonic Acidic,PA,102.0,355.3,NA,NA,NO_EVENT,NA,NA,NA,NA,NA,NA,NA,NA,NA,NA
NEG_1261,1:2,0,1,Garo Hills Block,25.245830,90.206687,1240.8,87.76,26.21,135.13,0.001360,-0.001359,5.2651,37.4431,10,Tree cover,0.803,28.1,46.7,1.43,5.1,Mixed Sedimentary,SM,63.3,1048.9,NA,NA,NO_EVENT,NA,NA,NA,NA,NA,NA,NA,NA,NA,NA
NEG_1262,1:2,0,2,West Khasi Block,25.099724,91.048270,10220.3,504.99,22.61,338.82,0.000450,-0.002019,5.0615,19.8493,10,Tree cover,0.828,30.1,46.1,1.44,5.2,Siliciclastic Sedimentary,SS,100.8,219.7,NA,NA,NO_EVENT,NA,NA,NA,NA,NA,NA,NA,NA,NA,NA
NEG_1263,1:2,0,1,Garo Hills Block,25.272536,90.019492,12806.9,25.00,30.89,97.42,-0.000774,0.002517,4.9228,47.9841,10,Tree cover,0.790,27.1,53.1,1.42,5.4,Mixed Sedimentary,SM,145.6,754.8,NA,NA,NO_EVENT,NA,NA,NA,NA,NA,NA,NA,NA,NA,NA
NEG_1264,1:2,0,2,West Khasi Block,25.531200,91.508598,907.1,1313.07,15.23,229.61,-0.002057,0.001530,5.4829,18.0388,10,Tree cover,0.656,29.5,46.4,1.33,5.1,Metamorphic,MT,420.3,927.5,NA,NA,NO_EVENT,NA,NA,NA,NA,NA,NA,NA,NA,NA,NA
NEG_1265,1:2,0,5,Jaintia Hills Block,25.074691,92.061321,11139.6,1062.31,23.04,208.94,0.001545,-0.000340,4.9374,23.5464,10,Tree cover,0.823,29.7,48.0,1.44,5.0,Siliciclastic Sedimentary,SS,142.8,81.7,NA,NA,NO_EVENT,NA,NA,NA,NA,NA,NA,NA,NA,NA,NA
NEG_1266,1:2,0,1,Garo Hills Block,25.589328,90.512892,14698.5,63.77,21.94,313.52,-0.002926,-0.000937,4.8491,24.2992,10,Tree cover,0.650,25.8,50.1,1.32,4.8,Mixed Sedimentary,SM,73.7,307.1,NA,NA,NO_EVENT,NA,NA,NA,NA,NA,NA,NA,NA,NA,NA
NEG_1267,1:2,0,4,Ri-Bhoi Block,25.899116,92.440556,26868.6,925.97,32.34,54.02,0.000555,0.002661,4.8056,18.8919,60,Bare / sparse vegetation,0.307,33.5,38.8,1.32,4.5,Metamorphic,MT,2.0,1557.1,NA,NA,NO_EVENT,NA,NA,NA,NA,NA,NA,NA,NA,NA,NA
NEG_1268,1:2,0,2,West Khasi Block,25.438990,91.428235,2804.3,1185.49,31.45,175.47,0.000961,0.000578,4.5156,33.3509,10,Tree cover,0.691,32.7,46.8,1.36,5.1,Metamorphic,MT,46.4,882.7,NA,NA,NO_EVENT,NA,NA,NA,NA,NA,NA,NA,NA,NA,NA
NEG_1269,1:2,0,5,Jaintia Hills Block,25.554447,92.075524,2474.8,1637.28,17.55,222.38,0.002797,0.001028,5.2441,19.1139,10,Tree cover,0.652,28.8,45.9,1.32,4.8,Metamorphic,MT,174.9,2991.5,NA,NA,NO_EVENT,NA,NA,NA,NA,NA,NA,NA,NA,NA,NA
NEG_1270,1:2,0,4,Ri-Bhoi Block,26.084271,92.661768,22069.6,538.95,35.45,185.23,0.001809,0.000625,4.1278,58.1019,10,Tree cover,0.868,34.2,41.9,1.38,4.8,Metamorphic,MT,52.2,1844.7,NA,NA,NO_EVENT,NA,NA,NA,NA,NA,NA,NA,NA,NA,NA
NEG_1271,1:2,0,1,Garo Hills Block,25.566945,89.953727,2606.9,25.00,15.54,298.43,-0.004253,-0.000215,5.3839,19.9814,10,Tree cover,0.650,25.0,52.5,1.33,5.4,Mixed Sedimentary,SM,44.2,4632.9,NA,NA,NO_EVENT,NA,NA,NA,NA,NA,NA,NA,NA,NA,NA
NEG_1272,1:2,0,2,West Khasi Block,25.360355,91.508468,3105.3,1282.00,15.00,129.88,-0.002254,-0.001470,6.1046,34.8973,10,Tree cover,0.738,25.8,51.6,1.32,4.7,Plutonic Acidic,PA,219.5,1835.3,NA,NA,NO_EVENT,NA,NA,NA,NA,NA,NA,NA,NA,NA,NA
NEG_1273,1:2,0,1,Garo Hills Block,25.576219,90.088029,6392.3,47.56,24.39,232.91,0.004724,-0.000086,4.6641,22.5700,10,Tree cover,0.650,25.3,51.7,1.33,5.3,Mixed Sedimentary,SM,89.9,1189.3,NA,NA,NO_EVENT,NA,NA,NA,NA,NA,NA,NA,NA,NA,NA
NEG_1274,1:2,0,4,Ri-Bhoi Block,26.091271,91.521315,10062.2,929.31,26.02,196.72,-0.002665,-0.000956,4.8545,48.1591,10,Tree cover,0.822,34.1,46.1,1.38,5.0,Metamorphic,MT,143.0,1924.8,NA,NA,NO_EVENT,NA,NA,NA,NA,NA,NA,NA,NA,NA,NA
NEG_1275,1:2,0,1,Garo Hills Block,25.173649,90.755546,13059.9,236.17,20.32,156.94,0.003375,-0.000957,5.5335,20.5196,10,Tree cover,0.826,30.0,50.2,1.44,5.3,Mixed Sedimentary,SM,176.7,1238.0,NA,NA,NO_EVENT,NA,NA,NA,NA,NA,NA,NA,NA,NA,NA
NEG_1276,1:2,0,2,West Khasi Block,25.079529,91.598117,11330.0,1150.22,28.78,292.04,0.004683,-0.000189,4.4947,23.8896,10,Tree cover,0.824,29.8,44.2,1.44,5.2,Siliciclastic Sedimentary,SS,53.4,137.9,NA,NA,NO_EVENT,NA,NA,NA,NA,NA,NA,NA,NA,NA,NA
NEG_1277,1:2,0,1,Garo Hills Block,26.036641,90.709257,37348.7,80.01,22.44,150.92,-0.002503,-0.001179,5.3553,35.7661,10,Tree cover,0.830,22.8,51.9,1.42,5.2,Mixed Sedimentary,SM,181.2,2684.7,NA,NA,NO_EVENT,NA,NA,NA,NA,NA,NA,NA,NA,NA,NA
NEG_1278,1:2,0,4,Ri-Bhoi Block,26.077723,92.669847,21039.4,524.32,35.91,181.44,0.000886,0.000185,4.1172,57.4703,10,Tree cover,0.867,34.4,42.2,1.38,4.8,Metamorphic,MT,27.4,1430.0,NA,NA,NO_EVENT,NA,NA,NA,NA,NA,NA,NA,NA,NA,NA
NEG_1279,1:2,0,3,East Khasi Block,25.622005,91.826426,626.9,1732.28,28.12,301.65,0.001092,-0.002117,4.3569,34.4373,10,Tree cover,0.809,27.4,38.2,1.30,4.3,Metamorphic,MT,131.7,3055.5,NA,NA,NO_EVENT,NA,NA,NA,NA,NA,NA,NA,NA,NA,NA
NEG_1280,1:2,0,3,East Khasi Block,25.419254,91.773300,1340.0,1581.87,24.28,16.43,0.002178,-0.001577,5.1668,34.4304,10,Tree cover,0.702,33.3,38.3,1.37,4.3,Metamorphic,MT,129.7,617.5,NA,NA,NO_EVENT,NA,NA,NA,NA,NA,NA,NA,NA,NA,NA
NEG_1281,1:2,0,3,East Khasi Block,25.376142,91.866203,786.3,1679.22,25.95,68.88,0.000973,0.000442,5.1840,44.9324,10,Tree cover,0.728,34.5,38.8,1.38,4.3,Metamorphic,MT,40.8,3683.5,NA,NA,NO_EVENT,NA,NA,NA,NA,NA,NA,NA,NA,NA,NA
NEG_1282,1:2,0,4,Ri-Bhoi Block,25.940744,92.741406,14074.9,515.41,21.36,129.37,0.004875,-0.000026,5.6810,18.8291,10,Tree cover,0.813,34.5,44.9,1.34,5.0,Metamorphic,MT,3.3,247.1,NA,NA,NO_EVENT,NA,NA,NA,NA,NA,NA,NA,NA,NA,NA
NEG_1283,1:2,0,4,Ri-Bhoi Block,26.067320,92.511199,26998.4,720.62,27.48,42.23,-0.004134,0.000317,4.8332,46.4990,10,Tree cover,0.827,34.6,38.1,1.38,4.5,Metamorphic,MT,60.5,8060.9,NA,NA,NO_EVENT,NA,NA,NA,NA,NA,NA,NA,NA,NA,NA
NEG_1284,1:2,0,5,Jaintia Hills Block,25.187962,92.024212,667.2,1371.44,20.52,151.60,0.002818,-0.000465,5.5682,22.5010,10,Tree cover,0.823,40.7,24.5,1.33,6.0,Carbonate Sedimentary,SC,146.3,573.8,NA,NA,NO_EVENT,NA,NA,NA,NA,NA,NA,NA,NA,NA,NA
NEG_1285,1:2,0,2,West Khasi Block,25.055676,91.366561,14884.6,811.82,34.05,219.05,0.004567,-0.000234,3.9974,31.6601,10,Tree cover,0.817,29.2,50.9,1.43,4.8,Siliciclastic Sedimentary,SS,65.2,811.4,NA,NA,NO_EVENT,NA,NA,NA,NA,NA,NA,NA,NA,NA,NA
NEG_1286,1:2,0,4,Ri-Bhoi Block,25.962245,91.997654,3131.2,1215.48,15.04,133.98,0.004545,0.000273,6.1585,20.1552,10,Tree cover,0.820,34.9,43.2,1.35,4.9,Metamorphic,MT,124.5,11354.2,NA,NA,NO_EVENT,NA,NA,NA,NA,NA,NA,NA,NA,NA,NA
NEG_1287,1:2,0,5,Jaintia Hills Block,25.031579,92.001443,17224.6,1059.75,26.59,223.59,-0.002659,0.000934,4.5337,34.7163,10,Tree cover,0.808,28.5,50.6,1.43,5.1,Siliciclastic Sedimentary,SS,199.9,68.7,NA,NA,NO_EVENT,NA,NA,NA,NA,NA,NA,NA,NA,NA,NA
NEG_1288,1:2,0,1,Garo Hills Block,25.124919,90.339879,19101.4,57.29,23.65,337.62,0.000926,-0.000893,5.0767,18.1110,10,Tree cover,0.830,30.3,44.2,1.44,4.9,Mixed Sedimentary,SM,71.0,228.2,NA,NA,NO_EVENT,NA,NA,NA,NA,NA,NA,NA,NA,NA,NA
NEG_1289,1:2,0,4,Ri-Bhoi Block,25.939633,91.260388,13456.9,860.65,17.16,88.31,0.003665,-0.000482,6.0180,18.6029,10,Tree cover,0.812,34.5,41.7,1.34,4.7,Metamorphic,MT,55.1,1754.6,NA,NA,NO_EVENT,NA,NA,NA,NA,NA,NA,NA,NA,NA,NA
NEG_1290,1:2,0,1,Garo Hills Block,25.304959,89.934333,15265.5,48.16,17.42,56.21,-0.002395,-0.001013,6.0018,38.1345,10,Tree cover,0.772,25.8,52.0,1.41,5.4,Mixed Sedimentary,SM,28.5,3026.1,NA,NA,NO_EVENT,NA,NA,NA,NA,NA,NA,NA,NA,NA,NA
NEG_1291,1:2,0,4,Ri-Bhoi Block,25.843648,91.976416,5403.2,1427.93,27.48,135.58,-0.004281,0.000332,5.0957,28.3887,10,Tree cover,0.763,31.7,42.4,1.30,4.5,Metamorphic,MT,130.6,10590.7,NA,NA,NO_EVENT,NA,NA,NA,NA,NA,NA,NA,NA,NA,NA
NEG_1292,1:2,0,3,East Khasi Block,25.612639,91.843533,1465.0,1756.91,28.57,294.89,0.002464,-0.001021,4.3159,32.1469,10,Tree cover,0.797,27.5,38.4,1.30,4.3,Metamorphic,MT,90.1,1052.1,NA,NA,NO_EVENT,NA,NA,NA,NA,NA,NA,NA,NA,NA,NA
NEG_1293,1:2,0,4,Ri-Bhoi Block,25.695026,91.558676,3872.6,1433.08,26.72,253.10,-0.001552,-0.000228,4.6170,48.6164,10,Tree cover,0.677,27.4,45.1,1.28,4.7,Metamorphic,MT,129.6,7176.0,NA,NA,NO_EVENT,NA,NA,NA,NA,NA,NA,NA,NA,NA,NA
NEG_1294,1:2,0,1,Garo Hills Block,25.131554,90.317148,17084.5,47.01,23.98,198.07,0.000095,-0.002304,5.0769,18.0026,10,Tree cover,0.830,30.3,44.1,1.44,4.9,Mixed Sedimentary,SM,38.5,633.0,NA,NA,NO_EVENT,NA,NA,NA,NA,NA,NA,NA,NA,NA,NA
NEG_1295,1:2,0,3,East Khasi Block,25.176098,91.602480,1795.8,1141.26,27.36,59.45,-0.004363,-0.000222,4.9792,21.7941,10,Tree cover,0.826,29.9,44.2,1.44,5.2,Siliciclastic Sedimentary,SS,21.7,335.1,NA,NA,NO_EVENT,NA,NA,NA,NA,NA,NA,NA,NA,NA,NA
NEG_1296,1:2,0,3,East Khasi Block,25.263169,91.892206,1862.2,1404.88,34.30,90.37,0.000413,-0.002139,4.6419,48.7350,10,Tree cover,0.795,27.4,53.1,1.42,5.1,Siliciclastic Sedimentary,SS,107.1,1344.9,NA,NA,NO_EVENT,NA,NA,NA,NA,NA,NA,NA,NA,NA,NA
NEG_1297,1:2,0,2,West Khasi Block,25.122379,91.004689,8474.2,493.90,15.48,348.91,-0.001054,-0.001647,5.7202,18.1274,10,Tree cover,0.830,30.3,44.8,1.44,5.3,Siliciclastic Sedimentary,SS,30.7,1337.1,NA,NA,NO_EVENT,NA,NA,NA,NA,NA,NA,NA,NA,NA,NA
NEG_1298,1:2,0,2,West Khasi Block,25.153704,91.464453,2634.1,1068.08,16.76,167.04,0.002233,0.001172,5.7424,18.5604,10,Tree cover,0.829,30.2,46.7,1.44,4.9,Siliciclastic Sedimentary,SS,41.9,748.6,NA,NA,NO_EVENT,NA,NA,NA,NA,NA,NA,NA,NA,NA,NA
NEG_1299,1:2,0,4,Ri-Bhoi Block,26.062513,91.872373,2738.2,1152.21,35.05,33.57,0.004531,-0.000281,4.2467,53.1975,60,Bare / sparse vegetation,0.162,34.7,38.9,1.38,4.6,Metamorphic,MT,4.2,1049.3,NA,NA,NO_EVENT,NA,NA,NA,NA,NA,NA,NA,NA,NA,NA
NEG_1300,1:2,0,3,East Khasi Block,25.648422,91.737443,7926.8,1541.60,26.59,317.91,0.001595,-0.000209,4.5117,40.1213,10,Tree cover,0.660,27.2,38.9,1.29,4.3,Metamorphic,MT,73.1,403.0,NA,NA,NO_EVENT,NA,NA,NA,NA,NA,NA,NA,NA,NA,NA
NEG_1301,1:2,0,4,Ri-Bhoi Block,25.707050,91.509472,7235.5,1302.34,20.46,219.29,0.003862,0.000401,5.1575,42.2122,10,Tree cover,0.683,27.6,46.4,1.28,5.1,Metamorphic,MT,40.2,4528.0,NA,NA,NO_EVENT,NA,NA,NA,NA,NA,NA,NA,NA,NA,NA
NEG_1302,1:2,0,2,West Khasi Block,25.249251,91.268736,6034.2,834.98,27.00,93.41,0.000685,0.002328,5.2075,38.8845,10,Tree cover,0.802,27.9,53.1,1.43,4.8,Siliciclastic Sedimentary,SS,47.9,1494.3,NA,NA,NO_EVENT,NA,NA,NA,NA,NA,NA,NA,NA,NA,NA
NEG_1303,1:2,0,3,East Khasi Block,25.032324,91.773993,17392.3,1056.01,26.20,317.57,-0.001626,0.002021,4.5665,34.2838,10,Tree cover,0.809,39.4,21.2,1.31,5.7,Volcanic Basic,VB,45.4,1189.0,NA,NA,NO_EVENT,NA,NA,NA,NA,NA,NA,NA,NA,NA,NA
NEG_1304,1:2,0,4,Ri-Bhoi Block,25.731250,91.164508,4113.2,797.89,22.09,340.61,-0.000382,-0.002191,5.1153,44.3565,10,Tree cover,0.695,28.1,38.7,1.28,4.5,Metamorphic,MT,82.7,8386.9,NA,NA,NO_EVENT,NA,NA,NA,NA,NA,NA,NA,NA,NA,NA
NEG_1305,1:2,0,5,Jaintia Hills Block,25.123127,92.214474,1439.9,1106.77,19.77,312.25,-0.001004,0.001565,5.3800,18.1401,10,Tree cover,0.830,38.1,28.5,1.32,5.5,Carbonate Sedimentary,SC,98.6,428.9,NA,NA,NO_EVENT,NA,NA,NA,NA,NA,NA,NA,NA,NA,NA
NEG_1306,1:2,0,1,Garo Hills Block,25.446117,89.880651,13654.3,43.92,28.90,0.47,-0.003563,0.000041,4.6911,30.1889,10,Tree cover,0.687,22.5,50.0,1.36,5.3,Mixed Sedimentary,SM,45.2,2619.5,NA,NA,NO_EVENT,NA,NA,NA,NA,NA,NA,NA,NA,NA,NA
NEG_1307,1:2,0,2,West Khasi Block,25.556782,91.476549,3586.8,1314.83,14.77,226.47,-0.004553,-0.000190,5.4621,19.0911,10,Tree cover,0.651,28.7,46.8,1.32,5.1,Metamorphic,MT,31.5,3393.0,NA,NA,NO_EVENT,NA,NA,NA,NA,NA,NA,NA,NA,NA,NA
NEG_1308,1:2,0,3,East Khasi Block,25.566291,91.631393,1987.8,1473.75,24.57,298.93,0.004174,-0.000250,4.6625,21.0384,10,Tree cover,0.651,28.4,42.4,1.31,4.5,Metamorphic,MT,116.5,2931.4,NA,NA,NO_EVENT,NA,NA,NA,NA,NA,NA,NA,NA,NA,NA
NEG_1309,1:2,0,2,West Khasi Block,25.541985,91.550999,2747.3,1319.84,17.68,252.21,0.000449,0.002060,5.2600,18.3695,10,Tree cover,0.653,29.1,45.4,1.32,5.0,Metamorphic,MT,51.6,2560.7,NA,NA,NO_EVENT,NA,NA,NA,NA,NA,NA,NA,NA,NA,NA
NEG_1310,1:2,0,1,Garo Hills Block,25.386990,89.910538,15060.7,25.00,19.09,34.53,-0.000017,0.002989,5.6984,36.3348,10,Tree cover,0.721,23.2,51.2,1.38,5.4,Mixed Sedimentary,SM,74.2,306.7,NA,NA,NO_EVENT,NA,NA,NA,NA,NA,NA,NA,NA,NA,NA
NEG_1311,1:2,0,1,Garo Hills Block,25.183967,90.970562,7082.1,411.49,19.83,66.52,0.004643,0.000212,5.6097,21.7776,10,Tree cover,0.824,29.8,44.2,1.44,5.3,Mixed Sedimentary,SM,51.1,61.4,NA,NA,NO_EVENT,NA,NA,NA,NA,NA,NA,NA,NA,NA,NA
NEG_1312,1:2,0,1,Garo Hills Block,26.030341,90.831209,30931.7,187.95,31.09,154.85,0.001801,0.001507,4.6863,40.8054,10,Tree cover,0.830,22.9,46.9,1.42,5.4,Mixed Sedimentary,SM,157.8,1245.0,NA,NA,NO_EVENT,NA,NA,NA,NA,NA,NA,NA,NA,NA,NA
NEG_1313,1:2,0,5,Jaintia Hills Block,25.489860,92.533199,2323.0,869.54,21.91,252.35,0.001043,0.002371,5.0806,20.0733,10,Tree cover,0.668,30.9,38.3,1.34,4.5,Metamorphic,MT,157.5,1977.4,NA,NA,NO_EVENT,NA,NA,NA,NA,NA,NA,NA,NA,NA,NA
NEG_1314,1:2,0,1,Garo Hills Block,25.315632,90.590494,9832.5,71.44,25.71,66.02,0.004690,0.000134,5.3299,48.4957,10,Tree cover,0.766,25.4,52.7,1.41,5.0,Mixed Sedimentary,SM,43.9,6763.4,NA,NA,NO_EVENT,NA,NA,NA,NA,NA,NA,NA,NA,NA,NA
NEG_1315,1:2,0,1,Garo Hills Block,25.734996,90.629891,19406.4,122.90,22.85,281.10,-0.002397,-0.001461,5.0689,45.1151,10,Tree cover,0.697,30.2,53.1,1.33,5.0,Mixed Sedimentary,SM,202.2,2481.2,NA,NA,NO_EVENT,NA,NA,NA,NA,NA,NA,NA,NA,NA,NA
NEG_1316,1:2,0,1,Garo Hills Block,25.988194,90.351610,23745.9,113.36,23.52,68.36,-0.002843,0.000037,5.4242,25.9748,10,Tree cover,0.826,23.9,44.3,1.40,4.8,Mixed Sedimentary,SM,136.0,2948.4,NA,NA,NO_EVENT,NA,NA,NA,NA,NA,NA,NA,NA,NA,NA
NEG_1317,1:2,0,4,Ri-Bhoi Block,26.035227,91.289345,23803.6,832.69,25.62,123.51,-0.000360,0.002502,5.1061,37.9530,10,Tree cover,0.830,35.1,42.8,1.37,4.8,Metamorphic,MT,30.1,2618.4,NA,NA,NO_EVENT,NA,NA,NA,NA,NA,NA,NA,NA,NA,NA
NEG_1318,1:2,0,1,Garo Hills Block,25.440019,90.930061,4889.1,522.03,28.54,160.04,0.001499,0.000489,4.7443,31.6539,10,Tree cover,0.691,22.5,44.2,1.36,5.4,Mixed Sedimentary,SM,159.0,5006.0,NA,NA,NO_EVENT,NA,NA,NA,NA,NA,NA,NA,NA,NA,NA
NEG_1319,1:2,0,5,Jaintia Hills Block,25.437689,92.798067,17158.7,566.83,25.91,165.36,0.000556,-0.000680,4.9640,30.9653,10,Tree cover,0.692,32.7,46.4,1.36,5.1,Metamorphic,MT,120.6,2206.8,NA,NA,NO_EVENT,NA,NA,NA,NA,NA,NA,NA,NA,NA,NA
NEG_1320,1:2,0,5,Jaintia Hills Block,25.434585,92.746825,14224.9,622.15,30.07,170.89,0.004692,-0.000159,4.6435,33.9340,10,Tree cover,0.694,32.8,45.1,1.36,5.0,Metamorphic,MT,121.0,3613.5,NA,NA,NO_EVENT,NA,NA,NA,NA,NA,NA,NA,NA,NA,NA
NEG_1321,1:2,0,5,Jaintia Hills Block,25.033622,92.080211,13692.4,1011.73,29.99,221.35,0.002185,0.001666,4.2661,36.2660,10,Tree cover,0.809,28.5,47.2,1.43,4.9,Siliciclastic Sedimentary,SS,25.3,48.8,NA,NA,NO_EVENT,NA,NA,NA,NA,NA,NA,NA,NA,NA,NA
NEG_1322,1:2,0,1,Garo Hills Block,25.049958,90.815639,25662.9,128.22,33.60,217.14,0.002444,0.001192,4.0174,33.2453,10,Tree cover,0.815,29.0,47.5,1.43,5.4,Mixed Sedimentary,SM,65.6,118.2,NA,NA,NO_EVENT,NA,NA,NA,NA,NA,NA,NA,NA,NA,NA
NEG_1323,1:2,0,2,West Khasi Block,25.249088,91.563662,2739.2,1179.26,30.56,98.50,-0.000493,0.002639,4.9225,41.5925,10,Tree cover,0.802,27.9,44.1,1.43,5.1,Siliciclastic Sedimentary,SS,75.2,532.3,NA,NA,NO_EVENT,NA,NA,NA,NA,NA,NA,NA,NA,NA,NA
NEG_1324,1:2,0,5,Jaintia Hills Block,25.329462,92.615813,2659.8,753.97,19.94,131.59,0.004890,0.000025,5.7738,41.9278,10,Tree cover,0.757,35.1,40.2,1.38,4.6,Metamorphic,MT,42.3,6244.8,NA,NA,NO_EVENT,NA,NA,NA,NA,NA,NA,NA,NA,NA,NA
NEG_1325,1:2,0,4,Ri-Bhoi Block,25.970976,91.552567,841.7,1168.40,17.61,105.90,-0.000702,0.001510,5.9367,21.5560,10,Tree cover,0.822,35.0,45.3,1.35,5.0,Metamorphic,MT,219.1,7131.6,NA,NA,NO_EVENT,NA,NA,NA,NA,NA,NA,NA,NA,NA,NA
NEG_1326,1:2,0,2,West Khasi Block,25.516920,91.252232,877.8,888.17,17.29,279.70,-0.000780,0.001440,5.3591,18.0962,10,Tree cover,0.659,30.0,41.4,1.33,4.7,Metamorphic,MT,74.0,979.6,NA,NA,NO_EVENT,NA,NA,NA,NA,NA,NA,NA,NA,NA,NA
NEG_1327,1:2,0,2,West Khasi Block,25.071597,91.032954,13339.1,479.60,25.63,322.33,-0.001284,-0.000122,4.7200,24.7904,10,Tree cover,0.822,29.6,45.6,1.44,5.2,Siliciclastic Sedimentary,SS,21.6,349.4,NA,NA,NO_EVENT,NA,NA,NA,NA,NA,NA,NA,NA,NA,NA
NEG_1328,1:2,0,4,Ri-Bhoi Block,25.686817,92.392081,10321.9,1037.34,32.91,324.77,-0.003571,0.000564,4.0968,54.4804,10,Tree cover,0.673,27.3,40.1,1.28,4.6,Metamorphic,MT,145.4,6029.7,NA,NA,NO_EVENT,NA,NA,NA,NA,NA,NA,NA,NA,NA,NA
NEG_1329,1:2,0,4,Ri-Bhoi Block,25.848477,92.615274,30237.9,766.67,30.66,136.76,0.004083,0.000049,4.8540,28.2919,60,Bare / sparse vegetation,0.369,31.8,40.2,1.30,4.6,Metamorphic,MT,12.1,177.9,NA,NA,NO_EVENT,NA,NA,NA,NA,NA,NA,NA,NA,NA,NA
NEG_1330,1:2,0,3,East Khasi Block,25.251921,91.696194,1858.4,1401.83,30.33,45.05,0.000464,-0.002422,4.9452,42.1995,10,Tree cover,0.800,27.8,46.9,1.43,5.1,Siliciclastic Sedimentary,SS,171.7,644.4,NA,NA,NO_EVENT,NA,NA,NA,NA,NA,NA,NA,NA,NA,NA
NEG_1331,1:2,0,3,East Khasi Block,25.504760,91.670089,3375.7,1571.07,26.85,325.63,-0.000025,-0.002975,4.6333,18.8739,10,Tree cover,0.663,30.4,40.9,1.34,4.4,Metamorphic,MT,191.6,498.4,NA,NA,NO_EVENT,NA,NA,NA,NA,NA,NA,NA,NA,NA,NA
NEG_1332,1:2,0,1,Garo Hills Block,26.026793,90.808523,32069.1,141.85,28.97,154.73,0.000706,0.002572,4.8686,38.2825,10,Tree cover,0.830,22.9,47.9,1.42,5.4,Mixed Sedimentary,SM,155.2,448.9,NA,NA,NO_EVENT,NA,NA,NA,NA,NA,NA,NA,NA,NA,NA
NEG_1333,1:2,0,3,East Khasi Block,25.113258,91.767504,8369.2,1193.09,15.06,348.43,-0.001588,-0.001947,5.7178,18.4355,10,Tree cover,0.829,30.2,50.1,1.44,5.4,Siliciclastic Sedimentary,SS,199.1,359.0,NA,NA,NO_EVENT,NA,NA,NA,NA,NA,NA,NA,NA,NA,NA
NEG_1334,1:2,0,1,Garo Hills Block,25.464137,90.699674,1021.6,185.34,25.49,195.88,0.003361,-0.000843,4.8922,24.7857,10,Tree cover,0.679,22.6,52.2,1.36,5.2,Mixed Sedimentary,SM,139.7,195.4,NA,NA,NO_EVENT,NA,NA,NA,NA,NA,NA,NA,NA,NA,NA
NEG_1335,1:2,0,5,Jaintia Hills Block,25.140559,92.007060,5372.0,1258.73,14.50,175.12,0.000837,-0.001489,5.8712,18.0680,10,Tree cover,0.830,38.8,24.7,1.32,6.0,Carbonate Sedimentary,SC,205.7,851.7,NA,NA,NO_EVENT,NA,NA,NA,NA,NA,NA,NA,NA,NA,NA
NEG_1336,1:2,0,3,East Khasi Block,25.648318,91.818977,2624.8,1695.79,29.97,306.32,-0.000817,-0.002439,4.2411,42.9058,10,Tree cover,0.660,27.2,38.1,1.29,4.3,Metamorphic,MT,42.9,4179.2,NA,NA,NO_EVENT,NA,NA,NA,NA,NA,NA,NA,NA,NA,NA
NEG_1337,1:2,0,3,East Khasi Block,25.144112,91.931735,8905.7,1263.85,22.20,163.81,0.000304,0.002811,5.2694,18.2198,10,Tree cover,0.830,30.3,52.7,1.44,5.2,Siliciclastic Sedimentary,SS,38.3,90.9,NA,NA,NO_EVENT,NA,NA,NA,NA,NA,NA,NA,NA,NA,NA
NEG_1338,1:2,0,2,West Khasi Block,25.098099,91.034539,10387.9,500.42,21.22,335.76,-0.000833,-0.001897,5.1666,19.9062,10,Tree cover,0.827,30.1,45.6,1.44,5.2,Siliciclastic Sedimentary,SS,40.8,694.8,NA,NA,NO_EVENT,NA,NA,NA,NA,NA,NA,NA,NA,NA,NA
NEG_1339,1:2,0,1,Garo Hills Block,25.104551,89.863386,36628.6,25.00,20.93,344.31,0.003047,0.000775,5.2143,19.2559,10,Tree cover,0.828,30.1,49.2,1.44,5.3,Mixed Sedimentary,SM,145.3,791.0,NA,NA,NO_EVENT,NA,NA,NA,NA,NA,NA,NA,NA,NA,NA
NEG_1340,1:2,0,4,Ri-Bhoi Block,25.786123,91.871268,541.0,1481.68,25.03,50.87,0.002820,-0.000666,5.0968,40.7582,60,Bare / sparse vegetation,0.400,29.6,38.9,1.29,4.3,Metamorphic,MT,12.3,7147.6,NA,NA,NO_EVENT,NA,NA,NA,NA,NA,NA,NA,NA,NA,NA
NEG_1341,1:2,0,4,Ri-Bhoi Block,25.699903,91.436890,13982.5,1119.53,26.15,210.20,0.002008,-0.000115,4.6783,48.4277,60,Bare / sparse vegetation,0.340,27.5,46.8,1.28,5.1,Metamorphic,MT,10.7,2091.7,NA,NA,NO_EVENT,NA,NA,NA,NA,NA,NA,NA,NA,NA,NA
NEG_1342,1:2,0,2,West Khasi Block,25.135063,91.335520,8410.1,891.11,22.57,177.99,-0.000247,-0.001565,5.2037,18.0093,10,Tree cover,0.830,30.3,52.0,1.44,4.8,Siliciclastic Sedimentary,SS,51.7,2397.8,NA,NA,NO_EVENT,NA,NA,NA,NA,NA,NA,NA,NA,NA,NA
NEG_1343,1:2,0,2,West Khasi Block,25.391318,91.474980,638.5,1205.95,20.22,148.30,0.000882,0.000601,5.5935,36.7314,10,Tree cover,0.719,25.5,51.7,1.32,4.7,Plutonic Acidic,PA,89.4,782.3,NA,NA,NO_EVENT,NA,NA,NA,NA,NA,NA,NA,NA,NA,NA
NEG_1344,1:2,0,4,Ri-Bhoi Block,25.838167,92.721966,23218.6,656.96,31.41,142.26,-0.004226,0.000452,4.7660,31.4347,10,Tree cover,0.760,31.5,44.2,1.30,4.9,Metamorphic,MT,119.5,1773.4,NA,NA,NO_EVENT,NA,NA,NA,NA,NA,NA,NA,NA,NA,NA
NEG_1345,1:2,0,1,Garo Hills Block,26.099303,90.358512,35344.9,25.00,32.59,327.08,0.004070,0.000267,4.2974,56.5336,10,Tree cover,0.820,22.6,44.4,1.43,4.8,Mixed Sedimentary,SM,47.4,24.7,NA,NA,NO_EVENT,NA,NA,NA,NA,NA,NA,NA,NA,NA,NA
NEG_1346,1:2,0,5,Jaintia Hills Block,25.037575,92.287322,7146.2,928.69,25.77,311.80,-0.001076,0.002062,4.6126,32.7181,10,Tree cover,0.811,28.7,45.5,1.43,4.8,Siliciclastic Sedimentary,SS,73.2,113.9,NA,NA,NO_EVENT,NA,NA,NA,NA,NA,NA,NA,NA,NA,NA
NEG_1347,1:2,0,1,Garo Hills Block,25.605046,89.807184,17764.4,43.80,30.05,312.35,0.001684,-0.001898,4.1960,30.7517,60,Bare / sparse vegetation,0.211,26.4,46.8,1.32,5.2,Mixed Sedimentary,SM,0.5,953.6,NA,NA,NO_EVENT,NA,NA,NA,NA,NA,NA,NA,NA,NA,NA
NEG_1348,1:2,0,1,Garo Hills Block,25.546086,90.104106,9549.2,73.79,21.43,225.33,0.003931,-0.000149,4.9508,18.6952,10,Tree cover,0.653,24.3,51.1,1.33,5.3,Mixed Sedimentary,SM,334.8,148.4,NA,NA,NO_EVENT,NA,NA,NA,NA,NA,NA,NA,NA,NA,NA
NEG_1349,1:2,0,1,Garo Hills Block,26.010839,90.647980,32183.6,123.86,22.89,102.22,-0.000086,-0.002687,5.4089,30.5324,10,Tree cover,0.829,23.3,53.1,1.41,5.1,Mixed Sedimentary,SM,120.4,562.2,NA,NA,NO_EVENT,NA,NA,NA,NA,NA,NA,NA,NA,NA,NA
NEG_1350,1:2,0,4,Ri-Bhoi Block,25.833402,92.629264,30124.9,777.26,30.45,143.31,0.004517,0.000261,4.8288,32.3723,10,Tree cover,0.757,31.3,40.7,1.30,4.7,Metamorphic,MT,101.1,1118.0,NA,NA,NO_EVENT,NA,NA,NA,NA,NA,NA,NA,NA,NA,NA
NEG_1351,1:2,0,1,Garo Hills Block,25.166761,90.992821,5520.4,462.71,17.30,38.24,0.003582,-0.000599,5.7495,19.5001,10,Tree cover,0.827,30.1,44.5,1.44,5.3,Mixed Sedimentary,SM,68.9,1488.4,NA,NA,NO_EVENT,NA,NA,NA,NA,NA,NA,NA,NA,NA,NA
NEG_1352,1:2,0,4,Ri-Bhoi Block,25.652855,92.231018,7718.5,1399.57,29.53,285.81,0.002089,0.000416,4.2844,43.7082,10,Tree cover,0.661,27.2,45.9,1.29,5.0,Metamorphic,MT,90.4,3130.8,NA,NA,NO_EVENT,NA,NA,NA,NA,NA,NA,NA,NA,NA,NA
NEG_1353,1:2,0,2,West Khasi Block,25.027332,91.533368,14624.2,1018.43,27.62,243.87,-0.000754,0.002494,4.4426,36.4860,10,Tree cover,0.807,28.3,44.5,1.43,5.1,Siliciclastic Sedimentary,SS,31.9,1731.9,NA,NA,NO_EVENT,NA,NA,NA,NA,NA,NA,NA,NA,NA,NA
NEG_1354,1:2,0,3,East Khasi Block,25.102030,91.807759,10666.4,1209.57,19.24,337.87,0.000895,-0.002086,5.3399,19.3658,10,Tree cover,0.828,30.1,51.6,1.44,5.4,Siliciclastic Sedimentary,SS,97.4,377.6,NA,NA,NO_EVENT,NA,NA,NA,NA,NA,NA,NA,NA,NA,NA
NEG_1355,1:2,0,4,Ri-Bhoi Block,25.722374,91.723778,4960.7,1466.28,19.44,339.22,0.003969,-0.000451,5.2939,41.3275,10,Tree cover,0.690,27.9,39.2,1.28,4.3,Metamorphic,MT,169.5,950.1,NA,NA,NO_EVENT,NA,NA,NA,NA,NA,NA,NA,NA,NA,NA
NEG_1356,1:2,0,1,Garo Hills Block,25.055103,89.986793,31890.3,123.39,28.32,285.71,-0.004467,0.000310,4.4541,29.5086,10,Tree cover,0.817,29.2,53.0,1.43,5.4,Mixed Sedimentary,SM,60.1,519.1,NA,NA,NO_EVENT,NA,NA,NA,NA,NA,NA,NA,NA,NA,NA
NEG_1357,1:2,0,3,East Khasi Block,25.559799,91.931723,1881.1,1730.65,22.03,246.63,-0.001027,-0.000919,4.8760,19.9475,10,Tree cover,0.729,28.6,40.7,1.32,4.4,Metamorphic,MT,38.9,1409.3,NA,NA,NO_EVENT,NA,NA,NA,NA,NA,NA,NA,NA,NA,NA
NEG_1358,1:2,0,4,Ri-Bhoi Block,25.981166,92.472693,24795.2,871.36,20.25,60.62,0.003248,-0.000820,5.7031,23.6717,10,Tree cover,0.825,35.1,38.3,1.35,4.5,Metamorphic,MT,71.9,459.8,NA,NA,NO_EVENT,NA,NA,NA,NA,NA,NA,NA,NA,NA,NA
NEG_1359,1:2,0,3,East Khasi Block,25.540898,91.731643,3085.3,1722.75,15.47,321.07,-0.003504,-0.000153,5.4394,18.2824,10,Tree cover,0.840,29.2,39.0,1.32,4.3,Metamorphic,MT,152.2,269.0,NA,NA,NO_EVENT,NA,NA,NA,NA,NA,NA,NA,NA,NA,NA
NEG_1360,1:2,0,1,Garo Hills Block,25.491055,89.990178,4449.3,25.00,26.06,290.97,0.002095,0.000979,4.7443,20.3073,10,Tree cover,0.667,22.9,53.0,1.35,5.4,Mixed Sedimentary,SM,275.5,187.6,NA,NA,NO_EVENT,NA,NA,NA,NA,NA,NA,NA,NA,NA,NA
NEG_1361,1:2,0,3,East Khasi Block,25.558021,91.873390,644.1,1772.29,23.64,281.41,0.004420,-0.000346,4.7503,19.8840,10,Tree cover,0.774,22.0,61.1,1.30,4.6,Plutonic Acidic,PA,133.6,2150.2,NA,NA,NO_EVENT,NA,NA,NA,NA,NA,NA,NA,NA,NA,NA
NEG_1362,1:2,0,4,Ri-Bhoi Block,25.927035,91.186960,8732.3,746.13,21.62,55.24,0.001834,0.001443,5.6688,18.1312,10,Tree cover,0.807,34.2,39.2,1.33,4.6,Metamorphic,MT,83.9,2485.1,NA,NA,NO_EVENT,NA,NA,NA,NA,NA,NA,NA,NA,NA,NA
NEG_1363,1:2,0,3,East Khasi Block,25.155479,91.630093,3039.5,1177.71,25.34,24.15,-0.002321,0.001281,5.0630,18.9951,10,Tree cover,0.829,30.2,44.7,1.44,5.3,Siliciclastic Sedimentary,SS,177.2,272.8,NA,NA,NO_EVENT,NA,NA,NA,NA,NA,NA,NA,NA,NA,NA
NEG_1364,1:2,0,4,Ri-Bhoi Block,25.799607,92.181287,3800.9,1249.97,26.50,122.78,-0.000711,-0.001686,5.0304,38.9879,10,Tree cover,0.736,30.1,46.8,1.29,5.1,Metamorphic,MT,156.3,3080.2,NA,NA,NO_EVENT,NA,NA,NA,NA,NA,NA,NA,NA,NA,NA
NEG_1365,1:2,0,4,Ri-Bhoi Block,25.715574,91.481361,9470.0,1222.64,19.21,208.19,0.004532,-0.000057,5.2875,40.9951,10,Tree cover,0.687,27.8,46.8,1.28,5.1,Metamorphic,MT,92.9,2354.9,NA,NA,NO_EVENT,NA,NA,NA,NA,NA,NA,NA,NA,NA,NA
NEG_1366,1:2,0,4,Ri-Bhoi Block,25.920815,91.025581,10389.5,546.21,22.74,55.29,0.001618,-0.001783,5.5807,18.0125,10,Tree cover,0.805,34.1,39.2,1.33,4.6,Metamorphic,MT,190.6,4013.4,NA,NA,NO_EVENT,NA,NA,NA,NA,NA,NA,NA,NA,NA,NA
NEG_1367,1:2,0,5,Jaintia Hills Block,25.099592,92.839898,4068.7,417.52,18.14,280.16,0.002957,-0.001210,5.4186,19.4953,10,Tree cover,0.828,30.1,44.1,1.44,5.2,Siliciclastic Sedimentary,SS,45.6,98.2,NA,NA,NO_EVENT,NA,NA,NA,NA,NA,NA,NA,NA,NA,NA
NEG_1368,1:2,0,5,Jaintia Hills Block,25.341478,92.257146,9445.6,1284.37,15.02,60.51,-0.003839,-0.000697,6.1462,35.8476,10,Tree cover,0.750,35.0,45.1,1.38,5.0,Metamorphic,MT,244.7,1157.8,NA,NA,NO_EVENT,NA,NA,NA,NA,NA,NA,NA,NA,NA,NA
NEG_1369,1:2,0,2,West Khasi Block,25.589797,91.246775,1196.7,939.23,17.66,279.42,-0.004231,-0.000457,5.1912,23.1383,10,Tree cover,0.650,27.9,41.2,1.31,4.7,Metamorphic,MT,103.5,2816.7,NA,NA,NO_EVENT,NA,NA,NA,NA,NA,NA,NA,NA,NA,NA
NEG_1370,1:2,0,4,Ri-Bhoi Block,25.783579,92.008658,3009.5,1502.44,15.59,166.37,-0.002246,0.001370,5.8421,32.4972,10,Tree cover,0.726,29.5,43.7,1.29,4.6,Metamorphic,MT,3.0,3364.3,NA,NA,NO_EVENT,NA,NA,NA,NA,NA,NA,NA,NA,NA,NA
NEG_1371,1:2,0,2,West Khasi Block,25.427292,91.471805,3182.1,1236.52,26.01,167.38,0.004234,0.000396,4.9971,33.5993,10,Tree cover,0.698,33.1,46.9,1.37,5.1,Metamorphic,MT,166.7,2588.4,NA,NA,NO_EVENT,NA,NA,NA,NA,NA,NA,NA,NA,NA,NA
NEG_1372,1:2,0,5,Jaintia Hills Block,25.367220,92.078250,2792.6,1401.96,19.46,143.22,0.001378,-0.002022,5.7293,39.2458,10,Tree cover,0.734,34.6,45.9,1.38,4.8,Metamorphic,MT,350.3,605.0,NA,NA,NO_EVENT,NA,NA,NA,NA,NA,NA,NA,NA,NA,NA
NEG_1373,1:2,0,3,East Khasi Block,25.152253,91.737788,4666.7,1290.90,15.74,10.98,0.002335,-0.000217,5.8184,18.4565,10,Tree cover,0.829,30.2,48.7,1.44,5.4,Siliciclastic Sedimentary,SS,106.2,142.0,NA,NA,NO_EVENT,NA,NA,NA,NA,NA,NA,NA,NA,NA,NA
NEG_1374,1:2,0,5,Jaintia Hills Block,25.525837,92.640327,10248.1,848.17,23.89,217.25,0.001554,-0.001680,4.8048,18.0003,10,Tree cover,0.657,29.7,41.1,1.33,4.7,Metamorphic,MT,59.8,542.2,NA,NA,NO_EVENT,NA,NA,NA,NA,NA,NA,NA,NA,NA,NA
NEG_1375,1:2,0,2,West Khasi Block,25.229888,91.209052,2072.0,772.22,26.94,58.00,0.002753,-0.001225,5.1751,33.8981,10,Tree cover,0.810,28.6,52.5,1.43,4.9,Siliciclastic Sedimentary,SS,175.6,901.8,NA,NA,NO_EVENT,NA,NA,NA,NA,NA,NA,NA,NA,NA,NA
NEG_1376,1:2,0,3,East Khasi Block,25.566713,91.716559,2148.1,1673.96,17.16,316.57,-0.004457,-0.000190,5.2547,20.1645,10,Tree cover,0.650,28.4,39.4,1.31,4.3,Metamorphic,MT,422.7,483.2,NA,NA,NO_EVENT,NA,NA,NA,NA,NA,NA,NA,NA,NA,NA
NEG_1377,1:2,0,3,East Khasi Block,25.642887,91.722960,7402.8,1536.48,27.43,317.03,0.000892,0.000839,4.4355,39.4528,10,Tree cover,0.658,27.2,39.2,1.29,4.3,Metamorphic,MT,38.7,888.0,NA,NA,NO_EVENT,NA,NA,NA,NA,NA,NA,NA,NA,NA,NA
NEG_1378,1:2,0,1,Garo Hills Block,25.654083,90.397804,1841.5,47.18,29.62,308.44,-0.000940,0.002434,4.2796,44.0965,10,Tree cover,0.661,28.3,45.4,1.32,4.8,Mixed Sedimentary,SM,257.8,480.5,NA,NA,NO_EVENT,NA,NA,NA,NA,NA,NA,NA,NA,NA,NA
NEG_1379,1:2,0,1,Garo Hills Block,25.887531,90.966063,10171.2,439.95,24.89,79.96,0.000094,0.001061,5.3902,19.7554,10,Tree cover,0.789,27.6,44.2,1.37,5.3,Mixed Sedimentary,SM,60.6,613.0,NA,NA,NO_EVENT,NA,NA,NA,NA,NA,NA,NA,NA,NA,NA
NEG_1380,1:2,0,2,West Khasi Block,25.486678,91.421748,4814.0,1263.04,28.60,201.18,0.000095,-0.002514,4.5571,21.1958,10,Tree cover,0.669,31.0,46.7,1.35,5.1,Metamorphic,MT,61.2,2104.8,NA,NA,NO_EVENT,NA,NA,NA,NA,NA,NA,NA,NA,NA,NA
NEG_1381,1:2,0,1,Garo Hills Block,25.626677,89.927371,8147.4,44.46,23.78,306.16,-0.000396,0.002726,4.7079,32.9667,10,Tree cover,0.654,27.3,51.8,1.32,5.4,Mixed Sedimentary,SM,158.4,92.6,NA,NA,NO_EVENT,NA,NA,NA,NA,NA,NA,NA,NA,NA,NA
NEG_1382,1:2,0,1,Garo Hills Block,25.049080,90.817220,25845.3,131.07,33.82,217.47,0.002555,0.001206,3.9974,33.6222,60,Bare / sparse vegetation,0.179,29.0,47.5,1.43,5.4,Mixed Sedimentary,SM,10.6,179.2,NA,NA,NO_EVENT,NA,NA,NA,NA,NA,NA,NA,NA,NA,NA
NEG_1383,1:2,0,5,Jaintia Hills Block,25.557152,92.802113,25207.9,504.04,14.13,250.61,-0.000062,0.001127,5.5127,19.0681,10,Tree cover,0.651,28.7,46.5,1.32,5.1,Metamorphic,MT,490.7,6495.9,NA,NA,NO_EVENT,NA,NA,NA,NA,NA,NA,NA,NA,NA,NA
NEG_1384,1:2,0,4,Ri-Bhoi Block,25.684330,91.631207,1312.8,1494.53,34.00,306.42,-0.003985,0.000542,4.0023,55.2442,10,Tree cover,0.672,27.3,42.4,1.28,4.5,Metamorphic,MT,55.0,4222.3,NA,NA,NO_EVENT,NA,NA,NA,NA,NA,NA,NA,NA,NA,NA
NEG_1385,1:2,0,5,Jaintia Hills Block,25.117648,92.239721,624.9,1082.26,17.20,335.72,-0.001838,-0.000178,5.5639,18.2994,10,Tree cover,0.829,37.9,29.5,1.32,5.4,Carbonate Sedimentary,SC,77.2,631.5,NA,NA,NO_EVENT,NA,NA,NA,NA,NA,NA,NA,NA,NA,NA
NEG_1386,1:2,0,5,Jaintia Hills Block,25.069470,92.349334,1448.9,831.48,26.88,329.17,0.004718,0.000011,4.6131,25.5821,10,Tree cover,0.821,29.5,48.0,1.44,4.9,Siliciclastic Sedimentary,SS,28.5,233.2,NA,NA,NO_EVENT,NA,NA,NA,NA,NA,NA,NA,NA,NA,NA
NEG_1387,1:2,0,2,West Khasi Block,25.049806,91.252973,16920.1,809.95,25.12,277.93,-0.003785,0.000728,4.6954,29.4332,10,Tree cover,0.815,29.0,53.1,1.43,4.8,Siliciclastic Sedimentary,SS,170.2,355.3,NA,NA,NO_EVENT,NA,NA,NA,NA,NA,NA,NA,NA,NA,NA
NEG_1388,1:2,0,5,Jaintia Hills Block,25.134271,92.172832,1597.5,1136.03,23.47,177.29,-0.000007,0.002996,5.1285,18.0042,60,Bare / sparse vegetation,0.282,38.6,27.0,1.32,5.5,Carbonate Sedimentary,SC,10.3,667.2,NA,NA,NO_EVENT,NA,NA,NA,NA,NA,NA,NA,NA,NA,NA
NEG_1389,1:2,0,4,Ri-Bhoi Block,25.688586,91.966782,2386.6,1626.72,27.25,224.14,0.004315,0.000328,4.5548,48.4465,10,Tree cover,0.674,27.4,42.0,1.28,4.5,Metamorphic,MT,57.8,161.7,NA,NA,NO_EVENT,NA,NA,NA,NA,NA,NA,NA,NA,NA,NA
NEG_1390,1:2,0,2,West Khasi Block,25.310657,91.516641,2913.3,1252.82,16.94,120.27,-0.003234,0.000582,6.0361,37.8891,10,Tree cover,0.769,25.6,44.9,1.41,5.0,Siliciclastic Sedimentary,SS,91.8,1288.6,NA,NA,NO_EVENT,NA,NA,NA,NA,NA,NA,NA,NA,NA,NA
NEG_1391,1:2,0,5,Jaintia Hills Block,25.585839,92.721494,17151.6,689.82,24.30,227.46,-0.004240,0.000432,4.6626,24.2945,10,Tree cover,0.650,28.0,44.2,1.31,4.9,Metamorphic,MT,26.8,117.3,NA,NA,NO_EVENT,NA,NA,NA,NA,NA,NA,NA,NA,NA,NA
NEG_1392,1:2,0,4,Ri-Bhoi Block,25.960469,92.085758,3087.7,1160.25,19.01,135.63,-0.003852,0.000485,5.8439,20.5175,10,Tree cover,0.819,34.9,46.1,1.35,5.0,Metamorphic,MT,173.1,2998.7,NA,NA,NO_EVENT,NA,NA,NA,NA,NA,NA,NA,NA,NA,NA
NEG_1393,1:2,0,3,East Khasi Block,25.438833,91.839885,1746.9,1691.53,32.45,9.26,-0.004282,-0.000292,4.4362,33.8871,10,Tree cover,0.691,32.7,38.3,1.36,4.3,Metamorphic,MT,100.2,632.9,NA,NA,NO_EVENT,NA,NA,NA,NA,NA,NA,NA,NA,NA,NA
NEG_1394,1:2,0,1,Garo Hills Block,25.056102,90.936656,18315.3,441.58,25.99,259.85,-0.002148,-0.000903,4.6434,28.3265,10,Tree cover,0.817,29.2,44.1,1.43,5.4,Mixed Sedimentary,SM,127.0,561.6,NA,NA,NO_EVENT,NA,NA,NA,NA,NA,NA,NA,NA,NA,NA
NEG_1395,1:2,0,3,East Khasi Block,25.184544,91.698994,1934.7,1334.50,24.45,27.84,0.003036,0.000634,5.2421,22.7570,10,Tree cover,0.824,29.8,47.0,1.44,5.4,Siliciclastic Sedimentary,SS,23.4,219.9,NA,NA,NO_EVENT,NA,NA,NA,NA,NA,NA,NA,NA,NA,NA
NEG_1396,1:2,0,5,Jaintia Hills Block,25.565336,92.031766,2855.3,1692.43,14.62,223.22,-0.002017,0.000492,5.4599,19.7273,10,Tree cover,0.651,28.5,44.5,1.31,4.7,Metamorphic,MT,14.8,1098.7,NA,NA,NO_EVENT,NA,NA,NA,NA,NA,NA,NA,NA,NA,NA
NEG_1397,1:2,0,4,Ri-Bhoi Block,25.862379,91.694820,7378.7,1395.12,31.02,42.61,-0.001563,0.002061,4.8578,24.9288,10,Tree cover,0.775,32.3,40.1,1.31,4.6,Metamorphic,MT,32.9,4160.7,NA,NA,NO_EVENT,NA,NA,NA,NA,NA,NA,NA,NA,NA,NA
NEG_1398,1:2,0,1,Garo Hills Block,25.063837,90.883421,21238.0,318.84,30.82,226.16,0.003735,-0.000297,4.2801,28.1449,10,Tree cover,0.820,29.4,45.0,1.43,5.4,Mixed Sedimentary,SM,71.4,917.2,NA,NA,NO_EVENT,NA,NA,NA,NA,NA,NA,NA,NA,NA,NA
NEG_1399,1:2,0,1,Garo Hills Block,25.029809,90.968616,19366.3,450.30,26.06,282.75,-0.002573,-0.000742,4.5724,34.8249,10,Tree cover,0.808,28.4,44.2,1.43,5.3,Mixed Sedimentary,SM,198.9,335.2,NA,NA,NO_EVENT,NA,NA,NA,NA,NA,NA,NA,NA,NA,NA
NEG_1400,1:2,0,5,Jaintia Hills Block,25.521614,92.295827,4919.1,1285.88,16.46,319.08,-0.000152,0.002853,5.4114,18.0185,10,Tree cover,0.658,29.8,43.8,1.33,4.9,Metamorphic,MT,86.2,1454.9,NA,NA,NO_EVENT,NA,NA,NA,NA,NA,NA,NA,NA,NA,NA
NEG_1401,1:2,0,5,Jaintia Hills Block,25.389362,92.335640,5891.4,1107.20,22.41,29.46,-0.000513,-0.001869,5.4249,39.1097,10,Tree cover,0.720,34.2,42.2,1.37,4.8,Metamorphic,MT,170.3,1997.2,NA,NA,NO_EVENT,NA,NA,NA,NA,NA,NA,NA,NA,NA,NA
NEG_1402,1:2,0,4,Ri-Bhoi Block,25.785529,92.029471,1324.8,1496.51,15.62,166.14,-0.001326,0.002179,5.8473,32.2783,10,Tree cover,0.727,29.6,44.4,1.29,4.7,Metamorphic,MT,54.1,2278.2,NA,NA,NO_EVENT,NA,NA,NA,NA,NA,NA,NA,NA,NA,NA
NEG_1403,1:2,0,1,Garo Hills Block,25.300792,89.951378,14167.1,53.31,18.82,62.17,-0.003609,-0.000824,5.8920,39.4462,10,Tree cover,0.775,26.0,52.4,1.41,5.4,Mixed Sedimentary,SM,22.5,4797.2,NA,NA,NO_EVENT,NA,NA,NA,NA,NA,NA,NA,NA,NA,NA
NEG_1404,1:2,0,3,East Khasi Block,25.509596,91.794563,2069.3,1746.87,19.73,324.58,0.000001,0.002993,5.1869,18.3784,10,Tree cover,0.826,30.2,38.1,1.34,4.3,Metamorphic,MT,331.2,738.8,NA,NA,NO_EVENT,NA,NA,NA,NA,NA,NA,NA,NA,NA,NA
NEG_1405,1:2,0,3,East Khasi Block,25.229493,91.937970,2520.8,1346.38,33.04,118.52,0.001209,-0.002094,4.6862,37.3727,10,Tree cover,0.810,28.6,52.6,1.43,5.2,Siliciclastic Sedimentary,SS,23.7,484.6,NA,NA,NO_EVENT,NA,NA,NA,NA,NA,NA,NA,NA,NA,NA
NEG_1406,1:2,0,5,Jaintia Hills Block,25.071134,92.811279,8128.5,455.93,21.66,248.65,0.001070,-0.000090,5.0361,23.8188,10,Tree cover,0.822,29.6,44.2,1.44,5.3,Siliciclastic Sedimentary,SS,76.9,456.9,NA,NA,NO_EVENT,NA,NA,NA,NA,NA,NA,NA,NA,NA,NA
NEG_1407,1:2,0,2,West Khasi Block,25.506366,91.198005,1058.4,872.55,20.77,317.31,0.000279,-0.002238,5.1143,18.5759,10,Tree cover,0.662,30.3,39.5,1.34,4.6,Metamorphic,MT,11.8,160.5,NA,NA,NO_EVENT,NA,NA,NA,NA,NA,NA,NA,NA,NA,NA
NEG_1408,1:2,0,5,Jaintia Hills Block,25.163326,92.236798,711.1,1073.71,19.26,44.58,0.003461,0.000020,5.5796,19.3562,10,Tree cover,0.828,39.8,29.4,1.33,5.4,Carbonate Sedimentary,SC,230.4,446.9,NA,NA,NO_EVENT,NA,NA,NA,NA,NA,NA,NA,NA,NA,NA
NEG_1409,1:2,0,1,Garo Hills Block,25.161307,90.907697,13772.8,352.96,21.33,145.00,-0.000810,0.002197,5.4063,19.3136,10,Tree cover,0.828,30.1,44.5,1.44,5.4,Mixed Sedimentary,SM,314.3,65.1,NA,NA,NO_EVENT,NA,NA,NA,NA,NA,NA,NA,NA,NA,NA
NEG_1410,1:2,0,5,Jaintia Hills Block,25.476904,92.104004,3053.0,1541.60,30.61,199.16,-0.003594,0.000381,4.4330,23.2653,10,Tree cover,0.673,31.4,46.5,1.35,4.8,Metamorphic,MT,75.3,402.8,NA,NA,NO_EVENT,NA,NA,NA,NA,NA,NA,NA,NA,NA,NA
NEG_1411,1:2,0,4,Ri-Bhoi Block,25.844901,91.880077,824.1,1354.84,34.67,81.22,0.003801,0.000718,4.5238,30.7207,10,Tree cover,0.764,31.7,39.1,1.30,4.6,Metamorphic,MT,300.1,3137.4,NA,NA,NO_EVENT,NA,NA,NA,NA,NA,NA,NA,NA,NA,NA
NEG_1412,1:2,0,2,West Khasi Block,25.105723,91.075725,10162.8,527.78,24.59,344.37,0.002263,-0.001616,4.9260,19.3573,10,Tree cover,0.828,30.2,47.3,1.44,5.2,Siliciclastic Sedimentary,SS,146.4,29.8,NA,NA,NO_EVENT,NA,NA,NA,NA,NA,NA,NA,NA,NA,NA
NEG_1413,1:2,0,1,Garo Hills Block,25.224364,90.027853,17789.8,25.00,34.21,104.87,0.000948,0.001914,4.5805,36.3783,10,Tree cover,0.812,28.8,53.0,1.43,5.4,Mixed Sedimentary,SM,357.4,2906.6,NA,NA,NO_EVENT,NA,NA,NA,NA,NA,NA,NA,NA,NA,NA
NEG_1414,1:2,0,5,Jaintia Hills Block,25.290504,92.799601,10711.3,513.18,19.98,108.67,-0.000274,0.002079,5.8016,39.7629,10,Tree cover,0.780,26.4,44.4,1.42,5.3,Siliciclastic Sedimentary,SS,69.3,948.6,NA,NA,NO_EVENT,NA,NA,NA,NA,NA,NA,NA,NA,NA,NA
NEG_1415,1:2,0,3,East Khasi Block,25.579575,91.927029,1894.4,1741.96,24.29,250.32,-0.000495,0.000520,4.6687,23.1336,10,Tree cover,0.732,28.1,40.5,1.31,4.4,Metamorphic,MT,234.3,1124.1,NA,NA,NO_EVENT,NA,NA,NA,NA,NA,NA,NA,NA,NA,NA
NEG_1416,1:2,0,4,Ri-Bhoi Block,26.099349,91.883620,1510.6,1041.95,34.40,288.42,0.003430,0.000942,4.1524,58.6774,10,Tree cover,0.820,33.9,39.2,1.38,4.6,Metamorphic,MT,148.4,3543.1,NA,NA,NO_EVENT,NA,NA,NA,NA,NA,NA,NA,NA,NA,NA
NEG_1417,1:2,0,3,East Khasi Block,25.513935,91.846789,3555.5,1729.65,24.82,304.88,0.000495,0.000979,4.7659,18.2516,10,Tree cover,0.795,23.1,60.9,1.31,4.6,Plutonic Acidic,PA,290.2,454.3,NA,NA,NO_EVENT,NA,NA,NA,NA,NA,NA,NA,NA,NA,NA
NEG_1418,1:2,0,4,Ri-Bhoi Block,25.955220,92.749811,12583.8,500.06,18.74,128.69,0.004796,0.000105,5.8736,19.9215,10,Tree cover,0.818,34.8,45.2,1.34,5.0,Metamorphic,MT,110.1,767.8,NA,NA,NO_EVENT,NA,NA,NA,NA,NA,NA,NA,NA,NA,NA
NEG_1419,1:2,0,3,East Khasi Block,25.597442,91.805083,3066.2,1727.61,21.41,307.33,0.000782,-0.001715,4.8881,25.6224,10,Tree cover,0.821,27.7,38.1,1.30,4.3,Metamorphic,MT,178.9,780.3,NA,NA,NO_EVENT,NA,NA,NA,NA,NA,NA,NA,NA,NA,NA
NEG_1420,1:2,0,2,West Khasi Block,25.520290,91.561085,2340.2,1321.51,21.07,256.35,0.000480,0.002693,5.0465,18.0429,10,Tree cover,0.658,29.8,45.1,1.33,5.0,Metamorphic,MT,314.9,378.8,NA,NA,NO_EVENT,NA,NA,NA,NA,NA,NA,NA,NA,NA,NA
NEG_1421,1:2,0,1,Garo Hills Block,25.492414,90.516025,14485.3,93.51,26.09,334.66,0.001214,0.002221,4.7370,20.1352,10,Tree cover,0.667,22.9,50.3,1.35,4.8,Mixed Sedimentary,SM,63.6,1734.4,NA,NA,NO_EVENT,NA,NA,NA,NA,NA,NA,NA,NA,NA,NA
NEG_1422,1:2,0,1,Garo Hills Block,25.038519,90.956752,18971.1,452.26,26.19,275.39,-0.002931,-0.001187,4.5813,32.7210,10,Tree cover,0.811,28.7,44.1,1.43,5.4,Mixed Sedimentary,SM,20.6,81.2,NA,NA,NO_EVENT,NA,NA,NA,NA,NA,NA,NA,NA,NA,NA
NEG_1423,1:2,0,4,Ri-Bhoi Block,25.751042,92.824802,28351.5,514.29,14.68,227.24,-0.000652,0.002472,5.7856,34.6688,10,Tree cover,0.706,28.6,46.8,1.28,5.1,Metamorphic,MT,94.1,243.8,NA,NA,NO_EVENT,NA,NA,NA,NA,NA,NA,NA,NA,NA,NA
NEG_1424,1:2,0,3,East Khasi Block,25.065180,91.658572,11987.4,1099.49,31.50,319.23,0.001597,-0.000335,4.2299,28.0081,10,Tree cover,0.820,40.1,23.5,1.32,5.7,Volcanic Basic,VB,22.7,628.4,NA,NA,NO_EVENT,NA,NA,NA,NA,NA,NA,NA,NA,NA,NA
NEG_1425,1:2,0,1,Garo Hills Block,26.014256,90.553638,27404.6,40.58,27.31,38.25,0.000074,0.002841,5.0442,33.8465,10,Tree cover,0.829,23.2,51.7,1.41,4.9,Mixed Sedimentary,SM,102.8,1383.1,NA,NA,NO_EVENT,NA,NA,NA,NA,NA,NA,NA,NA,NA,NA
NEG_1426,1:2,0,3,East Khasi Block,25.084941,91.980842,12021.8,1169.02,21.48,210.57,-0.004615,0.000137,5.0976,21.5891,10,Tree cover,0.825,29.9,51.4,1.44,5.1,Siliciclastic Sedimentary,SS,18.0,180.0,NA,NA,NO_EVENT,NA,NA,NA,NA,NA,NA,NA,NA,NA,NA
NEG_1427,1:2,0,1,Garo Hills Block,25.285221,90.431130,21567.0,49.64,21.42,48.21,-0.001216,-0.002163,5.6860,40.6659,10,Tree cover,0.783,26.6,46.6,1.42,4.8,Mixed Sedimentary,SM,151.5,287.8,NA,NA,NO_EVENT,NA,NA,NA,NA,NA,NA,NA,NA,NA,NA
NEG_1428,1:2,0,4,Ri-Bhoi Block,26.099236,92.619847,26571.7,576.30,30.50,195.79,0.004084,0.000241,4.4649,54.0577,10,Tree cover,0.820,33.9,40.3,1.38,4.7,Metamorphic,MT,39.4,77.1,NA,NA,NO_EVENT,NA,NA,NA,NA,NA,NA,NA,NA,NA,NA
NEG_1429,1:2,0,1,Garo Hills Block,25.891304,89.815901,38760.0,78.99,33.83,45.61,-0.000381,-0.002222,4.6793,19.8424,10,Tree cover,0.791,27.4,47.1,1.37,5.2,Mixed Sedimentary,SM,163.1,73.0,NA,NA,NO_EVENT,NA,NA,NA,NA,NA,NA,NA,NA,NA,NA
NEG_1430,1:2,0,2,West Khasi Block,25.171702,91.009248,3827.6,499.38,19.22,33.87,0.003114,-0.001109,5.6143,20.1690,10,Tree cover,0.827,30.0,44.9,1.44,5.3,Siliciclastic Sedimentary,SS,242.6,450.1,NA,NA,NO_EVENT,NA,NA,NA,NA,NA,NA,NA,NA,NA,NA
NEG_1431,1:2,0,5,Jaintia Hills Block,25.049410,92.228229,8250.5,1072.48,28.69,286.76,-0.004249,-0.000326,4.4087,31.1641,10,Tree cover,0.815,29.0,44.2,1.43,4.8,Siliciclastic Sedimentary,SS,31.2,137.1,NA,NA,NO_EVENT,NA,NA,NA,NA,NA,NA,NA,NA,NA,NA
NEG_1432,1:2,0,3,East Khasi Block,25.340016,91.977160,1218.8,1516.02,16.69,130.74,-0.004355,0.000292,6.0155,37.8754,10,Tree cover,0.751,35.0,42.4,1.38,4.5,Metamorphic,MT,18.8,2102.5,NA,NA,NO_EVENT,NA,NA,NA,NA,NA,NA,NA,NA,NA,NA
NEG_1433,1:2,0,3,East Khasi Block,25.496747,91.709807,1215.6,1663.19,23.74,333.76,0.001300,-0.001646,4.9096,19.4749,10,Tree cover,0.665,30.7,39.6,1.34,4.4,Metamorphic,MT,97.6,129.1,NA,NA,NO_EVENT,NA,NA,NA,NA,NA,NA,NA,NA,NA,NA
NEG_1434,1:2,0,3,East Khasi Block,25.095659,91.785502,10584.0,1170.26,18.21,337.45,-0.001166,-0.001722,5.3982,19.8674,10,Tree cover,0.827,30.0,50.8,1.44,5.4,Siliciclastic Sedimentary,SS,54.0,320.8,NA,NA,NO_EVENT,NA,NA,NA,NA,NA,NA,NA,NA,NA,NA
NEG_1435,1:2,0,2,West Khasi Block,25.076459,91.423955,11434.1,853.08,26.83,208.10,-0.000444,0.000487,4.6402,24.0977,10,Tree cover,0.823,29.7,48.4,1.44,4.9,Siliciclastic Sedimentary,SS,47.6,1429.1,NA,NA,NO_EVENT,NA,NA,NA,NA,NA,NA,NA,NA,NA,NA
NEG_1436,1:2,0,5,Jaintia Hills Block,25.614380,92.078321,3327.2,1543.53,25.70,226.12,0.001694,-0.001914,4.5462,31.1498,10,Tree cover,0.652,27.5,45.9,1.30,4.8,Metamorphic,MT,107.3,797.7,NA,NA,NO_EVENT,NA,NA,NA,NA,NA,NA,NA,NA,NA,NA
NEG_1437,1:2,0,3,East Khasi Block,25.562592,91.713530,2522.1,1673.44,17.20,316.89,-0.004194,-0.000371,5.2578,19.7702,10,Tree cover,0.651,28.5,39.5,1.32,4.3,Metamorphic,MT,84.2,1005.1,NA,NA,NO_EVENT,NA,NA,NA,NA,NA,NA,NA,NA,NA,NA
NEG_1438,1:2,0,1,Garo Hills Block,25.500254,90.184892,2520.0,112.86,19.86,207.48,0.000593,-0.002517,5.2078,18.9545,10,Tree cover,0.664,23.0,47.7,1.34,5.1,Mixed Sedimentary,SM,69.9,887.0,NA,NA,NO_EVENT,NA,NA,NA,NA,NA,NA,NA,NA,NA,NA
NEG_1439,1:2,0,4,Ri-Bhoi Block,25.891079,92.625114,26930.0,725.01,30.95,132.03,-0.000523,0.000807,4.9094,19.7135,10,Tree cover,0.791,33.3,40.5,1.32,4.7,Metamorphic,MT,218.9,1251.2,NA,NA,NO_EVENT,NA,NA,NA,NA,NA,NA,NA,NA,NA,NA
NEG_1440,1:2,0,5,Jaintia Hills Block,25.354511,92.290080,7440.8,1204.54,14.45,46.89,-0.000826,-0.002150,6.1632,34.6327,10,Tree cover,0.742,34.8,44.0,1.38,4.9,Metamorphic,MT,150.4,537.1,NA,NA,NO_EVENT,NA,NA,NA,NA,NA,NA,NA,NA,NA,NA
NEG_1441,1:2,0,4,Ri-Bhoi Block,26.028856,91.194761,20041.4,693.19,23.44,35.25,-0.001201,-0.002199,5.3037,34.8673,10,Tree cover,0.830,35.1,39.4,1.37,4.6,Metamorphic,MT,70.5,442.8,NA,NA,NO_EVENT,NA,NA,NA,NA,NA,NA,NA,NA,NA,NA
NEG_1442,1:2,0,4,Ri-Bhoi Block,25.902436,92.810411,12444.2,433.73,22.73,103.35,-0.000369,-0.002719,5.5767,18.4282,10,Tree cover,0.796,33.6,46.6,1.32,5.1,Metamorphic,MT,83.1,377.3,NA,NA,NO_EVENT,NA,NA,NA,NA,NA,NA,NA,NA,NA,NA
NEG_1443,1:2,0,1,Garo Hills Block,25.076143,90.613492,15027.4,114.97,29.45,291.66,0.004787,0.000115,4.4295,24.7633,10,Tree cover,0.823,29.7,53.0,1.44,5.0,Mixed Sedimentary,SM,107.6,145.3,NA,NA,NO_EVENT,NA,NA,NA,NA,NA,NA,NA,NA,NA,NA
NEG_1444,1:2,0,2,West Khasi Block,25.646493,91.179415,1340.2,853.15,29.81,309.23,0.000352,0.002788,4.2508,42.2879,10,Tree cover,0.659,27.2,39.0,1.29,4.6,Metamorphic,MT,276.1,3929.4,NA,NA,NO_EVENT,NA,NA,NA,NA,NA,NA,NA,NA,NA,NA
NEG_1445,1:2,0,2,West Khasi Block,25.229502,91.310569,6239.0,888.75,31.79,118.95,-0.001279,0.002075,4.7862,36.6424,10,Tree cover,0.810,28.6,52.6,1.43,4.8,Siliciclastic Sedimentary,SS,306.2,533.2,NA,NA,NO_EVENT,NA,NA,NA,NA,NA,NA,NA,NA,NA,NA
NEG_1446,1:2,0,4,Ri-Bhoi Block,25.745561,91.803239,8088.0,1550.83,17.03,348.71,-0.000278,0.002747,5.5759,37.7058,10,Tree cover,0.703,28.4,38.1,1.28,4.3,Metamorphic,MT,64.1,1295.1,NA,NA,NO_EVENT,NA,NA,NA,NA,NA,NA,NA,NA,NA,NA
NEG_1447,1:2,0,5,Jaintia Hills Block,25.535205,92.620039,7963.8,848.64,20.73,222.53,0.002941,-0.000354,5.0325,18.1515,10,Tree cover,0.655,29.4,40.3,1.33,4.7,Metamorphic,MT,105.7,1408.0,NA,NA,NO_EVENT,NA,NA,NA,NA,NA,NA,NA,NA,NA,NA
NEG_1448,1:2,0,3,East Khasi Block,25.503821,91.810449,1785.8,1737.13,22.34,323.38,-0.000237,0.002809,4.9972,18.7940,10,Tree cover,0.818,23.3,60.2,1.31,4.5,Plutonic Acidic,PA,122.5,19.7,NA,NA,NO_EVENT,NA,NA,NA,NA,NA,NA,NA,NA,NA,NA
NEG_1449,1:2,0,4,Ri-Bhoi Block,25.752596,92.014594,527.7,1498.36,14.28,185.13,0.000790,0.001932,5.8238,34.1161,10,Tree cover,0.707,28.6,43.9,1.28,4.6,Metamorphic,MT,17.9,631.8,NA,NA,NO_EVENT,NA,NA,NA,NA,NA,NA,NA,NA,NA,NA
NEG_1450,1:2,0,3,East Khasi Block,25.240551,91.862221,536.4,1357.08,34.78,71.81,-0.002156,-0.000139,4.5700,42.0723,10,Tree cover,0.806,28.2,52.9,1.43,5.4,Siliciclastic Sedimentary,SS,144.5,1227.2,NA,NA,NO_EVENT,NA,NA,NA,NA,NA,NA,NA,NA,NA,NA
NEG_1451,1:2,0,2,West Khasi Block,25.109243,91.188151,10617.5,704.19,18.50,341.16,-0.001276,0.002217,5.4269,18.7753,10,Tree cover,0.829,30.2,51.9,1.44,4.9,Siliciclastic Sedimentary,SS,3.5,286.9,NA,NA,NO_EVENT,NA,NA,NA,NA,NA,NA,NA,NA,NA,NA
NEG_1452,1:2,0,4,Ri-Bhoi Block,26.069757,92.788239,10526.3,390.62,26.47,172.96,-0.001746,0.000382,4.9042,45.8669,10,Tree cover,0.827,34.5,46.2,1.38,5.1,Metamorphic,MT,115.2,25.7,NA,NA,NO_EVENT,NA,NA,NA,NA,NA,NA,NA,NA,NA,NA
NEG_1453,1:2,0,4,Ri-Bhoi Block,25.743397,91.714056,3998.5,1466.25,17.64,349.83,0.001864,-0.001327,5.5185,38.5418,10,Tree cover,0.702,28.4,39.5,1.28,4.3,Metamorphic,MT,17.2,2156.5,NA,NA,NO_EVENT,NA,NA,NA,NA,NA,NA,NA,NA,NA,NA
NEG_1454,1:2,0,2,West Khasi Block,25.281319,91.085503,2129.4,688.99,30.91,45.51,0.002356,0.001246,4.9258,49.9332,10,Tree cover,0.786,26.7,47.7,1.42,5.1,Siliciclastic Sedimentary,SS,55.9,2836.3,NA,NA,NO_EVENT,NA,NA,NA,NA,NA,NA,NA,NA,NA,NA
NEG_1455,1:2,0,3,East Khasi Block,25.056927,91.665626,12718.9,1080.98,32.14,318.31,0.000714,-0.000946,4.1538,30.5310,10,Tree cover,0.818,39.9,23.3,1.31,5.7,Volcanic Basic,VB,80.1,641.7,NA,NA,NO_EVENT,NA,NA,NA,NA,NA,NA,NA,NA,NA,NA
NEG_1456,1:2,0,1,Garo Hills Block,25.937928,89.869380,40873.4,25.00,20.84,45.00,-0.004214,0.000409,5.7250,18.6215,10,Tree cover,0.812,25.6,49.5,1.39,5.3,Mixed Sedimentary,SM,302.3,347.0,NA,NA,NO_EVENT,NA,NA,NA,NA,NA,NA,NA,NA,NA,NA
NEG_1457,1:2,0,3,East Khasi Block,25.465788,91.844774,1469.1,1703.62,32.23,337.41,-0.004127,0.000512,4.3465,26.1592,10,Tree cover,0.796,31.8,38.4,1.35,4.3,Metamorphic,MT,118.9,148.9,NA,NA,NO_EVENT,NA,NA,NA,NA,NA,NA,NA,NA,NA,NA
NEG_1458,1:2,0,4,Ri-Bhoi Block,26.091324,91.960861,7188.4,1078.78,29.85,194.09,-0.003732,0.000687,4.5479,52.6038,10,Tree cover,0.822,34.1,41.8,1.38,4.8,Metamorphic,MT,213.2,448.4,NA,NA,NO_EVENT,NA,NA,NA,NA,NA,NA,NA,NA,NA,NA
NEG_1459,1:2,0,4,Ri-Bhoi Block,25.855793,92.335415,18257.3,1150.80,29.05,40.14,0.002704,-0.001359,5.0007,25.9765,60,Bare / sparse vegetation,0.362,32.1,42.2,1.31,4.8,Metamorphic,MT,15.7,2023.6,NA,NA,NO_EVENT,NA,NA,NA,NA,NA,NA,NA,NA,NA,NA
NEG_1460,1:2,0,3,East Khasi Block,25.552907,91.657768,1142.7,1541.46,22.92,309.52,0.001502,-0.001331,4.8174,19.3067,10,Tree cover,0.652,28.8,41.4,1.32,4.5,Metamorphic,MT,137.2,3272.0,NA,NA,NO_EVENT,NA,NA,NA,NA,NA,NA,NA,NA,NA,NA
NEG_1461,1:2,0,3,East Khasi Block,25.646939,91.840793,1077.7,1737.52,32.49,298.15,-0.001259,-0.001339,4.0371,44.6011,10,Tree cover,0.799,27.2,38.3,1.29,4.3,Metamorphic,MT,39.7,2235.1,NA,NA,NO_EVENT,NA,NA,NA,NA,NA,NA,NA,NA,NA,NA
NEG_1462,1:2,0,5,Jaintia Hills Block,25.116419,92.236500,936.4,1086.41,17.65,331.77,-0.001984,0.000045,5.5230,18.3591,10,Tree cover,0.829,37.8,29.4,1.32,5.4,Carbonate Sedimentary,SC,83.7,730.4,NA,NA,NO_EVENT,NA,NA,NA,NA,NA,NA,NA,NA,NA,NA
NEG_1463,1:2,0,5,Jaintia Hills Block,25.332451,92.497679,1337.9,990.97,17.26,76.39,-0.004678,-0.000189,5.9834,38.6970,10,Tree cover,0.755,35.1,38.1,1.38,4.5,Metamorphic,MT,112.5,2862.8,NA,NA,NO_EVENT,NA,NA,NA,NA,NA,NA,NA,NA,NA,NA
NEG_1464,1:2,0,4,Ri-Bhoi Block,25.663889,91.312517,5432.4,1083.45,32.03,240.21,-0.001409,-0.002049,4.1073,48.7623,10,Tree cover,0.665,27.2,43.7,1.29,4.9,Metamorphic,MT,106.4,6986.7,NA,NA,NO_EVENT,NA,NA,NA,NA,NA,NA,NA,NA,NA,NA
NEG_1465,1:2,0,2,West Khasi Block,25.052333,91.519093,11837.2,1022.74,25.05,232.59,-0.002820,0.000998,4.7079,28.8148,10,Tree cover,0.816,29.1,44.8,1.43,5.0,Siliciclastic Sedimentary,SS,45.5,548.5,NA,NA,NO_EVENT,NA,NA,NA,NA,NA,NA,NA,NA,NA,NA
NEG_1466,1:2,0,2,West Khasi Block,25.190050,91.003501,3722.5,487.49,21.99,46.34,0.004158,-0.000224,5.4577,23.1687,10,Tree cover,0.823,29.7,44.7,1.44,5.3,Siliciclastic Sedimentary,SS,157.7,470.5,NA,NA,NO_EVENT,NA,NA,NA,NA,NA,NA,NA,NA,NA,NA
NEG_1467,1:2,0,1,Garo Hills Block,25.202576,90.608460,2535.4,25.00,32.07,67.85,-0.004886,-0.000064,4.6916,28.8128,10,Tree cover,0.819,29.4,52.9,1.43,5.0,Mixed Sedimentary,SM,165.3,1340.5,NA,NA,NO_EVENT,NA,NA,NA,NA,NA,NA,NA,NA,NA,NA
NEG_1468,1:2,0,1,Garo Hills Block,25.698629,90.765515,6052.4,206.35,25.20,211.20,0.003077,0.000024,4.7502,47.2137,10,Tree cover,0.679,29.6,49.8,1.32,5.3,Mixed Sedimentary,SM,208.0,3818.9,NA,NA,NO_EVENT,NA,NA,NA,NA,NA,NA,NA,NA,NA,NA
NEG_1469,1:2,0,1,Garo Hills Block,25.595266,90.494446,12988.5,58.94,20.86,314.71,-0.003859,-0.000649,4.9327,25.0316,10,Tree cover,0.650,26.1,49.3,1.32,4.8,Mixed Sedimentary,SM,97.8,1921.2,NA,NA,NO_EVENT,NA,NA,NA,NA,NA,NA,NA,NA,NA,NA
NEG_1470,1:2,0,3,East Khasi Block,25.110280,91.965307,9771.3,1226.47,19.33,198.33,-0.002320,0.001247,5.3645,18.7410,10,Tree cover,0.829,30.2,51.9,1.44,5.2,Siliciclastic Sedimentary,SS,96.9,197.9,NA,NA,NO_EVENT,NA,NA,NA,NA,NA,NA,NA,NA,NA,NA
NEG_1471,1:2,0,4,Ri-Bhoi Block,25.959414,91.238304,13953.3,839.19,14.33,74.91,0.004786,0.000118,6.2200,19.8077,10,Tree cover,0.819,34.9,40.9,1.35,4.7,Metamorphic,MT,82.4,388.0,NA,NA,NO_EVENT,NA,NA,NA,NA,NA,NA,NA,NA,NA,NA
NEG_1472,1:2,0,1,Garo Hills Block,26.017400,90.560871,28027.4,51.94,28.36,39.00,0.000302,0.002606,4.9498,35.3116,10,Tree cover,0.830,23.1,51.9,1.41,4.9,Mixed Sedimentary,SM,105.4,808.6,NA,NA,NO_EVENT,NA,NA,NA,NA,NA,NA,NA,NA,NA,NA
NEG_1473,1:2,0,2,West Khasi Block,25.160942,91.131871,4179.6,709.03,25.10,16.05,-0.002595,0.001368,5.1033,19.5072,60,Bare / sparse vegetation,0.320,30.1,49.7,1.44,5.0,Siliciclastic Sedimentary,SS,16.5,143.4,NA,NA,NO_EVENT,NA,NA,NA,NA,NA,NA,NA,NA,NA,NA
NEG_1474,1:2,0,3,East Khasi Block,25.032595,91.985236,17457.2,1087.83,27.81,226.28,-0.002977,-0.000036,4.4383,35.2123,10,Tree cover,0.809,28.5,51.3,1.43,5.1,Siliciclastic Sedimentary,SS,63.7,33.6,NA,NA,NO_EVENT,NA,NA,NA,NA,NA,NA,NA,NA,NA,NA
NEG_1475,1:2,0,1,Garo Hills Block,25.280982,90.561463,9121.3,43.49,30.94,56.06,0.001327,0.002201,4.9232,49.8947,10,Tree cover,0.786,26.7,51.9,1.42,4.9,Mixed Sedimentary,SM,32.4,2006.7,NA,NA,NO_EVENT,NA,NA,NA,NA,NA,NA,NA,NA,NA,NA
NEG_1476,1:2,0,2,West Khasi Block,25.038231,91.225282,18120.3,745.11,25.92,294.58,-0.003465,-0.000349,4.6022,32.6406,10,Tree cover,0.811,28.7,52.8,1.43,4.9,Siliciclastic Sedimentary,SS,168.7,873.9,NA,NA,NO_EVENT,NA,NA,NA,NA,NA,NA,NA,NA,NA,NA
NEG_1477,1:2,0,1,Garo Hills Block,25.339321,90.658318,6966.7,177.84,17.80,104.74,0.000899,0.001284,5.9280,39.2172,10,Tree cover,0.751,24.5,53.0,1.40,5.1,Mixed Sedimentary,SM,125.0,2077.7,NA,NA,NO_EVENT,NA,NA,NA,NA,NA,NA,NA,NA,NA,NA
NEG_1478,1:2,0,2,West Khasi Block,25.648133,91.549940,5271.2,1423.93,29.13,253.29,-0.000154,-0.002835,4.3080,42.1599,10,Tree cover,0.660,27.2,45.4,1.29,4.7,Metamorphic,MT,180.9,3767.2,NA,NA,NO_EVENT,NA,NA,NA,NA,NA,NA,NA,NA,NA,NA
NEG_1479,1:2,0,2,West Khasi Block,25.371382,91.495724,1576.8,1251.37,16.17,136.77,-0.001483,-0.000879,5.9806,35.2663,10,Tree cover,0.731,25.7,51.6,1.32,4.7,Plutonic Acidic,PA,86.3,3554.5,NA,NA,NO_EVENT,NA,NA,NA,NA,NA,NA,NA,NA,NA,NA
NEG_1480,1:2,0,4,Ri-Bhoi Block,26.083698,91.587822,8192.5,984.14,33.48,320.78,0.004229,-0.000317,4.2877,55.7872,10,Tree cover,0.824,34.2,44.1,1.38,4.9,Metamorphic,MT,125.0,133.3,NA,NA,NO_EVENT,NA,NA,NA,NA,NA,NA,NA,NA,NA,NA
NEG_1481,1:2,0,2,West Khasi Block,25.441924,91.271788,6928.1,993.49,27.57,149.70,0.002687,-0.000313,4.8143,30.6977,10,Tree cover,0.690,32.6,42.1,1.36,4.8,Metamorphic,MT,139.1,499.7,NA,NA,NO_EVENT,NA,NA,NA,NA,NA,NA,NA,NA,NA,NA
NEG_1482,1:2,0,1,Garo Hills Block,26.044511,90.210772,36421.0,25.00,24.24,161.27,-0.003322,-0.000800,5.1817,38.8852,10,Tree cover,0.830,22.7,46.6,1.42,5.1,Mixed Sedimentary,SM,291.6,2523.8,NA,NA,NO_EVENT,NA,NA,NA,NA,NA,NA,NA,NA,NA,NA
NEG_1483,1:2,0,4,Ri-Bhoi Block,26.028712,92.695579,17021.5,462.54,30.56,155.47,-0.000890,-0.002461,4.7346,39.9493,60,Bare / sparse vegetation,0.164,35.1,43.2,1.37,4.8,Metamorphic,MT,12.2,604.0,NA,NA,NO_EVENT,NA,NA,NA,NA,NA,NA,NA,NA,NA,NA
NEG_1484,1:2,0,4,Ri-Bhoi Block,25.675047,91.054288,1074.9,638.13,31.68,318.88,-0.001129,-0.001582,4.1624,50.9434,60,Bare / sparse vegetation,0.307,27.3,38.6,1.28,4.5,Metamorphic,MT,12.0,5514.4,NA,NA,NO_EVENT,NA,NA,NA,NA,NA,NA,NA,NA,NA,NA
NEG_1485,1:2,0,1,Garo Hills Block,25.141906,90.386498,21309.8,41.07,19.19,8.52,-0.000743,0.002209,5.5014,18.1236,10,Tree cover,0.830,30.3,45.0,1.44,4.8,Mixed Sedimentary,SM,93.4,80.4,NA,NA,NO_EVENT,NA,NA,NA,NA,NA,NA,NA,NA,NA,NA
NEG_1486,1:2,0,5,Jaintia Hills Block,25.554010,92.806010,25621.9,493.04,14.02,252.49,0.000376,0.001337,5.5273,18.8637,10,Tree cover,0.652,28.8,46.5,1.32,5.1,Metamorphic,MT,15.6,6960.6,NA,NA,NO_EVENT,NA,NA,NA,NA,NA,NA,NA,NA,NA,NA
NEG_1487,1:2,0,3,East Khasi Block,25.303580,91.693743,3294.8,1401.71,22.77,47.17,-0.002370,-0.001092,5.5746,44.2016,10,Tree cover,0.773,25.9,46.8,1.41,5.1,Siliciclastic Sedimentary,SS,46.0,223.0,NA,NA,NO_EVENT,NA,NA,NA,NA,NA,NA,NA,NA,NA,NA
NEG_1488,1:2,0,3,East Khasi Block,25.606190,91.747252,3260.1,1644.55,20.66,314.77,-0.003167,-0.000700,4.9473,26.9846,10,Tree cover,0.651,27.6,38.7,1.30,4.3,Metamorphic,MT,77.5,1580.5,NA,NA,NO_EVENT,NA,NA,NA,NA,NA,NA,NA,NA,NA,NA
NEG_1489,1:2,0,5,Jaintia Hills Block,25.399438,92.122746,4528.2,1443.94,29.59,148.23,-0.001801,0.000772,4.8156,43.4002,10,Tree cover,0.714,33.9,46.7,1.37,4.8,Metamorphic,MT,41.1,1414.4,NA,NA,NO_EVENT,NA,NA,NA,NA,NA,NA,NA,NA,NA,NA
NEG_1490,1:2,0,4,Ri-Bhoi Block,25.940148,91.017516,12671.7,532.02,18.68,57.07,0.002927,-0.000558,5.8960,18.6878,10,Tree cover,0.813,34.5,39.4,1.34,4.6,Metamorphic,MT,222.4,2354.5,NA,NA,NO_EVENT,NA,NA,NA,NA,NA,NA,NA,NA,NA,NA
NEG_1491,1:2,0,4,Ri-Bhoi Block,25.977570,91.511219,4371.1,1078.76,14.35,126.57,0.002921,0.001247,6.1834,21.6079,10,Tree cover,0.824,35.1,46.4,1.35,5.1,Metamorphic,MT,74.5,3648.7,NA,NA,NO_EVENT,NA,NA,NA,NA,NA,NA,NA,NA,NA,NA
NEG_1492,1:2,0,2,West Khasi Block,25.048980,91.204224,17114.3,704.39,26.33,306.84,-0.003338,-0.000955,4.5964,30.1869,10,Tree cover,0.815,29.0,52.3,1.43,4.9,Siliciclastic Sedimentary,SS,223.6,917.7,NA,NA,NO_EVENT,NA,NA,NA,NA,NA,NA,NA,NA,NA,NA
NEG_1493,1:2,0,2,West Khasi Block,25.053251,91.003806,15795.0,478.91,25.49,306.08,-0.003820,0.000667,4.6753,28.7897,10,Tree cover,0.816,29.1,44.8,1.43,5.3,Siliciclastic Sedimentary,SS,79.4,552.5,NA,NA,NO_EVENT,NA,NA,NA,NA,NA,NA,NA,NA,NA,NA
NEG_1494,1:2,0,1,Garo Hills Block,25.458380,90.019917,8914.7,26.33,33.61,220.85,0.002100,0.000763,4.2654,28.5362,10,Tree cover,0.681,22.5,53.1,1.36,5.4,Mixed Sedimentary,SM,122.8,293.5,NA,NA,NO_EVENT,NA,NA,NA,NA,NA,NA,NA,NA,NA,NA
NEG_1495,1:2,0,1,Garo Hills Block,25.856542,90.924267,10637.6,374.36,29.07,106.76,-0.000560,0.002156,5.0009,25.8070,10,Tree cover,0.771,28.7,44.2,1.36,5.4,Mixed Sedimentary,SM,438.2,3187.2,NA,NA,NO_EVENT,NA,NA,NA,NA,NA,NA,NA,NA,NA,NA
NEG_1496,1:2,0,5,Jaintia Hills Block,25.513233,92.137491,3248.5,1469.01,27.20,224.31,0.000348,-0.001808,4.5777,18.3103,10,Tree cover,0.660,30.1,46.9,1.33,4.8,Metamorphic,MT,328.8,2396.8,NA,NA,NO_EVENT,NA,NA,NA,NA,NA,NA,NA,NA,NA,NA
NEG_1497,1:2,0,4,Ri-Bhoi Block,25.689748,91.620132,2160.9,1492.17,33.10,302.34,-0.004695,0.000176,4.0903,55.1667,10,Tree cover,0.675,27.4,42.9,1.28,4.6,Metamorphic,MT,411.7,4066.6,NA,NA,NO_EVENT,NA,NA,NA,NA,NA,NA,NA,NA,NA,NA
NEG_1498,1:2,0,4,Ri-Bhoi Block,26.088883,92.668912,21638.8,535.09,35.41,187.78,0.000944,0.000985,4.1127,58.7337,10,Tree cover,0.869,34.1,42.2,1.38,4.8,Metamorphic,MT,196.5,1023.6,NA,NA,NO_EVENT,NA,NA,NA,NA,NA,NA,NA,NA,NA,NA
NEG_1499,1:2,0,2,West Khasi Block,25.435529,91.546477,3472.0,1371.94,28.58,159.57,-0.000056,-0.000841,4.7590,32.8874,10,Tree cover,0.693,32.8,45.5,1.36,5.0,Metamorphic,MT,205.1,335.3,NA,NA,NO_EVENT,NA,NA,NA,NA,NA,NA,NA,NA,NA,NA
NEG_1500,1:2,0,3,East Khasi Block,25.513630,91.874632,2078.5,1720.60,27.08,285.25,0.000455,-0.001056,4.5861,18.2892,10,Tree cover,0.773,23.1,61.2,1.31,4.6,Plutonic Acidic,PA,49.1,110.3,NA,NA,NO_EVENT,NA,NA,NA,NA,NA,NA,NA,NA,NA,NA
NEG_1501,1:2,0,3,East Khasi Block,25.644792,91.734861,7651.9,1545.38,26.57,317.45,0.001164,-0.000026,4.5073,39.2408,10,Tree cover,0.659,27.2,38.9,1.29,4.3,Metamorphic,MT,375.0,136.6,NA,NA,NO_EVENT,NA,NA,NA,NA,NA,NA,NA,NA,NA,NA
NEG_1502,1:2,0,2,West Khasi Block,25.147489,91.134360,5627.7,684.61,23.48,8.70,-0.001373,0.001812,5.1804,18.3904,10,Tree cover,0.830,30.3,49.9,1.44,5.0,Siliciclastic Sedimentary,SS,59.8,1264.8,NA,NA,NO_EVENT,NA,NA,NA,NA,NA,NA,NA,NA,NA,NA
NEG_1503,1:2,0,1,Garo Hills Block,25.536445,89.857263,12335.7,126.96,20.25,321.95,0.003039,-0.000451,5.0678,18.1879,10,Tree cover,0.654,24.0,48.9,1.33,5.3,Mixed Sedimentary,SM,21.7,479.1,NA,NA,NO_EVENT,NA,NA,NA,NA,NA,NA,NA,NA,NA,NA
NEG_1504,1:2,0,1,Garo Hills Block,25.996868,90.145134,36513.2,25.00,18.40,144.32,-0.000847,-0.002483,5.8103,25.6602,10,Tree cover,0.828,23.6,49.4,1.41,5.2,Mixed Sedimentary,SM,127.1,1542.3,NA,NA,NO_EVENT,NA,NA,NA,NA,NA,NA,NA,NA,NA,NA
NEG_1505,1:2,0,1,Garo Hills Block,25.032198,90.648490,19863.2,119.10,30.90,260.92,0.001269,-0.002189,4.1902,37.2424,60,Bare / sparse vegetation,0.168,28.5,53.1,1.43,5.1,Mixed Sedimentary,SM,0.9,58.0,NA,NA,NO_EVENT,NA,NA,NA,NA,NA,NA,NA,NA,NA,NA
NEG_1506,1:2,0,2,West Khasi Block,25.038308,91.436243,14598.8,825.07,30.38,219.37,-0.001362,-0.001965,4.2456,35.1375,10,Tree cover,0.811,28.7,47.9,1.43,4.9,Siliciclastic Sedimentary,SS,227.1,566.1,NA,NA,NO_EVENT,NA,NA,NA,NA,NA,NA,NA,NA,NA,NA
NEG_1507,1:2,0,5,Jaintia Hills Block,25.150491,92.036389,3831.1,1278.02,15.11,169.91,0.000648,-0.002583,5.8618,18.3631,10,Tree cover,0.829,39.2,24.4,1.32,6.0,Carbonate Sedimentary,SC,75.4,1205.6,NA,NA,NO_EVENT,NA,NA,NA,NA,NA,NA,NA,NA,NA,NA
NEG_1508,1:2,0,2,West Khasi Block,25.087820,91.119463,12404.3,539.89,28.42,336.34,0.004261,0.000423,4.5527,22.2180,10,Tree cover,0.826,29.9,49.2,1.44,5.1,Siliciclastic Sedimentary,SS,127.9,128.9,NA,NA,NO_EVENT,NA,NA,NA,NA,NA,NA,NA,NA,NA,NA
NEG_1509,1:2,0,3,East Khasi Block,25.189730,91.616470,868.8,1170.24,30.58,54.80,-0.004857,0.000083,4.7694,25.1133,10,Tree cover,0.823,29.7,44.4,1.44,5.2,Siliciclastic Sedimentary,SS,118.0,312.0,NA,NA,NO_EVENT,NA,NA,NA,NA,NA,NA,NA,NA,NA,NA
NEG_1510,1:2,0,3,East Khasi Block,25.210431,91.894467,3592.6,1289.33,34.12,92.35,-0.003049,-0.000823,4.5508,31.8815,60,Bare / sparse vegetation,0.376,29.2,53.1,1.43,5.3,Siliciclastic Sedimentary,SS,5.5,235.8,NA,NA,NO_EVENT,NA,NA,NA,NA,NA,NA,NA,NA,NA,NA
NEG_1511,1:2,0,1,Garo Hills Block,25.076632,90.615276,14952.0,115.74,29.21,290.17,0.004719,0.000145,4.4504,24.6009,10,Tree cover,0.823,29.7,53.0,1.44,5.0,Mixed Sedimentary,SM,22.6,37.5,NA,NA,NO_EVENT,NA,NA,NA,NA,NA,NA,NA,NA,NA,NA
NEG_1512,1:2,0,2,West Khasi Block,25.411212,91.384042,2604.0,1087.37,32.51,159.51,-0.002473,0.001438,4.5389,42.4612,10,Tree cover,0.707,33.6,46.0,1.37,5.0,Metamorphic,MT,204.3,2774.1,NA,NA,NO_EVENT,NA,NA,NA,NA,NA,NA,NA,NA,NA,NA
NEG_1513,1:2,0,4,Ri-Bhoi Block,25.756629,91.740577,6993.1,1493.56,14.62,357.46,0.000546,0.000451,5.8127,34.2161,10,Tree cover,0.710,28.7,38.8,1.28,4.3,Metamorphic,MT,23.8,2427.6,NA,NA,NO_EVENT,NA,NA,NA,NA,NA,NA,NA,NA,NA,NA
NEG_1514,1:2,0,1,Garo Hills Block,25.178355,90.991831,5103.4,457.95,19.18,46.75,0.004364,-0.000349,5.6418,20.9312,10,Tree cover,0.825,29.9,44.5,1.44,5.3,Mixed Sedimentary,SM,115.7,1707.7,NA,NA,NO_EVENT,NA,NA,NA,NA,NA,NA,NA,NA,NA,NA
NEG_1515,1:2,0,4,Ri-Bhoi Block,25.912040,91.699414,2949.2,1291.49,25.59,46.75,0.001891,0.001860,5.3521,18.0731,10,Tree cover,0.801,33.9,39.9,1.33,4.6,Metamorphic,MT,100.4,6714.2,NA,NA,NO_EVENT,NA,NA,NA,NA,NA,NA,NA,NA,NA,NA
NEG_1516,1:2,0,5,Jaintia Hills Block,25.507946,92.071609,1892.6,1646.95,21.54,210.48,-0.000121,0.002517,5.0475,18.5030,10,Tree cover,0.662,30.3,45.8,1.34,4.8,Metamorphic,MT,176.4,1034.7,NA,NA,NO_EVENT,NA,NA,NA,NA,NA,NA,NA,NA,NA,NA
NEG_1517,1:2,0,1,Garo Hills Block,25.076538,90.626910,14874.6,120.67,28.12,278.57,0.004113,0.000273,4.5372,24.3744,10,Tree cover,0.823,29.7,53.1,1.44,5.0,Mixed Sedimentary,SM,46.1,930.4,NA,NA,NO_EVENT,NA,NA,NA,NA,NA,NA,NA,NA,NA,NA
NEG_1518,1:2,0,1,Garo Hills Block,25.496844,89.859045,12685.6,115.19,25.87,334.31,-0.001539,-0.000669,4.7388,19.5966,10,Tree cover,0.665,23.0,49.0,1.35,5.3,Mixed Sedimentary,SM,259.1,477.6,NA,NA,NO_EVENT,NA,NA,NA,NA,NA,NA,NA,NA,NA,NA
NEG_1519,1:2,0,2,West Khasi Block,25.057135,91.421284,13382.8,822.54,30.29,214.45,-0.000111,-0.000942,4.3024,29.7531,10,Tree cover,0.818,29.2,48.6,1.43,4.9,Siliciclastic Sedimentary,SS,37.7,1271.7,NA,NA,NO_EVENT,NA,NA,NA,NA,NA,NA,NA,NA,NA,NA
NEG_1520,1:2,0,5,Jaintia Hills Block,25.493977,92.648958,13015.6,828.81,29.86,205.27,-0.001237,-0.002118,4.4298,20.2227,10,Tree cover,0.666,30.8,41.4,1.34,4.7,Metamorphic,MT,150.1,3755.1,NA,NA,NO_EVENT,NA,NA,NA,NA,NA,NA,NA,NA,NA,NA
NEG_1521,1:2,0,1,Garo Hills Block,25.137798,90.384151,21392.3,42.43,19.32,4.88,-0.000440,0.002132,5.4746,18.0379,10,Tree cover,0.830,30.3,45.0,1.44,4.8,Mixed Sedimentary,SM,37.3,48.1,NA,NA,NO_EVENT,NA,NA,NA,NA,NA,NA,NA,NA,NA,NA
NEG_1522,1:2,0,4,Ri-Bhoi Block,26.028883,92.017416,2808.3,1097.39,21.12,154.84,-0.001411,0.001952,5.4892,33.2032,10,Tree cover,0.830,35.1,44.0,1.37,4.9,Metamorphic,MT,93.4,8153.4,NA,NA,NO_EVENT,NA,NA,NA,NA,NA,NA,NA,NA,NA,NA
NEG_1523,1:2,0,2,West Khasi Block,25.091785,91.292615,13501.4,858.74,21.81,234.00,-0.000221,-0.001558,5.0959,20.7105,10,Tree cover,0.826,30.0,52.9,1.44,4.8,Siliciclastic Sedimentary,SS,109.2,157.5,NA,NA,NO_EVENT,NA,NA,NA,NA,NA,NA,NA,NA,NA,NA
NEG_1524,1:2,0,1,Garo Hills Block,25.906457,90.604827,20970.1,28.78,31.36,73.37,-0.002367,0.000085,4.8885,18.3278,10,Tree cover,0.798,26.9,52.9,1.38,5.0,Mixed Sedimentary,SM,183.0,1586.3,NA,NA,NO_EVENT,NA,NA,NA,NA,NA,NA,NA,NA,NA,NA
NEG_1525,1:2,0,5,Jaintia Hills Block,25.465424,92.298301,4428.9,1261.04,25.38,347.02,0.000189,0.001339,4.8959,24.4978,10,Tree cover,0.678,31.8,43.7,1.35,4.9,Metamorphic,MT,60.8,4149.2,NA,NA,NO_EVENT,NA,NA,NA,NA,NA,NA,NA,NA,NA,NA
NEG_1526,1:2,0,2,West Khasi Block,25.425892,91.077223,2032.0,683.74,33.69,12.28,-0.003241,-0.000996,4.3882,38.6582,10,Tree cover,0.698,33.1,38.2,1.37,4.5,Metamorphic,MT,109.8,1255.9,NA,NA,NO_EVENT,NA,NA,NA,NA,NA,NA,NA,NA,NA,NA
NEG_1527,1:2,0,2,West Khasi Block,25.052201,91.323978,16649.4,834.83,31.95,231.65,0.003021,0.000956,4.1556,31.8327,10,Tree cover,0.816,29.1,52.3,1.43,4.8,Siliciclastic Sedimentary,SS,36.1,235.5,NA,NA,NO_EVENT,NA,NA,NA,NA,NA,NA,NA,NA,NA,NA
NEG_1528,1:2,0,4,Ri-Bhoi Block,25.798502,92.528143,22072.0,821.11,17.86,102.68,-0.002204,0.001489,5.7175,32.3239,10,Tree cover,0.735,30.1,38.2,1.29,4.5,Metamorphic,MT,77.0,311.8,NA,NA,NO_EVENT,NA,NA,NA,NA,NA,NA,NA,NA,NA,NA
NEG_1529,1:2,0,3,East Khasi Block,25.078395,91.650454,10849.9,1123.97,29.75,322.22,0.002473,0.000545,4.4132,24.3335,10,Tree cover,0.824,40.5,23.7,1.32,5.7,Volcanic Basic,VB,308.2,170.5,NA,NA,NO_EVENT,NA,NA,NA,NA,NA,NA,NA,NA,NA,NA
NEG_1530,1:2,0,4,Ri-Bhoi Block,25.825803,91.133261,820.2,805.62,31.16,32.04,0.003893,0.000090,4.7485,34.9522,10,Tree cover,0.752,31.0,38.2,1.30,4.5,Metamorphic,MT,34.9,1836.6,NA,NA,NO_EVENT,NA,NA,NA,NA,NA,NA,NA,NA,NA,NA
NEG_1531,1:2,0,1,Garo Hills Block,25.675978,90.029864,8448.4,120.34,33.82,252.97,0.000862,-0.001551,3.9937,53.3726,10,Tree cover,0.669,29.0,53.0,1.32,5.4,Mixed Sedimentary,SM,23.7,2475.0,NA,NA,NO_EVENT,NA,NA,NA,NA,NA,NA,NA,NA,NA,NA
NEG_1532,1:2,0,4,Ri-Bhoi Block,26.084627,91.279599,28296.7,709.44,28.15,210.02,-0.001790,-0.000650,4.7104,49.8886,10,Tree cover,0.824,34.2,42.5,1.38,4.8,Metamorphic,MT,155.2,1713.8,NA,NA,NO_EVENT,NA,NA,NA,NA,NA,NA,NA,NA,NA,NA
NEG_1533,1:2,0,5,Jaintia Hills Block,25.252117,92.809108,13131.5,432.94,25.43,104.88,-0.000126,0.002924,5.3375,38.3351,10,Tree cover,0.800,27.8,44.2,1.43,5.3,Siliciclastic Sedimentary,SS,74.7,1941.0,NA,NA,NO_EVENT,NA,NA,NA,NA,NA,NA,NA,NA,NA,NA
NEG_1534,1:2,0,1,Garo Hills Block,25.182998,90.838911,19375.6,347.02,29.58,151.63,-0.004382,-0.000360,4.8263,23.4352,10,Tree cover,0.824,29.8,46.6,1.44,5.4,Mixed Sedimentary,SM,57.5,29.9,NA,NA,NO_EVENT,NA,NA,NA,NA,NA,NA,NA,NA,NA,NA
NEG_1535,1:2,0,2,West Khasi Block,25.200604,91.245257,1133.5,757.89,22.79,74.07,0.004684,0.000124,5.4279,25.2991,10,Tree cover,0.820,29.4,53.0,1.44,4.9,Siliciclastic Sedimentary,SS,41.5,1005.5,NA,NA,NO_EVENT,NA,NA,NA,NA,NA,NA,NA,NA,NA,NA
NEG_1536,1:2,0,2,West Khasi Block,25.260501,91.592382,512.4,1233.73,32.74,81.15,0.000240,0.001198,4.7637,46.5993,10,Tree cover,0.796,27.5,44.2,1.42,5.2,Siliciclastic Sedimentary,SS,38.1,1473.8,NA,NA,NO_EVENT,NA,NA,NA,NA,NA,NA,NA,NA,NA,NA
NEG_1537,1:2,0,1,Garo Hills Block,26.099848,90.361932,35326.8,25.00,32.19,328.63,0.003962,0.000417,4.3273,56.1005,10,Tree cover,0.820,22.6,44.5,1.43,4.8,Mixed Sedimentary,SM,41.9,43.9,NA,NA,NO_EVENT,NA,NA,NA,NA,NA,NA,NA,NA,NA,NA
NEG_1538,1:2,0,2,West Khasi Block,25.022092,91.550347,15393.2,1036.99,29.26,253.34,0.000198,0.002775,4.3015,39.0369,10,Tree cover,0.804,28.1,44.3,1.43,5.1,Siliciclastic Sedimentary,SS,33.2,1857.8,NA,NA,NO_EVENT,NA,NA,NA,NA,NA,NA,NA,NA,NA,NA
NEG_1539,1:2,0,1,Garo Hills Block,26.014717,89.821464,50619.4,25.00,27.72,30.62,0.000222,0.001934,5.0099,34.2071,10,Tree cover,0.829,23.2,47.4,1.41,5.2,Mixed Sedimentary,SM,66.1,977.0,NA,NA,NO_EVENT,NA,NA,NA,NA,NA,NA,NA,NA,NA,NA
NEG_1540,1:2,0,2,West Khasi Block,25.350891,91.404851,5986.5,1052.69,22.37,140.34,0.001393,0.001876,5.5381,44.0358,10,Tree cover,0.744,25.9,52.9,1.32,4.8,Plutonic Acidic,PA,34.8,2280.6,NA,NA,NO_EVENT,NA,NA,NA,NA,NA,NA,NA,NA,NA,NA
NEG_1541,1:2,0,5,Jaintia Hills Block,25.604358,92.097605,4442.7,1535.63,26.22,228.57,0.003293,-0.000729,4.5024,28.9612,10,Tree cover,0.651,27.6,46.4,1.30,4.8,Metamorphic,MT,420.9,83.0,NA,NA,NO_EVENT,NA,NA,NA,NA,NA,NA,NA,NA,NA,NA
NEG_1542,1:2,0,1,Garo Hills Block,25.731746,90.004499,14870.8,91.98,22.47,274.22,0.002488,0.001491,5.0868,44.7933,10,Tree cover,0.695,30.1,53.1,1.33,5.4,Mixed Sedimentary,SM,158.3,1912.5,NA,NA,NO_EVENT,NA,NA,NA,NA,NA,NA,NA,NA,NA,NA
NEG_1543,1:2,0,5,Jaintia Hills Block,25.026341,92.274340,8952.3,946.51,26.13,305.92,-0.001386,0.002131,4.5599,35.7353,10,Tree cover,0.806,28.3,45.1,1.43,4.8,Siliciclastic Sedimentary,SS,37.9,76.2,NA,NA,NO_EVENT,NA,NA,NA,NA,NA,NA,NA,NA,NA,NA
NEG_1544,1:2,0,3,East Khasi Block,25.461614,91.872875,2758.3,1702.91,34.93,321.76,-0.004432,-0.000337,4.1470,28.0112,10,Tree cover,0.775,31.9,38.9,1.35,4.3,Metamorphic,MT,212.6,724.4,NA,NA,NO_EVENT,NA,NA,NA,NA,NA,NA,NA,NA,NA,NA
NEG_1545,1:2,0,1,Garo Hills Block,25.418860,89.810270,21048.2,25.00,33.75,16.68,-0.002122,-0.001609,4.4107,40.9653,10,Tree cover,0.702,22.7,46.9,1.37,5.2,Mixed Sedimentary,SM,143.9,1059.0,NA,NA,NO_EVENT,NA,NA,NA,NA,NA,NA,NA,NA,NA,NA
NEG_1546,1:2,0,2,West Khasi Block,25.161162,91.180768,5439.1,733.51,19.96,20.89,0.000944,0.002177,5.5154,19.2170,10,Tree cover,0.828,30.1,51.7,1.44,5.0,Siliciclastic Sedimentary,SS,215.3,137.8,NA,NA,NO_EVENT,NA,NA,NA,NA,NA,NA,NA,NA,NA,NA
NEG_1547,1:2,0,5,Jaintia Hills Block,25.612811,92.079948,3325.0,1544.48,25.62,226.31,0.001886,-0.001798,4.5520,30.7280,10,Tree cover,0.652,27.5,46.0,1.30,4.8,Metamorphic,MT,133.4,817.5,NA,NA,NO_EVENT,NA,NA,NA,NA,NA,NA,NA,NA,NA,NA
NEG_1548,1:2,0,2,West Khasi Block,25.030074,91.534723,14328.2,1025.68,27.73,244.17,-0.000757,0.002418,4.4394,35.8329,60,Bare / sparse vegetation,0.167,28.4,44.5,1.43,5.1,Siliciclastic Sedimentary,SS,15.3,1404.4,NA,NA,NO_EVENT,NA,NA,NA,NA,NA,NA,NA,NA,NA,NA
NEG_1549,1:2,0,1,Garo Hills Block,25.137709,89.832563,35501.3,52.95,22.37,2.88,-0.000564,-0.001227,5.2303,18.0424,10,Tree cover,0.830,30.3,47.8,1.44,5.2,Mixed Sedimentary,SM,91.5,1309.1,NA,NA,NO_EVENT,NA,NA,NA,NA,NA,NA,NA,NA,NA,NA
NEG_1550,1:2,0,4,Ri-Bhoi Block,25.969831,91.823111,3064.4,1271.47,18.64,53.96,-0.002626,0.001164,5.8565,21.6120,10,Tree cover,0.822,35.0,38.2,1.35,4.5,Metamorphic,MT,284.2,3703.9,NA,NA,NO_EVENT,NA,NA,NA,NA,NA,NA,NA,NA,NA,NA
NEG_1551,1:2,0,2,West Khasi Block,25.445736,91.087161,1124.4,728.63,35.48,0.68,-0.004443,-0.000040,4.1663,33.0880,10,Tree cover,0.846,32.5,38.2,1.36,4.5,Metamorphic,MT,145.2,226.2,NA,NA,NO_EVENT,NA,NA,NA,NA,NA,NA,NA,NA,NA,NA
NEG_1552,1:2,0,4,Ri-Bhoi Block,25.994760,92.134685,7844.8,1145.13,25.03,132.15,-0.001784,-0.001486,5.2858,27.9409,10,Tree cover,0.827,35.2,46.8,1.36,5.1,Metamorphic,MT,80.9,1110.2,NA,NA,NO_EVENT,NA,NA,NA,NA,NA,NA,NA,NA,NA,NA
NEG_1553,1:2,0,2,West Khasi Block,25.516256,91.253937,779.3,890.12,17.48,278.29,-0.000691,0.001553,5.3459,18.1130,10,Tree cover,0.659,30.0,41.4,1.33,4.7,Metamorphic,MT,111.2,799.2,NA,NA,NO_EVENT,NA,NA,NA,NA,NA,NA,NA,NA,NA,NA
NEG_1554,1:2,0,3,East Khasi Block,25.509324,91.817004,2051.0,1738.64,22.13,319.26,-0.000024,0.002645,4.9958,18.4390,60,Bare / sparse vegetation,0.162,23.2,60.4,1.31,4.5,Plutonic Acidic,PA,3.0,700.2,NA,NA,NO_EVENT,NA,NA,NA,NA,NA,NA,NA,NA,NA,NA
NEG_1555,1:2,0,4,Ri-Bhoi Block,26.005700,91.232762,18415.5,810.34,17.07,64.88,0.000832,0.000067,5.8906,26.5109,10,Tree cover,0.829,35.2,40.7,1.36,4.7,Metamorphic,MT,131.5,770.8,NA,NA,NO_EVENT,NA,NA,NA,NA,NA,NA,NA,NA,NA,NA
NEG_1556,1:2,0,5,Jaintia Hills Block,25.048004,92.106590,11183.8,1045.13,32.12,221.85,0.004237,0.000191,4.1306,33.1605,10,Tree cover,0.815,29.0,46.1,1.43,4.9,Siliciclastic Sedimentary,SS,71.0,353.4,NA,NA,NO_EVENT,NA,NA,NA,NA,NA,NA,NA,NA,NA,NA
NEG_1557,1:2,0,1,Garo Hills Block,25.521065,90.870694,5690.8,436.18,25.39,223.73,0.001290,-0.001111,4.6986,18.0373,10,Tree cover,0.658,23.5,45.4,1.34,5.4,Mixed Sedimentary,SM,118.5,2717.1,NA,NA,NO_EVENT,NA,NA,NA,NA,NA,NA,NA,NA,NA,NA
NEG_1558,1:2,0,1,Garo Hills Block,25.866413,90.763062,17691.4,285.90,29.14,137.79,-0.001611,-0.001964,5.0165,23.6539,10,Tree cover,0.777,28.3,49.9,1.36,5.3,Mixed Sedimentary,SM,223.4,590.2,NA,NA,NO_EVENT,NA,NA,NA,NA,NA,NA,NA,NA,NA,NA
NEG_1559,1:2,0,2,West Khasi Block,25.358400,91.463526,2192.0,1154.06,16.39,139.56,-0.002639,0.001134,5.9984,36.6064,10,Tree cover,0.739,25.8,51.8,1.32,4.7,Plutonic Acidic,PA,181.6,1802.7,NA,NA,NO_EVENT,NA,NA,NA,NA,NA,NA,NA,NA,NA,NA
NEG_1560,1:2,0,2,West Khasi Block,25.036229,91.599391,15459.0,1102.44,34.55,284.84,0.003237,0.000524,3.9072,38.1785,10,Tree cover,0.810,28.6,44.2,1.43,5.2,Siliciclastic Sedimentary,SS,20.8,1241.4,NA,NA,NO_EVENT,NA,NA,NA,NA,NA,NA,NA,NA,NA,NA
NEG_1561,1:2,0,1,Garo Hills Block,25.266804,90.031594,13091.2,25.00,32.78,104.24,-0.000167,0.002896,4.7671,48.3510,10,Tree cover,0.793,27.3,53.0,1.42,5.4,Mixed Sedimentary,SM,44.0,1878.6,NA,NA,NO_EVENT,NA,NA,NA,NA,NA,NA,NA,NA,NA,NA
NEG_1562,1:2,0,1,Garo Hills Block,26.030798,90.733360,36059.1,83.76,21.97,152.70,-0.002209,0.000279,5.4143,34.2095,10,Tree cover,0.830,22.9,51.1,1.42,5.3,Mixed Sedimentary,SM,109.3,3961.9,NA,NA,NO_EVENT,NA,NA,NA,NA,NA,NA,NA,NA,NA,NA
NEG_1563,1:2,0,3,East Khasi Block,25.106373,91.777567,9255.5,1184.71,16.19,344.00,-0.001453,-0.002088,5.6005,18.8518,10,Tree cover,0.828,30.2,50.5,1.44,5.4,Siliciclastic Sedimentary,SS,174.3,1068.6,NA,NA,NO_EVENT,NA,NA,NA,NA,NA,NA,NA,NA,NA,NA
NEG_1564,1:2,0,2,West Khasi Block,25.299018,91.391883,3302.7,1068.50,27.57,133.95,0.002774,-0.001198,5.1927,49.2058,10,Tree cover,0.776,26.0,49.9,1.41,4.8,Siliciclastic Sedimentary,SS,140.3,3689.7,NA,NA,NO_EVENT,NA,NA,NA,NA,NA,NA,NA,NA,NA,NA
NEG_1565,1:2,0,3,East Khasi Block,25.135044,91.864655,7169.9,1265.31,23.01,4.95,-0.000286,0.000335,5.1684,18.0094,60,Bare / sparse vegetation,0.283,30.3,52.9,1.44,5.3,Siliciclastic Sedimentary,SS,9.2,5.6,NA,NA,NO_EVENT,NA,NA,NA,NA,NA,NA,NA,NA,NA,NA
NEG_1566,1:2,0,1,Garo Hills Block,25.625004,89.950221,6399.5,59.86,24.23,298.66,-0.001042,0.001696,4.6704,32.8611,10,Tree cover,0.654,27.2,52.4,1.32,5.4,Mixed Sedimentary,SM,264.7,120.6,NA,NA,NO_EVENT,NA,NA,NA,NA,NA,NA,NA,NA,NA,NA
NEG_1567,1:2,0,1,Garo Hills Block,26.056936,89.883103,52284.4,25.00,27.76,10.90,0.002999,-0.000985,4.8519,44.7353,10,Tree cover,0.828,22.6,50.1,1.42,5.3,Mixed Sedimentary,SM,242.8,5074.4,NA,NA,NO_EVENT,NA,NA,NA,NA,NA,NA,NA,NA,NA,NA
NEG_1568,1:2,0,1,Garo Hills Block,25.611495,89.809498,17710.7,36.14,31.12,312.72,0.001517,-0.002089,4.1115,33.0738,10,Tree cover,0.652,26.7,46.8,1.32,5.2,Mixed Sedimentary,SM,175.3,595.5,NA,NA,NO_EVENT,NA,NA,NA,NA,NA,NA,NA,NA,NA,NA
NEG_1569,1:2,0,3,East Khasi Block,25.565726,91.924325,980.1,1737.46,23.06,250.88,-0.000163,-0.000510,4.7841,20.7760,10,Tree cover,0.734,28.5,40.4,1.31,4.4,Metamorphic,MT,99.8,467.1,NA,NA,NO_EVENT,NA,NA,NA,NA,NA,NA,NA,NA,NA,NA
NEG_1570,1:2,0,3,East Khasi Block,25.578312,91.919197,1367.0,1746.77,24.76,254.26,0.000470,0.000428,4.6323,23.0061,60,Bare / sparse vegetation,0.183,21.5,61.1,1.30,4.7,Plutonic Acidic,PA,6.7,471.6,NA,NA,NO_EVENT,NA,NA,NA,NA,NA,NA,NA,NA,NA,NA
NEG_1571,1:2,0,2,West Khasi Block,25.582593,91.570679,5861.4,1379.61,22.17,266.05,0.002801,-0.000607,4.8355,23.1847,10,Tree cover,0.650,28.0,44.7,1.31,5.0,Metamorphic,MT,135.7,5121.0,NA,NA,NO_EVENT,NA,NA,NA,NA,NA,NA,NA,NA,NA,NA
NEG_1572,1:2,0,1,Garo Hills Block,25.762742,90.159179,10521.3,47.85,15.31,179.04,0.000024,-0.002978,5.7819,34.4696,10,Tree cover,0.713,30.3,48.8,1.33,5.2,Mixed Sedimentary,SM,386.8,3229.9,NA,NA,NO_EVENT,NA,NA,NA,NA,NA,NA,NA,NA,NA,NA
NEG_1573,1:2,0,3,East Khasi Block,25.576621,91.891642,901.6,1765.10,25.61,269.97,0.003512,0.000215,4.5661,22.8705,10,Tree cover,0.760,21.6,61.2,1.30,4.7,Plutonic Acidic,PA,100.9,318.4,NA,NA,NO_EVENT,NA,NA,NA,NA,NA,NA,NA,NA,NA,NA
NEG_1574,1:2,0,3,East Khasi Block,25.027191,91.646051,16395.1,1062.49,35.62,306.06,0.001440,-0.002108,3.8023,41.8881,10,Tree cover,0.765,28.3,45.1,1.43,5.3,Siliciclastic Sedimentary,SS,70.8,474.4,NA,NA,NO_EVENT,NA,NA,NA,NA,NA,NA,NA,NA,NA,NA
NEG_1575,1:2,0,1,Garo Hills Block,25.408985,89.922574,14168.8,38.57,22.56,26.42,0.000735,0.002358,5.3433,35.4389,10,Tree cover,0.708,22.8,51.6,1.37,5.4,Mixed Sedimentary,SM,52.0,5.9,NA,NA,NO_EVENT,NA,NA,NA,NA,NA,NA,NA,NA,NA,NA
NEG_1576,1:2,0,5,Jaintia Hills Block,25.403705,92.048060,3270.6,1473.43,22.54,157.28,0.000036,-0.002645,5.3643,36.5022,10,Tree cover,0.711,33.8,45.1,1.37,4.7,Metamorphic,MT,82.0,3922.6,NA,NA,NO_EVENT,NA,NA,NA,NA,NA,NA,NA,NA,NA,NA
NEG_1577,1:2,0,1,Garo Hills Block,25.815206,90.444815,2843.9,104.27,20.39,28.59,-0.003308,-0.000475,5.5750,31.1646,10,Tree cover,0.746,29.7,47.1,1.35,4.8,Mixed Sedimentary,SM,148.9,1082.0,NA,NA,NO_EVENT,NA,NA,NA,NA,NA,NA,NA,NA,NA,NA
NEG_1578,1:2,0,5,Jaintia Hills Block,25.570849,92.076639,1843.5,1617.48,18.63,224.53,0.003216,0.000098,5.1314,20.8227,10,Tree cover,0.650,28.3,45.9,1.31,4.8,Metamorphic,MT,96.2,1978.3,NA,NA,NO_EVENT,NA,NA,NA,NA,NA,NA,NA,NA,NA,NA
NEG_1579,1:2,0,5,Jaintia Hills Block,25.486350,92.196716,3032.9,1338.39,29.80,256.80,0.001465,-0.002120,4.4623,21.3847,10,Tree cover,0.669,31.0,46.6,1.35,5.1,Metamorphic,MT,384.4,1146.2,NA,NA,NO_EVENT,NA,NA,NA,NA,NA,NA,NA,NA,NA,NA
NEG_1580,1:2,0,5,Jaintia Hills Block,25.519453,92.669946,13213.1,826.81,26.51,213.63,0.000211,-0.002867,4.6138,18.0729,10,Tree cover,0.658,29.9,42.2,1.33,4.8,Metamorphic,MT,159.1,3166.8,NA,NA,NO_EVENT,NA,NA,NA,NA,NA,NA,NA,NA,NA,NA
NEG_1581,1:2,0,4,Ri-Bhoi Block,25.867878,92.305812,15262.7,1136.02,26.64,46.15,0.000329,-0.002645,5.2193,22.8960,10,Tree cover,0.778,32.5,43.4,1.31,4.9,Metamorphic,MT,1898.2,378.2,NA,NA,NO_EVENT,NA,NA,NA,NA,NA,NA,NA,NA,NA,NA
NEG_1582,1:2,0,1,Garo Hills Block,25.618848,90.348383,1847.6,66.21,31.53,285.40,0.002001,-0.000262,4.0820,35.4765,10,Tree cover,0.653,27.0,44.3,1.32,4.9,Mixed Sedimentary,SM,2283.7,519.7,NA,NA,NO_EVENT,NA,NA,NA,NA,NA,NA,NA,NA,NA,NA
NEG_1583,1:2,0,5,Jaintia Hills Block,25.525179,92.752621,20831.8,632.77,19.58,224.12,-0.001787,0.000875,5.1515,18.0001,10,Tree cover,0.657,29.7,45.3,1.33,5.0,Metamorphic,MT,1427.2,3608.4,NA,NA,NO_EVENT,NA,NA,NA,NA,NA,NA,NA,NA,NA,NA
NEG_1584,1:2,0,4,Ri-Bhoi Block,25.833225,92.274046,12613.9,1153.48,23.51,46.31,-0.002939,-0.000553,5.3835,29.1356,10,Tree cover,0.757,31.3,44.6,1.30,4.9,Metamorphic,MT,411.0,3392.7,NA,NA,NO_EVENT,NA,NA,NA,NA,NA,NA,NA,NA,NA,NA
NEG_1585,1:2,0,2,West Khasi Block,25.055452,91.226971,16199.7,766.73,24.23,296.95,-0.004642,-0.000129,4.7823,27.7699,10,Tree cover,0.817,29.2,52.8,1.43,4.9,Siliciclastic Sedimentary,SS,334.5,174.6,NA,NA,NO_EVENT,NA,NA,NA,NA,NA,NA,NA,NA,NA,NA
NEG_1586,1:2,0,4,Ri-Bhoi Block,25.718351,92.331600,16880.8,1123.26,21.18,336.48,-0.003112,0.001018,5.1399,43.3968,10,Tree cover,0.688,27.8,42.4,1.28,4.8,Metamorphic,MT,2390.0,690.3,NA,NA,NO_EVENT,NA,NA,NA,NA,NA,NA,NA,NA,NA,NA
NEG_1587,1:2,0,5,Jaintia Hills Block,25.073216,92.399939,1803.7,804.21,30.95,328.97,0.002987,0.000198,4.2997,25.8046,10,Tree cover,0.822,29.6,50.2,1.44,5.0,Siliciclastic Sedimentary,SS,1710.9,914.1,NA,NA,NO_EVENT,NA,NA,NA,NA,NA,NA,NA,NA,NA,NA
NEG_1588,1:2,0,1,Garo Hills Block,25.612273,90.401808,4730.6,44.30,24.65,306.01,0.000887,0.002376,4.6294,30.1207,10,Tree cover,0.652,26.7,45.5,1.32,4.8,Mixed Sedimentary,SM,3416.2,4157.9,NA,NA,NO_EVENT,NA,NA,NA,NA,NA,NA,NA,NA,NA,NA
NEG_1589,1:2,0,1,Garo Hills Block,25.362636,90.659885,4727.1,195.97,18.69,108.30,0.000412,0.002546,5.8034,38.8512,10,Tree cover,0.737,23.8,53.0,1.39,5.1,Mixed Sedimentary,SM,376.9,2762.2,NA,NA,NO_EVENT,NA,NA,NA,NA,NA,NA,NA,NA,NA,NA
NEG_1590,1:2,0,1,Garo Hills Block,25.593328,89.957641,3428.9,34.99,19.32,295.32,-0.003929,0.000633,5.0567,24.1918,10,Tree cover,0.650,26.0,52.6,1.32,5.4,Mixed Sedimentary,SM,904.8,3278.2,NA,NA,NO_EVENT,NA,NA,NA,NA,NA,NA,NA,NA,NA,NA
NEG_1591,1:2,0,5,Jaintia Hills Block,25.191219,92.278714,5405.2,1090.38,21.14,39.63,0.002521,-0.000281,5.5296,23.1586,10,Tree cover,0.823,40.8,30.7,1.33,5.4,Carbonate Sedimentary,SC,681.4,3740.6,NA,NA,NO_EVENT,NA,NA,NA,NA,NA,NA,NA,NA,NA,NA
NEG_1592,1:2,0,1,Garo Hills Block,25.163212,90.511859,13189.5,82.84,20.71,17.65,0.002278,-0.001631,5.4632,19.4478,10,Tree cover,0.828,30.1,50.1,1.44,4.8,Mixed Sedimentary,SM,290.4,302.7,NA,NA,NO_EVENT,NA,NA,NA,NA,NA,NA,NA,NA,NA,NA
NEG_1593,1:2,0,2,West Khasi Block,25.509640,91.377219,2784.3,1196.40,28.04,212.87,-0.000010,-0.001419,4.5220,18.5347,10,Tree cover,0.661,30.2,45.9,1.34,5.0,Metamorphic,MT,1222.8,16.9,NA,NA,NO_EVENT,NA,NA,NA,NA,NA,NA,NA,NA,NA,NA
NEG_1594,1:2,0,4,Ri-Bhoi Block,25.844699,91.164364,815.8,799.98,30.71,41.62,0.000504,0.001481,4.8401,29.3227,10,Tree cover,0.764,31.7,38.7,1.30,4.5,Metamorphic,MT,147.5,798.2,NA,NA,NO_EVENT,NA,NA,NA,NA,NA,NA,NA,NA,NA,NA
NEG_1595,1:2,0,4,Ri-Bhoi Block,25.873054,91.685956,7440.7,1360.04,31.96,45.50,-0.000586,0.002648,4.8032,22.7767,10,Tree cover,0.781,32.7,40.4,1.31,4.7,Metamorphic,MT,687.2,5230.6,NA,NA,NO_EVENT,NA,NA,NA,NA,NA,NA,NA,NA,NA,NA
NEG_1596,1:2,0,1,Garo Hills Block,25.142148,90.276811,13930.8,34.87,21.70,167.56,0.000360,-0.002775,5.3016,18.1472,10,Tree cover,0.830,30.3,44.5,1.44,5.0,Mixed Sedimentary,SM,1056.6,1235.3,NA,NA,NO_EVENT,NA,NA,NA,NA,NA,NA,NA,NA,NA,NA
NEG_1597,1:2,0,2,West Khasi Block,25.491996,91.010513,7372.3,607.60,22.98,322.90,0.001570,0.001847,4.9873,19.9273,10,Tree cover,0.667,30.8,39.6,1.34,4.6,Metamorphic,MT,1242.8,885.4,NA,NA,NO_EVENT,NA,NA,NA,NA,NA,NA,NA,NA,NA,NA
NEG_1598,1:2,0,4,Ri-Bhoi Block,25.823028,91.571248,8543.2,1193.22,27.53,96.07,0.002949,0.000052,5.0299,33.7088,10,Tree cover,0.751,30.9,44.7,1.30,5.0,Metamorphic,MT,1104.7,1380.1,NA,NA,NO_EVENT,NA,NA,NA,NA,NA,NA,NA,NA,NA,NA
NEG_1599,1:2,0,1,Garo Hills Block,25.439184,90.320819,12172.4,58.07,35.84,89.78,-0.003473,-0.000406,4.1636,35.4282,10,Tree cover,0.848,22.5,44.1,1.36,4.9,Mixed Sedimentary,SM,4934.9,4101.0,NA,NA,NO_EVENT,NA,NA,NA,NA,NA,NA,NA,NA,NA,NA
NEG_1600,1:2,0,2,West Khasi Block,25.264984,91.555278,2363.5,1208.51,27.99,102.77,0.000188,0.002880,5.1485,43.5016,10,Tree cover,0.794,27.4,44.2,1.42,5.1,Siliciclastic Sedimentary,SS,492.6,1182.9,NA,NA,NO_EVENT,NA,NA,NA,NA,NA,NA,NA,NA,NA,NA
NEG_1601,1:2,0,2,West Khasi Block,25.477314,91.370529,4375.8,1155.91,33.66,198.82,-0.003433,-0.000661,4.1874,23.6974,10,Tree cover,0.673,31.4,45.7,1.35,5.0,Metamorphic,MT,1208.4,397.0,NA,NA,NO_EVENT,NA,NA,NA,NA,NA,NA,NA,NA,NA,NA
NEG_1602,1:2,0,3,East Khasi Block,25.204332,91.821864,3763.5,1344.50,27.76,45.63,-0.002809,0.000533,5.0417,27.7831,10,Tree cover,0.819,29.3,52.0,1.43,5.4,Siliciclastic Sedimentary,SS,35.5,48.8,NA,NA,NO_EVENT,NA,NA,NA,NA,NA,NA,NA,NA,NA,NA
NEG_1603,1:2,0,1,Garo Hills Block,25.940742,90.586715,22281.1,66.15,26.21,64.55,-0.004454,-0.000268,5.2930,19.0172,10,Tree cover,0.813,25.5,52.6,1.39,5.0,Mixed Sedimentary,SM,1542.8,3866.5,NA,NA,NO_EVENT,NA,NA,NA,NA,NA,NA,NA,NA,NA,NA
NEG_1604,1:2,0,5,Jaintia Hills Block,25.550835,92.775358,22589.3,567.80,15.45,237.28,-0.002699,0.001204,5.4192,18.7548,10,Tree cover,0.652,28.9,45.9,1.32,5.0,Metamorphic,MT,130.2,4075.0,NA,NA,NO_EVENT,NA,NA,NA,NA,NA,NA,NA,NA,NA,NA
NEG_1605,1:2,0,3,East Khasi Block,25.379901,91.614891,3848.9,1469.60,27.13,59.49,0.000514,0.000450,5.0780,45.4666,10,Tree cover,0.726,34.4,43.1,1.38,4.6,Metamorphic,MT,847.6,1846.3,NA,NA,NO_EVENT,NA,NA,NA,NA,NA,NA,NA,NA,NA,NA
NEG_1606,1:2,0,3,East Khasi Block,25.117411,91.648346,7032.7,1166.90,24.14,346.80,0.001030,0.002322,5.0077,18.4335,10,Tree cover,0.829,30.3,45.2,1.44,5.3,Siliciclastic Sedimentary,SS,400.1,121.8,NA,NA,NO_EVENT,NA,NA,NA,NA,NA,NA,NA,NA,NA,NA
NEG_1607,1:2,0,5,Jaintia Hills Block,25.116802,92.725668,15298.7,504.79,21.63,190.18,-0.001820,0.000958,5.2061,18.4197,10,Tree cover,0.829,30.3,46.5,1.44,5.4,Siliciclastic Sedimentary,SS,9395.3,3919.0,NA,NA,NO_EVENT,NA,NA,NA,NA,NA,NA,NA,NA,NA,NA
NEG_1608,1:2,0,4,Ri-Bhoi Block,25.792916,92.203887,6063.8,1232.67,23.29,93.39,-0.002407,-0.001551,5.2621,37.8347,10,Tree cover,0.732,29.9,46.5,1.29,5.1,Metamorphic,MT,2063.5,5254.1,NA,NA,NO_EVENT,NA,NA,NA,NA,NA,NA,NA,NA,NA,NA
NEG_1609,1:2,0,4,Ri-Bhoi Block,25.780433,91.598674,5276.5,1311.63,23.65,42.39,0.002253,0.000668,5.1850,40.5787,10,Tree cover,0.724,29.4,43.7,1.29,4.9,Metamorphic,MT,2462.0,454.7,NA,NA,NO_EVENT,NA,NA,NA,NA,NA,NA,NA,NA,NA,NA
NEG_1610,1:2,0,5,Jaintia Hills Block,25.505906,92.418039,2417.5,1129.57,28.80,326.83,-0.000090,-0.002932,4.4734,18.8372,10,Tree cover,0.662,30.3,39.3,1.34,4.6,Metamorphic,MT,373.7,994.5,NA,NA,NO_EVENT,NA,NA,NA,NA,NA,NA,NA,NA,NA,NA
NEG_1611,1:2,0,4,Ri-Bhoi Block,26.053383,91.322060,24991.0,811.79,32.02,158.67,0.002702,0.001207,4.5251,47.9501,10,Tree cover,0.829,34.8,44.1,1.37,4.9,Metamorphic,MT,680.8,703.1,NA,NA,NO_EVENT,NA,NA,NA,NA,NA,NA,NA,NA,NA,NA
NEG_1612,1:2,0,4,Ri-Bhoi Block,26.026058,91.579165,1844.9,1132.30,27.32,87.89,0.001235,0.001910,5.0032,36.9372,10,Tree cover,0.830,35.1,44.4,1.37,4.9,Metamorphic,MT,663.6,1047.4,NA,NA,NO_EVENT,NA,NA,NA,NA,NA,NA,NA,NA,NA,NA
NEG_1613,1:2,0,2,West Khasi Block,25.601455,91.186172,564.7,875.85,22.84,304.88,-0.001560,0.001804,4.7729,26.9462,10,Tree cover,0.651,27.7,39.2,1.30,4.6,Metamorphic,MT,462.8,465.5,NA,NA,NO_EVENT,NA,NA,NA,NA,NA,NA,NA,NA,NA,NA
NEG_1614,1:2,0,1,Garo Hills Block,25.246031,89.811345,29219.4,92.14,35.52,44.30,-0.000879,0.002333,4.5207,44.4159,10,Tree cover,0.857,28.1,46.9,1.43,5.2,Mixed Sedimentary,SM,1684.7,387.1,NA,NA,NO_EVENT,NA,NA,NA,NA,NA,NA,NA,NA,NA,NA
NEG_1615,1:2,0,2,West Khasi Block,25.280827,91.354656,654.3,1027.46,31.35,128.49,0.002651,0.000181,4.8904,50.2847,10,Tree cover,0.786,26.8,51.3,1.42,4.8,Siliciclastic Sedimentary,SS,44.0,958.9,NA,NA,NO_EVENT,NA,NA,NA,NA,NA,NA,NA,NA,NA,NA
NEG_1616,1:2,0,2,West Khasi Block,25.430357,91.167880,7352.7,829.93,30.73,11.41,-0.000130,0.001205,4.6075,35.5264,10,Tree cover,0.696,33.0,38.8,1.36,4.5,Metamorphic,MT,4043.7,1179.9,NA,NA,NO_EVENT,NA,NA,NA,NA,NA,NA,NA,NA,NA,NA
NEG_1617,1:2,0,1,Garo Hills Block,26.079100,90.868331,33122.8,251.95,35.16,183.07,0.004697,0.000096,4.1717,56.8996,10,Tree cover,0.868,22.5,45.5,1.43,5.4,Mixed Sedimentary,SM,670.8,1755.4,NA,NA,NO_EVENT,NA,NA,NA,NA,NA,NA,NA,NA,NA,NA
NEG_1618,1:2,0,5,Jaintia Hills Block,25.071794,92.164999,8293.4,1125.36,31.34,235.31,0.001154,0.000137,4.2638,26.2541,10,Tree cover,0.822,29.6,44.5,1.44,4.8,Siliciclastic Sedimentary,SS,461.6,31.8,NA,NA,NO_EVENT,NA,NA,NA,NA,NA,NA,NA,NA,NA,NA
NEG_1619,1:2,0,5,Jaintia Hills Block,25.636338,92.120150,5020.6,1485.52,33.44,231.46,-0.000115,0.000644,3.9456,42.1202,10,Tree cover,0.657,27.3,46.7,1.29,4.8,Metamorphic,MT,208.1,1311.2,NA,NA,NO_EVENT,NA,NA,NA,NA,NA,NA,NA,NA,NA,NA
NEG_1620,1:2,0,2,West Khasi Block,25.181852,91.544078,2644.2,1096.73,22.08,124.76,0.000227,-0.001008,5.4222,21.8837,10,Tree cover,0.825,29.8,44.3,1.44,5.1,Siliciclastic Sedimentary,SS,647.7,232.0,NA,NA,NO_EVENT,NA,NA,NA,NA,NA,NA,NA,NA,NA,NA
NEG_1621,1:2,0,1,Garo Hills Block,25.293934,90.495589,15698.7,38.45,21.79,45.43,-0.003505,0.000811,5.6565,42.1335,10,Tree cover,0.779,26.2,49.4,1.41,4.8,Mixed Sedimentary,SM,3430.5,750.3,NA,NA,NO_EVENT,NA,NA,NA,NA,NA,NA,NA,NA,NA,NA
NEG_1622,1:2,0,1,Garo Hills Block,25.032448,90.197539,24718.1,25.00,26.03,221.79,-0.002218,-0.001603,4.5804,34.1473,10,Tree cover,0.809,28.5,47.1,1.43,5.1,Mixed Sedimentary,SM,2920.5,112.1,NA,NA,NO_EVENT,NA,NA,NA,NA,NA,NA,NA,NA,NA,NA
NEG_1623,1:2,0,1,Garo Hills Block,25.354010,90.156480,10136.2,25.00,15.90,141.23,0.000614,0.002156,6.0484,36.3317,10,Tree cover,0.742,24.1,48.9,1.39,5.2,Mixed Sedimentary,SM,4773.4,6009.9,NA,NA,NO_EVENT,NA,NA,NA,NA,NA,NA,NA,NA,NA,NA
NEG_1624,1:2,0,1,Garo Hills Block,26.084727,90.741330,41346.7,97.32,26.83,186.20,-0.004638,-0.000211,4.8156,48.4051,10,Tree cover,0.824,22.5,50.8,1.43,5.3,Mixed Sedimentary,SM,146.7,1179.6,NA,NA,NO_EVENT,NA,NA,NA,NA,NA,NA,NA,NA,NA,NA
NEG_1625,1:2,0,1,Garo Hills Block,25.160750,90.407201,21963.6,52.08,18.59,19.98,-0.000627,0.002250,5.6234,19.1014,10,Tree cover,0.828,30.1,45.7,1.44,4.8,Mixed Sedimentary,SM,125.5,180.2,NA,NA,NO_EVENT,NA,NA,NA,NA,NA,NA,NA,NA,NA,NA
NEG_1626,1:2,0,1,Garo Hills Block,25.654719,89.995333,7007.2,115.36,31.21,277.35,0.002035,-0.001281,4.1536,45.6654,10,Tree cover,0.662,28.3,53.1,1.32,5.4,Mixed Sedimentary,SM,2405.1,3598.8,NA,NA,NO_EVENT,NA,NA,NA,NA,NA,NA,NA,NA,NA,NA
NEG_1627,1:2,0,4,Ri-Bhoi Block,25.951429,92.732574,14326.2,507.45,21.13,131.95,0.004913,-0.000025,5.6876,19.7562,10,Tree cover,0.817,34.7,44.6,1.34,4.9,Metamorphic,MT,270.9,733.4,NA,NA,NO_EVENT,NA,NA,NA,NA,NA,NA,NA,NA,NA,NA
NEG_1628,1:2,0,2,West Khasi Block,25.286487,91.172791,5180.3,794.75,25.46,51.81,-0.000304,-0.002280,5.3630,45.1383,10,Tree cover,0.783,26.5,51.4,1.42,5.0,Siliciclastic Sedimentary,SS,3995.8,1452.7,NA,NA,NO_EVENT,NA,NA,NA,NA,NA,NA,NA,NA,NA,NA
NEG_1629,1:2,0,3,East Khasi Block,25.043905,91.754166,15352.6,1043.04,25.39,321.65,-0.003509,0.000857,4.6584,30.9662,10,Tree cover,0.813,39.6,21.4,1.31,5.7,Volcanic Basic,VB,1284.4,1130.8,NA,NA,NO_EVENT,NA,NA,NA,NA,NA,NA,NA,NA,NA,NA
NEG_1630,1:2,0,1,Garo Hills Block,25.467040,90.623678,6162.0,54.84,32.70,299.34,-0.003836,-0.000699,4.3040,25.9599,10,Tree cover,0.677,22.6,53.1,1.35,5.0,Mixed Sedimentary,SM,1678.6,660.4,NA,NA,NO_EVENT,NA,NA,NA,NA,NA,NA,NA,NA,NA,NA
NEG_1631,1:2,0,1,Garo Hills Block,25.469514,90.347961,9129.3,25.00,33.65,320.12,-0.004198,0.000170,4.2183,25.5579,10,Tree cover,0.676,22.6,44.3,1.35,4.9,Mixed Sedimentary,SM,5158.7,2719.9,NA,NA,NO_EVENT,NA,NA,NA,NA,NA,NA,NA,NA,NA,NA
NEG_1632,1:2,0,4,Ri-Bhoi Block,25.764238,91.523470,5596.6,1265.13,14.87,176.46,-0.000212,0.002528,5.8231,33.8642,10,Tree cover,0.714,28.9,46.1,1.28,5.0,Metamorphic,MT,2344.4,3913.5,NA,NA,NO_EVENT,NA,NA,NA,NA,NA,NA,NA,NA,NA,NA
NEG_1633,1:2,0,1,Garo Hills Block,25.947366,90.158301,30918.1,25.00,16.76,136.20,-0.000673,0.000163,6.0422,19.0796,10,Tree cover,0.815,25.3,48.8,1.39,5.2,Mixed Sedimentary,SM,242.7,3153.1,NA,NA,NO_EVENT,NA,NA,NA,NA,NA,NA,NA,NA,NA,NA
NEG_1634,1:2,0,4,Ri-Bhoi Block,25.868520,91.854226,2622.9,1350.40,34.10,67.46,0.002173,-0.000399,4.6238,24.1163,10,Tree cover,0.778,32.5,38.5,1.31,4.5,Metamorphic,MT,2563.3,1011.1,NA,NA,NO_EVENT,NA,NA,NA,NA,NA,NA,NA,NA,NA,NA
NEG_1635,1:2,0,3,East Khasi Block,25.144212,91.919203,8626.6,1262.80,23.29,157.23,-0.000134,0.002865,5.1826,18.2347,10,Tree cover,0.830,30.3,52.9,1.44,5.3,Siliciclastic Sedimentary,SS,356.8,396.3,NA,NA,NO_EVENT,NA,NA,NA,NA,NA,NA,NA,NA,NA,NA
NEG_1636,1:2,0,5,Jaintia Hills Block,25.496871,92.682204,15290.1,795.56,30.39,205.63,0.000206,-0.002822,4.3771,19.8720,10,Tree cover,0.665,30.7,42.7,1.34,4.8,Metamorphic,MT,1706.6,4678.6,NA,NA,NO_EVENT,NA,NA,NA,NA,NA,NA,NA,NA,NA,NA
NEG_1637,1:2,0,3,East Khasi Block,25.172940,91.760642,1713.0,1349.34,17.86,22.05,0.003351,-0.000978,5.7277,20.1412,10,Tree cover,0.826,30.0,49.8,1.44,5.4,Siliciclastic Sedimentary,SS,80.7,624.1,NA,NA,NO_EVENT,NA,NA,NA,NA,NA,NA,NA,NA,NA,NA
NEG_1638,1:2,0,5,Jaintia Hills Block,25.432538,92.718285,12562.6,648.61,33.19,171.12,0.004019,0.000540,4.4021,36.2359,10,Tree cover,0.695,32.9,44.1,1.36,4.9,Metamorphic,MT,507.9,4525.8,NA,NA,NO_EVENT,NA,NA,NA,NA,NA,NA,NA,NA,NA,NA
NEG_1639,1:2,0,5,Jaintia Hills Block,25.376373,92.734667,7900.1,595.03,22.82,142.28,-0.000948,0.000378,5.4337,41.6493,10,Tree cover,0.728,34.5,44.7,1.38,4.9,Metamorphic,MT,3350.4,113.5,NA,NA,NO_EVENT,NA,NA,NA,NA,NA,NA,NA,NA,NA,NA
NEG_1640,1:2,0,1,Garo Hills Block,25.993605,90.624669,29220.1,128.05,23.04,81.98,-0.001954,-0.001349,5.4482,26.9108,10,Tree cover,0.827,23.7,53.1,1.41,5.0,Mixed Sedimentary,SM,212.3,1022.3,NA,NA,NO_EVENT,NA,NA,NA,NA,NA,NA,NA,NA,NA,NA
NEG_1641,1:2,0,4,Ri-Bhoi Block,25.887825,92.836593,13155.2,381.34,25.88,88.48,-0.000103,-0.001982,5.3114,19.7910,10,Tree cover,0.789,33.2,46.9,1.32,5.1,Metamorphic,MT,72.9,1594.8,NA,NA,NO_EVENT,NA,NA,NA,NA,NA,NA,NA,NA,NA,NA
NEG_1642,1:2,0,2,West Khasi Block,25.292876,91.132170,5828.4,738.38,28.51,45.96,0.003022,-0.001181,5.1190,49.4198,10,Tree cover,0.779,26.3,49.8,1.41,5.0,Siliciclastic Sedimentary,SS,3625.9,162.6,NA,NA,NO_EVENT,NA,NA,NA,NA,NA,NA,NA,NA,NA,NA
NEG_1643,1:2,0,1,Garo Hills Block,25.581795,90.699540,8457.1,186.71,16.57,238.32,-0.003590,0.000463,5.2842,21.7750,10,Tree cover,0.650,25.5,52.2,1.33,5.2,Mixed Sedimentary,SM,2550.6,5643.7,NA,NA,NO_EVENT,NA,NA,NA,NA,NA,NA,NA,NA,NA,NA
NEG_1644,1:2,0,1,Garo Hills Block,25.036486,90.471394,25205.3,25.00,26.36,320.57,-0.003310,-0.000359,4.5629,33.3303,10,Tree cover,0.810,28.6,48.3,1.43,4.8,Mixed Sedimentary,SM,1669.2,362.2,NA,NA,NO_EVENT,NA,NA,NA,NA,NA,NA,NA,NA,NA,NA
NEG_1645,1:2,0,2,West Khasi Block,25.324492,91.152979,8055.6,752.11,21.99,46.50,0.001945,0.000225,5.6170,44.3523,10,Tree cover,0.760,35.2,38.5,1.38,4.5,Metamorphic,MT,4238.5,2965.6,NA,NA,NO_EVENT,NA,NA,NA,NA,NA,NA,NA,NA,NA,NA
NEG_1646,1:2,0,5,Jaintia Hills Block,25.204791,92.463426,6447.2,864.94,30.35,50.95,0.003943,-0.000402,4.8359,28.8179,10,Tree cover,0.819,29.3,52.4,1.43,5.1,Siliciclastic Sedimentary,SS,376.6,2660.6,NA,NA,NO_EVENT,NA,NA,NA,NA,NA,NA,NA,NA,NA,NA
NEG_1647,1:2,0,1,Garo Hills Block,25.781304,90.059861,17263.0,28.77,25.07,158.39,0.001257,0.002243,5.0748,41.7644,10,Tree cover,0.725,30.2,52.5,1.34,5.4,Mixed Sedimentary,SM,414.9,733.0,NA,NA,NO_EVENT,NA,NA,NA,NA,NA,NA,NA,NA,NA,NA
NEG_1648,1:2,0,4,Ri-Bhoi Block,25.722100,91.793652,9805.8,1557.84,19.14,335.41,0.000380,0.001679,5.3169,40.9679,10,Tree cover,0.690,27.9,38.1,1.28,4.3,Metamorphic,MT,480.1,1017.6,NA,NA,NO_EVENT,NA,NA,NA,NA,NA,NA,NA,NA,NA,NA
NEG_1649,1:2,0,1,Garo Hills Block,26.052719,89.809214,54976.8,25.00,34.48,13.64,0.002255,0.001354,4.3308,50.0683,10,Tree cover,0.829,22.6,46.8,1.42,5.2,Mixed Sedimentary,SM,357.6,971.1,NA,NA,NO_EVENT,NA,NA,NA,NA,NA,NA,NA,NA,NA,NA
NEG_1650,1:2,0,5,Jaintia Hills Block,25.287767,92.629764,6422.9,740.03,27.49,131.69,0.003098,-0.000847,5.2007,47.5122,10,Tree cover,0.782,26.5,50.6,1.42,5.4,Siliciclastic Sedimentary,SS,4864.9,1473.0,NA,NA,NO_EVENT,NA,NA,NA,NA,NA,NA,NA,NA,NA,NA
NEG_1651,1:2,0,4,Ri-Bhoi Block,26.026705,91.997789,1015.7,1125.69,21.54,151.90,-0.001674,0.000827,5.4633,33.0627,10,Tree cover,0.830,35.1,43.2,1.37,4.9,Metamorphic,MT,765.7,7391.8,NA,NA,NO_EVENT,NA,NA,NA,NA,NA,NA,NA,NA,NA,NA
NEG_1652,1:2,0,1,Garo Hills Block,25.847024,90.079023,22129.8,34.69,34.51,131.16,0.003577,-0.000852,4.5422,30.0187,10,Tree cover,0.766,28.9,52.0,1.36,5.3,Mixed Sedimentary,SM,668.0,1238.4,NA,NA,NO_EVENT,NA,NA,NA,NA,NA,NA,NA,NA,NA,NA
NEG_1653,1:2,0,1,Garo Hills Block,25.574986,90.506328,13775.7,84.23,19.13,315.05,-0.003780,-0.000119,5.0863,21.4215,10,Tree cover,0.650,25.3,49.9,1.33,4.8,Mixed Sedimentary,SM,579.4,835.2,NA,NA,NO_EVENT,NA,NA,NA,NA,NA,NA,NA,NA,NA,NA
NEG_1654,1:2,0,5,Jaintia Hills Block,25.215715,92.271425,5047.7,1107.83,25.00,50.39,0.002868,0.001094,5.2951,29.3877,10,Tree cover,0.815,41.6,30.5,1.34,5.4,Carbonate Sedimentary,SC,755.7,3446.4,NA,NA,NO_EVENT,NA,NA,NA,NA,NA,NA,NA,NA,NA,NA
NEG_1655,1:2,0,2,West Khasi Block,25.165841,91.229387,3936.9,751.51,16.81,44.36,0.003674,0.000125,5.7852,19.3817,10,Tree cover,0.828,30.1,52.8,1.44,4.9,Siliciclastic Sedimentary,SS,203.5,1849.0,NA,NA,NO_EVENT,NA,NA,NA,NA,NA,NA,NA,NA,NA,NA
NEG_1656,1:2,0,1,Garo Hills Block,26.033664,90.366788,28066.3,83.04,29.16,42.28,0.002369,-0.000922,4.8287,40.2908,60,Bare / sparse vegetation,0.162,22.8,44.6,1.42,4.8,Mixed Sedimentary,SM,7.6,318.8,NA,NA,NO_EVENT,NA,NA,NA,NA,NA,NA,NA,NA,NA,NA
NEG_1657,1:2,0,4,Ri-Bhoi Block,26.076233,92.832578,8649.9,324.70,26.85,214.33,0.003401,-0.000056,4.8479,47.2952,10,Tree cover,0.825,34.4,46.8,1.38,5.1,Metamorphic,MT,975.4,689.0,NA,NA,NO_EVENT,NA,NA,NA,NA,NA,NA,NA,NA,NA,NA
NEG_1658,1:2,0,1,Garo Hills Block,25.620067,90.318935,1109.4,71.86,32.78,268.92,0.001259,-0.002056,3.9828,36.5519,10,Tree cover,0.653,27.0,44.1,1.32,4.9,Mixed Sedimentary,SM,464.6,1756.8,NA,NA,NO_EVENT,NA,NA,NA,NA,NA,NA,NA,NA,NA,NA
NEG_1659,1:2,0,2,West Khasi Block,25.361393,91.094703,5909.2,637.35,24.78,37.22,0.002575,-0.000717,5.3194,45.7940,10,Tree cover,0.737,34.7,38.1,1.38,4.5,Metamorphic,MT,7085.5,1145.7,NA,NA,NO_EVENT,NA,NA,NA,NA,NA,NA,NA,NA,NA,NA
NEG_1660,1:2,0,1,Garo Hills Block,25.354070,90.655939,5714.8,188.97,18.44,104.59,0.000878,0.002121,5.8450,39.2560,10,Tree cover,0.742,24.1,53.0,1.39,5.1,Mixed Sedimentary,SM,68.2,2632.1,NA,NA,NO_EVENT,NA,NA,NA,NA,NA,NA,NA,NA,NA,NA
NEG_1661,1:2,0,1,Garo Hills Block,26.070008,90.267763,35582.0,49.32,32.40,174.12,-0.002550,0.000334,4.4288,52.1611,10,Tree cover,0.827,22.5,44.7,1.43,5.0,Mixed Sedimentary,SM,2198.0,1022.2,NA,NA,NO_EVENT,NA,NA,NA,NA,NA,NA,NA,NA,NA,NA
NEG_1662,1:2,0,1,Garo Hills Block,25.811994,89.801251,31986.5,86.15,29.72,28.84,0.001699,0.000822,4.8174,38.0999,10,Tree cover,0.744,29.8,46.5,1.34,5.2,Mixed Sedimentary,SM,4008.0,501.6,NA,NA,NO_EVENT,NA,NA,NA,NA,NA,NA,NA,NA,NA,NA
NEG_1663,1:2,0,4,Ri-Bhoi Block,25.663877,92.593626,11166.2,845.90,28.76,230.86,-0.002846,-0.001115,4.3688,45.6192,10,Tree cover,0.665,27.2,39.5,1.29,4.6,Metamorphic,MT,1525.3,2638.9,NA,NA,NO_EVENT,NA,NA,NA,NA,NA,NA,NA,NA,NA,NA
NEG_1664,1:2,0,1,Garo Hills Block,25.330969,90.365854,17416.3,83.67,21.69,64.58,0.004573,0.000242,5.6314,44.0221,10,Tree cover,0.756,24.8,44.5,1.40,4.8,Mixed Sedimentary,SM,1777.0,2901.3,NA,NA,NO_EVENT,NA,NA,NA,NA,NA,NA,NA,NA,NA,NA
NEG_1665,1:2,0,4,Ri-Bhoi Block,25.723814,91.973434,5732.0,1569.92,20.45,206.49,0.003820,-0.000546,5.2184,42.5336,10,Tree cover,0.691,27.9,42.3,1.28,4.5,Metamorphic,MT,479.9,1612.8,NA,NA,NO_EVENT,NA,NA,NA,NA,NA,NA,NA,NA,NA,NA
NEG_1666,1:2,0,1,Garo Hills Block,25.763073,90.773916,7101.3,276.21,18.41,178.83,-0.000110,0.002694,5.5353,37.7687,10,Tree cover,0.713,30.3,49.4,1.33,5.3,Mixed Sedimentary,SM,2185.6,1419.7,NA,NA,NO_EVENT,NA,NA,NA,NA,NA,NA,NA,NA,NA,NA
NEG_1667,1:2,0,5,Jaintia Hills Block,25.292379,92.715552,2826.9,622.77,27.55,132.83,-0.003085,-0.001130,5.1959,48.2894,10,Tree cover,0.779,26.3,46.9,1.41,5.4,Siliciclastic Sedimentary,SS,2664.2,1510.0,NA,NA,NO_EVENT,NA,NA,NA,NA,NA,NA,NA,NA,NA,NA
NEG_1668,1:2,0,4,Ri-Bhoi Block,26.017163,91.194816,18752.6,704.62,21.34,40.94,-0.000358,-0.002380,5.5122,30.9780,10,Tree cover,0.830,35.2,39.4,1.37,4.6,Metamorphic,MT,66.0,424.8,NA,NA,NO_EVENT,NA,NA,NA,NA,NA,NA,NA,NA,NA,NA
NEG_1669,1:2,0,4,Ri-Bhoi Block,25.933889,91.179587,9377.2,729.09,21.32,53.06,0.001207,0.001105,5.6894,18.4040,10,Tree cover,0.810,34.4,39.0,1.34,4.6,Metamorphic,MT,605.1,1947.2,NA,NA,NO_EVENT,NA,NA,NA,NA,NA,NA,NA,NA,NA,NA
NEG_1670,1:2,0,1,Garo Hills Block,25.478340,90.278127,6311.9,25.00,31.12,216.77,0.000980,0.002039,4.3867,23.0558,10,Tree cover,0.672,22.7,44.5,1.35,5.0,Mixed Sedimentary,SM,3248.6,837.4,NA,NA,NO_EVENT,NA,NA,NA,NA,NA,NA,NA,NA,NA,NA
NEG_1671,1:2,0,2,West Khasi Block,25.480519,91.439122,4782.4,1274.40,27.52,198.56,0.001509,-0.001993,4.6664,22.0846,10,Tree cover,0.672,31.2,46.9,1.35,5.1,Metamorphic,MT,1111.6,1904.7,NA,NA,NO_EVENT,NA,NA,NA,NA,NA,NA,NA,NA,NA,NA
NEG_1672,1:2,0,2,West Khasi Block,25.044305,91.154545,17143.4,564.65,32.29,318.86,0.001420,-0.001676,4.1074,34.3675,10,Tree cover,0.813,28.9,50.7,1.43,5.0,Siliciclastic Sedimentary,SS,129.8,168.3,NA,NA,NO_EVENT,NA,NA,NA,NA,NA,NA,NA,NA,NA,NA
NEG_1673,1:2,0,4,Ri-Bhoi Block,25.863865,91.874140,654.2,1339.86,35.56,78.54,0.002541,0.000864,4.4977,25.5518,10,Tree cover,0.785,32.4,38.9,1.31,4.6,Metamorphic,MT,586.8,2537.3,NA,NA,NO_EVENT,NA,NA,NA,NA,NA,NA,NA,NA,NA,NA
NEG_1674,1:2,0,4,Ri-Bhoi Block,25.705970,92.574144,15181.9,889.38,21.58,225.40,-0.002650,0.000486,5.0642,43.4834,10,Tree cover,0.682,27.6,39.0,1.28,4.6,Metamorphic,MT,6549.6,2052.5,NA,NA,NO_EVENT,NA,NA,NA,NA,NA,NA,NA,NA,NA,NA
NEG_1675,1:2,0,2,West Khasi Block,25.039475,91.498995,13479.6,958.34,25.65,228.67,-0.003342,0.000797,4.6267,32.1827,10,Tree cover,0.811,28.7,45.4,1.43,5.0,Siliciclastic Sedimentary,SS,1178.0,2691.3,NA,NA,NO_EVENT,NA,NA,NA,NA,NA,NA,NA,NA,NA,NA
NEG_1676,1:2,0,4,Ri-Bhoi Block,25.870337,91.451073,3868.6,1157.25,28.89,137.03,-0.001384,0.001979,5.0440,22.8277,10,Tree cover,0.779,32.6,46.9,1.31,5.1,Metamorphic,MT,171.4,1941.1,NA,NA,NO_EVENT,NA,NA,NA,NA,NA,NA,NA,NA,NA,NA
NEG_1677,1:2,0,1,Garo Hills Block,25.369807,90.215564,12856.2,25.00,16.87,141.26,-0.001680,0.000762,5.9291,36.1710,10,Tree cover,0.732,23.6,46.4,1.39,5.1,Mixed Sedimentary,SM,771.5,7731.0,NA,NA,NO_EVENT,NA,NA,NA,NA,NA,NA,NA,NA,NA,NA
NEG_1678,1:2,0,4,Ri-Bhoi Block,25.978568,91.235825,15739.2,834.61,14.18,71.77,0.003723,0.000197,6.1948,21.6764,10,Tree cover,0.824,35.1,40.8,1.35,4.7,Metamorphic,MT,13.2,208.2,NA,NA,NO_EVENT,NA,NA,NA,NA,NA,NA,NA,NA,NA,NA
NEG_1679,1:2,0,4,Ri-Bhoi Block,25.968364,91.586849,2060.9,1205.27,21.58,83.87,-0.003800,0.000710,5.6242,21.9605,10,Tree cover,0.822,35.0,44.2,1.35,4.9,Metamorphic,MT,3422.6,5971.4,NA,NA,NO_EVENT,NA,NA,NA,NA,NA,NA,NA,NA,NA,NA
NEG_1680,1:2,0,4,Ri-Bhoi Block,25.748127,92.252997,12223.7,1271.44,15.79,344.18,0.001466,0.001097,5.6852,36.1192,10,Tree cover,0.705,28.5,45.2,1.28,5.0,Metamorphic,MT,4038.9,3923.4,NA,NA,NO_EVENT,NA,NA,NA,NA,NA,NA,NA,NA,NA,NA
NEG_1681,1:2,0,4,Ri-Bhoi Block,25.731888,91.014067,5502.7,623.80,18.17,334.57,0.002227,0.001664,5.4314,39.6620,10,Tree cover,0.695,28.1,39.5,1.28,4.6,Metamorphic,MT,1140.4,4434.7,NA,NA,NO_EVENT,NA,NA,NA,NA,NA,NA,NA,NA,NA,NA
NEG_1682,1:2,0,5,Jaintia Hills Block,25.574724,92.249289,724.5,1301.60,17.05,293.78,-0.004765,-0.000048,5.2530,21.0191,10,Tree cover,0.650,28.2,45.4,1.31,5.0,Metamorphic,MT,3030.8,298.3,NA,NA,NO_EVENT,NA,NA,NA,NA,NA,NA,NA,NA,NA,NA
NEG_1683,1:2,0,1,Garo Hills Block,25.423542,90.983770,6836.1,612.29,24.69,34.27,0.004158,-0.000134,5.1174,33.6960,10,Tree cover,0.700,22.6,44.4,1.37,5.3,Mixed Sedimentary,SM,4053.9,636.8,NA,NA,NO_EVENT,NA,NA,NA,NA,NA,NA,NA,NA,NA,NA
NEG_1684,1:2,0,5,Jaintia Hills Block,25.123345,92.589483,17125.9,693.79,16.71,188.33,0.000949,-0.001687,5.6257,18.1131,10,Tree cover,0.830,30.3,52.1,1.44,5.3,Siliciclastic Sedimentary,SS,12749.6,358.2,NA,NA,NO_EVENT,NA,NA,NA,NA,NA,NA,NA,NA,NA,NA
NEG_1685,1:2,0,3,East Khasi Block,25.118319,91.777038,7940.3,1212.75,14.93,351.03,-0.000857,-0.002453,5.7481,18.2374,10,Tree cover,0.830,30.3,50.5,1.44,5.4,Siliciclastic Sedimentary,SS,8.9,109.3,NA,NA,NO_EVENT,NA,NA,NA,NA,NA,NA,NA,NA,NA,NA
NEG_1686,1:2,0,2,West Khasi Block,25.466250,91.037139,3569.8,670.24,29.59,345.99,0.000685,0.001378,4.5559,25.3842,10,Tree cover,0.678,31.8,38.9,1.35,4.6,Metamorphic,MT,4759.1,609.3,NA,NA,NO_EVENT,NA,NA,NA,NA,NA,NA,NA,NA,NA,NA
NEG_1687,1:2,0,1,Garo Hills Block,25.753916,90.004636,17302.4,57.09,20.45,285.60,0.000659,0.001981,5.3354,40.9544,10,Tree cover,0.708,30.3,53.1,1.33,5.4,Mixed Sedimentary,SM,542.7,2568.8,NA,NA,NO_EVENT,NA,NA,NA,NA,NA,NA,NA,NA,NA,NA
NEG_1688,1:2,0,4,Ri-Bhoi Block,25.661202,92.154697,1453.8,1475.55,35.93,239.84,-0.001417,0.002114,3.7893,51.7554,10,Tree cover,0.757,27.2,46.9,1.29,4.8,Metamorphic,MT,519.2,127.8,NA,NA,NO_EVENT,NA,NA,NA,NA,NA,NA,NA,NA,NA,NA
NEG_1689,1:2,0,1,Garo Hills Block,25.914470,90.320118,18315.7,38.77,30.66,90.38,-0.002222,-0.001658,4.9469,18.0317,10,Tree cover,0.802,26.5,44.1,1.38,4.9,Mixed Sedimentary,SM,479.1,3133.8,NA,NA,NO_EVENT,NA,NA,NA,NA,NA,NA,NA,NA,NA,NA
NEG_1690,1:2,0,4,Ri-Bhoi Block,25.989213,91.801246,4835.2,1205.64,17.11,43.98,-0.000267,0.002498,5.9344,23.9526,10,Tree cover,0.826,35.2,38.1,1.36,4.5,Metamorphic,MT,3100.7,643.9,NA,NA,NO_EVENT,NA,NA,NA,NA,NA,NA,NA,NA,NA,NA
NEG_1691,1:2,0,4,Ri-Bhoi Block,25.972403,91.280106,17507.8,893.79,16.45,101.07,0.001499,0.001515,6.0265,21.4921,10,Tree cover,0.823,35.0,42.5,1.35,4.8,Metamorphic,MT,619.6,3811.4,NA,NA,NO_EVENT,NA,NA,NA,NA,NA,NA,NA,NA,NA,NA
NEG_1692,1:2,0,5,Jaintia Hills Block,25.605396,92.603067,6450.0,834.52,24.25,233.53,0.003278,-0.000601,4.6600,28.3684,10,Tree cover,0.651,27.6,39.8,1.30,4.6,Metamorphic,MT,2909.7,4106.2,NA,NA,NO_EVENT,NA,NA,NA,NA,NA,NA,NA,NA,NA,NA
NEG_1693,1:2,0,4,Ri-Bhoi Block,25.991902,91.166891,15781.9,645.95,20.76,42.02,-0.000130,-0.002611,5.6352,25.7136,10,Tree cover,0.827,35.2,38.7,1.36,4.5,Metamorphic,MT,1020.5,564.7,NA,NA,NO_EVENT,NA,NA,NA,NA,NA,NA,NA,NA,NA,NA
NEG_1694,1:2,0,1,Garo Hills Block,25.316366,90.999170,3061.8,597.40,16.51,63.55,-0.004433,0.000164,6.0652,37.6074,10,Tree cover,0.765,25.4,44.7,1.41,5.3,Mixed Sedimentary,SM,5185.1,430.7,NA,NA,NO_EVENT,NA,NA,NA,NA,NA,NA,NA,NA,NA,NA
NEG_1695,1:2,0,1,Garo Hills Block,25.438785,90.674944,4021.5,165.32,27.81,168.24,0.001042,0.000591,4.8076,31.6278,10,Tree cover,0.691,22.5,52.7,1.36,5.1,Mixed Sedimentary,SM,1963.4,2937.8,NA,NA,NO_EVENT,NA,NA,NA,NA,NA,NA,NA,NA,NA,NA
NEG_1696,1:2,0,5,Jaintia Hills Block,25.310066,92.426242,4130.5,1004.77,26.40,50.57,-0.000070,-0.000827,5.2798,48.9518,10,Tree cover,0.769,25.6,51.3,1.41,5.0,Siliciclastic Sedimentary,SS,4086.6,3278.6,NA,NA,NO_EVENT,NA,NA,NA,NA,NA,NA,NA,NA,NA,NA
NEG_1697,1:2,0,3,East Khasi Block,25.095451,91.866714,11575.8,1264.05,26.51,304.04,0.003961,0.000291,4.7335,20.7482,10,Tree cover,0.827,30.0,53.0,1.44,5.3,Siliciclastic Sedimentary,SS,263.4,1193.5,NA,NA,NO_EVENT,NA,NA,NA,NA,NA,NA,NA,NA,NA,NA
NEG_1698,1:2,0,1,Garo Hills Block,25.206646,90.850743,16657.5,363.66,33.56,141.02,-0.004784,0.000084,4.5846,30.5117,10,Tree cover,0.818,29.3,46.1,1.43,5.4,Mixed Sedimentary,SM,2070.5,2000.2,NA,NA,NO_EVENT,NA,NA,NA,NA,NA,NA,NA,NA,NA,NA
NEG_1699,1:2,0,1,Garo Hills Block,25.086466,90.623420,13789.4,111.11,26.70,284.45,0.004024,0.000576,4.6854,22.1940,10,Tree cover,0.825,29.9,53.1,1.44,5.0,Mixed Sedimentary,SM,475.3,518.6,NA,NA,NO_EVENT,NA,NA,NA,NA,NA,NA,NA,NA,NA,NA
NEG_1700,1:2,0,4,Ri-Bhoi Block,25.849895,92.499297,26864.9,810.44,28.17,75.23,-0.003836,-0.000485,5.0568,27.1138,10,Tree cover,0.767,31.9,38.1,1.30,4.5,Metamorphic,MT,950.7,3709.0,NA,NA,NO_EVENT,NA,NA,NA,NA,NA,NA,NA,NA,NA,NA
NEG_1701,1:2,0,2,West Khasi Block,25.259249,91.213821,3414.5,805.57,25.52,63.54,-0.000095,-0.001307,5.3399,40.0181,10,Tree cover,0.797,27.6,52.6,1.42,4.9,Siliciclastic Sedimentary,SS,2143.0,1061.0,NA,NA,NO_EVENT,NA,NA,NA,NA,NA,NA,NA,NA,NA,NA
NEG_1702,1:2,0,5,Jaintia Hills Block,25.527950,92.464405,924.0,993.50,22.35,306.02,-0.001813,-0.001526,4.9221,18.0108,10,Tree cover,0.656,29.6,38.4,1.33,4.5,Metamorphic,MT,272.1,2665.5,NA,NA,NO_EVENT,NA,NA,NA,NA,NA,NA,NA,NA,NA,NA
NEG_1703,1:2,0,4,Ri-Bhoi Block,25.843823,91.364886,10528.0,1057.49,34.73,139.10,0.004318,0.000263,4.5161,31.0752,10,Tree cover,0.764,31.7,45.5,1.30,5.0,Metamorphic,MT,750.3,581.1,NA,NA,NO_EVENT,NA,NA,NA,NA,NA,NA,NA,NA,NA,NA
NEG_1704,1:2,0,4,Ri-Bhoi Block,25.744407,92.384433,16251.5,1067.93,23.43,350.37,-0.001734,-0.001411,5.0593,45.2055,10,Tree cover,0.702,28.4,40.4,1.28,4.7,Metamorphic,MT,104.0,3295.5,NA,NA,NO_EVENT,NA,NA,NA,NA,NA,NA,NA,NA,NA,NA
NEG_1705,1:2,0,2,West Khasi Block,25.030302,91.028815,17947.9,452.02,29.57,309.94,-0.000975,0.002344,4.2926,36.9516,10,Tree cover,0.808,28.4,45.5,1.43,5.3,Siliciclastic Sedimentary,SS,1529.2,1745.7,NA,NA,NO_EVENT,NA,NA,NA,NA,NA,NA,NA,NA,NA,NA
NEG_1706,1:2,0,4,Ri-Bhoi Block,25.999823,92.057955,1934.1,1089.39,17.88,145.49,-0.000356,0.002777,5.8434,25.9300,10,Tree cover,0.828,35.2,45.4,1.36,5.0,Metamorphic,MT,251.1,5812.0,NA,NA,NO_EVENT,NA,NA,NA,NA,NA,NA,NA,NA,NA,NA
NEG_1707,1:2,0,2,West Khasi Block,25.606269,91.415416,8605.3,1190.96,27.51,225.03,0.000409,0.002222,4.3993,29.9835,10,Tree cover,0.651,27.6,46.6,1.30,5.1,Metamorphic,MT,1206.4,247.9,NA,NA,NO_EVENT,NA,NA,NA,NA,NA,NA,NA,NA,NA,NA
NEG_1708,1:2,0,2,West Khasi Block,25.395592,91.387588,3708.3,1069.88,29.65,152.60,-0.001038,0.001965,4.8243,44.4247,10,Tree cover,0.716,34.0,46.1,1.37,5.0,Metamorphic,MT,378.9,1469.4,NA,NA,NO_EVENT,NA,NA,NA,NA,NA,NA,NA,NA,NA,NA
NEG_1709,1:2,0,4,Ri-Bhoi Block,25.727814,91.076007,3774.4,654.03,25.49,341.13,-0.002691,0.001385,4.8303,48.5170,10,Tree cover,0.693,28.0,38.3,1.28,4.5,Metamorphic,MT,1290.4,6983.5,NA,NA,NO_EVENT,NA,NA,NA,NA,NA,NA,NA,NA,NA,NA
NEG_1710,1:2,0,4,Ri-Bhoi Block,25.791285,92.426758,20115.0,1027.23,26.11,20.35,-0.000094,-0.002183,5.0303,40.6050,10,Tree cover,0.731,29.8,39.1,1.29,4.6,Metamorphic,MT,27.2,4306.5,NA,NA,NO_EVENT,NA,NA,NA,NA,NA,NA,NA,NA,NA,NA
NEG_1711,1:2,0,2,West Khasi Block,25.187060,91.177218,3654.1,753.90,24.68,34.28,0.000995,0.000620,5.2323,23.2492,10,Tree cover,0.824,29.7,51.5,1.44,5.0,Siliciclastic Sedimentary,SS,280.6,2063.9,NA,NA,NO_EVENT,NA,NA,NA,NA,NA,NA,NA,NA,NA,NA
NEG_1712,1:2,0,3,East Khasi Block,25.460662,91.896768,4198.5,1699.77,35.46,249.31,-0.002870,-0.000802,4.1083,28.4407,10,Tree cover,0.840,32.0,39.5,1.35,4.3,Metamorphic,MT,177.2,892.7,NA,NA,NO_EVENT,NA,NA,NA,NA,NA,NA,NA,NA,NA,NA
NEG_1713,1:2,0,3,East Khasi Block,25.289857,91.752765,1637.2,1444.52,20.08,45.48,-0.003176,0.000934,5.7936,39.7991,10,Tree cover,0.781,26.4,49.4,1.42,5.1,Siliciclastic Sedimentary,SS,515.4,1034.3,NA,NA,NO_EVENT,NA,NA,NA,NA,NA,NA,NA,NA,NA,NA
NEG_1714,1:2,0,4,Ri-Bhoi Block,25.967688,91.075301,15518.0,522.73,22.71,42.72,-0.003220,0.000917,5.5351,22.0624,10,Tree cover,0.821,35.0,38.3,1.35,4.5,Metamorphic,MT,1308.1,1299.2,NA,NA,NO_EVENT,NA,NA,NA,NA,NA,NA,NA,NA,NA,NA
NEG_1715,1:2,0,4,Ri-Bhoi Block,26.003897,92.829149,3444.2,460.77,17.41,94.29,-0.000648,0.002312,5.8689,26.3843,10,Tree cover,0.828,35.2,46.8,1.36,5.1,Metamorphic,MT,482.6,1456.9,NA,NA,NO_EVENT,NA,NA,NA,NA,NA,NA,NA,NA,NA,NA
NEG_1716,1:2,0,1,Garo Hills Block,25.134579,90.510812,14831.7,47.47,18.25,1.11,0.000156,-0.002198,5.5474,18.0047,10,Tree cover,0.830,30.3,50.1,1.44,4.8,Mixed Sedimentary,SM,240.4,1534.9,NA,NA,NO_EVENT,NA,NA,NA,NA,NA,NA,NA,NA,NA,NA
NEG_1717,1:2,0,4,Ri-Bhoi Block,26.046410,92.722899,14843.5,452.38,31.15,162.41,-0.003427,-0.000812,4.6216,45.3461,10,Tree cover,0.829,34.9,44.3,1.37,4.9,Metamorphic,MT,1394.6,1090.4,NA,NA,NO_EVENT,NA,NA,NA,NA,NA,NA,NA,NA,NA,NA
NEG_1718,1:2,0,1,Garo Hills Block,25.125524,89.845745,35731.6,32.81,21.11,355.87,0.000893,-0.000280,5.2824,18.0844,10,Tree cover,0.830,30.3,48.4,1.44,5.3,Mixed Sedimentary,SM,315.5,442.4,NA,NA,NO_EVENT,NA,NA,NA,NA,NA,NA,NA,NA,NA,NA
NEG_1719,1:2,0,5,Jaintia Hills Block,25.193988,92.837839,9867.0,339.66,22.82,86.24,-0.003850,-0.000076,5.4044,24.0647,10,Tree cover,0.822,29.6,44.1,1.44,5.2,Siliciclastic Sedimentary,SS,1460.0,1002.6,NA,NA,NO_EVENT,NA,NA,NA,NA,NA,NA,NA,NA,NA,NA
NEG_1720,1:2,0,2,West Khasi Block,25.214400,91.332770,4458.0,936.03,32.94,131.31,-0.003631,0.000789,4.6563,32.6017,10,Tree cover,0.816,29.1,52.1,1.43,4.8,Siliciclastic Sedimentary,SS,750.3,243.5,NA,NA,NO_EVENT,NA,NA,NA,NA,NA,NA,NA,NA,NA,NA
NEG_1721,1:2,0,1,Garo Hills Block,25.936291,89.862225,40994.6,25.00,21.94,44.76,-0.004492,0.000304,5.6382,18.5513,10,Tree cover,0.811,25.7,49.2,1.39,5.3,Mixed Sedimentary,SM,533.8,66.4,NA,NA,NO_EVENT,NA,NA,NA,NA,NA,NA,NA,NA,NA,NA
NEG_1722,1:2,0,1,Garo Hills Block,25.672848,90.644928,15636.9,194.12,30.65,262.65,-0.002056,0.001529,4.2392,49.4240,10,Tree cover,0.668,28.9,53.1,1.32,5.1,Mixed Sedimentary,SM,1298.8,458.5,NA,NA,NO_EVENT,NA,NA,NA,NA,NA,NA,NA,NA,NA,NA
NEG_1723,1:2,0,1,Garo Hills Block,25.951322,90.664557,28749.8,101.47,18.04,107.15,-0.000226,-0.000132,5.9350,19.4900,10,Tree cover,0.817,25.1,52.9,1.39,5.1,Mixed Sedimentary,SM,12.7,3214.0,NA,NA,NO_EVENT,NA,NA,NA,NA,NA,NA,NA,NA,NA,NA
NEG_1724,1:2,0,4,Ri-Bhoi Block,25.761696,91.856370,2594.5,1550.96,22.32,1.06,0.000079,0.000284,5.2169,42.1456,10,Tree cover,0.713,28.9,38.6,1.28,4.3,Metamorphic,MT,992.3,4097.3,NA,NA,NO_EVENT,NA,NA,NA,NA,NA,NA,NA,NA,NA,NA
NEG_1725,1:2,0,1,Garo Hills Block,25.259213,89.906138,20628.2,65.76,25.45,48.48,0.000016,-0.002963,5.3454,39.9497,10,Tree cover,0.797,27.6,51.0,1.42,5.4,Mixed Sedimentary,SM,819.4,3851.4,NA,NA,NO_EVENT,NA,NA,NA,NA,NA,NA,NA,NA,NA,NA
NEG_1726,1:2,0,1,Garo Hills Block,25.461990,90.682039,2235.6,153.47,26.75,198.33,0.001775,-0.001021,4.7999,25.5846,60,Bare / sparse vegetation,0.193,22.5,52.6,1.36,5.2,Mixed Sedimentary,SM,2.4,529.0,NA,NA,NO_EVENT,NA,NA,NA,NA,NA,NA,NA,NA,NA,NA
NEG_1727,1:2,0,4,Ri-Bhoi Block,25.893696,92.241111,9319.6,1121.72,26.47,70.36,0.000863,-0.000291,5.2705,19.1992,10,Tree cover,0.792,33.3,45.6,1.32,5.0,Metamorphic,MT,2695.9,2152.1,NA,NA,NO_EVENT,NA,NA,NA,NA,NA,NA,NA,NA,NA,NA
NEG_1728,1:2,0,3,East Khasi Block,25.513586,91.649862,3465.8,1513.74,26.93,316.97,0.000249,-0.002553,4.5982,18.2898,10,Tree cover,0.660,30.1,41.7,1.33,4.5,Metamorphic,MT,484.4,410.0,NA,NA,NO_EVENT,NA,NA,NA,NA,NA,NA,NA,NA,NA,NA
NEG_1729,1:2,0,4,Ri-Bhoi Block,25.672600,92.322832,11902.3,1148.65,27.29,319.97,-0.002166,-0.001509,4.5073,45.9332,10,Tree cover,0.668,27.2,42.7,1.28,4.8,Metamorphic,MT,891.8,5126.7,NA,NA,NO_EVENT,NA,NA,NA,NA,NA,NA,NA,NA,NA,NA
NEG_1730,1:2,0,1,Garo Hills Block,25.479003,90.640112,4172.9,60.68,29.37,260.71,-0.002120,-0.001709,4.5242,22.6445,10,Tree cover,0.672,22.7,53.1,1.35,5.1,Mixed Sedimentary,SM,2575.8,185.0,NA,NA,NO_EVENT,NA,NA,NA,NA,NA,NA,NA,NA,NA,NA
NEG_1731,1:2,0,2,West Khasi Block,25.306238,91.435386,1682.9,1113.95,21.93,135.06,-0.001708,-0.001022,5.6402,43.4462,10,Tree cover,0.771,25.8,47.9,1.41,4.9,Siliciclastic Sedimentary,SS,797.6,3616.9,NA,NA,NO_EVENT,NA,NA,NA,NA,NA,NA,NA,NA,NA,NA
NEG_1732,1:2,0,2,West Khasi Block,25.505080,91.142368,2338.5,873.89,27.19,329.56,-0.000359,-0.002342,4.6050,18.8580,10,Tree cover,0.663,30.4,38.3,1.34,4.5,Metamorphic,MT,1179.4,196.4,NA,NA,NO_EVENT,NA,NA,NA,NA,NA,NA,NA,NA,NA,NA
NEG_1733,1:2,0,3,East Khasi Block,25.118428,91.991741,8166.5,1215.82,15.85,189.61,-0.001732,-0.000414,5.6749,18.2483,10,Tree cover,0.830,30.3,51.0,1.44,5.1,Siliciclastic Sedimentary,SS,171.5,1502.1,NA,NA,NO_EVENT,NA,NA,NA,NA,NA,NA,NA,NA,NA,NA
NEG_1734,1:2,0,1,Garo Hills Block,25.250836,90.400709,18694.3,46.65,28.82,52.23,-0.000330,-0.002759,5.0644,40.7104,10,Tree cover,0.801,27.9,45.5,1.43,4.8,Mixed Sedimentary,SM,3915.3,3381.3,NA,NA,NO_EVENT,NA,NA,NA,NA,NA,NA,NA,NA,NA,NA
NEG_1735,1:2,0,1,Garo Hills Block,25.465779,90.494724,16322.5,74.57,27.50,349.22,0.004064,0.000558,4.7249,24.9638,10,Tree cover,0.678,22.6,49.4,1.36,4.8,Mixed Sedimentary,SM,2047.3,3978.0,NA,NA,NO_EVENT,NA,NA,NA,NA,NA,NA,NA,NA,NA,NA
NEG_1736,1:2,0,1,Garo Hills Block,25.650567,90.932963,9935.6,581.39,28.28,259.80,0.000690,0.002586,4.3802,42.0604,10,Tree cover,0.660,28.2,44.2,1.32,5.4,Mixed Sedimentary,SM,714.1,1645.1,NA,NA,NO_EVENT,NA,NA,NA,NA,NA,NA,NA,NA,NA,NA
NEG_1737,1:2,0,2,West Khasi Block,25.504825,91.438366,2226.6,1301.36,23.41,209.09,0.000266,-0.002680,4.9082,18.7572,10,Tree cover,0.663,30.4,46.8,1.34,5.1,Metamorphic,MT,1285.6,219.9,NA,NA,NO_EVENT,NA,NA,NA,NA,NA,NA,NA,NA,NA,NA
NEG_1738,1:2,0,1,Garo Hills Block,25.239818,90.275042,6260.2,25.00,33.26,116.72,0.000786,0.002512,4.6902,40.7889,10,Tree cover,0.806,28.3,44.6,1.43,5.0,Mixed Sedimentary,SM,374.2,662.2,NA,NA,NO_EVENT,NA,NA,NA,NA,NA,NA,NA,NA,NA,NA
NEG_1739,1:2,0,4,Ri-Bhoi Block,25.970856,91.122857,14241.7,567.41,23.61,41.23,-0.003939,-0.000617,5.4569,22.7473,10,Tree cover,0.822,35.0,38.1,1.35,4.5,Metamorphic,MT,231.0,597.2,NA,NA,NO_EVENT,NA,NA,NA,NA,NA,NA,NA,NA,NA,NA
NEG_1740,1:2,0,1,Garo Hills Block,25.465061,89.908617,10172.0,56.47,25.67,347.73,-0.000422,-0.001310,4.8742,24.6454,10,Tree cover,0.678,22.6,51.1,1.36,5.4,Mixed Sedimentary,SM,466.2,1737.4,NA,NA,NO_EVENT,NA,NA,NA,NA,NA,NA,NA,NA,NA,NA
NEG_1741,1:2,0,2,West Khasi Block,25.557814,91.490218,3327.3,1315.89,14.21,229.46,-0.004592,0.000189,5.5051,19.1185,10,Tree cover,0.651,28.7,46.7,1.32,5.1,Metamorphic,MT,151.9,4413.6,NA,NA,NO_EVENT,NA,NA,NA,NA,NA,NA,NA,NA,NA,NA
NEG_1742,1:2,0,3,East Khasi Block,25.623548,91.956445,2759.6,1710.25,28.39,238.37,-0.001083,0.001924,4.3364,35.0158,10,Tree cover,0.712,27.4,41.6,1.29,4.5,Metamorphic,MT,759.5,5799.5,NA,NA,NO_EVENT,NA,NA,NA,NA,NA,NA,NA,NA,NA,NA
NEG_1743,1:2,0,1,Garo Hills Block,25.211680,90.569281,6327.0,25.00,34.04,49.31,-0.003014,0.000888,4.5608,32.2369,60,Bare / sparse vegetation,0.377,29.1,52.2,1.43,4.9,Mixed Sedimentary,SM,18.7,2073.1,NA,NA,NO_EVENT,NA,NA,NA,NA,NA,NA,NA,NA,NA,NA
NEG_1744,1:2,0,4,Ri-Bhoi Block,25.895589,92.688870,21202.0,654.56,33.55,135.53,0.000322,0.002798,4.7059,19.2961,10,Tree cover,0.793,33.4,43.0,1.32,4.8,Metamorphic,MT,1190.9,1045.4,NA,NA,NO_EVENT,NA,NA,NA,NA,NA,NA,NA,NA,NA,NA
NEG_1745,1:2,0,2,West Khasi Block,25.166807,91.317831,8223.0,872.82,23.66,147.23,-0.002058,-0.001654,5.2408,20.0570,10,Tree cover,0.827,30.1,52.4,1.44,4.8,Siliciclastic Sedimentary,SS,183.9,1410.7,NA,NA,NO_EVENT,NA,NA,NA,NA,NA,NA,NA,NA,NA,NA
NEG_1746,1:2,0,1,Garo Hills Block,25.251310,89.983223,16434.1,25.00,29.26,75.95,0.000865,0.000587,5.0299,41.1836,10,Tree cover,0.801,27.9,53.0,1.43,5.4,Mixed Sedimentary,SM,59.5,715.2,NA,NA,NO_EVENT,NA,NA,NA,NA,NA,NA,NA,NA,NA,NA
NEG_1747,1:2,0,1,Garo Hills Block,25.371544,90.238247,13259.2,38.22,19.19,137.04,-0.001475,-0.000823,5.7385,38.4724,10,Tree cover,0.731,23.6,45.5,1.39,5.0,Mixed Sedimentary,SM,1280.6,5824.2,NA,NA,NO_EVENT,NA,NA,NA,NA,NA,NA,NA,NA,NA,NA
NEG_1748,1:2,0,4,Ri-Bhoi Block,25.786728,91.427863,7271.9,1176.77,21.36,165.72,-0.000559,-0.002361,5.3927,37.3147,10,Tree cover,0.728,29.7,46.8,1.29,5.1,Metamorphic,MT,6587.1,366.4,NA,NA,NO_EVENT,NA,NA,NA,NA,NA,NA,NA,NA,NA,NA
NEG_1749,1:2,0,1,Garo Hills Block,25.175341,89.828187,32726.8,103.22,26.95,22.92,-0.003765,-0.000740,5.0093,21.6129,10,Tree cover,0.826,30.0,47.6,1.44,5.2,Mixed Sedimentary,SM,447.9,538.5,NA,NA,NO_EVENT,NA,NA,NA,NA,NA,NA,NA,NA,NA,NA
NEG_1750,1:2,0,1,Garo Hills Block,25.892810,90.337393,15366.5,25.00,33.74,80.31,-0.000706,-0.001073,4.6880,19.6399,10,Tree cover,0.791,27.4,44.2,1.37,4.9,Mixed Sedimentary,SM,164.5,4254.8,NA,NA,NO_EVENT,NA,NA,NA,NA,NA,NA,NA,NA,NA,NA
NEG_1751,1:2,0,1,Garo Hills Block,25.674714,90.827612,4684.5,302.76,34.71,219.04,-0.003232,-0.001048,3.9192,54.0184,10,Tree cover,0.668,28.9,47.0,1.32,5.4,Mixed Sedimentary,SM,453.5,186.1,NA,NA,NO_EVENT,NA,NA,NA,NA,NA,NA,NA,NA,NA,NA
NEG_1752,1:2,0,1,Garo Hills Block,25.652325,90.762744,4189.0,220.99,29.06,222.76,0.001373,-0.002034,4.3210,43.1666,10,Tree cover,0.661,28.2,49.9,1.32,5.3,Mixed Sedimentary,SM,142.2,5588.1,NA,NA,NO_EVENT,NA,NA,NA,NA,NA,NA,NA,NA,NA,NA
NEG_1753,1:2,0,1,Garo Hills Block,25.113895,90.479998,18691.8,25.00,16.04,349.39,-0.002266,-0.000142,5.6419,18.4342,10,Tree cover,0.829,30.2,48.7,1.44,4.8,Mixed Sedimentary,SM,202.2,2878.4,NA,NA,NO_EVENT,NA,NA,NA,NA,NA,NA,NA,NA,NA,NA
NEG_1754,1:2,0,2,West Khasi Block,25.223103,91.105459,4431.1,755.65,35.45,38.15,-0.003861,0.000035,4.4782,36.6181,10,Tree cover,0.850,28.8,48.6,1.43,5.1,Siliciclastic Sedimentary,SS,2407.0,1787.6,NA,NA,NO_EVENT,NA,NA,NA,NA,NA,NA,NA,NA,NA,NA
NEG_1755,1:2,0,1,Garo Hills Block,25.730946,90.604609,17744.3,86.13,25.60,315.21,-0.003417,-0.000059,4.8334,48.5555,10,Tree cover,0.695,30.1,52.9,1.33,5.0,Mixed Sedimentary,SM,2099.9,142.8,NA,NA,NO_EVENT,NA,NA,NA,NA,NA,NA,NA,NA,NA,NA
NEG_1756,1:2,0,2,West Khasi Block,25.033036,91.382759,17149.4,789.19,35.62,222.08,0.002440,-0.001410,3.8144,39.8955,10,Tree cover,0.767,28.5,50.3,1.43,4.8,Siliciclastic Sedimentary,SS,387.5,1231.9,NA,NA,NO_EVENT,NA,NA,NA,NA,NA,NA,NA,NA,NA,NA
NEG_1757,1:2,0,4,Ri-Bhoi Block,25.674220,92.736755,21852.6,607.27,30.84,222.72,0.004114,0.000130,4.2275,49.9022,10,Tree cover,0.668,27.3,44.8,1.28,5.0,Metamorphic,MT,127.2,3766.7,NA,NA,NO_EVENT,NA,NA,NA,NA,NA,NA,NA,NA,NA,NA
NEG_1758,1:2,0,4,Ri-Bhoi Block,25.656628,91.237076,6023.1,1001.57,26.00,286.67,0.002510,-0.000337,4.5742,41.4623,10,Tree cover,0.662,27.2,40.8,1.29,4.7,Metamorphic,MT,1009.6,2143.8,NA,NA,NO_EVENT,NA,NA,NA,NA,NA,NA,NA,NA,NA,NA
NEG_1759,1:2,0,5,Jaintia Hills Block,25.639274,92.630097,10958.9,759.83,32.39,226.45,-0.000446,0.001159,4.0335,42.2522,10,Tree cover,0.657,27.2,40.7,1.29,4.7,Metamorphic,MT,1678.4,5585.4,NA,NA,NO_EVENT,NA,NA,NA,NA,NA,NA,NA,NA,NA,NA
NEG_1760,1:2,0,1,Garo Hills Block,25.914648,90.785085,22339.5,240.22,26.36,134.95,0.000555,-0.002264,5.2910,18.0247,10,Tree cover,0.802,26.5,48.9,1.38,5.3,Mixed Sedimentary,SM,97.3,435.0,NA,NA,NO_EVENT,NA,NA,NA,NA,NA,NA,NA,NA,NA,NA
NEG_1761,1:2,0,1,Garo Hills Block,25.276235,90.601033,5655.7,27.24,31.90,71.44,0.002151,0.000169,4.8443,49.8338,10,Tree cover,0.788,26.9,52.8,1.42,5.0,Mixed Sedimentary,SM,1801.1,3437.0,NA,NA,NO_EVENT,NA,NA,NA,NA,NA,NA,NA,NA,NA,NA
NEG_1762,1:2,0,5,Jaintia Hills Block,25.564775,92.069351,1485.7,1639.07,17.30,223.36,0.002425,0.000505,5.2463,19.9887,10,Tree cover,0.651,28.5,45.7,1.31,4.8,Metamorphic,MT,146.9,2886.4,NA,NA,NO_EVENT,NA,NA,NA,NA,NA,NA,NA,NA,NA,NA
NEG_1763,1:2,0,1,Garo Hills Block,25.563477,90.006779,2491.6,25.00,20.94,269.91,-0.003432,0.000480,4.9572,20.2558,10,Tree cover,0.651,24.9,53.1,1.33,5.4,Mixed Sedimentary,SM,1355.6,1704.9,NA,NA,NO_EVENT,NA,NA,NA,NA,NA,NA,NA,NA,NA,NA
NEG_1764,1:2,0,4,Ri-Bhoi Block,25.801467,92.258209,11499.9,1183.53,18.84,38.13,-0.003662,0.000801,5.6501,32.6009,10,Tree cover,0.737,30.2,45.1,1.29,5.0,Metamorphic,MT,374.1,6212.1,NA,NA,NO_EVENT,NA,NA,NA,NA,NA,NA,NA,NA,NA,NA
NEG_1765,1:2,0,3,East Khasi Block,25.332658,91.825584,4871.9,1552.27,19.18,56.02,0.003113,-0.000643,5.8295,40.9973,10,Tree cover,0.755,35.1,38.2,1.38,4.3,Metamorphic,MT,256.3,1562.6,NA,NA,NO_EVENT,NA,NA,NA,NA,NA,NA,NA,NA,NA,NA
NEG_1766,1:2,0,4,Ri-Bhoi Block,25.932844,91.402568,12332.3,970.14,25.81,134.86,-0.001965,0.001099,5.3309,18.4266,10,Tree cover,0.810,34.4,46.4,1.34,5.1,Metamorphic,MT,3841.8,656.4,NA,NA,NO_EVENT,NA,NA,NA,NA,NA,NA,NA,NA,NA,NA
NEG_1767,1:2,0,4,Ri-Bhoi Block,25.766826,92.494217,17713.4,929.57,17.49,12.78,-0.000711,0.000424,5.6239,36.3794,10,Tree cover,0.716,29.0,38.1,1.28,4.5,Metamorphic,MT,137.4,1607.9,NA,NA,NO_EVENT,NA,NA,NA,NA,NA,NA,NA,NA,NA,NA
NEG_1768,1:2,0,1,Garo Hills Block,25.555374,90.755415,5410.4,327.78,16.36,223.44,-0.003603,0.000762,5.3375,19.1045,10,Tree cover,0.652,24.6,50.2,1.33,5.3,Mixed Sedimentary,SM,1716.9,814.9,NA,NA,NO_EVENT,NA,NA,NA,NA,NA,NA,NA,NA,NA,NA
NEG_1769,1:2,0,1,Garo Hills Block,25.833959,90.471202,5800.7,128.71,24.01,33.73,-0.004775,0.000124,5.3456,29.2071,10,Tree cover,0.758,29.3,48.3,1.35,4.8,Mixed Sedimentary,SM,603.9,700.7,NA,NA,NO_EVENT,NA,NA,NA,NA,NA,NA,NA,NA,NA,NA
NEG_1770,1:2,0,5,Jaintia Hills Block,25.439614,92.440468,7200.6,1050.05,34.96,5.83,0.001780,0.000507,4.2323,34.8587,10,Tree cover,0.691,32.7,38.8,1.36,4.5,Metamorphic,MT,1480.3,1796.8,NA,NA,NO_EVENT,NA,NA,NA,NA,NA,NA,NA,NA,NA,NA
NEG_1771,1:2,0,4,Ri-Bhoi Block,25.802376,91.031624,1439.6,615.80,21.96,28.66,-0.001241,0.001471,5.4038,34.8352,10,Tree cover,0.738,30.2,39.1,1.29,4.6,Metamorphic,MT,554.6,3725.8,NA,NA,NO_EVENT,NA,NA,NA,NA,NA,NA,NA,NA,NA,NA
NEG_1772,1:2,0,1,Garo Hills Block,25.251924,90.885704,10684.5,379.36,33.18,122.52,-0.000578,-0.002063,4.7172,44.4744,10,Tree cover,0.800,27.8,45.0,1.43,5.4,Mixed Sedimentary,SM,5818.0,76.0,NA,NA,NO_EVENT,NA,NA,NA,NA,NA,NA,NA,NA,NA,NA
NEG_1773,1:2,0,1,Garo Hills Block,25.326832,90.337072,14704.2,99.32,24.25,80.14,0.004601,-0.000155,5.4329,47.0905,10,Tree cover,0.759,25.0,44.2,1.40,4.9,Mixed Sedimentary,SM,3257.4,2827.7,NA,NA,NO_EVENT,NA,NA,NA,NA,NA,NA,NA,NA,NA,NA
NEG_1774,1:2,0,1,Garo Hills Block,25.822800,90.568813,13400.8,25.29,31.40,43.31,0.003231,0.000062,4.7196,35.9857,10,Tree cover,0.751,29.6,52.2,1.35,4.9,Mixed Sedimentary,SM,64.9,1013.4,NA,NA,NO_EVENT,NA,NA,NA,NA,NA,NA,NA,NA,NA,NA
NEG_1775,1:2,0,1,Garo Hills Block,25.510501,90.976871,11067.4,515.38,18.02,294.77,-0.000096,-0.000273,5.3208,18.3074,10,Tree cover,0.661,23.3,44.3,1.34,5.3,Mixed Sedimentary,SM,812.2,4646.5,NA,NA,NO_EVENT,NA,NA,NA,NA,NA,NA,NA,NA,NA,NA
NEG_1776,1:2,0,1,Garo Hills Block,26.080644,90.992831,28450.3,396.84,26.36,352.70,-0.004721,-0.000123,4.8695,47.3691,10,Tree cover,0.824,22.5,44.5,1.43,5.3,Mixed Sedimentary,SM,832.4,1154.4,NA,NA,NO_EVENT,NA,NA,NA,NA,NA,NA,NA,NA,NA,NA
NEG_1777,1:2,0,1,Garo Hills Block,25.106381,90.073969,21705.7,54.50,25.46,202.68,0.002395,-0.001478,4.8590,19.3387,10,Tree cover,0.828,30.2,52.1,1.44,5.3,Mixed Sedimentary,SM,940.0,159.1,NA,NA,NO_EVENT,NA,NA,NA,NA,NA,NA,NA,NA,NA,NA
NEG_1778,1:2,0,4,Ri-Bhoi Block,25.658014,91.628059,575.4,1505.95,35.99,299.49,-0.002376,0.001171,3.7778,50.8880,10,Tree cover,0.758,27.2,42.6,1.29,4.6,Metamorphic,MT,203.3,6134.8,NA,NA,NO_EVENT,NA,NA,NA,NA,NA,NA,NA,NA,NA,NA
NEG_1779,1:2,0,2,West Khasi Block,25.472260,91.117123,2317.3,816.74,34.17,345.83,-0.003879,-0.000480,4.1660,24.9847,10,Tree cover,0.675,31.5,38.1,1.35,4.5,Metamorphic,MT,265.0,1011.9,NA,NA,NO_EVENT,NA,NA,NA,NA,NA,NA,NA,NA,NA,NA
NEG_1780,1:2,0,2,West Khasi Block,25.078247,91.375467,12250.7,836.00,30.30,209.91,0.004407,0.000269,4.3687,24.4835,10,Tree cover,0.824,29.7,50.6,1.44,4.8,Siliciclastic Sedimentary,SS,771.6,124.4,NA,NA,NO_EVENT,NA,NA,NA,NA,NA,NA,NA,NA,NA,NA
NEG_1781,1:2,0,1,Garo Hills Block,25.565119,90.256125,5156.2,28.67,19.58,236.93,-0.003630,0.000374,5.0634,20.2890,10,Tree cover,0.651,24.9,45.0,1.33,5.0,Mixed Sedimentary,SM,1675.4,158.5,NA,NA,NO_EVENT,NA,NA,NA,NA,NA,NA,NA,NA,NA,NA
NEG_1782,1:2,0,1,Garo Hills Block,25.132147,90.176896,14098.0,44.02,14.24,180.34,-0.000024,0.002838,5.8584,18.0004,40,Cropland,0.645,30.3,48.0,1.44,5.2,Mixed Sedimentary,SM,1396.0,1228.4,NA,NA,NO_EVENT,NA,NA,NA,NA,NA,NA,NA,NA,NA,NA
NEG_1783,1:2,0,3,East Khasi Block,25.129111,91.659610,5403.4,1184.41,22.81,357.16,0.000135,0.002853,5.1607,18.0231,10,Tree cover,0.830,30.3,45.5,1.44,5.3,Siliciclastic Sedimentary,SS,571.8,477.1,NA,NA,NO_EVENT,NA,NA,NA,NA,NA,NA,NA,NA,NA,NA
NEG_1784,1:2,0,1,Garo Hills Block,25.232201,90.566862,6916.0,28.88,35.57,53.11,-0.001853,0.001888,4.4898,39.7809,10,Tree cover,0.853,28.5,52.1,1.43,4.9,Mixed Sedimentary,SM,1748.2,2192.6,NA,NA,NO_EVENT,NA,NA,NA,NA,NA,NA,NA,NA,NA,NA
NEG_1785,1:2,0,5,Jaintia Hills Block,25.207458,92.721398,11698.1,631.62,31.15,143.04,0.004283,-0.000390,4.7798,29.8386,10,Tree cover,0.818,29.3,46.7,1.43,5.4,Siliciclastic Sedimentary,SS,8339.9,1174.2,NA,NA,NO_EVENT,NA,NA,NA,NA,NA,NA,NA,NA,NA,NA
NEG_1786,1:2,0,1,Garo Hills Block,25.942987,90.503009,18142.0,25.00,19.27,45.02,0.003990,-0.000288,5.8461,18.9017,10,Tree cover,0.814,25.4,49.7,1.39,4.8,Mixed Sedimentary,SM,698.9,2975.2,NA,NA,NO_EVENT,NA,NA,NA,NA,NA,NA,NA,NA,NA,NA
NEG_1787,1:2,0,1,Garo Hills Block,25.373772,90.440173,21873.2,25.00,16.69,35.69,-0.000748,0.002347,5.9319,35.5762,10,Tree cover,0.730,23.5,46.9,1.39,4.8,Mixed Sedimentary,SM,484.8,3774.6,NA,NA,NO_EVENT,NA,NA,NA,NA,NA,NA,NA,NA,NA,NA
NEG_1788,1:2,0,1,Garo Hills Block,25.551226,89.859812,12161.5,117.39,19.34,319.02,0.004164,-0.000387,5.1072,18.9737,10,Tree cover,0.652,24.4,49.1,1.33,5.3,Mixed Sedimentary,SM,573.3,334.5,NA,NA,NO_EVENT,NA,NA,NA,NA,NA,NA,NA,NA,NA,NA
NEG_1789,1:2,0,4,Ri-Bhoi Block,25.745077,91.395632,12916.7,1095.44,23.62,189.32,-0.001127,-0.002253,5.0467,45.3716,10,Tree cover,0.703,28.4,46.3,1.28,5.1,Metamorphic,MT,5005.8,3050.1,NA,NA,NO_EVENT,NA,NA,NA,NA,NA,NA,NA,NA,NA,NA
NEG_1790,1:2,0,1,Garo Hills Block,25.990530,90.301398,26257.1,123.09,24.52,104.42,-0.000769,0.002448,5.3381,26.8133,10,Tree cover,0.827,23.8,44.2,1.41,4.9,Mixed Sedimentary,SM,395.4,1971.3,NA,NA,NO_EVENT,NA,NA,NA,NA,NA,NA,NA,NA,NA,NA
NEG_1791,1:2,0,4,Ri-Bhoi Block,25.888438,92.215481,6714.3,1136.17,30.07,84.19,0.000184,0.001546,4.9769,19.9992,10,Tree cover,0.789,33.2,46.2,1.32,5.1,Metamorphic,MT,4310.3,716.5,NA,NA,NO_EVENT,NA,NA,NA,NA,NA,NA,NA,NA,NA,NA
NEG_1792,1:2,0,2,West Khasi Block,25.157356,91.015606,4534.5,511.27,17.73,21.55,0.001846,-0.001883,5.6791,18.8144,10,Tree cover,0.829,30.2,45.1,1.44,5.3,Siliciclastic Sedimentary,SS,687.2,1657.0,NA,NA,NO_EVENT,NA,NA,NA,NA,NA,NA,NA,NA,NA,NA
NEG_1793,1:2,0,1,Garo Hills Block,25.203765,90.576898,5610.2,25.00,33.14,49.93,-0.003850,0.000377,4.6096,29.5152,10,Tree cover,0.819,29.4,52.4,1.43,4.9,Mixed Sedimentary,SM,677.6,1878.8,NA,NA,NO_EVENT,NA,NA,NA,NA,NA,NA,NA,NA,NA,NA
NEG_1794,1:2,0,2,West Khasi Block,25.304306,91.496521,3553.6,1211.24,17.48,126.18,-0.004307,0.000403,5.9974,38.1621,10,Tree cover,0.773,25.8,45.5,1.41,5.0,Siliciclastic Sedimentary,SS,2158.1,1924.0,NA,NA,NO_EVENT,NA,NA,NA,NA,NA,NA,NA,NA,NA,NA
NEG_1795,1:2,0,5,Jaintia Hills Block,25.464324,92.690585,12738.7,736.82,34.93,189.92,0.001512,-0.001193,4.1363,27.2468,10,Tree cover,0.679,31.8,43.0,1.35,4.8,Metamorphic,MT,2064.8,5030.5,NA,NA,NO_EVENT,NA,NA,NA,NA,NA,NA,NA,NA,NA,NA
NEG_1796,1:2,0,5,Jaintia Hills Block,25.156480,92.769761,11885.9,477.03,17.41,158.59,0.002049,-0.001693,5.7013,18.7445,10,Tree cover,0.829,30.2,45.0,1.44,5.3,Siliciclastic Sedimentary,SS,5374.3,1926.6,NA,NA,NO_EVENT,NA,NA,NA,NA,NA,NA,NA,NA,NA,NA
NEG_1797,1:2,0,5,Jaintia Hills Block,25.269090,92.157266,4543.5,1278.05,33.47,115.46,0.000546,-0.002634,4.7138,49.5992,10,Tree cover,0.792,27.2,44.6,1.42,4.8,Siliciclastic Sedimentary,SS,2116.5,961.8,NA,NA,NO_EVENT,NA,NA,NA,NA,NA,NA,NA,NA,NA,NA
NEG_1798,1:2,0,1,Garo Hills Block,25.386088,90.236398,12773.1,35.69,21.30,142.60,0.000245,-0.000731,5.5245,38.6040,10,Tree cover,0.722,23.2,45.6,1.38,5.0,Mixed Sedimentary,SM,1167.1,6567.0,NA,NA,NO_EVENT,NA,NA,NA,NA,NA,NA,NA,NA,NA,NA
NEG_1799,1:2,0,1,Garo Hills Block,25.946520,90.742026,26806.5,138.20,16.61,132.43,0.004731,-0.000072,6.0552,19.0100,10,Tree cover,0.815,25.3,50.8,1.39,5.3,Mixed Sedimentary,SM,923.1,3407.7,NA,NA,NO_EVENT,NA,NA,NA,NA,NA,NA,NA,NA,NA,NA
NEG_1800,1:2,0,4,Ri-Bhoi Block,25.731564,91.527653,4538.3,1320.80,17.34,211.34,0.001489,0.001991,5.4965,38.6810,10,Tree cover,0.695,28.1,46.0,1.28,5.0,Metamorphic,MT,983.1,7249.9,NA,NA,NO_EVENT,NA,NA,NA,NA,NA,NA,NA,NA,NA,NA
NEG_1801,1:2,0,2,West Khasi Block,25.529497,91.312249,1189.4,1007.42,21.43,237.38,0.001008,0.002391,4.9915,18.0271,10,Tree cover,0.656,29.5,43.7,1.33,4.9,Metamorphic,MT,824.2,2227.6,NA,NA,NO_EVENT,NA,NA,NA,NA,NA,NA,NA,NA,NA,NA
NEG_1802,1:2,0,1,Garo Hills Block,25.810817,90.067707,19279.0,25.00,29.42,140.23,0.003198,0.000710,4.8373,38.2264,10,Tree cover,0.743,29.8,52.3,1.34,5.4,Mixed Sedimentary,SM,200.1,1801.0,NA,NA,NO_EVENT,NA,NA,NA,NA,NA,NA,NA,NA,NA,NA
NEG_1803,1:2,0,4,Ri-Bhoi Block,25.741635,92.532227,16466.8,929.51,15.26,237.51,0.001072,0.002357,5.7020,35.8543,10,Tree cover,0.701,28.3,38.3,1.28,4.5,Metamorphic,MT,1781.4,5893.7,NA,NA,NO_EVENT,NA,NA,NA,NA,NA,NA,NA,NA,NA,NA
NEG_1804,1:2,0,1,Garo Hills Block,25.082411,90.228993,19153.8,26.18,21.68,211.27,-0.004749,-0.000057,5.0727,21.9946,10,Tree cover,0.824,29.8,45.9,1.44,5.1,Mixed Sedimentary,SM,833.2,2315.8,NA,NA,NO_EVENT,NA,NA,NA,NA,NA,NA,NA,NA,NA,NA
NEG_1805,1:2,0,4,Ri-Bhoi Block,25.793962,91.133709,2466.7,795.09,25.64,18.56,0.002831,-0.001296,5.0780,39.6012,10,Tree cover,0.732,29.9,38.2,1.29,4.5,Metamorphic,MT,1453.7,4417.2,NA,NA,NO_EVENT,NA,NA,NA,NA,NA,NA,NA,NA,NA,NA
NEG_1806,1:2,0,1,Garo Hills Block,25.455833,90.217748,4916.4,52.11,26.86,185.94,0.004759,-0.000145,4.8155,27.0037,10,Tree cover,0.683,22.5,46.3,1.36,5.1,Mixed Sedimentary,SM,242.3,507.6,NA,NA,NO_EVENT,NA,NA,NA,NA,NA,NA,NA,NA,NA,NA
NEG_1807,1:2,0,1,Garo Hills Block,25.567312,90.185963,6813.8,96.35,14.67,223.74,-0.002618,-0.000334,5.4530,19.9025,40,Cropland,0.649,25.0,47.6,1.33,5.1,Mixed Sedimentary,SM,4946.1,739.6,NA,NA,NO_EVENT,NA,NA,NA,NA,NA,NA,NA,NA,NA,NA
NEG_1808,1:2,0,5,Jaintia Hills Block,25.534750,92.129027,1368.4,1497.67,23.92,227.96,0.002651,-0.001032,4.7785,18.1589,10,Tree cover,0.655,29.4,46.8,1.33,4.8,Metamorphic,MT,372.5,1779.8,NA,NA,NO_EVENT,NA,NA,NA,NA,NA,NA,NA,NA,NA,NA
NEG_1809,1:2,0,2,West Khasi Block,25.298926,91.266398,4392.2,937.19,19.57,91.80,-0.002756,0.001207,5.8327,40.1427,10,Tree cover,0.776,26.0,53.1,1.41,4.8,Siliciclastic Sedimentary,SS,182.5,757.8,NA,NA,NO_EVENT,NA,NA,NA,NA,NA,NA,NA,NA,NA,NA
NEG_1810,1:2,0,4,Ri-Bhoi Block,26.091377,91.894284,1616.2,1064.85,35.30,260.48,0.003024,0.000888,4.1116,58.9283,10,Tree cover,0.869,34.1,39.5,1.38,4.6,Metamorphic,MT,79.8,2280.4,NA,NA,NO_EVENT,NA,NA,NA,NA,NA,NA,NA,NA,NA,NA
NEG_1811,1:2,0,4,Ri-Bhoi Block,25.928665,91.065285,11077.1,580.08,25.91,47.30,-0.002259,-0.001277,5.3250,18.2199,10,Tree cover,0.808,34.3,38.4,1.33,4.5,Metamorphic,MT,545.3,2911.7,NA,NA,NO_EVENT,NA,NA,NA,NA,NA,NA,NA,NA,NA,NA
NEG_1812,1:2,0,1,Garo Hills Block,25.849290,89.923553,29700.0,52.56,25.31,46.28,-0.001110,0.001710,5.2841,26.3193,10,Tree cover,0.767,28.9,51.6,1.36,5.4,Mixed Sedimentary,SM,5798.7,1150.4,NA,NA,NO_EVENT,NA,NA,NA,NA,NA,NA,NA,NA,NA,NA
NEG_1813,1:2,0,1,Garo Hills Block,25.152744,90.419365,22350.6,57.91,16.48,13.41,0.000259,0.002617,5.7611,18.5021,10,Tree cover,0.829,30.2,46.1,1.44,4.8,Mixed Sedimentary,SM,1179.8,155.9,NA,NA,NO_EVENT,NA,NA,NA,NA,NA,NA,NA,NA,NA,NA
NEG_1814,1:2,0,5,Jaintia Hills Block,25.454108,92.379522,8908.4,1149.44,34.14,355.82,-0.004497,-0.000218,4.2400,29.9545,10,Tree cover,0.683,32.2,40.5,1.36,4.7,Metamorphic,MT,858.4,1343.0,NA,NA,NO_EVENT,NA,NA,NA,NA,NA,NA,NA,NA,NA,NA
NEG_1815,1:2,0,3,East Khasi Block,25.393967,91.796595,2397.2,1578.36,21.64,31.83,0.000023,-0.002908,5.4708,37.5789,10,Tree cover,0.717,34.0,38.1,1.37,4.3,Metamorphic,MT,1058.3,1747.4,NA,NA,NO_EVENT,NA,NA,NA,NA,NA,NA,NA,NA,NA,NA
NEG_1816,1:2,0,4,Ri-Bhoi Block,25.786059,91.587856,5417.0,1284.30,23.28,67.18,0.002532,0.001219,5.2366,39.1792,10,Tree cover,0.728,29.6,44.1,1.29,4.9,Metamorphic,MT,2025.2,1705.5,NA,NA,NO_EVENT,NA,NA,NA,NA,NA,NA,NA,NA,NA,NA
NEG_1817,1:2,0,2,West Khasi Block,25.405821,91.560013,1659.6,1417.15,26.47,113.45,-0.000887,-0.002412,5.0421,39.2249,10,Tree cover,0.710,33.7,45.1,1.37,4.7,Metamorphic,MT,638.9,177.7,NA,NA,NO_EVENT,NA,NA,NA,NA,NA,NA,NA,NA,NA,NA
NEG_1818,1:2,0,1,Garo Hills Block,25.389647,90.055815,1000.3,87.88,29.11,131.08,-0.000299,-0.002683,4.8879,45.3554,10,Tree cover,0.720,23.1,52.6,1.38,5.4,Mixed Sedimentary,SM,324.0,1362.1,NA,NA,NO_EVENT,NA,NA,NA,NA,NA,NA,NA,NA,NA,NA
NEG_1819,1:2,0,1,Garo Hills Block,26.092228,90.187906,42009.3,70.10,25.24,189.89,-0.002590,0.001018,4.9131,47.3375,10,Tree cover,0.822,22.6,47.5,1.43,5.1,Mixed Sedimentary,SM,4861.4,1345.4,NA,NA,NO_EVENT,NA,NA,NA,NA,NA,NA,NA,NA,NA,NA
NEG_1820,1:2,0,5,Jaintia Hills Block,25.098136,92.479519,7237.0,836.46,22.09,319.20,-0.003711,0.000433,5.0971,19.9802,10,Tree cover,0.827,30.1,52.7,1.44,5.2,Siliciclastic Sedimentary,SS,7218.2,1097.1,NA,NA,NO_EVENT,NA,NA,NA,NA,NA,NA,NA,NA,NA,NA
NEG_1821,1:2,0,3,East Khasi Block,25.345981,91.783406,1006.6,1491.17,14.76,43.79,-0.001390,-0.001635,6.1578,35.3906,10,Tree cover,0.747,35.0,38.2,1.38,4.3,Metamorphic,MT,804.4,1766.3,NA,NA,NO_EVENT,NA,NA,NA,NA,NA,NA,NA,NA,NA,NA
NEG_1822,1:2,0,1,Garo Hills Block,25.375326,90.993936,3243.0,638.19,17.22,56.55,-0.001024,-0.000964,5.8849,35.9635,10,Tree cover,0.729,23.5,44.5,1.39,5.3,Mixed Sedimentary,SM,5981.8,641.2,NA,NA,NO_EVENT,NA,NA,NA,NA,NA,NA,NA,NA,NA,NA
NEG_1823,1:2,0,1,Garo Hills Block,25.303082,90.846284,8511.8,351.68,27.67,130.83,0.004391,0.000280,5.1829,49.7871,10,Tree cover,0.773,25.9,46.3,1.41,5.4,Mixed Sedimentary,SM,12061.7,2749.0,NA,NA,NO_EVENT,NA,NA,NA,NA,NA,NA,NA,NA,NA,NA
NEG_1824,1:2,0,3,East Khasi Block,25.463556,91.997269,4716.6,1660.40,26.15,190.78,0.004387,0.000342,4.8417,25.0829,10,Tree cover,0.679,31.9,43.2,1.35,4.6,Metamorphic,MT,490.5,1867.2,NA,NA,NO_EVENT,NA,NA,NA,NA,NA,NA,NA,NA,NA,NA
NEG_1825,1:2,0,5,Jaintia Hills Block,25.572459,92.677874,12698.8,782.63,25.13,223.55,-0.000111,-0.000008,4.6093,22.0693,10,Tree cover,0.650,28.3,42.5,1.31,4.8,Metamorphic,MT,1894.2,573.1,NA,NA,NO_EVENT,NA,NA,NA,NA,NA,NA,NA,NA,NA,NA
NEG_1826,1:2,0,2,West Khasi Block,25.065231,91.334358,14891.9,840.48,31.09,223.76,0.004157,0.000192,4.2628,27.8646,10,Tree cover,0.820,29.4,52.0,1.44,4.8,Siliciclastic Sedimentary,SS,672.8,233.9,NA,NA,NO_EVENT,NA,NA,NA,NA,NA,NA,NA,NA,NA,NA
NEG_1827,1:2,0,4,Ri-Bhoi Block,25.650963,92.606601,10479.9,811.84,30.33,229.47,-0.001863,-0.000521,4.2169,43.9091,10,Tree cover,0.660,27.2,39.9,1.29,4.6,Metamorphic,MT,345.5,4292.6,NA,NA,NO_EVENT,NA,NA,NA,NA,NA,NA,NA,NA,NA,NA
NEG_1828,1:2,0,2,West Khasi Block,25.073091,91.549174,9813.8,1104.14,24.52,243.61,0.000394,-0.000238,4.8137,24.2070,10,Tree cover,0.822,29.6,44.3,1.44,5.1,Siliciclastic Sedimentary,SS,130.1,782.7,NA,NA,NO_EVENT,NA,NA,NA,NA,NA,NA,NA,NA,NA,NA
NEG_1829,1:2,0,1,Garo Hills Block,25.941920,90.537880,19526.3,30.90,23.46,49.66,0.000346,-0.000568,5.5119,19.0067,10,Tree cover,0.813,25.5,51.1,1.39,4.9,Mixed Sedimentary,SM,277.7,253.0,NA,NA,NO_EVENT,NA,NA,NA,NA,NA,NA,NA,NA,NA,NA
NEG_1830,1:2,0,1,Garo Hills Block,25.966396,89.858082,44228.4,25.00,19.59,41.64,-0.004460,-0.000260,5.7871,21.3329,10,Tree cover,0.821,24.6,49.0,1.40,5.3,Mixed Sedimentary,SM,1201.7,233.5,NA,NA,NO_EVENT,NA,NA,NA,NA,NA,NA,NA,NA,NA,NA
NEG_1831,1:2,0,4,Ri-Bhoi Block,25.811051,92.645995,28329.5,775.26,28.25,153.28,0.003319,-0.000676,4.9317,37.3592,10,Tree cover,0.743,30.5,41.3,1.29,4.7,Metamorphic,MT,2104.8,3131.6,NA,NA,NO_EVENT,NA,NA,NA,NA,NA,NA,NA,NA,NA,NA
NEG_1832,1:2,0,4,Ri-Bhoi Block,25.729773,91.139039,4403.4,743.14,24.98,341.99,-0.002401,-0.001558,4.8785,47.8539,10,Tree cover,0.694,28.0,38.3,1.28,4.5,Metamorphic,MT,2409.8,9199.4,NA,NA,NO_EVENT,NA,NA,NA,NA,NA,NA,NA,NA,NA,NA
NEG_1833,1:2,0,5,Jaintia Hills Block,25.068471,92.606347,16436.8,617.11,26.48,218.23,0.004902,0.000021,4.6419,25.6856,10,Tree cover,0.821,29.5,51.5,1.44,5.4,Siliciclastic Sedimentary,SS,6426.4,2278.6,NA,NA,NO_EVENT,NA,NA,NA,NA,NA,NA,NA,NA,NA,NA
NEG_1834,1:2,0,1,Garo Hills Block,25.527920,89.888440,9189.9,105.48,17.55,321.94,0.001237,-0.002227,5.3062,18.0083,10,Tree cover,0.656,23.7,50.3,1.34,5.3,Mixed Sedimentary,SM,489.2,1508.5,NA,NA,NO_EVENT,NA,NA,NA,NA,NA,NA,NA,NA,NA,NA
NEG_1835,1:2,0,4,Ri-Bhoi Block,25.765007,91.269604,11446.4,937.33,15.49,148.07,-0.000289,0.002418,5.7766,34.4533,10,Tree cover,0.715,29.0,42.1,1.28,4.8,Metamorphic,MT,2656.7,1232.4,NA,NA,NO_EVENT,NA,NA,NA,NA,NA,NA,NA,NA,NA,NA
NEG_1836,1:2,0,1,Garo Hills Block,25.154293,90.453529,19024.6,76.39,15.22,12.43,0.002105,0.001472,5.8679,18.5376,10,Tree cover,0.829,30.2,47.5,1.44,4.8,Mixed Sedimentary,SM,591.2,927.6,NA,NA,NO_EVENT,NA,NA,NA,NA,NA,NA,NA,NA,NA,NA
NEG_1837,1:2,0,2,West Khasi Block,25.089650,91.551595,8108.9,1114.42,21.85,238.55,0.000613,-0.001407,5.0849,20.9945,10,Tree cover,0.826,29.9,44.2,1.44,5.1,Siliciclastic Sedimentary,SS,272.9,358.4,NA,NA,NO_EVENT,NA,NA,NA,NA,NA,NA,NA,NA,NA,NA
NEG_1838,1:2,0,4,Ri-Bhoi Block,25.691792,91.342514,9134.7,1070.59,32.01,221.89,-0.004592,-0.000176,4.1838,54.2419,10,Tree cover,0.675,27.4,44.8,1.28,5.0,Metamorphic,MT,71.2,8847.0,NA,NA,NO_EVENT,NA,NA,NA,NA,NA,NA,NA,NA,NA,NA
NEG_1839,1:2,0,4,Ri-Bhoi Block,25.902470,92.426077,25553.4,947.96,32.55,50.77,0.000020,0.002770,4.7911,18.6106,10,Tree cover,0.796,33.6,39.1,1.32,4.6,Metamorphic,MT,689.5,2047.6,NA,NA,NO_EVENT,NA,NA,NA,NA,NA,NA,NA,NA,NA,NA
NEG_1840,1:2,0,1,Garo Hills Block,25.684874,89.838907,19059.2,25.00,31.63,325.23,-0.004558,-0.000258,4.1935,52.7407,10,Tree cover,0.673,29.2,48.1,1.32,5.3,Mixed Sedimentary,SM,215.1,241.4,NA,NA,NO_EVENT,NA,NA,NA,NA,NA,NA,NA,NA,NA,NA
NEG_1841,1:2,0,4,Ri-Bhoi Block,25.770848,91.074898,4781.2,694.62,22.91,5.86,0.000859,0.002052,5.2063,41.4704,10,Tree cover,0.718,29.1,38.3,1.28,4.5,Metamorphic,MT,825.2,2286.6,NA,NA,NO_EVENT,NA,NA,NA,NA,NA,NA,NA,NA,NA,NA
NEG_1842,1:2,0,3,East Khasi Block,25.630802,91.779696,5001.3,1642.80,24.84,313.01,-0.000245,-0.002695,4.6271,34.6141,10,Tree cover,0.655,27.3,38.2,1.29,4.3,Metamorphic,MT,1465.5,2951.0,NA,NA,NO_EVENT,NA,NA,NA,NA,NA,NA,NA,NA,NA,NA
NEG_1843,1:2,0,5,Jaintia Hills Block,25.398256,92.597150,2797.7,825.58,23.98,146.18,-0.001582,-0.001160,5.2686,38.8291,10,Tree cover,0.714,33.9,39.6,1.37,4.6,Metamorphic,MT,2661.3,1912.6,NA,NA,NO_EVENT,NA,NA,NA,NA,NA,NA,NA,NA,NA,NA
NEG_1844,1:2,0,3,East Khasi Block,25.164693,91.848111,3998.4,1276.02,24.07,36.72,-0.003421,-0.000621,5.2000,19.8465,10,Tree cover,0.828,30.1,52.7,1.44,5.4,Siliciclastic Sedimentary,SS,142.1,265.1,NA,NA,NO_EVENT,NA,NA,NA,NA,NA,NA,NA,NA,NA,NA
NEG_1845,1:2,0,5,Jaintia Hills Block,25.024708,92.620186,17625.1,549.55,32.00,226.30,0.002109,-0.000408,4.0872,40.2159,10,Tree cover,0.805,28.2,51.0,1.43,5.4,Siliciclastic Sedimentary,SS,1397.9,347.4,NA,NA,NO_EVENT,NA,NA,NA,NA,NA,NA,NA,NA,NA,NA
NEG_1846,1:2,0,1,Garo Hills Block,25.141504,90.089397,17786.3,46.25,22.93,173.22,-0.001042,-0.000829,5.2006,18.1350,10,Tree cover,0.830,30.3,51.6,1.44,5.3,Mixed Sedimentary,SM,1605.0,1622.0,NA,NA,NO_EVENT,NA,NA,NA,NA,NA,NA,NA,NA,NA,NA
NEG_1847,1:2,0,1,Garo Hills Block,25.379648,90.939377,8166.6,592.99,19.15,98.86,-0.000285,0.002554,5.7172,37.4213,10,Tree cover,0.726,23.3,44.1,1.39,5.4,Mixed Sedimentary,SM,1685.2,4861.7,NA,NA,NO_EVENT,NA,NA,NA,NA,NA,NA,NA,NA,NA,NA
NEG_1848,1:2,0,2,West Khasi Block,25.251444,91.584621,1665.6,1203.62,32.82,85.57,-0.000712,0.001682,4.7453,44.0442,10,Tree cover,0.801,27.9,44.1,1.43,5.2,Siliciclastic Sedimentary,SS,594.7,559.6,NA,NA,NO_EVENT,NA,NA,NA,NA,NA,NA,NA,NA,NA,NA
NEG_1849,1:2,0,1,Garo Hills Block,25.498347,89.904236,8378.2,78.44,20.96,330.05,-0.000284,-0.002820,5.1264,19.1632,10,Tree cover,0.665,23.0,50.9,1.34,5.4,Mixed Sedimentary,SM,274.5,347.4,NA,NA,NO_EVENT,NA,NA,NA,NA,NA,NA,NA,NA,NA,NA
NEG_1850,1:2,0,5,Jaintia Hills Block,25.365224,92.271820,6481.0,1264.44,15.60,49.90,-0.001469,-0.002037,6.0436,35.1988,10,Tree cover,0.735,34.7,44.6,1.38,4.9,Metamorphic,MT,1420.3,710.9,NA,NA,NO_EVENT,NA,NA,NA,NA,NA,NA,NA,NA,NA,NA
NEG_1851,1:2,0,4,Ri-Bhoi Block,25.764878,92.010856,1178.7,1502.50,14.23,177.65,-0.000386,0.001749,5.8769,33.1261,10,Tree cover,0.714,29.0,43.7,1.28,4.6,Metamorphic,MT,581.9,1541.6,NA,NA,NO_EVENT,NA,NA,NA,NA,NA,NA,NA,NA,NA,NA
NEG_1852,1:2,0,1,Garo Hills Block,25.773966,90.748468,9784.5,249.09,16.11,171.92,-0.001405,0.001318,5.7627,34.1549,10,Tree cover,0.720,30.3,50.5,1.33,5.3,Mixed Sedimentary,SM,1427.4,547.4,NA,NA,NO_EVENT,NA,NA,NA,NA,NA,NA,NA,NA,NA,NA
NEG_1853,1:2,0,1,Garo Hills Block,25.127637,90.631025,9183.8,53.64,21.06,307.55,0.000492,0.001888,5.2948,18.0421,10,Tree cover,0.830,30.3,53.1,1.44,5.0,Mixed Sedimentary,SM,259.8,950.8,NA,NA,NO_EVENT,NA,NA,NA,NA,NA,NA,NA,NA,NA,NA
NEG_1854,1:2,0,4,Ri-Bhoi Block,25.918328,92.790436,11976.9,475.24,20.40,112.91,0.001068,-0.002014,5.7680,18.0001,10,Tree cover,0.804,34.0,46.3,1.33,5.1,Metamorphic,MT,36.0,561.7,NA,NA,NO_EVENT,NA,NA,NA,NA,NA,NA,NA,NA,NA,NA
NEG_1855,1:2,0,1,Garo Hills Block,25.553355,89.829586,15140.4,111.42,22.57,318.26,0.003894,0.000663,4.8446,19.3284,10,Tree cover,0.652,24.5,47.7,1.33,5.2,Mixed Sedimentary,SM,226.7,991.4,NA,NA,NO_EVENT,NA,NA,NA,NA,NA,NA,NA,NA,NA,NA
NEG_1856,1:2,0,1,Garo Hills Block,25.171248,90.782346,15716.7,282.45,22.99,159.32,0.000984,-0.001664,5.3111,20.5363,10,Tree cover,0.827,30.0,49.0,1.44,5.3,Mixed Sedimentary,SM,511.2,138.2,NA,NA,NO_EVENT,NA,NA,NA,NA,NA,NA,NA,NA,NA,NA
NEG_1857,1:2,0,1,Garo Hills Block,25.644872,90.029036,4990.5,100.90,34.41,256.39,0.000262,-0.002843,3.8802,45.5334,10,Tree cover,0.659,28.0,53.0,1.32,5.4,Mixed Sedimentary,SM,1327.0,4304.8,NA,NA,NO_EVENT,NA,NA,NA,NA,NA,NA,NA,NA,NA,NA
NEG_1858,1:2,0,1,Garo Hills Block,26.038826,90.913505,26934.8,376.50,27.33,134.40,0.000321,-0.002355,4.9560,40.1775,10,Tree cover,0.830,22.8,44.4,1.42,5.4,Mixed Sedimentary,SM,462.5,3583.7,NA,NA,NO_EVENT,NA,NA,NA,NA,NA,NA,NA,NA,NA,NA
NEG_1859,1:2,0,4,Ri-Bhoi Block,26.005591,92.180591,8127.1,1159.14,26.00,111.21,0.000132,-0.002921,5.1765,30.9366,10,Tree cover,0.829,35.2,46.8,1.36,5.1,Metamorphic,MT,399.5,2063.2,NA,NA,NO_EVENT,NA,NA,NA,NA,NA,NA,NA,NA,NA,NA
NEG_1860,1:2,0,4,Ri-Bhoi Block,25.835872,91.650495,3666.1,1327.50,33.14,45.55,0.002413,0.000764,4.6209,32.8775,10,Tree cover,0.759,31.4,41.7,1.30,4.7,Metamorphic,MT,99.4,3309.6,NA,NA,NO_EVENT,NA,NA,NA,NA,NA,NA,NA,NA,NA,NA
NEG_1861,1:2,0,4,Ri-Bhoi Block,25.696927,91.745910,7559.6,1492.13,22.39,328.94,0.004796,-0.000027,4.9695,43.8189,10,Tree cover,0.678,27.5,38.7,1.28,4.3,Metamorphic,MT,2446.8,2086.5,NA,NA,NO_EVENT,NA,NA,NA,NA,NA,NA,NA,NA,NA,NA
NEG_1862,1:2,0,4,Ri-Bhoi Block,25.699019,91.488871,9473.4,1248.02,21.86,216.90,0.004948,0.000008,5.0187,43.3711,10,Tree cover,0.679,27.5,46.7,1.28,5.1,Metamorphic,MT,448.2,2295.2,NA,NA,NO_EVENT,NA,NA,NA,NA,NA,NA,NA,NA,NA,NA
NEG_1863,1:2,0,4,Ri-Bhoi Block,26.085327,92.033486,7376.0,1086.63,25.90,185.83,-0.001793,-0.000697,4.8876,47.4189,10,Tree cover,0.823,34.2,44.6,1.38,4.9,Metamorphic,MT,210.8,5713.0,NA,NA,NO_EVENT,NA,NA,NA,NA,NA,NA,NA,NA,NA,NA
NEG_1864,1:2,0,4,Ri-Bhoi Block,25.859102,92.461012,27496.1,898.53,33.15,56.23,-0.002462,0.001467,4.6803,26.2331,10,Tree cover,0.773,32.2,38.4,1.31,4.5,Metamorphic,MT,4097.0,3285.3,NA,NA,NO_EVENT,NA,NA,NA,NA,NA,NA,NA,NA,NA,NA
NEG_1865,1:2,0,1,Garo Hills Block,25.252891,90.055603,14323.4,25.00,35.35,116.77,-0.000292,0.002690,4.5450,46.5147,10,Tree cover,0.859,27.8,52.6,1.43,5.4,Mixed Sedimentary,SM,469.8,4608.9,NA,NA,NO_EVENT,NA,NA,NA,NA,NA,NA,NA,NA,NA,NA
NEG_1866,1:2,0,2,West Khasi Block,25.541526,91.367946,2844.9,1173.29,24.27,223.14,0.003448,-0.000542,4.7339,18.4796,10,Tree cover,0.654,29.2,45.6,1.32,5.0,Metamorphic,MT,198.4,2656.4,NA,NA,NO_EVENT,NA,NA,NA,NA,NA,NA,NA,NA,NA,NA
NEG_1867,1:2,0,4,Ri-Bhoi Block,25.915516,91.153540,7468.9,714.08,27.58,48.32,-0.001244,0.002089,5.1935,18.0146,10,Tree cover,0.802,34.0,38.5,1.33,4.5,Metamorphic,MT,515.3,957.4,NA,NA,NO_EVENT,NA,NA,NA,NA,NA,NA,NA,NA,NA,NA
NEG_1868,1:2,0,2,West Khasi Block,25.636521,91.407566,10080.3,1127.77,32.88,223.69,-0.000044,0.002847,3.9906,41.7729,10,Tree cover,0.657,27.3,46.5,1.29,5.1,Metamorphic,MT,1440.9,3310.2,NA,NA,NO_EVENT,NA,NA,NA,NA,NA,NA,NA,NA,NA,NA
NEG_1869,1:2,0,3,East Khasi Block,25.061259,91.676405,12075.9,1075.32,30.44,321.90,-0.000576,-0.000639,4.3026,28.6988,10,Tree cover,0.819,40.0,23.0,1.32,5.7,Volcanic Basic,VB,632.0,31.7,NA,NA,NO_EVENT,NA,NA,NA,NA,NA,NA,NA,NA,NA,NA
NEG_1870,1:2,0,1,Garo Hills Block,25.914287,90.280377,21121.8,40.48,28.52,111.48,0.000709,-0.002257,5.1181,18.0325,10,Tree cover,0.802,26.6,44.5,1.38,5.0,Mixed Sedimentary,SM,966.5,372.5,NA,NA,NO_EVENT,NA,NA,NA,NA,NA,NA,NA,NA,NA,NA
NEG_1871,1:2,0,4,Ri-Bhoi Block,25.661878,91.610512,1429.6,1502.92,35.39,291.21,-0.003071,0.000099,3.8340,51.4367,10,Tree cover,0.757,27.2,43.3,1.29,4.6,Metamorphic,MT,1447.2,7267.4,NA,NA,NO_EVENT,NA,NA,NA,NA,NA,NA,NA,NA,NA,NA
NEG_1872,1:2,0,1,Garo Hills Block,25.197320,90.176564,7404.6,124.02,22.40,148.75,0.001578,-0.000124,5.4487,24.5584,10,Tree cover,0.821,29.5,48.0,1.44,5.2,Mixed Sedimentary,SM,380.7,100.9,NA,NA,NO_EVENT,NA,NA,NA,NA,NA,NA,NA,NA,NA,NA
NEG_1873,1:2,0,4,Ri-Bhoi Block,26.078456,91.000843,28060.8,411.13,26.88,356.26,-0.004354,-0.000118,4.8367,47.6491,10,Tree cover,0.825,34.4,39.9,1.38,4.6,Metamorphic,MT,347.6,669.8,NA,NA,NO_EVENT,NA,NA,NA,NA,NA,NA,NA,NA,NA,NA
NEG_1874,1:2,0,1,Garo Hills Block,25.265615,90.322540,10902.8,25.00,33.98,88.97,0.000661,0.001994,4.6699,49.1346,10,Tree cover,0.794,27.3,44.1,1.42,4.9,Mixed Sedimentary,SM,5300.9,3857.1,NA,NA,NO_EVENT,NA,NA,NA,NA,NA,NA,NA,NA,NA,NA
NEG_1875,1:2,0,4,Ri-Bhoi Block,25.741010,91.658808,1903.5,1438.96,23.89,344.68,-0.000760,-0.002496,5.0091,45.9956,10,Tree cover,0.700,28.3,41.4,1.28,4.5,Metamorphic,MT,890.0,1467.3,NA,NA,NO_EVENT,NA,NA,NA,NA,NA,NA,NA,NA,NA,NA
NEG_1876,1:2,0,1,Garo Hills Block,25.715036,90.068418,12250.9,67.24,28.74,217.48,-0.003143,0.000888,4.5231,52.3874,10,Tree cover,0.687,29.9,52.3,1.32,5.3,Mixed Sedimentary,SM,1464.1,1532.8,NA,NA,NO_EVENT,NA,NA,NA,NA,NA,NA,NA,NA,NA,NA
NEG_1877,1:2,0,1,Garo Hills Block,25.985017,90.987263,18343.8,519.44,14.77,64.61,0.003116,0.000390,6.1322,22.6075,10,Tree cover,0.826,24.0,44.4,1.40,5.3,Mixed Sedimentary,SM,79.5,491.7,NA,NA,NO_EVENT,NA,NA,NA,NA,NA,NA,NA,NA,NA,NA
NEG_1878,1:2,0,2,West Khasi Block,25.358439,91.210202,1551.5,915.33,15.70,56.81,-0.002562,0.001239,6.0535,35.8204,10,Tree cover,0.739,34.8,39.9,1.38,4.6,Metamorphic,MT,689.3,5368.7,NA,NA,NO_EVENT,NA,NA,NA,NA,NA,NA,NA,NA,NA,NA
NEG_1879,1:2,0,5,Jaintia Hills Block,25.441271,92.433910,7330.3,1058.31,35.42,4.25,0.001014,0.000412,4.1889,34.5293,10,Tree cover,0.847,32.6,38.9,1.36,4.6,Metamorphic,MT,981.2,1386.6,NA,NA,NO_EVENT,NA,NA,NA,NA,NA,NA,NA,NA,NA,NA
NEG_1880,1:2,0,1,Garo Hills Block,26.023602,90.725532,35490.6,85.62,20.34,147.90,-0.001378,-0.000264,5.5702,31.6238,10,Tree cover,0.830,23.0,51.4,1.42,5.2,Mixed Sedimentary,SM,1108.4,4766.8,NA,NA,NO_EVENT,NA,NA,NA,NA,NA,NA,NA,NA,NA,NA
NEG_1881,1:2,0,4,Ri-Bhoi Block,25.953051,92.183646,10171.2,1192.91,23.54,103.13,0.001150,-0.000255,5.4927,20.1467,10,Tree cover,0.817,34.8,46.7,1.34,5.1,Metamorphic,MT,1620.2,2071.7,NA,NA,NO_EVENT,NA,NA,NA,NA,NA,NA,NA,NA,NA,NA
NEG_1882,1:2,0,1,Garo Hills Block,26.025272,90.549538,28362.6,35.21,28.94,32.43,0.000347,0.002777,4.8764,37.8443,10,Tree cover,0.830,23.0,51.6,1.42,4.9,Mixed Sedimentary,SM,1320.0,2102.9,NA,NA,NO_EVENT,NA,NA,NA,NA,NA,NA,NA,NA,NA,NA
NEG_1883,1:2,0,1,Garo Hills Block,25.643116,90.637361,14667.2,165.30,31.80,268.50,-0.000636,0.002204,4.0862,42.9371,10,Tree cover,0.658,27.9,53.1,1.32,5.1,Mixed Sedimentary,SM,332.0,2720.7,NA,NA,NO_EVENT,NA,NA,NA,NA,NA,NA,NA,NA,NA,NA
NEG_1884,1:2,0,1,Garo Hills Block,25.910022,89.816239,40579.3,55.80,30.93,46.52,-0.001851,-0.001853,4.9243,18.1563,10,Tree cover,0.800,26.7,47.1,1.38,5.2,Mixed Sedimentary,SM,1255.8,463.4,NA,NA,NO_EVENT,NA,NA,NA,NA,NA,NA,NA,NA,NA,NA
NEG_1885,1:2,0,1,Garo Hills Block,25.630005,90.834570,2756.0,354.25,34.08,226.69,0.000587,-0.001444,3.8871,40.5348,10,Tree cover,0.655,27.4,46.7,1.32,5.4,Mixed Sedimentary,SM,1779.1,3898.4,NA,NA,NO_EVENT,NA,NA,NA,NA,NA,NA,NA,NA,NA,NA
NEG_1886,1:2,0,4,Ri-Bhoi Block,25.939603,91.658046,5658.3,1220.78,25.29,53.55,-0.001619,0.000696,5.3676,18.8860,10,Tree cover,0.812,34.5,41.4,1.34,4.7,Metamorphic,MT,3463.3,9866.0,NA,NA,NO_EVENT,NA,NA,NA,NA,NA,NA,NA,NA,NA,NA
NEG_1887,1:2,0,1,Garo Hills Block,25.941427,90.607021,23723.1,77.37,25.31,74.18,-0.004878,0.000053,5.3644,19.0420,10,Tree cover,0.813,25.5,52.9,1.39,5.0,Mixed Sedimentary,SM,966.6,2245.4,NA,NA,NO_EVENT,NA,NA,NA,NA,NA,NA,NA,NA,NA,NA
NEG_1888,1:2,0,2,West Khasi Block,25.032576,91.498277,14240.2,948.87,25.94,229.82,-0.002766,0.000889,4.5879,34.0595,10,Tree cover,0.809,28.5,45.4,1.43,5.0,Siliciclastic Sedimentary,SS,488.0,2581.3,NA,NA,NO_EVENT,NA,NA,NA,NA,NA,NA,NA,NA,NA,NA
NEG_1889,1:2,0,4,Ri-Bhoi Block,25.734446,91.605339,3374.9,1423.40,24.98,316.33,-0.003075,0.000206,4.8964,47.6697,10,Tree cover,0.697,28.1,43.5,1.28,4.6,Metamorphic,MT,2845.7,3101.3,NA,NA,NO_EVENT,NA,NA,NA,NA,NA,NA,NA,NA,NA,NA
NEG_1890,1:2,0,4,Ri-Bhoi Block,25.815182,91.542586,7771.4,1191.62,22.82,123.53,-0.000417,0.000646,5.3805,32.7387,10,Tree cover,0.746,30.6,45.6,1.29,5.0,Metamorphic,MT,699.8,1116.5,NA,NA,NO_EVENT,NA,NA,NA,NA,NA,NA,NA,NA,NA,NA
NEG_1891,1:2,0,1,Garo Hills Block,25.092090,90.155159,18999.6,25.00,19.57,201.65,0.000902,0.001544,5.2762,20.3973,10,Tree cover,0.826,30.0,49.0,1.44,5.2,Mixed Sedimentary,SM,1358.4,1151.3,NA,NA,NO_EVENT,NA,NA,NA,NA,NA,NA,NA,NA,NA,NA
NEG_1892,1:2,0,1,Garo Hills Block,25.664193,90.638687,15938.7,183.95,31.95,267.40,-0.002103,0.001737,4.1143,48.7598,10,Tree cover,0.665,28.6,53.1,1.32,5.1,Mixed Sedimentary,SM,1320.7,1439.0,NA,NA,NO_EVENT,NA,NA,NA,NA,NA,NA,NA,NA,NA,NA
NEG_1893,1:2,0,2,West Khasi Block,25.106017,91.110288,10631.2,562.83,25.80,345.20,0.003081,0.000241,4.8304,19.3937,10,Tree cover,0.828,30.2,48.8,1.44,5.1,Siliciclastic Sedimentary,SS,51.9,189.1,NA,NA,NO_EVENT,NA,NA,NA,NA,NA,NA,NA,NA,NA,NA
NEG_1894,1:2,0,1,Garo Hills Block,25.618668,90.802675,1317.0,314.63,30.26,224.85,0.000534,-0.002645,4.1835,34.7205,10,Tree cover,0.653,27.0,48.1,1.32,5.4,Mixed Sedimentary,SM,417.9,3332.1,NA,NA,NO_EVENT,NA,NA,NA,NA,NA,NA,NA,NA,NA,NA
NEG_1895,1:2,0,4,Ri-Bhoi Block,25.798068,91.763500,10154.6,1514.27,17.34,20.68,-0.002990,0.001197,5.7575,31.9748,10,Tree cover,0.735,30.0,38.4,1.29,4.3,Metamorphic,MT,914.9,1146.0,NA,NA,NO_EVENT,NA,NA,NA,NA,NA,NA,NA,NA,NA,NA
NEG_1896,1:2,0,5,Jaintia Hills Block,25.379444,92.102361,5212.2,1418.14,24.07,143.99,0.000562,-0.000675,5.3242,42.4452,10,Tree cover,0.726,34.4,46.4,1.38,4.8,Metamorphic,MT,2003.0,870.3,NA,NA,NO_EVENT,NA,NA,NA,NA,NA,NA,NA,NA,NA,NA
NEG_1897,1:2,0,4,Ri-Bhoi Block,25.720591,91.744208,7000.5,1484.37,18.29,338.42,0.004115,0.000382,5.3793,39.9460,10,Tree cover,0.689,27.9,38.7,1.28,4.3,Metamorphic,MT,1446.7,2853.3,NA,NA,NO_EVENT,NA,NA,NA,NA,NA,NA,NA,NA,NA,NA
NEG_1898,1:2,0,1,Garo Hills Block,25.617702,89.834738,15503.1,25.00,30.50,314.96,0.001995,-0.000981,4.1638,34.5712,10,Tree cover,0.653,26.9,47.9,1.32,5.3,Mixed Sedimentary,SM,855.4,671.7,NA,NA,NO_EVENT,NA,NA,NA,NA,NA,NA,NA,NA,NA,NA
NEG_1899,1:2,0,1,Garo Hills Block,25.772228,90.946927,7029.6,488.35,15.45,101.07,-0.000920,-0.002147,5.8086,33.6817,10,Tree cover,0.719,30.3,44.1,1.33,5.4,Mixed Sedimentary,SM,266.3,4027.0,NA,NA,NO_EVENT,NA,NA,NA,NA,NA,NA,NA,NA,NA,NA
NEG_1900,1:2,0,4,Ri-Bhoi Block,26.038018,92.294854,5956.0,941.19,22.80,25.05,-0.000383,0.002385,5.3214,36.3357,10,Tree cover,0.830,35.0,43.8,1.37,4.9,Metamorphic,MT,1983.7,2634.4,NA,NA,NO_EVENT,NA,NA,NA,NA,NA,NA,NA,NA,NA,NA
NEG_1901,1:2,0,1,Garo Hills Block,25.654710,90.569155,18170.2,63.20,35.74,304.98,-0.001516,-0.002013,3.7912,49.6781,10,Tree cover,0.758,28.3,52.2,1.32,4.9,Mixed Sedimentary,SM,2401.3,3776.9,NA,NA,NO_EVENT,NA,NA,NA,NA,NA,NA,NA,NA,NA,NA
NEG_1902,1:2,0,1,Garo Hills Block,25.240015,90.838174,15093.7,371.31,35.93,135.55,-0.002028,0.001089,4.4770,42.6854,10,Tree cover,0.855,28.3,46.6,1.43,5.4,Mixed Sedimentary,SM,5705.6,3954.6,NA,NA,NO_EVENT,NA,NA,NA,NA,NA,NA,NA,NA,NA,NA
NEG_1903,1:2,0,1,Garo Hills Block,25.534693,90.703000,3776.6,184.66,14.91,230.73,-0.002317,-0.001483,5.4994,18.0979,40,Cropland,0.514,23.9,52.1,1.34,5.2,Mixed Sedimentary,SM,532.3,746.0,NA,NA,NO_EVENT,NA,NA,NA,NA,NA,NA,NA,NA,NA,NA
NEG_1904,1:2,0,1,Garo Hills Block,25.576124,90.304380,3021.3,25.00,25.17,260.36,0.001825,-0.000248,4.6018,22.6994,10,Tree cover,0.650,25.3,44.2,1.33,4.9,Mixed Sedimentary,SM,541.8,1605.1,NA,NA,NO_EVENT,NA,NA,NA,NA,NA,NA,NA,NA,NA,NA
NEG_1905,1:2,0,1,Garo Hills Block,26.075930,90.129170,44463.2,45.93,30.43,180.43,0.003800,0.000035,4.5628,51.1501,10,Tree cover,0.825,22.5,50.1,1.43,5.3,Mixed Sedimentary,SM,5323.5,2066.1,NA,NA,NO_EVENT,NA,NA,NA,NA,NA,NA,NA,NA,NA,NA
NEG_1906,1:2,0,4,Ri-Bhoi Block,26.026500,92.586413,27816.7,673.82,22.82,142.82,0.001329,0.001799,5.3617,33.9135,10,Tree cover,0.830,35.1,39.3,1.37,4.6,Metamorphic,MT,754.5,5016.4,NA,NA,NO_EVENT,NA,NA,NA,NA,NA,NA,NA,NA,NA,NA
NEG_1907,1:2,0,5,Jaintia Hills Block,25.587389,92.010976,4472.3,1679.50,17.32,226.69,-0.003770,-0.000639,5.2199,22.7003,10,Tree cover,0.650,27.9,43.8,1.31,4.6,Metamorphic,MT,130.4,2123.6,NA,NA,NO_EVENT,NA,NA,NA,NA,NA,NA,NA,NA,NA,NA
NEG_1908,1:2,0,3,East Khasi Block,25.490932,91.721605,1429.2,1676.71,23.53,336.74,0.002148,-0.000848,4.9471,20.0978,10,Tree cover,0.668,30.9,39.3,1.34,4.3,Metamorphic,MT,584.4,611.5,NA,NA,NO_EVENT,NA,NA,NA,NA,NA,NA,NA,NA,NA,NA
NEG_1909,1:2,0,1,Garo Hills Block,25.387822,90.718535,1494.5,200.25,18.84,143.10,0.000452,0.000787,5.7156,35.9737,10,Tree cover,0.721,23.2,51.6,1.38,5.2,Mixed Sedimentary,SM,1346.2,2213.3,NA,NA,NO_EVENT,NA,NA,NA,NA,NA,NA,NA,NA,NA,NA
NEG_1910,1:2,0,2,West Khasi Block,25.644488,91.319296,3402.5,1080.74,32.58,239.96,-0.000650,-0.002387,4.0260,43.9558,10,Tree cover,0.659,27.2,44.0,1.29,4.9,Metamorphic,MT,414.9,6374.3,NA,NA,NO_EVENT,NA,NA,NA,NA,NA,NA,NA,NA,NA,NA
NEG_1911,1:2,0,1,Garo Hills Block,25.645899,90.674315,11989.6,201.31,27.76,247.22,0.000256,0.002840,4.4138,40.4696,10,Tree cover,0.659,28.0,52.8,1.32,5.1,Mixed Sedimentary,SM,1310.0,2625.8,NA,NA,NO_EVENT,NA,NA,NA,NA,NA,NA,NA,NA,NA,NA
NEG_1912,1:2,0,1,Garo Hills Block,25.416314,90.055889,3882.2,71.98,33.63,147.51,-0.001557,-0.001874,4.4300,41.6955,10,Tree cover,0.704,22.7,52.6,1.37,5.4,Mixed Sedimentary,SM,1711.5,3214.9,NA,NA,NO_EVENT,NA,NA,NA,NA,NA,NA,NA,NA,NA,NA
NEG_1913,1:2,0,1,Garo Hills Block,25.076458,90.573044,16021.6,70.06,30.57,317.40,0.003568,-0.000338,4.3410,24.9480,10,Tree cover,0.823,29.7,52.3,1.44,4.9,Mixed Sedimentary,SM,121.0,1538.5,NA,NA,NO_EVENT,NA,NA,NA,NA,NA,NA,NA,NA,NA,NA
NEG_1914,1:2,0,1,Garo Hills Block,25.100187,90.116513,19778.5,25.00,22.59,199.75,0.003361,0.000785,5.0649,19.7975,10,Tree cover,0.828,30.1,50.6,1.44,5.3,Mixed Sedimentary,SM,1453.1,1704.9,NA,NA,NO_EVENT,NA,NA,NA,NA,NA,NA,NA,NA,NA,NA
NEG_1915,1:2,0,1,Garo Hills Block,25.897963,89.918565,34961.2,51.32,23.54,51.79,0.000213,0.002848,5.5087,18.7296,10,Tree cover,0.794,27.2,51.5,1.37,5.4,Mixed Sedimentary,SM,3918.0,1543.1,NA,NA,NO_EVENT,NA,NA,NA,NA,NA,NA,NA,NA,NA,NA
NEG_1916,1:2,0,1,Garo Hills Block,25.731658,90.631301,19230.3,130.45,23.14,277.17,-0.002577,-0.001424,5.0329,45.5953,10,Tree cover,0.695,30.1,53.1,1.33,5.0,Mixed Sedimentary,SM,185.0,2306.4,NA,NA,NO_EVENT,NA,NA,NA,NA,NA,NA,NA,NA,NA,NA
NEG_1917,1:2,0,4,Ri-Bhoi Block,25.961269,91.279226,16505.6,892.02,16.57,99.92,0.001804,0.000802,6.0378,20.2748,10,Tree cover,0.820,34.9,42.4,1.35,4.8,Metamorphic,MT,132.5,3576.2,NA,NA,NO_EVENT,NA,NA,NA,NA,NA,NA,NA,NA,NA,NA
NEG_1918,1:2,0,2,West Khasi Block,25.350023,91.378799,5986.7,1041.03,24.00,137.99,0.003240,0.001003,5.4097,45.9999,10,Tree cover,0.744,34.9,45.9,1.38,5.0,Metamorphic,MT,509.4,1529.9,NA,NA,NO_EVENT,NA,NA,NA,NA,NA,NA,NA,NA,NA,NA
NEG_1919,1:2,0,2,West Khasi Block,25.432515,91.521118,3409.7,1331.70,26.14,164.97,0.002728,-0.000858,4.9661,32.3683,10,Tree cover,0.695,32.9,46.1,1.36,5.0,Metamorphic,MT,765.3,592.5,NA,NA,NO_EVENT,NA,NA,NA,NA,NA,NA,NA,NA,NA,NA
NEG_1920,1:2,0,5,Jaintia Hills Block,25.143695,92.840821,5043.0,371.22,15.80,58.30,-0.001103,-0.001670,5.7797,18.1452,10,Tree cover,0.830,30.3,44.1,1.44,5.2,Siliciclastic Sedimentary,SS,2219.4,2308.0,NA,NA,NO_EVENT,NA,NA,NA,NA,NA,NA,NA,NA,NA,NA
NEG_1921,1:2,0,1,Garo Hills Block,25.479600,90.862103,4794.0,430.25,32.89,202.79,-0.003364,-0.000394,4.2403,23.0741,10,Tree cover,0.672,22.7,45.7,1.35,5.4,Mixed Sedimentary,SM,649.2,5237.5,NA,NA,NO_EVENT,NA,NA,NA,NA,NA,NA,NA,NA,NA,NA
NEG_1922,1:2,0,1,Garo Hills Block,25.787027,90.909893,10125.6,422.04,20.72,146.10,0.000586,-0.002344,5.4451,36.6847,10,Tree cover,0.728,30.2,44.4,1.34,5.4,Mixed Sedimentary,SM,965.7,4412.1,NA,NA,NO_EVENT,NA,NA,NA,NA,NA,NA,NA,NA,NA,NA
NEG_1923,1:2,0,4,Ri-Bhoi Block,25.919936,91.185526,7930.1,748.45,23.04,54.95,0.001480,0.001854,5.5567,18.0057,10,Tree cover,0.804,34.1,39.2,1.33,4.6,Metamorphic,MT,476.9,2040.6,NA,NA,NO_EVENT,NA,NA,NA,NA,NA,NA,NA,NA,NA,NA
NEG_1924,1:2,0,1,Garo Hills Block,25.797123,90.127732,15073.9,87.21,21.79,159.34,0.003070,-0.001158,5.3979,35.7464,10,Tree cover,0.734,30.0,50.2,1.34,5.3,Mixed Sedimentary,SM,1279.1,3427.8,NA,NA,NO_EVENT,NA,NA,NA,NA,NA,NA,NA,NA,NA,NA
NEG_1925,1:2,0,4,Ri-Bhoi Block,25.933809,92.043940,4177.2,1239.62,17.93,135.32,0.000544,-0.001143,5.9607,18.3363,10,Tree cover,0.810,34.4,44.9,1.34,5.0,Metamorphic,MT,2092.3,8124.2,NA,NA,NO_EVENT,NA,NA,NA,NA,NA,NA,NA,NA,NA,NA
NEG_1926,1:2,0,1,Garo Hills Block,25.248654,90.243122,2908.2,43.91,29.22,127.41,0.001105,0.001173,5.0290,40.4412,10,Tree cover,0.802,28.0,45.4,1.43,5.0,Mixed Sedimentary,SM,1043.1,1474.2,NA,NA,NO_EVENT,NA,NA,NA,NA,NA,NA,NA,NA,NA,NA
NEG_1927,1:2,0,5,Jaintia Hills Block,25.361596,92.777015,9878.6,601.88,16.30,125.64,-0.001592,-0.002035,5.9973,36.2669,10,Tree cover,0.737,34.7,45.9,1.38,5.0,Metamorphic,MT,2071.8,2661.8,NA,NA,NO_EVENT,NA,NA,NA,NA,NA,NA,NA,NA,NA,NA
NEG_1928,1:2,0,2,West Khasi Block,25.297378,91.191188,3470.3,824.50,21.39,56.50,-0.002177,-0.001433,5.6877,42.0510,10,Tree cover,0.777,26.1,52.0,1.41,4.9,Siliciclastic Sedimentary,SS,1930.8,2210.1,NA,NA,NO_EVENT,NA,NA,NA,NA,NA,NA,NA,NA,NA,NA
NEG_1929,1:2,0,2,West Khasi Block,25.052422,91.011544,15721.9,475.63,26.24,309.09,-0.003234,0.000889,4.6130,29.3071,10,Tree cover,0.816,29.1,44.9,1.43,5.3,Siliciclastic Sedimentary,SS,858.3,1160.4,NA,NA,NO_EVENT,NA,NA,NA,NA,NA,NA,NA,NA,NA,NA
NEG_1930,1:2,0,5,Jaintia Hills Block,25.637026,92.707030,17257.5,642.73,33.78,224.72,0.000139,0.002191,3.9192,42.5836,10,Tree cover,0.657,27.3,43.7,1.29,4.9,Metamorphic,MT,3080.9,4224.6,NA,NA,NO_EVENT,NA,NA,NA,NA,NA,NA,NA,NA,NA,NA
NEG_1931,1:2,0,5,Jaintia Hills Block,25.578075,92.298277,3151.5,1274.72,16.07,309.57,-0.000212,-0.000412,5.3277,21.2218,10,Tree cover,0.650,28.2,43.7,1.31,4.9,Metamorphic,MT,3473.2,2650.9,NA,NA,NO_EVENT,NA,NA,NA,NA,NA,NA,NA,NA,NA,NA
NEG_1932,1:2,0,1,Garo Hills Block,25.610898,89.924394,7195.7,44.13,21.26,306.30,-0.000850,0.002345,4.9002,28.1783,10,Tree cover,0.652,26.7,51.7,1.32,5.4,Mixed Sedimentary,SM,1209.8,525.0,NA,NA,NO_EVENT,NA,NA,NA,NA,NA,NA,NA,NA,NA,NA
NEG_1933,1:2,0,2,West Khasi Block,25.360209,91.555426,3661.4,1399.50,18.80,105.97,0.000655,-0.002413,5.8009,39.1905,10,Tree cover,0.738,34.8,45.2,1.38,5.0,Metamorphic,MT,1971.3,2033.2,NA,NA,NO_EVENT,NA,NA,NA,NA,NA,NA,NA,NA,NA,NA
NEG_1934,1:2,0,4,Ri-Bhoi Block,26.046641,92.420348,17987.0,803.76,33.89,18.57,0.000500,-0.001948,4.4016,47.8181,10,Tree cover,0.829,34.9,39.2,1.37,4.6,Metamorphic,MT,48.2,7151.3,NA,NA,NO_EVENT,NA,NA,NA,NA,NA,NA,NA,NA,NA,NA
NEG_1935,1:2,0,1,Garo Hills Block,25.266624,90.471335,17181.3,82.71,24.39,44.28,-0.001007,-0.000478,5.4381,40.5473,10,Tree cover,0.793,27.3,48.3,1.42,4.8,Mixed Sedimentary,SM,118.5,242.6,NA,NA,NO_EVENT,NA,NA,NA,NA,NA,NA,NA,NA,NA,NA
NEG_1936,1:2,0,5,Jaintia Hills Block,25.237267,92.613622,10993.9,755.56,31.25,132.97,-0.002521,0.000034,4.8460,38.6520,10,Tree cover,0.807,28.4,51.3,1.43,5.4,Siliciclastic Sedimentary,SS,10197.3,1094.9,NA,NA,NO_EVENT,NA,NA,NA,NA,NA,NA,NA,NA,NA,NA
NEG_1937,1:2,0,4,Ri-Bhoi Block,25.940879,92.163394,8415.0,1198.80,26.07,112.87,-0.001318,0.000622,5.3041,19.0240,10,Tree cover,0.813,34.5,46.9,1.34,5.1,Metamorphic,MT,1685.3,608.0,NA,NA,NO_EVENT,NA,NA,NA,NA,NA,NA,NA,NA,NA,NA
NEG_1938,1:2,0,2,West Khasi Block,25.444154,91.338361,791.0,1077.68,34.77,177.70,-0.004427,-0.000095,4.2294,33.2931,10,Tree cover,0.689,32.5,44.7,1.36,4.9,Metamorphic,MT,592.0,1064.4,NA,NA,NO_EVENT,NA,NA,NA,NA,NA,NA,NA,NA,NA,NA
NEG_1939,1:2,0,1,Garo Hills Block,25.521478,90.572864,8660.9,25.00,26.15,310.61,0.001042,0.001992,4.6366,18.0315,10,Tree cover,0.658,23.5,52.3,1.34,4.9,Mixed Sedimentary,SM,994.4,693.7,NA,NA,NO_EVENT,NA,NA,NA,NA,NA,NA,NA,NA,NA,NA
NEG_1940,1:2,0,1,Garo Hills Block,25.565430,89.893014,8699.1,83.23,16.18,314.39,0.002291,-0.000471,5.3350,19.9203,10,Tree cover,0.651,24.9,50.5,1.33,5.3,Mixed Sedimentary,SM,1139.8,437.9,NA,NA,NO_EVENT,NA,NA,NA,NA,NA,NA,NA,NA,NA,NA
NEG_1941,1:2,0,5,Jaintia Hills Block,25.162355,92.504098,8692.9,776.34,18.55,61.66,0.003119,-0.000843,5.6327,19.2262,10,Tree cover,0.828,30.1,53.0,1.44,5.2,Siliciclastic Sedimentary,SS,4028.5,54.0,NA,NA,NO_EVENT,NA,NA,NA,NA,NA,NA,NA,NA,NA,NA
NEG_1942,1:2,0,4,Ri-Bhoi Block,25.831814,91.089749,3983.3,754.88,32.76,33.38,0.004494,-0.000236,4.6392,33.9517,10,Tree cover,0.756,31.2,38.1,1.30,4.5,Metamorphic,MT,1343.2,783.0,NA,NA,NO_EVENT,NA,NA,NA,NA,NA,NA,NA,NA,NA,NA
NEG_1943,1:2,0,1,Garo Hills Block,25.578522,90.928497,9707.1,479.34,18.69,258.06,-0.001320,0.000429,5.1177,21.8072,10,Tree cover,0.650,25.4,44.2,1.33,5.4,Mixed Sedimentary,SM,2641.5,2620.6,NA,NA,NO_EVENT,NA,NA,NA,NA,NA,NA,NA,NA,NA,NA
NEG_1944,1:2,0,4,Ri-Bhoi Block,25.820042,92.191771,5490.7,1197.02,29.21,104.06,-0.002102,-0.000261,4.8857,35.5042,10,Tree cover,0.749,30.8,46.6,1.29,5.1,Metamorphic,MT,461.0,2952.1,NA,NA,NO_EVENT,NA,NA,NA,NA,NA,NA,NA,NA,NA,NA
NEG_1945,1:2,0,4,Ri-Bhoi Block,25.844348,92.003966,3626.4,1455.85,25.29,140.63,-0.003920,-0.000643,5.2727,27.4031,10,Tree cover,0.764,31.7,43.5,1.30,4.6,Metamorphic,MT,1942.9,9135.0,NA,NA,NO_EVENT,NA,NA,NA,NA,NA,NA,NA,NA,NA,NA
NEG_1946,1:2,0,1,Garo Hills Block,25.240865,90.830808,14901.3,369.07,35.71,136.37,-0.001751,0.001537,4.4962,42.8222,10,Tree cover,0.856,28.2,46.9,1.43,5.4,Mixed Sedimentary,SM,5507.4,4144.4,NA,NA,NO_EVENT,NA,NA,NA,NA,NA,NA,NA,NA,NA,NA
NEG_1947,1:2,0,1,Garo Hills Block,25.527433,90.808919,2896.7,430.29,23.81,216.18,0.000877,0.002473,4.8068,18.0073,10,Tree cover,0.656,23.7,47.8,1.34,5.4,Mixed Sedimentary,SM,2599.5,459.0,NA,NA,NO_EVENT,NA,NA,NA,NA,NA,NA,NA,NA,NA,NA
NEG_1948,1:2,0,1,Garo Hills Block,25.835335,90.804528,13326.0,374.31,31.55,145.72,0.001475,-0.000806,4.7465,32.3213,10,Tree cover,0.758,29.3,48.0,1.35,5.4,Mixed Sedimentary,SM,998.0,1759.6,NA,NA,NO_EVENT,NA,NA,NA,NA,NA,NA,NA,NA,NA,NA
NEG_1949,1:2,0,2,West Khasi Block,25.169291,91.017073,3401.1,517.64,19.57,29.62,0.002418,-0.001451,5.5774,19.9512,10,Tree cover,0.827,30.0,45.1,1.44,5.3,Siliciclastic Sedimentary,SS,169.0,638.6,NA,NA,NO_EVENT,NA,NA,NA,NA,NA,NA,NA,NA,NA,NA
NEG_1950,1:2,0,1,Garo Hills Block,26.078308,90.488938,32429.7,50.12,27.84,358.22,-0.004795,-0.000063,4.7604,48.6863,10,Tree cover,0.825,22.5,49.1,1.43,4.8,Mixed Sedimentary,SM,1289.6,8182.1,NA,NA,NO_EVENT,NA,NA,NA,NA,NA,NA,NA,NA,NA,NA
NEG_1951,1:2,0,4,Ri-Bhoi Block,25.681131,91.120568,610.7,689.58,34.12,324.08,-0.004259,0.000438,3.9837,54.7628,10,Tree cover,0.671,27.3,38.1,1.28,4.5,Metamorphic,MT,315.7,3492.0,NA,NA,NO_EVENT,NA,NA,NA,NA,NA,NA,NA,NA,NA,NA
NEG_1952,1:2,0,2,West Khasi Block,25.096707,91.288024,12808.5,855.52,20.47,235.20,-0.000649,-0.001837,5.2214,19.9854,10,Tree cover,0.827,30.0,53.0,1.44,4.8,Siliciclastic Sedimentary,SS,636.2,733.8,NA,NA,NO_EVENT,NA,NA,NA,NA,NA,NA,NA,NA,NA,NA
NEG_1953,1:2,0,4,Ri-Bhoi Block,25.778337,91.365321,12522.6,1074.77,24.78,168.60,0.002053,-0.000528,5.0864,42.0545,10,Tree cover,0.723,29.4,45.5,1.29,5.0,Metamorphic,MT,6829.3,2787.4,NA,NA,NO_EVENT,NA,NA,NA,NA,NA,NA,NA,NA,NA,NA
NEG_1954,1:2,0,1,Garo Hills Block,25.961875,90.681258,30721.0,114.66,15.62,116.25,0.001733,-0.000847,6.1128,20.2025,10,Tree cover,0.820,24.7,52.6,1.40,5.1,Mixed Sedimentary,SM,498.9,4830.9,NA,NA,NO_EVENT,NA,NA,NA,NA,NA,NA,NA,NA,NA,NA
NEG_1955,1:2,0,5,Jaintia Hills Block,25.113149,92.656525,22229.4,572.86,24.42,191.24,0.001151,0.002309,4.9685,18.7140,10,Tree cover,0.829,30.2,49.5,1.44,5.4,Siliciclastic Sedimentary,SS,11667.1,1243.6,NA,NA,NO_EVENT,NA,NA,NA,NA,NA,NA,NA,NA,NA,NA
NEG_1956,1:2,0,2,West Khasi Block,25.428452,91.558037,3308.1,1396.58,29.35,136.41,-0.001326,-0.001275,4.7254,35.2757,10,Tree cover,0.697,33.0,45.1,1.37,5.0,Metamorphic,MT,1108.1,1498.6,NA,NA,NO_EVENT,NA,NA,NA,NA,NA,NA,NA,NA,NA,NA
NEG_1957,1:2,0,1,Garo Hills Block,25.875363,90.789157,17967.9,320.40,31.97,137.69,-0.000100,-0.002872,4.8064,22.3200,10,Tree cover,0.782,28.0,48.7,1.36,5.3,Mixed Sedimentary,SM,128.9,396.2,NA,NA,NO_EVENT,NA,NA,NA,NA,NA,NA,NA,NA,NA,NA
NEG_1958,1:2,0,1,Garo Hills Block,25.793458,90.213027,14120.9,73.30,17.37,160.13,-0.003417,-0.000686,5.7377,32.7108,10,Tree cover,0.732,30.1,46.5,1.34,5.1,Mixed Sedimentary,SM,1936.0,2796.6,NA,NA,NO_EVENT,NA,NA,NA,NA,NA,NA,NA,NA,NA,NA
NEG_1959,1:2,0,1,Garo Hills Block,25.334597,90.241367,9329.6,43.83,17.51,128.36,-0.004403,-0.000356,5.9598,38.9713,10,Tree cover,0.754,24.7,45.4,1.40,5.0,Mixed Sedimentary,SM,1422.4,3769.0,NA,NA,NO_EVENT,NA,NA,NA,NA,NA,NA,NA,NA,NA,NA
NEG_1960,1:2,0,1,Garo Hills Block,25.896129,90.479080,12432.2,81.21,24.72,44.30,0.001164,-0.000088,5.4127,18.9103,10,Tree cover,0.793,27.3,48.7,1.37,4.8,Mixed Sedimentary,SM,1278.0,2538.8,NA,NA,NO_EVENT,NA,NA,NA,NA,NA,NA,NA,NA,NA,NA
NEG_1961,1:2,0,4,Ri-Bhoi Block,25.794796,92.677060,27895.0,735.77,26.82,161.69,-0.000007,-0.001995,4.9868,40.3985,10,Tree cover,0.733,29.9,42.5,1.29,4.8,Metamorphic,MT,5631.1,1957.2,NA,NA,NO_EVENT,NA,NA,NA,NA,NA,NA,NA,NA,NA,NA
NEG_1962,1:2,0,2,West Khasi Block,25.589994,91.447089,5171.5,1261.53,20.95,225.76,-0.002810,0.000994,4.9279,24.1296,10,Tree cover,0.650,27.9,46.9,1.31,5.1,Metamorphic,MT,456.5,2440.1,NA,NA,NO_EVENT,NA,NA,NA,NA,NA,NA,NA,NA,NA,NA
NEG_1963,1:2,0,1,Garo Hills Block,25.517916,90.793965,4411.1,412.86,23.58,213.11,0.000049,0.002934,4.8528,18.1024,10,Tree cover,0.659,23.4,48.5,1.34,5.3,Mixed Sedimentary,SM,4059.5,592.0,NA,NA,NO_EVENT,NA,NA,NA,NA,NA,NA,NA,NA,NA,NA
NEG_1964,1:2,0,3,East Khasi Block,25.533707,91.638563,1843.6,1482.62,24.74,306.95,0.002077,-0.001676,4.7156,18.1297,10,Tree cover,0.655,29.4,42.2,1.33,4.5,Metamorphic,MT,1471.7,1517.8,NA,NA,NO_EVENT,NA,NA,NA,NA,NA,NA,NA,NA,NA,NA
NEG_1965,1:2,0,4,Ri-Bhoi Block,26.084871,92.660182,22241.4,541.10,35.35,185.58,0.001980,0.000655,4.1335,58.0827,10,Tree cover,0.868,34.2,41.8,1.38,4.8,Metamorphic,MT,79.3,1815.8,NA,NA,NO_EVENT,NA,NA,NA,NA,NA,NA,NA,NA,NA,NA
NEG_1966,1:2,0,4,Ri-Bhoi Block,25.951125,92.511848,29697.1,853.63,16.58,85.14,0.004168,0.000065,6.0520,19.3536,10,Tree cover,0.817,34.7,38.1,1.34,4.5,Metamorphic,MT,129.8,611.1,NA,NA,NO_EVENT,NA,NA,NA,NA,NA,NA,NA,NA,NA,NA
NEG_1967,1:2,0,3,East Khasi Block,25.525277,91.805205,4066.5,1752.99,18.37,317.12,0.000370,0.002723,5.2480,18.0000,10,Tree cover,0.821,22.8,60.1,1.31,4.5,Plutonic Acidic,PA,131.7,503.5,NA,NA,NO_EVENT,NA,NA,NA,NA,NA,NA,NA,NA,NA,NA
NEG_1968,1:2,0,1,Garo Hills Block,25.986672,90.998500,18166.7,518.64,15.45,58.52,0.002700,0.001043,6.0737,23.0365,10,Tree cover,0.826,23.9,44.6,1.40,5.3,Mixed Sedimentary,SM,40.1,621.2,NA,NA,NO_EVENT,NA,NA,NA,NA,NA,NA,NA,NA,NA,NA
NEG_1969,1:2,0,4,Ri-Bhoi Block,26.058703,91.068147,25342.7,488.74,33.34,10.04,0.002660,0.000980,4.3986,50.5548,10,Tree cover,0.828,34.7,38.4,1.38,4.5,Metamorphic,MT,588.8,2064.7,NA,NA,NO_EVENT,NA,NA,NA,NA,NA,NA,NA,NA,NA,NA
NEG_1970,1:2,0,4,Ri-Bhoi Block,25.669169,91.964904,1023.1,1653.69,29.62,229.91,0.003238,0.000996,4.3124,47.6086,10,Tree cover,0.666,27.2,41.9,1.28,4.5,Metamorphic,MT,73.9,1450.0,NA,NA,NO_EVENT,NA,NA,NA,NA,NA,NA,NA,NA,NA,NA
NEG_1971,1:2,0,1,Garo Hills Block,26.046639,90.546080,30445.2,35.57,32.13,19.96,0.000506,0.001948,4.5424,46.2690,10,Tree cover,0.829,22.7,51.4,1.42,4.9,Mixed Sedimentary,SM,1526.8,3343.7,NA,NA,NO_EVENT,NA,NA,NA,NA,NA,NA,NA,NA,NA,NA
NEG_1972,1:2,0,4,Ri-Bhoi Block,25.825821,91.388488,8309.0,1126.68,31.59,147.57,0.003570,0.000101,4.7141,35.1804,10,Tree cover,0.752,31.0,46.1,1.30,5.0,Metamorphic,MT,3238.0,2246.3,NA,NA,NO_EVENT,NA,NA,NA,NA,NA,NA,NA,NA,NA,NA
NEG_1973,1:2,0,5,Jaintia Hills Block,25.310042,92.168651,3854.3,1349.14,26.25,110.31,0.000680,-0.000820,5.2919,48.7741,10,Tree cover,0.769,25.6,44.4,1.41,4.8,Siliciclastic Sedimentary,SS,1947.8,54.5,NA,NA,NO_EVENT,NA,NA,NA,NA,NA,NA,NA,NA,NA,NA
NEG_1974,1:2,0,3,East Khasi Block,25.616400,91.815970,1799.3,1722.08,25.98,304.66,0.001027,-0.002384,4.5247,31.7925,10,Tree cover,0.815,27.5,38.1,1.30,4.3,Metamorphic,MT,263.2,2732.2,NA,NA,NO_EVENT,NA,NA,NA,NA,NA,NA,NA,NA,NA,NA
NEG_1975,1:2,0,2,West Khasi Block,25.368733,91.267886,4086.9,1040.89,17.11,93.75,-0.001161,-0.002181,5.9130,36.5353,10,Tree cover,0.733,34.6,42.0,1.38,4.8,Metamorphic,MT,535.2,2292.3,NA,NA,NO_EVENT,NA,NA,NA,NA,NA,NA,NA,NA,NA,NA
NEG_1976,1:2,0,4,Ri-Bhoi Block,25.686743,91.034978,1786.7,639.21,27.98,318.21,0.000997,-0.000831,4.4909,49.0050,10,Tree cover,0.673,27.3,39.0,1.28,4.6,Metamorphic,MT,982.6,7457.2,NA,NA,NO_EVENT,NA,NA,NA,NA,NA,NA,NA,NA,NA,NA
NEG_1977,1:2,0,5,Jaintia Hills Block,25.234242,92.733004,9236.6,609.77,32.09,134.92,0.002799,-0.000418,4.7726,38.2782,10,Tree cover,0.808,28.5,46.2,1.43,5.4,Siliciclastic Sedimentary,SS,6355.6,2519.2,NA,NA,NO_EVENT,NA,NA,NA,NA,NA,NA,NA,NA,NA,NA
NEG_1978,1:2,0,5,Jaintia Hills Block,25.572385,92.038457,1978.4,1675.12,15.49,223.70,-0.001262,0.000013,5.3806,20.5007,10,Tree cover,0.650,28.3,44.7,1.31,4.7,Metamorphic,MT,898.1,636.9,NA,NA,NO_EVENT,NA,NA,NA,NA,NA,NA,NA,NA,NA,NA
NEG_1979,1:2,0,1,Garo Hills Block,25.463931,90.883152,2650.0,442.15,33.22,195.46,-0.003461,-0.000805,4.2746,26.8982,10,Tree cover,0.679,22.6,45.0,1.36,5.4,Mixed Sedimentary,SM,549.5,7482.1,NA,NA,NO_EVENT,NA,NA,NA,NA,NA,NA,NA,NA,NA,NA
NEG_1980,1:2,0,2,West Khasi Block,25.459737,91.048050,2578.7,687.00,31.43,351.29,-0.000556,0.000940,4.4344,27.4952,10,Tree cover,0.681,32.0,38.7,1.36,4.5,Metamorphic,MT,3568.2,301.1,NA,NA,NO_EVENT,NA,NA,NA,NA,NA,NA,NA,NA,NA,NA
NEG_1981,1:2,0,2,West Khasi Block,25.607715,91.457583,4704.4,1248.46,22.93,227.01,-0.002559,0.001379,4.7659,28.2955,10,Tree cover,0.652,27.6,46.9,1.30,5.1,Metamorphic,MT,36.4,1630.7,NA,NA,NO_EVENT,NA,NA,NA,NA,NA,NA,NA,NA,NA,NA
NEG_1982,1:2,0,1,Garo Hills Block,25.556926,90.211097,5218.1,85.09,14.71,225.05,-0.004282,-0.000431,5.4667,19.0965,40,Cropland,0.659,24.6,46.5,1.33,5.1,Mixed Sedimentary,SM,2333.5,983.6,NA,NA,NO_EVENT,NA,NA,NA,NA,NA,NA,NA,NA,NA,NA
NEG_1983,1:2,0,5,Jaintia Hills Block,25.156227,92.644569,17839.2,676.65,23.99,166.21,-0.002007,0.001721,5.1739,19.0043,10,Tree cover,0.829,30.2,50.0,1.44,5.4,Siliciclastic Sedimentary,SS,16057.7,566.2,NA,NA,NO_EVENT,NA,NA,NA,NA,NA,NA,NA,NA,NA,NA
NEG_1984,1:2,0,4,Ri-Bhoi Block,25.673346,91.811445,5154.2,1649.76,28.51,313.05,-0.001404,-0.001641,4.4116,47.3257,10,Tree cover,0.668,27.2,38.1,1.28,4.3,Metamorphic,MT,2440.2,3384.8,NA,NA,NO_EVENT,NA,NA,NA,NA,NA,NA,NA,NA,NA,NA
NEG_1985,1:2,0,5,Jaintia Hills Block,25.453937,92.572392,7027.1,865.43,26.83,187.99,-0.002475,0.000454,4.8255,27.4349,10,Tree cover,0.684,32.2,38.9,1.36,4.6,Metamorphic,MT,2088.7,548.5,NA,NA,NO_EVENT,NA,NA,NA,NA,NA,NA,NA,NA,NA,NA
NEG_1986,1:2,0,4,Ri-Bhoi Block,25.708965,92.145968,2772.3,1443.10,29.87,221.49,-0.003139,-0.000604,4.4113,53.4680,10,Tree cover,0.683,27.6,46.9,1.28,4.8,Metamorphic,MT,199.4,3931.8,NA,NA,NO_EVENT,NA,NA,NA,NA,NA,NA,NA,NA,NA,NA
NEG_1987,1:2,0,5,Jaintia Hills Block,25.418047,92.728036,11839.8,624.24,30.58,161.94,0.003593,0.000575,4.6674,39.0443,10,Tree cover,0.703,33.4,44.5,1.37,4.9,Metamorphic,MT,724.5,4084.1,NA,NA,NO_EVENT,NA,NA,NA,NA,NA,NA,NA,NA,NA,NA
NEG_1988,1:2,0,4,Ri-Bhoi Block,25.906098,92.404543,23746.6,976.02,31.96,47.36,-0.001173,0.002294,4.8403,18.3548,10,Tree cover,0.798,33.7,39.7,1.33,4.6,Metamorphic,MT,723.8,155.2,NA,NA,NO_EVENT,NA,NA,NA,NA,NA,NA,NA,NA,NA,NA
NEG_1989,1:2,0,1,Garo Hills Block,25.205970,90.626438,748.3,25.00,30.99,82.75,-0.004061,-0.000418,4.7882,29.3679,10,Tree cover,0.818,29.3,53.1,1.43,5.0,Mixed Sedimentary,SM,431.2,641.0,NA,NA,NO_EVENT,NA,NA,NA,NA,NA,NA,NA,NA,NA,NA
NEG_1990,1:2,0,1,Garo Hills Block,25.328477,90.626273,9809.9,126.06,21.99,84.66,0.004145,0.000291,5.6113,44.3874,10,Tree cover,0.758,24.9,53.1,1.40,5.0,Mixed Sedimentary,SM,2778.5,3717.6,NA,NA,NO_EVENT,NA,NA,NA,NA,NA,NA,NA,NA,NA,NA
NEG_1991,1:2,0,1,Garo Hills Block,25.943841,89.897249,40478.3,25.00,17.13,47.43,-0.001828,0.000397,6.0165,18.8568,10,Tree cover,0.814,25.4,50.7,1.39,5.3,Mixed Sedimentary,SM,824.9,436.4,NA,NA,NO_EVENT,NA,NA,NA,NA,NA,NA,NA,NA,NA,NA
NEG_1992,1:2,0,1,Garo Hills Block,25.102188,90.635440,12017.3,93.77,22.84,269.06,0.002415,0.001551,5.0525,19.6051,10,Tree cover,0.828,30.1,53.1,1.44,5.1,Mixed Sedimentary,SM,263.4,85.4,NA,NA,NO_EVENT,NA,NA,NA,NA,NA,NA,NA,NA,NA,NA
NEG_1993,1:2,0,1,Garo Hills Block,25.235863,90.507172,12833.2,107.43,29.81,41.86,0.001986,0.001696,4.9584,37.3002,10,Tree cover,0.808,28.4,49.9,1.43,4.8,Mixed Sedimentary,SM,2007.0,1652.9,NA,NA,NO_EVENT,NA,NA,NA,NA,NA,NA,NA,NA,NA,NA
NEG_1994,1:2,0,4,Ri-Bhoi Block,25.881779,91.517536,6648.7,1141.47,25.81,121.10,-0.000403,-0.002254,5.3090,20.5476,10,Tree cover,0.786,33.0,46.2,1.32,5.1,Metamorphic,MT,439.9,1185.8,NA,NA,NO_EVENT,NA,NA,NA,NA,NA,NA,NA,NA,NA,NA
NEG_1995,1:2,0,2,West Khasi Block,25.026232,91.109434,19326.0,473.70,35.98,318.80,0.002296,-0.000216,3.7717,42.4582,10,Tree cover,0.765,28.3,48.7,1.43,5.1,Siliciclastic Sedimentary,SS,866.9,984.9,NA,NA,NO_EVENT,NA,NA,NA,NA,NA,NA,NA,NA,NA,NA
NEG_1996,1:2,0,1,Garo Hills Block,25.460516,90.147533,7654.7,66.67,27.87,187.83,-0.001854,-0.000921,4.7161,26.2396,10,Tree cover,0.680,22.5,49.3,1.36,5.2,Mixed Sedimentary,SM,232.5,500.0,NA,NA,NO_EVENT,NA,NA,NA,NA,NA,NA,NA,NA,NA,NA
NEG_1997,1:2,0,4,Ri-Bhoi Block,25.750233,91.941396,5621.2,1566.72,21.15,192.74,0.000593,-0.002590,5.2648,42.0884,10,Tree cover,0.706,28.5,41.0,1.28,4.5,Metamorphic,MT,301.5,4827.3,NA,NA,NO_EVENT,NA,NA,NA,NA,NA,NA,NA,NA,NA,NA
NEG_1998,1:2,0,4,Ri-Bhoi Block,25.798565,92.021836,2952.8,1499.14,17.41,159.20,-0.002505,0.001391,5.7537,31.9532,10,Tree cover,0.735,30.1,44.2,1.29,4.7,Metamorphic,MT,1278.7,3897.2,NA,NA,NO_EVENT,NA,NA,NA,NA,NA,NA,NA,NA,NA,NA
NEG_1999,1:2,0,5,Jaintia Hills Block,25.020057,92.709458,19828.1,419.47,34.39,223.62,-0.001157,-0.001957,3.8876,43.3813,10,Tree cover,0.803,28.1,47.2,1.43,5.4,Siliciclastic Sedimentary,SS,4019.5,1023.5,NA,NA,NO_EVENT,NA,NA,NA,NA,NA,NA,NA,NA,NA,NA
NEG_2000,1:2,0,4,Ri-Bhoi Block,25.899345,92.557144,32761.4,760.33,23.38,110.32,-0.000225,-0.002822,5.5226,18.6295,10,Tree cover,0.795,33.5,38.6,1.32,4.5,Metamorphic,MT,2591.5,4360.5,NA,NA,NO_EVENT,NA,NA,NA,NA,NA,NA,NA,NA,NA,NA
NEG_2001,1:2,0,5,Jaintia Hills Block,25.036895,92.648269,20369.6,489.47,34.65,220.47,0.002231,-0.001660,3.9007,38.0157,10,Tree cover,0.810,28.6,49.9,1.43,5.4,Siliciclastic Sedimentary,SS,3640.5,2295.5,NA,NA,NO_EVENT,NA,NA,NA,NA,NA,NA,NA,NA,NA,NA
NEG_2002,1:2,0,4,Ri-Bhoi Block,25.894572,92.353518,20286.6,1068.07,29.35,44.32,-0.000948,-0.000678,5.0409,19.2372,10,Tree cover,0.792,33.4,41.5,1.32,4.7,Metamorphic,MT,487.2,798.5,NA,NA,NO_EVENT,NA,NA,NA,NA,NA,NA,NA,NA,NA,NA
NEG_2003,1:2,0,5,Jaintia Hills Block,25.120750,92.053273,7468.1,1181.83,15.69,186.83,0.000170,-0.002847,5.6970,18.1727,10,Tree cover,0.830,38.0,24.4,1.32,5.9,Carbonate Sedimentary,SC,93.3,577.8,NA,NA,NO_EVENT,NA,NA,NA,NA,NA,NA,NA,NA,NA,NA
NEG_2004,1:2,0,4,Ri-Bhoi Block,26.056710,91.869569,2583.6,1168.27,34.42,40.12,0.004351,-0.000312,4.3200,51.0900,10,Tree cover,0.828,34.8,38.8,1.37,4.6,Metamorphic,MT,85.9,657.0,NA,NA,NO_EVENT,NA,NA,NA,NA,NA,NA,NA,NA,NA,NA
NEG_2005,1:2,0,5,Jaintia Hills Block,25.636206,92.684171,15170.6,667.17,34.86,223.56,0.000018,0.002951,3.8318,43.1013,10,Tree cover,0.657,27.3,42.8,1.29,4.8,Metamorphic,MT,2952.3,4282.0,NA,NA,NO_EVENT,NA,NA,NA,NA,NA,NA,NA,NA,NA,NA
NEG_2006,1:2,0,3,East Khasi Block,25.498372,91.627845,5092.0,1450.82,30.15,314.46,-0.001246,-0.001317,4.3911,19.6702,10,Tree cover,0.665,30.6,42.6,1.34,4.6,Metamorphic,MT,165.2,1097.4,NA,NA,NO_EVENT,NA,NA,NA,NA,NA,NA,NA,NA,NA,NA
NEG_2007,1:2,0,5,Jaintia Hills Block,25.534445,92.645181,10259.6,845.80,23.39,218.95,0.002068,-0.001712,4.8217,18.1454,10,Tree cover,0.655,29.4,41.3,1.33,4.7,Metamorphic,MT,906.9,203.7,NA,NA,NO_EVENT,NA,NA,NA,NA,NA,NA,NA,NA,NA,NA
NEG_2008,1:2,0,2,West Khasi Block,25.102172,91.328415,11638.6,868.23,24.26,206.40,0.002584,-0.001440,4.9388,19.7067,10,Tree cover,0.828,30.1,52.2,1.44,4.8,Siliciclastic Sedimentary,SS,42.0,1207.6,NA,NA,NO_EVENT,NA,NA,NA,NA,NA,NA,NA,NA,NA,NA
NEG_2009,1:2,0,4,Ri-Bhoi Block,25.761909,92.215315,8166.4,1293.26,19.42,5.08,-0.000091,-0.001558,5.4498,38.9848,10,Tree cover,0.713,28.9,46.2,1.28,5.1,Metamorphic,MT,524.6,5206.2,NA,NA,NO_EVENT,NA,NA,NA,NA,NA,NA,NA,NA,NA,NA
NEG_2010,1:2,0,5,Jaintia Hills Block,25.649660,92.572199,8994.6,904.65,26.83,240.90,-0.000870,-0.002437,4.4946,40.6139,10,Tree cover,0.660,27.2,38.9,1.29,4.6,Metamorphic,MT,953.0,3805.4,NA,NA,NO_EVENT,NA,NA,NA,NA,NA,NA,NA,NA,NA,NA
NEG_2011,1:2,0,1,Garo Hills Block,26.037351,89.996174,44798.3,102.12,27.84,74.24,-0.002530,0.001218,4.9207,40.2208,10,Tree cover,0.830,22.8,53.1,1.42,5.4,Mixed Sedimentary,SM,1548.9,362.9,NA,NA,NO_EVENT,NA,NA,NA,NA,NA,NA,NA,NA,NA,NA
NEG_2012,1:2,0,1,Garo Hills Block,25.454560,89.871550,13742.3,56.74,29.78,355.52,-0.004185,-0.000298,4.5870,28.3105,10,Tree cover,0.683,22.5,49.6,1.36,5.3,Mixed Sedimentary,SM,166.4,1449.2,NA,NA,NO_EVENT,NA,NA,NA,NA,NA,NA,NA,NA,NA,NA
NEG_2013,1:2,0,2,West Khasi Block,25.375770,91.437448,3032.3,1104.94,21.32,146.48,-0.000427,0.002671,5.5555,40.1790,10,Tree cover,0.728,25.7,52.2,1.32,4.8,Plutonic Acidic,PA,816.0,474.2,NA,NA,NO_EVENT,NA,NA,NA,NA,NA,NA,NA,NA,NA,NA
NEG_2014,1:2,0,4,Ri-Bhoi Block,26.003659,92.381991,15462.7,824.68,25.23,33.76,-0.000961,-0.001350,5.2440,30.0936,10,Tree cover,0.828,35.2,40.4,1.36,4.7,Metamorphic,MT,1641.2,3650.8,NA,NA,NO_EVENT,NA,NA,NA,NA,NA,NA,NA,NA,NA,NA
NEG_2015,1:2,0,1,Garo Hills Block,25.157700,90.083743,17003.8,43.84,24.75,160.49,-0.002657,-0.001011,5.1188,19.1684,10,Tree cover,0.829,30.2,51.8,1.44,5.3,Mixed Sedimentary,SM,2175.6,335.9,NA,NA,NO_EVENT,NA,NA,NA,NA,NA,NA,NA,NA,NA,NA
NEG_2016,1:2,0,4,Ri-Bhoi Block,25.656409,91.422960,10808.4,1119.46,32.24,220.89,0.000164,0.002590,4.0745,47.0344,10,Tree cover,0.662,27.2,46.7,1.29,5.1,Metamorphic,MT,1229.7,1283.2,NA,NA,NO_EVENT,NA,NA,NA,NA,NA,NA,NA,NA,NA,NA
NEG_2017,1:2,0,5,Jaintia Hills Block,25.307688,92.543332,4239.5,887.84,16.95,103.27,-0.000935,0.000977,6.0376,37.7495,10,Tree cover,0.771,25.7,53.0,1.41,5.3,Siliciclastic Sedimentary,SS,3691.5,796.2,NA,NA,NO_EVENT,NA,NA,NA,NA,NA,NA,NA,NA,NA,NA
NEG_2018,1:2,0,4,Ri-Bhoi Block,26.021556,91.027965,21413.7,486.17,23.26,35.78,-0.000426,0.002708,5.3437,33.1250,10,Tree cover,0.830,35.2,39.1,1.37,4.6,Metamorphic,MT,243.1,543.4,NA,NA,NO_EVENT,NA,NA,NA,NA,NA,NA,NA,NA,NA,NA
NEG_2019,1:2,0,1,Garo Hills Block,25.981527,90.971044,18608.0,514.78,14.35,74.89,0.003389,-0.000505,6.1743,22.0613,10,Tree cover,0.825,24.1,44.2,1.40,5.3,Mixed Sedimentary,SM,100.7,1134.1,NA,NA,NO_EVENT,NA,NA,NA,NA,NA,NA,NA,NA,NA,NA
NEG_2020,1:2,0,4,Ri-Bhoi Block,25.815762,91.251624,9012.7,821.34,20.72,77.41,-0.004311,0.000287,5.5505,31.2673,10,Tree cover,0.746,30.7,41.4,1.29,4.7,Metamorphic,MT,1509.9,5775.6,NA,NA,NO_EVENT,NA,NA,NA,NA,NA,NA,NA,NA,NA,NA
NEG_2021,1:2,0,5,Jaintia Hills Block,25.152390,92.630199,18703.9,680.63,22.18,167.66,-0.002171,0.001033,5.3037,18.6522,10,Tree cover,0.829,30.2,50.6,1.44,5.4,Siliciclastic Sedimentary,SS,14820.3,914.9,NA,NA,NO_EVENT,NA,NA,NA,NA,NA,NA,NA,NA,NA,NA
NEG_2022,1:2,0,5,Jaintia Hills Block,25.510424,92.040185,3666.9,1699.03,18.47,210.77,-0.000018,0.002932,5.2851,18.3183,10,Tree cover,0.661,30.2,44.8,1.34,4.7,Metamorphic,MT,9.7,1500.0,NA,NA,NO_EVENT,NA,NA,NA,NA,NA,NA,NA,NA,NA,NA
NEG_2023,1:2,0,1,Garo Hills Block,25.416548,89.857587,17611.2,25.00,29.28,16.69,-0.003555,0.000412,4.7772,38.5659,10,Tree cover,0.704,22.7,49.0,1.37,5.3,Mixed Sedimentary,SM,758.1,920.3,NA,NA,NO_EVENT,NA,NA,NA,NA,NA,NA,NA,NA,NA,NA
NEG_2024,1:2,0,2,West Khasi Block,25.128573,91.313469,10569.9,865.28,20.34,184.95,0.000235,-0.002661,5.3561,18.0271,10,Tree cover,0.830,30.3,52.5,1.44,4.8,Siliciclastic Sedimentary,SS,108.6,1645.2,NA,NA,NO_EVENT,NA,NA,NA,NA,NA,NA,NA,NA,NA,NA
NEG_2025,1:2,0,1,Garo Hills Block,25.765162,90.820943,5402.8,342.86,23.27,177.55,0.000339,0.002238,5.1548,42.6950,10,Tree cover,0.715,30.3,47.3,1.33,5.4,Mixed Sedimentary,SM,681.5,3184.5,NA,NA,NO_EVENT,NA,NA,NA,NA,NA,NA,NA,NA,NA,NA
NEG_2026,1:2,0,4,Ri-Bhoi Block,25.771128,91.930839,4981.9,1520.32,22.21,165.28,-0.000242,-0.002850,5.2634,40.7111,10,Tree cover,0.718,29.2,40.7,1.28,4.4,Metamorphic,MT,1464.7,7379.7,NA,NA,NO_EVENT,NA,NA,NA,NA,NA,NA,NA,NA,NA,NA
NEG_2027,1:2,0,4,Ri-Bhoi Block,25.780251,91.302192,15051.5,956.55,19.93,153.32,0.000431,0.002615,5.4819,37.0553,10,Tree cover,0.724,29.4,43.3,1.29,4.9,Metamorphic,MT,5810.8,520.7,NA,NA,NO_EVENT,NA,NA,NA,NA,NA,NA,NA,NA,NA,NA
NEG_2028,1:2,0,4,Ri-Bhoi Block,26.008077,91.292049,21399.3,875.99,21.18,114.53,0.000035,0.002976,5.5544,29.0380,10,Tree cover,0.829,35.2,42.9,1.36,4.8,Metamorphic,MT,40.6,1726.3,NA,NA,NO_EVENT,NA,NA,NA,NA,NA,NA,NA,NA,NA,NA
NEG_2029,1:2,0,1,Garo Hills Block,25.506286,90.408111,7091.9,58.78,21.24,323.87,-0.000074,-0.002944,5.0770,18.5938,10,Tree cover,0.662,23.2,45.7,1.34,4.8,Mixed Sedimentary,SM,300.8,3559.4,NA,NA,NO_EVENT,NA,NA,NA,NA,NA,NA,NA,NA,NA,NA
NEG_2030,1:2,0,1,Garo Hills Block,25.352267,89.929120,13582.4,46.66,14.27,49.22,-0.001450,0.001920,6.1829,34.5420,40,Cropland,0.510,24.1,51.8,1.40,5.4,Mixed Sedimentary,SM,1719.2,3110.0,NA,NA,NO_EVENT,NA,NA,NA,NA,NA,NA,NA,NA,NA,NA
NEG_2031,1:2,0,1,Garo Hills Block,25.704218,90.558034,15190.0,47.51,29.96,322.26,-0.002076,0.000406,4.3879,53.2462,10,Tree cover,0.681,29.7,51.8,1.32,4.9,Mixed Sedimentary,SM,6702.8,3333.7,NA,NA,NO_EVENT,NA,NA,NA,NA,NA,NA,NA,NA,NA,NA
NEG_2032,1:2,0,5,Jaintia Hills Block,25.348488,92.150984,4487.5,1413.11,24.10,122.01,0.002140,0.001577,5.4051,46.2292,10,Tree cover,0.745,34.9,46.9,1.38,4.8,Metamorphic,MT,558.8,147.2,NA,NA,NO_EVENT,NA,NA,NA,NA,NA,NA,NA,NA,NA,NA
NEG_2033,1:2,0,1,Garo Hills Block,25.373399,90.538697,15464.9,25.00,23.92,39.26,-0.000066,-0.002890,5.3546,43.2460,10,Tree cover,0.730,23.5,51.2,1.39,4.9,Mixed Sedimentary,SM,691.3,8567.9,NA,NA,NO_EVENT,NA,NA,NA,NA,NA,NA,NA,NA,NA,NA
NEG_2034,1:2,0,5,Jaintia Hills Block,25.202582,92.163318,1459.2,1167.04,32.86,122.63,-0.001338,-0.000503,4.6284,29.0810,10,Tree cover,0.819,41.2,26.6,1.34,5.6,Carbonate Sedimentary,SC,1190.9,1860.5,NA,NA,NO_EVENT,NA,NA,NA,NA,NA,NA,NA,NA,NA,NA
NEG_2035,1:2,0,2,West Khasi Block,25.160083,91.183949,5384.1,733.73,19.45,20.75,0.001151,0.002166,5.5520,19.0990,10,Tree cover,0.828,30.2,51.8,1.44,4.9,Siliciclastic Sedimentary,SS,36.6,180.1,NA,NA,NO_EVENT,NA,NA,NA,NA,NA,NA,NA,NA,NA,NA
NEG_2036,1:2,0,4,Ri-Bhoi Block,25.703946,92.272698,11913.9,1277.24,21.04,318.94,0.003121,0.000332,5.1006,42.7370,10,Tree cover,0.681,27.6,44.6,1.28,4.9,Metamorphic,MT,3522.9,807.6,NA,NA,NO_EVENT,NA,NA,NA,NA,NA,NA,NA,NA,NA,NA
NEG_2037,1:2,0,1,Garo Hills Block,25.068332,90.704144,17360.1,86.21,22.25,223.26,-0.004048,-0.000069,4.9798,24.4835,10,Tree cover,0.821,29.5,52.1,1.44,5.2,Mixed Sedimentary,SM,188.0,296.2,NA,NA,NO_EVENT,NA,NA,NA,NA,NA,NA,NA,NA,NA,NA
NEG_2038,1:2,0,1,Garo Hills Block,25.322545,90.245352,8195.7,48.21,18.82,125.87,-0.004455,-0.000044,5.8732,40.5221,10,Tree cover,0.762,25.1,45.3,1.41,5.0,Mixed Sedimentary,SM,2717.5,2709.4,NA,NA,NO_EVENT,NA,NA,NA,NA,NA,NA,NA,NA,NA,NA
NEG_2039,1:2,0,1,Garo Hills Block,25.332313,90.744784,8135.1,194.34,15.61,134.34,-0.004449,-0.000312,6.1156,36.7196,10,Tree cover,0.756,24.8,50.6,1.40,5.3,Mixed Sedimentary,SM,6332.5,4392.4,NA,NA,NO_EVENT,NA,NA,NA,NA,NA,NA,NA,NA,NA,NA
NEG_2040,1:2,0,3,East Khasi Block,25.583635,91.824299,1286.8,1751.40,21.34,302.47,0.003002,-0.000640,4.9010,23.1608,10,Tree cover,0.810,28.0,38.2,1.31,4.3,Metamorphic,MT,959.2,61.5,NA,NA,NO_EVENT,NA,NA,NA,NA,NA,NA,NA,NA,NA,NA
NEG_2041,1:2,0,3,East Khasi Block,25.431589,91.994384,2670.8,1607.56,26.47,169.90,0.004533,-0.000238,4.9434,32.7843,10,Tree cover,0.695,32.9,43.1,1.36,4.6,Metamorphic,MT,98.9,716.9,NA,NA,NO_EVENT,NA,NA,NA,NA,NA,NA,NA,NA,NA,NA
NEG_2042,1:2,0,1,Garo Hills Block,25.383059,90.685365,1402.0,204.64,19.07,129.03,-0.000058,0.002667,5.7128,36.8769,10,Tree cover,0.724,23.3,52.5,1.38,5.2,Mixed Sedimentary,SM,121.4,3264.4,NA,NA,NO_EVENT,NA,NA,NA,NA,NA,NA,NA,NA,NA,NA
NEG_2043,1:2,0,1,Garo Hills Block,25.604483,89.872335,11458.3,44.23,23.94,314.25,0.002940,0.001158,4.6848,28.0354,10,Tree cover,0.651,26.4,49.6,1.32,5.3,Mixed Sedimentary,SM,848.5,360.8,NA,NA,NO_EVENT,NA,NA,NA,NA,NA,NA,NA,NA,NA,NA
NEG_2044,1:2,0,2,West Khasi Block,25.106172,91.074807,10084.0,527.96,24.45,344.57,0.002181,-0.001669,4.9390,19.3057,10,Tree cover,0.828,30.2,47.2,1.44,5.2,Siliciclastic Sedimentary,SS,126.8,19.6,NA,NA,NO_EVENT,NA,NA,NA,NA,NA,NA,NA,NA,NA,NA
NEG_2045,1:2,0,4,Ri-Bhoi Block,26.038346,92.000611,1311.4,1113.04,23.36,157.88,-0.002818,0.000863,5.2754,36.8550,10,Tree cover,0.830,35.0,43.4,1.37,4.9,Metamorphic,MT,33.6,6386.5,NA,NA,NO_EVENT,NA,NA,NA,NA,NA,NA,NA,NA,NA,NA
NEG_2046,1:2,0,5,Jaintia Hills Block,25.115177,92.381270,775.6,893.70,23.25,349.92,0.001904,0.001208,5.0701,18.5473,10,Tree cover,0.829,37.8,31.9,1.32,5.5,Carbonate Sedimentary,SC,387.7,249.3,NA,NA,NO_EVENT,NA,NA,NA,NA,NA,NA,NA,NA,NA,NA
NEG_2047,1:2,0,4,Ri-Bhoi Block,25.810885,91.663387,847.1,1385.83,28.00,32.24,0.000975,-0.000938,4.9512,37.2321,10,Tree cover,0.743,30.5,41.2,1.29,4.7,Metamorphic,MT,477.1,2421.6,NA,NA,NO_EVENT,NA,NA,NA,NA,NA,NA,NA,NA,NA,NA
NEG_2048,1:2,0,4,Ri-Bhoi Block,25.905916,91.032535,8620.5,565.17,26.17,53.26,0.000617,-0.002564,5.3034,18.2993,10,Tree cover,0.798,33.7,39.0,1.33,4.6,Metamorphic,MT,42.5,5560.3,NA,NA,NO_EVENT,NA,NA,NA,NA,NA,NA,NA,NA,NA,NA
NEG_2049,1:2,0,2,West Khasi Block,25.259221,91.361671,2329.6,1036.85,34.71,131.13,0.000101,-0.000311,4.6046,47.9386,10,Tree cover,0.797,27.6,51.1,1.42,4.8,Siliciclastic Sedimentary,SS,767.7,279.9,NA,NA,NO_EVENT,NA,NA,NA,NA,NA,NA,NA,NA,NA,NA
NEG_2050,1:2,0,2,West Khasi Block,25.612749,91.441895,6357.0,1216.92,25.55,225.56,-0.001376,0.002173,4.5575,30.6782,10,Tree cover,0.652,27.5,46.9,1.30,5.1,Metamorphic,MT,568.2,42.3,NA,NA,NO_EVENT,NA,NA,NA,NA,NA,NA,NA,NA,NA,NA
NEG_2051,1:2,0,5,Jaintia Hills Block,25.630280,92.693550,15715.8,665.14,33.87,224.39,-0.000257,0.002724,3.9042,40.4849,10,Tree cover,0.655,27.3,43.2,1.29,4.8,Metamorphic,MT,3759.5,3454.7,NA,NA,NO_EVENT,NA,NA,NA,NA,NA,NA,NA,NA,NA,NA
NEG_2052,1:2,0,4,Ri-Bhoi Block,25.994425,92.470937,24138.0,862.18,21.63,56.95,0.001965,-0.001148,5.5587,26.5252,10,Tree cover,0.827,35.2,38.3,1.36,4.5,Metamorphic,MT,1467.5,1805.8,NA,NA,NO_EVENT,NA,NA,NA,NA,NA,NA,NA,NA,NA,NA
NEG_2053,1:2,0,4,Ri-Bhoi Block,25.885530,92.677456,22778.4,690.35,34.98,136.55,-0.000002,0.002998,4.5805,20.7925,10,Tree cover,0.788,33.1,42.5,1.32,4.8,Metamorphic,MT,832.6,987.4,NA,NA,NO_EVENT,NA,NA,NA,NA,NA,NA,NA,NA,NA,NA
NEG_2054,1:2,0,1,Garo Hills Block,25.126374,90.608626,9620.7,54.33,23.16,346.26,0.000786,0.000376,5.1217,18.0720,10,Tree cover,0.830,30.3,52.9,1.44,5.0,Mixed Sedimentary,SM,378.6,52.1,NA,NA,NO_EVENT,NA,NA,NA,NA,NA,NA,NA,NA,NA,NA
NEG_2055,1:2,0,5,Jaintia Hills Block,25.554660,92.381930,4497.7,1213.05,22.52,318.10,0.004003,-0.000597,4.8461,19.4500,10,Tree cover,0.652,28.8,40.4,1.32,4.7,Metamorphic,MT,1157.6,310.3,NA,NA,NO_EVENT,NA,NA,NA,NA,NA,NA,NA,NA,NA,NA
NEG_2056,1:2,0,5,Jaintia Hills Block,25.565579,92.081506,2480.5,1613.81,18.75,224.41,0.003604,0.000355,5.1291,20.2413,10,Tree cover,0.651,28.5,46.0,1.31,4.8,Metamorphic,MT,648.0,1742.7,NA,NA,NO_EVENT,NA,NA,NA,NA,NA,NA,NA,NA,NA,NA
NEG_2057,1:2,0,1,Garo Hills Block,25.170077,90.569862,7699.0,29.65,27.15,31.05,-0.002677,-0.001332,4.9739,20.8211,10,Tree cover,0.827,30.0,52.2,1.44,4.9,Mixed Sedimentary,SM,500.9,155.7,NA,NA,NO_EVENT,NA,NA,NA,NA,NA,NA,NA,NA,NA,NA
NEG_2058,1:2,0,1,Garo Hills Block,25.810318,90.302439,13955.5,25.00,28.97,111.10,0.001513,0.000946,4.8716,38.0542,10,Tree cover,0.743,29.8,44.2,1.34,4.9,Mixed Sedimentary,SM,4313.5,9366.2,NA,NA,NO_EVENT,NA,NA,NA,NA,NA,NA,NA,NA,NA,NA
NEG_2059,1:2,0,1,Garo Hills Block,25.399464,90.607842,8353.1,115.73,29.99,59.62,-0.001866,0.000299,4.7835,43.7367,10,Tree cover,0.714,22.9,52.9,1.38,5.0,Mixed Sedimentary,SM,1896.3,8246.0,NA,NA,NO_EVENT,NA,NA,NA,NA,NA,NA,NA,NA,NA,NA
NEG_2060,1:2,0,3,East Khasi Block,25.397851,91.960388,3048.8,1622.76,25.19,143.43,0.001359,0.001677,5.1732,39.9675,10,Tree cover,0.715,33.9,41.8,1.37,4.5,Metamorphic,MT,1895.4,695.7,NA,NA,NO_EVENT,NA,NA,NA,NA,NA,NA,NA,NA,NA,NA
NEG_2061,1:2,0,2,West Khasi Block,25.417275,91.493553,2937.7,1272.90,23.82,158.57,0.003567,-0.000519,5.2112,34.5669,10,Tree cover,0.703,25.2,51.6,1.32,4.7,Plutonic Acidic,PA,667.4,374.0,NA,NA,NO_EVENT,NA,NA,NA,NA,NA,NA,NA,NA,NA,NA
NEG_2062,1:2,0,5,Jaintia Hills Block,25.127926,92.255304,1377.5,1063.76,15.22,354.22,-0.000540,-0.001305,5.7631,18.0271,10,Tree cover,0.830,38.3,30.0,1.32,5.4,Carbonate Sedimentary,SC,1024.5,679.6,NA,NA,NO_EVENT,NA,NA,NA,NA,NA,NA,NA,NA,NA,NA
NEG_2063,1:2,0,3,East Khasi Block,25.419480,91.778029,1252.1,1589.56,24.51,16.63,0.001797,-0.001682,5.1475,34.5332,60,Bare / sparse vegetation,0.245,33.3,38.2,1.37,4.3,Metamorphic,MT,19.5,701.7,NA,NA,NO_EVENT,NA,NA,NA,NA,NA,NA,NA,NA,NA,NA
NEG_2064,1:2,0,1,Garo Hills Block,25.803421,90.439466,1493.3,90.82,18.44,23.91,-0.002500,-0.001204,5.6892,31.9586,10,Tree cover,0.738,30.0,46.9,1.34,4.8,Mixed Sedimentary,SM,69.4,1913.2,NA,NA,NO_EVENT,NA,NA,NA,NA,NA,NA,NA,NA,NA,NA
NEG_2065,1:2,0,4,Ri-Bhoi Block,25.975449,91.679484,5641.2,1156.43,20.91,44.59,0.000774,-0.001775,5.6633,22.9150,10,Tree cover,0.823,35.1,40.6,1.35,4.7,Metamorphic,MT,5413.8,8093.8,NA,NA,NO_EVENT,NA,NA,NA,NA,NA,NA,NA,NA,NA,NA
NEG_2066,1:2,0,1,Garo Hills Block,25.483023,90.356122,7895.3,25.00,31.12,314.39,-0.003081,-0.000230,4.3690,22.1376,10,Tree cover,0.671,22.8,44.4,1.35,4.8,Mixed Sedimentary,SM,3458.7,2399.9,NA,NA,NO_EVENT,NA,NA,NA,NA,NA,NA,NA,NA,NA,NA
NEG_2067,1:2,0,4,Ri-Bhoi Block,26.037685,92.102958,7646.2,1072.24,29.35,156.82,0.002889,0.000513,4.7986,41.5148,10,Tree cover,0.830,35.0,46.5,1.37,5.1,Metamorphic,MT,3692.0,2317.2,NA,NA,NO_EVENT,NA,NA,NA,NA,NA,NA,NA,NA,NA,NA
NEG_2068,1:2,0,1,Garo Hills Block,25.244667,90.830018,14472.5,367.52,35.57,135.91,-0.001369,0.001644,4.5143,43.9996,10,Tree cover,0.857,28.1,46.9,1.43,5.4,Mixed Sedimentary,SM,5885.0,3767.4,NA,NA,NO_EVENT,NA,NA,NA,NA,NA,NA,NA,NA,NA,NA
NEG_2069,1:2,0,4,Ri-Bhoi Block,25.894448,91.921817,5229.8,1332.32,32.65,107.03,-0.000028,0.002943,4.7768,19.3906,10,Tree cover,0.792,33.4,40.3,1.32,4.7,Metamorphic,MT,46.0,8296.5,NA,NA,NO_EVENT,NA,NA,NA,NA,NA,NA,NA,NA,NA,NA
NEG_2070,1:2,0,4,Ri-Bhoi Block,25.847047,91.145663,1978.5,800.20,33.00,39.38,0.002307,0.001369,4.6631,29.4863,10,Tree cover,0.766,31.8,38.4,1.30,4.5,Metamorphic,MT,480.6,691.3,NA,NA,NO_EVENT,NA,NA,NA,NA,NA,NA,NA,NA,NA,NA
NEG_2071,1:2,0,1,Garo Hills Block,25.793794,90.978806,3198.3,500.08,16.69,47.69,-0.003647,-0.000088,5.7934,32.0856,10,Tree cover,0.732,30.1,44.3,1.34,5.3,Mixed Sedimentary,SM,686.1,7293.4,NA,NA,NO_EVENT,NA,NA,NA,NA,NA,NA,NA,NA,NA,NA
NEG_2072,1:2,0,3,East Khasi Block,25.248164,91.729665,949.7,1440.53,27.02,42.48,0.001257,-0.000350,5.2042,38.6294,10,Tree cover,0.802,28.0,48.4,1.43,5.1,Siliciclastic Sedimentary,SS,271.0,840.5,NA,NA,NO_EVENT,NA,NA,NA,NA,NA,NA,NA,NA,NA,NA
NEG_2073,1:2,0,1,Garo Hills Block,26.074095,90.747333,40071.1,101.54,27.56,179.29,-0.004493,0.000037,4.7997,47.7370,10,Tree cover,0.826,22.5,50.5,1.43,5.3,Mixed Sedimentary,SM,525.8,142.3,NA,NA,NO_EVENT,NA,NA,NA,NA,NA,NA,NA,NA,NA,NA
NEG_2074,1:2,0,3,East Khasi Block,25.517847,91.855704,3752.6,1730.28,25.08,298.33,0.001001,0.000327,4.7330,18.1109,60,Bare / sparse vegetation,0.160,23.0,61.0,1.31,4.6,Plutonic Acidic,PA,16.7,489.8,NA,NA,NO_EVENT,NA,NA,NA,NA,NA,NA,NA,NA,NA,NA
NEG_2075,1:2,0,5,Jaintia Hills Block,25.604827,92.372455,6288.2,1154.89,27.75,314.87,0.003360,0.000516,4.3800,29.7198,10,Tree cover,0.651,27.6,40.8,1.30,4.7,Metamorphic,MT,3815.0,2123.1,NA,NA,NO_EVENT,NA,NA,NA,NA,NA,NA,NA,NA,NA,NA
NEG_2076,1:2,0,1,Garo Hills Block,25.842682,89.977806,27486.9,25.00,27.77,68.69,-0.004449,-0.000088,5.0698,28.7382,10,Tree cover,0.763,29.1,52.9,1.35,5.4,Mixed Sedimentary,SM,1662.6,691.3,NA,NA,NO_EVENT,NA,NA,NA,NA,NA,NA,NA,NA,NA,NA
NEG_2077,1:2,0,4,Ri-Bhoi Block,26.098295,92.094827,12842.2,1048.40,30.44,194.33,0.003832,-0.000662,4.4733,53.9183,10,Tree cover,0.820,33.9,46.3,1.38,5.1,Metamorphic,MT,538.3,5619.7,NA,NA,NO_EVENT,NA,NA,NA,NA,NA,NA,NA,NA,NA,NA
NEG_2078,1:2,0,4,Ri-Bhoi Block,25.953016,91.786153,6294.0,1242.71,15.71,47.22,0.001375,0.000249,6.1191,19.4299,10,Tree cover,0.817,34.8,38.2,1.34,4.5,Metamorphic,MT,1118.1,2436.7,NA,NA,NO_EVENT,NA,NA,NA,NA,NA,NA,NA,NA,NA,NA
NEG_2079,1:2,0,1,Garo Hills Block,25.944788,90.142768,30781.5,25.00,18.57,135.40,-0.002482,0.000309,5.9003,18.9975,10,Tree cover,0.814,25.4,49.5,1.39,5.2,Mixed Sedimentary,SM,86.0,2040.5,NA,NA,NO_EVENT,NA,NA,NA,NA,NA,NA,NA,NA,NA,NA
NEG_2080,1:2,0,5,Jaintia Hills Block,25.395557,92.473084,4761.1,1035.10,26.08,47.42,0.001313,0.001081,5.1101,41.2506,10,Tree cover,0.716,34.0,38.3,1.37,4.5,Metamorphic,MT,465.1,2110.8,NA,NA,NO_EVENT,NA,NA,NA,NA,NA,NA,NA,NA,NA,NA
NEG_2081,1:2,0,1,Garo Hills Block,25.237788,90.038638,16143.0,25.00,35.42,109.93,-0.000037,0.002610,4.5135,41.5839,10,Tree cover,0.855,28.3,52.9,1.43,5.4,Mixed Sedimentary,SM,241.0,4374.4,NA,NA,NO_EVENT,NA,NA,NA,NA,NA,NA,NA,NA,NA,NA
NEG_2082,1:2,0,4,Ri-Bhoi Block,25.871168,92.348233,19514.3,1120.80,30.74,42.03,0.001771,-0.000990,4.8975,22.9680,10,Tree cover,0.780,32.6,41.7,1.31,4.7,Metamorphic,MT,345.8,2320.8,NA,NA,NO_EVENT,NA,NA,NA,NA,NA,NA,NA,NA,NA,NA
NEG_2083,1:2,0,5,Jaintia Hills Block,25.195664,92.405755,2910.7,1015.24,31.74,32.91,-0.002386,-0.000006,4.6962,26.8632,10,Tree cover,0.821,41.0,31.7,1.34,5.6,Carbonate Sedimentary,SC,92.0,1960.7,NA,NA,NO_EVENT,NA,NA,NA,NA,NA,NA,NA,NA,NA,NA
NEG_2084,1:2,0,4,Ri-Bhoi Block,25.761709,91.386252,12086.3,1098.75,23.53,179.61,0.000061,-0.001974,5.1202,43.4529,10,Tree cover,0.713,28.9,46.1,1.28,5.0,Metamorphic,MT,5773.2,3102.1,NA,NA,NO_EVENT,NA,NA,NA,NA,NA,NA,NA,NA,NA,NA
NEG_2085,1:2,0,4,Ri-Bhoi Block,25.916670,91.078710,10056.2,618.45,29.22,46.09,-0.002631,-0.001394,5.0624,18.0048,10,Tree cover,0.803,34.0,38.2,1.33,4.5,Metamorphic,MT,503.6,3482.7,NA,NA,NO_EVENT,NA,NA,NA,NA,NA,NA,NA,NA,NA,NA
NEG_2086,1:2,0,1,Garo Hills Block,25.229513,90.668801,3138.9,34.07,28.44,111.96,0.000201,-0.002247,5.0542,34.6811,10,Tree cover,0.810,28.6,52.8,1.43,5.1,Mixed Sedimentary,SM,1453.3,98.1,NA,NA,NO_EVENT,NA,NA,NA,NA,NA,NA,NA,NA,NA,NA
NEG_2087,1:2,0,2,West Khasi Block,25.565577,91.420559,4836.1,1265.47,21.04,222.84,-0.000026,-0.000521,4.9459,20.5149,10,Tree cover,0.651,28.5,46.7,1.31,5.1,Metamorphic,MT,78.1,943.9,NA,NA,NO_EVENT,NA,NA,NA,NA,NA,NA,NA,NA,NA,NA
NEG_2088,1:2,0,4,Ri-Bhoi Block,25.890027,92.213626,6612.8,1138.34,30.10,85.32,0.000343,0.001659,4.9763,19.7963,10,Tree cover,0.790,33.2,46.3,1.32,5.1,Metamorphic,MT,4062.9,473.3,NA,NA,NO_EVENT,NA,NA,NA,NA,NA,NA,NA,NA,NA,NA
NEG_2089,1:2,0,5,Jaintia Hills Block,25.647876,92.181396,3754.3,1464.15,34.72,255.09,0.000270,0.002811,3.8603,46.7169,10,Tree cover,0.660,27.2,46.8,1.29,4.8,Metamorphic,MT,72.3,865.2,NA,NA,NO_EVENT,NA,NA,NA,NA,NA,NA,NA,NA,NA,NA
NEG_2090,1:2,0,1,Garo Hills Block,25.227115,89.952697,20305.1,25.00,26.56,57.62,0.002981,-0.001136,5.1991,32.9675,10,Tree cover,0.811,28.7,52.5,1.43,5.4,Mixed Sedimentary,SM,1470.5,4191.1,NA,NA,NO_EVENT,NA,NA,NA,NA,NA,NA,NA,NA,NA,NA
NEG_2091,1:2,0,1,Garo Hills Block,25.963525,90.030441,35907.9,104.53,23.00,104.71,0.000888,0.001008,5.5195,21.4814,10,Tree cover,0.820,24.7,53.0,1.40,5.4,Mixed Sedimentary,SM,3606.7,6130.6,NA,NA,NO_EVENT,NA,NA,NA,NA,NA,NA,NA,NA,NA,NA
NEG_2092,1:2,0,3,East Khasi Block,25.286424,91.920723,1365.3,1471.80,29.44,106.04,0.000183,-0.002290,5.0446,49.3693,10,Tree cover,0.783,26.5,52.9,1.42,5.0,Siliciclastic Sedimentary,SS,674.1,1440.5,NA,NA,NO_EVENT,NA,NA,NA,NA,NA,NA,NA,NA,NA,NA
NEG_2093,1:2,0,5,Jaintia Hills Block,25.462204,92.472758,4544.5,996.04,31.32,341.45,0.004284,-0.000429,4.4334,26.8257,10,Tree cover,0.680,31.9,38.3,1.35,4.5,Metamorphic,MT,1360.0,448.0,NA,NA,NO_EVENT,NA,NA,NA,NA,NA,NA,NA,NA,NA,NA
NEG_2094,1:2,0,1,Garo Hills Block,25.341818,89.836208,22951.3,25.00,21.96,41.21,0.004113,-0.000483,5.5903,44.0797,10,Tree cover,0.750,24.5,48.0,1.40,5.3,Mixed Sedimentary,SM,266.0,1005.6,NA,NA,NO_EVENT,NA,NA,NA,NA,NA,NA,NA,NA,NA,NA
NEG_2095,1:2,0,2,West Khasi Block,25.344708,91.563129,3756.0,1394.01,18.87,99.48,0.001728,-0.001511,5.8316,40.2924,10,Tree cover,0.748,35.0,45.0,1.38,5.0,Metamorphic,MT,2281.7,1885.3,NA,NA,NO_EVENT,NA,NA,NA,NA,NA,NA,NA,NA,NA,NA
NEG_2096,1:2,0,2,West Khasi Block,25.426013,91.431362,2587.9,1164.71,30.11,168.22,0.001178,0.001440,4.6741,36.4279,10,Tree cover,0.698,33.1,46.8,1.37,5.1,Metamorphic,MT,210.4,2297.4,NA,NA,NO_EVENT,NA,NA,NA,NA,NA,NA,NA,NA,NA,NA
NEG_2097,1:2,0,4,Ri-Bhoi Block,25.966726,92.583079,28338.6,727.01,15.88,123.74,-0.003242,0.000875,6.0833,20.7369,10,Tree cover,0.821,35.0,39.2,1.35,4.6,Metamorphic,MT,69.5,415.1,NA,NA,NO_EVENT,NA,NA,NA,NA,NA,NA,NA,NA,NA,NA
NEG_2098,1:2,0,2,West Khasi Block,25.307252,91.209528,2561.1,865.53,18.06,62.54,-0.003985,-0.000544,5.9491,39.0172,10,Tree cover,0.771,25.7,52.5,1.41,4.9,Siliciclastic Sedimentary,SS,1176.2,4143.5,NA,NA,NO_EVENT,NA,NA,NA,NA,NA,NA,NA,NA,NA,NA
NEG_2099,1:2,0,5,Jaintia Hills Block,25.613076,92.694793,15133.7,691.47,31.17,225.34,-0.001140,0.002297,4.1081,33.5632,10,Tree cover,0.652,27.5,43.2,1.30,4.8,Metamorphic,MT,4044.5,1538.4,NA,NA,NO_EVENT,NA,NA,NA,NA,NA,NA,NA,NA,NA,NA
NEG_2100,1:2,0,1,Garo Hills Block,26.098507,90.517992,35179.6,71.53,29.70,345.93,-0.002246,-0.001391,4.5317,53.0605,10,Tree cover,0.820,22.6,50.4,1.43,4.9,Mixed Sedimentary,SM,798.6,8277.1,NA,NA,NO_EVENT,NA,NA,NA,NA,NA,NA,NA,NA,NA,NA
NEG_2101,1:2,0,1,Garo Hills Block,25.805138,90.952995,5735.3,438.54,19.22,84.80,-0.003445,-0.000861,5.6331,32.2421,10,Tree cover,0.739,29.9,44.1,1.34,5.4,Mixed Sedimentary,SM,1550.8,6418.4,NA,NA,NO_EVENT,NA,NA,NA,NA,NA,NA,NA,NA,NA,NA
NEG_2102,1:2,0,1,Garo Hills Block,25.028757,89.828220,45661.6,25.00,34.67,318.58,0.002221,0.001306,3.8815,40.7328,10,Tree cover,0.807,28.4,47.6,1.43,5.2,Mixed Sedimentary,SM,231.4,715.0,NA,NA,NO_EVENT,NA,NA,NA,NA,NA,NA,NA,NA,NA,NA
NEG_2103,1:2,0,2,West Khasi Block,25.517411,91.289421,563.3,949.25,20.34,248.25,-0.000125,0.002919,5.1136,18.1006,10,Tree cover,0.659,29.9,42.8,1.33,4.8,Metamorphic,MT,169.5,1458.8,NA,NA,NO_EVENT,NA,NA,NA,NA,NA,NA,NA,NA,NA,NA
NEG_2104,1:2,0,3,East Khasi Block,25.044375,91.895129,17610.8,1224.96,35.27,267.38,0.002577,-0.001371,3.8692,35.8544,10,Tree cover,0.771,39.6,22.1,1.31,5.6,Volcanic Basic,VB,594.9,287.6,NA,NA,NO_EVENT,NA,NA,NA,NA,NA,NA,NA,NA,NA,NA
NEG_2105,1:3,0,2,West Khasi Block,25.337524,91.507674,4670.6,1261.96,14.17,125.87,-0.003757,-0.000683,6.2217,34.9267,10,Tree cover,0.752,25.9,51.6,1.32,4.7,Plutonic Acidic,PA,49.8,2030.0,NA,NA,NO_EVENT,NA,NA,NA,NA,NA,NA,NA,NA,NA,NA
NEG_2106,1:3,0,1,Garo Hills Block,25.344993,90.309760,13891.0,119.05,23.85,97.36,0.002022,-0.001465,5.4327,46.1593,10,Tree cover,0.748,24.4,44.1,1.40,4.9,Mixed Sedimentary,SM,107.0,132.0,NA,NA,NO_EVENT,NA,NA,NA,NA,NA,NA,NA,NA,NA,NA
NEG_2107,1:3,0,1,Garo Hills Block,25.459748,90.508434,16179.5,62.69,29.52,352.35,0.003425,0.000655,4.5872,26.9157,10,Tree cover,0.681,22.5,50.0,1.36,4.8,Mixed Sedimentary,SM,2617.1,2482.5,NA,NA,NO_EVENT,NA,NA,NA,NA,NA,NA,NA,NA,NA,NA
NEG_2108,1:3,0,1,Garo Hills Block,25.597585,90.406427,5551.1,46.53,21.53,307.13,0.000866,0.001716,4.8784,25.6921,10,Tree cover,0.651,26.2,45.7,1.32,4.8,Mixed Sedimentary,SM,3981.0,4635.0,NA,NA,NO_EVENT,NA,NA,NA,NA,NA,NA,NA,NA,NA,NA
NEG_2109,1:3,0,1,Garo Hills Block,25.569078,90.280004,3581.5,25.00,22.59,247.12,-0.001156,0.000254,4.8169,21.1717,10,Tree cover,0.650,25.1,44.5,1.33,5.0,Mixed Sedimentary,SM,1499.6,1362.3,NA,NA,NO_EVENT,NA,NA,NA,NA,NA,NA,NA,NA,NA,NA
NEG_2110,1:3,0,4,Ri-Bhoi Block,25.744653,92.099510,864.7,1424.85,21.08,190.59,-0.001905,0.000812,5.2483,42.4592,10,Tree cover,0.703,28.4,46.4,1.28,4.8,Metamorphic,MT,349.8,1321.3,NA,NA,NO_EVENT,NA,NA,NA,NA,NA,NA,NA,NA,NA,NA
NEG_2111,1:3,0,2,West Khasi Block,25.139226,91.226797,6907.1,761.53,14.26,10.30,0.000801,0.000373,5.8851,18.0460,10,Tree cover,0.830,30.3,52.8,1.44,4.9,Siliciclastic Sedimentary,SS,70.0,789.7,NA,NA,NO_EVENT,NA,NA,NA,NA,NA,NA,NA,NA,NA,NA
NEG_2112,1:3,0,2,West Khasi Block,25.305557,91.409255,4140.2,1081.73,25.01,135.18,0.001265,-0.001102,5.3943,46.9607,10,Tree cover,0.772,25.8,49.1,1.41,4.8,Siliciclastic Sedimentary,SS,1060.6,4287.8,NA,NA,NO_EVENT,NA,NA,NA,NA,NA,NA,NA,NA,NA,NA
NEG_2113,1:3,0,5,Jaintia Hills Block,25.578858,92.619281,6876.2,830.79,21.82,229.13,0.004898,0.000060,4.8670,22.4976,10,Tree cover,0.650,28.1,40.3,1.31,4.7,Metamorphic,MT,4615.8,1237.0,NA,NA,NO_EVENT,NA,NA,NA,NA,NA,NA,NA,NA,NA,NA
NEG_2114,1:3,0,2,West Khasi Block,25.613010,91.578145,3922.0,1433.56,28.23,270.41,0.001910,-0.001765,4.3432,32.0777,10,Tree cover,0.652,27.5,44.5,1.30,4.7,Metamorphic,MT,618.0,5133.1,NA,NA,NO_EVENT,NA,NA,NA,NA,NA,NA,NA,NA,NA,NA
NEG_2115,1:3,0,5,Jaintia Hills Block,25.453785,92.694693,12140.7,712.45,35.43,184.00,0.002110,-0.000464,4.1381,30.5061,10,Tree cover,0.843,32.2,43.2,1.36,4.8,Metamorphic,MT,1007.9,4685.4,NA,NA,NO_EVENT,NA,NA,NA,NA,NA,NA,NA,NA,NA,NA
NEG_2116,1:3,0,1,Garo Hills Block,25.859361,90.670486,21994.9,42.72,28.32,112.69,-0.000325,0.002313,5.0673,24.9766,10,Tree cover,0.773,28.6,52.8,1.36,5.1,Mixed Sedimentary,SM,327.7,127.5,NA,NA,NO_EVENT,NA,NA,NA,NA,NA,NA,NA,NA,NA,NA
NEG_2117,1:3,0,4,Ri-Bhoi Block,25.931746,91.118809,10433.0,635.70,27.39,44.96,-0.004290,0.000401,5.2051,18.3879,10,Tree cover,0.809,34.4,38.1,1.34,4.5,Metamorphic,MT,1304.7,199.7,NA,NA,NO_EVENT,NA,NA,NA,NA,NA,NA,NA,NA,NA,NA
NEG_2118,1:3,0,4,Ri-Bhoi Block,25.914961,92.309809,16586.3,1063.24,21.48,49.20,-0.000788,-0.002215,5.6814,18.0167,10,Tree cover,0.802,33.9,43.2,1.33,4.8,Metamorphic,MT,1714.9,3533.3,NA,NA,NO_EVENT,NA,NA,NA,NA,NA,NA,NA,NA,NA,NA
NEG_2119,1:3,0,3,East Khasi Block,25.223980,91.938480,2524.7,1337.62,32.67,119.74,0.001431,-0.001811,4.7028,35.4310,10,Tree cover,0.812,28.8,52.6,1.43,5.2,Siliciclastic Sedimentary,SS,468.0,643.4,NA,NA,NO_EVENT,NA,NA,NA,NA,NA,NA,NA,NA,NA,NA
NEG_2120,1:3,0,1,Garo Hills Block,25.333894,90.707353,6957.8,188.68,14.24,126.22,-0.004061,0.000485,6.2226,35.0628,40,Cropland,0.512,24.7,52.0,1.40,5.2,Mixed Sedimentary,SM,3122.8,2341.4,NA,NA,NO_EVENT,NA,NA,NA,NA,NA,NA,NA,NA,NA,NA
NEG_2121,1:3,0,1,Garo Hills Block,25.268212,89.802763,28797.2,66.12,33.58,47.58,0.000474,0.002679,4.7043,49.4701,10,Tree cover,0.792,27.2,46.6,1.42,5.2,Mixed Sedimentary,SM,1255.2,374.2,NA,NA,NO_EVENT,NA,NA,NA,NA,NA,NA,NA,NA,NA,NA
NEG_2122,1:3,0,1,Garo Hills Block,25.792456,90.322113,11805.8,25.00,26.47,87.54,0.002580,0.001450,5.0059,40.6488,10,Tree cover,0.732,30.1,44.1,1.34,4.9,Mixed Sedimentary,SM,2359.1,8718.0,NA,NA,NO_EVENT,NA,NA,NA,NA,NA,NA,NA,NA,NA,NA
NEG_2123,1:3,0,1,Garo Hills Block,25.132841,90.524424,13844.8,45.10,19.87,0.06,0.000005,-0.002755,5.4108,18.0000,10,Tree cover,0.830,30.3,50.6,1.44,4.9,Mixed Sedimentary,SM,385.8,1004.6,NA,NA,NO_EVENT,NA,NA,NA,NA,NA,NA,NA,NA,NA,NA
NEG_2124,1:3,0,2,West Khasi Block,25.430293,91.251514,8402.7,981.26,25.57,54.65,0.004033,-0.000571,5.0205,32.5992,10,Tree cover,0.696,33.0,41.4,1.36,4.7,Metamorphic,MT,1568.4,189.8,NA,NA,NO_EVENT,NA,NA,NA,NA,NA,NA,NA,NA,NA,NA
NEG_2125,1:3,0,5,Jaintia Hills Block,25.068136,92.760249,12817.3,452.80,25.08,221.82,-0.004357,0.000065,4.7528,25.3487,10,Tree cover,0.821,29.5,45.3,1.44,5.4,Siliciclastic Sedimentary,SS,3672.9,517.6,NA,NA,NO_EVENT,NA,NA,NA,NA,NA,NA,NA,NA,NA,NA
NEG_2126,1:3,0,1,Garo Hills Block,25.793348,90.785742,9296.3,331.36,22.41,162.36,-0.000565,0.002049,5.3341,37.0007,10,Tree cover,0.732,30.1,48.9,1.34,5.3,Mixed Sedimentary,SM,871.3,499.1,NA,NA,NO_EVENT,NA,NA,NA,NA,NA,NA,NA,NA,NA,NA
NEG_2127,1:3,0,2,West Khasi Block,25.364193,91.168055,5834.4,792.17,20.69,42.09,0.000057,0.002636,5.6392,40.9210,10,Tree cover,0.736,34.7,38.8,1.38,4.5,Metamorphic,MT,3725.0,3037.4,NA,NA,NO_EVENT,NA,NA,NA,NA,NA,NA,NA,NA,NA,NA
NEG_2128,1:3,0,1,Garo Hills Block,25.696344,90.246438,7273.7,51.84,26.11,221.69,0.004389,-0.000067,4.6700,48.0515,10,Tree cover,0.678,29.5,45.3,1.32,5.0,Mixed Sedimentary,SM,2375.0,1739.6,NA,NA,NO_EVENT,NA,NA,NA,NA,NA,NA,NA,NA,NA,NA
NEG_2129,1:3,0,5,Jaintia Hills Block,25.224044,92.421275,5177.7,997.58,35.47,43.50,-0.000414,-0.001948,4.4789,36.9468,10,Tree cover,0.850,41.8,31.4,1.34,5.6,Carbonate Sedimentary,SC,30.5,99.2,NA,NA,NO_EVENT,NA,NA,NA,NA,NA,NA,NA,NA,NA,NA
NEG_2130,1:3,0,1,Garo Hills Block,25.296755,90.959595,1888.2,525.04,19.11,84.01,-0.003545,-0.000861,5.8702,39.4314,10,Tree cover,0.777,26.1,44.1,1.41,5.4,Mixed Sedimentary,SM,8117.2,2845.7,NA,NA,NO_EVENT,NA,NA,NA,NA,NA,NA,NA,NA,NA,NA
NEG_2131,1:3,0,4,Ri-Bhoi Block,25.960974,91.822601,2872.8,1281.25,18.82,55.02,-0.002833,0.000682,5.8583,20.5497,10,Tree cover,0.820,34.9,38.2,1.35,4.5,Metamorphic,MT,167.3,4440.9,NA,NA,NO_EVENT,NA,NA,NA,NA,NA,NA,NA,NA,NA,NA
NEG_2132,1:3,0,5,Jaintia Hills Block,25.041258,92.043710,15054.1,1020.03,26.17,218.43,-0.000466,0.001955,4.5894,32.0241,10,Tree cover,0.812,28.8,48.8,1.43,5.0,Siliciclastic Sedimentary,SS,579.3,503.2,NA,NA,NO_EVENT,NA,NA,NA,NA,NA,NA,NA,NA,NA,NA
NEG_2133,1:3,0,5,Jaintia Hills Block,25.545977,92.280206,3825.7,1283.33,14.11,309.01,-0.001868,0.001629,5.5366,18.4530,10,Tree cover,0.653,29.0,44.3,1.32,4.9,Metamorphic,MT,2624.3,539.1,NA,NA,NO_EVENT,NA,NA,NA,NA,NA,NA,NA,NA,NA,NA
NEG_2134,1:3,0,4,Ri-Bhoi Block,26.051009,92.623655,24548.4,575.53,30.92,164.44,0.003996,-0.000402,4.6223,46.3296,60,Bare / sparse vegetation,0.160,34.9,40.5,1.37,4.7,Metamorphic,MT,8.0,578.3,NA,NA,NO_EVENT,NA,NA,NA,NA,NA,NA,NA,NA,NA,NA
NEG_2135,1:3,0,4,Ri-Bhoi Block,26.002006,91.362118,19184.5,854.25,26.44,141.33,-0.001275,-0.000333,5.1522,30.2639,10,Tree cover,0.828,35.2,45.4,1.36,5.0,Metamorphic,MT,941.4,721.3,NA,NA,NO_EVENT,NA,NA,NA,NA,NA,NA,NA,NA,NA,NA
NEG_2136,1:3,0,2,West Khasi Block,25.408953,91.218358,5826.6,939.33,23.01,40.47,0.002750,0.000807,5.3074,35.7934,10,Tree cover,0.708,33.6,40.2,1.37,4.6,Metamorphic,MT,1749.1,2543.9,NA,NA,NO_EVENT,NA,NA,NA,NA,NA,NA,NA,NA,NA,NA
NEG_2137,1:3,0,4,Ri-Bhoi Block,25.765088,92.496193,17573.3,930.20,17.22,9.73,-0.000493,0.000571,5.6385,36.2823,10,Tree cover,0.715,29.0,38.1,1.28,4.5,Metamorphic,MT,395.3,1828.8,NA,NA,NO_EVENT,NA,NA,NA,NA,NA,NA,NA,NA,NA,NA
NEG_2138,1:3,0,5,Jaintia Hills Block,25.243545,92.600489,10088.8,756.64,29.59,128.88,-0.001710,0.000936,4.9907,39.3171,10,Tree cover,0.804,28.1,51.7,1.43,5.4,Siliciclastic Sedimentary,SS,9357.5,1478.7,NA,NA,NO_EVENT,NA,NA,NA,NA,NA,NA,NA,NA,NA,NA
NEG_2139,1:3,0,4,Ri-Bhoi Block,25.900395,92.785511,13881.6,474.01,23.75,115.37,0.000696,-0.002571,5.4937,18.5705,10,Tree cover,0.795,33.5,46.1,1.32,5.0,Metamorphic,MT,126.7,1616.0,NA,NA,NO_EVENT,NA,NA,NA,NA,NA,NA,NA,NA,NA,NA
NEG_2140,1:3,0,1,Garo Hills Block,25.970672,90.653809,29345.1,113.57,18.31,102.23,-0.001334,-0.001437,5.8813,21.6575,10,Tree cover,0.822,24.4,53.0,1.40,5.1,Mixed Sedimentary,SM,61.6,1980.2,NA,NA,NO_EVENT,NA,NA,NA,NA,NA,NA,NA,NA,NA,NA
NEG_2141,1:3,0,1,Garo Hills Block,25.134432,90.142335,15184.8,47.62,16.93,179.01,-0.000108,0.002579,5.6524,18.0037,10,Tree cover,0.830,30.3,49.6,1.44,5.2,Mixed Sedimentary,SM,2338.0,557.4,NA,NA,NO_EVENT,NA,NA,NA,NA,NA,NA,NA,NA,NA,NA
NEG_2142,1:3,0,3,East Khasi Block,25.334521,91.673260,553.4,1409.47,21.67,47.78,-0.000187,0.000977,5.6271,43.9550,10,Tree cover,0.754,35.1,40.8,1.38,4.4,Metamorphic,MT,289.1,1261.2,NA,NA,NO_EVENT,NA,NA,NA,NA,NA,NA,NA,NA,NA,NA
NEG_2143,1:3,0,4,Ri-Bhoi Block,25.888666,92.542713,32058.4,765.65,24.66,103.30,0.000052,-0.002927,5.4100,19.6149,10,Tree cover,0.789,33.2,38.4,1.32,4.5,Metamorphic,MT,1812.2,4114.5,NA,NA,NO_EVENT,NA,NA,NA,NA,NA,NA,NA,NA,NA,NA
NEG_2144,1:3,0,1,Garo Hills Block,25.693654,89.817176,21342.7,25.00,32.05,326.64,-0.003427,-0.000248,4.1863,54.5441,10,Tree cover,0.676,29.4,47.2,1.32,5.2,Mixed Sedimentary,SM,161.0,1806.6,NA,NA,NO_EVENT,NA,NA,NA,NA,NA,NA,NA,NA,NA,NA
NEG_2145,1:3,0,1,Garo Hills Block,25.221222,90.104165,11721.8,75.90,32.64,136.93,-0.003993,-0.000147,4.6983,34.5586,10,Tree cover,0.813,28.9,51.1,1.43,5.3,Mixed Sedimentary,SM,961.4,1333.6,NA,NA,NO_EVENT,NA,NA,NA,NA,NA,NA,NA,NA,NA,NA
NEG_2146,1:3,0,2,West Khasi Block,25.412390,91.329121,3976.9,1068.65,31.04,151.07,-0.002466,-0.001485,4.6521,41.0148,10,Tree cover,0.706,33.5,44.4,1.37,4.9,Metamorphic,MT,724.0,3820.4,NA,NA,NO_EVENT,NA,NA,NA,NA,NA,NA,NA,NA,NA,NA
NEG_2147,1:3,0,1,Garo Hills Block,25.066869,90.862858,22612.8,260.89,31.88,218.87,0.004886,-0.000045,4.2048,27.6762,10,Tree cover,0.821,29.5,45.7,1.44,5.4,Mixed Sedimentary,SM,1274.3,601.5,NA,NA,NO_EVENT,NA,NA,NA,NA,NA,NA,NA,NA,NA,NA
NEG_2148,1:3,0,3,East Khasi Block,25.213514,91.773564,1305.0,1416.21,24.75,38.01,0.002523,0.001078,5.3091,28.7685,10,Tree cover,0.816,29.1,50.3,1.43,5.1,Siliciclastic Sedimentary,SS,897.2,697.9,NA,NA,NO_EVENT,NA,NA,NA,NA,NA,NA,NA,NA,NA,NA
NEG_2149,1:3,0,2,West Khasi Block,25.521414,91.310719,1668.0,1002.65,22.28,236.03,0.000562,0.002645,4.9464,18.0277,10,Tree cover,0.658,29.8,43.7,1.33,4.9,Metamorphic,MT,751.9,2817.8,NA,NA,NO_EVENT,NA,NA,NA,NA,NA,NA,NA,NA,NA,NA
NEG_2150,1:3,0,5,Jaintia Hills Block,25.481907,92.715860,15875.9,714.95,30.96,200.34,0.002647,-0.001298,4.3860,22.3269,10,Tree cover,0.671,31.2,44.0,1.35,4.9,Metamorphic,MT,656.3,5210.9,NA,NA,NO_EVENT,NA,NA,NA,NA,NA,NA,NA,NA,NA,NA
NEG_2151,1:3,0,2,West Khasi Block,25.251914,91.375826,1828.2,1066.78,35.36,134.17,-0.000725,-0.001308,4.5428,46.2105,10,Tree cover,0.859,27.8,50.5,1.43,4.8,Siliciclastic Sedimentary,SS,374.1,677.1,NA,NA,NO_EVENT,NA,NA,NA,NA,NA,NA,NA,NA,NA,NA
NEG_2152,1:3,0,4,Ri-Bhoi Block,25.814899,91.498375,3982.0,1200.39,20.27,144.19,-0.004527,0.000248,5.5835,31.1467,10,Tree cover,0.746,30.6,46.6,1.29,5.1,Metamorphic,MT,3095.7,1447.7,NA,NA,NO_EVENT,NA,NA,NA,NA,NA,NA,NA,NA,NA,NA
NEG_2153,1:3,0,1,Garo Hills Block,26.023343,90.952803,23593.9,465.55,20.80,85.74,-0.001040,-0.001845,5.5343,31.8805,10,Tree cover,0.830,23.0,44.1,1.42,5.4,Mixed Sedimentary,SM,1341.6,319.2,NA,NA,NO_EVENT,NA,NA,NA,NA,NA,NA,NA,NA,NA,NA
NEG_2154,1:3,0,1,Garo Hills Block,25.520770,90.069993,9088.2,25.00,26.22,228.67,0.000976,0.002014,4.6331,18.0439,10,Tree cover,0.658,23.5,52.2,1.34,5.3,Mixed Sedimentary,SM,119.9,49.2,NA,NA,NO_EVENT,NA,NA,NA,NA,NA,NA,NA,NA,NA,NA
NEG_2155,1:3,0,1,Garo Hills Block,25.677719,90.679047,12713.4,212.96,26.42,240.03,0.001358,0.001398,4.5903,45.9237,10,Tree cover,0.670,29.0,52.7,1.32,5.1,Mixed Sedimentary,SM,654.2,2367.5,NA,NA,NO_EVENT,NA,NA,NA,NA,NA,NA,NA,NA,NA,NA
NEG_2156,1:3,0,2,West Khasi Block,25.193134,91.460820,793.8,1134.10,23.38,148.29,0.004231,0.000097,5.3568,24.0550,10,Tree cover,0.822,29.6,46.8,1.44,4.9,Siliciclastic Sedimentary,SS,2933.2,249.6,NA,NA,NO_EVENT,NA,NA,NA,NA,NA,NA,NA,NA,NA,NA
NEG_2157,1:3,0,1,Garo Hills Block,25.594895,90.031409,585.0,31.49,27.33,256.16,-0.000700,-0.001567,4.4152,27.1252,10,Tree cover,0.650,26.0,53.0,1.32,5.4,Mixed Sedimentary,SM,375.4,1914.0,NA,NA,NO_EVENT,NA,NA,NA,NA,NA,NA,NA,NA,NA,NA
NEG_2158,1:3,0,4,Ri-Bhoi Block,25.774073,91.702505,4560.9,1467.35,18.58,7.78,-0.001113,-0.002039,5.5655,36.6177,10,Tree cover,0.720,29.2,39.8,1.28,4.4,Metamorphic,MT,1055.7,5683.3,NA,NA,NO_EVENT,NA,NA,NA,NA,NA,NA,NA,NA,NA,NA
NEG_2159,1:3,0,2,West Khasi Block,25.224139,91.231776,1932.4,767.84,25.57,68.64,0.003778,-0.000004,5.2712,31.6816,10,Tree cover,0.812,28.8,52.9,1.43,4.9,Siliciclastic Sedimentary,SS,410.5,195.7,NA,NA,NO_EVENT,NA,NA,NA,NA,NA,NA,NA,NA,NA,NA
NEG_2160,1:3,0,4,Ri-Bhoi Block,25.797949,91.414779,7239.8,1168.78,24.48,160.14,0.000553,-0.001795,5.1858,37.7556,10,Tree cover,0.735,30.0,46.6,1.29,5.1,Metamorphic,MT,6793.7,458.1,NA,NA,NO_EVENT,NA,NA,NA,NA,NA,NA,NA,NA,NA,NA
NEG_2161,1:3,0,1,Garo Hills Block,25.447128,90.783132,3950.3,308.03,31.50,180.13,0.001103,0.000017,4.4791,30.9941,10,Tree cover,0.687,22.5,49.0,1.36,5.3,Mixed Sedimentary,SM,2606.8,1038.8,NA,NA,NO_EVENT,NA,NA,NA,NA,NA,NA,NA,NA,NA,NA
NEG_2162,1:3,0,4,Ri-Bhoi Block,25.679225,92.664282,16528.0,655.11,34.41,216.35,-0.001388,0.001304,3.9552,54.6864,10,Tree cover,0.670,27.3,42.0,1.28,4.8,Metamorphic,MT,1350.5,3693.0,NA,NA,NO_EVENT,NA,NA,NA,NA,NA,NA,NA,NA,NA,NA
NEG_2163,1:3,0,1,Garo Hills Block,25.745484,90.027975,16178.4,68.71,23.32,216.21,0.000473,0.002688,5.0724,44.9905,10,Tree cover,0.703,30.3,53.0,1.33,5.4,Mixed Sedimentary,SM,172.9,3987.4,NA,NA,NO_EVENT,NA,NA,NA,NA,NA,NA,NA,NA,NA,NA
NEG_2164,1:3,0,5,Jaintia Hills Block,25.517540,92.517014,3759.6,873.22,18.04,272.55,-0.000733,0.001925,5.2972,18.0864,10,Tree cover,0.659,29.9,38.1,1.33,4.5,Metamorphic,MT,2795.6,480.9,NA,NA,NO_EVENT,NA,NA,NA,NA,NA,NA,NA,NA,NA,NA
NEG_2165,1:3,0,5,Jaintia Hills Block,25.122019,92.816071,6273.5,425.95,14.40,210.88,0.000436,-0.002731,5.8052,18.1268,10,Tree cover,0.830,30.3,44.2,1.44,5.3,Siliciclastic Sedimentary,SS,2372.5,976.6,NA,NA,NO_EVENT,NA,NA,NA,NA,NA,NA,NA,NA,NA,NA
NEG_2166,1:3,0,1,Garo Hills Block,26.044995,90.038737,44028.2,83.69,33.12,136.67,0.000063,0.002057,4.4695,46.6744,10,Tree cover,0.830,22.7,52.9,1.42,5.4,Mixed Sedimentary,SM,5008.3,1420.8,NA,NA,NO_EVENT,NA,NA,NA,NA,NA,NA,NA,NA,NA,NA
NEG_2167,1:3,0,1,Garo Hills Block,26.028086,90.907554,26231.0,379.30,26.21,131.64,0.000479,-0.002683,5.0848,36.6706,10,Tree cover,0.830,22.9,44.5,1.42,5.4,Mixed Sedimentary,SM,1665.4,3978.0,NA,NA,NO_EVENT,NA,NA,NA,NA,NA,NA,NA,NA,NA,NA
NEG_2168,1:3,0,4,Ri-Bhoi Block,25.932286,91.076069,11668.9,584.17,26.28,46.03,-0.003314,-0.000858,5.2936,18.4022,10,Tree cover,0.810,34.4,38.3,1.34,4.5,Metamorphic,MT,161.4,2808.1,NA,NA,NO_EVENT,NA,NA,NA,NA,NA,NA,NA,NA,NA,NA
NEG_2169,1:3,0,1,Garo Hills Block,25.856436,89.903057,31221.2,83.51,26.64,43.47,0.000793,0.002121,5.1950,25.1772,10,Tree cover,0.771,28.7,50.9,1.36,5.4,Mixed Sedimentary,SM,5781.2,1084.8,NA,NA,NO_EVENT,NA,NA,NA,NA,NA,NA,NA,NA,NA,NA
NEG_2170,1:3,0,1,Garo Hills Block,25.660608,90.369536,1578.5,88.20,32.90,299.03,-0.002675,0.001018,4.0304,48.7536,10,Tree cover,0.663,28.5,44.6,1.32,4.8,Mixed Sedimentary,SM,744.3,935.6,NA,NA,NO_EVENT,NA,NA,NA,NA,NA,NA,NA,NA,NA,NA
NEG_2171,1:3,0,1,Garo Hills Block,25.393625,90.861304,5171.2,393.42,29.43,146.57,-0.001168,0.000468,4.8488,44.7100,10,Tree cover,0.717,23.0,45.7,1.38,5.4,Mixed Sedimentary,SM,3703.0,7436.5,NA,NA,NO_EVENT,NA,NA,NA,NA,NA,NA,NA,NA,NA,NA
NEG_2172,1:3,0,1,Garo Hills Block,25.526585,90.819116,2972.6,437.21,24.72,216.58,0.001281,0.002134,4.7363,18.0025,10,Tree cover,0.657,23.7,47.4,1.34,5.4,Mixed Sedimentary,SM,2701.9,418.6,NA,NA,NO_EVENT,NA,NA,NA,NA,NA,NA,NA,NA,NA,NA
NEG_2173,1:3,0,1,Garo Hills Block,25.135950,90.244168,13474.3,44.79,17.70,177.35,0.000362,-0.001276,5.5968,18.0140,10,Tree cover,0.830,30.3,45.4,1.44,5.0,Mixed Sedimentary,SM,44.7,771.8,NA,NA,NO_EVENT,NA,NA,NA,NA,NA,NA,NA,NA,NA,NA
NEG_2174,1:3,0,2,West Khasi Block,25.056113,91.234260,16110.7,782.90,24.00,292.41,-0.004697,0.000061,4.8026,27.5334,10,Tree cover,0.817,29.2,52.9,1.43,4.9,Siliciclastic Sedimentary,SS,55.9,345.9,NA,NA,NO_EVENT,NA,NA,NA,NA,NA,NA,NA,NA,NA,NA
NEG_2175,1:3,0,1,Garo Hills Block,26.050804,90.152809,40815.8,25.00,26.31,166.33,0.001103,-0.001656,4.9919,42.0617,10,Tree cover,0.829,22.6,49.1,1.42,5.2,Mixed Sedimentary,SM,1805.9,1776.3,NA,NA,NO_EVENT,NA,NA,NA,NA,NA,NA,NA,NA,NA,NA
NEG_2176,1:3,0,4,Ri-Bhoi Block,26.041966,92.036753,4845.9,1076.16,23.54,161.80,-0.000989,0.002119,5.2474,37.7594,10,Tree cover,0.830,35.0,44.7,1.37,4.9,Metamorphic,MT,100.3,8281.2,NA,NA,NO_EVENT,NA,NA,NA,NA,NA,NA,NA,NA,NA,NA
NEG_2177,1:3,0,4,Ri-Bhoi Block,25.708499,91.768097,9651.8,1520.62,20.12,332.01,0.003229,0.000567,5.1897,41.8721,10,Tree cover,0.683,27.6,38.3,1.28,4.3,Metamorphic,MT,708.6,2978.3,NA,NA,NO_EVENT,NA,NA,NA,NA,NA,NA,NA,NA,NA,NA
NEG_2178,1:3,0,1,Garo Hills Block,25.912866,90.126106,27539.2,51.53,25.75,132.97,-0.002455,0.001405,5.3394,18.0550,10,Tree cover,0.801,26.6,50.3,1.38,5.3,Mixed Sedimentary,SM,1079.9,3502.2,NA,NA,NO_EVENT,NA,NA,NA,NA,NA,NA,NA,NA,NA,NA
NEG_2179,1:3,0,3,East Khasi Block,25.565135,91.926128,1168.1,1736.11,22.86,249.90,-0.000384,-0.000552,4.8010,20.6745,60,Bare / sparse vegetation,0.173,28.5,40.5,1.31,4.4,Metamorphic,MT,5.9,600.6,NA,NA,NO_EVENT,NA,NA,NA,NA,NA,NA,NA,NA,NA,NA
NEG_2180,1:3,0,4,Ri-Bhoi Block,25.653766,92.339976,10093.1,1125.84,29.82,317.95,-0.001865,-0.001454,4.2630,44.1925,10,Tree cover,0.661,27.2,42.0,1.29,4.8,Metamorphic,MT,107.9,3046.3,NA,NA,NO_EVENT,NA,NA,NA,NA,NA,NA,NA,NA,NA,NA
NEG_2181,1:3,0,3,East Khasi Block,25.098053,91.906638,12243.5,1268.08,26.64,246.20,0.001516,0.001781,4.7328,20.3992,10,Tree cover,0.827,30.1,53.0,1.44,5.3,Siliciclastic Sedimentary,SS,173.9,105.9,NA,NA,NO_EVENT,NA,NA,NA,NA,NA,NA,NA,NA,NA,NA
NEG_2182,1:3,0,1,Garo Hills Block,25.596750,90.956441,6773.6,543.24,19.21,274.20,-0.003390,0.000966,5.0642,24.7228,10,Tree cover,0.651,26.1,44.1,1.32,5.4,Mixed Sedimentary,SM,3788.7,3115.6,NA,NA,NO_EVENT,NA,NA,NA,NA,NA,NA,NA,NA,NA,NA
NEG_2183,1:3,0,3,East Khasi Block,25.387497,91.693540,3293.7,1449.90,23.95,31.39,0.000222,0.002553,5.3079,40.9090,10,Tree cover,0.721,34.2,40.1,1.37,4.4,Metamorphic,MT,1666.1,1910.5,NA,NA,NO_EVENT,NA,NA,NA,NA,NA,NA,NA,NA,NA,NA
NEG_2184,1:3,0,4,Ri-Bhoi Block,25.982275,91.313337,20538.7,896.13,20.65,120.93,-0.001537,0.001956,5.6685,23.9708,10,Tree cover,0.825,35.1,43.8,1.35,4.9,Metamorphic,MT,964.1,1435.6,NA,NA,NO_EVENT,NA,NA,NA,NA,NA,NA,NA,NA,NA,NA
NEG_2185,1:3,0,4,Ri-Bhoi Block,25.910701,91.026577,9274.5,552.60,24.66,54.95,0.001149,-0.002262,5.4261,18.1047,10,Tree cover,0.800,33.8,39.2,1.33,4.6,Metamorphic,MT,599.4,5051.6,NA,NA,NO_EVENT,NA,NA,NA,NA,NA,NA,NA,NA,NA,NA
NEG_2186,1:3,0,1,Garo Hills Block,25.130586,89.987592,26679.9,48.40,18.30,353.50,-0.000256,-0.000912,5.5274,18.0065,10,Tree cover,0.830,30.3,53.0,1.44,5.4,Mixed Sedimentary,SM,87.3,758.6,NA,NA,NO_EVENT,NA,NA,NA,NA,NA,NA,NA,NA,NA,NA
NEG_2187,1:3,0,1,Garo Hills Block,25.075441,90.959458,15253.3,475.86,21.24,280.79,-0.004281,0.000208,5.0839,22.9910,10,Tree cover,0.823,29.7,44.1,1.44,5.4,Mixed Sedimentary,SM,934.2,1633.9,NA,NA,NO_EVENT,NA,NA,NA,NA,NA,NA,NA,NA,NA,NA
NEG_2188,1:3,0,1,Garo Hills Block,25.822247,89.955105,25826.8,25.00,22.59,49.38,-0.004378,-0.000059,5.4226,31.0591,10,Tree cover,0.750,29.6,52.5,1.35,5.4,Mixed Sedimentary,SM,1808.2,656.8,NA,NA,NO_EVENT,NA,NA,NA,NA,NA,NA,NA,NA,NA,NA
NEG_2189,1:3,0,1,Garo Hills Block,25.258813,90.636499,2214.1,25.00,31.18,90.93,0.000035,-0.002202,4.8865,44.7839,10,Tree cover,0.797,27.6,53.1,1.42,5.1,Mixed Sedimentary,SM,305.9,1301.1,NA,NA,NO_EVENT,NA,NA,NA,NA,NA,NA,NA,NA,NA,NA
NEG_2190,1:3,0,1,Garo Hills Block,25.611421,90.240771,4938.7,44.63,24.62,234.27,-0.002644,-0.000863,4.6315,29.9081,10,Tree cover,0.652,26.7,45.5,1.32,5.0,Mixed Sedimentary,SM,323.2,1673.9,NA,NA,NO_EVENT,NA,NA,NA,NA,NA,NA,NA,NA,NA,NA
NEG_2191,1:3,0,5,Jaintia Hills Block,25.164657,92.678556,16245.0,659.28,26.54,162.58,0.000141,0.002093,5.0023,20.0314,10,Tree cover,0.828,30.1,48.5,1.44,5.4,Siliciclastic Sedimentary,SS,13996.1,1469.2,NA,NA,NO_EVENT,NA,NA,NA,NA,NA,NA,NA,NA,NA,NA
NEG_2192,1:3,0,1,Garo Hills Block,25.888539,90.350997,14120.7,25.00,33.40,72.72,-0.000227,-0.000090,4.7106,20.2058,10,Tree cover,0.789,27.5,44.3,1.37,4.8,Mixed Sedimentary,SM,1511.2,5659.8,NA,NA,NO_EVENT,NA,NA,NA,NA,NA,NA,NA,NA,NA,NA
NEG_2193,1:3,0,1,Garo Hills Block,25.459093,90.884647,2131.6,445.00,33.45,191.44,-0.003507,-0.000610,4.2753,28.2855,10,Tree cover,0.681,22.5,45.0,1.36,5.4,Mixed Sedimentary,SM,393.6,7495.3,NA,NA,NO_EVENT,NA,NA,NA,NA,NA,NA,NA,NA,NA,NA
NEG_2194,1:3,0,4,Ri-Bhoi Block,25.874284,91.356149,12013.1,1005.95,35.61,131.50,0.001529,-0.000097,4.5133,23.0475,10,Tree cover,0.789,32.7,45.3,1.31,5.0,Metamorphic,MT,2654.6,1851.6,NA,NA,NO_EVENT,NA,NA,NA,NA,NA,NA,NA,NA,NA,NA
NEG_2195,1:3,0,5,Jaintia Hills Block,25.158078,92.053926,3818.6,1290.73,17.01,165.91,-0.000388,-0.002397,5.7395,18.8272,10,Tree cover,0.829,39.6,24.4,1.33,5.9,Carbonate Sedimentary,SC,124.4,106.3,NA,NA,NO_EVENT,NA,NA,NA,NA,NA,NA,NA,NA,NA,NA
NEG_2196,1:3,0,1,Garo Hills Block,25.448639,90.601919,9109.6,52.74,35.46,356.93,-0.004991,0.000005,4.1562,32.1411,10,Tree cover,0.845,22.5,52.9,1.36,5.0,Mixed Sedimentary,SM,1767.1,3291.0,NA,NA,NO_EVENT,NA,NA,NA,NA,NA,NA,NA,NA,NA,NA
NEG_2197,1:3,0,2,West Khasi Block,25.425539,91.318158,3529.4,1060.40,31.64,157.89,-0.002383,-0.001272,4.5536,37.5085,10,Tree cover,0.699,33.1,44.0,1.37,4.9,Metamorphic,MT,1389.6,3005.6,NA,NA,NO_EVENT,NA,NA,NA,NA,NA,NA,NA,NA,NA,NA
NEG_2198,1:3,0,1,Garo Hills Block,25.390565,90.537813,15377.7,25.00,26.67,32.89,0.000058,-0.002953,5.0800,42.8678,10,Tree cover,0.719,23.1,51.1,1.38,4.9,Mixed Sedimentary,SM,1668.2,7163.7,NA,NA,NO_EVENT,NA,NA,NA,NA,NA,NA,NA,NA,NA,NA
NEG_2199,1:3,0,1,Garo Hills Block,25.450382,89.858477,15071.6,50.82,31.47,358.00,-0.004858,-0.000058,4.4685,30.0563,10,Tree cover,0.685,22.5,49.0,1.36,5.3,Mixed Sedimentary,SM,767.4,703.5,NA,NA,NO_EVENT,NA,NA,NA,NA,NA,NA,NA,NA,NA,NA
NEG_2200,1:3,0,1,Garo Hills Block,25.854298,90.321382,13859.2,25.00,35.65,89.58,0.002600,-0.001440,4.4692,28.2220,10,Tree cover,0.781,28.7,44.1,1.36,4.9,Mixed Sedimentary,SM,3151.6,5207.7,NA,NA,NO_EVENT,NA,NA,NA,NA,NA,NA,NA,NA,NA,NA
NEG_2201,1:3,0,3,East Khasi Block,25.067417,91.793781,13832.1,1132.85,23.77,323.77,-0.000443,0.000186,4.8553,25.1062,10,Tree cover,0.821,40.2,21.1,1.32,5.7,Volcanic Basic,VB,433.1,391.6,NA,NA,NO_EVENT,NA,NA,NA,NA,NA,NA,NA,NA,NA,NA
NEG_2202,1:3,0,4,Ri-Bhoi Block,25.855851,92.282179,12943.8,1139.24,25.74,49.57,-0.001502,-0.001940,5.2657,25.0556,10,Tree cover,0.771,32.1,44.3,1.31,4.9,Metamorphic,MT,286.4,1493.2,NA,NA,NO_EVENT,NA,NA,NA,NA,NA,NA,NA,NA,NA,NA
NEG_2203,1:3,0,1,Garo Hills Block,25.552990,90.426373,5708.6,82.29,14.90,314.92,-0.001234,-0.001354,5.4589,18.8545,40,Cropland,0.661,24.5,46.4,1.33,4.8,Mixed Sedimentary,SM,688.4,534.7,NA,NA,NO_EVENT,NA,NA,NA,NA,NA,NA,NA,NA,NA,NA
NEG_2204,1:3,0,4,Ri-Bhoi Block,25.816206,91.934125,5947.5,1419.66,28.11,128.23,-0.001347,-0.000551,4.9608,35.8797,10,Tree cover,0.746,30.7,40.8,1.29,4.4,Metamorphic,MT,1477.3,9388.4,NA,NA,NO_EVENT,NA,NA,NA,NA,NA,NA,NA,NA,NA,NA
NEG_2205,1:3,0,5,Jaintia Hills Block,25.285972,92.555394,6338.8,829.81,20.82,109.18,0.000323,0.002303,5.7341,40.1272,10,Tree cover,0.783,26.6,52.8,1.42,5.3,Siliciclastic Sedimentary,SS,5300.5,590.2,NA,NA,NO_EVENT,NA,NA,NA,NA,NA,NA,NA,NA,NA,NA
NEG_2206,1:3,0,5,Jaintia Hills Block,25.132721,92.797199,8386.0,439.30,14.16,180.03,-0.000000,-0.002972,5.8671,18.0000,10,Tree cover,0.830,30.3,44.4,1.44,5.3,Siliciclastic Sedimentary,SS,4464.7,1790.5,NA,NA,NO_EVENT,NA,NA,NA,NA,NA,NA,NA,NA,NA,NA
NEG_2207,1:3,0,4,Ri-Bhoi Block,25.949068,91.898091,2624.8,1339.60,25.14,93.90,-0.002916,0.000030,5.3698,19.8095,10,Tree cover,0.816,34.7,39.6,1.34,4.6,Metamorphic,MT,650.7,9402.4,NA,NA,NO_EVENT,NA,NA,NA,NA,NA,NA,NA,NA,NA,NA
NEG_2208,1:3,0,4,Ri-Bhoi Block,26.033850,92.003049,1366.0,1112.76,22.48,155.88,-0.002323,0.001076,5.3624,35.2229,10,Tree cover,0.830,35.1,43.5,1.37,4.9,Metamorphic,MT,214.1,6942.5,NA,NA,NO_EVENT,NA,NA,NA,NA,NA,NA,NA,NA,NA,NA
NEG_2209,1:3,0,2,West Khasi Block,25.225694,91.148576,3021.8,783.78,33.26,41.32,-0.001784,-0.001789,4.6597,36.2904,10,Tree cover,0.812,28.7,50.5,1.43,5.0,Siliciclastic Sedimentary,SS,1744.0,1024.4,NA,NA,NO_EVENT,NA,NA,NA,NA,NA,NA,NA,NA,NA,NA
NEG_2210,1:3,0,1,Garo Hills Block,25.097223,90.988455,11704.4,489.23,17.34,317.79,-0.003803,-0.000373,5.4737,19.6353,10,Tree cover,0.827,30.1,44.4,1.44,5.3,Mixed Sedimentary,SM,289.4,500.3,NA,NA,NO_EVENT,NA,NA,NA,NA,NA,NA,NA,NA,NA,NA
NEG_2211,1:3,0,1,Garo Hills Block,25.820931,90.978652,3906.9,466.61,21.36,62.68,-0.004981,-0.000010,5.5166,30.6178,10,Tree cover,0.749,29.6,44.3,1.35,5.3,Mixed Sedimentary,SM,328.0,5202.6,NA,NA,NO_EVENT,NA,NA,NA,NA,NA,NA,NA,NA,NA,NA
NEG_2212,1:3,0,3,East Khasi Block,25.376718,91.615835,3584.9,1467.98,26.66,59.87,0.000900,0.000513,5.1254,45.5681,10,Tree cover,0.728,34.4,43.1,1.38,4.6,Metamorphic,MT,569.3,1583.0,NA,NA,NO_EVENT,NA,NA,NA,NA,NA,NA,NA,NA,NA,NA
NEG_2213,1:3,0,1,Garo Hills Block,25.961981,89.945129,40085.0,66.84,14.61,57.49,0.003476,-0.000626,6.1934,20.0697,40,Cropland,0.517,24.7,52.3,1.40,5.4,Mixed Sedimentary,SM,5487.6,334.8,NA,NA,NO_EVENT,NA,NA,NA,NA,NA,NA,NA,NA,NA,NA
NEG_2214,1:3,0,1,Garo Hills Block,25.436308,90.282634,9470.7,57.92,33.75,164.15,0.000809,-0.000774,4.3423,35.3304,10,Tree cover,0.693,22.5,44.4,1.37,5.0,Mixed Sedimentary,SM,1138.1,5499.9,NA,NA,NO_EVENT,NA,NA,NA,NA,NA,NA,NA,NA,NA,NA
NEG_2215,1:3,0,1,Garo Hills Block,25.770983,90.122460,12621.9,56.37,19.50,173.83,0.001053,-0.001494,5.4796,37.9592,10,Tree cover,0.718,30.3,50.4,1.33,5.3,Mixed Sedimentary,SM,1787.5,6146.3,NA,NA,NO_EVENT,NA,NA,NA,NA,NA,NA,NA,NA,NA,NA
NEG_2216,1:3,0,1,Garo Hills Block,25.737992,90.672852,15182.1,167.10,17.58,211.71,0.000440,-0.002482,5.5021,38.7435,10,Tree cover,0.699,30.2,52.8,1.33,5.1,Mixed Sedimentary,SM,502.0,891.3,NA,NA,NO_EVENT,NA,NA,NA,NA,NA,NA,NA,NA,NA,NA
NEG_2217,1:3,0,5,Jaintia Hills Block,25.234830,92.655875,9245.7,746.67,35.35,138.91,-0.001399,-0.002155,4.5130,40.5374,10,Tree cover,0.854,28.4,49.5,1.43,5.4,Siliciclastic Sedimentary,SS,8833.0,410.2,NA,NA,NO_EVENT,NA,NA,NA,NA,NA,NA,NA,NA,NA,NA
NEG_2218,1:3,0,2,West Khasi Block,25.040007,91.135221,17560.3,518.06,34.45,320.14,0.002742,-0.001354,3.9240,36.8731,10,Tree cover,0.812,28.7,49.9,1.43,5.0,Siliciclastic Sedimentary,SS,54.1,33.4,NA,NA,NO_EVENT,NA,NA,NA,NA,NA,NA,NA,NA,NA,NA
NEG_2219,1:3,0,2,West Khasi Block,25.043357,91.274959,18007.6,825.94,27.30,261.49,-0.001864,0.001628,4.5042,32.0837,10,Tree cover,0.813,28.8,53.1,1.43,4.8,Siliciclastic Sedimentary,SS,103.3,631.9,NA,NA,NO_EVENT,NA,NA,NA,NA,NA,NA,NA,NA,NA,NA
NEG_2220,1:3,0,1,Garo Hills Block,25.561131,90.781071,2761.1,374.13,19.50,222.46,-0.001298,0.000814,5.0762,19.8564,10,Tree cover,0.651,24.8,49.1,1.33,5.3,Mixed Sedimentary,SM,2751.9,1014.7,NA,NA,NO_EVENT,NA,NA,NA,NA,NA,NA,NA,NA,NA,NA
NEG_2221,1:3,0,1,Garo Hills Block,25.162735,90.947982,9836.4,389.04,17.31,92.18,0.002341,0.001595,5.7334,19.1732,10,Tree cover,0.828,30.1,44.1,1.44,5.4,Mixed Sedimentary,SM,605.0,165.5,NA,NA,NO_EVENT,NA,NA,NA,NA,NA,NA,NA,NA,NA,NA
NEG_2222,1:3,0,4,Ri-Bhoi Block,25.746044,92.186307,6909.7,1364.13,23.12,217.76,0.000541,-0.002667,5.0906,44.7125,10,Tree cover,0.703,28.4,46.7,1.28,5.1,Metamorphic,MT,394.0,5079.0,NA,NA,NO_EVENT,NA,NA,NA,NA,NA,NA,NA,NA,NA,NA
NEG_2223,1:3,0,2,West Khasi Block,25.593211,91.598995,3425.1,1435.47,26.79,282.15,0.004218,-0.000361,4.4591,26.5593,10,Tree cover,0.650,27.8,43.7,1.30,4.6,Metamorphic,MT,200.7,5738.4,NA,NA,NO_EVENT,NA,NA,NA,NA,NA,NA,NA,NA,NA,NA
NEG_2224,1:3,0,1,Garo Hills Block,25.236666,90.676358,3722.9,58.51,27.86,115.02,0.000639,-0.002488,5.1160,36.2516,10,Tree cover,0.807,28.4,52.7,1.43,5.1,Mixed Sedimentary,SM,1668.7,141.8,NA,NA,NO_EVENT,NA,NA,NA,NA,NA,NA,NA,NA,NA,NA
NEG_2225,1:3,0,1,Garo Hills Block,25.194847,90.560351,7428.4,38.66,31.03,40.61,-0.002358,-0.000048,4.7504,26.4601,10,Tree cover,0.822,29.6,51.9,1.44,4.9,Mixed Sedimentary,SM,1837.4,782.0,NA,NA,NO_EVENT,NA,NA,NA,NA,NA,NA,NA,NA,NA,NA
NEG_2226,1:3,0,5,Jaintia Hills Block,25.627704,92.682090,14554.2,683.19,33.88,224.22,-0.000122,0.002921,3.9008,39.6569,10,Tree cover,0.655,27.3,42.7,1.29,4.8,Metamorphic,MT,3868.5,3468.6,NA,NA,NO_EVENT,NA,NA,NA,NA,NA,NA,NA,NA,NA,NA
NEG_2227,1:3,0,3,East Khasi Block,25.231216,91.757111,564.5,1442.15,25.91,40.53,0.002654,0.001250,5.2605,33.6207,10,Tree cover,0.809,28.6,49.6,1.43,5.1,Siliciclastic Sedimentary,SS,540.0,107.6,NA,NA,NO_EVENT,NA,NA,NA,NA,NA,NA,NA,NA,NA,NA
NEG_2228,1:3,0,4,Ri-Bhoi Block,25.902640,91.508736,6241.7,1128.06,22.83,122.69,0.001555,-0.001649,5.5688,18.4191,10,Tree cover,0.796,33.6,46.4,1.32,5.1,Metamorphic,MT,1220.7,3276.5,NA,NA,NO_EVENT,NA,NA,NA,NA,NA,NA,NA,NA,NA,NA
NEG_2229,1:3,0,1,Garo Hills Block,25.295404,90.600778,7371.5,52.34,28.53,71.45,0.003984,0.000124,5.1170,49.8091,10,Tree cover,0.778,26.2,52.8,1.41,5.0,Mixed Sedimentary,SM,120.9,5226.4,NA,NA,NO_EVENT,NA,NA,NA,NA,NA,NA,NA,NA,NA,NA
NEG_2230,1:3,0,1,Garo Hills Block,25.062393,90.731605,19243.9,73.60,23.55,218.17,-0.004903,0.000034,4.8573,26.0447,10,Tree cover,0.819,29.4,51.2,1.43,5.2,Mixed Sedimentary,SM,97.5,725.8,NA,NA,NO_EVENT,NA,NA,NA,NA,NA,NA,NA,NA,NA,NA
NEG_2231,1:3,0,1,Garo Hills Block,25.824172,89.944929,26343.6,25.00,22.30,45.56,-0.003634,0.000014,5.4520,30.4800,10,Tree cover,0.751,29.5,52.3,1.35,5.4,Mixed Sedimentary,SM,2840.0,835.7,NA,NA,NO_EVENT,NA,NA,NA,NA,NA,NA,NA,NA,NA,NA
NEG_2232,1:3,0,3,East Khasi Block,25.256839,91.954009,3251.6,1410.20,30.38,121.71,0.000137,-0.002141,4.9480,43.5735,10,Tree cover,0.798,27.7,52.3,1.42,5.0,Siliciclastic Sedimentary,SS,271.7,39.9,NA,NA,NO_EVENT,NA,NA,NA,NA,NA,NA,NA,NA,NA,NA
NEG_2233,1:3,0,4,Ri-Bhoi Block,25.865264,91.188721,2527.8,780.41,29.01,51.85,-0.001209,0.002272,5.0246,23.8663,10,Tree cover,0.776,32.4,39.3,1.31,4.6,Metamorphic,MT,712.4,1818.3,NA,NA,NO_EVENT,NA,NA,NA,NA,NA,NA,NA,NA,NA,NA
NEG_2234,1:3,0,1,Garo Hills Block,25.773920,90.983254,3947.2,539.23,14.53,20.96,-0.001576,0.000194,5.8889,32.5752,10,Tree cover,0.720,30.3,44.4,1.33,5.3,Mixed Sedimentary,SM,546.7,5203.1,NA,NA,NO_EVENT,NA,NA,NA,NA,NA,NA,NA,NA,NA,NA
NEG_2235,1:3,0,2,West Khasi Block,25.192706,91.014356,2631.6,518.12,23.40,42.91,0.003307,-0.000161,5.3537,23.9814,10,Tree cover,0.822,29.6,45.0,1.44,5.3,Siliciclastic Sedimentary,SS,203.5,164.9,NA,NA,NO_EVENT,NA,NA,NA,NA,NA,NA,NA,NA,NA,NA
NEG_2236,1:3,0,5,Jaintia Hills Block,25.646365,92.691563,16373.5,644.79,35.43,222.65,0.000483,0.002698,3.8010,46.8262,10,Tree cover,0.761,27.2,43.1,1.29,4.8,Metamorphic,MT,1960.7,5254.0,NA,NA,NO_EVENT,NA,NA,NA,NA,NA,NA,NA,NA,NA,NA
NEG_2237,1:3,0,2,West Khasi Block,25.094251,91.347552,11406.3,862.01,26.99,206.70,0.003976,-0.000423,4.6906,20.9751,10,Tree cover,0.827,30.0,51.6,1.44,4.8,Siliciclastic Sedimentary,SS,1184.3,953.5,NA,NA,NO_EVENT,NA,NA,NA,NA,NA,NA,NA,NA,NA,NA
NEG_2238,1:3,0,2,West Khasi Block,25.375233,91.350351,6917.2,1054.85,26.27,139.34,0.001078,-0.000521,5.1612,45.4200,10,Tree cover,0.729,34.5,45.1,1.38,5.0,Metamorphic,MT,1602.3,1840.8,NA,NA,NO_EVENT,NA,NA,NA,NA,NA,NA,NA,NA,NA,NA
NEG_2239,1:3,0,1,Garo Hills Block,25.045893,90.754727,22046.1,62.19,27.41,219.34,-0.003313,0.001010,4.5019,31.4817,10,Tree cover,0.814,28.9,50.2,1.43,5.3,Mixed Sedimentary,SM,65.6,495.9,NA,NA,NO_EVENT,NA,NA,NA,NA,NA,NA,NA,NA,NA,NA
NEG_2240,1:3,0,4,Ri-Bhoi Block,25.905458,91.489522,7428.5,1114.72,22.35,127.82,0.002229,-0.000423,5.6088,18.2751,10,Tree cover,0.798,33.7,46.7,1.32,5.1,Metamorphic,MT,881.1,1476.1,NA,NA,NO_EVENT,NA,NA,NA,NA,NA,NA,NA,NA,NA,NA
NEG_2241,1:3,0,1,Garo Hills Block,25.506629,90.670851,927.5,96.57,21.08,238.00,0.000043,-0.002972,5.0886,18.5686,10,Tree cover,0.662,23.2,52.8,1.34,5.1,Mixed Sedimentary,SM,752.6,1737.8,NA,NA,NO_EVENT,NA,NA,NA,NA,NA,NA,NA,NA,NA,NA
NEG_2242,1:3,0,1,Garo Hills Block,25.341886,90.968459,3397.9,608.94,14.07,77.50,-0.004152,0.000440,6.2214,34.7077,10,Tree cover,0.750,24.5,44.2,1.40,5.3,Mixed Sedimentary,SM,6797.8,1679.6,NA,NA,NO_EVENT,NA,NA,NA,NA,NA,NA,NA,NA,NA,NA
NEG_2243,1:3,0,4,Ri-Bhoi Block,25.922416,92.750000,14509.2,524.30,23.33,126.71,0.003767,-0.000474,5.5332,18.0328,10,Tree cover,0.806,34.1,45.2,1.33,5.0,Metamorphic,MT,160.5,996.7,NA,NA,NO_EVENT,NA,NA,NA,NA,NA,NA,NA,NA,NA,NA
NEG_2244,1:3,0,1,Garo Hills Block,25.493748,90.999726,8163.2,578.81,21.82,317.04,0.001725,0.001276,5.0738,19.6474,10,Tree cover,0.666,22.9,44.7,1.35,5.3,Mixed Sedimentary,SM,240.5,1984.5,NA,NA,NO_EVENT,NA,NA,NA,NA,NA,NA,NA,NA,NA,NA
NEG_2245,1:3,0,4,Ri-Bhoi Block,25.934275,91.102061,11575.9,608.39,27.18,44.65,-0.004615,-0.000115,5.2204,18.5405,10,Tree cover,0.810,34.4,38.1,1.34,4.5,Metamorphic,MT,285.6,1024.9,NA,NA,NO_EVENT,NA,NA,NA,NA,NA,NA,NA,NA,NA,NA
NEG_2246,1:3,0,1,Garo Hills Block,25.616180,90.504372,13023.3,27.28,25.64,314.20,-0.001822,-0.001637,4.5518,31.5581,10,Tree cover,0.653,26.9,49.8,1.32,4.8,Mixed Sedimentary,SM,2217.3,2337.3,NA,NA,NO_EVENT,NA,NA,NA,NA,NA,NA,NA,NA,NA,NA
NEG_2247,1:3,0,4,Ri-Bhoi Block,25.822983,91.422564,5110.8,1184.49,27.99,149.86,-0.000277,-0.000068,4.9930,33.9833,10,Tree cover,0.751,30.9,46.7,1.30,5.1,Metamorphic,MT,4804.7,2159.3,NA,NA,NO_EVENT,NA,NA,NA,NA,NA,NA,NA,NA,NA,NA
NEG_2248,1:3,0,4,Ri-Bhoi Block,25.893757,92.181235,4185.3,1174.97,32.93,104.04,0.000150,0.002910,4.7538,19.4845,10,Tree cover,0.792,33.3,46.8,1.32,5.1,Metamorphic,MT,2784.3,1646.7,NA,NA,NO_EVENT,NA,NA,NA,NA,NA,NA,NA,NA,NA,NA
NEG_2249,1:3,0,3,East Khasi Block,25.252205,91.982688,3273.1,1423.44,27.53,130.35,0.000769,-0.000233,5.1696,40.0363,10,Tree cover,0.800,27.8,51.4,1.43,4.9,Siliciclastic Sedimentary,SS,2120.9,37.0,NA,NA,NO_EVENT,NA,NA,NA,NA,NA,NA,NA,NA,NA,NA
NEG_2250,1:3,0,1,Garo Hills Block,25.884059,90.855627,18056.4,357.31,34.94,130.48,0.000333,0.000057,4.5818,21.0403,10,Tree cover,0.787,27.7,45.9,1.37,5.4,Mixed Sedimentary,SM,1056.9,6911.3,NA,NA,NO_EVENT,NA,NA,NA,NA,NA,NA,NA,NA,NA,NA
NEG_2251,1:3,0,1,Garo Hills Block,25.206418,89.808028,31984.7,102.07,33.41,36.29,-0.002447,0.000692,4.5960,30.3882,10,Tree cover,0.818,29.3,46.8,1.43,5.2,Mixed Sedimentary,SM,758.2,1001.5,NA,NA,NO_EVENT,NA,NA,NA,NA,NA,NA,NA,NA,NA,NA
NEG_2252,1:3,0,1,Garo Hills Block,25.506976,90.874920,7192.0,434.71,27.34,219.92,-0.000302,-0.001439,4.5867,18.7107,10,Tree cover,0.662,23.2,45.3,1.34,5.4,Mixed Sedimentary,SM,270.7,3874.9,NA,NA,NO_EVENT,NA,NA,NA,NA,NA,NA,NA,NA,NA,NA
NEG_2253,1:3,0,1,Garo Hills Block,25.619303,90.373525,3474.6,57.65,29.16,296.99,0.001686,0.001403,4.2719,34.2897,10,Tree cover,0.653,27.0,44.7,1.32,4.8,Mixed Sedimentary,SM,3316.8,2000.6,NA,NA,NO_EVENT,NA,NA,NA,NA,NA,NA,NA,NA,NA,NA
NEG_2254,1:3,0,1,Garo Hills Block,25.948439,90.586153,22895.7,72.13,25.25,63.84,-0.004534,-0.000035,5.3618,19.7457,10,Tree cover,0.816,25.2,52.6,1.39,5.0,Mixed Sedimentary,SM,814.8,3475.0,NA,NA,NO_EVENT,NA,NA,NA,NA,NA,NA,NA,NA,NA,NA
NEG_2255,1:3,0,2,West Khasi Block,25.264544,91.266178,4983.3,861.17,25.30,91.72,-0.000500,0.002243,5.3633,40.9591,10,Tree cover,0.794,27.4,53.1,1.42,4.8,Siliciclastic Sedimentary,SS,1581.7,536.1,NA,NA,NO_EVENT,NA,NA,NA,NA,NA,NA,NA,NA,NA,NA
NEG_2256,1:3,0,1,Garo Hills Block,25.558759,90.456010,8629.0,105.53,14.16,317.34,-0.004020,-0.000527,5.5074,19.1789,40,Cropland,0.649,24.7,47.6,1.33,4.8,Mixed Sedimentary,SM,1079.8,881.1,NA,NA,NO_EVENT,NA,NA,NA,NA,NA,NA,NA,NA,NA,NA
NEG_2257,1:3,0,1,Garo Hills Block,25.313610,90.317601,12262.2,83.85,26.06,91.88,0.003184,0.000433,5.3039,48.7948,10,Tree cover,0.767,25.5,44.1,1.41,4.9,Mixed Sedimentary,SM,2853.7,2382.0,NA,NA,NO_EVENT,NA,NA,NA,NA,NA,NA,NA,NA,NA,NA
NEG_2258,1:3,0,4,Ri-Bhoi Block,25.795937,92.148772,537.6,1317.14,26.96,147.64,0.002283,-0.001549,4.9799,40.2427,10,Tree cover,0.734,30.0,46.9,1.29,5.1,Metamorphic,MT,1385.6,572.4,NA,NA,NO_EVENT,NA,NA,NA,NA,NA,NA,NA,NA,NA,NA
NEG_2259,1:3,0,3,East Khasi Block,25.519315,91.977965,2010.8,1719.45,19.20,221.07,-0.001164,-0.000570,5.1990,18.0553,10,Tree cover,0.699,29.9,42.5,1.33,4.5,Metamorphic,MT,644.8,913.2,NA,NA,NO_EVENT,NA,NA,NA,NA,NA,NA,NA,NA,NA,NA
NEG_2260,1:3,0,1,Garo Hills Block,25.814810,90.221740,16636.0,74.81,21.64,148.52,-0.004837,-0.000081,5.4736,32.0536,10,Tree cover,0.746,29.8,46.1,1.35,5.1,Mixed Sedimentary,SM,2486.4,4421.8,NA,NA,NO_EVENT,NA,NA,NA,NA,NA,NA,NA,NA,NA,NA
NEG_2261,1:3,0,4,Ri-Bhoi Block,26.063472,92.304147,6313.7,909.95,26.19,8.01,0.000496,0.000864,4.9517,44.4772,10,Tree cover,0.828,34.7,43.4,1.38,4.9,Metamorphic,MT,580.6,2177.6,NA,NA,NO_EVENT,NA,NA,NA,NA,NA,NA,NA,NA,NA,NA
NEG_2262,1:3,0,1,Garo Hills Block,25.240842,90.367803,15453.4,25.00,33.11,62.83,-0.001966,-0.001032,4.7042,41.0078,10,Tree cover,0.805,28.2,44.6,1.43,4.8,Mixed Sedimentary,SM,5277.4,3206.1,NA,NA,NO_EVENT,NA,NA,NA,NA,NA,NA,NA,NA,NA,NA
NEG_2263,1:3,0,1,Garo Hills Block,25.155714,90.222055,10973.9,59.81,16.79,164.74,0.002699,0.000282,5.7479,18.6729,10,Tree cover,0.829,30.2,46.1,1.44,5.1,Mixed Sedimentary,SM,1950.6,1222.2,NA,NA,NO_EVENT,NA,NA,NA,NA,NA,NA,NA,NA,NA,NA
NEG_2264,1:3,0,4,Ri-Bhoi Block,25.828015,91.232445,6710.5,795.90,22.57,63.95,-0.004973,-0.000005,5.4427,29.8026,10,Tree cover,0.754,31.1,40.6,1.30,4.7,Metamorphic,MT,833.8,5566.0,NA,NA,NO_EVENT,NA,NA,NA,NA,NA,NA,NA,NA,NA,NA
NEG_2265,1:3,0,4,Ri-Bhoi Block,25.865569,92.076077,5859.4,1392.84,29.60,138.06,0.001597,-0.002005,4.9780,23.9208,10,Tree cover,0.776,32.4,45.9,1.31,5.0,Metamorphic,MT,1433.7,7597.6,NA,NA,NO_EVENT,NA,NA,NA,NA,NA,NA,NA,NA,NA,NA
NEG_2266,1:3,0,1,Garo Hills Block,25.039824,90.750922,22402.1,59.93,27.51,221.15,-0.003126,0.001059,4.4788,33.1191,10,Tree cover,0.812,28.7,50.4,1.43,5.3,Mixed Sedimentary,SM,441.1,113.0,NA,NA,NO_EVENT,NA,NA,NA,NA,NA,NA,NA,NA,NA,NA
NEG_2267,1:3,0,1,Garo Hills Block,25.708848,89.828502,21618.2,25.00,28.63,332.98,-0.004172,0.000395,4.5101,51.9890,10,Tree cover,0.683,29.8,47.7,1.32,5.2,Mixed Sedimentary,SM,467.7,468.2,NA,NA,NO_EVENT,NA,NA,NA,NA,NA,NA,NA,NA,NA,NA
NEG_2268,1:3,0,1,Garo Hills Block,25.758747,90.609378,17312.6,50.71,23.02,354.78,-0.000286,-0.000436,5.1491,43.2789,10,Tree cover,0.711,30.3,53.0,1.33,5.0,Mixed Sedimentary,SM,1594.3,2210.3,NA,NA,NO_EVENT,NA,NA,NA,NA,NA,NA,NA,NA,NA,NA
NEG_2269,1:3,0,4,Ri-Bhoi Block,25.763000,92.216993,8259.1,1288.66,19.23,9.81,-0.000212,-0.001448,5.4694,38.6575,10,Tree cover,0.713,28.9,46.2,1.28,5.1,Metamorphic,MT,579.0,5294.8,NA,NA,NO_EVENT,NA,NA,NA,NA,NA,NA,NA,NA,NA,NA
NEG_2270,1:3,0,1,Garo Hills Block,25.351338,89.909914,15484.7,25.00,14.69,44.77,0.000225,0.002047,6.1515,35.0755,40,Cropland,0.502,24.1,51.2,1.40,5.4,Mixed Sedimentary,SM,2071.6,3158.9,NA,NA,NO_EVENT,NA,NA,NA,NA,NA,NA,NA,NA,NA,NA
NEG_2271,1:3,0,1,Garo Hills Block,26.027401,90.852799,29393.9,240.03,30.71,150.73,0.001831,0.000144,4.7273,39.6776,10,Tree cover,0.830,22.9,46.0,1.42,5.4,Mixed Sedimentary,SM,1371.0,376.2,NA,NA,NO_EVENT,NA,NA,NA,NA,NA,NA,NA,NA,NA,NA
NEG_2272,1:3,0,2,West Khasi Block,25.135000,91.300163,9909.4,848.89,18.73,176.42,-0.000039,-0.002967,5.5106,18.0073,10,Tree cover,0.830,30.3,52.8,1.44,4.8,Siliciclastic Sedimentary,SS,31.0,1751.3,NA,NA,NO_EVENT,NA,NA,NA,NA,NA,NA,NA,NA,NA,NA
NEG_2273,1:3,0,1,Garo Hills Block,25.849945,90.476024,7578.4,128.13,26.16,37.83,-0.003972,0.000084,5.2177,26.4522,10,Tree cover,0.767,28.9,48.5,1.36,4.8,Mixed Sedimentary,SM,100.2,72.2,NA,NA,NO_EVENT,NA,NA,NA,NA,NA,NA,NA,NA,NA,NA
NEG_2274,1:3,0,1,Garo Hills Block,25.311049,90.540281,12784.8,33.90,24.07,50.30,-0.000051,0.000756,5.4654,46.2865,10,Tree cover,0.769,25.6,51.2,1.41,4.9,Mixed Sedimentary,SM,3588.5,2439.0,NA,NA,NO_EVENT,NA,NA,NA,NA,NA,NA,NA,NA,NA,NA
NEG_2275,1:3,0,1,Garo Hills Block,26.091007,90.402081,33684.5,46.45,28.48,347.79,0.001469,0.001094,4.6587,50.9841,10,Tree cover,0.822,22.5,45.5,1.43,4.8,Mixed Sedimentary,SM,152.0,4026.9,NA,NA,NO_EVENT,NA,NA,NA,NA,NA,NA,NA,NA,NA,NA
NEG_2276,1:3,0,5,Jaintia Hills Block,25.641562,92.622057,10579.7,776.84,31.67,227.48,-0.000753,0.000582,4.0943,42.3837,10,Tree cover,0.658,27.2,40.4,1.29,4.7,Metamorphic,MT,1028.9,5706.7,NA,NA,NO_EVENT,NA,NA,NA,NA,NA,NA,NA,NA,NA,NA
NEG_2277,1:3,0,5,Jaintia Hills Block,25.178648,92.761105,13816.9,503.85,21.68,146.38,0.003928,-0.000625,5.4428,21.3540,10,Tree cover,0.825,29.9,45.2,1.44,5.3,Siliciclastic Sedimentary,SS,5588.6,1446.1,NA,NA,NO_EVENT,NA,NA,NA,NA,NA,NA,NA,NA,NA,NA
NEG_2278,1:3,0,4,Ri-Bhoi Block,26.043275,92.497945,25743.5,788.92,26.43,55.25,-0.003392,0.000503,5.0112,40.4886,10,Tree cover,0.830,35.0,38.1,1.37,4.5,Metamorphic,MT,795.1,6451.3,NA,NA,NO_EVENT,NA,NA,NA,NA,NA,NA,NA,NA,NA,NA
NEG_2279,1:3,0,3,East Khasi Block,25.251721,91.733868,1007.5,1443.66,26.46,42.87,0.000831,-0.000047,5.2545,39.0638,60,Bare / sparse vegetation,0.399,27.9,48.6,1.43,5.1,Siliciclastic Sedimentary,SS,12.1,265.6,NA,NA,NO_EVENT,NA,NA,NA,NA,NA,NA,NA,NA,NA,NA
NEG_2280,1:3,0,4,Ri-Bhoi Block,25.841763,92.807385,18854.7,415.81,24.51,110.05,0.000533,-0.001287,5.3281,27.6803,10,Tree cover,0.762,31.6,46.6,1.30,5.1,Metamorphic,MT,2799.9,3211.3,NA,NA,NO_EVENT,NA,NA,NA,NA,NA,NA,NA,NA,NA,NA
NEG_2281,1:3,0,5,Jaintia Hills Block,25.214858,92.136379,3213.9,1243.79,34.26,131.14,-0.003600,-0.000811,4.5520,33.3324,10,Tree cover,0.816,41.6,25.8,1.34,5.6,Carbonate Sedimentary,SC,1242.5,1406.4,NA,NA,NO_EVENT,NA,NA,NA,NA,NA,NA,NA,NA,NA,NA
NEG_2282,1:3,0,1,Garo Hills Block,25.385905,90.335661,17199.7,121.32,28.15,75.50,-0.000210,-0.001204,4.9771,45.2691,10,Tree cover,0.722,23.2,44.1,1.38,4.9,Mixed Sedimentary,SM,922.8,37.3,NA,NA,NO_EVENT,NA,NA,NA,NA,NA,NA,NA,NA,NA,NA
NEG_2283,1:3,0,5,Jaintia Hills Block,25.475087,92.221200,3577.5,1317.68,28.70,298.96,0.003510,-0.000755,4.5927,23.2927,10,Tree cover,0.674,31.4,46.1,1.35,5.0,Metamorphic,MT,307.4,1679.4,NA,NA,NO_EVENT,NA,NA,NA,NA,NA,NA,NA,NA,NA,NA
NEG_2284,1:3,0,2,West Khasi Block,25.522038,91.439445,894.5,1310.67,20.49,214.81,-0.000696,-0.002539,5.0877,18.0182,10,Tree cover,0.658,29.8,46.9,1.33,5.1,Metamorphic,MT,8.2,201.1,NA,NA,NO_EVENT,NA,NA,NA,NA,NA,NA,NA,NA,NA,NA
NEG_2285,1:3,0,4,Ri-Bhoi Block,26.094772,91.017283,29622.4,414.88,27.33,342.86,-0.002678,-0.001120,4.7359,49.9868,10,Tree cover,0.821,34.0,39.4,1.38,4.6,Metamorphic,MT,147.5,684.1,NA,NA,NO_EVENT,NA,NA,NA,NA,NA,NA,NA,NA,NA,NA
NEG_2286,1:3,0,1,Garo Hills Block,25.684633,90.913995,9828.4,549.35,28.47,243.57,-0.000435,0.000996,4.4456,49.2331,60,Bare / sparse vegetation,0.320,29.2,44.4,1.32,5.4,Mixed Sedimentary,SM,18.7,1925.3,NA,NA,NO_EVENT,NA,NA,NA,NA,NA,NA,NA,NA,NA,NA
NEG_2287,1:3,0,3,East Khasi Block,25.444208,91.921704,5756.3,1694.57,34.73,174.82,-0.000162,0.000202,4.2324,33.2580,10,Tree cover,0.688,32.5,40.3,1.36,4.4,Metamorphic,MT,1151.3,560.8,NA,NA,NO_EVENT,NA,NA,NA,NA,NA,NA,NA,NA,NA,NA
NEG_2288,1:3,0,4,Ri-Bhoi Block,26.032918,91.454195,11767.9,899.03,24.39,156.48,-0.001838,-0.001732,5.2130,36.4761,10,Tree cover,0.830,35.1,46.9,1.37,5.1,Metamorphic,MT,2170.6,123.2,NA,NA,NO_EVENT,NA,NA,NA,NA,NA,NA,NA,NA,NA,NA
NEG_2289,1:3,0,1,Garo Hills Block,25.849872,90.072080,22734.1,25.00,35.08,128.12,0.002994,-0.001196,4.5040,29.3562,10,Tree cover,0.779,28.9,52.2,1.36,5.3,Mixed Sedimentary,SM,520.1,1679.8,NA,NA,NO_EVENT,NA,NA,NA,NA,NA,NA,NA,NA,NA,NA
NEG_2290,1:3,0,2,West Khasi Block,25.248051,91.331502,3766.0,960.54,33.90,124.60,-0.001019,0.001756,4.6536,43.8467,10,Tree cover,0.802,28.0,52.1,1.43,4.8,Siliciclastic Sedimentary,SS,2042.5,658.1,NA,NA,NO_EVENT,NA,NA,NA,NA,NA,NA,NA,NA,NA,NA
NEG_2291,1:3,0,1,Garo Hills Block,25.041613,90.571208,19728.5,69.01,35.32,306.98,0.002625,0.001410,3.8583,36.8079,10,Tree cover,0.770,28.8,52.2,1.43,4.9,Mixed Sedimentary,SM,381.5,602.6,NA,NA,NO_EVENT,NA,NA,NA,NA,NA,NA,NA,NA,NA,NA
NEG_2292,1:3,0,1,Garo Hills Block,25.578793,89.845632,13507.7,85.90,22.87,315.90,0.004916,-0.000046,4.7830,22.7034,10,Tree cover,0.650,25.4,48.4,1.33,5.3,Mixed Sedimentary,SM,745.8,186.4,NA,NA,NO_EVENT,NA,NA,NA,NA,NA,NA,NA,NA,NA,NA
NEG_2293,1:3,0,2,West Khasi Block,25.305710,91.367794,2610.0,1042.34,27.25,131.22,0.004476,-0.000289,5.2150,49.5692,10,Tree cover,0.772,25.8,50.9,1.41,4.8,Siliciclastic Sedimentary,SS,21.4,3160.0,NA,NA,NO_EVENT,NA,NA,NA,NA,NA,NA,NA,NA,NA,NA
NEG_2294,1:3,0,5,Jaintia Hills Block,25.639001,92.623543,10472.9,775.25,31.63,227.50,-0.000438,0.000695,4.0939,41.6029,10,Tree cover,0.657,27.2,40.5,1.29,4.7,Metamorphic,MT,1348.0,5809.4,NA,NA,NO_EVENT,NA,NA,NA,NA,NA,NA,NA,NA,NA,NA
NEG_2295,1:3,0,4,Ri-Bhoi Block,25.716973,91.064944,2178.1,640.70,26.27,335.02,-0.002292,0.001162,4.7277,49.4772,10,Tree cover,0.688,27.8,38.4,1.28,4.5,Metamorphic,MT,664.2,8129.4,NA,NA,NO_EVENT,NA,NA,NA,NA,NA,NA,NA,NA,NA,NA
NEG_2296,1:3,0,4,Ri-Bhoi Block,26.024779,92.193893,5679.8,1123.09,28.16,103.75,-0.000716,-0.002522,4.9405,37.1774,10,Tree cover,0.830,35.1,46.6,1.37,5.1,Metamorphic,MT,1299.7,2789.1,NA,NA,NO_EVENT,NA,NA,NA,NA,NA,NA,NA,NA,NA,NA
NEG_2297,1:3,0,1,Garo Hills Block,25.236010,90.199069,2570.8,101.87,26.12,137.53,0.002053,-0.001612,5.2539,34.9478,10,Tree cover,0.807,28.4,47.0,1.43,5.1,Mixed Sedimentary,SM,142.7,1024.0,NA,NA,NO_EVENT,NA,NA,NA,NA,NA,NA,NA,NA,NA,NA
NEG_2298,1:3,0,4,Ri-Bhoi Block,25.749877,91.507644,6559.7,1261.63,14.44,189.85,0.001130,0.001656,5.8002,34.4678,10,Tree cover,0.706,28.5,46.4,1.28,5.1,Metamorphic,MT,547.0,5477.4,NA,NA,NO_EVENT,NA,NA,NA,NA,NA,NA,NA,NA,NA,NA
NEG_2299,1:3,0,4,Ri-Bhoi Block,25.872848,92.053355,3508.7,1403.57,27.18,138.01,0.000199,-0.002802,5.1853,22.0979,10,Tree cover,0.781,32.7,45.2,1.31,4.7,Metamorphic,MT,92.0,9214.9,NA,NA,NO_EVENT,NA,NA,NA,NA,NA,NA,NA,NA,NA,NA
NEG_2300,1:3,0,4,Ri-Bhoi Block,25.695228,92.808466,29250.4,606.06,22.36,247.52,-0.000723,-0.000222,4.9665,43.6386,10,Tree cover,0.677,27.4,46.6,1.28,5.1,Metamorphic,MT,255.5,562.7,NA,NA,NO_EVENT,NA,NA,NA,NA,NA,NA,NA,NA,NA,NA
NEG_2301,1:3,0,1,Garo Hills Block,25.596277,90.144973,8918.1,57.14,21.26,225.42,0.001872,0.001496,4.9004,25.3526,10,Tree cover,0.650,26.1,49.4,1.32,5.2,Mixed Sedimentary,SM,4739.9,4571.9,NA,NA,NO_EVENT,NA,NA,NA,NA,NA,NA,NA,NA,NA,NA
NEG_2302,1:3,0,1,Garo Hills Block,25.914535,90.568153,18873.5,43.58,30.35,58.21,-0.002030,-0.001782,4.9717,18.0303,10,Tree cover,0.802,26.5,52.1,1.38,4.9,Mixed Sedimentary,SM,952.7,3786.1,NA,NA,NO_EVENT,NA,NA,NA,NA,NA,NA,NA,NA,NA,NA
NEG_2303,1:3,0,4,Ri-Bhoi Block,25.859486,92.719177,21574.1,649.88,33.54,137.61,-0.002738,0.001150,4.6499,26.2299,10,Tree cover,0.773,32.2,44.1,1.31,4.9,Metamorphic,MT,418.6,257.4,NA,NA,NO_EVENT,NA,NA,NA,NA,NA,NA,NA,NA,NA,NA
NEG_2304,1:3,0,4,Ri-Bhoi Block,25.772539,91.617892,3869.8,1355.28,24.15,16.22,0.001379,-0.000645,5.1138,42.4599,10,Tree cover,0.719,29.2,43.0,1.28,4.8,Metamorphic,MT,3629.1,159.5,NA,NA,NO_EVENT,NA,NA,NA,NA,NA,NA,NA,NA,NA,NA
NEG_2305,1:3,0,1,Garo Hills Block,25.517217,90.911450,9085.5,432.08,21.73,240.37,0.000145,-0.002912,5.0029,18.1127,10,Tree cover,0.659,23.4,44.4,1.34,5.4,Mixed Sedimentary,SM,12.5,5603.6,NA,NA,NO_EVENT,NA,NA,NA,NA,NA,NA,NA,NA,NA,NA
NEG_2306,1:3,0,3,East Khasi Block,25.401245,91.740937,2602.8,1498.20,21.75,23.83,0.002055,-0.000437,5.4363,36.3275,10,Tree cover,0.713,33.9,38.8,1.37,4.3,Metamorphic,MT,855.6,613.8,NA,NA,NO_EVENT,NA,NA,NA,NA,NA,NA,NA,NA,NA,NA
NEG_2307,1:3,0,4,Ri-Bhoi Block,25.831375,91.869477,2544.4,1380.01,32.39,71.27,0.004780,0.000129,4.6675,33.9057,10,Tree cover,0.756,31.2,38.8,1.30,4.6,Metamorphic,MT,52.4,3222.1,NA,NA,NO_EVENT,NA,NA,NA,NA,NA,NA,NA,NA,NA,NA
NEG_2308,1:3,0,2,West Khasi Block,25.234283,91.306661,6460.0,884.44,31.47,116.33,-0.000837,0.002361,4.8223,37.8987,10,Tree cover,0.808,28.5,52.7,1.43,4.8,Siliciclastic Sedimentary,SS,904.9,93.0,NA,NA,NO_EVENT,NA,NA,NA,NA,NA,NA,NA,NA,NA,NA
NEG_2309,1:3,0,4,Ri-Bhoi Block,25.874971,91.250897,8557.4,796.05,26.05,82.26,-0.001287,-0.001316,5.2793,21.5823,10,Tree cover,0.782,32.7,41.3,1.31,4.7,Metamorphic,MT,2654.5,4849.1,NA,NA,NO_EVENT,NA,NA,NA,NA,NA,NA,NA,NA,NA,NA
NEG_2310,1:3,0,5,Jaintia Hills Block,25.599553,92.151965,6050.9,1459.41,29.20,242.85,0.002071,0.001589,4.2644,28.9403,10,Tree cover,0.651,27.7,46.9,1.30,4.8,Metamorphic,MT,750.6,1651.4,NA,NA,NO_EVENT,NA,NA,NA,NA,NA,NA,NA,NA,NA,NA
NEG_2311,1:3,0,4,Ri-Bhoi Block,25.734167,91.048502,3940.2,640.05,21.78,342.41,-0.000400,0.002328,5.1513,43.8806,10,Tree cover,0.697,28.1,38.7,1.28,4.5,Metamorphic,MT,1251.2,6479.0,NA,NA,NO_EVENT,NA,NA,NA,NA,NA,NA,NA,NA,NA,NA
NEG_2312,1:3,0,1,Garo Hills Block,25.987046,90.295830,26231.1,118.25,23.85,107.75,-0.000476,0.002386,5.4007,25.8510,10,Tree cover,0.826,23.9,44.2,1.40,4.9,Mixed Sedimentary,SM,147.1,1385.3,NA,NA,NO_EVENT,NA,NA,NA,NA,NA,NA,NA,NA,NA,NA
NEG_2313,1:3,0,1,Garo Hills Block,26.095158,90.162500,43832.5,77.99,26.00,191.20,0.000133,0.001434,4.8408,48.4597,10,Tree cover,0.821,22.6,48.7,1.43,5.2,Mixed Sedimentary,SM,6109.7,2128.6,NA,NA,NO_EVENT,NA,NA,NA,NA,NA,NA,NA,NA,NA,NA
NEG_2314,1:3,0,5,Jaintia Hills Block,25.036146,92.514558,6911.9,785.93,27.19,273.72,-0.002641,0.001360,4.4958,33.9018,10,Tree cover,0.810,28.6,53.1,1.43,5.2,Siliciclastic Sedimentary,SS,2268.5,1232.9,NA,NA,NO_EVENT,NA,NA,NA,NA,NA,NA,NA,NA,NA,NA
NEG_2315,1:3,0,5,Jaintia Hills Block,25.284550,92.025584,6512.0,1434.16,20.96,134.27,-0.001659,0.001996,5.7226,40.0914,10,Tree cover,0.784,26.6,49.6,1.42,4.8,Siliciclastic Sedimentary,SS,688.1,2293.6,NA,NA,NO_EVENT,NA,NA,NA,NA,NA,NA,NA,NA,NA,NA
NEG_2316,1:3,0,4,Ri-Bhoi Block,25.895897,92.419908,25629.4,967.53,33.68,49.22,-0.000163,0.002891,4.6957,19.2663,10,Tree cover,0.793,33.4,39.3,1.32,4.6,Metamorphic,MT,238.5,1578.5,NA,NA,NO_EVENT,NA,NA,NA,NA,NA,NA,NA,NA,NA,NA
NEG_2317,1:3,0,1,Garo Hills Block,26.090922,90.696821,42179.4,36.41,25.74,195.09,-0.003187,0.000831,4.8782,47.8030,10,Tree cover,0.822,22.5,52.3,1.43,5.2,Mixed Sedimentary,SM,556.0,2702.8,NA,NA,NO_EVENT,NA,NA,NA,NA,NA,NA,NA,NA,NA,NA
NEG_2318,1:3,0,1,Garo Hills Block,25.787063,90.151970,13316.2,86.08,17.67,165.49,0.000875,-0.002286,5.6892,33.9290,10,Tree cover,0.728,30.2,49.1,1.34,5.2,Mixed Sedimentary,SM,341.9,2713.7,NA,NA,NO_EVENT,NA,NA,NA,NA,NA,NA,NA,NA,NA,NA
NEG_2319,1:3,0,5,Jaintia Hills Block,25.459354,92.386314,8109.9,1148.57,34.43,352.72,-0.003962,-0.000509,4.1959,28.5117,10,Tree cover,0.681,32.0,40.3,1.36,4.6,Metamorphic,MT,149.8,1273.9,NA,NA,NO_EVENT,NA,NA,NA,NA,NA,NA,NA,NA,NA,NA
NEG_2320,1:3,0,3,East Khasi Block,25.417071,91.602841,3561.9,1461.37,32.74,49.45,-0.003632,-0.000304,4.4984,40.8341,10,Tree cover,0.703,33.4,43.6,1.37,4.6,Metamorphic,MT,149.5,704.3,NA,NA,NO_EVENT,NA,NA,NA,NA,NA,NA,NA,NA,NA,NA
NEG_2321,1:3,0,3,East Khasi Block,25.564075,91.770152,2024.9,1740.99,14.54,315.48,-0.003072,0.000491,5.4682,19.6144,10,Tree cover,0.835,28.5,38.3,1.31,4.3,Metamorphic,MT,295.8,512.4,NA,NA,NO_EVENT,NA,NA,NA,NA,NA,NA,NA,NA,NA,NA
NEG_2322,1:3,0,1,Garo Hills Block,26.070726,89.969993,49264.1,50.67,28.27,7.15,-0.004926,-0.000044,4.7564,47.9330,10,Tree cover,0.826,22.5,52.8,1.43,5.4,Mixed Sedimentary,SM,600.8,305.3,NA,NA,NO_EVENT,NA,NA,NA,NA,NA,NA,NA,NA,NA,NA
NEG_2323,1:3,0,5,Jaintia Hills Block,25.639878,92.432238,3736.5,1056.54,34.87,309.38,0.000092,0.002941,3.8359,44.3050,10,Tree cover,0.657,27.2,38.9,1.29,4.6,Metamorphic,MT,104.3,191.2,NA,NA,NO_EVENT,NA,NA,NA,NA,NA,NA,NA,NA,NA,NA
NEG_2324,1:3,0,1,Garo Hills Block,25.539893,90.039508,6071.1,25.00,23.83,248.06,0.000125,0.002185,4.7730,18.3806,10,Tree cover,0.654,24.1,52.9,1.33,5.4,Mixed Sedimentary,SM,818.4,827.7,NA,NA,NO_EVENT,NA,NA,NA,NA,NA,NA,NA,NA,NA,NA
NEG_2325,1:3,0,1,Garo Hills Block,25.625383,90.812825,1239.3,319.96,32.23,224.96,0.000615,-0.002522,4.0307,37.8848,10,Tree cover,0.654,27.2,47.7,1.32,5.4,Mixed Sedimentary,SM,582.9,4087.0,NA,NA,NO_EVENT,NA,NA,NA,NA,NA,NA,NA,NA,NA,NA
NEG_2326,1:3,0,5,Jaintia Hills Block,25.187337,92.389555,1379.5,1039.30,29.49,28.30,-0.003842,0.000380,4.8485,24.3323,10,Tree cover,0.824,40.7,31.9,1.33,5.5,Carbonate Sedimentary,SC,754.1,966.6,NA,NA,NO_EVENT,NA,NA,NA,NA,NA,NA,NA,NA,NA,NA
NEG_2327,1:3,0,5,Jaintia Hills Block,25.583327,92.646493,9647.6,803.87,25.24,225.74,0.003329,0.000577,4.5893,24.0443,10,Tree cover,0.650,28.0,41.3,1.31,4.7,Metamorphic,MT,4630.7,733.9,NA,NA,NO_EVENT,NA,NA,NA,NA,NA,NA,NA,NA,NA,NA
NEG_2328,1:3,0,4,Ri-Bhoi Block,25.890498,91.913564,4309.8,1330.60,33.74,102.77,-0.000110,0.002904,4.6856,19.9478,10,Tree cover,0.790,33.2,40.1,1.32,4.6,Metamorphic,MT,20.6,7361.4,NA,NA,NO_EVENT,NA,NA,NA,NA,NA,NA,NA,NA,NA,NA
NEG_2329,1:3,0,2,West Khasi Block,25.025428,91.104862,19491.6,468.38,35.98,318.69,0.002213,0.000089,3.7701,42.7334,10,Tree cover,0.765,28.3,48.5,1.43,5.1,Siliciclastic Sedimentary,SS,412.5,519.5,NA,NA,NO_EVENT,NA,NA,NA,NA,NA,NA,NA,NA,NA,NA
NEG_2330,1:3,0,5,Jaintia Hills Block,25.233285,92.577934,11235.4,746.33,27.34,123.00,-0.001813,0.001910,5.1506,35.0257,10,Tree cover,0.809,28.5,52.4,1.43,5.3,Siliciclastic Sedimentary,SS,8062.6,2947.7,NA,NA,NO_EVENT,NA,NA,NA,NA,NA,NA,NA,NA,NA,NA
NEG_2331,1:3,0,1,Garo Hills Block,25.208551,90.672483,4056.6,31.13,26.11,118.07,0.000722,-0.000945,5.1862,28.1789,10,Tree cover,0.818,29.2,52.8,1.43,5.1,Mixed Sedimentary,SM,538.5,681.7,NA,NA,NO_EVENT,NA,NA,NA,NA,NA,NA,NA,NA,NA,NA
NEG_2332,1:3,0,1,Garo Hills Block,25.578184,90.603259,9165.2,28.34,25.20,287.86,0.004951,-0.000003,4.5972,23.0719,10,Tree cover,0.650,25.4,52.9,1.33,5.0,Mixed Sedimentary,SM,1716.8,4840.4,NA,NA,NO_EVENT,NA,NA,NA,NA,NA,NA,NA,NA,NA,NA
NEG_2333,1:3,0,3,East Khasi Block,25.246654,91.627253,2999.3,1262.13,35.76,62.25,-0.001297,-0.001276,4.5025,44.8018,10,Tree cover,0.857,28.0,44.6,1.43,5.2,Siliciclastic Sedimentary,SS,2162.1,770.6,NA,NA,NO_EVENT,NA,NA,NA,NA,NA,NA,NA,NA,NA,NA
NEG_2334,1:3,0,1,Garo Hills Block,25.116044,89.977412,28405.0,68.24,17.85,330.02,-0.002024,-0.000151,5.5055,18.3799,10,Tree cover,0.829,30.2,52.9,1.44,5.4,Mixed Sedimentary,SM,760.0,19.3,NA,NA,NO_EVENT,NA,NA,NA,NA,NA,NA,NA,NA,NA,NA
NEG_2335,1:3,0,3,East Khasi Block,25.422025,91.998027,1571.1,1584.79,25.24,164.28,0.003877,-0.000525,5.0793,34.4123,10,Tree cover,0.701,33.2,43.3,1.37,4.6,Metamorphic,MT,160.4,1319.7,NA,NA,NO_EVENT,NA,NA,NA,NA,NA,NA,NA,NA,NA,NA
NEG_2336,1:3,0,2,West Khasi Block,25.619191,91.089773,4687.3,715.35,32.26,314.95,0.001807,-0.001100,4.0238,35.9871,10,Tree cover,0.653,27.4,38.1,1.30,4.5,Metamorphic,MT,3639.6,1198.6,NA,NA,NO_EVENT,NA,NA,NA,NA,NA,NA,NA,NA,NA,NA
NEG_2337,1:3,0,1,Garo Hills Block,25.631012,90.914627,10723.7,527.48,28.78,250.67,0.000042,0.002973,4.3121,37.3068,10,Tree cover,0.655,27.4,44.4,1.32,5.4,Mixed Sedimentary,SM,877.2,1124.3,NA,NA,NO_EVENT,NA,NA,NA,NA,NA,NA,NA,NA,NA,NA
NEG_2338,1:3,0,1,Garo Hills Block,26.031038,89.967460,45431.4,91.56,23.53,48.24,-0.002206,-0.000516,5.2886,35.4133,10,Tree cover,0.830,22.9,52.8,1.42,5.4,Mixed Sedimentary,SM,251.0,1247.1,NA,NA,NO_EVENT,NA,NA,NA,NA,NA,NA,NA,NA,NA,NA
NEG_2339,1:3,0,4,Ri-Bhoi Block,25.747263,92.518412,16416.7,937.68,15.57,276.19,0.001239,0.001921,5.6994,35.9188,10,Tree cover,0.704,28.5,38.1,1.28,4.5,Metamorphic,MT,1039.7,4566.3,NA,NA,NO_EVENT,NA,NA,NA,NA,NA,NA,NA,NA,NA,NA
NEG_2340,1:3,0,1,Garo Hills Block,25.888195,90.361325,13461.6,25.00,32.51,67.57,-0.000179,0.000678,4.7814,20.1962,10,Tree cover,0.789,27.6,44.5,1.37,4.8,Mixed Sedimentary,SM,2538.6,6688.9,NA,NA,NO_EVENT,NA,NA,NA,NA,NA,NA,NA,NA,NA,NA
NEG_2341,1:3,0,3,East Khasi Block,25.339600,91.986996,1865.1,1495.93,15.72,132.88,-0.004480,-0.000039,6.0939,36.7310,10,Tree cover,0.751,35.0,42.8,1.38,4.6,Metamorphic,MT,996.6,2160.1,NA,NA,NO_EVENT,NA,NA,NA,NA,NA,NA,NA,NA,NA,NA
NEG_2342,1:3,0,5,Jaintia Hills Block,25.111012,92.276178,3565.1,1027.92,15.32,341.59,-0.001449,-0.002126,5.6882,18.5499,10,Tree cover,0.829,37.6,30.7,1.31,5.4,Carbonate Sedimentary,SC,1852.7,917.7,NA,NA,NO_EVENT,NA,NA,NA,NA,NA,NA,NA,NA,NA,NA
NEG_2343,1:3,0,4,Ri-Bhoi Block,25.796420,92.025300,2571.6,1498.81,17.08,160.41,-0.002132,0.001587,5.7721,32.0180,10,Tree cover,0.734,30.0,44.3,1.29,4.7,Metamorphic,MT,1113.1,3506.6,NA,NA,NO_EVENT,NA,NA,NA,NA,NA,NA,NA,NA,NA,NA
NEG_2344,1:3,0,3,East Khasi Block,25.128261,91.989170,7133.7,1237.28,15.57,183.10,-0.000557,-0.000248,5.7365,18.0240,10,Tree cover,0.830,30.3,51.1,1.44,5.1,Siliciclastic Sedimentary,SS,126.4,1594.0,NA,NA,NO_EVENT,NA,NA,NA,NA,NA,NA,NA,NA,NA,NA
NEG_2345,1:3,0,4,Ri-Bhoi Block,25.754204,92.334314,19684.7,1142.88,17.32,355.92,-0.000645,0.001933,5.5870,37.4175,10,Tree cover,0.708,28.7,42.2,1.28,4.8,Metamorphic,MT,2405.7,731.4,NA,NA,NO_EVENT,NA,NA,NA,NA,NA,NA,NA,NA,NA,NA
NEG_2346,1:3,0,1,Garo Hills Block,25.064924,89.870488,40061.5,25.00,26.75,327.32,0.004297,-0.000186,4.6091,26.5572,10,Tree cover,0.820,29.4,49.5,1.44,5.3,Mixed Sedimentary,SM,63.6,187.6,NA,NA,NO_EVENT,NA,NA,NA,NA,NA,NA,NA,NA,NA,NA
NEG_2347,1:3,0,1,Garo Hills Block,25.422848,90.253804,9225.8,54.01,29.32,159.01,0.003202,-0.001069,4.7497,36.8345,10,Tree cover,0.700,22.6,45.1,1.37,5.0,Mixed Sedimentary,SM,2298.3,5336.8,NA,NA,NO_EVENT,NA,NA,NA,NA,NA,NA,NA,NA,NA,NA
NEG_2348,1:3,0,5,Jaintia Hills Block,25.623055,92.597914,7441.4,840.06,26.64,234.38,0.001395,-0.001129,4.4761,33.8408,10,Tree cover,0.654,27.4,39.6,1.29,4.6,Metamorphic,MT,1124.1,5275.1,NA,NA,NO_EVENT,NA,NA,NA,NA,NA,NA,NA,NA,NA,NA
NEG_2349,1:3,0,5,Jaintia Hills Block,25.442798,92.377099,9166.4,1131.38,34.01,2.37,-0.004660,0.000107,4.2956,33.3867,10,Tree cover,0.689,32.6,40.6,1.36,4.7,Metamorphic,MT,1477.4,1581.1,NA,NA,NO_EVENT,NA,NA,NA,NA,NA,NA,NA,NA,NA,NA
NEG_2350,1:3,0,1,Garo Hills Block,25.020260,90.313970,27859.5,110.54,35.77,265.68,0.000934,0.002319,3.7775,44.3319,10,Tree cover,0.763,28.1,44.1,1.43,4.9,Mixed Sedimentary,SM,736.8,689.7,NA,NA,NO_EVENT,NA,NA,NA,NA,NA,NA,NA,NA,NA,NA
NEG_2351,1:3,0,1,Garo Hills Block,25.052857,90.800849,24380.7,102.93,31.92,215.73,0.000996,0.001210,4.1598,31.6267,10,Tree cover,0.816,29.1,48.2,1.43,5.4,Mixed Sedimentary,SM,130.5,229.0,NA,NA,NO_EVENT,NA,NA,NA,NA,NA,NA,NA,NA,NA,NA
NEG_2352,1:3,0,1,Garo Hills Block,26.000845,90.095704,37743.2,27.28,24.50,138.95,-0.001411,0.000371,5.3108,29.0986,10,Tree cover,0.828,23.5,51.4,1.41,5.3,Mixed Sedimentary,SM,3344.2,4822.7,NA,NA,NO_EVENT,NA,NA,NA,NA,NA,NA,NA,NA,NA,NA
NEG_2353,1:3,0,1,Garo Hills Block,26.033546,90.173683,37985.0,25.00,22.26,157.86,-0.000623,-0.002510,5.3811,34.9918,10,Tree cover,0.830,22.8,48.2,1.42,5.2,Mixed Sedimentary,SM,1702.5,1871.7,NA,NA,NO_EVENT,NA,NA,NA,NA,NA,NA,NA,NA,NA,NA
NEG_2354,1:3,0,1,Garo Hills Block,25.248990,89.890103,22590.8,87.67,27.58,44.97,-0.000616,-0.002476,5.1607,39.2670,10,Tree cover,0.802,27.9,50.4,1.43,5.3,Mixed Sedimentary,SM,407.6,4692.2,NA,NA,NO_EVENT,NA,NA,NA,NA,NA,NA,NA,NA,NA,NA
NEG_2355,1:3,0,1,Garo Hills Block,25.488650,90.647390,2892.6,61.14,26.96,252.98,-0.001149,-0.002307,4.6810,20.7225,10,Tree cover,0.668,22.8,53.1,1.35,5.1,Mixed Sedimentary,SM,2393.8,893.0,NA,NA,NO_EVENT,NA,NA,NA,NA,NA,NA,NA,NA,NA,NA
NEG_2356,1:3,0,4,Ri-Bhoi Block,25.959498,91.645069,7434.3,1202.58,23.99,55.64,-0.002991,-0.000581,5.4471,21.0383,10,Tree cover,0.819,34.9,41.9,1.35,4.8,Metamorphic,MT,5340.9,8367.7,NA,NA,NO_EVENT,NA,NA,NA,NA,NA,NA,NA,NA,NA,NA
NEG_2357,1:3,0,4,Ri-Bhoi Block,25.683218,91.422328,13137.8,1097.74,30.47,215.08,0.000230,0.001098,4.2815,51.1915,10,Tree cover,0.672,27.3,46.7,1.28,5.1,Metamorphic,MT,587.5,1922.3,NA,NA,NO_EVENT,NA,NA,NA,NA,NA,NA,NA,NA,NA,NA
NEG_2358,1:3,0,2,West Khasi Block,25.119198,91.157307,8929.6,660.25,21.17,351.20,0.000479,0.002709,5.2524,18.2970,10,Tree cover,0.830,30.3,50.8,1.44,5.0,Siliciclastic Sedimentary,SS,586.6,1833.7,NA,NA,NO_EVENT,NA,NA,NA,NA,NA,NA,NA,NA,NA,NA
NEG_2359,1:3,0,4,Ri-Bhoi Block,26.099466,92.347449,11459.5,877.80,29.21,346.34,0.003809,-0.000641,4.5672,52.5481,10,Tree cover,0.820,33.9,41.7,1.38,4.7,Metamorphic,MT,1759.7,5939.6,NA,NA,NO_EVENT,NA,NA,NA,NA,NA,NA,NA,NA,NA,NA
NEG_2360,1:3,0,4,Ri-Bhoi Block,25.984936,92.310840,10965.3,951.05,15.54,42.13,-0.000849,0.002236,6.0708,22.8370,10,Tree cover,0.825,35.1,43.2,1.36,4.8,Metamorphic,MT,808.5,5652.8,NA,NA,NO_EVENT,NA,NA,NA,NA,NA,NA,NA,NA,NA,NA
NEG_2361,1:3,0,1,Garo Hills Block,25.131285,90.493717,16470.4,42.65,16.34,359.16,-0.000168,-0.001157,5.6870,18.0027,10,Tree cover,0.830,30.3,49.3,1.44,4.8,Mixed Sedimentary,SM,753.6,2583.6,NA,NA,NO_EVENT,NA,NA,NA,NA,NA,NA,NA,NA,NA,NA
NEG_2362,1:3,0,1,Garo Hills Block,25.023371,90.725706,22810.1,56.97,26.16,228.42,-0.001973,-0.000240,4.5519,36.4925,10,Tree cover,0.805,28.2,51.4,1.43,5.2,Mixed Sedimentary,SM,333.8,540.2,NA,NA,NO_EVENT,NA,NA,NA,NA,NA,NA,NA,NA,NA,NA
NEG_2363,1:3,0,2,West Khasi Block,25.137296,91.242020,7129.4,779.19,14.09,12.18,0.000550,-0.000750,5.8910,18.0224,10,Tree cover,0.830,30.3,53.0,1.44,4.9,Siliciclastic Sedimentary,SS,181.3,620.8,NA,NA,NO_EVENT,NA,NA,NA,NA,NA,NA,NA,NA,NA,NA
NEG_2364,1:3,0,4,Ri-Bhoi Block,25.751298,92.467241,15563.1,989.06,20.84,349.03,0.001042,-0.001475,5.2938,41.6401,10,Tree cover,0.706,28.6,38.3,1.28,4.5,Metamorphic,MT,1158.7,2649.2,NA,NA,NO_EVENT,NA,NA,NA,NA,NA,NA,NA,NA,NA,NA
NEG_2365,1:3,0,4,Ri-Bhoi Block,25.829155,92.662686,27930.6,766.41,32.44,147.54,0.001734,0.000369,4.6566,34.6123,10,Tree cover,0.755,31.1,41.9,1.30,4.8,Metamorphic,MT,1955.3,4098.4,NA,NA,NO_EVENT,NA,NA,NA,NA,NA,NA,NA,NA,NA,NA
NEG_2366,1:3,0,1,Garo Hills Block,25.078210,89.837148,40525.7,25.00,28.26,332.40,0.004659,-0.000189,4.5317,24.0547,10,Tree cover,0.824,29.7,48.0,1.44,5.3,Mixed Sedimentary,SM,23.4,1681.7,NA,NA,NO_EVENT,NA,NA,NA,NA,NA,NA,NA,NA,NA,NA
NEG_2367,1:3,0,1,Garo Hills Block,25.734245,90.682525,14162.4,179.02,17.16,210.05,0.001221,-0.002162,5.5212,38.3882,10,Tree cover,0.697,30.2,52.6,1.33,5.2,Mixed Sedimentary,SM,787.1,1922.7,NA,NA,NO_EVENT,NA,NA,NA,NA,NA,NA,NA,NA,NA,NA
NEG_2368,1:3,0,1,Garo Hills Block,25.293781,90.809206,8944.4,302.24,27.61,134.60,0.001610,0.001729,5.1909,48.5579,10,Tree cover,0.779,26.2,47.8,1.41,5.4,Mixed Sedimentary,SM,10142.0,3868.4,NA,NA,NO_EVENT,NA,NA,NA,NA,NA,NA,NA,NA,NA,NA
NEG_2369,1:3,0,2,West Khasi Block,25.311380,91.359881,2663.3,1036.29,26.29,130.10,0.004840,-0.000043,5.2875,48.9189,10,Tree cover,0.768,25.6,51.2,1.41,4.8,Siliciclastic Sedimentary,SS,913.2,3788.6,NA,NA,NO_EVENT,NA,NA,NA,NA,NA,NA,NA,NA,NA,NA
NEG_2370,1:3,0,2,West Khasi Block,25.495360,91.362907,4925.4,1150.74,30.66,209.03,-0.001742,-0.000377,4.3609,20.0897,10,Tree cover,0.666,30.7,45.5,1.34,5.0,Metamorphic,MT,830.4,530.4,NA,NA,NO_EVENT,NA,NA,NA,NA,NA,NA,NA,NA,NA,NA
NEG_2371,1:3,0,1,Garo Hills Block,25.746531,90.980748,6230.0,580.97,14.60,335.05,0.001776,0.000016,5.7741,34.8426,10,Tree cover,0.704,30.3,44.3,1.33,5.3,Mixed Sedimentary,SM,144.3,2260.0,NA,NA,NO_EVENT,NA,NA,NA,NA,NA,NA,NA,NA,NA,NA
NEG_2372,1:3,0,1,Garo Hills Block,25.291412,90.306912,10139.2,47.60,29.44,97.88,0.001560,0.001843,5.0447,50.2142,10,Tree cover,0.780,26.3,44.1,1.41,4.9,Mixed Sedimentary,SM,3938.5,3239.5,NA,NA,NO_EVENT,NA,NA,NA,NA,NA,NA,NA,NA,NA,NA
NEG_2373,1:3,0,5,Jaintia Hills Block,25.397432,92.062510,4708.8,1448.64,22.65,154.39,-0.000556,-0.002666,5.3779,37.8334,10,Tree cover,0.715,34.0,45.5,1.37,4.8,Metamorphic,MT,792.6,3669.2,NA,NA,NO_EVENT,NA,NA,NA,NA,NA,NA,NA,NA,NA,NA
NEG_2374,1:3,0,4,Ri-Bhoi Block,25.837241,91.834061,5018.0,1408.11,29.88,51.76,0.003753,-0.000597,4.8857,31.0351,10,Tree cover,0.760,31.4,38.3,1.30,4.3,Metamorphic,MT,2637.5,2543.9,NA,NA,NO_EVENT,NA,NA,NA,NA,NA,NA,NA,NA,NA,NA
NEG_2375,1:3,0,2,West Khasi Block,25.272750,91.593663,882.4,1265.03,31.18,80.68,0.001630,0.001041,4.8998,48.3159,10,Tree cover,0.790,27.1,44.2,1.42,5.2,Siliciclastic Sedimentary,SS,812.5,140.4,NA,NA,NO_EVENT,NA,NA,NA,NA,NA,NA,NA,NA,NA,NA
NEG_2376,1:3,0,2,West Khasi Block,25.636345,91.277012,4054.4,1046.54,27.08,261.78,0.000051,-0.002711,4.4544,37.5345,10,Tree cover,0.657,27.3,42.4,1.29,4.8,Metamorphic,MT,1839.5,2297.4,NA,NA,NO_EVENT,NA,NA,NA,NA,NA,NA,NA,NA,NA,NA
NEG_2377,1:3,0,2,West Khasi Block,25.613977,91.299961,1001.4,1045.56,26.46,250.17,0.000336,-0.002558,4.4852,31.4375,10,Tree cover,0.652,27.5,43.3,1.30,4.9,Metamorphic,MT,234.5,3949.2,NA,NA,NO_EVENT,NA,NA,NA,NA,NA,NA,NA,NA,NA,NA
NEG_2378,1:3,0,3,East Khasi Block,25.630693,91.982293,4262.2,1657.17,26.46,230.76,-0.000584,0.000263,4.4974,35.6700,10,Tree cover,0.655,27.3,42.6,1.29,4.6,Metamorphic,MT,640.4,5590.5,NA,NA,NO_EVENT,NA,NA,NA,NA,NA,NA,NA,NA,NA,NA
NEG_2379,1:3,0,5,Jaintia Hills Block,25.138398,92.086359,5614.3,1212.39,18.90,176.52,-0.000570,-0.001746,5.5106,18.0464,10,Tree cover,0.830,38.7,24.7,1.32,5.8,Carbonate Sedimentary,SC,742.7,496.1,NA,NA,NO_EVENT,NA,NA,NA,NA,NA,NA,NA,NA,NA,NA
NEG_2380,1:3,0,1,Garo Hills Block,25.166757,90.003215,23406.8,25.00,23.01,84.16,0.002874,-0.001275,5.2927,19.9948,10,Tree cover,0.827,30.1,53.1,1.44,5.4,Mixed Sedimentary,SM,206.1,34.8,NA,NA,NO_EVENT,NA,NA,NA,NA,NA,NA,NA,NA,NA,NA
NEG_2381,1:3,0,4,Ri-Bhoi Block,26.074166,92.718825,16455.9,464.02,33.68,179.34,-0.004326,-0.000040,4.3098,54.3542,10,Tree cover,0.826,34.5,44.1,1.38,4.9,Metamorphic,MT,797.3,1125.7,NA,NA,NO_EVENT,NA,NA,NA,NA,NA,NA,NA,NA,NA,NA
NEG_2382,1:3,0,2,West Khasi Block,25.085271,91.151923,12583.3,598.59,26.40,333.00,0.001922,0.001023,4.7052,22.3533,10,Tree cover,0.825,29.9,50.6,1.44,5.0,Siliciclastic Sedimentary,SS,712.6,837.2,NA,NA,NO_EVENT,NA,NA,NA,NA,NA,NA,NA,NA,NA,NA
NEG_2383,1:3,0,2,West Khasi Block,25.221145,91.280302,5168.7,813.91,27.75,102.37,0.001412,0.001675,5.0893,32.0575,10,Tree cover,0.813,28.9,53.0,1.43,4.8,Siliciclastic Sedimentary,SS,674.0,763.9,NA,NA,NO_EVENT,NA,NA,NA,NA,NA,NA,NA,NA,NA,NA
NEG_2384,1:3,0,4,Ri-Bhoi Block,25.916591,92.699366,19059.4,595.68,29.57,134.28,0.001803,0.001866,5.0344,18.0054,10,Tree cover,0.803,34.0,43.4,1.33,4.9,Metamorphic,MT,483.7,1642.3,NA,NA,NO_EVENT,NA,NA,NA,NA,NA,NA,NA,NA,NA,NA
NEG_2385,1:3,0,1,Garo Hills Block,25.704993,90.879412,5842.1,445.94,29.00,219.64,-0.004029,-0.000291,4.4673,52.1754,10,Tree cover,0.682,29.7,45.1,1.32,5.4,Mixed Sedimentary,SM,1727.8,487.2,NA,NA,NO_EVENT,NA,NA,NA,NA,NA,NA,NA,NA,NA,NA
NEG_2386,1:3,0,1,Garo Hills Block,25.671592,90.751604,6543.0,203.80,27.33,220.31,0.003331,-0.000985,4.5016,45.7852,10,Tree cover,0.667,28.8,50.4,1.32,5.3,Mixed Sedimentary,SM,1421.0,6041.7,NA,NA,NO_EVENT,NA,NA,NA,NA,NA,NA,NA,NA,NA,NA
NEG_2387,1:3,0,4,Ri-Bhoi Block,26.002610,92.454721,22319.1,848.12,24.49,47.58,0.000804,-0.002176,5.3064,29.4977,10,Tree cover,0.828,35.2,38.5,1.36,4.5,Metamorphic,MT,2543.7,2968.5,NA,NA,NO_EVENT,NA,NA,NA,NA,NA,NA,NA,NA,NA,NA
NEG_2388,1:3,0,1,Garo Hills Block,25.336861,89.901925,16677.9,25.00,15.03,45.83,0.001195,0.001103,6.1542,35.9664,10,Tree cover,0.753,24.6,50.9,1.40,5.4,Mixed Sedimentary,SM,444.8,1555.7,NA,NA,NO_EVENT,NA,NA,NA,NA,NA,NA,NA,NA,NA,NA
NEG_2389,1:3,0,4,Ri-Bhoi Block,25.901087,91.173669,5692.4,751.95,27.69,51.61,0.000204,0.002790,5.1790,18.6146,10,Tree cover,0.796,33.6,38.9,1.32,4.6,Metamorphic,MT,98.5,207.3,NA,NA,NO_EVENT,NA,NA,NA,NA,NA,NA,NA,NA,NA,NA
NEG_2390,1:3,0,2,West Khasi Block,25.371144,91.236887,1706.6,988.80,16.13,69.22,-0.001575,-0.000357,5.9845,35.2467,10,Tree cover,0.731,34.6,40.8,1.38,4.7,Metamorphic,MT,358.0,2402.1,NA,NA,NO_EVENT,NA,NA,NA,NA,NA,NA,NA,NA,NA,NA
NEG_2391,1:3,0,1,Garo Hills Block,25.904237,90.180073,26046.0,67.09,22.57,134.89,0.000843,0.002493,5.5905,18.3336,10,Tree cover,0.797,26.9,47.9,1.38,5.2,Mixed Sedimentary,SM,2201.4,4011.0,NA,NA,NO_EVENT,NA,NA,NA,NA,NA,NA,NA,NA,NA,NA
NEG_2392,1:3,0,4,Ri-Bhoi Block,25.946268,92.537402,32252.3,817.95,15.62,100.27,0.001699,-0.000231,6.1347,18.9333,10,Tree cover,0.815,34.6,38.3,1.34,4.5,Metamorphic,MT,232.9,1758.8,NA,NA,NO_EVENT,NA,NA,NA,NA,NA,NA,NA,NA,NA,NA
NEG_2393,1:3,0,4,Ri-Bhoi Block,26.042445,91.012338,23921.1,468.88,25.18,28.58,-0.002389,0.001565,5.1144,39.2420,10,Tree cover,0.830,35.0,39.6,1.37,4.6,Metamorphic,MT,447.2,228.4,NA,NA,NO_EVENT,NA,NA,NA,NA,NA,NA,NA,NA,NA,NA
NEG_2394,1:3,0,1,Garo Hills Block,25.254512,90.939604,6985.1,415.82,26.96,95.77,0.000253,-0.002549,5.2185,40.1389,10,Tree cover,0.799,27.7,44.1,1.42,5.4,Mixed Sedimentary,SM,3095.5,748.6,NA,NA,NO_EVENT,NA,NA,NA,NA,NA,NA,NA,NA,NA,NA
NEG_2395,1:3,0,1,Garo Hills Block,25.379545,90.337269,17834.2,123.42,27.00,75.26,0.000525,-0.001087,5.0895,45.4019,10,Tree cover,0.726,23.4,44.2,1.39,4.9,Mixed Sedimentary,SM,388.6,167.4,NA,NA,NO_EVENT,NA,NA,NA,NA,NA,NA,NA,NA,NA,NA
NEG_2396,1:3,0,4,Ri-Bhoi Block,25.675848,91.253704,7516.7,1038.37,25.39,277.23,0.003621,-0.000827,4.6677,44.5343,10,Tree cover,0.669,27.3,41.4,1.28,4.7,Metamorphic,MT,999.0,2302.3,NA,NA,NO_EVENT,NA,NA,NA,NA,NA,NA,NA,NA,NA,NA
NEG_2397,1:3,0,1,Garo Hills Block,25.954957,89.897934,41625.7,25.00,15.89,46.51,-0.001751,-0.000378,6.1020,19.6070,10,Tree cover,0.818,25.0,50.7,1.39,5.3,Mixed Sedimentary,SM,1085.8,771.9,NA,NA,NO_EVENT,NA,NA,NA,NA,NA,NA,NA,NA,NA,NA
NEG_2398,1:3,0,4,Ri-Bhoi Block,25.715377,92.126994,1498.6,1433.57,27.84,211.90,-0.004210,-0.000471,4.5964,51.3202,10,Tree cover,0.687,27.8,46.8,1.28,4.8,Metamorphic,MT,1557.6,4797.2,NA,NA,NO_EVENT,NA,NA,NA,NA,NA,NA,NA,NA,NA,NA
NEG_2399,1:3,0,4,Ri-Bhoi Block,25.840245,92.502526,25868.9,808.48,26.82,76.34,-0.004308,-0.000410,5.1391,28.9614,10,Tree cover,0.761,31.5,38.1,1.30,4.5,Metamorphic,MT,139.2,2597.5,NA,NA,NO_EVENT,NA,NA,NA,NA,NA,NA,NA,NA,NA,NA
NEG_2400,1:3,0,4,Ri-Bhoi Block,25.807356,92.629821,27434.7,780.03,26.04,153.37,0.004232,-0.000460,5.0954,36.7545,10,Tree cover,0.741,30.4,40.7,1.29,4.7,Metamorphic,MT,1360.5,2317.7,NA,NA,NO_EVENT,NA,NA,NA,NA,NA,NA,NA,NA,NA,NA
NEG_2401,1:3,0,2,West Khasi Block,25.379269,91.334789,7160.6,1061.76,25.84,136.33,0.000504,-0.001603,5.1832,44.2740,10,Tree cover,0.726,34.4,44.6,1.38,4.9,Metamorphic,MT,588.1,2986.1,NA,NA,NO_EVENT,NA,NA,NA,NA,NA,NA,NA,NA,NA,NA
NEG_2402,1:3,0,1,Garo Hills Block,25.035206,89.821221,45415.6,25.00,35.05,319.23,0.002456,0.001489,3.8648,38.8148,10,Tree cover,0.768,28.6,47.3,1.43,5.2,Mixed Sedimentary,SM,146.7,1680.2,NA,NA,NO_EVENT,NA,NA,NA,NA,NA,NA,NA,NA,NA,NA
NEG_2403,1:3,0,1,Garo Hills Block,25.279337,90.107462,11155.7,52.63,28.84,130.38,0.002465,-0.000426,5.0906,47.4086,10,Tree cover,0.787,26.8,51.0,1.42,5.3,Mixed Sedimentary,SM,1176.6,1272.9,NA,NA,NO_EVENT,NA,NA,NA,NA,NA,NA,NA,NA,NA,NA
NEG_2404,1:3,0,1,Garo Hills Block,25.301028,90.339982,13616.2,62.52,27.50,79.13,0.004173,0.000437,5.1975,49.3645,10,Tree cover,0.774,26.0,44.2,1.41,4.9,Mixed Sedimentary,SM,5255.6,4818.3,NA,NA,NO_EVENT,NA,NA,NA,NA,NA,NA,NA,NA,NA,NA
NEG_2405,1:3,0,5,Jaintia Hills Block,25.050802,92.573378,12870.9,694.62,25.69,235.11,0.002326,0.001175,4.6525,29.4549,10,Tree cover,0.816,29.1,52.5,1.43,5.3,Siliciclastic Sedimentary,SS,5407.8,315.6,NA,NA,NO_EVENT,NA,NA,NA,NA,NA,NA,NA,NA,NA,NA
NEG_2406,1:3,0,5,Jaintia Hills Block,25.028881,92.045051,16035.4,1010.58,26.71,220.77,-0.000234,0.002555,4.5185,35.4818,10,Tree cover,0.807,28.4,48.8,1.43,5.0,Siliciclastic Sedimentary,SS,1336.8,377.0,NA,NA,NO_EVENT,NA,NA,NA,NA,NA,NA,NA,NA,NA,NA
NEG_2407,1:3,0,5,Jaintia Hills Block,25.184320,92.582300,16633.8,718.34,21.63,139.83,-0.003359,-0.000595,5.4669,22.1741,10,Tree cover,0.824,29.8,52.3,1.44,5.3,Siliciclastic Sedimentary,SS,9229.7,3569.9,NA,NA,NO_EVENT,NA,NA,NA,NA,NA,NA,NA,NA,NA,NA
NEG_2408,1:3,0,4,Ri-Bhoi Block,25.984220,91.794398,5704.9,1200.38,16.05,43.71,0.000238,0.002280,6.0318,22.8994,10,Tree cover,0.825,35.1,38.1,1.36,4.5,Metamorphic,MT,3531.3,889.9,NA,NA,NO_EVENT,NA,NA,NA,NA,NA,NA,NA,NA,NA,NA
NEG_2409,1:3,0,1,Garo Hills Block,25.746013,89.816284,25375.2,25.18,24.09,350.99,-0.001237,0.002062,5.0128,45.8360,10,Tree cover,0.703,30.3,47.1,1.33,5.2,Mixed Sedimentary,SM,785.6,1859.5,NA,NA,NO_EVENT,NA,NA,NA,NA,NA,NA,NA,NA,NA,NA
NEG_2410,1:3,0,4,Ri-Bhoi Block,26.083661,92.477389,23744.6,719.12,31.20,348.45,-0.004702,0.000172,4.4703,53.2086,10,Tree cover,0.824,34.2,38.2,1.38,4.5,Metamorphic,MT,2515.7,8415.3,NA,NA,NO_EVENT,NA,NA,NA,NA,NA,NA,NA,NA,NA,NA
NEG_2411,1:3,0,4,Ri-Bhoi Block,25.986715,91.810696,4517.0,1227.03,17.89,46.93,-0.000981,0.002270,5.8784,23.8384,10,Tree cover,0.826,35.1,38.1,1.36,4.5,Metamorphic,MT,2124.8,1533.2,NA,NA,NO_EVENT,NA,NA,NA,NA,NA,NA,NA,NA,NA,NA
NEG_2412,1:3,0,5,Jaintia Hills Block,25.392370,92.525628,3027.2,994.46,20.20,96.29,0.000617,-0.002351,5.5915,36.5408,10,Tree cover,0.718,34.1,38.2,1.37,4.5,Metamorphic,MT,858.6,1324.5,NA,NA,NO_EVENT,NA,NA,NA,NA,NA,NA,NA,NA,NA,NA
NEG_2413,1:3,0,2,West Khasi Block,25.334838,91.516270,5362.7,1281.05,14.57,122.52,-0.003191,-0.000737,6.1945,35.4471,10,Tree cover,0.754,25.9,51.6,1.32,4.7,Plutonic Acidic,PA,192.3,1456.4,NA,NA,NO_EVENT,NA,NA,NA,NA,NA,NA,NA,NA,NA,NA
NEG_2414,1:3,0,5,Jaintia Hills Block,25.127709,92.611965,19312.4,664.66,19.12,183.62,0.000626,-0.000163,5.4503,18.0372,10,Tree cover,0.830,30.3,51.3,1.44,5.4,Siliciclastic Sedimentary,SS,12880.0,627.9,NA,NA,NO_EVENT,NA,NA,NA,NA,NA,NA,NA,NA,NA,NA
NEG_2415,1:3,0,1,Garo Hills Block,25.172032,90.485935,15317.8,104.35,19.30,21.01,0.004075,-0.000334,5.6092,20.2139,10,Tree cover,0.827,30.0,49.0,1.44,4.8,Mixed Sedimentary,SM,7.4,2109.6,NA,NA,NO_EVENT,NA,NA,NA,NA,NA,NA,NA,NA,NA,NA
NEG_2416,1:3,0,5,Jaintia Hills Block,25.622785,92.130484,6313.2,1486.86,32.47,235.17,0.001379,0.001304,4.0095,37.2232,10,Tree cover,0.654,27.4,46.8,1.29,4.8,Metamorphic,MT,662.5,423.7,NA,NA,NO_EVENT,NA,NA,NA,NA,NA,NA,NA,NA,NA,NA
NEG_2417,1:3,0,1,Garo Hills Block,25.688899,90.508008,13144.6,25.00,27.27,325.33,0.003548,-0.000474,4.5542,48.5102,10,Tree cover,0.674,29.3,49.9,1.32,4.8,Mixed Sedimentary,SM,4928.3,1942.2,NA,NA,NO_EVENT,NA,NA,NA,NA,NA,NA,NA,NA,NA,NA
NEG_2418,1:3,0,5,Jaintia Hills Block,25.021018,92.109309,13994.8,1019.38,33.32,227.57,0.001705,0.000154,3.9748,42.2918,10,Tree cover,0.804,28.1,46.0,1.43,4.9,Siliciclastic Sedimentary,SS,342.4,2019.5,NA,NA,NO_EVENT,NA,NA,NA,NA,NA,NA,NA,NA,NA,NA
NEG_2419,1:3,0,4,Ri-Bhoi Block,26.084024,92.270235,3883.4,919.89,26.07,351.68,-0.003304,-0.000482,4.8792,47.4622,10,Tree cover,0.824,34.2,44.7,1.38,4.9,Metamorphic,MT,246.4,1143.8,NA,NA,NO_EVENT,NA,NA,NA,NA,NA,NA,NA,NA,NA,NA
NEG_2420,1:3,0,5,Jaintia Hills Block,25.517023,92.556490,5852.2,839.44,17.11,240.99,0.000117,0.002926,5.3731,18.0930,10,Tree cover,0.659,30.0,38.6,1.33,4.5,Metamorphic,MT,409.5,584.9,NA,NA,NO_EVENT,NA,NA,NA,NA,NA,NA,NA,NA,NA,NA
NEG_2421,1:3,0,2,West Khasi Block,25.462635,91.401049,4203.6,1192.78,33.85,189.07,-0.002142,-0.001019,4.2293,27.4199,10,Tree cover,0.679,31.9,46.4,1.35,5.1,Metamorphic,MT,2608.9,116.2,NA,NA,NO_EVENT,NA,NA,NA,NA,NA,NA,NA,NA,NA,NA
NEG_2422,1:3,0,2,West Khasi Block,25.535300,91.165253,4038.4,880.79,20.47,317.05,0.000280,-0.002397,5.0531,18.1525,10,Tree cover,0.655,29.3,38.7,1.33,4.5,Metamorphic,MT,1637.7,2682.0,NA,NA,NO_EVENT,NA,NA,NA,NA,NA,NA,NA,NA,NA,NA
NEG_2423,1:3,0,4,Ri-Bhoi Block,25.857206,91.406645,6622.3,1136.78,33.80,140.38,0.001130,0.002091,4.6240,26.8984,10,Tree cover,0.772,32.1,46.5,1.31,5.1,Metamorphic,MT,903.3,3123.9,NA,NA,NO_EVENT,NA,NA,NA,NA,NA,NA,NA,NA,NA,NA
NEG_2424,1:3,0,1,Garo Hills Block,25.362054,90.587382,11007.0,93.96,25.00,58.60,0.002405,-0.001005,5.3001,45.9616,10,Tree cover,0.737,23.8,52.6,1.39,5.0,Mixed Sedimentary,SM,350.6,8967.3,NA,NA,NO_EVENT,NA,NA,NA,NA,NA,NA,NA,NA,NA,NA
NEG_2425,1:3,0,2,West Khasi Block,25.060767,91.578745,12091.9,1129.87,30.03,271.15,0.003555,0.000465,4.3339,28.6840,10,Tree cover,0.819,29.3,44.1,1.43,5.1,Siliciclastic Sedimentary,SS,579.2,675.1,NA,NA,NO_EVENT,NA,NA,NA,NA,NA,NA,NA,NA,NA,NA
NEG_2426,1:3,0,1,Garo Hills Block,25.268358,90.251808,4035.8,38.28,28.18,123.08,-0.000994,0.001717,5.1364,44.4421,10,Tree cover,0.792,27.2,45.1,1.42,5.0,Mixed Sedimentary,SM,2819.7,1956.7,NA,NA,NO_EVENT,NA,NA,NA,NA,NA,NA,NA,NA,NA,NA
NEG_2427,1:3,0,4,Ri-Bhoi Block,25.726136,91.877688,2195.5,1655.95,26.73,292.04,-0.003470,-0.000817,4.7247,50.0372,10,Tree cover,0.692,28.0,39.0,1.28,4.3,Metamorphic,MT,516.2,2175.3,NA,NA,NO_EVENT,NA,NA,NA,NA,NA,NA,NA,NA,NA,NA
NEG_2428,1:3,0,4,Ri-Bhoi Block,25.832327,91.335910,13446.9,981.93,31.81,135.45,0.004193,-0.000323,4.7167,33.3353,10,Tree cover,0.757,31.3,44.6,1.30,4.9,Metamorphic,MT,981.6,132.4,NA,NA,NO_EVENT,NA,NA,NA,NA,NA,NA,NA,NA,NA,NA
NEG_2429,1:3,0,4,Ri-Bhoi Block,25.985579,92.655845,20861.9,528.73,23.97,141.38,-0.001566,-0.002030,5.3948,25.5911,10,Tree cover,0.826,35.1,41.7,1.36,4.7,Metamorphic,MT,31.8,1571.5,NA,NA,NO_EVENT,NA,NA,NA,NA,NA,NA,NA,NA,NA,NA
NEG_2430,1:3,0,4,Ri-Bhoi Block,25.891961,91.738560,5350.7,1374.28,24.93,44.03,0.000649,-0.000301,5.3920,19.2931,10,Tree cover,0.791,33.3,38.8,1.32,4.6,Metamorphic,MT,4098.1,2865.4,NA,NA,NO_EVENT,NA,NA,NA,NA,NA,NA,NA,NA,NA,NA
NEG_2431,1:3,0,5,Jaintia Hills Block,25.348019,92.797982,11158.3,592.69,14.23,112.91,-0.000456,-0.001849,6.1958,34.6874,10,Tree cover,0.746,34.9,46.4,1.38,5.1,Metamorphic,MT,1586.0,2216.4,NA,NA,NO_EVENT,NA,NA,NA,NA,NA,NA,NA,NA,NA,NA
NEG_2432,1:3,0,1,Garo Hills Block,25.316067,90.418104,21561.7,29.38,17.29,49.44,-0.000380,-0.000386,6.0031,38.5236,10,Tree cover,0.766,25.4,46.1,1.41,4.8,Mixed Sedimentary,SM,444.8,224.0,NA,NA,NO_EVENT,NA,NA,NA,NA,NA,NA,NA,NA,NA,NA
NEG_2433,1:3,0,1,Garo Hills Block,25.497526,89.973364,3671.8,25.00,22.98,303.96,0.001501,-0.000132,4.9676,19.3524,10,Tree cover,0.665,23.0,52.9,1.35,5.4,Mixed Sedimentary,SM,696.7,489.4,NA,NA,NO_EVENT,NA,NA,NA,NA,NA,NA,NA,NA,NA,NA
NEG_2434,1:3,0,4,Ri-Bhoi Block,26.076774,91.594722,7641.5,1008.83,34.33,354.84,0.004688,-0.000040,4.2474,55.5582,10,Tree cover,0.825,34.4,43.9,1.38,4.9,Metamorphic,MT,440.4,332.7,NA,NA,NO_EVENT,NA,NA,NA,NA,NA,NA,NA,NA,NA,NA
NEG_2435,1:3,0,3,East Khasi Block,25.621508,91.800179,3020.0,1692.54,25.09,308.81,0.000121,-0.002814,4.5989,32.5466,10,Tree cover,0.653,27.4,38.1,1.30,4.3,Metamorphic,MT,120.0,2403.9,NA,NA,NO_EVENT,NA,NA,NA,NA,NA,NA,NA,NA,NA,NA
NEG_2436,1:3,0,1,Garo Hills Block,25.556786,89.897794,8301.9,84.20,15.34,314.84,0.001646,-0.001077,5.4165,19.1335,10,Tree cover,0.651,24.6,50.7,1.33,5.3,Mixed Sedimentary,SM,179.0,246.6,NA,NA,NO_EVENT,NA,NA,NA,NA,NA,NA,NA,NA,NA,NA
NEG_2437,1:3,0,4,Ri-Bhoi Block,25.681296,91.984330,1700.9,1591.40,26.35,221.81,0.004555,0.000046,4.6057,46.4162,10,Tree cover,0.671,27.3,42.7,1.28,4.6,Metamorphic,MT,1081.4,1161.1,NA,NA,NO_EVENT,NA,NA,NA,NA,NA,NA,NA,NA,NA,NA
NEG_2438,1:3,0,5,Jaintia Hills Block,25.470089,92.109751,2592.7,1522.45,32.11,195.67,-0.004179,0.000072,4.3393,25.0743,10,Tree cover,0.676,31.6,46.6,1.35,4.8,Metamorphic,MT,493.9,147.1,NA,NA,NO_EVENT,NA,NA,NA,NA,NA,NA,NA,NA,NA,NA
NEG_2439,1:3,0,1,Garo Hills Block,25.265161,90.474894,16800.5,85.17,24.80,44.13,-0.000838,-0.000220,5.4039,40.6313,10,Tree cover,0.794,27.4,48.5,1.42,4.8,Mixed Sedimentary,SM,495.7,605.9,NA,NA,NO_EVENT,NA,NA,NA,NA,NA,NA,NA,NA,NA,NA
NEG_2440,1:3,0,1,Garo Hills Block,25.194330,90.934584,10658.9,359.05,23.84,104.06,0.002048,0.000085,5.3239,24.4009,10,Tree cover,0.822,29.6,44.1,1.44,5.4,Mixed Sedimentary,SM,167.8,702.6,NA,NA,NO_EVENT,NA,NA,NA,NA,NA,NA,NA,NA,NA,NA
NEG_2441,1:3,0,4,Ri-Bhoi Block,25.934773,92.325132,16361.7,1006.03,19.34,46.69,-0.002741,-0.000877,5.8473,18.4085,10,Tree cover,0.811,34.4,42.6,1.34,4.8,Metamorphic,MT,1224.0,3691.3,NA,NA,NO_EVENT,NA,NA,NA,NA,NA,NA,NA,NA,NA,NA
NEG_2442,1:3,0,2,West Khasi Block,25.433450,91.596812,1644.3,1442.19,34.03,34.84,-0.004508,-0.000293,4.3312,36.4009,10,Tree cover,0.694,32.9,43.8,1.36,4.6,Metamorphic,MT,557.7,870.7,NA,NA,NO_EVENT,NA,NA,NA,NA,NA,NA,NA,NA,NA,NA
NEG_2443,1:3,0,1,Garo Hills Block,25.798482,90.535681,9625.5,68.30,24.55,23.58,-0.000504,0.001766,5.1822,37.6940,10,Tree cover,0.735,30.0,51.1,1.34,4.9,Mixed Sedimentary,SM,1469.7,1304.5,NA,NA,NO_EVENT,NA,NA,NA,NA,NA,NA,NA,NA,NA,NA
NEG_2444,1:3,0,5,Jaintia Hills Block,25.201592,92.764893,13938.3,503.04,25.28,135.11,0.004003,0.000264,5.2318,26.3097,10,Tree cover,0.820,29.4,45.1,1.43,5.3,Siliciclastic Sedimentary,SS,5083.0,146.9,NA,NA,NO_EVENT,NA,NA,NA,NA,NA,NA,NA,NA,NA,NA
NEG_2445,1:3,0,4,Ri-Bhoi Block,25.686962,92.793318,27478.7,615.13,23.94,239.58,0.001110,-0.000811,4.8148,44.5549,10,Tree cover,0.673,27.4,46.3,1.28,5.1,Metamorphic,MT,915.2,180.4,NA,NA,NO_EVENT,NA,NA,NA,NA,NA,NA,NA,NA,NA,NA
NEG_2446,1:3,0,3,East Khasi Block,25.384776,91.944247,4029.2,1641.62,24.78,130.81,0.000045,0.002586,5.2504,42.2149,10,Tree cover,0.723,34.3,41.2,1.38,4.5,Metamorphic,MT,80.3,290.7,NA,NA,NO_EVENT,NA,NA,NA,NA,NA,NA,NA,NA,NA,NA
NEG_2447,1:3,0,1,Garo Hills Block,25.260412,90.596661,4912.9,25.00,34.35,68.68,0.000247,0.000512,4.6348,47.9795,10,Tree cover,0.796,27.5,52.8,1.42,5.0,Mixed Sedimentary,SM,3256.7,1838.8,NA,NA,NO_EVENT,NA,NA,NA,NA,NA,NA,NA,NA,NA,NA
NEG_2448,1:3,0,1,Garo Hills Block,25.572854,90.774835,3438.7,349.10,19.69,224.01,-0.002083,-0.000020,5.0440,21.2396,10,Tree cover,0.650,25.2,49.4,1.33,5.3,Mixed Sedimentary,SM,1462.4,316.1,NA,NA,NO_EVENT,NA,NA,NA,NA,NA,NA,NA,NA,NA,NA
NEG_2449,1:3,0,1,Garo Hills Block,25.201031,90.601786,3226.3,25.00,32.24,62.71,-0.004949,0.000018,4.6732,28.4430,10,Tree cover,0.820,29.4,52.9,1.44,5.0,Mixed Sedimentary,SM,299.8,1310.0,NA,NA,NO_EVENT,NA,NA,NA,NA,NA,NA,NA,NA,NA,NA
NEG_2450,1:3,0,3,East Khasi Block,25.058608,91.948492,15736.1,1190.90,29.66,231.41,-0.002857,-0.000672,4.3571,29.1180,10,Tree cover,0.818,39.9,23.4,1.32,5.5,Volcanic Basic,VB,206.8,151.7,NA,NA,NO_EVENT,NA,NA,NA,NA,NA,NA,NA,NA,NA,NA
NEG_2451,1:3,0,1,Garo Hills Block,25.551486,90.087441,7892.6,48.35,22.88,230.12,0.004080,0.000497,4.8235,19.1749,10,Tree cover,0.652,24.4,51.7,1.33,5.3,Mixed Sedimentary,SM,757.1,984.4,NA,NA,NO_EVENT,NA,NA,NA,NA,NA,NA,NA,NA,NA,NA
NEG_2452,1:3,0,1,Garo Hills Block,25.205430,90.112730,11616.0,89.21,29.82,142.72,-0.004638,-0.000214,4.8802,28.7965,10,Tree cover,0.819,29.3,50.8,1.43,5.3,Mixed Sedimentary,SM,778.5,313.3,NA,NA,NO_EVENT,NA,NA,NA,NA,NA,NA,NA,NA,NA,NA
NEG_2453,1:3,0,1,Garo Hills Block,25.681600,90.087342,9375.0,41.31,33.24,224.65,-0.004315,-0.000402,4.0554,53.9048,10,Tree cover,0.671,29.1,51.7,1.32,5.3,Mixed Sedimentary,SM,944.5,1306.5,NA,NA,NO_EVENT,NA,NA,NA,NA,NA,NA,NA,NA,NA,NA
NEG_2454,1:3,0,1,Garo Hills Block,25.834625,89.862558,31016.5,126.73,28.57,34.09,0.004568,0.000254,4.9828,31.1579,10,Tree cover,0.758,29.3,49.2,1.35,5.3,Mixed Sedimentary,SM,3544.3,2339.8,NA,NA,NO_EVENT,NA,NA,NA,NA,NA,NA,NA,NA,NA,NA
NEG_2455,1:3,0,5,Jaintia Hills Block,25.289326,92.516533,3835.4,886.18,21.29,88.07,-0.002668,0.001385,5.6968,41.0486,10,Tree cover,0.781,26.4,53.1,1.42,5.2,Siliciclastic Sedimentary,SS,1553.2,1829.1,NA,NA,NO_EVENT,NA,NA,NA,NA,NA,NA,NA,NA,NA,NA
NEG_2456,1:3,0,1,Garo Hills Block,25.796014,90.022553,21096.5,25.00,25.21,114.84,-0.001448,0.001783,5.1202,38.7816,10,Tree cover,0.734,30.1,53.0,1.34,5.4,Mixed Sedimentary,SM,2200.6,2732.1,NA,NA,NO_EVENT,NA,NA,NA,NA,NA,NA,NA,NA,NA,NA
NEG_2457,1:3,0,4,Ri-Bhoi Block,25.906816,91.303757,14798.0,887.96,27.15,111.63,-0.000541,-0.002562,5.2254,18.2666,10,Tree cover,0.798,33.7,43.4,1.33,4.9,Metamorphic,MT,1254.3,2426.9,NA,NA,NO_EVENT,NA,NA,NA,NA,NA,NA,NA,NA,NA,NA
NEG_2458,1:3,0,4,Ri-Bhoi Block,25.934526,91.632256,5440.0,1222.10,27.16,62.15,-0.003877,0.000608,5.2218,18.5569,10,Tree cover,0.811,34.4,42.4,1.34,4.8,Metamorphic,MT,2777.4,10259.5,NA,NA,NO_EVENT,NA,NA,NA,NA,NA,NA,NA,NA,NA,NA
NEG_2459,1:3,0,4,Ri-Bhoi Block,25.756380,92.830180,27693.6,496.65,14.76,230.31,-0.000371,0.002301,5.8005,34.3900,10,Tree cover,0.709,28.7,46.8,1.28,5.1,Metamorphic,MT,118.4,531.5,NA,NA,NO_EVENT,NA,NA,NA,NA,NA,NA,NA,NA,NA,NA
NEG_2460,1:3,0,3,East Khasi Block,25.270922,91.703034,3809.5,1412.72,27.29,45.93,-0.001087,-0.002021,5.2097,44.1538,10,Tree cover,0.791,27.1,47.2,1.42,5.1,Siliciclastic Sedimentary,SS,1213.6,556.9,NA,NA,NO_EVENT,NA,NA,NA,NA,NA,NA,NA,NA,NA,NA
NEG_2461,1:3,0,1,Garo Hills Block,25.517147,89.920328,6155.8,57.96,17.02,319.62,-0.000182,-0.002891,5.3800,18.0898,10,Tree cover,0.659,23.4,51.5,1.34,5.4,Mixed Sedimentary,SM,324.8,71.0,NA,NA,NO_EVENT,NA,NA,NA,NA,NA,NA,NA,NA,NA,NA
NEG_2462,1:3,0,1,Garo Hills Block,25.035628,90.163647,24843.7,25.00,26.80,219.54,0.000005,-0.002268,4.5258,33.8068,10,Tree cover,0.810,28.6,48.6,1.43,5.2,Mixed Sedimentary,SM,323.2,318.3,NA,NA,NO_EVENT,NA,NA,NA,NA,NA,NA,NA,NA,NA,NA
NEG_2463,1:3,0,4,Ri-Bhoi Block,25.721019,91.529847,4703.3,1339.86,19.15,220.40,0.001655,0.001488,5.3121,40.9791,10,Tree cover,0.690,27.9,45.9,1.28,5.0,Metamorphic,MT,471.1,7005.7,NA,NA,NO_EVENT,NA,NA,NA,NA,NA,NA,NA,NA,NA,NA
NEG_2464,1:3,0,1,Garo Hills Block,25.617704,89.897163,9856.3,31.64,23.72,311.90,0.000795,0.002517,4.7062,30.8880,10,Tree cover,0.653,26.9,50.7,1.32,5.3,Mixed Sedimentary,SM,142.6,707.9,NA,NA,NO_EVENT,NA,NA,NA,NA,NA,NA,NA,NA,NA,NA
NEG_2465,1:3,0,5,Jaintia Hills Block,25.526847,92.620100,8471.8,849.01,21.60,220.40,0.002052,-0.000404,4.9852,18.0033,10,Tree cover,0.657,29.6,40.3,1.33,4.7,Metamorphic,MT,484.4,926.5,NA,NA,NO_EVENT,NA,NA,NA,NA,NA,NA,NA,NA,NA,NA
NEG_2466,1:3,0,3,East Khasi Block,25.449399,91.706014,3247.2,1572.21,29.70,358.51,0.003777,-0.000122,4.6140,29.6403,10,Tree cover,0.686,32.4,39.7,1.36,4.4,Metamorphic,MT,256.6,228.0,NA,NA,NO_EVENT,NA,NA,NA,NA,NA,NA,NA,NA,NA,NA
NEG_2467,1:3,0,4,Ri-Bhoi Block,25.862204,92.190972,3791.3,1159.94,34.07,99.85,-0.001163,0.002244,4.6134,25.6546,10,Tree cover,0.775,32.3,46.7,1.31,5.1,Metamorphic,MT,3841.6,1126.9,NA,NA,NO_EVENT,NA,NA,NA,NA,NA,NA,NA,NA,NA,NA
NEG_2468,1:3,0,5,Jaintia Hills Block,25.580822,92.416753,5012.7,1115.25,26.16,311.40,0.001080,0.000600,4.5179,23.7694,10,Tree cover,0.650,28.1,39.3,1.31,4.6,Metamorphic,MT,1036.6,2653.3,NA,NA,NO_EVENT,NA,NA,NA,NA,NA,NA,NA,NA,NA,NA
NEG_2469,1:3,0,5,Jaintia Hills Block,25.442688,92.510514,4613.6,961.61,27.67,24.19,0.004237,-0.000165,4.8032,30.5467,10,Tree cover,0.689,32.6,38.1,1.36,4.5,Metamorphic,MT,963.3,49.0,NA,NA,NO_EVENT,NA,NA,NA,NA,NA,NA,NA,NA,NA,NA
NEG_2470,1:3,0,1,Garo Hills Block,25.279445,90.654660,4742.2,77.04,26.05,101.14,0.000724,-0.002484,5.3138,44.5830,10,Tree cover,0.787,26.8,53.0,1.42,5.1,Mixed Sedimentary,SM,429.7,1161.6,NA,NA,NO_EVENT,NA,NA,NA,NA,NA,NA,NA,NA,NA,NA
NEG_2471,1:3,0,5,Jaintia Hills Block,25.077370,92.226525,5274.9,1099.09,24.62,291.42,-0.004741,0.000146,4.8201,23.4277,10,Tree cover,0.823,29.7,44.2,1.44,4.8,Siliciclastic Sedimentary,SS,241.7,661.2,NA,NA,NO_EVENT,NA,NA,NA,NA,NA,NA,NA,NA,NA,NA
NEG_2472,1:3,0,1,Garo Hills Block,25.470420,90.498806,16318.5,80.20,27.44,346.60,0.003603,0.000832,4.7116,23.9781,10,Tree cover,0.676,22.6,49.5,1.35,4.8,Mixed Sedimentary,SM,1638.2,3631.6,NA,NA,NO_EVENT,NA,NA,NA,NA,NA,NA,NA,NA,NA,NA
NEG_2473,1:3,0,5,Jaintia Hills Block,25.270333,92.549270,7312.9,807.62,23.33,106.44,-0.000075,0.002864,5.5260,40.2525,10,Tree cover,0.791,27.2,52.9,1.42,5.3,Siliciclastic Sedimentary,SS,4816.4,1521.2,NA,NA,NO_EVENT,NA,NA,NA,NA,NA,NA,NA,NA,NA,NA
NEG_2474,1:3,0,4,Ri-Bhoi Block,25.920630,91.488269,6667.8,1094.12,19.71,127.89,0.003718,-0.000252,5.8231,18.0094,10,Tree cover,0.805,34.1,46.7,1.33,5.1,Metamorphic,MT,1643.1,1538.6,NA,NA,NO_EVENT,NA,NA,NA,NA,NA,NA,NA,NA,NA,NA
NEG_2475,1:3,0,4,Ri-Bhoi Block,25.685400,91.246693,6561.3,1023.57,23.99,283.51,0.004422,-0.000343,4.8062,44.4163,10,Tree cover,0.673,27.3,41.2,1.28,4.7,Metamorphic,MT,2014.3,1140.7,NA,NA,NO_EVENT,NA,NA,NA,NA,NA,NA,NA,NA,NA,NA
NEG_2476,1:3,0,5,Jaintia Hills Block,25.443000,92.592204,7676.0,842.55,28.72,176.63,-0.004246,-0.000152,4.7180,30.9395,10,Tree cover,0.689,32.6,39.5,1.36,4.6,Metamorphic,MT,1488.0,999.4,NA,NA,NO_EVENT,NA,NA,NA,NA,NA,NA,NA,NA,NA,NA
NEG_2477,1:3,0,2,West Khasi Block,25.155662,91.076263,5360.7,627.71,24.13,13.37,-0.001987,-0.001715,5.1605,18.9627,10,Tree cover,0.829,30.2,47.3,1.44,5.2,Siliciclastic Sedimentary,SS,3103.2,1890.4,NA,NA,NO_EVENT,NA,NA,NA,NA,NA,NA,NA,NA,NA,NA
NEG_2478,1:3,0,2,West Khasi Block,25.392127,91.319360,6433.2,1067.38,26.53,135.61,-0.000579,-0.002397,5.0859,42.4033,10,Tree cover,0.718,34.1,44.0,1.37,4.9,Metamorphic,MT,829.8,3030.4,NA,NA,NO_EVENT,NA,NA,NA,NA,NA,NA,NA,NA,NA,NA
NEG_2479,1:3,0,2,West Khasi Block,25.514242,91.382613,2042.9,1212.24,27.09,213.86,0.000455,-0.001750,4.5833,18.2602,10,Tree cover,0.660,30.0,46.0,1.33,5.0,Metamorphic,MT,1147.7,16.5,NA,NA,NO_EVENT,NA,NA,NA,NA,NA,NA,NA,NA,NA,NA
NEG_2480,1:3,0,2,West Khasi Block,25.171112,91.365082,3610.1,981.48,27.54,156.26,-0.004021,0.000324,4.9465,21.0175,10,Tree cover,0.827,30.0,51.0,1.44,4.8,Siliciclastic Sedimentary,SS,384.7,1870.5,NA,NA,NO_EVENT,NA,NA,NA,NA,NA,NA,NA,NA,NA,NA
NEG_2481,1:3,0,1,Garo Hills Block,25.281812,90.362211,15132.0,35.84,29.15,68.01,0.002676,-0.000619,5.0667,48.2100,10,Tree cover,0.785,26.7,44.5,1.42,4.8,Mixed Sedimentary,SM,6349.7,5994.2,NA,NA,NO_EVENT,NA,NA,NA,NA,NA,NA,NA,NA,NA,NA
NEG_2482,1:3,0,5,Jaintia Hills Block,25.090021,92.126090,6141.5,1118.23,27.25,210.09,0.004093,0.000516,4.6543,21.6730,10,Tree cover,0.826,36.8,25.5,1.31,5.7,Carbonate Sedimentary,SC,582.5,678.3,NA,NA,NO_EVENT,NA,NA,NA,NA,NA,NA,NA,NA,NA,NA
NEG_2483,1:3,0,3,East Khasi Block,25.481637,91.711263,2738.1,1643.76,26.15,340.72,0.002700,-0.001257,4.7718,21.6982,10,Tree cover,0.671,31.2,39.6,1.35,4.3,Metamorphic,MT,739.0,780.4,NA,NA,NO_EVENT,NA,NA,NA,NA,NA,NA,NA,NA,NA,NA
NEG_2484,1:3,0,1,Garo Hills Block,25.528141,90.983091,10043.8,527.94,15.52,294.66,-0.002216,0.000172,5.4680,18.0087,10,Tree cover,0.656,23.7,44.4,1.34,5.3,Mixed Sedimentary,SM,515.1,3997.5,NA,NA,NO_EVENT,NA,NA,NA,NA,NA,NA,NA,NA,NA,NA
NEG_2485,1:3,0,3,East Khasi Block,25.426037,91.752149,2501.6,1568.36,24.97,11.88,0.003920,-0.000638,5.0853,33.2765,10,Tree cover,0.698,33.1,38.6,1.37,4.3,Metamorphic,MT,1520.3,39.4,NA,NA,NO_EVENT,NA,NA,NA,NA,NA,NA,NA,NA,NA,NA
NEG_2486,1:3,0,5,Jaintia Hills Block,25.554378,92.389853,3921.1,1197.19,23.12,317.62,0.003505,-0.000824,4.7986,19.4605,10,Tree cover,0.652,28.8,40.2,1.32,4.6,Metamorphic,MT,1382.3,238.4,NA,NA,NO_EVENT,NA,NA,NA,NA,NA,NA,NA,NA,NA,NA
NEG_2487,1:3,0,1,Garo Hills Block,25.964678,90.320209,22823.1,113.17,24.09,90.37,-0.003238,0.000794,5.4303,21.8253,10,Tree cover,0.821,24.6,44.1,1.40,4.9,Mixed Sedimentary,SM,790.3,4007.4,NA,NA,NO_EVENT,NA,NA,NA,NA,NA,NA,NA,NA,NA,NA
NEG_2488,1:3,0,3,East Khasi Block,25.167132,91.722723,3299.5,1322.99,18.86,18.75,0.003625,0.000568,5.6261,19.6704,10,Tree cover,0.827,30.1,48.1,1.44,5.4,Siliciclastic Sedimentary,SS,476.6,1348.3,NA,NA,NO_EVENT,NA,NA,NA,NA,NA,NA,NA,NA,NA,NA
NEG_2489,1:3,0,1,Garo Hills Block,25.345324,89.856641,20861.3,25.00,19.74,40.43,0.004056,0.000300,5.7608,41.2907,10,Tree cover,0.747,24.3,48.9,1.40,5.3,Mixed Sedimentary,SM,334.5,1601.1,NA,NA,NO_EVENT,NA,NA,NA,NA,NA,NA,NA,NA,NA,NA
NEG_2490,1:3,0,1,Garo Hills Block,25.979734,90.492047,21730.5,25.00,16.40,39.51,0.003417,0.000713,6.0145,22.4041,10,Tree cover,0.824,24.1,49.2,1.40,4.8,Mixed Sedimentary,SM,1093.6,4651.4,NA,NA,NO_EVENT,NA,NA,NA,NA,NA,NA,NA,NA,NA,NA
NEG_2491,1:3,0,4,Ri-Bhoi Block,26.023623,91.988175,944.3,1144.08,21.74,149.04,-0.001384,0.000169,5.4581,32.5659,10,Tree cover,0.830,35.1,42.9,1.37,4.8,Metamorphic,MT,1423.6,7277.4,NA,NA,NO_EVENT,NA,NA,NA,NA,NA,NA,NA,NA,NA,NA
NEG_2492,1:3,0,1,Garo Hills Block,25.843666,90.414458,6492.0,70.24,26.59,42.39,0.000064,0.001423,5.1669,28.0479,10,Tree cover,0.763,29.0,45.9,1.35,4.8,Mixed Sedimentary,SM,1301.8,2014.7,NA,NA,NO_EVENT,NA,NA,NA,NA,NA,NA,NA,NA,NA,NA
NEG_2493,1:3,0,2,West Khasi Block,25.272930,91.389867,944.5,1084.86,32.24,134.06,0.001226,-0.002029,4.8151,49.3900,10,Tree cover,0.790,27.1,50.0,1.42,4.8,Siliciclastic Sedimentary,SS,1006.4,1498.3,NA,NA,NO_EVENT,NA,NA,NA,NA,NA,NA,NA,NA,NA,NA
NEG_2494,1:3,0,1,Garo Hills Block,25.205868,90.731567,9976.1,201.45,23.96,140.93,0.004827,0.000045,5.3503,26.7675,10,Tree cover,0.818,29.3,51.2,1.43,5.2,Mixed Sedimentary,SM,1309.1,2523.9,NA,NA,NO_EVENT,NA,NA,NA,NA,NA,NA,NA,NA,NA,NA
NEG_2495,1:3,0,1,Garo Hills Block,25.367179,90.286871,14499.9,111.16,24.04,114.94,-0.000128,-0.002731,5.3630,44.2514,10,Tree cover,0.734,23.7,44.4,1.39,4.9,Mixed Sedimentary,SM,2271.0,1425.0,NA,NA,NO_EVENT,NA,NA,NA,NA,NA,NA,NA,NA,NA,NA
NEG_2496,1:3,0,5,Jaintia Hills Block,25.241597,92.205083,999.5,1152.82,32.57,90.43,0.001418,-0.001969,4.7488,40.8656,10,Tree cover,0.805,28.2,44.1,1.43,4.8,Siliciclastic Sedimentary,SS,696.3,19.5,NA,NA,NO_EVENT,NA,NA,NA,NA,NA,NA,NA,NA,NA,NA
NEG_2497,1:3,0,1,Garo Hills Block,25.200572,89.886795,26641.3,106.06,24.95,33.97,-0.002961,-0.000300,5.2550,25.9841,10,Tree cover,0.820,29.4,50.2,1.44,5.3,Mixed Sedimentary,SM,323.7,5394.6,NA,NA,NO_EVENT,NA,NA,NA,NA,NA,NA,NA,NA,NA,NA
NEG_2498,1:3,0,4,Ri-Bhoi Block,25.699703,92.776749,26752.7,610.14,22.93,226.72,0.003014,0.000088,4.9353,44.6659,10,Tree cover,0.679,27.5,45.9,1.28,5.0,Metamorphic,MT,896.1,2048.5,NA,NA,NO_EVENT,NA,NA,NA,NA,NA,NA,NA,NA,NA,NA
NEG_2499,1:3,0,1,Garo Hills Block,25.377711,90.161900,10212.5,25.00,18.18,147.46,0.000036,0.002959,5.8008,36.6786,10,Tree cover,0.727,23.4,48.7,1.39,5.2,Mixed Sedimentary,SM,5078.7,6352.4,NA,NA,NO_EVENT,NA,NA,NA,NA,NA,NA,NA,NA,NA,NA
NEG_2500,1:3,0,5,Jaintia Hills Block,25.636018,92.564380,7348.1,916.33,25.39,245.61,-0.000025,-0.002841,4.5892,36.2374,10,Tree cover,0.656,27.3,38.8,1.29,4.5,Metamorphic,MT,514.4,4677.8,NA,NA,NO_EVENT,NA,NA,NA,NA,NA,NA,NA,NA,NA,NA
NEG_2501,1:3,0,4,Ri-Bhoi Block,25.866787,91.698673,7734.1,1393.83,30.59,42.93,-0.001494,0.002057,4.9012,23.8546,10,Tree cover,0.777,32.5,39.9,1.31,4.6,Metamorphic,MT,653.8,3833.4,NA,NA,NO_EVENT,NA,NA,NA,NA,NA,NA,NA,NA,NA,NA
NEG_2502,1:3,0,2,West Khasi Block,25.360261,91.452735,3004.3,1128.60,17.63,141.21,-0.002030,0.001713,5.8944,37.8675,10,Tree cover,0.738,25.8,51.9,1.32,4.8,Plutonic Acidic,PA,22.7,1703.4,NA,NA,NO_EVENT,NA,NA,NA,NA,NA,NA,NA,NA,NA,NA
NEG_2503,1:3,0,3,East Khasi Block,25.118544,91.870784,9060.7,1267.60,23.93,325.58,0.001677,0.000738,5.0290,18.3688,10,Tree cover,0.830,30.3,53.0,1.44,5.3,Siliciclastic Sedimentary,SS,52.0,83.4,NA,NA,NO_EVENT,NA,NA,NA,NA,NA,NA,NA,NA,NA,NA
NEG_2504,1:3,0,4,Ri-Bhoi Block,25.803104,92.743346,25333.5,605.72,23.06,152.61,-0.004323,0.000131,5.3185,35.5235,10,Tree cover,0.738,30.2,45.0,1.29,5.0,Metamorphic,MT,4354.0,2878.1,NA,NA,NO_EVENT,NA,NA,NA,NA,NA,NA,NA,NA,NA,NA
NEG_2505,1:3,0,1,Garo Hills Block,25.301229,89.856292,22370.0,25.95,23.75,44.88,0.004325,-0.000241,5.4974,45.1074,10,Tree cover,0.774,26.0,48.9,1.41,5.3,Mixed Sedimentary,SM,265.5,3487.5,NA,NA,NO_EVENT,NA,NA,NA,NA,NA,NA,NA,NA,NA,NA
NEG_2506,1:3,0,3,East Khasi Block,25.609257,91.955711,3824.6,1717.94,26.10,239.08,-0.002218,0.001629,4.5126,30.0940,10,Tree cover,0.712,27.6,41.6,1.30,4.5,Metamorphic,MT,315.5,5018.7,NA,NA,NO_EVENT,NA,NA,NA,NA,NA,NA,NA,NA,NA,NA
NEG_2507,1:3,0,1,Garo Hills Block,25.873640,90.390904,10518.6,33.92,30.28,54.45,0.000911,0.002339,4.9386,22.4137,10,Tree cover,0.781,28.1,45.2,1.36,4.8,Mixed Sedimentary,SM,3617.2,5089.4,NA,NA,NO_EVENT,NA,NA,NA,NA,NA,NA,NA,NA,NA,NA
NEG_2508,1:3,0,2,West Khasi Block,25.302693,91.363402,2249.7,1039.10,27.71,130.34,0.004424,-0.000197,5.1799,49.7910,10,Tree cover,0.773,25.9,51.0,1.41,4.8,Siliciclastic Sedimentary,SS,63.0,2801.2,NA,NA,NO_EVENT,NA,NA,NA,NA,NA,NA,NA,NA,NA,NA
NEG_2509,1:3,0,5,Jaintia Hills Block,25.377049,92.424560,699.3,1022.48,26.87,38.26,0.000024,0.002953,5.1076,45.7261,10,Tree cover,0.727,34.4,39.1,1.38,4.6,Metamorphic,MT,65.4,1474.1,NA,NA,NO_EVENT,NA,NA,NA,NA,NA,NA,NA,NA,NA,NA
NEG_2510,1:3,0,5,Jaintia Hills Block,25.531661,92.238715,3366.3,1280.48,17.75,293.36,-0.002604,0.000099,5.2801,18.0527,10,Tree cover,0.655,29.5,45.7,1.33,5.0,Metamorphic,MT,470.2,2438.0,NA,NA,NO_EVENT,NA,NA,NA,NA,NA,NA,NA,NA,NA,NA
NEG_2511,1:3,0,5,Jaintia Hills Block,25.647069,92.157925,2994.7,1475.05,35.74,243.14,-0.000574,0.002635,3.7774,47.3037,10,Tree cover,0.760,27.2,46.9,1.29,4.8,Metamorphic,MT,875.0,257.8,NA,NA,NO_EVENT,NA,NA,NA,NA,NA,NA,NA,NA,NA,NA
NEG_2512,1:3,0,5,Jaintia Hills Block,25.379287,92.335821,6642.6,1097.40,20.71,33.00,0.000466,-0.001862,5.5935,39.0553,10,Tree cover,0.726,34.4,42.2,1.38,4.8,Metamorphic,MT,118.1,1093.3,NA,NA,NO_EVENT,NA,NA,NA,NA,NA,NA,NA,NA,NA,NA
NEG_2513,1:3,0,2,West Khasi Block,25.316538,91.465601,1322.6,1157.37,17.20,133.00,-0.004494,-0.000150,6.0098,38.4326,10,Tree cover,0.765,25.4,46.6,1.41,4.9,Siliciclastic Sedimentary,SS,1198.1,4362.4,NA,NA,NO_EVENT,NA,NA,NA,NA,NA,NA,NA,NA,NA,NA
NEG_2514,1:3,0,2,West Khasi Block,25.251128,91.250356,4911.2,816.80,25.75,82.09,0.000810,0.001317,5.3104,38.3597,10,Tree cover,0.801,27.9,53.1,1.43,4.8,Siliciclastic Sedimentary,SS,1040.9,1406.8,NA,NA,NO_EVENT,NA,NA,NA,NA,NA,NA,NA,NA,NA,NA
NEG_2515,1:3,0,1,Garo Hills Block,25.363629,90.613445,8505.6,134.64,23.89,73.91,0.002370,0.000642,5.3847,44.5345,10,Tree cover,0.736,23.8,53.0,1.39,5.0,Mixed Sedimentary,SM,2043.4,7004.5,NA,NA,NO_EVENT,NA,NA,NA,NA,NA,NA,NA,NA,NA,NA
NEG_2516,1:3,0,1,Garo Hills Block,26.064344,90.288226,34072.9,59.59,34.23,161.26,-0.000138,0.000805,4.3050,52.8127,10,Tree cover,0.827,22.5,44.3,1.43,4.9,Mixed Sedimentary,SM,1059.1,1875.5,NA,NA,NO_EVENT,NA,NA,NA,NA,NA,NA,NA,NA,NA,NA
NEG_2517,1:3,0,4,Ri-Bhoi Block,25.870312,92.801703,16063.0,428.50,26.00,109.71,-0.000047,-0.002750,5.2751,22.3490,10,Tree cover,0.779,32.6,46.5,1.31,5.1,Metamorphic,MT,264.6,1105.2,NA,NA,NO_EVENT,NA,NA,NA,NA,NA,NA,NA,NA,NA,NA
NEG_2518,1:3,0,3,East Khasi Block,25.041494,91.932034,18121.6,1191.16,33.34,243.55,-0.000849,-0.001907,4.0164,35.7914,10,Tree cover,0.812,39.5,23.0,1.31,5.6,Volcanic Basic,VB,42.5,397.4,NA,NA,NO_EVENT,NA,NA,NA,NA,NA,NA,NA,NA,NA,NA
NEG_2519,1:3,0,1,Garo Hills Block,25.293145,89.923488,16910.6,44.48,19.43,53.52,-0.001046,-0.001864,5.8454,39.4404,10,Tree cover,0.779,26.3,51.6,1.41,5.4,Mixed Sedimentary,SM,241.2,2519.1,NA,NA,NO_EVENT,NA,NA,NA,NA,NA,NA,NA,NA,NA,NA
NEG_2520,1:3,0,5,Jaintia Hills Block,25.455121,92.652414,9795.1,772.76,34.97,184.84,-0.002821,-0.000500,4.1696,29.9372,10,Tree cover,0.683,32.2,41.5,1.36,4.7,Metamorphic,MT,126.6,2356.4,NA,NA,NO_EVENT,NA,NA,NA,NA,NA,NA,NA,NA,NA,NA
NEG_2521,1:3,0,2,West Khasi Block,25.032706,91.593051,15528.9,1095.35,34.12,280.48,0.002759,0.000925,3.9337,39.0812,10,Tree cover,0.809,28.5,44.2,1.43,5.2,Siliciclastic Sedimentary,SS,484.2,861.7,NA,NA,NO_EVENT,NA,NA,NA,NA,NA,NA,NA,NA,NA,NA
NEG_2522,1:3,0,5,Jaintia Hills Block,25.561508,92.463822,3669.4,1004.78,21.23,300.27,-0.003924,-0.000473,4.9371,20.0628,10,Tree cover,0.651,28.6,38.4,1.32,4.5,Metamorphic,MT,1937.9,413.1,NA,NA,NO_EVENT,NA,NA,NA,NA,NA,NA,NA,NA,NA,NA
NEG_2523,1:3,0,3,East Khasi Block,25.110722,91.878654,10050.2,1270.04,25.02,300.56,0.002341,0.001140,4.9110,18.9221,10,Tree cover,0.829,30.2,53.1,1.44,5.3,Siliciclastic Sedimentary,SS,384.9,743.7,NA,NA,NO_EVENT,NA,NA,NA,NA,NA,NA,NA,NA,NA,NA
NEG_2524,1:3,0,4,Ri-Bhoi Block,25.754518,91.840694,4216.5,1564.26,20.83,352.36,-0.000719,0.001385,5.3075,41.3212,10,Tree cover,0.708,28.7,38.3,1.28,4.3,Metamorphic,MT,625.9,3001.7,NA,NA,NO_EVENT,NA,NA,NA,NA,NA,NA,NA,NA,NA,NA
NEG_2525,1:3,0,4,Ri-Bhoi Block,26.037721,92.310417,7402.1,910.40,23.54,22.93,0.000763,0.002336,5.2633,36.8676,10,Tree cover,0.830,35.0,43.2,1.37,4.8,Metamorphic,MT,2196.9,4167.5,NA,NA,NO_EVENT,NA,NA,NA,NA,NA,NA,NA,NA,NA,NA
NEG_2526,1:3,0,2,West Khasi Block,25.065331,91.236803,15088.4,794.05,22.62,292.74,-0.004929,0.000042,4.9407,25.1580,10,Tree cover,0.820,29.4,52.9,1.44,4.9,Siliciclastic Sedimentary,SS,92.7,1385.2,NA,NA,NO_EVENT,NA,NA,NA,NA,NA,NA,NA,NA,NA,NA
NEG_2527,1:3,0,1,Garo Hills Block,25.449789,90.745949,3898.8,259.11,27.42,181.85,0.004556,0.000088,4.7948,28.6505,10,Tree cover,0.686,22.5,50.6,1.36,5.3,Mixed Sedimentary,SM,1861.3,514.5,NA,NA,NO_EVENT,NA,NA,NA,NA,NA,NA,NA,NA,NA,NA
NEG_2528,1:3,0,1,Garo Hills Block,25.507444,90.971792,11170.4,505.61,18.56,291.56,0.000279,-0.000649,5.2876,18.4585,10,Tree cover,0.662,23.2,44.2,1.34,5.3,Mixed Sedimentary,SM,1408.6,4820.8,NA,NA,NO_EVENT,NA,NA,NA,NA,NA,NA,NA,NA,NA,NA
NEG_2529,1:3,0,5,Jaintia Hills Block,25.486921,92.786749,21189.6,541.82,22.80,220.53,0.001045,0.002328,5.0202,20.5169,10,Tree cover,0.669,31.0,46.2,1.35,5.1,Metamorphic,MT,782.0,2469.2,NA,NA,NO_EVENT,NA,NA,NA,NA,NA,NA,NA,NA,NA,NA
NEG_2530,1:3,0,5,Jaintia Hills Block,25.115724,92.612804,18755.2,649.41,19.92,191.94,0.002062,-0.000092,5.3387,18.4403,10,Tree cover,0.829,30.2,51.3,1.44,5.4,Siliciclastic Sedimentary,SS,11544.7,267.6,NA,NA,NO_EVENT,NA,NA,NA,NA,NA,NA,NA,NA,NA,NA
NEG_2531,1:3,0,3,East Khasi Block,25.538656,91.702414,2316.1,1666.59,18.59,320.08,-0.002300,-0.001617,5.1952,18.2484,10,Tree cover,0.654,29.2,39.8,1.32,4.4,Metamorphic,MT,874.8,2014.1,NA,NA,NO_EVENT,NA,NA,NA,NA,NA,NA,NA,NA,NA,NA
NEG_2532,1:3,0,1,Garo Hills Block,25.916598,90.899412,16913.8,382.95,26.52,115.49,-0.001499,0.001976,5.2784,18.0048,10,Tree cover,0.803,26.5,44.6,1.38,5.4,Mixed Sedimentary,SM,649.9,6848.9,NA,NA,NO_EVENT,NA,NA,NA,NA,NA,NA,NA,NA,NA,NA
NEG_2533,1:3,0,2,West Khasi Block,25.484856,91.049031,4705.8,707.34,28.50,336.23,-0.000412,0.002414,4.5718,21.4803,10,Tree cover,0.670,31.1,38.7,1.35,4.5,Metamorphic,MT,4942.5,840.2,NA,NA,NO_EVENT,NA,NA,NA,NA,NA,NA,NA,NA,NA,NA
NEG_2534,1:3,0,5,Jaintia Hills Block,25.424710,92.622864,5594.5,778.18,31.06,165.60,-0.004150,0.000342,4.6032,37.3979,10,Tree cover,0.699,33.2,40.4,1.37,4.7,Metamorphic,MT,4392.2,382.3,NA,NA,NO_EVENT,NA,NA,NA,NA,NA,NA,NA,NA,NA,NA
NEG_2535,1:3,0,1,Garo Hills Block,25.915244,90.132450,27682.3,48.99,24.57,133.59,-0.002304,0.001611,5.4342,18.0158,10,Tree cover,0.802,26.5,50.0,1.38,5.3,Mixed Sedimentary,SM,1763.5,3839.7,NA,NA,NO_EVENT,NA,NA,NA,NA,NA,NA,NA,NA,NA,NA
NEG_2536,1:3,0,2,West Khasi Block,25.136773,91.105002,7633.2,627.25,24.04,2.31,-0.000503,-0.000088,5.0929,18.0300,10,Tree cover,0.830,30.3,48.5,1.44,5.1,Siliciclastic Sedimentary,SS,114.7,62.4,NA,NA,NO_EVENT,NA,NA,NA,NA,NA,NA,NA,NA,NA,NA
NEG_2537,1:3,0,3,East Khasi Block,25.126550,91.688234,4741.3,1192.90,19.94,356.04,-0.000310,0.002714,5.3801,18.0587,10,Tree cover,0.830,30.3,46.6,1.44,5.3,Siliciclastic Sedimentary,SS,672.1,103.4,NA,NA,NO_EVENT,NA,NA,NA,NA,NA,NA,NA,NA,NA,NA
NEG_2538,1:3,0,2,West Khasi Block,25.175187,91.393238,1328.4,1044.56,27.35,156.86,-0.002737,0.001140,4.9767,21.6411,60,Bare / sparse vegetation,0.339,30.0,49.8,1.44,4.8,Siliciclastic Sedimentary,SS,17.6,309.7,NA,NA,NO_EVENT,NA,NA,NA,NA,NA,NA,NA,NA,NA,NA
NEG_2539,1:3,0,1,Garo Hills Block,25.027798,90.765619,24328.8,63.65,29.43,221.93,-0.001518,0.002059,4.2987,37.5667,10,Tree cover,0.807,28.3,49.8,1.43,5.3,Mixed Sedimentary,SM,180.1,940.9,NA,NA,NO_EVENT,NA,NA,NA,NA,NA,NA,NA,NA,NA,NA
NEG_2540,1:3,0,4,Ri-Bhoi Block,25.751366,91.276319,11087.1,974.89,16.31,216.64,0.000532,0.002611,5.6565,36.4966,10,Tree cover,0.706,28.6,42.3,1.28,4.8,Metamorphic,MT,3925.8,174.7,NA,NA,NO_EVENT,NA,NA,NA,NA,NA,NA,NA,NA,NA,NA
NEG_2541,1:3,0,4,Ri-Bhoi Block,26.076531,92.466017,22541.5,746.01,32.71,358.54,-0.004229,0.000052,4.3780,53.7424,10,Tree cover,0.825,34.4,38.3,1.38,4.5,Metamorphic,MT,3096.0,9780.0,NA,NA,NO_EVENT,NA,NA,NA,NA,NA,NA,NA,NA,NA,NA
NEG_2542,1:3,0,1,Garo Hills Block,25.407796,89.938734,12557.0,57.66,22.49,31.26,0.001711,0.001967,5.3533,35.6298,10,Tree cover,0.709,22.8,52.1,1.38,5.4,Mixed Sedimentary,SM,1469.0,1466.7,NA,NA,NO_EVENT,NA,NA,NA,NA,NA,NA,NA,NA,NA,NA
NEG_2543,1:3,0,4,Ri-Bhoi Block,25.933276,92.579265,29481.9,743.10,18.87,119.50,-0.002953,-0.000909,5.8858,18.3304,10,Tree cover,0.810,34.4,39.1,1.34,4.6,Metamorphic,MT,1398.4,3292.0,NA,NA,NO_EVENT,NA,NA,NA,NA,NA,NA,NA,NA,NA,NA
NEG_2544,1:3,0,1,Garo Hills Block,25.906278,90.190247,26292.9,62.23,22.09,134.18,0.001446,0.002087,5.6300,18.2380,10,Tree cover,0.798,26.9,47.4,1.38,5.1,Mixed Sedimentary,SM,1183.2,2975.8,NA,NA,NO_EVENT,NA,NA,NA,NA,NA,NA,NA,NA,NA,NA
NEG_2545,1:3,0,1,Garo Hills Block,26.097748,90.588682,37309.9,25.00,34.63,333.41,0.003940,-0.000581,4.1402,58.8151,10,Tree cover,0.820,22.6,52.6,1.43,5.0,Mixed Sedimentary,SM,1930.6,2047.3,NA,NA,NO_EVENT,NA,NA,NA,NA,NA,NA,NA,NA,NA,NA
NEG_2546,1:3,0,4,Ri-Bhoi Block,25.802141,92.569506,24161.0,788.13,18.78,140.00,0.001879,0.001394,5.6573,32.4380,10,Tree cover,0.738,30.2,38.9,1.29,4.6,Metamorphic,MT,206.3,1657.4,NA,NA,NO_EVENT,NA,NA,NA,NA,NA,NA,NA,NA,NA,NA
NEG_2547,1:3,0,5,Jaintia Hills Block,25.274542,92.570189,6872.7,795.93,23.47,115.99,0.000892,0.002458,5.5177,41.1325,10,Tree cover,0.789,27.0,52.5,1.42,5.3,Siliciclastic Sedimentary,SS,6279.7,2346.1,NA,NA,NO_EVENT,NA,NA,NA,NA,NA,NA,NA,NA,NA,NA
NEG_2548,1:3,0,5,Jaintia Hills Block,25.354240,92.778060,9584.3,598.75,15.62,123.60,-0.001956,-0.001800,6.0702,35.9954,10,Tree cover,0.742,34.8,46.0,1.38,5.0,Metamorphic,MT,2553.3,1885.9,NA,NA,NO_EVENT,NA,NA,NA,NA,NA,NA,NA,NA,NA,NA
NEG_2549,1:3,0,5,Jaintia Hills Block,25.323761,92.707979,1768.8,604.90,23.57,135.28,-0.003491,0.000135,5.4916,46.2326,10,Tree cover,0.761,35.2,43.7,1.38,4.9,Metamorphic,MT,318.4,4345.6,NA,NA,NO_EVENT,NA,NA,NA,NA,NA,NA,NA,NA,NA,NA
NEG_2550,1:3,0,3,East Khasi Block,25.077828,91.963280,13227.8,1189.09,24.71,218.46,-0.004144,0.000315,4.8144,23.3637,10,Tree cover,0.823,29.7,52.0,1.44,5.2,Siliciclastic Sedimentary,SS,705.3,1037.7,NA,NA,NO_EVENT,NA,NA,NA,NA,NA,NA,NA,NA,NA,NA
NEG_2551,1:3,0,2,West Khasi Block,25.594680,91.257525,2393.0,960.68,18.94,273.30,-0.003408,-0.000943,5.0865,24.2888,10,Tree cover,0.650,27.8,41.6,1.30,4.7,Metamorphic,MT,128.7,1982.2,NA,NA,NO_EVENT,NA,NA,NA,NA,NA,NA,NA,NA,NA,NA
NEG_2552,1:3,0,3,East Khasi Block,25.261374,91.952067,3790.6,1417.34,30.12,120.64,-0.000246,-0.002236,4.9743,44.5345,10,Tree cover,0.796,27.5,52.3,1.42,5.0,Siliciclastic Sedimentary,SS,367.5,144.9,NA,NA,NO_EVENT,NA,NA,NA,NA,NA,NA,NA,NA,NA,NA
NEG_2553,1:3,0,2,West Khasi Block,25.226074,91.486167,4202.1,1156.55,25.88,134.55,0.003605,0.000155,5.2510,32.3263,10,Tree cover,0.811,28.7,45.8,1.43,5.0,Siliciclastic Sedimentary,SS,2362.2,2276.4,NA,NA,NO_EVENT,NA,NA,NA,NA,NA,NA,NA,NA,NA,NA
NEG_2554,1:3,0,5,Jaintia Hills Block,25.293505,92.714645,2674.5,623.00,27.43,132.94,-0.003109,-0.001128,5.2053,48.3196,10,Tree cover,0.779,26.3,46.9,1.41,5.4,Siliciclastic Sedimentary,SS,2513.8,1663.7,NA,NA,NO_EVENT,NA,NA,NA,NA,NA,NA,NA,NA,NA,NA
NEG_2555,1:3,0,1,Garo Hills Block,25.050922,90.409171,28598.6,28.41,27.02,316.65,0.000650,-0.001356,4.5464,30.0178,10,Tree cover,0.816,29.1,45.7,1.43,4.8,Mixed Sedimentary,SM,1475.0,533.2,NA,NA,NO_EVENT,NA,NA,NA,NA,NA,NA,NA,NA,NA,NA
NEG_2556,1:3,0,2,West Khasi Block,25.281695,91.062907,1810.5,654.89,28.98,47.67,0.001291,0.002212,5.0803,48.0115,10,Tree cover,0.785,26.7,46.7,1.42,5.2,Siliciclastic Sedimentary,SS,468.8,3662.2,NA,NA,NO_EVENT,NA,NA,NA,NA,NA,NA,NA,NA,NA,NA
NEG_2557,1:3,0,2,West Khasi Block,25.271349,91.298615,4129.8,924.06,27.69,109.40,0.000156,0.002831,5.1780,44.6278,10,Tree cover,0.791,27.1,52.8,1.42,4.8,Siliciclastic Sedimentary,SS,1268.2,1392.8,NA,NA,NO_EVENT,NA,NA,NA,NA,NA,NA,NA,NA,NA,NA
NEG_2558,1:3,0,4,Ri-Bhoi Block,25.962263,91.971793,1274.1,1256.51,17.45,128.48,0.004460,-0.000322,5.9657,20.5025,10,Tree cover,0.820,34.9,42.2,1.35,4.8,Metamorphic,MT,448.5,12883.7,NA,NA,NO_EVENT,NA,NA,NA,NA,NA,NA,NA,NA,NA,NA
NEG_2559,1:3,0,1,Garo Hills Block,25.646359,90.071460,6622.0,62.25,35.51,236.48,-0.001003,-0.001938,3.7946,46.8893,10,Tree cover,0.761,28.0,52.2,1.32,5.3,Mixed Sedimentary,SM,1489.1,2177.9,NA,NA,NO_EVENT,NA,NA,NA,NA,NA,NA,NA,NA,NA,NA
NEG_2560,1:3,0,1,Garo Hills Block,25.769511,90.307564,13454.9,31.20,23.94,147.37,0.000461,0.002635,5.1186,42.7404,10,Tree cover,0.717,30.3,44.1,1.33,4.9,Mixed Sedimentary,SM,72.4,9841.5,NA,NA,NO_EVENT,NA,NA,NA,NA,NA,NA,NA,NA,NA,NA
NEG_2561,1:3,0,1,Garo Hills Block,25.869277,90.562673,15114.6,36.19,35.41,53.16,0.001103,-0.002319,4.5204,24.1689,10,Tree cover,0.787,28.2,52.0,1.36,4.9,Mixed Sedimentary,SM,2357.0,2493.1,NA,NA,NO_EVENT,NA,NA,NA,NA,NA,NA,NA,NA,NA,NA
NEG_2562,1:3,0,1,Garo Hills Block,25.470413,90.868934,3589.0,431.39,33.73,197.96,-0.003906,-0.000573,4.2084,25.3502,10,Tree cover,0.676,22.6,45.5,1.35,5.4,Mixed Sedimentary,SM,525.2,6409.9,NA,NA,NO_EVENT,NA,NA,NA,NA,NA,NA,NA,NA,NA,NA
NEG_2563,1:3,0,1,Garo Hills Block,25.947519,90.185961,30864.5,25.00,15.39,135.54,0.002637,0.000130,6.1517,19.0016,10,Tree cover,0.815,25.3,47.6,1.39,5.1,Mixed Sedimentary,SM,340.2,2470.7,NA,NA,NO_EVENT,NA,NA,NA,NA,NA,NA,NA,NA,NA,NA
NEG_2564,1:3,0,1,Garo Hills Block,25.630896,90.233288,6142.5,37.23,26.81,231.47,-0.000553,-0.000500,4.4696,35.9558,10,Tree cover,0.655,27.4,45.7,1.32,5.0,Mixed Sedimentary,SM,1297.2,3165.7,NA,NA,NO_EVENT,NA,NA,NA,NA,NA,NA,NA,NA,NA,NA
NEG_2565,1:3,0,4,Ri-Bhoi Block,25.781180,92.560488,21686.9,820.93,15.36,153.15,0.000548,0.002560,5.8511,32.5750,10,Tree cover,0.724,29.5,38.7,1.29,4.5,Metamorphic,MT,1438.0,3265.5,NA,NA,NO_EVENT,NA,NA,NA,NA,NA,NA,NA,NA,NA,NA
NEG_2566,1:3,0,2,West Khasi Block,25.489376,91.288681,1643.4,962.05,25.12,238.61,0.000364,0.002590,4.8256,20.4403,10,Tree cover,0.668,30.9,42.8,1.34,4.8,Metamorphic,MT,409.6,1776.7,NA,NA,NO_EVENT,NA,NA,NA,NA,NA,NA,NA,NA,NA,NA
NEG_2567,1:3,0,4,Ri-Bhoi Block,26.021617,91.389024,17430.7,836.42,29.15,151.77,0.000807,-0.002070,4.8723,36.9721,10,Tree cover,0.830,35.2,46.1,1.37,5.0,Metamorphic,MT,1041.3,1147.3,NA,NA,NO_EVENT,NA,NA,NA,NA,NA,NA,NA,NA,NA,NA
NEG_2568,1:3,0,2,West Khasi Block,25.546606,91.563904,3924.1,1332.76,19.02,260.88,0.001723,0.001635,5.1424,18.6482,10,Tree cover,0.653,29.0,45.0,1.32,5.0,Metamorphic,MT,56.4,3168.4,NA,NA,NO_EVENT,NA,NA,NA,NA,NA,NA,NA,NA,NA,NA
NEG_2569,1:3,0,1,Garo Hills Block,25.764368,90.125994,11805.9,49.10,18.84,177.96,0.000334,-0.001756,5.5060,38.0848,10,Tree cover,0.714,30.3,50.3,1.33,5.3,Mixed Sedimentary,SM,1786.2,6216.6,NA,NA,NO_EVENT,NA,NA,NA,NA,NA,NA,NA,NA,NA,NA
NEG_2570,1:3,0,4,Ri-Bhoi Block,25.906799,91.128290,7569.8,702.35,31.31,45.52,-0.002047,0.001380,4.8926,18.3084,10,Tree cover,0.798,33.7,38.2,1.33,4.5,Metamorphic,MT,42.8,1137.6,NA,NA,NO_EVENT,NA,NA,NA,NA,NA,NA,NA,NA,NA,NA
NEG_2571,1:3,0,5,Jaintia Hills Block,25.098136,92.197857,4682.5,1130.12,24.37,256.92,-0.002112,0.001619,4.9147,20.1846,10,Tree cover,0.827,37.1,27.9,1.31,5.5,Carbonate Sedimentary,SC,60.3,939.9,NA,NA,NO_EVENT,NA,NA,NA,NA,NA,NA,NA,NA,NA,NA
NEG_2572,1:3,0,1,Garo Hills Block,25.427106,90.106121,6834.6,31.66,32.10,166.80,-0.004362,0.000186,4.5107,37.3092,10,Tree cover,0.698,22.6,51.1,1.37,5.3,Mixed Sedimentary,SM,774.5,573.3,NA,NA,NO_EVENT,NA,NA,NA,NA,NA,NA,NA,NA,NA,NA
NEG_2573,1:3,0,4,Ri-Bhoi Block,25.704481,92.484401,10763.7,1034.98,25.31,302.96,0.004913,-0.000048,4.7608,47.7934,10,Tree cover,0.681,27.6,38.2,1.28,4.5,Metamorphic,MT,2189.4,4142.4,NA,NA,NO_EVENT,NA,NA,NA,NA,NA,NA,NA,NA,NA,NA
NEG_2574,1:3,0,4,Ri-Bhoi Block,25.978774,92.720874,14531.3,477.71,21.66,137.77,0.003315,-0.000913,5.5959,23.6510,10,Tree cover,0.824,35.1,44.2,1.35,4.9,Metamorphic,MT,489.7,2324.3,NA,NA,NO_EVENT,NA,NA,NA,NA,NA,NA,NA,NA,NA,NA
NEG_2575,1:3,0,1,Garo Hills Block,25.957122,89.806530,45580.4,25.00,24.35,45.50,-0.002334,0.000496,5.4220,20.7509,10,Tree cover,0.818,24.9,46.7,1.39,5.2,Mixed Sedimentary,SM,633.5,295.2,NA,NA,NO_EVENT,NA,NA,NA,NA,NA,NA,NA,NA,NA,NA
NEG_2576,1:3,0,5,Jaintia Hills Block,25.430660,92.296555,1280.8,1236.77,25.52,11.59,0.000394,-0.001180,5.0231,32.4807,10,Tree cover,0.696,33.0,43.7,1.36,4.9,Metamorphic,MT,351.7,2945.5,NA,NA,NO_EVENT,NA,NA,NA,NA,NA,NA,NA,NA,NA,NA
NEG_2577,1:3,0,3,East Khasi Block,25.415553,91.634723,4406.9,1478.96,33.50,29.63,-0.002826,0.001277,4.4433,41.8447,10,Tree cover,0.704,33.4,42.3,1.37,4.5,Metamorphic,MT,1699.5,891.6,NA,NA,NO_EVENT,NA,NA,NA,NA,NA,NA,NA,NA,NA,NA
NEG_2578,1:3,0,1,Garo Hills Block,25.674822,90.913327,10214.1,548.81,29.68,245.24,-0.000454,0.001647,4.3218,48.8199,10,Tree cover,0.669,28.9,44.4,1.32,5.4,Mixed Sedimentary,SM,142.1,1382.9,NA,NA,NO_EVENT,NA,NA,NA,NA,NA,NA,NA,NA,NA,NA
NEG_2579,1:3,0,4,Ri-Bhoi Block,25.996832,91.334846,21686.5,874.97,24.28,132.91,-0.001599,0.001490,5.3400,28.1001,10,Tree cover,0.828,35.2,44.6,1.36,4.9,Metamorphic,MT,382.7,618.6,NA,NA,NO_EVENT,NA,NA,NA,NA,NA,NA,NA,NA,NA,NA
NEG_2580,1:3,0,5,Jaintia Hills Block,25.521967,92.842417,27370.5,418.43,17.84,276.97,0.001262,0.001559,5.3000,18.0165,10,Tree cover,0.658,29.8,46.9,1.33,5.1,Metamorphic,MT,2515.6,6705.1,NA,NA,NO_EVENT,NA,NA,NA,NA,NA,NA,NA,NA,NA,NA
NEG_2581,1:3,0,1,Garo Hills Block,25.552980,90.344115,883.0,25.00,23.24,284.83,0.004323,0.000283,4.7917,19.3320,10,Tree cover,0.652,24.5,44.2,1.33,4.9,Mixed Sedimentary,SM,385.5,50.0,NA,NA,NO_EVENT,NA,NA,NA,NA,NA,NA,NA,NA,NA,NA
NEG_2582,1:3,0,5,Jaintia Hills Block,25.574115,92.282751,1657.9,1283.67,15.32,306.07,-0.002087,-0.000106,5.3921,20.6495,10,Tree cover,0.650,28.2,44.2,1.31,4.9,Metamorphic,MT,4752.6,2391.0,NA,NA,NO_EVENT,NA,NA,NA,NA,NA,NA,NA,NA,NA,NA
NEG_2583,1:3,0,4,Ri-Bhoi Block,25.859009,92.205174,5245.7,1143.32,32.49,90.39,-0.002226,0.001655,4.7329,26.0927,10,Tree cover,0.773,32.2,46.4,1.31,5.1,Metamorphic,MT,2765.6,2459.0,NA,NA,NO_EVENT,NA,NA,NA,NA,NA,NA,NA,NA,NA,NA
NEG_2584,1:3,0,1,Garo Hills Block,25.784666,90.575364,13565.9,30.69,25.37,22.62,0.002121,0.001614,5.0639,41.3693,10,Tree cover,0.727,30.2,52.3,1.34,4.9,Mixed Sedimentary,SM,1757.9,1321.1,NA,NA,NO_EVENT,NA,NA,NA,NA,NA,NA,NA,NA,NA,NA
NEG_2585,1:3,0,4,Ri-Bhoi Block,25.951051,92.525003,30903.3,838.40,15.62,93.08,0.003055,0.000089,6.1289,19.2696,10,Tree cover,0.816,34.7,38.2,1.34,4.5,Metamorphic,MT,1162.4,610.2,NA,NA,NO_EVENT,NA,NA,NA,NA,NA,NA,NA,NA,NA,NA
NEG_2586,1:3,0,1,Garo Hills Block,25.229685,90.197890,3215.3,106.49,25.93,138.81,0.002481,-0.001483,5.2554,33.2516,10,Tree cover,0.810,28.6,47.1,1.43,5.1,Mixed Sedimentary,SM,525.9,1380.0,NA,NA,NO_EVENT,NA,NA,NA,NA,NA,NA,NA,NA,NA,NA
NEG_2587,1:3,0,4,Ri-Bhoi Block,26.073653,92.448388,20762.5,768.40,34.49,1.37,-0.002689,-0.000099,4.2471,55.1259,10,Tree cover,0.826,34.5,38.6,1.38,4.5,Metamorphic,MT,1782.9,10355.2,NA,NA,NO_EVENT,NA,NA,NA,NA,NA,NA,NA,NA,NA,NA
NEG_2588,1:3,0,4,Ri-Bhoi Block,25.984695,92.503448,27562.7,864.10,16.93,78.24,0.002971,0.000844,5.9602,23.2354,10,Tree cover,0.825,35.1,38.1,1.36,4.5,Metamorphic,MT,324.5,113.9,NA,NA,NO_EVENT,NA,NA,NA,NA,NA,NA,NA,NA,NA,NA
NEG_2589,1:3,0,3,East Khasi Block,25.605022,91.771525,2207.1,1678.41,20.36,312.99,-0.002070,-0.001738,4.9712,26.6352,10,Tree cover,0.651,27.6,38.3,1.30,4.3,Metamorphic,MT,111.8,122.2,NA,NA,NO_EVENT,NA,NA,NA,NA,NA,NA,NA,NA,NA,NA
NEG_2590,1:3,0,1,Garo Hills Block,25.608992,89.956179,4679.3,49.53,21.99,295.83,-0.002725,0.001086,4.8413,28.1351,10,Tree cover,0.652,26.6,52.5,1.32,5.4,Mixed Sedimentary,SM,81.7,1543.6,NA,NA,NO_EVENT,NA,NA,NA,NA,NA,NA,NA,NA,NA,NA
NEG_2591,1:3,0,4,Ri-Bhoi Block,25.825143,91.341263,12989.9,1002.21,31.07,139.63,0.004591,-0.000037,4.7535,35.0991,10,Tree cover,0.752,31.0,44.8,1.30,5.0,Metamorphic,MT,1582.0,136.6,NA,NA,NO_EVENT,NA,NA,NA,NA,NA,NA,NA,NA,NA,NA
NEG_2592,1:3,0,4,Ri-Bhoi Block,25.719526,91.333051,11842.6,1059.27,26.43,212.13,-0.003527,0.000874,4.7242,49.7056,10,Tree cover,0.689,27.8,44.5,1.28,4.9,Metamorphic,MT,1676.1,6669.9,NA,NA,NO_EVENT,NA,NA,NA,NA,NA,NA,NA,NA,NA,NA
NEG_2593,1:3,0,1,Garo Hills Block,25.551156,90.323957,619.7,25.00,23.99,272.10,0.003272,0.000993,4.7353,19.2013,10,Tree cover,0.652,24.4,44.1,1.33,4.9,Mixed Sedimentary,SM,180.3,1630.3,NA,NA,NO_EVENT,NA,NA,NA,NA,NA,NA,NA,NA,NA,NA
NEG_2594,1:3,0,1,Garo Hills Block,25.321011,90.284501,10209.3,82.14,23.39,110.45,-0.000608,0.000017,5.5095,45.9509,10,Tree cover,0.763,25.2,44.4,1.41,4.9,Mixed Sedimentary,SM,185.8,200.6,NA,NA,NO_EVENT,NA,NA,NA,NA,NA,NA,NA,NA,NA,NA
NEG_2595,1:3,0,5,Jaintia Hills Block,25.231320,92.767581,11374.6,511.03,28.06,126.50,0.002408,0.001496,5.0887,34.9447,10,Tree cover,0.809,28.6,45.1,1.43,5.3,Siliciclastic Sedimentary,SS,3020.0,471.7,NA,NA,NO_EVENT,NA,NA,NA,NA,NA,NA,NA,NA,NA,NA
NEG_2596,1:3,0,1,Garo Hills Block,25.185363,90.621275,2974.9,25.00,28.04,74.82,-0.004370,0.000325,4.9577,23.6189,10,Tree cover,0.824,29.8,53.1,1.44,5.0,Mixed Sedimentary,SM,569.9,165.7,NA,NA,NO_EVENT,NA,NA,NA,NA,NA,NA,NA,NA,NA,NA
NEG_2597,1:3,0,4,Ri-Bhoi Block,25.657837,91.661045,2584.8,1500.71,34.65,310.84,-0.000699,0.002451,3.8846,49.6132,10,Tree cover,0.663,27.2,41.3,1.29,4.5,Metamorphic,MT,2479.6,3254.5,NA,NA,NO_EVENT,NA,NA,NA,NA,NA,NA,NA,NA,NA,NA
NEG_2598,1:3,0,5,Jaintia Hills Block,25.186292,92.220838,1233.5,1080.94,24.97,73.58,0.004466,0.000274,5.2065,23.1710,10,Tree cover,0.824,40.6,28.8,1.33,5.5,Carbonate Sedimentary,SC,2297.5,1035.6,NA,NA,NO_EVENT,NA,NA,NA,NA,NA,NA,NA,NA,NA,NA
NEG_2599,1:3,0,1,Garo Hills Block,25.868019,90.523819,12068.1,88.45,31.78,44.38,-0.000923,-0.002443,4.8084,23.8095,10,Tree cover,0.778,28.3,50.6,1.36,4.9,Mixed Sedimentary,SM,247.2,2374.0,NA,NA,NO_EVENT,NA,NA,NA,NA,NA,NA,NA,NA,NA,NA
NEG_2600,1:3,0,5,Jaintia Hills Block,25.331760,92.660863,3026.0,654.93,23.92,137.22,0.001893,0.000718,5.4517,46.6909,10,Tree cover,0.756,35.1,41.9,1.38,4.8,Metamorphic,MT,26.9,6617.7,NA,NA,NO_EVENT,NA,NA,NA,NA,NA,NA,NA,NA,NA,NA
NEG_2601,1:3,0,4,Ri-Bhoi Block,25.911725,91.928281,5419.2,1331.02,29.33,109.77,0.000385,0.002412,5.0528,18.0926,10,Tree cover,0.801,33.9,40.6,1.33,4.7,Metamorphic,MT,519.8,9839.4,NA,NA,NO_EVENT,NA,NA,NA,NA,NA,NA,NA,NA,NA,NA
NEG_2602,1:3,0,2,West Khasi Block,25.108812,91.075705,9841.0,533.61,24.20,346.05,0.002037,-0.001711,4.9692,19.0513,10,Tree cover,0.829,30.2,47.2,1.44,5.2,Siliciclastic Sedimentary,SS,250.5,325.1,NA,NA,NO_EVENT,NA,NA,NA,NA,NA,NA,NA,NA,NA,NA
NEG_2603,1:3,0,1,Garo Hills Block,25.624046,90.371604,3006.2,62.48,30.12,296.41,0.001238,0.001343,4.1984,36.1966,10,Tree cover,0.654,27.2,44.7,1.32,4.8,Mixed Sedimentary,SM,2799.2,1461.4,NA,NA,NO_EVENT,NA,NA,NA,NA,NA,NA,NA,NA,NA,NA
NEG_2604,1:3,0,3,East Khasi Block,25.504085,91.633129,4871.4,1464.33,29.12,314.33,-0.000578,-0.001695,4.4539,19.0101,10,Tree cover,0.663,30.4,42.4,1.34,4.5,Metamorphic,MT,587.3,517.6,NA,NA,NO_EVENT,NA,NA,NA,NA,NA,NA,NA,NA,NA,NA
NEG_2605,1:3,0,5,Jaintia Hills Block,25.373567,92.181882,5491.9,1435.57,25.34,109.45,-0.000244,0.002846,5.2405,44.7181,10,Tree cover,0.730,34.5,46.8,1.38,4.8,Metamorphic,MT,2740.0,1495.7,NA,NA,NO_EVENT,NA,NA,NA,NA,NA,NA,NA,NA,NA,NA
NEG_2606,1:3,0,1,Garo Hills Block,25.927686,90.787009,23740.2,214.98,24.27,135.09,0.000534,-0.001547,5.4566,18.1695,10,Tree cover,0.808,26.0,48.8,1.38,5.3,Mixed Sedimentary,SM,343.9,456.7,NA,NA,NO_EVENT,NA,NA,NA,NA,NA,NA,NA,NA,NA,NA
NEG_2607,1:3,0,1,Garo Hills Block,25.925750,90.115909,29152.9,37.57,24.66,131.68,-0.003851,0.000617,5.4260,18.1096,10,Tree cover,0.807,26.1,50.7,1.38,5.3,Mixed Sedimentary,SM,501.4,1816.8,NA,NA,NO_EVENT,NA,NA,NA,NA,NA,NA,NA,NA,NA,NA
NEG_2608,1:3,0,1,Garo Hills Block,25.924747,90.265889,22978.7,50.10,25.07,117.61,0.002254,-0.001452,5.3935,18.0840,10,Tree cover,0.807,26.1,44.8,1.38,5.0,Mixed Sedimentary,SM,321.0,205.6,NA,NA,NO_EVENT,NA,NA,NA,NA,NA,NA,NA,NA,NA,NA
NEG_2609,1:3,0,3,East Khasi Block,25.109561,91.757415,8767.9,1175.86,15.41,346.73,-0.002301,-0.001360,5.6753,18.6286,10,Tree cover,0.829,30.2,49.6,1.44,5.4,Siliciclastic Sedimentary,SS,29.6,296.1,NA,NA,NO_EVENT,NA,NA,NA,NA,NA,NA,NA,NA,NA,NA
NEG_2610,1:3,0,5,Jaintia Hills Block,25.529692,92.569066,4927.6,837.94,15.99,237.34,0.001027,0.002379,5.4262,18.0222,10,Tree cover,0.656,29.5,38.9,1.33,4.6,Metamorphic,MT,1769.9,906.4,NA,NA,NO_EVENT,NA,NA,NA,NA,NA,NA,NA,NA,NA,NA
NEG_2611,1:3,0,1,Garo Hills Block,25.412244,90.675814,2469.4,190.30,24.95,139.48,0.000758,0.002223,5.1399,36.5333,10,Tree cover,0.706,22.7,52.7,1.37,5.1,Mixed Sedimentary,SM,2350.4,3745.9,NA,NA,NO_EVENT,NA,NA,NA,NA,NA,NA,NA,NA,NA,NA
NEG_2612,1:3,0,2,West Khasi Block,25.560794,91.190636,2267.8,877.15,17.02,306.18,-0.002462,-0.000746,5.2751,19.5906,10,Tree cover,0.651,28.6,39.3,1.32,4.6,Metamorphic,MT,672.1,4238.9,NA,NA,NO_EVENT,NA,NA,NA,NA,NA,NA,NA,NA,NA,NA
NEG_2613,1:3,0,3,East Khasi Block,25.391982,91.915911,3190.1,1690.04,28.71,114.77,-0.000173,0.002895,4.9120,44.4423,10,Tree cover,0.718,34.1,40.1,1.37,4.4,Metamorphic,MT,2004.6,845.9,NA,NA,NO_EVENT,NA,NA,NA,NA,NA,NA,NA,NA,NA,NA
NEG_2614,1:3,0,4,Ri-Bhoi Block,25.840327,92.401601,25008.2,1074.95,34.07,37.57,0.002593,0.000988,4.5593,31.8993,10,Tree cover,0.761,31.5,39.8,1.30,4.6,Metamorphic,MT,4083.7,871.0,NA,NA,NO_EVENT,NA,NA,NA,NA,NA,NA,NA,NA,NA,NA
NEG_2615,1:3,0,1,Garo Hills Block,26.070685,90.613301,35699.4,51.99,34.65,11.92,0.004820,-0.000082,4.2461,54.6795,10,Tree cover,0.826,22.5,53.0,1.43,5.0,Mixed Sedimentary,SM,448.8,1356.0,NA,NA,NO_EVENT,NA,NA,NA,NA,NA,NA,NA,NA,NA,NA
NEG_2616,1:3,0,4,Ri-Bhoi Block,25.793381,91.002488,1052.3,550.42,17.63,31.97,-0.003083,0.001082,5.7166,32.9428,10,Tree cover,0.732,29.9,39.9,1.29,4.6,Metamorphic,MT,890.8,6445.9,NA,NA,NO_EVENT,NA,NA,NA,NA,NA,NA,NA,NA,NA,NA
NEG_2617,1:3,0,4,Ri-Bhoi Block,25.751249,91.251744,9092.9,942.55,14.56,319.57,0.001067,0.001388,5.7960,34.5194,10,Tree cover,0.706,28.6,41.4,1.28,4.7,Metamorphic,MT,1465.8,2025.1,NA,NA,NO_EVENT,NA,NA,NA,NA,NA,NA,NA,NA,NA,NA
NEG_2618,1:3,0,4,Ri-Bhoi Block,26.093275,92.023152,7593.5,1089.66,25.14,190.51,-0.002679,-0.001051,4.9170,47.3074,10,Tree cover,0.821,34.0,44.2,1.38,4.9,Metamorphic,MT,837.7,4549.9,NA,NA,NO_EVENT,NA,NA,NA,NA,NA,NA,NA,NA,NA,NA
NEG_2619,1:3,0,4,Ri-Bhoi Block,26.048691,92.346657,10643.0,853.05,28.83,14.88,0.003623,0.000726,4.7985,43.8633,10,Tree cover,0.829,34.9,41.8,1.37,4.7,Metamorphic,MT,2520.0,6729.8,NA,NA,NO_EVENT,NA,NA,NA,NA,NA,NA,NA,NA,NA,NA
NEG_2620,1:3,0,4,Ri-Bhoi Block,25.995133,92.283979,8490.2,1008.95,15.57,45.52,0.000815,0.002510,6.0416,24.2363,10,Tree cover,0.827,35.2,44.2,1.36,4.9,Metamorphic,MT,412.6,4586.1,NA,NA,NO_EVENT,NA,NA,NA,NA,NA,NA,NA,NA,NA,NA
NEG_2621,1:3,0,1,Garo Hills Block,25.515892,90.567955,9104.8,25.90,26.82,314.29,0.000483,0.002303,4.5998,18.1874,10,Tree cover,0.659,23.4,52.1,1.34,4.9,Mixed Sedimentary,SM,415.2,191.3,NA,NA,NO_EVENT,NA,NA,NA,NA,NA,NA,NA,NA,NA,NA
NEG_2622,1:3,0,1,Garo Hills Block,25.419946,89.861721,17050.9,25.00,29.25,15.02,-0.003728,0.000561,4.7665,37.6007,10,Tree cover,0.702,22.6,49.1,1.37,5.3,Mixed Sedimentary,SM,202.6,1433.4,NA,NA,NO_EVENT,NA,NA,NA,NA,NA,NA,NA,NA,NA,NA
NEG_2623,1:3,0,2,West Khasi Block,25.585913,91.340426,3998.3,1092.10,25.85,234.67,0.004300,-0.000407,4.5385,24.7110,10,Tree cover,0.650,28.0,44.8,1.31,5.0,Metamorphic,MT,2043.6,1267.0,NA,NA,NO_EVENT,NA,NA,NA,NA,NA,NA,NA,NA,NA,NA
NEG_2624,1:3,0,5,Jaintia Hills Block,25.587271,92.770795,22090.9,593.41,18.97,239.05,-0.003335,-0.000754,5.0880,23.1300,10,Tree cover,0.650,27.9,45.8,1.31,5.0,Metamorphic,MT,999.2,2534.5,NA,NA,NO_EVENT,NA,NA,NA,NA,NA,NA,NA,NA,NA,NA
NEG_2625,1:3,0,1,Garo Hills Block,26.004370,90.293224,27995.6,116.55,25.79,112.70,-0.000096,0.002926,5.1971,30.5349,10,Tree cover,0.829,23.4,44.3,1.41,4.9,Mixed Sedimentary,SM,579.0,841.4,NA,NA,NO_EVENT,NA,NA,NA,NA,NA,NA,NA,NA,NA,NA
NEG_2626,1:3,0,2,West Khasi Block,25.418393,91.093066,3815.9,688.68,33.69,15.84,-0.003581,-0.000632,4.4173,41.0739,10,Tree cover,0.703,33.4,38.1,1.37,4.5,Metamorphic,MT,1418.8,1788.7,NA,NA,NO_EVENT,NA,NA,NA,NA,NA,NA,NA,NA,NA,NA
NEG_2627,1:3,0,5,Jaintia Hills Block,25.409376,92.235413,4690.4,1362.95,25.65,51.42,0.002954,0.000106,5.0946,37.7353,10,Tree cover,0.708,33.6,45.8,1.37,5.0,Metamorphic,MT,2749.9,1913.7,NA,NA,NO_EVENT,NA,NA,NA,NA,NA,NA,NA,NA,NA,NA
NEG_2628,1:3,0,2,West Khasi Block,25.585961,91.544904,4650.1,1354.32,19.66,252.01,-0.000130,-0.000986,5.0337,23.1114,10,Tree cover,0.650,28.0,45.5,1.31,5.0,Metamorphic,MT,360.6,2513.2,NA,NA,NO_EVENT,NA,NA,NA,NA,NA,NA,NA,NA,NA,NA
NEG_2629,1:3,0,4,Ri-Bhoi Block,25.941255,92.258081,13288.3,1107.26,17.12,62.82,0.004239,-0.000309,6.0198,18.6946,10,Tree cover,0.813,34.6,45.1,1.34,5.0,Metamorphic,MT,370.2,4745.7,NA,NA,NO_EVENT,NA,NA,NA,NA,NA,NA,NA,NA,NA,NA
NEG_2630,1:3,0,3,East Khasi Block,25.162788,91.977439,4091.1,1298.01,18.93,158.64,0.003338,0.000457,5.6040,19.2875,10,Tree cover,0.828,30.1,51.5,1.44,5.2,Siliciclastic Sedimentary,SS,38.2,251.2,NA,NA,NO_EVENT,NA,NA,NA,NA,NA,NA,NA,NA,NA,NA
NEG_2631,1:3,0,1,Garo Hills Block,25.490271,90.698679,523.4,175.12,21.91,215.23,0.001690,-0.001833,5.0791,20.0269,10,Tree cover,0.668,22.9,52.2,1.35,5.2,Mixed Sedimentary,SM,47.6,486.6,NA,NA,NO_EVENT,NA,NA,NA,NA,NA,NA,NA,NA,NA,NA
NEG_2632,1:3,0,2,West Khasi Block,25.074020,91.286111,15062.5,854.84,24.22,247.77,-0.001058,-0.000301,4.8408,23.9557,10,Tree cover,0.823,29.6,53.0,1.44,4.8,Siliciclastic Sedimentary,SS,306.0,369.6,NA,NA,NO_EVENT,NA,NA,NA,NA,NA,NA,NA,NA,NA,NA
NEG_2633,1:3,0,1,Garo Hills Block,25.403872,90.567115,12469.0,58.70,31.32,33.61,-0.001457,-0.002085,4.6613,43.6628,10,Tree cover,0.711,22.9,52.1,1.38,4.9,Mixed Sedimentary,SM,4268.6,6396.9,NA,NA,NO_EVENT,NA,NA,NA,NA,NA,NA,NA,NA,NA,NA
NEG_2634,1:3,0,4,Ri-Bhoi Block,25.770245,92.146930,2957.3,1359.54,24.17,170.61,0.000720,-0.002262,5.1031,42.8596,10,Tree cover,0.718,29.1,46.9,1.28,5.1,Metamorphic,MT,305.5,3424.4,NA,NA,NO_EVENT,NA,NA,NA,NA,NA,NA,NA,NA,NA,NA
NEG_2635,1:3,0,1,Garo Hills Block,25.284373,89.950815,15431.3,40.94,21.70,62.06,-0.002478,-0.001369,5.6634,40.8471,10,Tree cover,0.784,26.6,52.4,1.42,5.4,Mixed Sedimentary,SM,1370.7,4527.2,NA,NA,NO_EVENT,NA,NA,NA,NA,NA,NA,NA,NA,NA,NA
NEG_2636,1:3,0,1,Garo Hills Block,25.936653,89.830377,42437.0,25.00,25.33,45.04,-0.004208,-0.000439,5.3668,18.6619,10,Tree cover,0.811,25.7,47.7,1.39,5.2,Mixed Sedimentary,SM,1582.5,194.4,NA,NA,NO_EVENT,NA,NA,NA,NA,NA,NA,NA,NA,NA,NA
NEG_2637,1:3,0,4,Ri-Bhoi Block,26.032081,91.714241,9196.2,1076.97,24.44,23.12,-0.002067,-0.001283,5.2120,36.3243,10,Tree cover,0.830,35.1,39.5,1.37,4.6,Metamorphic,MT,2731.2,6045.5,NA,NA,NO_EVENT,NA,NA,NA,NA,NA,NA,NA,NA,NA,NA
NEG_2638,1:3,0,1,Garo Hills Block,25.367594,90.551758,14292.0,37.11,24.35,43.95,0.000546,-0.002645,5.3370,44.5341,10,Tree cover,0.733,23.7,51.6,1.39,4.9,Mixed Sedimentary,SM,1392.9,8340.8,NA,NA,NO_EVENT,NA,NA,NA,NA,NA,NA,NA,NA,NA,NA
NEG_2639,1:3,0,1,Garo Hills Block,25.029726,90.518188,23120.9,25.00,31.12,317.01,-0.001431,0.002141,4.1674,38.1166,10,Tree cover,0.808,28.4,50.4,1.43,4.9,Mixed Sedimentary,SM,176.8,314.7,NA,NA,NO_EVENT,NA,NA,NA,NA,NA,NA,NA,NA,NA,NA
NEG_2640,1:3,0,3,East Khasi Block,25.168747,91.667107,1545.1,1251.05,25.30,24.27,-0.000446,0.001852,5.1169,20.4500,10,Tree cover,0.827,30.0,45.8,1.44,5.3,Siliciclastic Sedimentary,SS,864.1,641.3,NA,NA,NO_EVENT,NA,NA,NA,NA,NA,NA,NA,NA,NA,NA
NEG_2641,1:3,0,2,West Khasi Block,25.199869,91.412321,1967.1,1113.82,30.00,148.04,-0.000991,-0.000315,4.8488,27.4218,10,Tree cover,0.820,29.5,49.0,1.44,4.8,Siliciclastic Sedimentary,SS,1802.0,1271.0,NA,NA,NO_EVENT,NA,NA,NA,NA,NA,NA,NA,NA,NA,NA
NEG_2642,1:3,0,1,Garo Hills Block,25.657326,90.709027,9024.9,210.40,26.03,231.91,0.002282,0.001237,4.5732,41.6393,10,Tree cover,0.662,28.4,51.9,1.32,5.2,Mixed Sedimentary,SM,2029.7,5109.2,NA,NA,NO_EVENT,NA,NA,NA,NA,NA,NA,NA,NA,NA,NA
NEG_2643,1:3,0,1,Garo Hills Block,25.057870,89.913624,37360.1,25.00,24.05,319.66,-0.000148,-0.000889,4.8037,27.1734,10,Tree cover,0.818,29.3,51.3,1.43,5.4,Mixed Sedimentary,SM,672.7,1731.5,NA,NA,NO_EVENT,NA,NA,NA,NA,NA,NA,NA,NA,NA,NA
NEG_2644,1:3,0,5,Jaintia Hills Block,25.048455,92.054330,13751.0,1022.73,26.30,216.79,0.000607,0.001518,4.5974,30.3022,10,Tree cover,0.815,29.0,48.3,1.43,5.0,Siliciclastic Sedimentary,SS,984.0,71.3,NA,NA,NO_EVENT,NA,NA,NA,NA,NA,NA,NA,NA,NA,NA
NEG_2645,1:3,0,5,Jaintia Hills Block,25.363450,92.228716,8459.1,1372.15,19.01,72.92,-0.002410,0.000547,5.7756,39.1314,10,Tree cover,0.736,34.7,45.9,1.38,5.0,Metamorphic,MT,35.5,990.5,NA,NA,NO_EVENT,NA,NA,NA,NA,NA,NA,NA,NA,NA,NA
NEG_2646,1:3,0,2,West Khasi Block,25.486271,91.181644,2065.9,871.95,26.09,332.23,0.000859,-0.002375,4.7594,20.9748,10,Tree cover,0.669,31.0,39.1,1.35,4.6,Metamorphic,MT,872.1,256.1,NA,NA,NO_EVENT,NA,NA,NA,NA,NA,NA,NA,NA,NA,NA
NEG_2647,1:3,0,3,East Khasi Block,25.573913,91.974746,4109.2,1717.63,18.23,232.27,-0.004806,0.000028,5.1595,21.1280,10,Tree cover,0.701,28.3,42.3,1.31,4.5,Metamorphic,MT,685.7,1488.4,NA,NA,NO_EVENT,NA,NA,NA,NA,NA,NA,NA,NA,NA,NA
NEG_2648,1:3,0,1,Garo Hills Block,25.315383,90.170841,8117.0,25.00,16.35,135.87,-0.000877,-0.000431,6.0790,37.3850,10,Tree cover,0.766,25.4,48.3,1.41,5.2,Mixed Sedimentary,SM,2916.4,1482.1,NA,NA,NO_EVENT,NA,NA,NA,NA,NA,NA,NA,NA,NA,NA
NEG_2649,1:3,0,1,Garo Hills Block,25.620542,90.797282,760.0,303.49,29.99,224.64,0.000238,-0.002771,4.2063,35.1096,10,Tree cover,0.653,27.0,48.4,1.32,5.3,Mixed Sedimentary,SM,918.1,3543.4,NA,NA,NO_EVENT,NA,NA,NA,NA,NA,NA,NA,NA,NA,NA
NEG_2650,1:3,0,3,East Khasi Block,25.497891,91.773187,589.1,1735.42,20.47,332.21,0.000828,0.002362,5.1672,19.1740,10,Tree cover,0.834,30.6,38.3,1.34,4.3,Metamorphic,MT,543.9,189.5,NA,NA,NO_EVENT,NA,NA,NA,NA,NA,NA,NA,NA,NA,NA
NEG_2651,1:3,0,3,East Khasi Block,25.553656,91.691850,2352.7,1633.77,19.42,316.10,-0.002151,-0.001196,5.0960,19.1673,10,Tree cover,0.652,28.8,40.2,1.32,4.4,Metamorphic,MT,699.2,2274.2,NA,NA,NO_EVENT,NA,NA,NA,NA,NA,NA,NA,NA,NA,NA
NEG_2652,1:3,0,5,Jaintia Hills Block,25.607736,92.056379,1646.4,1583.87,22.24,225.07,0.000611,-0.002268,4.8211,27.9901,10,Tree cover,0.652,27.6,45.3,1.30,4.7,Metamorphic,MT,434.9,295.3,NA,NA,NO_EVENT,NA,NA,NA,NA,NA,NA,NA,NA,NA,NA
NEG_2653,1:3,0,4,Ri-Bhoi Block,25.782412,91.429279,7590.8,1174.69,20.69,167.99,-0.000563,-0.002519,5.4296,37.4322,10,Tree cover,0.725,29.5,46.8,1.29,5.1,Metamorphic,MT,6108.9,355.2,NA,NA,NO_EVENT,NA,NA,NA,NA,NA,NA,NA,NA,NA,NA
NEG_2654,1:3,0,4,Ri-Bhoi Block,25.753215,92.464357,15751.8,989.74,21.07,351.55,0.000802,-0.001669,5.2831,41.7193,10,Tree cover,0.708,28.6,38.4,1.28,4.5,Metamorphic,MT,1509.5,2454.1,NA,NA,NO_EVENT,NA,NA,NA,NA,NA,NA,NA,NA,NA,NA
NEG_2655,1:3,0,2,West Khasi Block,25.486853,91.058927,4226.0,732.78,29.30,336.40,-0.001027,0.002334,4.5004,21.2455,10,Tree cover,0.669,31.0,38.5,1.35,4.5,Metamorphic,MT,4242.6,261.5,NA,NA,NO_EVENT,NA,NA,NA,NA,NA,NA,NA,NA,NA,NA
NEG_2656,1:3,0,4,Ri-Bhoi Block,25.845385,91.576789,6020.2,1172.94,31.38,90.49,0.002989,-0.001103,4.7883,29.3795,10,Tree cover,0.765,31.7,44.5,1.30,4.9,Metamorphic,MT,321.3,3616.9,NA,NA,NO_EVENT,NA,NA,NA,NA,NA,NA,NA,NA,NA,NA
NEG_2657,1:3,0,5,Jaintia Hills Block,25.096687,92.520942,9788.4,807.04,18.06,268.31,-0.002700,-0.001350,5.4141,19.7535,10,Tree cover,0.827,30.0,53.1,1.44,5.2,Siliciclastic Sedimentary,SS,8917.5,1038.0,NA,NA,NO_EVENT,NA,NA,NA,NA,NA,NA,NA,NA,NA,NA
NEG_2658,1:3,0,5,Jaintia Hills Block,25.053246,92.082609,11663.5,1032.78,28.73,217.13,0.003431,0.000802,4.4161,30.1625,10,Tree cover,0.816,29.1,47.1,1.43,4.9,Siliciclastic Sedimentary,SS,697.5,116.5,NA,NA,NO_EVENT,NA,NA,NA,NA,NA,NA,NA,NA,NA,NA
NEG_2659,1:3,0,4,Ri-Bhoi Block,25.839498,92.706989,24049.0,693.47,32.99,143.52,-0.003153,0.000835,4.6434,31.7080,10,Tree cover,0.761,31.5,43.7,1.30,4.9,Metamorphic,MT,1171.0,2590.1,NA,NA,NO_EVENT,NA,NA,NA,NA,NA,NA,NA,NA,NA,NA
NEG_2660,1:3,0,3,East Khasi Block,25.078465,91.620413,11541.7,1145.50,30.22,308.90,0.004683,0.000182,4.3758,24.4181,10,Tree cover,0.824,29.7,44.5,1.44,5.2,Siliciclastic Sedimentary,SS,303.3,451.8,NA,NA,NO_EVENT,NA,NA,NA,NA,NA,NA,NA,NA,NA,NA
NEG_2661,1:3,0,2,West Khasi Block,25.117544,91.516095,4661.4,1067.31,15.03,194.74,-0.001261,-0.002043,5.7370,18.2653,10,Tree cover,0.829,30.3,44.9,1.44,5.0,Siliciclastic Sedimentary,SS,447.6,297.6,NA,NA,NO_EVENT,NA,NA,NA,NA,NA,NA,NA,NA,NA,NA
NEG_2662,1:3,0,1,Garo Hills Block,25.537364,90.118891,9635.2,96.58,20.20,221.10,0.002868,-0.001006,5.0695,18.2199,10,Tree cover,0.654,24.0,50.5,1.33,5.3,Mixed Sedimentary,SM,815.3,324.4,NA,NA,NO_EVENT,NA,NA,NA,NA,NA,NA,NA,NA,NA,NA
NEG_2663,1:3,0,4,Ri-Bhoi Block,25.681489,92.050757,3290.4,1463.37,25.48,215.55,-0.000239,-0.001217,4.6759,45.5063,10,Tree cover,0.671,27.3,45.2,1.28,4.7,Metamorphic,MT,101.4,171.8,NA,NA,NO_EVENT,NA,NA,NA,NA,NA,NA,NA,NA,NA,NA
NEG_2664,1:3,0,4,Ri-Bhoi Block,25.848661,92.561388,28476.9,752.00,25.56,117.68,0.001014,-0.001686,5.2625,26.5395,60,Bare / sparse vegetation,0.369,31.8,38.7,1.30,4.5,Metamorphic,MT,14.6,55.0,NA,NA,NO_EVENT,NA,NA,NA,NA,NA,NA,NA,NA,NA,NA
NEG_2665,1:3,0,5,Jaintia Hills Block,25.462228,92.706872,13668.6,707.08,34.14,189.08,0.003152,-0.000823,4.2077,27.6135,10,Tree cover,0.680,31.9,43.7,1.35,4.9,Metamorphic,MT,2126.5,6212.3,NA,NA,NO_EVENT,NA,NA,NA,NA,NA,NA,NA,NA,NA,NA
NEG_2666,1:3,0,1,Garo Hills Block,25.954664,90.704330,28995.4,119.62,14.78,124.40,0.004031,-0.000223,6.1912,19.4717,40,Cropland,0.513,25.0,52.1,1.39,5.2,Mixed Sedimentary,SM,295.0,7205.3,NA,NA,NO_EVENT,NA,NA,NA,NA,NA,NA,NA,NA,NA,NA
NEG_2667,1:3,0,2,West Khasi Block,25.192026,91.127938,1338.3,755.36,30.57,29.78,-0.004262,0.000137,4.7779,25.6512,10,Tree cover,0.822,29.6,49.6,1.44,5.1,Siliciclastic Sedimentary,SS,91.7,1540.0,NA,NA,NO_EVENT,NA,NA,NA,NA,NA,NA,NA,NA,NA,NA
NEG_2668,1:3,0,2,West Khasi Block,25.454051,91.555944,3570.6,1365.84,29.86,198.53,-0.001209,0.000517,4.5826,28.4708,10,Tree cover,0.684,32.2,45.2,1.36,5.0,Metamorphic,MT,461.7,790.9,NA,NA,NO_EVENT,NA,NA,NA,NA,NA,NA,NA,NA,NA,NA
NEG_2669,1:3,0,4,Ri-Bhoi Block,25.650057,92.087460,1702.0,1479.21,30.84,224.06,-0.001478,-0.001584,4.1745,44.1011,10,Tree cover,0.660,27.2,46.1,1.29,4.8,Metamorphic,MT,768.6,1139.7,NA,NA,NO_EVENT,NA,NA,NA,NA,NA,NA,NA,NA,NA,NA
NEG_2670,1:3,0,1,Garo Hills Block,25.570681,90.119709,9569.5,78.46,20.52,226.25,0.004451,-0.000064,4.9804,21.0871,10,Tree cover,0.650,25.1,50.5,1.33,5.3,Mixed Sedimentary,SM,1951.9,2760.9,NA,NA,NO_EVENT,NA,NA,NA,NA,NA,NA,NA,NA,NA,NA
NEG_2671,1:3,0,1,Garo Hills Block,25.946955,90.744782,26771.0,139.20,16.78,132.88,0.004615,-0.000074,6.0411,19.0512,10,Tree cover,0.815,25.3,50.6,1.39,5.3,Mixed Sedimentary,SM,1036.6,3148.9,NA,NA,NO_EVENT,NA,NA,NA,NA,NA,NA,NA,NA,NA,NA
NEG_2672,1:3,0,1,Garo Hills Block,26.069001,90.159473,41826.2,34.49,27.17,176.44,0.000522,-0.000462,4.8513,46.4737,10,Tree cover,0.827,22.5,48.8,1.43,5.2,Mixed Sedimentary,SM,3796.8,371.7,NA,NA,NO_EVENT,NA,NA,NA,NA,NA,NA,NA,NA,NA,NA
NEG_2673,1:3,0,1,Garo Hills Block,26.054911,90.077586,44009.8,50.07,34.43,162.80,0.003649,0.000802,4.3263,50.6199,10,Tree cover,0.829,22.6,52.0,1.42,5.3,Mixed Sedimentary,SM,6375.8,388.2,NA,NA,NO_EVENT,NA,NA,NA,NA,NA,NA,NA,NA,NA,NA
NEG_2674,1:3,0,1,Garo Hills Block,25.269519,89.942069,17225.5,35.74,23.71,58.44,-0.000927,-0.002126,5.4950,40.4646,10,Tree cover,0.792,27.2,52.2,1.42,5.4,Mixed Sedimentary,SM,134.1,5091.1,NA,NA,NO_EVENT,NA,NA,NA,NA,NA,NA,NA,NA,NA,NA
NEG_2675,1:3,0,4,Ri-Bhoi Block,25.781522,92.393411,19778.2,1089.21,24.43,12.03,0.001766,-0.001811,5.1269,41.1160,10,Tree cover,0.725,29.5,40.1,1.29,4.6,Metamorphic,MT,1517.0,5553.6,NA,NA,NO_EVENT,NA,NA,NA,NA,NA,NA,NA,NA,NA,NA
NEG_2676,1:3,0,5,Jaintia Hills Block,25.488797,92.631992,12162.6,833.01,29.21,204.31,-0.002255,-0.001121,4.5005,20.9269,10,Tree cover,0.668,30.9,40.8,1.34,4.7,Metamorphic,MT,1454.1,3249.4,NA,NA,NO_EVENT,NA,NA,NA,NA,NA,NA,NA,NA,NA,NA
NEG_2677,1:3,0,4,Ri-Bhoi Block,25.657523,91.721522,6235.8,1509.79,28.05,319.06,0.002490,0.000814,4.4120,43.5194,10,Tree cover,0.662,27.2,39.3,1.29,4.3,Metamorphic,MT,1422.0,1170.2,NA,NA,NO_EVENT,NA,NA,NA,NA,NA,NA,NA,NA,NA,NA
NEG_2678,1:3,0,1,Garo Hills Block,25.933053,90.705241,26779.8,124.22,17.50,123.17,0.003783,0.000678,5.9956,18.2975,10,Tree cover,0.810,25.8,52.0,1.39,5.2,Mixed Sedimentary,SM,1584.0,6859.7,NA,NA,NO_EVENT,NA,NA,NA,NA,NA,NA,NA,NA,NA,NA
NEG_2679,1:3,0,5,Jaintia Hills Block,25.402607,92.563153,5202.2,914.28,21.85,134.36,-0.000652,-0.002567,5.4234,36.1492,10,Tree cover,0.712,33.8,38.7,1.37,4.5,Metamorphic,MT,227.4,1621.3,NA,NA,NO_EVENT,NA,NA,NA,NA,NA,NA,NA,NA,NA,NA
NEG_2680,1:3,0,4,Ri-Bhoi Block,25.993041,92.778272,8609.6,485.03,16.53,125.86,0.001331,0.002178,5.9705,24.3095,10,Tree cover,0.827,35.2,46.0,1.36,5.0,Metamorphic,MT,387.2,932.1,NA,NA,NO_EVENT,NA,NA,NA,NA,NA,NA,NA,NA,NA,NA
NEG_2681,1:3,0,1,Garo Hills Block,25.993985,90.188485,33874.7,25.00,15.43,143.18,0.001289,-0.002189,6.0560,24.0204,10,Tree cover,0.827,23.7,47.5,1.41,5.1,Mixed Sedimentary,SM,86.9,823.0,NA,NA,NO_EVENT,NA,NA,NA,NA,NA,NA,NA,NA,NA,NA
NEG_2682,1:3,0,4,Ri-Bhoi Block,25.909622,91.050007,8853.6,589.86,27.62,49.66,-0.000448,-0.002487,5.1890,18.1536,10,Tree cover,0.800,33.8,38.7,1.33,4.5,Metamorphic,MT,1283.8,5034.9,NA,NA,NO_EVENT,NA,NA,NA,NA,NA,NA,NA,NA,NA,NA
NEG_2683,1:3,0,4,Ri-Bhoi Block,26.090065,91.240457,27607.6,655.78,25.43,326.81,-0.004552,-0.000232,4.9064,47.3658,10,Tree cover,0.822,34.1,40.9,1.38,4.7,Metamorphic,MT,174.4,2501.8,NA,NA,NO_EVENT,NA,NA,NA,NA,NA,NA,NA,NA,NA,NA
NEG_2684,1:3,0,2,West Khasi Block,25.618143,91.415813,8986.1,1169.52,29.53,224.74,0.000236,0.002708,4.2416,34.1687,10,Tree cover,0.653,27.4,46.6,1.30,5.1,Metamorphic,MT,473.8,1347.8,NA,NA,NO_EVENT,NA,NA,NA,NA,NA,NA,NA,NA,NA,NA
NEG_2685,1:3,0,1,Garo Hills Block,25.367476,90.028817,3536.6,121.76,24.39,107.14,-0.000461,-0.002673,5.3341,44.5937,10,Tree cover,0.733,23.7,53.0,1.39,5.4,Mixed Sedimentary,SM,577.9,2548.5,NA,NA,NO_EVENT,NA,NA,NA,NA,NA,NA,NA,NA,NA,NA
NEG_2686,1:3,0,4,Ri-Bhoi Block,25.987303,92.248161,8075.4,1104.92,16.51,61.88,0.002824,0.000660,5.9873,23.4712,10,Tree cover,0.826,35.1,45.4,1.36,5.0,Metamorphic,MT,75.3,2817.9,NA,NA,NO_EVENT,NA,NA,NA,NA,NA,NA,NA,NA,NA,NA
NEG_2687,1:3,0,5,Jaintia Hills Block,25.170689,92.169143,2512.9,1138.76,27.13,134.01,-0.000525,0.001734,4.9778,20.9094,10,Tree cover,0.827,40.1,26.8,1.33,5.6,Carbonate Sedimentary,SC,2223.7,1481.3,NA,NA,NO_EVENT,NA,NA,NA,NA,NA,NA,NA,NA,NA,NA
NEG_2688,1:3,0,4,Ri-Bhoi Block,25.695914,91.047889,755.1,634.98,28.10,324.01,-0.000565,-0.000172,4.5095,50.2956,10,Tree cover,0.677,27.5,38.7,1.28,4.5,Metamorphic,MT,608.5,7523.2,NA,NA,NO_EVENT,NA,NA,NA,NA,NA,NA,NA,NA,NA,NA
NEG_2689,1:3,0,5,Jaintia Hills Block,25.294343,92.422173,3502.3,1007.93,29.12,50.31,0.000340,-0.001861,5.0700,50.3126,10,Tree cover,0.778,26.2,51.1,1.41,5.0,Siliciclastic Sedimentary,SS,3340.0,1834.5,NA,NA,NO_EVENT,NA,NA,NA,NA,NA,NA,NA,NA,NA,NA
NEG_2690,1:3,0,4,Ri-Bhoi Block,25.776203,91.470607,7094.1,1208.77,15.72,170.23,-0.001758,-0.000862,5.8027,33.5096,10,Tree cover,0.721,29.3,46.9,1.28,5.1,Metamorphic,MT,4411.3,1494.5,NA,NA,NO_EVENT,NA,NA,NA,NA,NA,NA,NA,NA,NA,NA
NEG_2691,1:3,0,1,Garo Hills Block,25.678334,90.077752,9939.1,57.52,34.24,228.43,-0.003680,-0.000782,3.9664,54.3190,10,Tree cover,0.670,29.0,52.0,1.32,5.3,Mixed Sedimentary,SM,286.4,356.1,NA,NA,NO_EVENT,NA,NA,NA,NA,NA,NA,NA,NA,NA,NA
NEG_2692,1:3,0,1,Garo Hills Block,25.531833,90.390786,3762.7,30.67,19.48,310.63,0.001495,-0.002099,5.1413,18.0611,10,Tree cover,0.655,23.8,45.2,1.34,4.8,Mixed Sedimentary,SM,1246.6,821.3,NA,NA,NO_EVENT,NA,NA,NA,NA,NA,NA,NA,NA,NA,NA
NEG_2693,1:3,0,3,East Khasi Block,25.245054,91.816977,2315.8,1408.84,29.75,53.02,-0.000772,0.002500,4.9806,39.8536,10,Tree cover,0.804,28.1,51.9,1.43,5.1,Siliciclastic Sedimentary,SS,771.6,1215.0,NA,NA,NO_EVENT,NA,NA,NA,NA,NA,NA,NA,NA,NA,NA
NEG_2694,1:3,0,4,Ri-Bhoi Block,26.004157,91.031458,19453.9,496.19,20.70,41.65,0.000299,0.002808,5.6049,28.0193,10,Tree cover,0.828,35.2,39.1,1.36,4.6,Metamorphic,MT,1171.6,478.8,NA,NA,NO_EVENT,NA,NA,NA,NA,NA,NA,NA,NA,NA,NA
NEG_2695,1:3,0,3,East Khasi Block,25.244369,91.778678,1538.4,1441.76,26.33,44.82,0.000773,0.002516,5.2530,37.1723,10,Tree cover,0.804,28.1,50.5,1.43,5.1,Siliciclastic Sedimentary,SS,1214.0,622.1,NA,NA,NO_EVENT,NA,NA,NA,NA,NA,NA,NA,NA,NA,NA
NEG_2696,1:3,0,4,Ri-Bhoi Block,25.960882,92.082372,2755.0,1158.68,18.58,136.04,-0.003584,0.000558,5.8776,20.5069,10,Tree cover,0.820,34.9,46.0,1.35,5.0,Metamorphic,MT,514.7,3256.0,NA,NA,NO_EVENT,NA,NA,NA,NA,NA,NA,NA,NA,NA,NA
NEG_2697,1:3,0,4,Ri-Bhoi Block,25.958258,91.436492,11018.6,948.12,19.03,136.99,0.001918,-0.000596,5.8458,20.2726,10,Tree cover,0.819,34.8,46.8,1.35,5.1,Metamorphic,MT,1792.1,2197.2,NA,NA,NO_EVENT,NA,NA,NA,NA,NA,NA,NA,NA,NA,NA
NEG_2698,1:3,0,1,Garo Hills Block,25.832026,90.227197,18626.3,69.92,25.05,141.02,-0.004896,-0.000010,5.2566,30.1474,10,Tree cover,0.756,29.4,45.9,1.35,5.1,Mixed Sedimentary,SM,2208.0,5533.8,NA,NA,NO_EVENT,NA,NA,NA,NA,NA,NA,NA,NA,NA,NA
NEG_2699,1:3,0,1,Garo Hills Block,25.396137,90.988125,5007.8,634.25,20.52,51.96,0.001459,-0.000541,5.5528,36.1938,10,Tree cover,0.716,23.0,44.4,1.38,5.3,Mixed Sedimentary,SM,4438.5,641.4,NA,NA,NO_EVENT,NA,NA,NA,NA,NA,NA,NA,NA,NA,NA
NEG_2700,1:3,0,5,Jaintia Hills Block,25.572199,92.633683,8266.3,827.08,22.64,226.30,0.004416,-0.000013,4.8088,21.6276,10,Tree cover,0.650,28.3,40.8,1.31,4.7,Metamorphic,MT,3975.1,315.5,NA,NA,NO_EVENT,NA,NA,NA,NA,NA,NA,NA,NA,NA,NA
NEG_2701,1:3,0,1,Garo Hills Block,25.964240,90.210303,30057.7,25.00,14.69,134.93,0.004288,-0.000425,6.1830,20.2910,40,Cropland,0.659,24.7,46.6,1.40,5.1,Mixed Sedimentary,SM,21.6,211.9,NA,NA,NO_EVENT,NA,NA,NA,NA,NA,NA,NA,NA,NA,NA
NEG_2702,1:3,0,1,Garo Hills Block,25.206613,90.890804,14063.7,350.73,30.81,129.27,-0.002996,-0.000640,4.8045,29.4775,10,Tree cover,0.818,29.3,44.8,1.43,5.4,Mixed Sedimentary,SM,2402.0,332.9,NA,NA,NO_EVENT,NA,NA,NA,NA,NA,NA,NA,NA,NA,NA
NEG_2703,1:3,0,4,Ri-Bhoi Block,25.994998,92.734989,12890.3,466.68,21.44,139.32,0.002091,-0.000327,5.5724,26.5612,10,Tree cover,0.827,35.2,44.7,1.36,4.9,Metamorphic,MT,202.6,2378.6,NA,NA,NO_EVENT,NA,NA,NA,NA,NA,NA,NA,NA,NA,NA
NEG_2704,1:3,0,4,Ri-Bhoi Block,25.725891,92.356386,15943.6,1084.53,22.84,340.96,-0.003801,0.000307,5.0350,45.3785,10,Tree cover,0.692,28.0,41.4,1.28,4.7,Metamorphic,MT,1754.5,1151.6,NA,NA,NO_EVENT,NA,NA,NA,NA,NA,NA,NA,NA,NA,NA
NEG_2705,1:3,0,1,Garo Hills Block,25.587218,90.435397,7224.0,63.47,17.49,312.74,-0.002275,0.000938,5.2064,22.7224,10,Tree cover,0.650,25.7,46.7,1.33,4.8,Mixed Sedimentary,SM,2069.8,2452.6,NA,NA,NO_EVENT,NA,NA,NA,NA,NA,NA,NA,NA,NA,NA
NEG_2706,1:3,0,2,West Khasi Block,25.586663,91.493002,559.2,1309.16,17.07,232.81,-0.004552,-0.000252,5.2404,22.5333,10,Tree cover,0.650,28.0,46.6,1.31,5.1,Metamorphic,MT,57.1,2754.7,NA,NA,NO_EVENT,NA,NA,NA,NA,NA,NA,NA,NA,NA,NA
NEG_2707,1:3,0,1,Garo Hills Block,25.821854,90.470643,4685.7,123.87,22.01,29.80,-0.004912,-0.000027,5.4677,30.8068,10,Tree cover,0.750,29.6,48.3,1.35,4.8,Mixed Sedimentary,SM,1646.4,1829.6,NA,NA,NO_EVENT,NA,NA,NA,NA,NA,NA,NA,NA,NA,NA
NEG_2708,1:3,0,1,Garo Hills Block,25.417775,90.910284,3823.8,513.19,28.80,142.82,-0.000687,0.001962,4.8109,37.8938,10,Tree cover,0.703,22.7,44.4,1.37,5.4,Mixed Sedimentary,SM,2539.5,7602.4,NA,NA,NO_EVENT,NA,NA,NA,NA,NA,NA,NA,NA,NA,NA
NEG_2709,1:3,0,4,Ri-Bhoi Block,26.056195,91.154032,22983.3,592.79,32.10,12.03,0.001627,-0.001278,4.5076,48.7325,10,Tree cover,0.829,34.8,38.5,1.37,4.5,Metamorphic,MT,544.2,279.0,NA,NA,NO_EVENT,NA,NA,NA,NA,NA,NA,NA,NA,NA,NA
NEG_2710,1:3,0,4,Ri-Bhoi Block,25.835501,92.089975,6879.0,1411.25,28.94,143.51,0.004114,-0.000440,4.9558,31.0918,10,Tree cover,0.758,31.4,46.2,1.30,4.8,Metamorphic,MT,374.9,4021.4,NA,NA,NO_EVENT,NA,NA,NA,NA,NA,NA,NA,NA,NA,NA
NEG_2711,1:3,0,2,West Khasi Block,25.306788,91.544203,2268.8,1291.80,19.75,108.31,-0.000211,0.001059,5.8143,40.9535,10,Tree cover,0.771,25.7,44.3,1.41,5.1,Siliciclastic Sedimentary,SS,1273.6,590.9,NA,NA,NO_EVENT,NA,NA,NA,NA,NA,NA,NA,NA,NA,NA
NEG_2712,1:3,0,4,Ri-Bhoi Block,25.985847,91.249353,17063.4,856.58,14.84,79.91,0.002789,0.001001,6.1246,22.7334,10,Tree cover,0.826,35.1,41.3,1.36,4.7,Metamorphic,MT,132.2,1684.1,NA,NA,NO_EVENT,NA,NA,NA,NA,NA,NA,NA,NA,NA,NA
NEG_2713,1:3,0,1,Garo Hills Block,26.040727,90.454098,27915.2,25.00,23.07,19.18,-0.002696,-0.001275,5.2896,37.1123,10,Tree cover,0.830,22.7,47.5,1.42,4.8,Mixed Sedimentary,SM,1296.7,3199.0,NA,NA,NO_EVENT,NA,NA,NA,NA,NA,NA,NA,NA,NA,NA
NEG_2714,1:3,0,5,Jaintia Hills Block,25.100092,92.518934,9883.2,807.61,17.68,271.73,-0.002638,-0.001417,5.4573,19.4148,10,Tree cover,0.828,30.1,53.1,1.44,5.2,Siliciclastic Sedimentary,SS,9244.9,1261.0,NA,NA,NO_EVENT,NA,NA,NA,NA,NA,NA,NA,NA,NA,NA
NEG_2715,1:3,0,4,Ri-Bhoi Block,25.935496,92.827399,8394.7,446.70,17.55,93.87,-0.002723,-0.000841,5.9900,18.4034,10,Tree cover,0.811,34.4,46.8,1.34,5.1,Metamorphic,MT,213.0,1556.0,NA,NA,NO_EVENT,NA,NA,NA,NA,NA,NA,NA,NA,NA,NA
NEG_2716,1:3,0,4,Ri-Bhoi Block,25.753745,92.656898,22912.3,714.16,23.57,184.27,-0.000438,-0.002586,5.0852,44.4755,10,Tree cover,0.708,28.6,41.7,1.28,4.7,Metamorphic,MT,7616.9,2859.9,NA,NA,NO_EVENT,NA,NA,NA,NA,NA,NA,NA,NA,NA,NA
NEG_2717,1:3,0,4,Ri-Bhoi Block,25.913105,92.375500,21240.9,998.25,28.80,45.19,-0.002911,0.000739,5.0955,18.0560,10,Tree cover,0.801,33.9,40.7,1.33,4.7,Metamorphic,MT,1179.5,1293.1,NA,NA,NO_EVENT,NA,NA,NA,NA,NA,NA,NA,NA,NA,NA
NEG_2718,1:3,0,1,Garo Hills Block,25.634673,90.966212,6166.5,611.34,24.89,280.12,-0.000085,0.001050,4.6275,35.5624,10,Tree cover,0.656,27.6,44.2,1.32,5.3,Mixed Sedimentary,SM,2177.7,1991.3,NA,NA,NO_EVENT,NA,NA,NA,NA,NA,NA,NA,NA,NA,NA
NEG_2719,1:3,0,4,Ri-Bhoi Block,26.029323,91.117957,20607.6,523.99,30.96,24.04,0.001966,-0.000793,4.7004,40.4145,10,Tree cover,0.830,35.1,38.1,1.37,4.5,Metamorphic,MT,669.5,1939.5,NA,NA,NO_EVENT,NA,NA,NA,NA,NA,NA,NA,NA,NA,NA
NEG_2720,1:3,0,2,West Khasi Block,25.601925,91.160649,558.5,841.91,25.93,310.55,0.000771,0.001966,4.5257,28.2664,10,Tree cover,0.651,27.7,38.6,1.30,4.5,Metamorphic,MT,1364.5,1126.3,NA,NA,NO_EVENT,NA,NA,NA,NA,NA,NA,NA,NA,NA,NA
NEG_2721,1:3,0,2,West Khasi Block,25.630004,91.235040,5097.9,975.85,24.23,286.08,-0.000670,-0.000237,4.6751,34.0215,10,Tree cover,0.655,27.3,40.7,1.29,4.7,Metamorphic,MT,1402.6,831.8,NA,NA,NO_EVENT,NA,NA,NA,NA,NA,NA,NA,NA,NA,NA
NEG_2722,1:3,0,5,Jaintia Hills Block,25.071805,92.490247,5645.1,830.75,25.38,297.05,-0.004990,-0.000006,4.7407,24.6823,10,Tree cover,0.822,29.6,52.9,1.44,5.2,Siliciclastic Sedimentary,SS,5124.7,155.5,NA,NA,NO_EVENT,NA,NA,NA,NA,NA,NA,NA,NA,NA,NA
NEG_2723,1:3,0,2,West Khasi Block,25.499945,91.596278,4272.2,1377.68,28.35,290.33,-0.001152,0.000899,4.5296,19.3957,10,Tree cover,0.664,30.5,43.8,1.34,4.9,Metamorphic,MT,338.7,143.8,NA,NA,NO_EVENT,NA,NA,NA,NA,NA,NA,NA,NA,NA,NA
NEG_2724,1:3,0,1,Garo Hills Block,25.170323,89.810333,34409.4,86.08,27.18,21.66,-0.002247,-0.001471,4.9724,20.8605,10,Tree cover,0.827,30.0,46.9,1.44,5.2,Mixed Sedimentary,SM,584.8,565.1,NA,NA,NO_EVENT,NA,NA,NA,NA,NA,NA,NA,NA,NA,NA
NEG_2725,1:3,0,3,East Khasi Block,25.284913,91.948987,1756.5,1463.10,26.84,118.53,-0.001861,-0.001883,5.2523,46.3498,10,Tree cover,0.784,26.6,52.4,1.42,5.0,Siliciclastic Sedimentary,SS,781.2,462.5,NA,NA,NO_EVENT,NA,NA,NA,NA,NA,NA,NA,NA,NA,NA
NEG_2726,1:3,0,5,Jaintia Hills Block,25.127130,92.572107,15929.6,719.29,15.03,186.42,0.000347,-0.002578,5.7752,18.0363,10,Tree cover,0.830,30.3,52.5,1.44,5.3,Siliciclastic Sedimentary,SS,11263.9,251.6,NA,NA,NO_EVENT,NA,NA,NA,NA,NA,NA,NA,NA,NA,NA
NEG_2727,1:3,0,1,Garo Hills Block,25.252224,90.424011,21035.0,72.51,26.48,47.30,0.000171,-0.002890,5.2537,39.2004,10,Tree cover,0.800,27.8,46.3,1.43,4.8,Mixed Sedimentary,SM,2291.6,1832.8,NA,NA,NO_EVENT,NA,NA,NA,NA,NA,NA,NA,NA,NA,NA
NEG_2728,1:3,0,1,Garo Hills Block,25.216029,89.842644,28601.4,128.81,32.11,36.56,-0.004296,0.000252,4.7271,32.7201,10,Tree cover,0.815,29.0,48.3,1.43,5.3,Mixed Sedimentary,SM,135.9,3027.1,NA,NA,NO_EVENT,NA,NA,NA,NA,NA,NA,NA,NA,NA,NA
NEG_2729,1:3,0,4,Ri-Bhoi Block,25.853550,92.468855,26914.1,879.82,32.00,58.54,-0.003252,0.000955,4.7594,27.3720,10,Tree cover,0.769,32.0,38.3,1.31,4.5,Metamorphic,MT,3167.3,4180.1,NA,NA,NO_EVENT,NA,NA,NA,NA,NA,NA,NA,NA,NA,NA
NEG_2730,1:3,0,1,Garo Hills Block,25.683296,90.374010,3750.7,86.22,30.59,305.88,-0.003981,0.000567,4.2722,51.3355,10,Tree cover,0.672,29.2,44.7,1.32,4.8,Mixed Sedimentary,SM,2458.8,3337.3,NA,NA,NO_EVENT,NA,NA,NA,NA,NA,NA,NA,NA,NA,NA
NEG_2731,1:3,0,2,West Khasi Block,25.328100,91.251576,3967.1,974.27,14.83,82.83,-0.004340,-0.000242,6.1846,35.7949,10,Tree cover,0.758,35.1,41.4,1.38,4.7,Metamorphic,MT,59.7,1538.7,NA,NA,NO_EVENT,NA,NA,NA,NA,NA,NA,NA,NA,NA,NA
NEG_2732,1:3,0,1,Garo Hills Block,26.050694,90.554422,31164.7,43.41,33.35,18.61,0.001375,0.001626,4.4291,48.4702,10,Tree cover,0.829,22.6,51.7,1.42,4.9,Mixed Sedimentary,SM,1097.4,2858.3,NA,NA,NO_EVENT,NA,NA,NA,NA,NA,NA,NA,NA,NA,NA
NEG_2733,1:3,0,4,Ri-Bhoi Block,25.810178,91.140317,2204.4,807.11,27.83,26.59,0.003096,-0.000760,4.9623,37.3021,10,Tree cover,0.743,30.5,38.3,1.29,4.5,Metamorphic,MT,1533.9,2584.7,NA,NA,NO_EVENT,NA,NA,NA,NA,NA,NA,NA,NA,NA,NA
NEG_2734,1:3,0,2,West Khasi Block,25.341675,91.190544,3878.1,850.15,16.81,52.57,-0.002235,0.001260,6.0026,37.9682,10,Tree cover,0.750,35.0,39.3,1.38,4.6,Metamorphic,MT,583.9,5187.3,NA,NA,NO_EVENT,NA,NA,NA,NA,NA,NA,NA,NA,NA,NA
NEG_2735,1:3,0,5,Jaintia Hills Block,25.096903,92.235996,2921.1,1089.22,20.14,310.34,-0.003902,0.000055,5.2485,19.9327,10,Tree cover,0.827,37.0,29.3,1.31,5.4,Carbonate Sedimentary,SC,392.5,402.1,NA,NA,NO_EVENT,NA,NA,NA,NA,NA,NA,NA,NA,NA,NA
NEG_2736,1:3,0,5,Jaintia Hills Block,25.282766,92.012507,6515.8,1441.37,21.40,133.16,-0.002248,0.001522,5.6870,40.3116,10,Tree cover,0.785,26.7,50.2,1.42,4.8,Siliciclastic Sedimentary,SS,1664.6,1526.5,NA,NA,NO_EVENT,NA,NA,NA,NA,NA,NA,NA,NA,NA,NA
NEG_2737,1:3,0,5,Jaintia Hills Block,25.093816,92.713051,16699.2,475.49,25.89,202.08,-0.003242,0.001047,4.7770,20.9165,10,Tree cover,0.827,30.0,47.0,1.44,5.4,Siliciclastic Sedimentary,SS,9107.1,2655.9,NA,NA,NO_EVENT,NA,NA,NA,NA,NA,NA,NA,NA,NA,NA
NEG_2738,1:3,0,5,Jaintia Hills Block,25.228456,92.492363,10369.2,813.49,29.39,71.60,0.003388,0.000213,4.9758,34.9402,10,Tree cover,0.811,28.6,52.9,1.43,5.2,Siliciclastic Sedimentary,SS,156.3,945.3,NA,NA,NO_EVENT,NA,NA,NA,NA,NA,NA,NA,NA,NA,NA
NEG_2739,1:3,0,4,Ri-Bhoi Block,25.894231,92.751973,16508.2,540.33,27.81,126.99,0.000890,-0.000882,5.1638,19.2060,10,Tree cover,0.792,33.4,45.2,1.32,5.0,Metamorphic,MT,96.8,29.5,NA,NA,NO_EVENT,NA,NA,NA,NA,NA,NA,NA,NA,NA,NA
NEG_2740,1:3,0,5,Jaintia Hills Block,25.536122,92.018562,861.6,1723.50,14.66,219.18,-0.002095,0.001730,5.5158,18.1281,10,Tree cover,0.684,29.3,44.0,1.33,4.7,Metamorphic,MT,177.4,519.2,NA,NA,NO_EVENT,NA,NA,NA,NA,NA,NA,NA,NA,NA,NA
NEG_2741,1:3,0,1,Garo Hills Block,25.420368,90.362323,14775.1,74.01,31.91,33.02,-0.003814,0.000462,4.5521,39.2548,10,Tree cover,0.701,22.6,44.5,1.37,4.8,Mixed Sedimentary,SM,5174.9,639.1,NA,NA,NO_EVENT,NA,NA,NA,NA,NA,NA,NA,NA,NA,NA
NEG_2742,1:3,0,1,Garo Hills Block,25.498522,90.305534,6228.3,25.00,29.80,252.89,-0.000544,0.002651,4.4186,19.6329,10,Tree cover,0.665,23.0,44.2,1.34,4.9,Mixed Sedimentary,SM,6160.5,2048.2,NA,NA,NO_EVENT,NA,NA,NA,NA,NA,NA,NA,NA,NA,NA
NEG_2743,1:3,0,1,Garo Hills Block,26.080608,90.093552,46469.5,46.53,34.30,184.03,0.004872,-0.000073,4.2345,56.2095,10,Tree cover,0.824,22.5,51.5,1.43,5.3,Mixed Sedimentary,SM,6054.0,920.0,NA,NA,NO_EVENT,NA,NA,NA,NA,NA,NA,NA,NA,NA,NA
NEG_2744,1:3,0,4,Ri-Bhoi Block,25.656349,91.710715,5479.1,1504.67,29.18,318.30,0.002071,0.001456,4.3192,44.2641,10,Tree cover,0.662,27.2,39.6,1.29,4.4,Metamorphic,MT,1762.4,2253.1,NA,NA,NO_EVENT,NA,NA,NA,NA,NA,NA,NA,NA,NA,NA
NEG_2745,1:3,0,3,East Khasi Block,25.601126,91.819667,3027.1,1738.65,23.71,303.39,0.002002,-0.001666,4.7034,27.2169,10,Tree cover,0.813,27.7,38.1,1.30,4.3,Metamorphic,MT,753.1,1012.4,NA,NA,NO_EVENT,NA,NA,NA,NA,NA,NA,NA,NA,NA,NA
NEG_2746,1:3,0,2,West Khasi Block,25.145475,91.492806,1691.2,1068.65,14.49,170.37,0.001520,-0.000679,5.8916,18.1798,10,Tree cover,0.830,30.3,45.6,1.44,5.0,Siliciclastic Sedimentary,SS,497.7,1768.3,NA,NA,NO_EVENT,NA,NA,NA,NA,NA,NA,NA,NA,NA,NA
NEG_2747,1:3,0,5,Jaintia Hills Block,25.330190,92.667537,2388.0,644.99,24.26,137.27,0.001141,0.000647,5.4270,47.1098,10,Tree cover,0.757,35.1,42.1,1.38,4.8,Metamorphic,MT,232.0,6654.4,NA,NA,NO_EVENT,NA,NA,NA,NA,NA,NA,NA,NA,NA,NA
NEG_2748,1:3,0,4,Ri-Bhoi Block,25.843037,92.766169,20341.1,525.37,26.96,130.66,-0.003509,-0.000846,5.1356,28.3391,10,Tree cover,0.763,31.6,45.7,1.30,5.0,Metamorphic,MT,1473.9,1151.7,NA,NA,NO_EVENT,NA,NA,NA,NA,NA,NA,NA,NA,NA,NA
NEG_2749,1:3,0,1,Garo Hills Block,25.060561,90.669656,17063.4,109.80,25.88,242.76,-0.000400,-0.000692,4.6653,27.2544,10,Tree cover,0.819,29.3,52.8,1.43,5.1,Mixed Sedimentary,SM,120.2,656.2,NA,NA,NO_EVENT,NA,NA,NA,NA,NA,NA,NA,NA,NA,NA
NEG_2750,1:3,0,1,Garo Hills Block,25.231056,89.834021,28247.5,119.69,34.06,40.11,-0.002923,0.000880,4.6081,38.4819,10,Tree cover,0.810,28.6,47.9,1.43,5.2,Mixed Sedimentary,SM,1406.1,3168.5,NA,NA,NO_EVENT,NA,NA,NA,NA,NA,NA,NA,NA,NA,NA
NEG_2751,1:3,0,2,West Khasi Block,25.269576,91.352461,1004.6,1020.66,33.08,128.47,0.001367,0.000363,4.7454,49.3571,10,Tree cover,0.792,27.2,51.4,1.42,4.8,Siliciclastic Sedimentary,SS,708.3,420.7,NA,NA,NO_EVENT,NA,NA,NA,NA,NA,NA,NA,NA,NA,NA
NEG_2752,1:3,0,4,Ri-Bhoi Block,25.978844,91.915962,3199.8,1317.88,23.36,106.38,-0.000651,-0.001975,5.4597,24.1074,10,Tree cover,0.824,35.1,40.1,1.35,4.6,Metamorphic,MT,1690.1,8034.8,NA,NA,NO_EVENT,NA,NA,NA,NA,NA,NA,NA,NA,NA,NA
NEG_2753,1:3,0,1,Garo Hills Block,25.446199,90.936030,5529.3,521.63,28.06,176.92,0.002213,0.000047,4.7580,29.8133,10,Tree cover,0.687,22.5,44.1,1.36,5.4,Mixed Sedimentary,SM,717.4,4366.6,NA,NA,NO_EVENT,NA,NA,NA,NA,NA,NA,NA,NA,NA,NA
NEG_2754,1:3,0,1,Garo Hills Block,25.512195,90.339976,4321.3,25.00,27.21,287.43,0.000293,0.000901,4.5802,18.3653,10,Tree cover,0.660,23.3,44.2,1.34,4.9,Mixed Sedimentary,SM,2808.1,562.6,NA,NA,NO_EVENT,NA,NA,NA,NA,NA,NA,NA,NA,NA,NA
NEG_2755,1:3,0,1,Garo Hills Block,25.704721,90.910666,8927.3,530.92,25.62,234.92,-0.000862,-0.000477,4.7368,48.1743,10,Tree cover,0.681,29.7,44.4,1.32,5.4,Mixed Sedimentary,SM,947.0,1538.2,NA,NA,NO_EVENT,NA,NA,NA,NA,NA,NA,NA,NA,NA,NA
NEG_2756,1:3,0,4,Ri-Bhoi Block,25.940555,92.107486,6038.4,1203.08,23.52,130.47,-0.004849,-0.000067,5.5084,18.8979,10,Tree cover,0.813,34.5,46.5,1.34,5.1,Metamorphic,MT,2218.4,3965.1,NA,NA,NO_EVENT,NA,NA,NA,NA,NA,NA,NA,NA,NA,NA
NEG_2757,1:3,0,1,Garo Hills Block,25.679354,90.910817,9766.5,542.26,29.51,242.87,-0.000762,0.001343,4.3475,49.4852,10,Tree cover,0.670,29.1,44.4,1.32,5.4,Mixed Sedimentary,SM,70.6,1892.8,NA,NA,NO_EVENT,NA,NA,NA,NA,NA,NA,NA,NA,NA,NA
NEG_2758,1:3,0,5,Jaintia Hills Block,25.246726,92.167263,1974.1,1218.85,35.49,112.45,-0.000253,-0.002828,4.5242,44.6234,10,Tree cover,0.857,28.0,44.4,1.43,4.8,Siliciclastic Sedimentary,SS,86.7,1214.5,NA,NA,NO_EVENT,NA,NA,NA,NA,NA,NA,NA,NA,NA,NA
NEG_2759,1:3,0,1,Garo Hills Block,25.545322,90.485488,11700.0,122.46,15.66,320.13,-0.003814,0.000358,5.4141,18.4714,10,Tree cover,0.653,24.2,48.9,1.33,4.8,Mixed Sedimentary,SM,3410.6,2804.1,NA,NA,NO_EVENT,NA,NA,NA,NA,NA,NA,NA,NA,NA,NA
NEG_2760,1:3,0,1,Garo Hills Block,25.230789,90.304473,9381.1,25.00,35.50,101.06,-0.001174,0.002150,4.4923,39.2566,10,Tree cover,0.852,28.6,44.2,1.43,4.9,Mixed Sedimentary,SM,2439.9,3742.7,NA,NA,NO_EVENT,NA,NA,NA,NA,NA,NA,NA,NA,NA,NA
NEG_2761,1:3,0,1,Garo Hills Block,25.859334,90.498411,9675.6,116.94,28.72,40.36,-0.002754,-0.001142,5.0352,25.0811,10,Tree cover,0.773,28.6,49.5,1.36,4.8,Mixed Sedimentary,SM,1201.6,1314.3,NA,NA,NO_EVENT,NA,NA,NA,NA,NA,NA,NA,NA,NA,NA
NEG_2762,1:3,0,5,Jaintia Hills Block,25.645980,92.475322,4401.5,1045.54,31.35,295.28,0.001237,0.000936,4.1268,43.3982,10,Tree cover,0.659,27.2,38.2,1.29,4.5,Metamorphic,MT,2943.0,212.7,NA,NA,NO_EVENT,NA,NA,NA,NA,NA,NA,NA,NA,NA,NA
NEG_2763,1:3,0,4,Ri-Bhoi Block,25.957167,91.175782,11930.5,700.52,18.98,50.31,0.000826,-0.000559,5.8515,20.1491,10,Tree cover,0.818,34.8,38.9,1.35,4.6,Metamorphic,MT,1130.0,2634.0,NA,NA,NO_EVENT,NA,NA,NA,NA,NA,NA,NA,NA,NA,NA
NEG_2764,1:3,0,2,West Khasi Block,25.036596,91.100654,18245.4,464.15,35.76,320.60,0.003332,0.000306,3.8112,38.7595,10,Tree cover,0.768,28.6,48.4,1.43,5.1,Siliciclastic Sedimentary,SS,47.3,131.8,NA,NA,NO_EVENT,NA,NA,NA,NA,NA,NA,NA,NA,NA,NA
NEG_2765,1:3,0,4,Ri-Bhoi Block,25.674689,91.501183,9715.6,1295.52,25.12,227.75,0.003745,-0.000725,4.6863,44.0628,10,Tree cover,0.668,27.3,46.5,1.28,5.1,Metamorphic,MT,403.0,1685.4,NA,NA,NO_EVENT,NA,NA,NA,NA,NA,NA,NA,NA,NA,NA
NEG_2766,1:3,0,1,Garo Hills Block,25.723443,90.269931,10794.0,75.54,24.15,217.03,0.001887,0.001564,4.9211,46.9749,10,Tree cover,0.691,30.0,44.7,1.32,5.0,Mixed Sedimentary,SM,564.8,4896.0,NA,NA,NO_EVENT,NA,NA,NA,NA,NA,NA,NA,NA,NA,NA
NEG_2767,1:3,0,1,Garo Hills Block,25.718258,90.357087,7929.6,93.01,26.52,310.55,-0.004353,-0.000175,4.7124,49.7986,10,Tree cover,0.688,29.9,44.4,1.32,4.8,Mixed Sedimentary,SM,1079.0,7011.3,NA,NA,NO_EVENT,NA,NA,NA,NA,NA,NA,NA,NA,NA,NA
NEG_2768,1:3,0,1,Garo Hills Block,25.830566,90.834217,12726.9,389.70,32.80,144.93,0.004288,-0.000246,4.6322,34.3579,10,Tree cover,0.755,29.4,46.8,1.35,5.4,Mixed Sedimentary,SM,2069.4,4661.1,NA,NA,NO_EVENT,NA,NA,NA,NA,NA,NA,NA,NA,NA,NA
NEG_2769,1:3,0,1,Garo Hills Block,25.786687,89.945990,22400.5,30.39,16.14,23.98,-0.002226,-0.001605,5.8102,32.6000,10,Tree cover,0.728,30.2,52.3,1.34,5.4,Mixed Sedimentary,SM,1866.5,218.0,NA,NA,NO_EVENT,NA,NA,NA,NA,NA,NA,NA,NA,NA,NA
NEG_2770,1:3,0,3,East Khasi Block,25.460489,91.950355,7610.8,1681.82,31.31,193.73,0.002978,-0.000775,4.4410,27.2636,10,Tree cover,0.680,32.0,41.4,1.35,4.5,Metamorphic,MT,503.1,1718.3,NA,NA,NO_EVENT,NA,NA,NA,NA,NA,NA,NA,NA,NA,NA
NEG_2771,1:3,0,5,Jaintia Hills Block,25.265020,92.225625,2087.7,1185.55,28.25,78.48,-0.000789,-0.000842,5.1278,43.7468,10,Tree cover,0.794,27.4,44.2,1.42,4.8,Siliciclastic Sedimentary,SS,290.5,964.3,NA,NA,NO_EVENT,NA,NA,NA,NA,NA,NA,NA,NA,NA,NA
NEG_2772,1:3,0,2,West Khasi Block,25.401833,91.271477,6511.5,1038.94,22.91,100.66,0.001178,-0.002266,5.3414,37.1865,10,Tree cover,0.712,33.8,42.1,1.37,4.8,Metamorphic,MT,621.5,540.6,NA,NA,NO_EVENT,NA,NA,NA,NA,NA,NA,NA,NA,NA,NA
NEG_2773,1:3,0,4,Ri-Bhoi Block,25.665137,91.241009,6261.9,1013.13,25.81,285.09,0.003296,-0.000501,4.6077,43.0339,10,Tree cover,0.665,27.2,41.0,1.29,4.7,Metamorphic,MT,774.5,1902.2,NA,NA,NO_EVENT,NA,NA,NA,NA,NA,NA,NA,NA,NA,NA
NEG_2774,1:3,0,4,Ri-Bhoi Block,25.774178,91.122776,3143.3,765.25,24.07,7.56,0.001474,-0.001144,5.1267,42.1007,10,Tree cover,0.720,29.2,38.1,1.28,4.5,Metamorphic,MT,2374.1,5473.8,NA,NA,NO_EVENT,NA,NA,NA,NA,NA,NA,NA,NA,NA,NA
NEG_2775,1:3,0,1,Garo Hills Block,25.238455,90.452498,18297.3,108.59,26.00,41.98,0.001926,-0.001561,5.2684,35.4772,10,Tree cover,0.806,28.3,47.5,1.43,4.8,Mixed Sedimentary,SM,2720.6,2289.4,NA,NA,NO_EVENT,NA,NA,NA,NA,NA,NA,NA,NA,NA,NA
NEG_2776,1:3,0,1,Garo Hills Block,25.026268,90.717921,22200.8,59.11,26.02,229.85,-0.002217,-0.000740,4.5685,35.6788,10,Tree cover,0.806,28.3,51.6,1.43,5.2,Mixed Sedimentary,SM,86.4,234.4,NA,NA,NO_EVENT,NA,NA,NA,NA,NA,NA,NA,NA,NA,NA
NEG_2777,1:3,0,4,Ri-Bhoi Block,25.828831,92.222196,8025.4,1153.44,27.27,75.36,-0.004619,0.000135,5.0692,32.0486,10,Tree cover,0.754,31.1,46.1,1.30,5.0,Metamorphic,MT,799.0,5138.1,NA,NA,NO_EVENT,NA,NA,NA,NA,NA,NA,NA,NA,NA,NA
NEG_2778,1:3,0,5,Jaintia Hills Block,25.238665,92.725084,8477.2,630.65,33.02,135.47,0.002210,-0.000951,4.7072,40.2621,10,Tree cover,0.806,28.3,46.5,1.43,5.4,Siliciclastic Sedimentary,SS,7115.5,1669.6,NA,NA,NO_EVENT,NA,NA,NA,NA,NA,NA,NA,NA,NA,NA
NEG_2779,1:3,0,5,Jaintia Hills Block,25.562595,92.596785,4659.2,844.27,17.59,232.79,0.004396,0.000311,5.2266,19.8106,10,Tree cover,0.651,28.5,39.6,1.32,4.6,Metamorphic,MT,3783.7,518.0,NA,NA,NO_EVENT,NA,NA,NA,NA,NA,NA,NA,NA,NA,NA
NEG_2780,1:3,0,4,Ri-Bhoi Block,25.783307,92.003422,3327.7,1503.08,15.80,166.22,-0.002389,0.001085,5.8243,32.7269,10,Tree cover,0.726,29.5,43.5,1.29,4.6,Metamorphic,MT,293.9,3651.4,NA,NA,NO_EVENT,NA,NA,NA,NA,NA,NA,NA,NA,NA,NA
NEG_2781,1:3,0,1,Garo Hills Block,25.111847,90.470973,19569.6,25.00,15.67,348.25,-0.002458,0.000446,5.6634,18.5205,10,Tree cover,0.829,30.2,48.3,1.44,4.8,Mixed Sedimentary,SM,301.0,2234.5,NA,NA,NO_EVENT,NA,NA,NA,NA,NA,NA,NA,NA,NA,NA
NEG_2782,1:3,0,3,East Khasi Block,25.029520,91.984189,17814.7,1086.09,27.96,227.04,-0.002658,-0.000104,4.4198,36.1291,10,Tree cover,0.808,28.4,51.3,1.43,5.1,Siliciclastic Sedimentary,SS,159.8,147.4,NA,NA,NO_EVENT,NA,NA,NA,NA,NA,NA,NA,NA,NA,NA
NEG_2783,1:3,0,5,Jaintia Hills Block,25.391993,92.199290,4222.6,1426.30,26.80,97.05,0.000575,0.002387,5.0648,42.6807,10,Tree cover,0.718,34.1,46.5,1.37,4.8,Metamorphic,MT,3196.6,2764.7,NA,NA,NO_EVENT,NA,NA,NA,NA,NA,NA,NA,NA,NA,NA
NEG_2784,1:3,0,5,Jaintia Hills Block,25.386051,92.298968,4059.8,1197.05,18.80,35.45,0.000006,-0.002995,5.7247,36.1909,10,Tree cover,0.722,34.2,43.6,1.37,4.9,Metamorphic,MT,1661.5,223.8,NA,NA,NO_EVENT,NA,NA,NA,NA,NA,NA,NA,NA,NA,NA
NEG_2785,1:3,0,1,Garo Hills Block,25.161154,90.328788,15440.0,25.00,25.96,74.09,-0.002717,-0.001257,5.0353,19.5820,10,Tree cover,0.828,30.1,44.1,1.44,4.9,Mixed Sedimentary,SM,56.7,2728.4,NA,NA,NO_EVENT,NA,NA,NA,NA,NA,NA,NA,NA,NA,NA
NEG_2786,1:3,0,2,West Khasi Block,25.388147,91.045887,1464.5,632.48,24.47,33.94,-0.000032,-0.002978,5.2641,41.2831,10,Tree cover,0.721,34.2,38.7,1.37,4.5,Metamorphic,MT,4976.2,423.5,NA,NA,NO_EVENT,NA,NA,NA,NA,NA,NA,NA,NA,NA,NA
NEG_2787,1:3,0,5,Jaintia Hills Block,25.396599,92.129123,4169.3,1443.16,29.55,145.19,-0.001394,0.001217,4.8288,44.0846,10,Tree cover,0.715,34.0,46.8,1.37,4.8,Metamorphic,MT,360.2,2120.2,NA,NA,NO_EVENT,NA,NA,NA,NA,NA,NA,NA,NA,NA,NA
NEG_2788,1:3,0,1,Garo Hills Block,25.124708,90.871212,18577.8,317.49,23.17,186.52,0.000915,0.001169,5.1143,18.1147,10,Tree cover,0.830,30.3,45.4,1.44,5.4,Mixed Sedimentary,SM,618.3,1259.5,NA,NA,NO_EVENT,NA,NA,NA,NA,NA,NA,NA,NA,NA,NA
NEG_2789,1:3,0,1,Garo Hills Block,25.924219,90.003731,33323.9,55.29,25.12,88.34,0.003049,-0.001161,5.3897,18.0713,10,Tree cover,0.806,26.2,53.1,1.38,5.4,Mixed Sedimentary,SM,3464.7,3862.9,NA,NA,NO_EVENT,NA,NA,NA,NA,NA,NA,NA,NA,NA,NA
NEG_2790,1:3,0,4,Ri-Bhoi Block,26.037731,92.808266,6706.6,432.35,22.59,124.87,0.000415,0.002394,5.3393,36.1082,10,Tree cover,0.830,35.0,46.6,1.37,5.1,Metamorphic,MT,302.9,1941.1,NA,NA,NO_EVENT,NA,NA,NA,NA,NA,NA,NA,NA,NA,NA
NEG_2791,1:3,0,1,Garo Hills Block,25.115654,90.688381,11939.2,88.08,15.65,198.46,-0.001084,0.002327,5.6800,18.3488,10,Tree cover,0.829,30.2,52.5,1.44,5.2,Mixed Sedimentary,SM,153.0,1222.6,NA,NA,NO_EVENT,NA,NA,NA,NA,NA,NA,NA,NA,NA,NA
NEG_2792,1:3,0,5,Jaintia Hills Block,25.422193,92.167994,674.6,1438.25,34.12,146.44,-0.000643,0.001716,4.3682,40.1318,10,Tree cover,0.700,33.2,46.9,1.37,4.8,Metamorphic,MT,87.9,1482.3,NA,NA,NO_EVENT,NA,NA,NA,NA,NA,NA,NA,NA,NA,NA
NEG_2793,1:3,0,4,Ri-Bhoi Block,25.663601,91.765315,7644.4,1559.55,25.89,319.03,0.002326,-0.001591,4.5978,42.8080,10,Tree cover,0.664,27.2,38.4,1.29,4.3,Metamorphic,MT,2267.4,2188.8,NA,NA,NO_EVENT,NA,NA,NA,NA,NA,NA,NA,NA,NA,NA
NEG_2794,1:3,0,1,Garo Hills Block,25.838111,90.159836,18801.8,129.71,25.29,145.12,0.000453,0.001039,5.2554,28.8301,10,Tree cover,0.760,29.2,48.8,1.35,5.2,Mixed Sedimentary,SM,1058.3,269.6,NA,NA,NO_EVENT,NA,NA,NA,NA,NA,NA,NA,NA,NA,NA
NEG_2795,1:3,0,4,Ri-Bhoi Block,25.919866,91.952140,3856.4,1323.46,25.28,119.65,0.002453,0.001513,5.3775,18.0058,10,Tree cover,0.804,34.1,41.5,1.33,4.7,Metamorphic,MT,877.6,12342.5,NA,NA,NO_EVENT,NA,NA,NA,NA,NA,NA,NA,NA,NA,NA
NEG_2796,1:3,0,5,Jaintia Hills Block,25.643529,92.513693,7032.4,1013.19,27.00,273.85,0.000816,-0.001731,4.4709,39.2748,10,Tree cover,0.658,27.2,38.1,1.29,4.5,Metamorphic,MT,269.9,2837.9,NA,NA,NO_EVENT,NA,NA,NA,NA,NA,NA,NA,NA,NA,NA
NEG_2797,1:3,0,1,Garo Hills Block,25.776331,90.415185,2912.6,52.97,16.42,10.64,-0.000007,-0.002784,5.7472,34.1848,10,Tree cover,0.721,30.3,46.0,1.33,4.8,Mixed Sedimentary,SM,364.5,4813.9,NA,NA,NO_EVENT,NA,NA,NA,NA,NA,NA,NA,NA,NA,NA
NEG_2798,1:3,0,2,West Khasi Block,25.484125,91.306831,3181.8,1005.20,28.15,220.76,-0.000893,0.002296,4.6025,21.5579,10,Tree cover,0.670,31.1,43.5,1.35,4.9,Metamorphic,MT,59.3,601.4,NA,NA,NO_EVENT,NA,NA,NA,NA,NA,NA,NA,NA,NA,NA
NEG_2799,1:3,0,5,Jaintia Hills Block,25.079635,92.711644,17110.6,455.27,28.50,208.30,-0.003698,0.000468,4.5174,23.8104,10,Tree cover,0.824,29.8,47.1,1.44,5.4,Siliciclastic Sedimentary,SS,8279.9,1132.3,NA,NA,NO_EVENT,NA,NA,NA,NA,NA,NA,NA,NA,NA,NA
NEG_2800,1:3,0,3,East Khasi Block,25.158863,91.927257,8222.2,1266.36,24.03,143.51,0.000323,0.002369,5.1809,19.2411,10,Tree cover,0.828,30.2,52.8,1.44,5.3,Siliciclastic Sedimentary,SS,701.7,652.2,NA,NA,NO_EVENT,NA,NA,NA,NA,NA,NA,NA,NA,NA,NA
NEG_2801,1:3,0,1,Garo Hills Block,25.566730,89.878178,10184.7,93.44,17.78,315.84,0.003733,-0.000286,5.2050,20.2445,10,Tree cover,0.650,25.0,49.9,1.33,5.3,Mixed Sedimentary,SM,293.1,714.8,NA,NA,NO_EVENT,NA,NA,NA,NA,NA,NA,NA,NA,NA,NA
NEG_2802,1:3,0,4,Ri-Bhoi Block,26.018727,92.398102,16384.4,813.35,28.84,29.70,0.000502,-0.002287,4.9069,35.9719,10,Tree cover,0.830,35.2,39.9,1.37,4.6,Metamorphic,MT,1471.3,4788.1,NA,NA,NO_EVENT,NA,NA,NA,NA,NA,NA,NA,NA,NA,NA
NEG_2803,1:3,0,1,Garo Hills Block,25.586199,90.498274,13191.8,72.16,19.76,314.85,-0.004112,-0.000490,5.0255,23.1747,10,Tree cover,0.650,25.7,49.5,1.33,4.8,Mixed Sedimentary,SM,824.3,1400.5,NA,NA,NO_EVENT,NA,NA,NA,NA,NA,NA,NA,NA,NA,NA
NEG_2804,1:3,0,1,Garo Hills Block,25.151353,90.908347,14020.8,358.45,20.09,154.98,-0.000519,0.002608,5.4668,18.5305,10,Tree cover,0.829,30.2,44.5,1.44,5.4,Mixed Sedimentary,SM,141.0,546.1,NA,NA,NO_EVENT,NA,NA,NA,NA,NA,NA,NA,NA,NA,NA
NEG_2805,1:3,0,2,West Khasi Block,25.295863,91.345408,2014.5,1020.57,28.20,126.26,0.003844,0.000530,5.1433,49.5045,10,Tree cover,0.777,26.2,51.7,1.41,4.8,Siliciclastic Sedimentary,SS,1285.1,2763.7,NA,NA,NO_EVENT,NA,NA,NA,NA,NA,NA,NA,NA,NA,NA
NEG_2806,1:3,0,4,Ri-Bhoi Block,26.063722,91.553608,5984.2,1015.12,29.37,154.07,0.000905,0.000835,4.6963,47.7433,10,Tree cover,0.828,34.7,45.3,1.38,5.0,Metamorphic,MT,678.2,807.7,NA,NA,NO_EVENT,NA,NA,NA,NA,NA,NA,NA,NA,NA,NA
NEG_2807,1:3,0,4,Ri-Bhoi Block,25.981126,91.785180,6595.6,1189.20,15.14,42.75,0.001054,0.002032,6.1120,22.2355,10,Tree cover,0.825,35.1,38.2,1.35,4.5,Metamorphic,MT,3895.4,589.1,NA,NA,NO_EVENT,NA,NA,NA,NA,NA,NA,NA,NA,NA,NA
NEG_2808,1:3,0,5,Jaintia Hills Block,25.533266,92.406553,1074.6,1166.30,24.78,320.00,0.001275,-0.002216,4.7135,18.1164,10,Tree cover,0.655,29.4,39.6,1.33,4.6,Metamorphic,MT,805.3,2252.8,NA,NA,NO_EVENT,NA,NA,NA,NA,NA,NA,NA,NA,NA,NA
NEG_2809,1:3,0,5,Jaintia Hills Block,25.529078,92.449316,605.5,1038.99,23.73,311.53,-0.001296,-0.002205,4.8087,18.0241,10,Tree cover,0.656,29.5,38.6,1.33,4.5,Metamorphic,MT,240.3,2582.3,NA,NA,NO_EVENT,NA,NA,NA,NA,NA,NA,NA,NA,NA,NA
NEG_2810,1:3,0,1,Garo Hills Block,25.334903,90.192880,9242.9,25.00,14.16,136.78,-0.003139,0.000749,6.2272,34.9553,40,Cropland,0.652,24.7,47.3,1.40,5.1,Mixed Sedimentary,SM,1073.2,3895.0,NA,NA,NO_EVENT,NA,NA,NA,NA,NA,NA,NA,NA,NA,NA
NEG_2811,1:3,0,4,Ri-Bhoi Block,25.943740,91.591616,2474.4,1206.70,23.88,81.68,-0.004496,-0.000181,5.4766,19.1852,10,Tree cover,0.814,34.6,44.0,1.34,4.9,Metamorphic,MT,2241.9,8637.0,NA,NA,NO_EVENT,NA,NA,NA,NA,NA,NA,NA,NA,NA,NA
NEG_2812,1:3,0,4,Ri-Bhoi Block,25.980220,92.660373,20479.1,526.41,23.86,140.49,-0.001453,-0.001904,5.4166,24.5003,10,Tree cover,0.825,35.1,41.8,1.35,4.8,Metamorphic,MT,687.7,2247.0,NA,NA,NO_EVENT,NA,NA,NA,NA,NA,NA,NA,NA,NA,NA
NEG_2813,1:3,0,2,West Khasi Block,25.077919,91.327956,13932.2,853.76,28.31,220.85,0.003622,-0.000402,4.5267,24.1262,10,Tree cover,0.823,29.7,52.2,1.44,4.8,Siliciclastic Sedimentary,SS,1233.0,668.8,NA,NA,NO_EVENT,NA,NA,NA,NA,NA,NA,NA,NA,NA,NA
NEG_2814,1:3,0,3,East Khasi Block,25.424962,91.708868,1258.4,1521.81,28.14,12.68,0.003420,0.000935,4.8359,35.5062,10,Tree cover,0.699,33.2,39.6,1.37,4.4,Metamorphic,MT,645.6,476.8,NA,NA,NO_EVENT,NA,NA,NA,NA,NA,NA,NA,NA,NA,NA
NEG_2815,1:3,0,1,Garo Hills Block,25.877078,90.655800,23669.0,25.00,29.73,102.72,0.000312,0.002812,4.9884,21.7131,60,Bare / sparse vegetation,0.337,28.0,53.0,1.37,5.1,Mixed Sedimentary,SM,13.8,322.3,NA,NA,NO_EVENT,NA,NA,NA,NA,NA,NA,NA,NA,NA,NA
NEG_2816,1:3,0,3,East Khasi Block,25.621342,91.961622,3329.0,1703.13,27.44,236.80,-0.001415,0.001603,4.4108,33.8654,10,Tree cover,0.708,27.4,41.8,1.30,4.5,Metamorphic,MT,185.8,6274.7,NA,NA,NO_EVENT,NA,NA,NA,NA,NA,NA,NA,NA,NA,NA
NEG_2817,1:3,0,5,Jaintia Hills Block,25.165186,92.282904,4406.9,1068.58,16.63,24.57,0.001502,-0.001880,5.7971,19.3145,10,Tree cover,0.828,39.8,30.8,1.33,5.4,Carbonate Sedimentary,SC,2709.8,2267.1,NA,NA,NO_EVENT,NA,NA,NA,NA,NA,NA,NA,NA,NA,NA
NEG_2818,1:3,0,4,Ri-Bhoi Block,25.674598,92.696089,18533.5,616.35,34.61,217.77,0.001909,0.001484,3.9269,53.8884,10,Tree cover,0.668,27.3,43.3,1.28,4.9,Metamorphic,MT,967.1,4473.0,NA,NA,NO_EVENT,NA,NA,NA,NA,NA,NA,NA,NA,NA,NA
NEG_2819,1:3,0,1,Garo Hills Block,25.386691,90.129845,7005.2,25.00,22.95,149.02,-0.000245,0.001983,5.3905,40.0945,10,Tree cover,0.722,23.2,50.1,1.38,5.3,Mixed Sedimentary,SM,2566.8,4600.0,NA,NA,NO_EVENT,NA,NA,NA,NA,NA,NA,NA,NA,NA,NA
NEG_2820,1:3,0,1,Garo Hills Block,25.567021,90.061723,4854.9,25.00,24.62,240.69,0.002763,0.000344,4.6574,21.1504,10,Tree cover,0.650,25.0,52.4,1.33,5.4,Mixed Sedimentary,SM,866.3,356.0,NA,NA,NO_EVENT,NA,NA,NA,NA,NA,NA,NA,NA,NA,NA
NEG_2821,1:3,0,1,Garo Hills Block,26.067089,89.917989,51349.9,42.24,25.97,5.98,-0.000684,-0.000600,4.9549,44.8935,10,Tree cover,0.827,22.5,51.4,1.43,5.4,Mixed Sedimentary,SM,266.0,5134.7,NA,NA,NO_EVENT,NA,NA,NA,NA,NA,NA,NA,NA,NA,NA
NEG_2822,1:3,0,4,Ri-Bhoi Block,25.833784,91.401562,6884.0,1149.76,31.90,145.91,0.002194,0.000655,4.7139,32.9423,10,Tree cover,0.757,31.3,46.4,1.30,5.1,Metamorphic,MT,2608.8,3124.6,NA,NA,NO_EVENT,NA,NA,NA,NA,NA,NA,NA,NA,NA,NA
NEG_2823,1:3,0,1,Garo Hills Block,25.418110,90.000819,7224.6,90.97,29.77,78.44,0.003015,-0.001181,4.7320,38.4691,10,Tree cover,0.703,22.7,53.1,1.37,5.4,Mixed Sedimentary,SM,802.0,62.5,NA,NA,NO_EVENT,NA,NA,NA,NA,NA,NA,NA,NA,NA,NA
NEG_2824,1:3,0,4,Ri-Bhoi Block,25.691940,91.584922,1536.8,1474.14,30.26,276.70,-0.004081,-0.000264,4.3242,52.2804,10,Tree cover,0.676,27.4,44.2,1.28,4.7,Metamorphic,MT,941.7,6456.6,NA,NA,NO_EVENT,NA,NA,NA,NA,NA,NA,NA,NA,NA,NA
NEG_2825,1:3,0,5,Jaintia Hills Block,25.323354,92.576176,1790.9,847.76,16.18,119.46,0.002907,-0.000129,6.0833,37.3751,10,Tree cover,0.761,35.2,39.0,1.38,4.6,Metamorphic,MT,1437.1,3574.9,NA,NA,NO_EVENT,NA,NA,NA,NA,NA,NA,NA,NA,NA,NA
NEG_2826,1:3,0,2,West Khasi Block,25.348439,91.171663,5482.1,798.72,19.10,46.40,-0.000257,0.001882,5.8052,40.3752,10,Tree cover,0.745,34.9,38.8,1.38,4.6,Metamorphic,MT,2617.6,4372.6,NA,NA,NO_EVENT,NA,NA,NA,NA,NA,NA,NA,NA,NA,NA
NEG_2827,1:3,0,1,Garo Hills Block,25.607263,90.105707,7634.5,42.77,27.76,230.07,0.003210,0.000276,4.3794,30.3479,10,Tree cover,0.651,26.5,51.1,1.32,5.3,Mixed Sedimentary,SM,3544.2,3906.6,NA,NA,NO_EVENT,NA,NA,NA,NA,NA,NA,NA,NA,NA,NA
NEG_2828,1:3,0,1,Garo Hills Block,26.026735,90.942335,24381.9,446.80,22.18,98.26,-0.001014,-0.002293,5.4120,33.5165,10,Tree cover,0.830,22.9,44.1,1.42,5.4,Mixed Sedimentary,SM,1018.1,504.6,NA,NA,NO_EVENT,NA,NA,NA,NA,NA,NA,NA,NA,NA,NA
NEG_2829,1:3,0,1,Garo Hills Block,25.107242,90.981238,11092.5,480.55,15.72,321.38,-0.002975,-0.000043,5.6415,18.7742,10,Tree cover,0.829,30.2,44.3,1.44,5.3,Mixed Sedimentary,SM,108.8,134.3,NA,NA,NO_EVENT,NA,NA,NA,NA,NA,NA,NA,NA,NA,NA
NEG_2830,1:3,0,4,Ri-Bhoi Block,25.668219,91.366641,8202.6,1073.63,35.62,222.98,-0.003563,0.000463,3.8301,53.3622,10,Tree cover,0.755,27.2,45.6,1.28,5.0,Metamorphic,MT,25.6,6240.0,NA,NA,NO_EVENT,NA,NA,NA,NA,NA,NA,NA,NA,NA,NA
NEG_2831,1:3,0,1,Garo Hills Block,25.770105,89.969226,19871.1,33.79,16.46,13.89,-0.001109,-0.000436,5.7193,34.9451,10,Tree cover,0.718,30.3,52.8,1.33,5.4,Mixed Sedimentary,SM,729.1,1703.5,NA,NA,NO_EVENT,NA,NA,NA,NA,NA,NA,NA,NA,NA,NA
NEG_2832,1:3,0,5,Jaintia Hills Block,25.327304,92.298653,6601.0,1169.71,14.88,49.28,-0.000165,-0.000453,6.1818,35.8524,10,Tree cover,0.759,35.1,43.6,1.38,4.9,Metamorphic,MT,886.4,84.1,NA,NA,NO_EVENT,NA,NA,NA,NA,NA,NA,NA,NA,NA,NA
NEG_2833,1:3,0,5,Jaintia Hills Block,25.106285,92.409232,2705.8,857.40,25.74,343.70,0.001226,0.002171,4.8362,19.3631,10,Tree cover,0.828,37.4,31.6,1.31,5.6,Carbonate Sedimentary,SC,2998.3,1239.7,NA,NA,NO_EVENT,NA,NA,NA,NA,NA,NA,NA,NA,NA,NA
NEG_2834,1:3,0,5,Jaintia Hills Block,25.119248,92.345085,842.6,941.26,18.93,352.22,0.001495,-0.001215,5.4318,18.2637,10,Tree cover,0.830,37.9,31.9,1.32,5.4,Carbonate Sedimentary,SC,841.9,2012.5,NA,NA,NO_EVENT,NA,NA,NA,NA,NA,NA,NA,NA,NA,NA
NEG_2835,1:3,0,3,East Khasi Block,25.409651,91.667238,1229.3,1480.28,30.74,24.95,-0.000330,0.002392,4.6864,41.5734,10,Tree cover,0.708,33.6,41.0,1.37,4.5,Metamorphic,MT,184.0,63.4,NA,NA,NO_EVENT,NA,NA,NA,NA,NA,NA,NA,NA,NA,NA
NEG_2836,1:3,0,1,Garo Hills Block,25.185118,90.001815,22629.9,25.00,25.99,84.50,0.003801,-0.000478,5.1209,23.1627,10,Tree cover,0.824,29.8,53.1,1.44,5.4,Mixed Sedimentary,SM,721.3,520.7,NA,NA,NO_EVENT,NA,NA,NA,NA,NA,NA,NA,NA,NA,NA
NEG_2837,1:3,0,1,Garo Hills Block,25.253213,90.189954,2507.1,94.17,25.34,135.97,0.000395,-0.002357,5.3463,38.5138,10,Tree cover,0.800,27.8,47.4,1.42,5.1,Mixed Sedimentary,SM,622.1,712.7,NA,NA,NO_EVENT,NA,NA,NA,NA,NA,NA,NA,NA,NA,NA
NEG_2838,1:3,0,2,West Khasi Block,25.357398,91.368869,5904.7,1042.56,24.61,138.13,0.002968,0.000660,5.3433,46.0432,10,Tree cover,0.740,34.8,45.6,1.38,5.0,Metamorphic,MT,1432.1,405.7,NA,NA,NO_EVENT,NA,NA,NA,NA,NA,NA,NA,NA,NA,NA
NEG_2839,1:3,0,4,Ri-Bhoi Block,25.655860,92.209098,5535.2,1439.05,32.16,272.21,0.001870,0.001688,4.0798,46.8154,10,Tree cover,0.662,27.2,46.4,1.29,4.8,Metamorphic,MT,640.5,1780.7,NA,NA,NO_EVENT,NA,NA,NA,NA,NA,NA,NA,NA,NA,NA
NEG_2840,1:3,0,4,Ri-Bhoi Block,25.728739,91.656713,1972.5,1448.81,25.60,335.97,-0.001321,-0.001930,4.8250,48.6252,10,Tree cover,0.694,28.0,41.4,1.28,4.5,Metamorphic,MT,1226.1,450.7,NA,NA,NO_EVENT,NA,NA,NA,NA,NA,NA,NA,NA,NA,NA
NEG_2841,1:3,0,2,West Khasi Block,25.464725,91.245116,5191.9,925.45,25.26,315.51,0.004266,0.000421,4.9083,24.6065,10,Tree cover,0.678,31.8,41.1,1.35,4.7,Metamorphic,MT,177.1,1606.2,NA,NA,NO_EVENT,NA,NA,NA,NA,NA,NA,NA,NA,NA,NA
NEG_2842,1:3,0,5,Jaintia Hills Block,25.467682,92.368606,8126.3,1190.40,32.06,348.32,-0.004295,-0.000215,4.3527,25.6457,10,Tree cover,0.677,31.7,40.9,1.35,4.7,Metamorphic,MT,99.9,885.2,NA,NA,NO_EVENT,NA,NA,NA,NA,NA,NA,NA,NA,NA,NA
NEG_2843,1:3,0,1,Garo Hills Block,25.268400,89.817449,27468.2,73.28,33.02,45.84,0.000859,0.002090,4.7493,48.9946,10,Tree cover,0.792,27.2,47.2,1.42,5.2,Mixed Sedimentary,SM,1312.0,1424.5,NA,NA,NO_EVENT,NA,NA,NA,NA,NA,NA,NA,NA,NA,NA
NEG_2844,1:3,0,1,Garo Hills Block,25.723425,90.417510,7737.8,25.00,19.02,335.94,0.000250,-0.001764,5.3314,40.8201,10,Tree cover,0.691,30.0,46.0,1.32,4.8,Mixed Sedimentary,SM,1369.8,7151.7,NA,NA,NO_EVENT,NA,NA,NA,NA,NA,NA,NA,NA,NA,NA
NEG_2845,1:3,0,4,Ri-Bhoi Block,25.981324,92.420091,19968.4,848.90,24.28,43.83,-0.000486,-0.002119,5.3804,24.8317,10,Tree cover,0.825,35.1,39.3,1.35,4.6,Metamorphic,MT,1455.0,127.8,NA,NA,NO_EVENT,NA,NA,NA,NA,NA,NA,NA,NA,NA,NA
NEG_2846,1:3,0,1,Garo Hills Block,25.102866,90.124485,19127.0,25.00,21.25,197.67,0.002822,0.001225,5.1823,19.4291,10,Tree cover,0.828,30.1,50.3,1.44,5.3,Mixed Sedimentary,SM,984.8,1656.4,NA,NA,NO_EVENT,NA,NA,NA,NA,NA,NA,NA,NA,NA,NA
NEG_2847,1:3,0,3,East Khasi Block,25.554785,91.658129,1283.7,1542.37,22.91,309.33,0.001500,-0.001217,4.8146,19.4875,10,Tree cover,0.652,28.8,41.4,1.32,4.5,Metamorphic,MT,123.5,3107.0,NA,NA,NO_EVENT,NA,NA,NA,NA,NA,NA,NA,NA,NA,NA
NEG_2848,1:3,0,3,East Khasi Block,25.316901,91.986233,3589.6,1477.50,17.42,130.10,-0.004970,0.000003,5.9918,38.7058,10,Tree cover,0.765,25.4,51.2,1.41,4.9,Siliciclastic Sedimentary,SS,2207.3,142.2,NA,NA,NO_EVENT,NA,NA,NA,NA,NA,NA,NA,NA,NA,NA
NEG_2849,1:3,0,1,Garo Hills Block,25.662509,90.790714,3450.8,238.63,32.29,219.82,0.000103,-0.002336,4.0834,48.6673,10,Tree cover,0.664,28.6,48.7,1.32,5.3,Mixed Sedimentary,SM,290.1,2614.1,NA,NA,NO_EVENT,NA,NA,NA,NA,NA,NA,NA,NA,NA,NA
NEG_2850,1:3,0,5,Jaintia Hills Block,25.047401,92.087958,11972.9,1028.99,30.02,219.20,0.003518,0.000888,4.2970,32.3391,60,Bare / sparse vegetation,0.177,29.0,46.9,1.43,4.9,Siliciclastic Sedimentary,SS,17.4,549.7,NA,NA,NO_EVENT,NA,NA,NA,NA,NA,NA,NA,NA,NA,NA
NEG_2851,1:3,0,5,Jaintia Hills Block,25.251934,92.345145,3245.7,1131.37,29.89,43.34,-0.000728,0.001266,4.9804,41.8519,10,Tree cover,0.800,27.8,47.8,1.43,4.9,Siliciclastic Sedimentary,SS,3244.5,814.4,NA,NA,NO_EVENT,NA,NA,NA,NA,NA,NA,NA,NA,NA,NA
NEG_2852,1:3,0,2,West Khasi Block,25.473913,91.560086,4246.0,1348.51,28.63,237.12,-0.001345,0.001761,4.6029,23.5145,10,Tree cover,0.674,31.5,45.1,1.35,5.0,Metamorphic,MT,934.6,732.6,NA,NA,NO_EVENT,NA,NA,NA,NA,NA,NA,NA,NA,NA,NA
NEG_2853,1:3,0,4,Ri-Bhoi Block,25.962785,92.434050,22168.5,873.07,23.66,50.00,0.000985,-0.000953,5.4680,21.4704,10,Tree cover,0.820,34.9,38.9,1.35,4.6,Metamorphic,MT,951.1,859.4,NA,NA,NO_EVENT,NA,NA,NA,NA,NA,NA,NA,NA,NA,NA
NEG_2854,1:3,0,1,Garo Hills Block,25.421241,90.437111,16835.6,25.00,24.61,15.45,0.002100,0.001529,5.1327,34.1871,10,Tree cover,0.701,22.6,46.8,1.37,4.8,Mixed Sedimentary,SM,1125.1,4406.9,NA,NA,NO_EVENT,NA,NA,NA,NA,NA,NA,NA,NA,NA,NA
NEG_2855,1:3,0,4,Ri-Bhoi Block,25.857158,91.120895,3574.2,779.93,35.49,39.65,0.003143,0.000797,4.4887,27.3569,10,Tree cover,0.782,32.1,38.1,1.31,4.5,Metamorphic,MT,1048.5,1339.8,NA,NA,NO_EVENT,NA,NA,NA,NA,NA,NA,NA,NA,NA,NA
NEG_2856,1:3,0,5,Jaintia Hills Block,25.227405,92.558497,11847.2,740.43,25.95,114.89,-0.000624,0.002109,5.2486,32.6959,10,Tree cover,0.811,28.7,52.8,1.43,5.3,Siliciclastic Sedimentary,SS,6048.1,1028.9,NA,NA,NO_EVENT,NA,NA,NA,NA,NA,NA,NA,NA,NA,NA
NEG_2857,1:3,0,1,Garo Hills Block,25.233953,89.878712,24556.1,108.78,29.09,41.52,-0.002140,-0.001637,5.0120,36.3017,10,Tree cover,0.808,28.5,49.9,1.43,5.3,Mixed Sedimentary,SM,26.1,6488.7,NA,NA,NO_EVENT,NA,NA,NA,NA,NA,NA,NA,NA,NA,NA
NEG_2858,1:3,0,3,East Khasi Block,25.041902,91.698062,14173.5,1032.94,30.15,319.84,-0.002343,-0.001527,4.2726,33.9716,10,Tree cover,0.812,39.5,22.5,1.31,5.7,Volcanic Basic,VB,467.5,699.9,NA,NA,NO_EVENT,NA,NA,NA,NA,NA,NA,NA,NA,NA,NA
NEG_2859,1:3,0,1,Garo Hills Block,25.734609,90.748677,7665.4,217.44,17.47,196.07,0.002714,0.001108,5.4978,38.7443,10,Tree cover,0.697,30.2,50.5,1.33,5.3,Mixed Sedimentary,SM,1915.9,1391.2,NA,NA,NO_EVENT,NA,NA,NA,NA,NA,NA,NA,NA,NA,NA
NEG_2860,1:3,0,1,Garo Hills Block,25.365612,90.835456,2297.0,310.21,25.31,141.32,0.001969,-0.001253,5.2657,45.8523,10,Tree cover,0.735,23.7,46.7,1.39,5.4,Mixed Sedimentary,SM,5630.7,7748.7,NA,NA,NO_EVENT,NA,NA,NA,NA,NA,NA,NA,NA,NA,NA
NEG_2861,1:3,0,1,Garo Hills Block,25.754571,89.977308,17980.4,54.16,17.21,347.36,0.000806,0.000155,5.5973,37.2639,10,Tree cover,0.708,30.3,52.9,1.33,5.4,Mixed Sedimentary,SM,204.8,250.5,NA,NA,NO_EVENT,NA,NA,NA,NA,NA,NA,NA,NA,NA,NA
NEG_2862,1:3,0,1,Garo Hills Block,26.023446,90.478689,26244.8,25.00,21.12,26.33,-0.001364,0.000059,5.5084,32.1148,10,Tree cover,0.830,23.0,48.6,1.42,4.8,Mixed Sedimentary,SM,354.5,2798.5,NA,NA,NO_EVENT,NA,NA,NA,NA,NA,NA,NA,NA,NA,NA
NEG_2863,1:3,0,1,Garo Hills Block,26.099647,90.323144,36359.7,25.00,34.45,275.56,0.003062,-0.001143,4.1473,58.7599,10,Tree cover,0.820,22.6,44.1,1.43,4.9,Mixed Sedimentary,SM,1366.2,1083.9,NA,NA,NO_EVENT,NA,NA,NA,NA,NA,NA,NA,NA,NA,NA
NEG_2864,1:3,0,1,Garo Hills Block,25.853270,90.481408,8165.4,126.64,26.80,38.57,-0.003696,-0.000178,5.1747,25.9110,10,Tree cover,0.769,28.8,48.8,1.36,4.8,Mixed Sedimentary,SM,171.6,288.2,NA,NA,NO_EVENT,NA,NA,NA,NA,NA,NA,NA,NA,NA,NA
NEG_2865,1:3,0,5,Jaintia Hills Block,25.107315,92.468547,7720.7,840.38,22.09,332.89,-0.002607,0.001154,5.1322,19.0818,10,Tree cover,0.829,30.2,52.5,1.44,5.1,Siliciclastic Sedimentary,SS,7612.7,2407.5,NA,NA,NO_EVENT,NA,NA,NA,NA,NA,NA,NA,NA,NA,NA
NEG_2866,1:3,0,4,Ri-Bhoi Block,25.947451,91.030890,13199.2,534.42,19.21,52.69,0.001531,-0.000150,5.8461,19.2445,10,Tree cover,0.815,34.7,39.1,1.34,4.6,Metamorphic,MT,61.0,1004.4,NA,NA,NO_EVENT,NA,NA,NA,NA,NA,NA,NA,NA,NA,NA
NEG_2867,1:3,0,4,Ri-Bhoi Block,25.778588,91.499051,7422.2,1227.93,14.81,166.12,-0.001957,0.001050,5.8850,32.3484,10,Tree cover,0.723,29.4,46.6,1.29,5.1,Metamorphic,MT,3793.1,2341.6,NA,NA,NO_EVENT,NA,NA,NA,NA,NA,NA,NA,NA,NA,NA
NEG_2868,1:3,0,1,Garo Hills Block,25.941193,90.760921,25724.4,159.59,19.08,134.36,0.003432,-0.000444,5.8630,18.7700,10,Tree cover,0.813,25.5,50.0,1.39,5.3,Mixed Sedimentary,SM,580.9,1437.1,NA,NA,NO_EVENT,NA,NA,NA,NA,NA,NA,NA,NA,NA,NA
NEG_2869,1:3,0,2,West Khasi Block,25.585566,91.280386,4166.1,980.24,19.32,260.17,-0.001658,-0.000898,5.0612,22.9629,10,Tree cover,0.650,28.0,42.5,1.31,4.8,Metamorphic,MT,1095.0,3259.5,NA,NA,NO_EVENT,NA,NA,NA,NA,NA,NA,NA,NA,NA,NA
NEG_2870,1:3,0,5,Jaintia Hills Block,25.402218,92.518938,4254.6,998.11,22.39,88.72,0.001587,-0.001860,5.3816,36.6748,10,Tree cover,0.712,33.8,38.1,1.37,4.5,Metamorphic,MT,1330.4,2214.2,NA,NA,NO_EVENT,NA,NA,NA,NA,NA,NA,NA,NA,NA,NA
NEG_2871,1:3,0,1,Garo Hills Block,25.199148,90.256001,7388.2,25.00,27.53,134.40,0.003689,0.000180,5.0441,26.4790,10,Tree cover,0.820,29.5,45.0,1.44,5.0,Mixed Sedimentary,SM,105.3,597.1,NA,NA,NO_EVENT,NA,NA,NA,NA,NA,NA,NA,NA,NA,NA
NEG_2872,1:3,0,3,East Khasi Block,25.643062,91.805357,3039.7,1673.81,28.14,309.39,-0.000190,-0.002886,4.3790,40.0532,10,Tree cover,0.658,27.2,38.1,1.29,4.3,Metamorphic,MT,536.8,4739.7,NA,NA,NO_EVENT,NA,NA,NA,NA,NA,NA,NA,NA,NA,NA
NEG_2873,1:3,0,1,Garo Hills Block,25.230189,90.991688,6535.9,476.18,26.24,63.47,0.003116,0.000629,5.2318,33.5608,10,Tree cover,0.810,28.6,44.5,1.43,5.3,Mixed Sedimentary,SM,2717.0,2334.5,NA,NA,NO_EVENT,NA,NA,NA,NA,NA,NA,NA,NA,NA,NA
NEG_2874,1:3,0,1,Garo Hills Block,26.042289,90.552183,30213.7,40.61,32.03,23.71,0.000962,0.002110,4.5670,44.9770,10,Tree cover,0.830,22.7,51.6,1.42,4.9,Mixed Sedimentary,SM,1990.8,2598.3,NA,NA,NO_EVENT,NA,NA,NA,NA,NA,NA,NA,NA,NA,NA
NEG_2875,1:3,0,4,Ri-Bhoi Block,25.741830,92.057456,4283.9,1452.75,16.63,190.86,-0.000504,0.002596,5.5932,37.4475,10,Tree cover,0.701,28.3,45.4,1.28,4.7,Metamorphic,MT,613.1,857.9,NA,NA,NO_EVENT,NA,NA,NA,NA,NA,NA,NA,NA,NA,NA
NEG_2876,1:3,0,5,Jaintia Hills Block,25.503979,92.659454,13165.6,829.45,28.72,208.75,-0.000304,-0.002688,4.4863,19.0060,10,Tree cover,0.663,30.4,41.8,1.34,4.8,Metamorphic,MT,717.6,3631.0,NA,NA,NO_EVENT,NA,NA,NA,NA,NA,NA,NA,NA,NA,NA
NEG_2877,1:3,0,4,Ri-Bhoi Block,25.815589,91.196670,4665.3,805.78,22.56,40.01,-0.003119,-0.000476,5.4027,32.4828,10,Tree cover,0.746,30.7,39.5,1.29,4.6,Metamorphic,MT,1286.7,3304.3,NA,NA,NO_EVENT,NA,NA,NA,NA,NA,NA,NA,NA,NA,NA
NEG_2878,1:3,0,3,East Khasi Block,25.634882,91.912471,1089.8,1767.78,34.18,257.72,0.000017,0.002896,3.8845,42.1850,10,Tree cover,0.743,27.3,40.0,1.29,4.4,Metamorphic,MT,510.9,2612.3,NA,NA,NO_EVENT,NA,NA,NA,NA,NA,NA,NA,NA,NA,NA
NEG_2879,1:3,0,4,Ri-Bhoi Block,25.659565,92.480028,5952.6,1049.30,31.04,294.56,0.002777,0.000518,4.1770,46.7556,10,Tree cover,0.663,27.2,38.2,1.29,4.5,Metamorphic,MT,2792.5,614.4,NA,NA,NO_EVENT,NA,NA,NA,NA,NA,NA,NA,NA,NA,NA
NEG_2880,1:3,0,1,Garo Hills Block,25.405440,90.714652,536.4,204.55,21.93,150.61,0.002380,0.000918,5.4067,35.6601,10,Tree cover,0.710,22.8,51.7,1.38,5.2,Mixed Sedimentary,SM,545.7,1870.6,NA,NA,NO_EVENT,NA,NA,NA,NA,NA,NA,NA,NA,NA,NA
NEG_2881,1:3,0,1,Garo Hills Block,25.250946,89.915238,20588.7,60.16,25.75,49.44,0.000066,-0.002940,5.3102,38.3171,10,Tree cover,0.801,27.9,51.3,1.43,5.4,Mixed Sedimentary,SM,235.9,5076.1,NA,NA,NO_EVENT,NA,NA,NA,NA,NA,NA,NA,NA,NA,NA
NEG_2882,1:3,0,5,Jaintia Hills Block,25.066455,92.453668,2944.6,819.70,30.45,314.98,-0.003210,-0.000198,4.3179,27.3475,10,Tree cover,0.820,29.5,52.1,1.44,5.1,Siliciclastic Sedimentary,SS,2907.5,1245.7,NA,NA,NO_EVENT,NA,NA,NA,NA,NA,NA,NA,NA,NA,NA
NEG_2883,1:3,0,4,Ri-Bhoi Block,25.752665,91.814624,6783.9,1552.32,17.83,353.13,-0.000436,0.002664,5.5401,38.1170,10,Tree cover,0.707,28.6,38.1,1.28,4.3,Metamorphic,MT,223.6,2179.0,NA,NA,NO_EVENT,NA,NA,NA,NA,NA,NA,NA,NA,NA,NA
NEG_2884,1:3,0,4,Ri-Bhoi Block,25.683814,92.390118,10175.1,1039.05,33.20,324.07,-0.003631,0.000667,4.0648,54.2746,60,Bare / sparse vegetation,0.319,27.3,40.2,1.28,4.6,Metamorphic,MT,0.6,5765.9,NA,NA,NO_EVENT,NA,NA,NA,NA,NA,NA,NA,NA,NA,NA
NEG_2885,1:3,0,5,Jaintia Hills Block,25.538688,92.454753,1033.6,1023.48,22.36,307.36,-0.002202,-0.001679,4.8935,18.3003,10,Tree cover,0.654,29.2,38.5,1.32,4.5,Metamorphic,MT,410.3,2288.9,NA,NA,NO_EVENT,NA,NA,NA,NA,NA,NA,NA,NA,NA,NA
NEG_2886,1:3,0,5,Jaintia Hills Block,25.408201,92.626458,3964.7,754.70,29.14,156.67,-0.002704,0.000748,4.8198,40.7350,10,Tree cover,0.709,33.7,40.6,1.37,4.7,Metamorphic,MT,5290.4,1440.2,NA,NA,NO_EVENT,NA,NA,NA,NA,NA,NA,NA,NA,NA,NA
NEG_2887,1:3,0,1,Garo Hills Block,25.774550,90.584390,14558.9,32.97,24.48,15.52,0.001469,0.001304,5.0954,42.4462,10,Tree cover,0.720,30.3,52.5,1.33,5.0,Mixed Sedimentary,SM,3196.8,1862.1,NA,NA,NO_EVENT,NA,NA,NA,NA,NA,NA,NA,NA,NA,NA
NEG_2888,1:3,0,2,West Khasi Block,25.629212,91.425743,8673.0,1163.59,30.04,224.12,-0.000104,0.002937,4.2095,37.6358,10,Tree cover,0.655,27.3,46.7,1.29,5.1,Metamorphic,MT,389.2,1316.6,NA,NA,NO_EVENT,NA,NA,NA,NA,NA,NA,NA,NA,NA,NA
NEG_2889,1:3,0,3,East Khasi Block,25.168931,91.603291,2165.0,1141.76,26.22,54.15,-0.003894,-0.000256,5.0440,20.5644,10,Tree cover,0.827,30.0,44.2,1.44,5.2,Siliciclastic Sedimentary,SS,311.2,220.1,NA,NA,NO_EVENT,NA,NA,NA,NA,NA,NA,NA,NA,NA,NA
NEG_2890,1:3,0,1,Garo Hills Block,25.359968,89.959664,10397.8,94.47,16.20,59.35,-0.002622,0.000937,6.0096,36.2777,10,Tree cover,0.738,23.9,52.6,1.39,5.4,Mixed Sedimentary,SM,1182.2,3209.0,NA,NA,NO_EVENT,NA,NA,NA,NA,NA,NA,NA,NA,NA,NA
NEG_2891,1:3,0,4,Ri-Bhoi Block,26.044549,91.756546,5412.1,1092.13,23.66,17.19,-0.003068,0.001090,5.2280,38.3932,10,Tree cover,0.830,35.0,38.5,1.37,4.5,Metamorphic,MT,2317.5,5428.2,NA,NA,NO_EVENT,NA,NA,NA,NA,NA,NA,NA,NA,NA,NA
NEG_2892,1:3,0,4,Ri-Bhoi Block,25.967072,91.861971,611.3,1324.07,22.82,71.70,-0.004524,-0.000057,5.5275,21.9864,10,Tree cover,0.821,35.0,38.7,1.35,4.5,Metamorphic,MT,107.6,6007.7,NA,NA,NO_EVENT,NA,NA,NA,NA,NA,NA,NA,NA,NA,NA
NEG_2893,1:3,0,2,West Khasi Block,25.405542,91.363699,4678.4,1072.89,31.92,154.53,-0.002527,0.000397,4.6072,43.6754,10,Tree cover,0.710,33.7,45.5,1.37,5.0,Metamorphic,MT,814.3,4110.6,NA,NA,NO_EVENT,NA,NA,NA,NA,NA,NA,NA,NA,NA,NA
NEG_2894,1:3,0,4,Ri-Bhoi Block,25.749807,92.728770,26679.1,619.57,20.95,187.36,0.001336,-0.000786,5.2791,41.8981,10,Tree cover,0.706,28.5,44.5,1.28,4.9,Metamorphic,MT,3980.8,697.5,NA,NA,NO_EVENT,NA,NA,NA,NA,NA,NA,NA,NA,NA,NA
NEG_2895,1:3,0,5,Jaintia Hills Block,25.293963,92.468680,4740.4,954.93,25.67,63.87,-0.003416,-0.000898,5.3461,46.4347,10,Tree cover,0.779,26.2,52.5,1.41,5.1,Siliciclastic Sedimentary,SS,3007.4,92.2,NA,NA,NO_EVENT,NA,NA,NA,NA,NA,NA,NA,NA,NA,NA
NEG_2896,1:3,0,4,Ri-Bhoi Block,26.018004,91.844767,1269.5,1238.81,26.29,50.19,0.000649,0.001116,5.1134,34.2004,10,Tree cover,0.830,35.2,38.4,1.37,4.5,Metamorphic,MT,833.3,95.2,NA,NA,NO_EVENT,NA,NA,NA,NA,NA,NA,NA,NA,NA,NA
NEG_2897,1:3,0,4,Ri-Bhoi Block,26.025768,91.013530,22071.8,485.89,22.49,38.32,-0.001114,0.002082,5.3906,33.5273,10,Tree cover,0.830,35.1,39.5,1.37,4.6,Metamorphic,MT,750.6,595.5,NA,NA,NO_EVENT,NA,NA,NA,NA,NA,NA,NA,NA,NA,NA
NEG_2898,1:3,0,4,Ri-Bhoi Block,26.049257,91.943488,4982.8,1166.83,30.87,152.64,-0.001952,-0.001581,4.6331,45.8390,10,Tree cover,0.829,34.9,41.1,1.37,4.7,Metamorphic,MT,2583.0,2916.9,NA,NA,NO_EVENT,NA,NA,NA,NA,NA,NA,NA,NA,NA,NA
NEG_2899,1:3,0,5,Jaintia Hills Block,25.065366,92.565962,12384.5,724.29,23.17,234.53,0.001778,0.000317,4.8968,25.3251,10,Tree cover,0.820,29.4,52.6,1.44,5.3,Siliciclastic Sedimentary,SS,7176.4,569.7,NA,NA,NO_EVENT,NA,NA,NA,NA,NA,NA,NA,NA,NA,NA
NEG_2900,1:3,0,2,West Khasi Block,25.543231,91.203997,728.9,873.60,15.68,304.23,-0.002850,-0.001288,5.4172,18.3786,10,Tree cover,0.653,29.1,39.7,1.32,4.6,Metamorphic,MT,397.8,2030.3,NA,NA,NO_EVENT,NA,NA,NA,NA,NA,NA,NA,NA,NA,NA
NEG_2901,1:3,0,1,Garo Hills Block,25.631784,90.255623,4212.7,56.86,29.48,237.76,-0.000337,-0.001986,4.2570,37.9933,10,Tree cover,0.656,27.5,45.0,1.32,5.0,Mixed Sedimentary,SM,2419.3,1670.4,NA,NA,NO_EVENT,NA,NA,NA,NA,NA,NA,NA,NA,NA,NA
NEG_2902,1:3,0,5,Jaintia Hills Block,25.526699,92.334938,2794.0,1284.35,18.86,323.32,0.001578,0.001755,5.2048,18.0023,10,Tree cover,0.657,29.6,42.2,1.33,4.8,Metamorphic,MT,2169.8,2544.6,NA,NA,NO_EVENT,NA,NA,NA,NA,NA,NA,NA,NA,NA,NA
NEG_2903,1:3,0,1,Garo Hills Block,25.036721,90.632397,19292.5,124.75,32.63,271.78,0.002534,-0.001462,4.0619,36.9032,10,Tree cover,0.810,28.6,53.1,1.43,5.0,Mixed Sedimentary,SM,898.4,17.2,NA,NA,NO_EVENT,NA,NA,NA,NA,NA,NA,NA,NA,NA,NA
NEG_2904,1:3,0,2,West Khasi Block,25.022651,91.067919,18962.8,444.91,33.96,316.14,0.001094,0.002268,3.9266,42.2372,10,Tree cover,0.805,28.2,46.9,1.43,5.2,Siliciclastic Sedimentary,SS,152.6,223.1,NA,NA,NO_EVENT,NA,NA,NA,NA,NA,NA,NA,NA,NA,NA
NEG_2905,1:3,0,4,Ri-Bhoi Block,25.806581,92.236254,9354.7,1180.34,21.75,55.66,-0.004538,-0.000029,5.4359,33.8232,10,Tree cover,0.740,30.3,45.7,1.29,5.0,Metamorphic,MT,97.3,7171.1,NA,NA,NO_EVENT,NA,NA,NA,NA,NA,NA,NA,NA,NA,NA
NEG_2906,1:3,0,4,Ri-Bhoi Block,26.040805,91.655939,9206.7,1094.69,32.12,25.51,0.001250,-0.002101,4.5654,44.6320,10,Tree cover,0.830,35.0,41.5,1.37,4.7,Metamorphic,MT,4182.1,5849.9,NA,NA,NO_EVENT,NA,NA,NA,NA,NA,NA,NA,NA,NA,NA
NEG_2907,1:3,0,5,Jaintia Hills Block,25.294997,92.618651,5196.1,752.54,24.92,129.89,0.003937,-0.000205,5.4059,45.7340,10,Tree cover,0.778,26.2,51.1,1.41,5.4,Siliciclastic Sedimentary,SS,3842.6,2580.9,NA,NA,NO_EVENT,NA,NA,NA,NA,NA,NA,NA,NA,NA,NA
NEG_2908,1:3,0,4,Ri-Bhoi Block,25.857341,91.552007,6364.0,1151.09,29.35,107.03,0.000501,-0.002201,4.9803,25.6954,10,Tree cover,0.772,32.1,45.3,1.31,5.0,Metamorphic,MT,2274.6,3619.7,NA,NA,NO_EVENT,NA,NA,NA,NA,NA,NA,NA,NA,NA,NA
NEG_2909,1:3,0,4,Ri-Bhoi Block,25.771291,92.619165,23287.4,776.74,20.19,173.05,0.001255,-0.000363,5.4257,38.6229,10,Tree cover,0.718,29.2,40.3,1.28,4.7,Metamorphic,MT,4411.5,1317.4,NA,NA,NO_EVENT,NA,NA,NA,NA,NA,NA,NA,NA,NA,NA
NEG_2910,1:3,0,1,Garo Hills Block,25.789386,90.923542,8735.8,429.87,19.42,132.14,-0.000474,-0.002254,5.5582,35.1282,10,Tree cover,0.730,30.1,44.2,1.34,5.4,Mixed Sedimentary,SM,2120.7,4670.0,NA,NA,NO_EVENT,NA,NA,NA,NA,NA,NA,NA,NA,NA,NA
NEG_2911,1:3,0,1,Garo Hills Block,25.790070,89.922848,23705.6,49.88,16.17,21.05,-0.000858,-0.002169,5.8208,32.1676,10,Tree cover,0.730,30.1,51.6,1.34,5.4,Mixed Sedimentary,SM,3224.2,2443.6,NA,NA,NO_EVENT,NA,NA,NA,NA,NA,NA,NA,NA,NA,NA
NEG_2912,1:3,0,2,West Khasi Block,25.437329,91.039285,1118.0,658.75,30.58,6.95,0.000493,-0.000707,4.5918,33.4065,10,Tree cover,0.692,32.8,38.9,1.36,4.6,Metamorphic,MT,3248.9,1576.8,NA,NA,NO_EVENT,NA,NA,NA,NA,NA,NA,NA,NA,NA,NA
NEG_2913,1:3,0,1,Garo Hills Block,25.200185,89.870411,27779.2,120.80,26.70,32.55,-0.004307,-0.000172,5.1138,26.4567,10,Tree cover,0.820,29.4,49.5,1.44,5.3,Mixed Sedimentary,SM,416.5,4308.7,NA,NA,NO_EVENT,NA,NA,NA,NA,NA,NA,NA,NA,NA,NA
NEG_2914,1:3,0,3,East Khasi Block,25.164052,91.796596,4446.3,1313.30,18.20,20.74,0.000065,-0.002127,5.6672,19.3419,10,Tree cover,0.828,30.1,51.2,1.44,5.4,Siliciclastic Sedimentary,SS,681.9,695.4,NA,NA,NO_EVENT,NA,NA,NA,NA,NA,NA,NA,NA,NA,NA
NEG_2915,1:3,0,4,Ri-Bhoi Block,25.886472,92.814021,13937.2,413.79,24.93,101.83,0.000009,-0.002879,5.3857,19.8793,10,Tree cover,0.788,33.1,46.7,1.32,5.1,Metamorphic,MT,275.9,1465.1,NA,NA,NO_EVENT,NA,NA,NA,NA,NA,NA,NA,NA,NA,NA
NEG_2916,1:3,0,3,East Khasi Block,25.394073,91.628107,4135.6,1474.39,29.91,46.08,-0.001097,0.001346,4.8088,45.0351,10,Tree cover,0.717,34.0,42.6,1.37,4.6,Metamorphic,MT,1899.8,1899.1,NA,NA,NO_EVENT,NA,NA,NA,NA,NA,NA,NA,NA,NA,NA
NEG_2917,1:3,0,1,Garo Hills Block,26.032117,90.309477,29920.2,107.89,31.46,105.12,0.001140,0.002316,4.6503,41.5979,10,Tree cover,0.830,22.9,44.1,1.42,4.9,Mixed Sedimentary,SM,54.4,212.4,NA,NA,NO_EVENT,NA,NA,NA,NA,NA,NA,NA,NA,NA,NA
NEG_2918,1:3,0,4,Ri-Bhoi Block,25.795057,92.102685,4086.2,1411.60,23.59,158.75,0.003665,0.000433,5.2462,37.6465,10,Tree cover,0.733,29.9,46.4,1.29,4.8,Metamorphic,MT,622.7,439.9,NA,NA,NO_EVENT,NA,NA,NA,NA,NA,NA,NA,NA,NA,NA
NEG_2919,1:3,0,5,Jaintia Hills Block,25.116094,92.426811,3901.8,864.75,24.54,348.33,-0.000058,0.002743,4.9705,18.5192,10,Tree cover,0.829,37.8,31.2,1.32,5.6,Carbonate Sedimentary,SC,4070.4,2071.7,NA,NA,NO_EVENT,NA,NA,NA,NA,NA,NA,NA,NA,NA,NA
NEG_2920,1:3,0,1,Garo Hills Block,25.898153,89.901879,35549.8,61.56,24.34,48.53,-0.000366,0.002780,5.4448,18.7403,10,Tree cover,0.794,27.2,50.8,1.37,5.4,Mixed Sedimentary,SM,2487.4,1107.2,NA,NA,NO_EVENT,NA,NA,NA,NA,NA,NA,NA,NA,NA,NA
NEG_2921,1:3,0,1,Garo Hills Block,25.118371,89.949837,30647.0,55.15,15.21,345.09,-0.001416,0.001665,5.7259,18.2402,10,Tree cover,0.830,30.3,52.4,1.44,5.4,Mixed Sedimentary,SM,311.7,2204.3,NA,NA,NO_EVENT,NA,NA,NA,NA,NA,NA,NA,NA,NA,NA
NEG_2922,1:3,0,2,West Khasi Block,25.381523,91.353331,7055.6,1057.11,27.41,142.19,0.000316,-0.000313,5.0505,45.4364,10,Tree cover,0.725,34.3,45.2,1.38,5.0,Metamorphic,MT,2081.5,2448.1,NA,NA,NO_EVENT,NA,NA,NA,NA,NA,NA,NA,NA,NA,NA
NEG_2923,1:3,0,1,Garo Hills Block,25.594936,90.616384,10086.7,65.57,26.84,280.50,0.004021,0.000503,4.4544,26.9709,10,Tree cover,0.650,26.0,53.0,1.32,5.0,Mixed Sedimentary,SM,2060.3,6498.5,NA,NA,NO_EVENT,NA,NA,NA,NA,NA,NA,NA,NA,NA,NA
NEG_2924,1:3,0,1,Garo Hills Block,26.004525,90.923202,23182.3,439.96,20.29,111.52,0.000134,-0.002914,5.6366,27.8912,10,Tree cover,0.829,23.4,44.3,1.41,5.4,Mixed Sedimentary,SM,1390.4,2056.9,NA,NA,NO_EVENT,NA,NA,NA,NA,NA,NA,NA,NA,NA,NA
NEG_2925,1:3,0,1,Garo Hills Block,25.069194,90.715693,17791.7,82.87,21.98,219.40,-0.004717,-0.000018,5.0042,24.2494,10,Tree cover,0.821,29.5,51.7,1.44,5.2,Mixed Sedimentary,SM,47.1,643.0,NA,NA,NO_EVENT,NA,NA,NA,NA,NA,NA,NA,NA,NA,NA
NEG_2926,1:3,0,2,West Khasi Block,25.593598,91.045077,3040.9,685.50,23.68,309.47,0.000186,-0.001504,4.7078,25.6436,10,Tree cover,0.650,27.8,38.7,1.30,4.5,Metamorphic,MT,1700.5,102.9,NA,NA,NO_EVENT,NA,NA,NA,NA,NA,NA,NA,NA,NA,NA
NEG_2927,1:3,0,1,Garo Hills Block,25.315750,90.200536,6995.0,25.00,15.95,133.99,-0.003943,-0.000248,6.1106,36.9228,10,Tree cover,0.766,25.4,47.0,1.41,5.1,Mixed Sedimentary,SM,24.0,2785.9,NA,NA,NO_EVENT,NA,NA,NA,NA,NA,NA,NA,NA,NA,NA
NEG_2928,1:3,0,4,Ri-Bhoi Block,25.904698,92.838243,11287.3,397.01,23.62,87.59,-0.001688,-0.001701,5.5068,18.3265,10,Tree cover,0.797,33.7,46.9,1.32,5.1,Metamorphic,MT,120.6,997.4,NA,NA,NO_EVENT,NA,NA,NA,NA,NA,NA,NA,NA,NA,NA
NEG_2929,1:3,0,1,Garo Hills Block,25.375906,90.963944,6166.1,624.93,17.00,77.22,-0.000928,0.001183,5.9007,35.6699,10,Tree cover,0.728,23.4,44.1,1.39,5.4,Mixed Sedimentary,SM,3589.0,2561.9,NA,NA,NO_EVENT,NA,NA,NA,NA,NA,NA,NA,NA,NA,NA
NEG_2930,1:3,0,4,Ri-Bhoi Block,25.687481,91.991246,2663.2,1567.73,24.91,218.64,0.004777,-0.000107,4.7387,45.6960,10,Tree cover,0.674,27.4,43.0,1.28,4.6,Metamorphic,MT,197.0,1322.3,NA,NA,NO_EVENT,NA,NA,NA,NA,NA,NA,NA,NA,NA,NA
NEG_2931,1:3,0,5,Jaintia Hills Block,25.443392,92.560035,6698.7,890.46,26.24,174.87,-0.001077,-0.000257,4.9148,29.7266,10,Tree cover,0.689,32.6,38.7,1.36,4.5,Metamorphic,MT,2020.7,1323.5,NA,NA,NO_EVENT,NA,NA,NA,NA,NA,NA,NA,NA,NA,NA
NEG_2932,1:3,0,2,West Khasi Block,25.624804,91.173690,512.6,848.11,28.26,308.59,-0.000152,0.002876,4.3478,35.2786,10,Tree cover,0.654,27.4,38.9,1.29,4.6,Metamorphic,MT,355.1,1993.9,NA,NA,NO_EVENT,NA,NA,NA,NA,NA,NA,NA,NA,NA,NA
NEG_2933,1:3,0,4,Ri-Bhoi Block,25.718407,92.706052,22569.1,616.23,27.11,203.36,0.002908,-0.001084,4.6657,50.5082,10,Tree cover,0.688,27.8,43.6,1.28,4.9,Metamorphic,MT,3293.7,375.2,NA,NA,NO_EVENT,NA,NA,NA,NA,NA,NA,NA,NA,NA,NA
NEG_2934,1:3,0,1,Garo Hills Block,25.878116,89.922040,32761.2,52.36,25.65,50.90,-0.000255,0.002846,5.3164,21.0491,10,Tree cover,0.784,27.9,51.6,1.37,5.4,Mixed Sedimentary,SM,5481.6,662.5,NA,NA,NO_EVENT,NA,NA,NA,NA,NA,NA,NA,NA,NA,NA
NEG_2935,1:3,0,2,West Khasi Block,25.378895,91.235161,2457.1,986.32,17.29,66.20,-0.000643,-0.000246,5.8683,35.6249,10,Tree cover,0.726,34.4,40.7,1.38,4.7,Metamorphic,MT,714.0,2041.4,NA,NA,NO_EVENT,NA,NA,NA,NA,NA,NA,NA,NA,NA,NA
NEG_2936,1:3,0,3,East Khasi Block,25.359679,91.935572,2987.1,1625.78,22.27,119.08,-0.000885,0.002339,5.5247,43.1554,10,Tree cover,0.738,34.8,40.8,1.38,4.4,Metamorphic,MT,2122.4,870.6,NA,NA,NO_EVENT,NA,NA,NA,NA,NA,NA,NA,NA,NA,NA
NEG_2937,1:3,0,4,Ri-Bhoi Block,25.912371,92.030603,4408.7,1309.77,21.13,134.58,0.001305,-0.002163,5.7089,18.0540,10,Tree cover,0.801,33.9,44.5,1.33,4.9,Metamorphic,MT,2060.2,10657.1,NA,NA,NO_EVENT,NA,NA,NA,NA,NA,NA,NA,NA,NA,NA
NEG_2938,1:3,0,1,Garo Hills Block,26.088480,90.631270,38305.8,25.00,32.49,285.54,0.003636,0.000624,4.3479,55.3243,10,Tree cover,0.823,22.5,53.1,1.43,5.0,Mixed Sedimentary,SM,1155.0,107.4,NA,NA,NO_EVENT,NA,NA,NA,NA,NA,NA,NA,NA,NA,NA
NEG_2939,1:3,0,4,Ri-Bhoi Block,25.964989,92.138199,8160.5,1180.68,23.75,125.02,-0.003638,-0.000699,5.4569,21.8194,10,Tree cover,0.821,34.9,46.9,1.35,5.1,Metamorphic,MT,900.2,2314.2,NA,NA,NO_EVENT,NA,NA,NA,NA,NA,NA,NA,NA,NA,NA
NEG_2940,1:3,0,5,Jaintia Hills Block,25.411153,92.039080,2642.9,1499.68,23.26,160.63,0.000744,-0.002271,5.2792,35.5141,10,Tree cover,0.707,33.6,44.8,1.37,4.7,Metamorphic,MT,1237.9,2713.2,NA,NA,NO_EVENT,NA,NA,NA,NA,NA,NA,NA,NA,NA,NA
NEG_2941,1:3,0,5,Jaintia Hills Block,25.132402,92.207467,1511.8,1107.62,20.35,348.86,-0.000031,0.002028,5.3706,18.0002,10,Tree cover,0.830,38.5,28.3,1.32,5.5,Carbonate Sedimentary,SC,417.8,45.2,NA,NA,NO_EVENT,NA,NA,NA,NA,NA,NA,NA,NA,NA,NA
NEG_2942,1:3,0,1,Garo Hills Block,25.594917,90.691485,9728.1,178.36,19.07,241.72,-0.002491,0.001287,5.0760,24.3709,10,Tree cover,0.650,26.0,52.4,1.32,5.2,Mixed Sedimentary,SM,2217.2,5993.5,NA,NA,NO_EVENT,NA,NA,NA,NA,NA,NA,NA,NA,NA,NA
NEG_2943,1:3,0,4,Ri-Bhoi Block,25.728239,91.756941,8151.6,1500.03,16.70,341.70,0.003097,0.001088,5.5351,37.9867,10,Tree cover,0.693,28.0,38.5,1.28,4.3,Metamorphic,MT,87.2,1844.7,NA,NA,NO_EVENT,NA,NA,NA,NA,NA,NA,NA,NA,NA,NA
NEG_2944,1:3,0,1,Garo Hills Block,25.246245,89.892712,22595.2,87.28,27.49,44.95,-0.000707,-0.002523,5.1634,38.4990,10,Tree cover,0.803,28.0,50.5,1.43,5.3,Mixed Sedimentary,SM,686.7,4997.5,NA,NA,NO_EVENT,NA,NA,NA,NA,NA,NA,NA,NA,NA,NA
NEG_2945,1:3,0,2,West Khasi Block,25.488312,91.537011,3563.9,1318.86,23.89,225.66,0.000569,0.002515,4.9278,20.4557,10,Tree cover,0.668,31.0,45.8,1.34,5.0,Metamorphic,MT,61.1,731.2,NA,NA,NO_EVENT,NA,NA,NA,NA,NA,NA,NA,NA,NA,NA
NEG_2946,1:3,0,4,Ri-Bhoi Block,25.966734,92.631061,23603.2,604.88,21.30,135.39,-0.004146,-0.000512,5.6497,21.6722,10,Tree cover,0.821,35.0,40.7,1.35,4.7,Metamorphic,MT,802.8,2170.2,NA,NA,NO_EVENT,NA,NA,NA,NA,NA,NA,NA,NA,NA,NA
NEG_2947,1:3,0,5,Jaintia Hills Block,25.591110,92.099101,4207.8,1549.44,24.06,228.56,0.004259,-0.000409,4.6785,25.2619,10,Tree cover,0.650,27.9,46.4,1.30,4.8,Metamorphic,MT,933.6,1147.1,NA,NA,NO_EVENT,NA,NA,NA,NA,NA,NA,NA,NA,NA,NA
NEG_2948,1:3,0,5,Jaintia Hills Block,25.494448,92.075551,646.4,1624.82,24.40,205.40,-0.001161,0.002178,4.8649,19.7634,10,Tree cover,0.666,30.7,45.9,1.34,4.8,Metamorphic,MT,189.9,19.0,NA,NA,NO_EVENT,NA,NA,NA,NA,NA,NA,NA,NA,NA,NA
NEG_2949,1:3,0,1,Garo Hills Block,25.241186,90.931747,8662.8,387.77,28.45,101.06,0.000718,-0.002560,5.0776,37.8622,10,Tree cover,0.805,28.2,44.2,1.43,5.4,Mixed Sedimentary,SM,1666.2,2421.3,NA,NA,NO_EVENT,NA,NA,NA,NA,NA,NA,NA,NA,NA,NA
NEG_2950,1:3,0,1,Garo Hills Block,25.704966,89.855382,19369.9,25.00,26.54,331.95,-0.004877,-0.000073,4.6640,49.2746,10,Tree cover,0.682,29.7,48.9,1.32,5.3,Mixed Sedimentary,SM,259.6,539.0,NA,NA,NO_EVENT,NA,NA,NA,NA,NA,NA,NA,NA,NA,NA
NEG_2951,1:3,0,4,Ri-Bhoi Block,25.800258,92.348383,20519.0,1164.06,22.53,21.11,0.003885,0.000590,5.3504,35.7100,10,Tree cover,0.736,30.1,41.7,1.29,4.7,Metamorphic,MT,1591.9,881.9,NA,NA,NO_EVENT,NA,NA,NA,NA,NA,NA,NA,NA,NA,NA
NEG_2952,1:3,0,2,West Khasi Block,25.451073,91.166224,5043.5,843.72,31.60,357.11,-0.000347,-0.000312,4.4553,29.9112,10,Tree cover,0.685,32.3,38.7,1.36,4.5,Metamorphic,MT,4884.5,344.6,NA,NA,NO_EVENT,NA,NA,NA,NA,NA,NA,NA,NA,NA,NA
NEG_2953,1:3,0,4,Ri-Bhoi Block,25.939385,92.165747,8282.1,1198.24,26.21,111.72,-0.001030,0.000737,5.2942,18.8999,10,Tree cover,0.812,34.5,46.9,1.34,5.1,Metamorphic,MT,1937.0,688.6,NA,NA,NO_EVENT,NA,NA,NA,NA,NA,NA,NA,NA,NA,NA
NEG_2954,1:3,0,1,Garo Hills Block,25.331201,90.788127,5459.0,228.59,20.42,137.50,-0.000472,-0.000736,5.7326,42.4970,10,Tree cover,0.756,24.8,48.8,1.40,5.3,Mixed Sedimentary,SM,9757.6,6291.4,NA,NA,NO_EVENT,NA,NA,NA,NA,NA,NA,NA,NA,NA,NA
NEG_2955,1:3,0,4,Ri-Bhoi Block,25.753188,91.517754,5653.9,1273.43,14.67,187.97,0.000635,0.002238,5.7949,34.5164,10,Tree cover,0.708,28.6,46.2,1.28,5.1,Metamorphic,MT,1427.4,5172.9,NA,NA,NO_EVENT,NA,NA,NA,NA,NA,NA,NA,NA,NA,NA
NEG_2956,1:3,0,1,Garo Hills Block,25.195208,90.745286,11499.2,233.46,23.18,146.77,0.004601,-0.000011,5.3795,24.3872,10,Tree cover,0.822,29.6,50.6,1.44,5.3,Mixed Sedimentary,SM,307.3,1144.7,NA,NA,NO_EVENT,NA,NA,NA,NA,NA,NA,NA,NA,NA,NA
NEG_2957,1:3,0,4,Ri-Bhoi Block,25.991982,91.898932,2000.2,1314.37,25.13,95.67,-0.001382,-0.002158,5.2854,27.3551,10,Tree cover,0.827,35.2,39.6,1.36,4.6,Metamorphic,MT,2073.2,5794.2,NA,NA,NO_EVENT,NA,NA,NA,NA,NA,NA,NA,NA,NA,NA
NEG_2958,1:3,0,4,Ri-Bhoi Block,26.084852,92.139388,10065.5,1013.87,35.47,188.88,0.003722,0.000459,4.1239,58.2158,10,Tree cover,0.868,34.2,46.9,1.38,5.1,Metamorphic,MT,535.9,2355.9,NA,NA,NO_EVENT,NA,NA,NA,NA,NA,NA,NA,NA,NA,NA
NEG_2959,1:3,0,1,Garo Hills Block,26.037332,90.459375,27570.3,25.00,22.61,20.62,-0.002613,-0.001086,5.3391,36.0426,10,Tree cover,0.830,22.8,47.8,1.42,4.8,Mixed Sedimentary,SM,826.9,2885.0,NA,NA,NO_EVENT,NA,NA,NA,NA,NA,NA,NA,NA,NA,NA
NEG_2960,1:3,0,1,Garo Hills Block,25.853204,89.861663,32818.5,124.48,30.70,38.74,0.003547,0.000599,4.8626,27.0791,10,Tree cover,0.769,28.8,49.1,1.36,5.3,Mixed Sedimentary,SM,3507.5,1667.0,NA,NA,NO_EVENT,NA,NA,NA,NA,NA,NA,NA,NA,NA,NA
NEG_2961,1:3,0,4,Ri-Bhoi Block,25.744421,91.231311,7083.9,924.21,14.78,332.20,0.002020,-0.000037,5.7514,35.1610,10,Tree cover,0.702,28.4,40.6,1.28,4.7,Metamorphic,MT,10.7,3571.7,NA,NA,NO_EVENT,NA,NA,NA,NA,NA,NA,NA,NA,NA,NA
NEG_2962,1:3,0,5,Jaintia Hills Block,25.394501,92.430333,2127.0,1033.25,29.67,32.66,0.000150,0.002879,4.8265,44.7128,10,Tree cover,0.717,34.0,39.0,1.37,4.6,Metamorphic,MT,1959.5,111.6,NA,NA,NO_EVENT,NA,NA,NA,NA,NA,NA,NA,NA,NA,NA
NEG_2963,1:3,0,1,Garo Hills Block,25.942609,89.868020,41405.5,25.00,20.34,44.63,-0.004409,0.000231,5.7609,18.9235,10,Tree cover,0.814,25.5,49.4,1.39,5.3,Mixed Sedimentary,SM,49.9,734.5,NA,NA,NO_EVENT,NA,NA,NA,NA,NA,NA,NA,NA,NA,NA
NEG_2964,1:3,0,1,Garo Hills Block,25.678266,90.921888,10828.5,569.13,28.32,249.95,0.000460,0.001428,4.4398,48.0276,10,Tree cover,0.670,29.0,44.3,1.32,5.4,Mixed Sedimentary,SM,303.1,904.7,NA,NA,NO_EVENT,NA,NA,NA,NA,NA,NA,NA,NA,NA,NA
NEG_2965,1:3,0,5,Jaintia Hills Block,25.468914,92.337724,7203.0,1230.96,28.32,347.30,-0.003450,0.000921,4.6471,24.4886,10,Tree cover,0.677,31.7,42.1,1.35,4.8,Metamorphic,MT,1426.0,2310.3,NA,NA,NO_EVENT,NA,NA,NA,NA,NA,NA,NA,NA,NA,NA
NEG_2966,1:3,0,5,Jaintia Hills Block,25.354627,92.676299,4200.7,620.31,24.41,141.44,0.000057,0.002223,5.3661,46.0864,10,Tree cover,0.742,34.8,42.5,1.38,4.8,Metamorphic,MT,341.8,4168.1,NA,NA,NO_EVENT,NA,NA,NA,NA,NA,NA,NA,NA,NA,NA
NEG_2967,1:3,0,3,East Khasi Block,25.214005,91.821303,4116.3,1358.53,29.00,48.32,-0.002526,0.001102,4.9704,30.7491,10,Tree cover,0.816,29.1,52.0,1.43,5.4,Siliciclastic Sedimentary,SS,1032.8,327.4,NA,NA,NO_EVENT,NA,NA,NA,NA,NA,NA,NA,NA,NA,NA
NEG_2968,1:3,0,1,Garo Hills Block,25.745873,90.569195,13836.5,51.43,24.36,346.10,-0.001211,0.002109,4.9907,46.1602,10,Tree cover,0.703,30.3,52.2,1.33,4.9,Mixed Sedimentary,SM,4049.7,756.7,NA,NA,NO_EVENT,NA,NA,NA,NA,NA,NA,NA,NA,NA,NA
NEG_2969,1:3,0,5,Jaintia Hills Block,25.370731,92.346135,8048.4,1070.59,20.64,34.99,0.001496,-0.001149,5.6249,40.1197,10,Tree cover,0.731,34.6,41.8,1.38,4.8,Metamorphic,MT,130.5,1524.6,NA,NA,NO_EVENT,NA,NA,NA,NA,NA,NA,NA,NA,NA,NA
NEG_2970,1:3,0,1,Garo Hills Block,25.842750,90.803742,14153.6,371.01,32.43,143.72,0.001286,-0.001305,4.6972,30.5205,10,Tree cover,0.763,29.1,48.1,1.35,5.4,Mixed Sedimentary,SM,262.0,1352.7,NA,NA,NO_EVENT,NA,NA,NA,NA,NA,NA,NA,NA,NA,NA
NEG_2971,1:3,0,1,Garo Hills Block,25.596673,89.988125,1863.5,33.46,23.05,280.45,-0.003906,-0.000539,4.7571,26.0512,10,Tree cover,0.651,26.1,53.0,1.32,5.4,Mixed Sedimentary,SM,572.9,1459.7,NA,NA,NO_EVENT,NA,NA,NA,NA,NA,NA,NA,NA,NA,NA
NEG_2972,1:3,0,2,West Khasi Block,25.245446,91.281753,6643.7,848.71,28.44,101.50,0.000506,0.002697,5.0861,38.9953,10,Tree cover,0.803,28.1,53.0,1.43,4.8,Siliciclastic Sedimentary,SS,961.1,1389.8,NA,NA,NO_EVENT,NA,NA,NA,NA,NA,NA,NA,NA,NA,NA
NEG_2973,1:3,0,4,Ri-Bhoi Block,25.795447,92.678083,28005.9,734.98,26.92,161.37,-0.000104,-0.001957,4.9813,40.3269,10,Tree cover,0.733,29.9,42.5,1.29,4.8,Metamorphic,MT,5562.7,2059.6,NA,NA,NO_EVENT,NA,NA,NA,NA,NA,NA,NA,NA,NA,NA
NEG_2974,1:3,0,4,Ri-Bhoi Block,25.768944,92.668224,24936.3,717.85,24.06,175.48,0.000213,-0.002872,5.1067,42.9546,10,Tree cover,0.717,29.1,42.2,1.28,4.8,Metamorphic,MT,7034.8,977.7,NA,NA,NO_EVENT,NA,NA,NA,NA,NA,NA,NA,NA,NA,NA
NEG_2975,1:3,0,3,East Khasi Block,25.618874,91.630667,1367.5,1499.95,32.59,297.17,0.001716,0.001426,3.9972,36.0720,10,Tree cover,0.653,27.4,42.5,1.30,4.5,Metamorphic,MT,1146.0,6311.8,NA,NA,NO_EVENT,NA,NA,NA,NA,NA,NA,NA,NA,NA,NA
NEG_2976,1:3,0,4,Ri-Bhoi Block,26.075129,91.758494,2788.2,1095.26,26.01,0.05,-0.004127,0.000004,4.9196,46.2183,10,Tree cover,0.826,34.4,38.5,1.38,4.5,Metamorphic,MT,2545.3,2927.4,NA,NA,NO_EVENT,NA,NA,NA,NA,NA,NA,NA,NA,NA,NA
NEG_2977,1:3,0,5,Jaintia Hills Block,25.053249,92.007598,14747.4,1074.08,24.68,217.90,-0.003912,0.000628,4.7401,28.4471,10,Tree cover,0.816,29.1,50.4,1.43,5.1,Siliciclastic Sedimentary,SS,74.6,80.2,NA,NA,NO_EVENT,NA,NA,NA,NA,NA,NA,NA,NA,NA,NA
NEG_2978,1:3,0,4,Ri-Bhoi Block,25.997906,92.226520,6870.1,1134.92,20.00,73.55,0.001709,-0.000738,5.6794,26.5165,10,Tree cover,0.828,35.2,46.0,1.36,5.0,Metamorphic,MT,1605.3,916.1,NA,NA,NO_EVENT,NA,NA,NA,NA,NA,NA,NA,NA,NA,NA
NEG_2979,1:3,0,4,Ri-Bhoi Block,25.650540,91.847476,994.6,1745.40,33.36,295.54,-0.001756,-0.000870,3.9738,46.3746,60,Bare / sparse vegetation,0.272,27.2,38.4,1.29,4.3,Metamorphic,MT,11.3,2099.4,NA,NA,NO_EVENT,NA,NA,NA,NA,NA,NA,NA,NA,NA,NA
NEG_2980,1:3,0,1,Garo Hills Block,26.089407,90.076519,47771.2,40.90,35.03,192.40,0.003846,-0.000596,4.1410,58.3661,10,Tree cover,0.869,22.5,52.0,1.43,5.3,Mixed Sedimentary,SM,4139.9,1523.6,NA,NA,NO_EVENT,NA,NA,NA,NA,NA,NA,NA,NA,NA,NA
NEG_2981,1:3,0,1,Garo Hills Block,25.740624,90.664363,16068.4,155.41,18.18,214.99,-0.000122,-0.002614,5.4644,39.3244,10,Tree cover,0.700,30.2,52.9,1.33,5.1,Mixed Sedimentary,SM,352.1,338.0,NA,NA,NO_EVENT,NA,NA,NA,NA,NA,NA,NA,NA,NA,NA
NEG_2982,1:3,0,4,Ri-Bhoi Block,25.711298,91.653252,1528.0,1464.30,28.76,325.23,-0.002105,-0.000863,4.5083,52.2694,10,Tree cover,0.685,27.7,41.6,1.28,4.5,Metamorphic,MT,1493.2,1368.2,NA,NA,NO_EVENT,NA,NA,NA,NA,NA,NA,NA,NA,NA,NA
NEG_2983,1:3,0,1,Garo Hills Block,25.185733,90.430577,20468.3,88.38,20.74,29.59,0.001837,0.000676,5.5430,22.2113,10,Tree cover,0.824,29.8,46.6,1.44,4.8,Mixed Sedimentary,SM,1982.2,2000.3,NA,NA,NO_EVENT,NA,NA,NA,NA,NA,NA,NA,NA,NA,NA
NEG_2984,1:3,0,1,Garo Hills Block,25.691360,90.191101,2622.7,25.00,22.98,213.69,0.003116,0.000397,4.9048,43.9738,10,Tree cover,0.675,29.4,47.4,1.32,5.1,Mixed Sedimentary,SM,71.0,771.6,NA,NA,NO_EVENT,NA,NA,NA,NA,NA,NA,NA,NA,NA,NA
NEG_2985,1:3,0,5,Jaintia Hills Block,25.306395,92.347499,2751.4,1085.60,21.87,44.94,0.004322,0.000407,5.6449,43.3883,10,Tree cover,0.771,25.8,47.9,1.41,4.9,Siliciclastic Sedimentary,SS,1540.1,527.5,NA,NA,NO_EVENT,NA,NA,NA,NA,NA,NA,NA,NA,NA,NA
NEG_2986,1:3,0,2,West Khasi Block,25.373259,91.288583,6222.6,1059.81,19.78,110.45,-0.000203,-0.002858,5.6863,38.8938,10,Tree cover,0.730,34.5,42.8,1.38,4.8,Metamorphic,MT,1620.0,2730.7,NA,NA,NO_EVENT,NA,NA,NA,NA,NA,NA,NA,NA,NA,NA
NEG_2987,1:3,0,1,Garo Hills Block,26.036432,90.492805,27906.2,25.00,24.62,20.93,-0.002633,0.000903,5.1817,37.4451,10,Tree cover,0.830,22.8,49.3,1.42,4.8,Mixed Sedimentary,SM,390.3,4759.6,NA,NA,NO_EVENT,NA,NA,NA,NA,NA,NA,NA,NA,NA,NA
NEG_2988,1:3,0,3,East Khasi Block,25.440796,91.649696,4169.2,1494.46,35.34,5.27,-0.002581,0.000389,4.1972,34.6493,10,Tree cover,0.848,32.6,41.7,1.36,4.5,Metamorphic,MT,638.1,948.0,NA,NA,NO_EVENT,NA,NA,NA,NA,NA,NA,NA,NA,NA,NA
NEG_2989,1:3,0,4,Ri-Bhoi Block,25.835766,92.550043,26722.9,760.38,23.75,113.60,-0.000153,-0.000877,5.3718,28.6855,10,Tree cover,0.759,31.4,38.5,1.30,4.5,Metamorphic,MT,959.1,905.2,NA,NA,NO_EVENT,NA,NA,NA,NA,NA,NA,NA,NA,NA,NA
NEG_2990,1:3,0,4,Ri-Bhoi Block,26.008711,92.168752,8748.6,1152.13,27.19,120.36,-0.000064,-0.002958,5.0716,32.3342,10,Tree cover,0.829,35.2,46.9,1.36,5.1,Metamorphic,MT,456.7,2871.3,NA,NA,NO_EVENT,NA,NA,NA,NA,NA,NA,NA,NA,NA,NA
NEG_2991,1:3,0,1,Garo Hills Block,25.266597,89.875668,22541.9,78.00,27.31,45.21,0.000808,-0.001785,5.2045,43.2408,10,Tree cover,0.793,27.3,49.8,1.42,5.3,Mixed Sedimentary,SM,843.9,3156.0,NA,NA,NO_EVENT,NA,NA,NA,NA,NA,NA,NA,NA,NA,NA
NEG_2992,1:3,0,1,Garo Hills Block,25.434476,90.231724,7380.4,40.63,27.90,170.94,0.004721,-0.000118,4.8176,32.8131,10,Tree cover,0.694,22.5,45.8,1.37,5.1,Mixed Sedimentary,SM,1320.8,3086.4,NA,NA,NO_EVENT,NA,NA,NA,NA,NA,NA,NA,NA,NA,NA
NEG_2993,1:3,0,4,Ri-Bhoi Block,25.787219,91.816448,5847.7,1503.29,19.60,20.75,0.001399,0.002114,5.5354,35.6434,10,Tree cover,0.728,29.7,38.1,1.29,4.3,Metamorphic,MT,775.1,2709.8,NA,NA,NO_EVENT,NA,NA,NA,NA,NA,NA,NA,NA,NA,NA
NEG_2994,1:3,0,5,Jaintia Hills Block,25.067489,92.351611,1474.6,825.44,27.49,328.57,0.004796,0.000050,4.5579,26.2018,10,Tree cover,0.821,29.5,48.1,1.44,4.9,Siliciclastic Sedimentary,SS,118.1,465.4,NA,NA,NO_EVENT,NA,NA,NA,NA,NA,NA,NA,NA,NA,NA
NEG_2995,1:3,0,2,West Khasi Block,25.288643,91.118293,4647.0,724.53,30.00,45.21,0.003274,-0.000651,5.0000,50.3603,10,Tree cover,0.782,26.4,49.1,1.42,5.1,Siliciclastic Sedimentary,SS,2305.5,1531.1,NA,NA,NO_EVENT,NA,NA,NA,NA,NA,NA,NA,NA,NA,NA
NEG_2996,1:3,0,4,Ri-Bhoi Block,25.741368,91.109727,5246.6,706.30,25.00,348.92,-0.002354,-0.000234,4.9217,47.2700,10,Tree cover,0.701,28.3,38.1,1.28,4.5,Metamorphic,MT,1099.0,6915.8,NA,NA,NO_EVENT,NA,NA,NA,NA,NA,NA,NA,NA,NA,NA
NEG_2997,1:3,0,1,Garo Hills Block,25.496591,90.000165,4230.3,25.00,26.27,277.72,0.001309,0.001659,4.7077,19.6496,10,Tree cover,0.665,23.0,53.1,1.35,5.4,Mixed Sedimentary,SM,251.7,687.3,NA,NA,NO_EVENT,NA,NA,NA,NA,NA,NA,NA,NA,NA,NA
NEG_2998,1:3,0,5,Jaintia Hills Block,25.453559,92.132786,3728.8,1469.96,35.28,185.70,-0.004249,-0.000252,4.1510,30.5231,10,Tree cover,0.843,32.2,46.8,1.36,4.8,Metamorphic,MT,416.6,3028.4,NA,NA,NO_EVENT,NA,NA,NA,NA,NA,NA,NA,NA,NA,NA
NEG_2999,1:3,0,4,Ri-Bhoi Block,26.008390,91.061166,19867.5,484.86,24.83,34.54,-0.000215,0.002694,5.2615,31.0143,10,Tree cover,0.829,35.2,38.5,1.36,4.5,Metamorphic,MT,767.1,2190.6,NA,NA,NO_EVENT,NA,NA,NA,NA,NA,NA,NA,NA,NA,NA
NEG_3000,1:3,0,3,East Khasi Block,25.477473,91.943013,6053.7,1690.31,30.30,211.46,0.001731,-0.001822,4.4556,23.0966,10,Tree cover,0.673,31.4,41.1,1.35,4.5,Metamorphic,MT,267.5,57.5,NA,NA,NO_EVENT,NA,NA,NA,NA,NA,NA,NA,NA,NA,NA
NEG_3001,1:3,0,1,Garo Hills Block,26.038194,90.614536,32655.1,97.63,31.26,60.74,0.002894,-0.000651,4.6439,43.1887,10,Tree cover,0.830,22.8,53.0,1.42,5.0,Mixed Sedimentary,SM,150.6,2221.8,NA,NA,NO_EVENT,NA,NA,NA,NA,NA,NA,NA,NA,NA,NA
NEG_3002,1:3,0,5,Jaintia Hills Block,25.495356,92.227718,4469.9,1293.81,24.64,295.08,0.001710,-0.000657,4.8425,19.6799,10,Tree cover,0.666,30.7,46.0,1.34,5.0,Metamorphic,MT,805.5,1131.7,NA,NA,NO_EVENT,NA,NA,NA,NA,NA,NA,NA,NA,NA,NA
NEG_3003,1:3,0,1,Garo Hills Block,25.678469,90.137288,4382.8,25.00,28.21,217.29,-0.002701,0.001123,4.4491,47.9463,10,Tree cover,0.670,29.0,49.8,1.32,5.2,Mixed Sedimentary,SM,302.5,3834.8,NA,NA,NO_EVENT,NA,NA,NA,NA,NA,NA,NA,NA,NA,NA
NEG_3004,1:3,0,1,Garo Hills Block,25.697951,90.369576,5433.3,90.40,28.85,308.47,-0.004536,0.000009,4.4560,51.3761,10,Tree cover,0.678,29.5,44.6,1.32,4.8,Mixed Sedimentary,SM,1107.7,4801.0,NA,NA,NO_EVENT,NA,NA,NA,NA,NA,NA,NA,NA,NA,NA
NEG_3005,1:3,0,2,West Khasi Block,25.571033,91.413765,5084.4,1248.20,22.26,223.48,0.000818,-0.000113,4.8407,21.3989,10,Tree cover,0.650,28.3,46.6,1.31,5.1,Metamorphic,MT,245.9,1016.9,NA,NA,NO_EVENT,NA,NA,NA,NA,NA,NA,NA,NA,NA,NA
NEG_3006,1:3,0,4,Ri-Bhoi Block,25.966300,91.210608,13554.7,780.93,15.02,60.44,0.003939,-0.000618,6.1529,20.5457,10,Tree cover,0.821,35.0,39.9,1.35,4.6,Metamorphic,MT,503.3,575.0,NA,NA,NO_EVENT,NA,NA,NA,NA,NA,NA,NA,NA,NA,NA
NEG_3007,1:3,0,1,Garo Hills Block,25.321798,90.504447,16395.8,25.00,18.59,44.53,-0.003936,-0.000026,5.8925,40.2322,10,Tree cover,0.762,25.2,49.8,1.41,4.8,Mixed Sedimentary,SM,1766.5,2621.8,NA,NA,NO_EVENT,NA,NA,NA,NA,NA,NA,NA,NA,NA,NA
NEG_3008,1:3,0,1,Garo Hills Block,25.964192,90.321583,22705.1,112.67,24.11,89.49,-0.003366,0.000744,5.4295,21.7526,10,Tree cover,0.821,24.7,44.1,1.40,4.9,Mixed Sedimentary,SM,935.1,4048.9,NA,NA,NO_EVENT,NA,NA,NA,NA,NA,NA,NA,NA,NA,NA
NEG_3009,1:3,0,1,Garo Hills Block,25.479938,90.370878,8804.5,25.00,30.09,325.96,-0.003027,-0.000993,4.4630,22.5770,10,Tree cover,0.672,22.7,44.7,1.35,4.8,Mixed Sedimentary,SM,3588.6,3873.2,NA,NA,NO_EVENT,NA,NA,NA,NA,NA,NA,NA,NA,NA,NA
NEG_3010,1:3,0,4,Ri-Bhoi Block,25.855168,91.246837,7710.2,789.40,25.83,78.56,-0.003302,-0.000774,5.2569,25.2229,10,Tree cover,0.770,32.1,41.2,1.31,4.7,Metamorphic,MT,3430.6,5848.2,NA,NA,NO_EVENT,NA,NA,NA,NA,NA,NA,NA,NA,NA,NA
NEG_3011,1:3,0,1,Garo Hills Block,25.399235,90.901354,4972.8,503.76,26.85,135.05,-0.000735,0.002558,5.0355,41.0953,10,Tree cover,0.714,22.9,44.6,1.38,5.4,Mixed Sedimentary,SM,1276.2,8718.9,NA,NA,NO_EVENT,NA,NA,NA,NA,NA,NA,NA,NA,NA,NA
NEG_3012,1:3,0,4,Ri-Bhoi Block,25.940391,91.489011,5970.1,1069.29,16.43,128.41,0.004818,-0.000099,6.0757,18.6182,10,Tree cover,0.813,34.5,46.7,1.34,5.1,Metamorphic,MT,1966.2,2125.1,NA,NA,NO_EVENT,NA,NA,NA,NA,NA,NA,NA,NA,NA,NA
NEG_3013,1:3,0,4,Ri-Bhoi Block,25.795297,92.535967,22021.4,818.53,17.04,115.47,-0.001414,0.001823,5.7711,32.1552,10,Tree cover,0.733,29.9,38.3,1.29,4.5,Metamorphic,MT,612.7,842.0,NA,NA,NO_EVENT,NA,NA,NA,NA,NA,NA,NA,NA,NA,NA
NEG_3014,1:3,0,1,Garo Hills Block,25.993881,90.801953,29895.6,134.60,23.04,143.86,-0.000548,0.002602,5.4474,26.9680,10,Tree cover,0.827,23.7,48.2,1.41,5.4,Mixed Sedimentary,SM,378.8,1188.4,NA,NA,NO_EVENT,NA,NA,NA,NA,NA,NA,NA,NA,NA,NA
NEG_3015,1:3,0,1,Garo Hills Block,26.048647,89.875871,51949.8,25.00,27.63,15.21,0.003115,-0.001131,4.8946,42.7769,10,Tree cover,0.829,22.6,49.8,1.42,5.3,Mixed Sedimentary,SM,783.8,4240.8,NA,NA,NO_EVENT,NA,NA,NA,NA,NA,NA,NA,NA,NA,NA
NEG_3016,1:3,0,5,Jaintia Hills Block,25.426982,92.532187,6708.4,952.82,25.24,121.77,0.002022,-0.001272,5.0599,33.2126,10,Tree cover,0.698,33.1,38.3,1.37,4.5,Metamorphic,MT,1400.3,195.6,NA,NA,NO_EVENT,NA,NA,NA,NA,NA,NA,NA,NA,NA,NA
NEG_3017,1:3,0,1,Garo Hills Block,25.316608,90.632898,8645.8,117.10,22.46,88.78,0.003687,-0.000232,5.5889,44.6841,10,Tree cover,0.765,25.4,53.1,1.41,5.0,Mixed Sedimentary,SM,1710.3,2708.3,NA,NA,NO_EVENT,NA,NA,NA,NA,NA,NA,NA,NA,NA,NA
NEG_3018,1:3,0,3,East Khasi Block,25.346832,91.667556,1780.9,1420.72,22.14,47.03,0.000412,0.001782,5.5655,44.0364,10,Tree cover,0.746,34.9,41.0,1.38,4.4,Metamorphic,MT,1659.9,38.4,NA,NA,NO_EVENT,NA,NA,NA,NA,NA,NA,NA,NA,NA,NA
NEG_3019,1:3,0,5,Jaintia Hills Block,25.493399,92.016541,4311.0,1697.62,21.10,205.29,0.001428,0.001912,5.1326,19.6275,10,Tree cover,0.667,30.8,44.0,1.34,4.6,Metamorphic,MT,716.2,353.5,NA,NA,NO_EVENT,NA,NA,NA,NA,NA,NA,NA,NA,NA,NA
NEG_3020,1:3,0,4,Ri-Bhoi Block,25.986503,91.856308,913.1,1301.37,22.99,65.98,-0.003000,0.000231,5.4709,25.4613,10,Tree cover,0.826,35.1,38.6,1.36,4.5,Metamorphic,MT,346.9,3775.6,NA,NA,NO_EVENT,NA,NA,NA,NA,NA,NA,NA,NA,NA,NA
NEG_3021,1:3,0,5,Jaintia Hills Block,25.240824,92.644680,9217.9,751.62,34.54,137.06,-0.001537,-0.001877,4.5897,41.9956,10,Tree cover,0.805,28.2,50.0,1.43,5.4,Siliciclastic Sedimentary,SS,8796.5,390.3,NA,NA,NO_EVENT,NA,NA,NA,NA,NA,NA,NA,NA,NA,NA
NEG_3022,1:3,0,1,Garo Hills Block,25.305652,90.257178,7130.9,52.79,22.48,121.03,-0.003334,0.000790,5.5966,44.0386,10,Tree cover,0.772,25.8,45.0,1.41,5.0,Mixed Sedimentary,SM,2035.5,1051.1,NA,NA,NO_EVENT,NA,NA,NA,NA,NA,NA,NA,NA,NA,NA
NEG_3023,1:3,0,2,West Khasi Block,25.117165,91.518320,4664.2,1070.20,15.18,195.56,-0.001212,-0.002137,5.7235,18.2814,10,Tree cover,0.829,30.3,44.9,1.44,5.0,Siliciclastic Sedimentary,SS,504.2,365.6,NA,NA,NO_EVENT,NA,NA,NA,NA,NA,NA,NA,NA,NA,NA
NEG_3024,1:3,0,1,Garo Hills Block,25.142863,90.223266,12407.8,51.33,15.79,173.04,0.001248,0.000238,5.7772,18.1240,10,Tree cover,0.830,30.3,46.1,1.44,5.1,Mixed Sedimentary,SM,1832.8,1745.1,NA,NA,NO_EVENT,NA,NA,NA,NA,NA,NA,NA,NA,NA,NA
NEG_3025,1:3,0,1,Garo Hills Block,25.344033,90.659042,6472.4,183.09,17.70,105.57,0.000766,0.001592,5.9266,38.9379,10,Tree cover,0.748,24.4,53.0,1.40,5.1,Mixed Sedimentary,SM,140.1,2083.6,NA,NA,NO_EVENT,NA,NA,NA,NA,NA,NA,NA,NA,NA,NA
NEG_3026,1:3,0,4,Ri-Bhoi Block,25.672579,92.291073,10771.0,1238.18,25.37,314.24,0.000886,-0.001750,4.6609,43.9642,10,Tree cover,0.668,27.2,43.9,1.28,4.9,Metamorphic,MT,1424.0,4714.8,NA,NA,NO_EVENT,NA,NA,NA,NA,NA,NA,NA,NA,NA,NA
NEG_3027,1:3,0,1,Garo Hills Block,25.842258,90.600578,17091.5,25.00,34.11,65.09,0.004470,-0.000098,4.5615,31.3198,10,Tree cover,0.763,29.1,52.8,1.35,5.0,Mixed Sedimentary,SM,490.0,599.4,NA,NA,NO_EVENT,NA,NA,NA,NA,NA,NA,NA,NA,NA,NA
NEG_3028,1:3,0,5,Jaintia Hills Block,25.284935,92.745664,5782.3,584.15,25.49,127.75,-0.003046,0.000344,5.3603,44.9273,10,Tree cover,0.784,26.6,45.7,1.42,5.4,Siliciclastic Sedimentary,SS,5214.8,88.1,NA,NA,NO_EVENT,NA,NA,NA,NA,NA,NA,NA,NA,NA,NA
NEG_3029,1:3,0,5,Jaintia Hills Block,25.028895,92.483148,3947.8,789.23,30.70,292.64,-0.002571,-0.000341,4.1994,38.0892,10,Tree cover,0.807,28.4,52.8,1.43,5.2,Siliciclastic Sedimentary,SS,1123.8,546.3,NA,NA,NO_EVENT,NA,NA,NA,NA,NA,NA,NA,NA,NA,NA
NEG_3030,1:3,0,5,Jaintia Hills Block,25.235707,92.689217,8279.8,707.47,35.78,139.19,0.000809,-0.002412,4.4804,41.1120,10,Tree cover,0.854,28.4,48.1,1.43,5.4,Siliciclastic Sedimentary,SS,7904.7,759.4,NA,NA,NO_EVENT,NA,NA,NA,NA,NA,NA,NA,NA,NA,NA
NEG_3031,1:3,0,2,West Khasi Block,25.389692,91.143073,9066.7,736.91,27.30,30.13,-0.000423,0.002367,5.0326,43.6448,10,Tree cover,0.720,34.1,38.3,1.37,4.5,Metamorphic,MT,4456.1,326.5,NA,NA,NO_EVENT,NA,NA,NA,NA,NA,NA,NA,NA,NA,NA
NEG_3032,1:3,0,4,Ri-Bhoi Block,25.783690,91.592391,5321.8,1295.67,23.45,56.40,0.002457,0.001012,5.2138,39.7853,10,Tree cover,0.726,29.6,44.0,1.29,4.9,Metamorphic,MT,2133.3,1180.6,NA,NA,NO_EVENT,NA,NA,NA,NA,NA,NA,NA,NA,NA,NA
NEG_3033,1:3,0,2,West Khasi Block,25.363374,91.489184,1273.1,1227.37,15.31,136.17,-0.002445,-0.000390,6.0718,35.0243,10,Tree cover,0.736,25.8,51.6,1.32,4.7,Plutonic Acidic,PA,1019.4,3200.9,NA,NA,NO_EVENT,NA,NA,NA,NA,NA,NA,NA,NA,NA,NA
NEG_3034,1:3,0,1,Garo Hills Block,25.809163,89.929122,25359.1,43.56,19.24,33.47,-0.001896,-0.000987,5.6459,31.5291,10,Tree cover,0.742,29.9,51.8,1.34,5.4,Mixed Sedimentary,SM,3859.4,2008.9,NA,NA,NO_EVENT,NA,NA,NA,NA,NA,NA,NA,NA,NA,NA
NEG_3035,1:3,0,2,West Khasi Block,25.032095,91.197104,19023.1,668.92,28.09,306.02,-0.001891,-0.001857,4.4148,35.5202,10,Tree cover,0.809,28.5,52.2,1.43,4.9,Siliciclastic Sedimentary,SS,196.1,254.8,NA,NA,NO_EVENT,NA,NA,NA,NA,NA,NA,NA,NA,NA,NA
NEG_3036,1:3,0,3,East Khasi Block,25.162384,91.826250,5256.1,1289.75,21.23,25.67,-0.002233,-0.001660,5.4184,19.4060,10,Tree cover,0.828,30.1,52.2,1.44,5.4,Siliciclastic Sedimentary,SS,106.1,515.5,NA,NA,NO_EVENT,NA,NA,NA,NA,NA,NA,NA,NA,NA,NA
NEG_3037,1:3,0,2,West Khasi Block,25.251177,91.120196,5647.4,764.00,35.22,43.09,-0.000844,-0.001013,4.5529,45.8630,10,Tree cover,0.859,27.9,49.2,1.43,5.1,Siliciclastic Sedimentary,SS,412.5,1772.4,NA,NA,NO_EVENT,NA,NA,NA,NA,NA,NA,NA,NA,NA,NA
NEG_3038,1:3,0,2,West Khasi Block,25.233485,91.472875,2634.2,1166.19,26.90,135.66,0.002821,-0.000621,5.1862,34.8031,10,Tree cover,0.809,28.5,46.3,1.43,4.9,Siliciclastic Sedimentary,SS,1414.9,1219.7,NA,NA,NO_EVENT,NA,NA,NA,NA,NA,NA,NA,NA,NA,NA
NEG_3039,1:3,0,1,Garo Hills Block,25.145338,89.870476,32479.1,64.36,18.49,7.32,-0.001342,0.001425,5.5711,18.2246,10,Tree cover,0.830,30.3,49.5,1.44,5.3,Mixed Sedimentary,SM,395.7,1038.2,NA,NA,NO_EVENT,NA,NA,NA,NA,NA,NA,NA,NA,NA,NA
NEG_3040,1:3,0,5,Jaintia Hills Block,25.075222,92.710488,17336.4,449.91,29.39,209.94,-0.003683,0.000266,4.4312,24.9552,10,Tree cover,0.823,29.7,47.1,1.44,5.4,Siliciclastic Sedimentary,SS,8034.7,645.4,NA,NA,NO_EVENT,NA,NA,NA,NA,NA,NA,NA,NA,NA,NA
NEG_3041,1:3,0,3,East Khasi Block,25.173669,91.960859,4698.6,1299.68,22.52,148.07,0.003464,0.000913,5.3576,20.7951,10,Tree cover,0.826,30.0,52.1,1.44,5.2,Siliciclastic Sedimentary,SS,153.3,362.6,NA,NA,NO_EVENT,NA,NA,NA,NA,NA,NA,NA,NA,NA,NA
NEG_3042,1:3,0,1,Garo Hills Block,25.093360,90.129889,19822.6,25.00,22.07,202.13,0.003117,0.001101,5.0809,20.5428,10,Tree cover,0.827,30.0,50.1,1.44,5.3,Mixed Sedimentary,SM,1875.9,1048.3,NA,NA,NO_EVENT,NA,NA,NA,NA,NA,NA,NA,NA,NA,NA
NEG_3043,1:3,0,4,Ri-Bhoi Block,26.047707,92.681748,18821.5,484.62,34.04,164.79,-0.000459,-0.001891,4.3855,48.2566,10,Tree cover,0.829,34.9,42.7,1.37,4.8,Metamorphic,MT,40.2,2212.3,NA,NA,NO_EVENT,NA,NA,NA,NA,NA,NA,NA,NA,NA,NA
NEG_3044,1:3,0,4,Ri-Bhoi Block,25.861977,91.636411,5265.3,1266.65,35.90,56.69,0.002238,0.001554,4.4666,26.1268,10,Tree cover,0.784,32.3,42.2,1.31,4.8,Metamorphic,MT,747.6,5522.2,NA,NA,NO_EVENT,NA,NA,NA,NA,NA,NA,NA,NA,NA,NA
NEG_3045,1:3,0,1,Garo Hills Block,25.511357,90.886345,7547.1,432.49,25.54,225.66,0.000143,-0.002123,4.7165,18.3874,10,Tree cover,0.661,23.3,45.0,1.34,5.4,Mixed Sedimentary,SM,387.7,4539.1,NA,NA,NO_EVENT,NA,NA,NA,NA,NA,NA,NA,NA,NA,NA
NEG_3046,1:3,0,4,Ri-Bhoi Block,26.042855,91.638872,7731.1,1099.03,33.27,28.88,0.002523,-0.001481,4.4656,46.1863,10,Tree cover,0.830,35.0,42.1,1.37,4.8,Metamorphic,MT,3805.0,4349.0,NA,NA,NO_EVENT,NA,NA,NA,NA,NA,NA,NA,NA,NA,NA
NEG_3047,1:3,0,1,Garo Hills Block,25.645398,90.507298,12770.5,25.00,29.51,316.27,0.000917,-0.001951,4.2730,41.7529,10,Tree cover,0.659,28.0,49.9,1.32,4.8,Mixed Sedimentary,SM,4754.5,2579.5,NA,NA,NO_EVENT,NA,NA,NA,NA,NA,NA,NA,NA,NA,NA
NEG_3048,1:3,0,5,Jaintia Hills Block,25.070434,92.682825,20169.2,460.77,31.72,210.31,-0.000728,0.000039,4.2290,26.6997,10,Tree cover,0.822,29.6,48.3,1.44,5.4,Siliciclastic Sedimentary,SS,8741.2,173.4,NA,NA,NO_EVENT,NA,NA,NA,NA,NA,NA,NA,NA,NA,NA
NEG_3049,1:3,0,2,West Khasi Block,25.358834,91.149897,7600.2,739.85,22.23,40.40,0.001357,0.002151,5.5301,43.1939,10,Tree cover,0.739,34.8,38.4,1.38,4.5,Metamorphic,MT,5088.4,1969.8,NA,NA,NO_EVENT,NA,NA,NA,NA,NA,NA,NA,NA,NA,NA
NEG_3050,1:3,0,5,Jaintia Hills Block,25.143811,92.352619,1673.4,995.82,19.67,6.34,-0.001322,-0.000728,5.4706,18.1846,10,Tree cover,0.830,39.0,32.0,1.32,5.5,Carbonate Sedimentary,SC,1676.3,2558.6,NA,NA,NO_EVENT,NA,NA,NA,NA,NA,NA,NA,NA,NA,NA
NEG_3051,1:3,0,5,Jaintia Hills Block,25.049842,92.343672,3462.6,816.63,29.03,323.09,0.003891,0.000665,4.3827,31.2030,10,Tree cover,0.815,29.0,47.7,1.43,4.9,Siliciclastic Sedimentary,SS,214.5,530.4,NA,NA,NO_EVENT,NA,NA,NA,NA,NA,NA,NA,NA,NA,NA
NEG_3052,1:3,0,5,Jaintia Hills Block,25.171508,92.504021,8721.1,771.71,19.96,67.30,0.003815,-0.000643,5.5544,20.2308,10,Tree cover,0.827,30.0,53.0,1.44,5.2,Siliciclastic Sedimentary,SS,3088.0,200.2,NA,NA,NO_EVENT,NA,NA,NA,NA,NA,NA,NA,NA,NA,NA
NEG_3053,1:3,0,1,Garo Hills Block,25.808154,90.302244,13937.9,25.00,28.57,112.12,0.001460,0.001091,4.8959,38.3620,10,Tree cover,0.741,29.9,44.2,1.34,4.9,Mixed Sedimentary,SM,4084.6,9604.2,NA,NA,NO_EVENT,NA,NA,NA,NA,NA,NA,NA,NA,NA,NA
NEG_3054,1:3,0,1,Garo Hills Block,25.631083,90.753602,3873.8,237.43,26.50,226.10,-0.000441,-0.001709,4.4946,35.7954,10,Tree cover,0.655,27.4,50.3,1.32,5.3,Mixed Sedimentary,SM,1636.0,3107.5,NA,NA,NO_EVENT,NA,NA,NA,NA,NA,NA,NA,NA,NA,NA
NEG_3055,1:3,0,5,Jaintia Hills Block,25.212492,92.420506,4908.7,992.31,34.35,40.49,-0.000585,-0.001221,4.5382,32.6220,10,Tree cover,0.816,41.5,31.4,1.34,5.6,Carbonate Sedimentary,SC,762.2,410.2,NA,NA,NO_EVENT,NA,NA,NA,NA,NA,NA,NA,NA,NA,NA
NEG_3056,1:3,0,2,West Khasi Block,25.455805,91.015558,4112.4,629.01,27.95,351.79,0.003123,0.000509,4.7284,27.3758,10,Tree cover,0.683,32.1,39.5,1.36,4.6,Metamorphic,MT,4153.4,75.3,NA,NA,NO_EVENT,NA,NA,NA,NA,NA,NA,NA,NA,NA,NA
NEG_3057,1:3,0,1,Garo Hills Block,25.203478,90.968350,7380.0,406.77,23.21,73.60,0.004677,-0.000176,5.4031,26.0068,10,Tree cover,0.819,29.4,44.2,1.43,5.3,Mixed Sedimentary,SM,1758.2,453.7,NA,NA,NO_EVENT,NA,NA,NA,NA,NA,NA,NA,NA,NA,NA
NEG_3058,1:3,0,1,Garo Hills Block,25.961346,90.907543,20242.9,415.34,19.50,113.97,-0.001201,-0.000844,5.8032,20.6862,10,Tree cover,0.820,24.8,44.5,1.40,5.4,Mixed Sedimentary,SM,655.3,4961.5,NA,NA,NO_EVENT,NA,NA,NA,NA,NA,NA,NA,NA,NA,NA
NEG_3059,1:3,0,4,Ri-Bhoi Block,26.047732,92.686242,18389.1,479.84,33.95,164.75,-0.000887,-0.001852,4.3926,48.1838,10,Tree cover,0.829,34.9,42.9,1.37,4.8,Metamorphic,MT,320.2,2221.8,NA,NA,NO_EVENT,NA,NA,NA,NA,NA,NA,NA,NA,NA,NA
NEG_3060,1:3,0,1,Garo Hills Block,25.176491,90.340799,15334.9,25.00,27.90,64.87,-0.004262,-0.000387,4.9375,21.9364,10,Tree cover,0.826,29.9,44.2,1.44,4.9,Mixed Sedimentary,SM,56.2,638.5,NA,NA,NO_EVENT,NA,NA,NA,NA,NA,NA,NA,NA,NA,NA
NEG_3061,1:3,0,1,Garo Hills Block,25.951688,90.997921,14499.4,522.67,15.65,63.59,0.004528,0.000067,6.1257,19.3206,10,Tree cover,0.817,25.1,44.6,1.39,5.3,Mixed Sedimentary,SM,27.0,1607.8,NA,NA,NO_EVENT,NA,NA,NA,NA,NA,NA,NA,NA,NA,NA
NEG_3062,1:3,0,1,Garo Hills Block,25.024724,90.635309,20628.8,115.65,32.47,269.77,0.001496,-0.001935,4.0496,40.5374,10,Tree cover,0.805,28.2,53.1,1.43,5.1,Mixed Sedimentary,SM,188.8,260.1,NA,NA,NO_EVENT,NA,NA,NA,NA,NA,NA,NA,NA,NA,NA
NEG_3063,1:3,0,4,Ri-Bhoi Block,25.665439,92.237761,8083.3,1387.93,28.58,291.07,0.003412,-0.000033,4.3868,45.7857,10,Tree cover,0.665,27.2,45.7,1.28,5.0,Metamorphic,MT,1265.6,4445.8,NA,NA,NO_EVENT,NA,NA,NA,NA,NA,NA,NA,NA,NA,NA
NEG_3064,1:3,0,1,Garo Hills Block,25.164060,90.137151,12710.6,87.96,19.96,162.29,-0.002173,0.001675,5.5264,19.4724,10,Tree cover,0.828,30.1,49.8,1.44,5.2,Mixed Sedimentary,SM,166.4,1658.2,NA,NA,NO_EVENT,NA,NA,NA,NA,NA,NA,NA,NA,NA,NA
NEG_3065,1:3,0,4,Ri-Bhoi Block,26.015860,92.091003,5008.8,1081.80,24.12,148.47,0.000378,0.001465,5.2941,32.3669,10,Tree cover,0.830,35.2,46.2,1.37,5.1,Metamorphic,MT,1174.6,2324.6,NA,NA,NO_EVENT,NA,NA,NA,NA,NA,NA,NA,NA,NA,NA
NEG_3066,1:3,0,4,Ri-Bhoi Block,25.656962,92.146020,2225.3,1475.84,35.92,236.91,-0.001669,0.001956,3.7812,50.5132,10,Tree cover,0.758,27.2,46.9,1.29,4.8,Metamorphic,MT,762.2,474.6,NA,NA,NO_EVENT,NA,NA,NA,NA,NA,NA,NA,NA,NA,NA
NEG_3067,1:3,0,5,Jaintia Hills Block,25.483163,92.113290,4037.4,1525.74,30.64,203.96,-0.003079,-0.000106,4.4069,22.0481,10,Tree cover,0.671,31.2,46.6,1.35,4.8,Metamorphic,MT,731.0,667.1,NA,NA,NO_EVENT,NA,NA,NA,NA,NA,NA,NA,NA,NA,NA
NEG_3068,1:3,0,1,Garo Hills Block,25.421547,90.544488,14999.5,35.25,32.40,17.70,-0.000381,-0.001769,4.5083,39.2161,10,Tree cover,0.701,22.6,51.4,1.37,4.9,Mixed Sedimentary,SM,5055.2,3780.6,NA,NA,NO_EVENT,NA,NA,NA,NA,NA,NA,NA,NA,NA,NA
NEG_3069,1:3,0,4,Ri-Bhoi Block,25.807334,91.080000,3112.0,732.29,27.96,24.80,0.003631,0.000735,4.9418,38.1431,10,Tree cover,0.741,30.4,38.2,1.29,4.5,Metamorphic,MT,2344.0,110.1,NA,NA,NO_EVENT,NA,NA,NA,NA,NA,NA,NA,NA,NA,NA
NEG_3070,1:3,0,1,Garo Hills Block,26.079887,90.865930,33327.9,248.90,35.29,183.61,0.004777,0.000095,4.1581,57.1851,10,Tree cover,0.868,22.5,45.6,1.43,5.4,Mixed Sedimentary,SM,675.4,1700.5,NA,NA,NO_EVENT,NA,NA,NA,NA,NA,NA,NA,NA,NA,NA
NEG_3071,1:3,0,4,Ri-Bhoi Block,26.015466,92.645536,21832.8,531.75,27.32,149.39,0.000272,-0.002113,5.0394,34.1695,10,Tree cover,0.830,35.2,41.3,1.37,4.7,Metamorphic,MT,172.6,234.7,NA,NA,NO_EVENT,NA,NA,NA,NA,NA,NA,NA,NA,NA,NA
NEG_3072,1:3,0,5,Jaintia Hills Block,25.281201,92.234575,3425.9,1214.85,24.69,74.07,-0.002692,-0.000163,5.4233,43.4879,10,Tree cover,0.786,26.7,44.3,1.42,4.8,Siliciclastic Sedimentary,SS,660.6,127.3,NA,NA,NO_EVENT,NA,NA,NA,NA,NA,NA,NA,NA,NA,NA
NEG_3073,1:3,0,5,Jaintia Hills Block,25.487720,92.598450,8793.9,840.41,25.49,209.31,-0.002416,0.000978,4.8020,20.7018,10,Tree cover,0.669,31.0,39.6,1.34,4.6,Metamorphic,MT,2883.0,1550.9,NA,NA,NO_EVENT,NA,NA,NA,NA,NA,NA,NA,NA,NA,NA
NEG_3074,1:3,0,5,Jaintia Hills Block,25.506134,92.070126,1687.4,1648.43,21.70,209.74,-0.000230,0.002568,5.0407,18.6162,10,Tree cover,0.662,30.3,45.7,1.34,4.8,Metamorphic,MT,374.4,845.8,NA,NA,NO_EVENT,NA,NA,NA,NA,NA,NA,NA,NA,NA,NA
NEG_3075,1:3,0,1,Garo Hills Block,25.524325,90.494792,13133.5,125.16,18.35,324.65,-0.001627,0.001151,5.2523,18.0018,10,Tree cover,0.657,23.6,49.4,1.34,4.8,Mixed Sedimentary,SM,2772.4,817.6,NA,NA,NO_EVENT,NA,NA,NA,NA,NA,NA,NA,NA,NA,NA
NEG_3076,1:3,0,2,West Khasi Block,25.235298,91.097565,5929.3,743.57,35.88,40.64,-0.002667,0.000538,4.4716,41.0362,10,Tree cover,0.854,28.4,48.2,1.43,5.1,Siliciclastic Sedimentary,SS,836.3,3358.9,NA,NA,NO_EVENT,NA,NA,NA,NA,NA,NA,NA,NA,NA,NA
NEG_3077,1:3,0,4,Ri-Bhoi Block,25.835934,91.645468,3831.4,1314.59,33.40,47.26,0.002909,0.000705,4.6003,32.9750,10,Tree cover,0.759,31.4,41.9,1.30,4.8,Metamorphic,MT,276.5,3115.8,NA,NA,NO_EVENT,NA,NA,NA,NA,NA,NA,NA,NA,NA,NA
NEG_3078,1:3,0,1,Garo Hills Block,25.763720,90.661095,16998.3,113.59,17.48,174.13,0.000044,-0.002967,5.6122,36.7030,10,Tree cover,0.714,30.3,52.9,1.33,5.1,Mixed Sedimentary,SM,315.9,538.6,NA,NA,NO_EVENT,NA,NA,NA,NA,NA,NA,NA,NA,NA,NA
NEG_3079,1:3,0,1,Garo Hills Block,25.539950,89.935406,4609.1,33.13,14.44,309.18,-0.001866,-0.001832,5.5240,18.2324,40,Cropland,0.512,24.1,52.0,1.33,5.4,Mixed Sedimentary,SM,544.3,2665.3,NA,NA,NO_EVENT,NA,NA,NA,NA,NA,NA,NA,NA,NA,NA
NEG_3080,1:3,0,4,Ri-Bhoi Block,25.902935,92.819171,12044.2,421.05,22.83,98.54,-0.000791,-0.002525,5.5690,18.4033,10,Tree cover,0.797,33.6,46.7,1.32,5.1,Metamorphic,MT,39.2,1249.6,NA,NA,NO_EVENT,NA,NA,NA,NA,NA,NA,NA,NA,NA,NA
NEG_3081,1:3,0,1,Garo Hills Block,25.459429,89.833439,16672.1,64.99,33.81,352.78,-0.004376,0.000362,4.2452,28.3011,10,Tree cover,0.681,22.5,47.9,1.36,5.2,Mixed Sedimentary,SM,1051.3,93.5,NA,NA,NO_EVENT,NA,NA,NA,NA,NA,NA,NA,NA,NA,NA
NEG_3082,1:3,0,3,East Khasi Block,25.203376,91.790207,3278.2,1385.73,24.33,37.40,0.000870,0.000572,5.3132,26.3717,10,Tree cover,0.819,29.4,51.0,1.43,5.4,Siliciclastic Sedimentary,SS,312.7,976.6,NA,NA,NO_EVENT,NA,NA,NA,NA,NA,NA,NA,NA,NA,NA
NEG_3083,1:3,0,4,Ri-Bhoi Block,25.681046,92.202987,4551.4,1446.85,31.28,267.80,0.002985,0.000942,4.2106,51.6872,10,Tree cover,0.671,27.3,46.5,1.28,4.8,Metamorphic,MT,1882.2,829.5,NA,NA,NO_EVENT,NA,NA,NA,NA,NA,NA,NA,NA,NA,NA
NEG_3084,1:3,0,5,Jaintia Hills Block,25.294195,92.129077,1947.5,1350.43,28.39,124.78,0.003530,-0.000799,5.1284,49.4812,10,Tree cover,0.778,26.2,45.4,1.41,4.9,Siliciclastic Sedimentary,SS,468.4,673.8,NA,NA,NO_EVENT,NA,NA,NA,NA,NA,NA,NA,NA,NA,NA
NEG_3085,1:3,0,1,Garo Hills Block,25.763023,90.784584,6411.3,290.99,19.69,178.87,-0.000045,0.002945,5.4327,39.1490,10,Tree cover,0.713,30.3,48.9,1.33,5.3,Mixed Sedimentary,SM,2863.7,407.8,NA,NA,NO_EVENT,NA,NA,NA,NA,NA,NA,NA,NA,NA,NA
NEG_3086,1:3,0,1,Garo Hills Block,25.609127,90.249185,4093.7,46.21,25.19,236.68,-0.002576,-0.001274,4.5853,29.6418,10,Tree cover,0.652,26.6,45.2,1.32,5.0,Mixed Sedimentary,SM,689.9,1163.2,NA,NA,NO_EVENT,NA,NA,NA,NA,NA,NA,NA,NA,NA,NA
NEG_3087,1:3,0,5,Jaintia Hills Block,25.508770,92.487652,3596.5,933.15,22.47,298.66,0.000120,-0.000063,4.9704,18.4768,10,Tree cover,0.661,30.2,38.1,1.34,4.5,Metamorphic,MT,2647.8,888.8,NA,NA,NO_EVENT,NA,NA,NA,NA,NA,NA,NA,NA,NA,NA
NEG_3088,1:3,0,5,Jaintia Hills Block,25.474887,92.360678,8005.4,1213.97,30.30,344.56,-0.003820,0.000104,4.4655,23.6299,10,Tree cover,0.674,31.4,41.2,1.35,4.7,Metamorphic,MT,464.3,248.0,NA,NA,NO_EVENT,NA,NA,NA,NA,NA,NA,NA,NA,NA,NA
NEG_3089,1:3,0,1,Garo Hills Block,25.657474,90.385224,982.2,65.75,31.12,304.92,-0.001778,0.001877,4.1663,46.2997,10,Tree cover,0.662,28.4,45.0,1.32,4.8,Mixed Sedimentary,SM,419.6,823.6,NA,NA,NO_EVENT,NA,NA,NA,NA,NA,NA,NA,NA,NA,NA
NEG_3090,1:3,0,2,West Khasi Block,25.647595,91.343249,4925.3,1084.35,34.94,231.65,-0.001407,-0.000999,3.8422,46.8115,10,Tree cover,0.659,27.2,44.8,1.29,5.0,Metamorphic,MT,471.8,8030.5,NA,NA,NO_EVENT,NA,NA,NA,NA,NA,NA,NA,NA,NA,NA
NEG_3091,1:3,0,1,Garo Hills Block,25.450533,90.164873,7125.8,51.17,26.84,182.08,0.000145,-0.000272,4.8383,28.2464,10,Tree cover,0.685,22.5,48.5,1.36,5.2,Mixed Sedimentary,SM,1991.7,331.1,NA,NA,NO_EVENT,NA,NA,NA,NA,NA,NA,NA,NA,NA,NA
NEG_3092,1:3,0,1,Garo Hills Block,25.470045,90.021925,7883.5,25.00,32.76,236.41,0.001642,0.001509,4.2874,25.2281,10,Tree cover,0.676,22.6,53.0,1.35,5.4,Mixed Sedimentary,SM,393.8,284.4,NA,NA,NO_EVENT,NA,NA,NA,NA,NA,NA,NA,NA,NA,NA
NEG_3093,1:3,0,2,West Khasi Block,25.126671,91.068545,7728.9,561.15,22.19,356.27,0.000445,-0.002397,5.2005,18.0628,10,Tree cover,0.830,30.3,46.9,1.44,5.2,Siliciclastic Sedimentary,SS,1272.9,58.7,NA,NA,NO_EVENT,NA,NA,NA,NA,NA,NA,NA,NA,NA,NA
NEG_3094,1:3,0,5,Jaintia Hills Block,25.349812,92.622910,1539.1,735.59,20.50,136.09,0.003687,0.000427,5.6902,41.9302,10,Tree cover,0.745,34.9,40.4,1.38,4.7,Metamorphic,MT,1619.4,6183.1,NA,NA,NO_EVENT,NA,NA,NA,NA,NA,NA,NA,NA,NA,NA
NEG_3095,1:3,0,5,Jaintia Hills Block,25.425762,92.111467,3165.0,1471.42,32.51,165.46,-0.004318,-0.000001,4.4831,37.9751,10,Tree cover,0.698,33.1,46.6,1.37,4.8,Metamorphic,MT,1368.0,199.2,NA,NA,NO_EVENT,NA,NA,NA,NA,NA,NA,NA,NA,NA,NA
NEG_3096,1:3,0,3,East Khasi Block,25.592667,91.947461,3036.6,1729.90,24.14,241.92,-0.002516,0.001183,4.6714,25.6016,10,Tree cover,0.718,27.8,41.3,1.30,4.5,Metamorphic,MT,303.9,3440.9,NA,NA,NO_EVENT,NA,NA,NA,NA,NA,NA,NA,NA,NA,NA
NEG_3097,1:3,0,5,Jaintia Hills Block,25.300925,92.672810,2110.2,667.92,28.01,135.15,0.000455,-0.001451,5.1567,49.9342,10,Tree cover,0.775,26.0,48.8,1.41,5.4,Siliciclastic Sedimentary,SS,2097.1,4126.2,NA,NA,NO_EVENT,NA,NA,NA,NA,NA,NA,NA,NA,NA,NA
NEG_3098,1:3,0,5,Jaintia Hills Block,25.592496,92.335538,3280.2,1226.02,21.30,314.11,0.003409,-0.000904,4.8986,24.6764,10,Tree cover,0.650,27.8,42.2,1.30,4.8,Metamorphic,MT,2880.7,3272.8,NA,NA,NO_EVENT,NA,NA,NA,NA,NA,NA,NA,NA,NA,NA
NEG_3099,1:3,0,1,Garo Hills Block,25.414249,90.105645,5819.2,25.00,30.52,159.01,-0.003400,0.000260,4.6867,40.0981,10,Tree cover,0.705,22.7,51.1,1.37,5.3,Mixed Sedimentary,SM,693.1,1725.3,NA,NA,NO_EVENT,NA,NA,NA,NA,NA,NA,NA,NA,NA,NA
NEG_3100,1:3,0,1,Garo Hills Block,25.747609,89.823667,25005.3,25.37,23.51,352.10,-0.001316,0.001707,5.0656,45.0254,10,Tree cover,0.704,30.3,47.4,1.33,5.2,Mixed Sedimentary,SM,107.5,1710.5,NA,NA,NO_EVENT,NA,NA,NA,NA,NA,NA,NA,NA,NA,NA
NEG_3101,1:3,0,1,Garo Hills Block,25.533316,90.388046,3475.8,26.22,19.67,309.32,0.001737,-0.001947,5.1222,18.0936,10,Tree cover,0.655,23.9,45.1,1.34,4.8,Mixed Sedimentary,SM,1069.4,638.4,NA,NA,NO_EVENT,NA,NA,NA,NA,NA,NA,NA,NA,NA,NA
NEG_3102,1:3,0,4,Ri-Bhoi Block,25.697566,92.787231,27524.2,611.28,22.57,232.73,0.001879,-0.000046,4.9571,44.0795,10,Tree cover,0.678,27.5,46.2,1.28,5.1,Metamorphic,MT,21.2,1324.3,NA,NA,NO_EVENT,NA,NA,NA,NA,NA,NA,NA,NA,NA,NA
NEG_3103,1:3,0,5,Jaintia Hills Block,25.521555,92.293370,5107.1,1285.23,16.40,318.53,-0.000240,0.002831,5.4164,18.0190,10,Tree cover,0.658,29.8,43.8,1.33,4.9,Metamorphic,MT,59.3,1294.2,NA,NA,NO_EVENT,NA,NA,NA,NA,NA,NA,NA,NA,NA,NA
NEG_3104,1:3,0,2,West Khasi Block,25.568407,91.312312,2445.7,1023.95,20.91,243.32,0.002122,0.000281,4.9522,20.8497,10,Tree cover,0.650,28.4,43.7,1.31,4.9,Metamorphic,MT,955.4,358.2,NA,NA,NO_EVENT,NA,NA,NA,NA,NA,NA,NA,NA,NA,NA
NEG_3105,1:3,0,4,Ri-Bhoi Block,26.024857,92.514396,27607.6,812.02,21.74,83.49,-0.001223,0.001723,5.4538,32.8215,10,Tree cover,0.830,35.1,38.1,1.37,4.5,Metamorphic,MT,2133.8,4338.4,NA,NA,NO_EVENT,NA,NA,NA,NA,NA,NA,NA,NA,NA,NA
NEG_3106,1:3,0,1,Garo Hills Block,25.868665,90.703580,20682.7,129.67,26.12,125.76,-0.001749,0.001613,5.2624,22.6591,10,Tree cover,0.778,28.3,52.1,1.36,5.2,Mixed Sedimentary,SM,3079.3,3156.7,NA,NA,NO_EVENT,NA,NA,NA,NA,NA,NA,NA,NA,NA,NA
NEG_3107,1:3,0,1,Garo Hills Block,25.608609,90.482887,11295.1,37.18,22.17,314.99,-0.003079,-0.000294,4.8268,28.1388,10,Tree cover,0.652,26.6,48.8,1.32,4.8,Mixed Sedimentary,SM,613.3,3338.9,NA,NA,NO_EVENT,NA,NA,NA,NA,NA,NA,NA,NA,NA,NA
NEG_3108,1:3,0,2,West Khasi Block,25.499430,91.276850,784.6,931.58,22.08,254.89,0.000549,0.002617,5.0330,19.1308,10,Tree cover,0.664,30.6,42.3,1.34,4.8,Metamorphic,MT,121.0,626.1,NA,NA,NO_EVENT,NA,NA,NA,NA,NA,NA,NA,NA,NA,NA
NEG_3109,1:3,0,4,Ri-Bhoi Block,25.918171,92.532887,33216.9,800.70,20.24,97.38,0.001573,-0.001899,5.7808,18.0000,10,Tree cover,0.804,34.0,38.3,1.33,4.5,Metamorphic,MT,1878.4,1900.7,NA,NA,NO_EVENT,NA,NA,NA,NA,NA,NA,NA,NA,NA,NA
NEG_3110,1:3,0,1,Garo Hills Block,25.467790,89.853999,14414.3,79.35,30.89,348.27,-0.004307,-0.000166,4.4458,25.3413,10,Tree cover,0.677,22.6,48.8,1.35,5.3,Mixed Sedimentary,SM,58.1,302.5,NA,NA,NO_EVENT,NA,NA,NA,NA,NA,NA,NA,NA,NA,NA
NEG_3111,1:3,0,1,Garo Hills Block,25.950716,90.331550,20906.9,95.35,24.86,83.53,-0.004346,0.000043,5.3902,19.9807,10,Tree cover,0.816,25.2,44.1,1.39,4.9,Mixed Sedimentary,SM,1070.0,5581.6,NA,NA,NO_EVENT,NA,NA,NA,NA,NA,NA,NA,NA,NA,NA
NEG_3112,1:3,0,1,Garo Hills Block,25.691633,89.876161,16861.8,25.00,26.35,326.45,-0.003880,0.000304,4.6361,47.8150,10,Tree cover,0.675,29.4,49.8,1.32,5.3,Mixed Sedimentary,SM,535.6,1941.9,NA,NA,NO_EVENT,NA,NA,NA,NA,NA,NA,NA,NA,NA,NA
NEG_3113,1:3,0,5,Jaintia Hills Block,25.451467,92.807179,18929.6,537.98,25.94,189.75,-0.000562,0.000340,4.9065,27.6867,10,Tree cover,0.685,32.3,46.6,1.36,5.1,Metamorphic,MT,981.6,1402.8,NA,NA,NO_EVENT,NA,NA,NA,NA,NA,NA,NA,NA,NA,NA
NEG_3114,1:3,0,2,West Khasi Block,25.128749,91.092264,8698.0,592.87,23.77,357.69,0.000468,-0.001018,5.0824,18.0291,10,Tree cover,0.830,30.3,48.0,1.44,5.1,Siliciclastic Sedimentary,SS,681.3,421.3,NA,NA,NO_EVENT,NA,NA,NA,NA,NA,NA,NA,NA,NA,NA
NEG_3115,1:3,0,5,Jaintia Hills Block,25.351722,92.560519,1271.4,912.92,14.54,115.88,0.000824,-0.002017,6.1626,34.8823,10,Tree cover,0.743,34.9,38.7,1.38,4.5,Metamorphic,MT,468.2,573.4,NA,NA,NO_EVENT,NA,NA,NA,NA,NA,NA,NA,NA,NA,NA
NEG_3116,1:3,0,1,Garo Hills Block,25.958887,90.524981,20614.4,25.00,20.30,45.86,0.001863,0.000641,5.7432,20.4982,10,Tree cover,0.819,24.9,50.6,1.39,4.9,Mixed Sedimentary,SM,582.9,2248.9,NA,NA,NO_EVENT,NA,NA,NA,NA,NA,NA,NA,NA,NA,NA
NEG_3117,1:3,0,3,East Khasi Block,25.107683,91.712772,7209.5,1150.94,18.57,345.75,-0.002509,0.001256,5.4152,18.8836,10,Tree cover,0.829,30.2,47.6,1.44,5.4,Siliciclastic Sedimentary,SS,287.9,304.4,NA,NA,NO_EVENT,NA,NA,NA,NA,NA,NA,NA,NA,NA,NA
NEG_3118,1:3,0,3,East Khasi Block,25.383278,91.849857,2348.0,1667.36,25.71,55.70,0.000096,-0.000765,5.1809,43.4084,10,Tree cover,0.724,34.3,38.5,1.38,4.3,Metamorphic,MT,648.4,5204.6,NA,NA,NO_EVENT,NA,NA,NA,NA,NA,NA,NA,NA,NA,NA
NEG_3119,1:3,0,1,Garo Hills Block,25.054689,90.206868,22198.0,25.00,24.59,217.76,-0.004092,-0.000526,4.7513,28.0854,10,Tree cover,0.817,29.2,46.7,1.43,5.1,Mixed Sedimentary,SM,2836.7,572.8,NA,NA,NO_EVENT,NA,NA,NA,NA,NA,NA,NA,NA,NA,NA
NEG_3120,1:3,0,1,Garo Hills Block,25.761282,90.447730,3285.8,45.31,14.02,0.13,-0.000020,-0.002052,5.8793,33.1998,40,Cropland,0.652,30.3,47.3,1.33,4.8,Mixed Sedimentary,SM,2918.0,5810.9,NA,NA,NO_EVENT,NA,NA,NA,NA,NA,NA,NA,NA,NA,NA
NEG_3121,1:3,0,1,Garo Hills Block,25.946195,89.978702,36732.0,83.36,18.78,73.99,0.004963,-0.000022,5.8820,19.1163,10,Tree cover,0.815,25.3,52.9,1.39,5.4,Mixed Sedimentary,SM,6197.8,1481.4,NA,NA,NO_EVENT,NA,NA,NA,NA,NA,NA,NA,NA,NA,NA
NEG_3122,1:3,0,5,Jaintia Hills Block,25.252721,92.845609,15880.5,379.62,27.30,82.95,-0.000623,0.001415,5.1888,39.9793,10,Tree cover,0.800,27.8,44.1,1.43,5.2,Siliciclastic Sedimentary,SS,2459.2,1096.5,NA,NA,NO_EVENT,NA,NA,NA,NA,NA,NA,NA,NA,NA,NA
NEG_3123,1:3,0,3,East Khasi Block,25.487722,91.944045,5028.3,1694.07,28.57,218.40,0.001313,-0.002211,4.5556,21.0280,10,Tree cover,0.669,31.0,41.1,1.34,4.5,Metamorphic,MT,50.8,877.7,NA,NA,NO_EVENT,NA,NA,NA,NA,NA,NA,NA,NA,NA,NA
NEG_3124,1:3,0,3,East Khasi Block,25.217276,91.660100,1313.2,1298.61,33.67,45.48,-0.001222,-0.001485,4.6057,33.8281,10,Tree cover,0.815,29.0,45.6,1.43,5.3,Siliciclastic Sedimentary,SS,77.8,1727.6,NA,NA,NO_EVENT,NA,NA,NA,NA,NA,NA,NA,NA,NA,NA
NEG_3125,1:3,0,1,Garo Hills Block,25.804195,90.759154,11626.5,292.07,21.07,156.17,-0.003227,0.000966,5.4816,33.7981,10,Tree cover,0.739,29.9,50.1,1.34,5.3,Mixed Sedimentary,SM,1745.0,1915.9,NA,NA,NO_EVENT,NA,NA,NA,NA,NA,NA,NA,NA,NA,NA
NEG_3126,1:3,0,4,Ri-Bhoi Block,25.915209,91.640424,4653.4,1236.99,30.36,59.49,-0.002301,0.001612,4.9710,18.0200,10,Tree cover,0.802,34.0,42.1,1.33,4.8,Metamorphic,MT,485.7,11346.3,NA,NA,NO_EVENT,NA,NA,NA,NA,NA,NA,NA,NA,NA,NA
NEG_3127,1:3,0,2,West Khasi Block,25.440253,91.500809,4701.3,1297.78,25.89,174.53,0.004460,-0.000212,4.9554,30.3293,10,Tree cover,0.691,32.7,46.5,1.36,5.1,Metamorphic,MT,535.1,1515.7,NA,NA,NO_EVENT,NA,NA,NA,NA,NA,NA,NA,NA,NA,NA
NEG_3128,1:3,0,1,Garo Hills Block,25.642902,90.304883,2898.0,101.69,35.16,260.29,-0.000353,-0.002729,3.8171,45.5031,10,Tree cover,0.762,27.9,44.2,1.32,4.9,Mixed Sedimentary,SM,516.7,61.2,NA,NA,NO_EVENT,NA,NA,NA,NA,NA,NA,NA,NA,NA,NA
NEG_3129,1:3,0,1,Garo Hills Block,25.454951,90.847463,3781.4,404.41,35.81,185.40,-0.004816,0.000110,4.1030,30.2766,10,Tree cover,0.842,22.5,46.2,1.36,5.4,Mixed Sedimentary,SM,642.0,3763.2,NA,NA,NO_EVENT,NA,NA,NA,NA,NA,NA,NA,NA,NA,NA
NEG_3130,1:3,0,5,Jaintia Hills Block,25.452975,92.121387,2583.6,1486.98,34.50,184.65,-0.004792,-0.000111,4.2157,30.4232,10,Tree cover,0.684,32.2,46.7,1.36,4.8,Metamorphic,MT,442.8,1978.4,NA,NA,NO_EVENT,NA,NA,NA,NA,NA,NA,NA,NA,NA,NA
NEG_3131,1:3,0,5,Jaintia Hills Block,25.541141,92.667964,12167.1,826.31,24.18,219.09,0.000790,-0.002068,4.7420,18.4554,10,Tree cover,0.654,29.2,42.1,1.32,4.8,Metamorphic,MT,194.5,2495.7,NA,NA,NO_EVENT,NA,NA,NA,NA,NA,NA,NA,NA,NA,NA
NEG_3132,1:3,0,2,West Khasi Block,25.337171,91.067896,3658.8,624.93,22.10,43.81,0.002653,-0.000951,5.5880,44.4094,10,Tree cover,0.753,35.1,38.4,1.38,4.5,Metamorphic,MT,4585.6,1043.4,NA,NA,NO_EVENT,NA,NA,NA,NA,NA,NA,NA,NA,NA,NA
NEG_3133,1:3,0,4,Ri-Bhoi Block,25.869913,91.465375,3358.3,1160.21,27.49,135.46,-0.001841,0.001179,5.1552,22.6714,10,Tree cover,0.779,32.6,46.9,1.31,5.1,Metamorphic,MT,380.7,546.1,NA,NA,NO_EVENT,NA,NA,NA,NA,NA,NA,NA,NA,NA,NA
NEG_3134,1:3,0,1,Garo Hills Block,25.610790,89.962687,4384.5,52.36,22.84,293.09,-0.002745,0.000755,4.7737,28.9117,10,Tree cover,0.652,26.7,52.7,1.32,5.4,Mixed Sedimentary,SM,507.1,1608.8,NA,NA,NO_EVENT,NA,NA,NA,NA,NA,NA,NA,NA,NA,NA
NEG_3135,1:3,0,1,Garo Hills Block,25.450488,90.625738,7655.5,82.53,33.52,338.70,-0.004232,-0.000142,4.3041,30.8101,10,Tree cover,0.685,22.5,53.1,1.36,5.0,Mixed Sedimentary,SM,894.6,2498.1,NA,NA,NO_EVENT,NA,NA,NA,NA,NA,NA,NA,NA,NA,NA
NEG_3136,1:3,0,1,Garo Hills Block,26.099282,90.740483,42610.7,99.23,25.52,195.32,-0.003959,-0.000473,4.8631,48.1730,10,Tree cover,0.820,22.6,50.8,1.43,5.3,Mixed Sedimentary,SM,539.2,1424.1,NA,NA,NO_EVENT,NA,NA,NA,NA,NA,NA,NA,NA,NA,NA
NEG_3137,1:3,0,2,West Khasi Block,25.388190,91.457780,1204.6,1159.53,21.11,149.24,0.000414,0.001770,5.5328,38.0790,10,Tree cover,0.721,25.6,51.9,1.32,4.7,Plutonic Acidic,PA,1180.0,962.5,NA,NA,NO_EVENT,NA,NA,NA,NA,NA,NA,NA,NA,NA,NA
NEG_3138,1:3,0,4,Ri-Bhoi Block,25.927779,92.494273,29329.5,854.59,21.68,75.71,0.004232,-0.000224,5.6637,18.1544,10,Tree cover,0.808,34.3,38.1,1.33,4.5,Metamorphic,MT,317.2,1623.9,NA,NA,NO_EVENT,NA,NA,NA,NA,NA,NA,NA,NA,NA,NA
NEG_3139,1:3,0,1,Garo Hills Block,25.193225,90.835698,18783.1,356.08,31.34,147.89,-0.004430,-0.000081,4.7203,26.1392,10,Tree cover,0.822,29.6,46.7,1.44,5.4,Mixed Sedimentary,SM,852.1,618.4,NA,NA,NO_EVENT,NA,NA,NA,NA,NA,NA,NA,NA,NA,NA
NEG_3140,1:3,0,1,Garo Hills Block,25.382041,89.928237,13271.3,45.24,17.80,40.55,-0.000098,0.002764,5.8176,35.7510,10,Tree cover,0.724,23.3,51.8,1.38,5.4,Mixed Sedimentary,SM,259.5,61.2,NA,NA,NO_EVENT,NA,NA,NA,NA,NA,NA,NA,NA,NA,NA
NEG_3141,1:3,0,4,Ri-Bhoi Block,25.666097,92.407201,7569.1,1043.44,35.65,318.00,-0.001546,0.001933,3.8227,52.8350,10,Tree cover,0.756,27.2,39.6,1.28,4.6,Metamorphic,MT,346.5,3503.4,NA,NA,NO_EVENT,NA,NA,NA,NA,NA,NA,NA,NA,NA,NA
NEG_3142,1:3,0,5,Jaintia Hills Block,25.432100,92.057110,3751.6,1527.69,27.05,171.58,-0.000977,-0.001061,4.8950,32.9758,10,Tree cover,0.695,32.9,45.3,1.36,4.7,Metamorphic,MT,441.8,1871.1,NA,NA,NO_EVENT,NA,NA,NA,NA,NA,NA,NA,NA,NA,NA
NEG_3143,1:3,0,1,Garo Hills Block,25.697916,90.945729,9975.3,606.55,23.11,266.72,0.003225,0.000018,4.9151,44.7327,10,Tree cover,0.678,29.5,44.1,1.32,5.4,Mixed Sedimentary,SM,21.7,224.4,NA,NA,NO_EVENT,NA,NA,NA,NA,NA,NA,NA,NA,NA,NA
NEG_3144,1:3,0,3,East Khasi Block,25.172345,91.963438,4529.5,1300.46,21.99,149.63,0.003542,0.000874,5.3951,20.5614,10,Tree cover,0.827,30.0,52.0,1.44,5.2,Siliciclastic Sedimentary,SS,199.5,350.5,NA,NA,NO_EVENT,NA,NA,NA,NA,NA,NA,NA,NA,NA,NA
NEG_3145,1:3,0,4,Ri-Bhoi Block,25.942930,91.891856,1760.6,1340.09,25.94,90.16,-0.003463,0.000352,5.3126,19.2084,10,Tree cover,0.814,34.6,39.4,1.34,4.6,Metamorphic,MT,901.3,8863.1,NA,NA,NO_EVENT,NA,NA,NA,NA,NA,NA,NA,NA,NA,NA
NEG_3146,1:3,0,1,Garo Hills Block,25.039309,90.459510,25757.3,25.00,25.75,320.72,-0.003234,-0.000920,4.6183,32.2788,10,Tree cover,0.811,28.7,47.8,1.43,4.8,Mixed Sedimentary,SM,1080.1,119.6,NA,NA,NO_EVENT,NA,NA,NA,NA,NA,NA,NA,NA,NA,NA
NEG_3147,1:3,0,2,West Khasi Block,25.095038,91.539678,7220.7,1096.95,19.66,224.97,-0.000638,-0.001741,5.2799,20.0820,10,Tree cover,0.827,30.0,44.4,1.44,5.1,Siliciclastic Sedimentary,SS,11.5,124.8,NA,NA,NO_EVENT,NA,NA,NA,NA,NA,NA,NA,NA,NA,NA
NEG_3148,1:3,0,1,Garo Hills Block,25.836996,90.137267,19055.9,118.29,27.38,144.50,0.002907,0.000762,5.0850,30.0066,10,Tree cover,0.759,29.2,49.8,1.35,5.2,Mixed Sedimentary,SM,1480.1,110.6,NA,NA,NO_EVENT,NA,NA,NA,NA,NA,NA,NA,NA,NA,NA
NEG_3149,1:3,0,4,Ri-Bhoi Block,25.925405,91.494302,5902.6,1095.35,18.73,126.53,0.003958,-0.000468,5.9005,18.0758,10,Tree cover,0.807,34.2,46.6,1.33,5.1,Metamorphic,MT,2264.1,2239.6,NA,NA,NO_EVENT,NA,NA,NA,NA,NA,NA,NA,NA,NA,NA
NEG_3150,1:3,0,4,Ri-Bhoi Block,25.765167,92.762776,28368.0,576.92,16.70,176.41,-0.000430,0.001620,5.6804,35.7221,10,Tree cover,0.715,29.0,45.6,1.28,5.0,Metamorphic,MT,1887.3,423.7,NA,NA,NO_EVENT,NA,NA,NA,NA,NA,NA,NA,NA,NA,NA
NEG_3151,1:3,0,5,Jaintia Hills Block,25.110375,92.548733,12929.0,760.41,15.31,217.96,-0.000171,-0.002538,5.6865,18.5819,10,Tree cover,0.829,30.2,52.9,1.44,5.3,Siliciclastic Sedimentary,SS,11210.6,1846.8,NA,NA,NO_EVENT,NA,NA,NA,NA,NA,NA,NA,NA,NA,NA
NEG_3152,1:3,0,1,Garo Hills Block,25.156191,90.998524,5754.5,477.24,16.18,26.10,0.002491,-0.001087,5.7985,18.6753,10,Tree cover,0.829,30.2,44.6,1.44,5.3,Mixed Sedimentary,SM,450.2,2306.7,NA,NA,NO_EVENT,NA,NA,NA,NA,NA,NA,NA,NA,NA,NA
NEG_3153,1:3,0,4,Ri-Bhoi Block,25.939554,92.564075,30778.8,770.29,16.86,113.63,-0.001519,-0.000705,6.0421,18.5880,10,Tree cover,0.812,34.5,38.8,1.34,4.5,Metamorphic,MT,1268.5,2472.5,NA,NA,NO_EVENT,NA,NA,NA,NA,NA,NA,NA,NA,NA,NA
NEG_3154,1:3,0,3,East Khasi Block,25.566881,91.612019,1727.7,1429.85,24.17,289.99,0.004934,-0.000034,4.6936,21.0728,60,Bare / sparse vegetation,0.175,28.4,43.2,1.31,4.6,Metamorphic,MT,9.5,2677.1,NA,NA,NO_EVENT,NA,NA,NA,NA,NA,NA,NA,NA,NA,NA
NEG_3155,1:3,0,4,Ri-Bhoi Block,25.784799,92.339914,19712.7,1161.91,19.29,13.58,0.002350,0.001348,5.5509,35.7479,10,Tree cover,0.727,29.6,42.0,1.29,4.8,Metamorphic,MT,603.9,1520.3,NA,NA,NO_EVENT,NA,NA,NA,NA,NA,NA,NA,NA,NA,NA
NEG_3156,1:3,0,5,Jaintia Hills Block,25.151232,92.270711,3178.0,1060.18,15.16,16.91,0.001490,-0.001997,5.8607,18.3952,10,Tree cover,0.829,39.3,30.5,1.32,5.4,Carbonate Sedimentary,SC,2200.3,1689.3,NA,NA,NO_EVENT,NA,NA,NA,NA,NA,NA,NA,NA,NA,NA
