record_type,record_id,latitude,longitude,spatial_block_id,spatial_block_name,sample_ratio_tier,min_dist_to_landslide_m,nearest_positive_sl_no,colocation_duplicate_flag
POSITIVE,19606,25.033514,92.435539,5,Jaintia Hills Block,NA,0.0,19606,NO
POSITIVE,19607,25.033628,92.439331,5,Jaintia Hills Block,NA,0.0,19607,NO
POSITIVE,19608,25.034289,92.435222,5,Jaintia Hills Block,NA,0.0,19608,NO
POSITIVE,19609,25.037722,92.439556,5,Jaintia Hills Block,NA,0.0,19609,NO
POSITIVE,19610,25.037833,92.440417,5,Jaintia Hills Block,NA,0.0,19610,NO
POSITIVE,19611,25.038186,92.440725,5,Jaintia Hills Block,NA,0.0,19611,NO
POSITIVE,19612,25.038361,92.43675,5,Jaintia Hills Block,NA,0.0,19612,NO
POSITIVE,19613,25.039097,92.436869,5,Jaintia Hills Block,NA,0.0,19613,NO
POSITIVE,19614,25.040511,92.446119,5,Jaintia Hills Block,NA,0.0,19614,NO
POSITIVE,19615,25.042189,92.441964,5,Jaintia Hills Block,NA,0.0,19615,NO
POSITIVE,19616,25.042408,92.434525,5,Jaintia Hills Block,NA,0.0,19616,NO
POSITIVE,19617,25.042556,92.435028,5,Jaintia Hills Block,NA,0.0,19617,NO
POSITIVE,19618,25.042778,92.432472,5,Jaintia Hills Block,NA,0.0,19618,NO
POSITIVE,19619,25.043667,92.425444,5,Jaintia Hills Block,NA,0.0,19619,NO
POSITIVE,19620,25.043914,92.423556,5,Jaintia Hills Block,NA,0.0,19620,NO
POSITIVE,19621,25.044056,92.418778,5,Jaintia Hills Block,NA,0.0,19621,NO
POSITIVE,19622,25.044136,92.430244,5,Jaintia Hills Block,NA,0.0,19622,NO
POSITIVE,19623,25.044417,92.423908,5,Jaintia Hills Block,NA,0.0,19623,NO
POSITIVE,19624,25.044442,92.427761,5,Jaintia Hills Block,NA,0.0,19624,NO
POSITIVE,19625,25.044733,92.423675,5,Jaintia Hills Block,NA,0.0,19625,NO
POSITIVE,19626,25.044778,92.430333,5,Jaintia Hills Block,NA,0.0,19626,NO
POSITIVE,19627,25.044833,92.429333,5,Jaintia Hills Block,NA,0.0,19627,NO
POSITIVE,19628,25.044947,92.420261,5,Jaintia Hills Block,NA,0.0,19628,NO
POSITIVE,19629,25.045111,92.4215,5,Jaintia Hills Block,NA,0.0,19629,NO
POSITIVE,19630,25.045386,92.420764,5,Jaintia Hills Block,NA,0.0,19630,NO
POSITIVE,19631,25.045389,92.410444,5,Jaintia Hills Block,NA,0.0,19631,NO
POSITIVE,19632,25.046181,92.408878,5,Jaintia Hills Block,NA,0.0,19632,NO
POSITIVE,19633,25.047194,92.404806,5,Jaintia Hills Block,NA,0.0,19633,NO
POSITIVE,19634,25.047444,92.409156,5,Jaintia Hills Block,NA,0.0,19634,NO
POSITIVE,19635,25.047556,92.405806,5,Jaintia Hills Block,NA,0.0,19635,NO
POSITIVE,19636,25.047906,92.404822,5,Jaintia Hills Block,NA,0.0,19636,NO
POSITIVE,19637,25.049744,92.400678,5,Jaintia Hills Block,NA,0.0,19637,NO
POSITIVE,19638,25.052236,92.399047,5,Jaintia Hills Block,NA,0.0,19638,NO
POSITIVE,19639,25.056022,92.394119,5,Jaintia Hills Block,NA,0.0,19639,NO
POSITIVE,19640,25.062025,92.386975,5,Jaintia Hills Block,NA,0.0,19640,NO
POSITIVE,19641,25.068158,92.380058,5,Jaintia Hills Block,NA,0.0,19641,NO
POSITIVE,19642,25.073,92.368778,5,Jaintia Hills Block,NA,0.0,19642,NO
POSITIVE,19643,25.073217,92.372161,5,Jaintia Hills Block,NA,0.0,19643,NO
POSITIVE,19644,25.073731,92.370786,5,Jaintia Hills Block,NA,0.0,19644,NO
POSITIVE,19645,25.074439,92.371186,5,Jaintia Hills Block,NA,0.0,19645,NO
POSITIVE,19646,25.075167,92.370953,5,Jaintia Hills Block,NA,0.0,19646,NO
POSITIVE,19647,25.075567,92.363317,5,Jaintia Hills Block,NA,0.0,19647,NO
POSITIVE,19648,25.079,92.361667,5,Jaintia Hills Block,NA,0.0,19648,NO
POSITIVE,19649,25.079028,92.359111,5,Jaintia Hills Block,NA,0.0,19649,NO
POSITIVE,19650,25.079722,92.359361,5,Jaintia Hills Block,NA,0.0,19650,NO
POSITIVE,19651,25.081381,92.359972,5,Jaintia Hills Block,NA,0.0,19651,NO
POSITIVE,19652,25.083061,92.360322,5,Jaintia Hills Block,NA,0.0,19652,NO
POSITIVE,19653,25.083361,92.361083,5,Jaintia Hills Block,NA,0.0,19653,NO
POSITIVE,19654,25.084611,92.335667,5,Jaintia Hills Block,NA,0.0,19654,NO
POSITIVE,19655,25.08586,92.35869,5,Jaintia Hills Block,NA,0.0,19655,NO
POSITIVE,19656,25.087917,92.357906,5,Jaintia Hills Block,NA,0.0,19656,NO
POSITIVE,19657,25.091361,92.356889,5,Jaintia Hills Block,NA,0.0,19657,NO
POSITIVE,19658,25.09178,92.35469,5,Jaintia Hills Block,NA,0.0,19658,NO
POSITIVE,19659,25.092083,92.35925,5,Jaintia Hills Block,NA,0.0,19659,NO
POSITIVE,19660,25.092178,92.353564,5,Jaintia Hills Block,NA,0.0,19660,NO
POSITIVE,19661,25.092981,92.353708,5,Jaintia Hills Block,NA,0.0,19661,NO
POSITIVE,19662,25.093078,92.348025,5,Jaintia Hills Block,NA,0.0,19662,NO
POSITIVE,19663,25.095131,92.350111,5,Jaintia Hills Block,NA,0.0,19663,NO
POSITIVE,19664,25.096592,92.351017,5,Jaintia Hills Block,NA,0.0,19664,NO
POSITIVE,19665,25.097997,92.355972,5,Jaintia Hills Block,NA,0.0,19665,NO
POSITIVE,19666,25.104417,92.365028,5,Jaintia Hills Block,NA,0.0,19666,NO
POSITIVE,19667,25.111331,92.351128,5,Jaintia Hills Block,NA,0.0,19667,NO
POSITIVE,19668,25.112806,92.350194,5,Jaintia Hills Block,NA,0.0,19668,NO
POSITIVE,19669,25.112861,92.877556,5,Jaintia Hills Block,NA,0.0,19669,NO
POSITIVE,19670,25.11303,92.37394,5,Jaintia Hills Block,NA,0.0,19670,NO
POSITIVE,19671,25.113475,92.350506,5,Jaintia Hills Block,NA,0.0,19671,NO
POSITIVE,19672,25.113586,92.370594,5,Jaintia Hills Block,NA,0.0,19672,NO
POSITIVE,19673,25.114997,92.358378,5,Jaintia Hills Block,NA,0.0,19673,NO
POSITIVE,19674,25.117453,92.35705,5,Jaintia Hills Block,NA,0.0,19674,NO
POSITIVE,19675,25.12186,92.388583,5,Jaintia Hills Block,NA,0.0,19675,NO
POSITIVE,19676,25.122381,92.243069,5,Jaintia Hills Block,NA,0.0,19676,NO
POSITIVE,19677,25.126972,92.388083,5,Jaintia Hills Block,NA,0.0,19677,NO
POSITIVE,19678,25.129169,92.388306,5,Jaintia Hills Block,NA,0.0,19678,NO
POSITIVE,19679,25.133289,92.225272,5,Jaintia Hills Block,NA,0.0,19679,NO
POSITIVE,19680,25.133911,92.222392,5,Jaintia Hills Block,NA,0.0,19680,NO
POSITIVE,19681,25.134194,92.383528,5,Jaintia Hills Block,NA,0.0,19681,NO
POSITIVE,19682,25.134293,92.38155,5,Jaintia Hills Block,NA,0.0,19682,NO
POSITIVE,19683,25.134972,92.380278,5,Jaintia Hills Block,NA,0.0,19683,NO
POSITIVE,19684,25.136047,92.222064,5,Jaintia Hills Block,NA,0.0,19684,NO
POSITIVE,19685,25.143375,92.141861,5,Jaintia Hills Block,NA,0.0,19685,NO
POSITIVE,19686,25.143969,92.217497,5,Jaintia Hills Block,NA,0.0,19686,NO
POSITIVE,19687,25.14775,92.375528,5,Jaintia Hills Block,NA,0.0,19687,NO
POSITIVE,19688,25.147942,92.181586,5,Jaintia Hills Block,NA,0.0,19688,NO
POSITIVE,19689,25.148019,92.178114,5,Jaintia Hills Block,NA,0.0,19689,NO
POSITIVE,19690,25.148083,92.180639,5,Jaintia Hills Block,NA,0.0,19690,NO
POSITIVE,19691,25.148158,92.177172,5,Jaintia Hills Block,NA,0.0,19691,NO
POSITIVE,19692,25.148303,92.176236,5,Jaintia Hills Block,NA,0.0,19692,NO
POSITIVE,19693,25.148747,92.175119,5,Jaintia Hills Block,NA,0.0,19693,NO
POSITIVE,19694,25.149603,92.367964,5,Jaintia Hills Block,NA,0.0,19694,NO
POSITIVE,19695,25.14965,92.214519,5,Jaintia Hills Block,NA,0.0,19695,NO
POSITIVE,19696,25.150286,92.213508,5,Jaintia Hills Block,NA,0.0,19696,NO
POSITIVE,19697,25.151189,92.191308,5,Jaintia Hills Block,NA,0.0,19697,NO
POSITIVE,19698,25.152367,92.195708,5,Jaintia Hills Block,NA,0.0,19698,NO
POSITIVE,19699,25.153272,92.206058,5,Jaintia Hills Block,NA,0.0,19699,NO
POSITIVE,19700,25.156419,92.141353,5,Jaintia Hills Block,NA,0.0,19700,NO
POSITIVE,19701,25.156542,92.198469,5,Jaintia Hills Block,NA,0.0,19701,NO
POSITIVE,19702,25.156889,92.198194,5,Jaintia Hills Block,NA,0.0,19702,NO
POSITIVE,19703,25.157592,92.239928,5,Jaintia Hills Block,NA,0.0,19703,NO
POSITIVE,19704,25.158643,91.525222,2,West Khasi Block,NA,0.0,19704,NO
POSITIVE,19705,25.159367,92.202078,5,Jaintia Hills Block,NA,0.0,19705,NO
POSITIVE,19706,25.159469,91.528337,2,West Khasi Block,NA,0.0,19706,NO
POSITIVE,19707,25.160222,91.527843,2,West Khasi Block,NA,0.0,19707,NO
POSITIVE,19708,25.160398,91.489558,2,West Khasi Block,NA,0.0,19708,NO
POSITIVE,19709,25.16400556,92.38702778,5,Jaintia Hills Block,NA,0.0,19709,YES_CO_LOCATED_GSI_EVENT
POSITIVE,19710,25.164133,92.417747,5,Jaintia Hills Block,NA,0.0,19710,NO
POSITIVE,19711,25.165028,92.388056,5,Jaintia Hills Block,NA,0.0,19711,NO
POSITIVE,19712,25.165222,92.388389,5,Jaintia Hills Block,NA,0.0,19712,NO
POSITIVE,19713,25.169159,91.690014,3,East Khasi Block,NA,0.0,19713,NO
POSITIVE,19714,25.180032,91.65815,3,East Khasi Block,NA,0.0,19714,NO
POSITIVE,19715,25.180536,91.576839,2,West Khasi Block,NA,0.0,19715,NO
POSITIVE,19716,25.18092,91.570335,2,West Khasi Block,NA,0.0,19716,NO
POSITIVE,19717,25.181759,91.573658,2,West Khasi Block,NA,0.0,19717,NO
POSITIVE,19718,25.181969,91.637545,3,East Khasi Block,NA,0.0,19718,NO
POSITIVE,19719,25.182254,91.618979,3,East Khasi Block,NA,0.0,19719,NO
POSITIVE,19720,25.184381,92.029531,5,Jaintia Hills Block,NA,0.0,19720,NO
POSITIVE,19721,25.18676,91.396515,2,West Khasi Block,NA,0.0,19721,NO
POSITIVE,19722,25.188327,91.761486,3,East Khasi Block,NA,0.0,19722,NO
POSITIVE,19723,25.188444,92.074139,5,Jaintia Hills Block,NA,0.0,19723,NO
POSITIVE,19724,25.189106,92.079564,5,Jaintia Hills Block,NA,0.0,19724,NO
POSITIVE,19725,25.18955,91.453997,2,West Khasi Block,NA,0.0,19725,NO
POSITIVE,19726,25.191111,92.003389,5,Jaintia Hills Block,NA,0.0,19726,NO
POSITIVE,19727,25.191366,91.040468,2,West Khasi Block,NA,0.0,19727,NO
POSITIVE,19728,25.191611,92.155361,5,Jaintia Hills Block,NA,0.0,19728,NO
POSITIVE,19729,25.192422,92.37705,5,Jaintia Hills Block,NA,0.0,19729,NO
POSITIVE,19730,25.196781,91.574727,2,West Khasi Block,NA,0.0,19730,NO
POSITIVE,19731,25.197283,92.1991,5,Jaintia Hills Block,NA,0.0,19731,NO
POSITIVE,19732,25.197283,92.2225,5,Jaintia Hills Block,NA,0.0,19732,NO
POSITIVE,19733,25.197881,91.139559,2,West Khasi Block,NA,0.0,19733,NO
POSITIVE,19734,25.199311,91.858857,3,East Khasi Block,NA,0.0,19734,NO
POSITIVE,19735,25.200333,92.200472,5,Jaintia Hills Block,NA,0.0,19735,NO
POSITIVE,19736,25.200934,91.63449,3,East Khasi Block,NA,0.0,19736,NO
POSITIVE,19737,25.201,91.234,2,West Khasi Block,NA,0.0,19737,NO
POSITIVE,19738,25.20111,91.640451,3,East Khasi Block,NA,0.0,19738,NO
POSITIVE,19739,25.20283,91.20908,2,West Khasi Block,NA,0.0,19739,NO
POSITIVE,19740,25.202886,92.201147,5,Jaintia Hills Block,NA,0.0,19740,NO
POSITIVE,19741,25.204882,91.742535,3,East Khasi Block,NA,0.0,19741,NO
POSITIVE,19742,25.205078,91.57517,2,West Khasi Block,NA,0.0,19742,NO
POSITIVE,19743,25.205307,91.755686,3,East Khasi Block,NA,0.0,19743,NO
POSITIVE,19744,25.205465,91.755789,3,East Khasi Block,NA,0.0,19744,NO
POSITIVE,19745,25.205623,91.736208,3,East Khasi Block,NA,0.0,19745,NO
POSITIVE,19746,25.205651,91.599771,2,West Khasi Block,NA,0.0,19746,NO
POSITIVE,19747,25.206426,91.75498,3,East Khasi Block,NA,0.0,19747,NO
POSITIVE,19748,25.20655,91.744914,3,East Khasi Block,NA,0.0,19748,NO
POSITIVE,19749,25.206573,91.738428,3,East Khasi Block,NA,0.0,19749,NO
POSITIVE,19750,25.206686,91.73898,3,East Khasi Block,NA,0.0,19750,NO
POSITIVE,19751,25.206763,91.231417,2,West Khasi Block,NA,0.0,19751,NO
POSITIVE,19752,25.206885,91.740497,3,East Khasi Block,NA,0.0,19752,NO
POSITIVE,19753,25.206892,91.736341,3,East Khasi Block,NA,0.0,19753,NO
POSITIVE,19754,25.206972,92.208028,5,Jaintia Hills Block,NA,0.0,19754,NO
POSITIVE,19755,25.2071,91.741225,3,East Khasi Block,NA,0.0,19755,NO
POSITIVE,19756,25.207314,91.592357,2,West Khasi Block,NA,0.0,19756,NO
POSITIVE,19757,25.207515,91.746839,3,East Khasi Block,NA,0.0,19757,NO
POSITIVE,19758,25.208256,91.69041,3,East Khasi Block,NA,0.0,19758,NO
POSITIVE,19759,25.208313,91.606889,3,East Khasi Block,NA,0.0,19759,NO
POSITIVE,19760,25.20836,91.725397,3,East Khasi Block,NA,0.0,19760,NO
POSITIVE,19761,25.208593,91.742294,3,East Khasi Block,NA,0.0,19761,NO
POSITIVE,19762,25.209427,91.646032,3,East Khasi Block,NA,0.0,19762,NO
POSITIVE,19763,25.209456,91.646315,3,East Khasi Block,NA,0.0,19763,NO
POSITIVE,19764,25.209568,91.745894,3,East Khasi Block,NA,0.0,19764,NO
POSITIVE,19765,25.209703,91.646662,3,East Khasi Block,NA,0.0,19765,NO
POSITIVE,19766,25.211269,91.208223,2,West Khasi Block,NA,0.0,19766,NO
POSITIVE,19767,25.211722,92.065389,5,Jaintia Hills Block,NA,0.0,19767,NO
POSITIVE,19768,25.211814,92.065517,5,Jaintia Hills Block,NA,0.0,19768,NO
POSITIVE,19769,25.21225,92.047306,5,Jaintia Hills Block,NA,0.0,19769,NO
POSITIVE,19770,25.212554,91.747962,3,East Khasi Block,NA,0.0,19770,NO
POSITIVE,19771,25.214153,92.045428,5,Jaintia Hills Block,NA,0.0,19771,NO
POSITIVE,19772,25.214783,91.590875,2,West Khasi Block,NA,0.0,19772,NO
POSITIVE,19773,25.214944,92.073917,5,Jaintia Hills Block,NA,0.0,19773,NO
POSITIVE,19774,25.215028,92.075167,5,Jaintia Hills Block,NA,0.0,19774,NO
POSITIVE,19775,25.215583,92.077639,5,Jaintia Hills Block,NA,0.0,19775,NO
POSITIVE,19776,25.215611,92.077361,5,Jaintia Hills Block,NA,0.0,19776,NO
POSITIVE,19777,25.216078,91.738387,3,East Khasi Block,NA,0.0,19777,NO
POSITIVE,19778,25.216169,91.389142,2,West Khasi Block,NA,0.0,19778,NO
POSITIVE,19779,25.216464,91.735629,3,East Khasi Block,NA,0.0,19779,NO
POSITIVE,19780,25.216805,91.709405,3,East Khasi Block,NA,0.0,19780,NO
POSITIVE,19781,25.217558,91.709355,3,East Khasi Block,NA,0.0,19781,NO
POSITIVE,19782,25.217886,91.73381,3,East Khasi Block,NA,0.0,19782,NO
POSITIVE,19783,25.218732,91.740262,3,East Khasi Block,NA,0.0,19783,NO
POSITIVE,19784,25.218821,91.581584,2,West Khasi Block,NA,0.0,19784,NO
POSITIVE,19785,25.218961,91.707094,3,East Khasi Block,NA,0.0,19785,NO
POSITIVE,19786,25.219787,91.710947,3,East Khasi Block,NA,0.0,19786,NO
POSITIVE,19787,25.220023,91.631989,3,East Khasi Block,NA,0.0,19787,NO
POSITIVE,19788,25.22026,91.720198,3,East Khasi Block,NA,0.0,19788,NO
POSITIVE,19789,25.220764,91.187,2,West Khasi Block,NA,0.0,19789,NO
POSITIVE,19790,25.221164,91.719886,3,East Khasi Block,NA,0.0,19790,NO
POSITIVE,19791,25.221406,91.387092,2,West Khasi Block,NA,0.0,19791,NO
POSITIVE,19792,25.221572,91.185833,2,West Khasi Block,NA,0.0,19792,NO
POSITIVE,19793,25.22175,91.693006,3,East Khasi Block,NA,0.0,19793,NO
POSITIVE,19794,25.222221,91.742134,3,East Khasi Block,NA,0.0,19794,NO
POSITIVE,19795,25.222304,91.763619,3,East Khasi Block,NA,0.0,19795,NO
POSITIVE,19796,25.222501,91.714409,3,East Khasi Block,NA,0.0,19796,NO
POSITIVE,19797,25.222528,91.765256,3,East Khasi Block,NA,0.0,19797,NO
POSITIVE,19798,25.222564,91.691398,3,East Khasi Block,NA,0.0,19798,NO
POSITIVE,19799,25.223307,91.762345,3,East Khasi Block,NA,0.0,19799,NO
POSITIVE,19800,25.223553,91.671157,3,East Khasi Block,NA,0.0,19800,NO
POSITIVE,19801,25.223708,91.76661,3,East Khasi Block,NA,0.0,19801,NO
POSITIVE,19802,25.223769,91.740164,3,East Khasi Block,NA,0.0,19802,NO
POSITIVE,19803,25.224417,91.689893,3,East Khasi Block,NA,0.0,19803,NO
POSITIVE,19804,25.224506,91.704403,3,East Khasi Block,NA,0.0,19804,NO
POSITIVE,19805,25.224654,91.735929,3,East Khasi Block,NA,0.0,19805,NO
POSITIVE,19806,25.224808,91.696177,3,East Khasi Block,NA,0.0,19806,NO
POSITIVE,19807,25.225772,91.863037,3,East Khasi Block,NA,0.0,19807,NO
POSITIVE,19808,25.226046,91.701458,3,East Khasi Block,NA,0.0,19808,NO
POSITIVE,19809,25.226751,91.754441,3,East Khasi Block,NA,0.0,19809,NO
POSITIVE,19810,25.226806,92.090611,5,Jaintia Hills Block,NA,0.0,19810,NO
POSITIVE,19811,25.227063,91.691293,3,East Khasi Block,NA,0.0,19811,NO
POSITIVE,19812,25.227183,91.690972,3,East Khasi Block,NA,0.0,19812,NO
POSITIVE,19813,25.227249,91.748917,3,East Khasi Block,NA,0.0,19813,NO
POSITIVE,19814,25.22784,91.688252,3,East Khasi Block,NA,0.0,19814,NO
POSITIVE,19815,25.228005,91.687913,3,East Khasi Block,NA,0.0,19815,NO
POSITIVE,19816,25.228272,91.687776,3,East Khasi Block,NA,0.0,19816,NO
POSITIVE,19817,25.228344,91.693332,3,East Khasi Block,NA,0.0,19817,NO
POSITIVE,19818,25.228472,92.187806,5,Jaintia Hills Block,NA,0.0,19818,NO
POSITIVE,19819,25.228755,91.963018,3,East Khasi Block,NA,0.0,19819,NO
POSITIVE,19820,25.229161,91.693249,3,East Khasi Block,NA,0.0,19820,NO
POSITIVE,19821,25.229167,92.2235,5,Jaintia Hills Block,NA,0.0,19821,NO
POSITIVE,19822,25.229706,91.745297,3,East Khasi Block,NA,0.0,19822,NO
POSITIVE,19823,25.229822,91.693551,3,East Khasi Block,NA,0.0,19823,NO
POSITIVE,19824,25.229972,92.223278,5,Jaintia Hills Block,NA,0.0,19824,NO
POSITIVE,19825,25.230047,92.221119,5,Jaintia Hills Block,NA,0.0,19825,NO
POSITIVE,19826,25.230063,91.688941,3,East Khasi Block,NA,0.0,19826,NO
POSITIVE,19827,25.231383,92.2215,5,Jaintia Hills Block,NA,0.0,19827,NO
POSITIVE,19828,25.232417,92.178881,5,Jaintia Hills Block,NA,0.0,19828,NO
POSITIVE,19829,25.233583,92.209583,5,Jaintia Hills Block,NA,0.0,19829,NO
POSITIVE,19830,25.234097,91.866071,3,East Khasi Block,NA,0.0,19830,NO
POSITIVE,19831,25.23416,91.690216,3,East Khasi Block,NA,0.0,19831,NO
POSITIVE,19832,25.234922,92.095531,5,Jaintia Hills Block,NA,0.0,19832,NO
POSITIVE,19833,25.234952,91.689803,3,East Khasi Block,NA,0.0,19833,NO
POSITIVE,19834,25.234966,91.690051,3,East Khasi Block,NA,0.0,19834,NO
POSITIVE,19835,25.23572,91.68776,3,East Khasi Block,NA,0.0,19835,NO
POSITIVE,19836,25.236428,92.096172,5,Jaintia Hills Block,NA,0.0,19836,NO
POSITIVE,19837,25.236582,91.688857,3,East Khasi Block,NA,0.0,19837,NO
POSITIVE,19838,25.23707,91.43212,2,West Khasi Block,NA,0.0,19838,NO
POSITIVE,19839,25.237221,91.679456,3,East Khasi Block,NA,0.0,19839,NO
POSITIVE,19840,25.237361,92.096992,5,Jaintia Hills Block,NA,0.0,19840,NO
POSITIVE,19841,25.239068,91.174728,2,West Khasi Block,NA,0.0,19841,NO
POSITIVE,19842,25.23908,90.63944,1,Garo Hills Block,NA,0.0,19842,NO
POSITIVE,19843,25.240315,91.733388,3,East Khasi Block,NA,0.0,19843,NO
POSITIVE,19844,25.240338,91.677786,3,East Khasi Block,NA,0.0,19844,NO
POSITIVE,19845,25.24327,91.866626,3,East Khasi Block,NA,0.0,19845,NO
POSITIVE,19846,25.243358,91.747094,3,East Khasi Block,NA,0.0,19846,NO
POSITIVE,19847,25.243671,91.866854,3,East Khasi Block,NA,0.0,19847,NO
POSITIVE,19848,25.243783,91.738698,3,East Khasi Block,NA,0.0,19848,NO
POSITIVE,19849,25.247014,92.096144,5,Jaintia Hills Block,NA,0.0,19849,NO
POSITIVE,19850,25.247226,91.671435,3,East Khasi Block,NA,0.0,19850,NO
POSITIVE,19851,25.24736,91.451647,2,West Khasi Block,NA,0.0,19851,NO
POSITIVE,19852,25.247518,91.450545,2,West Khasi Block,NA,0.0,19852,NO
POSITIVE,19853,25.251211,91.454514,2,West Khasi Block,NA,0.0,19853,NO
POSITIVE,19854,25.25419,90.21486,1,Garo Hills Block,NA,0.0,19854,NO
POSITIVE,19855,25.256259,91.868197,3,East Khasi Block,NA,0.0,19855,NO
POSITIVE,19856,25.257286,91.871763,3,East Khasi Block,NA,0.0,19856,NO
POSITIVE,19857,25.257449,91.87187,3,East Khasi Block,NA,0.0,19857,NO
POSITIVE,19858,25.258603,92.38555,5,Jaintia Hills Block,NA,0.0,19858,NO
POSITIVE,19859,25.259326,91.872712,3,East Khasi Block,NA,0.0,19859,NO
POSITIVE,19860,25.2608,91.8736,3,East Khasi Block,NA,0.0,19860,NO
POSITIVE,19861,25.261117,92.385231,5,Jaintia Hills Block,NA,0.0,19861,NO
POSITIVE,19862,25.2625,92.384639,5,Jaintia Hills Block,NA,0.0,19862,NO
POSITIVE,19863,25.262931,92.203628,5,Jaintia Hills Block,NA,0.0,19863,NO
POSITIVE,19864,25.263806,92.203,5,Jaintia Hills Block,NA,0.0,19864,NO
POSITIVE,19865,25.264575,92.381497,5,Jaintia Hills Block,NA,0.0,19865,NO
POSITIVE,19866,25.265048,91.591553,2,West Khasi Block,NA,0.0,19866,NO
POSITIVE,19867,25.265158,92.202239,5,Jaintia Hills Block,NA,0.0,19867,NO
POSITIVE,19868,25.266067,92.204897,5,Jaintia Hills Block,NA,0.0,19868,NO
POSITIVE,19869,25.266222,92.202528,5,Jaintia Hills Block,NA,0.0,19869,NO
POSITIVE,19870,25.266939,91.383208,2,West Khasi Block,NA,0.0,19870,NO
POSITIVE,19871,25.26851,91.580418,2,West Khasi Block,NA,0.0,19871,NO
POSITIVE,19872,25.269949,91.875273,3,East Khasi Block,NA,0.0,19872,NO
POSITIVE,19873,25.27142,91.874884,3,East Khasi Block,NA,0.0,19873,NO
POSITIVE,19874,25.27197,91.874872,3,East Khasi Block,NA,0.0,19874,NO
POSITIVE,19875,25.273217,91.609962,3,East Khasi Block,NA,0.0,19875,NO
POSITIVE,19876,25.27342,91.578074,2,West Khasi Block,NA,0.0,19876,NO
POSITIVE,19877,25.273477,91.577794,2,West Khasi Block,NA,0.0,19877,NO
POSITIVE,19878,25.274,92.373944,5,Jaintia Hills Block,NA,0.0,19878,NO
POSITIVE,19879,25.277215,91.865449,3,East Khasi Block,NA,0.0,19879,NO
POSITIVE,19880,25.277934,91.575,2,West Khasi Block,NA,0.0,19880,NO
POSITIVE,19881,25.278028,91.348931,2,West Khasi Block,NA,0.0,19881,NO
POSITIVE,19882,25.280528,92.380042,5,Jaintia Hills Block,NA,0.0,19882,NO
POSITIVE,19883,25.281122,92.345397,5,Jaintia Hills Block,NA,0.0,19883,NO
POSITIVE,19884,25.282267,92.341433,5,Jaintia Hills Block,NA,0.0,19884,NO
POSITIVE,19885,25.28236861,91.73874417,3,East Khasi Block,NA,0.0,19885,NO
POSITIVE,19886,25.282485,91.57685,2,West Khasi Block,NA,0.0,19886,NO
POSITIVE,19887,25.282608,91.867354,3,East Khasi Block,NA,0.0,19887,NO
POSITIVE,19888,25.282943,91.580161,2,West Khasi Block,NA,0.0,19888,NO
POSITIVE,19889,25.288467,91.224269,2,West Khasi Block,NA,0.0,19889,NO
POSITIVE,19890,25.289055,91.533039,2,West Khasi Block,NA,0.0,19890,NO
POSITIVE,19891,25.294601,91.930853,3,East Khasi Block,NA,0.0,19891,NO
POSITIVE,19892,25.294778,91.930833,3,East Khasi Block,NA,0.0,19892,NO
POSITIVE,19893,25.295624,91.56964,2,West Khasi Block,NA,0.0,19893,NO
POSITIVE,19894,25.295881,91.071747,2,West Khasi Block,NA,0.0,19894,NO
POSITIVE,19895,25.296,91.932,3,East Khasi Block,NA,0.0,19895,YES_CO_LOCATED_GSI_EVENT
POSITIVE,19896,25.297628,92.387525,5,Jaintia Hills Block,NA,0.0,19896,NO
POSITIVE,19897,25.298806,91.923167,3,East Khasi Block,NA,0.0,19897,NO
POSITIVE,19898,25.298951,91.726475,3,East Khasi Block,NA,0.0,19898,NO
POSITIVE,19899,25.299369,91.325575,2,West Khasi Block,NA,0.0,19899,NO
POSITIVE,19900,25.299931,91.726268,3,East Khasi Block,NA,0.0,19900,NO
POSITIVE,19901,25.300281,91.944944,3,East Khasi Block,NA,0.0,19901,NO
POSITIVE,19902,25.300389,91.726722,3,East Khasi Block,NA,0.0,19902,NO
POSITIVE,19903,25.301167,91.929306,3,East Khasi Block,NA,0.0,19903,NO
POSITIVE,19904,25.301383,91.922017,3,East Khasi Block,NA,0.0,19904,NO
POSITIVE,19905,25.301444,91.9245,3,East Khasi Block,NA,0.0,19905,NO
POSITIVE,19906,25.301559,91.922585,3,East Khasi Block,NA,0.0,19906,NO
POSITIVE,19907,25.301676,91.923138,3,East Khasi Block,NA,0.0,19907,NO
POSITIVE,19908,25.302544,91.925218,3,East Khasi Block,NA,0.0,19908,NO
POSITIVE,19909,25.305047,91.075778,2,West Khasi Block,NA,0.0,19909,NO
POSITIVE,19910,25.309969,92.69525,5,Jaintia Hills Block,NA,0.0,19910,NO
POSITIVE,19911,25.311336,90.969222,1,Garo Hills Block,NA,0.0,19911,NO
POSITIVE,19912,25.311778,91.917528,3,East Khasi Block,NA,0.0,19912,NO
POSITIVE,19913,25.312667,92.130417,5,Jaintia Hills Block,NA,0.0,19913,NO
POSITIVE,19914,25.31458,91.45242,2,West Khasi Block,NA,0.0,19914,NO
POSITIVE,19915,25.31488,91.44913,2,West Khasi Block,NA,0.0,19915,NO
POSITIVE,19916,25.31488,91.33367,2,West Khasi Block,NA,0.0,19916,NO
POSITIVE,19917,25.315176,91.923021,3,East Khasi Block,NA,0.0,19917,NO
POSITIVE,19918,25.316069,92.685461,5,Jaintia Hills Block,NA,0.0,19918,NO
POSITIVE,19919,25.316519,92.692311,5,Jaintia Hills Block,NA,0.0,19919,NO
POSITIVE,19920,25.316519,92.692,5,Jaintia Hills Block,NA,0.0,19920,NO
POSITIVE,19921,25.316589,92.687186,5,Jaintia Hills Block,NA,0.0,19921,NO
POSITIVE,19922,25.318161,92.687219,5,Jaintia Hills Block,NA,0.0,19922,NO
POSITIVE,19923,25.31848,91.45262,2,West Khasi Block,NA,0.0,19923,NO
POSITIVE,19924,25.320833,91.9275,3,East Khasi Block,NA,0.0,19924,NO
POSITIVE,19925,25.321102,91.927514,3,East Khasi Block,NA,0.0,19925,NO
POSITIVE,19926,25.321975,92.504228,5,Jaintia Hills Block,NA,0.0,19926,NO
POSITIVE,19927,25.322897,91.927752,3,East Khasi Block,NA,0.0,19927,NO
POSITIVE,19928,25.324583,91.940667,3,East Khasi Block,NA,0.0,19928,NO
POSITIVE,19929,25.324806,91.942194,3,East Khasi Block,NA,0.0,19929,NO
POSITIVE,19930,25.324861,91.938389,3,East Khasi Block,NA,0.0,19930,NO
POSITIVE,19931,25.324889,91.943417,3,East Khasi Block,NA,0.0,19931,NO
POSITIVE,19932,25.325889,91.935222,3,East Khasi Block,NA,0.0,19932,NO
POSITIVE,19933,25.326032,91.659568,3,East Khasi Block,NA,0.0,19933,NO
POSITIVE,19934,25.326063,91.931808,3,East Khasi Block,NA,0.0,19934,NO
POSITIVE,19935,25.326204,91.932463,3,East Khasi Block,NA,0.0,19935,NO
POSITIVE,19936,25.326694,91.933972,3,East Khasi Block,NA,0.0,19936,NO
POSITIVE,19937,25.32765,91.893414,3,East Khasi Block,NA,0.0,19937,NO
POSITIVE,19938,25.331209,91.67737,3,East Khasi Block,NA,0.0,19938,NO
POSITIVE,19939,25.331948,91.661011,3,East Khasi Block,NA,0.0,19939,NO
POSITIVE,19940,25.332836,91.934395,3,East Khasi Block,NA,0.0,19940,NO
POSITIVE,19941,25.333758,92.589778,5,Jaintia Hills Block,NA,0.0,19941,NO
POSITIVE,19942,25.338631,91.777559,3,East Khasi Block,NA,0.0,19942,NO
POSITIVE,19943,25.338711,91.775111,3,East Khasi Block,NA,0.0,19943,NO
POSITIVE,19944,25.339339,92.584781,5,Jaintia Hills Block,NA,0.0,19944,NO
POSITIVE,19945,25.341306,92.009611,5,Jaintia Hills Block,NA,0.0,19945,NO
POSITIVE,19946,25.342269,92.58225,5,Jaintia Hills Block,NA,0.0,19946,NO
POSITIVE,19947,25.343028,92.0625,5,Jaintia Hills Block,NA,0.0,19947,NO
POSITIVE,19948,25.343111,92.584269,5,Jaintia Hills Block,NA,0.0,19948,NO
POSITIVE,19949,25.343528,92.069028,5,Jaintia Hills Block,NA,0.0,19949,NO
POSITIVE,19950,25.343939,92.5849,5,Jaintia Hills Block,NA,0.0,19950,NO
POSITIVE,19951,25.345,91.891,3,East Khasi Block,NA,0.0,19951,YES_CO_LOCATED_GSI_EVENT
POSITIVE,19952,25.34555,91.891461,3,East Khasi Block,NA,0.0,19952,NO
POSITIVE,19953,25.345611,91.895,3,East Khasi Block,NA,0.0,19953,NO
POSITIVE,19954,25.346111,92.00675,5,Jaintia Hills Block,NA,0.0,19954,NO
POSITIVE,19955,25.346641,91.891987,3,East Khasi Block,NA,0.0,19955,NO
POSITIVE,19956,25.346972,92.008278,5,Jaintia Hills Block,NA,0.0,19956,NO
POSITIVE,19957,25.347353,92.010558,5,Jaintia Hills Block,NA,0.0,19957,NO
POSITIVE,19958,25.347444,92.007917,5,Jaintia Hills Block,NA,0.0,19958,NO
POSITIVE,19959,25.34815,91.892506,3,East Khasi Block,NA,0.0,19959,NO
POSITIVE,19960,25.348394,91.762714,3,East Khasi Block,NA,0.0,19960,NO
POSITIVE,19961,25.349742,91.893423,3,East Khasi Block,NA,0.0,19961,NO
POSITIVE,19962,25.350166,91.972582,3,East Khasi Block,NA,0.0,19962,NO
POSITIVE,19963,25.35093,92.51236,5,Jaintia Hills Block,NA,0.0,19963,NO
POSITIVE,19964,25.351304,91.89353,3,East Khasi Block,NA,0.0,19964,NO
POSITIVE,19965,25.352431,92.513478,5,Jaintia Hills Block,NA,0.0,19965,NO
POSITIVE,19966,25.353486,91.765544,3,East Khasi Block,NA,0.0,19966,NO
POSITIVE,19967,25.354239,92.572861,5,Jaintia Hills Block,NA,0.0,19967,NO
POSITIVE,19968,25.354644,91.973237,3,East Khasi Block,NA,0.0,19968,NO
POSITIVE,19969,25.35465,92.5735,5,Jaintia Hills Block,NA,0.0,19969,NO
POSITIVE,19970,25.35525,91.767889,3,East Khasi Block,NA,0.0,19970,NO
POSITIVE,19971,25.356361,92.004972,5,Jaintia Hills Block,NA,0.0,19971,NO
POSITIVE,19972,25.356461,92.006278,5,Jaintia Hills Block,NA,0.0,19972,NO
POSITIVE,19973,25.356475,91.225489,2,West Khasi Block,NA,0.0,19973,NO
POSITIVE,19974,25.357472,91.229167,2,West Khasi Block,NA,0.0,19974,NO
POSITIVE,19975,25.358972,92.003131,5,Jaintia Hills Block,NA,0.0,19975,NO
POSITIVE,19976,25.358977,91.973477,3,East Khasi Block,NA,0.0,19976,NO
POSITIVE,19977,25.359281,91.035939,2,West Khasi Block,NA,0.0,19977,NO
POSITIVE,19978,25.359306,91.885111,3,East Khasi Block,NA,0.0,19978,NO
POSITIVE,19979,25.359331,91.974469,3,East Khasi Block,NA,0.0,19979,NO
POSITIVE,19980,25.359611,91.889417,3,East Khasi Block,NA,0.0,19980,NO
POSITIVE,19981,25.359922,91.882943,3,East Khasi Block,NA,0.0,19981,NO
POSITIVE,19982,25.359923,91.883122,3,East Khasi Block,NA,0.0,19982,NO
POSITIVE,19983,25.359985,91.882639,3,East Khasi Block,NA,0.0,19983,NO
POSITIVE,19984,25.360004,91.8838,3,East Khasi Block,NA,0.0,19984,NO
POSITIVE,19985,25.360132,91.882043,3,East Khasi Block,NA,0.0,19985,NO
POSITIVE,19986,25.360351,91.974979,3,East Khasi Block,NA,0.0,19986,NO
POSITIVE,19987,25.361056,91.034889,2,West Khasi Block,NA,0.0,19987,NO
POSITIVE,19988,25.362972,91.976278,3,East Khasi Block,NA,0.0,19988,NO
POSITIVE,19989,25.363156,92.618839,5,Jaintia Hills Block,NA,0.0,19989,NO
POSITIVE,19990,25.364889,91.881,3,East Khasi Block,NA,0.0,19990,NO
POSITIVE,19991,25.36565,92.5314,5,Jaintia Hills Block,NA,0.0,19991,NO
POSITIVE,19992,25.36925,91.879611,3,East Khasi Block,NA,0.0,19992,NO
POSITIVE,19993,25.372139,91.879889,3,East Khasi Block,NA,0.0,19993,NO
POSITIVE,19994,25.374072,90.8146,1,Garo Hills Block,NA,0.0,19994,NO
POSITIVE,19995,25.37539167,92.431275,5,Jaintia Hills Block,NA,0.0,19995,NO
POSITIVE,19996,25.375719,92.610181,5,Jaintia Hills Block,NA,0.0,19996,NO
POSITIVE,19997,25.375806,92.609725,5,Jaintia Hills Block,NA,0.0,19997,NO
POSITIVE,19998,25.375917,91.876,3,East Khasi Block,NA,0.0,19998,NO
POSITIVE,19999,25.376083,91.876944,3,East Khasi Block,NA,0.0,19999,NO
POSITIVE,20000,25.3763,91.874028,3,East Khasi Block,NA,0.0,20000,NO
POSITIVE,20001,25.376992,91.038136,2,West Khasi Block,NA,0.0,20001,NO
POSITIVE,20002,25.381107,91.756477,3,East Khasi Block,NA,0.0,20002,NO
POSITIVE,20003,25.382428,91.874568,3,East Khasi Block,NA,0.0,20003,NO
POSITIVE,20004,25.382563,91.757675,3,East Khasi Block,NA,0.0,20004,NO
POSITIVE,20005,25.382694,91.877528,3,East Khasi Block,NA,0.0,20005,NO
POSITIVE,20006,25.382898,91.757906,3,East Khasi Block,NA,0.0,20006,NO
POSITIVE,20007,25.383298,91.87473,3,East Khasi Block,NA,0.0,20007,NO
POSITIVE,20008,25.385535,91.988473,3,East Khasi Block,NA,0.0,20008,NO
POSITIVE,20009,25.386191,91.874586,3,East Khasi Block,NA,0.0,20009,NO
POSITIVE,20010,25.386583,91.874694,3,East Khasi Block,NA,0.0,20010,NO
POSITIVE,20011,25.38707,91.988294,3,East Khasi Block,NA,0.0,20011,NO
POSITIVE,20012,25.387781,91.877117,3,East Khasi Block,NA,0.0,20012,NO
POSITIVE,20013,25.387912,91.762233,3,East Khasi Block,NA,0.0,20013,NO
POSITIVE,20014,25.38803,91.46977,2,West Khasi Block,NA,0.0,20014,NO
POSITIVE,20015,25.388039,91.8773,3,East Khasi Block,NA,0.0,20015,NO
POSITIVE,20016,25.389028,91.874917,3,East Khasi Block,NA,0.0,20016,NO
POSITIVE,20017,25.390145,91.87196,3,East Khasi Block,NA,0.0,20017,NO
POSITIVE,20018,25.390444,91.883806,3,East Khasi Block,NA,0.0,20018,NO
POSITIVE,20019,25.390714,91.764766,3,East Khasi Block,NA,0.0,20019,NO
POSITIVE,20020,25.391265,91.884164,3,East Khasi Block,NA,0.0,20020,NO
POSITIVE,20021,25.391723,91.871851,3,East Khasi Block,NA,0.0,20021,NO
POSITIVE,20022,25.391944,91.875028,3,East Khasi Block,NA,0.0,20022,NO
POSITIVE,20023,25.393914,91.872066,3,East Khasi Block,NA,0.0,20023,NO
POSITIVE,20024,25.39466,90.69083,1,Garo Hills Block,NA,0.0,20024,NO
POSITIVE,20025,25.394983,91.872484,3,East Khasi Block,NA,0.0,20025,NO
POSITIVE,20026,25.397287,91.872324,3,East Khasi Block,NA,0.0,20026,NO
POSITIVE,20027,25.39766,90.70111,1,Garo Hills Block,NA,0.0,20027,NO
POSITIVE,20028,25.397722,91.769417,3,East Khasi Block,NA,0.0,20028,NO
POSITIVE,20029,25.39799,90.69972,1,Garo Hills Block,NA,0.0,20029,NO
POSITIVE,20030,25.398345,91.769704,3,East Khasi Block,NA,0.0,20030,NO
POSITIVE,20031,25.39897,91.993367,3,East Khasi Block,NA,0.0,20031,NO
POSITIVE,20032,25.400194,92.015731,5,Jaintia Hills Block,NA,0.0,20032,NO
POSITIVE,20033,25.40023,91.5159,2,West Khasi Block,NA,0.0,20033,NO
POSITIVE,20034,25.40121,90.71722,1,Garo Hills Block,NA,0.0,20034,NO
POSITIVE,20035,25.4013,91.45855,2,West Khasi Block,NA,0.0,20035,NO
POSITIVE,20036,25.403061,90.724166,1,Garo Hills Block,NA,0.0,20036,NO
POSITIVE,20037,25.40547,91.53712,2,West Khasi Block,NA,0.0,20037,NO
POSITIVE,20038,25.407917,91.998889,3,East Khasi Block,NA,0.0,20038,NO
POSITIVE,20039,25.408236,91.778704,3,East Khasi Block,NA,0.0,20039,NO
POSITIVE,20040,25.413306,91.871139,3,East Khasi Block,NA,0.0,20040,NO
POSITIVE,20041,25.415438,91.867487,3,East Khasi Block,NA,0.0,20041,NO
POSITIVE,20042,25.416456,90.802981,1,Garo Hills Block,NA,0.0,20042,NO
POSITIVE,20043,25.42142,92.28894,5,Jaintia Hills Block,NA,0.0,20043,NO
POSITIVE,20044,25.422194,91.869222,3,East Khasi Block,NA,0.0,20044,NO
POSITIVE,20045,25.423674,91.721317,3,East Khasi Block,NA,0.0,20045,NO
POSITIVE,20046,25.423839,91.862729,3,East Khasi Block,NA,0.0,20046,NO
POSITIVE,20047,25.425,91.405,2,West Khasi Block,NA,0.0,20047,NO
POSITIVE,20048,25.425944,91.866,3,East Khasi Block,NA,0.0,20048,NO
POSITIVE,20049,25.426194,92.180472,5,Jaintia Hills Block,NA,0.0,20049,NO
POSITIVE,20050,25.426306,92.181278,5,Jaintia Hills Block,NA,0.0,20050,NO
POSITIVE,20051,25.430111,92.182167,5,Jaintia Hills Block,NA,0.0,20051,NO
POSITIVE,20052,25.430167,91.866528,3,East Khasi Block,NA,0.0,20052,NO
POSITIVE,20053,25.434972,92.18425,5,Jaintia Hills Block,NA,0.0,20053,NO
POSITIVE,20054,25.435167,92.185006,5,Jaintia Hills Block,NA,0.0,20054,NO
POSITIVE,20055,25.43561,91.862056,3,East Khasi Block,NA,0.0,20055,NO
POSITIVE,20056,25.436306,91.050361,2,West Khasi Block,NA,0.0,20056,NO
POSITIVE,20057,25.436706,91.051053,2,West Khasi Block,NA,0.0,20057,NO
POSITIVE,20058,25.436875,91.06105,2,West Khasi Block,NA,0.0,20058,NO
POSITIVE,20059,25.437036,91.857168,3,East Khasi Block,NA,0.0,20059,NO
POSITIVE,20060,25.438495,91.862917,3,East Khasi Block,NA,0.0,20060,NO
POSITIVE,20061,25.439833,92.181333,5,Jaintia Hills Block,NA,0.0,20061,NO
POSITIVE,20062,25.439889,92.181083,5,Jaintia Hills Block,NA,0.0,20062,NO
POSITIVE,20063,25.440153,90.881372,1,Garo Hills Block,NA,0.0,20063,NO
POSITIVE,20064,25.44465,91.34622,2,West Khasi Block,NA,0.0,20064,NO
POSITIVE,20065,25.446933,91.742919,3,East Khasi Block,NA,0.0,20065,NO
POSITIVE,20066,25.44889,92.19417,5,Jaintia Hills Block,NA,0.0,20066,NO
POSITIVE,20067,25.449349,91.817118,3,East Khasi Block,NA,0.0,20067,NO
POSITIVE,20068,25.450464,92.095806,5,Jaintia Hills Block,NA,0.0,20068,NO
POSITIVE,20069,25.450628,91.817767,3,East Khasi Block,NA,0.0,20069,NO
POSITIVE,20070,25.452164,91.819054,3,East Khasi Block,NA,0.0,20070,NO
POSITIVE,20071,25.455639,91.082944,2,West Khasi Block,NA,0.0,20071,NO
POSITIVE,20072,25.455817,91.086289,2,West Khasi Block,NA,0.0,20072,NO
POSITIVE,20073,25.461894,91.830791,3,East Khasi Block,NA,0.0,20073,NO
POSITIVE,20074,25.462319,91.096836,2,West Khasi Block,NA,0.0,20074,NO
POSITIVE,20075,25.463778,92.04425,5,Jaintia Hills Block,NA,0.0,20075,NO
POSITIVE,20076,25.47542,90.698611,1,Garo Hills Block,NA,0.0,20076,NO
POSITIVE,20077,25.479069,90.807167,1,Garo Hills Block,NA,0.0,20077,NO
POSITIVE,20078,25.484178,92.510928,5,Jaintia Hills Block,NA,0.0,20078,NO
POSITIVE,20079,25.48586,90.7005,1,Garo Hills Block,NA,0.0,20079,NO
POSITIVE,20080,25.489833,92.069033,5,Jaintia Hills Block,NA,0.0,20080,NO
POSITIVE,20081,25.490472,92.069472,5,Jaintia Hills Block,NA,0.0,20081,NO
POSITIVE,20082,25.490475,92.069278,5,Jaintia Hills Block,NA,0.0,20082,NO
POSITIVE,20083,25.490961,92.070397,5,Jaintia Hills Block,NA,0.0,20083,NO
POSITIVE,20084,25.49137,91.821688,3,East Khasi Block,NA,0.0,20084,NO
POSITIVE,20085,25.49151667,91.77329444,3,East Khasi Block,NA,0.0,20085,YES_CO_LOCATED_GSI_EVENT
POSITIVE,20086,25.496081,91.117675,2,West Khasi Block,NA,0.0,20086,NO
POSITIVE,20087,25.496367,91.163575,2,West Khasi Block,NA,0.0,20087,NO
POSITIVE,20088,25.496861,91.198556,2,West Khasi Block,NA,0.0,20088,NO
POSITIVE,20089,25.49736111,91.77902778,3,East Khasi Block,NA,0.0,20089,YES_CO_LOCATED_GSI_EVENT
POSITIVE,20090,25.49833333,91.73361111,3,East Khasi Block,NA,0.0,20090,YES_CO_LOCATED_GSI_EVENT
POSITIVE,20091,25.5,90.21,1,Garo Hills Block,NA,0.0,20091,NO
POSITIVE,20092,25.5,90.22,1,Garo Hills Block,NA,0.0,20092,YES_CO_LOCATED_GSI_EVENT
POSITIVE,20093,25.5,90.22,1,Garo Hills Block,NA,0.0,20093,YES_CO_LOCATED_GSI_EVENT
POSITIVE,20094,25.5,90.22,1,Garo Hills Block,NA,0.0,20094,YES_CO_LOCATED_GSI_EVENT
POSITIVE,20095,25.5014,90.68972,1,Garo Hills Block,NA,0.0,20095,NO
POSITIVE,20096,25.50335,91.28335,2,West Khasi Block,NA,0.0,20096,NO
POSITIVE,20097,25.50368056,91.72342222,3,East Khasi Block,NA,0.0,20097,YES_CO_LOCATED_GSI_EVENT
POSITIVE,20098,25.504083,91.723028,3,East Khasi Block,NA,0.0,20098,NO
POSITIVE,20099,25.50667,91.28318,2,West Khasi Block,NA,0.0,20099,NO
POSITIVE,20100,25.507378,91.223883,2,West Khasi Block,NA,0.0,20100,NO
POSITIVE,20101,25.507528,91.224333,2,West Khasi Block,NA,0.0,20101,NO
POSITIVE,20102,25.507586,91.708236,3,East Khasi Block,NA,0.0,20102,NO
POSITIVE,20103,25.50781,90.68,1,Garo Hills Block,NA,0.0,20103,NO
POSITIVE,20104,25.508,91.225694,2,West Khasi Block,NA,0.0,20104,NO
POSITIVE,20105,25.509233,91.703961,3,East Khasi Block,NA,0.0,20105,NO
POSITIVE,20106,25.509358,91.719631,3,East Khasi Block,NA,0.0,20106,NO
POSITIVE,20107,25.51,90.21,1,Garo Hills Block,NA,0.0,20107,NO
POSITIVE,20108,25.51028,90.21678,1,Garo Hills Block,NA,0.0,20108,NO
POSITIVE,20109,25.51046111,91.70312778,3,East Khasi Block,NA,0.0,20109,YES_CO_LOCATED_GSI_EVENT
POSITIVE,20110,25.512611,90.658611,1,Garo Hills Block,NA,0.0,20110,NO
POSITIVE,20111,25.519556,91.266444,2,West Khasi Block,NA,0.0,20111,NO
POSITIVE,20112,25.51973,91.28443,2,West Khasi Block,NA,0.0,20112,NO
POSITIVE,20113,25.520356,91.537764,2,West Khasi Block,NA,0.0,20113,NO
POSITIVE,20114,25.5208,91.25985,2,West Khasi Block,NA,0.0,20114,NO
POSITIVE,20115,25.522717,91.448328,2,West Khasi Block,NA,0.0,20115,NO
POSITIVE,20116,25.522768,91.892701,3,East Khasi Block,NA,0.0,20116,NO
POSITIVE,20117,25.523,91.521389,2,West Khasi Block,NA,0.0,20117,NO
POSITIVE,20118,25.523083,91.268972,2,West Khasi Block,NA,0.0,20118,NO
POSITIVE,20119,25.524931,91.514383,2,West Khasi Block,NA,0.0,20119,NO
POSITIVE,20120,25.525533,91.467683,2,West Khasi Block,NA,0.0,20120,NO
POSITIVE,20121,25.527489,92.415139,5,Jaintia Hills Block,NA,0.0,20121,NO
POSITIVE,20122,25.5275,91.918861,3,East Khasi Block,NA,0.0,20122,NO
POSITIVE,20123,25.527781,91.263214,2,West Khasi Block,NA,0.0,20123,NO
POSITIVE,20124,25.528308,91.395711,2,West Khasi Block,NA,0.0,20124,NO
POSITIVE,20125,25.529056,91.923722,3,East Khasi Block,NA,0.0,20125,NO
POSITIVE,20126,25.529408,92.455339,5,Jaintia Hills Block,NA,0.0,20126,NO
POSITIVE,20127,25.53,89.98,1,Garo Hills Block,NA,0.0,20127,YES_CO_LOCATED_GSI_EVENT
POSITIVE,20128,25.53,89.98,1,Garo Hills Block,NA,0.0,20128,YES_CO_LOCATED_GSI_EVENT
POSITIVE,20129,25.533183,91.205647,2,West Khasi Block,NA,0.0,20129,NO
POSITIVE,20130,25.534486,91.205492,2,West Khasi Block,NA,0.0,20130,NO
POSITIVE,20131,25.53458,92.11539,5,Jaintia Hills Block,NA,0.0,20131,NO
POSITIVE,20132,25.535628,91.679575,3,East Khasi Block,NA,0.0,20132,NO
POSITIVE,20133,25.536889,91.206556,2,West Khasi Block,NA,0.0,20133,NO
POSITIVE,20134,25.536972,91.973639,3,East Khasi Block,NA,0.0,20134,NO
POSITIVE,20135,25.53725,91.206972,2,West Khasi Block,NA,0.0,20135,NO
POSITIVE,20136,25.537344,91.207542,2,West Khasi Block,NA,0.0,20136,NO
POSITIVE,20137,25.537636,91.208528,2,West Khasi Block,NA,0.0,20137,NO
POSITIVE,20138,25.537972,91.602361,3,East Khasi Block,NA,0.0,20138,NO
POSITIVE,20139,25.539611,92.001556,5,Jaintia Hills Block,NA,0.0,20139,NO
POSITIVE,20140,25.541611,92.0125,5,Jaintia Hills Block,NA,0.0,20140,NO
POSITIVE,20141,25.54231,92.1,5,Jaintia Hills Block,NA,0.0,20141,NO
POSITIVE,20142,25.54261,92.10867,5,Jaintia Hills Block,NA,0.0,20142,NO
POSITIVE,20143,25.54261,92.09842,5,Jaintia Hills Block,NA,0.0,20143,NO
POSITIVE,20144,25.54264,92.10214,5,Jaintia Hills Block,NA,0.0,20144,NO
POSITIVE,20145,25.542694,92.096472,5,Jaintia Hills Block,NA,0.0,20145,NO
POSITIVE,20146,25.542744,91.662067,3,East Khasi Block,NA,0.0,20146,NO
POSITIVE,20147,25.542806,92.096972,5,Jaintia Hills Block,NA,0.0,20147,NO
POSITIVE,20148,25.54328,92.10478,5,Jaintia Hills Block,NA,0.0,20148,NO
POSITIVE,20149,25.544028,91.215472,2,West Khasi Block,NA,0.0,20149,NO
POSITIVE,20150,25.544506,92.102033,5,Jaintia Hills Block,NA,0.0,20150,NO
POSITIVE,20151,25.544889,91.263722,2,West Khasi Block,NA,0.0,20151,NO
POSITIVE,20152,25.544906,91.268575,2,West Khasi Block,NA,0.0,20152,NO
POSITIVE,20153,25.544917,91.270722,2,West Khasi Block,NA,0.0,20153,NO
POSITIVE,20154,25.544936,91.267672,2,West Khasi Block,NA,0.0,20154,NO
POSITIVE,20155,25.545061,91.269778,2,West Khasi Block,NA,0.0,20155,NO
POSITIVE,20156,25.545083,92.103175,5,Jaintia Hills Block,NA,0.0,20156,NO
POSITIVE,20157,25.545139,92.104778,5,Jaintia Hills Block,NA,0.0,20157,NO
POSITIVE,20158,25.545206,91.276144,2,West Khasi Block,NA,0.0,20158,NO
POSITIVE,20159,25.545642,91.325403,2,West Khasi Block,NA,0.0,20159,NO
POSITIVE,20160,25.545722,91.520556,2,West Khasi Block,NA,0.0,20160,NO
POSITIVE,20161,25.545939,91.284283,2,West Khasi Block,NA,0.0,20161,NO
POSITIVE,20162,25.546456,91.235733,2,West Khasi Block,NA,0.0,20162,NO
POSITIVE,20163,25.546553,91.235222,2,West Khasi Block,NA,0.0,20163,NO
POSITIVE,20164,25.547867,91.292589,2,West Khasi Block,NA,0.0,20164,NO
POSITIVE,20165,25.548089,91.647706,3,East Khasi Block,NA,0.0,20165,NO
POSITIVE,20166,25.548306,91.61775,3,East Khasi Block,NA,0.0,20166,NO
POSITIVE,20167,25.549139,91.244417,2,West Khasi Block,NA,0.0,20167,NO
POSITIVE,20168,25.549333,91.246583,2,West Khasi Block,NA,0.0,20168,NO
POSITIVE,20169,25.549639,91.247472,2,West Khasi Block,NA,0.0,20169,NO
POSITIVE,20170,25.549667,91.242444,2,West Khasi Block,NA,0.0,20170,NO
POSITIVE,20171,25.549789,91.645033,3,East Khasi Block,NA,0.0,20171,NO
POSITIVE,20172,25.549861,91.295706,2,West Khasi Block,NA,0.0,20172,NO
POSITIVE,20173,25.549961,91.341175,2,West Khasi Block,NA,0.0,20173,NO
POSITIVE,20174,25.55,90.33,1,Garo Hills Block,NA,0.0,20174,NO
POSITIVE,20175,25.550122,91.250286,2,West Khasi Block,NA,0.0,20175,NO
POSITIVE,20176,25.5502,91.618106,3,East Khasi Block,NA,0.0,20176,NO
POSITIVE,20177,25.550608,91.232894,2,West Khasi Block,NA,0.0,20177,NO
POSITIVE,20178,25.551225,91.232636,2,West Khasi Block,NA,0.0,20178,NO
POSITIVE,20179,25.55125,91.297056,2,West Khasi Block,NA,0.0,20179,NO
POSITIVE,20180,25.551667,91.2325,2,West Khasi Block,NA,0.0,20180,NO
POSITIVE,20181,25.551667,92.331806,5,Jaintia Hills Block,NA,0.0,20181,NO
POSITIVE,20182,25.552647,91.237072,2,West Khasi Block,NA,0.0,20182,NO
POSITIVE,20183,25.552992,90.814503,1,Garo Hills Block,NA,0.0,20183,NO
POSITIVE,20184,25.553522,90.815225,1,Garo Hills Block,NA,0.0,20184,NO
POSITIVE,20185,25.553794,91.231139,2,West Khasi Block,NA,0.0,20185,NO
POSITIVE,20186,25.555256,91.234944,2,West Khasi Block,NA,0.0,20186,NO
POSITIVE,20187,25.557833,90.818103,1,Garo Hills Block,NA,0.0,20187,NO
POSITIVE,20188,25.558058,90.809919,1,Garo Hills Block,NA,0.0,20188,NO
POSITIVE,20189,25.558442,91.228547,2,West Khasi Block,NA,0.0,20189,NO
POSITIVE,20190,25.558489,91.230911,2,West Khasi Block,NA,0.0,20190,NO
POSITIVE,20191,25.559222,91.229639,2,West Khasi Block,NA,0.0,20191,NO
POSITIVE,20192,25.559778,92.226278,5,Jaintia Hills Block,NA,0.0,20192,NO
POSITIVE,20193,25.56,90.34,1,Garo Hills Block,NA,0.0,20193,NO
POSITIVE,20194,25.56,90.37,1,Garo Hills Block,NA,0.0,20194,NO
POSITIVE,20195,25.560028,90.833917,1,Garo Hills Block,NA,0.0,20195,NO
POSITIVE,20196,25.560667,91.228028,2,West Khasi Block,NA,0.0,20196,NO
POSITIVE,20197,25.560931,91.227694,2,West Khasi Block,NA,0.0,20197,NO
POSITIVE,20198,25.561281,92.330142,5,Jaintia Hills Block,NA,0.0,20198,NO
POSITIVE,20199,25.563239,91.225711,2,West Khasi Block,NA,0.0,20199,NO
POSITIVE,20200,25.563472,92.329689,5,Jaintia Hills Block,NA,0.0,20200,NO
POSITIVE,20201,25.565333,91.225667,2,West Khasi Block,NA,0.0,20201,NO
POSITIVE,20202,25.565489,91.220686,2,West Khasi Block,NA,0.0,20202,NO
POSITIVE,20203,25.565569,90.808153,1,Garo Hills Block,NA,0.0,20203,NO
POSITIVE,20204,25.56667,91.90194,3,East Khasi Block,NA,0.0,20204,NO
POSITIVE,20205,25.568056,91.737944,3,East Khasi Block,NA,0.0,20205,NO
POSITIVE,20206,25.568106,91.737919,3,East Khasi Block,NA,0.0,20206,NO
POSITIVE,20207,25.568837,91.833286,3,East Khasi Block,NA,0.0,20207,NO
POSITIVE,20208,25.569222,91.217222,2,West Khasi Block,NA,0.0,20208,NO
POSITIVE,20209,25.569278,92.2025,5,Jaintia Hills Block,NA,0.0,20209,NO
POSITIVE,20210,25.569333,92.202139,5,Jaintia Hills Block,NA,0.0,20210,NO
POSITIVE,20211,25.569778,91.21575,2,West Khasi Block,NA,0.0,20211,NO
POSITIVE,20212,25.57,89.98,1,Garo Hills Block,NA,0.0,20212,NO
POSITIVE,20213,25.570361,91.215056,2,West Khasi Block,NA,0.0,20213,NO
POSITIVE,20214,25.571,92.55128,5,Jaintia Hills Block,NA,0.0,20214,NO
POSITIVE,20215,25.571256,91.825464,3,East Khasi Block,NA,0.0,20215,NO
POSITIVE,20216,25.571299,91.833183,3,East Khasi Block,NA,0.0,20216,NO
POSITIVE,20217,25.571555,91.826228,3,East Khasi Block,NA,0.0,20217,NO
POSITIVE,20218,25.571747,91.827526,3,East Khasi Block,NA,0.0,20218,NO
POSITIVE,20219,25.572312,91.828292,3,East Khasi Block,NA,0.0,20219,NO
POSITIVE,20220,25.572492,91.209156,2,West Khasi Block,NA,0.0,20220,NO
POSITIVE,20221,25.57255,91.828833,3,East Khasi Block,NA,0.0,20221,NO
POSITIVE,20222,25.573653,91.831023,3,East Khasi Block,NA,0.0,20222,NO
POSITIVE,20223,25.57395,92.058583,5,Jaintia Hills Block,NA,0.0,20223,NO
POSITIVE,20224,25.57425,91.214472,2,West Khasi Block,NA,0.0,20224,NO
POSITIVE,20225,25.57428,91.831851,3,East Khasi Block,NA,0.0,20225,NO
POSITIVE,20226,25.576203,92.057722,5,Jaintia Hills Block,NA,0.0,20226,NO
POSITIVE,20227,25.576806,92.242444,5,Jaintia Hills Block,NA,0.0,20227,NO
POSITIVE,20228,25.576847,91.753423,3,East Khasi Block,NA,0.0,20228,NO
POSITIVE,20229,25.577212,91.75219,3,East Khasi Block,NA,0.0,20229,NO
POSITIVE,20230,25.578206,92.266856,5,Jaintia Hills Block,NA,0.0,20230,NO
POSITIVE,20231,25.57822,91.86545,3,East Khasi Block,NA,0.0,20231,NO
POSITIVE,20232,25.58,89.99,1,Garo Hills Block,NA,0.0,20232,NO
POSITIVE,20233,25.580703,91.237361,2,West Khasi Block,NA,0.0,20233,NO
POSITIVE,20234,25.581572,91.181611,2,West Khasi Block,NA,0.0,20234,NO
POSITIVE,20235,25.581822,91.189944,2,West Khasi Block,NA,0.0,20235,NO
POSITIVE,20236,25.581829,91.765659,3,East Khasi Block,NA,0.0,20236,NO
POSITIVE,20237,25.581983,91.176972,2,West Khasi Block,NA,0.0,20237,NO
POSITIVE,20238,25.582061,91.185611,2,West Khasi Block,NA,0.0,20238,NO
POSITIVE,20239,25.582167,92.058333,5,Jaintia Hills Block,NA,0.0,20239,NO
POSITIVE,20240,25.582836,91.183972,2,West Khasi Block,NA,0.0,20240,NO
POSITIVE,20241,25.583236,91.237317,2,West Khasi Block,NA,0.0,20241,NO
POSITIVE,20242,25.585389,91.1765,2,West Khasi Block,NA,0.0,20242,NO
POSITIVE,20243,25.585875,91.777328,3,East Khasi Block,NA,0.0,20243,NO
POSITIVE,20244,25.587111,91.498556,2,West Khasi Block,NA,0.0,20244,NO
POSITIVE,20245,25.592972,92.055139,5,Jaintia Hills Block,NA,0.0,20245,NO
POSITIVE,20246,25.59578,91.917379,3,East Khasi Block,NA,0.0,20246,NO
POSITIVE,20247,25.597614,91.153233,2,West Khasi Block,NA,0.0,20247,NO
POSITIVE,20248,25.598908,91.175628,2,West Khasi Block,NA,0.0,20248,NO
POSITIVE,20249,25.599096,91.859289,3,East Khasi Block,NA,0.0,20249,NO
POSITIVE,20250,25.599575,91.1782,2,West Khasi Block,NA,0.0,20250,NO
POSITIVE,20251,25.599762,91.860814,3,East Khasi Block,NA,0.0,20251,NO
POSITIVE,20252,25.599815,91.860028,3,East Khasi Block,NA,0.0,20252,NO
POSITIVE,20253,25.599817,91.176394,2,West Khasi Block,NA,0.0,20253,NO
POSITIVE,20254,25.6,90.03,1,Garo Hills Block,NA,0.0,20254,NO
POSITIVE,20255,25.6,90.29,1,Garo Hills Block,NA,0.0,20255,NO
POSITIVE,20256,25.600736,91.177453,2,West Khasi Block,NA,0.0,20256,NO
POSITIVE,20257,25.602683,91.180708,2,West Khasi Block,NA,0.0,20257,NO
POSITIVE,20258,25.60339,91.856222,3,East Khasi Block,NA,0.0,20258,NO
POSITIVE,20259,25.606189,91.157706,2,West Khasi Block,NA,0.0,20259,NO
POSITIVE,20260,25.606193,91.856276,3,East Khasi Block,NA,0.0,20260,NO
POSITIVE,20261,25.606969,91.176158,2,West Khasi Block,NA,0.0,20261,NO
POSITIVE,20262,25.607458,91.157039,2,West Khasi Block,NA,0.0,20262,NO
POSITIVE,20263,25.607567,91.174906,2,West Khasi Block,NA,0.0,20263,NO
POSITIVE,20264,25.61,90.29,1,Garo Hills Block,NA,0.0,20264,YES_CO_LOCATED_GSI_EVENT
POSITIVE,20265,25.61,90.29,1,Garo Hills Block,NA,0.0,20265,YES_CO_LOCATED_GSI_EVENT
POSITIVE,20266,25.61,90.29,1,Garo Hills Block,NA,0.0,20266,YES_CO_LOCATED_GSI_EVENT
POSITIVE,20267,25.61,90.29,1,Garo Hills Block,NA,0.0,20267,YES_CO_LOCATED_GSI_EVENT
POSITIVE,20268,25.61,90.3,1,Garo Hills Block,NA,0.0,20268,NO
POSITIVE,20269,25.61,90.31,1,Garo Hills Block,NA,0.0,20269,NO
POSITIVE,20270,25.611361,91.022019,2,West Khasi Block,NA,0.0,20270,NO
POSITIVE,20271,25.611931,92.452931,5,Jaintia Hills Block,NA,0.0,20271,NO
POSITIVE,20272,25.612528,91.870861,3,East Khasi Block,NA,0.0,20272,NO
POSITIVE,20273,25.612794,91.173697,2,West Khasi Block,NA,0.0,20273,NO
POSITIVE,20274,25.613583,91.871778,3,East Khasi Block,NA,0.0,20274,NO
POSITIVE,20275,25.613917,91.868639,3,East Khasi Block,NA,0.0,20275,NO
POSITIVE,20276,25.614112,91.869632,3,East Khasi Block,NA,0.0,20276,NO
POSITIVE,20277,25.614537,91.87005,3,East Khasi Block,NA,0.0,20277,NO
POSITIVE,20278,25.614657,91.870692,3,East Khasi Block,NA,0.0,20278,NO
POSITIVE,20279,25.614664,91.870266,3,East Khasi Block,NA,0.0,20279,NO
POSITIVE,20280,25.614807,91.871158,3,East Khasi Block,NA,0.0,20280,NO
POSITIVE,20281,25.614912,91.871711,3,East Khasi Block,NA,0.0,20281,NO
POSITIVE,20282,25.615092,91.309872,2,West Khasi Block,NA,0.0,20282,NO
POSITIVE,20283,25.615134,91.872232,3,East Khasi Block,NA,0.0,20283,NO
POSITIVE,20284,25.616596,91.876562,3,East Khasi Block,NA,0.0,20284,NO
POSITIVE,20285,25.617787,91.872745,3,East Khasi Block,NA,0.0,20285,NO
POSITIVE,20286,25.618994,91.185681,2,West Khasi Block,NA,0.0,20286,NO
POSITIVE,20287,25.619625,91.616567,3,East Khasi Block,NA,0.0,20287,NO
POSITIVE,20288,25.619861,91.875111,3,East Khasi Block,NA,0.0,20288,NO
POSITIVE,20289,25.62,90.33,1,Garo Hills Block,NA,0.0,20289,NO
POSITIVE,20290,25.62,91.88272222,3,East Khasi Block,NA,0.0,20290,YES_CO_LOCATED_GSI_EVENT
POSITIVE,20291,25.620361,91.617083,3,East Khasi Block,NA,0.0,20291,NO
POSITIVE,20292,25.624778,91.16775,2,West Khasi Block,NA,0.0,20292,NO
POSITIVE,20293,25.6251,91.9118,3,East Khasi Block,NA,0.0,20293,NO
POSITIVE,20294,25.625142,90.791675,1,Garo Hills Block,NA,0.0,20294,NO
POSITIVE,20295,25.625331,91.182614,2,West Khasi Block,NA,0.0,20295,NO
POSITIVE,20296,25.626417,91.887028,3,East Khasi Block,NA,0.0,20296,NO
POSITIVE,20297,25.626767,91.165211,2,West Khasi Block,NA,0.0,20297,NO
POSITIVE,20298,25.626794,91.829725,3,East Khasi Block,NA,0.0,20298,NO
POSITIVE,20299,25.627946,91.876487,3,East Khasi Block,NA,0.0,20299,NO
POSITIVE,20300,25.628361,91.037139,2,West Khasi Block,NA,0.0,20300,NO
POSITIVE,20301,25.628758,91.164169,2,West Khasi Block,NA,0.0,20301,NO
POSITIVE,20302,25.629003,91.037664,2,West Khasi Block,NA,0.0,20302,NO
POSITIVE,20303,25.629683,91.163172,2,West Khasi Block,NA,0.0,20303,NO
POSITIVE,20304,25.63,90.33,1,Garo Hills Block,NA,0.0,20304,YES_CO_LOCATED_GSI_EVENT
POSITIVE,20305,25.63,90.33,1,Garo Hills Block,NA,0.0,20305,YES_CO_LOCATED_GSI_EVENT
POSITIVE,20306,25.630652,91.87886,3,East Khasi Block,NA,0.0,20306,NO
POSITIVE,20307,25.632286,91.162786,2,West Khasi Block,NA,0.0,20307,NO
POSITIVE,20308,25.633896,91.891833,3,East Khasi Block,NA,0.0,20308,NO
POSITIVE,20309,25.635556,90.807778,1,Garo Hills Block,NA,0.0,20309,NO
POSITIVE,20310,25.636747,91.162711,2,West Khasi Block,NA,0.0,20310,NO
POSITIVE,20311,25.636913,91.843235,3,East Khasi Block,NA,0.0,20311,NO
POSITIVE,20312,25.637026,91.844464,3,East Khasi Block,NA,0.0,20312,NO
POSITIVE,20313,25.637189,91.93345,3,East Khasi Block,NA,0.0,20313,NO
POSITIVE,20314,25.637274,91.844234,3,East Khasi Block,NA,0.0,20314,NO
POSITIVE,20315,25.637365,91.932235,3,East Khasi Block,NA,0.0,20315,NO
POSITIVE,20316,25.637779,91.932565,3,East Khasi Block,NA,0.0,20316,NO
POSITIVE,20317,25.639417,91.044806,2,West Khasi Block,NA,0.0,20317,NO
POSITIVE,20318,25.640264,91.848588,3,East Khasi Block,NA,0.0,20318,NO
POSITIVE,20319,25.641194,91.890667,3,East Khasi Block,NA,0.0,20319,NO
POSITIVE,20320,25.641388,91.854928,3,East Khasi Block,NA,0.0,20320,NO
POSITIVE,20321,25.64213,91.851852,3,East Khasi Block,NA,0.0,20321,NO
POSITIVE,20322,25.642198,91.851055,3,East Khasi Block,NA,0.0,20322,NO
POSITIVE,20323,25.643494,91.159222,2,West Khasi Block,NA,0.0,20323,NO
POSITIVE,20324,25.643591,91.890859,3,East Khasi Block,NA,0.0,20324,NO
POSITIVE,20325,25.64366,91.899342,3,East Khasi Block,NA,0.0,20325,NO
POSITIVE,20326,25.644222,91.158528,2,West Khasi Block,NA,0.0,20326,NO
POSITIVE,20327,25.644833,91.134778,2,West Khasi Block,NA,0.0,20327,NO
POSITIVE,20328,25.644944,91.158153,2,West Khasi Block,NA,0.0,20328,NO
POSITIVE,20329,25.64575,92.071167,5,Jaintia Hills Block,NA,0.0,20329,NO
POSITIVE,20330,25.6466,91.157592,2,West Khasi Block,NA,0.0,20330,NO
POSITIVE,20331,25.647514,91.055144,2,West Khasi Block,NA,0.0,20331,NO
POSITIVE,20332,25.64906111,91.89733611,3,East Khasi Block,NA,0.0,20332,YES_CO_LOCATED_GSI_EVENT
POSITIVE,20333,25.64908889,91.899,3,East Khasi Block,NA,0.0,20333,YES_CO_LOCATED_GSI_EVENT
POSITIVE,20334,25.649222,91.899,3,East Khasi Block,NA,0.0,20334,NO
POSITIVE,20335,25.649856,91.154383,2,West Khasi Block,NA,0.0,20335,NO
POSITIVE,20336,25.65,90.38,1,Garo Hills Block,NA,0.0,20336,YES_CO_LOCATED_GSI_EVENT
POSITIVE,20337,25.65,90.38,1,Garo Hills Block,NA,0.0,20337,YES_CO_LOCATED_GSI_EVENT
POSITIVE,20338,25.65,90.38,1,Garo Hills Block,NA,0.0,20338,YES_CO_LOCATED_GSI_EVENT
POSITIVE,20339,25.65060556,91.89945278,4,Ri-Bhoi Block,NA,0.0,20339,YES_CO_LOCATED_GSI_EVENT
POSITIVE,20340,25.653181,92.041194,4,Ri-Bhoi Block,NA,0.0,20340,NO
POSITIVE,20341,25.654639,91.898222,4,Ri-Bhoi Block,NA,0.0,20341,NO
POSITIVE,20342,25.656408,91.900528,4,Ri-Bhoi Block,NA,0.0,20342,NO
POSITIVE,20343,25.657083,91.147397,4,Ri-Bhoi Block,NA,0.0,20343,NO
POSITIVE,20344,25.65835,91.177014,4,Ri-Bhoi Block,NA,0.0,20344,NO
POSITIVE,20345,25.660275,91.144308,4,Ri-Bhoi Block,NA,0.0,20345,NO
POSITIVE,20346,25.660333,91.635083,4,Ri-Bhoi Block,NA,0.0,20346,NO
POSITIVE,20347,25.660539,91.635431,4,Ri-Bhoi Block,NA,0.0,20347,NO
POSITIVE,20348,25.660825,91.143689,4,Ri-Bhoi Block,NA,0.0,20348,NO
POSITIVE,20349,25.663303,91.1347,4,Ri-Bhoi Block,NA,0.0,20349,NO
POSITIVE,20350,25.663444,91.915944,4,Ri-Bhoi Block,NA,0.0,20350,NO
POSITIVE,20351,25.664111,91.089556,4,Ri-Bhoi Block,NA,0.0,20351,NO
POSITIVE,20352,25.6655,91.090556,4,Ri-Bhoi Block,NA,0.0,20352,NO
POSITIVE,20353,25.666028,91.091167,4,Ri-Bhoi Block,NA,0.0,20353,NO
POSITIVE,20354,25.66675,91.121472,4,Ri-Bhoi Block,NA,0.0,20354,NO
POSITIVE,20355,25.667072,91.091972,4,Ri-Bhoi Block,NA,0.0,20355,NO
POSITIVE,20356,25.667417,91.092333,4,Ri-Bhoi Block,NA,0.0,20356,NO
POSITIVE,20357,25.667472,91.066778,4,Ri-Bhoi Block,NA,0.0,20357,NO
POSITIVE,20358,25.667597,91.063169,4,Ri-Bhoi Block,NA,0.0,20358,NO
POSITIVE,20359,25.667744,91.597819,4,Ri-Bhoi Block,NA,0.0,20359,NO
POSITIVE,20360,25.668317,91.114858,4,Ri-Bhoi Block,NA,0.0,20360,NO
POSITIVE,20361,25.668469,91.975083,4,Ri-Bhoi Block,NA,0.0,20361,NO
POSITIVE,20362,25.669678,91.102908,4,Ri-Bhoi Block,NA,0.0,20362,NO
POSITIVE,20363,25.66975,91.100222,4,Ri-Bhoi Block,NA,0.0,20363,NO
POSITIVE,20364,25.67,90.18,1,Garo Hills Block,NA,0.0,20364,NO
POSITIVE,20365,25.670083,91.094806,4,Ri-Bhoi Block,NA,0.0,20365,NO
POSITIVE,20366,25.670639,91.09525,4,Ri-Bhoi Block,NA,0.0,20366,NO
POSITIVE,20367,25.671125,91.178883,4,Ri-Bhoi Block,NA,0.0,20367,NO
POSITIVE,20368,25.6715,91.095233,4,Ri-Bhoi Block,NA,0.0,20368,NO
POSITIVE,20369,25.671583,91.040889,4,Ri-Bhoi Block,NA,0.0,20369,NO
POSITIVE,20370,25.671944,91.096139,4,Ri-Bhoi Block,NA,0.0,20370,NO
POSITIVE,20371,25.672167,91.066028,4,Ri-Bhoi Block,NA,0.0,20371,NO
POSITIVE,20372,25.672917,91.06475,4,Ri-Bhoi Block,NA,0.0,20372,NO
POSITIVE,20373,25.674,92.157667,4,Ri-Bhoi Block,NA,0.0,20373,NO
POSITIVE,20374,25.676,92.157917,4,Ri-Bhoi Block,NA,0.0,20374,NO
POSITIVE,20375,25.678306,91.07975,4,Ri-Bhoi Block,NA,0.0,20375,NO
POSITIVE,20376,25.68625,91.118358,4,Ri-Bhoi Block,NA,0.0,20376,NO
POSITIVE,20377,25.687056,91.6485,4,Ri-Bhoi Block,NA,0.0,20377,NO
POSITIVE,20378,25.687083,91.650858,4,Ri-Bhoi Block,NA,0.0,20378,NO
POSITIVE,20379,25.687314,91.655378,4,Ri-Bhoi Block,NA,0.0,20379,NO
POSITIVE,20380,25.687431,91.648322,4,Ri-Bhoi Block,NA,0.0,20380,NO
POSITIVE,20381,25.687442,91.656183,4,Ri-Bhoi Block,NA,0.0,20381,NO
POSITIVE,20382,25.687856,91.647944,4,Ri-Bhoi Block,NA,0.0,20382,NO
POSITIVE,20383,25.688011,91.658069,4,Ri-Bhoi Block,NA,0.0,20383,NO
POSITIVE,20384,25.690833,91.056556,4,Ri-Bhoi Block,NA,0.0,20384,NO
POSITIVE,20385,25.691444,91.057,4,Ri-Bhoi Block,NA,0.0,20385,NO
POSITIVE,20386,25.691453,91.645731,4,Ri-Bhoi Block,NA,0.0,20386,NO
POSITIVE,20387,25.692933,91.647703,4,Ri-Bhoi Block,NA,0.0,20387,NO
POSITIVE,20388,25.692947,91.648044,4,Ri-Bhoi Block,NA,0.0,20388,NO
POSITIVE,20389,25.693222,91.0555,4,Ri-Bhoi Block,NA,0.0,20389,NO
POSITIVE,20390,25.69483,91.11836,4,Ri-Bhoi Block,NA,0.0,20390,NO
POSITIVE,20391,25.695552,91.903777,4,Ri-Bhoi Block,NA,0.0,20391,NO
POSITIVE,20392,25.696489,91.644528,4,Ri-Bhoi Block,NA,0.0,20392,NO
POSITIVE,20393,25.696556,92.109694,4,Ri-Bhoi Block,NA,0.0,20393,NO
POSITIVE,20394,25.698111,91.18275,4,Ri-Bhoi Block,NA,0.0,20394,NO
POSITIVE,20395,25.6985,91.056611,4,Ri-Bhoi Block,NA,0.0,20395,NO
POSITIVE,20396,25.698667,91.054778,4,Ri-Bhoi Block,NA,0.0,20396,NO
POSITIVE,20397,25.699306,91.055556,4,Ri-Bhoi Block,NA,0.0,20397,NO
POSITIVE,20398,25.6999,91.642192,4,Ri-Bhoi Block,NA,0.0,20398,NO
POSITIVE,20399,25.700053,91.644486,4,Ri-Bhoi Block,NA,0.0,20399,NO
POSITIVE,20400,25.704083,92.118833,4,Ri-Bhoi Block,NA,0.0,20400,NO
POSITIVE,20401,25.708426,91.896406,4,Ri-Bhoi Block,NA,0.0,20401,NO
POSITIVE,20402,25.711032,91.891803,4,Ri-Bhoi Block,NA,0.0,20402,NO
POSITIVE,20403,25.716594,90.822539,1,Garo Hills Block,NA,0.0,20403,NO
POSITIVE,20404,25.746722,92.111139,4,Ri-Bhoi Block,NA,0.0,20404,NO
POSITIVE,20405,25.746806,92.107806,4,Ri-Bhoi Block,NA,0.0,20405,NO
POSITIVE,20406,25.747333,92.117333,4,Ri-Bhoi Block,NA,0.0,20406,NO
POSITIVE,20407,25.747597,92.114167,4,Ri-Bhoi Block,NA,0.0,20407,NO
POSITIVE,20408,25.75634,92.017832,4,Ri-Bhoi Block,NA,0.0,20408,NO
POSITIVE,20409,25.759278,91.882861,4,Ri-Bhoi Block,NA,0.0,20409,NO
POSITIVE,20410,25.760611,91.88225,4,Ri-Bhoi Block,NA,0.0,20410,NO
POSITIVE,20411,25.763347,91.657153,4,Ri-Bhoi Block,NA,0.0,20411,NO
POSITIVE,20412,25.776087,92.03754,4,Ri-Bhoi Block,NA,0.0,20412,NO
POSITIVE,20413,25.787,91.876583,4,Ri-Bhoi Block,NA,0.0,20413,NO
POSITIVE,20414,25.79,91.02,4,Ri-Bhoi Block,NA,0.0,20414,NO
POSITIVE,20415,25.79,90.44,1,Garo Hills Block,NA,0.0,20415,NO
POSITIVE,20416,25.795444,91.662111,4,Ri-Bhoi Block,NA,0.0,20416,NO
POSITIVE,20417,25.796657,92.143462,4,Ri-Bhoi Block,NA,0.0,20417,NO
POSITIVE,20418,25.8,91.11,4,Ri-Bhoi Block,NA,0.0,20418,NO
POSITIVE,20419,25.8,91.01,4,Ri-Bhoi Block,NA,0.0,20419,NO
POSITIVE,20420,25.81,91.02,4,Ri-Bhoi Block,NA,0.0,20420,NO
POSITIVE,20421,25.83,91.14,4,Ri-Bhoi Block,NA,0.0,20421,NO
POSITIVE,20422,25.83,91.05,4,Ri-Bhoi Block,NA,0.0,20422,YES_CO_LOCATED_GSI_EVENT
POSITIVE,20423,25.83,91.05,4,Ri-Bhoi Block,NA,0.0,20423,YES_CO_LOCATED_GSI_EVENT
POSITIVE,20424,25.84,91.47,4,Ri-Bhoi Block,NA,0.0,20424,NO
POSITIVE,20425,25.85,91.17,4,Ri-Bhoi Block,NA,0.0,20425,NO
POSITIVE,20426,25.852222,91.881361,4,Ri-Bhoi Block,NA,0.0,20426,NO
POSITIVE,20427,25.853111,91.881583,4,Ri-Bhoi Block,NA,0.0,20427,NO
POSITIVE,20428,25.86575,92.153286,4,Ri-Bhoi Block,NA,0.0,20428,NO
POSITIVE,20429,25.865894,91.880278,4,Ri-Bhoi Block,NA,0.0,20429,NO
POSITIVE,20430,25.874293,92.018322,4,Ri-Bhoi Block,NA,0.0,20430,NO
POSITIVE,20431,25.895583,91.599333,4,Ri-Bhoi Block,NA,0.0,20431,NO
POSITIVE,20432,25.913997,91.578903,4,Ri-Bhoi Block,NA,0.0,20432,NO
POSITIVE,20433,25.9235,91.574222,4,Ri-Bhoi Block,NA,0.0,20433,NO
POSITIVE,20434,25.92792,91.87717,4,Ri-Bhoi Block,NA,0.0,20434,NO
POSITIVE,20435,25.927972,91.877194,4,Ri-Bhoi Block,NA,0.0,20435,NO
POSITIVE,20436,25.930386,91.571822,4,Ri-Bhoi Block,NA,0.0,20436,NO
POSITIVE,20437,25.934889,91.714389,4,Ri-Bhoi Block,NA,0.0,20437,NO
POSITIVE,20438,25.935708,91.714556,4,Ri-Bhoi Block,NA,0.0,20438,NO
POSITIVE,20439,25.935833,91.56525,4,Ri-Bhoi Block,NA,0.0,20439,NO
POSITIVE,20440,25.935908,91.564903,4,Ri-Bhoi Block,NA,0.0,20440,NO
POSITIVE,20441,25.936583,91.563917,4,Ri-Bhoi Block,NA,0.0,20441,NO
POSITIVE,20442,25.937,91.87553,4,Ri-Bhoi Block,NA,0.0,20442,NO
POSITIVE,20443,25.940439,91.563069,4,Ri-Bhoi Block,NA,0.0,20443,NO
POSITIVE,20444,25.940978,91.724644,4,Ri-Bhoi Block,NA,0.0,20444,NO
POSITIVE,20445,25.945225,91.560703,4,Ri-Bhoi Block,NA,0.0,20445,NO
POSITIVE,20446,25.945619,91.548883,4,Ri-Bhoi Block,NA,0.0,20446,NO
POSITIVE,20447,25.951106,91.968889,4,Ri-Bhoi Block,NA,0.0,20447,NO
POSITIVE,20448,25.9545,91.546622,4,Ri-Bhoi Block,NA,0.0,20448,NO
POSITIVE,20449,25.954889,91.858667,4,Ri-Bhoi Block,NA,0.0,20449,NO
POSITIVE,20450,25.956333,91.85725,4,Ri-Bhoi Block,NA,0.0,20450,NO
POSITIVE,20451,25.956781,91.852883,4,Ri-Bhoi Block,NA,0.0,20451,NO
POSITIVE,20452,25.95847,91.85406,4,Ri-Bhoi Block,NA,0.0,20452,NO
POSITIVE,20453,25.958886,91.851242,4,Ri-Bhoi Block,NA,0.0,20453,NO
POSITIVE,20454,25.96,91.857,4,Ri-Bhoi Block,NA,0.0,20454,NO
POSITIVE,20455,25.970032,92.056762,4,Ri-Bhoi Block,NA,0.0,20455,NO
POSITIVE,20456,25.970062,92.054889,4,Ri-Bhoi Block,NA,0.0,20456,NO
POSITIVE,20457,25.971897,91.562372,4,Ri-Bhoi Block,NA,0.0,20457,NO
POSITIVE,20458,25.972322,91.561125,4,Ri-Bhoi Block,NA,0.0,20458,NO
POSITIVE,20459,25.972469,91.560822,4,Ri-Bhoi Block,NA,0.0,20459,NO
POSITIVE,20460,25.97256,91.86242,4,Ri-Bhoi Block,NA,0.0,20460,NO
POSITIVE,20461,25.972964,91.858336,4,Ri-Bhoi Block,NA,0.0,20461,NO
POSITIVE,20462,25.978481,91.569575,4,Ri-Bhoi Block,NA,0.0,20462,NO
POSITIVE,20463,25.978803,91.860278,4,Ri-Bhoi Block,NA,0.0,20463,NO
POSITIVE,20464,25.979244,91.860578,4,Ri-Bhoi Block,NA,0.0,20464,NO
POSITIVE,20465,25.982436,92.057405,4,Ri-Bhoi Block,NA,0.0,20465,NO
POSITIVE,20466,25.994619,91.577214,4,Ri-Bhoi Block,NA,0.0,20466,NO
POSITIVE,20467,25.997033,91.86235,4,Ri-Bhoi Block,NA,0.0,20467,NO
POSITIVE,20468,25.998847,91.863883,4,Ri-Bhoi Block,NA,0.0,20468,NO
POSITIVE,20469,26.00294,91.86692,4,Ri-Bhoi Block,NA,0.0,20469,NO
POSITIVE,20470,26.007083,91.909806,4,Ri-Bhoi Block,NA,0.0,20470,NO
POSITIVE,20471,26.01061,91.86886,4,Ri-Bhoi Block,NA,0.0,20471,NO
POSITIVE,20472,26.011861,91.569611,4,Ri-Bhoi Block,NA,0.0,20472,NO
POSITIVE,20473,26.022094,91.832906,4,Ri-Bhoi Block,NA,0.0,20473,NO
POSITIVE,20474,26.02547,91.87158,4,Ri-Bhoi Block,NA,0.0,20474,NO
POSITIVE,20475,26.027028,91.88175,4,Ri-Bhoi Block,NA,0.0,20475,NO
POSITIVE,20476,26.027583,91.886556,4,Ri-Bhoi Block,NA,0.0,20476,NO
POSITIVE,20477,26.02897,91.87197,4,Ri-Bhoi Block,NA,0.0,20477,NO
POSITIVE,20478,26.032028,91.989528,4,Ri-Bhoi Block,NA,0.0,20478,NO
POSITIVE,20479,26.033583,91.867083,4,Ri-Bhoi Block,NA,0.0,20479,NO
POSITIVE,20480,26.0591,92.236,4,Ri-Bhoi Block,NA,0.0,20480,NO
POSITIVE,20481,26.061,92.241,4,Ri-Bhoi Block,NA,0.0,20481,NO
POSITIVE,20482,26.075944,91.820806,4,Ri-Bhoi Block,NA,0.0,20482,NO
POSITIVE,20483,26.08125,91.798278,4,Ri-Bhoi Block,NA,0.0,20483,NO
POSITIVE,20484,26.086389,91.879083,4,Ri-Bhoi Block,NA,0.0,20484,NO
POSITIVE,20485,26.086975,91.7831,4,Ri-Bhoi Block,NA,0.0,20485,NO
POSITIVE,20486,25.47704743,92.16831285,5,Jaintia Hills Block,NA,0.0,20486,NO
POSITIVE,20487,25.46307925,92.25426106,5,Jaintia Hills Block,NA,0.0,20487,NO
POSITIVE,20488,25.5667327,91.9146185,3,East Khasi Block,NA,0.0,20488,NO
POSITIVE,20489,25.28422636,92.11294194,5,Jaintia Hills Block,NA,0.0,20489,NO
POSITIVE,20490,25.2842285,92.11314877,5,Jaintia Hills Block,NA,0.0,20490,NO
POSITIVE,20491,25.29967,91.46108,2,West Khasi Block,NA,0.0,20491,NO
POSITIVE,20492,25.29667,91.45986,2,West Khasi Block,NA,0.0,20492,NO
POSITIVE,20493,25.2975,91.46167,2,West Khasi Block,NA,0.0,20493,NO
POSITIVE,20494,25.29739,91.46201,2,West Khasi Block,NA,0.0,20494,NO
POSITIVE,20495,25.29778,91.45972,2,West Khasi Block,NA,0.0,20495,NO
POSITIVE,20496,25.809088,91.875238,4,Ri-Bhoi Block,NA,0.0,20496,NO
POSITIVE,20497,25.781246,91.874475,4,Ri-Bhoi Block,NA,0.0,20497,NO
POSITIVE,20498,25.640581,91.89212,3,East Khasi Block,NA,0.0,20498,NO
POSITIVE,20499,25.465167,91.824944,3,East Khasi Block,NA,0.0,20499,NO
POSITIVE,20500,25.422278,91.867694,3,East Khasi Block,NA,0.0,20500,NO
POSITIVE,20501,25.43480556,91.85952778,3,East Khasi Block,NA,0.0,20501,NO
POSITIVE,20502,25.48716667,91.81936111,3,East Khasi Block,NA,0.0,20502,NO
POSITIVE,20503,25.456896,91.826145,3,East Khasi Block,NA,0.0,20503,NO
POSITIVE,20504,25.048054,92.409245,5,Jaintia Hills Block,NA,0.0,20504,NO
POSITIVE,20505,25.369056,91.775046,3,East Khasi Block,NA,0.0,20505,NO
POSITIVE,20506,25.366201,91.767213,3,East Khasi Block,NA,0.0,20506,NO
POSITIVE,20507,25.355042,91.767525,3,East Khasi Block,NA,0.0,20507,NO
POSITIVE,20508,25.340415,91.774142,3,East Khasi Block,NA,0.0,20508,NO
POSITIVE,20509,25.95608333,91.86413889,4,Ri-Bhoi Block,NA,0.0,20509,NO
POSITIVE,20510,25.67341667,91.06625,4,Ri-Bhoi Block,NA,0.0,20510,NO
POSITIVE,20511,25.57711111,91.88141667,3,East Khasi Block,NA,0.0,20511,NO
POSITIVE,20512,25.56183333,91.86855556,3,East Khasi Block,NA,0.0,20512,NO
POSITIVE,20513,25.57188889,91.90127778,3,East Khasi Block,NA,0.0,20513,NO
POSITIVE,20514,25.56852778,91.89219444,3,East Khasi Block,NA,0.0,20514,NO
POSITIVE,20515,25.13561111,92.3805,5,Jaintia Hills Block,NA,0.0,20515,YES_CO_LOCATED_GSI_EVENT
POSITIVE,20516,25.13561111,92.3805,5,Jaintia Hills Block,NA,0.0,20516,YES_CO_LOCATED_GSI_EVENT
POSITIVE,20517,25.13561111,92.3805,5,Jaintia Hills Block,NA,0.0,20517,YES_CO_LOCATED_GSI_EVENT
POSITIVE,20518,25.13486111,92.382,5,Jaintia Hills Block,NA,0.0,20518,NO
POSITIVE,20519,25.12383333,92.38519444,5,Jaintia Hills Block,NA,0.0,20519,NO
POSITIVE,20520,25.07533333,92.36341667,5,Jaintia Hills Block,NA,0.0,20520,NO
POSITIVE,20521,25.05108333,92.40219444,5,Jaintia Hills Block,NA,0.0,20521,NO
POSITIVE,20522,25.04305556,92.42041667,5,Jaintia Hills Block,NA,0.0,20522,NO
POSITIVE,20523,25.04222222,92.44127778,5,Jaintia Hills Block,NA,0.0,20523,NO
POSITIVE,20524,25.36497222,91.02411111,2,West Khasi Block,NA,0.0,20524,NO
POSITIVE,20525,25.26361111,92.38557778,5,Jaintia Hills Block,NA,0.0,20525,NO
POSITIVE,20526,25.26005556,92.38863889,5,Jaintia Hills Block,NA,0.0,20526,NO
POSITIVE,20527,25.14702778,92.37883333,5,Jaintia Hills Block,NA,0.0,20527,YES_CO_LOCATED_GSI_EVENT
POSITIVE,20528,25.14702778,92.37883333,5,Jaintia Hills Block,NA,0.0,20528,YES_CO_LOCATED_GSI_EVENT
POSITIVE,20529,25.14341667,92.37805556,5,Jaintia Hills Block,NA,0.0,20529,NO
POSITIVE,20530,25.13427778,92.38511111,5,Jaintia Hills Block,NA,0.0,20530,NO
POSITIVE,20531,25.09022222,92.35805556,5,Jaintia Hills Block,NA,0.0,20531,NO
POSITIVE,20532,25.09055556,92.35972222,5,Jaintia Hills Block,NA,0.0,20532,NO
POSITIVE,20533,25.08772222,92.36086111,5,Jaintia Hills Block,NA,0.0,20533,NO
POSITIVE,20534,26.00361111,92.86361111,4,Ri-Bhoi Block,NA,0.0,20534,NO
POSITIVE,20535,25.53086111,91.29780556,2,West Khasi Block,NA,0.0,20535,NO
POSITIVE,20536,25.97283333,91.86545,4,Ri-Bhoi Block,NA,0.0,20536,NO
POSITIVE,20537,25.97255556,91.86241667,4,Ri-Bhoi Block,NA,0.0,20537,NO
POSITIVE,20538,25.67469444,91.88652778,4,Ri-Bhoi Block,NA,0.0,20538,NO
POSITIVE,20539,26.02611111,91.86827778,4,Ri-Bhoi Block,NA,0.0,20539,NO
POSITIVE,20540,25.24416667,91.79397222,3,East Khasi Block,NA,0.0,20540,NO
POSITIVE,20541,25.563,91.885,3,East Khasi Block,NA,0.0,20541,NO
POSITIVE,20542,25.56663056,91.91370556,3,East Khasi Block,NA,0.0,20542,NO
POSITIVE,20543,25.281,91.57330556,2,West Khasi Block,NA,0.0,20543,NO
POSITIVE,20544,25.27728056,91.57445,2,West Khasi Block,NA,0.0,20544,NO
POSITIVE,20545,25.6489,91.8965,3,East Khasi Block,NA,0.0,20545,NO
POSITIVE,20546,25.64911111,91.899,3,East Khasi Block,NA,0.0,20546,NO
POSITIVE,20547,25.23211111,91.37252778,2,West Khasi Block,NA,0.0,20547,NO
POSITIVE,20548,25.22194444,91.38422222,2,West Khasi Block,NA,0.0,20548,NO
POSITIVE,20549,25.2161,91.38912222,2,West Khasi Block,NA,0.0,20549,NO
POSITIVE,20550,25.18766667,91.39816667,2,West Khasi Block,NA,0.0,20550,NO
POSITIVE,20551,25.18688889,91.39855556,2,West Khasi Block,NA,0.0,20551,NO
POSITIVE,20552,25.62,91.88272222,3,East Khasi Block,NA,0.0,20552,YES_CO_LOCATED_GSI_EVENT
POSITIVE,20553,25.44233333,92.19447222,5,Jaintia Hills Block,NA,0.0,20553,NO
POSITIVE,20554,25.44177778,92.19558333,5,Jaintia Hills Block,NA,0.0,20554,NO
POSITIVE,20555,25.44138889,92.19108333,5,Jaintia Hills Block,NA,0.0,20555,NO
POSITIVE,20556,25.43630556,92.19525,5,Jaintia Hills Block,NA,0.0,20556,NO
POSITIVE,20557,25.43505556,92.19836111,5,Jaintia Hills Block,NA,0.0,20557,NO
POSITIVE,20558,25.44741667,92.20138889,5,Jaintia Hills Block,NA,0.0,20558,NO
POSITIVE,20559,25.45075,92.19452778,5,Jaintia Hills Block,NA,0.0,20559,NO
POSITIVE,20560,25.45351667,92.18784722,5,Jaintia Hills Block,NA,0.0,20560,NO
POSITIVE,20561,25.59875,91.86427778,3,East Khasi Block,NA,0.0,20561,NO
POSITIVE,20562,25.56194444,91.88055556,3,East Khasi Block,NA,0.0,20562,NO
POSITIVE,20563,25.54930833,91.91161389,3,East Khasi Block,NA,0.0,20563,NO
POSITIVE,20564,25.54948611,91.91179722,3,East Khasi Block,NA,0.0,20564,NO
POSITIVE,20565,25.54985278,91.91202778,3,East Khasi Block,NA,0.0,20565,NO
POSITIVE,20566,25.58136111,91.88338889,3,East Khasi Block,NA,0.0,20566,NO
POSITIVE,20567,25.65060556,91.89945278,4,Ri-Bhoi Block,NA,0.0,20567,YES_CO_LOCATED_GSI_EVENT
POSITIVE,20568,25.64908889,91.899,3,East Khasi Block,NA,0.0,20568,YES_CO_LOCATED_GSI_EVENT
POSITIVE,20569,25.64906111,91.89733611,3,East Khasi Block,NA,0.0,20569,YES_CO_LOCATED_GSI_EVENT
POSITIVE,20570,25.49736111,91.77902778,3,East Khasi Block,NA,0.0,20570,YES_CO_LOCATED_GSI_EVENT
POSITIVE,20571,25.49151667,91.77329444,3,East Khasi Block,NA,0.0,20571,YES_CO_LOCATED_GSI_EVENT
POSITIVE,20572,25.49833333,91.73361111,3,East Khasi Block,NA,0.0,20572,YES_CO_LOCATED_GSI_EVENT
POSITIVE,20573,25.50368056,91.72342222,3,East Khasi Block,NA,0.0,20573,YES_CO_LOCATED_GSI_EVENT
POSITIVE,20574,25.51046111,91.70312778,3,East Khasi Block,NA,0.0,20574,YES_CO_LOCATED_GSI_EVENT
POSITIVE,20575,25.36103333,91.64700833,3,East Khasi Block,NA,0.0,20575,NO
POSITIVE,20576,25.21273889,90.63216111,1,Garo Hills Block,NA,0.0,20576,NO
POSITIVE,20577,25.21022222,90.63220278,1,Garo Hills Block,NA,0.0,20577,NO
POSITIVE,20578,25.38163333,90.06033889,1,Garo Hills Block,NA,0.0,20578,NO
POSITIVE,20579,25.45939722,90.70860278,1,Garo Hills Block,NA,0.0,20579,NO
POSITIVE,20580,25.45903056,90.70813333,1,Garo Hills Block,NA,0.0,20580,NO
POSITIVE,20581,25.44835,91.59150278,2,West Khasi Block,NA,0.0,20581,NO
POSITIVE,20582,25.44743611,91.59103889,2,West Khasi Block,NA,0.0,20582,NO
POSITIVE,20583,25.44716111,91.59067778,2,West Khasi Block,NA,0.0,20583,NO
POSITIVE,20584,25.16400556,92.38702778,5,Jaintia Hills Block,NA,0.0,20584,YES_CO_LOCATED_GSI_EVENT
POSITIVE,20585,25.296,91.932,3,East Khasi Block,NA,0.0,20585,YES_CO_LOCATED_GSI_EVENT
POSITIVE,20586,25.345,91.891,3,East Khasi Block,NA,0.0,20586,YES_CO_LOCATED_GSI_EVENT
POSITIVE,20587,25.35861111,91.97208333,3,East Khasi Block,NA,0.0,20587,NO
POSITIVE,20588,25.35908333,91.97433333,3,East Khasi Block,NA,0.0,20588,NO
POSITIVE,20589,25.39611111,91.99194444,3,East Khasi Block,NA,0.0,20589,NO
POSITIVE,20590,25.365263,91.878497,3,East Khasi Block,NA,0.0,20590,NO
POSITIVE,20591,25.52901389,91.26188611,2,West Khasi Block,NA,0.0,20591,NO
POSITIVE,20592,25.41955556,92.16194444,5,Jaintia Hills Block,NA,0.0,20592,NO
POSITIVE,20593,25.55256111,91.61870278,3,East Khasi Block,NA,0.0,20593,NO
POSITIVE,20594,25.39295833,91.55163333,2,West Khasi Block,NA,0.0,20594,NO
POSITIVE,20595,25.37129167,91.48003056,2,West Khasi Block,NA,0.0,20595,NO
POSITIVE,20596,25.40288611,91.43424167,2,West Khasi Block,NA,0.0,20596,NO
POSITIVE,20597,25.531739,91.296177,2,West Khasi Block,NA,0.0,20597,NO
POSITIVE,20598,25.540056,91.314142,2,West Khasi Block,NA,0.0,20598,NO
POSITIVE,20599,25.62790278,91.88801944,3,East Khasi Block,NA,0.0,20599,NO
POSITIVE,20600,25.630403,91.8899195,3,East Khasi Block,NA,0.0,20600,NO
POSITIVE,20601,25.630858,91.887601,3,East Khasi Block,NA,0.0,20601,NO
POSITIVE,20602,25.641242,91.894137,3,East Khasi Block,NA,0.0,20602,NO
POSITIVE,20603,25.65057222,91.89351389,4,Ri-Bhoi Block,NA,0.0,20603,NO
POSITIVE,20604,25.64887222,91.89692778,3,East Khasi Block,NA,0.0,20604,NO
POSITIVE,20605,25.44693056,91.74096667,3,East Khasi Block,NA,0.0,20605,NO
POSITIVE,20606,25.41384722,91.67856111,3,East Khasi Block,NA,0.0,20606,NO
POSITIVE,20607,25.34508889,91.60050278,3,East Khasi Block,NA,0.0,20607,NO
POSITIVE,20608,25.619397,91.61704,3,East Khasi Block,NA,0.0,20608,NO
POSITIVE,20609,25.65443889,91.62390833,4,Ri-Bhoi Block,NA,0.0,20609,NO
POSITIVE,20610,25.65443889,91.63345833,4,Ri-Bhoi Block,NA,0.0,20610,NO
POSITIVE,20611,25.65977222,91.63440556,4,Ri-Bhoi Block,NA,0.0,20611,NO
POSITIVE,20612,25.65308889,91.89803889,4,Ri-Bhoi Block,NA,0.0,20612,NO
POSITIVE,20613,25.65341111,91.89819444,4,Ri-Bhoi Block,NA,0.0,20613,NO
POSITIVE,20614,25.66315,91.90180278,4,Ri-Bhoi Block,NA,0.0,20614,NO
POSITIVE,20615,25.67032222,91.90487222,4,Ri-Bhoi Block,NA,0.0,20615,NO
POSITIVE,20616,25.67517222,91.8983,4,Ri-Bhoi Block,NA,0.0,20616,NO
POSITIVE,20617,25.42315556,91.86329167,3,East Khasi Block,NA,0.0,20617,NO
POSITIVE,20618,25.30127778,91.92198889,3,East Khasi Block,NA,0.0,20618,NO
POSITIVE,20619,25.67546111,91.89726944,4,Ri-Bhoi Block,NA,0.0,20619,NO
POSITIVE,20620,25.67761389,91.89865833,4,Ri-Bhoi Block,NA,0.0,20620,NO
POSITIVE,20621,25.49551944,91.49585278,2,West Khasi Block,NA,0.0,20621,NO
POSITIVE,20622,25.28247222,91.36413333,2,West Khasi Block,NA,0.0,20622,NO
POSITIVE,20623,25.28090556,91.36584722,2,West Khasi Block,NA,0.0,20623,NO
POSITIVE,20624,25.68255833,91.90111389,4,Ri-Bhoi Block,NA,0.0,20624,NO
POSITIVE,20625,25.68591944,91.90256667,4,Ri-Bhoi Block,NA,0.0,20625,NO
POSITIVE,20626,25.71165556,91.89512778,4,Ri-Bhoi Block,NA,0.0,20626,NO
POSITIVE,20627,25.75297778,91.88535278,4,Ri-Bhoi Block,NA,0.0,20627,NO
POSITIVE,20628,25.79744444,91.87408611,4,Ri-Bhoi Block,NA,0.0,20628,NO
POSITIVE,20629,25.80725833,91.87509444,4,Ri-Bhoi Block,NA,0.0,20629,NO
POSITIVE,20630,25.62269444,91.16914444,2,West Khasi Block,NA,0.0,20630,NO
POSITIVE,20631,25.61276111,91.17375278,2,West Khasi Block,NA,0.0,20631,NO
POSITIVE,20632,25.66156667,91.13485278,4,Ri-Bhoi Block,NA,0.0,20632,NO
POSITIVE,20633,25.69150833,91.64160833,4,Ri-Bhoi Block,NA,0.0,20633,NO
POSITIVE,20634,25.69517778,91.64123611,4,Ri-Bhoi Block,NA,0.0,20634,NO
POSITIVE,20635,25.69688611,91.64176667,4,Ri-Bhoi Block,NA,0.0,20635,NO
POSITIVE,20636,25.70087778,91.642902,4,Ri-Bhoi Block,NA,0.0,20636,NO
POSITIVE,20637,25.69866667,91.64517222,4,Ri-Bhoi Block,NA,0.0,20637,NO
POSITIVE,20638,25.69683611,91.64485556,4,Ri-Bhoi Block,NA,0.0,20638,NO
POSITIVE,20639,25.69523333,91.64426944,4,Ri-Bhoi Block,NA,0.0,20639,NO
POSITIVE,20640,25.69463611,91.64577778,4,Ri-Bhoi Block,NA,0.0,20640,NO
POSITIVE,20641,25.68698889,91.64812222,4,Ri-Bhoi Block,NA,0.0,20641,NO
POSITIVE,20642,25.68690556,91.64915278,4,Ri-Bhoi Block,NA,0.0,20642,NO
POSITIVE,20643,25.688833,91.653639,4,Ri-Bhoi Block,NA,0.0,20643,NO
POSITIVE,20644,25.68798889,91.65838889,4,Ri-Bhoi Block,NA,0.0,20644,NO
POSITIVE,20645,25.68805,91.66653,4,Ri-Bhoi Block,NA,0.0,20645,NO
POSITIVE,20646,25.68822222,91.66746111,4,Ri-Bhoi Block,NA,0.0,20646,NO
POSITIVE,20647,25.69007,91.67085,4,Ri-Bhoi Block,NA,0.0,20647,NO
POSITIVE,20648,25.733262,91.675754,4,Ri-Bhoi Block,NA,0.0,20648,NO
POSITIVE,20649,25.762051,91.658959,4,Ri-Bhoi Block,NA,0.0,20649,NO
POSITIVE,20650,25.770935,91.656497,4,Ri-Bhoi Block,NA,0.0,20650,NO
POSITIVE,20651,25.791616,91.658242,4,Ri-Bhoi Block,NA,0.0,20651,NO
POSITIVE,20652,25.803984,91.659801,4,Ri-Bhoi Block,NA,0.0,20652,NO
POSITIVE,20653,25.700668,91.596815,4,Ri-Bhoi Block,NA,0.0,20653,NO
POSITIVE,20654,25.739454,91.572107,4,Ri-Bhoi Block,NA,0.0,20654,NO
POSITIVE,20655,25.567423,89.979711,1,Garo Hills Block,NA,0.0,20655,NO
POSITIVE,20656,25.566518,91.914509,3,East Khasi Block,NA,0.0,20656,NO
POSITIVE,20657,25.531698,91.295995,2,West Khasi Block,NA,0.0,20657,NO
PSEUDO_ABSENCE,NEG_0001,25.545145,90.100808,1,Garo Hills Block,1:1,9361.96,20254,NO
PSEUDO_ABSENCE,NEG_0002,25.507368,91.594325,2,West Khasi Block,1:1,3497.24,20138,NO
PSEUDO_ABSENCE,NEG_0003,25.891651,92.348974,4,Ri-Bhoi Block,1:1,19788.18,20428,NO
PSEUDO_ABSENCE,NEG_0004,25.308639,91.452902,2,West Khasi Block,1:1,662.38,19914,NO
PSEUDO_ABSENCE,NEG_0005,25.582522,91.460925,2,West Khasi Block,1:1,3808.43,20244,NO
PSEUDO_ABSENCE,NEG_0006,25.235437,91.729564,3,East Khasi Block,1:1,664.94,19843,NO
PSEUDO_ABSENCE,NEG_0007,25.120622,91.614187,3,East Khasi Block,1:1,6870.12,19719,NO
PSEUDO_ABSENCE,NEG_0008,25.851666,92.285320,4,Ri-Bhoi Block,1:1,13303.98,20428,NO
PSEUDO_ABSENCE,NEG_0009,25.538411,91.262728,2,West Khasi Block,1:1,727.19,20151,NO
PSEUDO_ABSENCE,NEG_0010,25.196062,91.932742,3,East Khasi Block,1:1,4742.62,19819,NO
PSEUDO_ABSENCE,NEG_0011,25.268182,90.654764,1,Garo Hills Block,1:1,3584.22,19842,NO
PSEUDO_ABSENCE,NEG_0012,25.065765,91.374152,2,West Khasi Block,1:1,13641.10,19721,NO
PSEUDO_ABSENCE,NEG_0013,25.731209,92.402003,4,Ri-Bhoi Block,1:1,14211.28,20271,NO
PSEUDO_ABSENCE,NEG_0014,25.326482,91.526096,2,West Khasi Block,1:1,4219.81,19890,NO
PSEUDO_ABSENCE,NEG_0015,25.256145,91.581326,2,West Khasi Block,1:1,1377.95,19871,NO
PSEUDO_ABSENCE,NEG_0016,25.387621,91.580556,2,West Khasi Block,1:1,2965.40,20594,NO
PSEUDO_ABSENCE,NEG_0017,25.895137,91.890752,4,Ri-Bhoi Block,1:1,3416.34,20429,NO
PSEUDO_ABSENCE,NEG_0018,25.065648,91.005785,2,West Khasi Block,1:1,14408.65,19727,NO
PSEUDO_ABSENCE,NEG_0019,25.119495,91.116844,2,West Khasi Block,1:1,9010.96,19733,NO
PSEUDO_ABSENCE,NEG_0020,25.612027,91.799471,3,East Khasi Block,1:1,3449.27,20298,NO
PSEUDO_ABSENCE,NEG_0021,25.103502,92.074840,5,Jaintia Hills Block,1:1,8073.68,19685,NO
PSEUDO_ABSENCE,NEG_0022,25.656703,90.802005,1,Garo Hills Block,1:1,2421.60,20309,NO
PSEUDO_ABSENCE,NEG_0023,25.699173,91.298090,4,Ri-Bhoi Block,1:1,9423.67,20282,NO
PSEUDO_ABSENCE,NEG_0024,25.548537,91.704085,3,East Khasi Block,1:1,2847.32,20132,NO
PSEUDO_ABSENCE,NEG_0025,25.705965,91.347059,4,Ri-Bhoi Block,1:1,10770.11,20282,NO
PSEUDO_ABSENCE,NEG_0026,25.249184,91.603103,3,East Khasi Block,1:1,2112.07,19866,NO
PSEUDO_ABSENCE,NEG_0027,25.920591,91.875278,4,Ri-Bhoi Block,1:1,836.62,20434,NO
PSEUDO_ABSENCE,NEG_0028,25.141708,90.680556,1,Garo Hills Block,1:1,9039.76,20577,NO
PSEUDO_ABSENCE,NEG_0029,25.182157,92.088765,5,Jaintia Hills Block,1:1,1205.92,19724,NO
PSEUDO_ABSENCE,NEG_0030,25.402734,91.873748,3,East Khasi Block,1:1,622.34,20026,NO
PSEUDO_ABSENCE,NEG_0031,25.035193,90.830263,1,Garo Hills Block,1:1,27376.80,19727,NO
PSEUDO_ABSENCE,NEG_0032,25.215729,91.227106,2,West Khasi Block,1:1,1087.22,19751,NO
PSEUDO_ABSENCE,NEG_0033,25.076289,91.266838,2,West Khasi Block,1:1,14255.77,19737,NO
PSEUDO_ABSENCE,NEG_0034,25.552037,90.415276,1,Garo Hills Block,1:1,4627.41,20194,NO
PSEUDO_ABSENCE,NEG_0035,25.891629,92.121077,4,Ri-Bhoi Block,1:1,4320.19,20428,NO
PSEUDO_ABSENCE,NEG_0036,25.433747,91.604965,3,East Khasi Block,1:1,2066.97,20582,NO
PSEUDO_ABSENCE,NEG_0037,25.943211,92.705724,4,Ri-Bhoi Block,1:1,17152.57,20534,NO
PSEUDO_ABSENCE,NEG_0038,25.097347,91.187227,2,West Khasi Block,1:1,11933.64,19739,NO
PSEUDO_ABSENCE,NEG_0039,25.940833,92.301186,4,Ri-Bhoi Block,1:1,14653.41,20481,NO
PSEUDO_ABSENCE,NEG_0040,25.480905,90.699928,1,Garo Hills Block,1:1,553.95,20079,NO
PSEUDO_ABSENCE,NEG_0041,25.359522,91.858169,3,East Khasi Block,1:1,2139.94,20590,NO
PSEUDO_ABSENCE,NEG_0042,25.867126,90.977803,1,Garo Hills Block,1:1,7627.79,20420,NO
PSEUDO_ABSENCE,NEG_0043,25.239687,92.814086,5,Jaintia Hills Block,1:1,14277.70,19910,NO
PSEUDO_ABSENCE,NEG_0044,25.241032,91.253857,2,West Khasi Block,1:1,4428.95,19751,NO
PSEUDO_ABSENCE,NEG_0045,25.948934,89.800536,1,Garo Hills Block,1:1,45092.64,20254,NO
PSEUDO_ABSENCE,NEG_0046,25.026469,91.069651,2,West Khasi Block,1:1,18569.66,19727,NO
PSEUDO_ABSENCE,NEG_0047,25.022281,91.384823,2,West Khasi Block,1:1,18327.08,19721,NO
PSEUDO_ABSENCE,NEG_0048,25.301754,91.362145,2,West Khasi Block,1:1,2153.33,20622,NO
PSEUDO_ABSENCE,NEG_0049,25.312469,91.651196,3,East Khasi Block,1:1,1727.02,19933,NO
PSEUDO_ABSENCE,NEG_0050,25.667501,91.879046,4,Ri-Bhoi Block,1:1,1096.37,20538,NO
PSEUDO_ABSENCE,NEG_0051,25.601352,91.805373,3,East Khasi Block,1:1,3297.24,20243,NO
PSEUDO_ABSENCE,NEG_0052,25.326520,91.740996,3,East Khasi Block,1:1,3240.58,19902,NO
PSEUDO_ABSENCE,NEG_0053,25.850239,90.527087,1,Garo Hills Block,1:1,10993.21,20415,NO
PSEUDO_ABSENCE,NEG_0054,26.043826,89.815142,1,Garo Hills Block,1:1,53833.35,20254,NO
PSEUDO_ABSENCE,NEG_0055,25.118745,91.766169,3,East Khasi Block,1:1,7751.51,19722,NO
PSEUDO_ABSENCE,NEG_0056,25.828957,92.486934,4,Ri-Bhoi Block,1:1,24371.41,20271,NO
PSEUDO_ABSENCE,NEG_0057,25.608568,91.270773,2,West Khasi Block,1:1,3986.98,20282,NO
PSEUDO_ABSENCE,NEG_0058,25.554097,92.047496,5,Jaintia Hills Block,1:1,2471.87,20223,NO
PSEUDO_ABSENCE,NEG_0059,25.983483,92.089860,4,Ri-Bhoi Block,1:1,3246.15,20465,NO
PSEUDO_ABSENCE,NEG_0060,25.197596,91.281670,2,West Khasi Block,1:1,4811.12,19737,NO
PSEUDO_ABSENCE,NEG_0061,25.118113,91.788210,3,East Khasi Block,1:1,8257.79,19722,NO
PSEUDO_ABSENCE,NEG_0062,25.331561,91.597117,2,West Khasi Block,1:1,1542.24,20607,NO
PSEUDO_ABSENCE,NEG_0063,25.952407,92.141098,4,Ri-Bhoi Block,1:1,8656.21,20455,NO
PSEUDO_ABSENCE,NEG_0064,26.029175,91.512778,4,Ri-Bhoi Block,1:1,5996.44,20472,NO
PSEUDO_ABSENCE,NEG_0065,25.774984,90.420211,1,Garo Hills Block,1:1,2591.10,20415,NO
PSEUDO_ABSENCE,NEG_0066,25.057629,92.136268,5,Jaintia Hills Block,1:1,9551.14,19685,NO
PSEUDO_ABSENCE,NEG_0067,25.521434,91.531016,2,West Khasi Block,1:1,687.66,20113,NO
PSEUDO_ABSENCE,NEG_0068,25.615374,92.080954,5,Jaintia Hills Block,1:1,3517.28,20329,NO
PSEUDO_ABSENCE,NEG_0069,25.389104,90.289777,1,Garo Hills Block,1:1,14182.49,20093,NO
PSEUDO_ABSENCE,NEG_0070,25.369596,92.071939,5,Jaintia Hills Block,1:1,2913.35,19949,NO
PSEUDO_ABSENCE,NEG_0071,25.824862,91.133173,4,Ri-Bhoi Block,1:1,890.68,20421,NO
PSEUDO_ABSENCE,NEG_0072,25.623185,91.825995,3,East Khasi Block,1:1,548.54,20298,NO
PSEUDO_ABSENCE,NEG_0073,25.568567,91.872003,3,East Khasi Block,1:1,824.75,20512,NO
PSEUDO_ABSENCE,NEG_0074,25.677921,91.854181,4,Ri-Bhoi Block,1:1,3261.43,20538,NO
PSEUDO_ABSENCE,NEG_0075,25.511247,92.735563,5,Jaintia Hills Block,1:1,19636.80,19996,NO
PSEUDO_ABSENCE,NEG_0076,25.115857,91.601448,3,East Khasi Block,1:1,7590.95,19719,NO
PSEUDO_ABSENCE,NEG_0077,25.810736,91.884900,4,Ri-Bhoi Block,1:1,984.40,20496,NO
PSEUDO_ABSENCE,NEG_0078,25.260382,90.641739,1,Garo Hills Block,1:1,2379.93,19842,NO
PSEUDO_ABSENCE,NEG_0079,25.766989,90.415958,1,Garo Hills Block,1:1,3513.13,20415,NO
PSEUDO_ABSENCE,NEG_0080,25.268370,91.736742,3,East Khasi Block,1:1,1569.54,19885,NO
PSEUDO_ABSENCE,NEG_0081,25.303104,91.610491,3,East Khasi Block,1:1,3323.71,19875,NO
PSEUDO_ABSENCE,NEG_0082,25.971247,91.548615,4,Ri-Bhoi Block,1:1,1227.82,20459,NO
PSEUDO_ABSENCE,NEG_0083,25.069240,92.074267,5,Jaintia Hills Block,1:1,10689.99,19685,NO
PSEUDO_ABSENCE,NEG_0084,25.667437,90.806189,1,Garo Hills Block,1:1,3548.58,20309,NO
PSEUDO_ABSENCE,NEG_0085,25.556356,91.858221,3,East Khasi Block,1:1,1202.36,20512,NO
PSEUDO_ABSENCE,NEG_0086,25.292908,90.647691,1,Garo Hills Block,1:1,6042.63,19842,NO
PSEUDO_ABSENCE,NEG_0087,25.149650,89.923634,1,Garo Hills Block,1:1,29229.67,20578,NO
PSEUDO_ABSENCE,NEG_0088,25.644156,91.818744,3,East Khasi Block,1:1,2222.37,20298,NO
PSEUDO_ABSENCE,NEG_0089,25.458025,91.981088,3,East Khasi Block,1:1,5851.48,20038,NO
PSEUDO_ABSENCE,NEG_0090,25.317593,91.591270,2,West Khasi Block,1:1,3195.12,20607,NO
PSEUDO_ABSENCE,NEG_0091,25.216660,92.356689,5,Jaintia Hills Block,1:1,3385.28,19729,NO
PSEUDO_ABSENCE,NEG_0092,25.772042,90.044719,1,Garo Hills Block,1:1,17674.95,20364,NO
PSEUDO_ABSENCE,NEG_0093,25.255829,90.639204,1,Garo Hills Block,1:1,1862.56,19842,NO
PSEUDO_ABSENCE,NEG_0094,25.528211,91.709673,3,East Khasi Block,1:1,2080.11,20574,NO
PSEUDO_ABSENCE,NEG_0095,25.148951,90.757898,1,Garo Hills Block,1:1,14366.78,20577,NO
PSEUDO_ABSENCE,NEG_0096,25.973291,92.150648,4,Ri-Bhoi Block,1:1,9375.89,20465,NO
PSEUDO_ABSENCE,NEG_0097,25.170244,91.714248,3,East Khasi Block,1:1,2441.82,19713,NO
PSEUDO_ABSENCE,NEG_0098,25.527162,91.281931,2,West Khasi Block,1:1,863.61,20112,NO
PSEUDO_ABSENCE,NEG_0099,25.320221,90.421765,1,Garo Hills Block,1:1,22059.97,19854,NO
PSEUDO_ABSENCE,NEG_0100,25.412123,90.081861,1,Garo Hills Block,1:1,4020.92,20578,NO
PSEUDO_ABSENCE,NEG_0101,25.065328,91.542495,2,West Khasi Block,1:1,10520.89,19704,NO
PSEUDO_ABSENCE,NEG_0102,25.238575,92.802374,5,Jaintia Hills Block,1:1,13380.77,19910,NO
PSEUDO_ABSENCE,NEG_0103,25.131677,92.002642,5,Jaintia Hills Block,1:1,6455.12,19720,NO
PSEUDO_ABSENCE,NEG_0104,25.589950,91.598268,2,West Khasi Block,1:1,3775.59,20287,NO
PSEUDO_ABSENCE,NEG_0105,25.663986,92.436041,4,Ri-Bhoi Block,1:1,6030.81,20271,NO
PSEUDO_ABSENCE,NEG_0106,25.336189,91.518659,2,West Khasi Block,1:1,5436.74,19890,NO
PSEUDO_ABSENCE,NEG_0107,25.610124,91.831629,3,East Khasi Block,1:1,1863.42,20298,NO
PSEUDO_ABSENCE,NEG_0108,25.587307,91.567736,2,West Khasi Block,1:1,6073.76,20287,NO
PSEUDO_ABSENCE,NEG_0109,25.701929,90.432376,1,Garo Hills Block,1:1,7803.37,20336,NO
PSEUDO_ABSENCE,NEG_0110,25.643909,92.556022,5,Jaintia Hills Block,1:1,8121.04,20214,NO
PSEUDO_ABSENCE,NEG_0111,26.059186,92.790266,4,Ri-Bhoi Block,1:1,9585.99,20534,NO
PSEUDO_ABSENCE,NEG_0112,25.116559,91.352398,2,West Khasi Block,1:1,8980.61,19721,NO
PSEUDO_ABSENCE,NEG_0113,25.655919,92.421239,4,Ri-Bhoi Block,1:1,5832.54,20271,NO
PSEUDO_ABSENCE,NEG_0114,25.089863,92.286002,5,Jaintia Hills Block,1:1,5035.50,19654,NO
PSEUDO_ABSENCE,NEG_0115,25.901188,92.821593,4,Ri-Bhoi Block,1:1,12139.05,20534,NO
PSEUDO_ABSENCE,NEG_0116,25.413379,91.598849,2,West Khasi Block,1:1,3844.98,20583,NO
PSEUDO_ABSENCE,NEG_0117,25.551246,91.921461,3,East Khasi Block,1:1,958.94,20565,NO
PSEUDO_ABSENCE,NEG_0118,25.066673,92.010417,5,Jaintia Hills Block,1:1,13229.23,19720,NO
PSEUDO_ABSENCE,NEG_0119,25.310369,91.694835,3,East Khasi Block,1:1,2907.14,19938,NO
PSEUDO_ABSENCE,NEG_0120,26.082871,91.031935,4,Ri-Bhoi Block,1:1,28175.92,20423,NO
PSEUDO_ABSENCE,NEG_0121,25.144249,89.824745,1,Garo Hills Block,1:1,35468.63,20578,NO
PSEUDO_ABSENCE,NEG_0122,25.098542,91.052219,2,West Khasi Block,1:1,10389.11,19727,NO
PSEUDO_ABSENCE,NEG_0123,25.113085,91.354535,2,West Khasi Block,1:1,9217.80,19721,NO
PSEUDO_ABSENCE,NEG_0124,25.538766,91.550074,2,West Khasi Block,1:1,2390.87,20113,NO
PSEUDO_ABSENCE,NEG_0125,25.287953,91.765112,3,East Khasi Block,1:1,2722.82,19885,NO
PSEUDO_ABSENCE,NEG_0126,25.035203,92.303992,5,Jaintia Hills Block,1:1,6353.17,19654,NO
PSEUDO_ABSENCE,NEG_0127,25.855116,91.386363,4,Ri-Bhoi Block,1:1,8536.72,20424,NO
PSEUDO_ABSENCE,NEG_0128,26.052200,90.358147,1,Garo Hills Block,1:1,30282.71,20415,NO
PSEUDO_ABSENCE,NEG_0129,25.079689,91.482769,2,West Khasi Block,1:1,9000.42,19708,NO
PSEUDO_ABSENCE,NEG_0130,25.257748,91.704609,3,East Khasi Block,1:1,2837.07,19837,NO
PSEUDO_ABSENCE,NEG_0131,25.901689,92.816108,4,Ri-Bhoi Block,1:1,12288.17,20534,NO
PSEUDO_ABSENCE,NEG_0132,25.215991,91.341498,2,West Khasi Block,1:1,3599.42,20547,NO
PSEUDO_ABSENCE,NEG_0133,25.194832,91.958082,3,East Khasi Block,1:1,3804.61,19819,NO
PSEUDO_ABSENCE,NEG_0134,25.223094,92.357657,5,Jaintia Hills Block,1:1,3929.20,19729,NO
PSEUDO_ABSENCE,NEG_0135,25.358541,91.444417,2,West Khasi Block,1:1,3848.94,20595,NO
PSEUDO_ABSENCE,NEG_0136,25.165175,90.911339,1,Garo Hills Block,1:1,13316.62,19727,NO
PSEUDO_ABSENCE,NEG_0137,25.451149,90.041376,1,Garo Hills Block,1:1,7960.95,20578,NO
PSEUDO_ABSENCE,NEG_0138,25.262709,91.586371,2,West Khasi Block,1:1,582.40,19866,NO
PSEUDO_ABSENCE,NEG_0139,25.634009,91.428339,2,West Khasi Block,1:1,8761.60,20244,NO
PSEUDO_ABSENCE,NEG_0140,25.165630,91.280082,2,West Khasi Block,1:1,6080.33,19737,NO
PSEUDO_ABSENCE,NEG_0141,25.226946,90.164295,1,Garo Hills Block,1:1,5919.64,19854,NO
PSEUDO_ABSENCE,NEG_0142,26.003137,92.325153,4,Ri-Bhoi Block,1:1,10587.39,20481,NO
PSEUDO_ABSENCE,NEG_0143,25.577751,91.920892,3,East Khasi Block,1:1,1377.32,20488,NO
PSEUDO_ABSENCE,NEG_0144,25.627876,91.358320,2,West Khasi Block,1:1,5061.18,20282,NO
PSEUDO_ABSENCE,NEG_0145,25.128331,89.847721,1,Garo Hills Block,1:1,35362.70,20578,NO
PSEUDO_ABSENCE,NEG_0146,25.020054,91.565181,2,West Khasi Block,1:1,15927.11,19704,NO
PSEUDO_ABSENCE,NEG_0147,26.098438,91.895085,4,Ri-Bhoi Block,1:1,2085.34,20484,NO
PSEUDO_ABSENCE,NEG_0148,25.447606,91.607041,3,East Khasi Block,1:1,1562.33,20581,NO
PSEUDO_ABSENCE,NEG_0149,25.516769,92.776532,5,Jaintia Hills Block,1:1,22912.38,19996,NO
PSEUDO_ABSENCE,NEG_0150,25.675928,91.562365,4,Ri-Bhoi Block,1:1,3667.84,20359,NO
PSEUDO_ABSENCE,NEG_0151,25.590400,92.009978,5,Jaintia Hills Block,1:1,4538.04,20245,NO
PSEUDO_ABSENCE,NEG_0152,25.685781,91.501808,4,Ri-Bhoi Block,1:1,9231.53,20654,NO
PSEUDO_ABSENCE,NEG_0153,25.948397,90.775609,1,Garo Hills Block,1:1,26199.77,20403,NO
PSEUDO_ABSENCE,NEG_0154,25.072898,90.977378,1,Garo Hills Block,1:1,14624.16,19727,NO
PSEUDO_ABSENCE,NEG_0155,25.927556,92.132942,4,Ri-Bhoi Block,1:1,7167.47,20428,NO
PSEUDO_ABSENCE,NEG_0156,25.208672,91.257457,2,West Khasi Block,1:1,2509.42,19737,NO
PSEUDO_ABSENCE,NEG_0157,25.779205,90.683471,1,Garo Hills Block,1:1,15571.39,20403,NO
PSEUDO_ABSENCE,NEG_0158,25.717296,90.906767,1,Garo Hills Block,1:1,8438.40,20403,NO
PSEUDO_ABSENCE,NEG_0159,25.739737,91.193663,4,Ri-Bhoi Block,1:1,4755.96,20394,NO
PSEUDO_ABSENCE,NEG_0160,25.105304,91.014336,2,West Khasi Block,1:1,9924.56,19727,NO
PSEUDO_ABSENCE,NEG_0161,25.763383,92.200755,4,Ri-Bhoi Block,1:1,6826.28,20417,NO
PSEUDO_ABSENCE,NEG_0162,25.119203,90.749439,1,Garo Hills Block,1:1,15544.90,20577,NO
PSEUDO_ABSENCE,NEG_0163,25.663953,89.820471,1,Garo Hills Block,1:1,19104.64,20212,NO
PSEUDO_ABSENCE,NEG_0164,25.395855,90.285496,1,Garo Hills Block,1:1,13317.36,20093,NO
PSEUDO_ABSENCE,NEG_0165,25.792654,90.900630,1,Garo Hills Block,1:1,10979.89,20419,NO
PSEUDO_ABSENCE,NEG_0166,25.204571,90.641352,1,Garo Hills Block,1:1,1114.51,20577,NO
PSEUDO_ABSENCE,NEG_0167,25.080232,89.905978,1,Garo Hills Block,1:1,36612.53,19854,NO
PSEUDO_ABSENCE,NEG_0168,25.644376,92.186292,5,Jaintia Hills Block,1:1,4368.32,20373,NO
PSEUDO_ABSENCE,NEG_0169,25.759530,91.682146,4,Ri-Bhoi Block,1:1,2338.90,20649,NO
PSEUDO_ABSENCE,NEG_0170,25.328577,90.073320,1,Garo Hills Block,1:1,6042.07,20578,NO
PSEUDO_ABSENCE,NEG_0171,25.418817,92.293748,5,Jaintia Hills Block,1:1,562.97,20043,NO
PSEUDO_ABSENCE,NEG_0172,26.023170,90.353345,1,Garo Hills Block,1:1,27337.66,20415,NO
PSEUDO_ABSENCE,NEG_0173,25.635114,92.014059,5,Jaintia Hills Block,1:1,3381.52,20340,NO
PSEUDO_ABSENCE,NEG_0174,25.896889,92.436182,4,Ri-Bhoi Block,1:1,26714.23,20481,NO
PSEUDO_ABSENCE,NEG_0175,25.117010,91.885353,3,East Khasi Block,1:1,9532.08,19734,NO
PSEUDO_ABSENCE,NEG_0176,25.039571,91.684774,3,East Khasi Block,1:1,14419.18,19713,NO
PSEUDO_ABSENCE,NEG_0177,25.180001,90.494525,1,Garo Hills Block,1:1,14254.39,20577,NO
PSEUDO_ABSENCE,NEG_0178,26.084418,91.571145,4,Ri-Bhoi Block,1:1,8069.43,20472,NO
PSEUDO_ABSENCE,NEG_0179,25.104866,89.904963,1,Garo Hills Block,1:1,34515.43,20578,NO
PSEUDO_ABSENCE,NEG_0180,25.387778,92.065837,5,Jaintia Hills Block,1:1,4930.81,19949,NO
PSEUDO_ABSENCE,NEG_0181,25.267510,91.891658,3,East Khasi Block,1:1,1669.77,19872,NO
PSEUDO_ABSENCE,NEG_0182,25.262632,91.522153,2,West Khasi Block,1:1,3135.37,19890,NO
PSEUDO_ABSENCE,NEG_0183,25.495797,91.701674,3,East Khasi Block,1:1,1467.01,20102,NO
PSEUDO_ABSENCE,NEG_0184,25.223034,91.527083,2,West Khasi Block,1:1,5233.42,19742,NO
PSEUDO_ABSENCE,NEG_0185,25.152962,91.274100,2,West Khasi Block,1:1,6694.49,19737,NO
PSEUDO_ABSENCE,NEG_0186,25.954160,91.278245,4,Ri-Bhoi Block,1:1,15854.69,20425,NO
PSEUDO_ABSENCE,NEG_0187,25.548082,90.030393,1,Garo Hills Block,1:1,5386.40,20232,NO
PSEUDO_ABSENCE,NEG_0188,25.921141,90.969089,1,Garo Hills Block,1:1,12970.50,20423,NO
PSEUDO_ABSENCE,NEG_0189,25.049152,89.885021,1,Garo Hills Block,1:1,40273.72,19854,NO
PSEUDO_ABSENCE,NEG_0190,25.446577,91.842752,3,East Khasi Block,1:1,1794.68,20059,NO
PSEUDO_ABSENCE,NEG_0191,25.550749,92.061293,5,Jaintia Hills Block,1:1,2594.12,20223,NO
PSEUDO_ABSENCE,NEG_0192,25.506059,89.831820,1,Garo Hills Block,1:1,15105.96,20127,NO
PSEUDO_ABSENCE,NEG_0193,25.990960,92.144209,4,Ri-Bhoi Block,1:1,8727.91,20465,NO
PSEUDO_ABSENCE,NEG_0194,26.018311,92.141919,4,Ri-Bhoi Block,1:1,9341.04,20465,NO
PSEUDO_ABSENCE,NEG_0195,25.576059,91.626737,3,East Khasi Block,1:1,2734.31,20593,NO
PSEUDO_ABSENCE,NEG_0196,25.814868,91.656448,4,Ri-Bhoi Block,1:1,1255.93,20652,NO
PSEUDO_ABSENCE,NEG_0197,25.563847,91.857788,3,East Khasi Block,1:1,1103.06,20512,NO
PSEUDO_ABSENCE,NEG_0198,25.714085,91.584939,4,Ri-Bhoi Block,1:1,1908.27,20653,NO
PSEUDO_ABSENCE,NEG_0199,25.241059,91.139788,2,West Khasi Block,1:1,3521.20,19841,NO
PSEUDO_ABSENCE,NEG_0200,25.191048,91.008273,2,West Khasi Block,1:1,3239.64,19727,NO
PSEUDO_ABSENCE,NEG_0201,25.192402,90.781309,1,Garo Hills Block,1:1,15132.04,20577,NO
PSEUDO_ABSENCE,NEG_0202,25.631721,91.150799,2,West Khasi Block,1:1,1203.37,20307,NO
PSEUDO_ABSENCE,NEG_0203,25.919350,92.188126,4,Ri-Bhoi Block,1:1,6904.23,20428,NO
PSEUDO_ABSENCE,NEG_0204,25.352802,90.553294,1,Garo Hills Block,1:1,14580.82,20024,NO
PSEUDO_ABSENCE,NEG_0205,25.492466,89.993222,1,Garo Hills Block,1:1,4379.44,20127,NO
PSEUDO_ABSENCE,NEG_0206,25.217640,91.653734,3,East Khasi Block,1:1,1133.61,19765,NO
PSEUDO_ABSENCE,NEG_0207,25.939338,90.961821,1,Garo Hills Block,1:1,15020.96,20423,NO
PSEUDO_ABSENCE,NEG_0208,25.022036,91.593946,2,West Khasi Block,1:1,16648.94,19706,NO
PSEUDO_ABSENCE,NEG_0209,25.071674,91.786564,3,East Khasi Block,1:1,13214.62,19722,NO
PSEUDO_ABSENCE,NEG_0210,25.384152,92.479498,5,Jaintia Hills Block,1:1,4908.88,19965,NO
PSEUDO_ABSENCE,NEG_0211,25.103839,90.972003,1,Garo Hills Block,1:1,11925.34,19727,NO
PSEUDO_ABSENCE,NEG_0212,25.988982,90.650958,1,Garo Hills Block,1:1,30576.06,20415,NO
PSEUDO_ABSENCE,NEG_0213,25.948916,90.986064,1,Garo Hills Block,1:1,14688.46,20423,NO
PSEUDO_ABSENCE,NEG_0214,25.467172,91.426536,2,West Khasi Block,1:1,5163.87,20047,NO
PSEUDO_ABSENCE,NEG_0215,25.396243,91.555701,2,West Khasi Block,1:1,548.05,20594,NO
PSEUDO_ABSENCE,NEG_0216,25.424306,91.414050,2,West Khasi Block,1:1,912.12,20047,NO
PSEUDO_ABSENCE,NEG_0217,25.067362,90.708303,1,Garo Hills Block,1:1,17635.94,20577,NO
PSEUDO_ABSENCE,NEG_0218,25.564841,90.718164,1,Garo Hills Block,1:1,7407.92,20103,NO
PSEUDO_ABSENCE,NEG_0219,25.021725,90.787170,1,Garo Hills Block,1:1,26129.51,20577,NO
PSEUDO_ABSENCE,NEG_0220,25.401064,91.453020,2,West Khasi Block,1:1,556.08,20035,NO
PSEUDO_ABSENCE,NEG_0221,25.028001,91.444456,2,West Khasi Block,1:1,15406.53,19708,NO
PSEUDO_ABSENCE,NEG_0222,25.035492,91.074262,2,West Khasi Block,1:1,17663.21,19727,NO
PSEUDO_ABSENCE,NEG_0223,25.049304,91.054046,2,West Khasi Block,1:1,15855.61,19727,NO
PSEUDO_ABSENCE,NEG_0224,25.573110,90.241479,1,Garo Hills Block,1:1,5711.40,20255,NO
PSEUDO_ABSENCE,NEG_0225,25.284136,91.902924,3,East Khasi Block,1:1,2608.21,19897,NO
PSEUDO_ABSENCE,NEG_0226,25.675910,90.730555,1,Garo Hills Block,1:1,8330.75,20294,NO
PSEUDO_ABSENCE,NEG_0227,25.893173,90.335485,1,Garo Hills Block,1:1,15524.60,20415,NO
PSEUDO_ABSENCE,NEG_0228,25.241719,91.257060,2,West Khasi Block,1:1,4664.97,19751,NO
PSEUDO_ABSENCE,NEG_0229,25.172363,90.759004,1,Garo Hills Block,1:1,13435.23,20577,NO
PSEUDO_ABSENCE,NEG_0230,25.444324,91.993679,3,East Khasi Block,1:1,4081.94,20038,NO
PSEUDO_ABSENCE,NEG_0231,25.681822,91.909161,4,Ri-Bhoi Block,1:1,802.65,20625,NO
PSEUDO_ABSENCE,NEG_0232,25.906882,89.851016,1,Garo Hills Block,1:1,38545.33,20254,NO
PSEUDO_ABSENCE,NEG_0233,25.401806,91.311781,2,West Khasi Block,1:1,5887.10,20064,NO
PSEUDO_ABSENCE,NEG_0234,25.131813,91.454275,2,West Khasi Block,1:1,4766.11,19708,NO
PSEUDO_ABSENCE,NEG_0235,25.169126,91.766633,3,East Khasi Block,1:1,2196.98,19722,NO
PSEUDO_ABSENCE,NEG_0236,25.436388,89.872591,1,Garo Hills Block,1:1,14986.30,20127,NO
PSEUDO_ABSENCE,NEG_0237,25.276521,91.900771,3,East Khasi Block,1:1,2652.88,19874,NO
PSEUDO_ABSENCE,NEG_0238,26.086946,92.287755,4,Ri-Bhoi Block,1:1,5489.15,20481,NO
PSEUDO_ABSENCE,NEG_0239,25.579367,90.014055,1,Garo Hills Block,1:1,2413.65,20232,NO
PSEUDO_ABSENCE,NEG_0240,25.185441,90.039499,1,Garo Hills Block,1:1,19225.74,19854,NO
PSEUDO_ABSENCE,NEG_0241,25.362921,92.019240,5,Jaintia Hills Block,1:1,1487.37,19972,NO
PSEUDO_ABSENCE,NEG_0242,25.339059,90.207763,1,Garo Hills Block,1:1,9463.93,19854,NO
PSEUDO_ABSENCE,NEG_0243,25.374919,92.438671,5,Jaintia Hills Block,1:1,744.91,19995,NO
PSEUDO_ABSENCE,NEG_0244,25.798724,91.898179,4,Ri-Bhoi Block,1:1,2416.19,20628,NO
PSEUDO_ABSENCE,NEG_0245,25.069201,92.293473,5,Jaintia Hills Block,1:1,4581.97,19654,NO
PSEUDO_ABSENCE,NEG_0246,25.654270,90.810089,1,Garo Hills Block,1:1,2093.76,20309,NO
PSEUDO_ABSENCE,NEG_0247,25.080965,89.878219,1,Garo Hills Block,1:1,38122.53,20578,NO
PSEUDO_ABSENCE,NEG_0248,25.148237,91.583029,2,West Khasi Block,1:1,3645.11,19715,NO
PSEUDO_ABSENCE,NEG_0249,25.570548,92.078245,5,Jaintia Hills Block,1:1,2008.10,20223,NO
PSEUDO_ABSENCE,NEG_0250,25.763889,91.731034,4,Ri-Bhoi Block,1:1,6500.08,20648,NO
PSEUDO_ABSENCE,NEG_0251,25.675453,90.194400,1,Garo Hills Block,1:1,1565.35,20364,NO
PSEUDO_ABSENCE,NEG_0252,25.137828,90.638611,1,Garo Hills Block,1:1,8075.66,20577,NO
PSEUDO_ABSENCE,NEG_0253,25.443956,92.688456,5,Jaintia Hills Block,1:1,10926.10,19996,NO
PSEUDO_ABSENCE,NEG_0254,25.584376,91.475149,2,West Khasi Block,1:1,2367.13,20244,NO
PSEUDO_ABSENCE,NEG_0255,25.494923,90.079409,1,Garo Hills Block,1:1,10711.32,20127,NO
PSEUDO_ABSENCE,NEG_0256,25.128633,91.218252,2,West Khasi Block,1:1,8201.44,19737,NO
PSEUDO_ABSENCE,NEG_0257,25.695885,92.352001,4,Ri-Bhoi Block,1:1,13765.64,20271,NO
PSEUDO_ABSENCE,NEG_0258,25.990181,89.800929,1,Garo Hills Block,1:1,49074.41,20254,NO
PSEUDO_ABSENCE,NEG_0259,25.408659,91.343052,2,West Khasi Block,1:1,4014.64,20064,NO
PSEUDO_ABSENCE,NEG_0260,25.428873,92.067028,5,Jaintia Hills Block,1:1,3756.89,20068,NO
PSEUDO_ABSENCE,NEG_0261,25.159484,91.617705,3,East Khasi Block,1:1,2535.15,19719,NO
PSEUDO_ABSENCE,NEG_0262,25.531737,91.268004,2,West Khasi Block,1:1,651.53,20123,NO
PSEUDO_ABSENCE,NEG_0263,26.022616,92.642708,4,Ri-Bhoi Block,1:1,22175.81,20534,NO
PSEUDO_ABSENCE,NEG_0264,25.926430,90.893547,1,Garo Hills Block,1:1,18102.03,20420,NO
PSEUDO_ABSENCE,NEG_0265,25.325805,90.115407,1,Garo Hills Block,1:1,8316.06,20578,NO
PSEUDO_ABSENCE,NEG_0266,25.489760,91.559371,2,West Khasi Block,1:1,4034.43,20113,NO
PSEUDO_ABSENCE,NEG_0267,25.937828,90.196555,1,Garo Hills Block,1:1,29385.82,20415,NO
PSEUDO_ABSENCE,NEG_0268,25.243941,91.692949,3,East Khasi Block,1:1,915.96,19837,NO
PSEUDO_ABSENCE,NEG_0269,25.197909,91.247183,2,West Khasi Block,1:1,1370.18,19737,NO
PSEUDO_ABSENCE,NEG_0270,25.021156,91.306889,2,West Khasi Block,1:1,20506.83,19721,NO
PSEUDO_ABSENCE,NEG_0271,25.381603,89.999488,1,Garo Hills Block,1:1,6113.18,20578,NO
PSEUDO_ABSENCE,NEG_0272,25.908892,90.786481,1,Garo Hills Block,1:1,21685.06,20403,NO
PSEUDO_ABSENCE,NEG_0273,25.801733,90.561673,1,Garo Hills Block,1:1,12250.88,20415,NO
PSEUDO_ABSENCE,NEG_0274,25.779896,91.961194,4,Ri-Bhoi Block,1:1,6247.23,20408,NO
PSEUDO_ABSENCE,NEG_0275,25.047141,91.060022,2,West Khasi Block,1:1,16157.47,19727,NO
PSEUDO_ABSENCE,NEG_0276,25.347006,91.457366,2,West Khasi Block,1:1,3207.61,19923,NO
PSEUDO_ABSENCE,NEG_0277,25.281815,91.875349,3,East Khasi Block,1:1,808.67,19887,NO
PSEUDO_ABSENCE,NEG_0278,25.979078,91.327997,4,Ri-Bhoi Block,1:1,20997.16,20424,NO
PSEUDO_ABSENCE,NEG_0279,25.046054,90.780546,1,Garo Hills Block,1:1,23585.06,20577,NO
PSEUDO_ABSENCE,NEG_0280,25.113733,92.187133,5,Jaintia Hills Block,1:1,3844.64,19688,NO
PSEUDO_ABSENCE,NEG_0281,25.301669,91.702108,3,East Khasi Block,1:1,2436.45,19900,NO
PSEUDO_ABSENCE,NEG_0282,25.304607,92.801322,5,Jaintia Hills Block,1:1,10679.37,19910,NO
PSEUDO_ABSENCE,NEG_0283,25.566198,91.607639,3,East Khasi Block,1:1,1879.12,20593,NO
PSEUDO_ABSENCE,NEG_0284,25.049943,89.881273,1,Garo Hills Block,1:1,40535.82,19854,NO
PSEUDO_ABSENCE,NEG_0285,25.164823,92.402583,5,Jaintia Hills Block,1:1,1429.19,19712,NO
PSEUDO_ABSENCE,NEG_0286,25.108515,92.356500,5,Jaintia Hills Block,1:1,624.99,19667,NO
PSEUDO_ABSENCE,NEG_0287,26.081740,90.523704,1,Garo Hills Block,1:1,33502.41,20415,NO
PSEUDO_ABSENCE,NEG_0288,25.053119,91.425616,2,West Khasi Block,1:1,13555.42,19708,NO
PSEUDO_ABSENCE,NEG_0289,25.108966,90.206580,1,Garo Hills Block,1:1,16169.65,19854,NO
PSEUDO_ABSENCE,NEG_0290,25.167530,91.612548,3,East Khasi Block,1:1,1760.50,19719,NO
PSEUDO_ABSENCE,NEG_0291,25.123196,91.274193,2,West Khasi Block,1:1,9550.41,19737,NO
PSEUDO_ABSENCE,NEG_0292,25.727735,90.692487,1,Garo Hills Block,1:1,13086.92,20403,NO
PSEUDO_ABSENCE,NEG_0293,25.142359,91.309892,2,West Khasi Block,1:1,10018.82,19721,NO
PSEUDO_ABSENCE,NEG_0294,25.216540,91.930671,3,East Khasi Block,1:1,3526.00,19819,NO
PSEUDO_ABSENCE,NEG_0295,25.273160,91.345484,2,West Khasi Block,1:1,642.75,19881,NO
PSEUDO_ABSENCE,NEG_0296,25.357441,91.461680,2,West Khasi Block,1:1,2402.40,20595,NO
PSEUDO_ABSENCE,NEG_0297,25.072347,90.886833,1,Garo Hills Block,1:1,20355.59,19727,NO
PSEUDO_ABSENCE,NEG_0298,25.673744,91.185038,4,Ri-Bhoi Block,1:1,682.13,20367,NO
PSEUDO_ABSENCE,NEG_0299,25.717682,90.400954,1,Garo Hills Block,1:1,7813.33,20336,NO
PSEUDO_ABSENCE,NEG_0300,25.442167,92.728948,5,Jaintia Hills Block,1:1,14031.73,19996,NO
PSEUDO_ABSENCE,NEG_0301,25.919121,92.835038,4,Ri-Bhoi Block,1:1,9819.55,20534,NO
PSEUDO_ABSENCE,NEG_0302,25.321692,90.053201,1,Garo Hills Block,1:1,6703.65,20578,NO
PSEUDO_ABSENCE,NEG_0303,25.947708,92.292186,4,Ri-Bhoi Block,1:1,13596.48,20481,NO
PSEUDO_ABSENCE,NEG_0304,25.226400,91.374061,2,West Khasi Block,1:1,653.51,20547,NO
PSEUDO_ABSENCE,NEG_0305,25.591619,91.751572,3,East Khasi Block,1:1,1603.18,20229,NO
PSEUDO_ABSENCE,NEG_0306,25.593857,89.816728,1,Garo Hills Block,1:1,16588.74,20212,NO
PSEUDO_ABSENCE,NEG_0307,25.474854,91.844683,3,East Khasi Block,1:1,2005.41,20073,NO
PSEUDO_ABSENCE,NEG_0308,25.541171,91.746724,3,East Khasi Block,1:1,3116.53,20205,NO
PSEUDO_ABSENCE,NEG_0309,25.210022,90.573856,1,Garo Hills Block,1:1,5869.95,20577,NO
PSEUDO_ABSENCE,NEG_0310,26.096754,91.954315,4,Ri-Bhoi Block,1:1,7600.81,20484,NO
PSEUDO_ABSENCE,NEG_0311,25.318721,91.805020,3,East Khasi Block,1:1,3538.20,19942,NO
PSEUDO_ABSENCE,NEG_0312,25.174667,90.708414,1,Garo Hills Block,1:1,8627.44,20577,NO
PSEUDO_ABSENCE,NEG_0313,25.748838,92.083263,4,Ri-Bhoi Block,1:1,2468.46,20405,NO
PSEUDO_ABSENCE,NEG_0314,25.595420,91.574845,2,West Khasi Block,1:1,4974.58,20287,NO
PSEUDO_ABSENCE,NEG_0315,25.595833,92.039591,5,Jaintia Hills Block,1:1,1591.34,20245,NO
PSEUDO_ABSENCE,NEG_0316,25.550011,91.954432,3,East Khasi Block,1:1,2411.50,20134,NO
PSEUDO_ABSENCE,NEG_0317,25.031176,90.017683,1,Garo Hills Block,1:1,31762.77,19854,NO
PSEUDO_ABSENCE,NEG_0318,25.622426,91.969963,3,East Khasi Block,1:1,4011.81,20313,NO
PSEUDO_ABSENCE,NEG_0319,25.654828,91.245510,4,Ri-Bhoi Block,1:1,6876.63,20344,NO
PSEUDO_ABSENCE,NEG_0320,25.649056,91.852363,3,East Khasi Block,1:1,771.84,20321,NO
PSEUDO_ABSENCE,NEG_0321,25.361583,92.020560,5,Jaintia Hills Block,1:1,1543.95,19972,NO
PSEUDO_ABSENCE,NEG_0322,25.956702,90.775854,1,Garo Hills Block,1:1,27104.52,20403,NO
PSEUDO_ABSENCE,NEG_0323,25.530484,91.808537,3,East Khasi Block,1:1,4545.10,20084,NO
PSEUDO_ABSENCE,NEG_0324,25.617657,92.048126,5,Jaintia Hills Block,1:1,2833.50,20245,NO
PSEUDO_ABSENCE,NEG_0325,25.135911,91.465798,2,West Khasi Block,1:1,3624.00,19708,NO
PSEUDO_ABSENCE,NEG_0326,25.320772,91.598742,2,West Khasi Block,1:1,2709.70,20607,NO
PSEUDO_ABSENCE,NEG_0327,25.716309,90.001048,1,Garo Hills Block,1:1,13254.53,20254,NO
PSEUDO_ABSENCE,NEG_0328,25.107090,89.842925,1,Garo Hills Block,1:1,37551.17,20578,NO
PSEUDO_ABSENCE,NEG_0329,25.156797,91.477805,2,West Khasi Block,1:1,1248.83,19708,NO
PSEUDO_ABSENCE,NEG_0330,25.273497,92.093036,5,Jaintia Hills Block,1:1,2330.08,20489,NO
PSEUDO_ABSENCE,NEG_0331,25.104554,92.060712,5,Jaintia Hills Block,1:1,9239.99,19685,NO
PSEUDO_ABSENCE,NEG_0332,25.076017,89.906706,1,Garo Hills Block,1:1,36800.99,19854,NO
PSEUDO_ABSENCE,NEG_0333,25.838792,91.874509,4,Ri-Bhoi Block,1:1,1643.25,20426,NO
PSEUDO_ABSENCE,NEG_0334,25.674215,90.732539,1,Garo Hills Block,1:1,8056.81,20294,NO
PSEUDO_ABSENCE,NEG_0335,25.425688,91.399233,2,West Khasi Block,1:1,584.18,20047,NO
PSEUDO_ABSENCE,NEG_0336,25.199065,91.181799,2,West Khasi Block,1:1,2468.90,19789,NO
PSEUDO_ABSENCE,NEG_0337,25.807633,91.990660,4,Ri-Bhoi Block,1:1,5859.48,20412,NO
PSEUDO_ABSENCE,NEG_0338,25.586720,91.547185,2,West Khasi Block,1:1,4877.20,20244,NO
PSEUDO_ABSENCE,NEG_0339,25.026588,92.467517,5,Jaintia Hills Block,1:1,2654.14,19614,NO
PSEUDO_ABSENCE,NEG_0340,25.180162,91.332142,2,West Khasi Block,1:1,6519.00,19721,NO
PSEUDO_ABSENCE,NEG_0341,25.246352,91.601022,3,East Khasi Block,1:1,2286.62,19866,NO
PSEUDO_ABSENCE,NEG_0342,25.937038,92.264276,4,Ri-Bhoi Block,1:1,13641.29,20428,NO
PSEUDO_ABSENCE,NEG_0343,25.021767,91.654933,3,East Khasi Block,1:1,16765.64,19713,NO
PSEUDO_ABSENCE,NEG_0344,25.077187,90.901705,1,Garo Hills Block,1:1,18876.39,19727,NO
PSEUDO_ABSENCE,NEG_0345,25.399840,91.311035,2,West Khasi Block,1:1,6108.41,20064,NO
PSEUDO_ABSENCE,NEG_0346,25.119603,91.350985,2,West Khasi Block,1:1,8761.53,19721,NO
PSEUDO_ABSENCE,NEG_0347,25.293125,91.677846,3,East Khasi Block,1:1,4094.48,19933,NO
PSEUDO_ABSENCE,NEG_0348,26.022100,89.990794,1,Garo Hills Block,1:1,43489.78,20364,NO
PSEUDO_ABSENCE,NEG_0349,25.336011,91.896562,3,East Khasi Block,1:1,982.06,19937,NO
PSEUDO_ABSENCE,NEG_0350,25.345272,89.828181,1,Garo Hills Block,1:1,23674.27,20578,NO
PSEUDO_ABSENCE,NEG_0351,25.201127,90.782799,1,Garo Hills Block,1:1,15026.08,19842,NO
PSEUDO_ABSENCE,NEG_0352,25.481411,90.141677,1,Garo Hills Block,1:1,7162.37,20091,NO
PSEUDO_ABSENCE,NEG_0353,25.838250,90.185660,1,Garo Hills Block,1:1,18717.13,20364,NO
PSEUDO_ABSENCE,NEG_0354,25.079395,92.331998,5,Jaintia Hills Block,1:1,687.69,19654,NO
PSEUDO_ABSENCE,NEG_0355,25.546686,92.791205,5,Jaintia Hills Block,1:1,24219.13,20214,NO
PSEUDO_ABSENCE,NEG_0356,26.091758,92.437771,4,Ri-Bhoi Block,1:1,19948.13,20481,NO
PSEUDO_ABSENCE,NEG_0357,25.096918,90.998945,1,Garo Hills Block,1:1,11303.28,19727,NO
PSEUDO_ABSENCE,NEG_0358,25.043172,91.963033,3,East Khasi Block,1:1,16944.41,19726,NO
PSEUDO_ABSENCE,NEG_0359,25.747940,91.237773,4,Ri-Bhoi Block,1:1,7815.47,20394,NO
PSEUDO_ABSENCE,NEG_0360,25.468304,91.743609,3,East Khasi Block,1:1,2377.36,20065,NO
PSEUDO_ABSENCE,NEG_0361,25.209243,91.720368,3,East Khasi Block,1:1,515.38,19760,NO
PSEUDO_ABSENCE,NEG_0362,25.114585,91.898194,3,East Khasi Block,1:1,10219.21,19734,NO
PSEUDO_ABSENCE,NEG_0363,25.381467,92.157566,5,Jaintia Hills Block,1:1,4258.03,20592,NO
PSEUDO_ABSENCE,NEG_0364,25.910824,90.488864,1,Garo Hills Block,1:1,14297.17,20415,NO
PSEUDO_ABSENCE,NEG_0365,25.358994,91.435007,2,West Khasi Block,1:1,4725.91,20595,NO
PSEUDO_ABSENCE,NEG_0366,26.049017,91.294153,4,Ri-Bhoi Block,1:1,25373.48,20425,NO
PSEUDO_ABSENCE,NEG_0367,25.193585,91.786689,3,East Khasi Block,1:1,2602.44,19722,NO
PSEUDO_ABSENCE,NEG_0368,26.090552,91.892409,4,Ri-Bhoi Block,1:1,1409.02,20484,NO
PSEUDO_ABSENCE,NEG_0369,25.558197,91.718055,3,East Khasi Block,1:1,2276.42,20205,NO
PSEUDO_ABSENCE,NEG_0370,25.604279,92.455918,5,Jaintia Hills Block,1:1,902.04,20271,NO
PSEUDO_ABSENCE,NEG_0371,25.879108,91.628541,4,Ri-Bhoi Block,1:1,3448.68,20431,NO
PSEUDO_ABSENCE,NEG_0372,25.505170,91.714116,3,East Khasi Block,1:1,648.38,20102,NO
PSEUDO_ABSENCE,NEG_0373,25.180854,91.330885,2,West Khasi Block,1:1,6636.63,19721,NO
PSEUDO_ABSENCE,NEG_0374,25.290845,91.906470,3,East Khasi Block,1:1,1897.72,19897,NO
PSEUDO_ABSENCE,NEG_0375,25.184778,90.861112,1,Garo Hills Block,1:1,17783.64,19911,NO
PSEUDO_ABSENCE,NEG_0376,25.895892,89.838879,1,Garo Hills Block,1:1,38064.73,20254,NO
PSEUDO_ABSENCE,NEG_0377,25.965963,92.515444,4,Ri-Bhoi Block,1:1,29390.70,20481,NO
PSEUDO_ABSENCE,NEG_0378,25.647619,91.808058,3,East Khasi Block,1:1,3174.91,20298,NO
PSEUDO_ABSENCE,NEG_0379,25.265238,90.458878,1,Garo Hills Block,1:1,18380.45,20576,NO
PSEUDO_ABSENCE,NEG_0380,25.525782,91.929020,3,East Khasi Block,1:1,644.31,20125,NO
PSEUDO_ABSENCE,NEG_0381,25.960425,90.733399,1,Garo Hills Block,1:1,28542.71,20403,NO
PSEUDO_ABSENCE,NEG_0382,25.984124,91.987005,4,Ri-Bhoi Block,1:1,4093.81,20447,NO
PSEUDO_ABSENCE,NEG_0383,25.757513,92.500564,4,Ri-Bhoi Block,1:1,16877.03,20271,NO
PSEUDO_ABSENCE,NEG_0384,25.659669,91.183540,4,Ri-Bhoi Block,1:1,670.34,20344,NO
PSEUDO_ABSENCE,NEG_0385,25.029779,91.574695,2,West Khasi Block,1:1,15157.63,19706,NO
PSEUDO_ABSENCE,NEG_0386,25.648383,92.374710,5,Jaintia Hills Block,1:1,8827.54,20271,NO
PSEUDO_ABSENCE,NEG_0387,25.675602,92.730550,4,Ri-Bhoi Block,1:1,21408.72,20214,NO
PSEUDO_ABSENCE,NEG_0388,25.400771,92.161030,5,Jaintia Hills Block,1:1,2090.77,20592,NO
PSEUDO_ABSENCE,NEG_0389,25.524987,91.403826,2,West Khasi Block,1:1,894.09,20124,NO
PSEUDO_ABSENCE,NEG_0390,25.388094,91.741829,3,East Khasi Block,1:1,1664.03,20002,NO
PSEUDO_ABSENCE,NEG_0391,25.501153,90.440434,1,Garo Hills Block,1:1,9631.30,20194,NO
PSEUDO_ABSENCE,NEG_0392,25.409272,92.836381,5,Jaintia Hills Block,1:1,17774.10,19919,NO
PSEUDO_ABSENCE,NEG_0393,26.077232,91.569526,4,Ri-Bhoi Block,1:1,7268.93,20472,NO
PSEUDO_ABSENCE,NEG_0394,25.072494,92.027364,5,Jaintia Hills Block,1:1,12443.18,19720,NO
PSEUDO_ABSENCE,NEG_0395,25.680590,92.047056,4,Ri-Bhoi Block,1:1,3103.85,20340,NO
PSEUDO_ABSENCE,NEG_0396,25.079200,92.191972,5,Jaintia Hills Block,1:1,6811.15,19680,NO
PSEUDO_ABSENCE,NEG_0397,25.035989,90.713024,1,Garo Hills Block,1:1,21013.15,20577,NO
PSEUDO_ABSENCE,NEG_0398,25.602014,92.228140,5,Jaintia Hills Block,1:1,3148.76,20227,NO
PSEUDO_ABSENCE,NEG_0399,25.407378,91.603067,3,East Khasi Block,1:1,4595.31,20583,NO
PSEUDO_ABSENCE,NEG_0400,25.575114,91.488308,2,West Khasi Block,1:1,1684.04,20244,NO
PSEUDO_ABSENCE,NEG_0401,25.036228,91.771997,3,East Khasi Block,1:1,16930.20,19713,NO
PSEUDO_ABSENCE,NEG_0402,25.593827,91.815562,3,East Khasi Block,1:1,2697.69,20217,NO
PSEUDO_ABSENCE,NEG_0403,25.343157,92.078477,5,Jaintia Hills Block,1:1,950.46,19949,NO
PSEUDO_ABSENCE,NEG_0404,25.098223,90.607108,1,Garo Hills Block,1:1,12707.30,20577,NO
PSEUDO_ABSENCE,NEG_0405,25.106394,90.882164,1,Garo Hills Block,1:1,18524.72,19727,NO
PSEUDO_ABSENCE,NEG_0406,25.021003,90.926693,1,Garo Hills Block,1:1,22138.09,19727,NO
PSEUDO_ABSENCE,NEG_0407,25.182450,91.882582,3,East Khasi Block,1:1,3035.43,19734,NO
PSEUDO_ABSENCE,NEG_0408,25.094529,91.515219,2,West Khasi Block,1:1,7199.92,19704,NO
PSEUDO_ABSENCE,NEG_0409,25.028696,89.821872,1,Garo Hills Block,1:1,45997.32,20578,NO
PSEUDO_ABSENCE,NEG_0410,25.094016,91.077271,2,West Khasi Block,1:1,11441.18,19727,NO
PSEUDO_ABSENCE,NEG_0411,25.425458,90.070339,1,Garo Hills Block,1:1,4975.52,20578,NO
PSEUDO_ABSENCE,NEG_0412,26.017800,89.990078,1,Garo Hills Block,1:1,43091.54,20364,NO
PSEUDO_ABSENCE,NEG_0413,25.810848,91.948463,4,Ri-Bhoi Block,1:1,7332.61,20496,NO
PSEUDO_ABSENCE,NEG_0414,25.662402,91.856596,4,Ri-Bhoi Block,1:1,2303.75,20321,NO
PSEUDO_ABSENCE,NEG_0415,25.913626,89.881890,1,Garo Hills Block,1:1,37896.98,20254,NO
PSEUDO_ABSENCE,NEG_0416,25.511223,90.150246,1,Garo Hills Block,1:1,5998.10,20107,NO
PSEUDO_ABSENCE,NEG_0417,25.682708,90.141430,1,Garo Hills Block,1:1,4115.49,20364,NO
PSEUDO_ABSENCE,NEG_0418,25.203891,90.227229,1,Garo Hills Block,1:1,5729.71,19854,NO
PSEUDO_ABSENCE,NEG_0419,25.971194,90.258352,1,Garo Hills Block,1:1,27132.59,20415,NO
PSEUDO_ABSENCE,NEG_0420,25.265316,91.324660,2,West Khasi Block,1:1,2820.31,19881,NO
PSEUDO_ABSENCE,NEG_0421,25.022222,91.534535,2,West Khasi Block,1:1,15198.29,19704,NO
PSEUDO_ABSENCE,NEG_0422,25.212748,91.598295,2,West Khasi Block,1:1,780.00,19772,NO
PSEUDO_ABSENCE,NEG_0423,25.835571,92.630522,4,Ri-Bhoi Block,1:1,29875.51,20534,NO
PSEUDO_ABSENCE,NEG_0424,25.353709,92.244591,5,Jaintia Hills Block,1:1,8748.49,20043,NO
PSEUDO_ABSENCE,NEG_0425,25.095045,90.647004,1,Garo Hills Block,1:1,12893.48,20577,NO
PSEUDO_ABSENCE,NEG_0426,25.179115,90.847169,1,Garo Hills Block,1:1,19153.18,19911,NO
PSEUDO_ABSENCE,NEG_0427,25.323600,92.807270,5,Jaintia Hills Block,1:1,11361.30,19910,NO
PSEUDO_ABSENCE,NEG_0428,25.221601,91.931666,3,East Khasi Block,1:1,3252.52,19819,NO
PSEUDO_ABSENCE,NEG_0429,25.490638,91.813788,3,East Khasi Block,1:1,679.63,20502,NO
PSEUDO_ABSENCE,NEG_0430,25.381684,91.404544,2,West Khasi Block,1:1,3802.32,20596,NO
PSEUDO_ABSENCE,NEG_0431,25.462732,91.717323,3,East Khasi Block,1:1,2953.35,20605,NO
PSEUDO_ABSENCE,NEG_0432,25.853279,90.184247,1,Garo Hills Block,1:1,20384.13,20364,NO
PSEUDO_ABSENCE,NEG_0433,25.472069,91.916409,3,East Khasi Block,1:1,6119.06,20116,NO
PSEUDO_ABSENCE,NEG_0434,25.803087,92.118419,4,Ri-Bhoi Block,1:1,2607.04,20417,NO
PSEUDO_ABSENCE,NEG_0435,25.154801,91.468584,2,West Khasi Block,1:1,2200.80,19708,NO
PSEUDO_ABSENCE,NEG_0436,25.139340,91.928703,3,East Khasi Block,1:1,9467.66,19726,NO
PSEUDO_ABSENCE,NEG_0437,25.575400,91.772699,3,East Khasi Block,1:1,1004.79,20236,NO
PSEUDO_ABSENCE,NEG_0438,25.676832,91.119759,4,Ri-Bhoi Block,1:1,1056.60,20376,NO
PSEUDO_ABSENCE,NEG_0439,25.585306,91.912987,3,East Khasi Block,1:1,1245.16,20246,NO
PSEUDO_ABSENCE,NEG_0440,25.046676,92.340134,5,Jaintia Hills Block,1:1,3956.51,20520,NO
PSEUDO_ABSENCE,NEG_0441,25.096880,91.626350,3,East Khasi Block,1:1,9522.11,19719,NO
PSEUDO_ABSENCE,NEG_0442,25.308390,91.594296,2,West Khasi Block,1:1,2856.32,19893,NO
PSEUDO_ABSENCE,NEG_0443,25.678619,91.497241,4,Ri-Bhoi Block,1:1,10100.43,20654,NO
PSEUDO_ABSENCE,NEG_0444,25.195982,91.798826,3,East Khasi Block,1:1,3852.32,19722,NO
PSEUDO_ABSENCE,NEG_0445,25.119862,91.499834,2,West Khasi Block,1:1,4624.57,19708,NO
PSEUDO_ABSENCE,NEG_0446,25.670178,90.148031,1,Garo Hills Block,1:1,3204.01,20364,NO
PSEUDO_ABSENCE,NEG_0447,25.046767,91.462329,2,West Khasi Block,1:1,12929.24,19708,NO
PSEUDO_ABSENCE,NEG_0448,25.798401,92.426716,4,Ri-Bhoi Block,1:1,20900.21,20271,NO
PSEUDO_ABSENCE,NEG_0449,25.020072,92.016065,5,Jaintia Hills Block,1:1,18320.57,19720,NO
PSEUDO_ABSENCE,NEG_0450,25.081067,92.240223,5,Jaintia Hills Block,1:1,4602.84,19676,NO
PSEUDO_ABSENCE,NEG_0451,25.439865,91.997101,3,East Khasi Block,1:1,3556.99,20038,NO
PSEUDO_ABSENCE,NEG_0452,25.641170,91.759478,3,East Khasi Block,1:1,6403.72,20243,NO
PSEUDO_ABSENCE,NEG_0453,25.485437,91.777158,3,East Khasi Block,1:1,779.36,20571,NO
PSEUDO_ABSENCE,NEG_0454,25.366700,89.870860,1,Garo Hills Block,1:1,19108.81,20578,NO
PSEUDO_ABSENCE,NEG_0455,25.438365,91.830961,3,East Khasi Block,1:1,1850.34,20067,NO
PSEUDO_ABSENCE,NEG_0456,25.157370,90.721506,1,Garo Hills Block,1:1,10737.29,20577,NO
PSEUDO_ABSENCE,NEG_0457,25.399593,91.381986,2,West Khasi Block,1:1,3650.22,20047,NO
PSEUDO_ABSENCE,NEG_0458,25.663063,92.330408,4,Ri-Bhoi Block,1:1,11074.25,20200,NO
PSEUDO_ABSENCE,NEG_0459,25.881311,91.530746,4,Ri-Bhoi Block,1:1,6034.38,20432,NO
PSEUDO_ABSENCE,NEG_0460,25.725132,92.423438,4,Ri-Bhoi Block,1:1,12929.77,20271,NO
PSEUDO_ABSENCE,NEG_0461,25.371576,89.940079,1,Garo Hills Block,1:1,12133.65,20578,NO
PSEUDO_ABSENCE,NEG_0462,25.124474,90.702056,1,Garo Hills Block,1:1,11846.19,20577,NO
PSEUDO_ABSENCE,NEG_0463,25.046529,91.293475,2,West Khasi Block,1:1,18190.12,19737,NO
PSEUDO_ABSENCE,NEG_0464,25.077269,92.276944,5,Jaintia Hills Block,1:1,5970.10,19654,NO
PSEUDO_ABSENCE,NEG_0465,25.824538,92.555451,4,Ri-Bhoi Block,1:1,25775.38,20271,NO
PSEUDO_ABSENCE,NEG_0466,25.705045,91.346823,4,Ri-Bhoi Block,1:1,10665.96,20282,NO
PSEUDO_ABSENCE,NEG_0467,26.004172,91.862112,4,Ri-Bhoi Block,1:1,499.65,20469,NO
PSEUDO_ABSENCE,NEG_0468,25.202103,90.770543,1,Garo Hills Block,1:1,13814.40,19842,NO
PSEUDO_ABSENCE,NEG_0469,25.611050,92.019170,5,Jaintia Hills Block,1:1,4129.22,20245,NO
PSEUDO_ABSENCE,NEG_0470,25.646586,90.351957,1,Garo Hills Block,1:1,2836.51,20336,NO
PSEUDO_ABSENCE,NEG_0471,25.543287,92.821159,5,Jaintia Hills Block,1:1,27247.75,20214,NO
PSEUDO_ABSENCE,NEG_0472,25.299029,91.626204,3,East Khasi Block,1:1,3302.19,19875,NO
PSEUDO_ABSENCE,NEG_0473,25.576918,90.999920,1,Garo Hills Block,1:1,4424.87,20270,NO
PSEUDO_ABSENCE,NEG_0474,25.134332,90.887165,1,Garo Hills Block,1:1,16681.40,19727,NO
PSEUDO_ABSENCE,NEG_0475,25.467425,92.271399,5,Jaintia Hills Block,1:1,1787.08,20487,NO
PSEUDO_ABSENCE,NEG_0476,25.128144,91.358115,2,West Khasi Block,1:1,7577.52,19721,NO
PSEUDO_ABSENCE,NEG_0477,25.210100,91.299455,2,West Khasi Block,1:1,6662.56,19737,NO
PSEUDO_ABSENCE,NEG_0478,25.173816,91.653265,3,East Khasi Block,1:1,848.17,19714,NO
PSEUDO_ABSENCE,NEG_0479,25.681529,89.905055,1,Garo Hills Block,1:1,14141.28,20232,NO
PSEUDO_ABSENCE,NEG_0480,25.029720,90.507959,1,Garo Hills Block,1:1,23649.70,20577,NO
PSEUDO_ABSENCE,NEG_0481,25.159988,91.572207,2,West Khasi Block,1:1,2331.90,19715,NO
PSEUDO_ABSENCE,NEG_0482,26.095348,92.690985,4,Ri-Bhoi Block,1:1,20036.24,20534,NO
PSEUDO_ABSENCE,NEG_0483,25.159058,90.635883,1,Garo Hills Block,1:1,5701.24,20577,NO
PSEUDO_ABSENCE,NEG_0484,25.373555,91.328382,2,West Khasi Block,1:1,6545.97,19916,NO
PSEUDO_ABSENCE,NEG_0485,25.887957,92.834566,4,Ri-Bhoi Block,1:1,13183.99,20534,NO
PSEUDO_ABSENCE,NEG_0486,25.178088,91.646453,3,East Khasi Block,1:1,994.87,19718,NO
PSEUDO_ABSENCE,NEG_0487,25.954706,89.866067,1,Garo Hills Block,1:1,42720.84,20254,NO
PSEUDO_ABSENCE,NEG_0488,25.955813,92.842955,4,Ri-Bhoi Block,1:1,5701.88,20534,NO
PSEUDO_ABSENCE,NEG_0489,25.122047,90.656645,1,Garo Hills Block,1:1,10108.50,20577,NO
PSEUDO_ABSENCE,NEG_0490,25.215544,91.865282,3,East Khasi Block,1:1,1159.51,19807,NO
PSEUDO_ABSENCE,NEG_0491,25.106371,91.447960,2,West Khasi Block,1:1,7322.98,19708,NO
PSEUDO_ABSENCE,NEG_0492,25.153924,89.826835,1,Garo Hills Block,1:1,34531.56,20578,NO
PSEUDO_ABSENCE,NEG_0493,25.561714,91.178587,2,West Khasi Block,1:1,2228.84,20234,NO
PSEUDO_ABSENCE,NEG_0494,25.020839,91.547976,2,West Khasi Block,1:1,15493.48,19704,NO
PSEUDO_ABSENCE,NEG_0495,26.058135,92.036481,4,Ri-Bhoi Block,1:1,5516.37,20478,NO
PSEUDO_ABSENCE,NEG_0496,25.124121,92.037064,5,Jaintia Hills Block,1:1,6743.37,19720,NO
PSEUDO_ABSENCE,NEG_0497,25.951844,90.976428,1,Garo Hills Block,1:1,15418.34,20423,NO
PSEUDO_ABSENCE,NEG_0498,25.665308,92.700576,4,Ri-Bhoi Block,1:1,18276.74,20214,NO
PSEUDO_ABSENCE,NEG_0499,25.344380,92.446815,5,Jaintia Hills Block,1:1,3785.39,19995,NO
PSEUDO_ABSENCE,NEG_0500,25.167645,91.889695,3,East Khasi Block,1:1,4693.33,19734,NO
PSEUDO_ABSENCE,NEG_0501,25.669962,90.893399,1,Garo Hills Block,1:1,8792.04,20403,NO
PSEUDO_ABSENCE,NEG_0502,25.441629,91.080562,2,West Khasi Block,1:1,1576.09,20071,NO
PSEUDO_ABSENCE,NEG_0503,25.591009,91.214936,2,West Khasi Block,1:1,1864.10,20224,NO
PSEUDO_ABSENCE,NEG_0504,25.655809,91.028595,4,Ri-Bhoi Block,1:1,2143.53,20369,NO
PSEUDO_ABSENCE,NEG_0505,25.100388,91.051254,2,West Khasi Block,1:1,10174.38,19727,NO
PSEUDO_ABSENCE,NEG_0506,25.341088,92.015632,5,Jaintia Hills Block,1:1,605.57,19945,NO
PSEUDO_ABSENCE,NEG_0507,26.087478,91.567170,4,Ri-Bhoi Block,1:1,8411.76,20472,NO
PSEUDO_ABSENCE,NEG_0508,25.355919,92.089265,5,Jaintia Hills Block,1:1,2456.38,19949,NO
PSEUDO_ABSENCE,NEG_0509,25.205416,92.271858,5,Jaintia Hills Block,1:1,5047.63,19732,NO
PSEUDO_ABSENCE,NEG_0510,25.051370,89.912232,1,Garo Hills Block,1:1,37900.12,19854,NO
PSEUDO_ABSENCE,NEG_0511,25.905167,92.828634,4,Ri-Bhoi Block,1:1,11491.50,20534,NO
PSEUDO_ABSENCE,NEG_0512,25.221136,91.575198,2,West Khasi Block,1:1,692.06,19784,NO
PSEUDO_ABSENCE,NEG_0513,25.443308,91.816635,3,East Khasi Block,1:1,673.48,20067,NO
PSEUDO_ABSENCE,NEG_0514,25.068801,90.998542,1,Garo Hills Block,1:1,14267.20,19727,NO
PSEUDO_ABSENCE,NEG_0515,25.723043,92.825831,4,Ri-Bhoi Block,1:1,31425.93,20534,NO
PSEUDO_ABSENCE,NEG_0516,25.551570,92.066798,5,Jaintia Hills Block,1:1,2621.43,20223,NO
PSEUDO_ABSENCE,NEG_0517,25.610383,91.838376,3,East Khasi Block,1:1,1854.36,20260,NO
PSEUDO_ABSENCE,NEG_0518,25.779015,91.232813,4,Ri-Bhoi Block,1:1,10091.32,20425,NO
PSEUDO_ABSENCE,NEG_0519,25.808587,91.542853,4,Ri-Bhoi Block,1:1,8085.32,20424,NO
PSEUDO_ABSENCE,NEG_0520,25.311586,91.652356,3,East Khasi Block,1:1,1762.32,19933,NO
PSEUDO_ABSENCE,NEG_0521,25.474403,92.348618,5,Jaintia Hills Block,1:1,8403.20,20043,NO
PSEUDO_ABSENCE,NEG_0522,25.557762,91.882748,3,East Khasi Block,1:1,514.45,20562,NO
PSEUDO_ABSENCE,NEG_0523,25.229299,90.111711,1,Garo Hills Block,1:1,10737.34,19854,NO
PSEUDO_ABSENCE,NEG_0524,25.522667,90.118420,1,Garo Hills Block,1:1,9297.30,20107,NO
PSEUDO_ABSENCE,NEG_0525,25.164282,91.247883,2,West Khasi Block,1:1,4315.24,19737,NO
PSEUDO_ABSENCE,NEG_0526,25.536941,91.943542,3,East Khasi Block,1:1,2173.35,20125,NO
PSEUDO_ABSENCE,NEG_0527,25.119376,90.886958,1,Garo Hills Block,1:1,17401.17,19727,NO
PSEUDO_ABSENCE,NEG_0528,25.031649,92.456723,5,Jaintia Hills Block,1:1,1453.39,19614,NO
PSEUDO_ABSENCE,NEG_0529,25.664288,91.302452,4,Ri-Bhoi Block,1:1,5520.68,20282,NO
PSEUDO_ABSENCE,NEG_0530,25.027226,90.502152,1,Garo Hills Block,1:1,24196.87,20577,NO
PSEUDO_ABSENCE,NEG_0531,25.519927,91.361853,2,West Khasi Block,1:1,3522.90,20124,NO
PSEUDO_ABSENCE,NEG_0532,25.757555,91.971878,4,Ri-Bhoi Block,1:1,4604.15,20408,NO
PSEUDO_ABSENCE,NEG_0533,25.490531,91.945366,3,East Khasi Block,1:1,4802.99,20125,NO
PSEUDO_ABSENCE,NEG_0534,26.063449,90.358859,1,Garo Hills Block,1:1,31470.25,20415,NO
PSEUDO_ABSENCE,NEG_0535,25.535889,91.594074,2,West Khasi Block,1:1,863.11,20138,NO
PSEUDO_ABSENCE,NEG_0536,25.153669,91.465813,2,West Khasi Block,1:1,2504.27,19708,NO
PSEUDO_ABSENCE,NEG_0537,25.193522,91.286547,2,West Khasi Block,1:1,5351.98,19737,NO
PSEUDO_ABSENCE,NEG_0538,25.088083,92.305065,5,Jaintia Hills Block,1:1,3105.89,19654,NO
PSEUDO_ABSENCE,NEG_0539,25.555436,91.931417,3,East Khasi Block,1:1,2041.78,20565,NO
PSEUDO_ABSENCE,NEG_0540,25.533787,89.890693,1,Garo Hills Block,1:1,8970.62,20127,NO
PSEUDO_ABSENCE,NEG_0541,25.158995,91.456125,2,West Khasi Block,1:1,3368.49,19708,NO
PSEUDO_ABSENCE,NEG_0542,25.605123,91.965464,3,East Khasi Block,1:1,4797.50,20313,NO
PSEUDO_ABSENCE,NEG_0543,25.152131,91.906635,3,East Khasi Block,1:1,7116.13,19734,NO
PSEUDO_ABSENCE,NEG_0544,25.596668,91.922941,3,East Khasi Block,1:1,566.44,20246,NO
PSEUDO_ABSENCE,NEG_0545,25.911899,89.848781,1,Garo Hills Block,1:1,39143.17,20254,NO
PSEUDO_ABSENCE,NEG_0546,26.005099,91.860274,4,Ri-Bhoi Block,1:1,706.24,20469,NO
PSEUDO_ABSENCE,NEG_0547,26.015560,92.335978,4,Ri-Bhoi Block,1:1,10750.51,20481,NO
PSEUDO_ABSENCE,NEG_0548,26.012289,89.809997,1,Garo Hills Block,1:1,50860.07,20254,NO
PSEUDO_ABSENCE,NEG_0549,25.156572,91.719943,3,East Khasi Block,1:1,3321.43,19713,NO
PSEUDO_ABSENCE,NEG_0550,25.640313,92.587090,5,Jaintia Hills Block,1:1,8502.69,20214,NO
PSEUDO_ABSENCE,NEG_0551,25.580311,91.641839,3,East Khasi Block,1:1,3408.98,20171,NO
PSEUDO_ABSENCE,NEG_0552,25.747051,90.171296,1,Garo Hills Block,1:1,8611.94,20364,NO
PSEUDO_ABSENCE,NEG_0553,25.533659,89.861195,1,Garo Hills Block,1:1,11927.39,20127,NO
PSEUDO_ABSENCE,NEG_0554,25.664997,89.822774,1,Garo Hills Block,1:1,18976.05,20212,NO
PSEUDO_ABSENCE,NEG_0555,25.230793,90.169913,1,Garo Hills Block,1:1,5215.80,19854,NO
PSEUDO_ABSENCE,NEG_0556,25.667057,91.300851,4,Ri-Bhoi Block,1:1,5848.58,20282,NO
PSEUDO_ABSENCE,NEG_0557,25.909037,92.669619,4,Ri-Bhoi Block,1:1,22062.56,20534,NO
PSEUDO_ABSENCE,NEG_0558,25.450246,92.101815,5,Jaintia Hills Block,1:1,603.82,20068,NO
PSEUDO_ABSENCE,NEG_0559,25.907846,92.635174,4,Ri-Bhoi Block,1:1,25199.36,20534,NO
PSEUDO_ABSENCE,NEG_0560,25.666276,92.159522,4,Ri-Bhoi Block,1:1,878.76,20373,NO
PSEUDO_ABSENCE,NEG_0561,25.043011,92.207954,5,Jaintia Hills Block,1:1,9507.69,19676,NO
PSEUDO_ABSENCE,NEG_0562,25.041222,92.177610,5,Jaintia Hills Block,1:1,11175.87,19676,NO
PSEUDO_ABSENCE,NEG_0563,25.188551,92.019496,5,Jaintia Hills Block,1:1,1111.13,19720,NO
PSEUDO_ABSENCE,NEG_0564,25.437932,92.056563,5,Jaintia Hills Block,1:1,3128.57,20075,NO
PSEUDO_ABSENCE,NEG_0565,25.266569,90.469390,1,Garo Hills Block,1:1,17372.68,19842,NO
PSEUDO_ABSENCE,NEG_0566,25.688035,92.378785,4,Ri-Bhoi Block,1:1,11262.74,20271,NO
PSEUDO_ABSENCE,NEG_0567,25.335324,90.412820,1,Garo Hills Block,1:1,21851.01,19854,NO
PSEUDO_ABSENCE,NEG_0568,25.669520,90.172832,1,Garo Hills Block,1:1,720.36,20364,NO
PSEUDO_ABSENCE,NEG_0569,25.519675,91.744643,3,East Khasi Block,1:1,2618.63,20572,NO
PSEUDO_ABSENCE,NEG_0570,25.335714,91.895613,3,East Khasi Block,1:1,923.51,19937,NO
PSEUDO_ABSENCE,NEG_0571,25.152092,89.833479,1,Garo Hills Block,1:1,34232.54,20578,NO
PSEUDO_ABSENCE,NEG_0572,25.501677,91.525664,2,West Khasi Block,1:1,2405.92,20113,NO
PSEUDO_ABSENCE,NEG_0573,25.080219,92.124910,5,Jaintia Hills Block,1:1,7227.04,19685,NO
PSEUDO_ABSENCE,NEG_0574,25.988482,92.726932,4,Ri-Bhoi Block,1:1,13763.55,20534,NO
PSEUDO_ABSENCE,NEG_0575,25.445195,89.811449,1,Garo Hills Block,1:1,19368.58,20127,NO
PSEUDO_ABSENCE,NEG_0576,25.526019,89.948154,1,Garo Hills Block,1:1,3225.93,20127,NO
PSEUDO_ABSENCE,NEG_0577,25.030684,91.386735,2,West Khasi Block,1:1,17382.77,19721,NO
PSEUDO_ABSENCE,NEG_0578,25.853694,92.606614,4,Ri-Bhoi Block,1:1,30633.15,20534,NO
PSEUDO_ABSENCE,NEG_0579,25.583490,91.805300,3,East Khasi Block,1:1,2437.36,20215,NO
PSEUDO_ABSENCE,NEG_0580,25.074115,91.022350,2,West Khasi Block,1:1,13164.67,19727,NO
PSEUDO_ABSENCE,NEG_0581,25.532731,91.265812,2,West Khasi Block,1:1,570.97,20591,NO
PSEUDO_ABSENCE,NEG_0582,26.086736,90.560803,1,Garo Hills Block,1:1,35137.16,20415,NO
PSEUDO_ABSENCE,NEG_0583,25.196136,91.279917,2,West Khasi Block,1:1,4651.41,19737,NO
PSEUDO_ABSENCE,NEG_0584,25.023476,91.540369,2,West Khasi Block,1:1,15107.09,19704,NO
PSEUDO_ABSENCE,NEG_0585,25.547543,92.489969,5,Jaintia Hills Block,1:1,4017.24,20126,NO
PSEUDO_ABSENCE,NEG_0586,26.011852,92.354095,4,Ri-Bhoi Block,1:1,12551.57,20481,NO
PSEUDO_ABSENCE,NEG_0587,25.617244,91.563599,2,West Khasi Block,1:1,5317.36,20287,NO
PSEUDO_ABSENCE,NEG_0588,25.587214,92.021759,5,Jaintia Hills Block,1:1,3408.28,20245,NO
PSEUDO_ABSENCE,NEG_0589,25.624128,91.319274,2,West Khasi Block,1:1,1377.74,20282,NO
PSEUDO_ABSENCE,NEG_0590,25.034473,92.451678,5,Jaintia Hills Block,1:1,874.31,19614,NO
PSEUDO_ABSENCE,NEG_0591,25.448779,90.083524,1,Garo Hills Block,1:1,7820.95,20578,NO
PSEUDO_ABSENCE,NEG_0592,25.987732,92.798254,4,Ri-Bhoi Block,1:1,6766.55,20534,NO
PSEUDO_ABSENCE,NEG_0593,26.021312,92.646056,4,Ri-Bhoi Block,1:1,21829.35,20534,NO
PSEUDO_ABSENCE,NEG_0594,25.469832,91.508231,2,West Khasi Block,1:1,3114.85,20621,NO
PSEUDO_ABSENCE,NEG_0595,25.216753,92.414056,5,Jaintia Hills Block,1:1,4602.31,19729,NO
PSEUDO_ABSENCE,NEG_0596,26.071552,91.359066,4,Ri-Bhoi Block,1:1,22057.01,20472,NO
PSEUDO_ABSENCE,NEG_0597,25.509240,91.562688,2,West Khasi Block,1:1,2789.89,20113,NO
PSEUDO_ABSENCE,NEG_0598,25.627152,91.899758,3,East Khasi Block,1:1,1050.52,20600,NO
PSEUDO_ABSENCE,NEG_0599,25.498908,91.787796,3,East Khasi Block,1:1,896.67,20570,NO
PSEUDO_ABSENCE,NEG_0600,25.499436,91.716651,3,East Khasi Block,1:1,822.56,20098,NO
PSEUDO_ABSENCE,NEG_0601,25.555669,91.907323,3,East Khasi Block,1:1,800.64,20565,NO
PSEUDO_ABSENCE,NEG_0602,25.103433,92.164083,5,Jaintia Hills Block,1:1,4972.99,19685,NO
PSEUDO_ABSENCE,NEG_0603,25.081300,91.065217,2,West Khasi Block,1:1,12489.78,19727,NO
PSEUDO_ABSENCE,NEG_0604,25.258394,90.049495,1,Garo Hills Block,1:1,13746.87,20578,NO
PSEUDO_ABSENCE,NEG_0605,25.863995,91.682668,4,Ri-Bhoi Block,1:1,7054.46,20652,NO
PSEUDO_ABSENCE,NEG_0606,25.952957,92.058089,4,Ri-Bhoi Block,1:1,1903.28,20455,NO
PSEUDO_ABSENCE,NEG_0607,25.738420,90.225494,1,Garo Hills Block,1:1,8868.90,20364,NO
PSEUDO_ABSENCE,NEG_0608,25.378238,91.270891,2,West Khasi Block,1:1,4786.00,19974,NO
PSEUDO_ABSENCE,NEG_0609,25.669751,91.286594,4,Ri-Bhoi Block,1:1,6510.36,20282,NO
PSEUDO_ABSENCE,NEG_0610,25.080580,90.552677,1,Garo Hills Block,1:1,16488.96,20577,NO
PSEUDO_ABSENCE,NEG_0611,25.288898,90.648838,1,Garo Hills Block,1:1,5619.55,19842,NO
PSEUDO_ABSENCE,NEG_0612,25.451752,91.797520,3,East Khasi Block,1:1,1985.78,20067,NO
PSEUDO_ABSENCE,NEG_0613,25.134639,89.831557,1,Garo Hills Block,1:1,35827.80,20578,NO
PSEUDO_ABSENCE,NEG_0614,25.552602,91.655327,3,East Khasi Block,1:1,914.52,20165,NO
PSEUDO_ABSENCE,NEG_0615,25.081978,91.840570,3,East Khasi Block,1:1,13176.05,19734,NO
PSEUDO_ABSENCE,NEG_0616,25.042365,91.656656,3,East Khasi Block,1:1,14493.42,19713,NO
PSEUDO_ABSENCE,NEG_0617,25.478086,92.176901,5,Jaintia Hills Block,1:1,869.79,20486,NO
PSEUDO_ABSENCE,NEG_0618,25.065170,92.260644,5,Jaintia Hills Block,1:1,6603.17,19676,NO
PSEUDO_ABSENCE,NEG_0619,25.106812,89.836388,1,Garo Hills Block,1:1,37962.68,20578,NO
PSEUDO_ABSENCE,NEG_0620,26.086979,92.601325,4,Ri-Bhoi Block,1:1,27794.55,20534,NO
PSEUDO_ABSENCE,NEG_0621,25.995908,89.806355,1,Garo Hills Block,1:1,49389.43,20254,NO
PSEUDO_ABSENCE,NEG_0622,25.537426,89.855316,1,Garo Hills Block,1:1,12537.36,20127,NO
PSEUDO_ABSENCE,NEG_0623,25.967893,92.094936,4,Ri-Bhoi Block,1:1,3823.57,20455,NO
PSEUDO_ABSENCE,NEG_0624,26.023575,91.760027,4,Ri-Bhoi Block,1:1,7284.07,20473,NO
PSEUDO_ABSENCE,NEG_0625,25.961619,92.601673,4,Ri-Bhoi Block,1:1,26595.41,20534,NO
PSEUDO_ABSENCE,NEG_0626,25.614684,91.801408,3,East Khasi Block,1:1,3142.26,20298,NO
PSEUDO_ABSENCE,NEG_0627,25.063174,90.878878,1,Garo Hills Block,1:1,21629.15,19727,NO
PSEUDO_ABSENCE,NEG_0628,25.636445,92.238966,5,Jaintia Hills Block,1:1,6640.72,20227,NO
PSEUDO_ABSENCE,NEG_0629,25.522813,89.961143,1,Garo Hills Block,1:1,2053.97,20127,NO
PSEUDO_ABSENCE,NEG_0630,25.391899,91.490985,2,West Khasi Block,1:1,2174.14,20014,NO
PSEUDO_ABSENCE,NEG_0631,25.335531,91.974227,3,East Khasi Block,1:1,1635.71,19962,NO
PSEUDO_ABSENCE,NEG_0632,26.001878,89.817213,1,Garo Hills Block,1:1,49504.41,20254,NO
PSEUDO_ABSENCE,NEG_0633,25.047644,91.035029,2,West Khasi Block,1:1,15990.54,19727,NO
PSEUDO_ABSENCE,NEG_0634,25.063783,90.663504,1,Garo Hills Block,1:1,16585.36,20577,NO
PSEUDO_ABSENCE,NEG_0635,25.509237,91.544314,2,West Khasi Block,1:1,1400.24,20113,NO
PSEUDO_ABSENCE,NEG_0636,25.974348,92.733844,4,Ri-Bhoi Block,1:1,13372.25,20534,NO
PSEUDO_ABSENCE,NEG_0637,25.737046,90.817463,1,Garo Hills Block,1:1,2330.31,20403,NO
PSEUDO_ABSENCE,NEG_0638,25.029453,90.587180,1,Garo Hills Block,1:1,20605.37,20577,NO
PSEUDO_ABSENCE,NEG_0639,25.823885,90.601195,1,Garo Hills Block,1:1,16570.48,20415,NO
PSEUDO_ABSENCE,NEG_0640,25.076358,90.608764,1,Garo Hills Block,1:1,15070.84,20577,NO
PSEUDO_ABSENCE,NEG_0641,25.209469,91.892315,3,East Khasi Block,1:1,3458.48,19807,NO
PSEUDO_ABSENCE,NEG_0642,25.471675,91.111139,2,West Khasi Block,1:1,1773.15,20074,NO
PSEUDO_ABSENCE,NEG_0643,25.931747,90.262594,1,Garo Hills Block,1:1,23738.77,20415,NO
PSEUDO_ABSENCE,NEG_0644,25.598232,91.734631,3,East Khasi Block,1:1,2926.45,20229,NO
PSEUDO_ABSENCE,NEG_0645,25.151411,91.417728,2,West Khasi Block,1:1,4391.53,20551,NO
PSEUDO_ABSENCE,NEG_0646,25.144688,91.236404,2,West Khasi Block,1:1,6266.28,19737,NO
PSEUDO_ABSENCE,NEG_0647,25.900564,89.855621,1,Garo Hills Block,1:1,37709.22,20254,NO
PSEUDO_ABSENCE,NEG_0648,25.602216,91.776735,3,East Khasi Block,1:1,1818.01,20243,NO
PSEUDO_ABSENCE,NEG_0649,25.190597,91.785875,3,East Khasi Block,1:1,2466.99,19722,NO
PSEUDO_ABSENCE,NEG_0650,26.065437,92.672571,4,Ri-Bhoi Block,1:1,20287.50,20534,NO
PSEUDO_ABSENCE,NEG_0651,25.845738,92.571768,4,Ri-Bhoi Block,1:1,28593.86,20271,NO
PSEUDO_ABSENCE,NEG_0652,25.573063,92.215831,5,Jaintia Hills Block,1:1,1401.82,20209,NO
PSEUDO_ABSENCE,NEG_0653,25.540801,89.858691,1,Garo Hills Block,1:1,12230.44,20127,NO
PSEUDO_ABSENCE,NEG_0654,25.331660,91.688402,3,East Khasi Block,1:1,1109.89,19938,NO
PSEUDO_ABSENCE,NEG_0655,25.055279,92.383817,5,Jaintia Hills Block,1:1,814.78,19640,NO
PSEUDO_ABSENCE,NEG_0656,25.750545,91.069098,4,Ri-Bhoi Block,1:1,5856.79,20397,NO
PSEUDO_ABSENCE,NEG_0657,25.061472,92.150372,5,Jaintia Hills Block,1:1,9147.43,19685,NO
PSEUDO_ABSENCE,NEG_0658,26.027979,89.809213,1,Garo Hills Block,1:1,52470.50,20254,NO
PSEUDO_ABSENCE,NEG_0659,25.402608,90.448043,1,Garo Hills Block,1:1,19174.48,20194,NO
PSEUDO_ABSENCE,NEG_0660,25.142859,91.374005,2,West Khasi Block,1:1,5381.63,19721,NO
PSEUDO_ABSENCE,NEG_0661,25.158223,91.434605,2,West Khasi Block,1:1,3992.79,19725,NO
PSEUDO_ABSENCE,NEG_0662,25.666445,91.279326,4,Ri-Bhoi Block,1:1,6479.40,20282,NO
PSEUDO_ABSENCE,NEG_0663,25.670980,92.148221,4,Ri-Bhoi Block,1:1,1004.46,20373,NO
PSEUDO_ABSENCE,NEG_0664,25.200423,91.790192,3,East Khasi Block,1:1,3186.12,19722,NO
PSEUDO_ABSENCE,NEG_0665,25.819278,92.625251,4,Ri-Bhoi Block,1:1,28584.89,20214,NO
PSEUDO_ABSENCE,NEG_0666,26.041971,92.436144,4,Ri-Bhoi Block,1:1,19608.89,20481,NO
PSEUDO_ABSENCE,NEG_0667,25.329221,92.590814,5,Jaintia Hills Block,1:1,515.12,19941,NO
PSEUDO_ABSENCE,NEG_0668,25.597162,91.978488,3,East Khasi Block,1:1,6130.07,20246,NO
PSEUDO_ABSENCE,NEG_0669,25.138171,92.150762,5,Jaintia Hills Block,1:1,1066.60,19685,NO
PSEUDO_ABSENCE,NEG_0670,25.278219,90.128449,1,Garo Hills Block,1:1,9090.79,19854,NO
PSEUDO_ABSENCE,NEG_0671,25.114548,91.602732,3,East Khasi Block,1:1,7704.13,19719,NO
PSEUDO_ABSENCE,NEG_0672,25.631446,90.604483,1,Garo Hills Block,1:1,14285.72,20110,NO
PSEUDO_ABSENCE,NEG_0673,25.416405,90.760004,1,Garo Hills Block,1:1,3893.33,20036,NO
PSEUDO_ABSENCE,NEG_0674,25.175377,91.301528,2,West Khasi Block,1:1,7367.97,19737,NO
PSEUDO_ABSENCE,NEG_0675,25.532306,91.687741,3,East Khasi Block,1:1,898.75,20132,NO
PSEUDO_ABSENCE,NEG_0676,25.565862,92.019796,5,Jaintia Hills Block,1:1,2794.15,20140,NO
PSEUDO_ABSENCE,NEG_0677,25.305059,89.951778,1,Garo Hills Block,1:1,13839.08,20578,NO
PSEUDO_ABSENCE,NEG_0678,25.043524,91.363854,2,West Khasi Block,1:1,16263.04,19721,NO
PSEUDO_ABSENCE,NEG_0679,25.697057,91.555276,4,Ri-Bhoi Block,1:1,4181.37,20653,NO
PSEUDO_ABSENCE,NEG_0680,25.402317,91.379890,2,West Khasi Block,1:1,3566.76,20047,NO
PSEUDO_ABSENCE,NEG_0681,25.484862,91.721426,3,East Khasi Block,1:1,1933.81,20572,NO
PSEUDO_ABSENCE,NEG_0682,25.471161,91.481794,2,West Khasi Block,1:1,3054.11,20621,NO
PSEUDO_ABSENCE,NEG_0683,25.020658,91.415416,2,West Khasi Block,1:1,17239.10,19708,NO
PSEUDO_ABSENCE,NEG_0684,25.891421,90.975482,1,Garo Hills Block,1:1,10090.25,20420,NO
PSEUDO_ABSENCE,NEG_0685,25.726325,91.947050,4,Ri-Bhoi Block,1:1,5449.96,20401,NO
PSEUDO_ABSENCE,NEG_0686,25.042208,92.209811,5,Jaintia Hills Block,1:1,9523.27,19676,NO
PSEUDO_ABSENCE,NEG_0687,25.180703,91.924108,3,East Khasi Block,1:1,6623.73,19819,NO
PSEUDO_ABSENCE,NEG_0688,25.786442,91.869460,4,Ri-Bhoi Block,1:1,715.86,20413,NO
PSEUDO_ABSENCE,NEG_0689,25.283806,90.566558,1,Garo Hills Block,1:1,8857.18,19842,NO
PSEUDO_ABSENCE,NEG_0690,25.441280,90.111006,1,Garo Hills Block,1:1,8359.73,20578,NO
PSEUDO_ABSENCE,NEG_0691,25.985799,90.532656,1,Garo Hills Block,1:1,23662.79,20415,NO
PSEUDO_ABSENCE,NEG_0692,25.879089,90.658155,1,Garo Hills Block,1:1,23975.56,20415,NO
PSEUDO_ABSENCE,NEG_0693,25.869917,90.149112,1,Garo Hills Block,1:1,22443.90,20364,NO
PSEUDO_ABSENCE,NEG_0694,25.610927,90.278736,1,Garo Hills Block,1:1,1134.14,20267,NO
PSEUDO_ABSENCE,NEG_0695,25.045998,91.110821,2,West Khasi Block,1:1,17134.65,19733,NO
PSEUDO_ABSENCE,NEG_0696,25.654271,89.803514,1,Garo Hills Block,1:1,20023.92,20212,NO
PSEUDO_ABSENCE,NEG_0697,25.186950,91.049248,2,West Khasi Block,1:1,1010.75,19727,NO
PSEUDO_ABSENCE,NEG_0698,26.041004,91.557927,4,Ri-Bhoi Block,1:1,3444.43,20472,NO
PSEUDO_ABSENCE,NEG_0699,25.113110,90.709000,1,Garo Hills Block,1:1,13279.50,20577,NO
PSEUDO_ABSENCE,NEG_0700,25.146459,90.389950,1,Garo Hills Block,1:1,21303.24,19854,NO
PSEUDO_ABSENCE,NEG_0701,25.562580,91.419958,2,West Khasi Block,1:1,4521.08,20124,NO
PSEUDO_ABSENCE,NEG_0702,25.227109,90.157861,1,Garo Hills Block,1:1,6475.62,19854,NO
PSEUDO_ABSENCE,NEG_0703,25.717455,91.944143,4,Ri-Bhoi Block,1:1,4720.98,20391,NO
PSEUDO_ABSENCE,NEG_0704,25.259717,91.646489,3,East Khasi Block,1:1,2867.59,19850,NO
PSEUDO_ABSENCE,NEG_0705,25.455706,91.853972,3,East Khasi Block,1:1,2100.66,20059,NO
PSEUDO_ABSENCE,NEG_0706,25.985299,92.354763,4,Ri-Bhoi Block,1:1,14144.71,20481,NO
PSEUDO_ABSENCE,NEG_0707,25.188255,91.899572,3,East Khasi Block,1:1,4277.12,19734,NO
PSEUDO_ABSENCE,NEG_0708,25.931269,92.603073,4,Ri-Bhoi Block,1:1,27259.63,20534,NO
PSEUDO_ABSENCE,NEG_0709,25.186835,90.903801,1,Garo Hills Block,1:1,13760.82,19727,NO
PSEUDO_ABSENCE,NEG_0710,25.448969,91.747733,3,East Khasi Block,1:1,533.75,20065,NO
PSEUDO_ABSENCE,NEG_0711,25.810923,91.237050,4,Ri-Bhoi Block,1:1,7994.63,20425,NO
PSEUDO_ABSENCE,NEG_0712,25.599154,91.798675,3,East Khasi Block,1:1,2600.62,20243,NO
PSEUDO_ABSENCE,NEG_0713,25.420947,91.301440,2,West Khasi Block,1:1,5212.25,20064,NO
PSEUDO_ABSENCE,NEG_0714,25.156707,91.275819,2,West Khasi Block,1:1,6478.15,19737,NO
PSEUDO_ABSENCE,NEG_0715,25.959073,90.736369,1,Garo Hills Block,1:1,28308.00,20403,NO
PSEUDO_ABSENCE,NEG_0716,25.391241,92.068211,5,Jaintia Hills Block,1:1,5306.08,19949,NO
PSEUDO_ABSENCE,NEG_0717,25.574755,91.194444,2,West Khasi Block,1:1,906.21,20235,NO
PSEUDO_ABSENCE,NEG_0718,25.096651,90.814034,1,Garo Hills Block,1:1,22235.60,20577,NO
PSEUDO_ABSENCE,NEG_0719,25.464679,92.368105,5,Jaintia Hills Block,1:1,8429.87,20121,NO
PSEUDO_ABSENCE,NEG_0720,25.056541,91.127440,2,West Khasi Block,1:1,15763.58,19733,NO
PSEUDO_ABSENCE,NEG_0721,25.054354,91.789606,3,East Khasi Block,1:1,15163.74,19722,NO
PSEUDO_ABSENCE,NEG_0722,25.177196,91.920073,3,East Khasi Block,1:1,6632.39,19734,NO
PSEUDO_ABSENCE,NEG_0723,25.082491,89.817129,1,Garo Hills Block,1:1,41290.33,20578,NO
PSEUDO_ABSENCE,NEG_0724,25.529017,91.840577,3,East Khasi Block,1:1,4487.79,20207,NO
PSEUDO_ABSENCE,NEG_0725,25.134737,91.875646,3,East Khasi Block,1:1,7376.42,19734,NO
PSEUDO_ABSENCE,NEG_0726,25.339648,91.722257,3,East Khasi Block,1:1,4180.33,19960,NO
PSEUDO_ABSENCE,NEG_0727,25.221643,91.261819,2,West Khasi Block,1:1,3477.32,19751,NO
PSEUDO_ABSENCE,NEG_0728,25.116086,91.285280,2,West Khasi Block,1:1,10760.53,19737,NO
PSEUDO_ABSENCE,NEG_0729,25.327467,91.820239,3,East Khasi Block,1:1,4465.44,19942,NO
PSEUDO_ABSENCE,NEG_0730,25.824689,91.130063,4,Ri-Bhoi Block,1:1,1156.69,20421,NO
PSEUDO_ABSENCE,NEG_0731,25.958144,92.706849,4,Ri-Bhoi Block,1:1,16464.98,20534,NO
PSEUDO_ABSENCE,NEG_0732,26.060485,90.460053,1,Garo Hills Block,1:1,30143.34,20415,NO
PSEUDO_ABSENCE,NEG_0733,25.314915,91.656438,3,East Khasi Block,1:1,1275.56,19933,NO
PSEUDO_ABSENCE,NEG_0734,25.100309,91.110978,2,West Khasi Block,1:1,11224.43,19733,NO
PSEUDO_ABSENCE,NEG_0735,25.735010,91.811164,4,Ri-Bhoi Block,1:1,7667.63,20410,NO
PSEUDO_ABSENCE,NEG_0736,25.876131,92.750851,4,Ri-Bhoi Block,1:1,18112.53,20534,NO
PSEUDO_ABSENCE,NEG_0737,25.871720,90.060333,1,Garo Hills Block,1:1,25430.41,20364,NO
PSEUDO_ABSENCE,NEG_0738,25.409657,91.673198,3,East Khasi Block,1:1,712.21,20606,NO
PSEUDO_ABSENCE,NEG_0739,25.045435,92.393777,5,Jaintia Hills Block,1:1,844.31,19637,NO
PSEUDO_ABSENCE,NEG_0740,25.592272,90.770522,1,Garo Hills Block,1:1,4225.84,20294,NO
PSEUDO_ABSENCE,NEG_0741,25.178406,90.855354,1,Garo Hills Block,1:1,18682.69,19727,NO
PSEUDO_ABSENCE,NEG_0742,25.708811,91.017591,4,Ri-Bhoi Block,1:1,3892.84,20396,NO
PSEUDO_ABSENCE,NEG_0743,25.549995,91.959488,3,East Khasi Block,1:1,2027.95,20134,NO
PSEUDO_ABSENCE,NEG_0744,25.951147,90.303446,1,Garo Hills Block,1:1,22533.12,20415,NO
PSEUDO_ABSENCE,NEG_0745,25.093212,91.448979,2,West Khasi Block,1:1,8514.74,19708,NO
PSEUDO_ABSENCE,NEG_0746,25.275252,90.647757,1,Garo Hills Block,1:1,4108.19,19842,NO
PSEUDO_ABSENCE,NEG_0747,25.848063,90.095687,1,Garo Hills Block,1:1,21524.91,20364,NO
PSEUDO_ABSENCE,NEG_0748,25.154480,89.845660,1,Garo Hills Block,1:1,33226.33,20578,NO
PSEUDO_ABSENCE,NEG_0749,25.062084,92.805123,5,Jaintia Hills Block,1:1,9224.24,19669,NO
PSEUDO_ABSENCE,NEG_0750,25.160730,90.360475,1,Garo Hills Block,1:1,17961.47,19854,NO
PSEUDO_ABSENCE,NEG_0751,25.192560,91.927379,3,East Khasi Block,1:1,5390.11,19819,NO
PSEUDO_ABSENCE,NEG_0752,25.531983,91.238894,2,West Khasi Block,1:1,1640.28,20162,NO
PSEUDO_ABSENCE,NEG_0753,25.445955,90.212158,1,Garo Hills Block,1:1,6013.43,20091,NO
PSEUDO_ABSENCE,NEG_0754,25.302258,92.799952,5,Jaintia Hills Block,1:1,10559.96,19910,NO
PSEUDO_ABSENCE,NEG_0755,25.123319,91.944462,3,East Khasi Block,1:1,9591.58,19726,NO
PSEUDO_ABSENCE,NEG_0756,25.131792,91.955471,3,East Khasi Block,1:1,8170.98,19726,NO
PSEUDO_ABSENCE,NEG_0757,25.486010,91.248355,2,West Khasi Block,1:1,3339.42,20104,NO
PSEUDO_ABSENCE,NEG_0758,26.032492,91.775368,4,Ri-Bhoi Block,1:1,5864.20,20473,NO
PSEUDO_ABSENCE,NEG_0759,26.095756,89.889326,1,Garo Hills Block,1:1,55559.45,20364,NO
PSEUDO_ABSENCE,NEG_0760,25.420660,91.603108,3,East Khasi Block,1:1,3200.25,20583,NO
PSEUDO_ABSENCE,NEG_0761,25.734455,90.268605,1,Garo Hills Block,1:1,11409.61,20364,NO
PSEUDO_ABSENCE,NEG_0762,25.114821,90.962463,1,Garo Hills Block,1:1,11579.58,19727,NO
PSEUDO_ABSENCE,NEG_0763,25.039789,91.987193,3,East Khasi Block,1:1,16633.40,19720,NO
PSEUDO_ABSENCE,NEG_0764,25.478340,92.039272,5,Jaintia Hills Block,1:1,1694.58,20075,NO
PSEUDO_ABSENCE,NEG_0765,25.427759,91.792519,3,East Khasi Block,1:1,2576.37,20039,NO
PSEUDO_ABSENCE,NEG_0766,25.245984,91.599834,2,West Khasi Block,1:1,2277.54,19866,NO
PSEUDO_ABSENCE,NEG_0767,25.959908,92.602683,4,Ri-Bhoi Block,1:1,26530.41,20534,NO
PSEUDO_ABSENCE,NEG_0768,25.795140,91.947188,4,Ri-Bhoi Block,1:1,7126.57,20413,NO
PSEUDO_ABSENCE,NEG_0769,25.164610,92.128231,5,Jaintia Hills Block,1:1,1604.27,19700,NO
PSEUDO_ABSENCE,NEG_0770,25.650647,91.331961,4,Ri-Bhoi Block,1:1,4531.48,20282,NO
PSEUDO_ABSENCE,NEG_0771,25.191308,91.948905,3,East Khasi Block,1:1,4399.33,19819,NO
PSEUDO_ABSENCE,NEG_0772,25.185685,90.250389,1,Garo Hills Block,1:1,8414.21,19854,NO
PSEUDO_ABSENCE,NEG_0773,25.065556,89.872233,1,Garo Hills Block,1:1,39916.14,20578,NO
PSEUDO_ABSENCE,NEG_0774,25.257215,91.739744,3,East Khasi Block,1:1,1497.27,19848,NO
PSEUDO_ABSENCE,NEG_0775,25.091427,89.903580,1,Garo Hills Block,1:1,35915.45,20578,NO
PSEUDO_ABSENCE,NEG_0776,25.144465,91.595502,2,West Khasi Block,1:1,4428.93,19715,NO
PSEUDO_ABSENCE,NEG_0777,25.335018,90.429310,1,Garo Hills Block,1:1,23357.85,19854,NO
PSEUDO_ABSENCE,NEG_0778,25.035686,92.013284,5,Jaintia Hills Block,1:1,16614.86,19720,NO
PSEUDO_ABSENCE,NEG_0779,26.083306,91.598230,4,Ri-Bhoi Block,1:1,8443.13,20472,NO
PSEUDO_ABSENCE,NEG_0780,25.891195,91.882215,4,Ri-Bhoi Block,1:1,2820.01,20429,NO
PSEUDO_ABSENCE,NEG_0781,25.158269,91.479524,2,West Khasi Block,1:1,1037.26,19708,NO
PSEUDO_ABSENCE,NEG_0782,25.094259,91.885315,3,East Khasi Block,1:1,11980.99,19734,NO
PSEUDO_ABSENCE,NEG_0783,25.430720,92.342115,5,Jaintia Hills Block,1:1,5439.28,20043,NO
PSEUDO_ABSENCE,NEG_0784,25.252817,91.566768,2,West Khasi Block,1:1,2220.18,19871,NO
PSEUDO_ABSENCE,NEG_0785,25.648029,92.595521,5,Jaintia Hills Block,1:1,9645.84,20214,NO
PSEUDO_ABSENCE,NEG_0786,25.555716,90.315345,1,Garo Hills Block,1:1,1601.68,20174,NO
PSEUDO_ABSENCE,NEG_0787,25.529384,91.541674,2,West Khasi Block,1:1,1077.81,20113,NO
PSEUDO_ABSENCE,NEG_0788,25.625645,91.901360,3,East Khasi Block,1:1,1048.45,20293,NO
PSEUDO_ABSENCE,NEG_0789,25.381188,90.685799,1,Garo Hills Block,1:1,1580.98,20024,NO
PSEUDO_ABSENCE,NEG_0790,25.199974,91.111045,2,West Khasi Block,1:1,2878.31,19733,NO
PSEUDO_ABSENCE,NEG_0791,25.590658,91.303233,2,West Khasi Block,1:1,2797.31,20282,NO
PSEUDO_ABSENCE,NEG_0792,26.069001,92.666593,4,Ri-Bhoi Block,1:1,20984.14,20534,NO
PSEUDO_ABSENCE,NEG_0793,25.449704,90.022507,1,Garo Hills Block,1:1,8469.25,20578,NO
PSEUDO_ABSENCE,NEG_0794,25.576164,91.709414,3,East Khasi Block,1:1,2996.23,20206,NO
PSEUDO_ABSENCE,NEG_0795,25.544710,91.966974,3,East Khasi Block,1:1,1089.72,20134,NO
PSEUDO_ABSENCE,NEG_0796,25.635074,91.602872,3,East Khasi Block,1:1,2169.43,20291,NO
PSEUDO_ABSENCE,NEG_0797,25.992659,92.259350,4,Ri-Bhoi Block,1:1,7747.55,20480,NO
PSEUDO_ABSENCE,NEG_0798,25.566091,92.335428,5,Jaintia Hills Block,1:1,645.14,20200,NO
PSEUDO_ABSENCE,NEG_0799,25.111778,91.752098,3,East Khasi Block,1:1,8564.15,19722,NO
PSEUDO_ABSENCE,NEG_0800,25.978465,90.293948,1,Garo Hills Block,1:1,25547.00,20415,NO
PSEUDO_ABSENCE,NEG_0801,25.021707,91.571105,2,West Khasi Block,1:1,15912.21,19704,NO
PSEUDO_ABSENCE,NEG_0802,25.311279,91.392252,2,West Khasi Block,1:1,4272.15,20622,NO
PSEUDO_ABSENCE,NEG_0803,25.153765,91.948935,3,East Khasi Block,1:1,6875.68,19726,NO
PSEUDO_ABSENCE,NEG_0804,25.490788,92.721605,5,Jaintia Hills Block,1:1,16997.32,19996,NO
PSEUDO_ABSENCE,NEG_0805,25.528228,91.751654,3,East Khasi Block,1:1,3785.27,20572,NO
PSEUDO_ABSENCE,NEG_0806,25.243251,91.562196,2,West Khasi Block,1:1,3344.02,19784,NO
PSEUDO_ABSENCE,NEG_0807,25.545933,91.961378,3,East Khasi Block,1:1,1583.05,20134,NO
PSEUDO_ABSENCE,NEG_0808,25.111982,91.858114,3,East Khasi Block,1:1,9710.83,19734,NO
PSEUDO_ABSENCE,NEG_0809,25.647311,92.210662,5,Jaintia Hills Block,1:1,6084.42,20373,NO
PSEUDO_ABSENCE,NEG_0810,25.466234,91.548264,2,West Khasi Block,1:1,4757.20,20583,NO
PSEUDO_ABSENCE,NEG_0811,25.351356,89.815819,1,Garo Hills Block,1:1,24797.54,20578,NO
PSEUDO_ABSENCE,NEG_0812,25.119726,90.861008,1,Garo Hills Block,1:1,19741.05,19727,NO
PSEUDO_ABSENCE,NEG_0813,25.221399,91.574157,2,West Khasi Block,1:1,800.23,19784,NO
PSEUDO_ABSENCE,NEG_0814,25.041187,91.517576,2,West Khasi Block,1:1,13083.18,19704,NO
PSEUDO_ABSENCE,NEG_0815,26.099626,92.501315,4,Ri-Bhoi Block,1:1,26350.80,20481,NO
PSEUDO_ABSENCE,NEG_0816,25.382130,92.258091,5,Jaintia Hills Block,1:1,5356.15,20043,NO
PSEUDO_ABSENCE,NEG_0817,25.898964,92.382356,4,Ri-Bhoi Block,1:1,22897.20,20481,NO
PSEUDO_ABSENCE,NEG_0818,25.851834,90.675451,1,Garo Hills Block,1:1,21048.23,20403,NO
PSEUDO_ABSENCE,NEG_0819,25.578676,91.300502,2,West Khasi Block,1:1,3069.16,20179,NO
PSEUDO_ABSENCE,NEG_0820,25.748638,92.372816,4,Ri-Bhoi Block,1:1,17191.00,20271,NO
PSEUDO_ABSENCE,NEG_0821,25.103289,91.020818,2,West Khasi Block,1:1,9991.44,19727,NO
PSEUDO_ABSENCE,NEG_0822,25.161267,90.671787,1,Garo Hills Block,1:1,6745.20,20577,NO
PSEUDO_ABSENCE,NEG_0823,25.185316,91.934099,3,East Khasi Block,1:1,5638.76,19819,NO
PSEUDO_ABSENCE,NEG_0824,25.909559,92.463992,4,Ri-Bhoi Block,1:1,27934.97,20481,NO
PSEUDO_ABSENCE,NEG_0825,25.107809,92.228757,5,Jaintia Hills Block,1:1,2168.38,19676,NO
PSEUDO_ABSENCE,NEG_0826,25.154669,90.528041,1,Garo Hills Block,1:1,12166.31,20577,NO
PSEUDO_ABSENCE,NEG_0827,25.085824,90.706355,1,Garo Hills Block,1:1,15717.66,20577,NO
PSEUDO_ABSENCE,NEG_0828,25.159650,90.460684,1,Garo Hills Block,1:1,18152.02,20577,NO
PSEUDO_ABSENCE,NEG_0829,25.865819,92.114615,4,Ri-Bhoi Block,1:1,3869.24,20428,NO
PSEUDO_ABSENCE,NEG_0830,25.263301,92.028738,5,Jaintia Hills Block,1:1,5717.02,19771,NO
PSEUDO_ABSENCE,NEG_0831,25.994771,92.135756,4,Ri-Bhoi Block,1:1,7950.47,20465,NO
PSEUDO_ABSENCE,NEG_0832,25.736821,89.943239,1,Garo Hills Block,1:1,17523.37,20254,NO
PSEUDO_ABSENCE,NEG_0833,25.178450,90.764397,1,Garo Hills Block,1:1,13762.16,20577,NO
PSEUDO_ABSENCE,NEG_0834,25.198921,90.268955,1,Garo Hills Block,1:1,8208.41,19854,NO
PSEUDO_ABSENCE,NEG_0835,25.171018,91.914004,3,East Khasi Block,1:1,6378.91,19734,NO
PSEUDO_ABSENCE,NEG_0836,25.501119,91.174686,2,West Khasi Block,1:1,1234.00,20087,NO
PSEUDO_ABSENCE,NEG_0837,25.316904,91.655556,3,East Khasi Block,1:1,1092.16,19933,NO
PSEUDO_ABSENCE,NEG_0838,25.563578,91.957619,3,East Khasi Block,1:1,3366.80,20134,NO
PSEUDO_ABSENCE,NEG_0839,25.300827,91.892181,3,East Khasi Block,1:1,2824.01,19912,NO
PSEUDO_ABSENCE,NEG_0840,25.117418,91.603852,3,East Khasi Block,1:1,7368.46,19719,NO
PSEUDO_ABSENCE,NEG_0841,25.195417,90.734344,1,Garo Hills Block,1:1,10407.44,20577,NO
PSEUDO_ABSENCE,NEG_0842,25.195444,91.129782,2,West Khasi Block,1:1,1020.35,19733,NO
PSEUDO_ABSENCE,NEG_0843,25.108364,91.735913,3,East Khasi Block,1:1,8188.18,19713,NO
PSEUDO_ABSENCE,NEG_0844,25.338575,92.573094,5,Jaintia Hills Block,1:1,1007.66,19946,NO
PSEUDO_ABSENCE,NEG_0845,25.925733,92.201114,4,Ri-Bhoi Block,1:1,8208.24,20428,NO
PSEUDO_ABSENCE,NEG_0846,25.672973,91.132154,4,Ri-Bhoi Block,1:1,1105.12,20349,NO
PSEUDO_ABSENCE,NEG_0847,26.012720,91.512735,4,Ri-Bhoi Block,1:1,5684.47,20472,NO
PSEUDO_ABSENCE,NEG_0848,25.026509,91.419902,2,West Khasi Block,1:1,16457.43,19708,NO
PSEUDO_ABSENCE,NEG_0849,25.744252,90.688704,1,Garo Hills Block,1:1,13754.43,20403,NO
PSEUDO_ABSENCE,NEG_0850,25.302959,91.678524,3,East Khasi Block,1:1,3143.40,19938,NO
PSEUDO_ABSENCE,NEG_0851,25.371454,92.804137,5,Jaintia Hills Block,1:1,12790.62,19919,NO
PSEUDO_ABSENCE,NEG_0852,25.546678,89.819163,1,Garo Hills Block,1:1,16243.13,20127,NO
PSEUDO_ABSENCE,NEG_0853,25.650744,91.807539,4,Ri-Bhoi Block,1:1,3469.68,20298,NO
PSEUDO_ABSENCE,NEG_0854,25.956593,91.984544,4,Ri-Bhoi Block,1:1,1679.91,20447,NO
PSEUDO_ABSENCE,NEG_0855,25.392463,89.860171,1,Garo Hills Block,1:1,19458.05,20127,NO
PSEUDO_ABSENCE,NEG_0856,25.030361,92.185659,5,Jaintia Hills Block,1:1,11752.81,19676,NO
PSEUDO_ABSENCE,NEG_0857,25.485372,90.892580,1,Garo Hills Block,1:1,5152.49,20063,NO
PSEUDO_ABSENCE,NEG_0858,25.553662,91.922039,3,East Khasi Block,1:1,1089.99,20565,NO
PSEUDO_ABSENCE,NEG_0859,25.896095,92.125228,4,Ri-Bhoi Block,1:1,4389.13,20428,NO
PSEUDO_ABSENCE,NEG_0860,25.422732,91.372516,2,West Khasi Block,1:1,3271.99,20047,NO
PSEUDO_ABSENCE,NEG_0861,25.229202,90.278971,1,Garo Hills Block,1:1,7021.31,19854,NO
PSEUDO_ABSENCE,NEG_0862,25.979094,92.083561,4,Ri-Bhoi Block,1:1,2640.77,20465,NO
PSEUDO_ABSENCE,NEG_0863,25.356504,91.458997,2,West Khasi Block,1:1,2677.71,20595,NO
PSEUDO_ABSENCE,NEG_0864,25.054116,92.109560,5,Jaintia Hills Block,1:1,10444.51,19685,NO
PSEUDO_ABSENCE,NEG_0865,25.072988,91.255740,2,West Khasi Block,1:1,14401.53,19737,NO
PSEUDO_ABSENCE,NEG_0866,25.203643,90.608229,1,Garo Hills Block,1:1,2520.43,20577,NO
PSEUDO_ABSENCE,NEG_0867,25.022026,92.259790,5,Jaintia Hills Block,1:1,10336.82,19654,NO
PSEUDO_ABSENCE,NEG_0868,25.549559,91.630469,3,East Khasi Block,1:1,1226.68,20593,NO
PSEUDO_ABSENCE,NEG_0869,25.504128,90.603499,1,Garo Hills Block,1:1,5610.67,20110,NO
PSEUDO_ABSENCE,NEG_0870,25.211791,92.393599,5,Jaintia Hills Block,1:1,2722.28,19729,NO
PSEUDO_ABSENCE,NEG_0871,25.187629,92.409663,5,Jaintia Hills Block,1:1,2736.36,19710,NO
PSEUDO_ABSENCE,NEG_0872,25.836245,90.691688,1,Garo Hills Block,1:1,18672.97,20403,NO
PSEUDO_ABSENCE,NEG_0873,25.227870,91.552941,2,West Khasi Block,1:1,3051.92,19784,NO
PSEUDO_ABSENCE,NEG_0874,25.370409,92.327265,5,Jaintia Hills Block,1:1,6855.21,20043,NO
PSEUDO_ABSENCE,NEG_0875,25.578630,90.029008,1,Garo Hills Block,1:1,2378.32,20254,NO
PSEUDO_ABSENCE,NEG_0876,25.999811,92.158076,4,Ri-Bhoi Block,1:1,10202.09,20480,NO
PSEUDO_ABSENCE,NEG_0877,25.403357,91.997494,3,East Khasi Block,1:1,526.05,20038,NO
PSEUDO_ABSENCE,NEG_0878,25.081692,89.881300,1,Garo Hills Block,1:1,37903.41,20578,NO
PSEUDO_ABSENCE,NEG_0879,25.492103,92.531303,5,Jaintia Hills Block,1:1,2226.87,20078,NO
PSEUDO_ABSENCE,NEG_0880,25.635083,91.719125,3,East Khasi Block,1:1,7238.90,20229,NO
PSEUDO_ABSENCE,NEG_0881,25.563595,92.444360,5,Jaintia Hills Block,1:1,3957.78,20126,NO
PSEUDO_ABSENCE,NEG_0882,25.097441,91.054058,2,West Khasi Block,1:1,10533.19,19727,NO
PSEUDO_ABSENCE,NEG_0883,25.625479,90.044912,1,Garo Hills Block,1:1,3203.48,20254,NO
PSEUDO_ABSENCE,NEG_0884,26.084984,91.430592,4,Ri-Bhoi Block,1:1,16093.12,20472,NO
PSEUDO_ABSENCE,NEG_0885,25.283237,89.901302,1,Garo Hills Block,1:1,19369.68,20578,NO
PSEUDO_ABSENCE,NEG_0886,26.010189,92.196047,4,Ri-Bhoi Block,1:1,6746.35,20480,NO
PSEUDO_ABSENCE,NEG_0887,25.654854,91.339615,4,Ri-Bhoi Block,1:1,5332.81,20282,NO
PSEUDO_ABSENCE,NEG_0888,25.149855,91.600277,3,East Khasi Block,1:1,4064.64,19719,NO
PSEUDO_ABSENCE,NEG_0889,25.621780,92.266852,5,Jaintia Hills Block,1:1,4845.21,20230,NO
PSEUDO_ABSENCE,NEG_0890,25.346380,89.828776,1,Garo Hills Block,1:1,23594.48,20578,NO
PSEUDO_ABSENCE,NEG_0891,25.526788,91.254466,2,West Khasi Block,1:1,784.59,20591,NO
PSEUDO_ABSENCE,NEG_0892,25.112544,92.062940,5,Jaintia Hills Block,1:1,8514.64,19723,NO
PSEUDO_ABSENCE,NEG_0893,25.503284,91.199965,2,West Khasi Block,1:1,728.07,20088,NO
PSEUDO_ABSENCE,NEG_0894,25.337486,91.386256,2,West Khasi Block,1:1,5852.60,19916,NO
PSEUDO_ABSENCE,NEG_0895,25.551031,92.773889,5,Jaintia Hills Block,1:1,22440.45,20214,NO
PSEUDO_ABSENCE,NEG_0896,25.455090,90.922678,1,Garo Hills Block,1:1,4467.61,20063,NO
PSEUDO_ABSENCE,NEG_0897,25.035524,91.525864,2,West Khasi Block,1:1,13690.36,19704,NO
PSEUDO_ABSENCE,NEG_0898,26.022337,91.753442,4,Ri-Bhoi Block,1:1,7774.09,20485,NO
PSEUDO_ABSENCE,NEG_0899,25.769654,91.084389,4,Ri-Bhoi Block,1:1,4238.10,20418,NO
PSEUDO_ABSENCE,NEG_0900,25.579455,91.947748,3,East Khasi Block,1:1,3545.62,20246,NO
PSEUDO_ABSENCE,NEG_0901,25.260110,91.515812,2,West Khasi Block,1:1,3655.06,19890,NO
PSEUDO_ABSENCE,NEG_0902,25.518074,91.485559,2,West Khasi Block,1:1,1976.23,20120,NO
PSEUDO_ABSENCE,NEG_0903,25.748296,90.698198,1,Garo Hills Block,1:1,12944.21,20403,NO
PSEUDO_ABSENCE,NEG_0904,25.261708,91.947509,3,East Khasi Block,1:1,3982.39,19819,NO
PSEUDO_ABSENCE,NEG_0905,25.106126,91.557927,2,West Khasi Block,1:1,6637.42,19706,NO
PSEUDO_ABSENCE,NEG_0906,25.448605,89.845581,1,Garo Hills Block,1:1,16246.42,20127,NO
PSEUDO_ABSENCE,NEG_0907,25.719701,92.371912,4,Ri-Bhoi Block,1:1,14475.46,20271,NO
PSEUDO_ABSENCE,NEG_0908,26.015534,91.290181,4,Ri-Bhoi Block,1:1,21982.51,20425,NO
PSEUDO_ABSENCE,NEG_0909,25.889440,92.669699,4,Ri-Bhoi Block,1:1,23175.18,20534,NO
PSEUDO_ABSENCE,NEG_0910,25.102682,90.667775,1,Garo Hills Block,1:1,12482.40,20577,NO
PSEUDO_ABSENCE,NEG_0911,25.096326,90.835332,1,Garo Hills Block,1:1,23195.90,19727,NO
PSEUDO_ABSENCE,NEG_0912,25.662232,91.513822,4,Ri-Bhoi Block,1:1,8440.85,20359,NO
PSEUDO_ABSENCE,NEG_0913,25.724274,92.391374,4,Ri-Bhoi Block,1:1,13932.35,20271,NO
PSEUDO_ABSENCE,NEG_0914,25.833323,90.595587,1,Garo Hills Block,1:1,16302.42,20415,NO
PSEUDO_ABSENCE,NEG_0915,25.728083,89.971386,1,Garo Hills Block,1:1,15406.19,20254,NO
PSEUDO_ABSENCE,NEG_0916,25.659320,92.161919,4,Ri-Bhoi Block,1:1,1687.05,20373,NO
PSEUDO_ABSENCE,NEG_0917,25.197829,91.164710,2,West Khasi Block,1:1,2530.55,19733,NO
PSEUDO_ABSENCE,NEG_0918,25.493481,91.223231,2,West Khasi Block,1:1,1546.66,20100,NO
PSEUDO_ABSENCE,NEG_0919,25.292844,89.844979,1,Garo Hills Block,1:1,23788.83,20578,NO
PSEUDO_ABSENCE,NEG_0920,25.583518,90.733171,1,Garo Hills Block,1:1,7472.48,20294,NO
PSEUDO_ABSENCE,NEG_0921,25.452757,92.100802,5,Jaintia Hills Block,1:1,562.70,20068,NO
PSEUDO_ABSENCE,NEG_0922,25.423206,89.847326,1,Garo Hills Block,1:1,17843.41,20127,NO
PSEUDO_ABSENCE,NEG_0923,25.373578,91.423635,2,West Khasi Block,1:1,3428.68,20596,NO
PSEUDO_ABSENCE,NEG_0924,25.192017,91.015123,2,West Khasi Block,1:1,2551.22,19727,NO
PSEUDO_ABSENCE,NEG_0925,25.718064,91.945527,4,Ri-Bhoi Block,1:1,4874.72,20391,NO
PSEUDO_ABSENCE,NEG_0926,25.815053,91.047779,4,Ri-Bhoi Block,1:1,1676.83,20423,NO
PSEUDO_ABSENCE,NEG_0927,25.550039,89.867981,1,Garo Hills Block,1:1,11373.53,20655,NO
PSEUDO_ABSENCE,NEG_0928,25.043690,91.559849,2,West Khasi Block,1:1,13249.21,19704,NO
PSEUDO_ABSENCE,NEG_0929,25.305509,90.000430,1,Garo Hills Block,1:1,10387.29,20578,NO
PSEUDO_ABSENCE,NEG_0930,25.922195,90.860709,1,Garo Hills Block,1:1,20193.09,20419,NO
PSEUDO_ABSENCE,NEG_0931,25.230931,91.172523,2,West Khasi Block,1:1,931.58,19841,NO
PSEUDO_ABSENCE,NEG_0932,25.067113,92.194179,5,Jaintia Hills Block,1:1,7874.33,19676,NO
PSEUDO_ABSENCE,NEG_0933,25.274580,91.377400,2,West Khasi Block,1:1,1031.00,19870,NO
PSEUDO_ABSENCE,NEG_0934,25.645154,91.937836,3,East Khasi Block,1:1,975.55,20316,NO
PSEUDO_ABSENCE,NEG_0935,25.590068,91.922083,3,East Khasi Block,1:1,791.17,20246,NO
PSEUDO_ABSENCE,NEG_0936,25.315278,89.942843,1,Garo Hills Block,1:1,13922.90,20578,NO
PSEUDO_ABSENCE,NEG_0937,25.134490,91.557022,2,West Khasi Block,1:1,4006.41,19706,NO
PSEUDO_ABSENCE,NEG_0938,25.842999,91.528384,4,Ri-Bhoi Block,1:1,5852.33,20424,NO
PSEUDO_ABSENCE,NEG_0939,25.380211,91.867647,3,East Khasi Block,1:1,737.71,20003,NO
PSEUDO_ABSENCE,NEG_0940,25.698852,92.812295,4,Ri-Bhoi Block,1:1,29779.28,20214,NO
PSEUDO_ABSENCE,NEG_0941,25.439559,91.513137,2,West Khasi Block,1:1,4381.98,20033,NO
PSEUDO_ABSENCE,NEG_0942,25.486877,91.661211,3,East Khasi Block,1:1,4957.37,20574,NO
PSEUDO_ABSENCE,NEG_0943,25.175466,92.106614,5,Jaintia Hills Block,1:1,3115.99,19724,NO
PSEUDO_ABSENCE,NEG_0944,25.140592,91.240551,2,West Khasi Block,1:1,6749.34,19737,NO
PSEUDO_ABSENCE,NEG_0945,25.999166,91.178682,4,Ri-Bhoi Block,1:1,16609.21,20425,NO
PSEUDO_ABSENCE,NEG_0946,25.609113,90.660633,1,Garo Hills Block,1:1,10732.45,20110,NO
PSEUDO_ABSENCE,NEG_0947,25.150093,91.966511,3,East Khasi Block,1:1,5880.15,19726,NO
PSEUDO_ABSENCE,NEG_0948,25.787686,91.871548,4,Ri-Bhoi Block,1:1,509.85,20413,NO
PSEUDO_ABSENCE,NEG_0949,25.962612,90.112306,1,Garo Hills Block,1:1,33235.04,20364,NO
PSEUDO_ABSENCE,NEG_0950,25.508720,92.002930,5,Jaintia Hills Block,1:1,3437.69,20139,NO
PSEUDO_ABSENCE,NEG_0951,25.166293,91.105368,2,West Khasi Block,1:1,4916.75,19733,NO
PSEUDO_ABSENCE,NEG_0952,25.900900,92.399761,4,Ri-Bhoi Block,1:1,23848.66,20481,NO
PSEUDO_ABSENCE,NEG_0953,25.612170,91.901004,3,East Khasi Block,1:1,1799.67,20293,NO
PSEUDO_ABSENCE,NEG_0954,26.095125,92.270170,4,Ri-Bhoi Block,1:1,4783.94,20481,NO
PSEUDO_ABSENCE,NEG_0955,25.319985,90.053767,1,Garo Hills Block,1:1,6886.72,20578,NO
PSEUDO_ABSENCE,NEG_0956,25.894659,92.625812,4,Ri-Bhoi Block,1:1,26684.84,20534,NO
PSEUDO_ABSENCE,NEG_0957,25.046918,91.132100,2,West Khasi Block,1:1,16803.11,19733,NO
PSEUDO_ABSENCE,NEG_0958,25.723358,90.816146,1,Garo Hills Block,1:1,987.85,20403,NO
PSEUDO_ABSENCE,NEG_0959,25.191961,91.012452,2,West Khasi Block,1:1,2819.72,19727,NO
PSEUDO_ABSENCE,NEG_0960,25.043246,91.441197,2,West Khasi Block,1:1,13907.13,19708,NO
PSEUDO_ABSENCE,NEG_0961,25.229473,92.477178,5,Jaintia Hills Block,1:1,9409.74,19710,NO
PSEUDO_ABSENCE,NEG_0962,25.573084,91.727752,3,East Khasi Block,1:1,1160.33,20206,NO
PSEUDO_ABSENCE,NEG_0963,25.501650,91.901677,3,East Khasi Block,1:1,2515.05,20116,NO
PSEUDO_ABSENCE,NEG_0964,25.074950,90.797151,1,Garo Hills Block,1:1,22403.77,20577,NO
PSEUDO_ABSENCE,NEG_0965,25.108152,91.342930,2,West Khasi Block,1:1,10270.98,19721,NO
PSEUDO_ABSENCE,NEG_0966,25.470519,91.899671,3,East Khasi Block,1:1,5128.07,20060,NO
PSEUDO_ABSENCE,NEG_0967,25.953240,92.759954,4,Ri-Bhoi Block,1:1,11778.48,20534,NO
PSEUDO_ABSENCE,NEG_0968,25.082891,91.494137,2,West Khasi Block,1:1,8630.71,19708,NO
PSEUDO_ABSENCE,NEG_0969,25.633162,91.809802,3,East Khasi Block,1:1,2119.16,20298,NO
PSEUDO_ABSENCE,NEG_0970,25.188129,90.346811,1,Garo Hills Block,1:1,15170.57,19854,NO
PSEUDO_ABSENCE,NEG_0971,25.986911,92.640517,4,Ri-Bhoi Block,1:1,22374.41,20534,NO
PSEUDO_ABSENCE,NEG_0972,25.785151,90.951723,1,Garo Hills Block,1:1,6063.66,20419,NO
PSEUDO_ABSENCE,NEG_0973,26.089097,91.462501,4,Ri-Bhoi Block,1:1,13720.44,20472,NO
PSEUDO_ABSENCE,NEG_0974,25.444052,91.764017,3,East Khasi Block,1:1,2142.50,20065,NO
PSEUDO_ABSENCE,NEG_0975,25.986265,91.140077,4,Ri-Bhoi Block,1:1,15444.68,20425,NO
PSEUDO_ABSENCE,NEG_0976,25.071222,92.038727,5,Jaintia Hills Block,1:1,12616.72,19720,NO
PSEUDO_ABSENCE,NEG_0977,25.422998,92.769079,5,Jaintia Hills Block,1:1,14130.61,19919,NO
PSEUDO_ABSENCE,NEG_0978,25.055098,91.676145,3,East Khasi Block,1:1,12759.64,19713,NO
PSEUDO_ABSENCE,NEG_0979,25.418861,89.986568,1,Garo Hills Block,1:1,8487.86,20578,NO
PSEUDO_ABSENCE,NEG_0980,25.440542,91.808984,3,East Khasi Block,1:1,1275.17,20067,NO
PSEUDO_ABSENCE,NEG_0981,25.303826,91.608652,3,East Khasi Block,1:1,3406.11,19875,NO
PSEUDO_ABSENCE,NEG_0982,25.512201,90.992397,1,Garo Hills Block,1:1,10250.66,20056,NO
PSEUDO_ABSENCE,NEG_0983,25.154934,89.843530,1,Garo Hills Block,1:1,33327.65,20578,NO
PSEUDO_ABSENCE,NEG_0984,25.581314,92.189929,5,Jaintia Hills Block,1:1,1809.59,20210,NO
PSEUDO_ABSENCE,NEG_0985,25.042604,92.206602,5,Jaintia Hills Block,1:1,9600.98,19676,NO
PSEUDO_ABSENCE,NEG_0986,25.165616,91.683066,3,East Khasi Block,1:1,802.59,19713,NO
PSEUDO_ABSENCE,NEG_0987,25.495803,90.875865,1,Garo Hills Block,1:1,6212.64,20063,NO
PSEUDO_ABSENCE,NEG_0988,25.523613,90.033277,1,Garo Hills Block,1:1,5392.81,20127,NO
PSEUDO_ABSENCE,NEG_0989,25.042279,91.009057,2,West Khasi Block,1:1,16876.67,19727,NO
PSEUDO_ABSENCE,NEG_0990,26.008124,92.133806,4,Ri-Bhoi Block,1:1,8152.68,20465,NO
PSEUDO_ABSENCE,NEG_0991,25.639739,92.786137,5,Jaintia Hills Block,1:1,24759.53,20214,NO
PSEUDO_ABSENCE,NEG_0992,25.607843,91.884212,3,East Khasi Block,1:1,1239.22,20284,NO
PSEUDO_ABSENCE,NEG_0993,25.673810,90.188167,1,Garo Hills Block,1:1,921.63,20364,NO
PSEUDO_ABSENCE,NEG_0994,25.394740,89.858250,1,Garo Hills Block,1:1,19380.67,20127,NO
PSEUDO_ABSENCE,NEG_0995,25.494792,91.907407,3,East Khasi Block,1:1,3443.12,20116,NO
PSEUDO_ABSENCE,NEG_0996,26.062213,90.788263,1,Garo Hills Block,1:1,36379.71,20420,NO
PSEUDO_ABSENCE,NEG_0997,25.045952,91.820672,3,East Khasi Block,1:1,16915.69,19722,NO
PSEUDO_ABSENCE,NEG_0998,25.472059,91.238885,2,West Khasi Block,1:1,4205.74,20101,NO
PSEUDO_ABSENCE,NEG_0999,25.316684,92.802903,5,Jaintia Hills Block,1:1,10846.83,19910,NO
PSEUDO_ABSENCE,NEG_1000,25.228887,92.100766,5,Jaintia Hills Block,1:1,852.99,19832,NO
PSEUDO_ABSENCE,NEG_1001,25.396125,92.358076,5,Jaintia Hills Block,1:1,7491.97,20043,NO
PSEUDO_ABSENCE,NEG_1002,25.868715,91.079193,4,Ri-Bhoi Block,1:1,5202.53,20423,NO
PSEUDO_ABSENCE,NEG_1003,25.620383,92.278837,5,Jaintia Hills Block,1:1,4841.32,20230,NO
PSEUDO_ABSENCE,NEG_1004,25.069431,91.394668,2,West Khasi Block,1:1,13047.71,19721,NO
PSEUDO_ABSENCE,NEG_1005,26.018111,92.691853,4,Ri-Bhoi Block,1:1,17239.71,20534,NO
PSEUDO_ABSENCE,NEG_1006,25.167820,92.230868,5,Jaintia Hills Block,1:1,1457.70,19703,NO
PSEUDO_ABSENCE,NEG_1007,25.985324,91.000134,4,Ri-Bhoi Block,1:1,17976.98,20423,NO
PSEUDO_ABSENCE,NEG_1008,25.296032,91.687071,3,East Khasi Block,1:1,3964.29,19900,NO
PSEUDO_ABSENCE,NEG_1009,25.848857,92.292844,4,Ri-Bhoi Block,1:1,14090.28,20428,NO
PSEUDO_ABSENCE,NEG_1010,25.192043,91.098581,2,West Khasi Block,1:1,4173.85,19733,NO
PSEUDO_ABSENCE,NEG_1011,25.945048,90.663425,1,Garo Hills Block,1:1,28230.49,20415,NO
PSEUDO_ABSENCE,NEG_1012,25.153808,90.739925,1,Garo Hills Block,1:1,12524.01,20577,NO
PSEUDO_ABSENCE,NEG_1013,25.536698,90.110669,1,Garo Hills Block,1:1,10399.92,20107,NO
PSEUDO_ABSENCE,NEG_1014,25.062067,91.822761,3,East Khasi Block,1:1,15334.95,19722,NO
PSEUDO_ABSENCE,NEG_1015,25.966205,91.969265,4,Ri-Bhoi Block,1:1,1679.35,20447,NO
PSEUDO_ABSENCE,NEG_1016,25.867734,92.828102,4,Ri-Bhoi Block,1:1,15520.48,20534,NO
PSEUDO_ABSENCE,NEG_1017,25.095928,89.861294,1,Garo Hills Block,1:1,37550.84,20578,NO
PSEUDO_ABSENCE,NEG_1018,25.378022,91.980545,3,East Khasi Block,1:1,1154.23,20008,NO
PSEUDO_ABSENCE,NEG_1019,25.025085,91.988208,3,East Khasi Block,1:1,18195.05,19720,NO
PSEUDO_ABSENCE,NEG_1020,25.132984,92.133545,5,Jaintia Hills Block,1:1,1426.80,19685,NO
PSEUDO_ABSENCE,NEG_1021,25.512223,91.960107,3,East Khasi Block,1:1,3068.71,20134,NO
PSEUDO_ABSENCE,NEG_1022,25.044002,90.983735,1,Garo Hills Block,1:1,17353.12,19727,NO
PSEUDO_ABSENCE,NEG_1023,25.488899,91.694664,3,East Khasi Block,1:1,2446.00,20105,NO
PSEUDO_ABSENCE,NEG_1024,25.782668,91.004739,4,Ri-Bhoi Block,1:1,1731.87,20414,NO
PSEUDO_ABSENCE,NEG_1025,25.768943,91.547576,4,Ri-Bhoi Block,1:1,4097.28,20654,NO
PSEUDO_ABSENCE,NEG_1026,25.030593,91.445338,2,West Khasi Block,1:1,15104.92,19708,NO
PSEUDO_ABSENCE,NEG_1027,25.642061,91.052493,2,West Khasi Block,1:1,662.02,20331,NO
PSEUDO_ABSENCE,NEG_1028,25.078736,90.549840,1,Garo Hills Block,1:1,16807.55,20577,NO
PSEUDO_ABSENCE,NEG_1029,26.059019,92.744617,4,Ri-Bhoi Block,1:1,13390.79,20534,NO
PSEUDO_ABSENCE,NEG_1030,25.881366,90.943402,1,Garo Hills Block,1:1,11033.14,20420,NO
PSEUDO_ABSENCE,NEG_1031,26.085596,92.317702,4,Ri-Bhoi Block,1:1,8134.46,20481,NO
PSEUDO_ABSENCE,NEG_1032,25.118251,90.629160,1,Garo Hills Block,1:1,10231.32,20577,NO
PSEUDO_ABSENCE,NEG_1033,25.979946,91.831538,4,Ri-Bhoi Block,1:1,2789.00,20461,NO
PSEUDO_ABSENCE,NEG_1034,25.242529,91.041626,2,West Khasi Block,1:1,5690.26,19727,NO
PSEUDO_ABSENCE,NEG_1035,25.130132,92.099962,5,Jaintia Hills Block,1:1,4467.41,19685,NO
PSEUDO_ABSENCE,NEG_1036,25.977718,92.148373,4,Ri-Bhoi Block,1:1,9108.13,20465,NO
PSEUDO_ABSENCE,NEG_1037,25.435267,89.886949,1,Garo Hills Block,1:1,14078.39,20127,NO
PSEUDO_ABSENCE,NEG_1038,25.096022,91.780302,3,East Khasi Block,1:1,10437.14,19722,NO
PSEUDO_ABSENCE,NEG_1039,25.466989,92.733264,5,Jaintia Hills Block,1:1,15993.52,19996,NO
PSEUDO_ABSENCE,NEG_1040,25.604989,91.926208,3,East Khasi Block,1:1,1353.67,20246,NO
PSEUDO_ABSENCE,NEG_1041,26.097218,91.405564,4,Ri-Bhoi Block,1:1,18937.60,20472,NO
PSEUDO_ABSENCE,NEG_1042,25.375113,90.683808,1,Garo Hills Block,1:1,2285.13,20024,NO
PSEUDO_ABSENCE,NEG_1043,25.337324,91.896937,3,East Khasi Block,1:1,941.81,19953,NO
PSEUDO_ABSENCE,NEG_1044,25.726540,91.109442,4,Ri-Bhoi Block,1:1,3637.43,20390,NO
PSEUDO_ABSENCE,NEG_1045,25.186198,89.837447,1,Garo Hills Block,1:1,31216.48,20578,NO
PSEUDO_ABSENCE,NEG_1046,25.265495,92.230431,5,Jaintia Hills Block,1:1,2568.43,19868,NO
PSEUDO_ABSENCE,NEG_1047,25.443808,91.562663,2,West Khasi Block,1:1,2837.52,20583,NO
PSEUDO_ABSENCE,NEG_1048,25.130922,91.416357,2,West Khasi Block,1:1,6476.00,20551,NO
PSEUDO_ABSENCE,NEG_1049,25.190790,91.908497,3,East Khasi Block,1:1,5083.67,19734,NO
PSEUDO_ABSENCE,NEG_1050,25.185168,91.939569,3,East Khasi Block,1:1,5390.31,19819,NO
PSEUDO_ABSENCE,NEG_1051,25.380875,91.307182,2,West Khasi Block,1:1,7806.14,19916,NO
PSEUDO_ABSENCE,NEG_1052,25.575715,91.770365,3,East Khasi Block,1:1,827.63,20236,NO
PSEUDO_ABSENCE,NEG_1053,25.964932,92.370654,4,Ri-Bhoi Block,1:2,16792.21,20481,NO
PSEUDO_ABSENCE,NEG_1054,25.298117,91.622827,3,East Khasi Block,1:2,3055.99,19875,NO
PSEUDO_ABSENCE,NEG_1055,25.760609,91.075118,4,Ri-Bhoi Block,1:2,5602.11,20418,NO
PSEUDO_ABSENCE,NEG_1056,25.983586,92.011974,4,Ri-Bhoi Block,1:2,4542.89,20465,NO
PSEUDO_ABSENCE,NEG_1057,25.125592,89.844583,1,Garo Hills Block,1:2,35796.30,20578,NO
PSEUDO_ABSENCE,NEG_1058,25.200718,90.636470,1,Garo Hills Block,1:2,1140.69,20577,NO
PSEUDO_ABSENCE,NEG_1059,25.627439,91.596559,2,West Khasi Block,1:2,2186.08,20287,NO
PSEUDO_ABSENCE,NEG_1060,25.124657,91.382940,2,West Khasi Block,1:2,7039.41,19721,NO
PSEUDO_ABSENCE,NEG_1061,25.051027,90.001612,1,Garo Hills Block,1:2,31161.33,19854,NO
PSEUDO_ABSENCE,NEG_1062,25.035939,91.564893,2,West Khasi Block,1:2,14216.84,19704,NO
PSEUDO_ABSENCE,NEG_1063,25.517508,91.255427,2,West Khasi Block,1:2,575.31,20114,NO
PSEUDO_ABSENCE,NEG_1064,25.113520,92.062564,5,Jaintia Hills Block,1:2,8412.24,19723,NO
PSEUDO_ABSENCE,NEG_1065,26.017621,92.688013,4,Ri-Bhoi Block,1:2,17616.94,20534,NO
PSEUDO_ABSENCE,NEG_1066,25.157714,91.475917,2,West Khasi Block,1:2,1404.98,19708,NO
PSEUDO_ABSENCE,NEG_1067,26.022927,92.560463,4,Ri-Bhoi Block,1:2,30369.64,20534,NO
PSEUDO_ABSENCE,NEG_1068,25.235239,91.814350,3,East Khasi Block,1:2,2277.34,20540,NO
PSEUDO_ABSENCE,NEG_1069,25.789388,92.235619,4,Ri-Bhoi Block,1:2,9261.80,20417,NO
PSEUDO_ABSENCE,NEG_1070,25.950258,92.680851,4,Ri-Bhoi Block,1:2,19208.00,20534,NO
PSEUDO_ABSENCE,NEG_1071,25.038524,91.145644,2,West Khasi Block,1:2,17730.28,19733,NO
PSEUDO_ABSENCE,NEG_1072,25.172311,91.699303,3,East Khasi Block,1:2,998.35,19713,NO
PSEUDO_ABSENCE,NEG_1073,25.813912,90.193269,1,Garo Hills Block,1:2,16057.38,20364,NO
PSEUDO_ABSENCE,NEG_1074,25.970660,91.052607,4,Ri-Bhoi Block,1:2,15642.85,20423,NO
PSEUDO_ABSENCE,NEG_1075,25.983423,92.547615,4,Ri-Bhoi Block,1:2,31662.49,20534,NO
PSEUDO_ABSENCE,NEG_1076,25.119844,91.872330,3,East Khasi Block,1:2,8939.77,19734,NO
PSEUDO_ABSENCE,NEG_1077,25.910525,92.661801,4,Ri-Bhoi Block,1:2,22676.63,20534,NO
PSEUDO_ABSENCE,NEG_1078,25.522303,91.696776,3,East Khasi Block,1:2,1462.92,20574,NO
PSEUDO_ABSENCE,NEG_1079,25.907487,92.438161,4,Ri-Bhoi Block,1:2,26072.07,20481,NO
PSEUDO_ABSENCE,NEG_1080,25.315764,89.860660,1,Garo Hills Block,1:2,21360.50,20578,NO
PSEUDO_ABSENCE,NEG_1081,25.772789,91.154685,4,Ri-Bhoi Block,1:2,5401.06,20418,NO
PSEUDO_ABSENCE,NEG_1082,25.145133,91.367238,2,West Khasi Block,1:2,5486.94,19721,NO
PSEUDO_ABSENCE,NEG_1083,26.040350,92.635044,4,Ri-Bhoi Block,1:2,23201.50,20534,NO
PSEUDO_ABSENCE,NEG_1084,25.423817,92.167203,5,Jaintia Hills Block,1:2,709.53,20592,NO
PSEUDO_ABSENCE,NEG_1085,26.042301,92.415409,4,Ri-Bhoi Block,1:2,17546.62,20481,NO
PSEUDO_ABSENCE,NEG_1086,25.295287,91.688885,3,East Khasi Block,1:2,3793.48,19900,NO
PSEUDO_ABSENCE,NEG_1087,25.508023,91.713728,3,East Khasi Block,1:2,553.30,20102,NO
PSEUDO_ABSENCE,NEG_1088,25.715568,91.580000,4,Ri-Bhoi Block,1:2,2362.86,20653,NO
PSEUDO_ABSENCE,NEG_1089,25.434149,89.855719,1,Garo Hills Block,1:2,16408.02,20127,NO
PSEUDO_ABSENCE,NEG_1090,25.090262,91.377250,2,West Khasi Block,1:2,10903.92,19721,NO
PSEUDO_ABSENCE,NEG_1091,25.726367,92.163732,4,Ri-Bhoi Block,1:2,5135.43,20400,NO
PSEUDO_ABSENCE,NEG_1092,25.747088,91.068691,4,Ri-Bhoi Block,1:2,5473.62,20397,NO
PSEUDO_ABSENCE,NEG_1093,25.098060,91.388893,2,West Khasi Block,1:2,9892.79,19721,NO
PSEUDO_ABSENCE,NEG_1094,25.174315,92.072634,5,Jaintia Hills Block,1:2,1578.36,19723,NO
PSEUDO_ABSENCE,NEG_1095,26.074855,90.622987,1,Garo Hills Block,1:2,36580.08,20415,NO
PSEUDO_ABSENCE,NEG_1096,25.789186,92.550146,4,Ri-Bhoi Block,1:2,21985.32,20271,NO
PSEUDO_ABSENCE,NEG_1097,25.191556,90.799040,1,Garo Hills Block,1:2,16902.96,19842,NO
PSEUDO_ABSENCE,NEG_1098,25.080865,90.744843,1,Garo Hills Block,1:2,18315.20,20577,NO
PSEUDO_ABSENCE,NEG_1099,25.115627,91.863293,3,East Khasi Block,1:2,9315.94,19734,NO
PSEUDO_ABSENCE,NEG_1100,25.611382,90.739508,1,Garo Hills Block,1:2,5449.66,20294,NO
PSEUDO_ABSENCE,NEG_1101,25.107607,90.452196,1,Garo Hills Block,1:2,21410.73,20577,NO
PSEUDO_ABSENCE,NEG_1102,25.303514,90.119856,1,Garo Hills Block,1:2,10546.49,20578,NO
PSEUDO_ABSENCE,NEG_1103,25.622827,90.666468,1,Garo Hills Block,1:2,12280.77,20110,NO
PSEUDO_ABSENCE,NEG_1104,25.317057,90.594332,1,Garo Hills Block,1:2,9785.24,19842,NO
PSEUDO_ABSENCE,NEG_1105,25.544531,91.228230,2,West Khasi Block,1:2,736.62,20163,NO
PSEUDO_ABSENCE,NEG_1106,25.977331,92.557555,4,Ri-Bhoi Block,1:2,30729.39,20534,NO
PSEUDO_ABSENCE,NEG_1107,25.075310,89.916313,1,Garo Hills Block,1:2,36033.37,19854,NO
PSEUDO_ABSENCE,NEG_1108,25.630965,92.054950,5,Jaintia Hills Block,1:2,2312.08,20329,NO
PSEUDO_ABSENCE,NEG_1109,25.992754,90.280150,1,Garo Hills Block,1:2,27640.15,20415,NO
PSEUDO_ABSENCE,NEG_1110,26.099028,91.610843,4,Ri-Bhoi Block,1:2,10531.38,20472,NO
PSEUDO_ABSENCE,NEG_1111,26.081389,90.663207,1,Garo Hills Block,1:2,39344.57,20415,NO
PSEUDO_ABSENCE,NEG_1112,25.020438,91.413056,2,West Khasi Block,1:2,17365.28,19708,NO
PSEUDO_ABSENCE,NEG_1113,25.297861,91.678107,3,East Khasi Block,1:2,3644.88,19933,NO
PSEUDO_ABSENCE,NEG_1114,25.361034,91.767158,3,East Khasi Block,1:2,574.57,20506,NO
PSEUDO_ABSENCE,NEG_1115,25.601630,91.765578,3,East Khasi Block,1:2,2111.29,20243,NO
PSEUDO_ABSENCE,NEG_1116,25.526557,91.800687,3,East Khasi Block,1:2,3906.88,20570,NO
PSEUDO_ABSENCE,NEG_1117,25.692046,91.538291,4,Ri-Bhoi Block,1:2,5941.86,20653,NO
PSEUDO_ABSENCE,NEG_1118,25.468228,91.724140,3,East Khasi Block,1:2,2908.98,20605,NO
PSEUDO_ABSENCE,NEG_1119,25.899714,92.384465,4,Ri-Bhoi Block,1:2,22962.67,20481,NO
PSEUDO_ABSENCE,NEG_1120,25.143741,91.330608,2,West Khasi Block,1:2,8177.88,19721,NO
PSEUDO_ABSENCE,NEG_1121,25.487729,92.064336,5,Jaintia Hills Block,1:2,526.31,20080,NO
PSEUDO_ABSENCE,NEG_1122,25.614752,90.237836,1,Garo Hills Block,1:2,5257.05,20267,NO
PSEUDO_ABSENCE,NEG_1123,25.276153,90.015479,1,Garo Hills Block,1:2,12565.61,20578,NO
PSEUDO_ABSENCE,NEG_1124,25.258483,92.199092,5,Jaintia Hills Block,1:2,672.83,19863,NO
PSEUDO_ABSENCE,NEG_1125,25.740998,91.862004,4,Ri-Bhoi Block,1:2,2691.30,20627,NO
PSEUDO_ABSENCE,NEG_1126,25.229637,90.265716,1,Garo Hills Block,1:2,5797.99,19854,NO
PSEUDO_ABSENCE,NEG_1127,25.108140,91.779522,3,East Khasi Block,1:2,9099.32,19722,NO
PSEUDO_ABSENCE,NEG_1128,25.725317,92.443884,4,Ri-Bhoi Block,1:2,12640.51,20271,NO
PSEUDO_ABSENCE,NEG_1129,26.090610,92.611038,4,Ri-Bhoi Block,1:2,27023.23,20534,NO
PSEUDO_ABSENCE,NEG_1130,25.830385,90.780213,1,Garo Hills Block,1:2,13343.94,20403,NO
PSEUDO_ABSENCE,NEG_1131,25.493129,91.828279,3,East Khasi Block,1:2,689.84,20084,NO
PSEUDO_ABSENCE,NEG_1132,25.101198,91.073728,2,West Khasi Block,1:2,10570.39,19727,NO
PSEUDO_ABSENCE,NEG_1133,26.075986,91.810069,4,Ri-Bhoi Block,1:2,1072.39,20482,NO
PSEUDO_ABSENCE,NEG_1134,25.528126,90.226783,1,Garo Hills Block,1:2,2223.81,20108,NO
PSEUDO_ABSENCE,NEG_1135,25.052170,91.525149,2,West Khasi Block,1:2,11839.26,19704,NO
PSEUDO_ABSENCE,NEG_1136,25.283072,90.215365,1,Garo Hills Block,1:2,3211.93,19854,NO
PSEUDO_ABSENCE,NEG_1137,25.603836,92.130880,5,Jaintia Hills Block,1:2,7032.31,20157,NO
PSEUDO_ABSENCE,NEG_1138,25.366654,92.075557,5,Jaintia Hills Block,1:2,2653.86,19949,NO
PSEUDO_ABSENCE,NEG_1139,25.659900,90.197920,1,Garo Hills Block,1:2,2118.25,20364,NO
PSEUDO_ABSENCE,NEG_1140,25.209289,89.864983,1,Garo Hills Block,1:2,27440.31,20578,NO
PSEUDO_ABSENCE,NEG_1141,25.688319,92.322439,4,Ri-Bhoi Block,1:2,13452.36,20230,NO
PSEUDO_ABSENCE,NEG_1142,25.420732,90.781089,1,Garo Hills Block,1:2,2249.46,20042,NO
PSEUDO_ABSENCE,NEG_1143,25.557667,89.976627,1,Garo Hills Block,1:2,1128.07,20655,NO
PSEUDO_ABSENCE,NEG_1144,25.987136,91.279158,4,Ri-Bhoi Block,1:2,18753.84,20425,NO
PSEUDO_ABSENCE,NEG_1145,25.246746,92.221933,5,Jaintia Hills Block,1:2,1708.84,19827,NO
PSEUDO_ABSENCE,NEG_1146,25.326174,91.739970,3,East Khasi Block,1:2,3161.32,19902,NO
PSEUDO_ABSENCE,NEG_1147,25.571009,91.600156,3,East Khasi Block,1:2,2769.32,20593,NO
PSEUDO_ABSENCE,NEG_1148,25.125767,92.033785,5,Jaintia Hills Block,1:2,6531.63,19720,NO
PSEUDO_ABSENCE,NEG_1149,25.155517,91.182145,2,West Khasi Block,1:2,5918.13,19739,NO
PSEUDO_ABSENCE,NEG_1150,25.461366,91.759431,3,East Khasi Block,1:2,2307.38,20065,NO
PSEUDO_ABSENCE,NEG_1151,25.493745,92.090149,5,Jaintia Hills Block,1:2,2006.52,20083,NO
PSEUDO_ABSENCE,NEG_1152,25.176112,91.579993,2,West Khasi Block,1:2,585.43,19715,NO
PSEUDO_ABSENCE,NEG_1153,25.601689,91.985345,3,East Khasi Block,1:2,6531.07,20313,NO
PSEUDO_ABSENCE,NEG_1154,25.101031,90.906800,1,Garo Hills Block,1:2,16790.57,19727,NO
PSEUDO_ABSENCE,NEG_1155,25.936426,91.016542,4,Ri-Bhoi Block,1:2,12298.28,20423,NO
PSEUDO_ABSENCE,NEG_1156,25.307176,91.591114,2,West Khasi Block,1:2,2512.01,19893,NO
PSEUDO_ABSENCE,NEG_1157,25.662635,91.382344,4,Ri-Bhoi Block,1:2,8984.92,20282,NO
PSEUDO_ABSENCE,NEG_1158,25.682728,92.051996,4,Ri-Bhoi Block,1:2,3459.25,20340,NO
PSEUDO_ABSENCE,NEG_1159,25.696219,91.981663,4,Ri-Bhoi Block,1:2,3155.33,20361,NO
PSEUDO_ABSENCE,NEG_1160,25.612903,90.761099,1,Garo Hills Block,1:2,3354.15,20294,NO
PSEUDO_ABSENCE,NEG_1161,25.128037,91.207615,2,West Khasi Block,1:2,8317.91,19739,NO
PSEUDO_ABSENCE,NEG_1162,25.779617,91.994943,4,Ri-Bhoi Block,1:2,3457.27,20408,NO
PSEUDO_ABSENCE,NEG_1163,25.205176,91.859006,3,East Khasi Block,1:2,652.33,19734,NO
PSEUDO_ABSENCE,NEG_1164,25.967513,92.048180,4,Ri-Bhoi Block,1:2,728.12,20456,NO
PSEUDO_ABSENCE,NEG_1165,25.661662,91.542924,4,Ri-Bhoi Block,1:2,5543.25,20359,NO
PSEUDO_ABSENCE,NEG_1166,25.427318,91.431152,2,West Khasi Block,1:2,2638.92,20047,NO
PSEUDO_ABSENCE,NEG_1167,25.346540,91.502464,2,West Khasi Block,1:2,3557.53,20595,NO
PSEUDO_ABSENCE,NEG_1168,25.396520,91.203363,2,West Khasi Block,1:2,4976.82,19973,NO
PSEUDO_ABSENCE,NEG_1169,25.936535,90.818058,1,Garo Hills Block,1:2,24460.44,20403,NO
PSEUDO_ABSENCE,NEG_1170,25.552653,92.036332,5,Jaintia Hills Block,1:2,2687.75,20140,NO
PSEUDO_ABSENCE,NEG_1171,25.183681,90.964937,1,Garo Hills Block,1:2,7648.01,19727,NO
PSEUDO_ABSENCE,NEG_1172,25.817276,90.909728,1,Garo Hills Block,1:2,10219.75,20419,NO
PSEUDO_ABSENCE,NEG_1173,26.040425,91.294930,4,Ri-Bhoi Block,1:2,24584.30,20425,NO
PSEUDO_ABSENCE,NEG_1174,25.125274,92.166285,5,Jaintia Hills Block,1:2,2749.66,19692,NO
PSEUDO_ABSENCE,NEG_1175,25.079840,90.695099,1,Garo Hills Block,1:2,15819.88,20577,NO
PSEUDO_ABSENCE,NEG_1176,25.766977,92.440517,4,Ri-Bhoi Block,1:2,17285.15,20271,NO
PSEUDO_ABSENCE,NEG_1177,25.178906,91.941161,3,East Khasi Block,1:2,5963.22,19819,NO
PSEUDO_ABSENCE,NEG_1178,25.181166,91.347255,2,West Khasi Block,1:2,4995.68,19721,NO
PSEUDO_ABSENCE,NEG_1179,25.513681,91.576254,2,West Khasi Block,1:2,3762.71,20138,NO
PSEUDO_ABSENCE,NEG_1180,25.467331,92.370926,5,Jaintia Hills Block,1:2,8027.27,20121,NO
PSEUDO_ABSENCE,NEG_1181,25.073428,91.968381,3,East Khasi Block,1:2,13552.00,19726,NO
PSEUDO_ABSENCE,NEG_1182,25.123822,92.171691,5,Jaintia Hills Block,1:2,2760.34,19692,NO
PSEUDO_ABSENCE,NEG_1183,25.096676,91.625156,3,East Khasi Block,1:2,9536.13,19719,NO
PSEUDO_ABSENCE,NEG_1184,25.823555,90.585264,1,Garo Hills Block,1:2,15012.72,20415,NO
PSEUDO_ABSENCE,NEG_1185,25.987171,91.261298,4,Ri-Bhoi Block,1:2,17776.84,20425,NO
PSEUDO_ABSENCE,NEG_1186,25.547641,91.539626,2,West Khasi Block,1:2,1925.04,20160,NO
PSEUDO_ABSENCE,NEG_1187,25.206965,90.627739,1,Garo Hills Block,1:2,576.93,20577,NO
PSEUDO_ABSENCE,NEG_1188,26.023990,90.209019,1,Garo Hills Block,1:2,34795.12,20415,NO
PSEUDO_ABSENCE,NEG_1189,25.221363,91.248038,2,West Khasi Block,1:2,2330.54,19751,NO
PSEUDO_ABSENCE,NEG_1190,25.626877,90.697899,1,Garo Hills Block,1:2,9403.72,20294,NO
PSEUDO_ABSENCE,NEG_1191,25.169293,90.663692,1,Garo Hills Block,1:2,5545.44,20577,NO
PSEUDO_ABSENCE,NEG_1192,26.087098,91.576710,4,Ri-Bhoi Block,1:2,8395.98,20472,NO
PSEUDO_ABSENCE,NEG_1193,25.365365,91.236885,2,West Khasi Block,1:2,1171.19,19974,NO
PSEUDO_ABSENCE,NEG_1194,25.857344,92.595293,4,Ri-Bhoi Block,1:2,30789.84,20271,NO
PSEUDO_ABSENCE,NEG_1195,25.989607,92.501605,4,Ri-Bhoi Block,1:2,27222.80,20481,NO
PSEUDO_ABSENCE,NEG_1196,25.730022,90.692901,1,Garo Hills Block,1:2,13072.11,20403,NO
PSEUDO_ABSENCE,NEG_1197,25.314251,91.899617,3,East Khasi Block,1:2,1615.09,19937,NO
PSEUDO_ABSENCE,NEG_1198,25.724260,90.931842,1,Garo Hills Block,1:2,10982.88,20403,NO
PSEUDO_ABSENCE,NEG_1199,25.855344,89.827026,1,Garo Hills Block,1:2,34698.05,20232,NO
PSEUDO_ABSENCE,NEG_1200,25.178043,91.942329,3,East Khasi Block,1:2,6010.83,19819,NO
PSEUDO_ABSENCE,NEG_1201,25.118742,89.903430,1,Garo Hills Block,1:2,33219.60,20578,NO
PSEUDO_ABSENCE,NEG_1202,26.042714,91.109218,4,Ri-Bhoi Block,1:2,22273.96,20425,NO
PSEUDO_ABSENCE,NEG_1203,25.035005,91.443079,2,West Khasi Block,1:2,14707.62,19708,NO
PSEUDO_ABSENCE,NEG_1204,25.330720,89.861226,1,Garo Hills Block,1:2,20792.95,20578,NO
PSEUDO_ABSENCE,NEG_1205,25.845971,90.152604,1,Garo Hills Block,1:2,19758.49,20364,NO
PSEUDO_ABSENCE,NEG_1206,25.163894,91.554226,2,West Khasi Block,1:2,2492.45,19716,NO
PSEUDO_ABSENCE,NEG_1207,25.806008,92.248775,4,Ri-Bhoi Block,1:2,10594.01,20417,NO
PSEUDO_ABSENCE,NEG_1208,25.902770,90.506953,1,Garo Hills Block,1:2,14217.21,20415,NO
PSEUDO_ABSENCE,NEG_1209,25.117369,92.220775,5,Jaintia Hills Block,1:2,1827.20,19679,NO
PSEUDO_ABSENCE,NEG_1210,25.952663,90.126041,1,Garo Hills Block,1:2,31891.43,20364,NO
PSEUDO_ABSENCE,NEG_1211,25.872450,91.451088,4,Ri-Bhoi Block,1:2,4074.41,20424,NO
PSEUDO_ABSENCE,NEG_1212,25.732379,91.790998,4,Ri-Bhoi Block,1:2,9663.55,20410,NO
PSEUDO_ABSENCE,NEG_1213,25.756268,91.672383,4,Ri-Bhoi Block,1:2,1490.23,20649,NO
PSEUDO_ABSENCE,NEG_1214,25.257224,91.861713,3,East Khasi Block,1:2,660.83,19855,NO
PSEUDO_ABSENCE,NEG_1215,25.105925,90.664779,1,Garo Hills Block,1:2,12051.87,20577,NO
PSEUDO_ABSENCE,NEG_1216,25.040491,92.211654,5,Jaintia Hills Block,1:2,9639.73,19676,NO
PSEUDO_ABSENCE,NEG_1217,26.002013,90.630260,1,Garo Hills Block,1:2,30298.06,20415,NO
PSEUDO_ABSENCE,NEG_1218,25.127075,92.233742,5,Jaintia Hills Block,1:2,1074.31,19676,NO
PSEUDO_ABSENCE,NEG_1219,26.096404,91.317173,4,Ri-Bhoi Block,1:2,26912.61,20472,NO
PSEUDO_ABSENCE,NEG_1220,25.458873,91.775592,3,East Khasi Block,1:2,3538.93,20065,NO
PSEUDO_ABSENCE,NEG_1221,25.192472,90.307479,1,Garo Hills Block,1:2,11571.52,19854,NO
PSEUDO_ABSENCE,NEG_1222,25.098264,91.683273,3,East Khasi Block,1:2,7912.32,19713,NO
PSEUDO_ABSENCE,NEG_1223,25.708403,92.371510,4,Ri-Bhoi Block,1:2,13478.50,20271,NO
PSEUDO_ABSENCE,NEG_1224,26.078442,90.548511,1,Garo Hills Block,1:2,33859.05,20415,NO
PSEUDO_ABSENCE,NEG_1225,25.131151,90.664754,1,Garo Hills Block,1:2,9382.75,20577,NO
PSEUDO_ABSENCE,NEG_1226,25.254489,90.068896,1,Garo Hills Block,1:2,14163.94,20578,NO
PSEUDO_ABSENCE,NEG_1227,25.485790,92.096992,5,Jaintia Hills Block,1:2,2730.63,20083,NO
PSEUDO_ABSENCE,NEG_1228,25.065114,90.905397,1,Garo Hills Block,1:2,19544.35,19727,NO
PSEUDO_ABSENCE,NEG_1229,26.078844,90.744399,1,Garo Hills Block,1:2,40657.59,20420,NO
PSEUDO_ABSENCE,NEG_1230,25.619027,91.852445,3,East Khasi Block,1:2,1477.87,20260,NO
PSEUDO_ABSENCE,NEG_1231,25.702285,90.187600,1,Garo Hills Block,1:2,3669.82,20364,NO
PSEUDO_ABSENCE,NEG_1232,25.890867,92.415122,4,Ri-Bhoi Block,1:2,25706.82,20481,NO
PSEUDO_ABSENCE,NEG_1233,25.929722,91.037758,4,Ri-Bhoi Block,1:2,11156.01,20423,NO
PSEUDO_ABSENCE,NEG_1234,25.623697,91.979299,3,East Khasi Block,1:2,4835.16,20313,NO
PSEUDO_ABSENCE,NEG_1235,25.089600,91.982627,3,East Khasi Block,1:2,11479.36,19726,NO
PSEUDO_ABSENCE,NEG_1236,25.455866,90.028644,1,Garo Hills Block,1:2,8846.80,20578,NO
PSEUDO_ABSENCE,NEG_1237,25.114439,92.210493,5,Jaintia Hills Block,1:2,2474.48,19680,NO
PSEUDO_ABSENCE,NEG_1238,25.134347,91.400832,2,West Khasi Block,1:2,5844.23,19721,NO
PSEUDO_ABSENCE,NEG_1239,25.613159,92.461992,5,Jaintia Hills Block,1:2,918.74,20271,NO
PSEUDO_ABSENCE,NEG_1240,25.156683,90.713257,1,Garo Hills Block,1:2,10097.74,20577,NO
PSEUDO_ABSENCE,NEG_1241,25.749664,92.004935,4,Ri-Bhoi Block,1:2,1489.77,20408,NO
PSEUDO_ABSENCE,NEG_1242,25.819429,91.528850,4,Ri-Bhoi Block,1:2,6318.61,20424,NO
PSEUDO_ABSENCE,NEG_1243,25.118590,91.894508,3,East Khasi Block,1:2,9666.39,19734,NO
PSEUDO_ABSENCE,NEG_1244,25.140260,90.607349,1,Garo Hills Block,1:2,8171.61,20577,NO
PSEUDO_ABSENCE,NEG_1245,25.491452,92.536473,5,Jaintia Hills Block,1:2,2688.58,20078,NO
PSEUDO_ABSENCE,NEG_1246,26.024960,89.983133,1,Garo Hills Block,1:2,44113.19,20364,NO
PSEUDO_ABSENCE,NEG_1247,25.087397,92.315590,5,Jaintia Hills Block,1:2,2045.47,19654,NO
PSEUDO_ABSENCE,NEG_1248,26.081138,91.219422,4,Ri-Bhoi Block,1:2,26171.96,20425,NO
PSEUDO_ABSENCE,NEG_1249,25.937491,89.884251,1,Garo Hills Block,1:2,40265.46,20254,NO
PSEUDO_ABSENCE,NEG_1250,25.771843,90.629584,1,Garo Hills Block,1:2,19089.54,20415,NO
PSEUDO_ABSENCE,NEG_1251,25.407725,91.340667,2,West Khasi Block,1:2,4143.57,20064,NO
PSEUDO_ABSENCE,NEG_1252,25.366185,90.062858,1,Garo Hills Block,1:2,1736.32,20578,NO
PSEUDO_ABSENCE,NEG_1253,25.220323,91.531154,2,West Khasi Block,1:2,4741.47,19742,NO
PSEUDO_ABSENCE,NEG_1254,25.367707,91.631121,3,East Khasi Block,1:2,1760.35,20575,NO
PSEUDO_ABSENCE,NEG_1255,25.503242,90.994631,1,Garo Hills Block,1:2,9311.14,20056,NO
PSEUDO_ABSENCE,NEG_1256,25.710452,90.115661,1,Garo Hills Block,1:2,7861.05,20364,NO
PSEUDO_ABSENCE,NEG_1257,25.064709,90.452551,1,Garo Hills Block,1:2,24266.22,20577,NO
PSEUDO_ABSENCE,NEG_1258,25.073286,91.428570,2,West Khasi Block,1:2,11468.66,19708,NO
PSEUDO_ABSENCE,NEG_1259,25.111740,91.254849,2,West Khasi Block,1:2,10144.66,19737,NO
PSEUDO_ABSENCE,NEG_1260,25.337506,91.391708,2,West Khasi Block,1:2,6295.89,19915,NO
PSEUDO_ABSENCE,NEG_1261,25.265439,92.228072,5,Jaintia Hills Block,1:2,2331.47,19868,NO
PSEUDO_ABSENCE,NEG_1262,25.631632,90.680494,1,Garo Hills Block,1:2,11169.83,20294,NO
PSEUDO_ABSENCE,NEG_1263,25.253546,91.949157,3,East Khasi Block,1:2,3089.11,19819,NO
PSEUDO_ABSENCE,NEG_1264,25.527185,91.880576,3,East Khasi Block,1:2,1312.04,20116,NO
PSEUDO_ABSENCE,NEG_1265,25.245830,90.206687,1,Garo Hills Block,1:2,1240.87,19854,NO
PSEUDO_ABSENCE,NEG_1266,25.099724,91.048270,2,West Khasi Block,1:2,10220.34,19727,NO
PSEUDO_ABSENCE,NEG_1267,25.272536,90.019492,1,Garo Hills Block,1:2,12806.92,20578,NO
PSEUDO_ABSENCE,NEG_1268,25.531200,91.508598,2,West Khasi Block,1:2,907.12,20119,NO
PSEUDO_ABSENCE,NEG_1269,25.074691,92.061321,5,Jaintia Hills Block,1:2,11139.57,19685,NO
PSEUDO_ABSENCE,NEG_1270,25.589328,90.512892,1,Garo Hills Block,1:2,14698.46,20194,NO
PSEUDO_ABSENCE,NEG_1271,25.899116,92.440556,4,Ri-Bhoi Block,1:2,26868.53,20481,NO
PSEUDO_ABSENCE,NEG_1272,25.438990,91.428235,2,West Khasi Block,1:2,2804.28,20047,NO
PSEUDO_ABSENCE,NEG_1273,25.554447,92.075524,5,Jaintia Hills Block,1:2,2474.76,20145,NO
PSEUDO_ABSENCE,NEG_1274,26.084271,92.661768,4,Ri-Bhoi Block,1:2,22069.58,20534,NO
PSEUDO_ABSENCE,NEG_1275,25.566945,89.953727,1,Garo Hills Block,1:2,2606.91,20655,NO
PSEUDO_ABSENCE,NEG_1276,25.360355,91.508468,2,West Khasi Block,1:2,3105.28,20595,NO
PSEUDO_ABSENCE,NEG_1277,25.576219,90.088029,1,Garo Hills Block,1:2,6392.27,20254,NO
PSEUDO_ABSENCE,NEG_1278,26.091271,91.521315,4,Ri-Bhoi Block,1:2,10062.10,20472,NO
PSEUDO_ABSENCE,NEG_1279,25.332135,91.892781,3,East Khasi Block,1:2,502.75,19937,NO
PSEUDO_ABSENCE,NEG_1280,25.173649,90.755546,1,Garo Hills Block,1:2,13059.97,20577,NO
PSEUDO_ABSENCE,NEG_1281,25.079529,91.598117,2,West Khasi Block,1:2,11329.98,19706,NO
PSEUDO_ABSENCE,NEG_1282,26.036641,90.709257,1,Garo Hills Block,1:2,37348.67,20403,NO
PSEUDO_ABSENCE,NEG_1283,26.077723,92.669847,4,Ri-Bhoi Block,1:2,21039.41,20534,NO
PSEUDO_ABSENCE,NEG_1284,25.622005,91.826426,3,East Khasi Block,1:2,626.87,20298,NO
PSEUDO_ABSENCE,NEG_1285,25.419254,91.773300,3,East Khasi Block,1:2,1339.98,20039,NO
PSEUDO_ABSENCE,NEG_1286,25.376142,91.866203,3,East Khasi Block,1:2,786.34,20000,NO
PSEUDO_ABSENCE,NEG_1287,25.940744,92.741406,4,Ri-Bhoi Block,1:2,14074.92,20534,NO
PSEUDO_ABSENCE,NEG_1288,26.067320,92.511199,4,Ri-Bhoi Block,1:2,26998.43,20481,NO
PSEUDO_ABSENCE,NEG_1289,25.187962,92.024212,5,Jaintia Hills Block,1:2,667.09,19720,NO
PSEUDO_ABSENCE,NEG_1290,25.055676,91.366561,2,West Khasi Block,1:2,14884.57,19721,NO
PSEUDO_ABSENCE,NEG_1291,25.962245,91.997654,4,Ri-Bhoi Block,1:2,3131.26,20447,NO
PSEUDO_ABSENCE,NEG_1292,25.031579,92.001443,5,Jaintia Hills Block,1:2,17224.57,19720,NO
PSEUDO_ABSENCE,NEG_1293,25.124919,90.339879,1,Garo Hills Block,1:2,19101.41,19854,NO
PSEUDO_ABSENCE,NEG_1294,25.939633,91.260388,4,Ri-Bhoi Block,1:2,13456.81,20425,NO
PSEUDO_ABSENCE,NEG_1295,25.304959,89.934333,1,Garo Hills Block,1:2,15265.48,20578,NO
PSEUDO_ABSENCE,NEG_1296,25.843648,91.976416,4,Ri-Bhoi Block,1:2,5403.16,20430,NO
PSEUDO_ABSENCE,NEG_1297,25.612639,91.843533,3,East Khasi Block,1:2,1465.06,20260,NO
PSEUDO_ABSENCE,NEG_1298,25.695026,91.558676,4,Ri-Bhoi Block,1:2,3872.57,20653,NO
PSEUDO_ABSENCE,NEG_1299,25.131554,90.317148,1,Garo Hills Block,1:2,17084.49,19854,NO
PSEUDO_ABSENCE,NEG_1300,25.176098,91.602480,3,East Khasi Block,1:2,1795.86,19719,NO
PSEUDO_ABSENCE,NEG_1301,25.263169,91.892206,3,East Khasi Block,1:2,1862.17,19872,NO
PSEUDO_ABSENCE,NEG_1302,25.122379,91.004689,2,West Khasi Block,1:2,8474.20,19727,NO
PSEUDO_ABSENCE,NEG_1303,25.153704,91.464453,2,West Khasi Block,1:2,2634.11,19708,NO
PSEUDO_ABSENCE,NEG_1304,26.062513,91.872373,4,Ri-Bhoi Block,1:2,2738.17,20484,NO
PSEUDO_ABSENCE,NEG_1305,25.648422,91.737443,3,East Khasi Block,1:2,7926.86,20236,NO
PSEUDO_ABSENCE,NEG_1306,25.707050,91.509472,4,Ri-Bhoi Block,1:2,7235.48,20654,NO
PSEUDO_ABSENCE,NEG_1307,25.249251,91.268736,2,West Khasi Block,1:2,6034.24,19751,NO
PSEUDO_ABSENCE,NEG_1308,25.032324,91.773993,3,East Khasi Block,1:2,17392.39,19722,NO
PSEUDO_ABSENCE,NEG_1309,25.731250,91.164508,4,Ri-Bhoi Block,1:2,4113.18,20394,NO
PSEUDO_ABSENCE,NEG_1310,25.123127,92.214474,5,Jaintia Hills Block,1:2,1439.89,19680,NO
PSEUDO_ABSENCE,NEG_1311,25.446117,89.880651,1,Garo Hills Block,1:2,13654.28,20127,NO
PSEUDO_ABSENCE,NEG_1312,25.556782,91.476549,2,West Khasi Block,1:2,3586.78,20120,NO
PSEUDO_ABSENCE,NEG_1313,25.566291,91.631393,3,East Khasi Block,1:2,1987.79,20593,NO
PSEUDO_ABSENCE,NEG_1314,25.541985,91.550999,2,West Khasi Block,1:2,2747.30,20113,NO
PSEUDO_ABSENCE,NEG_1315,25.386990,89.910538,1,Garo Hills Block,1:2,15060.68,20578,NO
PSEUDO_ABSENCE,NEG_1316,25.183967,90.970562,1,Garo Hills Block,1:2,7082.06,19727,NO
PSEUDO_ABSENCE,NEG_1317,26.030341,90.831209,1,Garo Hills Block,1:2,30931.77,20420,NO
PSEUDO_ABSENCE,NEG_1318,25.489860,92.533199,5,Jaintia Hills Block,1:2,2322.99,20078,NO
PSEUDO_ABSENCE,NEG_1319,25.315632,90.590494,1,Garo Hills Block,1:2,9832.49,19842,NO
PSEUDO_ABSENCE,NEG_1320,25.734996,90.629891,1,Garo Hills Block,1:2,19406.40,20403,NO
PSEUDO_ABSENCE,NEG_1321,25.988194,90.351610,1,Garo Hills Block,1:2,23745.82,20415,NO
PSEUDO_ABSENCE,NEG_1322,26.035227,91.289345,4,Ri-Bhoi Block,1:2,23803.60,20425,NO
PSEUDO_ABSENCE,NEG_1323,25.440019,90.930061,1,Garo Hills Block,1:2,4889.03,20063,NO
PSEUDO_ABSENCE,NEG_1324,25.437689,92.798067,5,Jaintia Hills Block,1:2,17158.72,19919,NO
PSEUDO_ABSENCE,NEG_1325,25.434585,92.746825,5,Jaintia Hills Block,1:2,14224.94,19919,NO
PSEUDO_ABSENCE,NEG_1326,25.033622,92.080211,5,Jaintia Hills Block,1:2,13692.38,19685,NO
PSEUDO_ABSENCE,NEG_1327,25.049958,90.815639,1,Garo Hills Block,1:2,25662.89,20577,NO
PSEUDO_ABSENCE,NEG_1328,25.249088,91.563662,2,West Khasi Block,1:2,2739.23,19871,NO
PSEUDO_ABSENCE,NEG_1329,25.329462,92.615813,5,Jaintia Hills Block,1:2,2659.85,19941,NO
PSEUDO_ABSENCE,NEG_1330,25.970976,91.552567,4,Ri-Bhoi Block,1:2,841.75,20459,NO
PSEUDO_ABSENCE,NEG_1331,25.516920,91.252232,2,West Khasi Block,1:2,877.79,20114,NO
PSEUDO_ABSENCE,NEG_1332,25.071597,91.032954,2,West Khasi Block,1:2,13339.17,19727,NO
PSEUDO_ABSENCE,NEG_1333,25.686817,92.392081,4,Ri-Bhoi Block,1:2,10321.89,20271,NO
PSEUDO_ABSENCE,NEG_1334,25.848477,92.615274,4,Ri-Bhoi Block,1:2,30237.90,20534,NO
PSEUDO_ABSENCE,NEG_1335,25.251921,91.696194,3,East Khasi Block,1:2,1858.40,19837,NO
PSEUDO_ABSENCE,NEG_1336,25.504760,91.670089,3,East Khasi Block,1:2,3375.72,20574,NO
PSEUDO_ABSENCE,NEG_1337,26.026793,90.808523,1,Garo Hills Block,1:2,32069.18,20420,NO
PSEUDO_ABSENCE,NEG_1338,25.113258,91.767504,3,East Khasi Block,1:2,8369.24,19722,NO
PSEUDO_ABSENCE,NEG_1339,25.464137,90.699674,1,Garo Hills Block,1:2,1021.60,20580,NO
PSEUDO_ABSENCE,NEG_1340,25.140559,92.007060,5,Jaintia Hills Block,1:2,5372.02,19720,NO
PSEUDO_ABSENCE,NEG_1341,25.648318,91.818977,3,East Khasi Block,1:2,2624.71,20298,NO
PSEUDO_ABSENCE,NEG_1342,25.144112,91.931735,3,East Khasi Block,1:2,8905.77,19726,NO
PSEUDO_ABSENCE,NEG_1343,25.098099,91.034539,2,West Khasi Block,1:2,10387.97,19727,NO
PSEUDO_ABSENCE,NEG_1344,25.104551,89.863386,1,Garo Hills Block,1:2,36628.60,20578,NO
PSEUDO_ABSENCE,NEG_1345,25.786123,91.871268,4,Ri-Bhoi Block,1:2,541.01,20413,NO
PSEUDO_ABSENCE,NEG_1346,25.699903,91.436890,4,Ri-Bhoi Block,1:2,13982.52,20244,NO
PSEUDO_ABSENCE,NEG_1347,25.135063,91.335520,2,West Khasi Block,1:2,8410.09,19721,NO
PSEUDO_ABSENCE,NEG_1348,25.391318,91.474980,2,West Khasi Block,1:2,638.42,20014,NO
PSEUDO_ABSENCE,NEG_1349,25.838167,92.721966,4,Ri-Bhoi Block,1:2,23218.53,20534,NO
PSEUDO_ABSENCE,NEG_1350,26.099303,90.358512,1,Garo Hills Block,1:2,35344.88,20415,NO
PSEUDO_ABSENCE,NEG_1351,25.037575,92.287322,5,Jaintia Hills Block,1:2,7146.18,19654,NO
PSEUDO_ABSENCE,NEG_1352,25.605046,89.807184,1,Garo Hills Block,1:2,17764.36,20212,NO
PSEUDO_ABSENCE,NEG_1353,25.546086,90.104106,1,Garo Hills Block,1:2,9549.27,20254,NO
PSEUDO_ABSENCE,NEG_1354,26.010839,90.647980,1,Garo Hills Block,1:2,32183.63,20415,NO
PSEUDO_ABSENCE,NEG_1355,25.833402,92.629264,4,Ri-Bhoi Block,1:2,30124.89,20534,NO
PSEUDO_ABSENCE,NEG_1356,25.166761,90.992821,1,Garo Hills Block,1:2,5520.37,19727,NO
PSEUDO_ABSENCE,NEG_1357,25.652855,92.231018,4,Ri-Bhoi Block,1:2,7718.51,20373,NO
PSEUDO_ABSENCE,NEG_1358,25.027332,91.533368,2,West Khasi Block,1:2,14624.14,19704,NO
PSEUDO_ABSENCE,NEG_1359,25.102030,91.807759,3,East Khasi Block,1:2,10666.47,19722,NO
PSEUDO_ABSENCE,NEG_1360,25.722374,91.723778,4,Ri-Bhoi Block,1:2,4960.66,20648,NO
PSEUDO_ABSENCE,NEG_1361,25.055103,89.986793,1,Garo Hills Block,1:2,31890.31,19854,NO
PSEUDO_ABSENCE,NEG_1362,25.559799,91.931723,3,East Khasi Block,1:2,1881.02,20488,NO
PSEUDO_ABSENCE,NEG_1363,25.981166,92.472693,4,Ri-Bhoi Block,1:2,24795.11,20481,NO
PSEUDO_ABSENCE,NEG_1364,25.540898,91.731643,3,East Khasi Block,1:2,3085.28,20205,NO
PSEUDO_ABSENCE,NEG_1365,25.491055,89.990178,1,Garo Hills Block,1:2,4449.31,20127,NO
PSEUDO_ABSENCE,NEG_1366,25.558021,91.873390,3,East Khasi Block,1:2,644.11,20512,NO
PSEUDO_ABSENCE,NEG_1367,25.927035,91.186960,4,Ri-Bhoi Block,1:2,8732.30,20425,NO
PSEUDO_ABSENCE,NEG_1368,25.155479,91.630093,3,East Khasi Block,1:2,3039.53,19718,NO
PSEUDO_ABSENCE,NEG_1369,25.799607,92.181287,4,Ri-Bhoi Block,1:2,3800.93,20417,NO
PSEUDO_ABSENCE,NEG_1370,25.715574,91.481361,4,Ri-Bhoi Block,1:2,9470.10,20654,NO
PSEUDO_ABSENCE,NEG_1371,25.920815,91.025581,4,Ri-Bhoi Block,1:2,10389.49,20423,NO
PSEUDO_ABSENCE,NEG_1372,25.099592,92.839898,5,Jaintia Hills Block,1:2,4068.71,19669,NO
PSEUDO_ABSENCE,NEG_1373,25.341478,92.257146,5,Jaintia Hills Block,1:2,9445.58,20043,NO
PSEUDO_ABSENCE,NEG_1374,25.589797,91.246775,2,West Khasi Block,1:2,1196.66,20241,NO
PSEUDO_ABSENCE,NEG_1375,25.783579,92.008658,4,Ri-Bhoi Block,1:2,3009.50,20412,NO
PSEUDO_ABSENCE,NEG_1376,25.427292,91.471805,2,West Khasi Block,1:2,3182.04,20035,NO
PSEUDO_ABSENCE,NEG_1377,25.367220,92.078250,5,Jaintia Hills Block,1:2,2792.65,19949,NO
PSEUDO_ABSENCE,NEG_1378,25.152253,91.737788,3,East Khasi Block,1:2,4666.67,19722,NO
PSEUDO_ABSENCE,NEG_1379,25.525837,92.640327,5,Jaintia Hills Block,1:2,10248.18,20214,NO
PSEUDO_ABSENCE,NEG_1380,25.229888,91.209052,2,West Khasi Block,1:2,2072.02,19766,NO
PSEUDO_ABSENCE,NEG_1381,25.566713,91.716559,3,East Khasi Block,1:2,2148.14,20206,NO
PSEUDO_ABSENCE,NEG_1382,25.642887,91.722960,3,East Khasi Block,1:2,7402.83,20647,NO
PSEUDO_ABSENCE,NEG_1383,25.654083,90.397804,1,Garo Hills Block,1:2,1841.44,20336,NO
PSEUDO_ABSENCE,NEG_1384,25.887531,90.966063,1,Garo Hills Block,1:2,10171.29,20420,NO
PSEUDO_ABSENCE,NEG_1385,25.486678,91.421748,2,West Khasi Block,1:2,4814.01,20115,NO
PSEUDO_ABSENCE,NEG_1386,25.626677,89.927371,1,Garo Hills Block,1:2,8147.37,20232,NO
PSEUDO_ABSENCE,NEG_1387,25.049080,90.817220,1,Garo Hills Block,1:2,25845.29,20577,NO
PSEUDO_ABSENCE,NEG_1388,25.557152,92.802113,5,Jaintia Hills Block,1:2,25207.95,20214,NO
PSEUDO_ABSENCE,NEG_1389,25.684330,91.631207,4,Ri-Bhoi Block,1:2,1312.80,20633,NO
PSEUDO_ABSENCE,NEG_1390,25.117648,92.239721,5,Jaintia Hills Block,1:2,624.97,19676,NO
PSEUDO_ABSENCE,NEG_1391,25.069470,92.349334,5,Jaintia Hills Block,1:2,1448.85,19649,NO
PSEUDO_ABSENCE,NEG_1392,25.049806,91.252973,2,West Khasi Block,1:2,16920.16,19737,NO
PSEUDO_ABSENCE,NEG_1393,25.134271,92.172832,5,Jaintia Hills Block,1:2,1597.47,19692,NO
PSEUDO_ABSENCE,NEG_1394,25.688586,91.966782,4,Ri-Bhoi Block,1:2,2386.58,20361,NO
PSEUDO_ABSENCE,NEG_1395,25.310657,91.516641,2,West Khasi Block,1:2,2913.29,19890,NO
PSEUDO_ABSENCE,NEG_1396,25.585839,92.721494,5,Jaintia Hills Block,1:2,17151.55,20214,NO
PSEUDO_ABSENCE,NEG_1397,25.960469,92.085758,4,Ri-Bhoi Block,1:2,3087.64,20455,NO
PSEUDO_ABSENCE,NEG_1398,25.438833,91.839885,3,East Khasi Block,1:2,1746.93,20059,NO
PSEUDO_ABSENCE,NEG_1399,25.056102,90.936656,1,Garo Hills Block,1:2,18315.32,19727,NO
PSEUDO_ABSENCE,NEG_1400,25.184544,91.698994,3,East Khasi Block,1:2,1934.74,19713,NO
PSEUDO_ABSENCE,NEG_1401,25.565336,92.031766,5,Jaintia Hills Block,1:2,2855.32,20223,NO
PSEUDO_ABSENCE,NEG_1402,25.862379,91.694820,4,Ri-Bhoi Block,1:2,7378.73,20652,NO
PSEUDO_ABSENCE,NEG_1403,25.063837,90.883421,1,Garo Hills Block,1:2,21237.98,19727,NO
PSEUDO_ABSENCE,NEG_1404,25.029809,90.968616,1,Garo Hills Block,1:2,19366.32,19727,NO
PSEUDO_ABSENCE,NEG_1405,25.521614,92.295827,5,Jaintia Hills Block,1:2,4919.18,20181,NO
PSEUDO_ABSENCE,NEG_1406,25.389362,92.335640,5,Jaintia Hills Block,1:2,5891.44,20043,NO
PSEUDO_ABSENCE,NEG_1407,25.785529,92.029471,4,Ri-Bhoi Block,1:2,1324.78,20412,NO
PSEUDO_ABSENCE,NEG_1408,25.300792,89.951378,1,Garo Hills Block,1:2,14167.15,20578,NO
PSEUDO_ABSENCE,NEG_1409,25.509596,91.794563,3,East Khasi Block,1:2,2069.22,20570,NO
PSEUDO_ABSENCE,NEG_1410,25.229493,91.937970,3,East Khasi Block,1:2,2520.87,19819,NO
PSEUDO_ABSENCE,NEG_1411,25.071134,92.811279,5,Jaintia Hills Block,1:2,8128.51,19669,NO
PSEUDO_ABSENCE,NEG_1412,25.506366,91.198005,2,West Khasi Block,1:2,1058.35,20088,NO
PSEUDO_ABSENCE,NEG_1413,25.163326,92.236798,5,Jaintia Hills Block,1:2,711.17,19703,NO
PSEUDO_ABSENCE,NEG_1414,25.161307,90.907697,1,Garo Hills Block,1:2,13772.70,19727,NO
PSEUDO_ABSENCE,NEG_1415,25.476904,92.104004,5,Jaintia Hills Block,1:2,3053.02,20068,NO
PSEUDO_ABSENCE,NEG_1416,25.844901,91.880077,4,Ri-Bhoi Block,1:2,824.14,20426,NO
PSEUDO_ABSENCE,NEG_1417,25.105723,91.075725,2,West Khasi Block,1:2,10162.81,19727,NO
PSEUDO_ABSENCE,NEG_1418,25.224364,90.027853,1,Garo Hills Block,1:2,17789.86,20578,NO
PSEUDO_ABSENCE,NEG_1419,25.290504,92.799601,5,Jaintia Hills Block,1:2,10711.28,19910,NO
PSEUDO_ABSENCE,NEG_1420,25.579575,91.927029,3,East Khasi Block,1:2,1894.38,20488,NO
PSEUDO_ABSENCE,NEG_1421,26.099349,91.883620,4,Ri-Bhoi Block,1:2,1510.63,20484,NO
PSEUDO_ABSENCE,NEG_1422,25.513935,91.846789,3,East Khasi Block,1:2,3555.53,20084,NO
PSEUDO_ABSENCE,NEG_1423,25.955220,92.749811,4,Ri-Bhoi Block,1:2,12583.78,20534,NO
PSEUDO_ABSENCE,NEG_1424,25.597442,91.805083,3,East Khasi Block,1:2,3066.24,20243,NO
PSEUDO_ABSENCE,NEG_1425,25.520290,91.561085,2,West Khasi Block,1:2,2340.18,20113,NO
PSEUDO_ABSENCE,NEG_1426,25.492414,90.516025,1,Garo Hills Block,1:2,14485.20,20110,NO
PSEUDO_ABSENCE,NEG_1427,25.038519,90.956752,1,Garo Hills Block,1:2,18971.05,19727,NO
PSEUDO_ABSENCE,NEG_1428,25.751042,92.824802,4,Ri-Bhoi Block,1:2,28351.52,20534,NO
PSEUDO_ABSENCE,NEG_1429,25.065180,91.658572,3,East Khasi Block,1:2,11987.47,19713,NO
PSEUDO_ABSENCE,NEG_1430,26.014256,90.553638,1,Garo Hills Block,1:2,27404.55,20415,NO
PSEUDO_ABSENCE,NEG_1431,25.084941,91.980842,3,East Khasi Block,1:2,12021.76,19726,NO
PSEUDO_ABSENCE,NEG_1432,25.285221,90.431130,1,Garo Hills Block,1:2,21566.97,19842,NO
PSEUDO_ABSENCE,NEG_1433,26.099236,92.619847,4,Ri-Bhoi Block,1:2,26571.65,20534,NO
PSEUDO_ABSENCE,NEG_1434,25.891304,89.815901,1,Garo Hills Block,1:2,38759.94,20232,NO
PSEUDO_ABSENCE,NEG_1435,25.171702,91.009248,2,West Khasi Block,1:2,3827.60,19727,NO
PSEUDO_ABSENCE,NEG_1436,25.049410,92.228229,5,Jaintia Hills Block,1:2,8250.49,19676,NO
PSEUDO_ABSENCE,NEG_1437,25.340016,91.977160,3,East Khasi Block,1:2,1218.79,19962,NO
PSEUDO_ABSENCE,NEG_1438,25.496747,91.709807,3,East Khasi Block,1:2,1215.51,20102,NO
PSEUDO_ABSENCE,NEG_1439,25.095659,91.785502,3,East Khasi Block,1:2,10583.99,19722,NO
PSEUDO_ABSENCE,NEG_1440,25.076459,91.423955,2,West Khasi Block,1:2,11434.17,19708,NO
PSEUDO_ABSENCE,NEG_1441,25.614380,92.078321,5,Jaintia Hills Block,1:2,3327.22,20245,NO
PSEUDO_ABSENCE,NEG_1442,25.562592,91.713530,3,East Khasi Block,1:2,2522.08,20206,NO
PSEUDO_ABSENCE,NEG_1443,25.500254,90.184892,1,Garo Hills Block,1:2,2520.07,20091,NO
PSEUDO_ABSENCE,NEG_1444,25.891079,92.625114,4,Ri-Bhoi Block,1:2,26930.01,20534,NO
PSEUDO_ABSENCE,NEG_1445,25.354511,92.290080,5,Jaintia Hills Block,1:2,7440.82,20043,NO
PSEUDO_ABSENCE,NEG_1446,26.028856,91.194761,4,Ri-Bhoi Block,1:2,20041.41,20425,NO
PSEUDO_ABSENCE,NEG_1447,25.902436,92.810411,4,Ri-Bhoi Block,1:2,12444.19,20534,NO
PSEUDO_ABSENCE,NEG_1448,25.946782,91.553701,4,Ri-Bhoi Block,1:2,498.79,20446,NO
PSEUDO_ABSENCE,NEG_1449,25.076143,90.613492,1,Garo Hills Block,1:2,15027.42,20577,NO
PSEUDO_ABSENCE,NEG_1450,25.646493,91.179415,2,West Khasi Block,1:2,1340.22,20344,NO
PSEUDO_ABSENCE,NEG_1451,25.229502,91.310569,2,West Khasi Block,1:2,6238.98,20547,NO
PSEUDO_ABSENCE,NEG_1452,25.745561,91.803239,4,Ri-Bhoi Block,1:2,8088.01,20410,NO
PSEUDO_ABSENCE,NEG_1453,25.535205,92.620039,5,Jaintia Hills Block,1:2,7963.78,20214,NO
PSEUDO_ABSENCE,NEG_1454,25.503821,91.810449,3,East Khasi Block,1:2,1785.83,20084,NO
PSEUDO_ABSENCE,NEG_1455,25.752596,92.014594,4,Ri-Bhoi Block,1:2,527.71,20408,NO
PSEUDO_ABSENCE,NEG_1456,25.240551,91.862221,3,East Khasi Block,1:2,536.37,19845,NO
PSEUDO_ABSENCE,NEG_1457,25.109243,91.188151,2,West Khasi Block,1:2,10617.46,19739,NO
PSEUDO_ABSENCE,NEG_1458,26.069757,92.788239,4,Ri-Bhoi Block,1:2,10526.38,20534,NO
PSEUDO_ABSENCE,NEG_1459,25.743397,91.714056,4,Ri-Bhoi Block,1:2,3998.54,20648,NO
PSEUDO_ABSENCE,NEG_1460,25.281319,91.085503,2,West Khasi Block,1:2,2129.46,19894,NO
PSEUDO_ABSENCE,NEG_1461,25.056927,91.665626,3,East Khasi Block,1:2,12718.90,19713,NO
PSEUDO_ABSENCE,NEG_1462,25.937928,89.869380,1,Garo Hills Block,1:2,40873.48,20254,NO
PSEUDO_ABSENCE,NEG_1463,25.465788,91.844774,3,East Khasi Block,1:2,1469.06,20073,NO
PSEUDO_ABSENCE,NEG_1464,26.091324,91.960861,4,Ri-Bhoi Block,1:2,7188.38,20478,NO
PSEUDO_ABSENCE,NEG_1465,25.855793,92.335415,4,Ri-Bhoi Block,1:2,18257.34,20428,NO
PSEUDO_ABSENCE,NEG_1466,25.552907,91.657768,3,East Khasi Block,1:2,1142.78,20165,NO
PSEUDO_ABSENCE,NEG_1467,25.646939,91.840793,3,East Khasi Block,1:2,1077.72,20318,NO
PSEUDO_ABSENCE,NEG_1468,25.116419,92.236500,5,Jaintia Hills Block,1:2,936.42,19676,NO
PSEUDO_ABSENCE,NEG_1469,25.332451,92.497679,5,Jaintia Hills Block,1:2,1337.98,19926,NO
PSEUDO_ABSENCE,NEG_1470,25.663889,91.312517,4,Ri-Bhoi Block,1:2,5432.45,20282,NO
PSEUDO_ABSENCE,NEG_1471,25.052333,91.519093,2,West Khasi Block,1:2,11837.23,19704,NO
PSEUDO_ABSENCE,NEG_1472,25.190050,91.003501,2,West Khasi Block,1:2,3722.49,19727,NO
PSEUDO_ABSENCE,NEG_1473,25.202576,90.608460,1,Garo Hills Block,1:2,2535.49,20577,NO
PSEUDO_ABSENCE,NEG_1474,25.698629,90.765515,1,Garo Hills Block,1:2,6052.33,20403,NO
PSEUDO_ABSENCE,NEG_1475,25.595266,90.494446,1,Garo Hills Block,1:2,12988.55,20336,NO
PSEUDO_ABSENCE,NEG_1476,25.110280,91.965307,3,East Khasi Block,1:2,9771.21,19726,NO
PSEUDO_ABSENCE,NEG_1477,25.959414,91.238304,4,Ri-Bhoi Block,1:2,13953.26,20425,NO
PSEUDO_ABSENCE,NEG_1478,26.017400,90.560871,1,Garo Hills Block,1:2,28027.36,20415,NO
PSEUDO_ABSENCE,NEG_1479,25.160942,91.131871,2,West Khasi Block,1:2,4179.65,19733,NO
PSEUDO_ABSENCE,NEG_1480,25.032595,91.985236,3,East Khasi Block,1:2,17457.16,19720,NO
PSEUDO_ABSENCE,NEG_1481,25.280982,90.561463,1,Garo Hills Block,1:2,9121.35,19842,NO
PSEUDO_ABSENCE,NEG_1482,25.038231,91.225282,2,West Khasi Block,1:2,18120.36,19737,NO
PSEUDO_ABSENCE,NEG_1483,25.339321,90.658318,1,Garo Hills Block,1:2,6966.72,20024,NO
PSEUDO_ABSENCE,NEG_1484,25.648133,91.549940,2,West Khasi Block,1:2,5271.15,20359,NO
PSEUDO_ABSENCE,NEG_1485,25.371382,91.495724,2,West Khasi Block,1:2,1576.75,20595,NO
PSEUDO_ABSENCE,NEG_1486,26.083698,91.587822,4,Ri-Bhoi Block,1:2,8192.47,20472,NO
PSEUDO_ABSENCE,NEG_1487,25.441924,91.271788,2,West Khasi Block,1:2,6928.17,20096,NO
PSEUDO_ABSENCE,NEG_1488,26.044511,90.210772,1,Garo Hills Block,1:2,36420.93,20415,NO
PSEUDO_ABSENCE,NEG_1489,26.028712,92.695579,4,Ri-Bhoi Block,1:2,17021.44,20534,NO
PSEUDO_ABSENCE,NEG_1490,25.675047,91.054288,4,Ri-Bhoi Block,1:2,1074.89,20372,NO
PSEUDO_ABSENCE,NEG_1491,25.141906,90.386498,1,Garo Hills Block,1:2,21309.83,19854,NO
PSEUDO_ABSENCE,NEG_1492,25.554010,92.806010,5,Jaintia Hills Block,1:2,25621.86,20214,NO
PSEUDO_ABSENCE,NEG_1493,25.303580,91.693743,3,East Khasi Block,1:2,3294.75,19900,NO
PSEUDO_ABSENCE,NEG_1494,25.606190,91.747252,3,East Khasi Block,1:2,3260.04,20229,NO
PSEUDO_ABSENCE,NEG_1495,25.399438,92.122746,5,Jaintia Hills Block,1:2,4528.16,20592,NO
PSEUDO_ABSENCE,NEG_1496,25.940148,91.017516,4,Ri-Bhoi Block,1:2,12671.67,20423,NO
PSEUDO_ABSENCE,NEG_1497,25.977570,91.511219,4,Ri-Bhoi Block,1:2,4371.14,20448,NO
PSEUDO_ABSENCE,NEG_1498,25.048980,91.204224,2,West Khasi Block,1:2,17114.32,19739,NO
PSEUDO_ABSENCE,NEG_1499,25.053251,91.003806,2,West Khasi Block,1:2,15795.00,19727,NO
PSEUDO_ABSENCE,NEG_1500,25.458380,90.019917,1,Garo Hills Block,1:2,8914.76,20127,NO
PSEUDO_ABSENCE,NEG_1501,25.856542,90.924267,1,Garo Hills Block,1:2,10637.58,20419,NO
PSEUDO_ABSENCE,NEG_1502,25.513233,92.137491,5,Jaintia Hills Block,1:2,3248.45,20131,NO
PSEUDO_ABSENCE,NEG_1503,25.689748,91.620132,4,Ri-Bhoi Block,1:2,2160.88,20633,NO
PSEUDO_ABSENCE,NEG_1504,26.088883,92.668912,4,Ri-Bhoi Block,1:2,21638.83,20534,NO
PSEUDO_ABSENCE,NEG_1505,25.435529,91.546477,2,West Khasi Block,1:2,3472.00,20037,NO
PSEUDO_ABSENCE,NEG_1506,25.513630,91.874632,3,East Khasi Block,1:2,2078.48,20116,NO
PSEUDO_ABSENCE,NEG_1507,25.644792,91.734861,3,East Khasi Block,1:2,7651.95,20236,NO
PSEUDO_ABSENCE,NEG_1508,25.147489,91.134360,2,West Khasi Block,1:2,5627.71,19733,NO
PSEUDO_ABSENCE,NEG_1509,25.536445,89.857263,1,Garo Hills Block,1:2,12335.67,20127,NO
PSEUDO_ABSENCE,NEG_1510,25.996868,90.145134,1,Garo Hills Block,1:2,36513.19,20364,NO
PSEUDO_ABSENCE,NEG_1511,25.032198,90.648490,1,Garo Hills Block,1:2,19863.19,20577,NO
PSEUDO_ABSENCE,NEG_1512,25.038308,91.436243,2,West Khasi Block,1:2,14598.75,19708,NO
PSEUDO_ABSENCE,NEG_1513,25.150491,92.036389,5,Jaintia Hills Block,1:2,3831.08,19720,NO
PSEUDO_ABSENCE,NEG_1514,25.087820,91.119463,2,West Khasi Block,1:2,12404.28,19733,NO
PSEUDO_ABSENCE,NEG_1515,25.189730,91.616470,3,East Khasi Block,1:2,868.78,19719,NO
PSEUDO_ABSENCE,NEG_1516,25.210431,91.894467,3,East Khasi Block,1:2,3592.59,19807,NO
PSEUDO_ABSENCE,NEG_1517,25.076632,90.615276,1,Garo Hills Block,1:2,14951.95,20577,NO
PSEUDO_ABSENCE,NEG_1518,25.411212,91.384042,2,West Khasi Block,1:2,2604.02,20047,NO
PSEUDO_ABSENCE,NEG_1519,25.756629,91.740577,4,Ri-Bhoi Block,1:2,6993.12,20648,NO
PSEUDO_ABSENCE,NEG_1520,25.178355,90.991831,1,Garo Hills Block,1:2,5103.45,19727,NO
PSEUDO_ABSENCE,NEG_1521,25.912040,91.699414,4,Ri-Bhoi Block,1:2,2949.22,20437,NO
PSEUDO_ABSENCE,NEG_1522,25.507946,92.071609,5,Jaintia Hills Block,1:2,1892.56,20083,NO
PSEUDO_ABSENCE,NEG_1523,25.076538,90.626910,1,Garo Hills Block,1:2,14874.55,20577,NO
PSEUDO_ABSENCE,NEG_1524,25.496844,89.859045,1,Garo Hills Block,1:2,12685.59,20127,NO
PSEUDO_ABSENCE,NEG_1525,25.057135,91.421284,2,West Khasi Block,1:2,13382.83,19708,NO
PSEUDO_ABSENCE,NEG_1526,25.493977,92.648958,5,Jaintia Hills Block,1:2,13015.51,20214,NO
PSEUDO_ABSENCE,NEG_1527,25.137798,90.384151,1,Garo Hills Block,1:2,21392.37,19854,NO
PSEUDO_ABSENCE,NEG_1528,26.028883,92.017416,4,Ri-Bhoi Block,1:2,2808.30,20478,NO
PSEUDO_ABSENCE,NEG_1529,25.091785,91.292615,2,West Khasi Block,1:2,13501.49,19737,NO
PSEUDO_ABSENCE,NEG_1530,25.906457,90.604827,1,Garo Hills Block,1:2,20970.17,20415,NO
PSEUDO_ABSENCE,NEG_1531,25.465424,92.298301,5,Jaintia Hills Block,1:2,4428.97,20487,NO
PSEUDO_ABSENCE,NEG_1532,25.425892,91.077223,2,West Khasi Block,1:2,2032.03,20058,NO
PSEUDO_ABSENCE,NEG_1533,25.052201,91.323978,2,West Khasi Block,1:2,16649.40,19721,NO
PSEUDO_ABSENCE,NEG_1534,25.798502,92.528143,4,Ri-Bhoi Block,1:2,22071.94,20271,NO
PSEUDO_ABSENCE,NEG_1535,25.078395,91.650454,3,East Khasi Block,1:2,10849.90,19713,NO
PSEUDO_ABSENCE,NEG_1536,25.825803,91.133261,4,Ri-Bhoi Block,1:2,820.20,20421,NO
PSEUDO_ABSENCE,NEG_1537,25.675978,90.029864,1,Garo Hills Block,1:2,8448.38,20254,NO
PSEUDO_ABSENCE,NEG_1538,26.084627,91.279599,4,Ri-Bhoi Block,1:2,28296.61,20425,NO
PSEUDO_ABSENCE,NEG_1539,25.252117,92.809108,5,Jaintia Hills Block,1:2,13131.46,19910,NO
PSEUDO_ABSENCE,NEG_1540,25.182998,90.838911,1,Garo Hills Block,1:2,19375.49,19911,NO
PSEUDO_ABSENCE,NEG_1541,25.200604,91.245257,2,West Khasi Block,1:2,1133.44,19737,NO
PSEUDO_ABSENCE,NEG_1542,25.260501,91.592382,2,West Khasi Block,1:2,512.43,19866,NO
PSEUDO_ABSENCE,NEG_1543,26.099848,90.361932,1,Garo Hills Block,1:2,35326.72,20415,NO
PSEUDO_ABSENCE,NEG_1544,25.022092,91.550347,2,West Khasi Block,1:2,15393.14,19704,NO
PSEUDO_ABSENCE,NEG_1545,26.014717,89.821464,1,Garo Hills Block,1:2,50619.37,20254,NO
PSEUDO_ABSENCE,NEG_1546,25.350891,91.404851,2,West Khasi Block,1:2,5986.45,19915,NO
PSEUDO_ABSENCE,NEG_1547,25.604358,92.097605,5,Jaintia Hills Block,1:2,4442.72,20245,NO
PSEUDO_ABSENCE,NEG_1548,25.731746,90.004499,1,Garo Hills Block,1:2,14870.76,20254,NO
PSEUDO_ABSENCE,NEG_1549,25.026341,92.274340,5,Jaintia Hills Block,1:2,8952.31,19654,NO
PSEUDO_ABSENCE,NEG_1550,25.461614,91.872875,3,East Khasi Block,1:2,2758.30,20060,NO
PSEUDO_ABSENCE,NEG_1551,25.418860,89.810270,1,Garo Hills Block,1:2,21048.18,20127,NO
PSEUDO_ABSENCE,NEG_1552,25.161162,91.180768,2,West Khasi Block,1:2,5439.09,19739,NO
PSEUDO_ABSENCE,NEG_1553,25.612811,92.079948,5,Jaintia Hills Block,1:2,3324.97,20245,NO
PSEUDO_ABSENCE,NEG_1554,25.030074,91.534723,2,West Khasi Block,1:2,14328.20,19704,NO
PSEUDO_ABSENCE,NEG_1555,25.137709,89.832563,1,Garo Hills Block,1:2,35501.25,20578,NO
PSEUDO_ABSENCE,NEG_1556,25.969831,91.823111,4,Ri-Bhoi Block,1:2,3064.34,20453,NO
PSEUDO_ABSENCE,NEG_1557,25.445736,91.087161,2,West Khasi Block,1:2,1124.37,20072,NO
PSEUDO_ABSENCE,NEG_1558,25.994760,92.134685,4,Ri-Bhoi Block,1:2,7844.83,20465,NO
PSEUDO_ABSENCE,NEG_1559,25.516256,91.253937,2,West Khasi Block,1:2,779.34,20114,NO
PSEUDO_ABSENCE,NEG_1560,25.509324,91.817004,3,East Khasi Block,1:2,2050.99,20084,NO
PSEUDO_ABSENCE,NEG_1561,26.005700,91.232762,4,Ri-Bhoi Block,1:2,18415.60,20425,NO
PSEUDO_ABSENCE,NEG_1562,25.048004,92.106590,5,Jaintia Hills Block,1:2,11183.74,19685,NO
PSEUDO_ABSENCE,NEG_1563,25.521065,90.870694,1,Garo Hills Block,1:2,5690.79,20195,NO
PSEUDO_ABSENCE,NEG_1564,25.866413,90.763062,1,Garo Hills Block,1:2,17691.37,20403,NO
PSEUDO_ABSENCE,NEG_1565,25.358400,91.463526,2,West Khasi Block,1:2,2192.00,20595,NO
PSEUDO_ABSENCE,NEG_1566,25.036229,91.599391,2,West Khasi Block,1:2,15459.07,19706,NO
PSEUDO_ABSENCE,NEG_1567,25.266804,90.031594,1,Garo Hills Block,1:2,13091.22,20578,NO
PSEUDO_ABSENCE,NEG_1568,26.030798,90.733360,1,Garo Hills Block,1:2,36059.15,20403,NO
PSEUDO_ABSENCE,NEG_1569,25.106373,91.777567,3,East Khasi Block,1:2,9255.51,19722,NO
PSEUDO_ABSENCE,NEG_1570,25.299018,91.391883,2,West Khasi Block,1:2,3302.72,20623,NO
PSEUDO_ABSENCE,NEG_1571,25.135044,91.864655,3,East Khasi Block,1:2,7169.95,19734,NO
PSEUDO_ABSENCE,NEG_1572,25.625004,89.950221,1,Garo Hills Block,1:2,6399.51,20232,NO
PSEUDO_ABSENCE,NEG_1573,26.056936,89.883103,1,Garo Hills Block,1:2,52284.41,20364,NO
PSEUDO_ABSENCE,NEG_1574,25.611495,89.809498,1,Garo Hills Block,1:2,17710.71,20212,NO
PSEUDO_ABSENCE,NEG_1575,25.565726,91.924325,3,East Khasi Block,1:2,980.05,20488,NO
PSEUDO_ABSENCE,NEG_1576,25.578312,91.919197,3,East Khasi Block,1:2,1367.01,20488,NO
PSEUDO_ABSENCE,NEG_1577,25.582593,91.570679,2,West Khasi Block,1:2,5861.39,20593,NO
PSEUDO_ABSENCE,NEG_1578,25.762742,90.159179,1,Garo Hills Block,1:2,10521.28,20364,NO
PSEUDO_ABSENCE,NEG_1579,25.821577,91.354693,4,Ri-Bhoi Block,1:2,11720.89,20424,NO
PSEUDO_ABSENCE,NEG_1580,25.476241,91.014166,2,West Khasi Block,1:2,5737.97,20056,NO
PSEUDO_ABSENCE,NEG_1581,25.048563,90.823449,1,Garo Hills Block,1:2,26340.02,20577,NO
PSEUDO_ABSENCE,NEG_1582,26.074102,92.464345,4,Ri-Bhoi Block,1:2,22356.06,20481,NO
PSEUDO_ABSENCE,NEG_1583,25.375728,91.592776,2,West Khasi Block,1:2,3494.26,20607,NO
PSEUDO_ABSENCE,NEG_1584,25.935080,91.145887,4,Ri-Bhoi Block,1:2,9763.12,20425,NO
PSEUDO_ABSENCE,NEG_1585,25.039394,90.027257,1,Garo Hills Block,1:2,30447.29,19854,NO
PSEUDO_ABSENCE,NEG_1586,25.571224,92.756790,5,Jaintia Hills Block,1:2,20613.37,20214,NO
PSEUDO_ABSENCE,NEG_1587,25.768666,90.016294,1,Garo Hills Block,1:2,18805.03,20254,NO
PSEUDO_ABSENCE,NEG_1588,25.224510,92.152536,5,Jaintia Hills Block,1:2,2792.05,19828,NO
PSEUDO_ABSENCE,NEG_1589,25.928755,91.683968,4,Ri-Bhoi Block,1:2,3117.60,20437,NO
PSEUDO_ABSENCE,NEG_1590,25.715977,89.886429,1,Garo Hills Block,1:2,18341.09,20232,NO
PSEUDO_ABSENCE,NEG_1591,25.914813,92.204239,4,Ri-Bhoi Block,1:2,7466.13,20428,NO
PSEUDO_ABSENCE,NEG_1592,25.299758,91.961464,3,East Khasi Block,1:2,1661.76,19901,NO
PSEUDO_ABSENCE,NEG_1593,25.252043,89.923007,1,Garo Hills Block,1:2,19954.74,20578,NO
PSEUDO_ABSENCE,NEG_1594,25.237227,90.344818,1,Garo Hills Block,1:2,13205.84,19854,NO
PSEUDO_ABSENCE,NEG_1595,25.384768,91.076271,2,West Khasi Block,1:2,3927.49,20001,NO
PSEUDO_ABSENCE,NEG_1596,25.569222,91.254099,2,West Khasi Block,1:2,2109.08,20233,NO
PSEUDO_ABSENCE,NEG_1597,25.312329,89.888971,1,Garo Hills Block,1:2,18866.47,20578,NO
PSEUDO_ABSENCE,NEG_1598,25.673510,91.007022,4,Ri-Bhoi Block,1:2,3400.85,20369,NO
PSEUDO_ABSENCE,NEG_1599,25.342566,92.444170,5,Jaintia Hills Block,1:2,3873.20,19995,NO
PSEUDO_ABSENCE,NEG_1600,25.826483,92.416185,4,Ri-Bhoi Block,1:2,24139.43,20271,NO
PSEUDO_ABSENCE,NEG_1601,25.554581,90.199340,1,Garo Hills Block,1:2,5071.26,20107,NO
PSEUDO_ABSENCE,NEG_1602,25.771919,90.428525,1,Garo Hills Block,1:2,2315.66,20415,NO
PSEUDO_ABSENCE,NEG_1603,25.496528,89.998252,1,Garo Hills Block,1:2,4148.19,20127,NO
PSEUDO_ABSENCE,NEG_1604,25.911333,90.184119,1,Garo Hills Block,1:2,26838.17,20364,NO
PSEUDO_ABSENCE,NEG_1605,25.995345,92.435903,4,Ri-Bhoi Block,1:2,20797.63,20481,NO
PSEUDO_ABSENCE,NEG_1606,25.521749,92.070323,5,Jaintia Hills Block,1:2,3423.48,20083,NO
PSEUDO_ABSENCE,NEG_1607,25.689001,92.249381,4,Ri-Bhoi Block,1:2,9278.91,20374,NO
PSEUDO_ABSENCE,NEG_1608,25.486350,92.196716,5,Jaintia Hills Block,1:2,3032.90,20486,NO
PSEUDO_ABSENCE,NEG_1609,25.519453,92.669946,5,Jaintia Hills Block,1:2,13213.11,20214,NO
PSEUDO_ABSENCE,NEG_1610,25.867878,92.305812,4,Ri-Bhoi Block,1:2,15262.73,20428,NO
PSEUDO_ABSENCE,NEG_1611,25.618848,90.348383,1,Garo Hills Block,1:2,1847.58,20289,NO
PSEUDO_ABSENCE,NEG_1612,25.525179,92.752621,5,Jaintia Hills Block,1:2,20831.75,20214,NO
PSEUDO_ABSENCE,NEG_1613,25.833225,92.274046,4,Ri-Bhoi Block,1:2,12613.92,20428,NO
PSEUDO_ABSENCE,NEG_1614,25.055452,91.226971,2,West Khasi Block,1:2,16199.66,19737,NO
PSEUDO_ABSENCE,NEG_1615,25.718351,92.331600,4,Ri-Bhoi Block,1:2,16880.79,20230,NO
PSEUDO_ABSENCE,NEG_1616,25.073216,92.399939,5,Jaintia Hills Block,1:2,1803.74,19640,NO
PSEUDO_ABSENCE,NEG_1617,25.612273,90.401808,1,Garo Hills Block,1:2,4730.59,20336,NO
PSEUDO_ABSENCE,NEG_1618,25.362636,90.659885,1,Garo Hills Block,1:2,4727.06,20024,NO
PSEUDO_ABSENCE,NEG_1619,25.593328,89.957641,1,Garo Hills Block,1:2,3428.90,20212,NO
PSEUDO_ABSENCE,NEG_1620,25.191219,92.278714,5,Jaintia Hills Block,1:2,5405.18,19703,NO
PSEUDO_ABSENCE,NEG_1621,25.163212,90.511859,1,Garo Hills Block,1:2,13189.45,20577,NO
PSEUDO_ABSENCE,NEG_1622,25.509640,91.377219,2,West Khasi Block,1:2,2784.28,20124,NO
PSEUDO_ABSENCE,NEG_1623,25.844699,91.164364,4,Ri-Bhoi Block,1:2,815.81,20425,NO
PSEUDO_ABSENCE,NEG_1624,25.873054,91.685956,4,Ri-Bhoi Block,1:2,7440.69,20437,NO
PSEUDO_ABSENCE,NEG_1625,25.142148,90.276811,1,Garo Hills Block,1:2,13930.76,19854,NO
PSEUDO_ABSENCE,NEG_1626,25.491996,91.010513,2,West Khasi Block,1:2,7372.25,20056,NO
PSEUDO_ABSENCE,NEG_1627,25.823028,91.571248,4,Ri-Bhoi Block,1:2,8543.17,20431,NO
PSEUDO_ABSENCE,NEG_1628,25.439184,90.320819,1,Garo Hills Block,1:2,12172.35,20093,NO
PSEUDO_ABSENCE,NEG_1629,25.264984,91.555278,2,West Khasi Block,1:2,2363.47,20544,NO
PSEUDO_ABSENCE,NEG_1630,25.477314,91.370529,2,West Khasi Block,1:2,4375.85,20064,NO
PSEUDO_ABSENCE,NEG_1631,25.204332,91.821864,3,East Khasi Block,1:2,3763.53,19734,NO
PSEUDO_ABSENCE,NEG_1632,25.940742,90.586715,1,Garo Hills Block,1:2,22281.12,20415,NO
PSEUDO_ABSENCE,NEG_1633,25.550835,92.775358,5,Jaintia Hills Block,1:2,22589.26,20214,NO
PSEUDO_ABSENCE,NEG_1634,25.379901,91.614891,3,East Khasi Block,1:2,3848.92,20575,NO
PSEUDO_ABSENCE,NEG_1635,25.117411,91.648346,3,East Khasi Block,1:2,7032.72,19714,NO
PSEUDO_ABSENCE,NEG_1636,25.116802,92.725668,5,Jaintia Hills Block,1:2,15298.73,19669,NO
PSEUDO_ABSENCE,NEG_1637,25.792916,92.203887,4,Ri-Bhoi Block,1:2,6063.75,20417,NO
PSEUDO_ABSENCE,NEG_1638,25.780433,91.598674,4,Ri-Bhoi Block,1:2,5276.52,20654,NO
PSEUDO_ABSENCE,NEG_1639,25.505906,92.418039,5,Jaintia Hills Block,1:2,2417.50,20121,NO
PSEUDO_ABSENCE,NEG_1640,26.053383,91.322060,4,Ri-Bhoi Block,1:2,24991.03,20448,NO
PSEUDO_ABSENCE,NEG_1641,26.026058,91.579165,4,Ri-Bhoi Block,1:2,1844.86,20472,NO
PSEUDO_ABSENCE,NEG_1642,25.601455,91.186172,2,West Khasi Block,1:2,564.67,20257,NO
PSEUDO_ABSENCE,NEG_1643,25.246031,89.811345,1,Garo Hills Block,1:2,29219.38,20578,NO
PSEUDO_ABSENCE,NEG_1644,25.280827,91.354656,2,West Khasi Block,1:2,654.38,19881,NO
PSEUDO_ABSENCE,NEG_1645,25.430357,91.167880,2,West Khasi Block,1:2,7352.69,20087,NO
PSEUDO_ABSENCE,NEG_1646,26.079100,90.868331,1,Garo Hills Block,1:2,33122.78,20423,NO
PSEUDO_ABSENCE,NEG_1647,25.071794,92.164999,5,Jaintia Hills Block,1:2,8293.39,19685,NO
PSEUDO_ABSENCE,NEG_1648,25.636338,92.120150,5,Jaintia Hills Block,1:2,5020.58,20329,NO
PSEUDO_ABSENCE,NEG_1649,25.181852,91.544078,2,West Khasi Block,1:2,2644.21,19716,NO
PSEUDO_ABSENCE,NEG_1650,25.293934,90.495589,1,Garo Hills Block,1:2,15698.63,19842,NO
PSEUDO_ABSENCE,NEG_1651,25.032448,90.197539,1,Garo Hills Block,1:2,24718.15,19854,NO
PSEUDO_ABSENCE,NEG_1652,25.354010,90.156480,1,Garo Hills Block,1:2,10136.19,20578,NO
PSEUDO_ABSENCE,NEG_1653,26.084727,90.741330,1,Garo Hills Block,1:2,41346.66,20420,NO
PSEUDO_ABSENCE,NEG_1654,25.160750,90.407201,1,Garo Hills Block,1:2,21963.63,19854,NO
PSEUDO_ABSENCE,NEG_1655,25.654719,89.995333,1,Garo Hills Block,1:2,7007.18,20254,NO
PSEUDO_ABSENCE,NEG_1656,25.951429,92.732574,4,Ri-Bhoi Block,1:2,14326.17,20534,NO
PSEUDO_ABSENCE,NEG_1657,25.286487,91.172791,2,West Khasi Block,1:2,5180.27,19889,NO
PSEUDO_ABSENCE,NEG_1658,25.043905,91.754166,3,East Khasi Block,1:2,15352.60,19713,NO
PSEUDO_ABSENCE,NEG_1659,25.467040,90.623678,1,Garo Hills Block,1:2,6162.07,20110,NO
PSEUDO_ABSENCE,NEG_1660,25.469514,90.347961,1,Garo Hills Block,1:2,9129.34,20174,NO
PSEUDO_ABSENCE,NEG_1661,25.764238,91.523470,4,Ri-Bhoi Block,1:2,5596.61,20654,NO
PSEUDO_ABSENCE,NEG_1662,25.947366,90.158301,1,Garo Hills Block,1:2,30918.09,20364,NO
PSEUDO_ABSENCE,NEG_1663,25.868520,91.854226,4,Ri-Bhoi Block,1:2,2622.91,20429,NO
PSEUDO_ABSENCE,NEG_1664,25.144212,91.919203,3,East Khasi Block,1:2,8626.56,19734,NO
PSEUDO_ABSENCE,NEG_1665,25.496871,92.682204,5,Jaintia Hills Block,1:2,15290.08,19996,NO
PSEUDO_ABSENCE,NEG_1666,25.172940,91.760642,3,East Khasi Block,1:2,1713.06,19722,NO
PSEUDO_ABSENCE,NEG_1667,25.432538,92.718285,5,Jaintia Hills Block,1:2,12562.61,19996,NO
PSEUDO_ABSENCE,NEG_1668,25.376373,92.734667,5,Jaintia Hills Block,1:2,7900.13,19919,NO
PSEUDO_ABSENCE,NEG_1669,25.993605,90.624669,1,Garo Hills Block,1:2,29220.11,20415,NO
PSEUDO_ABSENCE,NEG_1670,25.887825,92.836593,4,Ri-Bhoi Block,1:2,13155.19,20534,NO
PSEUDO_ABSENCE,NEG_1671,25.292876,91.132170,2,West Khasi Block,1:2,5828.40,19909,NO
PSEUDO_ABSENCE,NEG_1672,25.581795,90.699540,1,Garo Hills Block,1:2,8457.10,20103,NO
PSEUDO_ABSENCE,NEG_1673,25.036486,90.471394,1,Garo Hills Block,1:2,25205.30,20577,NO
PSEUDO_ABSENCE,NEG_1674,25.324492,91.152979,2,West Khasi Block,1:2,8055.62,19909,NO
PSEUDO_ABSENCE,NEG_1675,25.204791,92.463426,5,Jaintia Hills Block,1:2,6447.21,19710,NO
PSEUDO_ABSENCE,NEG_1676,25.781304,90.059861,1,Garo Hills Block,1:2,17263.01,20364,NO
PSEUDO_ABSENCE,NEG_1677,25.722100,91.793652,4,Ri-Bhoi Block,1:2,9805.83,20627,NO
PSEUDO_ABSENCE,NEG_1678,26.052719,89.809214,1,Garo Hills Block,1:2,54976.77,20254,NO
PSEUDO_ABSENCE,NEG_1679,25.287767,92.629764,5,Jaintia Hills Block,1:2,6422.91,19918,NO
PSEUDO_ABSENCE,NEG_1680,26.026705,91.997789,4,Ri-Bhoi Block,1:2,1015.69,20478,NO
PSEUDO_ABSENCE,NEG_1681,25.847024,90.079023,1,Garo Hills Block,1:2,22129.79,20364,NO
PSEUDO_ABSENCE,NEG_1682,25.574986,90.506328,1,Garo Hills Block,1:2,13775.73,20194,NO
PSEUDO_ABSENCE,NEG_1683,25.215715,92.271425,5,Jaintia Hills Block,1:2,5047.67,19821,NO
PSEUDO_ABSENCE,NEG_1684,25.165841,91.229387,2,West Khasi Block,1:2,3936.96,19737,NO
PSEUDO_ABSENCE,NEG_1685,26.033664,90.366788,1,Garo Hills Block,1:2,28066.22,20415,NO
PSEUDO_ABSENCE,NEG_1686,26.076233,92.832578,4,Ri-Bhoi Block,1:2,8649.93,20534,NO
PSEUDO_ABSENCE,NEG_1687,25.620067,90.318935,1,Garo Hills Block,1:2,1109.43,20289,NO
PSEUDO_ABSENCE,NEG_1688,25.361393,91.094703,2,West Khasi Block,1:2,5909.23,19977,NO
PSEUDO_ABSENCE,NEG_1689,25.354070,90.655939,1,Garo Hills Block,1:2,5714.78,20024,NO
PSEUDO_ABSENCE,NEG_1690,26.070008,90.267763,1,Garo Hills Block,1:2,35581.98,20415,NO
PSEUDO_ABSENCE,NEG_1691,25.811994,89.801251,1,Garo Hills Block,1:2,31986.55,20232,NO
PSEUDO_ABSENCE,NEG_1692,25.663877,92.593626,4,Ri-Bhoi Block,1:2,11166.16,20214,NO
PSEUDO_ABSENCE,NEG_1693,25.330969,90.365854,1,Garo Hills Block,1:2,17416.32,19854,NO
PSEUDO_ABSENCE,NEG_1694,25.723814,91.973434,4,Ri-Bhoi Block,1:2,5732.04,20408,NO
PSEUDO_ABSENCE,NEG_1695,25.763073,90.773916,1,Garo Hills Block,1:2,7101.34,20403,NO
PSEUDO_ABSENCE,NEG_1696,25.292379,92.715552,5,Jaintia Hills Block,1:2,2826.84,19910,NO
PSEUDO_ABSENCE,NEG_1697,26.017163,91.194816,4,Ri-Bhoi Block,1:2,18752.59,20425,NO
PSEUDO_ABSENCE,NEG_1698,25.933889,91.179587,4,Ri-Bhoi Block,1:2,9377.20,20425,NO
PSEUDO_ABSENCE,NEG_1699,25.478340,90.278127,1,Garo Hills Block,1:2,6311.90,20093,NO
PSEUDO_ABSENCE,NEG_1700,25.480519,91.439122,2,West Khasi Block,1:2,4782.30,20115,NO
PSEUDO_ABSENCE,NEG_1701,25.044305,91.154545,2,West Khasi Block,1:2,17143.39,19733,NO
PSEUDO_ABSENCE,NEG_1702,25.863865,91.874140,4,Ri-Bhoi Block,1:2,654.27,20429,NO
PSEUDO_ABSENCE,NEG_1703,25.705970,92.574144,4,Ri-Bhoi Block,1:2,15181.99,20214,NO
PSEUDO_ABSENCE,NEG_1704,25.039475,91.498995,2,West Khasi Block,1:2,13479.56,19708,NO
PSEUDO_ABSENCE,NEG_1705,25.870337,91.451073,4,Ri-Bhoi Block,1:2,3868.62,20424,NO
PSEUDO_ABSENCE,NEG_1706,25.369807,90.215564,1,Garo Hills Block,1:2,12856.22,19854,NO
PSEUDO_ABSENCE,NEG_1707,25.978568,91.235825,4,Ri-Bhoi Block,1:2,15739.13,20425,NO
PSEUDO_ABSENCE,NEG_1708,25.968364,91.586849,4,Ri-Bhoi Block,1:2,2060.90,20462,NO
PSEUDO_ABSENCE,NEG_1709,25.748127,92.252997,4,Ri-Bhoi Block,1:2,12223.80,20417,NO
PSEUDO_ABSENCE,NEG_1710,25.731888,91.014067,4,Ri-Bhoi Block,1:2,5502.73,20396,NO
PSEUDO_ABSENCE,NEG_1711,25.574724,92.249289,5,Jaintia Hills Block,1:2,724.53,20227,NO
PSEUDO_ABSENCE,NEG_1712,25.423542,90.983770,1,Garo Hills Block,1:2,6836.12,20056,NO
PSEUDO_ABSENCE,NEG_1713,25.123345,92.589483,5,Jaintia Hills Block,1:2,17125.91,19614,NO
PSEUDO_ABSENCE,NEG_1714,25.118319,91.777038,3,East Khasi Block,1:2,7940.35,19722,NO
PSEUDO_ABSENCE,NEG_1715,25.466250,91.037139,2,West Khasi Block,1:2,3569.85,20057,NO
PSEUDO_ABSENCE,NEG_1716,25.753916,90.004636,1,Garo Hills Block,1:2,17302.40,20254,NO
PSEUDO_ABSENCE,NEG_1717,25.661202,92.154697,4,Ri-Bhoi Block,1:2,1453.87,20373,NO
PSEUDO_ABSENCE,NEG_1718,25.914470,90.320118,1,Garo Hills Block,1:2,18315.74,20415,NO
PSEUDO_ABSENCE,NEG_1719,25.989213,91.801246,4,Ri-Bhoi Block,1:2,4835.15,20473,NO
PSEUDO_ABSENCE,NEG_1720,25.972403,91.280106,4,Ri-Bhoi Block,1:2,17507.77,20425,NO
PSEUDO_ABSENCE,NEG_1721,25.605396,92.603067,5,Jaintia Hills Block,1:2,6449.98,20214,NO
PSEUDO_ABSENCE,NEG_1722,25.991902,91.166891,4,Ri-Bhoi Block,1:2,15781.85,20425,NO
PSEUDO_ABSENCE,NEG_1723,25.316366,90.999170,1,Garo Hills Block,1:2,3061.83,19911,NO
PSEUDO_ABSENCE,NEG_1724,25.438785,90.674944,1,Garo Hills Block,1:2,4021.54,20580,NO
PSEUDO_ABSENCE,NEG_1725,25.310066,92.426242,5,Jaintia Hills Block,1:2,4130.50,19896,NO
PSEUDO_ABSENCE,NEG_1726,25.095451,91.866714,3,East Khasi Block,1:2,11575.75,19734,NO
PSEUDO_ABSENCE,NEG_1727,25.206646,90.850743,1,Garo Hills Block,1:2,16657.48,19911,NO
PSEUDO_ABSENCE,NEG_1728,25.086466,90.623420,1,Garo Hills Block,1:2,13789.43,20577,NO
PSEUDO_ABSENCE,NEG_1729,25.849895,92.499297,4,Ri-Bhoi Block,1:2,26864.90,20271,NO
PSEUDO_ABSENCE,NEG_1730,25.259249,91.213821,2,West Khasi Block,1:2,3414.52,19889,NO
PSEUDO_ABSENCE,NEG_1731,25.527950,92.464405,5,Jaintia Hills Block,1:2,924.01,20126,NO
PSEUDO_ABSENCE,NEG_1732,25.843823,91.364886,4,Ri-Bhoi Block,1:2,10527.92,20424,NO
PSEUDO_ABSENCE,NEG_1733,25.744407,92.384433,4,Ri-Bhoi Block,1:2,16251.54,20271,NO
PSEUDO_ABSENCE,NEG_1734,25.030302,91.028815,2,West Khasi Block,1:2,17947.89,19727,NO
PSEUDO_ABSENCE,NEG_1735,25.999823,92.057955,4,Ri-Bhoi Block,1:2,1934.13,20465,NO
PSEUDO_ABSENCE,NEG_1736,25.606269,91.415416,2,West Khasi Block,1:2,8605.29,20244,NO
PSEUDO_ABSENCE,NEG_1737,25.395592,91.387588,2,West Khasi Block,1:2,3708.29,20047,NO
PSEUDO_ABSENCE,NEG_1738,25.727814,91.076007,4,Ri-Bhoi Block,1:2,3774.44,20397,NO
PSEUDO_ABSENCE,NEG_1739,25.791285,92.426758,4,Ri-Bhoi Block,1:2,20114.93,20271,NO
PSEUDO_ABSENCE,NEG_1740,25.187060,91.177218,2,West Khasi Block,1:2,3654.08,19739,NO
PSEUDO_ABSENCE,NEG_1741,25.460662,91.896768,3,East Khasi Block,1:2,4198.50,20060,NO
PSEUDO_ABSENCE,NEG_1742,25.289857,91.752765,3,East Khasi Block,1:2,1637.22,19885,NO
PSEUDO_ABSENCE,NEG_1743,25.967688,91.075301,4,Ri-Bhoi Block,1:2,15517.97,20423,NO
PSEUDO_ABSENCE,NEG_1744,26.003897,92.829149,4,Ri-Bhoi Block,1:2,3444.23,20534,NO
PSEUDO_ABSENCE,NEG_1745,25.134579,90.510812,1,Garo Hills Block,1:2,14831.78,20577,NO
PSEUDO_ABSENCE,NEG_1746,26.046410,92.722899,4,Ri-Bhoi Block,1:2,14843.54,20534,NO
PSEUDO_ABSENCE,NEG_1747,25.125524,89.845745,1,Garo Hills Block,1:2,35731.62,20578,NO
PSEUDO_ABSENCE,NEG_1748,25.193988,92.837839,5,Jaintia Hills Block,1:2,9866.97,19669,NO
PSEUDO_ABSENCE,NEG_1749,25.214400,91.332770,2,West Khasi Block,1:2,4457.95,20547,NO
PSEUDO_ABSENCE,NEG_1750,25.936291,89.862225,1,Garo Hills Block,1:2,40994.63,20254,NO
PSEUDO_ABSENCE,NEG_1751,25.672848,90.644928,1,Garo Hills Block,1:2,15636.91,20294,NO
PSEUDO_ABSENCE,NEG_1752,25.951322,90.664557,1,Garo Hills Block,1:2,28749.82,20415,NO
PSEUDO_ABSENCE,NEG_1753,25.761696,91.856370,4,Ri-Bhoi Block,1:2,2594.52,20410,NO
PSEUDO_ABSENCE,NEG_1754,25.259213,89.906138,1,Garo Hills Block,1:2,20628.21,20578,NO
PSEUDO_ABSENCE,NEG_1755,25.461990,90.682039,1,Garo Hills Block,1:2,2235.58,20076,NO
PSEUDO_ABSENCE,NEG_1756,25.893696,92.241111,4,Ri-Bhoi Block,1:2,9319.64,20428,NO
PSEUDO_ABSENCE,NEG_1757,25.513586,91.649862,3,East Khasi Block,1:2,3465.80,20146,NO
PSEUDO_ABSENCE,NEG_1758,25.672600,92.322832,4,Ri-Bhoi Block,1:2,11902.26,20230,NO
PSEUDO_ABSENCE,NEG_1759,25.479003,90.640112,1,Garo Hills Block,1:2,4172.85,20110,NO
PSEUDO_ABSENCE,NEG_1760,25.306238,91.435386,2,West Khasi Block,1:2,1682.89,19915,NO
PSEUDO_ABSENCE,NEG_1761,25.505080,91.142368,2,West Khasi Block,1:2,2338.52,20087,NO
PSEUDO_ABSENCE,NEG_1762,25.118428,91.991741,3,East Khasi Block,1:2,8166.57,19726,NO
PSEUDO_ABSENCE,NEG_1763,25.250836,90.400709,1,Garo Hills Block,1:2,18694.32,19854,NO
PSEUDO_ABSENCE,NEG_1764,25.465779,90.494724,1,Garo Hills Block,1:2,16322.49,20194,NO
PSEUDO_ABSENCE,NEG_1765,25.650567,90.932963,1,Garo Hills Block,1:2,9935.65,20270,NO
PSEUDO_ABSENCE,NEG_1766,25.504825,91.438366,2,West Khasi Block,1:2,2226.55,20115,NO
PSEUDO_ABSENCE,NEG_1767,25.239818,90.275042,1,Garo Hills Block,1:2,6260.12,19854,NO
PSEUDO_ABSENCE,NEG_1768,25.970856,91.122857,4,Ri-Bhoi Block,1:2,14241.76,20425,NO
PSEUDO_ABSENCE,NEG_1769,25.465061,89.908617,1,Garo Hills Block,1:2,10171.98,20127,NO
PSEUDO_ABSENCE,NEG_1770,25.557814,91.490218,2,West Khasi Block,1:2,3327.27,20160,NO
PSEUDO_ABSENCE,NEG_1771,25.623548,91.956445,3,East Khasi Block,1:2,2759.58,20313,NO
PSEUDO_ABSENCE,NEG_1772,25.211680,90.569281,1,Garo Hills Block,1:2,6326.97,20576,NO
PSEUDO_ABSENCE,NEG_1773,25.895589,92.688870,4,Ri-Bhoi Block,1:2,21201.98,20534,NO
PSEUDO_ABSENCE,NEG_1774,25.166807,91.317831,2,West Khasi Block,1:2,8223.04,19721,NO
PSEUDO_ABSENCE,NEG_1775,25.251310,89.983223,1,Garo Hills Block,1:2,16434.14,20578,NO
PSEUDO_ABSENCE,NEG_1776,25.371544,90.238247,1,Garo Hills Block,1:2,13259.23,19854,NO
PSEUDO_ABSENCE,NEG_1777,25.786728,91.427863,4,Ri-Bhoi Block,1:2,7271.82,20424,NO
PSEUDO_ABSENCE,NEG_1778,25.175341,89.828187,1,Garo Hills Block,1:2,32726.76,20578,NO
PSEUDO_ABSENCE,NEG_1779,25.892810,90.337393,1,Garo Hills Block,1:2,15366.56,20415,NO
PSEUDO_ABSENCE,NEG_1780,25.674714,90.827612,1,Garo Hills Block,1:2,4684.50,20403,NO
PSEUDO_ABSENCE,NEG_1781,25.652325,90.762744,1,Garo Hills Block,1:2,4188.98,20294,NO
PSEUDO_ABSENCE,NEG_1782,25.113895,90.479998,1,Garo Hills Block,1:2,18691.75,20577,NO
PSEUDO_ABSENCE,NEG_1783,25.223103,91.105459,2,West Khasi Block,1:2,4431.07,19733,NO
PSEUDO_ABSENCE,NEG_1784,25.730946,90.604609,1,Garo Hills Block,1:2,17744.36,20415,NO
PSEUDO_ABSENCE,NEG_1785,25.033036,91.382759,2,West Khasi Block,1:2,17149.35,19721,NO
PSEUDO_ABSENCE,NEG_1786,25.674220,92.736755,4,Ri-Bhoi Block,1:2,21852.60,20214,NO
PSEUDO_ABSENCE,NEG_1787,25.656628,91.237076,4,Ri-Bhoi Block,1:2,6023.12,20344,NO
PSEUDO_ABSENCE,NEG_1788,25.639274,92.630097,5,Jaintia Hills Block,1:2,10958.90,20214,NO
PSEUDO_ABSENCE,NEG_1789,25.914648,90.785085,1,Garo Hills Block,1:2,22339.43,20403,NO
PSEUDO_ABSENCE,NEG_1790,25.276235,90.601033,1,Garo Hills Block,1:2,5655.69,19842,NO
PSEUDO_ABSENCE,NEG_1791,25.564775,92.069351,5,Jaintia Hills Block,1:2,1485.74,20223,NO
PSEUDO_ABSENCE,NEG_1792,25.563477,90.006779,1,Garo Hills Block,1:2,2491.59,20232,NO
PSEUDO_ABSENCE,NEG_1793,25.801467,92.258209,4,Ri-Bhoi Block,1:2,11499.96,20417,NO
PSEUDO_ABSENCE,NEG_1794,25.332658,91.825584,3,East Khasi Block,1:2,4871.99,19942,NO
PSEUDO_ABSENCE,NEG_1795,25.932844,91.402568,4,Ri-Bhoi Block,1:2,12332.30,20424,NO
PSEUDO_ABSENCE,NEG_1796,25.766826,92.494217,4,Ri-Bhoi Block,1:2,17713.42,20271,NO
PSEUDO_ABSENCE,NEG_1797,25.555374,90.755415,1,Garo Hills Block,1:2,5410.37,20203,NO
PSEUDO_ABSENCE,NEG_1798,25.833959,90.471202,1,Garo Hills Block,1:2,5800.69,20415,NO
PSEUDO_ABSENCE,NEG_1799,25.439614,92.440468,5,Jaintia Hills Block,1:2,7200.64,19995,NO
PSEUDO_ABSENCE,NEG_1800,25.802376,91.031624,4,Ri-Bhoi Block,1:2,1439.69,20420,NO
PSEUDO_ABSENCE,NEG_1801,25.251924,90.885704,1,Garo Hills Block,1:2,10684.46,19911,NO
PSEUDO_ABSENCE,NEG_1802,25.326832,90.337072,1,Garo Hills Block,1:2,14704.14,19854,NO
PSEUDO_ABSENCE,NEG_1803,25.822800,90.568813,1,Garo Hills Block,1:2,13400.75,20415,NO
PSEUDO_ABSENCE,NEG_1804,25.510501,90.976871,1,Garo Hills Block,1:2,11067.47,20056,NO
PSEUDO_ABSENCE,NEG_1805,26.080644,90.992831,1,Garo Hills Block,1:2,28450.40,20423,NO
PSEUDO_ABSENCE,NEG_1806,25.106381,90.073969,1,Garo Hills Block,1:2,21705.64,19854,NO
PSEUDO_ABSENCE,NEG_1807,25.658014,91.628059,4,Ri-Bhoi Block,1:2,575.43,20609,NO
PSEUDO_ABSENCE,NEG_1808,25.472260,91.117123,2,West Khasi Block,1:2,2317.26,20074,NO
PSEUDO_ABSENCE,NEG_1809,25.078247,91.375467,2,West Khasi Block,1:2,12250.72,19721,NO
PSEUDO_ABSENCE,NEG_1810,25.565119,90.256125,1,Garo Hills Block,1:2,5156.18,20255,NO
PSEUDO_ABSENCE,NEG_1811,25.132147,90.176896,1,Garo Hills Block,1:2,14097.92,19854,NO
PSEUDO_ABSENCE,NEG_1812,25.129111,91.659610,3,East Khasi Block,1:2,5403.31,19713,NO
PSEUDO_ABSENCE,NEG_1813,25.232201,90.566862,1,Garo Hills Block,1:2,6915.98,20576,NO
PSEUDO_ABSENCE,NEG_1814,25.207458,92.721398,5,Jaintia Hills Block,1:2,11698.07,19910,NO
PSEUDO_ABSENCE,NEG_1815,25.942987,90.503009,1,Garo Hills Block,1:2,18141.99,20415,NO
PSEUDO_ABSENCE,NEG_1816,25.373772,90.440173,1,Garo Hills Block,1:2,21873.11,20194,NO
PSEUDO_ABSENCE,NEG_1817,25.551226,89.859812,1,Garo Hills Block,1:2,12161.56,20655,NO
PSEUDO_ABSENCE,NEG_1818,25.745077,91.395632,4,Ri-Bhoi Block,1:2,12916.76,20424,NO
PSEUDO_ABSENCE,NEG_1819,25.990530,90.301398,1,Garo Hills Block,1:2,26257.09,20415,NO
PSEUDO_ABSENCE,NEG_1820,25.888438,92.215481,4,Ri-Bhoi Block,1:2,6714.31,20428,NO
PSEUDO_ABSENCE,NEG_1821,25.157356,91.015606,2,West Khasi Block,1:2,4534.46,19727,NO
PSEUDO_ABSENCE,NEG_1822,25.203765,90.576898,1,Garo Hills Block,1:2,5610.15,20577,NO
PSEUDO_ABSENCE,NEG_1823,25.304306,91.496521,2,West Khasi Block,1:2,3553.56,20494,NO
PSEUDO_ABSENCE,NEG_1824,25.464324,92.690585,5,Jaintia Hills Block,1:2,12738.72,19996,NO
PSEUDO_ABSENCE,NEG_1825,25.156480,92.769761,5,Jaintia Hills Block,1:2,11885.93,19669,NO
PSEUDO_ABSENCE,NEG_1826,25.269090,92.157266,5,Jaintia Hills Block,1:2,4543.42,19867,NO
PSEUDO_ABSENCE,NEG_1827,25.386088,90.236398,1,Garo Hills Block,1:2,12773.01,20093,NO
PSEUDO_ABSENCE,NEG_1828,25.946520,90.742026,1,Garo Hills Block,1:2,26806.41,20403,NO
PSEUDO_ABSENCE,NEG_1829,25.731564,91.527653,4,Ri-Bhoi Block,1:2,4538.36,20654,NO
PSEUDO_ABSENCE,NEG_1830,25.529497,91.312249,2,West Khasi Block,1:2,1189.37,20598,NO
PSEUDO_ABSENCE,NEG_1831,25.810817,90.067707,1,Garo Hills Block,1:2,19279.03,20364,NO
PSEUDO_ABSENCE,NEG_1832,25.741635,92.532227,4,Ri-Bhoi Block,1:2,16466.79,20271,NO
PSEUDO_ABSENCE,NEG_1833,25.082411,90.228993,1,Garo Hills Block,1:2,19153.84,19854,NO
PSEUDO_ABSENCE,NEG_1834,25.793962,91.133709,4,Ri-Bhoi Block,1:2,2466.72,20418,NO
PSEUDO_ABSENCE,NEG_1835,25.455833,90.217748,1,Garo Hills Block,1:2,4916.35,20093,NO
PSEUDO_ABSENCE,NEG_1836,25.567312,90.185963,1,Garo Hills Block,1:2,6813.86,20107,NO
PSEUDO_ABSENCE,NEG_1837,25.534750,92.129027,5,Jaintia Hills Block,1:2,1368.38,20131,NO
PSEUDO_ABSENCE,NEG_1838,25.298926,91.266398,2,West Khasi Block,1:2,4392.19,19889,NO
PSEUDO_ABSENCE,NEG_1839,26.091377,91.894284,4,Ri-Bhoi Block,1:2,1616.21,20484,NO
PSEUDO_ABSENCE,NEG_1840,25.928665,91.065285,4,Ri-Bhoi Block,1:2,11077.10,20423,NO
PSEUDO_ABSENCE,NEG_1841,25.849290,89.923553,1,Garo Hills Block,1:2,29700.02,20254,NO
PSEUDO_ABSENCE,NEG_1842,25.152744,90.419365,1,Garo Hills Block,1:2,22350.62,20577,NO
PSEUDO_ABSENCE,NEG_1843,25.454108,92.379522,5,Jaintia Hills Block,1:2,8908.36,20121,NO
PSEUDO_ABSENCE,NEG_1844,25.393967,91.796595,3,East Khasi Block,1:2,2397.27,20039,NO
PSEUDO_ABSENCE,NEG_1845,25.786059,91.587856,4,Ri-Bhoi Block,1:2,5416.92,20654,NO
PSEUDO_ABSENCE,NEG_1846,25.405821,91.560013,2,West Khasi Block,1:2,1659.56,20594,NO
PSEUDO_ABSENCE,NEG_1847,25.389647,90.055815,1,Garo Hills Block,1:2,1000.28,20578,NO
PSEUDO_ABSENCE,NEG_1848,26.092228,90.187906,1,Garo Hills Block,1:2,42009.28,20415,NO
PSEUDO_ABSENCE,NEG_1849,25.098136,92.479519,5,Jaintia Hills Block,1:2,7237.00,19614,NO
PSEUDO_ABSENCE,NEG_1850,25.345981,91.783406,3,East Khasi Block,1:2,1006.58,19942,NO
PSEUDO_ABSENCE,NEG_1851,25.375326,90.993936,1,Garo Hills Block,1:2,3242.97,20524,NO
PSEUDO_ABSENCE,NEG_1852,25.303082,90.846284,1,Garo Hills Block,1:2,8511.75,19994,NO
PSEUDO_ABSENCE,NEG_1853,25.463556,91.997269,3,East Khasi Block,1:2,4716.64,20075,NO
PSEUDO_ABSENCE,NEG_1854,25.572459,92.677874,5,Jaintia Hills Block,1:2,12698.78,20214,NO
PSEUDO_ABSENCE,NEG_1855,25.065231,91.334358,2,West Khasi Block,1:2,14891.91,19721,NO
PSEUDO_ABSENCE,NEG_1856,25.650963,92.606601,4,Ri-Bhoi Block,1:2,10479.89,20214,NO
PSEUDO_ABSENCE,NEG_1857,25.073091,91.549174,2,West Khasi Block,1:2,9813.85,19704,NO
PSEUDO_ABSENCE,NEG_1858,25.941920,90.537880,1,Garo Hills Block,1:2,19526.26,20415,NO
PSEUDO_ABSENCE,NEG_1859,25.966396,89.858082,1,Garo Hills Block,1:2,44228.45,20254,NO
PSEUDO_ABSENCE,NEG_1860,25.811051,92.645995,4,Ri-Bhoi Block,1:2,28329.49,20214,NO
PSEUDO_ABSENCE,NEG_1861,25.729773,91.139039,4,Ri-Bhoi Block,1:2,4403.30,20390,NO
PSEUDO_ABSENCE,NEG_1862,25.068471,92.606347,5,Jaintia Hills Block,1:2,16436.81,19614,NO
PSEUDO_ABSENCE,NEG_1863,25.527920,89.888440,1,Garo Hills Block,1:2,9189.92,20127,NO
PSEUDO_ABSENCE,NEG_1864,25.765007,91.269604,4,Ri-Bhoi Block,1:2,11446.48,20394,NO
PSEUDO_ABSENCE,NEG_1865,25.154293,90.453529,1,Garo Hills Block,1:2,19024.57,20577,NO
PSEUDO_ABSENCE,NEG_1866,25.089650,91.551595,2,West Khasi Block,1:2,8108.93,19706,NO
PSEUDO_ABSENCE,NEG_1867,25.691792,91.342514,4,Ri-Bhoi Block,1:2,9134.71,20282,NO
PSEUDO_ABSENCE,NEG_1868,25.902470,92.426077,4,Ri-Bhoi Block,1:2,25553.40,20481,NO
PSEUDO_ABSENCE,NEG_1869,25.684874,89.838907,1,Garo Hills Block,1:2,19059.21,20212,NO
PSEUDO_ABSENCE,NEG_1870,25.770848,91.074898,4,Ri-Bhoi Block,1:2,4781.17,20418,NO
PSEUDO_ABSENCE,NEG_1871,25.630802,91.779696,3,East Khasi Block,1:2,5001.29,20243,NO
PSEUDO_ABSENCE,NEG_1872,25.398256,92.597150,5,Jaintia Hills Block,1:2,2797.76,19997,NO
PSEUDO_ABSENCE,NEG_1873,25.164693,91.848111,3,East Khasi Block,1:2,3998.34,19734,NO
PSEUDO_ABSENCE,NEG_1874,25.024708,92.620186,5,Jaintia Hills Block,1:2,17625.08,19614,NO
PSEUDO_ABSENCE,NEG_1875,25.141504,90.089397,1,Garo Hills Block,1:2,17786.29,19854,NO
PSEUDO_ABSENCE,NEG_1876,25.379648,90.939377,1,Garo Hills Block,1:2,8166.61,19911,NO
PSEUDO_ABSENCE,NEG_1877,25.251444,91.584621,2,West Khasi Block,1:2,1665.60,19866,NO
PSEUDO_ABSENCE,NEG_1878,25.498347,89.904236,1,Garo Hills Block,1:2,8378.16,20127,NO
PSEUDO_ABSENCE,NEG_1879,25.365224,92.271820,5,Jaintia Hills Block,1:2,6481.04,20043,NO
PSEUDO_ABSENCE,NEG_1880,25.764878,92.010856,4,Ri-Bhoi Block,1:2,1178.72,20408,NO
PSEUDO_ABSENCE,NEG_1881,25.773966,90.748468,1,Garo Hills Block,1:2,9784.44,20403,NO
PSEUDO_ABSENCE,NEG_1882,25.127637,90.631025,1,Garo Hills Block,1:2,9183.82,20577,NO
PSEUDO_ABSENCE,NEG_1883,25.918328,92.790436,4,Ri-Bhoi Block,1:2,11976.93,20534,NO
PSEUDO_ABSENCE,NEG_1884,25.553355,89.829586,1,Garo Hills Block,1:2,15140.42,20655,NO
PSEUDO_ABSENCE,NEG_1885,25.171248,90.782346,1,Garo Hills Block,1:2,15716.69,20577,NO
PSEUDO_ABSENCE,NEG_1886,25.644872,90.029036,1,Garo Hills Block,1:2,4990.47,20254,NO
PSEUDO_ABSENCE,NEG_1887,26.038826,90.913505,1,Garo Hills Block,1:2,26934.81,20423,NO
PSEUDO_ABSENCE,NEG_1888,26.005591,92.180591,4,Ri-Bhoi Block,1:2,8127.14,20480,NO
PSEUDO_ABSENCE,NEG_1889,25.835872,91.650495,4,Ri-Bhoi Block,1:2,3666.09,20652,NO
PSEUDO_ABSENCE,NEG_1890,25.696927,91.745910,4,Ri-Bhoi Block,1:2,7559.61,20647,NO
PSEUDO_ABSENCE,NEG_1891,25.699019,91.488871,4,Ri-Bhoi Block,1:2,9473.44,20654,NO
PSEUDO_ABSENCE,NEG_1892,26.085327,92.033486,4,Ri-Bhoi Block,1:2,7376.00,20478,NO
PSEUDO_ABSENCE,NEG_1893,25.859102,92.461012,4,Ri-Bhoi Block,1:2,27496.08,20271,NO
PSEUDO_ABSENCE,NEG_1894,25.252891,90.055603,1,Garo Hills Block,1:2,14323.41,20578,NO
PSEUDO_ABSENCE,NEG_1895,25.541526,91.367946,2,West Khasi Block,1:2,2844.85,20173,NO
PSEUDO_ABSENCE,NEG_1896,25.915516,91.153540,4,Ri-Bhoi Block,1:2,7468.83,20425,NO
PSEUDO_ABSENCE,NEG_1897,25.636521,91.407566,2,West Khasi Block,1:2,10080.24,20282,NO
PSEUDO_ABSENCE,NEG_1898,25.061259,91.676405,3,East Khasi Block,1:2,12075.92,19713,NO
PSEUDO_ABSENCE,NEG_1899,25.914287,90.280377,1,Garo Hills Block,1:2,21121.79,20415,NO
PSEUDO_ABSENCE,NEG_1900,25.661878,91.610512,4,Ri-Bhoi Block,1:2,1429.63,20359,NO
PSEUDO_ABSENCE,NEG_1901,25.197320,90.176564,1,Garo Hills Block,1:2,7404.61,19854,NO
PSEUDO_ABSENCE,NEG_1902,26.078456,91.000843,4,Ri-Bhoi Block,1:2,28060.79,20423,NO
PSEUDO_ABSENCE,NEG_1903,25.265615,90.322540,1,Garo Hills Block,1:2,10902.85,19854,NO
PSEUDO_ABSENCE,NEG_1904,25.741010,91.658808,4,Ri-Bhoi Block,1:2,1903.51,20648,NO
PSEUDO_ABSENCE,NEG_1905,25.715036,90.068418,1,Garo Hills Block,1:2,12250.94,20364,NO
PSEUDO_ABSENCE,NEG_1906,25.985017,90.987263,1,Garo Hills Block,1:2,18343.74,20423,NO
PSEUDO_ABSENCE,NEG_1907,25.358439,91.210202,2,West Khasi Block,1:2,1551.51,19973,NO
PSEUDO_ABSENCE,NEG_1908,25.441271,92.433910,5,Jaintia Hills Block,1:2,7330.23,19995,NO
PSEUDO_ABSENCE,NEG_1909,26.023602,90.725532,1,Garo Hills Block,1:2,35490.63,20403,NO
PSEUDO_ABSENCE,NEG_1910,25.953051,92.183646,4,Ri-Bhoi Block,1:2,10171.27,20428,NO
PSEUDO_ABSENCE,NEG_1911,26.025272,90.549538,1,Garo Hills Block,1:2,28362.54,20415,NO
PSEUDO_ABSENCE,NEG_1912,25.643116,90.637361,1,Garo Hills Block,1:2,14667.17,20110,NO
PSEUDO_ABSENCE,NEG_1913,25.910022,89.816239,1,Garo Hills Block,1:2,40579.26,20254,NO
PSEUDO_ABSENCE,NEG_1914,25.630005,90.834570,1,Garo Hills Block,1:2,2755.95,20309,NO
PSEUDO_ABSENCE,NEG_1915,25.939603,91.658046,4,Ri-Bhoi Block,1:2,5658.33,20437,NO
PSEUDO_ABSENCE,NEG_1916,25.941427,90.607021,1,Garo Hills Block,1:2,23723.07,20415,NO
PSEUDO_ABSENCE,NEG_1917,25.032576,91.498277,2,West Khasi Block,1:2,14240.25,19708,NO
PSEUDO_ABSENCE,NEG_1918,25.734446,91.605339,4,Ri-Bhoi Block,1:2,3374.91,20654,NO
PSEUDO_ABSENCE,NEG_1919,25.815182,91.542586,4,Ri-Bhoi Block,1:2,7771.43,20424,NO
PSEUDO_ABSENCE,NEG_1920,25.092090,90.155159,1,Garo Hills Block,1:2,18999.62,19854,NO
PSEUDO_ABSENCE,NEG_1921,25.664193,90.638687,1,Garo Hills Block,1:2,15938.68,20294,NO
PSEUDO_ABSENCE,NEG_1922,25.106017,91.110288,2,West Khasi Block,1:2,10631.20,19733,NO
PSEUDO_ABSENCE,NEG_1923,25.618668,90.802675,1,Garo Hills Block,1:2,1317.02,20294,NO
PSEUDO_ABSENCE,NEG_1924,25.798068,91.763500,4,Ri-Bhoi Block,1:2,10154.61,20416,NO
PSEUDO_ABSENCE,NEG_1925,25.379444,92.102361,5,Jaintia Hills Block,1:2,5212.19,19949,NO
PSEUDO_ABSENCE,NEG_1926,25.720591,91.744208,4,Ri-Bhoi Block,1:2,7000.46,20648,NO
PSEUDO_ABSENCE,NEG_1927,25.617702,89.834738,1,Garo Hills Block,1:2,15503.13,20212,NO
PSEUDO_ABSENCE,NEG_1928,25.772228,90.946927,1,Garo Hills Block,1:2,7029.65,20419,NO
PSEUDO_ABSENCE,NEG_1929,26.038018,92.294854,4,Ri-Bhoi Block,1:2,5956.05,20481,NO
PSEUDO_ABSENCE,NEG_1930,25.654710,90.569155,1,Garo Hills Block,1:2,18170.16,20110,NO
PSEUDO_ABSENCE,NEG_1931,25.240015,90.838174,1,Garo Hills Block,1:2,15093.65,19994,NO
PSEUDO_ABSENCE,NEG_1932,25.534693,90.703000,1,Garo Hills Block,1:2,3776.53,20103,NO
PSEUDO_ABSENCE,NEG_1933,25.576124,90.304380,1,Garo Hills Block,1:2,3021.30,20255,NO
PSEUDO_ABSENCE,NEG_1934,26.075930,90.129170,1,Garo Hills Block,1:2,44463.16,20415,NO
PSEUDO_ABSENCE,NEG_1935,26.026500,92.586413,4,Ri-Bhoi Block,1:2,27816.67,20534,NO
PSEUDO_ABSENCE,NEG_1936,25.587389,92.010976,5,Jaintia Hills Block,1:2,4472.29,20245,NO
PSEUDO_ABSENCE,NEG_1937,25.490932,91.721605,3,East Khasi Block,1:2,1429.26,20097,NO
PSEUDO_ABSENCE,NEG_1938,25.387822,90.718535,1,Garo Hills Block,1:2,1494.53,20034,NO
PSEUDO_ABSENCE,NEG_1939,25.644488,91.319296,2,West Khasi Block,1:2,3402.49,20282,NO
PSEUDO_ABSENCE,NEG_1940,25.645899,90.674315,1,Garo Hills Block,1:2,11989.53,20294,NO
PSEUDO_ABSENCE,NEG_1941,25.416314,90.055889,1,Garo Hills Block,1:2,3882.13,20578,NO
PSEUDO_ABSENCE,NEG_1942,25.076458,90.573044,1,Garo Hills Block,1:2,16021.65,20577,NO
PSEUDO_ABSENCE,NEG_1943,25.100187,90.116513,1,Garo Hills Block,1:2,19778.50,19854,NO
PSEUDO_ABSENCE,NEG_1944,25.897963,89.918565,1,Garo Hills Block,1:2,34961.23,20254,NO
PSEUDO_ABSENCE,NEG_1945,25.731658,90.631301,1,Garo Hills Block,1:2,19230.33,20403,NO
PSEUDO_ABSENCE,NEG_1946,25.961269,91.279226,4,Ri-Bhoi Block,1:2,16505.59,20425,NO
PSEUDO_ABSENCE,NEG_1947,25.350023,91.378799,2,West Khasi Block,1:2,5986.80,19916,NO
PSEUDO_ABSENCE,NEG_1948,25.432515,91.521118,2,West Khasi Block,1:2,3409.75,20037,NO
PSEUDO_ABSENCE,NEG_1949,25.143695,92.840821,5,Jaintia Hills Block,1:2,5042.97,19669,NO
PSEUDO_ABSENCE,NEG_1950,25.479600,90.862103,1,Garo Hills Block,1:2,4793.97,20063,NO
PSEUDO_ABSENCE,NEG_1951,25.787027,90.909893,1,Garo Hills Block,1:2,10125.63,20419,NO
PSEUDO_ABSENCE,NEG_1952,25.919936,91.185526,4,Ri-Bhoi Block,1:2,7930.12,20425,NO
PSEUDO_ABSENCE,NEG_1953,25.797123,90.127732,1,Garo Hills Block,1:2,15073.86,20364,NO
PSEUDO_ABSENCE,NEG_1954,25.933809,92.043940,4,Ri-Bhoi Block,1:2,4177.15,20456,NO
PSEUDO_ABSENCE,NEG_1955,25.248654,90.243122,1,Garo Hills Block,1:2,2908.20,19854,NO
PSEUDO_ABSENCE,NEG_1956,25.361596,92.777015,5,Jaintia Hills Block,1:2,9878.57,19919,NO
PSEUDO_ABSENCE,NEG_1957,25.297378,91.191188,2,West Khasi Block,1:2,3470.27,19889,NO
PSEUDO_ABSENCE,NEG_1958,25.052422,91.011544,2,West Khasi Block,1:2,15721.90,19727,NO
PSEUDO_ABSENCE,NEG_1959,25.637026,92.707030,5,Jaintia Hills Block,1:2,17257.52,20214,NO
PSEUDO_ABSENCE,NEG_1960,25.578075,92.298277,5,Jaintia Hills Block,1:2,3151.48,20230,NO
PSEUDO_ABSENCE,NEG_1961,25.610898,89.924394,1,Garo Hills Block,1:2,7195.78,20212,NO
PSEUDO_ABSENCE,NEG_1962,25.360209,91.555426,2,West Khasi Block,1:2,3661.44,20594,NO
PSEUDO_ABSENCE,NEG_1963,26.046641,92.420348,4,Ri-Bhoi Block,1:2,17987.06,20481,NO
PSEUDO_ABSENCE,NEG_1964,25.266624,90.471335,1,Garo Hills Block,1:2,17181.25,19842,NO
PSEUDO_ABSENCE,NEG_1965,25.237267,92.613622,5,Jaintia Hills Block,1:2,10993.87,19941,NO
PSEUDO_ABSENCE,NEG_1966,25.940879,92.163394,4,Ri-Bhoi Block,1:2,8414.92,20428,NO
PSEUDO_ABSENCE,NEG_1967,25.444154,91.338361,2,West Khasi Block,1:2,791.04,20064,NO
PSEUDO_ABSENCE,NEG_1968,25.521478,90.572864,1,Garo Hills Block,1:2,8660.90,20110,NO
PSEUDO_ABSENCE,NEG_1969,25.565430,89.893014,1,Garo Hills Block,1:2,8699.17,20655,NO
PSEUDO_ABSENCE,NEG_1970,25.162355,92.504098,5,Jaintia Hills Block,1:2,8692.83,19710,NO
PSEUDO_ABSENCE,NEG_1971,25.831814,91.089749,4,Ri-Bhoi Block,1:2,3983.38,20423,NO
PSEUDO_ABSENCE,NEG_1972,25.578522,90.928497,1,Garo Hills Block,1:2,9707.17,20195,NO
PSEUDO_ABSENCE,NEG_1973,25.820042,92.191771,4,Ri-Bhoi Block,1:2,5490.68,20417,NO
PSEUDO_ABSENCE,NEG_1974,25.844348,92.003966,4,Ri-Bhoi Block,1:2,3626.37,20430,NO
PSEUDO_ABSENCE,NEG_1975,25.240865,90.830808,1,Garo Hills Block,1:2,14901.28,19994,NO
PSEUDO_ABSENCE,NEG_1976,25.527433,90.808919,1,Garo Hills Block,1:2,2896.72,20183,NO
PSEUDO_ABSENCE,NEG_1977,25.835335,90.804528,1,Garo Hills Block,1:2,13326.00,20403,NO
PSEUDO_ABSENCE,NEG_1978,25.169291,91.017073,2,West Khasi Block,1:2,3401.10,19727,NO
PSEUDO_ABSENCE,NEG_1979,26.078308,90.488938,1,Garo Hills Block,1:2,32429.74,20415,NO
PSEUDO_ABSENCE,NEG_1980,25.681131,91.120568,4,Ri-Bhoi Block,1:2,610.77,20376,NO
PSEUDO_ABSENCE,NEG_1981,25.096707,91.288024,2,West Khasi Block,1:2,12808.44,19737,NO
PSEUDO_ABSENCE,NEG_1982,25.778337,91.365321,4,Ri-Bhoi Block,1:2,12522.63,20424,NO
PSEUDO_ABSENCE,NEG_1983,25.961875,90.681258,1,Garo Hills Block,1:2,30721.07,20403,NO
PSEUDO_ABSENCE,NEG_1984,25.113149,92.656525,5,Jaintia Hills Block,1:2,22229.43,19910,NO
PSEUDO_ABSENCE,NEG_1985,25.428452,91.558037,2,West Khasi Block,1:2,3308.11,20037,NO
PSEUDO_ABSENCE,NEG_1986,25.875363,90.789157,1,Garo Hills Block,1:2,17967.85,20403,NO
PSEUDO_ABSENCE,NEG_1987,25.793458,90.213027,1,Garo Hills Block,1:2,14120.90,20364,NO
PSEUDO_ABSENCE,NEG_1988,25.334597,90.241367,1,Garo Hills Block,1:2,9329.54,19854,NO
PSEUDO_ABSENCE,NEG_1989,25.896129,90.479080,1,Garo Hills Block,1:2,12432.17,20415,NO
PSEUDO_ABSENCE,NEG_1990,25.794796,92.677060,4,Ri-Bhoi Block,1:2,27895.01,20214,NO
PSEUDO_ABSENCE,NEG_1991,25.589994,91.447089,2,West Khasi Block,1:2,5171.51,20244,NO
PSEUDO_ABSENCE,NEG_1992,25.517916,90.793965,1,Garo Hills Block,1:2,4411.17,20183,NO
PSEUDO_ABSENCE,NEG_1993,25.533707,91.638563,3,East Khasi Block,1:2,1843.61,20165,NO
PSEUDO_ABSENCE,NEG_1994,26.084871,92.660182,4,Ri-Bhoi Block,1:2,22241.42,20534,NO
PSEUDO_ABSENCE,NEG_1995,25.951125,92.511848,4,Ri-Bhoi Block,1:2,29697.10,20481,NO
PSEUDO_ABSENCE,NEG_1996,25.525277,91.805205,3,East Khasi Block,1:2,4066.51,20570,NO
PSEUDO_ABSENCE,NEG_1997,25.986672,90.998500,1,Garo Hills Block,1:2,18166.69,20423,NO
PSEUDO_ABSENCE,NEG_1998,26.058703,91.068147,4,Ri-Bhoi Block,1:2,25342.66,20425,NO
PSEUDO_ABSENCE,NEG_1999,25.669169,91.964904,4,Ri-Bhoi Block,1:2,1023.12,20361,NO
PSEUDO_ABSENCE,NEG_2000,26.046639,90.546080,1,Garo Hills Block,1:2,30445.22,20415,NO
PSEUDO_ABSENCE,NEG_2001,25.825821,91.388488,4,Ri-Bhoi Block,1:2,8308.93,20424,NO
PSEUDO_ABSENCE,NEG_2002,25.310042,92.168651,5,Jaintia Hills Block,1:2,3854.35,19913,NO
PSEUDO_ABSENCE,NEG_2003,25.616400,91.815970,3,East Khasi Block,1:2,1799.35,20298,NO
PSEUDO_ABSENCE,NEG_2004,25.368733,91.267886,2,West Khasi Block,1:2,4086.92,19974,NO
PSEUDO_ABSENCE,NEG_2005,25.686743,91.034978,4,Ri-Bhoi Block,1:2,1786.76,20369,NO
PSEUDO_ABSENCE,NEG_2006,25.234242,92.733004,5,Jaintia Hills Block,1:2,9236.65,19910,NO
PSEUDO_ABSENCE,NEG_2007,25.572385,92.038457,5,Jaintia Hills Block,1:2,1978.38,20226,NO
PSEUDO_ABSENCE,NEG_2008,25.463931,90.883152,1,Garo Hills Block,1:2,2650.03,20063,NO
PSEUDO_ABSENCE,NEG_2009,25.459737,91.048050,2,West Khasi Block,1:2,2578.62,20057,NO
PSEUDO_ABSENCE,NEG_2010,25.607715,91.457583,2,West Khasi Block,1:2,4704.41,20244,NO
PSEUDO_ABSENCE,NEG_2011,25.556926,90.211097,1,Garo Hills Block,1:2,5218.05,20108,NO
PSEUDO_ABSENCE,NEG_2012,25.156227,92.644569,5,Jaintia Hills Block,1:2,17839.21,19910,NO
PSEUDO_ABSENCE,NEG_2013,25.673346,91.811445,4,Ri-Bhoi Block,1:2,5154.14,20311,NO
PSEUDO_ABSENCE,NEG_2014,25.453937,92.572392,5,Jaintia Hills Block,1:2,7027.08,20078,NO
PSEUDO_ABSENCE,NEG_2015,25.708965,92.145968,4,Ri-Bhoi Block,1:2,2772.32,20400,NO
PSEUDO_ABSENCE,NEG_2016,25.418047,92.728036,5,Jaintia Hills Block,1:2,11839.75,19922,NO
PSEUDO_ABSENCE,NEG_2017,25.906098,92.404543,4,Ri-Bhoi Block,1:2,23746.60,20481,NO
PSEUDO_ABSENCE,NEG_2018,25.205970,90.626438,1,Garo Hills Block,1:2,748.28,20577,NO
PSEUDO_ABSENCE,NEG_2019,25.328477,90.626273,1,Garo Hills Block,1:2,9809.88,20024,NO
PSEUDO_ABSENCE,NEG_2020,25.943841,89.897249,1,Garo Hills Block,1:2,40478.30,20254,NO
PSEUDO_ABSENCE,NEG_2021,25.102188,90.635440,1,Garo Hills Block,1:2,12017.27,20577,NO
PSEUDO_ABSENCE,NEG_2022,25.235863,90.507172,1,Garo Hills Block,1:2,12833.15,20576,NO
PSEUDO_ABSENCE,NEG_2023,25.881779,91.517536,4,Ri-Bhoi Block,1:2,6648.71,20424,NO
PSEUDO_ABSENCE,NEG_2024,25.026232,91.109434,2,West Khasi Block,1:2,19326.00,19733,NO
PSEUDO_ABSENCE,NEG_2025,25.460516,90.147533,1,Garo Hills Block,1:2,7654.65,20091,NO
PSEUDO_ABSENCE,NEG_2026,25.750233,91.941396,4,Ri-Bhoi Block,1:2,5621.12,20627,NO
PSEUDO_ABSENCE,NEG_2027,25.798565,92.021836,4,Ri-Bhoi Block,1:2,2952.86,20412,NO
PSEUDO_ABSENCE,NEG_2028,25.020057,92.709458,5,Jaintia Hills Block,1:2,19828.12,19669,NO
PSEUDO_ABSENCE,NEG_2029,25.899345,92.557144,4,Ri-Bhoi Block,1:2,32761.42,20534,NO
PSEUDO_ABSENCE,NEG_2030,25.036895,92.648269,5,Jaintia Hills Block,1:2,20369.58,19614,NO
PSEUDO_ABSENCE,NEG_2031,25.894572,92.353518,4,Ri-Bhoi Block,1:2,20286.57,20428,NO
PSEUDO_ABSENCE,NEG_2032,25.120750,92.053273,5,Jaintia Hills Block,1:2,7468.09,19720,NO
PSEUDO_ABSENCE,NEG_2033,26.056710,91.869569,4,Ri-Bhoi Block,1:2,2583.57,20479,NO
PSEUDO_ABSENCE,NEG_2034,25.636206,92.684171,5,Jaintia Hills Block,1:2,15170.62,20214,NO
PSEUDO_ABSENCE,NEG_2035,25.498372,91.627845,3,East Khasi Block,1:2,5092.03,20138,NO
PSEUDO_ABSENCE,NEG_2036,25.534445,92.645181,5,Jaintia Hills Block,1:2,10259.59,20214,NO
PSEUDO_ABSENCE,NEG_2037,25.102172,91.328415,2,West Khasi Block,1:2,11638.59,19721,NO
PSEUDO_ABSENCE,NEG_2038,25.761909,92.215315,4,Ri-Bhoi Block,1:2,8166.40,20417,NO
PSEUDO_ABSENCE,NEG_2039,25.649660,92.572199,5,Jaintia Hills Block,1:2,8994.59,20214,NO
PSEUDO_ABSENCE,NEG_2040,26.037351,89.996174,1,Garo Hills Block,1:2,44798.26,20364,NO
PSEUDO_ABSENCE,NEG_2041,25.454560,89.871550,1,Garo Hills Block,1:2,13742.35,20127,NO
PSEUDO_ABSENCE,NEG_2042,25.375770,91.437448,2,West Khasi Block,1:2,3032.33,20596,NO
PSEUDO_ABSENCE,NEG_2043,26.003659,92.381991,4,Ri-Bhoi Block,1:2,15462.72,20481,NO
PSEUDO_ABSENCE,NEG_2044,25.157700,90.083743,1,Garo Hills Block,1:2,17003.72,19854,NO
PSEUDO_ABSENCE,NEG_2045,25.656409,91.422960,4,Ri-Bhoi Block,1:2,10808.43,20244,NO
PSEUDO_ABSENCE,NEG_2046,25.307688,92.543332,5,Jaintia Hills Block,1:2,4239.52,19926,NO
PSEUDO_ABSENCE,NEG_2047,26.021556,91.027965,4,Ri-Bhoi Block,1:2,21413.74,20423,NO
PSEUDO_ABSENCE,NEG_2048,25.981527,90.971044,1,Garo Hills Block,1:2,18607.98,20423,NO
PSEUDO_ABSENCE,NEG_2049,25.815762,91.251624,4,Ri-Bhoi Block,1:2,9012.74,20425,NO
PSEUDO_ABSENCE,NEG_2050,25.152390,92.630199,5,Jaintia Hills Block,1:2,18703.85,19910,NO
PSEUDO_ABSENCE,NEG_2051,25.510424,92.040185,5,Jaintia Hills Block,1:2,3666.88,20082,NO
PSEUDO_ABSENCE,NEG_2052,25.416548,89.857587,1,Garo Hills Block,1:2,17611.12,20127,NO
PSEUDO_ABSENCE,NEG_2053,25.128573,91.313469,2,West Khasi Block,1:2,10569.96,19721,NO
PSEUDO_ABSENCE,NEG_2054,25.765162,90.820943,1,Garo Hills Block,1:2,5402.88,20403,NO
PSEUDO_ABSENCE,NEG_2055,25.771128,91.930839,4,Ri-Bhoi Block,1:2,4981.94,20409,NO
PSEUDO_ABSENCE,NEG_2056,25.780251,91.302192,4,Ri-Bhoi Block,1:2,15051.54,20394,NO
PSEUDO_ABSENCE,NEG_2057,26.008077,91.292049,4,Ri-Bhoi Block,1:2,21399.25,20425,NO
PSEUDO_ABSENCE,NEG_2058,25.506286,90.408111,1,Garo Hills Block,1:2,7091.93,20194,NO
PSEUDO_ABSENCE,NEG_2059,25.352267,89.929120,1,Garo Hills Block,1:2,13582.42,20578,NO
PSEUDO_ABSENCE,NEG_2060,25.704218,90.558034,1,Garo Hills Block,1:2,15190.04,20415,NO
PSEUDO_ABSENCE,NEG_2061,25.348488,92.150984,5,Jaintia Hills Block,1:2,4487.53,19913,NO
PSEUDO_ABSENCE,NEG_2062,25.373399,90.538697,1,Garo Hills Block,1:2,15464.99,20024,NO
PSEUDO_ABSENCE,NEG_2063,25.202582,92.163318,5,Jaintia Hills Block,1:2,1459.16,19728,NO
PSEUDO_ABSENCE,NEG_2064,25.160083,91.183949,2,West Khasi Block,1:2,5384.10,19739,NO
PSEUDO_ABSENCE,NEG_2065,25.703946,92.272698,4,Ri-Bhoi Block,1:2,11913.86,20374,NO
PSEUDO_ABSENCE,NEG_2066,25.068332,90.704144,1,Garo Hills Block,1:2,17360.06,20577,NO
PSEUDO_ABSENCE,NEG_2067,25.322545,90.245352,1,Garo Hills Block,1:2,8195.68,19854,NO
PSEUDO_ABSENCE,NEG_2068,25.332313,90.744784,1,Garo Hills Block,1:2,8135.00,20036,NO
PSEUDO_ABSENCE,NEG_2069,25.583635,91.824299,3,East Khasi Block,1:2,1286.78,20225,NO
PSEUDO_ABSENCE,NEG_2070,25.431589,91.994384,3,East Khasi Block,1:2,2670.81,20038,NO
PSEUDO_ABSENCE,NEG_2071,25.383059,90.685365,1,Garo Hills Block,1:2,1401.93,20024,NO
PSEUDO_ABSENCE,NEG_2072,25.604483,89.872335,1,Garo Hills Block,1:2,11458.30,20212,NO
PSEUDO_ABSENCE,NEG_2073,25.106172,91.074807,2,West Khasi Block,1:2,10083.99,19727,NO
PSEUDO_ABSENCE,NEG_2074,26.038346,92.000611,4,Ri-Bhoi Block,1:2,1311.37,20478,NO
PSEUDO_ABSENCE,NEG_2075,25.115177,92.381270,5,Jaintia Hills Block,1:2,775.66,19670,NO
PSEUDO_ABSENCE,NEG_2076,25.810885,91.663387,4,Ri-Bhoi Block,1:2,847.17,20652,NO
PSEUDO_ABSENCE,NEG_2077,25.905916,91.032535,4,Ri-Bhoi Block,1:2,8620.44,20423,NO
PSEUDO_ABSENCE,NEG_2078,25.259221,91.361671,2,West Khasi Block,1:2,2329.60,19870,NO
PSEUDO_ABSENCE,NEG_2079,25.612749,91.441895,2,West Khasi Block,1:2,6357.00,20244,NO
PSEUDO_ABSENCE,NEG_2080,25.630280,92.693550,5,Jaintia Hills Block,1:2,15715.81,20214,NO
PSEUDO_ABSENCE,NEG_2081,25.994425,92.470937,4,Ri-Bhoi Block,1:2,24137.98,20481,NO
PSEUDO_ABSENCE,NEG_2082,25.885530,92.677456,4,Ri-Bhoi Block,1:2,22778.37,20534,NO
PSEUDO_ABSENCE,NEG_2083,25.126374,90.608626,1,Garo Hills Block,1:2,9620.68,20577,NO
PSEUDO_ABSENCE,NEG_2084,25.554660,92.381930,5,Jaintia Hills Block,1:2,4497.68,20121,NO
PSEUDO_ABSENCE,NEG_2085,25.565579,92.081506,5,Jaintia Hills Block,1:2,2480.55,20223,NO
PSEUDO_ABSENCE,NEG_2086,25.170077,90.569862,1,Garo Hills Block,1:2,7698.97,20577,NO
PSEUDO_ABSENCE,NEG_2087,25.810318,90.302439,1,Garo Hills Block,1:2,13955.42,20415,NO
PSEUDO_ABSENCE,NEG_2088,25.399464,90.607842,1,Garo Hills Block,1:2,8353.14,20024,NO
PSEUDO_ABSENCE,NEG_2089,25.397851,91.960388,3,East Khasi Block,1:2,3048.80,20011,NO
PSEUDO_ABSENCE,NEG_2090,25.417275,91.493553,2,West Khasi Block,1:2,2937.70,20033,NO
PSEUDO_ABSENCE,NEG_2091,25.127926,92.255304,5,Jaintia Hills Block,1:2,1377.45,19676,NO
PSEUDO_ABSENCE,NEG_2092,25.419480,91.778029,3,East Khasi Block,1:2,1252.11,20039,NO
PSEUDO_ABSENCE,NEG_2093,25.803421,90.439466,1,Garo Hills Block,1:2,1493.30,20415,NO
PSEUDO_ABSENCE,NEG_2094,25.975449,91.679484,4,Ri-Bhoi Block,1:2,5641.17,20438,NO
PSEUDO_ABSENCE,NEG_2095,25.483023,90.356122,1,Garo Hills Block,1:2,7895.35,20174,NO
PSEUDO_ABSENCE,NEG_2096,26.037685,92.102958,4,Ri-Bhoi Block,1:2,7646.20,20465,NO
PSEUDO_ABSENCE,NEG_2097,25.244667,90.830018,1,Garo Hills Block,1:2,14472.40,19994,NO
PSEUDO_ABSENCE,NEG_2098,25.894448,91.921817,4,Ri-Bhoi Block,1:2,5229.79,20429,NO
PSEUDO_ABSENCE,NEG_2099,25.847047,91.145663,4,Ri-Bhoi Block,1:2,1978.45,20421,NO
PSEUDO_ABSENCE,NEG_2100,25.793794,90.978806,1,Garo Hills Block,1:2,3198.27,20419,NO
PSEUDO_ABSENCE,NEG_2101,25.248164,91.729665,3,East Khasi Block,1:2,949.70,19843,NO
PSEUDO_ABSENCE,NEG_2102,26.074095,90.747333,1,Garo Hills Block,1:2,40071.11,20420,NO
PSEUDO_ABSENCE,NEG_2103,25.517847,91.855704,3,East Khasi Block,1:2,3752.61,20116,NO
PSEUDO_ABSENCE,NEG_2104,25.604827,92.372455,5,Jaintia Hills Block,1:2,6288.27,20200,NO
PSEUDO_ABSENCE,NEG_2105,25.842682,89.977806,1,Garo Hills Block,1:3,27486.89,20254,NO
PSEUDO_ABSENCE,NEG_2106,26.098295,92.094827,4,Ri-Bhoi Block,1:3,12842.17,20478,NO
PSEUDO_ABSENCE,NEG_2107,25.953016,91.786153,4,Ri-Bhoi Block,1:3,6294.05,20444,NO
PSEUDO_ABSENCE,NEG_2108,25.944788,90.142768,1,Garo Hills Block,1:3,30781.51,20364,NO
PSEUDO_ABSENCE,NEG_2109,25.395557,92.473084,5,Jaintia Hills Block,1:3,4761.13,19995,NO
PSEUDO_ABSENCE,NEG_2110,25.237788,90.038638,1,Garo Hills Block,1:3,16142.94,20578,NO
PSEUDO_ABSENCE,NEG_2111,25.871168,92.348233,4,Ri-Bhoi Block,1:3,19514.33,20428,NO
PSEUDO_ABSENCE,NEG_2112,25.195664,92.405755,5,Jaintia Hills Block,1:3,2910.62,19729,NO
PSEUDO_ABSENCE,NEG_2113,25.761709,91.386252,4,Ri-Bhoi Block,1:3,12086.30,20424,NO
PSEUDO_ABSENCE,NEG_2114,25.916670,91.078710,4,Ri-Bhoi Block,1:3,10056.22,20423,NO
PSEUDO_ABSENCE,NEG_2115,25.229513,90.668801,1,Garo Hills Block,1:3,3139.00,19842,NO
PSEUDO_ABSENCE,NEG_2116,25.565577,91.420559,2,West Khasi Block,1:3,4836.12,20124,NO
PSEUDO_ABSENCE,NEG_2117,25.890027,92.213626,4,Ri-Bhoi Block,1:3,6612.80,20428,NO
PSEUDO_ABSENCE,NEG_2118,25.647876,92.181396,5,Jaintia Hills Block,1:3,3754.27,20373,NO
PSEUDO_ABSENCE,NEG_2119,25.227115,89.952697,1,Garo Hills Block,1:3,20305.13,20578,NO
PSEUDO_ABSENCE,NEG_2120,25.963525,90.030441,1,Garo Hills Block,1:3,35907.97,20364,NO
PSEUDO_ABSENCE,NEG_2121,25.286424,91.920723,3,East Khasi Block,1:3,1365.26,19891,NO
PSEUDO_ABSENCE,NEG_2122,25.462204,92.472758,5,Jaintia Hills Block,1:3,4544.47,20078,NO
PSEUDO_ABSENCE,NEG_2123,25.341818,89.836208,1,Garo Hills Block,1:3,22951.30,20578,NO
PSEUDO_ABSENCE,NEG_2124,25.344708,91.563129,2,West Khasi Block,1:3,3756.01,20607,NO
PSEUDO_ABSENCE,NEG_2125,25.426013,91.431362,2,West Khasi Block,1:3,2587.81,20596,NO
PSEUDO_ABSENCE,NEG_2126,25.966726,92.583079,4,Ri-Bhoi Block,1:3,28338.66,20534,NO
PSEUDO_ABSENCE,NEG_2127,25.307252,91.209528,2,West Khasi Block,1:3,2561.09,19889,NO
PSEUDO_ABSENCE,NEG_2128,25.613076,92.694793,5,Jaintia Hills Block,1:3,15133.69,20214,NO
PSEUDO_ABSENCE,NEG_2129,26.098507,90.517992,1,Garo Hills Block,1:3,35179.63,20415,NO
PSEUDO_ABSENCE,NEG_2130,25.805138,90.952995,1,Garo Hills Block,1:3,5735.22,20419,NO
PSEUDO_ABSENCE,NEG_2131,25.028757,89.828220,1,Garo Hills Block,1:3,45661.63,20578,NO
PSEUDO_ABSENCE,NEG_2132,25.517411,91.289421,2,West Khasi Block,1:3,563.32,20112,NO
PSEUDO_ABSENCE,NEG_2133,25.044375,91.895129,3,East Khasi Block,1:3,17610.86,19734,NO
PSEUDO_ABSENCE,NEG_2134,25.337524,91.507674,2,West Khasi Block,1:3,4670.57,20595,NO
PSEUDO_ABSENCE,NEG_2135,25.344993,90.309760,1,Garo Hills Block,1:3,13891.10,19854,NO
PSEUDO_ABSENCE,NEG_2136,25.459748,90.508434,1,Garo Hills Block,1:3,16179.48,20110,NO
PSEUDO_ABSENCE,NEG_2137,25.597585,90.406427,1,Garo Hills Block,1:3,5551.07,20194,NO
PSEUDO_ABSENCE,NEG_2138,25.569078,90.280004,1,Garo Hills Block,1:3,3581.54,20255,NO
PSEUDO_ABSENCE,NEG_2139,25.744653,92.099510,4,Ri-Bhoi Block,1:3,864.70,20405,NO
PSEUDO_ABSENCE,NEG_2140,25.139226,91.226797,2,West Khasi Block,1:3,6907.10,19737,NO
PSEUDO_ABSENCE,NEG_2141,25.305557,91.409255,2,West Khasi Block,1:3,4140.16,19915,NO
PSEUDO_ABSENCE,NEG_2142,25.578858,92.619281,5,Jaintia Hills Block,1:3,6876.26,20214,NO
PSEUDO_ABSENCE,NEG_2143,25.613010,91.578145,2,West Khasi Block,1:3,3921.99,20287,NO
PSEUDO_ABSENCE,NEG_2144,25.453785,92.694693,5,Jaintia Hills Block,1:3,12140.67,19996,NO
PSEUDO_ABSENCE,NEG_2145,25.859361,90.670486,1,Garo Hills Block,1:3,21994.90,20403,NO
PSEUDO_ABSENCE,NEG_2146,25.931746,91.118809,4,Ri-Bhoi Block,1:3,10432.95,20425,NO
PSEUDO_ABSENCE,NEG_2147,25.914961,92.309809,4,Ri-Bhoi Block,1:3,16586.32,20428,NO
PSEUDO_ABSENCE,NEG_2148,25.223980,91.938480,3,East Khasi Block,1:3,2524.75,19819,NO
PSEUDO_ABSENCE,NEG_2149,25.333894,90.707353,1,Garo Hills Block,1:3,6957.83,20024,NO
PSEUDO_ABSENCE,NEG_2150,25.268212,89.802763,1,Garo Hills Block,1:3,28797.21,20578,NO
PSEUDO_ABSENCE,NEG_2151,25.792456,90.322113,1,Garo Hills Block,1:3,11805.80,20415,NO
PSEUDO_ABSENCE,NEG_2152,25.132841,90.524424,1,Garo Hills Block,1:3,13844.85,20577,NO
PSEUDO_ABSENCE,NEG_2153,25.430293,91.251514,2,West Khasi Block,1:3,8402.72,19974,NO
PSEUDO_ABSENCE,NEG_2154,25.068136,92.760249,5,Jaintia Hills Block,1:3,12817.26,19669,NO
PSEUDO_ABSENCE,NEG_2155,25.793348,90.785742,1,Garo Hills Block,1:3,9296.28,20403,NO
PSEUDO_ABSENCE,NEG_2156,25.364193,91.168055,2,West Khasi Block,1:3,5834.39,19973,NO
PSEUDO_ABSENCE,NEG_2157,25.696344,90.246438,1,Garo Hills Block,1:3,7273.65,20364,NO
PSEUDO_ABSENCE,NEG_2158,25.224044,92.421275,5,Jaintia Hills Block,1:3,5177.74,20526,NO
PSEUDO_ABSENCE,NEG_2159,25.296755,90.959595,1,Garo Hills Block,1:3,1888.20,19911,NO
PSEUDO_ABSENCE,NEG_2160,25.960974,91.822601,4,Ri-Bhoi Block,1:3,2872.79,20453,NO
PSEUDO_ABSENCE,NEG_2161,25.041258,92.043710,5,Jaintia Hills Block,1:3,15054.07,19685,NO
PSEUDO_ABSENCE,NEG_2162,25.545977,92.280206,5,Jaintia Hills Block,1:3,3825.73,20230,NO
PSEUDO_ABSENCE,NEG_2163,26.051009,92.623655,4,Ri-Bhoi Block,1:3,24548.39,20534,NO
PSEUDO_ABSENCE,NEG_2164,26.002006,91.362118,4,Ri-Bhoi Block,1:3,19184.57,20448,NO
PSEUDO_ABSENCE,NEG_2165,25.408953,91.218358,2,West Khasi Block,1:3,5826.51,19974,NO
PSEUDO_ABSENCE,NEG_2166,25.765088,92.496193,4,Ri-Bhoi Block,1:3,17573.37,20271,NO
PSEUDO_ABSENCE,NEG_2167,25.243545,92.600489,5,Jaintia Hills Block,1:3,10088.86,19941,NO
PSEUDO_ABSENCE,NEG_2168,25.900395,92.785511,4,Ri-Bhoi Block,1:3,13881.59,20534,NO
PSEUDO_ABSENCE,NEG_2169,25.970672,90.653809,1,Garo Hills Block,1:3,29345.10,20415,NO
PSEUDO_ABSENCE,NEG_2170,25.134432,90.142335,1,Garo Hills Block,1:3,15184.81,19854,NO
PSEUDO_ABSENCE,NEG_2171,25.334521,91.673260,3,East Khasi Block,1:3,553.40,19938,NO
PSEUDO_ABSENCE,NEG_2172,25.888666,92.542713,4,Ri-Bhoi Block,1:3,32058.40,20271,NO
PSEUDO_ABSENCE,NEG_2173,25.693654,89.817176,1,Garo Hills Block,1:3,21342.70,20212,NO
PSEUDO_ABSENCE,NEG_2174,25.221222,90.104165,1,Garo Hills Block,1:3,11721.79,19854,NO
PSEUDO_ABSENCE,NEG_2175,25.412390,91.329121,2,West Khasi Block,1:3,3976.95,20064,NO
PSEUDO_ABSENCE,NEG_2176,25.066869,90.862858,1,Garo Hills Block,1:3,22612.81,19727,NO
PSEUDO_ABSENCE,NEG_2177,25.213514,91.773564,3,East Khasi Block,1:3,1305.04,19797,NO
PSEUDO_ABSENCE,NEG_2178,25.521414,91.310719,2,West Khasi Block,1:3,1668.07,20535,NO
PSEUDO_ABSENCE,NEG_2179,25.481907,92.715860,5,Jaintia Hills Block,1:3,15875.90,19996,NO
PSEUDO_ABSENCE,NEG_2180,25.251914,91.375826,2,West Khasi Block,1:3,1828.21,19870,NO
PSEUDO_ABSENCE,NEG_2181,25.814899,91.498375,4,Ri-Bhoi Block,1:3,3981.93,20424,NO
PSEUDO_ABSENCE,NEG_2182,26.023343,90.952803,1,Garo Hills Block,1:3,23593.98,20423,NO
PSEUDO_ABSENCE,NEG_2183,25.520770,90.069993,1,Garo Hills Block,1:3,9088.19,20127,NO
PSEUDO_ABSENCE,NEG_2184,25.677719,90.679047,1,Garo Hills Block,1:3,12713.35,20294,NO
PSEUDO_ABSENCE,NEG_2185,25.193134,91.460820,2,West Khasi Block,1:3,793.81,19725,NO
PSEUDO_ABSENCE,NEG_2186,25.594895,90.031409,1,Garo Hills Block,1:3,584.97,20254,NO
PSEUDO_ABSENCE,NEG_2187,25.774073,91.702505,4,Ri-Bhoi Block,1:3,4560.90,20649,NO
PSEUDO_ABSENCE,NEG_2188,25.224139,91.231776,2,West Khasi Block,1:3,1932.46,19751,NO
PSEUDO_ABSENCE,NEG_2189,25.797949,91.414779,4,Ri-Bhoi Block,1:3,7239.83,20424,NO
PSEUDO_ABSENCE,NEG_2190,25.447128,90.783132,1,Garo Hills Block,1:3,3950.31,20042,NO
PSEUDO_ABSENCE,NEG_2191,25.679225,92.664282,4,Ri-Bhoi Block,1:3,16527.96,20214,NO
PSEUDO_ABSENCE,NEG_2192,25.745484,90.027975,1,Garo Hills Block,1:3,16178.36,20254,NO
PSEUDO_ABSENCE,NEG_2193,25.517540,92.517014,5,Jaintia Hills Block,1:3,3759.63,20078,NO
PSEUDO_ABSENCE,NEG_2194,25.122019,92.816071,5,Jaintia Hills Block,1:3,6273.53,19669,NO
PSEUDO_ABSENCE,NEG_2195,26.044995,90.038737,1,Garo Hills Block,1:3,44028.23,20364,NO
PSEUDO_ABSENCE,NEG_2196,26.028086,90.907554,1,Garo Hills Block,1:3,26231.02,20423,NO
PSEUDO_ABSENCE,NEG_2197,25.932286,91.076069,4,Ri-Bhoi Block,1:3,11668.86,20423,NO
PSEUDO_ABSENCE,NEG_2198,25.856436,89.903057,1,Garo Hills Block,1:3,31221.27,20254,NO
PSEUDO_ABSENCE,NEG_2199,25.660608,90.369536,1,Garo Hills Block,1:3,1578.42,20336,NO
PSEUDO_ABSENCE,NEG_2200,25.393625,90.861304,1,Garo Hills Block,1:3,5171.15,19994,NO
PSEUDO_ABSENCE,NEG_2201,25.526585,90.819116,1,Garo Hills Block,1:3,2972.58,20183,NO
PSEUDO_ABSENCE,NEG_2202,25.135950,90.244168,1,Garo Hills Block,1:3,13474.33,19854,NO
PSEUDO_ABSENCE,NEG_2203,25.056113,91.234260,2,West Khasi Block,1:3,16110.72,19737,NO
PSEUDO_ABSENCE,NEG_2204,26.050804,90.152809,1,Garo Hills Block,1:3,40815.89,20415,NO
PSEUDO_ABSENCE,NEG_2205,26.041966,92.036753,4,Ri-Bhoi Block,1:3,4845.92,20478,NO
PSEUDO_ABSENCE,NEG_2206,25.708499,91.768097,4,Ri-Bhoi Block,1:3,9651.81,20648,NO
PSEUDO_ABSENCE,NEG_2207,25.912866,90.126106,1,Garo Hills Block,1:3,27539.23,20364,NO
PSEUDO_ABSENCE,NEG_2208,25.565135,91.926128,3,East Khasi Block,1:3,1168.08,20488,NO
PSEUDO_ABSENCE,NEG_2209,25.653766,92.339976,4,Ri-Bhoi Block,1:3,10093.08,20200,NO
PSEUDO_ABSENCE,NEG_2210,25.098053,91.906638,3,East Khasi Block,1:3,12243.51,19734,NO
PSEUDO_ABSENCE,NEG_2211,25.596750,90.956441,1,Garo Hills Block,1:3,6773.61,20270,NO
PSEUDO_ABSENCE,NEG_2212,25.387497,91.693540,3,East Khasi Block,1:3,3293.73,20606,NO
PSEUDO_ABSENCE,NEG_2213,25.982275,91.313337,4,Ri-Bhoi Block,1:3,20538.76,20425,NO
PSEUDO_ABSENCE,NEG_2214,25.910701,91.026577,4,Ri-Bhoi Block,1:3,9274.51,20423,NO
PSEUDO_ABSENCE,NEG_2215,25.130586,89.987592,1,Garo Hills Block,1:3,26679.90,19854,NO
PSEUDO_ABSENCE,NEG_2216,25.075441,90.959458,1,Garo Hills Block,1:3,15253.32,19727,NO
PSEUDO_ABSENCE,NEG_2217,25.822247,89.955105,1,Garo Hills Block,1:3,25826.74,20254,NO
PSEUDO_ABSENCE,NEG_2218,25.258813,90.636499,1,Garo Hills Block,1:3,2214.06,19842,NO
PSEUDO_ABSENCE,NEG_2219,25.611421,90.240771,1,Garo Hills Block,1:3,4938.73,20267,NO
PSEUDO_ABSENCE,NEG_2220,25.164657,92.678556,5,Jaintia Hills Block,1:3,16244.97,19910,NO
PSEUDO_ABSENCE,NEG_2221,25.888539,90.350997,1,Garo Hills Block,1:3,14120.73,20415,NO
PSEUDO_ABSENCE,NEG_2222,25.459093,90.884647,1,Garo Hills Block,1:3,2131.55,20063,NO
PSEUDO_ABSENCE,NEG_2223,25.874284,91.356149,4,Ri-Bhoi Block,1:3,12013.14,20424,NO
PSEUDO_ABSENCE,NEG_2224,25.158078,92.053926,5,Jaintia Hills Block,1:3,3818.55,19720,NO
PSEUDO_ABSENCE,NEG_2225,25.448639,90.601919,1,Garo Hills Block,1:3,9109.55,20110,NO
PSEUDO_ABSENCE,NEG_2226,25.425539,91.318158,2,West Khasi Block,1:3,3529.36,20064,NO
PSEUDO_ABSENCE,NEG_2227,25.390565,90.537813,1,Garo Hills Block,1:3,15377.67,20024,NO
PSEUDO_ABSENCE,NEG_2228,25.450382,89.858477,1,Garo Hills Block,1:3,15071.63,20127,NO
PSEUDO_ABSENCE,NEG_2229,25.854298,90.321382,1,Garo Hills Block,1:3,13859.25,20415,NO
PSEUDO_ABSENCE,NEG_2230,25.067417,91.793781,3,East Khasi Block,1:3,13832.10,19722,NO
PSEUDO_ABSENCE,NEG_2231,25.855851,92.282179,4,Ri-Bhoi Block,1:3,12943.85,20428,NO
PSEUDO_ABSENCE,NEG_2232,25.552990,90.426373,1,Garo Hills Block,1:3,5708.56,20194,NO
PSEUDO_ABSENCE,NEG_2233,25.816206,91.934125,4,Ri-Bhoi Block,1:3,5947.50,20496,NO
PSEUDO_ABSENCE,NEG_2234,25.285972,92.555394,5,Jaintia Hills Block,1:3,6338.78,19941,NO
PSEUDO_ABSENCE,NEG_2235,25.132721,92.797199,5,Jaintia Hills Block,1:3,8386.00,19669,NO
PSEUDO_ABSENCE,NEG_2236,25.949068,91.898091,4,Ri-Bhoi Block,1:3,2624.81,20442,NO
PSEUDO_ABSENCE,NEG_2237,26.033850,92.003049,4,Ri-Bhoi Block,1:3,1366.03,20478,NO
PSEUDO_ABSENCE,NEG_2238,25.225694,91.148576,2,West Khasi Block,1:3,3021.77,19841,NO
PSEUDO_ABSENCE,NEG_2239,25.097223,90.988455,1,Garo Hills Block,1:3,11704.47,19727,NO
PSEUDO_ABSENCE,NEG_2240,25.820931,90.978652,1,Garo Hills Block,1:3,3906.91,20419,NO
PSEUDO_ABSENCE,NEG_2241,25.376718,91.615835,3,East Khasi Block,1:3,3584.90,20575,NO
PSEUDO_ABSENCE,NEG_2242,25.961981,89.945129,1,Garo Hills Block,1:3,40085.03,20364,NO
PSEUDO_ABSENCE,NEG_2243,25.436308,90.282634,1,Garo Hills Block,1:3,9470.71,20093,NO
PSEUDO_ABSENCE,NEG_2244,25.770983,90.122460,1,Garo Hills Block,1:3,12621.90,20364,NO
PSEUDO_ABSENCE,NEG_2245,25.737992,90.672852,1,Garo Hills Block,1:3,15182.08,20403,NO
PSEUDO_ABSENCE,NEG_2246,25.234830,92.655875,5,Jaintia Hills Block,1:3,9245.70,19910,NO
PSEUDO_ABSENCE,NEG_2247,25.040007,91.135221,2,West Khasi Block,1:3,17560.22,19733,NO
PSEUDO_ABSENCE,NEG_2248,25.043357,91.274959,2,West Khasi Block,1:3,18007.60,19737,NO
PSEUDO_ABSENCE,NEG_2249,25.561131,90.781071,1,Garo Hills Block,1:3,2761.05,20203,NO
PSEUDO_ABSENCE,NEG_2250,25.162735,90.947982,1,Garo Hills Block,1:3,9836.42,19727,NO
PSEUDO_ABSENCE,NEG_2251,25.746044,92.186307,4,Ri-Bhoi Block,1:3,6909.64,20406,NO
PSEUDO_ABSENCE,NEG_2252,25.593211,91.598995,2,West Khasi Block,1:3,3425.09,20287,NO
PSEUDO_ABSENCE,NEG_2253,25.236666,90.676358,1,Garo Hills Block,1:3,3722.93,19842,NO
PSEUDO_ABSENCE,NEG_2254,25.194847,90.560351,1,Garo Hills Block,1:3,7428.43,20577,NO
PSEUDO_ABSENCE,NEG_2255,25.627704,92.682090,5,Jaintia Hills Block,1:3,14554.27,20214,NO
PSEUDO_ABSENCE,NEG_2256,25.231216,91.757111,3,East Khasi Block,1:3,564.47,19809,NO
PSEUDO_ABSENCE,NEG_2257,25.902640,91.508736,4,Ri-Bhoi Block,1:3,6241.71,20446,NO
PSEUDO_ABSENCE,NEG_2258,25.295404,90.600778,1,Garo Hills Block,1:3,7371.49,19842,NO
PSEUDO_ABSENCE,NEG_2259,25.062393,90.731605,1,Garo Hills Block,1:3,19243.94,20577,NO
PSEUDO_ABSENCE,NEG_2260,25.824172,89.944929,1,Garo Hills Block,1:3,26343.57,20254,NO
PSEUDO_ABSENCE,NEG_2261,25.256839,91.954009,3,East Khasi Block,1:3,3251.60,19819,NO
PSEUDO_ABSENCE,NEG_2262,25.865264,91.188721,4,Ri-Bhoi Block,1:3,2527.82,20425,NO
PSEUDO_ABSENCE,NEG_2263,25.773920,90.983254,1,Garo Hills Block,1:3,3947.24,20419,NO
PSEUDO_ABSENCE,NEG_2264,25.192706,91.014356,2,West Khasi Block,1:3,2631.58,19727,NO
PSEUDO_ABSENCE,NEG_2265,25.646365,92.691563,5,Jaintia Hills Block,1:3,16373.54,20214,NO
PSEUDO_ABSENCE,NEG_2266,25.094251,91.347552,2,West Khasi Block,1:3,11406.34,19721,NO
PSEUDO_ABSENCE,NEG_2267,25.375233,91.350351,2,West Khasi Block,1:3,6917.14,19916,NO
PSEUDO_ABSENCE,NEG_2268,25.045893,90.754727,1,Garo Hills Block,1:3,22046.13,20577,NO
PSEUDO_ABSENCE,NEG_2269,25.905458,91.489522,4,Ri-Bhoi Block,1:3,7428.53,20446,NO
PSEUDO_ABSENCE,NEG_2270,25.506629,90.670851,1,Garo Hills Block,1:3,927.51,20103,NO
PSEUDO_ABSENCE,NEG_2271,25.341886,90.968459,1,Garo Hills Block,1:3,3397.87,19911,NO
PSEUDO_ABSENCE,NEG_2272,25.922416,92.750000,4,Ri-Bhoi Block,1:3,14509.24,20534,NO
PSEUDO_ABSENCE,NEG_2273,25.493748,90.999726,1,Garo Hills Block,1:3,8163.18,20056,NO
PSEUDO_ABSENCE,NEG_2274,25.934275,91.102061,4,Ri-Bhoi Block,1:3,11575.93,20425,NO
PSEUDO_ABSENCE,NEG_2275,25.616180,90.504372,1,Garo Hills Block,1:3,13023.25,20336,NO
PSEUDO_ABSENCE,NEG_2276,25.822983,91.422564,4,Ri-Bhoi Block,1:3,5110.78,20424,NO
PSEUDO_ABSENCE,NEG_2277,25.893757,92.181235,4,Ri-Bhoi Block,1:3,4185.30,20428,NO
PSEUDO_ABSENCE,NEG_2278,25.252205,91.982688,3,East Khasi Block,1:3,3273.10,19819,NO
PSEUDO_ABSENCE,NEG_2279,25.884059,90.855627,1,Garo Hills Block,1:3,18056.43,20419,NO
PSEUDO_ABSENCE,NEG_2280,25.206418,89.808028,1,Garo Hills Block,1:3,31984.65,20578,NO
PSEUDO_ABSENCE,NEG_2281,25.506976,90.874920,1,Garo Hills Block,1:3,7192.00,20195,NO
PSEUDO_ABSENCE,NEG_2282,25.619303,90.373525,1,Garo Hills Block,1:3,3474.52,20336,NO
PSEUDO_ABSENCE,NEG_2283,25.948439,90.586153,1,Garo Hills Block,1:3,22895.65,20415,NO
PSEUDO_ABSENCE,NEG_2284,25.264544,91.266178,2,West Khasi Block,1:3,4983.29,19889,NO
PSEUDO_ABSENCE,NEG_2285,25.558759,90.456010,1,Garo Hills Block,1:3,8629.04,20194,NO
PSEUDO_ABSENCE,NEG_2286,25.313610,90.317601,1,Garo Hills Block,1:3,12262.18,19854,NO
PSEUDO_ABSENCE,NEG_2287,25.795937,92.148772,4,Ri-Bhoi Block,1:3,537.60,20417,NO
PSEUDO_ABSENCE,NEG_2288,25.519315,91.977965,3,East Khasi Block,1:3,2010.78,20134,NO
PSEUDO_ABSENCE,NEG_2289,25.814810,90.221740,1,Garo Hills Block,1:3,16636.01,20364,NO
PSEUDO_ABSENCE,NEG_2290,26.063472,92.304147,4,Ri-Bhoi Block,1:3,6313.63,20481,NO
PSEUDO_ABSENCE,NEG_2291,25.240842,90.367803,1,Garo Hills Block,1:3,15453.36,19854,NO
PSEUDO_ABSENCE,NEG_2292,25.155714,90.222055,1,Garo Hills Block,1:3,10973.93,19854,NO
PSEUDO_ABSENCE,NEG_2293,25.828015,91.232445,4,Ri-Bhoi Block,1:3,6710.49,20425,NO
PSEUDO_ABSENCE,NEG_2294,25.865569,92.076077,4,Ri-Bhoi Block,1:3,5859.35,20430,NO
PSEUDO_ABSENCE,NEG_2295,25.039824,90.750922,1,Garo Hills Block,1:3,22402.09,20577,NO
PSEUDO_ABSENCE,NEG_2296,25.708848,89.828502,1,Garo Hills Block,1:3,21618.26,20232,NO
PSEUDO_ABSENCE,NEG_2297,25.758747,90.609378,1,Garo Hills Block,1:3,17312.62,20415,NO
PSEUDO_ABSENCE,NEG_2298,25.763000,92.216993,4,Ri-Bhoi Block,1:3,8259.10,20417,NO
PSEUDO_ABSENCE,NEG_2299,25.351338,89.909914,1,Garo Hills Block,1:3,15484.69,20578,NO
PSEUDO_ABSENCE,NEG_2300,26.027401,90.852799,1,Garo Hills Block,1:3,29393.81,20420,NO
PSEUDO_ABSENCE,NEG_2301,25.135000,91.300163,2,West Khasi Block,1:3,9909.35,19737,NO
PSEUDO_ABSENCE,NEG_2302,25.849945,90.476024,1,Garo Hills Block,1:3,7578.37,20415,NO
PSEUDO_ABSENCE,NEG_2303,25.311049,90.540281,1,Garo Hills Block,1:3,12784.80,19842,NO
PSEUDO_ABSENCE,NEG_2304,26.091007,90.402081,1,Garo Hills Block,1:3,33684.53,20415,NO
PSEUDO_ABSENCE,NEG_2305,25.641562,92.622057,5,Jaintia Hills Block,1:3,10579.72,20214,NO
PSEUDO_ABSENCE,NEG_2306,25.178648,92.761105,5,Jaintia Hills Block,1:3,13816.94,19669,NO
PSEUDO_ABSENCE,NEG_2307,26.043275,92.497945,4,Ri-Bhoi Block,1:3,25743.57,20481,NO
PSEUDO_ABSENCE,NEG_2308,25.251721,91.733868,3,East Khasi Block,1:3,1007.51,19848,NO
PSEUDO_ABSENCE,NEG_2309,25.841763,92.807385,4,Ri-Bhoi Block,1:3,18854.68,20534,NO
PSEUDO_ABSENCE,NEG_2310,25.214858,92.136379,5,Jaintia Hills Block,1:3,3213.90,19728,NO
PSEUDO_ABSENCE,NEG_2311,25.385905,90.335661,1,Garo Hills Block,1:3,17199.70,20093,NO
PSEUDO_ABSENCE,NEG_2312,25.475087,92.221200,5,Jaintia Hills Block,1:3,3577.46,20487,NO
PSEUDO_ABSENCE,NEG_2313,25.522038,91.439445,2,West Khasi Block,1:3,894.55,20115,NO
PSEUDO_ABSENCE,NEG_2314,26.094772,91.017283,4,Ri-Bhoi Block,1:3,29622.43,20423,NO
PSEUDO_ABSENCE,NEG_2315,25.684633,90.913995,1,Garo Hills Block,1:3,9828.44,20403,NO
PSEUDO_ABSENCE,NEG_2316,25.444208,91.921704,3,East Khasi Block,1:3,5756.30,20052,NO
PSEUDO_ABSENCE,NEG_2317,26.032918,91.454195,4,Ri-Bhoi Block,1:3,11767.92,20472,NO
PSEUDO_ABSENCE,NEG_2318,25.849872,90.072080,1,Garo Hills Block,1:3,22734.08,20364,NO
PSEUDO_ABSENCE,NEG_2319,25.248051,91.331502,2,West Khasi Block,1:3,3765.99,19881,NO
PSEUDO_ABSENCE,NEG_2320,25.041613,90.571208,1,Garo Hills Block,1:3,19728.46,20577,NO
PSEUDO_ABSENCE,NEG_2321,25.578793,89.845632,1,Garo Hills Block,1:3,13507.65,20655,NO
PSEUDO_ABSENCE,NEG_2322,25.305710,91.367794,2,West Khasi Block,1:3,2610.00,20622,NO
PSEUDO_ABSENCE,NEG_2323,25.639001,92.623543,5,Jaintia Hills Block,1:3,10472.88,20214,NO
PSEUDO_ABSENCE,NEG_2324,25.716973,91.064944,4,Ri-Bhoi Block,1:3,2178.04,20397,NO
PSEUDO_ABSENCE,NEG_2325,26.024779,92.193893,4,Ri-Bhoi Block,1:3,5679.86,20480,NO
PSEUDO_ABSENCE,NEG_2326,25.236010,90.199069,1,Garo Hills Block,1:3,2570.77,19854,NO
PSEUDO_ABSENCE,NEG_2327,25.749877,91.507644,4,Ri-Bhoi Block,1:3,6559.66,20654,NO
PSEUDO_ABSENCE,NEG_2328,25.872848,92.053355,4,Ri-Bhoi Block,1:3,3508.69,20430,NO
PSEUDO_ABSENCE,NEG_2329,25.695228,92.808466,4,Ri-Bhoi Block,1:3,29250.46,20214,NO
PSEUDO_ABSENCE,NEG_2330,25.596277,90.144973,1,Garo Hills Block,1:3,8918.05,20364,NO
PSEUDO_ABSENCE,NEG_2331,25.914535,90.568153,1,Garo Hills Block,1:3,18873.49,20415,NO
PSEUDO_ABSENCE,NEG_2332,25.859486,92.719177,4,Ri-Bhoi Block,1:3,21574.10,20534,NO
PSEUDO_ABSENCE,NEG_2333,25.772539,91.617892,4,Ri-Bhoi Block,1:3,3869.81,20650,NO
PSEUDO_ABSENCE,NEG_2334,25.517217,90.911450,1,Garo Hills Block,1:3,9085.47,20063,NO
PSEUDO_ABSENCE,NEG_2335,25.401245,91.740937,3,East Khasi Block,1:3,2602.72,20013,NO
PSEUDO_ABSENCE,NEG_2336,25.831375,91.869477,4,Ri-Bhoi Block,1:3,2544.40,20496,NO
PSEUDO_ABSENCE,NEG_2337,25.234283,91.306661,2,West Khasi Block,1:3,6459.95,19881,NO
PSEUDO_ABSENCE,NEG_2338,25.874971,91.250897,4,Ri-Bhoi Block,1:3,8557.40,20425,NO
PSEUDO_ABSENCE,NEG_2339,25.599553,92.151965,5,Jaintia Hills Block,1:3,6050.90,20210,NO
PSEUDO_ABSENCE,NEG_2340,25.734167,91.048502,4,Ri-Bhoi Block,1:3,3940.25,20397,NO
PSEUDO_ABSENCE,NEG_2341,25.987046,90.295830,1,Garo Hills Block,1:3,26231.09,20415,NO
PSEUDO_ABSENCE,NEG_2342,26.095158,90.162500,1,Garo Hills Block,1:3,43832.51,20415,NO
PSEUDO_ABSENCE,NEG_2343,25.036146,92.514558,5,Jaintia Hills Block,1:3,6911.97,19614,NO
PSEUDO_ABSENCE,NEG_2344,25.284550,92.025584,5,Jaintia Hills Block,1:3,6512.02,19945,NO
PSEUDO_ABSENCE,NEG_2345,25.895897,92.419908,4,Ri-Bhoi Block,1:3,25629.30,20481,NO
PSEUDO_ABSENCE,NEG_2346,26.090922,90.696821,1,Garo Hills Block,1:3,42179.37,20415,NO
PSEUDO_ABSENCE,NEG_2347,25.787063,90.151970,1,Garo Hills Block,1:3,13316.20,20364,NO
PSEUDO_ABSENCE,NEG_2348,25.459354,92.386314,5,Jaintia Hills Block,1:3,8109.87,20121,NO
PSEUDO_ABSENCE,NEG_2349,25.417071,91.602841,3,East Khasi Block,1:3,3561.84,20583,NO
PSEUDO_ABSENCE,NEG_2350,25.564075,91.770152,3,East Khasi Block,1:3,2024.94,20236,NO
PSEUDO_ABSENCE,NEG_2351,26.070726,89.969993,1,Garo Hills Block,1:3,49264.16,20364,NO
PSEUDO_ABSENCE,NEG_2352,25.639878,92.432238,5,Jaintia Hills Block,1:3,3736.45,20271,NO
PSEUDO_ABSENCE,NEG_2353,25.539893,90.039508,1,Garo Hills Block,1:3,6071.15,20127,NO
PSEUDO_ABSENCE,NEG_2354,25.625383,90.812825,1,Garo Hills Block,1:3,1239.19,20309,NO
PSEUDO_ABSENCE,NEG_2355,25.187337,92.389555,5,Jaintia Hills Block,1:3,1379.47,19729,NO
PSEUDO_ABSENCE,NEG_2356,25.583327,92.646493,5,Jaintia Hills Block,1:3,9647.57,20214,NO
PSEUDO_ABSENCE,NEG_2357,25.890498,91.913564,4,Ri-Bhoi Block,1:3,4309.79,20429,NO
PSEUDO_ABSENCE,NEG_2358,25.025428,91.104862,2,West Khasi Block,1:3,19491.52,19733,NO
PSEUDO_ABSENCE,NEG_2359,25.233285,92.577934,5,Jaintia Hills Block,1:3,11235.37,19941,NO
PSEUDO_ABSENCE,NEG_2360,25.208551,90.672483,1,Garo Hills Block,1:3,4056.63,20577,NO
PSEUDO_ABSENCE,NEG_2361,25.578184,90.603259,1,Garo Hills Block,1:3,9165.27,20110,NO
PSEUDO_ABSENCE,NEG_2362,25.246654,91.627253,3,East Khasi Block,1:3,2999.30,19787,NO
PSEUDO_ABSENCE,NEG_2363,25.116044,89.977412,1,Garo Hills Block,1:3,28404.98,19854,NO
PSEUDO_ABSENCE,NEG_2364,25.422025,91.998027,3,East Khasi Block,1:3,1571.13,20038,NO
PSEUDO_ABSENCE,NEG_2365,25.619191,91.089773,2,West Khasi Block,1:3,4687.28,20331,NO
PSEUDO_ABSENCE,NEG_2366,25.631012,90.914627,1,Garo Hills Block,1:3,10723.66,20309,NO
PSEUDO_ABSENCE,NEG_2367,26.031038,89.967460,1,Garo Hills Block,1:3,45431.43,20364,NO
PSEUDO_ABSENCE,NEG_2368,25.747263,92.518412,4,Ri-Bhoi Block,1:3,16416.73,20271,NO
PSEUDO_ABSENCE,NEG_2369,25.888195,90.361325,1,Garo Hills Block,1:3,13461.57,20415,NO
PSEUDO_ABSENCE,NEG_2370,25.339600,91.986996,3,East Khasi Block,1:3,1865.07,19962,NO
PSEUDO_ABSENCE,NEG_2371,25.111012,92.276178,5,Jaintia Hills Block,1:3,3565.11,19676,NO
PSEUDO_ABSENCE,NEG_2372,25.796420,92.025300,4,Ri-Bhoi Block,1:3,2571.70,20412,NO
PSEUDO_ABSENCE,NEG_2373,25.128261,91.989170,3,East Khasi Block,1:3,7133.62,19726,NO
PSEUDO_ABSENCE,NEG_2374,25.754204,92.334314,4,Ri-Bhoi Block,1:3,19684.71,20417,NO
PSEUDO_ABSENCE,NEG_2375,25.064924,89.870488,1,Garo Hills Block,1:3,40061.44,20578,NO
PSEUDO_ABSENCE,NEG_2376,25.422848,90.253804,1,Garo Hills Block,1:3,9225.79,20093,NO
PSEUDO_ABSENCE,NEG_2377,25.623055,92.597914,5,Jaintia Hills Block,1:3,7441.36,20214,NO
PSEUDO_ABSENCE,NEG_2378,25.442798,92.377099,5,Jaintia Hills Block,1:3,9166.48,20043,NO
PSEUDO_ABSENCE,NEG_2379,25.020260,90.313970,1,Garo Hills Block,1:3,27859.50,19854,NO
PSEUDO_ABSENCE,NEG_2380,25.052857,90.800849,1,Garo Hills Block,1:3,24380.71,20577,NO
PSEUDO_ABSENCE,NEG_2381,26.000845,90.095704,1,Garo Hills Block,1:3,37743.22,20364,NO
PSEUDO_ABSENCE,NEG_2382,26.033546,90.173683,1,Garo Hills Block,1:3,37985.01,20415,NO
PSEUDO_ABSENCE,NEG_2383,25.248990,89.890103,1,Garo Hills Block,1:3,22590.83,20578,NO
PSEUDO_ABSENCE,NEG_2384,25.488650,90.647390,1,Garo Hills Block,1:3,2892.57,20110,NO
PSEUDO_ABSENCE,NEG_2385,25.959498,91.645069,4,Ri-Bhoi Block,1:3,7434.28,20438,NO
PSEUDO_ABSENCE,NEG_2386,25.683218,91.422328,4,Ri-Bhoi Block,1:3,13137.78,20244,NO
PSEUDO_ABSENCE,NEG_2387,25.119198,91.157307,2,West Khasi Block,1:3,8929.64,19733,NO
PSEUDO_ABSENCE,NEG_2388,26.099466,92.347449,4,Ri-Bhoi Block,1:3,11459.53,20481,NO
PSEUDO_ABSENCE,NEG_2389,25.984936,92.310840,4,Ri-Bhoi Block,1:3,10965.24,20481,NO
PSEUDO_ABSENCE,NEG_2390,25.131285,90.493717,1,Garo Hills Block,1:3,16470.42,20577,NO
PSEUDO_ABSENCE,NEG_2391,25.023371,90.725706,1,Garo Hills Block,1:3,22810.15,20577,NO
PSEUDO_ABSENCE,NEG_2392,25.137296,91.242020,2,West Khasi Block,1:3,7129.40,19737,NO
PSEUDO_ABSENCE,NEG_2393,25.751298,92.467241,4,Ri-Bhoi Block,1:3,15563.11,20271,NO
PSEUDO_ABSENCE,NEG_2394,25.829155,92.662686,4,Ri-Bhoi Block,1:3,27930.54,20534,NO
PSEUDO_ABSENCE,NEG_2395,25.078210,89.837148,1,Garo Hills Block,1:3,40525.78,20578,NO
PSEUDO_ABSENCE,NEG_2396,25.734245,90.682525,1,Garo Hills Block,1:3,14162.39,20403,NO
PSEUDO_ABSENCE,NEG_2397,25.293781,90.809206,1,Garo Hills Block,1:3,8944.39,19994,NO
PSEUDO_ABSENCE,NEG_2398,25.311380,91.359881,2,West Khasi Block,1:3,2663.28,19916,NO
PSEUDO_ABSENCE,NEG_2399,25.495360,91.362907,2,West Khasi Block,1:3,4925.39,20124,NO
PSEUDO_ABSENCE,NEG_2400,25.746531,90.980748,1,Garo Hills Block,1:3,6229.98,20414,NO
PSEUDO_ABSENCE,NEG_2401,25.291412,90.306912,1,Garo Hills Block,1:3,10139.24,19854,NO
PSEUDO_ABSENCE,NEG_2402,25.397432,92.062510,5,Jaintia Hills Block,1:3,4708.85,20032,NO
PSEUDO_ABSENCE,NEG_2403,25.837241,91.834061,4,Ri-Bhoi Block,1:3,5018.02,20426,NO
PSEUDO_ABSENCE,NEG_2404,25.272750,91.593663,2,West Khasi Block,1:3,882.31,19866,NO
PSEUDO_ABSENCE,NEG_2405,25.636345,91.277012,2,West Khasi Block,1:3,4054.42,20282,NO
PSEUDO_ABSENCE,NEG_2406,25.613977,91.299961,2,West Khasi Block,1:3,1001.45,20282,NO
PSEUDO_ABSENCE,NEG_2407,25.630693,91.982293,3,East Khasi Block,1:3,4262.22,20361,NO
PSEUDO_ABSENCE,NEG_2408,25.138398,92.086359,5,Jaintia Hills Block,1:3,5614.23,19685,NO
PSEUDO_ABSENCE,NEG_2409,25.166757,90.003215,1,Garo Hills Block,1:3,23406.80,19854,NO
PSEUDO_ABSENCE,NEG_2410,26.074166,92.718825,4,Ri-Bhoi Block,1:3,16455.85,20534,NO
PSEUDO_ABSENCE,NEG_2411,25.085271,91.151923,2,West Khasi Block,1:3,12583.36,19733,NO
PSEUDO_ABSENCE,NEG_2412,25.221145,91.280302,2,West Khasi Block,1:3,5168.73,19737,NO
PSEUDO_ABSENCE,NEG_2413,25.916591,92.699366,4,Ri-Bhoi Block,1:3,19059.37,20534,NO
PSEUDO_ABSENCE,NEG_2414,25.704993,90.879412,1,Garo Hills Block,1:3,5842.08,20403,NO
PSEUDO_ABSENCE,NEG_2415,25.671592,90.751604,1,Garo Hills Block,1:3,6543.00,20294,NO
PSEUDO_ABSENCE,NEG_2416,26.002610,92.454721,4,Ri-Bhoi Block,1:3,22319.01,20481,NO
PSEUDO_ABSENCE,NEG_2417,25.336861,89.901925,1,Garo Hills Block,1:3,16677.84,20578,NO
PSEUDO_ABSENCE,NEG_2418,25.901087,91.173669,4,Ri-Bhoi Block,1:3,5692.46,20425,NO
PSEUDO_ABSENCE,NEG_2419,25.371144,91.236887,2,West Khasi Block,1:3,1706.71,19974,NO
PSEUDO_ABSENCE,NEG_2420,25.904237,90.180073,1,Garo Hills Block,1:3,26045.97,20364,NO
PSEUDO_ABSENCE,NEG_2421,25.946268,92.537402,4,Ri-Bhoi Block,1:3,32252.33,20481,NO
PSEUDO_ABSENCE,NEG_2422,26.042445,91.012338,4,Ri-Bhoi Block,1:3,23921.12,20423,NO
PSEUDO_ABSENCE,NEG_2423,25.254512,90.939604,1,Garo Hills Block,1:3,6985.12,19911,NO
PSEUDO_ABSENCE,NEG_2424,25.379545,90.337269,1,Garo Hills Block,1:3,17834.17,20093,NO
PSEUDO_ABSENCE,NEG_2425,25.675848,91.253704,4,Ri-Bhoi Block,1:3,7516.74,20367,NO
PSEUDO_ABSENCE,NEG_2426,25.954957,89.897934,1,Garo Hills Block,1:3,41625.73,20254,NO
PSEUDO_ABSENCE,NEG_2427,25.715377,92.126994,4,Ri-Bhoi Block,1:3,1498.54,20400,NO
PSEUDO_ABSENCE,NEG_2428,25.840245,92.502526,4,Ri-Bhoi Block,1:3,25868.90,20271,NO
PSEUDO_ABSENCE,NEG_2429,25.807356,92.629821,4,Ri-Bhoi Block,1:3,27434.67,20214,NO
PSEUDO_ABSENCE,NEG_2430,25.379269,91.334789,2,West Khasi Block,1:3,7160.61,19916,NO
PSEUDO_ABSENCE,NEG_2431,25.035206,89.821221,1,Garo Hills Block,1:3,45415.60,20578,NO
PSEUDO_ABSENCE,NEG_2432,25.279337,90.107462,1,Garo Hills Block,1:3,11155.74,19854,NO
PSEUDO_ABSENCE,NEG_2433,25.301028,90.339982,1,Garo Hills Block,1:3,13616.18,19854,NO
PSEUDO_ABSENCE,NEG_2434,25.050802,92.573378,5,Jaintia Hills Block,1:3,12870.96,19614,NO
PSEUDO_ABSENCE,NEG_2435,25.028881,92.045051,5,Jaintia Hills Block,1:3,16035.34,19685,NO
PSEUDO_ABSENCE,NEG_2436,25.184320,92.582300,5,Jaintia Hills Block,1:3,16633.76,19941,NO
PSEUDO_ABSENCE,NEG_2437,25.984220,91.794398,4,Ri-Bhoi Block,1:3,5704.94,20473,NO
PSEUDO_ABSENCE,NEG_2438,25.746013,89.816284,1,Garo Hills Block,1:3,25375.26,20232,NO
PSEUDO_ABSENCE,NEG_2439,26.083661,92.477389,4,Ri-Bhoi Block,1:3,23744.54,20481,NO
PSEUDO_ABSENCE,NEG_2440,25.986715,91.810696,4,Ri-Bhoi Block,1:3,4516.94,20473,NO
PSEUDO_ABSENCE,NEG_2441,25.392370,92.525628,5,Jaintia Hills Block,1:3,3027.19,19991,NO
PSEUDO_ABSENCE,NEG_2442,25.334838,91.516270,2,West Khasi Block,1:3,5362.64,19890,NO
PSEUDO_ABSENCE,NEG_2443,25.127709,92.611965,5,Jaintia Hills Block,1:3,19312.37,19614,NO
PSEUDO_ABSENCE,NEG_2444,25.172032,90.485935,1,Garo Hills Block,1:3,15317.80,20577,NO
PSEUDO_ABSENCE,NEG_2445,25.622785,92.130484,5,Jaintia Hills Block,1:3,6313.14,20373,NO
PSEUDO_ABSENCE,NEG_2446,25.688899,90.508008,1,Garo Hills Block,1:3,13144.64,20415,NO
PSEUDO_ABSENCE,NEG_2447,25.021018,92.109309,5,Jaintia Hills Block,1:3,13994.86,19685,NO
PSEUDO_ABSENCE,NEG_2448,26.084024,92.270235,4,Ri-Bhoi Block,1:3,3883.38,20481,NO
PSEUDO_ABSENCE,NEG_2449,25.517023,92.556490,5,Jaintia Hills Block,1:3,5852.20,20078,NO
PSEUDO_ABSENCE,NEG_2450,25.462635,91.401049,2,West Khasi Block,1:3,4203.58,20047,NO
PSEUDO_ABSENCE,NEG_2451,25.535300,91.165253,2,West Khasi Block,1:3,4038.34,20130,NO
PSEUDO_ABSENCE,NEG_2452,25.857206,91.406645,4,Ri-Bhoi Block,1:3,6622.31,20424,NO
PSEUDO_ABSENCE,NEG_2453,25.362054,90.587382,1,Garo Hills Block,1:3,11007.09,20024,NO
PSEUDO_ABSENCE,NEG_2454,25.060767,91.578745,2,West Khasi Block,1:3,12091.89,19706,NO
PSEUDO_ABSENCE,NEG_2455,25.268358,90.251808,1,Garo Hills Block,1:3,4035.74,19854,NO
PSEUDO_ABSENCE,NEG_2456,25.726136,91.877688,4,Ri-Bhoi Block,1:3,2195.49,20402,NO
PSEUDO_ABSENCE,NEG_2457,25.832327,91.335910,4,Ri-Bhoi Block,1:3,13446.86,20424,NO
PSEUDO_ABSENCE,NEG_2458,25.985579,92.655845,4,Ri-Bhoi Block,1:3,20861.96,20534,NO
PSEUDO_ABSENCE,NEG_2459,25.891961,91.738560,4,Ri-Bhoi Block,1:3,5350.63,20437,NO
PSEUDO_ABSENCE,NEG_2460,25.348019,92.797982,5,Jaintia Hills Block,1:3,11158.36,19910,NO
PSEUDO_ABSENCE,NEG_2461,25.316067,90.418104,1,Garo Hills Block,1:3,21561.74,19854,NO
PSEUDO_ABSENCE,NEG_2462,25.497526,89.973364,1,Garo Hills Block,1:3,3671.84,20127,NO
PSEUDO_ABSENCE,NEG_2463,26.076774,91.594722,4,Ri-Bhoi Block,1:3,7641.53,20472,NO
PSEUDO_ABSENCE,NEG_2464,25.621508,91.800179,3,East Khasi Block,1:3,3020.00,20298,NO
PSEUDO_ABSENCE,NEG_2465,25.556786,89.897794,1,Garo Hills Block,1:3,8301.86,20655,NO
PSEUDO_ABSENCE,NEG_2466,25.681296,91.984330,4,Ri-Bhoi Block,1:3,1700.91,20361,NO
PSEUDO_ABSENCE,NEG_2467,25.470089,92.109751,5,Jaintia Hills Block,1:3,2592.69,20068,NO
PSEUDO_ABSENCE,NEG_2468,25.265161,90.474894,1,Garo Hills Block,1:3,16800.43,19842,NO
PSEUDO_ABSENCE,NEG_2469,25.194330,90.934584,1,Garo Hills Block,1:3,10658.94,19727,NO
PSEUDO_ABSENCE,NEG_2470,25.934773,92.325132,4,Ri-Bhoi Block,1:3,16361.70,20481,NO
PSEUDO_ABSENCE,NEG_2471,25.433450,91.596812,2,West Khasi Block,1:3,1644.33,20583,NO
PSEUDO_ABSENCE,NEG_2472,25.798482,90.535681,1,Garo Hills Block,1:3,9625.49,20415,NO
PSEUDO_ABSENCE,NEG_2473,25.201592,92.764893,5,Jaintia Hills Block,1:3,13938.36,19910,NO
PSEUDO_ABSENCE,NEG_2474,25.686962,92.793318,4,Ri-Bhoi Block,1:3,27478.70,20214,NO
PSEUDO_ABSENCE,NEG_2475,25.384776,91.944247,3,East Khasi Block,1:3,4029.18,19988,NO
PSEUDO_ABSENCE,NEG_2476,25.260412,90.596661,1,Garo Hills Block,1:3,4912.89,19842,NO
PSEUDO_ABSENCE,NEG_2477,25.572854,90.774835,1,Garo Hills Block,1:3,3438.74,20203,NO
PSEUDO_ABSENCE,NEG_2478,25.201031,90.601786,1,Garo Hills Block,1:3,3226.31,20577,NO
PSEUDO_ABSENCE,NEG_2479,25.058608,91.948492,3,East Khasi Block,1:3,15736.11,19726,NO
PSEUDO_ABSENCE,NEG_2480,25.551486,90.087441,1,Garo Hills Block,1:3,7892.62,20254,NO
PSEUDO_ABSENCE,NEG_2481,25.205430,90.112730,1,Garo Hills Block,1:3,11615.99,19854,NO
PSEUDO_ABSENCE,NEG_2482,25.681600,90.087342,1,Garo Hills Block,1:3,9374.93,20364,NO
PSEUDO_ABSENCE,NEG_2483,25.834625,89.862558,1,Garo Hills Block,1:3,31016.49,20254,NO
PSEUDO_ABSENCE,NEG_2484,25.289326,92.516533,5,Jaintia Hills Block,1:3,3835.35,19926,NO
PSEUDO_ABSENCE,NEG_2485,25.796014,90.022553,1,Garo Hills Block,1:3,21096.57,20364,NO
PSEUDO_ABSENCE,NEG_2486,25.906816,91.303757,4,Ri-Bhoi Block,1:3,14798.02,20425,NO
PSEUDO_ABSENCE,NEG_2487,25.934526,91.632256,4,Ri-Bhoi Block,1:3,5439.98,20431,NO
PSEUDO_ABSENCE,NEG_2488,25.756380,92.830180,4,Ri-Bhoi Block,1:3,27693.55,20534,NO
PSEUDO_ABSENCE,NEG_2489,25.270922,91.703034,3,East Khasi Block,1:3,3809.53,19885,NO
PSEUDO_ABSENCE,NEG_2490,25.517147,89.920328,1,Garo Hills Block,1:3,6155.88,20127,NO
PSEUDO_ABSENCE,NEG_2491,25.035628,90.163647,1,Garo Hills Block,1:3,24843.69,19854,NO
PSEUDO_ABSENCE,NEG_2492,25.721019,91.529847,4,Ri-Bhoi Block,1:3,4703.38,20654,NO
PSEUDO_ABSENCE,NEG_2493,25.617704,89.897163,1,Garo Hills Block,1:3,9856.35,20212,NO
PSEUDO_ABSENCE,NEG_2494,25.526847,92.620100,5,Jaintia Hills Block,1:3,8471.81,20214,NO
PSEUDO_ABSENCE,NEG_2495,25.449399,91.706014,3,East Khasi Block,1:3,3247.11,20045,NO
PSEUDO_ABSENCE,NEG_2496,25.862204,92.190972,4,Ri-Bhoi Block,1:3,3791.30,20428,NO
PSEUDO_ABSENCE,NEG_2497,25.580822,92.416753,5,Jaintia Hills Block,1:3,5012.81,20271,NO
PSEUDO_ABSENCE,NEG_2498,25.442688,92.510514,5,Jaintia Hills Block,1:3,4613.66,20078,NO
PSEUDO_ABSENCE,NEG_2499,25.279445,90.654660,1,Garo Hills Block,1:3,4742.18,19842,NO
PSEUDO_ABSENCE,NEG_2500,25.077370,92.226525,5,Jaintia Hills Block,1:3,5274.96,19676,NO
PSEUDO_ABSENCE,NEG_2501,25.470420,90.498806,1,Garo Hills Block,1:3,16318.46,20194,NO
PSEUDO_ABSENCE,NEG_2502,25.270333,92.549270,5,Jaintia Hills Block,1:3,7312.92,19926,NO
PSEUDO_ABSENCE,NEG_2503,25.920630,91.488269,4,Ri-Bhoi Block,1:3,6667.84,20446,NO
PSEUDO_ABSENCE,NEG_2504,25.685400,91.246693,4,Ri-Bhoi Block,1:3,6561.27,20394,NO
PSEUDO_ABSENCE,NEG_2505,25.443000,92.592204,5,Jaintia Hills Block,1:3,7676.07,19997,NO
PSEUDO_ABSENCE,NEG_2506,25.155662,91.076263,2,West Khasi Block,1:3,5360.74,19727,NO
PSEUDO_ABSENCE,NEG_2507,25.392127,91.319360,2,West Khasi Block,1:3,6433.19,20064,NO
PSEUDO_ABSENCE,NEG_2508,25.514242,91.382613,2,West Khasi Block,1:3,2042.97,20124,NO
PSEUDO_ABSENCE,NEG_2509,25.171112,91.365082,2,West Khasi Block,1:3,3610.08,19721,NO
PSEUDO_ABSENCE,NEG_2510,25.281812,90.362211,1,Garo Hills Block,1:3,15132.00,19854,NO
PSEUDO_ABSENCE,NEG_2511,25.090021,92.126090,5,Jaintia Hills Block,1:3,6141.51,19685,NO
PSEUDO_ABSENCE,NEG_2512,25.481637,91.711263,3,East Khasi Block,1:3,2738.15,20097,NO
PSEUDO_ABSENCE,NEG_2513,25.528141,90.983091,1,Garo Hills Block,1:3,10043.72,20270,NO
PSEUDO_ABSENCE,NEG_2514,25.426037,91.752149,3,East Khasi Block,1:3,2501.56,20065,NO
PSEUDO_ABSENCE,NEG_2515,25.554378,92.389853,5,Jaintia Hills Block,1:3,3921.17,20121,NO
PSEUDO_ABSENCE,NEG_2516,25.964678,90.320209,1,Garo Hills Block,1:3,22823.10,20415,NO
PSEUDO_ABSENCE,NEG_2517,25.167132,91.722723,3,East Khasi Block,1:3,3299.49,19713,NO
PSEUDO_ABSENCE,NEG_2518,25.345324,89.856641,1,Garo Hills Block,1:3,20861.31,20578,NO
PSEUDO_ABSENCE,NEG_2519,25.979734,90.492047,1,Garo Hills Block,1:3,21730.46,20415,NO
PSEUDO_ABSENCE,NEG_2520,26.023623,91.988175,4,Ri-Bhoi Block,1:3,944.32,20478,NO
PSEUDO_ABSENCE,NEG_2521,25.843666,90.414458,1,Garo Hills Block,1:3,6492.02,20415,NO
PSEUDO_ABSENCE,NEG_2522,25.272930,91.389867,2,West Khasi Block,1:3,944.53,19870,NO
PSEUDO_ABSENCE,NEG_2523,25.205868,90.731567,1,Garo Hills Block,1:3,9976.11,19842,NO
PSEUDO_ABSENCE,NEG_2524,25.367179,90.286871,1,Garo Hills Block,1:3,14499.87,19854,NO
PSEUDO_ABSENCE,NEG_2525,25.241597,92.205083,5,Jaintia Hills Block,1:3,999.47,19829,NO
PSEUDO_ABSENCE,NEG_2526,25.200572,89.886795,1,Garo Hills Block,1:3,26641.28,20578,NO
PSEUDO_ABSENCE,NEG_2527,25.699703,92.776749,4,Ri-Bhoi Block,1:3,26752.77,20214,NO
PSEUDO_ABSENCE,NEG_2528,25.377711,90.161900,1,Garo Hills Block,1:3,10212.47,20578,NO
PSEUDO_ABSENCE,NEG_2529,25.636018,92.564380,5,Jaintia Hills Block,1:3,7348.04,20214,NO
PSEUDO_ABSENCE,NEG_2530,25.866787,91.698673,4,Ri-Bhoi Block,1:3,7734.04,20437,NO
PSEUDO_ABSENCE,NEG_2531,25.360261,91.452735,2,West Khasi Block,1:3,3004.30,20595,NO
PSEUDO_ABSENCE,NEG_2532,25.118544,91.870784,3,East Khasi Block,1:3,9060.75,19734,NO
PSEUDO_ABSENCE,NEG_2533,25.803104,92.743346,4,Ri-Bhoi Block,1:3,25333.54,20534,NO
PSEUDO_ABSENCE,NEG_2534,25.301229,89.856292,1,Garo Hills Block,1:3,22370.00,20578,NO
PSEUDO_ABSENCE,NEG_2535,25.609257,91.955711,3,East Khasi Block,1:3,3824.64,20313,NO
PSEUDO_ABSENCE,NEG_2536,25.873640,90.390904,1,Garo Hills Block,1:3,10518.61,20415,NO
PSEUDO_ABSENCE,NEG_2537,25.302693,91.363402,2,West Khasi Block,1:3,2249.65,20622,NO
PSEUDO_ABSENCE,NEG_2538,25.377049,92.424560,5,Jaintia Hills Block,1:3,699.35,19995,NO
PSEUDO_ABSENCE,NEG_2539,25.531661,92.238715,5,Jaintia Hills Block,1:3,3366.25,20192,NO
PSEUDO_ABSENCE,NEG_2540,25.647069,92.157925,5,Jaintia Hills Block,1:3,2994.70,20373,NO
PSEUDO_ABSENCE,NEG_2541,25.379287,92.335821,5,Jaintia Hills Block,1:3,6642.57,20043,NO
PSEUDO_ABSENCE,NEG_2542,25.316538,91.465601,2,West Khasi Block,1:3,1322.53,19923,NO
PSEUDO_ABSENCE,NEG_2543,25.251128,91.250356,2,West Khasi Block,1:3,4911.14,19889,NO
PSEUDO_ABSENCE,NEG_2544,25.363629,90.613445,1,Garo Hills Block,1:3,8505.70,20024,NO
PSEUDO_ABSENCE,NEG_2545,26.064344,90.288226,1,Garo Hills Block,1:3,34072.91,20415,NO
PSEUDO_ABSENCE,NEG_2546,25.870312,92.801703,4,Ri-Bhoi Block,1:3,16062.98,20534,NO
PSEUDO_ABSENCE,NEG_2547,25.041494,91.932034,3,East Khasi Block,1:3,18121.52,19726,NO
PSEUDO_ABSENCE,NEG_2548,25.293145,89.923488,1,Garo Hills Block,1:3,16910.58,20578,NO
PSEUDO_ABSENCE,NEG_2549,25.455121,92.652414,5,Jaintia Hills Block,1:3,9795.11,19996,NO
PSEUDO_ABSENCE,NEG_2550,25.032706,91.593051,2,West Khasi Block,1:3,15528.87,19706,NO
PSEUDO_ABSENCE,NEG_2551,25.561508,92.463822,5,Jaintia Hills Block,1:3,3669.42,20126,NO
PSEUDO_ABSENCE,NEG_2552,25.110722,91.878654,3,East Khasi Block,1:3,10050.15,19734,NO
PSEUDO_ABSENCE,NEG_2553,25.754518,91.840694,4,Ri-Bhoi Block,1:3,4216.48,20410,NO
PSEUDO_ABSENCE,NEG_2554,26.037721,92.310417,4,Ri-Bhoi Block,1:3,7402.07,20481,NO
PSEUDO_ABSENCE,NEG_2555,25.065331,91.236803,2,West Khasi Block,1:3,15088.34,19737,NO
PSEUDO_ABSENCE,NEG_2556,25.449789,90.745949,1,Garo Hills Block,1:3,3898.83,20579,NO
PSEUDO_ABSENCE,NEG_2557,25.507444,90.971792,1,Garo Hills Block,1:3,11170.49,20056,NO
PSEUDO_ABSENCE,NEG_2558,25.486921,92.786749,5,Jaintia Hills Block,1:3,21189.65,19919,NO
PSEUDO_ABSENCE,NEG_2559,25.115724,92.612804,5,Jaintia Hills Block,1:3,18755.21,19614,NO
PSEUDO_ABSENCE,NEG_2560,25.538656,91.702414,3,East Khasi Block,1:3,2316.08,20132,NO
PSEUDO_ABSENCE,NEG_2561,25.916598,90.899412,1,Garo Hills Block,1:3,16913.86,20420,NO
PSEUDO_ABSENCE,NEG_2562,25.484856,91.049031,2,West Khasi Block,1:3,4705.83,20071,NO
PSEUDO_ABSENCE,NEG_2563,25.424710,92.622864,5,Jaintia Hills Block,1:3,5594.53,19996,NO
PSEUDO_ABSENCE,NEG_2564,25.915244,90.132450,1,Garo Hills Block,1:3,27682.30,20364,NO
PSEUDO_ABSENCE,NEG_2565,25.136773,91.105002,2,West Khasi Block,1:3,7633.19,19733,NO
PSEUDO_ABSENCE,NEG_2566,25.126550,91.688234,3,East Khasi Block,1:3,4741.29,19713,NO
PSEUDO_ABSENCE,NEG_2567,25.175187,91.393238,2,West Khasi Block,1:3,1328.44,19721,NO
PSEUDO_ABSENCE,NEG_2568,25.027798,90.765619,1,Garo Hills Block,1:3,24328.81,20577,NO
PSEUDO_ABSENCE,NEG_2569,25.751366,91.276319,4,Ri-Bhoi Block,1:3,11087.09,20394,NO
PSEUDO_ABSENCE,NEG_2570,26.076531,92.466017,4,Ri-Bhoi Block,1:3,22541.57,20481,NO
PSEUDO_ABSENCE,NEG_2571,25.407796,89.938734,1,Garo Hills Block,1:3,12556.94,20578,NO
PSEUDO_ABSENCE,NEG_2572,25.933276,92.579265,4,Ri-Bhoi Block,1:3,29481.83,20534,NO
PSEUDO_ABSENCE,NEG_2573,25.906278,90.190247,1,Garo Hills Block,1:3,26292.94,20364,NO
PSEUDO_ABSENCE,NEG_2574,26.097748,90.588682,1,Garo Hills Block,1:3,37309.83,20415,NO
PSEUDO_ABSENCE,NEG_2575,25.802141,92.569506,4,Ri-Bhoi Block,1:3,24160.94,20271,NO
PSEUDO_ABSENCE,NEG_2576,25.274542,92.570189,5,Jaintia Hills Block,1:3,6872.67,19941,NO
PSEUDO_ABSENCE,NEG_2577,25.354240,92.778060,5,Jaintia Hills Block,1:3,9584.31,19919,NO
PSEUDO_ABSENCE,NEG_2578,25.323761,92.707979,5,Jaintia Hills Block,1:3,1768.77,19919,NO
PSEUDO_ABSENCE,NEG_2579,25.077828,91.963280,3,East Khasi Block,1:3,13227.78,19726,NO
PSEUDO_ABSENCE,NEG_2580,25.594680,91.257525,2,West Khasi Block,1:3,2393.01,20241,NO
PSEUDO_ABSENCE,NEG_2581,25.261374,91.952067,3,East Khasi Block,1:3,3790.61,19819,NO
PSEUDO_ABSENCE,NEG_2582,25.226074,91.486167,2,West Khasi Block,1:3,4202.09,19851,NO
PSEUDO_ABSENCE,NEG_2583,25.293505,92.714645,5,Jaintia Hills Block,1:3,2674.51,19910,NO
PSEUDO_ABSENCE,NEG_2584,25.050922,90.409171,1,Garo Hills Block,1:3,28598.56,20577,NO
PSEUDO_ABSENCE,NEG_2585,25.281695,91.062907,2,West Khasi Block,1:3,1810.56,19894,NO
PSEUDO_ABSENCE,NEG_2586,25.271349,91.298615,2,West Khasi Block,1:3,4129.75,19899,NO
PSEUDO_ABSENCE,NEG_2587,25.962263,91.971793,4,Ri-Bhoi Block,1:3,1274.12,20447,NO
PSEUDO_ABSENCE,NEG_2588,25.646359,90.071460,1,Garo Hills Block,1:3,6622.05,20254,NO
PSEUDO_ABSENCE,NEG_2589,25.769511,90.307564,1,Garo Hills Block,1:3,13454.84,20415,NO
PSEUDO_ABSENCE,NEG_2590,25.869277,90.562673,1,Garo Hills Block,1:3,15114.65,20415,NO
PSEUDO_ABSENCE,NEG_2591,25.470413,90.868934,1,Garo Hills Block,1:3,3589.02,20063,NO
PSEUDO_ABSENCE,NEG_2592,25.947519,90.185961,1,Garo Hills Block,1:3,30864.47,20364,NO
PSEUDO_ABSENCE,NEG_2593,25.630896,90.233288,1,Garo Hills Block,1:3,6142.48,20267,NO
PSEUDO_ABSENCE,NEG_2594,25.781180,92.560488,4,Ri-Bhoi Block,1:3,21686.91,20271,NO
PSEUDO_ABSENCE,NEG_2595,25.489376,91.288681,2,West Khasi Block,1:3,1643.38,20096,NO
PSEUDO_ABSENCE,NEG_2596,26.021617,91.389024,4,Ri-Bhoi Block,1:3,17430.66,20448,NO
PSEUDO_ABSENCE,NEG_2597,25.546606,91.563904,2,West Khasi Block,1:3,3924.11,20113,NO
PSEUDO_ABSENCE,NEG_2598,25.764368,90.125994,1,Garo Hills Block,1:3,11805.94,20364,NO
PSEUDO_ABSENCE,NEG_2599,25.906799,91.128290,4,Ri-Bhoi Block,1:3,7569.78,20425,NO
PSEUDO_ABSENCE,NEG_2600,25.098136,92.197857,5,Jaintia Hills Block,1:3,4682.57,19680,NO
PSEUDO_ABSENCE,NEG_2601,25.427106,90.106121,1,Garo Hills Block,1:3,6834.65,20578,NO
PSEUDO_ABSENCE,NEG_2602,25.704481,92.484401,4,Ri-Bhoi Block,1:3,10763.63,20271,NO
PSEUDO_ABSENCE,NEG_2603,25.978774,92.720874,4,Ri-Bhoi Block,1:3,14531.27,20534,NO
PSEUDO_ABSENCE,NEG_2604,25.957122,89.806530,1,Garo Hills Block,1:3,45580.38,20254,NO
PSEUDO_ABSENCE,NEG_2605,25.430660,92.296555,5,Jaintia Hills Block,1:3,1280.80,20043,NO
PSEUDO_ABSENCE,NEG_2606,25.415553,91.634723,3,East Khasi Block,1:3,4406.92,20606,NO
PSEUDO_ABSENCE,NEG_2607,25.674822,90.913327,1,Garo Hills Block,1:3,10214.07,20403,NO
PSEUDO_ABSENCE,NEG_2608,25.996832,91.334846,4,Ri-Bhoi Block,1:3,21686.56,20448,NO
PSEUDO_ABSENCE,NEG_2609,25.521967,92.842417,5,Jaintia Hills Block,1:3,27370.51,19919,NO
PSEUDO_ABSENCE,NEG_2610,25.552980,90.344115,1,Garo Hills Block,1:3,883.02,20193,NO
PSEUDO_ABSENCE,NEG_2611,25.574115,92.282751,5,Jaintia Hills Block,1:3,1657.89,20230,NO
PSEUDO_ABSENCE,NEG_2612,25.859009,92.205174,4,Ri-Bhoi Block,1:3,5245.65,20428,NO
PSEUDO_ABSENCE,NEG_2613,25.784666,90.575364,1,Garo Hills Block,1:3,13565.83,20415,NO
PSEUDO_ABSENCE,NEG_2614,25.951051,92.525003,4,Ri-Bhoi Block,1:3,30903.35,20481,NO
PSEUDO_ABSENCE,NEG_2615,25.229685,90.197890,1,Garo Hills Block,1:3,3215.26,19854,NO
PSEUDO_ABSENCE,NEG_2616,26.073653,92.448388,4,Ri-Bhoi Block,1:3,20762.46,20481,NO
PSEUDO_ABSENCE,NEG_2617,25.984695,92.503448,4,Ri-Bhoi Block,1:3,27562.73,20481,NO
PSEUDO_ABSENCE,NEG_2618,25.605022,91.771525,3,East Khasi Block,1:3,2207.15,20243,NO
PSEUDO_ABSENCE,NEG_2619,25.608992,89.956179,1,Garo Hills Block,1:3,4679.35,20232,NO
PSEUDO_ABSENCE,NEG_2620,25.825143,91.341263,4,Ri-Bhoi Block,1:3,12989.91,20424,NO
PSEUDO_ABSENCE,NEG_2621,25.719526,91.333051,4,Ri-Bhoi Block,1:3,11842.61,20282,NO
PSEUDO_ABSENCE,NEG_2622,25.551156,90.323957,1,Garo Hills Block,1:3,619.72,20174,NO
PSEUDO_ABSENCE,NEG_2623,25.321011,90.284501,1,Garo Hills Block,1:3,10209.35,19854,NO
PSEUDO_ABSENCE,NEG_2624,25.231320,92.767581,5,Jaintia Hills Block,1:3,11374.54,19910,NO
PSEUDO_ABSENCE,NEG_2625,25.185363,90.621275,1,Garo Hills Block,1:3,2974.86,20577,NO
PSEUDO_ABSENCE,NEG_2626,25.657837,91.661045,4,Ri-Bhoi Block,1:3,2584.80,20347,NO
PSEUDO_ABSENCE,NEG_2627,25.186292,92.220838,5,Jaintia Hills Block,1:3,1233.53,19732,NO
PSEUDO_ABSENCE,NEG_2628,25.868019,90.523819,1,Garo Hills Block,1:3,12068.09,20415,NO
PSEUDO_ABSENCE,NEG_2629,25.331760,92.660863,5,Jaintia Hills Block,1:3,3025.99,19918,NO
PSEUDO_ABSENCE,NEG_2630,25.911725,91.928281,4,Ri-Bhoi Block,1:3,5419.18,20435,NO
PSEUDO_ABSENCE,NEG_2631,25.108812,91.075705,2,West Khasi Block,1:3,9840.94,19727,NO
PSEUDO_ABSENCE,NEG_2632,25.624046,90.371604,1,Garo Hills Block,1:3,3006.19,20336,NO
PSEUDO_ABSENCE,NEG_2633,25.504085,91.633129,3,East Khasi Block,1:3,4871.39,20138,NO
PSEUDO_ABSENCE,NEG_2634,25.373567,92.181882,5,Jaintia Hills Block,1:3,5491.88,20592,NO
PSEUDO_ABSENCE,NEG_2635,25.927686,90.787009,1,Garo Hills Block,1:3,23740.23,20403,NO
PSEUDO_ABSENCE,NEG_2636,25.925750,90.115909,1,Garo Hills Block,1:3,29152.95,20364,NO
PSEUDO_ABSENCE,NEG_2637,25.924747,90.265889,1,Garo Hills Block,1:3,22978.69,20415,NO
PSEUDO_ABSENCE,NEG_2638,25.109561,91.757415,3,East Khasi Block,1:3,8767.96,19722,NO
PSEUDO_ABSENCE,NEG_2639,25.529692,92.569066,5,Jaintia Hills Block,1:3,4927.64,20214,NO
PSEUDO_ABSENCE,NEG_2640,25.412244,90.675814,1,Garo Hills Block,1:3,2469.38,20024,NO
PSEUDO_ABSENCE,NEG_2641,25.560794,91.190636,2,West Khasi Block,1:3,2267.81,20220,NO
PSEUDO_ABSENCE,NEG_2642,25.391982,91.915911,3,East Khasi Block,1:3,3190.09,20020,NO
PSEUDO_ABSENCE,NEG_2643,25.840327,92.401601,4,Ri-Bhoi Block,1:3,25008.18,20428,NO
PSEUDO_ABSENCE,NEG_2644,26.070685,90.613301,1,Garo Hills Block,1:3,35699.37,20415,NO
PSEUDO_ABSENCE,NEG_2645,25.793381,91.002488,4,Ri-Bhoi Block,1:3,1052.27,20419,NO
PSEUDO_ABSENCE,NEG_2646,25.751249,91.251744,4,Ri-Bhoi Block,1:3,9092.87,20394,NO
PSEUDO_ABSENCE,NEG_2647,26.093275,92.023152,4,Ri-Bhoi Block,1:3,7593.51,20478,NO
PSEUDO_ABSENCE,NEG_2648,26.048691,92.346657,4,Ri-Bhoi Block,1:3,10642.94,20481,NO
PSEUDO_ABSENCE,NEG_2649,25.995133,92.283979,4,Ri-Bhoi Block,1:3,8490.20,20481,NO
PSEUDO_ABSENCE,NEG_2650,25.515892,90.567955,1,Garo Hills Block,1:3,9104.73,20110,NO
PSEUDO_ABSENCE,NEG_2651,25.419946,89.861721,1,Garo Hills Block,1:3,17050.81,20127,NO
PSEUDO_ABSENCE,NEG_2652,25.585913,91.340426,2,West Khasi Block,1:3,3998.39,20173,NO
PSEUDO_ABSENCE,NEG_2653,25.587271,92.770795,5,Jaintia Hills Block,1:3,22090.84,20214,NO
PSEUDO_ABSENCE,NEG_2654,26.004370,90.293224,1,Garo Hills Block,1:3,27995.55,20415,NO
PSEUDO_ABSENCE,NEG_2655,25.418393,91.093066,2,West Khasi Block,1:3,3815.84,20058,NO
PSEUDO_ABSENCE,NEG_2656,25.409376,92.235413,5,Jaintia Hills Block,1:3,4690.38,20557,NO
PSEUDO_ABSENCE,NEG_2657,25.585961,91.544904,2,West Khasi Block,1:3,4650.02,20244,NO
PSEUDO_ABSENCE,NEG_2658,25.941255,92.258081,4,Ri-Bhoi Block,1:3,13288.29,20480,NO
PSEUDO_ABSENCE,NEG_2659,25.162788,91.977439,3,East Khasi Block,1:3,4091.19,19726,NO
PSEUDO_ABSENCE,NEG_2660,25.490271,90.698679,1,Garo Hills Block,1:3,523.43,20079,NO
PSEUDO_ABSENCE,NEG_2661,25.074020,91.286111,2,West Khasi Block,1:3,15062.48,19737,NO
PSEUDO_ABSENCE,NEG_2662,25.403872,90.567115,1,Garo Hills Block,1:3,12468.94,20024,NO
PSEUDO_ABSENCE,NEG_2663,25.770245,92.146930,4,Ri-Bhoi Block,1:3,2957.34,20417,NO
PSEUDO_ABSENCE,NEG_2664,25.284373,89.950815,1,Garo Hills Block,1:3,15431.24,20578,NO
PSEUDO_ABSENCE,NEG_2665,25.936653,89.830377,1,Garo Hills Block,1:3,42437.03,20254,NO
PSEUDO_ABSENCE,NEG_2666,26.032081,91.714241,4,Ri-Bhoi Block,1:3,9196.19,20485,NO
PSEUDO_ABSENCE,NEG_2667,25.367594,90.551758,1,Garo Hills Block,1:3,14291.93,20024,NO
PSEUDO_ABSENCE,NEG_2668,25.029726,90.518188,1,Garo Hills Block,1:3,23120.95,20577,NO
PSEUDO_ABSENCE,NEG_2669,25.168747,91.667107,3,East Khasi Block,1:3,1545.02,19714,NO
PSEUDO_ABSENCE,NEG_2670,25.199869,91.412321,2,West Khasi Block,1:3,1967.05,20550,NO
PSEUDO_ABSENCE,NEG_2671,25.657326,90.709027,1,Garo Hills Block,1:3,9024.89,20294,NO
PSEUDO_ABSENCE,NEG_2672,25.057870,89.913624,1,Garo Hills Block,1:3,37360.09,19854,NO
PSEUDO_ABSENCE,NEG_2673,25.048455,92.054330,5,Jaintia Hills Block,1:3,13751.00,19685,NO
PSEUDO_ABSENCE,NEG_2674,25.363450,92.228716,5,Jaintia Hills Block,1:3,8459.12,20050,NO
PSEUDO_ABSENCE,NEG_2675,25.486271,91.181644,2,West Khasi Block,1:3,2065.91,20088,NO
PSEUDO_ABSENCE,NEG_2676,25.573913,91.974746,3,East Khasi Block,1:3,4109.15,20134,NO
PSEUDO_ABSENCE,NEG_2677,25.315383,90.170841,1,Garo Hills Block,1:3,8117.05,19854,NO
PSEUDO_ABSENCE,NEG_2678,25.620542,90.797282,1,Garo Hills Block,1:3,760.03,20294,NO
PSEUDO_ABSENCE,NEG_2679,25.497891,91.773187,3,East Khasi Block,1:3,589.16,20570,NO
PSEUDO_ABSENCE,NEG_2680,25.553656,91.691850,3,East Khasi Block,1:3,2352.68,20132,NO
PSEUDO_ABSENCE,NEG_2681,25.607736,92.056379,5,Jaintia Hills Block,1:3,1646.38,20245,NO
PSEUDO_ABSENCE,NEG_2682,25.782412,91.429279,4,Ri-Bhoi Block,1:3,7590.81,20424,NO
PSEUDO_ABSENCE,NEG_2683,25.753215,92.464357,4,Ri-Bhoi Block,1:3,15751.73,20271,NO
PSEUDO_ABSENCE,NEG_2684,25.486853,91.058927,2,West Khasi Block,1:3,4226.06,20071,NO
PSEUDO_ABSENCE,NEG_2685,25.845385,91.576789,4,Ri-Bhoi Block,1:3,6020.27,20431,NO
PSEUDO_ABSENCE,NEG_2686,25.096687,92.520942,5,Jaintia Hills Block,1:3,9788.41,19614,NO
PSEUDO_ABSENCE,NEG_2687,25.053246,92.082609,5,Jaintia Hills Block,1:3,11663.48,19685,NO
PSEUDO_ABSENCE,NEG_2688,25.839498,92.706989,4,Ri-Bhoi Block,1:3,24048.97,20534,NO
PSEUDO_ABSENCE,NEG_2689,25.078465,91.620413,3,East Khasi Block,1:3,11541.71,19719,NO
PSEUDO_ABSENCE,NEG_2690,25.117544,91.516095,2,West Khasi Block,1:3,4661.44,19704,NO
PSEUDO_ABSENCE,NEG_2691,25.537364,90.118891,1,Garo Hills Block,1:3,9635.21,20107,NO
PSEUDO_ABSENCE,NEG_2692,25.681489,92.050757,4,Ri-Bhoi Block,1:3,3290.39,20340,NO
PSEUDO_ABSENCE,NEG_2693,25.848661,92.561388,4,Ri-Bhoi Block,1:3,28476.97,20271,NO
PSEUDO_ABSENCE,NEG_2694,25.462228,92.706872,5,Jaintia Hills Block,1:3,13668.59,19996,NO
PSEUDO_ABSENCE,NEG_2695,25.954664,90.704330,1,Garo Hills Block,1:3,28995.43,20403,NO
PSEUDO_ABSENCE,NEG_2696,25.192026,91.127938,2,West Khasi Block,1:3,1338.30,19733,NO
PSEUDO_ABSENCE,NEG_2697,25.454051,91.555944,2,West Khasi Block,1:3,3570.57,20583,NO
PSEUDO_ABSENCE,NEG_2698,25.650057,92.087460,4,Ri-Bhoi Block,1:3,1701.96,20329,NO
PSEUDO_ABSENCE,NEG_2699,25.570681,90.119709,1,Garo Hills Block,1:3,9569.50,20254,NO
PSEUDO_ABSENCE,NEG_2700,25.946955,90.744782,1,Garo Hills Block,1:3,26771.07,20403,NO
PSEUDO_ABSENCE,NEG_2701,26.069001,90.159473,1,Garo Hills Block,1:3,41826.16,20415,NO
PSEUDO_ABSENCE,NEG_2702,26.054911,90.077586,1,Garo Hills Block,1:3,44009.78,20364,NO
PSEUDO_ABSENCE,NEG_2703,25.269519,89.942069,1,Garo Hills Block,1:3,17225.49,20578,NO
PSEUDO_ABSENCE,NEG_2704,25.781522,92.393411,4,Ri-Bhoi Block,1:3,19778.22,20271,NO
PSEUDO_ABSENCE,NEG_2705,25.488797,92.631992,5,Jaintia Hills Block,1:3,12162.55,20078,NO
PSEUDO_ABSENCE,NEG_2706,25.657523,91.721522,4,Ri-Bhoi Block,1:3,6235.85,20647,NO
PSEUDO_ABSENCE,NEG_2707,25.933053,90.705241,1,Garo Hills Block,1:3,26779.83,20403,NO
PSEUDO_ABSENCE,NEG_2708,25.402607,92.563153,5,Jaintia Hills Block,1:3,5202.19,19991,NO
PSEUDO_ABSENCE,NEG_2709,25.993041,92.778272,4,Ri-Bhoi Block,1:3,8609.63,20534,NO
PSEUDO_ABSENCE,NEG_2710,25.993985,90.188485,1,Garo Hills Block,1:3,33874.66,20415,NO
PSEUDO_ABSENCE,NEG_2711,25.909622,91.050007,4,Ri-Bhoi Block,1:3,8853.56,20423,NO
PSEUDO_ABSENCE,NEG_2712,26.090065,91.240457,4,Ri-Bhoi Block,1:3,27607.59,20425,NO
PSEUDO_ABSENCE,NEG_2713,25.618143,91.415813,2,West Khasi Block,1:3,8986.13,20244,NO
PSEUDO_ABSENCE,NEG_2714,25.367476,90.028817,1,Garo Hills Block,1:3,3536.61,20578,NO
PSEUDO_ABSENCE,NEG_2715,25.987303,92.248161,4,Ri-Bhoi Block,1:3,8075.41,20480,NO
PSEUDO_ABSENCE,NEG_2716,25.170689,92.169143,5,Jaintia Hills Block,1:3,2512.88,19693,NO
PSEUDO_ABSENCE,NEG_2717,25.695914,91.047889,4,Ri-Bhoi Block,1:3,755.10,20396,NO
PSEUDO_ABSENCE,NEG_2718,25.294343,92.422173,5,Jaintia Hills Block,1:3,3502.36,19896,NO
PSEUDO_ABSENCE,NEG_2719,25.776203,91.470607,4,Ri-Bhoi Block,1:3,7094.16,20424,NO
PSEUDO_ABSENCE,NEG_2720,25.678334,90.077752,1,Garo Hills Block,1:3,9939.07,20254,NO
PSEUDO_ABSENCE,NEG_2721,25.531833,90.390786,1,Garo Hills Block,1:3,3762.75,20194,NO
PSEUDO_ABSENCE,NEG_2722,25.245054,91.816977,3,East Khasi Block,1:3,2315.82,20540,NO
PSEUDO_ABSENCE,NEG_2723,26.004157,91.031458,4,Ri-Bhoi Block,1:3,19453.96,20423,NO
PSEUDO_ABSENCE,NEG_2724,25.244369,91.778678,3,East Khasi Block,1:3,1538.39,20540,NO
PSEUDO_ABSENCE,NEG_2725,25.960882,92.082372,4,Ri-Bhoi Block,1:3,2755.00,20455,NO
PSEUDO_ABSENCE,NEG_2726,25.958258,91.436492,4,Ri-Bhoi Block,1:3,11018.55,20448,NO
PSEUDO_ABSENCE,NEG_2727,25.832026,90.227197,1,Garo Hills Block,1:3,18626.23,20364,NO
PSEUDO_ABSENCE,NEG_2728,25.396137,90.988125,1,Garo Hills Block,1:3,5007.88,20524,NO
PSEUDO_ABSENCE,NEG_2729,25.572199,92.633683,5,Jaintia Hills Block,1:3,8266.34,20214,NO
PSEUDO_ABSENCE,NEG_2730,25.964240,90.210303,1,Garo Hills Block,1:3,30057.67,20415,NO
PSEUDO_ABSENCE,NEG_2731,25.206613,90.890804,1,Garo Hills Block,1:3,14063.67,19911,NO
PSEUDO_ABSENCE,NEG_2732,25.994998,92.734989,4,Ri-Bhoi Block,1:3,12890.37,20534,NO
PSEUDO_ABSENCE,NEG_2733,25.725891,92.356386,4,Ri-Bhoi Block,1:3,15943.53,20271,NO
PSEUDO_ABSENCE,NEG_2734,25.587218,90.435397,1,Garo Hills Block,1:3,7223.95,20194,NO
PSEUDO_ABSENCE,NEG_2735,25.586663,91.493002,2,West Khasi Block,1:3,559.23,20244,NO
PSEUDO_ABSENCE,NEG_2736,25.821854,90.470643,1,Garo Hills Block,1:3,4685.68,20415,NO
PSEUDO_ABSENCE,NEG_2737,25.417775,90.910284,1,Garo Hills Block,1:3,3823.81,20063,NO
PSEUDO_ABSENCE,NEG_2738,26.056195,91.154032,4,Ri-Bhoi Block,1:3,22983.35,20425,NO
PSEUDO_ABSENCE,NEG_2739,25.835501,92.089975,4,Ri-Bhoi Block,1:3,6878.97,20417,NO
PSEUDO_ABSENCE,NEG_2740,25.306788,91.544203,2,West Khasi Block,1:3,2268.85,19890,NO
PSEUDO_ABSENCE,NEG_2741,25.985847,91.249353,4,Ri-Bhoi Block,1:3,17063.38,20425,NO
PSEUDO_ABSENCE,NEG_2742,26.040727,90.454098,1,Garo Hills Block,1:3,27915.20,20415,NO
PSEUDO_ABSENCE,NEG_2743,25.100092,92.518934,5,Jaintia Hills Block,1:3,9883.19,19614,NO
PSEUDO_ABSENCE,NEG_2744,25.935496,92.827399,4,Ri-Bhoi Block,1:3,8394.69,20534,NO
PSEUDO_ABSENCE,NEG_2745,25.753745,92.656898,4,Ri-Bhoi Block,1:3,22912.30,20214,NO
PSEUDO_ABSENCE,NEG_2746,25.913105,92.375500,4,Ri-Bhoi Block,1:3,21240.85,20481,NO
PSEUDO_ABSENCE,NEG_2747,25.634673,90.966212,1,Garo Hills Block,1:3,6166.50,20270,NO
PSEUDO_ABSENCE,NEG_2748,26.029323,91.117957,4,Ri-Bhoi Block,1:3,20607.68,20425,NO
PSEUDO_ABSENCE,NEG_2749,25.601925,91.160649,2,West Khasi Block,1:3,558.48,20259,NO
PSEUDO_ABSENCE,NEG_2750,25.630004,91.235040,2,West Khasi Block,1:3,5097.85,20286,NO
PSEUDO_ABSENCE,NEG_2751,25.071805,92.490247,5,Jaintia Hills Block,1:3,5645.08,19614,NO
PSEUDO_ABSENCE,NEG_2752,25.499945,91.596278,2,West Khasi Block,1:3,4272.24,20138,NO
PSEUDO_ABSENCE,NEG_2753,25.170323,89.810333,1,Garo Hills Block,1:3,34409.38,20578,NO
PSEUDO_ABSENCE,NEG_2754,25.284913,91.948987,3,East Khasi Block,1:3,1756.52,19901,NO
PSEUDO_ABSENCE,NEG_2755,25.127130,92.572107,5,Jaintia Hills Block,1:3,15929.62,19614,NO
PSEUDO_ABSENCE,NEG_2756,25.252224,90.424011,1,Garo Hills Block,1:3,21035.07,19854,NO
PSEUDO_ABSENCE,NEG_2757,25.216029,89.842644,1,Garo Hills Block,1:3,28601.38,20578,NO
PSEUDO_ABSENCE,NEG_2758,25.853550,92.468855,4,Ri-Bhoi Block,1:3,26914.11,20271,NO
PSEUDO_ABSENCE,NEG_2759,25.683296,90.374010,1,Garo Hills Block,1:3,3750.70,20336,NO
PSEUDO_ABSENCE,NEG_2760,25.328100,91.251576,2,West Khasi Block,1:3,3967.14,19974,NO
PSEUDO_ABSENCE,NEG_2761,26.050694,90.554422,1,Garo Hills Block,1:3,31164.77,20415,NO
PSEUDO_ABSENCE,NEG_2762,25.810178,91.140317,4,Ri-Bhoi Block,1:3,2204.33,20421,NO
PSEUDO_ABSENCE,NEG_2763,25.341675,91.190544,2,West Khasi Block,1:3,3878.07,19973,NO
PSEUDO_ABSENCE,NEG_2764,25.096903,92.235996,5,Jaintia Hills Block,1:3,2921.16,19676,NO
PSEUDO_ABSENCE,NEG_2765,25.282766,92.012507,5,Jaintia Hills Block,1:3,6515.86,19945,NO
PSEUDO_ABSENCE,NEG_2766,25.093816,92.713051,5,Jaintia Hills Block,1:3,16699.14,19669,NO
PSEUDO_ABSENCE,NEG_2767,25.228456,92.492363,5,Jaintia Hills Block,1:3,10369.15,19710,NO
PSEUDO_ABSENCE,NEG_2768,25.894231,92.751973,4,Ri-Bhoi Block,1:3,16508.16,20534,NO
PSEUDO_ABSENCE,NEG_2769,25.536122,92.018562,5,Jaintia Hills Block,1:3,861.65,20140,NO
PSEUDO_ABSENCE,NEG_2770,25.420368,90.362323,1,Garo Hills Block,1:3,14775.04,20174,NO
PSEUDO_ABSENCE,NEG_2771,25.498522,90.305534,1,Garo Hills Block,1:3,6228.34,20174,NO
PSEUDO_ABSENCE,NEG_2772,26.080608,90.093552,1,Garo Hills Block,1:3,46469.48,20364,NO
PSEUDO_ABSENCE,NEG_2773,25.656349,91.710715,4,Ri-Bhoi Block,1:3,5479.14,20647,NO
PSEUDO_ABSENCE,NEG_2774,25.601126,91.819667,3,East Khasi Block,1:3,3027.08,20298,NO
PSEUDO_ABSENCE,NEG_2775,25.145475,91.492806,2,West Khasi Block,1:3,1691.26,19708,NO
PSEUDO_ABSENCE,NEG_2776,25.330190,92.667537,5,Jaintia Hills Block,1:3,2387.98,19922,NO
PSEUDO_ABSENCE,NEG_2777,25.843037,92.766169,4,Ri-Bhoi Block,1:3,20341.19,20534,NO
PSEUDO_ABSENCE,NEG_2778,25.060561,90.669656,1,Garo Hills Block,1:3,17063.31,20577,NO
PSEUDO_ABSENCE,NEG_2779,25.231056,89.834021,1,Garo Hills Block,1:3,28247.53,20578,NO
PSEUDO_ABSENCE,NEG_2780,25.269576,91.352461,2,West Khasi Block,1:3,1004.61,19881,NO
PSEUDO_ABSENCE,NEG_2781,25.978844,91.915962,4,Ri-Bhoi Block,1:3,3199.75,20470,NO
PSEUDO_ABSENCE,NEG_2782,25.446199,90.936030,1,Garo Hills Block,1:3,5529.25,20063,NO
PSEUDO_ABSENCE,NEG_2783,25.512195,90.339976,1,Garo Hills Block,1:3,4321.25,20174,NO
PSEUDO_ABSENCE,NEG_2784,25.704721,90.910666,1,Garo Hills Block,1:3,8927.27,20403,NO
PSEUDO_ABSENCE,NEG_2785,25.940555,92.107486,4,Ri-Bhoi Block,1:3,6038.37,20455,NO
PSEUDO_ABSENCE,NEG_2786,25.679354,90.910817,1,Garo Hills Block,1:3,9766.49,20403,NO
PSEUDO_ABSENCE,NEG_2787,25.246726,92.167263,5,Jaintia Hills Block,1:3,1974.09,19828,NO
PSEUDO_ABSENCE,NEG_2788,25.545322,90.485488,1,Garo Hills Block,1:3,11700.02,20194,NO
PSEUDO_ABSENCE,NEG_2789,25.230789,90.304473,1,Garo Hills Block,1:3,9381.11,19854,NO
PSEUDO_ABSENCE,NEG_2790,25.859334,90.498411,1,Garo Hills Block,1:3,9675.62,20415,NO
PSEUDO_ABSENCE,NEG_2791,25.645980,92.475322,5,Jaintia Hills Block,1:3,4401.54,20271,NO
PSEUDO_ABSENCE,NEG_2792,25.957167,91.175782,4,Ri-Bhoi Block,1:3,11930.45,20425,NO
PSEUDO_ABSENCE,NEG_2793,25.036596,91.100654,2,West Khasi Block,1:3,18245.32,19727,NO
PSEUDO_ABSENCE,NEG_2794,25.674689,91.501183,4,Ri-Bhoi Block,1:3,9715.54,20359,NO
PSEUDO_ABSENCE,NEG_2795,25.723443,90.269931,1,Garo Hills Block,1:3,10794.01,20364,NO
PSEUDO_ABSENCE,NEG_2796,25.718258,90.357087,1,Garo Hills Block,1:3,7929.64,20336,NO
PSEUDO_ABSENCE,NEG_2797,25.830566,90.834217,1,Garo Hills Block,1:3,12726.94,20403,NO
PSEUDO_ABSENCE,NEG_2798,25.786687,89.945990,1,Garo Hills Block,1:3,22400.49,20254,NO
PSEUDO_ABSENCE,NEG_2799,25.460489,91.950355,3,East Khasi Block,1:3,7610.87,20038,NO
PSEUDO_ABSENCE,NEG_2800,25.265020,92.225625,5,Jaintia Hills Block,1:3,2087.61,19868,NO
PSEUDO_ABSENCE,NEG_2801,25.401833,91.271477,2,West Khasi Block,1:3,6511.47,19974,NO
PSEUDO_ABSENCE,NEG_2802,25.665137,91.241009,4,Ri-Bhoi Block,1:3,6261.89,20367,NO
PSEUDO_ABSENCE,NEG_2803,25.774178,91.122776,4,Ri-Bhoi Block,1:3,3143.32,20418,NO
PSEUDO_ABSENCE,NEG_2804,25.238455,90.452498,1,Garo Hills Block,1:3,18297.32,20576,NO
PSEUDO_ABSENCE,NEG_2805,25.026268,90.717921,1,Garo Hills Block,1:3,22200.81,20577,NO
PSEUDO_ABSENCE,NEG_2806,25.828831,92.222196,4,Ri-Bhoi Block,1:3,8025.33,20428,NO
PSEUDO_ABSENCE,NEG_2807,25.238665,92.725084,5,Jaintia Hills Block,1:3,8477.17,19910,NO
PSEUDO_ABSENCE,NEG_2808,25.562595,92.596785,5,Jaintia Hills Block,1:3,4659.17,20214,NO
PSEUDO_ABSENCE,NEG_2809,25.783307,92.003422,4,Ri-Bhoi Block,1:3,3327.72,20408,NO
PSEUDO_ABSENCE,NEG_2810,25.111847,90.470973,1,Garo Hills Block,1:3,19569.59,20577,NO
PSEUDO_ABSENCE,NEG_2811,25.029520,91.984189,3,East Khasi Block,1:3,17814.69,19720,NO
PSEUDO_ABSENCE,NEG_2812,25.391993,92.199290,5,Jaintia Hills Block,1:3,4222.60,20050,NO
PSEUDO_ABSENCE,NEG_2813,25.386051,92.298968,5,Jaintia Hills Block,1:3,4059.79,20043,NO
PSEUDO_ABSENCE,NEG_2814,25.161154,90.328788,1,Garo Hills Block,1:3,15440.05,19854,NO
PSEUDO_ABSENCE,NEG_2815,25.388147,91.045887,2,West Khasi Block,1:3,1464.54,20001,NO
PSEUDO_ABSENCE,NEG_2816,25.396599,92.129123,5,Jaintia Hills Block,1:3,4169.34,20592,NO
PSEUDO_ABSENCE,NEG_2817,25.124708,90.871212,1,Garo Hills Block,1:3,18577.73,19727,NO
PSEUDO_ABSENCE,NEG_2818,25.924219,90.003731,1,Garo Hills Block,1:3,33323.92,20364,NO
PSEUDO_ABSENCE,NEG_2819,26.037731,92.808266,4,Ri-Bhoi Block,1:3,6706.58,20534,NO
PSEUDO_ABSENCE,NEG_2820,25.115654,90.688381,1,Garo Hills Block,1:3,11939.13,20577,NO
PSEUDO_ABSENCE,NEG_2821,25.422193,92.167994,5,Jaintia Hills Block,1:3,674.63,20592,NO
PSEUDO_ABSENCE,NEG_2822,25.663601,91.765315,4,Ri-Bhoi Block,1:3,7644.44,20298,NO
PSEUDO_ABSENCE,NEG_2823,25.838111,90.159836,1,Garo Hills Block,1:3,18801.85,20364,NO
PSEUDO_ABSENCE,NEG_2824,25.919866,91.952140,4,Ri-Bhoi Block,1:3,3856.41,20447,NO
PSEUDO_ABSENCE,NEG_2825,25.643529,92.513693,5,Jaintia Hills Block,1:3,7032.38,20271,NO
PSEUDO_ABSENCE,NEG_2826,25.776331,90.415185,1,Garo Hills Block,1:3,2912.63,20415,NO
PSEUDO_ABSENCE,NEG_2827,25.484125,91.306831,2,West Khasi Block,1:3,3181.84,20096,NO
PSEUDO_ABSENCE,NEG_2828,25.079635,92.711644,5,Jaintia Hills Block,1:3,17110.59,19669,NO
PSEUDO_ABSENCE,NEG_2829,25.158863,91.927257,3,East Khasi Block,1:3,8222.22,19734,NO
PSEUDO_ABSENCE,NEG_2830,25.566730,89.878178,1,Garo Hills Block,1:3,10184.74,20655,NO
PSEUDO_ABSENCE,NEG_2831,26.018727,92.398102,4,Ri-Bhoi Block,1:3,16384.40,20481,NO
PSEUDO_ABSENCE,NEG_2832,25.586199,90.498274,1,Garo Hills Block,1:3,13191.79,20194,NO
PSEUDO_ABSENCE,NEG_2833,25.151353,90.908347,1,Garo Hills Block,1:3,14020.78,19727,NO
PSEUDO_ABSENCE,NEG_2834,25.295863,91.345408,2,West Khasi Block,1:3,2014.54,19881,NO
PSEUDO_ABSENCE,NEG_2835,26.063722,91.553608,4,Ri-Bhoi Block,1:3,5984.22,20472,NO
PSEUDO_ABSENCE,NEG_2836,25.981126,91.785180,4,Ri-Bhoi Block,1:3,6595.63,20473,NO
PSEUDO_ABSENCE,NEG_2837,25.533266,92.406553,5,Jaintia Hills Block,1:3,1074.63,20121,NO
PSEUDO_ABSENCE,NEG_2838,25.529078,92.449316,5,Jaintia Hills Block,1:3,605.45,20126,NO
PSEUDO_ABSENCE,NEG_2839,25.334903,90.192880,1,Garo Hills Block,1:3,9242.91,19854,NO
PSEUDO_ABSENCE,NEG_2840,25.943740,91.591616,4,Ri-Bhoi Block,1:3,2474.38,20436,NO
PSEUDO_ABSENCE,NEG_2841,25.980220,92.660373,4,Ri-Bhoi Block,1:3,20479.13,20534,NO
PSEUDO_ABSENCE,NEG_2842,25.077919,91.327956,2,West Khasi Block,1:3,13932.18,19721,NO
PSEUDO_ABSENCE,NEG_2843,25.424962,91.708868,3,East Khasi Block,1:3,1258.38,20045,NO
PSEUDO_ABSENCE,NEG_2844,25.877078,90.655800,1,Garo Hills Block,1:3,23668.94,20415,NO
PSEUDO_ABSENCE,NEG_2845,25.621342,91.961622,3,East Khasi Block,1:3,3328.98,20313,NO
PSEUDO_ABSENCE,NEG_2846,25.165186,92.282904,5,Jaintia Hills Block,1:3,4406.93,19703,NO
PSEUDO_ABSENCE,NEG_2847,25.674598,92.696089,4,Ri-Bhoi Block,1:3,18533.46,20214,NO
PSEUDO_ABSENCE,NEG_2848,25.386691,90.129845,1,Garo Hills Block,1:3,7005.16,20578,NO
PSEUDO_ABSENCE,NEG_2849,25.567021,90.061723,1,Garo Hills Block,1:3,4854.91,20254,NO
PSEUDO_ABSENCE,NEG_2850,26.067089,89.917989,1,Garo Hills Block,1:3,51349.98,20364,NO
PSEUDO_ABSENCE,NEG_2851,25.833784,91.401562,4,Ri-Bhoi Block,1:3,6884.04,20424,NO
PSEUDO_ABSENCE,NEG_2852,25.418110,90.000819,1,Garo Hills Block,1:3,7224.57,20578,NO
PSEUDO_ABSENCE,NEG_2853,25.691940,91.584922,4,Ri-Bhoi Block,1:3,1536.86,20653,NO
PSEUDO_ABSENCE,NEG_2854,25.323354,92.576176,5,Jaintia Hills Block,1:3,1790.88,19941,NO
PSEUDO_ABSENCE,NEG_2855,25.348439,91.171663,2,West Khasi Block,1:3,5482.07,19973,NO
PSEUDO_ABSENCE,NEG_2856,25.607263,90.105707,1,Garo Hills Block,1:3,7634.44,20254,NO
PSEUDO_ABSENCE,NEG_2857,26.026735,90.942335,1,Garo Hills Block,1:3,24381.94,20423,NO
PSEUDO_ABSENCE,NEG_2858,25.107242,90.981238,1,Garo Hills Block,1:3,11092.46,19727,NO
PSEUDO_ABSENCE,NEG_2859,25.668219,91.366641,4,Ri-Bhoi Block,1:3,8202.61,20282,NO
PSEUDO_ABSENCE,NEG_2860,25.770105,89.969226,1,Garo Hills Block,1:3,19871.05,20254,NO
PSEUDO_ABSENCE,NEG_2861,25.327304,92.298653,5,Jaintia Hills Block,1:3,6600.99,19884,NO
PSEUDO_ABSENCE,NEG_2862,25.106285,92.409232,5,Jaintia Hills Block,1:3,2705.85,19675,NO
PSEUDO_ABSENCE,NEG_2863,25.119248,92.345085,5,Jaintia Hills Block,1:3,842.59,19671,NO
PSEUDO_ABSENCE,NEG_2864,25.409651,91.667238,3,East Khasi Block,1:3,1229.25,20606,NO
PSEUDO_ABSENCE,NEG_2865,25.185118,90.001815,1,Garo Hills Block,1:3,22629.89,20578,NO
PSEUDO_ABSENCE,NEG_2866,25.253213,90.189954,1,Garo Hills Block,1:3,2507.10,19854,NO
PSEUDO_ABSENCE,NEG_2867,25.357398,91.368869,2,West Khasi Block,1:3,5904.72,19916,NO
PSEUDO_ABSENCE,NEG_2868,25.655860,92.209098,4,Ri-Bhoi Block,1:3,5535.26,20373,NO
PSEUDO_ABSENCE,NEG_2869,25.728739,91.656713,4,Ri-Bhoi Block,1:3,1972.51,20648,NO
PSEUDO_ABSENCE,NEG_2870,25.464725,91.245116,2,West Khasi Block,1:3,5191.86,20104,NO
PSEUDO_ABSENCE,NEG_2871,25.467682,92.368606,5,Jaintia Hills Block,1:3,8126.32,20121,NO
PSEUDO_ABSENCE,NEG_2872,25.268400,89.817449,1,Garo Hills Block,1:3,27468.23,20578,NO
PSEUDO_ABSENCE,NEG_2873,25.723425,90.417510,1,Garo Hills Block,1:3,7737.86,20415,NO
PSEUDO_ABSENCE,NEG_2874,25.981324,92.420091,4,Ri-Bhoi Block,1:3,19968.38,20481,NO
PSEUDO_ABSENCE,NEG_2875,25.102866,90.124485,1,Garo Hills Block,1:3,19126.90,19854,NO
PSEUDO_ABSENCE,NEG_2876,25.554785,91.658129,3,East Khasi Block,1:3,1283.64,20165,NO
PSEUDO_ABSENCE,NEG_2877,25.316901,91.986233,3,East Khasi Block,1:3,3589.56,19945,NO
PSEUDO_ABSENCE,NEG_2878,25.662509,90.790714,1,Garo Hills Block,1:3,3450.78,20309,NO
PSEUDO_ABSENCE,NEG_2879,25.047401,92.087958,5,Jaintia Hills Block,1:3,11972.90,19685,NO
PSEUDO_ABSENCE,NEG_2880,25.251934,92.345145,5,Jaintia Hills Block,1:3,3245.66,19883,NO
PSEUDO_ABSENCE,NEG_2881,25.473913,91.560086,2,West Khasi Block,1:3,4245.94,20581,NO
PSEUDO_ABSENCE,NEG_2882,25.962785,92.434050,4,Ri-Bhoi Block,1:3,22168.42,20481,NO
PSEUDO_ABSENCE,NEG_2883,25.421241,90.437111,1,Garo Hills Block,1:3,16835.58,20194,NO
PSEUDO_ABSENCE,NEG_2884,25.857158,91.120895,4,Ri-Bhoi Block,1:3,3574.19,20421,NO
PSEUDO_ABSENCE,NEG_2885,25.227405,92.558497,5,Jaintia Hills Block,1:3,11847.21,19926,NO
PSEUDO_ABSENCE,NEG_2886,25.233953,89.878712,1,Garo Hills Block,1:3,24556.08,20578,NO
PSEUDO_ABSENCE,NEG_2887,25.041902,91.698062,3,East Khasi Block,1:3,14173.52,19713,NO
PSEUDO_ABSENCE,NEG_2888,25.734609,90.748677,1,Garo Hills Block,1:3,7665.40,20403,NO
PSEUDO_ABSENCE,NEG_2889,25.365612,90.835456,1,Garo Hills Block,1:3,2296.90,19994,NO
PSEUDO_ABSENCE,NEG_2890,25.754571,89.977308,1,Garo Hills Block,1:3,17980.38,20254,NO
PSEUDO_ABSENCE,NEG_2891,26.023446,90.478689,1,Garo Hills Block,1:3,26244.86,20415,NO
PSEUDO_ABSENCE,NEG_2892,26.099647,90.323144,1,Garo Hills Block,1:3,36359.68,20415,NO
PSEUDO_ABSENCE,NEG_2893,25.853270,90.481408,1,Garo Hills Block,1:3,8165.38,20415,NO
PSEUDO_ABSENCE,NEG_2894,25.107315,92.468547,5,Jaintia Hills Block,1:3,7720.75,19615,NO
PSEUDO_ABSENCE,NEG_2895,25.947451,91.030890,4,Ri-Bhoi Block,1:3,13199.13,20423,NO
PSEUDO_ABSENCE,NEG_2896,25.778588,91.499051,4,Ri-Bhoi Block,1:3,7422.14,20424,NO
PSEUDO_ABSENCE,NEG_2897,25.941193,90.760921,1,Garo Hills Block,1:3,25724.45,20403,NO
PSEUDO_ABSENCE,NEG_2898,25.585566,91.280386,2,West Khasi Block,1:3,4166.05,20179,NO
PSEUDO_ABSENCE,NEG_2899,25.402218,92.518938,5,Jaintia Hills Block,1:3,4254.54,19991,NO
PSEUDO_ABSENCE,NEG_2900,25.199148,90.256001,1,Garo Hills Block,1:3,7388.19,19854,NO
PSEUDO_ABSENCE,NEG_2901,25.643062,91.805357,3,East Khasi Block,1:3,3039.72,20298,NO
PSEUDO_ABSENCE,NEG_2902,25.230189,90.991688,1,Garo Hills Block,1:3,6535.95,19727,NO
PSEUDO_ABSENCE,NEG_2903,26.042289,90.552183,1,Garo Hills Block,1:3,30213.69,20415,NO
PSEUDO_ABSENCE,NEG_2904,25.741830,92.057456,4,Ri-Bhoi Block,1:3,4283.94,20408,NO
PSEUDO_ABSENCE,NEG_2905,25.503979,92.659454,5,Jaintia Hills Block,1:3,13165.54,20214,NO
PSEUDO_ABSENCE,NEG_2906,25.815589,91.196670,4,Ri-Bhoi Block,1:3,4665.35,20425,NO
PSEUDO_ABSENCE,NEG_2907,25.634882,91.912471,3,East Khasi Block,1:3,1089.79,20293,NO
PSEUDO_ABSENCE,NEG_2908,25.659565,92.480028,4,Ri-Bhoi Block,1:3,5952.62,20271,NO
PSEUDO_ABSENCE,NEG_2909,25.405440,90.714652,1,Garo Hills Block,1:3,536.44,20034,NO
PSEUDO_ABSENCE,NEG_2910,25.250946,89.915238,1,Garo Hills Block,1:3,20588.65,20578,NO
PSEUDO_ABSENCE,NEG_2911,25.066455,92.453668,5,Jaintia Hills Block,1:3,2944.58,19615,NO
PSEUDO_ABSENCE,NEG_2912,25.752665,91.814624,4,Ri-Bhoi Block,1:3,6783.88,20497,NO
PSEUDO_ABSENCE,NEG_2913,25.683814,92.390118,4,Ri-Bhoi Block,1:3,10175.07,20271,NO
PSEUDO_ABSENCE,NEG_2914,25.538688,92.454753,5,Jaintia Hills Block,1:3,1033.56,20126,NO
PSEUDO_ABSENCE,NEG_2915,25.408201,92.626458,5,Jaintia Hills Block,1:3,3964.70,19996,NO
PSEUDO_ABSENCE,NEG_2916,25.774550,90.584390,1,Garo Hills Block,1:3,14558.89,20415,NO
PSEUDO_ABSENCE,NEG_2917,25.629212,91.425743,2,West Khasi Block,1:3,8673.07,20244,NO
PSEUDO_ABSENCE,NEG_2918,25.168931,91.603291,3,East Khasi Block,1:3,2164.96,19719,NO
PSEUDO_ABSENCE,NEG_2919,25.359968,89.959664,1,Garo Hills Block,1:3,10397.80,20578,NO
PSEUDO_ABSENCE,NEG_2920,26.044549,91.756546,4,Ri-Bhoi Block,1:3,5412.05,20485,NO
PSEUDO_ABSENCE,NEG_2921,25.967072,91.861971,4,Ri-Bhoi Block,1:3,611.37,20537,NO
PSEUDO_ABSENCE,NEG_2922,25.405542,91.363699,2,West Khasi Block,1:3,4678.38,20047,NO
PSEUDO_ABSENCE,NEG_2923,25.749807,92.728770,4,Ri-Bhoi Block,1:3,26679.18,20214,NO
PSEUDO_ABSENCE,NEG_2924,25.293963,92.468680,5,Jaintia Hills Block,1:3,4740.36,19926,NO
PSEUDO_ABSENCE,NEG_2925,26.018004,91.844767,4,Ri-Bhoi Block,1:3,1269.46,20473,NO
PSEUDO_ABSENCE,NEG_2926,26.025768,91.013530,4,Ri-Bhoi Block,1:3,22071.81,20423,NO
PSEUDO_ABSENCE,NEG_2927,26.049257,91.943488,4,Ri-Bhoi Block,1:3,4982.72,20478,NO
PSEUDO_ABSENCE,NEG_2928,25.065366,92.565962,5,Jaintia Hills Block,1:3,12384.51,19614,NO
PSEUDO_ABSENCE,NEG_2929,25.543231,91.203997,2,West Khasi Block,1:3,728.97,20135,NO
PSEUDO_ABSENCE,NEG_2930,25.631784,90.255623,1,Garo Hills Block,1:3,4212.73,20267,NO
PSEUDO_ABSENCE,NEG_2931,25.526699,92.334938,5,Jaintia Hills Block,1:3,2794.04,20181,NO
PSEUDO_ABSENCE,NEG_2932,25.036721,90.632397,1,Garo Hills Block,1:3,19292.47,20577,NO
PSEUDO_ABSENCE,NEG_2933,25.022651,91.067919,2,West Khasi Block,1:3,18962.77,19727,NO
PSEUDO_ABSENCE,NEG_2934,25.806581,92.236254,4,Ri-Bhoi Block,1:3,9354.68,20417,NO
PSEUDO_ABSENCE,NEG_2935,26.040805,91.655939,4,Ri-Bhoi Block,1:3,9206.67,20472,NO
PSEUDO_ABSENCE,NEG_2936,25.294997,92.618651,5,Jaintia Hills Block,1:3,5196.09,19941,NO
PSEUDO_ABSENCE,NEG_2937,25.857341,91.552007,4,Ri-Bhoi Block,1:3,6363.99,20431,NO
PSEUDO_ABSENCE,NEG_2938,25.771291,92.619165,4,Ri-Bhoi Block,1:3,23287.31,20214,NO
PSEUDO_ABSENCE,NEG_2939,25.789386,90.923542,1,Garo Hills Block,1:3,8735.87,20419,NO
PSEUDO_ABSENCE,NEG_2940,25.790070,89.922848,1,Garo Hills Block,1:3,23705.57,20254,NO
PSEUDO_ABSENCE,NEG_2941,25.437329,91.039285,2,West Khasi Block,1:3,1118.01,20056,NO
PSEUDO_ABSENCE,NEG_2942,25.200185,89.870411,1,Garo Hills Block,1:3,27779.24,20578,NO
PSEUDO_ABSENCE,NEG_2943,25.164052,91.796596,3,East Khasi Block,1:3,4446.28,19722,NO
PSEUDO_ABSENCE,NEG_2944,25.886472,92.814021,4,Ri-Bhoi Block,1:3,13937.13,20534,NO
PSEUDO_ABSENCE,NEG_2945,25.394073,91.628107,3,East Khasi Block,1:3,4135.58,20575,NO
PSEUDO_ABSENCE,NEG_2946,26.032117,90.309477,1,Garo Hills Block,1:3,29920.29,20415,NO
PSEUDO_ABSENCE,NEG_2947,25.795057,92.102685,4,Ri-Bhoi Block,1:3,4086.24,20417,NO
PSEUDO_ABSENCE,NEG_2948,25.116094,92.426811,5,Jaintia Hills Block,1:3,3901.80,19675,NO
PSEUDO_ABSENCE,NEG_2949,25.898153,89.901879,1,Garo Hills Block,1:3,35549.72,20254,NO
PSEUDO_ABSENCE,NEG_2950,25.118371,89.949837,1,Garo Hills Block,1:3,30647.01,19854,NO
PSEUDO_ABSENCE,NEG_2951,25.381523,91.353331,2,West Khasi Block,1:3,7055.64,20064,NO
PSEUDO_ABSENCE,NEG_2952,25.594936,90.616384,1,Garo Hills Block,1:3,10086.76,20110,NO
PSEUDO_ABSENCE,NEG_2953,26.004525,90.923202,1,Garo Hills Block,1:3,23182.29,20423,NO
PSEUDO_ABSENCE,NEG_2954,25.069194,90.715693,1,Garo Hills Block,1:3,17791.72,20577,NO
PSEUDO_ABSENCE,NEG_2955,25.593598,91.045077,2,West Khasi Block,1:3,3040.96,20270,NO
PSEUDO_ABSENCE,NEG_2956,25.315750,90.200536,1,Garo Hills Block,1:3,6995.02,19854,NO
PSEUDO_ABSENCE,NEG_2957,25.904698,92.838243,4,Ri-Bhoi Block,1:3,11287.29,20534,NO
PSEUDO_ABSENCE,NEG_2958,25.375906,90.963944,1,Garo Hills Block,1:3,6166.09,20524,NO
PSEUDO_ABSENCE,NEG_2959,25.687481,91.991246,4,Ri-Bhoi Block,1:3,2663.22,20361,NO
PSEUDO_ABSENCE,NEG_2960,25.443392,92.560035,5,Jaintia Hills Block,1:3,6698.73,20078,NO
PSEUDO_ABSENCE,NEG_2961,25.624804,91.173690,2,West Khasi Block,1:3,512.56,20630,NO
PSEUDO_ABSENCE,NEG_2962,25.718407,92.706052,4,Ri-Bhoi Block,1:3,22569.11,20214,NO
PSEUDO_ABSENCE,NEG_2963,25.878116,89.922040,1,Garo Hills Block,1:3,32761.15,20254,NO
PSEUDO_ABSENCE,NEG_2964,25.378895,91.235161,2,West Khasi Block,1:3,2457.08,19974,NO
PSEUDO_ABSENCE,NEG_2965,25.359679,91.935572,3,East Khasi Block,1:3,2987.15,19940,NO
PSEUDO_ABSENCE,NEG_2966,25.912371,92.030603,4,Ri-Bhoi Block,1:3,4408.70,20430,NO
PSEUDO_ABSENCE,NEG_2967,26.088480,90.631270,1,Garo Hills Block,1:3,38305.74,20415,NO
PSEUDO_ABSENCE,NEG_2968,25.964989,92.138199,4,Ri-Bhoi Block,1:3,8160.46,20455,NO
PSEUDO_ABSENCE,NEG_2969,25.411153,92.039080,5,Jaintia Hills Block,1:3,2642.91,20032,NO
PSEUDO_ABSENCE,NEG_2970,25.132402,92.207467,5,Jaintia Hills Block,1:3,1511.80,19680,NO
PSEUDO_ABSENCE,NEG_2971,25.594917,90.691485,1,Garo Hills Block,1:3,9728.06,20110,NO
PSEUDO_ABSENCE,NEG_2972,25.728239,91.756941,4,Ri-Bhoi Block,1:3,8151.60,20648,NO
PSEUDO_ABSENCE,NEG_2973,25.246245,89.892712,1,Garo Hills Block,1:3,22595.20,20578,NO
PSEUDO_ABSENCE,NEG_2974,25.488312,91.537011,2,West Khasi Block,1:3,3563.93,20113,NO
PSEUDO_ABSENCE,NEG_2975,25.966734,92.631061,4,Ri-Bhoi Block,1:3,23603.22,20534,NO
PSEUDO_ABSENCE,NEG_2976,25.591110,92.099101,5,Jaintia Hills Block,1:3,4207.83,20239,NO
PSEUDO_ABSENCE,NEG_2977,25.494448,92.075551,5,Jaintia Hills Block,1:3,646.48,20083,NO
PSEUDO_ABSENCE,NEG_2978,25.241186,90.931747,1,Garo Hills Block,1:3,8662.76,19911,NO
PSEUDO_ABSENCE,NEG_2979,25.704966,89.855382,1,Garo Hills Block,1:3,19369.85,20232,NO
PSEUDO_ABSENCE,NEG_2980,25.800258,92.348383,4,Ri-Bhoi Block,1:3,20518.99,20417,NO
PSEUDO_ABSENCE,NEG_2981,25.451073,91.166224,2,West Khasi Block,1:3,5043.48,20087,NO
PSEUDO_ABSENCE,NEG_2982,25.939385,92.165747,4,Ri-Bhoi Block,1:3,8282.16,20428,NO
PSEUDO_ABSENCE,NEG_2983,25.331201,90.788127,1,Garo Hills Block,1:3,5459.04,19994,NO
PSEUDO_ABSENCE,NEG_2984,25.753188,91.517754,4,Ri-Bhoi Block,1:3,5653.94,20654,NO
PSEUDO_ABSENCE,NEG_2985,25.195208,90.745286,1,Garo Hills Block,1:3,11499.13,20577,NO
PSEUDO_ABSENCE,NEG_2986,25.991982,91.898932,4,Ri-Bhoi Block,1:3,2000.16,20470,NO
PSEUDO_ABSENCE,NEG_2987,26.084852,92.139388,4,Ri-Bhoi Block,1:3,10065.51,20480,NO
PSEUDO_ABSENCE,NEG_2988,26.037332,90.459375,1,Garo Hills Block,1:3,27570.25,20415,NO
PSEUDO_ABSENCE,NEG_2989,25.853204,89.861663,1,Garo Hills Block,1:3,32818.54,20254,NO
PSEUDO_ABSENCE,NEG_2990,25.744421,91.231311,4,Ri-Bhoi Block,1:3,7083.93,20394,NO
PSEUDO_ABSENCE,NEG_2991,25.394501,92.430333,5,Jaintia Hills Block,1:3,2126.97,19995,NO
PSEUDO_ABSENCE,NEG_2992,25.942609,89.868020,1,Garo Hills Block,1:3,41405.53,20254,NO
PSEUDO_ABSENCE,NEG_2993,25.678266,90.921888,1,Garo Hills Block,1:3,10828.47,20403,NO
PSEUDO_ABSENCE,NEG_2994,25.468914,92.337724,5,Jaintia Hills Block,1:3,7203.03,20043,NO
PSEUDO_ABSENCE,NEG_2995,25.354627,92.676299,5,Jaintia Hills Block,1:3,4200.72,19922,NO
PSEUDO_ABSENCE,NEG_2996,25.214005,91.821303,3,East Khasi Block,1:3,4116.34,19734,NO
PSEUDO_ABSENCE,NEG_2997,25.745873,90.569195,1,Garo Hills Block,1:3,13836.54,20415,NO
PSEUDO_ABSENCE,NEG_2998,25.370731,92.346135,5,Jaintia Hills Block,1:3,8048.36,20043,NO
PSEUDO_ABSENCE,NEG_2999,25.842750,90.803742,1,Garo Hills Block,1:3,14153.60,20403,NO
PSEUDO_ABSENCE,NEG_3000,25.596673,89.988125,1,Garo Hills Block,1:3,1863.46,20232,NO
PSEUDO_ABSENCE,NEG_3001,25.245446,91.281753,2,West Khasi Block,1:3,6643.71,19751,NO
PSEUDO_ABSENCE,NEG_3002,25.795447,92.678083,4,Ri-Bhoi Block,1:3,28005.96,20214,NO
PSEUDO_ABSENCE,NEG_3003,25.768944,92.668224,4,Ri-Bhoi Block,1:3,24936.29,20214,NO
PSEUDO_ABSENCE,NEG_3004,25.618874,91.630667,3,East Khasi Block,1:3,1367.52,20608,NO
PSEUDO_ABSENCE,NEG_3005,26.075129,91.758494,4,Ri-Bhoi Block,1:3,2788.22,20485,NO
PSEUDO_ABSENCE,NEG_3006,25.053249,92.007598,5,Jaintia Hills Block,1:3,14747.47,19720,NO
PSEUDO_ABSENCE,NEG_3007,25.997906,92.226520,4,Ri-Bhoi Block,1:3,6870.07,20480,NO
PSEUDO_ABSENCE,NEG_3008,25.650540,91.847476,4,Ri-Bhoi Block,1:3,994.55,20322,NO
PSEUDO_ABSENCE,NEG_3009,26.089407,90.076519,1,Garo Hills Block,1:3,47771.18,20364,NO
PSEUDO_ABSENCE,NEG_3010,25.740624,90.664363,1,Garo Hills Block,1:3,16068.39,20403,NO
PSEUDO_ABSENCE,NEG_3011,25.711298,91.653252,4,Ri-Bhoi Block,1:3,1528.01,20399,NO
PSEUDO_ABSENCE,NEG_3012,25.185733,90.430577,1,Garo Hills Block,1:3,20468.29,20577,NO
PSEUDO_ABSENCE,NEG_3013,25.691360,90.191101,1,Garo Hills Block,1:3,2622.74,20364,NO
PSEUDO_ABSENCE,NEG_3014,25.306395,92.347499,5,Jaintia Hills Block,1:3,2751.35,19884,NO
PSEUDO_ABSENCE,NEG_3015,25.373259,91.288583,2,West Khasi Block,1:3,6222.57,19974,NO
PSEUDO_ABSENCE,NEG_3016,26.036432,90.492805,1,Garo Hills Block,1:3,27906.29,20415,NO
PSEUDO_ABSENCE,NEG_3017,25.440796,91.649696,3,East Khasi Block,1:3,4169.18,20606,NO
PSEUDO_ABSENCE,NEG_3018,25.835766,92.550043,4,Ri-Bhoi Block,1:3,26722.95,20271,NO
PSEUDO_ABSENCE,NEG_3019,26.008711,92.168752,4,Ri-Bhoi Block,1:3,8748.57,20480,NO
PSEUDO_ABSENCE,NEG_3020,25.266597,89.875668,1,Garo Hills Block,1:3,22541.91,20578,NO
PSEUDO_ABSENCE,NEG_3021,25.434476,90.231724,1,Garo Hills Block,1:3,7380.39,20093,NO
PSEUDO_ABSENCE,NEG_3022,25.787219,91.816448,4,Ri-Bhoi Block,1:3,5847.75,20497,NO
PSEUDO_ABSENCE,NEG_3023,25.067489,92.351611,5,Jaintia Hills Block,1:3,1474.67,20520,NO
PSEUDO_ABSENCE,NEG_3024,25.288643,91.118293,2,West Khasi Block,1:3,4647.07,19909,NO
PSEUDO_ABSENCE,NEG_3025,25.741368,91.109727,4,Ri-Bhoi Block,1:3,5246.56,20390,NO
PSEUDO_ABSENCE,NEG_3026,25.496591,90.000165,1,Garo Hills Block,1:3,4230.31,20127,NO
PSEUDO_ABSENCE,NEG_3027,25.453559,92.132786,5,Jaintia Hills Block,1:3,3728.82,20068,NO
PSEUDO_ABSENCE,NEG_3028,26.008390,91.061166,4,Ri-Bhoi Block,1:3,19867.47,20423,NO
PSEUDO_ABSENCE,NEG_3029,25.477473,91.943013,3,East Khasi Block,1:3,6053.70,20125,NO
PSEUDO_ABSENCE,NEG_3030,26.038194,90.614536,1,Garo Hills Block,1:3,32655.16,20415,NO
PSEUDO_ABSENCE,NEG_3031,25.495356,92.227718,5,Jaintia Hills Block,1:3,4469.90,20487,NO
PSEUDO_ABSENCE,NEG_3032,25.678469,90.137288,1,Garo Hills Block,1:3,4382.83,20364,NO
PSEUDO_ABSENCE,NEG_3033,25.697951,90.369576,1,Garo Hills Block,1:3,5433.28,20336,NO
PSEUDO_ABSENCE,NEG_3034,25.571033,91.413765,2,West Khasi Block,1:3,5084.35,20124,NO
PSEUDO_ABSENCE,NEG_3035,25.966300,91.210608,4,Ri-Bhoi Block,1:3,13554.79,20425,NO
PSEUDO_ABSENCE,NEG_3036,25.321798,90.504447,1,Garo Hills Block,1:3,16395.88,19842,NO
PSEUDO_ABSENCE,NEG_3037,25.964192,90.321583,1,Garo Hills Block,1:3,22705.12,20415,NO
PSEUDO_ABSENCE,NEG_3038,25.479938,90.370878,1,Garo Hills Block,1:3,8804.54,20174,NO
PSEUDO_ABSENCE,NEG_3039,25.855168,91.246837,4,Ri-Bhoi Block,1:3,7710.25,20425,NO
PSEUDO_ABSENCE,NEG_3040,25.399235,90.901354,1,Garo Hills Block,1:3,4972.78,20063,NO
PSEUDO_ABSENCE,NEG_3041,25.940391,91.489011,4,Ri-Bhoi Block,1:3,5970.11,20448,NO
PSEUDO_ABSENCE,NEG_3042,25.795297,92.535967,4,Ri-Bhoi Block,1:3,22021.38,20271,NO
PSEUDO_ABSENCE,NEG_3043,25.993881,90.801953,1,Garo Hills Block,1:3,29895.54,20420,NO
PSEUDO_ABSENCE,NEG_3044,26.048647,89.875871,1,Garo Hills Block,1:3,51949.76,20364,NO
PSEUDO_ABSENCE,NEG_3045,25.426982,92.532187,5,Jaintia Hills Block,1:3,6708.51,20078,NO
PSEUDO_ABSENCE,NEG_3046,25.316608,90.632898,1,Garo Hills Block,1:3,8645.78,19842,NO
PSEUDO_ABSENCE,NEG_3047,25.346832,91.667556,3,East Khasi Block,1:3,1780.94,19939,NO
PSEUDO_ABSENCE,NEG_3048,25.493399,92.016541,5,Jaintia Hills Block,1:3,4311.03,20075,NO
PSEUDO_ABSENCE,NEG_3049,25.986503,91.856308,4,Ri-Bhoi Block,1:3,913.06,20464,NO
PSEUDO_ABSENCE,NEG_3050,25.240824,92.644680,5,Jaintia Hills Block,1:3,9217.88,19910,NO
PSEUDO_ABSENCE,NEG_3051,25.305652,90.257178,1,Garo Hills Block,1:3,7130.86,19854,NO
PSEUDO_ABSENCE,NEG_3052,25.117165,91.518320,2,West Khasi Block,1:3,4664.18,19704,NO
PSEUDO_ABSENCE,NEG_3053,25.142863,90.223266,1,Garo Hills Block,1:3,12407.86,19854,NO
PSEUDO_ABSENCE,NEG_3054,25.344033,90.659042,1,Garo Hills Block,1:3,6472.34,20024,NO
PSEUDO_ABSENCE,NEG_3055,25.672579,92.291073,4,Ri-Bhoi Block,1:3,10771.01,20230,NO
PSEUDO_ABSENCE,NEG_3056,25.842258,90.600578,1,Garo Hills Block,1:3,17091.53,20415,NO
PSEUDO_ABSENCE,NEG_3057,25.284935,92.745664,5,Jaintia Hills Block,1:3,5782.33,19910,NO
PSEUDO_ABSENCE,NEG_3058,25.028895,92.483148,5,Jaintia Hills Block,1:3,3947.88,19614,NO
PSEUDO_ABSENCE,NEG_3059,25.235707,92.689217,5,Jaintia Hills Block,1:3,8279.81,19910,NO
PSEUDO_ABSENCE,NEG_3060,25.389692,91.143073,2,West Khasi Block,1:3,9066.67,19973,NO
PSEUDO_ABSENCE,NEG_3061,25.783690,91.592391,4,Ri-Bhoi Block,1:3,5321.75,20654,NO
PSEUDO_ABSENCE,NEG_3062,25.363374,91.489184,2,West Khasi Block,1:3,1273.15,20595,NO
PSEUDO_ABSENCE,NEG_3063,25.809163,89.929122,1,Garo Hills Block,1:3,25359.05,20254,NO
PSEUDO_ABSENCE,NEG_3064,25.032095,91.197104,2,West Khasi Block,1:3,19023.12,19739,NO
PSEUDO_ABSENCE,NEG_3065,25.162384,91.826250,3,East Khasi Block,1:3,5256.06,19734,NO
PSEUDO_ABSENCE,NEG_3066,25.251177,91.120196,2,West Khasi Block,1:3,5647.41,19841,NO
PSEUDO_ABSENCE,NEG_3067,25.233485,91.472875,2,West Khasi Block,1:3,2634.18,19851,NO
PSEUDO_ABSENCE,NEG_3068,25.145338,89.870476,1,Garo Hills Block,1:3,32479.10,20578,NO
PSEUDO_ABSENCE,NEG_3069,25.075222,92.710488,5,Jaintia Hills Block,1:3,17336.45,19669,NO
PSEUDO_ABSENCE,NEG_3070,25.173669,91.960859,3,East Khasi Block,1:3,4698.61,19726,NO
PSEUDO_ABSENCE,NEG_3071,25.093360,90.129889,1,Garo Hills Block,1:3,19822.66,19854,NO
PSEUDO_ABSENCE,NEG_3072,26.047707,92.681748,4,Ri-Bhoi Block,1:3,18821.56,20534,NO
PSEUDO_ABSENCE,NEG_3073,25.861977,91.636411,4,Ri-Bhoi Block,1:3,5265.33,20431,NO
PSEUDO_ABSENCE,NEG_3074,25.511357,90.886345,1,Garo Hills Block,1:3,7547.17,20195,NO
PSEUDO_ABSENCE,NEG_3075,26.042855,91.638872,4,Ri-Bhoi Block,1:3,7731.09,20472,NO
PSEUDO_ABSENCE,NEG_3076,25.645398,90.507298,1,Garo Hills Block,1:3,12770.50,20336,NO
PSEUDO_ABSENCE,NEG_3077,25.070434,92.682825,5,Jaintia Hills Block,1:3,20169.21,19669,NO
PSEUDO_ABSENCE,NEG_3078,25.358834,91.149897,2,West Khasi Block,1:3,7600.13,19973,NO
PSEUDO_ABSENCE,NEG_3079,25.143811,92.352619,5,Jaintia Hills Block,1:3,1673.46,19694,NO
PSEUDO_ABSENCE,NEG_3080,25.049842,92.343672,5,Jaintia Hills Block,1:3,3462.62,20520,NO
PSEUDO_ABSENCE,NEG_3081,25.171508,92.504021,5,Jaintia Hills Block,1:3,8721.15,19710,NO
PSEUDO_ABSENCE,NEG_3082,25.808154,90.302244,1,Garo Hills Block,1:3,13937.94,20415,NO
PSEUDO_ABSENCE,NEG_3083,25.631083,90.753602,1,Garo Hills Block,1:3,3873.78,20294,NO
PSEUDO_ABSENCE,NEG_3084,25.212492,92.420506,5,Jaintia Hills Block,1:3,4908.75,19729,NO
PSEUDO_ABSENCE,NEG_3085,25.455805,91.015558,2,West Khasi Block,1:3,4112.49,20056,NO
PSEUDO_ABSENCE,NEG_3086,25.203478,90.968350,1,Garo Hills Block,1:3,7380.03,19727,NO
PSEUDO_ABSENCE,NEG_3087,25.961346,90.907543,1,Garo Hills Block,1:3,20242.90,20420,NO
PSEUDO_ABSENCE,NEG_3088,26.047732,92.686242,4,Ri-Bhoi Block,1:3,18389.14,20534,NO
PSEUDO_ABSENCE,NEG_3089,25.176491,90.340799,1,Garo Hills Block,1:3,15334.88,19854,NO
PSEUDO_ABSENCE,NEG_3090,25.951688,90.997921,1,Garo Hills Block,1:3,14499.35,20423,NO
PSEUDO_ABSENCE,NEG_3091,25.024724,90.635309,1,Garo Hills Block,1:3,20628.83,20577,NO
PSEUDO_ABSENCE,NEG_3092,25.665439,92.237761,4,Ri-Bhoi Block,1:3,8083.32,20373,NO
PSEUDO_ABSENCE,NEG_3093,25.164060,90.137151,1,Garo Hills Block,1:3,12710.62,19854,NO
PSEUDO_ABSENCE,NEG_3094,26.015860,92.091003,4,Ri-Bhoi Block,1:3,5008.81,20465,NO
PSEUDO_ABSENCE,NEG_3095,25.656962,92.146020,4,Ri-Bhoi Block,1:3,2225.29,20373,NO
PSEUDO_ABSENCE,NEG_3096,25.483163,92.113290,5,Jaintia Hills Block,1:3,4037.46,20068,NO
PSEUDO_ABSENCE,NEG_3097,25.421547,90.544488,1,Garo Hills Block,1:3,14999.50,20024,NO
PSEUDO_ABSENCE,NEG_3098,25.807334,91.080000,4,Ri-Bhoi Block,1:3,3111.99,20418,NO
PSEUDO_ABSENCE,NEG_3099,26.079887,90.865930,1,Garo Hills Block,1:3,33327.91,20423,NO
PSEUDO_ABSENCE,NEG_3100,26.015466,92.645536,4,Ri-Bhoi Block,1:3,21832.78,20534,NO
PSEUDO_ABSENCE,NEG_3101,25.281201,92.234575,5,Jaintia Hills Block,1:3,3425.95,19868,NO
PSEUDO_ABSENCE,NEG_3102,25.487720,92.598450,5,Jaintia Hills Block,1:3,8793.81,20078,NO
PSEUDO_ABSENCE,NEG_3103,25.506134,92.070126,5,Jaintia Hills Block,1:3,1687.38,20083,NO
PSEUDO_ABSENCE,NEG_3104,25.524325,90.494792,1,Garo Hills Block,1:3,13133.50,20194,NO
PSEUDO_ABSENCE,NEG_3105,25.235298,91.097565,2,West Khasi Block,1:3,5929.34,19733,NO
PSEUDO_ABSENCE,NEG_3106,25.835934,91.645468,4,Ri-Bhoi Block,1:3,3831.41,20652,NO
PSEUDO_ABSENCE,NEG_3107,25.763720,90.661095,1,Garo Hills Block,1:3,16998.32,20403,NO
PSEUDO_ABSENCE,NEG_3108,25.539950,89.935406,1,Garo Hills Block,1:3,4609.04,20127,NO
PSEUDO_ABSENCE,NEG_3109,25.902935,92.819171,4,Ri-Bhoi Block,1:3,12044.19,20534,NO
PSEUDO_ABSENCE,NEG_3110,25.459429,89.833439,1,Garo Hills Block,1:3,16672.12,20127,NO
PSEUDO_ABSENCE,NEG_3111,25.203376,91.790207,3,East Khasi Block,1:3,3278.20,19801,NO
PSEUDO_ABSENCE,NEG_3112,25.681046,92.202987,4,Ri-Bhoi Block,1:3,4551.33,20374,NO
PSEUDO_ABSENCE,NEG_3113,25.294195,92.129077,5,Jaintia Hills Block,1:3,1947.47,20490,NO
PSEUDO_ABSENCE,NEG_3114,25.763023,90.784584,1,Garo Hills Block,1:3,6411.36,20403,NO
PSEUDO_ABSENCE,NEG_3115,25.609127,90.249185,1,Garo Hills Block,1:3,4093.72,20267,NO
PSEUDO_ABSENCE,NEG_3116,25.508770,92.487652,5,Jaintia Hills Block,1:3,3596.52,20078,NO
PSEUDO_ABSENCE,NEG_3117,25.474887,92.360678,5,Jaintia Hills Block,1:3,8005.42,20121,NO
PSEUDO_ABSENCE,NEG_3118,25.657474,90.385224,1,Garo Hills Block,1:3,982.27,20336,NO
PSEUDO_ABSENCE,NEG_3119,25.647595,91.343249,2,West Khasi Block,1:3,4925.33,20282,NO
PSEUDO_ABSENCE,NEG_3120,25.450533,90.164873,1,Garo Hills Block,1:3,7125.75,20091,NO
PSEUDO_ABSENCE,NEG_3121,25.470045,90.021925,1,Garo Hills Block,1:3,7883.50,20127,NO
PSEUDO_ABSENCE,NEG_3122,25.126671,91.068545,2,West Khasi Block,1:3,7728.87,19727,NO
PSEUDO_ABSENCE,NEG_3123,25.349812,92.622910,5,Jaintia Hills Block,1:3,1539.14,19989,NO
PSEUDO_ABSENCE,NEG_3124,25.425762,92.111467,5,Jaintia Hills Block,1:3,3165.06,20068,NO
PSEUDO_ABSENCE,NEG_3125,25.592667,91.947461,3,East Khasi Block,1:3,3036.54,20246,NO
PSEUDO_ABSENCE,NEG_3126,25.300925,92.672810,5,Jaintia Hills Block,1:3,2110.19,19918,NO
PSEUDO_ABSENCE,NEG_3127,25.592496,92.335538,5,Jaintia Hills Block,1:3,3280.21,20200,NO
PSEUDO_ABSENCE,NEG_3128,25.414249,90.105645,1,Garo Hills Block,1:3,5819.25,20578,NO
PSEUDO_ABSENCE,NEG_3129,25.747609,89.823667,1,Garo Hills Block,1:3,25005.28,20232,NO
PSEUDO_ABSENCE,NEG_3130,25.533316,90.388046,1,Garo Hills Block,1:3,3475.85,20194,NO
PSEUDO_ABSENCE,NEG_3131,25.697566,92.787231,4,Ri-Bhoi Block,1:3,27524.24,20214,NO
PSEUDO_ABSENCE,NEG_3132,25.521555,92.293370,5,Jaintia Hills Block,1:3,5107.13,20181,NO
PSEUDO_ABSENCE,NEG_3133,25.568407,91.312312,2,West Khasi Block,1:3,2445.74,20179,NO
PSEUDO_ABSENCE,NEG_3134,26.024857,92.514396,4,Ri-Bhoi Block,1:3,27607.65,20481,NO
PSEUDO_ABSENCE,NEG_3135,25.868665,90.703580,1,Garo Hills Block,1:3,20682.74,20403,NO
PSEUDO_ABSENCE,NEG_3136,25.608609,90.482887,1,Garo Hills Block,1:3,11295.12,20336,NO
PSEUDO_ABSENCE,NEG_3137,25.499430,91.276850,2,West Khasi Block,1:3,784.57,20096,NO
PSEUDO_ABSENCE,NEG_3138,25.918171,92.532887,4,Ri-Bhoi Block,1:3,33216.93,20481,NO
PSEUDO_ABSENCE,NEG_3139,25.467790,89.853999,1,Garo Hills Block,1:3,14414.26,20127,NO
PSEUDO_ABSENCE,NEG_3140,25.950716,90.331550,1,Garo Hills Block,1:3,20906.95,20415,NO
PSEUDO_ABSENCE,NEG_3141,25.691633,89.876161,1,Garo Hills Block,1:3,16861.87,20232,NO
PSEUDO_ABSENCE,NEG_3142,25.451467,92.807179,5,Jaintia Hills Block,1:3,18929.56,19919,NO
PSEUDO_ABSENCE,NEG_3143,25.128749,91.092264,2,West Khasi Block,1:3,8697.97,19727,NO
PSEUDO_ABSENCE,NEG_3144,25.351722,92.560519,5,Jaintia Hills Block,1:3,1271.38,19967,NO
PSEUDO_ABSENCE,NEG_3145,25.958887,90.524981,1,Garo Hills Block,1:3,20614.36,20415,NO
PSEUDO_ABSENCE,NEG_3146,25.107683,91.712772,3,East Khasi Block,1:3,7209.48,19713,NO
PSEUDO_ABSENCE,NEG_3147,25.383278,91.849857,3,East Khasi Block,1:3,2348.03,20017,NO
PSEUDO_ABSENCE,NEG_3148,25.054689,90.206868,1,Garo Hills Block,1:3,22198.08,19854,NO
PSEUDO_ABSENCE,NEG_3149,25.761282,90.447730,1,Garo Hills Block,1:3,3285.76,20415,NO
PSEUDO_ABSENCE,NEG_3150,25.946195,89.978702,1,Garo Hills Block,1:3,36732.09,20364,NO
PSEUDO_ABSENCE,NEG_3151,25.252721,92.845609,5,Jaintia Hills Block,1:3,15880.50,19669,NO
PSEUDO_ABSENCE,NEG_3152,25.487722,91.944045,3,East Khasi Block,1:3,5028.33,20125,NO
PSEUDO_ABSENCE,NEG_3153,25.217276,91.660100,3,East Khasi Block,1:3,1313.14,19800,NO
PSEUDO_ABSENCE,NEG_3154,25.804195,90.759154,1,Garo Hills Block,1:3,11626.50,20403,NO
PSEUDO_ABSENCE,NEG_3155,25.915209,91.640424,4,Ri-Bhoi Block,1:3,4653.44,20431,NO
PSEUDO_ABSENCE,NEG_3156,25.440253,91.500809,2,West Khasi Block,1:3,4701.34,20033,NO
