date,status,file,size_bytes,error
2007-03-01,DOWNLOADED_AND_VERIFIED,chirps_meg_2007.03.01.npy,7900,
2007-03-02,DOWNLOADED_AND_VERIFIED,chirps_meg_2007.03.02.npy,7900,
2007-03-03,DOWNLOADED_AND_VERIFIED,chirps_meg_2007.03.03.npy,7900,
2007-03-04,DOWNLOADED_AND_VERIFIED,chirps_meg_2007.03.04.npy,7900,
2007-03-05,DOWNLOADED_AND_VERIFIED,chirps_meg_2007.03.05.npy,7900,
2007-03-06,DOWNLOADED_AND_VERIFIED,chirps_meg_2007.03.06.npy,7900,
2007-03-07,DOWNLOADED_AND_VERIFIED,chirps_meg_2007.03.07.npy,7900,
2007-03-08,DOWNLOADED_AND_VERIFIED,chirps_meg_2007.03.08.npy,7900,
2007-03-09,DOWNLOADED_AND_VERIFIED,chirps_meg_2007.03.09.npy,7900,
2007-03-10,DOWNLOADED_AND_VERIFIED,chirps_meg_2007.03.10.npy,7900,
2007-03-11,DOWNLOADED_AND_VERIFIED,chirps_meg_2007.03.11.npy,7900,
2007-03-12,DOWNLOADED_AND_VERIFIED,chirps_meg_2007.03.12.npy,7900,
2007-03-13,DOWNLOADED_AND_VERIFIED,chirps_meg_2007.03.13.npy,7900,
2007-03-14,DOWNLOADED_AND_VERIFIED,chirps_meg_2007.03.14.npy,7900,
2007-03-15,DOWNLOADED_AND_VERIFIED,chirps_meg_2007.03.15.npy,7900,
2007-03-16,DOWNLOADED_AND_VERIFIED,chirps_meg_2007.03.16.npy,7900,
2007-03-17,DOWNLOADED_AND_VERIFIED,chirps_meg_2007.03.17.npy,7900,
2007-03-18,DOWNLOADED_AND_VERIFIED,chirps_meg_2007.03.18.npy,7900,
2007-03-19,DOWNLOADED_AND_VERIFIED,chirps_meg_2007.03.19.npy,7900,
2007-03-20,DOWNLOADED_AND_VERIFIED,chirps_meg_2007.03.20.npy,7900,
2007-03-21,DOWNLOADED_AND_VERIFIED,chirps_meg_2007.03.21.npy,7900,
2007-03-22,DOWNLOADED_AND_VERIFIED,chirps_meg_2007.03.22.npy,7900,
2007-03-23,DOWNLOADED_AND_VERIFIED,chirps_meg_2007.03.23.npy,7900,
2007-03-24,DOWNLOADED_AND_VERIFIED,chirps_meg_2007.03.24.npy,7900,
2007-03-25,DOWNLOADED_AND_VERIFIED,chirps_meg_2007.03.25.npy,7900,
2007-03-26,DOWNLOADED_AND_VERIFIED,chirps_meg_2007.03.26.npy,7900,
2007-03-27,DOWNLOADED_AND_VERIFIED,chirps_meg_2007.03.27.npy,7900,
2007-03-28,DOWNLOADED_AND_VERIFIED,chirps_meg_2007.03.28.npy,7900,
2007-03-29,DOWNLOADED_AND_VERIFIED,chirps_meg_2007.03.29.npy,7900,
2007-03-30,DOWNLOADED_AND_VERIFIED,chirps_meg_2007.03.30.npy,7900,
2007-03-31,DOWNLOADED_AND_VERIFIED,chirps_meg_2007.03.31.npy,7900,
2007-04-01,DOWNLOADED_AND_VERIFIED,chirps_meg_2007.04.01.npy,7900,
2007-04-02,DOWNLOADED_AND_VERIFIED,chirps_meg_2007.04.02.npy,7900,
2007-04-03,DOWNLOADED_AND_VERIFIED,chirps_meg_2007.04.03.npy,7900,
2007-04-04,DOWNLOADED_AND_VERIFIED,chirps_meg_2007.04.04.npy,7900,
2007-04-05,DOWNLOADED_AND_VERIFIED,chirps_meg_2007.04.05.npy,7900,
2007-04-06,DOWNLOADED_AND_VERIFIED,chirps_meg_2007.04.06.npy,7900,
2007-04-07,DOWNLOADED_AND_VERIFIED,chirps_meg_2007.04.07.npy,7900,
2007-04-08,DOWNLOADED_AND_VERIFIED,chirps_meg_2007.04.08.npy,7900,
2007-04-09,DOWNLOADED_AND_VERIFIED,chirps_meg_2007.04.09.npy,7900,
2007-04-10,DOWNLOADED_AND_VERIFIED,chirps_meg_2007.04.10.npy,7900,
2007-04-11,DOWNLOADED_AND_VERIFIED,chirps_meg_2007.04.11.npy,7900,
2007-04-12,DOWNLOADED_AND_VERIFIED,chirps_meg_2007.04.12.npy,7900,
2007-04-13,DOWNLOADED_AND_VERIFIED,chirps_meg_2007.04.13.npy,7900,
2007-04-14,DOWNLOADED_AND_VERIFIED,chirps_meg_2007.04.14.npy,7900,
2007-04-15,DOWNLOADED_AND_VERIFIED,chirps_meg_2007.04.15.npy,7900,
2007-04-16,DOWNLOADED_AND_VERIFIED,chirps_meg_2007.04.16.npy,7900,
2007-04-17,DOWNLOADED_AND_VERIFIED,chirps_meg_2007.04.17.npy,7900,
2007-04-18,DOWNLOADED_AND_VERIFIED,chirps_meg_2007.04.18.npy,7900,
2007-04-19,DOWNLOADED_AND_VERIFIED,chirps_meg_2007.04.19.npy,7900,
2007-04-20,DOWNLOADED_AND_VERIFIED,chirps_meg_2007.04.20.npy,7900,
2007-04-21,DOWNLOADED_AND_VERIFIED,chirps_meg_2007.04.21.npy,7900,
2007-04-22,DOWNLOADED_AND_VERIFIED,chirps_meg_2007.04.22.npy,7900,
2007-04-23,DOWNLOADED_AND_VERIFIED,chirps_meg_2007.04.23.npy,7900,
2007-04-24,DOWNLOADED_AND_VERIFIED,chirps_meg_2007.04.24.npy,7900,
2007-04-25,DOWNLOADED_AND_VERIFIED,chirps_meg_2007.04.25.npy,7900,
2007-04-26,DOWNLOADED_AND_VERIFIED,chirps_meg_2007.04.26.npy,7900,
2007-04-27,DOWNLOADED_AND_VERIFIED,chirps_meg_2007.04.27.npy,7900,
2007-04-28,DOWNLOADED_AND_VERIFIED,chirps_meg_2007.04.28.npy,7900,
2007-04-29,DOWNLOADED_AND_VERIFIED,chirps_meg_2007.04.29.npy,7900,
2007-04-30,DOWNLOADED_AND_VERIFIED,chirps_meg_2007.04.30.npy,7900,
2007-05-01,DOWNLOADED_AND_VERIFIED,chirps_meg_2007.05.01.npy,7900,
2007-05-02,DOWNLOADED_AND_VERIFIED,chirps_meg_2007.05.02.npy,7900,
2007-05-03,DOWNLOADED_AND_VERIFIED,chirps_meg_2007.05.03.npy,7900,
2007-05-04,DOWNLOADED_AND_VERIFIED,chirps_meg_2007.05.04.npy,7900,
2007-05-05,DOWNLOADED_AND_VERIFIED,chirps_meg_2007.05.05.npy,7900,
2007-05-06,DOWNLOADED_AND_VERIFIED,chirps_meg_2007.05.06.npy,7900,
2007-05-07,DOWNLOADED_AND_VERIFIED,chirps_meg_2007.05.07.npy,7900,
2007-05-08,DOWNLOADED_AND_VERIFIED,chirps_meg_2007.05.08.npy,7900,
2007-05-09,DOWNLOADED_AND_VERIFIED,chirps_meg_2007.05.09.npy,7900,
2007-05-10,DOWNLOADED_AND_VERIFIED,chirps_meg_2007.05.10.npy,7900,
2007-05-11,DOWNLOADED_AND_VERIFIED,chirps_meg_2007.05.11.npy,7900,
2007-05-12,DOWNLOADED_AND_VERIFIED,chirps_meg_2007.05.12.npy,7900,
2007-05-13,DOWNLOADED_AND_VERIFIED,chirps_meg_2007.05.13.npy,7900,
2007-05-14,DOWNLOADED_AND_VERIFIED,chirps_meg_2007.05.14.npy,7900,
2007-05-15,DOWNLOADED_AND_VERIFIED,chirps_meg_2007.05.15.npy,7900,
2007-05-16,DOWNLOADED_AND_VERIFIED,chirps_meg_2007.05.16.npy,7900,
2007-05-17,DOWNLOADED_AND_VERIFIED,chirps_meg_2007.05.17.npy,7900,
2007-05-18,ALREADY_PRESENT,chirps_meg_2007.05.18.npy,7900,
2007-05-19,ALREADY_PRESENT,chirps_meg_2007.05.19.npy,7900,
2007-05-20,ALREADY_PRESENT,chirps_meg_2007.05.20.npy,7900,
2007-05-21,ALREADY_PRESENT,chirps_meg_2007.05.21.npy,7900,
2007-05-22,ALREADY_PRESENT,chirps_meg_2007.05.22.npy,7900,
2007-05-23,ALREADY_PRESENT,chirps_meg_2007.05.23.npy,7900,
2007-05-24,ALREADY_PRESENT,chirps_meg_2007.05.24.npy,7900,
2007-05-25,ALREADY_PRESENT,chirps_meg_2007.05.25.npy,7900,
2007-05-26,ALREADY_PRESENT,chirps_meg_2007.05.26.npy,7900,
2007-05-27,ALREADY_PRESENT,chirps_meg_2007.05.27.npy,7900,
2007-05-28,ALREADY_PRESENT,chirps_meg_2007.05.28.npy,7900,
2007-05-29,ALREADY_PRESENT,chirps_meg_2007.05.29.npy,7900,
2007-05-30,ALREADY_PRESENT,chirps_meg_2007.05.30.npy,7900,
2007-05-31,ALREADY_PRESENT,chirps_meg_2007.05.31.npy,7900,
2007-06-01,ALREADY_PRESENT,chirps_meg_2007.06.01.npy,7900,
2007-06-02,ALREADY_PRESENT,chirps_meg_2007.06.02.npy,7900,
2007-06-03,ALREADY_PRESENT,chirps_meg_2007.06.03.npy,7900,
2007-06-04,ALREADY_PRESENT,chirps_meg_2007.06.04.npy,7900,
2007-06-05,ALREADY_PRESENT,chirps_meg_2007.06.05.npy,7900,
2007-06-06,ALREADY_PRESENT,chirps_meg_2007.06.06.npy,7900,
2007-06-07,ALREADY_PRESENT,chirps_meg_2007.06.07.npy,7900,
2007-06-08,ALREADY_PRESENT,chirps_meg_2007.06.08.npy,7900,
2007-06-09,ALREADY_PRESENT,chirps_meg_2007.06.09.npy,7900,
2007-06-10,ALREADY_PRESENT,chirps_meg_2007.06.10.npy,7900,
2007-06-11,ALREADY_PRESENT,chirps_meg_2007.06.11.npy,7900,
2007-06-12,ALREADY_PRESENT,chirps_meg_2007.06.12.npy,7900,
2007-06-13,ALREADY_PRESENT,chirps_meg_2007.06.13.npy,7900,
2007-06-14,ALREADY_PRESENT,chirps_meg_2007.06.14.npy,7900,
2007-06-15,ALREADY_PRESENT,chirps_meg_2007.06.15.npy,7900,
2007-06-16,ALREADY_PRESENT,chirps_meg_2007.06.16.npy,7900,
2007-06-17,DOWNLOADED_AND_VERIFIED,chirps_meg_2007.06.17.npy,7900,
2007-06-18,ALREADY_PRESENT,chirps_meg_2007.06.18.npy,7900,
2007-06-19,ALREADY_PRESENT,chirps_meg_2007.06.19.npy,7900,
2007-06-20,ALREADY_PRESENT,chirps_meg_2007.06.20.npy,7900,
2007-06-21,ALREADY_PRESENT,chirps_meg_2007.06.21.npy,7900,
2007-06-22,ALREADY_PRESENT,chirps_meg_2007.06.22.npy,7900,
2007-06-23,ALREADY_PRESENT,chirps_meg_2007.06.23.npy,7900,
2007-06-24,ALREADY_PRESENT,chirps_meg_2007.06.24.npy,7900,
2007-06-25,ALREADY_PRESENT,chirps_meg_2007.06.25.npy,7900,
2007-06-26,ALREADY_PRESENT,chirps_meg_2007.06.26.npy,7900,
2007-06-27,ALREADY_PRESENT,chirps_meg_2007.06.27.npy,7900,
2007-06-28,ALREADY_PRESENT,chirps_meg_2007.06.28.npy,7900,
2007-06-29,ALREADY_PRESENT,chirps_meg_2007.06.29.npy,7900,
2007-06-30,ALREADY_PRESENT,chirps_meg_2007.06.30.npy,7900,
2007-07-01,ALREADY_PRESENT,chirps_meg_2007.07.01.npy,7900,
2007-07-02,ALREADY_PRESENT,chirps_meg_2007.07.02.npy,7900,
2007-07-03,ALREADY_PRESENT,chirps_meg_2007.07.03.npy,7900,
2007-07-04,ALREADY_PRESENT,chirps_meg_2007.07.04.npy,7900,
2007-07-05,ALREADY_PRESENT,chirps_meg_2007.07.05.npy,7900,
2007-07-06,ALREADY_PRESENT,chirps_meg_2007.07.06.npy,7900,
2007-07-07,ALREADY_PRESENT,chirps_meg_2007.07.07.npy,7900,
2007-07-08,ALREADY_PRESENT,chirps_meg_2007.07.08.npy,7900,
2007-07-09,ALREADY_PRESENT,chirps_meg_2007.07.09.npy,7900,
2007-07-10,ALREADY_PRESENT,chirps_meg_2007.07.10.npy,7900,
2007-07-11,ALREADY_PRESENT,chirps_meg_2007.07.11.npy,7900,
2007-07-12,ALREADY_PRESENT,chirps_meg_2007.07.12.npy,7900,
2007-07-13,ALREADY_PRESENT,chirps_meg_2007.07.13.npy,7900,
2007-07-14,ALREADY_PRESENT,chirps_meg_2007.07.14.npy,7900,
2007-07-15,ALREADY_PRESENT,chirps_meg_2007.07.15.npy,7900,
2007-07-16,ALREADY_PRESENT,chirps_meg_2007.07.16.npy,7900,
2007-07-17,ALREADY_PRESENT,chirps_meg_2007.07.17.npy,7900,
2007-07-18,ALREADY_PRESENT,chirps_meg_2007.07.18.npy,7900,
2007-07-19,ALREADY_PRESENT,chirps_meg_2007.07.19.npy,7900,
2007-07-20,ALREADY_PRESENT,chirps_meg_2007.07.20.npy,7900,
2007-07-21,ALREADY_PRESENT,chirps_meg_2007.07.21.npy,7900,
2007-07-22,ALREADY_PRESENT,chirps_meg_2007.07.22.npy,7900,
2007-07-23,ALREADY_PRESENT,chirps_meg_2007.07.23.npy,7900,
2007-07-24,ALREADY_PRESENT,chirps_meg_2007.07.24.npy,7900,
2007-07-25,ALREADY_PRESENT,chirps_meg_2007.07.25.npy,7900,
2007-07-26,ALREADY_PRESENT,chirps_meg_2007.07.26.npy,7900,
2007-07-27,ALREADY_PRESENT,chirps_meg_2007.07.27.npy,7900,
2007-07-28,ALREADY_PRESENT,chirps_meg_2007.07.28.npy,7900,
2007-07-29,ALREADY_PRESENT,chirps_meg_2007.07.29.npy,7900,
2007-07-30,ALREADY_PRESENT,chirps_meg_2007.07.30.npy,7900,
2007-07-31,ALREADY_PRESENT,chirps_meg_2007.07.31.npy,7900,
2007-08-01,ALREADY_PRESENT,chirps_meg_2007.08.01.npy,7900,
2007-08-02,ALREADY_PRESENT,chirps_meg_2007.08.02.npy,7900,
2007-08-03,ALREADY_PRESENT,chirps_meg_2007.08.03.npy,7900,
2007-08-04,ALREADY_PRESENT,chirps_meg_2007.08.04.npy,7900,
2007-08-05,ALREADY_PRESENT,chirps_meg_2007.08.05.npy,7900,
2007-08-06,ALREADY_PRESENT,chirps_meg_2007.08.06.npy,7900,
2007-08-07,ALREADY_PRESENT,chirps_meg_2007.08.07.npy,7900,
2007-08-08,ALREADY_PRESENT,chirps_meg_2007.08.08.npy,7900,
2007-08-09,ALREADY_PRESENT,chirps_meg_2007.08.09.npy,7900,
2007-08-10,ALREADY_PRESENT,chirps_meg_2007.08.10.npy,7900,
2007-08-11,ALREADY_PRESENT,chirps_meg_2007.08.11.npy,7900,
2007-08-12,ALREADY_PRESENT,chirps_meg_2007.08.12.npy,7900,
2007-08-13,ALREADY_PRESENT,chirps_meg_2007.08.13.npy,7900,
2007-08-14,ALREADY_PRESENT,chirps_meg_2007.08.14.npy,7900,
2007-08-15,ALREADY_PRESENT,chirps_meg_2007.08.15.npy,7900,
2007-08-16,ALREADY_PRESENT,chirps_meg_2007.08.16.npy,7900,
2007-08-17,ALREADY_PRESENT,chirps_meg_2007.08.17.npy,7900,
2007-08-18,ALREADY_PRESENT,chirps_meg_2007.08.18.npy,7900,
2007-08-19,ALREADY_PRESENT,chirps_meg_2007.08.19.npy,7900,
2007-08-20,ALREADY_PRESENT,chirps_meg_2007.08.20.npy,7900,
2007-08-21,ALREADY_PRESENT,chirps_meg_2007.08.21.npy,7900,
2007-08-22,ALREADY_PRESENT,chirps_meg_2007.08.22.npy,7900,
2007-08-23,ALREADY_PRESENT,chirps_meg_2007.08.23.npy,7900,
2007-08-24,ALREADY_PRESENT,chirps_meg_2007.08.24.npy,7900,
2007-08-25,ALREADY_PRESENT,chirps_meg_2007.08.25.npy,7900,
2007-08-26,ALREADY_PRESENT,chirps_meg_2007.08.26.npy,7900,
2007-08-27,ALREADY_PRESENT,chirps_meg_2007.08.27.npy,7900,
2007-08-28,ALREADY_PRESENT,chirps_meg_2007.08.28.npy,7900,
2007-08-29,ALREADY_PRESENT,chirps_meg_2007.08.29.npy,7900,
2007-08-30,ALREADY_PRESENT,chirps_meg_2007.08.30.npy,7900,
2007-08-31,ALREADY_PRESENT,chirps_meg_2007.08.31.npy,7900,
2007-09-01,ALREADY_PRESENT,chirps_meg_2007.09.01.npy,7900,
2007-09-02,ALREADY_PRESENT,chirps_meg_2007.09.02.npy,7900,
2007-09-03,ALREADY_PRESENT,chirps_meg_2007.09.03.npy,7900,
2007-09-04,ALREADY_PRESENT,chirps_meg_2007.09.04.npy,7900,
2007-09-05,ALREADY_PRESENT,chirps_meg_2007.09.05.npy,7900,
2007-09-06,ALREADY_PRESENT,chirps_meg_2007.09.06.npy,7900,
2007-09-07,ALREADY_PRESENT,chirps_meg_2007.09.07.npy,7900,
2007-09-08,ALREADY_PRESENT,chirps_meg_2007.09.08.npy,7900,
2007-09-09,ALREADY_PRESENT,chirps_meg_2007.09.09.npy,7900,
2007-09-10,ALREADY_PRESENT,chirps_meg_2007.09.10.npy,7900,
2007-09-11,ALREADY_PRESENT,chirps_meg_2007.09.11.npy,7900,
2007-09-12,ALREADY_PRESENT,chirps_meg_2007.09.12.npy,7900,
2007-09-13,ALREADY_PRESENT,chirps_meg_2007.09.13.npy,7900,
2007-09-14,ALREADY_PRESENT,chirps_meg_2007.09.14.npy,7900,
2007-09-15,ALREADY_PRESENT,chirps_meg_2007.09.15.npy,7900,
2007-09-16,DOWNLOADED_AND_VERIFIED,chirps_meg_2007.09.16.npy,7900,
2007-09-17,DOWNLOADED_AND_VERIFIED,chirps_meg_2007.09.17.npy,7900,
2007-09-18,DOWNLOADED_AND_VERIFIED,chirps_meg_2007.09.18.npy,7900,
2007-09-19,DOWNLOADED_AND_VERIFIED,chirps_meg_2007.09.19.npy,7900,
2007-09-20,DOWNLOADED_AND_VERIFIED,chirps_meg_2007.09.20.npy,7900,
2007-09-21,DOWNLOADED_AND_VERIFIED,chirps_meg_2007.09.21.npy,7900,
2007-09-22,DOWNLOADED_AND_VERIFIED,chirps_meg_2007.09.22.npy,7900,
2007-09-23,DOWNLOADED_AND_VERIFIED,chirps_meg_2007.09.23.npy,7900,
2007-09-24,DOWNLOADED_AND_VERIFIED,chirps_meg_2007.09.24.npy,7900,
2007-09-25,DOWNLOADED_AND_VERIFIED,chirps_meg_2007.09.25.npy,7900,
2007-09-26,DOWNLOADED_AND_VERIFIED,chirps_meg_2007.09.26.npy,7900,
2007-09-27,DOWNLOADED_AND_VERIFIED,chirps_meg_2007.09.27.npy,7900,
2007-09-28,DOWNLOADED_AND_VERIFIED,chirps_meg_2007.09.28.npy,7900,
2007-09-29,DOWNLOADED_AND_VERIFIED,chirps_meg_2007.09.29.npy,7900,
2007-09-30,DOWNLOADED_AND_VERIFIED,chirps_meg_2007.09.30.npy,7900,
2007-10-01,DOWNLOADED_AND_VERIFIED,chirps_meg_2007.10.01.npy,7900,
2007-10-02,DOWNLOADED_AND_VERIFIED,chirps_meg_2007.10.02.npy,7900,
2007-10-03,DOWNLOADED_AND_VERIFIED,chirps_meg_2007.10.03.npy,7900,
2007-10-04,DOWNLOADED_AND_VERIFIED,chirps_meg_2007.10.04.npy,7900,
2007-10-05,DOWNLOADED_AND_VERIFIED,chirps_meg_2007.10.05.npy,7900,
2007-10-06,DOWNLOADED_AND_VERIFIED,chirps_meg_2007.10.06.npy,7900,
2007-10-07,DOWNLOADED_AND_VERIFIED,chirps_meg_2007.10.07.npy,7900,
2007-10-08,DOWNLOADED_AND_VERIFIED,chirps_meg_2007.10.08.npy,7900,
2007-10-09,DOWNLOADED_AND_VERIFIED,chirps_meg_2007.10.09.npy,7900,
2007-10-10,DOWNLOADED_AND_VERIFIED,chirps_meg_2007.10.10.npy,7900,
2007-10-11,DOWNLOADED_AND_VERIFIED,chirps_meg_2007.10.11.npy,7900,
2007-10-12,DOWNLOADED_AND_VERIFIED,chirps_meg_2007.10.12.npy,7900,
2007-10-13,DOWNLOADED_AND_VERIFIED,chirps_meg_2007.10.13.npy,7900,
2007-10-14,DOWNLOADED_AND_VERIFIED,chirps_meg_2007.10.14.npy,7900,
2007-10-15,DOWNLOADED_AND_VERIFIED,chirps_meg_2007.10.15.npy,7900,
2007-10-16,DOWNLOADED_AND_VERIFIED,chirps_meg_2007.10.16.npy,7900,
2007-10-17,DOWNLOADED_AND_VERIFIED,chirps_meg_2007.10.17.npy,7900,
2007-10-18,DOWNLOADED_AND_VERIFIED,chirps_meg_2007.10.18.npy,7900,
2007-10-19,DOWNLOADED_AND_VERIFIED,chirps_meg_2007.10.19.npy,7900,
2007-10-20,DOWNLOADED_AND_VERIFIED,chirps_meg_2007.10.20.npy,7900,
2007-10-21,DOWNLOADED_AND_VERIFIED,chirps_meg_2007.10.21.npy,7900,
2007-10-22,DOWNLOADED_AND_VERIFIED,chirps_meg_2007.10.22.npy,7900,
2007-10-23,DOWNLOADED_AND_VERIFIED,chirps_meg_2007.10.23.npy,7900,
2007-10-24,DOWNLOADED_AND_VERIFIED,chirps_meg_2007.10.24.npy,7900,
2007-10-25,DOWNLOADED_AND_VERIFIED,chirps_meg_2007.10.25.npy,7900,
2007-10-26,DOWNLOADED_AND_VERIFIED,chirps_meg_2007.10.26.npy,7900,
2007-10-27,DOWNLOADED_AND_VERIFIED,chirps_meg_2007.10.27.npy,7900,
2007-10-28,DOWNLOADED_AND_VERIFIED,chirps_meg_2007.10.28.npy,7900,
2007-10-29,DOWNLOADED_AND_VERIFIED,chirps_meg_2007.10.29.npy,7900,
2007-10-30,DOWNLOADED_AND_VERIFIED,chirps_meg_2007.10.30.npy,7900,
2007-10-31,DOWNLOADED_AND_VERIFIED,chirps_meg_2007.10.31.npy,7900,
2008-03-01,DOWNLOADED_AND_VERIFIED,chirps_meg_2008.03.01.npy,7900,
2008-03-02,DOWNLOADED_AND_VERIFIED,chirps_meg_2008.03.02.npy,7900,
2008-03-03,DOWNLOADED_AND_VERIFIED,chirps_meg_2008.03.03.npy,7900,
2008-03-04,DOWNLOADED_AND_VERIFIED,chirps_meg_2008.03.04.npy,7900,
2008-03-05,DOWNLOADED_AND_VERIFIED,chirps_meg_2008.03.05.npy,7900,
2008-03-06,DOWNLOADED_AND_VERIFIED,chirps_meg_2008.03.06.npy,7900,
2008-03-07,DOWNLOADED_AND_VERIFIED,chirps_meg_2008.03.07.npy,7900,
2008-03-08,DOWNLOADED_AND_VERIFIED,chirps_meg_2008.03.08.npy,7900,
2008-03-09,DOWNLOADED_AND_VERIFIED,chirps_meg_2008.03.09.npy,7900,
2008-03-10,DOWNLOADED_AND_VERIFIED,chirps_meg_2008.03.10.npy,7900,
2008-03-11,DOWNLOADED_AND_VERIFIED,chirps_meg_2008.03.11.npy,7900,
2008-03-12,DOWNLOADED_AND_VERIFIED,chirps_meg_2008.03.12.npy,7900,
2008-03-13,DOWNLOADED_AND_VERIFIED,chirps_meg_2008.03.13.npy,7900,
2008-03-14,DOWNLOADED_AND_VERIFIED,chirps_meg_2008.03.14.npy,7900,
2008-03-15,DOWNLOADED_AND_VERIFIED,chirps_meg_2008.03.15.npy,7900,
2008-03-16,DOWNLOADED_AND_VERIFIED,chirps_meg_2008.03.16.npy,7900,
2008-03-17,DOWNLOADED_AND_VERIFIED,chirps_meg_2008.03.17.npy,7900,
2008-03-18,DOWNLOADED_AND_VERIFIED,chirps_meg_2008.03.18.npy,7900,
2008-03-19,DOWNLOADED_AND_VERIFIED,chirps_meg_2008.03.19.npy,7900,
2008-03-20,DOWNLOADED_AND_VERIFIED,chirps_meg_2008.03.20.npy,7900,
2008-03-21,DOWNLOADED_AND_VERIFIED,chirps_meg_2008.03.21.npy,7900,
2008-03-22,DOWNLOADED_AND_VERIFIED,chirps_meg_2008.03.22.npy,7900,
2008-03-23,DOWNLOADED_AND_VERIFIED,chirps_meg_2008.03.23.npy,7900,
2008-03-24,DOWNLOADED_AND_VERIFIED,chirps_meg_2008.03.24.npy,7900,
2008-03-25,DOWNLOADED_AND_VERIFIED,chirps_meg_2008.03.25.npy,7900,
2008-03-26,DOWNLOADED_AND_VERIFIED,chirps_meg_2008.03.26.npy,7900,
2008-03-27,DOWNLOADED_AND_VERIFIED,chirps_meg_2008.03.27.npy,7900,
2008-03-28,DOWNLOADED_AND_VERIFIED,chirps_meg_2008.03.28.npy,7900,
2008-03-29,DOWNLOADED_AND_VERIFIED,chirps_meg_2008.03.29.npy,7900,
2008-03-30,DOWNLOADED_AND_VERIFIED,chirps_meg_2008.03.30.npy,7900,
2008-03-31,DOWNLOADED_AND_VERIFIED,chirps_meg_2008.03.31.npy,7900,
2008-04-01,DOWNLOADED_AND_VERIFIED,chirps_meg_2008.04.01.npy,7900,
2008-04-02,DOWNLOADED_AND_VERIFIED,chirps_meg_2008.04.02.npy,7900,
2008-04-03,DOWNLOADED_AND_VERIFIED,chirps_meg_2008.04.03.npy,7900,
2008-04-04,DOWNLOADED_AND_VERIFIED,chirps_meg_2008.04.04.npy,7900,
2008-04-05,DOWNLOADED_AND_VERIFIED,chirps_meg_2008.04.05.npy,7900,
2008-04-06,DOWNLOADED_AND_VERIFIED,chirps_meg_2008.04.06.npy,7900,
2008-04-07,DOWNLOADED_AND_VERIFIED,chirps_meg_2008.04.07.npy,7900,
2008-04-08,DOWNLOADED_AND_VERIFIED,chirps_meg_2008.04.08.npy,7900,
2008-04-09,DOWNLOADED_AND_VERIFIED,chirps_meg_2008.04.09.npy,7900,
2008-04-10,DOWNLOADED_AND_VERIFIED,chirps_meg_2008.04.10.npy,7900,
2008-04-11,DOWNLOADED_AND_VERIFIED,chirps_meg_2008.04.11.npy,7900,
2008-04-12,DOWNLOADED_AND_VERIFIED,chirps_meg_2008.04.12.npy,7900,
2008-04-13,DOWNLOADED_AND_VERIFIED,chirps_meg_2008.04.13.npy,7900,
2008-04-14,DOWNLOADED_AND_VERIFIED,chirps_meg_2008.04.14.npy,7900,
2008-04-15,DOWNLOADED_AND_VERIFIED,chirps_meg_2008.04.15.npy,7900,
2008-04-16,DOWNLOADED_AND_VERIFIED,chirps_meg_2008.04.16.npy,7900,
2008-04-17,DOWNLOADED_AND_VERIFIED,chirps_meg_2008.04.17.npy,7900,
2008-04-18,DOWNLOADED_AND_VERIFIED,chirps_meg_2008.04.18.npy,7900,
2008-04-19,DOWNLOADED_AND_VERIFIED,chirps_meg_2008.04.19.npy,7900,
2008-04-20,DOWNLOADED_AND_VERIFIED,chirps_meg_2008.04.20.npy,7900,
2008-04-21,DOWNLOADED_AND_VERIFIED,chirps_meg_2008.04.21.npy,7900,
2008-04-22,DOWNLOADED_AND_VERIFIED,chirps_meg_2008.04.22.npy,7900,
2008-04-23,DOWNLOADED_AND_VERIFIED,chirps_meg_2008.04.23.npy,7900,
2008-04-24,DOWNLOADED_AND_VERIFIED,chirps_meg_2008.04.24.npy,7900,
2008-04-25,DOWNLOADED_AND_VERIFIED,chirps_meg_2008.04.25.npy,7900,
2008-04-26,DOWNLOADED_AND_VERIFIED,chirps_meg_2008.04.26.npy,7900,
2008-04-27,DOWNLOADED_AND_VERIFIED,chirps_meg_2008.04.27.npy,7900,
2008-04-28,DOWNLOADED_AND_VERIFIED,chirps_meg_2008.04.28.npy,7900,
2008-04-29,DOWNLOADED_AND_VERIFIED,chirps_meg_2008.04.29.npy,7900,
2008-04-30,DOWNLOADED_AND_VERIFIED,chirps_meg_2008.04.30.npy,7900,
2008-05-01,DOWNLOADED_AND_VERIFIED,chirps_meg_2008.05.01.npy,7900,
2008-05-02,DOWNLOADED_AND_VERIFIED,chirps_meg_2008.05.02.npy,7900,
2008-05-03,DOWNLOADED_AND_VERIFIED,chirps_meg_2008.05.03.npy,7900,
2008-05-04,DOWNLOADED_AND_VERIFIED,chirps_meg_2008.05.04.npy,7900,
2008-05-05,DOWNLOADED_AND_VERIFIED,chirps_meg_2008.05.05.npy,7900,
2008-05-06,DOWNLOADED_AND_VERIFIED,chirps_meg_2008.05.06.npy,7900,
2008-05-07,DOWNLOADED_AND_VERIFIED,chirps_meg_2008.05.07.npy,7900,
2008-05-08,DOWNLOADED_AND_VERIFIED,chirps_meg_2008.05.08.npy,7900,
2008-05-09,DOWNLOADED_AND_VERIFIED,chirps_meg_2008.05.09.npy,7900,
2008-05-10,DOWNLOADED_AND_VERIFIED,chirps_meg_2008.05.10.npy,7900,
2008-05-11,DOWNLOADED_AND_VERIFIED,chirps_meg_2008.05.11.npy,7900,
2008-05-12,DOWNLOADED_AND_VERIFIED,chirps_meg_2008.05.12.npy,7900,
2008-05-13,DOWNLOADED_AND_VERIFIED,chirps_meg_2008.05.13.npy,7900,
2008-05-14,DOWNLOADED_AND_VERIFIED,chirps_meg_2008.05.14.npy,7900,
2008-05-15,DOWNLOADED_AND_VERIFIED,chirps_meg_2008.05.15.npy,7900,
2008-05-16,DOWNLOADED_AND_VERIFIED,chirps_meg_2008.05.16.npy,7900,
2008-05-17,DOWNLOADED_AND_VERIFIED,chirps_meg_2008.05.17.npy,7900,
2008-05-18,DOWNLOADED_AND_VERIFIED,chirps_meg_2008.05.18.npy,7900,
2008-05-19,DOWNLOADED_AND_VERIFIED,chirps_meg_2008.05.19.npy,7900,
2008-05-20,DOWNLOADED_AND_VERIFIED,chirps_meg_2008.05.20.npy,7900,
2008-05-21,DOWNLOADED_AND_VERIFIED,chirps_meg_2008.05.21.npy,7900,
2008-05-22,DOWNLOADED_AND_VERIFIED,chirps_meg_2008.05.22.npy,7900,
2008-05-23,DOWNLOADED_AND_VERIFIED,chirps_meg_2008.05.23.npy,7900,
2008-05-24,DOWNLOADED_AND_VERIFIED,chirps_meg_2008.05.24.npy,7900,
2008-05-25,DOWNLOADED_AND_VERIFIED,chirps_meg_2008.05.25.npy,7900,
2008-05-26,DOWNLOADED_AND_VERIFIED,chirps_meg_2008.05.26.npy,7900,
2008-05-27,DOWNLOADED_AND_VERIFIED,chirps_meg_2008.05.27.npy,7900,
2008-05-28,DOWNLOADED_AND_VERIFIED,chirps_meg_2008.05.28.npy,7900,
2008-05-29,DOWNLOADED_AND_VERIFIED,chirps_meg_2008.05.29.npy,7900,
2008-05-30,DOWNLOADED_AND_VERIFIED,chirps_meg_2008.05.30.npy,7900,
2008-05-31,DOWNLOADED_AND_VERIFIED,chirps_meg_2008.05.31.npy,7900,
2008-06-01,DOWNLOADED_AND_VERIFIED,chirps_meg_2008.06.01.npy,7900,
2008-06-02,DOWNLOADED_AND_VERIFIED,chirps_meg_2008.06.02.npy,7900,
2008-06-03,DOWNLOADED_AND_VERIFIED,chirps_meg_2008.06.03.npy,7900,
2008-06-04,DOWNLOADED_AND_VERIFIED,chirps_meg_2008.06.04.npy,7900,
2008-06-05,DOWNLOADED_AND_VERIFIED,chirps_meg_2008.06.05.npy,7900,
2008-06-06,DOWNLOADED_AND_VERIFIED,chirps_meg_2008.06.06.npy,7900,
2008-06-07,DOWNLOADED_AND_VERIFIED,chirps_meg_2008.06.07.npy,7900,
2008-06-08,DOWNLOADED_AND_VERIFIED,chirps_meg_2008.06.08.npy,7900,
2008-06-09,DOWNLOADED_AND_VERIFIED,chirps_meg_2008.06.09.npy,7900,
2008-06-10,DOWNLOADED_AND_VERIFIED,chirps_meg_2008.06.10.npy,7900,
2008-06-11,DOWNLOADED_AND_VERIFIED,chirps_meg_2008.06.11.npy,7900,
2008-06-12,DOWNLOADED_AND_VERIFIED,chirps_meg_2008.06.12.npy,7900,
2008-06-13,DOWNLOADED_AND_VERIFIED,chirps_meg_2008.06.13.npy,7900,
2008-06-14,DOWNLOADED_AND_VERIFIED,chirps_meg_2008.06.14.npy,7900,
2008-06-15,DOWNLOADED_AND_VERIFIED,chirps_meg_2008.06.15.npy,7900,
2008-06-16,DOWNLOADED_AND_VERIFIED,chirps_meg_2008.06.16.npy,7900,
2008-06-17,DOWNLOADED_AND_VERIFIED,chirps_meg_2008.06.17.npy,7900,
2008-06-18,DOWNLOADED_AND_VERIFIED,chirps_meg_2008.06.18.npy,7900,
2008-06-19,DOWNLOADED_AND_VERIFIED,chirps_meg_2008.06.19.npy,7900,
2008-06-20,DOWNLOADED_AND_VERIFIED,chirps_meg_2008.06.20.npy,7900,
2008-06-21,DOWNLOADED_AND_VERIFIED,chirps_meg_2008.06.21.npy,7900,
2008-06-22,DOWNLOADED_AND_VERIFIED,chirps_meg_2008.06.22.npy,7900,
2008-06-23,DOWNLOADED_AND_VERIFIED,chirps_meg_2008.06.23.npy,7900,
2008-06-24,DOWNLOADED_AND_VERIFIED,chirps_meg_2008.06.24.npy,7900,
2008-06-25,DOWNLOADED_AND_VERIFIED,chirps_meg_2008.06.25.npy,7900,
2008-06-26,DOWNLOADED_AND_VERIFIED,chirps_meg_2008.06.26.npy,7900,
2008-06-27,DOWNLOADED_AND_VERIFIED,chirps_meg_2008.06.27.npy,7900,
2008-06-28,DOWNLOADED_AND_VERIFIED,chirps_meg_2008.06.28.npy,7900,
2008-06-29,DOWNLOADED_AND_VERIFIED,chirps_meg_2008.06.29.npy,7900,
2008-06-30,DOWNLOADED_AND_VERIFIED,chirps_meg_2008.06.30.npy,7900,
2008-07-01,DOWNLOADED_AND_VERIFIED,chirps_meg_2008.07.01.npy,7900,
2008-07-02,DOWNLOADED_AND_VERIFIED,chirps_meg_2008.07.02.npy,7900,
2008-07-03,DOWNLOADED_AND_VERIFIED,chirps_meg_2008.07.03.npy,7900,
2008-07-04,DOWNLOADED_AND_VERIFIED,chirps_meg_2008.07.04.npy,7900,
2008-07-05,DOWNLOADED_AND_VERIFIED,chirps_meg_2008.07.05.npy,7900,
2008-07-06,DOWNLOADED_AND_VERIFIED,chirps_meg_2008.07.06.npy,7900,
2008-07-07,DOWNLOADED_AND_VERIFIED,chirps_meg_2008.07.07.npy,7900,
2008-07-08,DOWNLOADED_AND_VERIFIED,chirps_meg_2008.07.08.npy,7900,
2008-07-09,DOWNLOADED_AND_VERIFIED,chirps_meg_2008.07.09.npy,7900,
2008-07-10,DOWNLOADED_AND_VERIFIED,chirps_meg_2008.07.10.npy,7900,
2008-07-11,DOWNLOADED_AND_VERIFIED,chirps_meg_2008.07.11.npy,7900,
2008-07-12,ALREADY_PRESENT,chirps_meg_2008.07.12.npy,7900,
2008-07-13,ALREADY_PRESENT,chirps_meg_2008.07.13.npy,7900,
2008-07-14,ALREADY_PRESENT,chirps_meg_2008.07.14.npy,7900,
2008-07-15,ALREADY_PRESENT,chirps_meg_2008.07.15.npy,7900,
2008-07-16,ALREADY_PRESENT,chirps_meg_2008.07.16.npy,7900,
2008-07-17,ALREADY_PRESENT,chirps_meg_2008.07.17.npy,7900,
2008-07-18,ALREADY_PRESENT,chirps_meg_2008.07.18.npy,7900,
2008-07-19,ALREADY_PRESENT,chirps_meg_2008.07.19.npy,7900,
2008-07-20,ALREADY_PRESENT,chirps_meg_2008.07.20.npy,7900,
2008-07-21,ALREADY_PRESENT,chirps_meg_2008.07.21.npy,7900,
2008-07-22,ALREADY_PRESENT,chirps_meg_2008.07.22.npy,7900,
2008-07-23,ALREADY_PRESENT,chirps_meg_2008.07.23.npy,7900,
2008-07-24,ALREADY_PRESENT,chirps_meg_2008.07.24.npy,7900,
2008-07-25,ALREADY_PRESENT,chirps_meg_2008.07.25.npy,7900,
2008-07-26,ALREADY_PRESENT,chirps_meg_2008.07.26.npy,7900,
2008-07-27,ALREADY_PRESENT,chirps_meg_2008.07.27.npy,7900,
2008-07-28,ALREADY_PRESENT,chirps_meg_2008.07.28.npy,7900,
2008-07-29,ALREADY_PRESENT,chirps_meg_2008.07.29.npy,7900,
2008-07-30,ALREADY_PRESENT,chirps_meg_2008.07.30.npy,7900,
2008-07-31,ALREADY_PRESENT,chirps_meg_2008.07.31.npy,7900,
2008-08-01,ALREADY_PRESENT,chirps_meg_2008.08.01.npy,7900,
2008-08-02,ALREADY_PRESENT,chirps_meg_2008.08.02.npy,7900,
2008-08-03,ALREADY_PRESENT,chirps_meg_2008.08.03.npy,7900,
2008-08-04,ALREADY_PRESENT,chirps_meg_2008.08.04.npy,7900,
2008-08-05,ALREADY_PRESENT,chirps_meg_2008.08.05.npy,7900,
2008-08-06,ALREADY_PRESENT,chirps_meg_2008.08.06.npy,7900,
2008-08-07,ALREADY_PRESENT,chirps_meg_2008.08.07.npy,7900,
2008-08-08,ALREADY_PRESENT,chirps_meg_2008.08.08.npy,7900,
2008-08-09,ALREADY_PRESENT,chirps_meg_2008.08.09.npy,7900,
2008-08-10,ALREADY_PRESENT,chirps_meg_2008.08.10.npy,7900,
2008-08-11,ALREADY_PRESENT,chirps_meg_2008.08.11.npy,7900,
2008-08-12,ALREADY_PRESENT,chirps_meg_2008.08.12.npy,7900,
2008-08-13,ALREADY_PRESENT,chirps_meg_2008.08.13.npy,7900,
2008-08-14,ALREADY_PRESENT,chirps_meg_2008.08.14.npy,7900,
2008-08-15,ALREADY_PRESENT,chirps_meg_2008.08.15.npy,7900,
2008-08-16,ALREADY_PRESENT,chirps_meg_2008.08.16.npy,7900,
2008-08-17,ALREADY_PRESENT,chirps_meg_2008.08.17.npy,7900,
2008-08-18,DOWNLOADED_AND_VERIFIED,chirps_meg_2008.08.18.npy,7900,
2008-08-19,DOWNLOADED_AND_VERIFIED,chirps_meg_2008.08.19.npy,7900,
2008-08-20,DOWNLOADED_AND_VERIFIED,chirps_meg_2008.08.20.npy,7900,
2008-08-21,DOWNLOADED_AND_VERIFIED,chirps_meg_2008.08.21.npy,7900,
2008-08-22,DOWNLOADED_AND_VERIFIED,chirps_meg_2008.08.22.npy,7900,
2008-08-23,DOWNLOADED_AND_VERIFIED,chirps_meg_2008.08.23.npy,7900,
2008-08-24,DOWNLOADED_AND_VERIFIED,chirps_meg_2008.08.24.npy,7900,
2008-08-25,DOWNLOADED_AND_VERIFIED,chirps_meg_2008.08.25.npy,7900,
2008-08-26,DOWNLOADED_AND_VERIFIED,chirps_meg_2008.08.26.npy,7900,
2008-08-27,DOWNLOADED_AND_VERIFIED,chirps_meg_2008.08.27.npy,7900,
2008-08-28,DOWNLOADED_AND_VERIFIED,chirps_meg_2008.08.28.npy,7900,
2008-08-29,DOWNLOADED_AND_VERIFIED,chirps_meg_2008.08.29.npy,7900,
2008-08-30,DOWNLOADED_AND_VERIFIED,chirps_meg_2008.08.30.npy,7900,
2008-08-31,DOWNLOADED_AND_VERIFIED,chirps_meg_2008.08.31.npy,7900,
2008-09-01,DOWNLOADED_AND_VERIFIED,chirps_meg_2008.09.01.npy,7900,
2008-09-02,DOWNLOADED_AND_VERIFIED,chirps_meg_2008.09.02.npy,7900,
2008-09-03,DOWNLOADED_AND_VERIFIED,chirps_meg_2008.09.03.npy,7900,
2008-09-04,DOWNLOADED_AND_VERIFIED,chirps_meg_2008.09.04.npy,7900,
2008-09-05,DOWNLOADED_AND_VERIFIED,chirps_meg_2008.09.05.npy,7900,
2008-09-06,DOWNLOADED_AND_VERIFIED,chirps_meg_2008.09.06.npy,7900,
2008-09-07,DOWNLOADED_AND_VERIFIED,chirps_meg_2008.09.07.npy,7900,
2008-09-08,DOWNLOADED_AND_VERIFIED,chirps_meg_2008.09.08.npy,7900,
2008-09-09,DOWNLOADED_AND_VERIFIED,chirps_meg_2008.09.09.npy,7900,
2008-09-10,DOWNLOADED_AND_VERIFIED,chirps_meg_2008.09.10.npy,7900,
2008-09-11,DOWNLOADED_AND_VERIFIED,chirps_meg_2008.09.11.npy,7900,
2008-09-12,DOWNLOADED_AND_VERIFIED,chirps_meg_2008.09.12.npy,7900,
2008-09-13,DOWNLOADED_AND_VERIFIED,chirps_meg_2008.09.13.npy,7900,
2008-09-14,DOWNLOADED_AND_VERIFIED,chirps_meg_2008.09.14.npy,7900,
2008-09-15,DOWNLOADED_AND_VERIFIED,chirps_meg_2008.09.15.npy,7900,
2008-09-16,DOWNLOADED_AND_VERIFIED,chirps_meg_2008.09.16.npy,7900,
2008-09-17,DOWNLOADED_AND_VERIFIED,chirps_meg_2008.09.17.npy,7900,
2008-09-18,DOWNLOADED_AND_VERIFIED,chirps_meg_2008.09.18.npy,7900,
2008-09-19,DOWNLOADED_AND_VERIFIED,chirps_meg_2008.09.19.npy,7900,
2008-09-20,DOWNLOADED_AND_VERIFIED,chirps_meg_2008.09.20.npy,7900,
2008-09-21,DOWNLOADED_AND_VERIFIED,chirps_meg_2008.09.21.npy,7900,
2008-09-22,DOWNLOADED_AND_VERIFIED,chirps_meg_2008.09.22.npy,7900,
2008-09-23,DOWNLOADED_AND_VERIFIED,chirps_meg_2008.09.23.npy,7900,
2008-09-24,DOWNLOADED_AND_VERIFIED,chirps_meg_2008.09.24.npy,7900,
2008-09-25,DOWNLOADED_AND_VERIFIED,chirps_meg_2008.09.25.npy,7900,
2008-09-26,DOWNLOADED_AND_VERIFIED,chirps_meg_2008.09.26.npy,7900,
2008-09-27,DOWNLOADED_AND_VERIFIED,chirps_meg_2008.09.27.npy,7900,
2008-09-28,DOWNLOADED_AND_VERIFIED,chirps_meg_2008.09.28.npy,7900,
2008-09-29,DOWNLOADED_AND_VERIFIED,chirps_meg_2008.09.29.npy,7900,
2008-09-30,DOWNLOADED_AND_VERIFIED,chirps_meg_2008.09.30.npy,7900,
2008-10-01,DOWNLOADED_AND_VERIFIED,chirps_meg_2008.10.01.npy,7900,
2008-10-02,DOWNLOADED_AND_VERIFIED,chirps_meg_2008.10.02.npy,7900,
2008-10-03,DOWNLOADED_AND_VERIFIED,chirps_meg_2008.10.03.npy,7900,
2008-10-04,DOWNLOADED_AND_VERIFIED,chirps_meg_2008.10.04.npy,7900,
2008-10-05,DOWNLOADED_AND_VERIFIED,chirps_meg_2008.10.05.npy,7900,
2008-10-06,DOWNLOADED_AND_VERIFIED,chirps_meg_2008.10.06.npy,7900,
2008-10-07,DOWNLOADED_AND_VERIFIED,chirps_meg_2008.10.07.npy,7900,
2008-10-08,DOWNLOADED_AND_VERIFIED,chirps_meg_2008.10.08.npy,7900,
2008-10-09,DOWNLOADED_AND_VERIFIED,chirps_meg_2008.10.09.npy,7900,
2008-10-10,DOWNLOADED_AND_VERIFIED,chirps_meg_2008.10.10.npy,7900,
2008-10-11,DOWNLOADED_AND_VERIFIED,chirps_meg_2008.10.11.npy,7900,
2008-10-12,DOWNLOADED_AND_VERIFIED,chirps_meg_2008.10.12.npy,7900,
2008-10-13,DOWNLOADED_AND_VERIFIED,chirps_meg_2008.10.13.npy,7900,
2008-10-14,DOWNLOADED_AND_VERIFIED,chirps_meg_2008.10.14.npy,7900,
2008-10-15,DOWNLOADED_AND_VERIFIED,chirps_meg_2008.10.15.npy,7900,
2008-10-16,DOWNLOADED_AND_VERIFIED,chirps_meg_2008.10.16.npy,7900,
2008-10-17,DOWNLOADED_AND_VERIFIED,chirps_meg_2008.10.17.npy,7900,
2008-10-18,DOWNLOADED_AND_VERIFIED,chirps_meg_2008.10.18.npy,7900,
2008-10-19,DOWNLOADED_AND_VERIFIED,chirps_meg_2008.10.19.npy,7900,
2008-10-20,DOWNLOADED_AND_VERIFIED,chirps_meg_2008.10.20.npy,7900,
2008-10-21,DOWNLOADED_AND_VERIFIED,chirps_meg_2008.10.21.npy,7900,
2008-10-22,DOWNLOADED_AND_VERIFIED,chirps_meg_2008.10.22.npy,7900,
2008-10-23,DOWNLOADED_AND_VERIFIED,chirps_meg_2008.10.23.npy,7900,
2008-10-24,DOWNLOADED_AND_VERIFIED,chirps_meg_2008.10.24.npy,7900,
2008-10-25,DOWNLOADED_AND_VERIFIED,chirps_meg_2008.10.25.npy,7900,
2008-10-26,DOWNLOADED_AND_VERIFIED,chirps_meg_2008.10.26.npy,7900,
2008-10-27,DOWNLOADED_AND_VERIFIED,chirps_meg_2008.10.27.npy,7900,
2008-10-28,DOWNLOADED_AND_VERIFIED,chirps_meg_2008.10.28.npy,7900,
2008-10-29,DOWNLOADED_AND_VERIFIED,chirps_meg_2008.10.29.npy,7900,
2008-10-30,DOWNLOADED_AND_VERIFIED,chirps_meg_2008.10.30.npy,7900,
2008-10-31,DOWNLOADED_AND_VERIFIED,chirps_meg_2008.10.31.npy,7900,
2009-03-01,DOWNLOADED_AND_VERIFIED,chirps_meg_2009.03.01.npy,7900,
2009-03-02,DOWNLOADED_AND_VERIFIED,chirps_meg_2009.03.02.npy,7900,
2009-03-03,DOWNLOADED_AND_VERIFIED,chirps_meg_2009.03.03.npy,7900,
2009-03-04,DOWNLOADED_AND_VERIFIED,chirps_meg_2009.03.04.npy,7900,
2009-03-05,DOWNLOADED_AND_VERIFIED,chirps_meg_2009.03.05.npy,7900,
2009-03-06,DOWNLOADED_AND_VERIFIED,chirps_meg_2009.03.06.npy,7900,
2009-03-07,DOWNLOADED_AND_VERIFIED,chirps_meg_2009.03.07.npy,7900,
2009-03-08,DOWNLOADED_AND_VERIFIED,chirps_meg_2009.03.08.npy,7900,
2009-03-09,DOWNLOADED_AND_VERIFIED,chirps_meg_2009.03.09.npy,7900,
2009-03-10,DOWNLOADED_AND_VERIFIED,chirps_meg_2009.03.10.npy,7900,
2009-03-11,DOWNLOADED_AND_VERIFIED,chirps_meg_2009.03.11.npy,7900,
2009-03-12,DOWNLOADED_AND_VERIFIED,chirps_meg_2009.03.12.npy,7900,
2009-03-13,DOWNLOADED_AND_VERIFIED,chirps_meg_2009.03.13.npy,7900,
2009-03-14,DOWNLOADED_AND_VERIFIED,chirps_meg_2009.03.14.npy,7900,
2009-03-15,DOWNLOADED_AND_VERIFIED,chirps_meg_2009.03.15.npy,7900,
2009-03-16,DOWNLOADED_AND_VERIFIED,chirps_meg_2009.03.16.npy,7900,
2009-03-17,DOWNLOADED_AND_VERIFIED,chirps_meg_2009.03.17.npy,7900,
2009-03-18,DOWNLOADED_AND_VERIFIED,chirps_meg_2009.03.18.npy,7900,
2009-03-19,DOWNLOADED_AND_VERIFIED,chirps_meg_2009.03.19.npy,7900,
2009-03-20,DOWNLOADED_AND_VERIFIED,chirps_meg_2009.03.20.npy,7900,
2009-03-21,DOWNLOADED_AND_VERIFIED,chirps_meg_2009.03.21.npy,7900,
2009-03-22,DOWNLOADED_AND_VERIFIED,chirps_meg_2009.03.22.npy,7900,
2009-03-23,DOWNLOADED_AND_VERIFIED,chirps_meg_2009.03.23.npy,7900,
2009-03-24,DOWNLOADED_AND_VERIFIED,chirps_meg_2009.03.24.npy,7900,
2009-03-25,DOWNLOADED_AND_VERIFIED,chirps_meg_2009.03.25.npy,7900,
2009-03-26,DOWNLOADED_AND_VERIFIED,chirps_meg_2009.03.26.npy,7900,
2009-03-27,DOWNLOADED_AND_VERIFIED,chirps_meg_2009.03.27.npy,7900,
2009-03-28,DOWNLOADED_AND_VERIFIED,chirps_meg_2009.03.28.npy,7900,
2009-03-29,DOWNLOADED_AND_VERIFIED,chirps_meg_2009.03.29.npy,7900,
2009-03-30,DOWNLOADED_AND_VERIFIED,chirps_meg_2009.03.30.npy,7900,
2009-03-31,DOWNLOADED_AND_VERIFIED,chirps_meg_2009.03.31.npy,7900,
2009-04-01,DOWNLOADED_AND_VERIFIED,chirps_meg_2009.04.01.npy,7900,
2009-04-02,DOWNLOADED_AND_VERIFIED,chirps_meg_2009.04.02.npy,7900,
2009-04-03,DOWNLOADED_AND_VERIFIED,chirps_meg_2009.04.03.npy,7900,
2009-04-04,DOWNLOADED_AND_VERIFIED,chirps_meg_2009.04.04.npy,7900,
2009-04-05,DOWNLOADED_AND_VERIFIED,chirps_meg_2009.04.05.npy,7900,
2009-04-06,DOWNLOADED_AND_VERIFIED,chirps_meg_2009.04.06.npy,7900,
2009-04-07,DOWNLOADED_AND_VERIFIED,chirps_meg_2009.04.07.npy,7900,
2009-04-08,DOWNLOADED_AND_VERIFIED,chirps_meg_2009.04.08.npy,7900,
2009-04-09,DOWNLOADED_AND_VERIFIED,chirps_meg_2009.04.09.npy,7900,
2009-04-10,DOWNLOADED_AND_VERIFIED,chirps_meg_2009.04.10.npy,7900,
2009-04-11,DOWNLOADED_AND_VERIFIED,chirps_meg_2009.04.11.npy,7900,
2009-04-12,DOWNLOADED_AND_VERIFIED,chirps_meg_2009.04.12.npy,7900,
2009-04-13,DOWNLOADED_AND_VERIFIED,chirps_meg_2009.04.13.npy,7900,
2009-04-14,DOWNLOADED_AND_VERIFIED,chirps_meg_2009.04.14.npy,7900,
2009-04-15,DOWNLOADED_AND_VERIFIED,chirps_meg_2009.04.15.npy,7900,
2009-04-16,DOWNLOADED_AND_VERIFIED,chirps_meg_2009.04.16.npy,7900,
2009-04-17,DOWNLOADED_AND_VERIFIED,chirps_meg_2009.04.17.npy,7900,
2009-04-18,DOWNLOADED_AND_VERIFIED,chirps_meg_2009.04.18.npy,7900,
2009-04-19,DOWNLOADED_AND_VERIFIED,chirps_meg_2009.04.19.npy,7900,
2009-04-20,DOWNLOADED_AND_VERIFIED,chirps_meg_2009.04.20.npy,7900,
2009-04-21,DOWNLOADED_AND_VERIFIED,chirps_meg_2009.04.21.npy,7900,
2009-04-22,DOWNLOADED_AND_VERIFIED,chirps_meg_2009.04.22.npy,7900,
2009-04-23,DOWNLOADED_AND_VERIFIED,chirps_meg_2009.04.23.npy,7900,
2009-04-24,DOWNLOADED_AND_VERIFIED,chirps_meg_2009.04.24.npy,7900,
2009-04-25,DOWNLOADED_AND_VERIFIED,chirps_meg_2009.04.25.npy,7900,
2009-04-26,DOWNLOADED_AND_VERIFIED,chirps_meg_2009.04.26.npy,7900,
2009-04-27,DOWNLOADED_AND_VERIFIED,chirps_meg_2009.04.27.npy,7900,
2009-04-28,DOWNLOADED_AND_VERIFIED,chirps_meg_2009.04.28.npy,7900,
2009-04-29,DOWNLOADED_AND_VERIFIED,chirps_meg_2009.04.29.npy,7900,
2009-04-30,DOWNLOADED_AND_VERIFIED,chirps_meg_2009.04.30.npy,7900,
2009-05-01,DOWNLOADED_AND_VERIFIED,chirps_meg_2009.05.01.npy,7900,
2009-05-02,DOWNLOADED_AND_VERIFIED,chirps_meg_2009.05.02.npy,7900,
2009-05-03,DOWNLOADED_AND_VERIFIED,chirps_meg_2009.05.03.npy,7900,
2009-05-04,DOWNLOADED_AND_VERIFIED,chirps_meg_2009.05.04.npy,7900,
2009-05-05,DOWNLOADED_AND_VERIFIED,chirps_meg_2009.05.05.npy,7900,
2009-05-06,DOWNLOADED_AND_VERIFIED,chirps_meg_2009.05.06.npy,7900,
2009-05-07,DOWNLOADED_AND_VERIFIED,chirps_meg_2009.05.07.npy,7900,
2009-05-08,DOWNLOADED_AND_VERIFIED,chirps_meg_2009.05.08.npy,7900,
2009-05-09,DOWNLOADED_AND_VERIFIED,chirps_meg_2009.05.09.npy,7900,
2009-05-10,DOWNLOADED_AND_VERIFIED,chirps_meg_2009.05.10.npy,7900,
2009-05-11,DOWNLOADED_AND_VERIFIED,chirps_meg_2009.05.11.npy,7900,
2009-05-12,DOWNLOADED_AND_VERIFIED,chirps_meg_2009.05.12.npy,7900,
2009-05-13,DOWNLOADED_AND_VERIFIED,chirps_meg_2009.05.13.npy,7900,
2009-05-14,DOWNLOADED_AND_VERIFIED,chirps_meg_2009.05.14.npy,7900,
2009-05-15,DOWNLOADED_AND_VERIFIED,chirps_meg_2009.05.15.npy,7900,
2009-05-16,DOWNLOADED_AND_VERIFIED,chirps_meg_2009.05.16.npy,7900,
2009-05-17,DOWNLOADED_AND_VERIFIED,chirps_meg_2009.05.17.npy,7900,
2009-05-18,DOWNLOADED_AND_VERIFIED,chirps_meg_2009.05.18.npy,7900,
2009-05-19,DOWNLOADED_AND_VERIFIED,chirps_meg_2009.05.19.npy,7900,
2009-05-20,DOWNLOADED_AND_VERIFIED,chirps_meg_2009.05.20.npy,7900,
2009-05-21,DOWNLOADED_AND_VERIFIED,chirps_meg_2009.05.21.npy,7900,
2009-05-22,DOWNLOADED_AND_VERIFIED,chirps_meg_2009.05.22.npy,7900,
2009-05-23,DOWNLOADED_AND_VERIFIED,chirps_meg_2009.05.23.npy,7900,
2009-05-24,DOWNLOADED_AND_VERIFIED,chirps_meg_2009.05.24.npy,7900,
2009-05-25,DOWNLOADED_AND_VERIFIED,chirps_meg_2009.05.25.npy,7900,
2009-05-26,DOWNLOADED_AND_VERIFIED,chirps_meg_2009.05.26.npy,7900,
2009-05-27,DOWNLOADED_AND_VERIFIED,chirps_meg_2009.05.27.npy,7900,
2009-05-28,DOWNLOADED_AND_VERIFIED,chirps_meg_2009.05.28.npy,7900,
2009-05-29,DOWNLOADED_AND_VERIFIED,chirps_meg_2009.05.29.npy,7900,
2009-05-30,DOWNLOADED_AND_VERIFIED,chirps_meg_2009.05.30.npy,7900,
2009-05-31,ALREADY_PRESENT,chirps_meg_2009.05.31.npy,7900,
2009-06-01,ALREADY_PRESENT,chirps_meg_2009.06.01.npy,7900,
2009-06-02,ALREADY_PRESENT,chirps_meg_2009.06.02.npy,7900,
2009-06-03,ALREADY_PRESENT,chirps_meg_2009.06.03.npy,7900,
2009-06-04,ALREADY_PRESENT,chirps_meg_2009.06.04.npy,7900,
2009-06-05,ALREADY_PRESENT,chirps_meg_2009.06.05.npy,7900,
2009-06-06,ALREADY_PRESENT,chirps_meg_2009.06.06.npy,7900,
2009-06-07,ALREADY_PRESENT,chirps_meg_2009.06.07.npy,7900,
2009-06-08,ALREADY_PRESENT,chirps_meg_2009.06.08.npy,7900,
2009-06-09,ALREADY_PRESENT,chirps_meg_2009.06.09.npy,7900,
2009-06-10,ALREADY_PRESENT,chirps_meg_2009.06.10.npy,7900,
2009-06-11,ALREADY_PRESENT,chirps_meg_2009.06.11.npy,7900,
2009-06-12,ALREADY_PRESENT,chirps_meg_2009.06.12.npy,7900,
2009-06-13,ALREADY_PRESENT,chirps_meg_2009.06.13.npy,7900,
2009-06-14,ALREADY_PRESENT,chirps_meg_2009.06.14.npy,7900,
2009-06-15,ALREADY_PRESENT,chirps_meg_2009.06.15.npy,7900,
2009-06-16,ALREADY_PRESENT,chirps_meg_2009.06.16.npy,7900,
2009-06-17,ALREADY_PRESENT,chirps_meg_2009.06.17.npy,7900,
2009-06-18,ALREADY_PRESENT,chirps_meg_2009.06.18.npy,7900,
2009-06-19,ALREADY_PRESENT,chirps_meg_2009.06.19.npy,7900,
2009-06-20,ALREADY_PRESENT,chirps_meg_2009.06.20.npy,7900,
2009-06-21,ALREADY_PRESENT,chirps_meg_2009.06.21.npy,7900,
2009-06-22,ALREADY_PRESENT,chirps_meg_2009.06.22.npy,7900,
2009-06-23,ALREADY_PRESENT,chirps_meg_2009.06.23.npy,7900,
2009-06-24,ALREADY_PRESENT,chirps_meg_2009.06.24.npy,7900,
2009-06-25,ALREADY_PRESENT,chirps_meg_2009.06.25.npy,7900,
2009-06-26,ALREADY_PRESENT,chirps_meg_2009.06.26.npy,7900,
2009-06-27,ALREADY_PRESENT,chirps_meg_2009.06.27.npy,7900,
2009-06-28,ALREADY_PRESENT,chirps_meg_2009.06.28.npy,7900,
2009-06-29,ALREADY_PRESENT,chirps_meg_2009.06.29.npy,7900,
2009-06-30,ALREADY_PRESENT,chirps_meg_2009.06.30.npy,7900,
2009-07-01,ALREADY_PRESENT,chirps_meg_2009.07.01.npy,7900,
2009-07-02,ALREADY_PRESENT,chirps_meg_2009.07.02.npy,7900,
2009-07-03,ALREADY_PRESENT,chirps_meg_2009.07.03.npy,7900,
2009-07-04,ALREADY_PRESENT,chirps_meg_2009.07.04.npy,7900,
2009-07-05,ALREADY_PRESENT,chirps_meg_2009.07.05.npy,7900,
2009-07-06,ALREADY_PRESENT,chirps_meg_2009.07.06.npy,7900,
2009-07-07,ALREADY_PRESENT,chirps_meg_2009.07.07.npy,7900,
2009-07-08,ALREADY_PRESENT,chirps_meg_2009.07.08.npy,7900,
2009-07-09,ALREADY_PRESENT,chirps_meg_2009.07.09.npy,7900,
2009-07-10,ALREADY_PRESENT,chirps_meg_2009.07.10.npy,7900,
2009-07-11,ALREADY_PRESENT,chirps_meg_2009.07.11.npy,7900,
2009-07-12,ALREADY_PRESENT,chirps_meg_2009.07.12.npy,7900,
2009-07-13,ALREADY_PRESENT,chirps_meg_2009.07.13.npy,7900,
2009-07-14,ALREADY_PRESENT,chirps_meg_2009.07.14.npy,7900,
2009-07-15,ALREADY_PRESENT,chirps_meg_2009.07.15.npy,7900,
2009-07-16,ALREADY_PRESENT,chirps_meg_2009.07.16.npy,7900,
2009-07-17,ALREADY_PRESENT,chirps_meg_2009.07.17.npy,7900,
2009-07-18,DOWNLOADED_AND_VERIFIED,chirps_meg_2009.07.18.npy,7900,
2009-07-19,DOWNLOADED_AND_VERIFIED,chirps_meg_2009.07.19.npy,7900,
2009-07-20,DOWNLOADED_AND_VERIFIED,chirps_meg_2009.07.20.npy,7900,
2009-07-21,DOWNLOADED_AND_VERIFIED,chirps_meg_2009.07.21.npy,7900,
2009-07-22,DOWNLOADED_AND_VERIFIED,chirps_meg_2009.07.22.npy,7900,
2009-07-23,DOWNLOADED_AND_VERIFIED,chirps_meg_2009.07.23.npy,7900,
2009-07-24,DOWNLOADED_AND_VERIFIED,chirps_meg_2009.07.24.npy,7900,
2009-07-25,DOWNLOADED_AND_VERIFIED,chirps_meg_2009.07.25.npy,7900,
2009-07-26,DOWNLOADED_AND_VERIFIED,chirps_meg_2009.07.26.npy,7900,
2009-07-27,DOWNLOADED_AND_VERIFIED,chirps_meg_2009.07.27.npy,7900,
2009-07-28,DOWNLOADED_AND_VERIFIED,chirps_meg_2009.07.28.npy,7900,
2009-07-29,DOWNLOADED_AND_VERIFIED,chirps_meg_2009.07.29.npy,7900,
2009-07-30,DOWNLOADED_AND_VERIFIED,chirps_meg_2009.07.30.npy,7900,
2009-07-31,DOWNLOADED_AND_VERIFIED,chirps_meg_2009.07.31.npy,7900,
2009-08-01,DOWNLOADED_AND_VERIFIED,chirps_meg_2009.08.01.npy,7900,
2009-08-02,DOWNLOADED_AND_VERIFIED,chirps_meg_2009.08.02.npy,7900,
2009-08-03,DOWNLOADED_AND_VERIFIED,chirps_meg_2009.08.03.npy,7900,
2009-08-04,DOWNLOADED_AND_VERIFIED,chirps_meg_2009.08.04.npy,7900,
2009-08-05,DOWNLOADED_AND_VERIFIED,chirps_meg_2009.08.05.npy,7900,
2009-08-06,DOWNLOADED_AND_VERIFIED,chirps_meg_2009.08.06.npy,7900,
2009-08-07,DOWNLOADED_AND_VERIFIED,chirps_meg_2009.08.07.npy,7900,
2009-08-08,DOWNLOADED_AND_VERIFIED,chirps_meg_2009.08.08.npy,7900,
2009-08-09,DOWNLOADED_AND_VERIFIED,chirps_meg_2009.08.09.npy,7900,
2009-08-10,DOWNLOADED_AND_VERIFIED,chirps_meg_2009.08.10.npy,7900,
2009-08-11,DOWNLOADED_AND_VERIFIED,chirps_meg_2009.08.11.npy,7900,
2009-08-12,DOWNLOADED_AND_VERIFIED,chirps_meg_2009.08.12.npy,7900,
2009-08-13,DOWNLOADED_AND_VERIFIED,chirps_meg_2009.08.13.npy,7900,
2009-08-14,DOWNLOADED_AND_VERIFIED,chirps_meg_2009.08.14.npy,7900,
2009-08-15,DOWNLOADED_AND_VERIFIED,chirps_meg_2009.08.15.npy,7900,
2009-08-16,DOWNLOADED_AND_VERIFIED,chirps_meg_2009.08.16.npy,7900,
2009-08-17,DOWNLOADED_AND_VERIFIED,chirps_meg_2009.08.17.npy,7900,
2009-08-18,DOWNLOADED_AND_VERIFIED,chirps_meg_2009.08.18.npy,7900,
2009-08-19,DOWNLOADED_AND_VERIFIED,chirps_meg_2009.08.19.npy,7900,
2009-08-20,DOWNLOADED_AND_VERIFIED,chirps_meg_2009.08.20.npy,7900,
2009-08-21,DOWNLOADED_AND_VERIFIED,chirps_meg_2009.08.21.npy,7900,
2009-08-22,DOWNLOADED_AND_VERIFIED,chirps_meg_2009.08.22.npy,7900,
2009-08-23,DOWNLOADED_AND_VERIFIED,chirps_meg_2009.08.23.npy,7900,
2009-08-24,DOWNLOADED_AND_VERIFIED,chirps_meg_2009.08.24.npy,7900,
2009-08-25,DOWNLOADED_AND_VERIFIED,chirps_meg_2009.08.25.npy,7900,
2009-08-26,DOWNLOADED_AND_VERIFIED,chirps_meg_2009.08.26.npy,7900,
2009-08-27,DOWNLOADED_AND_VERIFIED,chirps_meg_2009.08.27.npy,7900,
2009-08-28,DOWNLOADED_AND_VERIFIED,chirps_meg_2009.08.28.npy,7900,
2009-08-29,DOWNLOADED_AND_VERIFIED,chirps_meg_2009.08.29.npy,7900,
2009-08-30,DOWNLOADED_AND_VERIFIED,chirps_meg_2009.08.30.npy,7900,
2009-08-31,DOWNLOADED_AND_VERIFIED,chirps_meg_2009.08.31.npy,7900,
2009-09-01,DOWNLOADED_AND_VERIFIED,chirps_meg_2009.09.01.npy,7900,
2009-09-02,DOWNLOADED_AND_VERIFIED,chirps_meg_2009.09.02.npy,7900,
2009-09-03,DOWNLOADED_AND_VERIFIED,chirps_meg_2009.09.03.npy,7900,
2009-09-04,DOWNLOADED_AND_VERIFIED,chirps_meg_2009.09.04.npy,7900,
2009-09-05,DOWNLOADED_AND_VERIFIED,chirps_meg_2009.09.05.npy,7900,
2009-09-06,DOWNLOADED_AND_VERIFIED,chirps_meg_2009.09.06.npy,7900,
2009-09-07,DOWNLOADED_AND_VERIFIED,chirps_meg_2009.09.07.npy,7900,
2009-09-08,DOWNLOADED_AND_VERIFIED,chirps_meg_2009.09.08.npy,7900,
2009-09-09,DOWNLOADED_AND_VERIFIED,chirps_meg_2009.09.09.npy,7900,
2009-09-10,DOWNLOADED_AND_VERIFIED,chirps_meg_2009.09.10.npy,7900,
2009-09-11,DOWNLOADED_AND_VERIFIED,chirps_meg_2009.09.11.npy,7900,
2009-09-12,DOWNLOADED_AND_VERIFIED,chirps_meg_2009.09.12.npy,7900,
2009-09-13,DOWNLOADED_AND_VERIFIED,chirps_meg_2009.09.13.npy,7900,
2009-09-14,DOWNLOADED_AND_VERIFIED,chirps_meg_2009.09.14.npy,7900,
2009-09-15,DOWNLOADED_AND_VERIFIED,chirps_meg_2009.09.15.npy,7900,
2009-09-16,DOWNLOADED_AND_VERIFIED,chirps_meg_2009.09.16.npy,7900,
2009-09-17,DOWNLOADED_AND_VERIFIED,chirps_meg_2009.09.17.npy,7900,
2009-09-18,DOWNLOADED_AND_VERIFIED,chirps_meg_2009.09.18.npy,7900,
2009-09-19,DOWNLOADED_AND_VERIFIED,chirps_meg_2009.09.19.npy,7900,
2009-09-20,DOWNLOADED_AND_VERIFIED,chirps_meg_2009.09.20.npy,7900,
2009-09-21,DOWNLOADED_AND_VERIFIED,chirps_meg_2009.09.21.npy,7900,
2009-09-22,DOWNLOADED_AND_VERIFIED,chirps_meg_2009.09.22.npy,7900,
2009-09-23,DOWNLOADED_AND_VERIFIED,chirps_meg_2009.09.23.npy,7900,
2009-09-24,DOWNLOADED_AND_VERIFIED,chirps_meg_2009.09.24.npy,7900,
2009-09-25,DOWNLOADED_AND_VERIFIED,chirps_meg_2009.09.25.npy,7900,
2009-09-26,DOWNLOADED_AND_VERIFIED,chirps_meg_2009.09.26.npy,7900,
2009-09-27,DOWNLOADED_AND_VERIFIED,chirps_meg_2009.09.27.npy,7900,
2009-09-28,DOWNLOADED_AND_VERIFIED,chirps_meg_2009.09.28.npy,7900,
2009-09-29,DOWNLOADED_AND_VERIFIED,chirps_meg_2009.09.29.npy,7900,
2009-09-30,DOWNLOADED_AND_VERIFIED,chirps_meg_2009.09.30.npy,7900,
2009-10-01,DOWNLOADED_AND_VERIFIED,chirps_meg_2009.10.01.npy,7900,
2009-10-02,DOWNLOADED_AND_VERIFIED,chirps_meg_2009.10.02.npy,7900,
2009-10-03,DOWNLOADED_AND_VERIFIED,chirps_meg_2009.10.03.npy,7900,
2009-10-04,DOWNLOADED_AND_VERIFIED,chirps_meg_2009.10.04.npy,7900,
2009-10-05,DOWNLOADED_AND_VERIFIED,chirps_meg_2009.10.05.npy,7900,
2009-10-06,DOWNLOADED_AND_VERIFIED,chirps_meg_2009.10.06.npy,7900,
2009-10-07,DOWNLOADED_AND_VERIFIED,chirps_meg_2009.10.07.npy,7900,
2009-10-08,DOWNLOADED_AND_VERIFIED,chirps_meg_2009.10.08.npy,7900,
2009-10-09,DOWNLOADED_AND_VERIFIED,chirps_meg_2009.10.09.npy,7900,
2009-10-10,DOWNLOADED_AND_VERIFIED,chirps_meg_2009.10.10.npy,7900,
2009-10-11,DOWNLOADED_AND_VERIFIED,chirps_meg_2009.10.11.npy,7900,
2009-10-12,DOWNLOADED_AND_VERIFIED,chirps_meg_2009.10.12.npy,7900,
2009-10-13,DOWNLOADED_AND_VERIFIED,chirps_meg_2009.10.13.npy,7900,
2009-10-14,DOWNLOADED_AND_VERIFIED,chirps_meg_2009.10.14.npy,7900,
2009-10-15,DOWNLOADED_AND_VERIFIED,chirps_meg_2009.10.15.npy,7900,
2009-10-16,DOWNLOADED_AND_VERIFIED,chirps_meg_2009.10.16.npy,7900,
2009-10-17,DOWNLOADED_AND_VERIFIED,chirps_meg_2009.10.17.npy,7900,
2009-10-18,DOWNLOADED_AND_VERIFIED,chirps_meg_2009.10.18.npy,7900,
2009-10-19,DOWNLOADED_AND_VERIFIED,chirps_meg_2009.10.19.npy,7900,
2009-10-20,DOWNLOADED_AND_VERIFIED,chirps_meg_2009.10.20.npy,7900,
2009-10-21,DOWNLOADED_AND_VERIFIED,chirps_meg_2009.10.21.npy,7900,
2009-10-22,DOWNLOADED_AND_VERIFIED,chirps_meg_2009.10.22.npy,7900,
2009-10-23,DOWNLOADED_AND_VERIFIED,chirps_meg_2009.10.23.npy,7900,
2009-10-24,DOWNLOADED_AND_VERIFIED,chirps_meg_2009.10.24.npy,7900,
2009-10-25,DOWNLOADED_AND_VERIFIED,chirps_meg_2009.10.25.npy,7900,
2009-10-26,DOWNLOADED_AND_VERIFIED,chirps_meg_2009.10.26.npy,7900,
2009-10-27,DOWNLOADED_AND_VERIFIED,chirps_meg_2009.10.27.npy,7900,
2009-10-28,DOWNLOADED_AND_VERIFIED,chirps_meg_2009.10.28.npy,7900,
2009-10-29,DOWNLOADED_AND_VERIFIED,chirps_meg_2009.10.29.npy,7900,
2009-10-30,DOWNLOADED_AND_VERIFIED,chirps_meg_2009.10.30.npy,7900,
2009-10-31,DOWNLOADED_AND_VERIFIED,chirps_meg_2009.10.31.npy,7900,
2010-03-01,DOWNLOADED_AND_VERIFIED,chirps_meg_2010.03.01.npy,7900,
2010-03-02,DOWNLOADED_AND_VERIFIED,chirps_meg_2010.03.02.npy,7900,
2010-03-03,DOWNLOADED_AND_VERIFIED,chirps_meg_2010.03.03.npy,7900,
2010-03-04,DOWNLOADED_AND_VERIFIED,chirps_meg_2010.03.04.npy,7900,
2010-03-05,DOWNLOADED_AND_VERIFIED,chirps_meg_2010.03.05.npy,7900,
2010-03-06,DOWNLOADED_AND_VERIFIED,chirps_meg_2010.03.06.npy,7900,
2010-03-07,DOWNLOADED_AND_VERIFIED,chirps_meg_2010.03.07.npy,7900,
2010-03-08,DOWNLOADED_AND_VERIFIED,chirps_meg_2010.03.08.npy,7900,
2010-03-09,DOWNLOADED_AND_VERIFIED,chirps_meg_2010.03.09.npy,7900,
2010-03-10,DOWNLOADED_AND_VERIFIED,chirps_meg_2010.03.10.npy,7900,
2010-03-11,DOWNLOADED_AND_VERIFIED,chirps_meg_2010.03.11.npy,7900,
2010-03-12,DOWNLOADED_AND_VERIFIED,chirps_meg_2010.03.12.npy,7900,
2010-03-13,DOWNLOADED_AND_VERIFIED,chirps_meg_2010.03.13.npy,7900,
2010-03-14,DOWNLOADED_AND_VERIFIED,chirps_meg_2010.03.14.npy,7900,
2010-03-15,DOWNLOADED_AND_VERIFIED,chirps_meg_2010.03.15.npy,7900,
2010-03-16,DOWNLOADED_AND_VERIFIED,chirps_meg_2010.03.16.npy,7900,
2010-03-17,DOWNLOADED_AND_VERIFIED,chirps_meg_2010.03.17.npy,7900,
2010-03-18,DOWNLOADED_AND_VERIFIED,chirps_meg_2010.03.18.npy,7900,
2010-03-19,DOWNLOADED_AND_VERIFIED,chirps_meg_2010.03.19.npy,7900,
2010-03-20,DOWNLOADED_AND_VERIFIED,chirps_meg_2010.03.20.npy,7900,
2010-03-21,DOWNLOADED_AND_VERIFIED,chirps_meg_2010.03.21.npy,7900,
2010-03-22,DOWNLOADED_AND_VERIFIED,chirps_meg_2010.03.22.npy,7900,
2010-03-23,DOWNLOADED_AND_VERIFIED,chirps_meg_2010.03.23.npy,7900,
2010-03-24,ALREADY_PRESENT,chirps_meg_2010.03.24.npy,7900,
2010-03-25,ALREADY_PRESENT,chirps_meg_2010.03.25.npy,7900,
2010-03-26,ALREADY_PRESENT,chirps_meg_2010.03.26.npy,7900,
2010-03-27,ALREADY_PRESENT,chirps_meg_2010.03.27.npy,7900,
2010-03-28,ALREADY_PRESENT,chirps_meg_2010.03.28.npy,7900,
2010-03-29,ALREADY_PRESENT,chirps_meg_2010.03.29.npy,7900,
2010-03-30,ALREADY_PRESENT,chirps_meg_2010.03.30.npy,7900,
2010-03-31,ALREADY_PRESENT,chirps_meg_2010.03.31.npy,7900,
2010-04-01,ALREADY_PRESENT,chirps_meg_2010.04.01.npy,7900,
2010-04-02,ALREADY_PRESENT,chirps_meg_2010.04.02.npy,7900,
2010-04-03,ALREADY_PRESENT,chirps_meg_2010.04.03.npy,7900,
2010-04-04,ALREADY_PRESENT,chirps_meg_2010.04.04.npy,7900,
2010-04-05,ALREADY_PRESENT,chirps_meg_2010.04.05.npy,7900,
2010-04-06,ALREADY_PRESENT,chirps_meg_2010.04.06.npy,7900,
2010-04-07,ALREADY_PRESENT,chirps_meg_2010.04.07.npy,7900,
2010-04-08,ALREADY_PRESENT,chirps_meg_2010.04.08.npy,7900,
2010-04-09,ALREADY_PRESENT,chirps_meg_2010.04.09.npy,7900,
2010-04-10,ALREADY_PRESENT,chirps_meg_2010.04.10.npy,7900,
2010-04-11,ALREADY_PRESENT,chirps_meg_2010.04.11.npy,7900,
2010-04-12,ALREADY_PRESENT,chirps_meg_2010.04.12.npy,7900,
2010-04-13,ALREADY_PRESENT,chirps_meg_2010.04.13.npy,7900,
2010-04-14,ALREADY_PRESENT,chirps_meg_2010.04.14.npy,7900,
2010-04-15,ALREADY_PRESENT,chirps_meg_2010.04.15.npy,7900,
2010-04-16,ALREADY_PRESENT,chirps_meg_2010.04.16.npy,7900,
2010-04-17,ALREADY_PRESENT,chirps_meg_2010.04.17.npy,7900,
2010-04-18,ALREADY_PRESENT,chirps_meg_2010.04.18.npy,7900,
2010-04-19,ALREADY_PRESENT,chirps_meg_2010.04.19.npy,7900,
2010-04-20,ALREADY_PRESENT,chirps_meg_2010.04.20.npy,7900,
2010-04-21,ALREADY_PRESENT,chirps_meg_2010.04.21.npy,7900,
2010-04-22,ALREADY_PRESENT,chirps_meg_2010.04.22.npy,7900,
2010-04-23,DOWNLOADED_AND_VERIFIED,chirps_meg_2010.04.23.npy,7900,
2010-04-24,DOWNLOADED_AND_VERIFIED,chirps_meg_2010.04.24.npy,7900,
2010-04-25,DOWNLOADED_AND_VERIFIED,chirps_meg_2010.04.25.npy,7900,
2010-04-26,DOWNLOADED_AND_VERIFIED,chirps_meg_2010.04.26.npy,7900,
2010-04-27,DOWNLOADED_AND_VERIFIED,chirps_meg_2010.04.27.npy,7900,
2010-04-28,DOWNLOADED_AND_VERIFIED,chirps_meg_2010.04.28.npy,7900,
2010-04-29,DOWNLOADED_AND_VERIFIED,chirps_meg_2010.04.29.npy,7900,
2010-04-30,DOWNLOADED_AND_VERIFIED,chirps_meg_2010.04.30.npy,7900,
2010-05-01,DOWNLOADED_AND_VERIFIED,chirps_meg_2010.05.01.npy,7900,
2010-05-02,DOWNLOADED_AND_VERIFIED,chirps_meg_2010.05.02.npy,7900,
2010-05-03,DOWNLOADED_AND_VERIFIED,chirps_meg_2010.05.03.npy,7900,
2010-05-04,DOWNLOADED_AND_VERIFIED,chirps_meg_2010.05.04.npy,7900,
2010-05-05,DOWNLOADED_AND_VERIFIED,chirps_meg_2010.05.05.npy,7900,
2010-05-06,DOWNLOADED_AND_VERIFIED,chirps_meg_2010.05.06.npy,7900,
2010-05-07,DOWNLOADED_AND_VERIFIED,chirps_meg_2010.05.07.npy,7900,
2010-05-08,DOWNLOADED_AND_VERIFIED,chirps_meg_2010.05.08.npy,7900,
2010-05-09,DOWNLOADED_AND_VERIFIED,chirps_meg_2010.05.09.npy,7900,
2010-05-10,DOWNLOADED_AND_VERIFIED,chirps_meg_2010.05.10.npy,7900,
2010-05-11,DOWNLOADED_AND_VERIFIED,chirps_meg_2010.05.11.npy,7900,
2010-05-12,DOWNLOADED_AND_VERIFIED,chirps_meg_2010.05.12.npy,7900,
2010-05-13,DOWNLOADED_AND_VERIFIED,chirps_meg_2010.05.13.npy,7900,
2010-05-14,DOWNLOADED_AND_VERIFIED,chirps_meg_2010.05.14.npy,7900,
2010-05-15,DOWNLOADED_AND_VERIFIED,chirps_meg_2010.05.15.npy,7900,
2010-05-16,DOWNLOADED_AND_VERIFIED,chirps_meg_2010.05.16.npy,7900,
2010-05-17,DOWNLOADED_AND_VERIFIED,chirps_meg_2010.05.17.npy,7900,
2010-05-18,DOWNLOADED_AND_VERIFIED,chirps_meg_2010.05.18.npy,7900,
2010-05-19,DOWNLOADED_AND_VERIFIED,chirps_meg_2010.05.19.npy,7900,
2010-05-20,DOWNLOADED_AND_VERIFIED,chirps_meg_2010.05.20.npy,7900,
2010-05-21,DOWNLOADED_AND_VERIFIED,chirps_meg_2010.05.21.npy,7900,
2010-05-22,DOWNLOADED_AND_VERIFIED,chirps_meg_2010.05.22.npy,7900,
2010-05-23,DOWNLOADED_AND_VERIFIED,chirps_meg_2010.05.23.npy,7900,
2010-05-24,DOWNLOADED_AND_VERIFIED,chirps_meg_2010.05.24.npy,7900,
2010-05-25,DOWNLOADED_AND_VERIFIED,chirps_meg_2010.05.25.npy,7900,
2010-05-26,DOWNLOADED_AND_VERIFIED,chirps_meg_2010.05.26.npy,7900,
2010-05-27,DOWNLOADED_AND_VERIFIED,chirps_meg_2010.05.27.npy,7900,
2010-05-28,DOWNLOADED_AND_VERIFIED,chirps_meg_2010.05.28.npy,7900,
2010-05-29,DOWNLOADED_AND_VERIFIED,chirps_meg_2010.05.29.npy,7900,
2010-05-30,ALREADY_PRESENT,chirps_meg_2010.05.30.npy,7900,
2010-05-31,ALREADY_PRESENT,chirps_meg_2010.05.31.npy,7900,
2010-06-01,ALREADY_PRESENT,chirps_meg_2010.06.01.npy,7900,
2010-06-02,ALREADY_PRESENT,chirps_meg_2010.06.02.npy,7900,
2010-06-03,ALREADY_PRESENT,chirps_meg_2010.06.03.npy,7900,
2010-06-04,ALREADY_PRESENT,chirps_meg_2010.06.04.npy,7900,
2010-06-05,ALREADY_PRESENT,chirps_meg_2010.06.05.npy,7900,
2010-06-06,ALREADY_PRESENT,chirps_meg_2010.06.06.npy,7900,
2010-06-07,ALREADY_PRESENT,chirps_meg_2010.06.07.npy,7900,
2010-06-08,ALREADY_PRESENT,chirps_meg_2010.06.08.npy,7900,
2010-06-09,ALREADY_PRESENT,chirps_meg_2010.06.09.npy,7900,
2010-06-10,ALREADY_PRESENT,chirps_meg_2010.06.10.npy,7900,
2010-06-11,ALREADY_PRESENT,chirps_meg_2010.06.11.npy,7900,
2010-06-12,ALREADY_PRESENT,chirps_meg_2010.06.12.npy,7900,
2010-06-13,ALREADY_PRESENT,chirps_meg_2010.06.13.npy,7900,
2010-06-14,ALREADY_PRESENT,chirps_meg_2010.06.14.npy,7900,
2010-06-15,ALREADY_PRESENT,chirps_meg_2010.06.15.npy,7900,
2010-06-16,ALREADY_PRESENT,chirps_meg_2010.06.16.npy,7900,
2010-06-17,ALREADY_PRESENT,chirps_meg_2010.06.17.npy,7900,
2010-06-18,ALREADY_PRESENT,chirps_meg_2010.06.18.npy,7900,
2010-06-19,ALREADY_PRESENT,chirps_meg_2010.06.19.npy,7900,
2010-06-20,ALREADY_PRESENT,chirps_meg_2010.06.20.npy,7900,
2010-06-21,ALREADY_PRESENT,chirps_meg_2010.06.21.npy,7900,
2010-06-22,ALREADY_PRESENT,chirps_meg_2010.06.22.npy,7900,
2010-06-23,ALREADY_PRESENT,chirps_meg_2010.06.23.npy,7900,
2010-06-24,ALREADY_PRESENT,chirps_meg_2010.06.24.npy,7900,
2010-06-25,ALREADY_PRESENT,chirps_meg_2010.06.25.npy,7900,
2010-06-26,ALREADY_PRESENT,chirps_meg_2010.06.26.npy,7900,
2010-06-27,ALREADY_PRESENT,chirps_meg_2010.06.27.npy,7900,
2010-06-28,ALREADY_PRESENT,chirps_meg_2010.06.28.npy,7900,
2010-06-29,DOWNLOADED_AND_VERIFIED,chirps_meg_2010.06.29.npy,7900,
2010-06-30,DOWNLOADED_AND_VERIFIED,chirps_meg_2010.06.30.npy,7900,
2010-07-01,DOWNLOADED_AND_VERIFIED,chirps_meg_2010.07.01.npy,7900,
2010-07-02,DOWNLOADED_AND_VERIFIED,chirps_meg_2010.07.02.npy,7900,
2010-07-03,DOWNLOADED_AND_VERIFIED,chirps_meg_2010.07.03.npy,7900,
2010-07-04,DOWNLOADED_AND_VERIFIED,chirps_meg_2010.07.04.npy,7900,
2010-07-05,DOWNLOADED_AND_VERIFIED,chirps_meg_2010.07.05.npy,7900,
2010-07-06,DOWNLOADED_AND_VERIFIED,chirps_meg_2010.07.06.npy,7900,
2010-07-07,DOWNLOADED_AND_VERIFIED,chirps_meg_2010.07.07.npy,7900,
2010-07-08,DOWNLOADED_AND_VERIFIED,chirps_meg_2010.07.08.npy,7900,
2010-07-09,DOWNLOADED_AND_VERIFIED,chirps_meg_2010.07.09.npy,7900,
2010-07-10,DOWNLOADED_AND_VERIFIED,chirps_meg_2010.07.10.npy,7900,
2010-07-11,DOWNLOADED_AND_VERIFIED,chirps_meg_2010.07.11.npy,7900,
2010-07-12,DOWNLOADED_AND_VERIFIED,chirps_meg_2010.07.12.npy,7900,
2010-07-13,DOWNLOADED_AND_VERIFIED,chirps_meg_2010.07.13.npy,7900,
2010-07-14,DOWNLOADED_AND_VERIFIED,chirps_meg_2010.07.14.npy,7900,
2010-07-15,DOWNLOADED_AND_VERIFIED,chirps_meg_2010.07.15.npy,7900,
2010-07-16,DOWNLOADED_AND_VERIFIED,chirps_meg_2010.07.16.npy,7900,
2010-07-17,DOWNLOADED_AND_VERIFIED,chirps_meg_2010.07.17.npy,7900,
2010-07-18,DOWNLOADED_AND_VERIFIED,chirps_meg_2010.07.18.npy,7900,
2010-07-19,DOWNLOADED_AND_VERIFIED,chirps_meg_2010.07.19.npy,7900,
2010-07-20,DOWNLOADED_AND_VERIFIED,chirps_meg_2010.07.20.npy,7900,
2010-07-21,DOWNLOADED_AND_VERIFIED,chirps_meg_2010.07.21.npy,7900,
2010-07-22,DOWNLOADED_AND_VERIFIED,chirps_meg_2010.07.22.npy,7900,
2010-07-23,DOWNLOADED_AND_VERIFIED,chirps_meg_2010.07.23.npy,7900,
2010-07-24,DOWNLOADED_AND_VERIFIED,chirps_meg_2010.07.24.npy,7900,
2010-07-25,DOWNLOADED_AND_VERIFIED,chirps_meg_2010.07.25.npy,7900,
2010-07-26,DOWNLOADED_AND_VERIFIED,chirps_meg_2010.07.26.npy,7900,
2010-07-27,DOWNLOADED_AND_VERIFIED,chirps_meg_2010.07.27.npy,7900,
2010-07-28,DOWNLOADED_AND_VERIFIED,chirps_meg_2010.07.28.npy,7900,
2010-07-29,ALREADY_PRESENT,chirps_meg_2010.07.29.npy,7900,
2010-07-30,ALREADY_PRESENT,chirps_meg_2010.07.30.npy,7900,
2010-07-31,ALREADY_PRESENT,chirps_meg_2010.07.31.npy,7900,
2010-08-01,ALREADY_PRESENT,chirps_meg_2010.08.01.npy,7900,
2010-08-02,ALREADY_PRESENT,chirps_meg_2010.08.02.npy,7900,
2010-08-03,ALREADY_PRESENT,chirps_meg_2010.08.03.npy,7900,
2010-08-04,ALREADY_PRESENT,chirps_meg_2010.08.04.npy,7900,
2010-08-05,ALREADY_PRESENT,chirps_meg_2010.08.05.npy,7900,
2010-08-06,ALREADY_PRESENT,chirps_meg_2010.08.06.npy,7900,
2010-08-07,ALREADY_PRESENT,chirps_meg_2010.08.07.npy,7900,
2010-08-08,ALREADY_PRESENT,chirps_meg_2010.08.08.npy,7900,
2010-08-09,ALREADY_PRESENT,chirps_meg_2010.08.09.npy,7900,
2010-08-10,ALREADY_PRESENT,chirps_meg_2010.08.10.npy,7900,
2010-08-11,ALREADY_PRESENT,chirps_meg_2010.08.11.npy,7900,
2010-08-12,ALREADY_PRESENT,chirps_meg_2010.08.12.npy,7900,
2010-08-13,ALREADY_PRESENT,chirps_meg_2010.08.13.npy,7900,
2010-08-14,ALREADY_PRESENT,chirps_meg_2010.08.14.npy,7900,
2010-08-15,ALREADY_PRESENT,chirps_meg_2010.08.15.npy,7900,
2010-08-16,ALREADY_PRESENT,chirps_meg_2010.08.16.npy,7900,
2010-08-17,ALREADY_PRESENT,chirps_meg_2010.08.17.npy,7900,
2010-08-18,ALREADY_PRESENT,chirps_meg_2010.08.18.npy,7900,
2010-08-19,ALREADY_PRESENT,chirps_meg_2010.08.19.npy,7900,
2010-08-20,ALREADY_PRESENT,chirps_meg_2010.08.20.npy,7900,
2010-08-21,ALREADY_PRESENT,chirps_meg_2010.08.21.npy,7900,
2010-08-22,ALREADY_PRESENT,chirps_meg_2010.08.22.npy,7900,
2010-08-23,ALREADY_PRESENT,chirps_meg_2010.08.23.npy,7900,
2010-08-24,ALREADY_PRESENT,chirps_meg_2010.08.24.npy,7900,
2010-08-25,ALREADY_PRESENT,chirps_meg_2010.08.25.npy,7900,
2010-08-26,ALREADY_PRESENT,chirps_meg_2010.08.26.npy,7900,
2010-08-27,ALREADY_PRESENT,chirps_meg_2010.08.27.npy,7900,
2010-08-28,DOWNLOADED_AND_VERIFIED,chirps_meg_2010.08.28.npy,7900,
2010-08-29,DOWNLOADED_AND_VERIFIED,chirps_meg_2010.08.29.npy,7900,
2010-08-30,DOWNLOADED_AND_VERIFIED,chirps_meg_2010.08.30.npy,7900,
2010-08-31,DOWNLOADED_AND_VERIFIED,chirps_meg_2010.08.31.npy,7900,
2010-09-01,DOWNLOADED_AND_VERIFIED,chirps_meg_2010.09.01.npy,7900,
2010-09-02,DOWNLOADED_AND_VERIFIED,chirps_meg_2010.09.02.npy,7900,
2010-09-03,DOWNLOADED_AND_VERIFIED,chirps_meg_2010.09.03.npy,7900,
2010-09-04,DOWNLOADED_AND_VERIFIED,chirps_meg_2010.09.04.npy,7900,
2010-09-05,DOWNLOADED_AND_VERIFIED,chirps_meg_2010.09.05.npy,7900,
2010-09-06,DOWNLOADED_AND_VERIFIED,chirps_meg_2010.09.06.npy,7900,
2010-09-07,DOWNLOADED_AND_VERIFIED,chirps_meg_2010.09.07.npy,7900,
2010-09-08,DOWNLOADED_AND_VERIFIED,chirps_meg_2010.09.08.npy,7900,
2010-09-09,DOWNLOADED_AND_VERIFIED,chirps_meg_2010.09.09.npy,7900,
2010-09-10,DOWNLOADED_AND_VERIFIED,chirps_meg_2010.09.10.npy,7900,
2010-09-11,DOWNLOADED_AND_VERIFIED,chirps_meg_2010.09.11.npy,7900,
2010-09-12,DOWNLOADED_AND_VERIFIED,chirps_meg_2010.09.12.npy,7900,
2010-09-13,DOWNLOADED_AND_VERIFIED,chirps_meg_2010.09.13.npy,7900,
2010-09-14,DOWNLOADED_AND_VERIFIED,chirps_meg_2010.09.14.npy,7900,
2010-09-15,DOWNLOADED_AND_VERIFIED,chirps_meg_2010.09.15.npy,7900,
2010-09-16,DOWNLOADED_AND_VERIFIED,chirps_meg_2010.09.16.npy,7900,
2010-09-17,DOWNLOADED_AND_VERIFIED,chirps_meg_2010.09.17.npy,7900,
2010-09-18,DOWNLOADED_AND_VERIFIED,chirps_meg_2010.09.18.npy,7900,
2010-09-19,DOWNLOADED_AND_VERIFIED,chirps_meg_2010.09.19.npy,7900,
2010-09-20,DOWNLOADED_AND_VERIFIED,chirps_meg_2010.09.20.npy,7900,
2010-09-21,DOWNLOADED_AND_VERIFIED,chirps_meg_2010.09.21.npy,7900,
2010-09-22,DOWNLOADED_AND_VERIFIED,chirps_meg_2010.09.22.npy,7900,
2010-09-23,DOWNLOADED_AND_VERIFIED,chirps_meg_2010.09.23.npy,7900,
2010-09-24,DOWNLOADED_AND_VERIFIED,chirps_meg_2010.09.24.npy,7900,
2010-09-25,DOWNLOADED_AND_VERIFIED,chirps_meg_2010.09.25.npy,7900,
2010-09-26,DOWNLOADED_AND_VERIFIED,chirps_meg_2010.09.26.npy,7900,
2010-09-27,DOWNLOADED_AND_VERIFIED,chirps_meg_2010.09.27.npy,7900,
2010-09-28,DOWNLOADED_AND_VERIFIED,chirps_meg_2010.09.28.npy,7900,
2010-09-29,DOWNLOADED_AND_VERIFIED,chirps_meg_2010.09.29.npy,7900,
2010-09-30,DOWNLOADED_AND_VERIFIED,chirps_meg_2010.09.30.npy,7900,
2010-10-01,DOWNLOADED_AND_VERIFIED,chirps_meg_2010.10.01.npy,7900,
2010-10-02,DOWNLOADED_AND_VERIFIED,chirps_meg_2010.10.02.npy,7900,
2010-10-03,DOWNLOADED_AND_VERIFIED,chirps_meg_2010.10.03.npy,7900,
2010-10-04,DOWNLOADED_AND_VERIFIED,chirps_meg_2010.10.04.npy,7900,
2010-10-05,DOWNLOADED_AND_VERIFIED,chirps_meg_2010.10.05.npy,7900,
2010-10-06,DOWNLOADED_AND_VERIFIED,chirps_meg_2010.10.06.npy,7900,
2010-10-07,DOWNLOADED_AND_VERIFIED,chirps_meg_2010.10.07.npy,7900,
2010-10-08,DOWNLOADED_AND_VERIFIED,chirps_meg_2010.10.08.npy,7900,
2010-10-09,DOWNLOADED_AND_VERIFIED,chirps_meg_2010.10.09.npy,7900,
2010-10-10,DOWNLOADED_AND_VERIFIED,chirps_meg_2010.10.10.npy,7900,
2010-10-11,DOWNLOADED_AND_VERIFIED,chirps_meg_2010.10.11.npy,7900,
2010-10-12,DOWNLOADED_AND_VERIFIED,chirps_meg_2010.10.12.npy,7900,
2010-10-13,DOWNLOADED_AND_VERIFIED,chirps_meg_2010.10.13.npy,7900,
2010-10-14,DOWNLOADED_AND_VERIFIED,chirps_meg_2010.10.14.npy,7900,
2010-10-15,DOWNLOADED_AND_VERIFIED,chirps_meg_2010.10.15.npy,7900,
2010-10-16,DOWNLOADED_AND_VERIFIED,chirps_meg_2010.10.16.npy,7900,
2010-10-17,DOWNLOADED_AND_VERIFIED,chirps_meg_2010.10.17.npy,7900,
2010-10-18,DOWNLOADED_AND_VERIFIED,chirps_meg_2010.10.18.npy,7900,
2010-10-19,DOWNLOADED_AND_VERIFIED,chirps_meg_2010.10.19.npy,7900,
2010-10-20,DOWNLOADED_AND_VERIFIED,chirps_meg_2010.10.20.npy,7900,
2010-10-21,DOWNLOADED_AND_VERIFIED,chirps_meg_2010.10.21.npy,7900,
2010-10-22,DOWNLOADED_AND_VERIFIED,chirps_meg_2010.10.22.npy,7900,
2010-10-23,DOWNLOADED_AND_VERIFIED,chirps_meg_2010.10.23.npy,7900,
2010-10-24,DOWNLOADED_AND_VERIFIED,chirps_meg_2010.10.24.npy,7900,
2010-10-25,DOWNLOADED_AND_VERIFIED,chirps_meg_2010.10.25.npy,7900,
2010-10-26,DOWNLOADED_AND_VERIFIED,chirps_meg_2010.10.26.npy,7900,
2010-10-27,DOWNLOADED_AND_VERIFIED,chirps_meg_2010.10.27.npy,7900,
2010-10-28,DOWNLOADED_AND_VERIFIED,chirps_meg_2010.10.28.npy,7900,
2010-10-29,DOWNLOADED_AND_VERIFIED,chirps_meg_2010.10.29.npy,7900,
2010-10-30,DOWNLOADED_AND_VERIFIED,chirps_meg_2010.10.30.npy,7900,
2010-10-31,DOWNLOADED_AND_VERIFIED,chirps_meg_2010.10.31.npy,7900,
2011-03-01,DOWNLOADED_AND_VERIFIED,chirps_meg_2011.03.01.npy,7900,
2011-03-02,DOWNLOADED_AND_VERIFIED,chirps_meg_2011.03.02.npy,7900,
2011-03-03,DOWNLOADED_AND_VERIFIED,chirps_meg_2011.03.03.npy,7900,
2011-03-04,DOWNLOADED_AND_VERIFIED,chirps_meg_2011.03.04.npy,7900,
2011-03-05,DOWNLOADED_AND_VERIFIED,chirps_meg_2011.03.05.npy,7900,
2011-03-06,DOWNLOADED_AND_VERIFIED,chirps_meg_2011.03.06.npy,7900,
2011-03-07,DOWNLOADED_AND_VERIFIED,chirps_meg_2011.03.07.npy,7900,
2011-03-08,DOWNLOADED_AND_VERIFIED,chirps_meg_2011.03.08.npy,7900,
2011-03-09,DOWNLOADED_AND_VERIFIED,chirps_meg_2011.03.09.npy,7900,
2011-03-10,DOWNLOADED_AND_VERIFIED,chirps_meg_2011.03.10.npy,7900,
2011-03-11,DOWNLOADED_AND_VERIFIED,chirps_meg_2011.03.11.npy,7900,
2011-03-12,DOWNLOADED_AND_VERIFIED,chirps_meg_2011.03.12.npy,7900,
2011-03-13,DOWNLOADED_AND_VERIFIED,chirps_meg_2011.03.13.npy,7900,
2011-03-14,DOWNLOADED_AND_VERIFIED,chirps_meg_2011.03.14.npy,7900,
2011-03-15,DOWNLOADED_AND_VERIFIED,chirps_meg_2011.03.15.npy,7900,
2011-03-16,DOWNLOADED_AND_VERIFIED,chirps_meg_2011.03.16.npy,7900,
2011-03-17,DOWNLOADED_AND_VERIFIED,chirps_meg_2011.03.17.npy,7900,
2011-03-18,DOWNLOADED_AND_VERIFIED,chirps_meg_2011.03.18.npy,7900,
2011-03-19,DOWNLOADED_AND_VERIFIED,chirps_meg_2011.03.19.npy,7900,
2011-03-20,DOWNLOADED_AND_VERIFIED,chirps_meg_2011.03.20.npy,7900,
2011-03-21,DOWNLOADED_AND_VERIFIED,chirps_meg_2011.03.21.npy,7900,
2011-03-22,DOWNLOADED_AND_VERIFIED,chirps_meg_2011.03.22.npy,7900,
2011-03-23,DOWNLOADED_AND_VERIFIED,chirps_meg_2011.03.23.npy,7900,
2011-03-24,DOWNLOADED_AND_VERIFIED,chirps_meg_2011.03.24.npy,7900,
2011-03-25,DOWNLOADED_AND_VERIFIED,chirps_meg_2011.03.25.npy,7900,
2011-03-26,DOWNLOADED_AND_VERIFIED,chirps_meg_2011.03.26.npy,7900,
2011-03-27,DOWNLOADED_AND_VERIFIED,chirps_meg_2011.03.27.npy,7900,
2011-03-28,DOWNLOADED_AND_VERIFIED,chirps_meg_2011.03.28.npy,7900,
2011-03-29,DOWNLOADED_AND_VERIFIED,chirps_meg_2011.03.29.npy,7900,
2011-03-30,DOWNLOADED_AND_VERIFIED,chirps_meg_2011.03.30.npy,7900,
2011-03-31,DOWNLOADED_AND_VERIFIED,chirps_meg_2011.03.31.npy,7900,
2011-04-01,DOWNLOADED_AND_VERIFIED,chirps_meg_2011.04.01.npy,7900,
2011-04-02,DOWNLOADED_AND_VERIFIED,chirps_meg_2011.04.02.npy,7900,
2011-04-03,DOWNLOADED_AND_VERIFIED,chirps_meg_2011.04.03.npy,7900,
2011-04-04,DOWNLOADED_AND_VERIFIED,chirps_meg_2011.04.04.npy,7900,
2011-04-05,DOWNLOADED_AND_VERIFIED,chirps_meg_2011.04.05.npy,7900,
2011-04-06,DOWNLOADED_AND_VERIFIED,chirps_meg_2011.04.06.npy,7900,
2011-04-07,DOWNLOADED_AND_VERIFIED,chirps_meg_2011.04.07.npy,7900,
2011-04-08,DOWNLOADED_AND_VERIFIED,chirps_meg_2011.04.08.npy,7900,
2011-04-09,DOWNLOADED_AND_VERIFIED,chirps_meg_2011.04.09.npy,7900,
2011-04-10,DOWNLOADED_AND_VERIFIED,chirps_meg_2011.04.10.npy,7900,
2011-04-11,DOWNLOADED_AND_VERIFIED,chirps_meg_2011.04.11.npy,7900,
2011-04-12,DOWNLOADED_AND_VERIFIED,chirps_meg_2011.04.12.npy,7900,
2011-04-13,DOWNLOADED_AND_VERIFIED,chirps_meg_2011.04.13.npy,7900,
2011-04-14,DOWNLOADED_AND_VERIFIED,chirps_meg_2011.04.14.npy,7900,
2011-04-15,DOWNLOADED_AND_VERIFIED,chirps_meg_2011.04.15.npy,7900,
2011-04-16,DOWNLOADED_AND_VERIFIED,chirps_meg_2011.04.16.npy,7900,
2011-04-17,DOWNLOADED_AND_VERIFIED,chirps_meg_2011.04.17.npy,7900,
2011-04-18,DOWNLOADED_AND_VERIFIED,chirps_meg_2011.04.18.npy,7900,
2011-04-19,DOWNLOADED_AND_VERIFIED,chirps_meg_2011.04.19.npy,7900,
2011-04-20,DOWNLOADED_AND_VERIFIED,chirps_meg_2011.04.20.npy,7900,
2011-04-21,DOWNLOADED_AND_VERIFIED,chirps_meg_2011.04.21.npy,7900,
2011-04-22,DOWNLOADED_AND_VERIFIED,chirps_meg_2011.04.22.npy,7900,
2011-04-23,DOWNLOADED_AND_VERIFIED,chirps_meg_2011.04.23.npy,7900,
2011-04-24,DOWNLOADED_AND_VERIFIED,chirps_meg_2011.04.24.npy,7900,
2011-04-25,DOWNLOADED_AND_VERIFIED,chirps_meg_2011.04.25.npy,7900,
2011-04-26,DOWNLOADED_AND_VERIFIED,chirps_meg_2011.04.26.npy,7900,
2011-04-27,DOWNLOADED_AND_VERIFIED,chirps_meg_2011.04.27.npy,7900,
2011-04-28,DOWNLOADED_AND_VERIFIED,chirps_meg_2011.04.28.npy,7900,
2011-04-29,DOWNLOADED_AND_VERIFIED,chirps_meg_2011.04.29.npy,7900,
2011-04-30,DOWNLOADED_AND_VERIFIED,chirps_meg_2011.04.30.npy,7900,
2011-05-01,DOWNLOADED_AND_VERIFIED,chirps_meg_2011.05.01.npy,7900,
2011-05-02,DOWNLOADED_AND_VERIFIED,chirps_meg_2011.05.02.npy,7900,
2011-05-03,DOWNLOADED_AND_VERIFIED,chirps_meg_2011.05.03.npy,7900,
2011-05-04,DOWNLOADED_AND_VERIFIED,chirps_meg_2011.05.04.npy,7900,
2011-05-05,DOWNLOADED_AND_VERIFIED,chirps_meg_2011.05.05.npy,7900,
2011-05-06,DOWNLOADED_AND_VERIFIED,chirps_meg_2011.05.06.npy,7900,
2011-05-07,DOWNLOADED_AND_VERIFIED,chirps_meg_2011.05.07.npy,7900,
2011-05-08,DOWNLOADED_AND_VERIFIED,chirps_meg_2011.05.08.npy,7900,
2011-05-09,DOWNLOADED_AND_VERIFIED,chirps_meg_2011.05.09.npy,7900,
2011-05-10,DOWNLOADED_AND_VERIFIED,chirps_meg_2011.05.10.npy,7900,
2011-05-11,DOWNLOADED_AND_VERIFIED,chirps_meg_2011.05.11.npy,7900,
2011-05-12,DOWNLOADED_AND_VERIFIED,chirps_meg_2011.05.12.npy,7900,
2011-05-13,DOWNLOADED_AND_VERIFIED,chirps_meg_2011.05.13.npy,7900,
2011-05-14,DOWNLOADED_AND_VERIFIED,chirps_meg_2011.05.14.npy,7900,
2011-05-15,DOWNLOADED_AND_VERIFIED,chirps_meg_2011.05.15.npy,7900,
2011-05-16,DOWNLOADED_AND_VERIFIED,chirps_meg_2011.05.16.npy,7900,
2011-05-17,DOWNLOADED_AND_VERIFIED,chirps_meg_2011.05.17.npy,7900,
2011-05-18,DOWNLOADED_AND_VERIFIED,chirps_meg_2011.05.18.npy,7900,
2011-05-19,DOWNLOADED_AND_VERIFIED,chirps_meg_2011.05.19.npy,7900,
2011-05-20,DOWNLOADED_AND_VERIFIED,chirps_meg_2011.05.20.npy,7900,
2011-05-21,DOWNLOADED_AND_VERIFIED,chirps_meg_2011.05.21.npy,7900,
2011-05-22,DOWNLOADED_AND_VERIFIED,chirps_meg_2011.05.22.npy,7900,
2011-05-23,DOWNLOADED_AND_VERIFIED,chirps_meg_2011.05.23.npy,7900,
2011-05-24,DOWNLOADED_AND_VERIFIED,chirps_meg_2011.05.24.npy,7900,
2011-05-25,DOWNLOADED_AND_VERIFIED,chirps_meg_2011.05.25.npy,7900,
2011-05-26,DOWNLOADED_AND_VERIFIED,chirps_meg_2011.05.26.npy,7900,
2011-05-27,DOWNLOADED_AND_VERIFIED,chirps_meg_2011.05.27.npy,7900,
2011-05-28,ALREADY_PRESENT,chirps_meg_2011.05.28.npy,7900,
2011-05-29,ALREADY_PRESENT,chirps_meg_2011.05.29.npy,7900,
2011-05-30,ALREADY_PRESENT,chirps_meg_2011.05.30.npy,7900,
2011-05-31,ALREADY_PRESENT,chirps_meg_2011.05.31.npy,7900,
2011-06-01,ALREADY_PRESENT,chirps_meg_2011.06.01.npy,7900,
2011-06-02,ALREADY_PRESENT,chirps_meg_2011.06.02.npy,7900,
2011-06-03,ALREADY_PRESENT,chirps_meg_2011.06.03.npy,7900,
2011-06-04,ALREADY_PRESENT,chirps_meg_2011.06.04.npy,7900,
2011-06-05,ALREADY_PRESENT,chirps_meg_2011.06.05.npy,7900,
2011-06-06,ALREADY_PRESENT,chirps_meg_2011.06.06.npy,7900,
2011-06-07,ALREADY_PRESENT,chirps_meg_2011.06.07.npy,7900,
2011-06-08,ALREADY_PRESENT,chirps_meg_2011.06.08.npy,7900,
2011-06-09,ALREADY_PRESENT,chirps_meg_2011.06.09.npy,7900,
2011-06-10,ALREADY_PRESENT,chirps_meg_2011.06.10.npy,7900,
2011-06-11,ALREADY_PRESENT,chirps_meg_2011.06.11.npy,7900,
2011-06-12,ALREADY_PRESENT,chirps_meg_2011.06.12.npy,7900,
2011-06-13,ALREADY_PRESENT,chirps_meg_2011.06.13.npy,7900,
2011-06-14,ALREADY_PRESENT,chirps_meg_2011.06.14.npy,7900,
2011-06-15,ALREADY_PRESENT,chirps_meg_2011.06.15.npy,7900,
2011-06-16,ALREADY_PRESENT,chirps_meg_2011.06.16.npy,7900,
2011-06-17,ALREADY_PRESENT,chirps_meg_2011.06.17.npy,7900,
2011-06-18,ALREADY_PRESENT,chirps_meg_2011.06.18.npy,7900,
2011-06-19,ALREADY_PRESENT,chirps_meg_2011.06.19.npy,7900,
2011-06-20,ALREADY_PRESENT,chirps_meg_2011.06.20.npy,7900,
2011-06-21,ALREADY_PRESENT,chirps_meg_2011.06.21.npy,7900,
2011-06-22,ALREADY_PRESENT,chirps_meg_2011.06.22.npy,7900,
2011-06-23,ALREADY_PRESENT,chirps_meg_2011.06.23.npy,7900,
2011-06-24,ALREADY_PRESENT,chirps_meg_2011.06.24.npy,7900,
2011-06-25,ALREADY_PRESENT,chirps_meg_2011.06.25.npy,7900,
2011-06-26,ALREADY_PRESENT,chirps_meg_2011.06.26.npy,7900,
2011-06-27,DOWNLOADED_AND_VERIFIED,chirps_meg_2011.06.27.npy,7900,
2011-06-28,DOWNLOADED_AND_VERIFIED,chirps_meg_2011.06.28.npy,7900,
2011-06-29,DOWNLOADED_AND_VERIFIED,chirps_meg_2011.06.29.npy,7900,
2011-06-30,DOWNLOADED_AND_VERIFIED,chirps_meg_2011.06.30.npy,7900,
2011-07-01,DOWNLOADED_AND_VERIFIED,chirps_meg_2011.07.01.npy,7900,
2011-07-02,DOWNLOADED_AND_VERIFIED,chirps_meg_2011.07.02.npy,7900,
2011-07-03,DOWNLOADED_AND_VERIFIED,chirps_meg_2011.07.03.npy,7900,
2011-07-04,DOWNLOADED_AND_VERIFIED,chirps_meg_2011.07.04.npy,7900,
2011-07-05,DOWNLOADED_AND_VERIFIED,chirps_meg_2011.07.05.npy,7900,
2011-07-06,DOWNLOADED_AND_VERIFIED,chirps_meg_2011.07.06.npy,7900,
2011-07-07,DOWNLOADED_AND_VERIFIED,chirps_meg_2011.07.07.npy,7900,
2011-07-08,DOWNLOADED_AND_VERIFIED,chirps_meg_2011.07.08.npy,7900,
2011-07-09,DOWNLOADED_AND_VERIFIED,chirps_meg_2011.07.09.npy,7900,
2011-07-10,DOWNLOADED_AND_VERIFIED,chirps_meg_2011.07.10.npy,7900,
2011-07-11,DOWNLOADED_AND_VERIFIED,chirps_meg_2011.07.11.npy,7900,
2011-07-12,DOWNLOADED_AND_VERIFIED,chirps_meg_2011.07.12.npy,7900,
2011-07-13,DOWNLOADED_AND_VERIFIED,chirps_meg_2011.07.13.npy,7900,
2011-07-14,DOWNLOADED_AND_VERIFIED,chirps_meg_2011.07.14.npy,7900,
2011-07-15,DOWNLOADED_AND_VERIFIED,chirps_meg_2011.07.15.npy,7900,
2011-07-16,DOWNLOADED_AND_VERIFIED,chirps_meg_2011.07.16.npy,7900,
2011-07-17,DOWNLOADED_AND_VERIFIED,chirps_meg_2011.07.17.npy,7900,
2011-07-18,DOWNLOADED_AND_VERIFIED,chirps_meg_2011.07.18.npy,7900,
2011-07-19,DOWNLOADED_AND_VERIFIED,chirps_meg_2011.07.19.npy,7900,
2011-07-20,DOWNLOADED_AND_VERIFIED,chirps_meg_2011.07.20.npy,7900,
2011-07-21,DOWNLOADED_AND_VERIFIED,chirps_meg_2011.07.21.npy,7900,
2011-07-22,DOWNLOADED_AND_VERIFIED,chirps_meg_2011.07.22.npy,7900,
2011-07-23,DOWNLOADED_AND_VERIFIED,chirps_meg_2011.07.23.npy,7900,
2011-07-24,DOWNLOADED_AND_VERIFIED,chirps_meg_2011.07.24.npy,7900,
2011-07-25,DOWNLOADED_AND_VERIFIED,chirps_meg_2011.07.25.npy,7900,
2011-07-26,DOWNLOADED_AND_VERIFIED,chirps_meg_2011.07.26.npy,7900,
2011-07-27,DOWNLOADED_AND_VERIFIED,chirps_meg_2011.07.27.npy,7900,
2011-07-28,DOWNLOADED_AND_VERIFIED,chirps_meg_2011.07.28.npy,7900,
2011-07-29,DOWNLOADED_AND_VERIFIED,chirps_meg_2011.07.29.npy,7900,
2011-07-30,DOWNLOADED_AND_VERIFIED,chirps_meg_2011.07.30.npy,7900,
2011-07-31,DOWNLOADED_AND_VERIFIED,chirps_meg_2011.07.31.npy,7900,
2011-08-01,DOWNLOADED_AND_VERIFIED,chirps_meg_2011.08.01.npy,7900,
2011-08-02,DOWNLOADED_AND_VERIFIED,chirps_meg_2011.08.02.npy,7900,
2011-08-03,DOWNLOADED_AND_VERIFIED,chirps_meg_2011.08.03.npy,7900,
2011-08-04,DOWNLOADED_AND_VERIFIED,chirps_meg_2011.08.04.npy,7900,
2011-08-05,DOWNLOADED_AND_VERIFIED,chirps_meg_2011.08.05.npy,7900,
2011-08-06,DOWNLOADED_AND_VERIFIED,chirps_meg_2011.08.06.npy,7900,
2011-08-07,DOWNLOADED_AND_VERIFIED,chirps_meg_2011.08.07.npy,7900,
2011-08-08,DOWNLOADED_AND_VERIFIED,chirps_meg_2011.08.08.npy,7900,
2011-08-09,DOWNLOADED_AND_VERIFIED,chirps_meg_2011.08.09.npy,7900,
2011-08-10,DOWNLOADED_AND_VERIFIED,chirps_meg_2011.08.10.npy,7900,
2011-08-11,DOWNLOADED_AND_VERIFIED,chirps_meg_2011.08.11.npy,7900,
2011-08-12,DOWNLOADED_AND_VERIFIED,chirps_meg_2011.08.12.npy,7900,
2011-08-13,DOWNLOADED_AND_VERIFIED,chirps_meg_2011.08.13.npy,7900,
2011-08-14,DOWNLOADED_AND_VERIFIED,chirps_meg_2011.08.14.npy,7900,
2011-08-15,DOWNLOADED_AND_VERIFIED,chirps_meg_2011.08.15.npy,7900,
2011-08-16,DOWNLOADED_AND_VERIFIED,chirps_meg_2011.08.16.npy,7900,
2011-08-17,DOWNLOADED_AND_VERIFIED,chirps_meg_2011.08.17.npy,7900,
2011-08-18,DOWNLOADED_AND_VERIFIED,chirps_meg_2011.08.18.npy,7900,
2011-08-19,DOWNLOADED_AND_VERIFIED,chirps_meg_2011.08.19.npy,7900,
2011-08-20,DOWNLOADED_AND_VERIFIED,chirps_meg_2011.08.20.npy,7900,
2011-08-21,DOWNLOADED_AND_VERIFIED,chirps_meg_2011.08.21.npy,7900,
2011-08-22,DOWNLOADED_AND_VERIFIED,chirps_meg_2011.08.22.npy,7900,
2011-08-23,DOWNLOADED_AND_VERIFIED,chirps_meg_2011.08.23.npy,7900,
2011-08-24,DOWNLOADED_AND_VERIFIED,chirps_meg_2011.08.24.npy,7900,
2011-08-25,DOWNLOADED_AND_VERIFIED,chirps_meg_2011.08.25.npy,7900,
2011-08-26,DOWNLOADED_AND_VERIFIED,chirps_meg_2011.08.26.npy,7900,
2011-08-27,DOWNLOADED_AND_VERIFIED,chirps_meg_2011.08.27.npy,7900,
2011-08-28,DOWNLOADED_AND_VERIFIED,chirps_meg_2011.08.28.npy,7900,
2011-08-29,DOWNLOADED_AND_VERIFIED,chirps_meg_2011.08.29.npy,7900,
2011-08-30,DOWNLOADED_AND_VERIFIED,chirps_meg_2011.08.30.npy,7900,
2011-08-31,DOWNLOADED_AND_VERIFIED,chirps_meg_2011.08.31.npy,7900,
2011-09-01,DOWNLOADED_AND_VERIFIED,chirps_meg_2011.09.01.npy,7900,
2011-09-02,DOWNLOADED_AND_VERIFIED,chirps_meg_2011.09.02.npy,7900,
2011-09-03,DOWNLOADED_AND_VERIFIED,chirps_meg_2011.09.03.npy,7900,
2011-09-04,DOWNLOADED_AND_VERIFIED,chirps_meg_2011.09.04.npy,7900,
2011-09-05,DOWNLOADED_AND_VERIFIED,chirps_meg_2011.09.05.npy,7900,
2011-09-06,DOWNLOADED_AND_VERIFIED,chirps_meg_2011.09.06.npy,7900,
2011-09-07,DOWNLOADED_AND_VERIFIED,chirps_meg_2011.09.07.npy,7900,
2011-09-08,DOWNLOADED_AND_VERIFIED,chirps_meg_2011.09.08.npy,7900,
2011-09-09,DOWNLOADED_AND_VERIFIED,chirps_meg_2011.09.09.npy,7900,
2011-09-10,DOWNLOADED_AND_VERIFIED,chirps_meg_2011.09.10.npy,7900,
2011-09-11,DOWNLOADED_AND_VERIFIED,chirps_meg_2011.09.11.npy,7900,
2011-09-12,DOWNLOADED_AND_VERIFIED,chirps_meg_2011.09.12.npy,7900,
2011-09-13,DOWNLOADED_AND_VERIFIED,chirps_meg_2011.09.13.npy,7900,
2011-09-14,DOWNLOADED_AND_VERIFIED,chirps_meg_2011.09.14.npy,7900,
2011-09-15,DOWNLOADED_AND_VERIFIED,chirps_meg_2011.09.15.npy,7900,
2011-09-16,DOWNLOADED_AND_VERIFIED,chirps_meg_2011.09.16.npy,7900,
2011-09-17,DOWNLOADED_AND_VERIFIED,chirps_meg_2011.09.17.npy,7900,
2011-09-18,DOWNLOADED_AND_VERIFIED,chirps_meg_2011.09.18.npy,7900,
2011-09-19,DOWNLOADED_AND_VERIFIED,chirps_meg_2011.09.19.npy,7900,
2011-09-20,DOWNLOADED_AND_VERIFIED,chirps_meg_2011.09.20.npy,7900,
2011-09-21,DOWNLOADED_AND_VERIFIED,chirps_meg_2011.09.21.npy,7900,
2011-09-22,DOWNLOADED_AND_VERIFIED,chirps_meg_2011.09.22.npy,7900,
2011-09-23,DOWNLOADED_AND_VERIFIED,chirps_meg_2011.09.23.npy,7900,
2011-09-24,DOWNLOADED_AND_VERIFIED,chirps_meg_2011.09.24.npy,7900,
2011-09-25,DOWNLOADED_AND_VERIFIED,chirps_meg_2011.09.25.npy,7900,
2011-09-26,DOWNLOADED_AND_VERIFIED,chirps_meg_2011.09.26.npy,7900,
2011-09-27,DOWNLOADED_AND_VERIFIED,chirps_meg_2011.09.27.npy,7900,
2011-09-28,DOWNLOADED_AND_VERIFIED,chirps_meg_2011.09.28.npy,7900,
2011-09-29,DOWNLOADED_AND_VERIFIED,chirps_meg_2011.09.29.npy,7900,
2011-09-30,DOWNLOADED_AND_VERIFIED,chirps_meg_2011.09.30.npy,7900,
2011-10-01,DOWNLOADED_AND_VERIFIED,chirps_meg_2011.10.01.npy,7900,
2011-10-02,DOWNLOADED_AND_VERIFIED,chirps_meg_2011.10.02.npy,7900,
2011-10-03,DOWNLOADED_AND_VERIFIED,chirps_meg_2011.10.03.npy,7900,
2011-10-04,DOWNLOADED_AND_VERIFIED,chirps_meg_2011.10.04.npy,7900,
2011-10-05,DOWNLOADED_AND_VERIFIED,chirps_meg_2011.10.05.npy,7900,
2011-10-06,DOWNLOADED_AND_VERIFIED,chirps_meg_2011.10.06.npy,7900,
2011-10-07,DOWNLOADED_AND_VERIFIED,chirps_meg_2011.10.07.npy,7900,
2011-10-08,DOWNLOADED_AND_VERIFIED,chirps_meg_2011.10.08.npy,7900,
2011-10-09,DOWNLOADED_AND_VERIFIED,chirps_meg_2011.10.09.npy,7900,
2011-10-10,DOWNLOADED_AND_VERIFIED,chirps_meg_2011.10.10.npy,7900,
2011-10-11,DOWNLOADED_AND_VERIFIED,chirps_meg_2011.10.11.npy,7900,
2011-10-12,DOWNLOADED_AND_VERIFIED,chirps_meg_2011.10.12.npy,7900,
2011-10-13,DOWNLOADED_AND_VERIFIED,chirps_meg_2011.10.13.npy,7900,
2011-10-14,DOWNLOADED_AND_VERIFIED,chirps_meg_2011.10.14.npy,7900,
2011-10-15,DOWNLOADED_AND_VERIFIED,chirps_meg_2011.10.15.npy,7900,
2011-10-16,DOWNLOADED_AND_VERIFIED,chirps_meg_2011.10.16.npy,7900,
2011-10-17,DOWNLOADED_AND_VERIFIED,chirps_meg_2011.10.17.npy,7900,
2011-10-18,DOWNLOADED_AND_VERIFIED,chirps_meg_2011.10.18.npy,7900,
2011-10-19,DOWNLOADED_AND_VERIFIED,chirps_meg_2011.10.19.npy,7900,
2011-10-20,DOWNLOADED_AND_VERIFIED,chirps_meg_2011.10.20.npy,7900,
2011-10-21,DOWNLOADED_AND_VERIFIED,chirps_meg_2011.10.21.npy,7900,
2011-10-22,DOWNLOADED_AND_VERIFIED,chirps_meg_2011.10.22.npy,7900,
2011-10-23,DOWNLOADED_AND_VERIFIED,chirps_meg_2011.10.23.npy,7900,
2011-10-24,DOWNLOADED_AND_VERIFIED,chirps_meg_2011.10.24.npy,7900,
2011-10-25,DOWNLOADED_AND_VERIFIED,chirps_meg_2011.10.25.npy,7900,
2011-10-26,DOWNLOADED_AND_VERIFIED,chirps_meg_2011.10.26.npy,7900,
2011-10-27,DOWNLOADED_AND_VERIFIED,chirps_meg_2011.10.27.npy,7900,
2011-10-28,DOWNLOADED_AND_VERIFIED,chirps_meg_2011.10.28.npy,7900,
2011-10-29,DOWNLOADED_AND_VERIFIED,chirps_meg_2011.10.29.npy,7900,
2011-10-30,DOWNLOADED_AND_VERIFIED,chirps_meg_2011.10.30.npy,7900,
2011-10-31,DOWNLOADED_AND_VERIFIED,chirps_meg_2011.10.31.npy,7900,
2012-03-01,DOWNLOADED_AND_VERIFIED,chirps_meg_2012.03.01.npy,7900,
2012-03-02,DOWNLOADED_AND_VERIFIED,chirps_meg_2012.03.02.npy,7900,
2012-03-03,DOWNLOADED_AND_VERIFIED,chirps_meg_2012.03.03.npy,7900,
2012-03-04,DOWNLOADED_AND_VERIFIED,chirps_meg_2012.03.04.npy,7900,
2012-03-05,DOWNLOADED_AND_VERIFIED,chirps_meg_2012.03.05.npy,7900,
2012-03-06,DOWNLOADED_AND_VERIFIED,chirps_meg_2012.03.06.npy,7900,
2012-03-07,DOWNLOADED_AND_VERIFIED,chirps_meg_2012.03.07.npy,7900,
2012-03-08,DOWNLOADED_AND_VERIFIED,chirps_meg_2012.03.08.npy,7900,
2012-03-09,DOWNLOADED_AND_VERIFIED,chirps_meg_2012.03.09.npy,7900,
2012-03-10,DOWNLOADED_AND_VERIFIED,chirps_meg_2012.03.10.npy,7900,
2012-03-11,DOWNLOADED_AND_VERIFIED,chirps_meg_2012.03.11.npy,7900,
2012-03-12,DOWNLOADED_AND_VERIFIED,chirps_meg_2012.03.12.npy,7900,
2012-03-13,DOWNLOADED_AND_VERIFIED,chirps_meg_2012.03.13.npy,7900,
2012-03-14,DOWNLOADED_AND_VERIFIED,chirps_meg_2012.03.14.npy,7900,
2012-03-15,DOWNLOADED_AND_VERIFIED,chirps_meg_2012.03.15.npy,7900,
2012-03-16,DOWNLOADED_AND_VERIFIED,chirps_meg_2012.03.16.npy,7900,
2012-03-17,DOWNLOADED_AND_VERIFIED,chirps_meg_2012.03.17.npy,7900,
2012-03-18,DOWNLOADED_AND_VERIFIED,chirps_meg_2012.03.18.npy,7900,
2012-03-19,DOWNLOADED_AND_VERIFIED,chirps_meg_2012.03.19.npy,7900,
2012-03-20,DOWNLOADED_AND_VERIFIED,chirps_meg_2012.03.20.npy,7900,
2012-03-21,DOWNLOADED_AND_VERIFIED,chirps_meg_2012.03.21.npy,7900,
2012-03-22,DOWNLOADED_AND_VERIFIED,chirps_meg_2012.03.22.npy,7900,
2012-03-23,DOWNLOADED_AND_VERIFIED,chirps_meg_2012.03.23.npy,7900,
2012-03-24,DOWNLOADED_AND_VERIFIED,chirps_meg_2012.03.24.npy,7900,
2012-03-25,DOWNLOADED_AND_VERIFIED,chirps_meg_2012.03.25.npy,7900,
2012-03-26,DOWNLOADED_AND_VERIFIED,chirps_meg_2012.03.26.npy,7900,
2012-03-27,DOWNLOADED_AND_VERIFIED,chirps_meg_2012.03.27.npy,7900,
2012-03-28,DOWNLOADED_AND_VERIFIED,chirps_meg_2012.03.28.npy,7900,
2012-03-29,DOWNLOADED_AND_VERIFIED,chirps_meg_2012.03.29.npy,7900,
2012-03-30,DOWNLOADED_AND_VERIFIED,chirps_meg_2012.03.30.npy,7900,
2012-03-31,DOWNLOADED_AND_VERIFIED,chirps_meg_2012.03.31.npy,7900,
2012-04-01,DOWNLOADED_AND_VERIFIED,chirps_meg_2012.04.01.npy,7900,
2012-04-02,ALREADY_PRESENT,chirps_meg_2012.04.02.npy,7900,
2012-04-03,ALREADY_PRESENT,chirps_meg_2012.04.03.npy,7900,
2012-04-04,ALREADY_PRESENT,chirps_meg_2012.04.04.npy,7900,
2012-04-05,ALREADY_PRESENT,chirps_meg_2012.04.05.npy,7900,
2012-04-06,ALREADY_PRESENT,chirps_meg_2012.04.06.npy,7900,
2012-04-07,ALREADY_PRESENT,chirps_meg_2012.04.07.npy,7900,
2012-04-08,ALREADY_PRESENT,chirps_meg_2012.04.08.npy,7900,
2012-04-09,ALREADY_PRESENT,chirps_meg_2012.04.09.npy,7900,
2012-04-10,ALREADY_PRESENT,chirps_meg_2012.04.10.npy,7900,
2012-04-11,ALREADY_PRESENT,chirps_meg_2012.04.11.npy,7900,
2012-04-12,ALREADY_PRESENT,chirps_meg_2012.04.12.npy,7900,
2012-04-13,ALREADY_PRESENT,chirps_meg_2012.04.13.npy,7900,
2012-04-14,ALREADY_PRESENT,chirps_meg_2012.04.14.npy,7900,
2012-04-15,ALREADY_PRESENT,chirps_meg_2012.04.15.npy,7900,
2012-04-16,ALREADY_PRESENT,chirps_meg_2012.04.16.npy,7900,
2012-04-17,ALREADY_PRESENT,chirps_meg_2012.04.17.npy,7900,
2012-04-18,ALREADY_PRESENT,chirps_meg_2012.04.18.npy,7900,
2012-04-19,ALREADY_PRESENT,chirps_meg_2012.04.19.npy,7900,
2012-04-20,ALREADY_PRESENT,chirps_meg_2012.04.20.npy,7900,
2012-04-21,ALREADY_PRESENT,chirps_meg_2012.04.21.npy,7900,
2012-04-22,ALREADY_PRESENT,chirps_meg_2012.04.22.npy,7900,
2012-04-23,ALREADY_PRESENT,chirps_meg_2012.04.23.npy,7900,
2012-04-24,ALREADY_PRESENT,chirps_meg_2012.04.24.npy,7900,
2012-04-25,ALREADY_PRESENT,chirps_meg_2012.04.25.npy,7900,
2012-04-26,ALREADY_PRESENT,chirps_meg_2012.04.26.npy,7900,
2012-04-27,ALREADY_PRESENT,chirps_meg_2012.04.27.npy,7900,
2012-04-28,ALREADY_PRESENT,chirps_meg_2012.04.28.npy,7900,
2012-04-29,ALREADY_PRESENT,chirps_meg_2012.04.29.npy,7900,
2012-04-30,ALREADY_PRESENT,chirps_meg_2012.04.30.npy,7900,
2012-05-01,ALREADY_PRESENT,chirps_meg_2012.05.01.npy,7900,
2012-05-02,DOWNLOADED_AND_VERIFIED,chirps_meg_2012.05.02.npy,7900,
2012-05-03,DOWNLOADED_AND_VERIFIED,chirps_meg_2012.05.03.npy,7900,
2012-05-04,DOWNLOADED_AND_VERIFIED,chirps_meg_2012.05.04.npy,7900,
2012-05-05,DOWNLOADED_AND_VERIFIED,chirps_meg_2012.05.05.npy,7900,
2012-05-06,DOWNLOADED_AND_VERIFIED,chirps_meg_2012.05.06.npy,7900,
2012-05-07,DOWNLOADED_AND_VERIFIED,chirps_meg_2012.05.07.npy,7900,
2012-05-08,DOWNLOADED_AND_VERIFIED,chirps_meg_2012.05.08.npy,7900,
2012-05-09,DOWNLOADED_AND_VERIFIED,chirps_meg_2012.05.09.npy,7900,
2012-05-10,DOWNLOADED_AND_VERIFIED,chirps_meg_2012.05.10.npy,7900,
2012-05-11,DOWNLOADED_AND_VERIFIED,chirps_meg_2012.05.11.npy,7900,
2012-05-12,DOWNLOADED_AND_VERIFIED,chirps_meg_2012.05.12.npy,7900,
2012-05-13,DOWNLOADED_AND_VERIFIED,chirps_meg_2012.05.13.npy,7900,
2012-05-14,DOWNLOADED_AND_VERIFIED,chirps_meg_2012.05.14.npy,7900,
2012-05-15,DOWNLOADED_AND_VERIFIED,chirps_meg_2012.05.15.npy,7900,
2012-05-16,DOWNLOADED_AND_VERIFIED,chirps_meg_2012.05.16.npy,7900,
2012-05-17,DOWNLOADED_AND_VERIFIED,chirps_meg_2012.05.17.npy,7900,
2012-05-18,DOWNLOADED_AND_VERIFIED,chirps_meg_2012.05.18.npy,7900,
2012-05-19,DOWNLOADED_AND_VERIFIED,chirps_meg_2012.05.19.npy,7900,
2012-05-20,DOWNLOADED_AND_VERIFIED,chirps_meg_2012.05.20.npy,7900,
2012-05-21,DOWNLOADED_AND_VERIFIED,chirps_meg_2012.05.21.npy,7900,
2012-05-22,DOWNLOADED_AND_VERIFIED,chirps_meg_2012.05.22.npy,7900,
2012-05-23,DOWNLOADED_AND_VERIFIED,chirps_meg_2012.05.23.npy,7900,
2012-05-24,DOWNLOADED_AND_VERIFIED,chirps_meg_2012.05.24.npy,7900,
2012-05-25,DOWNLOADED_AND_VERIFIED,chirps_meg_2012.05.25.npy,7900,
2012-05-26,DOWNLOADED_AND_VERIFIED,chirps_meg_2012.05.26.npy,7900,
2012-05-27,DOWNLOADED_AND_VERIFIED,chirps_meg_2012.05.27.npy,7900,
2012-05-28,ALREADY_PRESENT,chirps_meg_2012.05.28.npy,7900,
2012-05-29,ALREADY_PRESENT,chirps_meg_2012.05.29.npy,7900,
2012-05-30,ALREADY_PRESENT,chirps_meg_2012.05.30.npy,7900,
2012-05-31,ALREADY_PRESENT,chirps_meg_2012.05.31.npy,7900,
2012-06-01,ALREADY_PRESENT,chirps_meg_2012.06.01.npy,7900,
2012-06-02,ALREADY_PRESENT,chirps_meg_2012.06.02.npy,7900,
2012-06-03,ALREADY_PRESENT,chirps_meg_2012.06.03.npy,7900,
2012-06-04,ALREADY_PRESENT,chirps_meg_2012.06.04.npy,7900,
2012-06-05,ALREADY_PRESENT,chirps_meg_2012.06.05.npy,7900,
2012-06-06,ALREADY_PRESENT,chirps_meg_2012.06.06.npy,7900,
2012-06-07,ALREADY_PRESENT,chirps_meg_2012.06.07.npy,7900,
2012-06-08,ALREADY_PRESENT,chirps_meg_2012.06.08.npy,7900,
2012-06-09,ALREADY_PRESENT,chirps_meg_2012.06.09.npy,7900,
2012-06-10,ALREADY_PRESENT,chirps_meg_2012.06.10.npy,7900,
2012-06-11,ALREADY_PRESENT,chirps_meg_2012.06.11.npy,7900,
2012-06-12,ALREADY_PRESENT,chirps_meg_2012.06.12.npy,7900,
2012-06-13,ALREADY_PRESENT,chirps_meg_2012.06.13.npy,7900,
2012-06-14,ALREADY_PRESENT,chirps_meg_2012.06.14.npy,7900,
2012-06-15,ALREADY_PRESENT,chirps_meg_2012.06.15.npy,7900,
2012-06-16,ALREADY_PRESENT,chirps_meg_2012.06.16.npy,7900,
2012-06-17,ALREADY_PRESENT,chirps_meg_2012.06.17.npy,7900,
2012-06-18,ALREADY_PRESENT,chirps_meg_2012.06.18.npy,7900,
2012-06-19,ALREADY_PRESENT,chirps_meg_2012.06.19.npy,7900,
2012-06-20,ALREADY_PRESENT,chirps_meg_2012.06.20.npy,7900,
2012-06-21,ALREADY_PRESENT,chirps_meg_2012.06.21.npy,7900,
2012-06-22,ALREADY_PRESENT,chirps_meg_2012.06.22.npy,7900,
2012-06-23,ALREADY_PRESENT,chirps_meg_2012.06.23.npy,7900,
2012-06-24,ALREADY_PRESENT,chirps_meg_2012.06.24.npy,7900,
2012-06-25,ALREADY_PRESENT,chirps_meg_2012.06.25.npy,7900,
2012-06-26,ALREADY_PRESENT,chirps_meg_2012.06.26.npy,7900,
2012-06-27,ALREADY_PRESENT,chirps_meg_2012.06.27.npy,7900,
2012-06-28,ALREADY_PRESENT,chirps_meg_2012.06.28.npy,7900,
2012-06-29,ALREADY_PRESENT,chirps_meg_2012.06.29.npy,7900,
2012-06-30,ALREADY_PRESENT,chirps_meg_2012.06.30.npy,7900,
2012-07-01,ALREADY_PRESENT,chirps_meg_2012.07.01.npy,7900,
2012-07-02,ALREADY_PRESENT,chirps_meg_2012.07.02.npy,7900,
2012-07-03,ALREADY_PRESENT,chirps_meg_2012.07.03.npy,7900,
2012-07-04,ALREADY_PRESENT,chirps_meg_2012.07.04.npy,7900,
2012-07-05,ALREADY_PRESENT,chirps_meg_2012.07.05.npy,7900,
2012-07-06,ALREADY_PRESENT,chirps_meg_2012.07.06.npy,7900,
2012-07-07,ALREADY_PRESENT,chirps_meg_2012.07.07.npy,7900,
2012-07-08,ALREADY_PRESENT,chirps_meg_2012.07.08.npy,7900,
2012-07-09,ALREADY_PRESENT,chirps_meg_2012.07.09.npy,7900,
2012-07-10,ALREADY_PRESENT,chirps_meg_2012.07.10.npy,7900,
2012-07-11,ALREADY_PRESENT,chirps_meg_2012.07.11.npy,7900,
2012-07-12,ALREADY_PRESENT,chirps_meg_2012.07.12.npy,7900,
2012-07-13,ALREADY_PRESENT,chirps_meg_2012.07.13.npy,7900,
2012-07-14,ALREADY_PRESENT,chirps_meg_2012.07.14.npy,7900,
2012-07-15,ALREADY_PRESENT,chirps_meg_2012.07.15.npy,7900,
2012-07-16,ALREADY_PRESENT,chirps_meg_2012.07.16.npy,7900,
2012-07-17,ALREADY_PRESENT,chirps_meg_2012.07.17.npy,7900,
2012-07-18,ALREADY_PRESENT,chirps_meg_2012.07.18.npy,7900,
2012-07-19,ALREADY_PRESENT,chirps_meg_2012.07.19.npy,7900,
2012-07-20,ALREADY_PRESENT,chirps_meg_2012.07.20.npy,7900,
2012-07-21,ALREADY_PRESENT,chirps_meg_2012.07.21.npy,7900,
2012-07-22,ALREADY_PRESENT,chirps_meg_2012.07.22.npy,7900,
2012-07-23,ALREADY_PRESENT,chirps_meg_2012.07.23.npy,7900,
2012-07-24,ALREADY_PRESENT,chirps_meg_2012.07.24.npy,7900,
2012-07-25,ALREADY_PRESENT,chirps_meg_2012.07.25.npy,7900,
2012-07-26,ALREADY_PRESENT,chirps_meg_2012.07.26.npy,7900,
2012-07-27,ALREADY_PRESENT,chirps_meg_2012.07.27.npy,7900,
2012-07-28,ALREADY_PRESENT,chirps_meg_2012.07.28.npy,7900,
2012-07-29,ALREADY_PRESENT,chirps_meg_2012.07.29.npy,7900,
2012-07-30,ALREADY_PRESENT,chirps_meg_2012.07.30.npy,7900,
2012-07-31,ALREADY_PRESENT,chirps_meg_2012.07.31.npy,7900,
2012-08-01,ALREADY_PRESENT,chirps_meg_2012.08.01.npy,7900,
2012-08-02,ALREADY_PRESENT,chirps_meg_2012.08.02.npy,7900,
2012-08-03,ALREADY_PRESENT,chirps_meg_2012.08.03.npy,7900,
2012-08-04,ALREADY_PRESENT,chirps_meg_2012.08.04.npy,7900,
2012-08-05,ALREADY_PRESENT,chirps_meg_2012.08.05.npy,7900,
2012-08-06,ALREADY_PRESENT,chirps_meg_2012.08.06.npy,7900,
2012-08-07,ALREADY_PRESENT,chirps_meg_2012.08.07.npy,7900,
2012-08-08,ALREADY_PRESENT,chirps_meg_2012.08.08.npy,7900,
2012-08-09,ALREADY_PRESENT,chirps_meg_2012.08.09.npy,7900,
2012-08-10,ALREADY_PRESENT,chirps_meg_2012.08.10.npy,7900,
2012-08-11,ALREADY_PRESENT,chirps_meg_2012.08.11.npy,7900,
2012-08-12,ALREADY_PRESENT,chirps_meg_2012.08.12.npy,7900,
2012-08-13,ALREADY_PRESENT,chirps_meg_2012.08.13.npy,7900,
2012-08-14,ALREADY_PRESENT,chirps_meg_2012.08.14.npy,7900,
2012-08-15,ALREADY_PRESENT,chirps_meg_2012.08.15.npy,7900,
2012-08-16,ALREADY_PRESENT,chirps_meg_2012.08.16.npy,7900,
2012-08-17,ALREADY_PRESENT,chirps_meg_2012.08.17.npy,7900,
2012-08-18,ALREADY_PRESENT,chirps_meg_2012.08.18.npy,7900,
2012-08-19,ALREADY_PRESENT,chirps_meg_2012.08.19.npy,7900,
2012-08-20,ALREADY_PRESENT,chirps_meg_2012.08.20.npy,7900,
2012-08-21,ALREADY_PRESENT,chirps_meg_2012.08.21.npy,7900,
2012-08-22,DOWNLOADED_AND_VERIFIED,chirps_meg_2012.08.22.npy,7900,
2012-08-23,DOWNLOADED_AND_VERIFIED,chirps_meg_2012.08.23.npy,7900,
2012-08-24,DOWNLOADED_AND_VERIFIED,chirps_meg_2012.08.24.npy,7900,
2012-08-25,DOWNLOADED_AND_VERIFIED,chirps_meg_2012.08.25.npy,7900,
2012-08-26,DOWNLOADED_AND_VERIFIED,chirps_meg_2012.08.26.npy,7900,
2012-08-27,DOWNLOADED_AND_VERIFIED,chirps_meg_2012.08.27.npy,7900,
2012-08-28,DOWNLOADED_AND_VERIFIED,chirps_meg_2012.08.28.npy,7900,
2012-08-29,DOWNLOADED_AND_VERIFIED,chirps_meg_2012.08.29.npy,7900,
2012-08-30,DOWNLOADED_AND_VERIFIED,chirps_meg_2012.08.30.npy,7900,
2012-08-31,DOWNLOADED_AND_VERIFIED,chirps_meg_2012.08.31.npy,7900,
2012-09-01,DOWNLOADED_AND_VERIFIED,chirps_meg_2012.09.01.npy,7900,
2012-09-02,DOWNLOADED_AND_VERIFIED,chirps_meg_2012.09.02.npy,7900,
2012-09-03,DOWNLOADED_AND_VERIFIED,chirps_meg_2012.09.03.npy,7900,
2012-09-04,DOWNLOADED_AND_VERIFIED,chirps_meg_2012.09.04.npy,7900,
2012-09-05,DOWNLOADED_AND_VERIFIED,chirps_meg_2012.09.05.npy,7900,
2012-09-06,DOWNLOADED_AND_VERIFIED,chirps_meg_2012.09.06.npy,7900,
2012-09-07,DOWNLOADED_AND_VERIFIED,chirps_meg_2012.09.07.npy,7900,
2012-09-08,DOWNLOADED_AND_VERIFIED,chirps_meg_2012.09.08.npy,7900,
2012-09-09,DOWNLOADED_AND_VERIFIED,chirps_meg_2012.09.09.npy,7900,
2012-09-10,DOWNLOADED_AND_VERIFIED,chirps_meg_2012.09.10.npy,7900,
2012-09-11,DOWNLOADED_AND_VERIFIED,chirps_meg_2012.09.11.npy,7900,
2012-09-12,DOWNLOADED_AND_VERIFIED,chirps_meg_2012.09.12.npy,7900,
2012-09-13,DOWNLOADED_AND_VERIFIED,chirps_meg_2012.09.13.npy,7900,
2012-09-14,DOWNLOADED_AND_VERIFIED,chirps_meg_2012.09.14.npy,7900,
2012-09-15,DOWNLOADED_AND_VERIFIED,chirps_meg_2012.09.15.npy,7900,
2012-09-16,DOWNLOADED_AND_VERIFIED,chirps_meg_2012.09.16.npy,7900,
2012-09-17,DOWNLOADED_AND_VERIFIED,chirps_meg_2012.09.17.npy,7900,
2012-09-18,DOWNLOADED_AND_VERIFIED,chirps_meg_2012.09.18.npy,7900,
2012-09-19,DOWNLOADED_AND_VERIFIED,chirps_meg_2012.09.19.npy,7900,
2012-09-20,DOWNLOADED_AND_VERIFIED,chirps_meg_2012.09.20.npy,7900,
2012-09-21,DOWNLOADED_AND_VERIFIED,chirps_meg_2012.09.21.npy,7900,
2012-09-22,DOWNLOADED_AND_VERIFIED,chirps_meg_2012.09.22.npy,7900,
2012-09-23,DOWNLOADED_AND_VERIFIED,chirps_meg_2012.09.23.npy,7900,
2012-09-24,DOWNLOADED_AND_VERIFIED,chirps_meg_2012.09.24.npy,7900,
2012-09-25,DOWNLOADED_AND_VERIFIED,chirps_meg_2012.09.25.npy,7900,
2012-09-26,DOWNLOADED_AND_VERIFIED,chirps_meg_2012.09.26.npy,7900,
2012-09-27,DOWNLOADED_AND_VERIFIED,chirps_meg_2012.09.27.npy,7900,
2012-09-28,DOWNLOADED_AND_VERIFIED,chirps_meg_2012.09.28.npy,7900,
2012-09-29,DOWNLOADED_AND_VERIFIED,chirps_meg_2012.09.29.npy,7900,
2012-09-30,DOWNLOADED_AND_VERIFIED,chirps_meg_2012.09.30.npy,7900,
2012-10-01,DOWNLOADED_AND_VERIFIED,chirps_meg_2012.10.01.npy,7900,
2012-10-02,DOWNLOADED_AND_VERIFIED,chirps_meg_2012.10.02.npy,7900,
2012-10-03,DOWNLOADED_AND_VERIFIED,chirps_meg_2012.10.03.npy,7900,
2012-10-04,DOWNLOADED_AND_VERIFIED,chirps_meg_2012.10.04.npy,7900,
2012-10-05,DOWNLOADED_AND_VERIFIED,chirps_meg_2012.10.05.npy,7900,
2012-10-06,DOWNLOADED_AND_VERIFIED,chirps_meg_2012.10.06.npy,7900,
2012-10-07,DOWNLOADED_AND_VERIFIED,chirps_meg_2012.10.07.npy,7900,
2012-10-08,DOWNLOADED_AND_VERIFIED,chirps_meg_2012.10.08.npy,7900,
2012-10-09,DOWNLOADED_AND_VERIFIED,chirps_meg_2012.10.09.npy,7900,
2012-10-10,DOWNLOADED_AND_VERIFIED,chirps_meg_2012.10.10.npy,7900,
2012-10-11,DOWNLOADED_AND_VERIFIED,chirps_meg_2012.10.11.npy,7900,
2012-10-12,DOWNLOADED_AND_VERIFIED,chirps_meg_2012.10.12.npy,7900,
2012-10-13,DOWNLOADED_AND_VERIFIED,chirps_meg_2012.10.13.npy,7900,
2012-10-14,DOWNLOADED_AND_VERIFIED,chirps_meg_2012.10.14.npy,7900,
2012-10-15,DOWNLOADED_AND_VERIFIED,chirps_meg_2012.10.15.npy,7900,
2012-10-16,DOWNLOADED_AND_VERIFIED,chirps_meg_2012.10.16.npy,7900,
2012-10-17,DOWNLOADED_AND_VERIFIED,chirps_meg_2012.10.17.npy,7900,
2012-10-18,DOWNLOADED_AND_VERIFIED,chirps_meg_2012.10.18.npy,7900,
2012-10-19,DOWNLOADED_AND_VERIFIED,chirps_meg_2012.10.19.npy,7900,
2012-10-20,DOWNLOADED_AND_VERIFIED,chirps_meg_2012.10.20.npy,7900,
2012-10-21,DOWNLOADED_AND_VERIFIED,chirps_meg_2012.10.21.npy,7900,
2012-10-22,DOWNLOADED_AND_VERIFIED,chirps_meg_2012.10.22.npy,7900,
2012-10-23,DOWNLOADED_AND_VERIFIED,chirps_meg_2012.10.23.npy,7900,
2012-10-24,DOWNLOADED_AND_VERIFIED,chirps_meg_2012.10.24.npy,7900,
2012-10-25,DOWNLOADED_AND_VERIFIED,chirps_meg_2012.10.25.npy,7900,
2012-10-26,DOWNLOADED_AND_VERIFIED,chirps_meg_2012.10.26.npy,7900,
2012-10-27,DOWNLOADED_AND_VERIFIED,chirps_meg_2012.10.27.npy,7900,
2012-10-28,DOWNLOADED_AND_VERIFIED,chirps_meg_2012.10.28.npy,7900,
2012-10-29,DOWNLOADED_AND_VERIFIED,chirps_meg_2012.10.29.npy,7900,
2012-10-30,DOWNLOADED_AND_VERIFIED,chirps_meg_2012.10.30.npy,7900,
2012-10-31,DOWNLOADED_AND_VERIFIED,chirps_meg_2012.10.31.npy,7900,
2013-03-01,DOWNLOADED_AND_VERIFIED,chirps_meg_2013.03.01.npy,7900,
2013-03-02,DOWNLOADED_AND_VERIFIED,chirps_meg_2013.03.02.npy,7900,
2013-03-03,DOWNLOADED_AND_VERIFIED,chirps_meg_2013.03.03.npy,7900,
2013-03-04,DOWNLOADED_AND_VERIFIED,chirps_meg_2013.03.04.npy,7900,
2013-03-05,DOWNLOADED_AND_VERIFIED,chirps_meg_2013.03.05.npy,7900,
2013-03-06,DOWNLOADED_AND_VERIFIED,chirps_meg_2013.03.06.npy,7900,
2013-03-07,DOWNLOADED_AND_VERIFIED,chirps_meg_2013.03.07.npy,7900,
2013-03-08,DOWNLOADED_AND_VERIFIED,chirps_meg_2013.03.08.npy,7900,
2013-03-09,DOWNLOADED_AND_VERIFIED,chirps_meg_2013.03.09.npy,7900,
2013-03-10,DOWNLOADED_AND_VERIFIED,chirps_meg_2013.03.10.npy,7900,
2013-03-11,DOWNLOADED_AND_VERIFIED,chirps_meg_2013.03.11.npy,7900,
2013-03-12,DOWNLOADED_AND_VERIFIED,chirps_meg_2013.03.12.npy,7900,
2013-03-13,DOWNLOADED_AND_VERIFIED,chirps_meg_2013.03.13.npy,7900,
2013-03-14,DOWNLOADED_AND_VERIFIED,chirps_meg_2013.03.14.npy,7900,
2013-03-15,DOWNLOADED_AND_VERIFIED,chirps_meg_2013.03.15.npy,7900,
2013-03-16,DOWNLOADED_AND_VERIFIED,chirps_meg_2013.03.16.npy,7900,
2013-03-17,DOWNLOADED_AND_VERIFIED,chirps_meg_2013.03.17.npy,7900,
2013-03-18,DOWNLOADED_AND_VERIFIED,chirps_meg_2013.03.18.npy,7900,
2013-03-19,DOWNLOADED_AND_VERIFIED,chirps_meg_2013.03.19.npy,7900,
2013-03-20,DOWNLOADED_AND_VERIFIED,chirps_meg_2013.03.20.npy,7900,
2013-03-21,DOWNLOADED_AND_VERIFIED,chirps_meg_2013.03.21.npy,7900,
2013-03-22,DOWNLOADED_AND_VERIFIED,chirps_meg_2013.03.22.npy,7900,
2013-03-23,DOWNLOADED_AND_VERIFIED,chirps_meg_2013.03.23.npy,7900,
2013-03-24,DOWNLOADED_AND_VERIFIED,chirps_meg_2013.03.24.npy,7900,
2013-03-25,DOWNLOADED_AND_VERIFIED,chirps_meg_2013.03.25.npy,7900,
2013-03-26,DOWNLOADED_AND_VERIFIED,chirps_meg_2013.03.26.npy,7900,
2013-03-27,DOWNLOADED_AND_VERIFIED,chirps_meg_2013.03.27.npy,7900,
2013-03-28,DOWNLOADED_AND_VERIFIED,chirps_meg_2013.03.28.npy,7900,
2013-03-29,DOWNLOADED_AND_VERIFIED,chirps_meg_2013.03.29.npy,7900,
2013-03-30,DOWNLOADED_AND_VERIFIED,chirps_meg_2013.03.30.npy,7900,
2013-03-31,DOWNLOADED_AND_VERIFIED,chirps_meg_2013.03.31.npy,7900,
2013-04-01,DOWNLOADED_AND_VERIFIED,chirps_meg_2013.04.01.npy,7900,
2013-04-02,DOWNLOADED_AND_VERIFIED,chirps_meg_2013.04.02.npy,7900,
2013-04-03,DOWNLOADED_AND_VERIFIED,chirps_meg_2013.04.03.npy,7900,
2013-04-04,DOWNLOADED_AND_VERIFIED,chirps_meg_2013.04.04.npy,7900,
2013-04-05,DOWNLOADED_AND_VERIFIED,chirps_meg_2013.04.05.npy,7900,
2013-04-06,DOWNLOADED_AND_VERIFIED,chirps_meg_2013.04.06.npy,7900,
2013-04-07,DOWNLOADED_AND_VERIFIED,chirps_meg_2013.04.07.npy,7900,
2013-04-08,DOWNLOADED_AND_VERIFIED,chirps_meg_2013.04.08.npy,7900,
2013-04-09,DOWNLOADED_AND_VERIFIED,chirps_meg_2013.04.09.npy,7900,
2013-04-10,DOWNLOADED_AND_VERIFIED,chirps_meg_2013.04.10.npy,7900,
2013-04-11,DOWNLOADED_AND_VERIFIED,chirps_meg_2013.04.11.npy,7900,
2013-04-12,DOWNLOADED_AND_VERIFIED,chirps_meg_2013.04.12.npy,7900,
2013-04-13,DOWNLOADED_AND_VERIFIED,chirps_meg_2013.04.13.npy,7900,
2013-04-14,DOWNLOADED_AND_VERIFIED,chirps_meg_2013.04.14.npy,7900,
2013-04-15,DOWNLOADED_AND_VERIFIED,chirps_meg_2013.04.15.npy,7900,
2013-04-16,DOWNLOADED_AND_VERIFIED,chirps_meg_2013.04.16.npy,7900,
2013-04-17,DOWNLOADED_AND_VERIFIED,chirps_meg_2013.04.17.npy,7900,
2013-04-18,DOWNLOADED_AND_VERIFIED,chirps_meg_2013.04.18.npy,7900,
2013-04-19,DOWNLOADED_AND_VERIFIED,chirps_meg_2013.04.19.npy,7900,
2013-04-20,DOWNLOADED_AND_VERIFIED,chirps_meg_2013.04.20.npy,7900,
2013-04-21,DOWNLOADED_AND_VERIFIED,chirps_meg_2013.04.21.npy,7900,
2013-04-22,DOWNLOADED_AND_VERIFIED,chirps_meg_2013.04.22.npy,7900,
2013-04-23,DOWNLOADED_AND_VERIFIED,chirps_meg_2013.04.23.npy,7900,
2013-04-24,DOWNLOADED_AND_VERIFIED,chirps_meg_2013.04.24.npy,7900,
2013-04-25,DOWNLOADED_AND_VERIFIED,chirps_meg_2013.04.25.npy,7900,
2013-04-26,DOWNLOADED_AND_VERIFIED,chirps_meg_2013.04.26.npy,7900,
2013-04-27,DOWNLOADED_AND_VERIFIED,chirps_meg_2013.04.27.npy,7900,
2013-04-28,DOWNLOADED_AND_VERIFIED,chirps_meg_2013.04.28.npy,7900,
2013-04-29,DOWNLOADED_AND_VERIFIED,chirps_meg_2013.04.29.npy,7900,
2013-04-30,DOWNLOADED_AND_VERIFIED,chirps_meg_2013.04.30.npy,7900,
2013-05-01,DOWNLOADED_AND_VERIFIED,chirps_meg_2013.05.01.npy,7900,
2013-05-02,DOWNLOADED_AND_VERIFIED,chirps_meg_2013.05.02.npy,7900,
2013-05-03,DOWNLOADED_AND_VERIFIED,chirps_meg_2013.05.03.npy,7900,
2013-05-04,DOWNLOADED_AND_VERIFIED,chirps_meg_2013.05.04.npy,7900,
2013-05-05,DOWNLOADED_AND_VERIFIED,chirps_meg_2013.05.05.npy,7900,
2013-05-06,DOWNLOADED_AND_VERIFIED,chirps_meg_2013.05.06.npy,7900,
2013-05-07,DOWNLOADED_AND_VERIFIED,chirps_meg_2013.05.07.npy,7900,
2013-05-08,DOWNLOADED_AND_VERIFIED,chirps_meg_2013.05.08.npy,7900,
2013-05-09,DOWNLOADED_AND_VERIFIED,chirps_meg_2013.05.09.npy,7900,
2013-05-10,DOWNLOADED_AND_VERIFIED,chirps_meg_2013.05.10.npy,7900,
2013-05-11,DOWNLOADED_AND_VERIFIED,chirps_meg_2013.05.11.npy,7900,
2013-05-12,DOWNLOADED_AND_VERIFIED,chirps_meg_2013.05.12.npy,7900,
2013-05-13,DOWNLOADED_AND_VERIFIED,chirps_meg_2013.05.13.npy,7900,
2013-05-14,DOWNLOADED_AND_VERIFIED,chirps_meg_2013.05.14.npy,7900,
2013-05-15,DOWNLOADED_AND_VERIFIED,chirps_meg_2013.05.15.npy,7900,
2013-05-16,DOWNLOADED_AND_VERIFIED,chirps_meg_2013.05.16.npy,7900,
2013-05-17,DOWNLOADED_AND_VERIFIED,chirps_meg_2013.05.17.npy,7900,
2013-05-18,DOWNLOADED_AND_VERIFIED,chirps_meg_2013.05.18.npy,7900,
2013-05-19,DOWNLOADED_AND_VERIFIED,chirps_meg_2013.05.19.npy,7900,
2013-05-20,DOWNLOADED_AND_VERIFIED,chirps_meg_2013.05.20.npy,7900,
2013-05-21,DOWNLOADED_AND_VERIFIED,chirps_meg_2013.05.21.npy,7900,
2013-05-22,DOWNLOADED_AND_VERIFIED,chirps_meg_2013.05.22.npy,7900,
2013-05-23,DOWNLOADED_AND_VERIFIED,chirps_meg_2013.05.23.npy,7900,
2013-05-24,DOWNLOADED_AND_VERIFIED,chirps_meg_2013.05.24.npy,7900,
2013-05-25,DOWNLOADED_AND_VERIFIED,chirps_meg_2013.05.25.npy,7900,
2013-05-26,DOWNLOADED_AND_VERIFIED,chirps_meg_2013.05.26.npy,7900,
2013-05-27,DOWNLOADED_AND_VERIFIED,chirps_meg_2013.05.27.npy,7900,
2013-05-28,DOWNLOADED_AND_VERIFIED,chirps_meg_2013.05.28.npy,7900,
2013-05-29,DOWNLOADED_AND_VERIFIED,chirps_meg_2013.05.29.npy,7900,
2013-05-30,DOWNLOADED_AND_VERIFIED,chirps_meg_2013.05.30.npy,7900,
2013-05-31,DOWNLOADED_AND_VERIFIED,chirps_meg_2013.05.31.npy,7900,
2013-06-01,DOWNLOADED_AND_VERIFIED,chirps_meg_2013.06.01.npy,7900,
2013-06-02,DOWNLOADED_AND_VERIFIED,chirps_meg_2013.06.02.npy,7900,
2013-06-03,DOWNLOADED_AND_VERIFIED,chirps_meg_2013.06.03.npy,7900,
2013-06-04,DOWNLOADED_AND_VERIFIED,chirps_meg_2013.06.04.npy,7900,
2013-06-05,DOWNLOADED_AND_VERIFIED,chirps_meg_2013.06.05.npy,7900,
2013-06-06,DOWNLOADED_AND_VERIFIED,chirps_meg_2013.06.06.npy,7900,
2013-06-07,DOWNLOADED_AND_VERIFIED,chirps_meg_2013.06.07.npy,7900,
2013-06-08,DOWNLOADED_AND_VERIFIED,chirps_meg_2013.06.08.npy,7900,
2013-06-09,DOWNLOADED_AND_VERIFIED,chirps_meg_2013.06.09.npy,7900,
2013-06-10,DOWNLOADED_AND_VERIFIED,chirps_meg_2013.06.10.npy,7900,
2013-06-11,DOWNLOADED_AND_VERIFIED,chirps_meg_2013.06.11.npy,7900,
2013-06-12,DOWNLOADED_AND_VERIFIED,chirps_meg_2013.06.12.npy,7900,
2013-06-13,DOWNLOADED_AND_VERIFIED,chirps_meg_2013.06.13.npy,7900,
2013-06-14,DOWNLOADED_AND_VERIFIED,chirps_meg_2013.06.14.npy,7900,
2013-06-15,DOWNLOADED_AND_VERIFIED,chirps_meg_2013.06.15.npy,7900,
2013-06-16,DOWNLOADED_AND_VERIFIED,chirps_meg_2013.06.16.npy,7900,
2013-06-17,DOWNLOADED_AND_VERIFIED,chirps_meg_2013.06.17.npy,7900,
2013-06-18,DOWNLOADED_AND_VERIFIED,chirps_meg_2013.06.18.npy,7900,
2013-06-19,DOWNLOADED_AND_VERIFIED,chirps_meg_2013.06.19.npy,7900,
2013-06-20,DOWNLOADED_AND_VERIFIED,chirps_meg_2013.06.20.npy,7900,
2013-06-21,DOWNLOADED_AND_VERIFIED,chirps_meg_2013.06.21.npy,7900,
2013-06-22,DOWNLOADED_AND_VERIFIED,chirps_meg_2013.06.22.npy,7900,
2013-06-23,DOWNLOADED_AND_VERIFIED,chirps_meg_2013.06.23.npy,7900,
2013-06-24,DOWNLOADED_AND_VERIFIED,chirps_meg_2013.06.24.npy,7900,
2013-06-25,DOWNLOADED_AND_VERIFIED,chirps_meg_2013.06.25.npy,7900,
2013-06-26,DOWNLOADED_AND_VERIFIED,chirps_meg_2013.06.26.npy,7900,
2013-06-27,DOWNLOADED_AND_VERIFIED,chirps_meg_2013.06.27.npy,7900,
2013-06-28,DOWNLOADED_AND_VERIFIED,chirps_meg_2013.06.28.npy,7900,
2013-06-29,DOWNLOADED_AND_VERIFIED,chirps_meg_2013.06.29.npy,7900,
2013-06-30,DOWNLOADED_AND_VERIFIED,chirps_meg_2013.06.30.npy,7900,
2013-07-01,DOWNLOADED_AND_VERIFIED,chirps_meg_2013.07.01.npy,7900,
2013-07-02,DOWNLOADED_AND_VERIFIED,chirps_meg_2013.07.02.npy,7900,
2013-07-03,DOWNLOADED_AND_VERIFIED,chirps_meg_2013.07.03.npy,7900,
2013-07-04,DOWNLOADED_AND_VERIFIED,chirps_meg_2013.07.04.npy,7900,
2013-07-05,DOWNLOADED_AND_VERIFIED,chirps_meg_2013.07.05.npy,7900,
2013-07-06,DOWNLOADED_AND_VERIFIED,chirps_meg_2013.07.06.npy,7900,
2013-07-07,DOWNLOADED_AND_VERIFIED,chirps_meg_2013.07.07.npy,7900,
2013-07-08,ALREADY_PRESENT,chirps_meg_2013.07.08.npy,7900,
2013-07-09,ALREADY_PRESENT,chirps_meg_2013.07.09.npy,7900,
2013-07-10,ALREADY_PRESENT,chirps_meg_2013.07.10.npy,7900,
2013-07-11,ALREADY_PRESENT,chirps_meg_2013.07.11.npy,7900,
2013-07-12,ALREADY_PRESENT,chirps_meg_2013.07.12.npy,7900,
2013-07-13,ALREADY_PRESENT,chirps_meg_2013.07.13.npy,7900,
2013-07-14,ALREADY_PRESENT,chirps_meg_2013.07.14.npy,7900,
2013-07-15,ALREADY_PRESENT,chirps_meg_2013.07.15.npy,7900,
2013-07-16,ALREADY_PRESENT,chirps_meg_2013.07.16.npy,7900,
2013-07-17,ALREADY_PRESENT,chirps_meg_2013.07.17.npy,7900,
2013-07-18,ALREADY_PRESENT,chirps_meg_2013.07.18.npy,7900,
2013-07-19,ALREADY_PRESENT,chirps_meg_2013.07.19.npy,7900,
2013-07-20,ALREADY_PRESENT,chirps_meg_2013.07.20.npy,7900,
2013-07-21,ALREADY_PRESENT,chirps_meg_2013.07.21.npy,7900,
2013-07-22,ALREADY_PRESENT,chirps_meg_2013.07.22.npy,7900,
2013-07-23,ALREADY_PRESENT,chirps_meg_2013.07.23.npy,7900,
2013-07-24,ALREADY_PRESENT,chirps_meg_2013.07.24.npy,7900,
2013-07-25,ALREADY_PRESENT,chirps_meg_2013.07.25.npy,7900,
2013-07-26,ALREADY_PRESENT,chirps_meg_2013.07.26.npy,7900,
2013-07-27,ALREADY_PRESENT,chirps_meg_2013.07.27.npy,7900,
2013-07-28,ALREADY_PRESENT,chirps_meg_2013.07.28.npy,7900,
2013-07-29,ALREADY_PRESENT,chirps_meg_2013.07.29.npy,7900,
2013-07-30,ALREADY_PRESENT,chirps_meg_2013.07.30.npy,7900,
2013-07-31,ALREADY_PRESENT,chirps_meg_2013.07.31.npy,7900,
2013-08-01,ALREADY_PRESENT,chirps_meg_2013.08.01.npy,7900,
2013-08-02,ALREADY_PRESENT,chirps_meg_2013.08.02.npy,7900,
2013-08-03,ALREADY_PRESENT,chirps_meg_2013.08.03.npy,7900,
2013-08-04,ALREADY_PRESENT,chirps_meg_2013.08.04.npy,7900,
2013-08-05,ALREADY_PRESENT,chirps_meg_2013.08.05.npy,7900,
2013-08-06,ALREADY_PRESENT,chirps_meg_2013.08.06.npy,7900,
2013-08-07,DOWNLOADED_AND_VERIFIED,chirps_meg_2013.08.07.npy,7900,
2013-08-08,DOWNLOADED_AND_VERIFIED,chirps_meg_2013.08.08.npy,7900,
2013-08-09,DOWNLOADED_AND_VERIFIED,chirps_meg_2013.08.09.npy,7900,
2013-08-10,DOWNLOADED_AND_VERIFIED,chirps_meg_2013.08.10.npy,7900,
2013-08-11,DOWNLOADED_AND_VERIFIED,chirps_meg_2013.08.11.npy,7900,
2013-08-12,DOWNLOADED_AND_VERIFIED,chirps_meg_2013.08.12.npy,7900,
2013-08-13,DOWNLOADED_AND_VERIFIED,chirps_meg_2013.08.13.npy,7900,
2013-08-14,DOWNLOADED_AND_VERIFIED,chirps_meg_2013.08.14.npy,7900,
2013-08-15,DOWNLOADED_AND_VERIFIED,chirps_meg_2013.08.15.npy,7900,
2013-08-16,DOWNLOADED_AND_VERIFIED,chirps_meg_2013.08.16.npy,7900,
2013-08-17,DOWNLOADED_AND_VERIFIED,chirps_meg_2013.08.17.npy,7900,
2013-08-18,DOWNLOADED_AND_VERIFIED,chirps_meg_2013.08.18.npy,7900,
2013-08-19,DOWNLOADED_AND_VERIFIED,chirps_meg_2013.08.19.npy,7900,
2013-08-20,DOWNLOADED_AND_VERIFIED,chirps_meg_2013.08.20.npy,7900,
2013-08-21,DOWNLOADED_AND_VERIFIED,chirps_meg_2013.08.21.npy,7900,
2013-08-22,DOWNLOADED_AND_VERIFIED,chirps_meg_2013.08.22.npy,7900,
2013-08-23,DOWNLOADED_AND_VERIFIED,chirps_meg_2013.08.23.npy,7900,
2013-08-24,DOWNLOADED_AND_VERIFIED,chirps_meg_2013.08.24.npy,7900,
2013-08-25,DOWNLOADED_AND_VERIFIED,chirps_meg_2013.08.25.npy,7900,
2013-08-26,DOWNLOADED_AND_VERIFIED,chirps_meg_2013.08.26.npy,7900,
2013-08-27,DOWNLOADED_AND_VERIFIED,chirps_meg_2013.08.27.npy,7900,
2013-08-28,DOWNLOADED_AND_VERIFIED,chirps_meg_2013.08.28.npy,7900,
2013-08-29,DOWNLOADED_AND_VERIFIED,chirps_meg_2013.08.29.npy,7900,
2013-08-30,DOWNLOADED_AND_VERIFIED,chirps_meg_2013.08.30.npy,7900,
2013-08-31,DOWNLOADED_AND_VERIFIED,chirps_meg_2013.08.31.npy,7900,
2013-09-01,DOWNLOADED_AND_VERIFIED,chirps_meg_2013.09.01.npy,7900,
2013-09-02,DOWNLOADED_AND_VERIFIED,chirps_meg_2013.09.02.npy,7900,
2013-09-03,DOWNLOADED_AND_VERIFIED,chirps_meg_2013.09.03.npy,7900,
2013-09-04,DOWNLOADED_AND_VERIFIED,chirps_meg_2013.09.04.npy,7900,
2013-09-05,DOWNLOADED_AND_VERIFIED,chirps_meg_2013.09.05.npy,7900,
2013-09-06,DOWNLOADED_AND_VERIFIED,chirps_meg_2013.09.06.npy,7900,
2013-09-07,DOWNLOADED_AND_VERIFIED,chirps_meg_2013.09.07.npy,7900,
2013-09-08,DOWNLOADED_AND_VERIFIED,chirps_meg_2013.09.08.npy,7900,
2013-09-09,DOWNLOADED_AND_VERIFIED,chirps_meg_2013.09.09.npy,7900,
2013-09-10,DOWNLOADED_AND_VERIFIED,chirps_meg_2013.09.10.npy,7900,
2013-09-11,DOWNLOADED_AND_VERIFIED,chirps_meg_2013.09.11.npy,7900,
2013-09-12,DOWNLOADED_AND_VERIFIED,chirps_meg_2013.09.12.npy,7900,
2013-09-13,DOWNLOADED_AND_VERIFIED,chirps_meg_2013.09.13.npy,7900,
2013-09-14,DOWNLOADED_AND_VERIFIED,chirps_meg_2013.09.14.npy,7900,
2013-09-15,DOWNLOADED_AND_VERIFIED,chirps_meg_2013.09.15.npy,7900,
2013-09-16,DOWNLOADED_AND_VERIFIED,chirps_meg_2013.09.16.npy,7900,
2013-09-17,DOWNLOADED_AND_VERIFIED,chirps_meg_2013.09.17.npy,7900,
2013-09-18,DOWNLOADED_AND_VERIFIED,chirps_meg_2013.09.18.npy,7900,
2013-09-19,DOWNLOADED_AND_VERIFIED,chirps_meg_2013.09.19.npy,7900,
2013-09-20,DOWNLOADED_AND_VERIFIED,chirps_meg_2013.09.20.npy,7900,
2013-09-21,DOWNLOADED_AND_VERIFIED,chirps_meg_2013.09.21.npy,7900,
2013-09-22,DOWNLOADED_AND_VERIFIED,chirps_meg_2013.09.22.npy,7900,
2013-09-23,DOWNLOADED_AND_VERIFIED,chirps_meg_2013.09.23.npy,7900,
2013-09-24,DOWNLOADED_AND_VERIFIED,chirps_meg_2013.09.24.npy,7900,
2013-09-25,DOWNLOADED_AND_VERIFIED,chirps_meg_2013.09.25.npy,7900,
2013-09-26,DOWNLOADED_AND_VERIFIED,chirps_meg_2013.09.26.npy,7900,
2013-09-27,DOWNLOADED_AND_VERIFIED,chirps_meg_2013.09.27.npy,7900,
2013-09-28,DOWNLOADED_AND_VERIFIED,chirps_meg_2013.09.28.npy,7900,
2013-09-29,DOWNLOADED_AND_VERIFIED,chirps_meg_2013.09.29.npy,7900,
2013-09-30,DOWNLOADED_AND_VERIFIED,chirps_meg_2013.09.30.npy,7900,
2013-10-01,DOWNLOADED_AND_VERIFIED,chirps_meg_2013.10.01.npy,7900,
2013-10-02,DOWNLOADED_AND_VERIFIED,chirps_meg_2013.10.02.npy,7900,
2013-10-03,DOWNLOADED_AND_VERIFIED,chirps_meg_2013.10.03.npy,7900,
2013-10-04,DOWNLOADED_AND_VERIFIED,chirps_meg_2013.10.04.npy,7900,
2013-10-05,DOWNLOADED_AND_VERIFIED,chirps_meg_2013.10.05.npy,7900,
2013-10-06,DOWNLOADED_AND_VERIFIED,chirps_meg_2013.10.06.npy,7900,
2013-10-07,DOWNLOADED_AND_VERIFIED,chirps_meg_2013.10.07.npy,7900,
2013-10-08,DOWNLOADED_AND_VERIFIED,chirps_meg_2013.10.08.npy,7900,
2013-10-09,DOWNLOADED_AND_VERIFIED,chirps_meg_2013.10.09.npy,7900,
2013-10-10,DOWNLOADED_AND_VERIFIED,chirps_meg_2013.10.10.npy,7900,
2013-10-11,DOWNLOADED_AND_VERIFIED,chirps_meg_2013.10.11.npy,7900,
2013-10-12,DOWNLOADED_AND_VERIFIED,chirps_meg_2013.10.12.npy,7900,
2013-10-13,DOWNLOADED_AND_VERIFIED,chirps_meg_2013.10.13.npy,7900,
2013-10-14,DOWNLOADED_AND_VERIFIED,chirps_meg_2013.10.14.npy,7900,
2013-10-15,DOWNLOADED_AND_VERIFIED,chirps_meg_2013.10.15.npy,7900,
2013-10-16,DOWNLOADED_AND_VERIFIED,chirps_meg_2013.10.16.npy,7900,
2013-10-17,DOWNLOADED_AND_VERIFIED,chirps_meg_2013.10.17.npy,7900,
2013-10-18,DOWNLOADED_AND_VERIFIED,chirps_meg_2013.10.18.npy,7900,
2013-10-19,DOWNLOADED_AND_VERIFIED,chirps_meg_2013.10.19.npy,7900,
2013-10-20,DOWNLOADED_AND_VERIFIED,chirps_meg_2013.10.20.npy,7900,
2013-10-21,DOWNLOADED_AND_VERIFIED,chirps_meg_2013.10.21.npy,7900,
2013-10-22,DOWNLOADED_AND_VERIFIED,chirps_meg_2013.10.22.npy,7900,
2013-10-23,DOWNLOADED_AND_VERIFIED,chirps_meg_2013.10.23.npy,7900,
2013-10-24,DOWNLOADED_AND_VERIFIED,chirps_meg_2013.10.24.npy,7900,
2013-10-25,DOWNLOADED_AND_VERIFIED,chirps_meg_2013.10.25.npy,7900,
2013-10-26,DOWNLOADED_AND_VERIFIED,chirps_meg_2013.10.26.npy,7900,
2013-10-27,DOWNLOADED_AND_VERIFIED,chirps_meg_2013.10.27.npy,7900,
2013-10-28,DOWNLOADED_AND_VERIFIED,chirps_meg_2013.10.28.npy,7900,
2013-10-29,DOWNLOADED_AND_VERIFIED,chirps_meg_2013.10.29.npy,7900,
2013-10-30,DOWNLOADED_AND_VERIFIED,chirps_meg_2013.10.30.npy,7900,
2013-10-31,DOWNLOADED_AND_VERIFIED,chirps_meg_2013.10.31.npy,7900,
2014-03-01,DOWNLOADED_AND_VERIFIED,chirps_meg_2014.03.01.npy,7900,
2014-03-02,DOWNLOADED_AND_VERIFIED,chirps_meg_2014.03.02.npy,7900,
2014-03-03,DOWNLOADED_AND_VERIFIED,chirps_meg_2014.03.03.npy,7900,
2014-03-04,DOWNLOADED_AND_VERIFIED,chirps_meg_2014.03.04.npy,7900,
2014-03-05,DOWNLOADED_AND_VERIFIED,chirps_meg_2014.03.05.npy,7900,
2014-03-06,DOWNLOADED_AND_VERIFIED,chirps_meg_2014.03.06.npy,7900,
2014-03-07,DOWNLOADED_AND_VERIFIED,chirps_meg_2014.03.07.npy,7900,
2014-03-08,DOWNLOADED_AND_VERIFIED,chirps_meg_2014.03.08.npy,7900,
2014-03-09,DOWNLOADED_AND_VERIFIED,chirps_meg_2014.03.09.npy,7900,
2014-03-10,DOWNLOADED_AND_VERIFIED,chirps_meg_2014.03.10.npy,7900,
2014-03-11,DOWNLOADED_AND_VERIFIED,chirps_meg_2014.03.11.npy,7900,
2014-03-12,DOWNLOADED_AND_VERIFIED,chirps_meg_2014.03.12.npy,7900,
2014-03-13,DOWNLOADED_AND_VERIFIED,chirps_meg_2014.03.13.npy,7900,
2014-03-14,DOWNLOADED_AND_VERIFIED,chirps_meg_2014.03.14.npy,7900,
2014-03-15,DOWNLOADED_AND_VERIFIED,chirps_meg_2014.03.15.npy,7900,
2014-03-16,DOWNLOADED_AND_VERIFIED,chirps_meg_2014.03.16.npy,7900,
2014-03-17,DOWNLOADED_AND_VERIFIED,chirps_meg_2014.03.17.npy,7900,
2014-03-18,DOWNLOADED_AND_VERIFIED,chirps_meg_2014.03.18.npy,7900,
2014-03-19,DOWNLOADED_AND_VERIFIED,chirps_meg_2014.03.19.npy,7900,
2014-03-20,DOWNLOADED_AND_VERIFIED,chirps_meg_2014.03.20.npy,7900,
2014-03-21,DOWNLOADED_AND_VERIFIED,chirps_meg_2014.03.21.npy,7900,
2014-03-22,DOWNLOADED_AND_VERIFIED,chirps_meg_2014.03.22.npy,7900,
2014-03-23,DOWNLOADED_AND_VERIFIED,chirps_meg_2014.03.23.npy,7900,
2014-03-24,DOWNLOADED_AND_VERIFIED,chirps_meg_2014.03.24.npy,7900,
2014-03-25,DOWNLOADED_AND_VERIFIED,chirps_meg_2014.03.25.npy,7900,
2014-03-26,DOWNLOADED_AND_VERIFIED,chirps_meg_2014.03.26.npy,7900,
2014-03-27,DOWNLOADED_AND_VERIFIED,chirps_meg_2014.03.27.npy,7900,
2014-03-28,DOWNLOADED_AND_VERIFIED,chirps_meg_2014.03.28.npy,7900,
2014-03-29,DOWNLOADED_AND_VERIFIED,chirps_meg_2014.03.29.npy,7900,
2014-03-30,DOWNLOADED_AND_VERIFIED,chirps_meg_2014.03.30.npy,7900,
2014-03-31,DOWNLOADED_AND_VERIFIED,chirps_meg_2014.03.31.npy,7900,
2014-04-01,DOWNLOADED_AND_VERIFIED,chirps_meg_2014.04.01.npy,7900,
2014-04-02,DOWNLOADED_AND_VERIFIED,chirps_meg_2014.04.02.npy,7900,
2014-04-03,DOWNLOADED_AND_VERIFIED,chirps_meg_2014.04.03.npy,7900,
2014-04-04,DOWNLOADED_AND_VERIFIED,chirps_meg_2014.04.04.npy,7900,
2014-04-05,DOWNLOADED_AND_VERIFIED,chirps_meg_2014.04.05.npy,7900,
2014-04-06,DOWNLOADED_AND_VERIFIED,chirps_meg_2014.04.06.npy,7900,
2014-04-07,DOWNLOADED_AND_VERIFIED,chirps_meg_2014.04.07.npy,7900,
2014-04-08,DOWNLOADED_AND_VERIFIED,chirps_meg_2014.04.08.npy,7900,
2014-04-09,DOWNLOADED_AND_VERIFIED,chirps_meg_2014.04.09.npy,7900,
2014-04-10,DOWNLOADED_AND_VERIFIED,chirps_meg_2014.04.10.npy,7900,
2014-04-11,DOWNLOADED_AND_VERIFIED,chirps_meg_2014.04.11.npy,7900,
2014-04-12,DOWNLOADED_AND_VERIFIED,chirps_meg_2014.04.12.npy,7900,
2014-04-13,DOWNLOADED_AND_VERIFIED,chirps_meg_2014.04.13.npy,7900,
2014-04-14,DOWNLOADED_AND_VERIFIED,chirps_meg_2014.04.14.npy,7900,
2014-04-15,DOWNLOADED_AND_VERIFIED,chirps_meg_2014.04.15.npy,7900,
2014-04-16,DOWNLOADED_AND_VERIFIED,chirps_meg_2014.04.16.npy,7900,
2014-04-17,DOWNLOADED_AND_VERIFIED,chirps_meg_2014.04.17.npy,7900,
2014-04-18,DOWNLOADED_AND_VERIFIED,chirps_meg_2014.04.18.npy,7900,
2014-04-19,DOWNLOADED_AND_VERIFIED,chirps_meg_2014.04.19.npy,7900,
2014-04-20,DOWNLOADED_AND_VERIFIED,chirps_meg_2014.04.20.npy,7900,
2014-04-21,DOWNLOADED_AND_VERIFIED,chirps_meg_2014.04.21.npy,7900,
2014-04-22,DOWNLOADED_AND_VERIFIED,chirps_meg_2014.04.22.npy,7900,
2014-04-23,DOWNLOADED_AND_VERIFIED,chirps_meg_2014.04.23.npy,7900,
2014-04-24,DOWNLOADED_AND_VERIFIED,chirps_meg_2014.04.24.npy,7900,
2014-04-25,DOWNLOADED_AND_VERIFIED,chirps_meg_2014.04.25.npy,7900,
2014-04-26,DOWNLOADED_AND_VERIFIED,chirps_meg_2014.04.26.npy,7900,
2014-04-27,DOWNLOADED_AND_VERIFIED,chirps_meg_2014.04.27.npy,7900,
2014-04-28,DOWNLOADED_AND_VERIFIED,chirps_meg_2014.04.28.npy,7900,
2014-04-29,DOWNLOADED_AND_VERIFIED,chirps_meg_2014.04.29.npy,7900,
2014-04-30,DOWNLOADED_AND_VERIFIED,chirps_meg_2014.04.30.npy,7900,
2014-05-01,DOWNLOADED_AND_VERIFIED,chirps_meg_2014.05.01.npy,7900,
2014-05-02,DOWNLOADED_AND_VERIFIED,chirps_meg_2014.05.02.npy,7900,
2014-05-03,DOWNLOADED_AND_VERIFIED,chirps_meg_2014.05.03.npy,7900,
2014-05-04,DOWNLOADED_AND_VERIFIED,chirps_meg_2014.05.04.npy,7900,
2014-05-05,DOWNLOADED_AND_VERIFIED,chirps_meg_2014.05.05.npy,7900,
2014-05-06,DOWNLOADED_AND_VERIFIED,chirps_meg_2014.05.06.npy,7900,
2014-05-07,DOWNLOADED_AND_VERIFIED,chirps_meg_2014.05.07.npy,7900,
2014-05-08,DOWNLOADED_AND_VERIFIED,chirps_meg_2014.05.08.npy,7900,
2014-05-09,DOWNLOADED_AND_VERIFIED,chirps_meg_2014.05.09.npy,7900,
2014-05-10,DOWNLOADED_AND_VERIFIED,chirps_meg_2014.05.10.npy,7900,
2014-05-11,DOWNLOADED_AND_VERIFIED,chirps_meg_2014.05.11.npy,7900,
2014-05-12,DOWNLOADED_AND_VERIFIED,chirps_meg_2014.05.12.npy,7900,
2014-05-13,DOWNLOADED_AND_VERIFIED,chirps_meg_2014.05.13.npy,7900,
2014-05-14,DOWNLOADED_AND_VERIFIED,chirps_meg_2014.05.14.npy,7900,
2014-05-15,DOWNLOADED_AND_VERIFIED,chirps_meg_2014.05.15.npy,7900,
2014-05-16,DOWNLOADED_AND_VERIFIED,chirps_meg_2014.05.16.npy,7900,
2014-05-17,DOWNLOADED_AND_VERIFIED,chirps_meg_2014.05.17.npy,7900,
2014-05-18,DOWNLOADED_AND_VERIFIED,chirps_meg_2014.05.18.npy,7900,
2014-05-19,DOWNLOADED_AND_VERIFIED,chirps_meg_2014.05.19.npy,7900,
2014-05-20,DOWNLOADED_AND_VERIFIED,chirps_meg_2014.05.20.npy,7900,
2014-05-21,DOWNLOADED_AND_VERIFIED,chirps_meg_2014.05.21.npy,7900,
2014-05-22,DOWNLOADED_AND_VERIFIED,chirps_meg_2014.05.22.npy,7900,
2014-05-23,DOWNLOADED_AND_VERIFIED,chirps_meg_2014.05.23.npy,7900,
2014-05-24,DOWNLOADED_AND_VERIFIED,chirps_meg_2014.05.24.npy,7900,
2014-05-25,DOWNLOADED_AND_VERIFIED,chirps_meg_2014.05.25.npy,7900,
2014-05-26,DOWNLOADED_AND_VERIFIED,chirps_meg_2014.05.26.npy,7900,
2014-05-27,DOWNLOADED_AND_VERIFIED,chirps_meg_2014.05.27.npy,7900,
2014-05-28,DOWNLOADED_AND_VERIFIED,chirps_meg_2014.05.28.npy,7900,
2014-05-29,DOWNLOADED_AND_VERIFIED,chirps_meg_2014.05.29.npy,7900,
2014-05-30,DOWNLOADED_AND_VERIFIED,chirps_meg_2014.05.30.npy,7900,
2014-05-31,DOWNLOADED_AND_VERIFIED,chirps_meg_2014.05.31.npy,7900,
2014-06-01,DOWNLOADED_AND_VERIFIED,chirps_meg_2014.06.01.npy,7900,
2014-06-02,DOWNLOADED_AND_VERIFIED,chirps_meg_2014.06.02.npy,7900,
2014-06-03,DOWNLOADED_AND_VERIFIED,chirps_meg_2014.06.03.npy,7900,
2014-06-04,DOWNLOADED_AND_VERIFIED,chirps_meg_2014.06.04.npy,7900,
2014-06-05,DOWNLOADED_AND_VERIFIED,chirps_meg_2014.06.05.npy,7900,
2014-06-06,DOWNLOADED_AND_VERIFIED,chirps_meg_2014.06.06.npy,7900,
2014-06-07,DOWNLOADED_AND_VERIFIED,chirps_meg_2014.06.07.npy,7900,
2014-06-08,DOWNLOADED_AND_VERIFIED,chirps_meg_2014.06.08.npy,7900,
2014-06-09,DOWNLOADED_AND_VERIFIED,chirps_meg_2014.06.09.npy,7900,
2014-06-10,DOWNLOADED_AND_VERIFIED,chirps_meg_2014.06.10.npy,7900,
2014-06-11,DOWNLOADED_AND_VERIFIED,chirps_meg_2014.06.11.npy,7900,
2014-06-12,DOWNLOADED_AND_VERIFIED,chirps_meg_2014.06.12.npy,7900,
2014-06-13,DOWNLOADED_AND_VERIFIED,chirps_meg_2014.06.13.npy,7900,
2014-06-14,DOWNLOADED_AND_VERIFIED,chirps_meg_2014.06.14.npy,7900,
2014-06-15,DOWNLOADED_AND_VERIFIED,chirps_meg_2014.06.15.npy,7900,
2014-06-16,DOWNLOADED_AND_VERIFIED,chirps_meg_2014.06.16.npy,7900,
2014-06-17,DOWNLOADED_AND_VERIFIED,chirps_meg_2014.06.17.npy,7900,
2014-06-18,DOWNLOADED_AND_VERIFIED,chirps_meg_2014.06.18.npy,7900,
2014-06-19,DOWNLOADED_AND_VERIFIED,chirps_meg_2014.06.19.npy,7900,
2014-06-20,DOWNLOADED_AND_VERIFIED,chirps_meg_2014.06.20.npy,7900,
2014-06-21,DOWNLOADED_AND_VERIFIED,chirps_meg_2014.06.21.npy,7900,
2014-06-22,DOWNLOADED_AND_VERIFIED,chirps_meg_2014.06.22.npy,7900,
2014-06-23,DOWNLOADED_AND_VERIFIED,chirps_meg_2014.06.23.npy,7900,
2014-06-24,DOWNLOADED_AND_VERIFIED,chirps_meg_2014.06.24.npy,7900,
2014-06-25,DOWNLOADED_AND_VERIFIED,chirps_meg_2014.06.25.npy,7900,
2014-06-26,DOWNLOADED_AND_VERIFIED,chirps_meg_2014.06.26.npy,7900,
2014-06-27,DOWNLOADED_AND_VERIFIED,chirps_meg_2014.06.27.npy,7900,
2014-06-28,DOWNLOADED_AND_VERIFIED,chirps_meg_2014.06.28.npy,7900,
2014-06-29,DOWNLOADED_AND_VERIFIED,chirps_meg_2014.06.29.npy,7900,
2014-06-30,DOWNLOADED_AND_VERIFIED,chirps_meg_2014.06.30.npy,7900,
2014-07-01,DOWNLOADED_AND_VERIFIED,chirps_meg_2014.07.01.npy,7900,
2014-07-02,DOWNLOADED_AND_VERIFIED,chirps_meg_2014.07.02.npy,7900,
2014-07-03,DOWNLOADED_AND_VERIFIED,chirps_meg_2014.07.03.npy,7900,
2014-07-04,DOWNLOADED_AND_VERIFIED,chirps_meg_2014.07.04.npy,7900,
2014-07-05,DOWNLOADED_AND_VERIFIED,chirps_meg_2014.07.05.npy,7900,
2014-07-06,DOWNLOADED_AND_VERIFIED,chirps_meg_2014.07.06.npy,7900,
2014-07-07,DOWNLOADED_AND_VERIFIED,chirps_meg_2014.07.07.npy,7900,
2014-07-08,DOWNLOADED_AND_VERIFIED,chirps_meg_2014.07.08.npy,7900,
2014-07-09,DOWNLOADED_AND_VERIFIED,chirps_meg_2014.07.09.npy,7900,
2014-07-10,DOWNLOADED_AND_VERIFIED,chirps_meg_2014.07.10.npy,7900,
2014-07-11,DOWNLOADED_AND_VERIFIED,chirps_meg_2014.07.11.npy,7900,
2014-07-12,DOWNLOADED_AND_VERIFIED,chirps_meg_2014.07.12.npy,7900,
2014-07-13,DOWNLOADED_AND_VERIFIED,chirps_meg_2014.07.13.npy,7900,
2014-07-14,DOWNLOADED_AND_VERIFIED,chirps_meg_2014.07.14.npy,7900,
2014-07-15,DOWNLOADED_AND_VERIFIED,chirps_meg_2014.07.15.npy,7900,
2014-07-16,DOWNLOADED_AND_VERIFIED,chirps_meg_2014.07.16.npy,7900,
2014-07-17,DOWNLOADED_AND_VERIFIED,chirps_meg_2014.07.17.npy,7900,
2014-07-18,DOWNLOADED_AND_VERIFIED,chirps_meg_2014.07.18.npy,7900,
2014-07-19,DOWNLOADED_AND_VERIFIED,chirps_meg_2014.07.19.npy,7900,
2014-07-20,DOWNLOADED_AND_VERIFIED,chirps_meg_2014.07.20.npy,7900,
2014-07-21,DOWNLOADED_AND_VERIFIED,chirps_meg_2014.07.21.npy,7900,
2014-07-22,DOWNLOADED_AND_VERIFIED,chirps_meg_2014.07.22.npy,7900,
2014-07-23,DOWNLOADED_AND_VERIFIED,chirps_meg_2014.07.23.npy,7900,
2014-07-24,DOWNLOADED_AND_VERIFIED,chirps_meg_2014.07.24.npy,7900,
2014-07-25,ALREADY_PRESENT,chirps_meg_2014.07.25.npy,7900,
2014-07-26,ALREADY_PRESENT,chirps_meg_2014.07.26.npy,7900,
2014-07-27,ALREADY_PRESENT,chirps_meg_2014.07.27.npy,7900,
2014-07-28,ALREADY_PRESENT,chirps_meg_2014.07.28.npy,7900,
2014-07-29,ALREADY_PRESENT,chirps_meg_2014.07.29.npy,7900,
2014-07-30,ALREADY_PRESENT,chirps_meg_2014.07.30.npy,7900,
2014-07-31,ALREADY_PRESENT,chirps_meg_2014.07.31.npy,7900,
2014-08-01,ALREADY_PRESENT,chirps_meg_2014.08.01.npy,7900,
2014-08-02,ALREADY_PRESENT,chirps_meg_2014.08.02.npy,7900,
2014-08-03,ALREADY_PRESENT,chirps_meg_2014.08.03.npy,7900,
2014-08-04,ALREADY_PRESENT,chirps_meg_2014.08.04.npy,7900,
2014-08-05,ALREADY_PRESENT,chirps_meg_2014.08.05.npy,7900,
2014-08-06,ALREADY_PRESENT,chirps_meg_2014.08.06.npy,7900,
2014-08-07,ALREADY_PRESENT,chirps_meg_2014.08.07.npy,7900,
2014-08-08,ALREADY_PRESENT,chirps_meg_2014.08.08.npy,7900,
2014-08-09,ALREADY_PRESENT,chirps_meg_2014.08.09.npy,7900,
2014-08-10,ALREADY_PRESENT,chirps_meg_2014.08.10.npy,7900,
2014-08-11,ALREADY_PRESENT,chirps_meg_2014.08.11.npy,7900,
2014-08-12,ALREADY_PRESENT,chirps_meg_2014.08.12.npy,7900,
2014-08-13,ALREADY_PRESENT,chirps_meg_2014.08.13.npy,7900,
2014-08-14,ALREADY_PRESENT,chirps_meg_2014.08.14.npy,7900,
2014-08-15,ALREADY_PRESENT,chirps_meg_2014.08.15.npy,7900,
2014-08-16,ALREADY_PRESENT,chirps_meg_2014.08.16.npy,7900,
2014-08-17,ALREADY_PRESENT,chirps_meg_2014.08.17.npy,7900,
2014-08-18,ALREADY_PRESENT,chirps_meg_2014.08.18.npy,7900,
2014-08-19,ALREADY_PRESENT,chirps_meg_2014.08.19.npy,7900,
2014-08-20,ALREADY_PRESENT,chirps_meg_2014.08.20.npy,7900,
2014-08-21,ALREADY_PRESENT,chirps_meg_2014.08.21.npy,7900,
2014-08-22,ALREADY_PRESENT,chirps_meg_2014.08.22.npy,7900,
2014-08-23,ALREADY_PRESENT,chirps_meg_2014.08.23.npy,7900,
2014-08-24,ALREADY_PRESENT,chirps_meg_2014.08.24.npy,7900,
2014-08-25,ALREADY_PRESENT,chirps_meg_2014.08.25.npy,7900,
2014-08-26,ALREADY_PRESENT,chirps_meg_2014.08.26.npy,7900,
2014-08-27,ALREADY_PRESENT,chirps_meg_2014.08.27.npy,7900,
2014-08-28,ALREADY_PRESENT,chirps_meg_2014.08.28.npy,7900,
2014-08-29,ALREADY_PRESENT,chirps_meg_2014.08.29.npy,7900,
2014-08-30,ALREADY_PRESENT,chirps_meg_2014.08.30.npy,7900,
2014-08-31,ALREADY_PRESENT,chirps_meg_2014.08.31.npy,7900,
2014-09-01,ALREADY_PRESENT,chirps_meg_2014.09.01.npy,7900,
2014-09-02,ALREADY_PRESENT,chirps_meg_2014.09.02.npy,7900,
2014-09-03,ALREADY_PRESENT,chirps_meg_2014.09.03.npy,7900,
2014-09-04,ALREADY_PRESENT,chirps_meg_2014.09.04.npy,7900,
2014-09-05,ALREADY_PRESENT,chirps_meg_2014.09.05.npy,7900,
2014-09-06,ALREADY_PRESENT,chirps_meg_2014.09.06.npy,7900,
2014-09-07,ALREADY_PRESENT,chirps_meg_2014.09.07.npy,7900,
2014-09-08,ALREADY_PRESENT,chirps_meg_2014.09.08.npy,7900,
2014-09-09,ALREADY_PRESENT,chirps_meg_2014.09.09.npy,7900,
2014-09-10,ALREADY_PRESENT,chirps_meg_2014.09.10.npy,7900,
2014-09-11,ALREADY_PRESENT,chirps_meg_2014.09.11.npy,7900,
2014-09-12,ALREADY_PRESENT,chirps_meg_2014.09.12.npy,7900,
2014-09-13,ALREADY_PRESENT,chirps_meg_2014.09.13.npy,7900,
2014-09-14,ALREADY_PRESENT,chirps_meg_2014.09.14.npy,7900,
2014-09-15,ALREADY_PRESENT,chirps_meg_2014.09.15.npy,7900,
2014-09-16,ALREADY_PRESENT,chirps_meg_2014.09.16.npy,7900,
2014-09-17,ALREADY_PRESENT,chirps_meg_2014.09.17.npy,7900,
2014-09-18,ALREADY_PRESENT,chirps_meg_2014.09.18.npy,7900,
2014-09-19,ALREADY_PRESENT,chirps_meg_2014.09.19.npy,7900,
2014-09-20,ALREADY_PRESENT,chirps_meg_2014.09.20.npy,7900,
2014-09-21,ALREADY_PRESENT,chirps_meg_2014.09.21.npy,7900,
2014-09-22,ALREADY_PRESENT,chirps_meg_2014.09.22.npy,7900,
2014-09-23,ALREADY_PRESENT,chirps_meg_2014.09.23.npy,7900,
2014-09-24,ALREADY_PRESENT,chirps_meg_2014.09.24.npy,7900,
2014-09-25,DOWNLOADED_AND_VERIFIED,chirps_meg_2014.09.25.npy,7900,
2014-09-26,DOWNLOADED_AND_VERIFIED,chirps_meg_2014.09.26.npy,7900,
2014-09-27,DOWNLOADED_AND_VERIFIED,chirps_meg_2014.09.27.npy,7900,
2014-09-28,DOWNLOADED_AND_VERIFIED,chirps_meg_2014.09.28.npy,7900,
2014-09-29,DOWNLOADED_AND_VERIFIED,chirps_meg_2014.09.29.npy,7900,
2014-09-30,DOWNLOADED_AND_VERIFIED,chirps_meg_2014.09.30.npy,7900,
2014-10-01,DOWNLOADED_AND_VERIFIED,chirps_meg_2014.10.01.npy,7900,
2014-10-02,DOWNLOADED_AND_VERIFIED,chirps_meg_2014.10.02.npy,7900,
2014-10-03,DOWNLOADED_AND_VERIFIED,chirps_meg_2014.10.03.npy,7900,
2014-10-04,DOWNLOADED_AND_VERIFIED,chirps_meg_2014.10.04.npy,7900,
2014-10-05,DOWNLOADED_AND_VERIFIED,chirps_meg_2014.10.05.npy,7900,
2014-10-06,DOWNLOADED_AND_VERIFIED,chirps_meg_2014.10.06.npy,7900,
2014-10-07,DOWNLOADED_AND_VERIFIED,chirps_meg_2014.10.07.npy,7900,
2014-10-08,DOWNLOADED_AND_VERIFIED,chirps_meg_2014.10.08.npy,7900,
2014-10-09,DOWNLOADED_AND_VERIFIED,chirps_meg_2014.10.09.npy,7900,
2014-10-10,DOWNLOADED_AND_VERIFIED,chirps_meg_2014.10.10.npy,7900,
2014-10-11,DOWNLOADED_AND_VERIFIED,chirps_meg_2014.10.11.npy,7900,
2014-10-12,DOWNLOADED_AND_VERIFIED,chirps_meg_2014.10.12.npy,7900,
2014-10-13,DOWNLOADED_AND_VERIFIED,chirps_meg_2014.10.13.npy,7900,
2014-10-14,DOWNLOADED_AND_VERIFIED,chirps_meg_2014.10.14.npy,7900,
2014-10-15,DOWNLOADED_AND_VERIFIED,chirps_meg_2014.10.15.npy,7900,
2014-10-16,DOWNLOADED_AND_VERIFIED,chirps_meg_2014.10.16.npy,7900,
2014-10-17,DOWNLOADED_AND_VERIFIED,chirps_meg_2014.10.17.npy,7900,
2014-10-18,DOWNLOADED_AND_VERIFIED,chirps_meg_2014.10.18.npy,7900,
2014-10-19,DOWNLOADED_AND_VERIFIED,chirps_meg_2014.10.19.npy,7900,
2014-10-20,DOWNLOADED_AND_VERIFIED,chirps_meg_2014.10.20.npy,7900,
2014-10-21,DOWNLOADED_AND_VERIFIED,chirps_meg_2014.10.21.npy,7900,
2014-10-22,DOWNLOADED_AND_VERIFIED,chirps_meg_2014.10.22.npy,7900,
2014-10-23,DOWNLOADED_AND_VERIFIED,chirps_meg_2014.10.23.npy,7900,
2014-10-24,DOWNLOADED_AND_VERIFIED,chirps_meg_2014.10.24.npy,7900,
2014-10-25,DOWNLOADED_AND_VERIFIED,chirps_meg_2014.10.25.npy,7900,
2014-10-26,DOWNLOADED_AND_VERIFIED,chirps_meg_2014.10.26.npy,7900,
2014-10-27,DOWNLOADED_AND_VERIFIED,chirps_meg_2014.10.27.npy,7900,
2014-10-28,DOWNLOADED_AND_VERIFIED,chirps_meg_2014.10.28.npy,7900,
2014-10-29,DOWNLOADED_AND_VERIFIED,chirps_meg_2014.10.29.npy,7900,
2014-10-30,DOWNLOADED_AND_VERIFIED,chirps_meg_2014.10.30.npy,7900,
2014-10-31,DOWNLOADED_AND_VERIFIED,chirps_meg_2014.10.31.npy,7900,
2017-03-01,DOWNLOADED_AND_VERIFIED,chirps_meg_2017.03.01.npy,7900,
2017-03-02,DOWNLOADED_AND_VERIFIED,chirps_meg_2017.03.02.npy,7900,
2017-03-03,DOWNLOADED_AND_VERIFIED,chirps_meg_2017.03.03.npy,7900,
2017-03-04,DOWNLOADED_AND_VERIFIED,chirps_meg_2017.03.04.npy,7900,
2017-03-05,DOWNLOADED_AND_VERIFIED,chirps_meg_2017.03.05.npy,7900,
2017-03-06,DOWNLOADED_AND_VERIFIED,chirps_meg_2017.03.06.npy,7900,
2017-03-07,DOWNLOADED_AND_VERIFIED,chirps_meg_2017.03.07.npy,7900,
2017-03-08,DOWNLOADED_AND_VERIFIED,chirps_meg_2017.03.08.npy,7900,
2017-03-09,DOWNLOADED_AND_VERIFIED,chirps_meg_2017.03.09.npy,7900,
2017-03-10,DOWNLOADED_AND_VERIFIED,chirps_meg_2017.03.10.npy,7900,
2017-03-11,DOWNLOADED_AND_VERIFIED,chirps_meg_2017.03.11.npy,7900,
2017-03-12,DOWNLOADED_AND_VERIFIED,chirps_meg_2017.03.12.npy,7900,
2017-03-13,DOWNLOADED_AND_VERIFIED,chirps_meg_2017.03.13.npy,7900,
2017-03-14,DOWNLOADED_AND_VERIFIED,chirps_meg_2017.03.14.npy,7900,
2017-03-15,DOWNLOADED_AND_VERIFIED,chirps_meg_2017.03.15.npy,7900,
2017-03-16,DOWNLOADED_AND_VERIFIED,chirps_meg_2017.03.16.npy,7900,
2017-03-17,DOWNLOADED_AND_VERIFIED,chirps_meg_2017.03.17.npy,7900,
2017-03-18,DOWNLOADED_AND_VERIFIED,chirps_meg_2017.03.18.npy,7900,
2017-03-19,DOWNLOADED_AND_VERIFIED,chirps_meg_2017.03.19.npy,7900,
2017-03-20,DOWNLOADED_AND_VERIFIED,chirps_meg_2017.03.20.npy,7900,
2017-03-21,DOWNLOADED_AND_VERIFIED,chirps_meg_2017.03.21.npy,7900,
2017-03-22,DOWNLOADED_AND_VERIFIED,chirps_meg_2017.03.22.npy,7900,
2017-03-23,DOWNLOADED_AND_VERIFIED,chirps_meg_2017.03.23.npy,7900,
2017-03-24,DOWNLOADED_AND_VERIFIED,chirps_meg_2017.03.24.npy,7900,
2017-03-25,DOWNLOADED_AND_VERIFIED,chirps_meg_2017.03.25.npy,7900,
2017-03-26,DOWNLOADED_AND_VERIFIED,chirps_meg_2017.03.26.npy,7900,
2017-03-27,DOWNLOADED_AND_VERIFIED,chirps_meg_2017.03.27.npy,7900,
2017-03-28,DOWNLOADED_AND_VERIFIED,chirps_meg_2017.03.28.npy,7900,
2017-03-29,DOWNLOADED_AND_VERIFIED,chirps_meg_2017.03.29.npy,7900,
2017-03-30,DOWNLOADED_AND_VERIFIED,chirps_meg_2017.03.30.npy,7900,
2017-03-31,DOWNLOADED_AND_VERIFIED,chirps_meg_2017.03.31.npy,7900,
2017-04-01,DOWNLOADED_AND_VERIFIED,chirps_meg_2017.04.01.npy,7900,
2017-04-02,DOWNLOADED_AND_VERIFIED,chirps_meg_2017.04.02.npy,7900,
2017-04-03,DOWNLOADED_AND_VERIFIED,chirps_meg_2017.04.03.npy,7900,
2017-04-04,DOWNLOADED_AND_VERIFIED,chirps_meg_2017.04.04.npy,7900,
2017-04-05,DOWNLOADED_AND_VERIFIED,chirps_meg_2017.04.05.npy,7900,
2017-04-06,DOWNLOADED_AND_VERIFIED,chirps_meg_2017.04.06.npy,7900,
2017-04-07,DOWNLOADED_AND_VERIFIED,chirps_meg_2017.04.07.npy,7900,
2017-04-08,DOWNLOADED_AND_VERIFIED,chirps_meg_2017.04.08.npy,7900,
2017-04-09,DOWNLOADED_AND_VERIFIED,chirps_meg_2017.04.09.npy,7900,
2017-04-10,DOWNLOADED_AND_VERIFIED,chirps_meg_2017.04.10.npy,7900,
2017-04-11,DOWNLOADED_AND_VERIFIED,chirps_meg_2017.04.11.npy,7900,
2017-04-12,DOWNLOADED_AND_VERIFIED,chirps_meg_2017.04.12.npy,7900,
2017-04-13,DOWNLOADED_AND_VERIFIED,chirps_meg_2017.04.13.npy,7900,
2017-04-14,DOWNLOADED_AND_VERIFIED,chirps_meg_2017.04.14.npy,7900,
2017-04-15,DOWNLOADED_AND_VERIFIED,chirps_meg_2017.04.15.npy,7900,
2017-04-16,DOWNLOADED_AND_VERIFIED,chirps_meg_2017.04.16.npy,7900,
2017-04-17,DOWNLOADED_AND_VERIFIED,chirps_meg_2017.04.17.npy,7900,
2017-04-18,DOWNLOADED_AND_VERIFIED,chirps_meg_2017.04.18.npy,7900,
2017-04-19,DOWNLOADED_AND_VERIFIED,chirps_meg_2017.04.19.npy,7900,
2017-04-20,DOWNLOADED_AND_VERIFIED,chirps_meg_2017.04.20.npy,7900,
2017-04-21,DOWNLOADED_AND_VERIFIED,chirps_meg_2017.04.21.npy,7900,
2017-04-22,DOWNLOADED_AND_VERIFIED,chirps_meg_2017.04.22.npy,7900,
2017-04-23,DOWNLOADED_AND_VERIFIED,chirps_meg_2017.04.23.npy,7900,
2017-04-24,DOWNLOADED_AND_VERIFIED,chirps_meg_2017.04.24.npy,7900,
2017-04-25,DOWNLOADED_AND_VERIFIED,chirps_meg_2017.04.25.npy,7900,
2017-04-26,DOWNLOADED_AND_VERIFIED,chirps_meg_2017.04.26.npy,7900,
2017-04-27,DOWNLOADED_AND_VERIFIED,chirps_meg_2017.04.27.npy,7900,
2017-04-28,DOWNLOADED_AND_VERIFIED,chirps_meg_2017.04.28.npy,7900,
2017-04-29,DOWNLOADED_AND_VERIFIED,chirps_meg_2017.04.29.npy,7900,
2017-04-30,DOWNLOADED_AND_VERIFIED,chirps_meg_2017.04.30.npy,7900,
2017-05-01,DOWNLOADED_AND_VERIFIED,chirps_meg_2017.05.01.npy,7900,
2017-05-02,DOWNLOADED_AND_VERIFIED,chirps_meg_2017.05.02.npy,7900,
2017-05-03,DOWNLOADED_AND_VERIFIED,chirps_meg_2017.05.03.npy,7900,
2017-05-04,DOWNLOADED_AND_VERIFIED,chirps_meg_2017.05.04.npy,7900,
2017-05-05,DOWNLOADED_AND_VERIFIED,chirps_meg_2017.05.05.npy,7900,
2017-05-06,DOWNLOADED_AND_VERIFIED,chirps_meg_2017.05.06.npy,7900,
2017-05-07,DOWNLOADED_AND_VERIFIED,chirps_meg_2017.05.07.npy,7900,
2017-05-08,DOWNLOADED_AND_VERIFIED,chirps_meg_2017.05.08.npy,7900,
2017-05-09,DOWNLOADED_AND_VERIFIED,chirps_meg_2017.05.09.npy,7900,
2017-05-10,DOWNLOADED_AND_VERIFIED,chirps_meg_2017.05.10.npy,7900,
2017-05-11,DOWNLOADED_AND_VERIFIED,chirps_meg_2017.05.11.npy,7900,
2017-05-12,DOWNLOADED_AND_VERIFIED,chirps_meg_2017.05.12.npy,7900,
2017-05-13,DOWNLOADED_AND_VERIFIED,chirps_meg_2017.05.13.npy,7900,
2017-05-14,DOWNLOADED_AND_VERIFIED,chirps_meg_2017.05.14.npy,7900,
2017-05-15,DOWNLOADED_AND_VERIFIED,chirps_meg_2017.05.15.npy,7900,
2017-05-16,DOWNLOADED_AND_VERIFIED,chirps_meg_2017.05.16.npy,7900,
2017-05-17,DOWNLOADED_AND_VERIFIED,chirps_meg_2017.05.17.npy,7900,
2017-05-18,DOWNLOADED_AND_VERIFIED,chirps_meg_2017.05.18.npy,7900,
2017-05-19,ALREADY_PRESENT,chirps_meg_2017.05.19.npy,7900,
2017-05-20,ALREADY_PRESENT,chirps_meg_2017.05.20.npy,7900,
2017-05-21,ALREADY_PRESENT,chirps_meg_2017.05.21.npy,7900,
2017-05-22,ALREADY_PRESENT,chirps_meg_2017.05.22.npy,7900,
2017-05-23,ALREADY_PRESENT,chirps_meg_2017.05.23.npy,7900,
2017-05-24,ALREADY_PRESENT,chirps_meg_2017.05.24.npy,7900,
2017-05-25,ALREADY_PRESENT,chirps_meg_2017.05.25.npy,7900,
2017-05-26,ALREADY_PRESENT,chirps_meg_2017.05.26.npy,7900,
2017-05-27,ALREADY_PRESENT,chirps_meg_2017.05.27.npy,7900,
2017-05-28,ALREADY_PRESENT,chirps_meg_2017.05.28.npy,7900,
2017-05-29,ALREADY_PRESENT,chirps_meg_2017.05.29.npy,7900,
2017-05-30,ALREADY_PRESENT,chirps_meg_2017.05.30.npy,7900,
2017-05-31,ALREADY_PRESENT,chirps_meg_2017.05.31.npy,7900,
2017-06-01,ALREADY_PRESENT,chirps_meg_2017.06.01.npy,7900,
2017-06-02,ALREADY_PRESENT,chirps_meg_2017.06.02.npy,7900,
2017-06-03,ALREADY_PRESENT,chirps_meg_2017.06.03.npy,7900,
2017-06-04,ALREADY_PRESENT,chirps_meg_2017.06.04.npy,7900,
2017-06-05,ALREADY_PRESENT,chirps_meg_2017.06.05.npy,7900,
2017-06-06,ALREADY_PRESENT,chirps_meg_2017.06.06.npy,7900,
2017-06-07,ALREADY_PRESENT,chirps_meg_2017.06.07.npy,7900,
2017-06-08,ALREADY_PRESENT,chirps_meg_2017.06.08.npy,7900,
2017-06-09,ALREADY_PRESENT,chirps_meg_2017.06.09.npy,7900,
2017-06-10,ALREADY_PRESENT,chirps_meg_2017.06.10.npy,7900,
2017-06-11,ALREADY_PRESENT,chirps_meg_2017.06.11.npy,7900,
2017-06-12,ALREADY_PRESENT,chirps_meg_2017.06.12.npy,7900,
2017-06-13,ALREADY_PRESENT,chirps_meg_2017.06.13.npy,7900,
2017-06-14,ALREADY_PRESENT,chirps_meg_2017.06.14.npy,7900,
2017-06-15,ALREADY_PRESENT,chirps_meg_2017.06.15.npy,7900,
2017-06-16,ALREADY_PRESENT,chirps_meg_2017.06.16.npy,7900,
2017-06-17,ALREADY_PRESENT,chirps_meg_2017.06.17.npy,7900,
2017-06-18,DOWNLOADED_AND_VERIFIED,chirps_meg_2017.06.18.npy,7900,
2017-06-19,DOWNLOADED_AND_VERIFIED,chirps_meg_2017.06.19.npy,7900,
2017-06-20,DOWNLOADED_AND_VERIFIED,chirps_meg_2017.06.20.npy,7900,
2017-06-21,DOWNLOADED_AND_VERIFIED,chirps_meg_2017.06.21.npy,7900,
2017-06-22,DOWNLOADED_AND_VERIFIED,chirps_meg_2017.06.22.npy,7900,
2017-06-23,DOWNLOADED_AND_VERIFIED,chirps_meg_2017.06.23.npy,7900,
2017-06-24,DOWNLOADED_AND_VERIFIED,chirps_meg_2017.06.24.npy,7900,
2017-06-25,DOWNLOADED_AND_VERIFIED,chirps_meg_2017.06.25.npy,7900,
2017-06-26,DOWNLOADED_AND_VERIFIED,chirps_meg_2017.06.26.npy,7900,
2017-06-27,DOWNLOADED_AND_VERIFIED,chirps_meg_2017.06.27.npy,7900,
2017-06-28,DOWNLOADED_AND_VERIFIED,chirps_meg_2017.06.28.npy,7900,
2017-06-29,DOWNLOADED_AND_VERIFIED,chirps_meg_2017.06.29.npy,7900,
2017-06-30,DOWNLOADED_AND_VERIFIED,chirps_meg_2017.06.30.npy,7900,
2017-07-01,DOWNLOADED_AND_VERIFIED,chirps_meg_2017.07.01.npy,7900,
2017-07-02,DOWNLOADED_AND_VERIFIED,chirps_meg_2017.07.02.npy,7900,
2017-07-03,DOWNLOADED_AND_VERIFIED,chirps_meg_2017.07.03.npy,7900,
2017-07-04,DOWNLOADED_AND_VERIFIED,chirps_meg_2017.07.04.npy,7900,
2017-07-05,DOWNLOADED_AND_VERIFIED,chirps_meg_2017.07.05.npy,7900,
2017-07-06,DOWNLOADED_AND_VERIFIED,chirps_meg_2017.07.06.npy,7900,
2017-07-07,DOWNLOADED_AND_VERIFIED,chirps_meg_2017.07.07.npy,7900,
2017-07-08,DOWNLOADED_AND_VERIFIED,chirps_meg_2017.07.08.npy,7900,
2017-07-09,DOWNLOADED_AND_VERIFIED,chirps_meg_2017.07.09.npy,7900,
2017-07-10,DOWNLOADED_AND_VERIFIED,chirps_meg_2017.07.10.npy,7900,
2017-07-11,DOWNLOADED_AND_VERIFIED,chirps_meg_2017.07.11.npy,7900,
2017-07-12,DOWNLOADED_AND_VERIFIED,chirps_meg_2017.07.12.npy,7900,
2017-07-13,DOWNLOADED_AND_VERIFIED,chirps_meg_2017.07.13.npy,7900,
2017-07-14,DOWNLOADED_AND_VERIFIED,chirps_meg_2017.07.14.npy,7900,
2017-07-15,DOWNLOADED_AND_VERIFIED,chirps_meg_2017.07.15.npy,7900,
2017-07-16,DOWNLOADED_AND_VERIFIED,chirps_meg_2017.07.16.npy,7900,
2017-07-17,DOWNLOADED_AND_VERIFIED,chirps_meg_2017.07.17.npy,7900,
2017-07-18,DOWNLOADED_AND_VERIFIED,chirps_meg_2017.07.18.npy,7900,
2017-07-19,DOWNLOADED_AND_VERIFIED,chirps_meg_2017.07.19.npy,7900,
2017-07-20,DOWNLOADED_AND_VERIFIED,chirps_meg_2017.07.20.npy,7900,
2017-07-21,DOWNLOADED_AND_VERIFIED,chirps_meg_2017.07.21.npy,7900,
2017-07-22,DOWNLOADED_AND_VERIFIED,chirps_meg_2017.07.22.npy,7900,
2017-07-23,DOWNLOADED_AND_VERIFIED,chirps_meg_2017.07.23.npy,7900,
2017-07-24,DOWNLOADED_AND_VERIFIED,chirps_meg_2017.07.24.npy,7900,
2017-07-25,DOWNLOADED_AND_VERIFIED,chirps_meg_2017.07.25.npy,7900,
2017-07-26,DOWNLOADED_AND_VERIFIED,chirps_meg_2017.07.26.npy,7900,
2017-07-27,DOWNLOADED_AND_VERIFIED,chirps_meg_2017.07.27.npy,7900,
2017-07-28,DOWNLOADED_AND_VERIFIED,chirps_meg_2017.07.28.npy,7900,
2017-07-29,DOWNLOADED_AND_VERIFIED,chirps_meg_2017.07.29.npy,7900,
2017-07-30,DOWNLOADED_AND_VERIFIED,chirps_meg_2017.07.30.npy,7900,
2017-07-31,DOWNLOADED_AND_VERIFIED,chirps_meg_2017.07.31.npy,7900,
2017-08-01,DOWNLOADED_AND_VERIFIED,chirps_meg_2017.08.01.npy,7900,
2017-08-02,DOWNLOADED_AND_VERIFIED,chirps_meg_2017.08.02.npy,7900,
2017-08-03,DOWNLOADED_AND_VERIFIED,chirps_meg_2017.08.03.npy,7900,
2017-08-04,DOWNLOADED_AND_VERIFIED,chirps_meg_2017.08.04.npy,7900,
2017-08-05,DOWNLOADED_AND_VERIFIED,chirps_meg_2017.08.05.npy,7900,
2017-08-06,DOWNLOADED_AND_VERIFIED,chirps_meg_2017.08.06.npy,7900,
2017-08-07,DOWNLOADED_AND_VERIFIED,chirps_meg_2017.08.07.npy,7900,
2017-08-08,DOWNLOADED_AND_VERIFIED,chirps_meg_2017.08.08.npy,7900,
2017-08-09,DOWNLOADED_AND_VERIFIED,chirps_meg_2017.08.09.npy,7900,
2017-08-10,DOWNLOADED_AND_VERIFIED,chirps_meg_2017.08.10.npy,7900,
2017-08-11,DOWNLOADED_AND_VERIFIED,chirps_meg_2017.08.11.npy,7900,
2017-08-12,DOWNLOADED_AND_VERIFIED,chirps_meg_2017.08.12.npy,7900,
2017-08-13,DOWNLOADED_AND_VERIFIED,chirps_meg_2017.08.13.npy,7900,
2017-08-14,DOWNLOADED_AND_VERIFIED,chirps_meg_2017.08.14.npy,7900,
2017-08-15,DOWNLOADED_AND_VERIFIED,chirps_meg_2017.08.15.npy,7900,
2017-08-16,DOWNLOADED_AND_VERIFIED,chirps_meg_2017.08.16.npy,7900,
2017-08-17,DOWNLOADED_AND_VERIFIED,chirps_meg_2017.08.17.npy,7900,
2017-08-18,DOWNLOADED_AND_VERIFIED,chirps_meg_2017.08.18.npy,7900,
2017-08-19,DOWNLOADED_AND_VERIFIED,chirps_meg_2017.08.19.npy,7900,
2017-08-20,DOWNLOADED_AND_VERIFIED,chirps_meg_2017.08.20.npy,7900,
2017-08-21,DOWNLOADED_AND_VERIFIED,chirps_meg_2017.08.21.npy,7900,
2017-08-22,DOWNLOADED_AND_VERIFIED,chirps_meg_2017.08.22.npy,7900,
2017-08-23,DOWNLOADED_AND_VERIFIED,chirps_meg_2017.08.23.npy,7900,
2017-08-24,DOWNLOADED_AND_VERIFIED,chirps_meg_2017.08.24.npy,7900,
2017-08-25,DOWNLOADED_AND_VERIFIED,chirps_meg_2017.08.25.npy,7900,
2017-08-26,DOWNLOADED_AND_VERIFIED,chirps_meg_2017.08.26.npy,7900,
2017-08-27,DOWNLOADED_AND_VERIFIED,chirps_meg_2017.08.27.npy,7900,
2017-08-28,DOWNLOADED_AND_VERIFIED,chirps_meg_2017.08.28.npy,7900,
2017-08-29,DOWNLOADED_AND_VERIFIED,chirps_meg_2017.08.29.npy,7900,
2017-08-30,DOWNLOADED_AND_VERIFIED,chirps_meg_2017.08.30.npy,7900,
2017-08-31,DOWNLOADED_AND_VERIFIED,chirps_meg_2017.08.31.npy,7900,
2017-09-01,DOWNLOADED_AND_VERIFIED,chirps_meg_2017.09.01.npy,7900,
2017-09-02,DOWNLOADED_AND_VERIFIED,chirps_meg_2017.09.02.npy,7900,
2017-09-03,DOWNLOADED_AND_VERIFIED,chirps_meg_2017.09.03.npy,7900,
2017-09-04,DOWNLOADED_AND_VERIFIED,chirps_meg_2017.09.04.npy,7900,
2017-09-05,DOWNLOADED_AND_VERIFIED,chirps_meg_2017.09.05.npy,7900,
2017-09-06,DOWNLOADED_AND_VERIFIED,chirps_meg_2017.09.06.npy,7900,
2017-09-07,DOWNLOADED_AND_VERIFIED,chirps_meg_2017.09.07.npy,7900,
2017-09-08,DOWNLOADED_AND_VERIFIED,chirps_meg_2017.09.08.npy,7900,
2017-09-09,DOWNLOADED_AND_VERIFIED,chirps_meg_2017.09.09.npy,7900,
2017-09-10,DOWNLOADED_AND_VERIFIED,chirps_meg_2017.09.10.npy,7900,
2017-09-11,DOWNLOADED_AND_VERIFIED,chirps_meg_2017.09.11.npy,7900,
2017-09-12,DOWNLOADED_AND_VERIFIED,chirps_meg_2017.09.12.npy,7900,
2017-09-13,DOWNLOADED_AND_VERIFIED,chirps_meg_2017.09.13.npy,7900,
2017-09-14,DOWNLOADED_AND_VERIFIED,chirps_meg_2017.09.14.npy,7900,
2017-09-15,DOWNLOADED_AND_VERIFIED,chirps_meg_2017.09.15.npy,7900,
2017-09-16,DOWNLOADED_AND_VERIFIED,chirps_meg_2017.09.16.npy,7900,
2017-09-17,DOWNLOADED_AND_VERIFIED,chirps_meg_2017.09.17.npy,7900,
2017-09-18,DOWNLOADED_AND_VERIFIED,chirps_meg_2017.09.18.npy,7900,
2017-09-19,DOWNLOADED_AND_VERIFIED,chirps_meg_2017.09.19.npy,7900,
2017-09-20,DOWNLOADED_AND_VERIFIED,chirps_meg_2017.09.20.npy,7900,
2017-09-21,DOWNLOADED_AND_VERIFIED,chirps_meg_2017.09.21.npy,7900,
2017-09-22,DOWNLOADED_AND_VERIFIED,chirps_meg_2017.09.22.npy,7900,
2017-09-23,DOWNLOADED_AND_VERIFIED,chirps_meg_2017.09.23.npy,7900,
2017-09-24,DOWNLOADED_AND_VERIFIED,chirps_meg_2017.09.24.npy,7900,
2017-09-25,DOWNLOADED_AND_VERIFIED,chirps_meg_2017.09.25.npy,7900,
2017-09-26,DOWNLOADED_AND_VERIFIED,chirps_meg_2017.09.26.npy,7900,
2017-09-27,DOWNLOADED_AND_VERIFIED,chirps_meg_2017.09.27.npy,7900,
2017-09-28,DOWNLOADED_AND_VERIFIED,chirps_meg_2017.09.28.npy,7900,
2017-09-29,DOWNLOADED_AND_VERIFIED,chirps_meg_2017.09.29.npy,7900,
2017-09-30,DOWNLOADED_AND_VERIFIED,chirps_meg_2017.09.30.npy,7900,
2017-10-01,DOWNLOADED_AND_VERIFIED,chirps_meg_2017.10.01.npy,7900,
2017-10-02,DOWNLOADED_AND_VERIFIED,chirps_meg_2017.10.02.npy,7900,
2017-10-03,DOWNLOADED_AND_VERIFIED,chirps_meg_2017.10.03.npy,7900,
2017-10-04,DOWNLOADED_AND_VERIFIED,chirps_meg_2017.10.04.npy,7900,
2017-10-05,DOWNLOADED_AND_VERIFIED,chirps_meg_2017.10.05.npy,7900,
2017-10-06,DOWNLOADED_AND_VERIFIED,chirps_meg_2017.10.06.npy,7900,
2017-10-07,DOWNLOADED_AND_VERIFIED,chirps_meg_2017.10.07.npy,7900,
2017-10-08,DOWNLOADED_AND_VERIFIED,chirps_meg_2017.10.08.npy,7900,
2017-10-09,DOWNLOADED_AND_VERIFIED,chirps_meg_2017.10.09.npy,7900,
2017-10-10,DOWNLOADED_AND_VERIFIED,chirps_meg_2017.10.10.npy,7900,
2017-10-11,DOWNLOADED_AND_VERIFIED,chirps_meg_2017.10.11.npy,7900,
2017-10-12,DOWNLOADED_AND_VERIFIED,chirps_meg_2017.10.12.npy,7900,
2017-10-13,DOWNLOADED_AND_VERIFIED,chirps_meg_2017.10.13.npy,7900,
2017-10-14,DOWNLOADED_AND_VERIFIED,chirps_meg_2017.10.14.npy,7900,
2017-10-15,DOWNLOADED_AND_VERIFIED,chirps_meg_2017.10.15.npy,7900,
2017-10-16,DOWNLOADED_AND_VERIFIED,chirps_meg_2017.10.16.npy,7900,
2017-10-17,DOWNLOADED_AND_VERIFIED,chirps_meg_2017.10.17.npy,7900,
2017-10-18,DOWNLOADED_AND_VERIFIED,chirps_meg_2017.10.18.npy,7900,
2017-10-19,DOWNLOADED_AND_VERIFIED,chirps_meg_2017.10.19.npy,7900,
2017-10-20,DOWNLOADED_AND_VERIFIED,chirps_meg_2017.10.20.npy,7900,
2017-10-21,DOWNLOADED_AND_VERIFIED,chirps_meg_2017.10.21.npy,7900,
2017-10-22,DOWNLOADED_AND_VERIFIED,chirps_meg_2017.10.22.npy,7900,
2017-10-23,DOWNLOADED_AND_VERIFIED,chirps_meg_2017.10.23.npy,7900,
2017-10-24,DOWNLOADED_AND_VERIFIED,chirps_meg_2017.10.24.npy,7900,
2017-10-25,DOWNLOADED_AND_VERIFIED,chirps_meg_2017.10.25.npy,7900,
2017-10-26,DOWNLOADED_AND_VERIFIED,chirps_meg_2017.10.26.npy,7900,
2017-10-27,DOWNLOADED_AND_VERIFIED,chirps_meg_2017.10.27.npy,7900,
2017-10-28,DOWNLOADED_AND_VERIFIED,chirps_meg_2017.10.28.npy,7900,
2017-10-29,DOWNLOADED_AND_VERIFIED,chirps_meg_2017.10.29.npy,7900,
2017-10-30,DOWNLOADED_AND_VERIFIED,chirps_meg_2017.10.30.npy,7900,
2017-10-31,DOWNLOADED_AND_VERIFIED,chirps_meg_2017.10.31.npy,7900,
2018-03-01,DOWNLOADED_AND_VERIFIED,chirps_meg_2018.03.01.npy,7900,
2018-03-02,DOWNLOADED_AND_VERIFIED,chirps_meg_2018.03.02.npy,7900,
2018-03-03,DOWNLOADED_AND_VERIFIED,chirps_meg_2018.03.03.npy,7900,
2018-03-04,DOWNLOADED_AND_VERIFIED,chirps_meg_2018.03.04.npy,7900,
2018-03-05,DOWNLOADED_AND_VERIFIED,chirps_meg_2018.03.05.npy,7900,
2018-03-06,DOWNLOADED_AND_VERIFIED,chirps_meg_2018.03.06.npy,7900,
2018-03-07,DOWNLOADED_AND_VERIFIED,chirps_meg_2018.03.07.npy,7900,
2018-03-08,DOWNLOADED_AND_VERIFIED,chirps_meg_2018.03.08.npy,7900,
2018-03-09,DOWNLOADED_AND_VERIFIED,chirps_meg_2018.03.09.npy,7900,
2018-03-10,DOWNLOADED_AND_VERIFIED,chirps_meg_2018.03.10.npy,7900,
2018-03-11,DOWNLOADED_AND_VERIFIED,chirps_meg_2018.03.11.npy,7900,
2018-03-12,DOWNLOADED_AND_VERIFIED,chirps_meg_2018.03.12.npy,7900,
2018-03-13,DOWNLOADED_AND_VERIFIED,chirps_meg_2018.03.13.npy,7900,
2018-03-14,DOWNLOADED_AND_VERIFIED,chirps_meg_2018.03.14.npy,7900,
2018-03-15,DOWNLOADED_AND_VERIFIED,chirps_meg_2018.03.15.npy,7900,
2018-03-16,DOWNLOADED_AND_VERIFIED,chirps_meg_2018.03.16.npy,7900,
2018-03-17,DOWNLOADED_AND_VERIFIED,chirps_meg_2018.03.17.npy,7900,
2018-03-18,DOWNLOADED_AND_VERIFIED,chirps_meg_2018.03.18.npy,7900,
2018-03-19,DOWNLOADED_AND_VERIFIED,chirps_meg_2018.03.19.npy,7900,
2018-03-20,DOWNLOADED_AND_VERIFIED,chirps_meg_2018.03.20.npy,7900,
2018-03-21,DOWNLOADED_AND_VERIFIED,chirps_meg_2018.03.21.npy,7900,
2018-03-22,DOWNLOADED_AND_VERIFIED,chirps_meg_2018.03.22.npy,7900,
2018-03-23,DOWNLOADED_AND_VERIFIED,chirps_meg_2018.03.23.npy,7900,
2018-03-24,DOWNLOADED_AND_VERIFIED,chirps_meg_2018.03.24.npy,7900,
2018-03-25,DOWNLOADED_AND_VERIFIED,chirps_meg_2018.03.25.npy,7900,
2018-03-26,DOWNLOADED_AND_VERIFIED,chirps_meg_2018.03.26.npy,7900,
2018-03-27,DOWNLOADED_AND_VERIFIED,chirps_meg_2018.03.27.npy,7900,
2018-03-28,DOWNLOADED_AND_VERIFIED,chirps_meg_2018.03.28.npy,7900,
2018-03-29,DOWNLOADED_AND_VERIFIED,chirps_meg_2018.03.29.npy,7900,
2018-03-30,DOWNLOADED_AND_VERIFIED,chirps_meg_2018.03.30.npy,7900,
2018-03-31,DOWNLOADED_AND_VERIFIED,chirps_meg_2018.03.31.npy,7900,
2018-04-01,DOWNLOADED_AND_VERIFIED,chirps_meg_2018.04.01.npy,7900,
2018-04-02,DOWNLOADED_AND_VERIFIED,chirps_meg_2018.04.02.npy,7900,
2018-04-03,DOWNLOADED_AND_VERIFIED,chirps_meg_2018.04.03.npy,7900,
2018-04-04,DOWNLOADED_AND_VERIFIED,chirps_meg_2018.04.04.npy,7900,
2018-04-05,DOWNLOADED_AND_VERIFIED,chirps_meg_2018.04.05.npy,7900,
2018-04-06,DOWNLOADED_AND_VERIFIED,chirps_meg_2018.04.06.npy,7900,
2018-04-07,DOWNLOADED_AND_VERIFIED,chirps_meg_2018.04.07.npy,7900,
2018-04-08,ALREADY_PRESENT,chirps_meg_2018.04.08.npy,7900,
2018-04-09,ALREADY_PRESENT,chirps_meg_2018.04.09.npy,7900,
2018-04-10,ALREADY_PRESENT,chirps_meg_2018.04.10.npy,7900,
2018-04-11,ALREADY_PRESENT,chirps_meg_2018.04.11.npy,7900,
2018-04-12,ALREADY_PRESENT,chirps_meg_2018.04.12.npy,7900,
2018-04-13,ALREADY_PRESENT,chirps_meg_2018.04.13.npy,7900,
2018-04-14,ALREADY_PRESENT,chirps_meg_2018.04.14.npy,7900,
2018-04-15,ALREADY_PRESENT,chirps_meg_2018.04.15.npy,7900,
2018-04-16,ALREADY_PRESENT,chirps_meg_2018.04.16.npy,7900,
2018-04-17,ALREADY_PRESENT,chirps_meg_2018.04.17.npy,7900,
2018-04-18,ALREADY_PRESENT,chirps_meg_2018.04.18.npy,7900,
2018-04-19,ALREADY_PRESENT,chirps_meg_2018.04.19.npy,7900,
2018-04-20,ALREADY_PRESENT,chirps_meg_2018.04.20.npy,7900,
2018-04-21,ALREADY_PRESENT,chirps_meg_2018.04.21.npy,7900,
2018-04-22,ALREADY_PRESENT,chirps_meg_2018.04.22.npy,7900,
2018-04-23,ALREADY_PRESENT,chirps_meg_2018.04.23.npy,7900,
2018-04-24,ALREADY_PRESENT,chirps_meg_2018.04.24.npy,7900,
2018-04-25,ALREADY_PRESENT,chirps_meg_2018.04.25.npy,7900,
2018-04-26,ALREADY_PRESENT,chirps_meg_2018.04.26.npy,7900,
2018-04-27,ALREADY_PRESENT,chirps_meg_2018.04.27.npy,7900,
2018-04-28,ALREADY_PRESENT,chirps_meg_2018.04.28.npy,7900,
2018-04-29,ALREADY_PRESENT,chirps_meg_2018.04.29.npy,7900,
2018-04-30,ALREADY_PRESENT,chirps_meg_2018.04.30.npy,7900,
2018-05-01,ALREADY_PRESENT,chirps_meg_2018.05.01.npy,7900,
2018-05-02,ALREADY_PRESENT,chirps_meg_2018.05.02.npy,7900,
2018-05-03,ALREADY_PRESENT,chirps_meg_2018.05.03.npy,7900,
2018-05-04,ALREADY_PRESENT,chirps_meg_2018.05.04.npy,7900,
2018-05-05,ALREADY_PRESENT,chirps_meg_2018.05.05.npy,7900,
2018-05-06,ALREADY_PRESENT,chirps_meg_2018.05.06.npy,7900,
2018-05-07,ALREADY_PRESENT,chirps_meg_2018.05.07.npy,7900,
2018-05-08,DOWNLOADED_AND_VERIFIED,chirps_meg_2018.05.08.npy,7900,
2018-05-09,DOWNLOADED_AND_VERIFIED,chirps_meg_2018.05.09.npy,7900,
2018-05-10,DOWNLOADED_AND_VERIFIED,chirps_meg_2018.05.10.npy,7900,
2018-05-11,DOWNLOADED_AND_VERIFIED,chirps_meg_2018.05.11.npy,7900,
2018-05-12,DOWNLOADED_AND_VERIFIED,chirps_meg_2018.05.12.npy,7900,
2018-05-13,DOWNLOADED_AND_VERIFIED,chirps_meg_2018.05.13.npy,7900,
2018-05-14,DOWNLOADED_AND_VERIFIED,chirps_meg_2018.05.14.npy,7900,
2018-05-15,DOWNLOADED_AND_VERIFIED,chirps_meg_2018.05.15.npy,7900,
2018-05-16,DOWNLOADED_AND_VERIFIED,chirps_meg_2018.05.16.npy,7900,
2018-05-17,DOWNLOADED_AND_VERIFIED,chirps_meg_2018.05.17.npy,7900,
2018-05-18,DOWNLOADED_AND_VERIFIED,chirps_meg_2018.05.18.npy,7900,
2018-05-19,DOWNLOADED_AND_VERIFIED,chirps_meg_2018.05.19.npy,7900,
2018-05-20,DOWNLOADED_AND_VERIFIED,chirps_meg_2018.05.20.npy,7900,
2018-05-21,DOWNLOADED_AND_VERIFIED,chirps_meg_2018.05.21.npy,7900,
2018-05-22,DOWNLOADED_AND_VERIFIED,chirps_meg_2018.05.22.npy,7900,
2018-05-23,DOWNLOADED_AND_VERIFIED,chirps_meg_2018.05.23.npy,7900,
2018-05-24,DOWNLOADED_AND_VERIFIED,chirps_meg_2018.05.24.npy,7900,
2018-05-25,DOWNLOADED_AND_VERIFIED,chirps_meg_2018.05.25.npy,7900,
2018-05-26,DOWNLOADED_AND_VERIFIED,chirps_meg_2018.05.26.npy,7900,
2018-05-27,DOWNLOADED_AND_VERIFIED,chirps_meg_2018.05.27.npy,7900,
2018-05-28,DOWNLOADED_AND_VERIFIED,chirps_meg_2018.05.28.npy,7900,
2018-05-29,DOWNLOADED_AND_VERIFIED,chirps_meg_2018.05.29.npy,7900,
2018-05-30,DOWNLOADED_AND_VERIFIED,chirps_meg_2018.05.30.npy,7900,
2018-05-31,DOWNLOADED_AND_VERIFIED,chirps_meg_2018.05.31.npy,7900,
2018-06-01,DOWNLOADED_AND_VERIFIED,chirps_meg_2018.06.01.npy,7900,
2018-06-02,DOWNLOADED_AND_VERIFIED,chirps_meg_2018.06.02.npy,7900,
2018-06-03,DOWNLOADED_AND_VERIFIED,chirps_meg_2018.06.03.npy,7900,
2018-06-04,DOWNLOADED_AND_VERIFIED,chirps_meg_2018.06.04.npy,7900,
2018-06-05,DOWNLOADED_AND_VERIFIED,chirps_meg_2018.06.05.npy,7900,
2018-06-06,DOWNLOADED_AND_VERIFIED,chirps_meg_2018.06.06.npy,7900,
2018-06-07,DOWNLOADED_AND_VERIFIED,chirps_meg_2018.06.07.npy,7900,
2018-06-08,DOWNLOADED_AND_VERIFIED,chirps_meg_2018.06.08.npy,7900,
2018-06-09,DOWNLOADED_AND_VERIFIED,chirps_meg_2018.06.09.npy,7900,
2018-06-10,DOWNLOADED_AND_VERIFIED,chirps_meg_2018.06.10.npy,7900,
2018-06-11,DOWNLOADED_AND_VERIFIED,chirps_meg_2018.06.11.npy,7900,
2018-06-12,DOWNLOADED_AND_VERIFIED,chirps_meg_2018.06.12.npy,7900,
2018-06-13,DOWNLOADED_AND_VERIFIED,chirps_meg_2018.06.13.npy,7900,
2018-06-14,DOWNLOADED_AND_VERIFIED,chirps_meg_2018.06.14.npy,7900,
2018-06-15,DOWNLOADED_AND_VERIFIED,chirps_meg_2018.06.15.npy,7900,
2018-06-16,DOWNLOADED_AND_VERIFIED,chirps_meg_2018.06.16.npy,7900,
2018-06-17,DOWNLOADED_AND_VERIFIED,chirps_meg_2018.06.17.npy,7900,
2018-06-18,DOWNLOADED_AND_VERIFIED,chirps_meg_2018.06.18.npy,7900,
2018-06-19,DOWNLOADED_AND_VERIFIED,chirps_meg_2018.06.19.npy,7900,
2018-06-20,DOWNLOADED_AND_VERIFIED,chirps_meg_2018.06.20.npy,7900,
2018-06-21,DOWNLOADED_AND_VERIFIED,chirps_meg_2018.06.21.npy,7900,
2018-06-22,DOWNLOADED_AND_VERIFIED,chirps_meg_2018.06.22.npy,7900,
2018-06-23,DOWNLOADED_AND_VERIFIED,chirps_meg_2018.06.23.npy,7900,
2018-06-24,DOWNLOADED_AND_VERIFIED,chirps_meg_2018.06.24.npy,7900,
2018-06-25,DOWNLOADED_AND_VERIFIED,chirps_meg_2018.06.25.npy,7900,
2018-06-26,DOWNLOADED_AND_VERIFIED,chirps_meg_2018.06.26.npy,7900,
2018-06-27,DOWNLOADED_AND_VERIFIED,chirps_meg_2018.06.27.npy,7900,
2018-06-28,DOWNLOADED_AND_VERIFIED,chirps_meg_2018.06.28.npy,7900,
2018-06-29,DOWNLOADED_AND_VERIFIED,chirps_meg_2018.06.29.npy,7900,
2018-06-30,DOWNLOADED_AND_VERIFIED,chirps_meg_2018.06.30.npy,7900,
2018-07-01,DOWNLOADED_AND_VERIFIED,chirps_meg_2018.07.01.npy,7900,
2018-07-02,DOWNLOADED_AND_VERIFIED,chirps_meg_2018.07.02.npy,7900,
2018-07-03,DOWNLOADED_AND_VERIFIED,chirps_meg_2018.07.03.npy,7900,
2018-07-04,DOWNLOADED_AND_VERIFIED,chirps_meg_2018.07.04.npy,7900,
2018-07-05,DOWNLOADED_AND_VERIFIED,chirps_meg_2018.07.05.npy,7900,
2018-07-06,DOWNLOADED_AND_VERIFIED,chirps_meg_2018.07.06.npy,7900,
2018-07-07,DOWNLOADED_AND_VERIFIED,chirps_meg_2018.07.07.npy,7900,
2018-07-08,DOWNLOADED_AND_VERIFIED,chirps_meg_2018.07.08.npy,7900,
2018-07-09,DOWNLOADED_AND_VERIFIED,chirps_meg_2018.07.09.npy,7900,
2018-07-10,DOWNLOADED_AND_VERIFIED,chirps_meg_2018.07.10.npy,7900,
2018-07-11,DOWNLOADED_AND_VERIFIED,chirps_meg_2018.07.11.npy,7900,
2018-07-12,DOWNLOADED_AND_VERIFIED,chirps_meg_2018.07.12.npy,7900,
2018-07-13,DOWNLOADED_AND_VERIFIED,chirps_meg_2018.07.13.npy,7900,
2018-07-14,DOWNLOADED_AND_VERIFIED,chirps_meg_2018.07.14.npy,7900,
2018-07-15,DOWNLOADED_AND_VERIFIED,chirps_meg_2018.07.15.npy,7900,
2018-07-16,DOWNLOADED_AND_VERIFIED,chirps_meg_2018.07.16.npy,7900,
2018-07-17,DOWNLOADED_AND_VERIFIED,chirps_meg_2018.07.17.npy,7900,
2018-07-18,DOWNLOADED_AND_VERIFIED,chirps_meg_2018.07.18.npy,7900,
2018-07-19,DOWNLOADED_AND_VERIFIED,chirps_meg_2018.07.19.npy,7900,
2018-07-20,DOWNLOADED_AND_VERIFIED,chirps_meg_2018.07.20.npy,7900,
2018-07-21,DOWNLOADED_AND_VERIFIED,chirps_meg_2018.07.21.npy,7900,
2018-07-22,DOWNLOADED_AND_VERIFIED,chirps_meg_2018.07.22.npy,7900,
2018-07-23,DOWNLOADED_AND_VERIFIED,chirps_meg_2018.07.23.npy,7900,
2018-07-24,DOWNLOADED_AND_VERIFIED,chirps_meg_2018.07.24.npy,7900,
2018-07-25,DOWNLOADED_AND_VERIFIED,chirps_meg_2018.07.25.npy,7900,
2018-07-26,DOWNLOADED_AND_VERIFIED,chirps_meg_2018.07.26.npy,7900,
2018-07-27,DOWNLOADED_AND_VERIFIED,chirps_meg_2018.07.27.npy,7900,
2018-07-28,DOWNLOADED_AND_VERIFIED,chirps_meg_2018.07.28.npy,7900,
2018-07-29,DOWNLOADED_AND_VERIFIED,chirps_meg_2018.07.29.npy,7900,
2018-07-30,DOWNLOADED_AND_VERIFIED,chirps_meg_2018.07.30.npy,7900,
2018-07-31,DOWNLOADED_AND_VERIFIED,chirps_meg_2018.07.31.npy,7900,
2018-08-01,DOWNLOADED_AND_VERIFIED,chirps_meg_2018.08.01.npy,7900,
2018-08-02,DOWNLOADED_AND_VERIFIED,chirps_meg_2018.08.02.npy,7900,
2018-08-03,DOWNLOADED_AND_VERIFIED,chirps_meg_2018.08.03.npy,7900,
2018-08-04,DOWNLOADED_AND_VERIFIED,chirps_meg_2018.08.04.npy,7900,
2018-08-05,DOWNLOADED_AND_VERIFIED,chirps_meg_2018.08.05.npy,7900,
2018-08-06,DOWNLOADED_AND_VERIFIED,chirps_meg_2018.08.06.npy,7900,
2018-08-07,DOWNLOADED_AND_VERIFIED,chirps_meg_2018.08.07.npy,7900,
2018-08-08,DOWNLOADED_AND_VERIFIED,chirps_meg_2018.08.08.npy,7900,
2018-08-09,DOWNLOADED_AND_VERIFIED,chirps_meg_2018.08.09.npy,7900,
2018-08-10,DOWNLOADED_AND_VERIFIED,chirps_meg_2018.08.10.npy,7900,
2018-08-11,DOWNLOADED_AND_VERIFIED,chirps_meg_2018.08.11.npy,7900,
2018-08-12,DOWNLOADED_AND_VERIFIED,chirps_meg_2018.08.12.npy,7900,
2018-08-13,DOWNLOADED_AND_VERIFIED,chirps_meg_2018.08.13.npy,7900,
2018-08-14,DOWNLOADED_AND_VERIFIED,chirps_meg_2018.08.14.npy,7900,
2018-08-15,DOWNLOADED_AND_VERIFIED,chirps_meg_2018.08.15.npy,7900,
2018-08-16,DOWNLOADED_AND_VERIFIED,chirps_meg_2018.08.16.npy,7900,
2018-08-17,DOWNLOADED_AND_VERIFIED,chirps_meg_2018.08.17.npy,7900,
2018-08-18,DOWNLOADED_AND_VERIFIED,chirps_meg_2018.08.18.npy,7900,
2018-08-19,DOWNLOADED_AND_VERIFIED,chirps_meg_2018.08.19.npy,7900,
2018-08-20,DOWNLOADED_AND_VERIFIED,chirps_meg_2018.08.20.npy,7900,
2018-08-21,DOWNLOADED_AND_VERIFIED,chirps_meg_2018.08.21.npy,7900,
2018-08-22,DOWNLOADED_AND_VERIFIED,chirps_meg_2018.08.22.npy,7900,
2018-08-23,DOWNLOADED_AND_VERIFIED,chirps_meg_2018.08.23.npy,7900,
2018-08-24,DOWNLOADED_AND_VERIFIED,chirps_meg_2018.08.24.npy,7900,
2018-08-25,DOWNLOADED_AND_VERIFIED,chirps_meg_2018.08.25.npy,7900,
2018-08-26,DOWNLOADED_AND_VERIFIED,chirps_meg_2018.08.26.npy,7900,
2018-08-27,DOWNLOADED_AND_VERIFIED,chirps_meg_2018.08.27.npy,7900,
2018-08-28,DOWNLOADED_AND_VERIFIED,chirps_meg_2018.08.28.npy,7900,
2018-08-29,DOWNLOADED_AND_VERIFIED,chirps_meg_2018.08.29.npy,7900,
2018-08-30,DOWNLOADED_AND_VERIFIED,chirps_meg_2018.08.30.npy,7900,
2018-08-31,DOWNLOADED_AND_VERIFIED,chirps_meg_2018.08.31.npy,7900,
2018-09-01,DOWNLOADED_AND_VERIFIED,chirps_meg_2018.09.01.npy,7900,
2018-09-02,DOWNLOADED_AND_VERIFIED,chirps_meg_2018.09.02.npy,7900,
2018-09-03,DOWNLOADED_AND_VERIFIED,chirps_meg_2018.09.03.npy,7900,
2018-09-04,DOWNLOADED_AND_VERIFIED,chirps_meg_2018.09.04.npy,7900,
2018-09-05,DOWNLOADED_AND_VERIFIED,chirps_meg_2018.09.05.npy,7900,
2018-09-06,DOWNLOADED_AND_VERIFIED,chirps_meg_2018.09.06.npy,7900,
2018-09-07,DOWNLOADED_AND_VERIFIED,chirps_meg_2018.09.07.npy,7900,
2018-09-08,DOWNLOADED_AND_VERIFIED,chirps_meg_2018.09.08.npy,7900,
2018-09-09,DOWNLOADED_AND_VERIFIED,chirps_meg_2018.09.09.npy,7900,
2018-09-10,DOWNLOADED_AND_VERIFIED,chirps_meg_2018.09.10.npy,7900,
2018-09-11,DOWNLOADED_AND_VERIFIED,chirps_meg_2018.09.11.npy,7900,
2018-09-12,DOWNLOADED_AND_VERIFIED,chirps_meg_2018.09.12.npy,7900,
2018-09-13,DOWNLOADED_AND_VERIFIED,chirps_meg_2018.09.13.npy,7900,
2018-09-14,DOWNLOADED_AND_VERIFIED,chirps_meg_2018.09.14.npy,7900,
2018-09-15,DOWNLOADED_AND_VERIFIED,chirps_meg_2018.09.15.npy,7900,
2018-09-16,DOWNLOADED_AND_VERIFIED,chirps_meg_2018.09.16.npy,7900,
2018-09-17,DOWNLOADED_AND_VERIFIED,chirps_meg_2018.09.17.npy,7900,
2018-09-18,DOWNLOADED_AND_VERIFIED,chirps_meg_2018.09.18.npy,7900,
2018-09-19,DOWNLOADED_AND_VERIFIED,chirps_meg_2018.09.19.npy,7900,
2018-09-20,DOWNLOADED_AND_VERIFIED,chirps_meg_2018.09.20.npy,7900,
2018-09-21,DOWNLOADED_AND_VERIFIED,chirps_meg_2018.09.21.npy,7900,
2018-09-22,DOWNLOADED_AND_VERIFIED,chirps_meg_2018.09.22.npy,7900,
2018-09-23,DOWNLOADED_AND_VERIFIED,chirps_meg_2018.09.23.npy,7900,
2018-09-24,DOWNLOADED_AND_VERIFIED,chirps_meg_2018.09.24.npy,7900,
2018-09-25,DOWNLOADED_AND_VERIFIED,chirps_meg_2018.09.25.npy,7900,
2018-09-26,DOWNLOADED_AND_VERIFIED,chirps_meg_2018.09.26.npy,7900,
2018-09-27,DOWNLOADED_AND_VERIFIED,chirps_meg_2018.09.27.npy,7900,
2018-09-28,DOWNLOADED_AND_VERIFIED,chirps_meg_2018.09.28.npy,7900,
2018-09-29,DOWNLOADED_AND_VERIFIED,chirps_meg_2018.09.29.npy,7900,
2018-09-30,DOWNLOADED_AND_VERIFIED,chirps_meg_2018.09.30.npy,7900,
2018-10-01,DOWNLOADED_AND_VERIFIED,chirps_meg_2018.10.01.npy,7900,
2018-10-02,DOWNLOADED_AND_VERIFIED,chirps_meg_2018.10.02.npy,7900,
2018-10-03,DOWNLOADED_AND_VERIFIED,chirps_meg_2018.10.03.npy,7900,
2018-10-04,DOWNLOADED_AND_VERIFIED,chirps_meg_2018.10.04.npy,7900,
2018-10-05,DOWNLOADED_AND_VERIFIED,chirps_meg_2018.10.05.npy,7900,
2018-10-06,DOWNLOADED_AND_VERIFIED,chirps_meg_2018.10.06.npy,7900,
2018-10-07,DOWNLOADED_AND_VERIFIED,chirps_meg_2018.10.07.npy,7900,
2018-10-08,DOWNLOADED_AND_VERIFIED,chirps_meg_2018.10.08.npy,7900,
2018-10-09,DOWNLOADED_AND_VERIFIED,chirps_meg_2018.10.09.npy,7900,
2018-10-10,DOWNLOADED_AND_VERIFIED,chirps_meg_2018.10.10.npy,7900,
2018-10-11,DOWNLOADED_AND_VERIFIED,chirps_meg_2018.10.11.npy,7900,
2018-10-12,DOWNLOADED_AND_VERIFIED,chirps_meg_2018.10.12.npy,7900,
2018-10-13,DOWNLOADED_AND_VERIFIED,chirps_meg_2018.10.13.npy,7900,
2018-10-14,DOWNLOADED_AND_VERIFIED,chirps_meg_2018.10.14.npy,7900,
2018-10-15,DOWNLOADED_AND_VERIFIED,chirps_meg_2018.10.15.npy,7900,
2018-10-16,DOWNLOADED_AND_VERIFIED,chirps_meg_2018.10.16.npy,7900,
2018-10-17,DOWNLOADED_AND_VERIFIED,chirps_meg_2018.10.17.npy,7900,
2018-10-18,DOWNLOADED_AND_VERIFIED,chirps_meg_2018.10.18.npy,7900,
2018-10-19,DOWNLOADED_AND_VERIFIED,chirps_meg_2018.10.19.npy,7900,
2018-10-20,DOWNLOADED_AND_VERIFIED,chirps_meg_2018.10.20.npy,7900,
2018-10-21,DOWNLOADED_AND_VERIFIED,chirps_meg_2018.10.21.npy,7900,
2018-10-22,DOWNLOADED_AND_VERIFIED,chirps_meg_2018.10.22.npy,7900,
2018-10-23,DOWNLOADED_AND_VERIFIED,chirps_meg_2018.10.23.npy,7900,
2018-10-24,DOWNLOADED_AND_VERIFIED,chirps_meg_2018.10.24.npy,7900,
2018-10-25,DOWNLOADED_AND_VERIFIED,chirps_meg_2018.10.25.npy,7900,
2018-10-26,DOWNLOADED_AND_VERIFIED,chirps_meg_2018.10.26.npy,7900,
2018-10-27,DOWNLOADED_AND_VERIFIED,chirps_meg_2018.10.27.npy,7900,
2018-10-28,DOWNLOADED_AND_VERIFIED,chirps_meg_2018.10.28.npy,7900,
2018-10-29,DOWNLOADED_AND_VERIFIED,chirps_meg_2018.10.29.npy,7900,
2018-10-30,DOWNLOADED_AND_VERIFIED,chirps_meg_2018.10.30.npy,7900,
2018-10-31,DOWNLOADED_AND_VERIFIED,chirps_meg_2018.10.31.npy,7900,
2019-03-01,DOWNLOADED_AND_VERIFIED,chirps_meg_2019.03.01.npy,7900,
2019-03-02,DOWNLOADED_AND_VERIFIED,chirps_meg_2019.03.02.npy,7900,
2019-03-03,DOWNLOADED_AND_VERIFIED,chirps_meg_2019.03.03.npy,7900,
2019-03-04,DOWNLOADED_AND_VERIFIED,chirps_meg_2019.03.04.npy,7900,
2019-03-05,DOWNLOADED_AND_VERIFIED,chirps_meg_2019.03.05.npy,7900,
2019-03-06,DOWNLOADED_AND_VERIFIED,chirps_meg_2019.03.06.npy,7900,
2019-03-07,DOWNLOADED_AND_VERIFIED,chirps_meg_2019.03.07.npy,7900,
2019-03-08,DOWNLOADED_AND_VERIFIED,chirps_meg_2019.03.08.npy,7900,
2019-03-09,DOWNLOADED_AND_VERIFIED,chirps_meg_2019.03.09.npy,7900,
2019-03-10,DOWNLOADED_AND_VERIFIED,chirps_meg_2019.03.10.npy,7900,
2019-03-11,DOWNLOADED_AND_VERIFIED,chirps_meg_2019.03.11.npy,7900,
2019-03-12,DOWNLOADED_AND_VERIFIED,chirps_meg_2019.03.12.npy,7900,
2019-03-13,DOWNLOADED_AND_VERIFIED,chirps_meg_2019.03.13.npy,7900,
2019-03-14,DOWNLOADED_AND_VERIFIED,chirps_meg_2019.03.14.npy,7900,
2019-03-15,DOWNLOADED_AND_VERIFIED,chirps_meg_2019.03.15.npy,7900,
2019-03-16,DOWNLOADED_AND_VERIFIED,chirps_meg_2019.03.16.npy,7900,
2019-03-17,DOWNLOADED_AND_VERIFIED,chirps_meg_2019.03.17.npy,7900,
2019-03-18,DOWNLOADED_AND_VERIFIED,chirps_meg_2019.03.18.npy,7900,
2019-03-19,DOWNLOADED_AND_VERIFIED,chirps_meg_2019.03.19.npy,7900,
2019-03-20,DOWNLOADED_AND_VERIFIED,chirps_meg_2019.03.20.npy,7900,
2019-03-21,DOWNLOADED_AND_VERIFIED,chirps_meg_2019.03.21.npy,7900,
2019-03-22,DOWNLOADED_AND_VERIFIED,chirps_meg_2019.03.22.npy,7900,
2019-03-23,DOWNLOADED_AND_VERIFIED,chirps_meg_2019.03.23.npy,7900,
2019-03-24,DOWNLOADED_AND_VERIFIED,chirps_meg_2019.03.24.npy,7900,
2019-03-25,DOWNLOADED_AND_VERIFIED,chirps_meg_2019.03.25.npy,7900,
2019-03-26,DOWNLOADED_AND_VERIFIED,chirps_meg_2019.03.26.npy,7900,
2019-03-27,DOWNLOADED_AND_VERIFIED,chirps_meg_2019.03.27.npy,7900,
2019-03-28,DOWNLOADED_AND_VERIFIED,chirps_meg_2019.03.28.npy,7900,
2019-03-29,DOWNLOADED_AND_VERIFIED,chirps_meg_2019.03.29.npy,7900,
2019-03-30,DOWNLOADED_AND_VERIFIED,chirps_meg_2019.03.30.npy,7900,
2019-03-31,DOWNLOADED_AND_VERIFIED,chirps_meg_2019.03.31.npy,7900,
2019-04-01,DOWNLOADED_AND_VERIFIED,chirps_meg_2019.04.01.npy,7900,
2019-04-02,DOWNLOADED_AND_VERIFIED,chirps_meg_2019.04.02.npy,7900,
2019-04-03,DOWNLOADED_AND_VERIFIED,chirps_meg_2019.04.03.npy,7900,
2019-04-04,DOWNLOADED_AND_VERIFIED,chirps_meg_2019.04.04.npy,7900,
2019-04-05,DOWNLOADED_AND_VERIFIED,chirps_meg_2019.04.05.npy,7900,
2019-04-06,DOWNLOADED_AND_VERIFIED,chirps_meg_2019.04.06.npy,7900,
2019-04-07,DOWNLOADED_AND_VERIFIED,chirps_meg_2019.04.07.npy,7900,
2019-04-08,DOWNLOADED_AND_VERIFIED,chirps_meg_2019.04.08.npy,7900,
2019-04-09,DOWNLOADED_AND_VERIFIED,chirps_meg_2019.04.09.npy,7900,
2019-04-10,DOWNLOADED_AND_VERIFIED,chirps_meg_2019.04.10.npy,7900,
2019-04-11,DOWNLOADED_AND_VERIFIED,chirps_meg_2019.04.11.npy,7900,
2019-04-12,DOWNLOADED_AND_VERIFIED,chirps_meg_2019.04.12.npy,7900,
2019-04-13,DOWNLOADED_AND_VERIFIED,chirps_meg_2019.04.13.npy,7900,
2019-04-14,DOWNLOADED_AND_VERIFIED,chirps_meg_2019.04.14.npy,7900,
2019-04-15,DOWNLOADED_AND_VERIFIED,chirps_meg_2019.04.15.npy,7900,
2019-04-16,DOWNLOADED_AND_VERIFIED,chirps_meg_2019.04.16.npy,7900,
2019-04-17,DOWNLOADED_AND_VERIFIED,chirps_meg_2019.04.17.npy,7900,
2019-04-18,DOWNLOADED_AND_VERIFIED,chirps_meg_2019.04.18.npy,7900,
2019-04-19,DOWNLOADED_AND_VERIFIED,chirps_meg_2019.04.19.npy,7900,
2019-04-20,DOWNLOADED_AND_VERIFIED,chirps_meg_2019.04.20.npy,7900,
2019-04-21,DOWNLOADED_AND_VERIFIED,chirps_meg_2019.04.21.npy,7900,
2019-04-22,DOWNLOADED_AND_VERIFIED,chirps_meg_2019.04.22.npy,7900,
2019-04-23,DOWNLOADED_AND_VERIFIED,chirps_meg_2019.04.23.npy,7900,
2019-04-24,DOWNLOADED_AND_VERIFIED,chirps_meg_2019.04.24.npy,7900,
2019-04-25,DOWNLOADED_AND_VERIFIED,chirps_meg_2019.04.25.npy,7900,
2019-04-26,DOWNLOADED_AND_VERIFIED,chirps_meg_2019.04.26.npy,7900,
2019-04-27,DOWNLOADED_AND_VERIFIED,chirps_meg_2019.04.27.npy,7900,
2019-04-28,DOWNLOADED_AND_VERIFIED,chirps_meg_2019.04.28.npy,7900,
2019-04-29,DOWNLOADED_AND_VERIFIED,chirps_meg_2019.04.29.npy,7900,
2019-04-30,DOWNLOADED_AND_VERIFIED,chirps_meg_2019.04.30.npy,7900,
2019-05-01,DOWNLOADED_AND_VERIFIED,chirps_meg_2019.05.01.npy,7900,
2019-05-02,DOWNLOADED_AND_VERIFIED,chirps_meg_2019.05.02.npy,7900,
2019-05-03,DOWNLOADED_AND_VERIFIED,chirps_meg_2019.05.03.npy,7900,
2019-05-04,DOWNLOADED_AND_VERIFIED,chirps_meg_2019.05.04.npy,7900,
2019-05-05,DOWNLOADED_AND_VERIFIED,chirps_meg_2019.05.05.npy,7900,
2019-05-06,DOWNLOADED_AND_VERIFIED,chirps_meg_2019.05.06.npy,7900,
2019-05-07,DOWNLOADED_AND_VERIFIED,chirps_meg_2019.05.07.npy,7900,
2019-05-08,DOWNLOADED_AND_VERIFIED,chirps_meg_2019.05.08.npy,7900,
2019-05-09,DOWNLOADED_AND_VERIFIED,chirps_meg_2019.05.09.npy,7900,
2019-05-10,DOWNLOADED_AND_VERIFIED,chirps_meg_2019.05.10.npy,7900,
2019-05-11,DOWNLOADED_AND_VERIFIED,chirps_meg_2019.05.11.npy,7900,
2019-05-12,DOWNLOADED_AND_VERIFIED,chirps_meg_2019.05.12.npy,7900,
2019-05-13,DOWNLOADED_AND_VERIFIED,chirps_meg_2019.05.13.npy,7900,
2019-05-14,DOWNLOADED_AND_VERIFIED,chirps_meg_2019.05.14.npy,7900,
2019-05-15,DOWNLOADED_AND_VERIFIED,chirps_meg_2019.05.15.npy,7900,
2019-05-16,DOWNLOADED_AND_VERIFIED,chirps_meg_2019.05.16.npy,7900,
2019-05-17,DOWNLOADED_AND_VERIFIED,chirps_meg_2019.05.17.npy,7900,
2019-05-18,DOWNLOADED_AND_VERIFIED,chirps_meg_2019.05.18.npy,7900,
2019-05-19,DOWNLOADED_AND_VERIFIED,chirps_meg_2019.05.19.npy,7900,
2019-05-20,DOWNLOADED_AND_VERIFIED,chirps_meg_2019.05.20.npy,7900,
2019-05-21,DOWNLOADED_AND_VERIFIED,chirps_meg_2019.05.21.npy,7900,
2019-05-22,DOWNLOADED_AND_VERIFIED,chirps_meg_2019.05.22.npy,7900,
2019-05-23,DOWNLOADED_AND_VERIFIED,chirps_meg_2019.05.23.npy,7900,
2019-05-24,DOWNLOADED_AND_VERIFIED,chirps_meg_2019.05.24.npy,7900,
2019-05-25,DOWNLOADED_AND_VERIFIED,chirps_meg_2019.05.25.npy,7900,
2019-05-26,DOWNLOADED_AND_VERIFIED,chirps_meg_2019.05.26.npy,7900,
2019-05-27,DOWNLOADED_AND_VERIFIED,chirps_meg_2019.05.27.npy,7900,
2019-05-28,DOWNLOADED_AND_VERIFIED,chirps_meg_2019.05.28.npy,7900,
2019-05-29,ALREADY_PRESENT,chirps_meg_2019.05.29.npy,7900,
2019-05-30,ALREADY_PRESENT,chirps_meg_2019.05.30.npy,7900,
2019-05-31,ALREADY_PRESENT,chirps_meg_2019.05.31.npy,7900,
2019-06-01,ALREADY_PRESENT,chirps_meg_2019.06.01.npy,7900,
2019-06-02,ALREADY_PRESENT,chirps_meg_2019.06.02.npy,7900,
2019-06-03,ALREADY_PRESENT,chirps_meg_2019.06.03.npy,7900,
2019-06-04,ALREADY_PRESENT,chirps_meg_2019.06.04.npy,7900,
2019-06-05,ALREADY_PRESENT,chirps_meg_2019.06.05.npy,7900,
2019-06-06,ALREADY_PRESENT,chirps_meg_2019.06.06.npy,7900,
2019-06-07,ALREADY_PRESENT,chirps_meg_2019.06.07.npy,7900,
2019-06-08,ALREADY_PRESENT,chirps_meg_2019.06.08.npy,7900,
2019-06-09,ALREADY_PRESENT,chirps_meg_2019.06.09.npy,7900,
2019-06-10,ALREADY_PRESENT,chirps_meg_2019.06.10.npy,7900,
2019-06-11,ALREADY_PRESENT,chirps_meg_2019.06.11.npy,7900,
2019-06-12,ALREADY_PRESENT,chirps_meg_2019.06.12.npy,7900,
2019-06-13,ALREADY_PRESENT,chirps_meg_2019.06.13.npy,7900,
2019-06-14,ALREADY_PRESENT,chirps_meg_2019.06.14.npy,7900,
2019-06-15,ALREADY_PRESENT,chirps_meg_2019.06.15.npy,7900,
2019-06-16,ALREADY_PRESENT,chirps_meg_2019.06.16.npy,7900,
2019-06-17,ALREADY_PRESENT,chirps_meg_2019.06.17.npy,7900,
2019-06-18,ALREADY_PRESENT,chirps_meg_2019.06.18.npy,7900,
2019-06-19,ALREADY_PRESENT,chirps_meg_2019.06.19.npy,7900,
2019-06-20,ALREADY_PRESENT,chirps_meg_2019.06.20.npy,7900,
2019-06-21,ALREADY_PRESENT,chirps_meg_2019.06.21.npy,7900,
2019-06-22,ALREADY_PRESENT,chirps_meg_2019.06.22.npy,7900,
2019-06-23,ALREADY_PRESENT,chirps_meg_2019.06.23.npy,7900,
2019-06-24,ALREADY_PRESENT,chirps_meg_2019.06.24.npy,7900,
2019-06-25,ALREADY_PRESENT,chirps_meg_2019.06.25.npy,7900,
2019-06-26,ALREADY_PRESENT,chirps_meg_2019.06.26.npy,7900,
2019-06-27,ALREADY_PRESENT,chirps_meg_2019.06.27.npy,7900,
2019-06-28,ALREADY_PRESENT,chirps_meg_2019.06.28.npy,7900,
2019-06-29,ALREADY_PRESENT,chirps_meg_2019.06.29.npy,7900,
2019-06-30,ALREADY_PRESENT,chirps_meg_2019.06.30.npy,7900,
2019-07-01,ALREADY_PRESENT,chirps_meg_2019.07.01.npy,7900,
2019-07-02,ALREADY_PRESENT,chirps_meg_2019.07.02.npy,7900,
2019-07-03,ALREADY_PRESENT,chirps_meg_2019.07.03.npy,7900,
2019-07-04,ALREADY_PRESENT,chirps_meg_2019.07.04.npy,7900,
2019-07-05,ALREADY_PRESENT,chirps_meg_2019.07.05.npy,7900,
2019-07-06,ALREADY_PRESENT,chirps_meg_2019.07.06.npy,7900,
2019-07-07,ALREADY_PRESENT,chirps_meg_2019.07.07.npy,7900,
2019-07-08,ALREADY_PRESENT,chirps_meg_2019.07.08.npy,7900,
2019-07-09,ALREADY_PRESENT,chirps_meg_2019.07.09.npy,7900,
2019-07-10,ALREADY_PRESENT,chirps_meg_2019.07.10.npy,7900,
2019-07-11,DOWNLOADED_AND_VERIFIED,chirps_meg_2019.07.11.npy,7900,
2019-07-12,DOWNLOADED_AND_VERIFIED,chirps_meg_2019.07.12.npy,7900,
2019-07-13,DOWNLOADED_AND_VERIFIED,chirps_meg_2019.07.13.npy,7900,
2019-07-14,DOWNLOADED_AND_VERIFIED,chirps_meg_2019.07.14.npy,7900,
2019-07-15,DOWNLOADED_AND_VERIFIED,chirps_meg_2019.07.15.npy,7900,
2019-07-16,DOWNLOADED_AND_VERIFIED,chirps_meg_2019.07.16.npy,7900,
2019-07-17,DOWNLOADED_AND_VERIFIED,chirps_meg_2019.07.17.npy,7900,
2019-07-18,DOWNLOADED_AND_VERIFIED,chirps_meg_2019.07.18.npy,7900,
2019-07-19,DOWNLOADED_AND_VERIFIED,chirps_meg_2019.07.19.npy,7900,
2019-07-20,DOWNLOADED_AND_VERIFIED,chirps_meg_2019.07.20.npy,7900,
2019-07-21,DOWNLOADED_AND_VERIFIED,chirps_meg_2019.07.21.npy,7900,
2019-07-22,DOWNLOADED_AND_VERIFIED,chirps_meg_2019.07.22.npy,7900,
2019-07-23,DOWNLOADED_AND_VERIFIED,chirps_meg_2019.07.23.npy,7900,
2019-07-24,DOWNLOADED_AND_VERIFIED,chirps_meg_2019.07.24.npy,7900,
2019-07-25,DOWNLOADED_AND_VERIFIED,chirps_meg_2019.07.25.npy,7900,
2019-07-26,DOWNLOADED_AND_VERIFIED,chirps_meg_2019.07.26.npy,7900,
2019-07-27,DOWNLOADED_AND_VERIFIED,chirps_meg_2019.07.27.npy,7900,
2019-07-28,DOWNLOADED_AND_VERIFIED,chirps_meg_2019.07.28.npy,7900,
2019-07-29,DOWNLOADED_AND_VERIFIED,chirps_meg_2019.07.29.npy,7900,
2019-07-30,DOWNLOADED_AND_VERIFIED,chirps_meg_2019.07.30.npy,7900,
2019-07-31,DOWNLOADED_AND_VERIFIED,chirps_meg_2019.07.31.npy,7900,
2019-08-01,DOWNLOADED_AND_VERIFIED,chirps_meg_2019.08.01.npy,7900,
2019-08-02,DOWNLOADED_AND_VERIFIED,chirps_meg_2019.08.02.npy,7900,
2019-08-03,DOWNLOADED_AND_VERIFIED,chirps_meg_2019.08.03.npy,7900,
2019-08-04,DOWNLOADED_AND_VERIFIED,chirps_meg_2019.08.04.npy,7900,
2019-08-05,DOWNLOADED_AND_VERIFIED,chirps_meg_2019.08.05.npy,7900,
2019-08-06,DOWNLOADED_AND_VERIFIED,chirps_meg_2019.08.06.npy,7900,
2019-08-07,DOWNLOADED_AND_VERIFIED,chirps_meg_2019.08.07.npy,7900,
2019-08-08,DOWNLOADED_AND_VERIFIED,chirps_meg_2019.08.08.npy,7900,
2019-08-09,DOWNLOADED_AND_VERIFIED,chirps_meg_2019.08.09.npy,7900,
2019-08-10,DOWNLOADED_AND_VERIFIED,chirps_meg_2019.08.10.npy,7900,
2019-08-11,DOWNLOADED_AND_VERIFIED,chirps_meg_2019.08.11.npy,7900,
2019-08-12,DOWNLOADED_AND_VERIFIED,chirps_meg_2019.08.12.npy,7900,
2019-08-13,DOWNLOADED_AND_VERIFIED,chirps_meg_2019.08.13.npy,7900,
2019-08-14,DOWNLOADED_AND_VERIFIED,chirps_meg_2019.08.14.npy,7900,
2019-08-15,DOWNLOADED_AND_VERIFIED,chirps_meg_2019.08.15.npy,7900,
2019-08-16,DOWNLOADED_AND_VERIFIED,chirps_meg_2019.08.16.npy,7900,
2019-08-17,DOWNLOADED_AND_VERIFIED,chirps_meg_2019.08.17.npy,7900,
2019-08-18,DOWNLOADED_AND_VERIFIED,chirps_meg_2019.08.18.npy,7900,
2019-08-19,DOWNLOADED_AND_VERIFIED,chirps_meg_2019.08.19.npy,7900,
2019-08-20,DOWNLOADED_AND_VERIFIED,chirps_meg_2019.08.20.npy,7900,
2019-08-21,DOWNLOADED_AND_VERIFIED,chirps_meg_2019.08.21.npy,7900,
2019-08-22,DOWNLOADED_AND_VERIFIED,chirps_meg_2019.08.22.npy,7900,
2019-08-23,DOWNLOADED_AND_VERIFIED,chirps_meg_2019.08.23.npy,7900,
2019-08-24,DOWNLOADED_AND_VERIFIED,chirps_meg_2019.08.24.npy,7900,
2019-08-25,DOWNLOADED_AND_VERIFIED,chirps_meg_2019.08.25.npy,7900,
2019-08-26,DOWNLOADED_AND_VERIFIED,chirps_meg_2019.08.26.npy,7900,
2019-08-27,DOWNLOADED_AND_VERIFIED,chirps_meg_2019.08.27.npy,7900,
2019-08-28,DOWNLOADED_AND_VERIFIED,chirps_meg_2019.08.28.npy,7900,
2019-08-29,DOWNLOADED_AND_VERIFIED,chirps_meg_2019.08.29.npy,7900,
2019-08-30,DOWNLOADED_AND_VERIFIED,chirps_meg_2019.08.30.npy,7900,
2019-08-31,DOWNLOADED_AND_VERIFIED,chirps_meg_2019.08.31.npy,7900,
2019-09-01,DOWNLOADED_AND_VERIFIED,chirps_meg_2019.09.01.npy,7900,
2019-09-02,DOWNLOADED_AND_VERIFIED,chirps_meg_2019.09.02.npy,7900,
2019-09-03,DOWNLOADED_AND_VERIFIED,chirps_meg_2019.09.03.npy,7900,
2019-09-04,DOWNLOADED_AND_VERIFIED,chirps_meg_2019.09.04.npy,7900,
2019-09-05,DOWNLOADED_AND_VERIFIED,chirps_meg_2019.09.05.npy,7900,
2019-09-06,DOWNLOADED_AND_VERIFIED,chirps_meg_2019.09.06.npy,7900,
2019-09-07,DOWNLOADED_AND_VERIFIED,chirps_meg_2019.09.07.npy,7900,
2019-09-08,DOWNLOADED_AND_VERIFIED,chirps_meg_2019.09.08.npy,7900,
2019-09-09,DOWNLOADED_AND_VERIFIED,chirps_meg_2019.09.09.npy,7900,
2019-09-10,DOWNLOADED_AND_VERIFIED,chirps_meg_2019.09.10.npy,7900,
2019-09-11,DOWNLOADED_AND_VERIFIED,chirps_meg_2019.09.11.npy,7900,
2019-09-12,DOWNLOADED_AND_VERIFIED,chirps_meg_2019.09.12.npy,7900,
2019-09-13,DOWNLOADED_AND_VERIFIED,chirps_meg_2019.09.13.npy,7900,
2019-09-14,DOWNLOADED_AND_VERIFIED,chirps_meg_2019.09.14.npy,7900,
2019-09-15,DOWNLOADED_AND_VERIFIED,chirps_meg_2019.09.15.npy,7900,
2019-09-16,DOWNLOADED_AND_VERIFIED,chirps_meg_2019.09.16.npy,7900,
2019-09-17,DOWNLOADED_AND_VERIFIED,chirps_meg_2019.09.17.npy,7900,
2019-09-18,DOWNLOADED_AND_VERIFIED,chirps_meg_2019.09.18.npy,7900,
2019-09-19,DOWNLOADED_AND_VERIFIED,chirps_meg_2019.09.19.npy,7900,
2019-09-20,DOWNLOADED_AND_VERIFIED,chirps_meg_2019.09.20.npy,7900,
2019-09-21,DOWNLOADED_AND_VERIFIED,chirps_meg_2019.09.21.npy,7900,
2019-09-22,DOWNLOADED_AND_VERIFIED,chirps_meg_2019.09.22.npy,7900,
2019-09-23,DOWNLOADED_AND_VERIFIED,chirps_meg_2019.09.23.npy,7900,
2019-09-24,DOWNLOADED_AND_VERIFIED,chirps_meg_2019.09.24.npy,7900,
2019-09-25,DOWNLOADED_AND_VERIFIED,chirps_meg_2019.09.25.npy,7900,
2019-09-26,DOWNLOADED_AND_VERIFIED,chirps_meg_2019.09.26.npy,7900,
2019-09-27,DOWNLOADED_AND_VERIFIED,chirps_meg_2019.09.27.npy,7900,
2019-09-28,DOWNLOADED_AND_VERIFIED,chirps_meg_2019.09.28.npy,7900,
2019-09-29,DOWNLOADED_AND_VERIFIED,chirps_meg_2019.09.29.npy,7900,
2019-09-30,DOWNLOADED_AND_VERIFIED,chirps_meg_2019.09.30.npy,7900,
2019-10-01,DOWNLOADED_AND_VERIFIED,chirps_meg_2019.10.01.npy,7900,
2019-10-02,DOWNLOADED_AND_VERIFIED,chirps_meg_2019.10.02.npy,7900,
2019-10-03,DOWNLOADED_AND_VERIFIED,chirps_meg_2019.10.03.npy,7900,
2019-10-04,DOWNLOADED_AND_VERIFIED,chirps_meg_2019.10.04.npy,7900,
2019-10-05,DOWNLOADED_AND_VERIFIED,chirps_meg_2019.10.05.npy,7900,
2019-10-06,DOWNLOADED_AND_VERIFIED,chirps_meg_2019.10.06.npy,7900,
2019-10-07,DOWNLOADED_AND_VERIFIED,chirps_meg_2019.10.07.npy,7900,
2019-10-08,DOWNLOADED_AND_VERIFIED,chirps_meg_2019.10.08.npy,7900,
2019-10-09,DOWNLOADED_AND_VERIFIED,chirps_meg_2019.10.09.npy,7900,
2019-10-10,DOWNLOADED_AND_VERIFIED,chirps_meg_2019.10.10.npy,7900,
2019-10-11,DOWNLOADED_AND_VERIFIED,chirps_meg_2019.10.11.npy,7900,
2019-10-12,DOWNLOADED_AND_VERIFIED,chirps_meg_2019.10.12.npy,7900,
2019-10-13,DOWNLOADED_AND_VERIFIED,chirps_meg_2019.10.13.npy,7900,
2019-10-14,DOWNLOADED_AND_VERIFIED,chirps_meg_2019.10.14.npy,7900,
2019-10-15,DOWNLOADED_AND_VERIFIED,chirps_meg_2019.10.15.npy,7900,
2019-10-16,DOWNLOADED_AND_VERIFIED,chirps_meg_2019.10.16.npy,7900,
2019-10-17,DOWNLOADED_AND_VERIFIED,chirps_meg_2019.10.17.npy,7900,
2019-10-18,DOWNLOADED_AND_VERIFIED,chirps_meg_2019.10.18.npy,7900,
2019-10-19,DOWNLOADED_AND_VERIFIED,chirps_meg_2019.10.19.npy,7900,
2019-10-20,DOWNLOADED_AND_VERIFIED,chirps_meg_2019.10.20.npy,7900,
2019-10-21,DOWNLOADED_AND_VERIFIED,chirps_meg_2019.10.21.npy,7900,
2019-10-22,DOWNLOADED_AND_VERIFIED,chirps_meg_2019.10.22.npy,7900,
2019-10-23,DOWNLOADED_AND_VERIFIED,chirps_meg_2019.10.23.npy,7900,
2019-10-24,DOWNLOADED_AND_VERIFIED,chirps_meg_2019.10.24.npy,7900,
2019-10-25,DOWNLOADED_AND_VERIFIED,chirps_meg_2019.10.25.npy,7900,
2019-10-26,DOWNLOADED_AND_VERIFIED,chirps_meg_2019.10.26.npy,7900,
2019-10-27,DOWNLOADED_AND_VERIFIED,chirps_meg_2019.10.27.npy,7900,
2019-10-28,DOWNLOADED_AND_VERIFIED,chirps_meg_2019.10.28.npy,7900,
2019-10-29,DOWNLOADED_AND_VERIFIED,chirps_meg_2019.10.29.npy,7900,
2019-10-30,DOWNLOADED_AND_VERIFIED,chirps_meg_2019.10.30.npy,7900,
2019-10-31,DOWNLOADED_AND_VERIFIED,chirps_meg_2019.10.31.npy,7900,
2020-03-01,DOWNLOADED_AND_VERIFIED,chirps_meg_2020.03.01.npy,7900,
2020-03-02,DOWNLOADED_AND_VERIFIED,chirps_meg_2020.03.02.npy,7900,
2020-03-03,DOWNLOADED_AND_VERIFIED,chirps_meg_2020.03.03.npy,7900,
2020-03-04,DOWNLOADED_AND_VERIFIED,chirps_meg_2020.03.04.npy,7900,
2020-03-05,DOWNLOADED_AND_VERIFIED,chirps_meg_2020.03.05.npy,7900,
2020-03-06,DOWNLOADED_AND_VERIFIED,chirps_meg_2020.03.06.npy,7900,
2020-03-07,DOWNLOADED_AND_VERIFIED,chirps_meg_2020.03.07.npy,7900,
2020-03-08,DOWNLOADED_AND_VERIFIED,chirps_meg_2020.03.08.npy,7900,
2020-03-09,DOWNLOADED_AND_VERIFIED,chirps_meg_2020.03.09.npy,7900,
2020-03-10,DOWNLOADED_AND_VERIFIED,chirps_meg_2020.03.10.npy,7900,
2020-03-11,DOWNLOADED_AND_VERIFIED,chirps_meg_2020.03.11.npy,7900,
2020-03-12,DOWNLOADED_AND_VERIFIED,chirps_meg_2020.03.12.npy,7900,
2020-03-13,DOWNLOADED_AND_VERIFIED,chirps_meg_2020.03.13.npy,7900,
2020-03-14,DOWNLOADED_AND_VERIFIED,chirps_meg_2020.03.14.npy,7900,
2020-03-15,DOWNLOADED_AND_VERIFIED,chirps_meg_2020.03.15.npy,7900,
2020-03-16,DOWNLOADED_AND_VERIFIED,chirps_meg_2020.03.16.npy,7900,
2020-03-17,DOWNLOADED_AND_VERIFIED,chirps_meg_2020.03.17.npy,7900,
2020-03-18,DOWNLOADED_AND_VERIFIED,chirps_meg_2020.03.18.npy,7900,
2020-03-19,DOWNLOADED_AND_VERIFIED,chirps_meg_2020.03.19.npy,7900,
2020-03-20,DOWNLOADED_AND_VERIFIED,chirps_meg_2020.03.20.npy,7900,
2020-03-21,DOWNLOADED_AND_VERIFIED,chirps_meg_2020.03.21.npy,7900,
2020-03-22,DOWNLOADED_AND_VERIFIED,chirps_meg_2020.03.22.npy,7900,
2020-03-23,DOWNLOADED_AND_VERIFIED,chirps_meg_2020.03.23.npy,7900,
2020-03-24,DOWNLOADED_AND_VERIFIED,chirps_meg_2020.03.24.npy,7900,
2020-03-25,DOWNLOADED_AND_VERIFIED,chirps_meg_2020.03.25.npy,7900,
2020-03-26,DOWNLOADED_AND_VERIFIED,chirps_meg_2020.03.26.npy,7900,
2020-03-27,DOWNLOADED_AND_VERIFIED,chirps_meg_2020.03.27.npy,7900,
2020-03-28,DOWNLOADED_AND_VERIFIED,chirps_meg_2020.03.28.npy,7900,
2020-03-29,DOWNLOADED_AND_VERIFIED,chirps_meg_2020.03.29.npy,7900,
2020-03-30,DOWNLOADED_AND_VERIFIED,chirps_meg_2020.03.30.npy,7900,
2020-03-31,DOWNLOADED_AND_VERIFIED,chirps_meg_2020.03.31.npy,7900,
2020-04-01,DOWNLOADED_AND_VERIFIED,chirps_meg_2020.04.01.npy,7900,
2020-04-02,DOWNLOADED_AND_VERIFIED,chirps_meg_2020.04.02.npy,7900,
2020-04-03,DOWNLOADED_AND_VERIFIED,chirps_meg_2020.04.03.npy,7900,
2020-04-04,DOWNLOADED_AND_VERIFIED,chirps_meg_2020.04.04.npy,7900,
2020-04-05,DOWNLOADED_AND_VERIFIED,chirps_meg_2020.04.05.npy,7900,
2020-04-06,DOWNLOADED_AND_VERIFIED,chirps_meg_2020.04.06.npy,7900,
2020-04-07,DOWNLOADED_AND_VERIFIED,chirps_meg_2020.04.07.npy,7900,
2020-04-08,DOWNLOADED_AND_VERIFIED,chirps_meg_2020.04.08.npy,7900,
2020-04-09,DOWNLOADED_AND_VERIFIED,chirps_meg_2020.04.09.npy,7900,
2020-04-10,DOWNLOADED_AND_VERIFIED,chirps_meg_2020.04.10.npy,7900,
2020-04-11,DOWNLOADED_AND_VERIFIED,chirps_meg_2020.04.11.npy,7900,
2020-04-12,DOWNLOADED_AND_VERIFIED,chirps_meg_2020.04.12.npy,7900,
2020-04-13,DOWNLOADED_AND_VERIFIED,chirps_meg_2020.04.13.npy,7900,
2020-04-14,DOWNLOADED_AND_VERIFIED,chirps_meg_2020.04.14.npy,7900,
2020-04-15,DOWNLOADED_AND_VERIFIED,chirps_meg_2020.04.15.npy,7900,
2020-04-16,DOWNLOADED_AND_VERIFIED,chirps_meg_2020.04.16.npy,7900,
2020-04-17,DOWNLOADED_AND_VERIFIED,chirps_meg_2020.04.17.npy,7900,
2020-04-18,DOWNLOADED_AND_VERIFIED,chirps_meg_2020.04.18.npy,7900,
2020-04-19,DOWNLOADED_AND_VERIFIED,chirps_meg_2020.04.19.npy,7900,
2020-04-20,DOWNLOADED_AND_VERIFIED,chirps_meg_2020.04.20.npy,7900,
2020-04-21,DOWNLOADED_AND_VERIFIED,chirps_meg_2020.04.21.npy,7900,
2020-04-22,DOWNLOADED_AND_VERIFIED,chirps_meg_2020.04.22.npy,7900,
2020-04-23,DOWNLOADED_AND_VERIFIED,chirps_meg_2020.04.23.npy,7900,
2020-04-24,DOWNLOADED_AND_VERIFIED,chirps_meg_2020.04.24.npy,7900,
2020-04-25,DOWNLOADED_AND_VERIFIED,chirps_meg_2020.04.25.npy,7900,
2020-04-26,ALREADY_PRESENT,chirps_meg_2020.04.26.npy,7900,
2020-04-27,ALREADY_PRESENT,chirps_meg_2020.04.27.npy,7900,
2020-04-28,ALREADY_PRESENT,chirps_meg_2020.04.28.npy,7900,
2020-04-29,ALREADY_PRESENT,chirps_meg_2020.04.29.npy,7900,
2020-04-30,ALREADY_PRESENT,chirps_meg_2020.04.30.npy,7900,
2020-05-01,ALREADY_PRESENT,chirps_meg_2020.05.01.npy,7900,
2020-05-02,ALREADY_PRESENT,chirps_meg_2020.05.02.npy,7900,
2020-05-03,ALREADY_PRESENT,chirps_meg_2020.05.03.npy,7900,
2020-05-04,ALREADY_PRESENT,chirps_meg_2020.05.04.npy,7900,
2020-05-05,ALREADY_PRESENT,chirps_meg_2020.05.05.npy,7900,
2020-05-06,ALREADY_PRESENT,chirps_meg_2020.05.06.npy,7900,
2020-05-07,ALREADY_PRESENT,chirps_meg_2020.05.07.npy,7900,
2020-05-08,ALREADY_PRESENT,chirps_meg_2020.05.08.npy,7900,
2020-05-09,ALREADY_PRESENT,chirps_meg_2020.05.09.npy,7900,
2020-05-10,ALREADY_PRESENT,chirps_meg_2020.05.10.npy,7900,
2020-05-11,ALREADY_PRESENT,chirps_meg_2020.05.11.npy,7900,
2020-05-12,ALREADY_PRESENT,chirps_meg_2020.05.12.npy,7900,
2020-05-13,ALREADY_PRESENT,chirps_meg_2020.05.13.npy,7900,
2020-05-14,ALREADY_PRESENT,chirps_meg_2020.05.14.npy,7900,
2020-05-15,ALREADY_PRESENT,chirps_meg_2020.05.15.npy,7900,
2020-05-16,ALREADY_PRESENT,chirps_meg_2020.05.16.npy,7900,
2020-05-17,ALREADY_PRESENT,chirps_meg_2020.05.17.npy,7900,
2020-05-18,ALREADY_PRESENT,chirps_meg_2020.05.18.npy,7900,
2020-05-19,ALREADY_PRESENT,chirps_meg_2020.05.19.npy,7900,
2020-05-20,ALREADY_PRESENT,chirps_meg_2020.05.20.npy,7900,
2020-05-21,ALREADY_PRESENT,chirps_meg_2020.05.21.npy,7900,
2020-05-22,ALREADY_PRESENT,chirps_meg_2020.05.22.npy,7900,
2020-05-23,ALREADY_PRESENT,chirps_meg_2020.05.23.npy,7900,
2020-05-24,ALREADY_PRESENT,chirps_meg_2020.05.24.npy,7900,
2020-05-25,ALREADY_PRESENT,chirps_meg_2020.05.25.npy,7900,
2020-05-26,ALREADY_PRESENT,chirps_meg_2020.05.26.npy,7900,
2020-05-27,DOWNLOADED_AND_VERIFIED,chirps_meg_2020.05.27.npy,7900,
2020-05-28,ALREADY_PRESENT,chirps_meg_2020.05.28.npy,7900,
2020-05-29,ALREADY_PRESENT,chirps_meg_2020.05.29.npy,7900,
2020-05-30,ALREADY_PRESENT,chirps_meg_2020.05.30.npy,7900,
2020-05-31,ALREADY_PRESENT,chirps_meg_2020.05.31.npy,7900,
2020-06-01,ALREADY_PRESENT,chirps_meg_2020.06.01.npy,7900,
2020-06-02,ALREADY_PRESENT,chirps_meg_2020.06.02.npy,7900,
2020-06-03,ALREADY_PRESENT,chirps_meg_2020.06.03.npy,7900,
2020-06-04,ALREADY_PRESENT,chirps_meg_2020.06.04.npy,7900,
2020-06-05,ALREADY_PRESENT,chirps_meg_2020.06.05.npy,7900,
2020-06-06,ALREADY_PRESENT,chirps_meg_2020.06.06.npy,7900,
2020-06-07,ALREADY_PRESENT,chirps_meg_2020.06.07.npy,7900,
2020-06-08,ALREADY_PRESENT,chirps_meg_2020.06.08.npy,7900,
2020-06-09,ALREADY_PRESENT,chirps_meg_2020.06.09.npy,7900,
2020-06-10,ALREADY_PRESENT,chirps_meg_2020.06.10.npy,7900,
2020-06-11,ALREADY_PRESENT,chirps_meg_2020.06.11.npy,7900,
2020-06-12,ALREADY_PRESENT,chirps_meg_2020.06.12.npy,7900,
2020-06-13,ALREADY_PRESENT,chirps_meg_2020.06.13.npy,7900,
2020-06-14,ALREADY_PRESENT,chirps_meg_2020.06.14.npy,7900,
2020-06-15,ALREADY_PRESENT,chirps_meg_2020.06.15.npy,7900,
2020-06-16,ALREADY_PRESENT,chirps_meg_2020.06.16.npy,7900,
2020-06-17,ALREADY_PRESENT,chirps_meg_2020.06.17.npy,7900,
2020-06-18,ALREADY_PRESENT,chirps_meg_2020.06.18.npy,7900,
2020-06-19,ALREADY_PRESENT,chirps_meg_2020.06.19.npy,7900,
2020-06-20,ALREADY_PRESENT,chirps_meg_2020.06.20.npy,7900,
2020-06-21,ALREADY_PRESENT,chirps_meg_2020.06.21.npy,7900,
2020-06-22,ALREADY_PRESENT,chirps_meg_2020.06.22.npy,7900,
2020-06-23,ALREADY_PRESENT,chirps_meg_2020.06.23.npy,7900,
2020-06-24,ALREADY_PRESENT,chirps_meg_2020.06.24.npy,7900,
2020-06-25,ALREADY_PRESENT,chirps_meg_2020.06.25.npy,7900,
2020-06-26,ALREADY_PRESENT,chirps_meg_2020.06.26.npy,7900,
2020-06-27,DOWNLOADED_AND_VERIFIED,chirps_meg_2020.06.27.npy,7900,
2020-06-28,DOWNLOADED_AND_VERIFIED,chirps_meg_2020.06.28.npy,7900,
2020-06-29,DOWNLOADED_AND_VERIFIED,chirps_meg_2020.06.29.npy,7900,
2020-06-30,DOWNLOADED_AND_VERIFIED,chirps_meg_2020.06.30.npy,7900,
2020-07-01,DOWNLOADED_AND_VERIFIED,chirps_meg_2020.07.01.npy,7900,
2020-07-02,DOWNLOADED_AND_VERIFIED,chirps_meg_2020.07.02.npy,7900,
2020-07-03,DOWNLOADED_AND_VERIFIED,chirps_meg_2020.07.03.npy,7900,
2020-07-04,DOWNLOADED_AND_VERIFIED,chirps_meg_2020.07.04.npy,7900,
2020-07-05,DOWNLOADED_AND_VERIFIED,chirps_meg_2020.07.05.npy,7900,
2020-07-06,DOWNLOADED_AND_VERIFIED,chirps_meg_2020.07.06.npy,7900,
2020-07-07,DOWNLOADED_AND_VERIFIED,chirps_meg_2020.07.07.npy,7900,
2020-07-08,DOWNLOADED_AND_VERIFIED,chirps_meg_2020.07.08.npy,7900,
2020-07-09,DOWNLOADED_AND_VERIFIED,chirps_meg_2020.07.09.npy,7900,
2020-07-10,DOWNLOADED_AND_VERIFIED,chirps_meg_2020.07.10.npy,7900,
2020-07-11,DOWNLOADED_AND_VERIFIED,chirps_meg_2020.07.11.npy,7900,
2020-07-12,DOWNLOADED_AND_VERIFIED,chirps_meg_2020.07.12.npy,7900,
2020-07-13,DOWNLOADED_AND_VERIFIED,chirps_meg_2020.07.13.npy,7900,
2020-07-14,DOWNLOADED_AND_VERIFIED,chirps_meg_2020.07.14.npy,7900,
2020-07-15,DOWNLOADED_AND_VERIFIED,chirps_meg_2020.07.15.npy,7900,
2020-07-16,DOWNLOADED_AND_VERIFIED,chirps_meg_2020.07.16.npy,7900,
2020-07-17,DOWNLOADED_AND_VERIFIED,chirps_meg_2020.07.17.npy,7900,
2020-07-18,DOWNLOADED_AND_VERIFIED,chirps_meg_2020.07.18.npy,7900,
2020-07-19,DOWNLOADED_AND_VERIFIED,chirps_meg_2020.07.19.npy,7900,
2020-07-20,DOWNLOADED_AND_VERIFIED,chirps_meg_2020.07.20.npy,7900,
2020-07-21,DOWNLOADED_AND_VERIFIED,chirps_meg_2020.07.21.npy,7900,
2020-07-22,DOWNLOADED_AND_VERIFIED,chirps_meg_2020.07.22.npy,7900,
2020-07-23,DOWNLOADED_AND_VERIFIED,chirps_meg_2020.07.23.npy,7900,
2020-07-24,DOWNLOADED_AND_VERIFIED,chirps_meg_2020.07.24.npy,7900,
2020-07-25,DOWNLOADED_AND_VERIFIED,chirps_meg_2020.07.25.npy,7900,
2020-07-26,DOWNLOADED_AND_VERIFIED,chirps_meg_2020.07.26.npy,7900,
2020-07-27,DOWNLOADED_AND_VERIFIED,chirps_meg_2020.07.27.npy,7900,
2020-07-28,DOWNLOADED_AND_VERIFIED,chirps_meg_2020.07.28.npy,7900,
2020-07-29,DOWNLOADED_AND_VERIFIED,chirps_meg_2020.07.29.npy,7900,
2020-07-30,DOWNLOADED_AND_VERIFIED,chirps_meg_2020.07.30.npy,7900,
2020-07-31,DOWNLOADED_AND_VERIFIED,chirps_meg_2020.07.31.npy,7900,
2020-08-01,DOWNLOADED_AND_VERIFIED,chirps_meg_2020.08.01.npy,7900,
2020-08-02,DOWNLOADED_AND_VERIFIED,chirps_meg_2020.08.02.npy,7900,
2020-08-03,DOWNLOADED_AND_VERIFIED,chirps_meg_2020.08.03.npy,7900,
2020-08-04,DOWNLOADED_AND_VERIFIED,chirps_meg_2020.08.04.npy,7900,
2020-08-05,DOWNLOADED_AND_VERIFIED,chirps_meg_2020.08.05.npy,7900,
2020-08-06,DOWNLOADED_AND_VERIFIED,chirps_meg_2020.08.06.npy,7900,
2020-08-07,DOWNLOADED_AND_VERIFIED,chirps_meg_2020.08.07.npy,7900,
2020-08-08,DOWNLOADED_AND_VERIFIED,chirps_meg_2020.08.08.npy,7900,
2020-08-09,DOWNLOADED_AND_VERIFIED,chirps_meg_2020.08.09.npy,7900,
2020-08-10,DOWNLOADED_AND_VERIFIED,chirps_meg_2020.08.10.npy,7900,
2020-08-11,DOWNLOADED_AND_VERIFIED,chirps_meg_2020.08.11.npy,7900,
2020-08-12,DOWNLOADED_AND_VERIFIED,chirps_meg_2020.08.12.npy,7900,
2020-08-13,DOWNLOADED_AND_VERIFIED,chirps_meg_2020.08.13.npy,7900,
2020-08-14,DOWNLOADED_AND_VERIFIED,chirps_meg_2020.08.14.npy,7900,
2020-08-15,DOWNLOADED_AND_VERIFIED,chirps_meg_2020.08.15.npy,7900,
2020-08-16,DOWNLOADED_AND_VERIFIED,chirps_meg_2020.08.16.npy,7900,
2020-08-17,DOWNLOADED_AND_VERIFIED,chirps_meg_2020.08.17.npy,7900,
2020-08-18,DOWNLOADED_AND_VERIFIED,chirps_meg_2020.08.18.npy,7900,
2020-08-19,DOWNLOADED_AND_VERIFIED,chirps_meg_2020.08.19.npy,7900,
2020-08-20,DOWNLOADED_AND_VERIFIED,chirps_meg_2020.08.20.npy,7900,
2020-08-21,DOWNLOADED_AND_VERIFIED,chirps_meg_2020.08.21.npy,7900,
2020-08-22,DOWNLOADED_AND_VERIFIED,chirps_meg_2020.08.22.npy,7900,
2020-08-23,DOWNLOADED_AND_VERIFIED,chirps_meg_2020.08.23.npy,7900,
2020-08-24,DOWNLOADED_AND_VERIFIED,chirps_meg_2020.08.24.npy,7900,
2020-08-25,DOWNLOADED_AND_VERIFIED,chirps_meg_2020.08.25.npy,7900,
2020-08-26,DOWNLOADED_AND_VERIFIED,chirps_meg_2020.08.26.npy,7900,
2020-08-27,DOWNLOADED_AND_VERIFIED,chirps_meg_2020.08.27.npy,7900,
2020-08-28,DOWNLOADED_AND_VERIFIED,chirps_meg_2020.08.28.npy,7900,
2020-08-29,DOWNLOADED_AND_VERIFIED,chirps_meg_2020.08.29.npy,7900,
2020-08-30,DOWNLOADED_AND_VERIFIED,chirps_meg_2020.08.30.npy,7900,
2020-08-31,DOWNLOADED_AND_VERIFIED,chirps_meg_2020.08.31.npy,7900,
2020-09-01,DOWNLOADED_AND_VERIFIED,chirps_meg_2020.09.01.npy,7900,
2020-09-02,DOWNLOADED_AND_VERIFIED,chirps_meg_2020.09.02.npy,7900,
2020-09-03,DOWNLOADED_AND_VERIFIED,chirps_meg_2020.09.03.npy,7900,
2020-09-04,DOWNLOADED_AND_VERIFIED,chirps_meg_2020.09.04.npy,7900,
2020-09-05,DOWNLOADED_AND_VERIFIED,chirps_meg_2020.09.05.npy,7900,
2020-09-06,DOWNLOADED_AND_VERIFIED,chirps_meg_2020.09.06.npy,7900,
2020-09-07,DOWNLOADED_AND_VERIFIED,chirps_meg_2020.09.07.npy,7900,
2020-09-08,DOWNLOADED_AND_VERIFIED,chirps_meg_2020.09.08.npy,7900,
2020-09-09,DOWNLOADED_AND_VERIFIED,chirps_meg_2020.09.09.npy,7900,
2020-09-10,DOWNLOADED_AND_VERIFIED,chirps_meg_2020.09.10.npy,7900,
2020-09-11,DOWNLOADED_AND_VERIFIED,chirps_meg_2020.09.11.npy,7900,
2020-09-12,DOWNLOADED_AND_VERIFIED,chirps_meg_2020.09.12.npy,7900,
2020-09-13,DOWNLOADED_AND_VERIFIED,chirps_meg_2020.09.13.npy,7900,
2020-09-14,DOWNLOADED_AND_VERIFIED,chirps_meg_2020.09.14.npy,7900,
2020-09-15,DOWNLOADED_AND_VERIFIED,chirps_meg_2020.09.15.npy,7900,
2020-09-16,DOWNLOADED_AND_VERIFIED,chirps_meg_2020.09.16.npy,7900,
2020-09-17,DOWNLOADED_AND_VERIFIED,chirps_meg_2020.09.17.npy,7900,
2020-09-18,DOWNLOADED_AND_VERIFIED,chirps_meg_2020.09.18.npy,7900,
2020-09-19,DOWNLOADED_AND_VERIFIED,chirps_meg_2020.09.19.npy,7900,
2020-09-20,DOWNLOADED_AND_VERIFIED,chirps_meg_2020.09.20.npy,7900,
2020-09-21,DOWNLOADED_AND_VERIFIED,chirps_meg_2020.09.21.npy,7900,
2020-09-22,DOWNLOADED_AND_VERIFIED,chirps_meg_2020.09.22.npy,7900,
2020-09-23,DOWNLOADED_AND_VERIFIED,chirps_meg_2020.09.23.npy,7900,
2020-09-24,DOWNLOADED_AND_VERIFIED,chirps_meg_2020.09.24.npy,7900,
2020-09-25,DOWNLOADED_AND_VERIFIED,chirps_meg_2020.09.25.npy,7900,
2020-09-26,DOWNLOADED_AND_VERIFIED,chirps_meg_2020.09.26.npy,7900,
2020-09-27,DOWNLOADED_AND_VERIFIED,chirps_meg_2020.09.27.npy,7900,
2020-09-28,DOWNLOADED_AND_VERIFIED,chirps_meg_2020.09.28.npy,7900,
2020-09-29,DOWNLOADED_AND_VERIFIED,chirps_meg_2020.09.29.npy,7900,
2020-09-30,DOWNLOADED_AND_VERIFIED,chirps_meg_2020.09.30.npy,7900,
2020-10-01,DOWNLOADED_AND_VERIFIED,chirps_meg_2020.10.01.npy,7900,
2020-10-02,DOWNLOADED_AND_VERIFIED,chirps_meg_2020.10.02.npy,7900,
2020-10-03,DOWNLOADED_AND_VERIFIED,chirps_meg_2020.10.03.npy,7900,
2020-10-04,DOWNLOADED_AND_VERIFIED,chirps_meg_2020.10.04.npy,7900,
2020-10-05,DOWNLOADED_AND_VERIFIED,chirps_meg_2020.10.05.npy,7900,
2020-10-06,DOWNLOADED_AND_VERIFIED,chirps_meg_2020.10.06.npy,7900,
2020-10-07,DOWNLOADED_AND_VERIFIED,chirps_meg_2020.10.07.npy,7900,
2020-10-08,DOWNLOADED_AND_VERIFIED,chirps_meg_2020.10.08.npy,7900,
2020-10-09,DOWNLOADED_AND_VERIFIED,chirps_meg_2020.10.09.npy,7900,
2020-10-10,DOWNLOADED_AND_VERIFIED,chirps_meg_2020.10.10.npy,7900,
2020-10-11,DOWNLOADED_AND_VERIFIED,chirps_meg_2020.10.11.npy,7900,
2020-10-12,DOWNLOADED_AND_VERIFIED,chirps_meg_2020.10.12.npy,7900,
2020-10-13,DOWNLOADED_AND_VERIFIED,chirps_meg_2020.10.13.npy,7900,
2020-10-14,DOWNLOADED_AND_VERIFIED,chirps_meg_2020.10.14.npy,7900,
2020-10-15,DOWNLOADED_AND_VERIFIED,chirps_meg_2020.10.15.npy,7900,
2020-10-16,DOWNLOADED_AND_VERIFIED,chirps_meg_2020.10.16.npy,7900,
2020-10-17,DOWNLOADED_AND_VERIFIED,chirps_meg_2020.10.17.npy,7900,
2020-10-18,DOWNLOADED_AND_VERIFIED,chirps_meg_2020.10.18.npy,7900,
2020-10-19,DOWNLOADED_AND_VERIFIED,chirps_meg_2020.10.19.npy,7900,
2020-10-20,DOWNLOADED_AND_VERIFIED,chirps_meg_2020.10.20.npy,7900,
2020-10-21,DOWNLOADED_AND_VERIFIED,chirps_meg_2020.10.21.npy,7900,
2020-10-22,DOWNLOADED_AND_VERIFIED,chirps_meg_2020.10.22.npy,7900,
2020-10-23,DOWNLOADED_AND_VERIFIED,chirps_meg_2020.10.23.npy,7900,
2020-10-24,DOWNLOADED_AND_VERIFIED,chirps_meg_2020.10.24.npy,7900,
2020-10-25,DOWNLOADED_AND_VERIFIED,chirps_meg_2020.10.25.npy,7900,
2020-10-26,DOWNLOADED_AND_VERIFIED,chirps_meg_2020.10.26.npy,7900,
2020-10-27,DOWNLOADED_AND_VERIFIED,chirps_meg_2020.10.27.npy,7900,
2020-10-28,DOWNLOADED_AND_VERIFIED,chirps_meg_2020.10.28.npy,7900,
2020-10-29,DOWNLOADED_AND_VERIFIED,chirps_meg_2020.10.29.npy,7900,
2020-10-30,DOWNLOADED_AND_VERIFIED,chirps_meg_2020.10.30.npy,7900,
2020-10-31,DOWNLOADED_AND_VERIFIED,chirps_meg_2020.10.31.npy,7900,
2022-03-01,DOWNLOADED_AND_VERIFIED,chirps_meg_2022.03.01.npy,7900,
2022-03-02,DOWNLOADED_AND_VERIFIED,chirps_meg_2022.03.02.npy,7900,
2022-03-03,DOWNLOADED_AND_VERIFIED,chirps_meg_2022.03.03.npy,7900,
2022-03-04,DOWNLOADED_AND_VERIFIED,chirps_meg_2022.03.04.npy,7900,
2022-03-05,DOWNLOADED_AND_VERIFIED,chirps_meg_2022.03.05.npy,7900,
2022-03-06,ALREADY_PRESENT,chirps_meg_2022.03.06.npy,7900,
2022-03-07,ALREADY_PRESENT,chirps_meg_2022.03.07.npy,7900,
2022-03-08,ALREADY_PRESENT,chirps_meg_2022.03.08.npy,7900,
2022-03-09,ALREADY_PRESENT,chirps_meg_2022.03.09.npy,7900,
2022-03-10,ALREADY_PRESENT,chirps_meg_2022.03.10.npy,7900,
2022-03-11,ALREADY_PRESENT,chirps_meg_2022.03.11.npy,7900,
2022-03-12,ALREADY_PRESENT,chirps_meg_2022.03.12.npy,7900,
2022-03-13,ALREADY_PRESENT,chirps_meg_2022.03.13.npy,7900,
2022-03-14,ALREADY_PRESENT,chirps_meg_2022.03.14.npy,7900,
2022-03-15,ALREADY_PRESENT,chirps_meg_2022.03.15.npy,7900,
2022-03-16,ALREADY_PRESENT,chirps_meg_2022.03.16.npy,7900,
2022-03-17,ALREADY_PRESENT,chirps_meg_2022.03.17.npy,7900,
2022-03-18,ALREADY_PRESENT,chirps_meg_2022.03.18.npy,7900,
2022-03-19,ALREADY_PRESENT,chirps_meg_2022.03.19.npy,7900,
2022-03-20,ALREADY_PRESENT,chirps_meg_2022.03.20.npy,7900,
2022-03-21,ALREADY_PRESENT,chirps_meg_2022.03.21.npy,7900,
2022-03-22,ALREADY_PRESENT,chirps_meg_2022.03.22.npy,7900,
2022-03-23,ALREADY_PRESENT,chirps_meg_2022.03.23.npy,7900,
2022-03-24,ALREADY_PRESENT,chirps_meg_2022.03.24.npy,7900,
2022-03-25,ALREADY_PRESENT,chirps_meg_2022.03.25.npy,7900,
2022-03-26,ALREADY_PRESENT,chirps_meg_2022.03.26.npy,7900,
2022-03-27,ALREADY_PRESENT,chirps_meg_2022.03.27.npy,7900,
2022-03-28,ALREADY_PRESENT,chirps_meg_2022.03.28.npy,7900,
2022-03-29,ALREADY_PRESENT,chirps_meg_2022.03.29.npy,7900,
2022-03-30,ALREADY_PRESENT,chirps_meg_2022.03.30.npy,7900,
2022-03-31,ALREADY_PRESENT,chirps_meg_2022.03.31.npy,7900,
2022-04-01,ALREADY_PRESENT,chirps_meg_2022.04.01.npy,7900,
2022-04-02,ALREADY_PRESENT,chirps_meg_2022.04.02.npy,7900,
2022-04-03,ALREADY_PRESENT,chirps_meg_2022.04.03.npy,7900,
2022-04-04,ALREADY_PRESENT,chirps_meg_2022.04.04.npy,7900,
2022-04-05,DOWNLOADED_AND_VERIFIED,chirps_meg_2022.04.05.npy,7900,
2022-04-06,DOWNLOADED_AND_VERIFIED,chirps_meg_2022.04.06.npy,7900,
2022-04-07,DOWNLOADED_AND_VERIFIED,chirps_meg_2022.04.07.npy,7900,
2022-04-08,DOWNLOADED_AND_VERIFIED,chirps_meg_2022.04.08.npy,7900,
2022-04-09,DOWNLOADED_AND_VERIFIED,chirps_meg_2022.04.09.npy,7900,
2022-04-10,DOWNLOADED_AND_VERIFIED,chirps_meg_2022.04.10.npy,7900,
2022-04-11,DOWNLOADED_AND_VERIFIED,chirps_meg_2022.04.11.npy,7900,
2022-04-12,DOWNLOADED_AND_VERIFIED,chirps_meg_2022.04.12.npy,7900,
2022-04-13,DOWNLOADED_AND_VERIFIED,chirps_meg_2022.04.13.npy,7900,
2022-04-14,DOWNLOADED_AND_VERIFIED,chirps_meg_2022.04.14.npy,7900,
2022-04-15,DOWNLOADED_AND_VERIFIED,chirps_meg_2022.04.15.npy,7900,
2022-04-16,DOWNLOADED_AND_VERIFIED,chirps_meg_2022.04.16.npy,7900,
2022-04-17,DOWNLOADED_AND_VERIFIED,chirps_meg_2022.04.17.npy,7900,
2022-04-18,DOWNLOADED_AND_VERIFIED,chirps_meg_2022.04.18.npy,7900,
2022-04-19,DOWNLOADED_AND_VERIFIED,chirps_meg_2022.04.19.npy,7900,
2022-04-20,DOWNLOADED_AND_VERIFIED,chirps_meg_2022.04.20.npy,7900,
2022-04-21,DOWNLOADED_AND_VERIFIED,chirps_meg_2022.04.21.npy,7900,
2022-04-22,DOWNLOADED_AND_VERIFIED,chirps_meg_2022.04.22.npy,7900,
2022-04-23,DOWNLOADED_AND_VERIFIED,chirps_meg_2022.04.23.npy,7900,
2022-04-24,DOWNLOADED_AND_VERIFIED,chirps_meg_2022.04.24.npy,7900,
2022-04-25,DOWNLOADED_AND_VERIFIED,chirps_meg_2022.04.25.npy,7900,
2022-04-26,DOWNLOADED_AND_VERIFIED,chirps_meg_2022.04.26.npy,7900,
2022-04-27,DOWNLOADED_AND_VERIFIED,chirps_meg_2022.04.27.npy,7900,
2022-04-28,DOWNLOADED_AND_VERIFIED,chirps_meg_2022.04.28.npy,7900,
2022-04-29,DOWNLOADED_AND_VERIFIED,chirps_meg_2022.04.29.npy,7900,
2022-04-30,DOWNLOADED_AND_VERIFIED,chirps_meg_2022.04.30.npy,7900,
2022-05-01,DOWNLOADED_AND_VERIFIED,chirps_meg_2022.05.01.npy,7900,
2022-05-02,DOWNLOADED_AND_VERIFIED,chirps_meg_2022.05.02.npy,7900,
2022-05-03,DOWNLOADED_AND_VERIFIED,chirps_meg_2022.05.03.npy,7900,
2022-05-04,DOWNLOADED_AND_VERIFIED,chirps_meg_2022.05.04.npy,7900,
2022-05-05,DOWNLOADED_AND_VERIFIED,chirps_meg_2022.05.05.npy,7900,
2022-05-06,DOWNLOADED_AND_VERIFIED,chirps_meg_2022.05.06.npy,7900,
2022-05-07,DOWNLOADED_AND_VERIFIED,chirps_meg_2022.05.07.npy,7900,
2022-05-08,DOWNLOADED_AND_VERIFIED,chirps_meg_2022.05.08.npy,7900,
2022-05-09,DOWNLOADED_AND_VERIFIED,chirps_meg_2022.05.09.npy,7900,
2022-05-10,DOWNLOADED_AND_VERIFIED,chirps_meg_2022.05.10.npy,7900,
2022-05-11,ALREADY_PRESENT,chirps_meg_2022.05.11.npy,7900,
2022-05-12,ALREADY_PRESENT,chirps_meg_2022.05.12.npy,7900,
2022-05-13,ALREADY_PRESENT,chirps_meg_2022.05.13.npy,7900,
2022-05-14,ALREADY_PRESENT,chirps_meg_2022.05.14.npy,7900,
2022-05-15,ALREADY_PRESENT,chirps_meg_2022.05.15.npy,7900,
2022-05-16,ALREADY_PRESENT,chirps_meg_2022.05.16.npy,7900,
2022-05-17,ALREADY_PRESENT,chirps_meg_2022.05.17.npy,7900,
2022-05-18,ALREADY_PRESENT,chirps_meg_2022.05.18.npy,7900,
2022-05-19,ALREADY_PRESENT,chirps_meg_2022.05.19.npy,7900,
2022-05-20,ALREADY_PRESENT,chirps_meg_2022.05.20.npy,7900,
2022-05-21,ALREADY_PRESENT,chirps_meg_2022.05.21.npy,7900,
2022-05-22,ALREADY_PRESENT,chirps_meg_2022.05.22.npy,7900,
2022-05-23,ALREADY_PRESENT,chirps_meg_2022.05.23.npy,7900,
2022-05-24,ALREADY_PRESENT,chirps_meg_2022.05.24.npy,7900,
2022-05-25,ALREADY_PRESENT,chirps_meg_2022.05.25.npy,7900,
2022-05-26,ALREADY_PRESENT,chirps_meg_2022.05.26.npy,7900,
2022-05-27,ALREADY_PRESENT,chirps_meg_2022.05.27.npy,7900,
2022-05-28,ALREADY_PRESENT,chirps_meg_2022.05.28.npy,7900,
2022-05-29,ALREADY_PRESENT,chirps_meg_2022.05.29.npy,7900,
2022-05-30,ALREADY_PRESENT,chirps_meg_2022.05.30.npy,7900,
2022-05-31,ALREADY_PRESENT,chirps_meg_2022.05.31.npy,7900,
2022-06-01,ALREADY_PRESENT,chirps_meg_2022.06.01.npy,7900,
2022-06-02,ALREADY_PRESENT,chirps_meg_2022.06.02.npy,7900,
2022-06-03,ALREADY_PRESENT,chirps_meg_2022.06.03.npy,7900,
2022-06-04,ALREADY_PRESENT,chirps_meg_2022.06.04.npy,7900,
2022-06-05,ALREADY_PRESENT,chirps_meg_2022.06.05.npy,7900,
2022-06-06,ALREADY_PRESENT,chirps_meg_2022.06.06.npy,7900,
2022-06-07,ALREADY_PRESENT,chirps_meg_2022.06.07.npy,7900,
2022-06-08,ALREADY_PRESENT,chirps_meg_2022.06.08.npy,7900,
2022-06-09,ALREADY_PRESENT,chirps_meg_2022.06.09.npy,7900,
2022-06-10,ALREADY_PRESENT,chirps_meg_2022.06.10.npy,7900,
2022-06-11,ALREADY_PRESENT,chirps_meg_2022.06.11.npy,7900,
2022-06-12,ALREADY_PRESENT,chirps_meg_2022.06.12.npy,7900,
2022-06-13,ALREADY_PRESENT,chirps_meg_2022.06.13.npy,7900,
2022-06-14,ALREADY_PRESENT,chirps_meg_2022.06.14.npy,7900,
2022-06-15,ALREADY_PRESENT,chirps_meg_2022.06.15.npy,7900,
2022-06-16,ALREADY_PRESENT,chirps_meg_2022.06.16.npy,7900,
2022-06-17,ALREADY_PRESENT,chirps_meg_2022.06.17.npy,7900,
2022-06-18,DOWNLOADED_AND_VERIFIED,chirps_meg_2022.06.18.npy,7900,
2022-06-19,DOWNLOADED_AND_VERIFIED,chirps_meg_2022.06.19.npy,7900,
2022-06-20,DOWNLOADED_AND_VERIFIED,chirps_meg_2022.06.20.npy,7900,
2022-06-21,DOWNLOADED_AND_VERIFIED,chirps_meg_2022.06.21.npy,7900,
2022-06-22,DOWNLOADED_AND_VERIFIED,chirps_meg_2022.06.22.npy,7900,
2022-06-23,DOWNLOADED_AND_VERIFIED,chirps_meg_2022.06.23.npy,7900,
2022-06-24,DOWNLOADED_AND_VERIFIED,chirps_meg_2022.06.24.npy,7900,
2022-06-25,DOWNLOADED_AND_VERIFIED,chirps_meg_2022.06.25.npy,7900,
2022-06-26,DOWNLOADED_AND_VERIFIED,chirps_meg_2022.06.26.npy,7900,
2022-06-27,DOWNLOADED_AND_VERIFIED,chirps_meg_2022.06.27.npy,7900,
2022-06-28,DOWNLOADED_AND_VERIFIED,chirps_meg_2022.06.28.npy,7900,
2022-06-29,DOWNLOADED_AND_VERIFIED,chirps_meg_2022.06.29.npy,7900,
2022-06-30,DOWNLOADED_AND_VERIFIED,chirps_meg_2022.06.30.npy,7900,
2022-07-01,DOWNLOADED_AND_VERIFIED,chirps_meg_2022.07.01.npy,7900,
2022-07-02,DOWNLOADED_AND_VERIFIED,chirps_meg_2022.07.02.npy,7900,
2022-07-03,DOWNLOADED_AND_VERIFIED,chirps_meg_2022.07.03.npy,7900,
2022-07-04,DOWNLOADED_AND_VERIFIED,chirps_meg_2022.07.04.npy,7900,
2022-07-05,DOWNLOADED_AND_VERIFIED,chirps_meg_2022.07.05.npy,7900,
2022-07-06,DOWNLOADED_AND_VERIFIED,chirps_meg_2022.07.06.npy,7900,
2022-07-07,DOWNLOADED_AND_VERIFIED,chirps_meg_2022.07.07.npy,7900,
2022-07-08,DOWNLOADED_AND_VERIFIED,chirps_meg_2022.07.08.npy,7900,
2022-07-09,DOWNLOADED_AND_VERIFIED,chirps_meg_2022.07.09.npy,7900,
2022-07-10,DOWNLOADED_AND_VERIFIED,chirps_meg_2022.07.10.npy,7900,
2022-07-11,DOWNLOADED_AND_VERIFIED,chirps_meg_2022.07.11.npy,7900,
2022-07-12,DOWNLOADED_AND_VERIFIED,chirps_meg_2022.07.12.npy,7900,
2022-07-13,DOWNLOADED_AND_VERIFIED,chirps_meg_2022.07.13.npy,7900,
2022-07-14,DOWNLOADED_AND_VERIFIED,chirps_meg_2022.07.14.npy,7900,
2022-07-15,DOWNLOADED_AND_VERIFIED,chirps_meg_2022.07.15.npy,7900,
2022-07-16,DOWNLOADED_AND_VERIFIED,chirps_meg_2022.07.16.npy,7900,
2022-07-17,DOWNLOADED_AND_VERIFIED,chirps_meg_2022.07.17.npy,7900,
2022-07-18,DOWNLOADED_AND_VERIFIED,chirps_meg_2022.07.18.npy,7900,
2022-07-19,DOWNLOADED_AND_VERIFIED,chirps_meg_2022.07.19.npy,7900,
2022-07-20,DOWNLOADED_AND_VERIFIED,chirps_meg_2022.07.20.npy,7900,
2022-07-21,DOWNLOADED_AND_VERIFIED,chirps_meg_2022.07.21.npy,7900,
2022-07-22,DOWNLOADED_AND_VERIFIED,chirps_meg_2022.07.22.npy,7900,
2022-07-23,DOWNLOADED_AND_VERIFIED,chirps_meg_2022.07.23.npy,7900,
2022-07-24,DOWNLOADED_AND_VERIFIED,chirps_meg_2022.07.24.npy,7900,
2022-07-25,DOWNLOADED_AND_VERIFIED,chirps_meg_2022.07.25.npy,7900,
2022-07-26,DOWNLOADED_AND_VERIFIED,chirps_meg_2022.07.26.npy,7900,
2022-07-27,DOWNLOADED_AND_VERIFIED,chirps_meg_2022.07.27.npy,7900,
2022-07-28,DOWNLOADED_AND_VERIFIED,chirps_meg_2022.07.28.npy,7900,
2022-07-29,DOWNLOADED_AND_VERIFIED,chirps_meg_2022.07.29.npy,7900,
2022-07-30,DOWNLOADED_AND_VERIFIED,chirps_meg_2022.07.30.npy,7900,
2022-07-31,DOWNLOADED_AND_VERIFIED,chirps_meg_2022.07.31.npy,7900,
2022-08-01,DOWNLOADED_AND_VERIFIED,chirps_meg_2022.08.01.npy,7900,
2022-08-02,DOWNLOADED_AND_VERIFIED,chirps_meg_2022.08.02.npy,7900,
2022-08-03,DOWNLOADED_AND_VERIFIED,chirps_meg_2022.08.03.npy,7900,
2022-08-04,DOWNLOADED_AND_VERIFIED,chirps_meg_2022.08.04.npy,7900,
2022-08-05,DOWNLOADED_AND_VERIFIED,chirps_meg_2022.08.05.npy,7900,
2022-08-06,DOWNLOADED_AND_VERIFIED,chirps_meg_2022.08.06.npy,7900,
2022-08-07,DOWNLOADED_AND_VERIFIED,chirps_meg_2022.08.07.npy,7900,
2022-08-08,DOWNLOADED_AND_VERIFIED,chirps_meg_2022.08.08.npy,7900,
2022-08-09,DOWNLOADED_AND_VERIFIED,chirps_meg_2022.08.09.npy,7900,
2022-08-10,DOWNLOADED_AND_VERIFIED,chirps_meg_2022.08.10.npy,7900,
2022-08-11,DOWNLOADED_AND_VERIFIED,chirps_meg_2022.08.11.npy,7900,
2022-08-12,DOWNLOADED_AND_VERIFIED,chirps_meg_2022.08.12.npy,7900,
2022-08-13,DOWNLOADED_AND_VERIFIED,chirps_meg_2022.08.13.npy,7900,
2022-08-14,DOWNLOADED_AND_VERIFIED,chirps_meg_2022.08.14.npy,7900,
2022-08-15,DOWNLOADED_AND_VERIFIED,chirps_meg_2022.08.15.npy,7900,
2022-08-16,DOWNLOADED_AND_VERIFIED,chirps_meg_2022.08.16.npy,7900,
2022-08-17,DOWNLOADED_AND_VERIFIED,chirps_meg_2022.08.17.npy,7900,
2022-08-18,DOWNLOADED_AND_VERIFIED,chirps_meg_2022.08.18.npy,7900,
2022-08-19,DOWNLOADED_AND_VERIFIED,chirps_meg_2022.08.19.npy,7900,
2022-08-20,DOWNLOADED_AND_VERIFIED,chirps_meg_2022.08.20.npy,7900,
2022-08-21,DOWNLOADED_AND_VERIFIED,chirps_meg_2022.08.21.npy,7900,
2022-08-22,DOWNLOADED_AND_VERIFIED,chirps_meg_2022.08.22.npy,7900,
2022-08-23,DOWNLOADED_AND_VERIFIED,chirps_meg_2022.08.23.npy,7900,
2022-08-24,DOWNLOADED_AND_VERIFIED,chirps_meg_2022.08.24.npy,7900,
2022-08-25,DOWNLOADED_AND_VERIFIED,chirps_meg_2022.08.25.npy,7900,
2022-08-26,DOWNLOADED_AND_VERIFIED,chirps_meg_2022.08.26.npy,7900,
2022-08-27,DOWNLOADED_AND_VERIFIED,chirps_meg_2022.08.27.npy,7900,
2022-08-28,DOWNLOADED_AND_VERIFIED,chirps_meg_2022.08.28.npy,7900,
2022-08-29,DOWNLOADED_AND_VERIFIED,chirps_meg_2022.08.29.npy,7900,
2022-08-30,DOWNLOADED_AND_VERIFIED,chirps_meg_2022.08.30.npy,7900,
2022-08-31,DOWNLOADED_AND_VERIFIED,chirps_meg_2022.08.31.npy,7900,
2022-09-01,DOWNLOADED_AND_VERIFIED,chirps_meg_2022.09.01.npy,7900,
2022-09-02,DOWNLOADED_AND_VERIFIED,chirps_meg_2022.09.02.npy,7900,
2022-09-03,DOWNLOADED_AND_VERIFIED,chirps_meg_2022.09.03.npy,7900,
2022-09-04,DOWNLOADED_AND_VERIFIED,chirps_meg_2022.09.04.npy,7900,
2022-09-05,DOWNLOADED_AND_VERIFIED,chirps_meg_2022.09.05.npy,7900,
2022-09-06,DOWNLOADED_AND_VERIFIED,chirps_meg_2022.09.06.npy,7900,
2022-09-07,DOWNLOADED_AND_VERIFIED,chirps_meg_2022.09.07.npy,7900,
2022-09-08,DOWNLOADED_AND_VERIFIED,chirps_meg_2022.09.08.npy,7900,
2022-09-09,DOWNLOADED_AND_VERIFIED,chirps_meg_2022.09.09.npy,7900,
2022-09-10,DOWNLOADED_AND_VERIFIED,chirps_meg_2022.09.10.npy,7900,
2022-09-11,DOWNLOADED_AND_VERIFIED,chirps_meg_2022.09.11.npy,7900,
2022-09-12,DOWNLOADED_AND_VERIFIED,chirps_meg_2022.09.12.npy,7900,
2022-09-13,DOWNLOADED_AND_VERIFIED,chirps_meg_2022.09.13.npy,7900,
2022-09-14,DOWNLOADED_AND_VERIFIED,chirps_meg_2022.09.14.npy,7900,
2022-09-15,DOWNLOADED_AND_VERIFIED,chirps_meg_2022.09.15.npy,7900,
2022-09-16,DOWNLOADED_AND_VERIFIED,chirps_meg_2022.09.16.npy,7900,
2022-09-17,DOWNLOADED_AND_VERIFIED,chirps_meg_2022.09.17.npy,7900,
2022-09-18,DOWNLOADED_AND_VERIFIED,chirps_meg_2022.09.18.npy,7900,
2022-09-19,DOWNLOADED_AND_VERIFIED,chirps_meg_2022.09.19.npy,7900,
2022-09-20,DOWNLOADED_AND_VERIFIED,chirps_meg_2022.09.20.npy,7900,
2022-09-21,DOWNLOADED_AND_VERIFIED,chirps_meg_2022.09.21.npy,7900,
2022-09-22,DOWNLOADED_AND_VERIFIED,chirps_meg_2022.09.22.npy,7900,
2022-09-23,DOWNLOADED_AND_VERIFIED,chirps_meg_2022.09.23.npy,7900,
2022-09-24,DOWNLOADED_AND_VERIFIED,chirps_meg_2022.09.24.npy,7900,
2022-09-25,DOWNLOADED_AND_VERIFIED,chirps_meg_2022.09.25.npy,7900,
2022-09-26,DOWNLOADED_AND_VERIFIED,chirps_meg_2022.09.26.npy,7900,
2022-09-27,DOWNLOADED_AND_VERIFIED,chirps_meg_2022.09.27.npy,7900,
2022-09-28,DOWNLOADED_AND_VERIFIED,chirps_meg_2022.09.28.npy,7900,
2022-09-29,DOWNLOADED_AND_VERIFIED,chirps_meg_2022.09.29.npy,7900,
2022-09-30,DOWNLOADED_AND_VERIFIED,chirps_meg_2022.09.30.npy,7900,
2022-10-01,DOWNLOADED_AND_VERIFIED,chirps_meg_2022.10.01.npy,7900,
2022-10-02,DOWNLOADED_AND_VERIFIED,chirps_meg_2022.10.02.npy,7900,
2022-10-03,DOWNLOADED_AND_VERIFIED,chirps_meg_2022.10.03.npy,7900,
2022-10-04,DOWNLOADED_AND_VERIFIED,chirps_meg_2022.10.04.npy,7900,
2022-10-05,DOWNLOADED_AND_VERIFIED,chirps_meg_2022.10.05.npy,7900,
2022-10-06,DOWNLOADED_AND_VERIFIED,chirps_meg_2022.10.06.npy,7900,
2022-10-07,DOWNLOADED_AND_VERIFIED,chirps_meg_2022.10.07.npy,7900,
2022-10-08,DOWNLOADED_AND_VERIFIED,chirps_meg_2022.10.08.npy,7900,
2022-10-09,DOWNLOADED_AND_VERIFIED,chirps_meg_2022.10.09.npy,7900,
2022-10-10,DOWNLOADED_AND_VERIFIED,chirps_meg_2022.10.10.npy,7900,
2022-10-11,DOWNLOADED_AND_VERIFIED,chirps_meg_2022.10.11.npy,7900,
2022-10-12,DOWNLOADED_AND_VERIFIED,chirps_meg_2022.10.12.npy,7900,
2022-10-13,DOWNLOADED_AND_VERIFIED,chirps_meg_2022.10.13.npy,7900,
2022-10-14,DOWNLOADED_AND_VERIFIED,chirps_meg_2022.10.14.npy,7900,
2022-10-15,DOWNLOADED_AND_VERIFIED,chirps_meg_2022.10.15.npy,7900,
2022-10-16,DOWNLOADED_AND_VERIFIED,chirps_meg_2022.10.16.npy,7900,
2022-10-17,DOWNLOADED_AND_VERIFIED,chirps_meg_2022.10.17.npy,7900,
2022-10-18,DOWNLOADED_AND_VERIFIED,chirps_meg_2022.10.18.npy,7900,
2022-10-19,DOWNLOADED_AND_VERIFIED,chirps_meg_2022.10.19.npy,7900,
2022-10-20,DOWNLOADED_AND_VERIFIED,chirps_meg_2022.10.20.npy,7900,
2022-10-21,DOWNLOADED_AND_VERIFIED,chirps_meg_2022.10.21.npy,7900,
2022-10-22,DOWNLOADED_AND_VERIFIED,chirps_meg_2022.10.22.npy,7900,
2022-10-23,DOWNLOADED_AND_VERIFIED,chirps_meg_2022.10.23.npy,7900,
2022-10-24,DOWNLOADED_AND_VERIFIED,chirps_meg_2022.10.24.npy,7900,
2022-10-25,DOWNLOADED_AND_VERIFIED,chirps_meg_2022.10.25.npy,7900,
2022-10-26,DOWNLOADED_AND_VERIFIED,chirps_meg_2022.10.26.npy,7900,
2022-10-27,DOWNLOADED_AND_VERIFIED,chirps_meg_2022.10.27.npy,7900,
2022-10-28,DOWNLOADED_AND_VERIFIED,chirps_meg_2022.10.28.npy,7900,
2022-10-29,DOWNLOADED_AND_VERIFIED,chirps_meg_2022.10.29.npy,7900,
2022-10-30,DOWNLOADED_AND_VERIFIED,chirps_meg_2022.10.30.npy,7900,
2022-10-31,DOWNLOADED_AND_VERIFIED,chirps_meg_2022.10.31.npy,7900,
2023-03-01,DOWNLOADED_AND_VERIFIED,chirps_meg_2023.03.01.npy,7900,
2023-03-02,DOWNLOADED_AND_VERIFIED,chirps_meg_2023.03.02.npy,7900,
2023-03-03,DOWNLOADED_AND_VERIFIED,chirps_meg_2023.03.03.npy,7900,
2023-03-04,DOWNLOADED_AND_VERIFIED,chirps_meg_2023.03.04.npy,7900,
2023-03-05,DOWNLOADED_AND_VERIFIED,chirps_meg_2023.03.05.npy,7900,
2023-03-06,DOWNLOADED_AND_VERIFIED,chirps_meg_2023.03.06.npy,7900,
2023-03-07,DOWNLOADED_AND_VERIFIED,chirps_meg_2023.03.07.npy,7900,
2023-03-08,DOWNLOADED_AND_VERIFIED,chirps_meg_2023.03.08.npy,7900,
2023-03-09,DOWNLOADED_AND_VERIFIED,chirps_meg_2023.03.09.npy,7900,
2023-03-10,DOWNLOADED_AND_VERIFIED,chirps_meg_2023.03.10.npy,7900,
2023-03-11,DOWNLOADED_AND_VERIFIED,chirps_meg_2023.03.11.npy,7900,
2023-03-12,DOWNLOADED_AND_VERIFIED,chirps_meg_2023.03.12.npy,7900,
2023-03-13,DOWNLOADED_AND_VERIFIED,chirps_meg_2023.03.13.npy,7900,
2023-03-14,DOWNLOADED_AND_VERIFIED,chirps_meg_2023.03.14.npy,7900,
2023-03-15,ALREADY_PRESENT,chirps_meg_2023.03.15.npy,7900,
2023-03-16,ALREADY_PRESENT,chirps_meg_2023.03.16.npy,7900,
2023-03-17,ALREADY_PRESENT,chirps_meg_2023.03.17.npy,7900,
2023-03-18,ALREADY_PRESENT,chirps_meg_2023.03.18.npy,7900,
2023-03-19,ALREADY_PRESENT,chirps_meg_2023.03.19.npy,7900,
2023-03-20,ALREADY_PRESENT,chirps_meg_2023.03.20.npy,7900,
2023-03-21,ALREADY_PRESENT,chirps_meg_2023.03.21.npy,7900,
2023-03-22,ALREADY_PRESENT,chirps_meg_2023.03.22.npy,7900,
2023-03-23,ALREADY_PRESENT,chirps_meg_2023.03.23.npy,7900,
2023-03-24,ALREADY_PRESENT,chirps_meg_2023.03.24.npy,7900,
2023-03-25,ALREADY_PRESENT,chirps_meg_2023.03.25.npy,7900,
2023-03-26,ALREADY_PRESENT,chirps_meg_2023.03.26.npy,7900,
2023-03-27,ALREADY_PRESENT,chirps_meg_2023.03.27.npy,7900,
2023-03-28,ALREADY_PRESENT,chirps_meg_2023.03.28.npy,7900,
2023-03-29,ALREADY_PRESENT,chirps_meg_2023.03.29.npy,7900,
2023-03-30,ALREADY_PRESENT,chirps_meg_2023.03.30.npy,7900,
2023-03-31,ALREADY_PRESENT,chirps_meg_2023.03.31.npy,7900,
2023-04-01,ALREADY_PRESENT,chirps_meg_2023.04.01.npy,7900,
2023-04-02,ALREADY_PRESENT,chirps_meg_2023.04.02.npy,7900,
2023-04-03,ALREADY_PRESENT,chirps_meg_2023.04.03.npy,7900,
2023-04-04,ALREADY_PRESENT,chirps_meg_2023.04.04.npy,7900,
2023-04-05,ALREADY_PRESENT,chirps_meg_2023.04.05.npy,7900,
2023-04-06,ALREADY_PRESENT,chirps_meg_2023.04.06.npy,7900,
2023-04-07,ALREADY_PRESENT,chirps_meg_2023.04.07.npy,7900,
2023-04-08,ALREADY_PRESENT,chirps_meg_2023.04.08.npy,7900,
2023-04-09,ALREADY_PRESENT,chirps_meg_2023.04.09.npy,7900,
2023-04-10,ALREADY_PRESENT,chirps_meg_2023.04.10.npy,7900,
2023-04-11,ALREADY_PRESENT,chirps_meg_2023.04.11.npy,7900,
2023-04-12,ALREADY_PRESENT,chirps_meg_2023.04.12.npy,7900,
2023-04-13,ALREADY_PRESENT,chirps_meg_2023.04.13.npy,7900,
2023-04-14,DOWNLOADED_AND_VERIFIED,chirps_meg_2023.04.14.npy,7900,
2023-04-15,DOWNLOADED_AND_VERIFIED,chirps_meg_2023.04.15.npy,7900,
2023-04-16,DOWNLOADED_AND_VERIFIED,chirps_meg_2023.04.16.npy,7900,
2023-04-17,DOWNLOADED_AND_VERIFIED,chirps_meg_2023.04.17.npy,7900,
2023-04-18,DOWNLOADED_AND_VERIFIED,chirps_meg_2023.04.18.npy,7900,
2023-04-19,DOWNLOADED_AND_VERIFIED,chirps_meg_2023.04.19.npy,7900,
2023-04-20,DOWNLOADED_AND_VERIFIED,chirps_meg_2023.04.20.npy,7900,
2023-04-21,DOWNLOADED_AND_VERIFIED,chirps_meg_2023.04.21.npy,7900,
2023-04-22,DOWNLOADED_AND_VERIFIED,chirps_meg_2023.04.22.npy,7900,
2023-04-23,DOWNLOADED_AND_VERIFIED,chirps_meg_2023.04.23.npy,7900,
2023-04-24,DOWNLOADED_AND_VERIFIED,chirps_meg_2023.04.24.npy,7900,
2023-04-25,DOWNLOADED_AND_VERIFIED,chirps_meg_2023.04.25.npy,7900,
2023-04-26,DOWNLOADED_AND_VERIFIED,chirps_meg_2023.04.26.npy,7900,
2023-04-27,DOWNLOADED_AND_VERIFIED,chirps_meg_2023.04.27.npy,7900,
2023-04-28,DOWNLOADED_AND_VERIFIED,chirps_meg_2023.04.28.npy,7900,
2023-04-29,DOWNLOADED_AND_VERIFIED,chirps_meg_2023.04.29.npy,7900,
2023-04-30,DOWNLOADED_AND_VERIFIED,chirps_meg_2023.04.30.npy,7900,
2023-05-01,DOWNLOADED_AND_VERIFIED,chirps_meg_2023.05.01.npy,7900,
2023-05-02,DOWNLOADED_AND_VERIFIED,chirps_meg_2023.05.02.npy,7900,
2023-05-03,DOWNLOADED_AND_VERIFIED,chirps_meg_2023.05.03.npy,7900,
2023-05-04,DOWNLOADED_AND_VERIFIED,chirps_meg_2023.05.04.npy,7900,
2023-05-05,DOWNLOADED_AND_VERIFIED,chirps_meg_2023.05.05.npy,7900,
2023-05-06,DOWNLOADED_AND_VERIFIED,chirps_meg_2023.05.06.npy,7900,
2023-05-07,DOWNLOADED_AND_VERIFIED,chirps_meg_2023.05.07.npy,7900,
2023-05-08,DOWNLOADED_AND_VERIFIED,chirps_meg_2023.05.08.npy,7900,
2023-05-09,DOWNLOADED_AND_VERIFIED,chirps_meg_2023.05.09.npy,7900,
2023-05-10,DOWNLOADED_AND_VERIFIED,chirps_meg_2023.05.10.npy,7900,
2023-05-11,DOWNLOADED_AND_VERIFIED,chirps_meg_2023.05.11.npy,7900,
2023-05-12,DOWNLOADED_AND_VERIFIED,chirps_meg_2023.05.12.npy,7900,
2023-05-13,DOWNLOADED_AND_VERIFIED,chirps_meg_2023.05.13.npy,7900,
2023-05-14,DOWNLOADED_AND_VERIFIED,chirps_meg_2023.05.14.npy,7900,
2023-05-15,DOWNLOADED_AND_VERIFIED,chirps_meg_2023.05.15.npy,7900,
2023-05-16,DOWNLOADED_AND_VERIFIED,chirps_meg_2023.05.16.npy,7900,
2023-05-17,DOWNLOADED_AND_VERIFIED,chirps_meg_2023.05.17.npy,7900,
2023-05-18,DOWNLOADED_AND_VERIFIED,chirps_meg_2023.05.18.npy,7900,
2023-05-19,ALREADY_PRESENT,chirps_meg_2023.05.19.npy,7900,
2023-05-20,ALREADY_PRESENT,chirps_meg_2023.05.20.npy,7900,
2023-05-21,ALREADY_PRESENT,chirps_meg_2023.05.21.npy,7900,
2023-05-22,ALREADY_PRESENT,chirps_meg_2023.05.22.npy,7900,
2023-05-23,ALREADY_PRESENT,chirps_meg_2023.05.23.npy,7900,
2023-05-24,ALREADY_PRESENT,chirps_meg_2023.05.24.npy,7900,
2023-05-25,ALREADY_PRESENT,chirps_meg_2023.05.25.npy,7900,
2023-05-26,ALREADY_PRESENT,chirps_meg_2023.05.26.npy,7900,
2023-05-27,ALREADY_PRESENT,chirps_meg_2023.05.27.npy,7900,
2023-05-28,ALREADY_PRESENT,chirps_meg_2023.05.28.npy,7900,
2023-05-29,ALREADY_PRESENT,chirps_meg_2023.05.29.npy,7900,
2023-05-30,ALREADY_PRESENT,chirps_meg_2023.05.30.npy,7900,
2023-05-31,ALREADY_PRESENT,chirps_meg_2023.05.31.npy,7900,
2023-06-01,ALREADY_PRESENT,chirps_meg_2023.06.01.npy,7900,
2023-06-02,ALREADY_PRESENT,chirps_meg_2023.06.02.npy,7900,
2023-06-03,ALREADY_PRESENT,chirps_meg_2023.06.03.npy,7900,
2023-06-04,ALREADY_PRESENT,chirps_meg_2023.06.04.npy,7900,
2023-06-05,ALREADY_PRESENT,chirps_meg_2023.06.05.npy,7900,
2023-06-06,ALREADY_PRESENT,chirps_meg_2023.06.06.npy,7900,
2023-06-07,ALREADY_PRESENT,chirps_meg_2023.06.07.npy,7900,
2023-06-08,ALREADY_PRESENT,chirps_meg_2023.06.08.npy,7900,
2023-06-09,ALREADY_PRESENT,chirps_meg_2023.06.09.npy,7900,
2023-06-10,ALREADY_PRESENT,chirps_meg_2023.06.10.npy,7900,
2023-06-11,ALREADY_PRESENT,chirps_meg_2023.06.11.npy,7900,
2023-06-12,ALREADY_PRESENT,chirps_meg_2023.06.12.npy,7900,
2023-06-13,ALREADY_PRESENT,chirps_meg_2023.06.13.npy,7900,
2023-06-14,ALREADY_PRESENT,chirps_meg_2023.06.14.npy,7900,
2023-06-15,ALREADY_PRESENT,chirps_meg_2023.06.15.npy,7900,
2023-06-16,ALREADY_PRESENT,chirps_meg_2023.06.16.npy,7900,
2023-06-17,ALREADY_PRESENT,chirps_meg_2023.06.17.npy,7900,
2023-06-18,DOWNLOADED_AND_VERIFIED,chirps_meg_2023.06.18.npy,7900,
2023-06-19,DOWNLOADED_AND_VERIFIED,chirps_meg_2023.06.19.npy,7900,
2023-06-20,DOWNLOADED_AND_VERIFIED,chirps_meg_2023.06.20.npy,7900,
2023-06-21,DOWNLOADED_AND_VERIFIED,chirps_meg_2023.06.21.npy,7900,
2023-06-22,DOWNLOADED_AND_VERIFIED,chirps_meg_2023.06.22.npy,7900,
2023-06-23,DOWNLOADED_AND_VERIFIED,chirps_meg_2023.06.23.npy,7900,
2023-06-24,DOWNLOADED_AND_VERIFIED,chirps_meg_2023.06.24.npy,7900,
2023-06-25,DOWNLOADED_AND_VERIFIED,chirps_meg_2023.06.25.npy,7900,
2023-06-26,DOWNLOADED_AND_VERIFIED,chirps_meg_2023.06.26.npy,7900,
2023-06-27,DOWNLOADED_AND_VERIFIED,chirps_meg_2023.06.27.npy,7900,
2023-06-28,DOWNLOADED_AND_VERIFIED,chirps_meg_2023.06.28.npy,7900,
2023-06-29,DOWNLOADED_AND_VERIFIED,chirps_meg_2023.06.29.npy,7900,
2023-06-30,DOWNLOADED_AND_VERIFIED,chirps_meg_2023.06.30.npy,7900,
2023-07-01,DOWNLOADED_AND_VERIFIED,chirps_meg_2023.07.01.npy,7900,
2023-07-02,DOWNLOADED_AND_VERIFIED,chirps_meg_2023.07.02.npy,7900,
2023-07-03,DOWNLOADED_AND_VERIFIED,chirps_meg_2023.07.03.npy,7900,
2023-07-04,DOWNLOADED_AND_VERIFIED,chirps_meg_2023.07.04.npy,7900,
2023-07-05,DOWNLOADED_AND_VERIFIED,chirps_meg_2023.07.05.npy,7900,
2023-07-06,DOWNLOADED_AND_VERIFIED,chirps_meg_2023.07.06.npy,7900,
2023-07-07,DOWNLOADED_AND_VERIFIED,chirps_meg_2023.07.07.npy,7900,
2023-07-08,DOWNLOADED_AND_VERIFIED,chirps_meg_2023.07.08.npy,7900,
2023-07-09,DOWNLOADED_AND_VERIFIED,chirps_meg_2023.07.09.npy,7900,
2023-07-10,DOWNLOADED_AND_VERIFIED,chirps_meg_2023.07.10.npy,7900,
2023-07-11,DOWNLOADED_AND_VERIFIED,chirps_meg_2023.07.11.npy,7900,
2023-07-12,ALREADY_PRESENT,chirps_meg_2023.07.12.npy,7900,
2023-07-13,ALREADY_PRESENT,chirps_meg_2023.07.13.npy,7900,
2023-07-14,ALREADY_PRESENT,chirps_meg_2023.07.14.npy,7900,
2023-07-15,ALREADY_PRESENT,chirps_meg_2023.07.15.npy,7900,
2023-07-16,ALREADY_PRESENT,chirps_meg_2023.07.16.npy,7900,
2023-07-17,ALREADY_PRESENT,chirps_meg_2023.07.17.npy,7900,
2023-07-18,ALREADY_PRESENT,chirps_meg_2023.07.18.npy,7900,
2023-07-19,ALREADY_PRESENT,chirps_meg_2023.07.19.npy,7900,
2023-07-20,ALREADY_PRESENT,chirps_meg_2023.07.20.npy,7900,
2023-07-21,ALREADY_PRESENT,chirps_meg_2023.07.21.npy,7900,
2023-07-22,ALREADY_PRESENT,chirps_meg_2023.07.22.npy,7900,
2023-07-23,ALREADY_PRESENT,chirps_meg_2023.07.23.npy,7900,
2023-07-24,ALREADY_PRESENT,chirps_meg_2023.07.24.npy,7900,
2023-07-25,ALREADY_PRESENT,chirps_meg_2023.07.25.npy,7900,
2023-07-26,ALREADY_PRESENT,chirps_meg_2023.07.26.npy,7900,
2023-07-27,ALREADY_PRESENT,chirps_meg_2023.07.27.npy,7900,
2023-07-28,ALREADY_PRESENT,chirps_meg_2023.07.28.npy,7900,
2023-07-29,ALREADY_PRESENT,chirps_meg_2023.07.29.npy,7900,
2023-07-30,ALREADY_PRESENT,chirps_meg_2023.07.30.npy,7900,
2023-07-31,ALREADY_PRESENT,chirps_meg_2023.07.31.npy,7900,
2023-08-01,ALREADY_PRESENT,chirps_meg_2023.08.01.npy,7900,
2023-08-02,ALREADY_PRESENT,chirps_meg_2023.08.02.npy,7900,
2023-08-03,ALREADY_PRESENT,chirps_meg_2023.08.03.npy,7900,
2023-08-04,ALREADY_PRESENT,chirps_meg_2023.08.04.npy,7900,
2023-08-05,ALREADY_PRESENT,chirps_meg_2023.08.05.npy,7900,
2023-08-06,ALREADY_PRESENT,chirps_meg_2023.08.06.npy,7900,
2023-08-07,ALREADY_PRESENT,chirps_meg_2023.08.07.npy,7900,
2023-08-08,ALREADY_PRESENT,chirps_meg_2023.08.08.npy,7900,
2023-08-09,ALREADY_PRESENT,chirps_meg_2023.08.09.npy,7900,
2023-08-10,ALREADY_PRESENT,chirps_meg_2023.08.10.npy,7900,
2023-08-11,DOWNLOADED_AND_VERIFIED,chirps_meg_2023.08.11.npy,7900,
2023-08-12,DOWNLOADED_AND_VERIFIED,chirps_meg_2023.08.12.npy,7900,
2023-08-13,DOWNLOADED_AND_VERIFIED,chirps_meg_2023.08.13.npy,7900,
2023-08-14,DOWNLOADED_AND_VERIFIED,chirps_meg_2023.08.14.npy,7900,
2023-08-15,DOWNLOADED_AND_VERIFIED,chirps_meg_2023.08.15.npy,7900,
2023-08-16,DOWNLOADED_AND_VERIFIED,chirps_meg_2023.08.16.npy,7900,
2023-08-17,DOWNLOADED_AND_VERIFIED,chirps_meg_2023.08.17.npy,7900,
2023-08-18,DOWNLOADED_AND_VERIFIED,chirps_meg_2023.08.18.npy,7900,
2023-08-19,DOWNLOADED_AND_VERIFIED,chirps_meg_2023.08.19.npy,7900,
2023-08-20,DOWNLOADED_AND_VERIFIED,chirps_meg_2023.08.20.npy,7900,
2023-08-21,DOWNLOADED_AND_VERIFIED,chirps_meg_2023.08.21.npy,7900,
2023-08-22,DOWNLOADED_AND_VERIFIED,chirps_meg_2023.08.22.npy,7900,
2023-08-23,DOWNLOADED_AND_VERIFIED,chirps_meg_2023.08.23.npy,7900,
2023-08-24,DOWNLOADED_AND_VERIFIED,chirps_meg_2023.08.24.npy,7900,
2023-08-25,DOWNLOADED_AND_VERIFIED,chirps_meg_2023.08.25.npy,7900,
2023-08-26,DOWNLOADED_AND_VERIFIED,chirps_meg_2023.08.26.npy,7900,
2023-08-27,DOWNLOADED_AND_VERIFIED,chirps_meg_2023.08.27.npy,7900,
2023-08-28,DOWNLOADED_AND_VERIFIED,chirps_meg_2023.08.28.npy,7900,
2023-08-29,DOWNLOADED_AND_VERIFIED,chirps_meg_2023.08.29.npy,7900,
2023-08-30,DOWNLOADED_AND_VERIFIED,chirps_meg_2023.08.30.npy,7900,
2023-08-31,DOWNLOADED_AND_VERIFIED,chirps_meg_2023.08.31.npy,7900,
2023-09-01,DOWNLOADED_AND_VERIFIED,chirps_meg_2023.09.01.npy,7900,
2023-09-02,DOWNLOADED_AND_VERIFIED,chirps_meg_2023.09.02.npy,7900,
2023-09-03,DOWNLOADED_AND_VERIFIED,chirps_meg_2023.09.03.npy,7900,
2023-09-04,DOWNLOADED_AND_VERIFIED,chirps_meg_2023.09.04.npy,7900,
2023-09-05,DOWNLOADED_AND_VERIFIED,chirps_meg_2023.09.05.npy,7900,
2023-09-06,DOWNLOADED_AND_VERIFIED,chirps_meg_2023.09.06.npy,7900,
2023-09-07,DOWNLOADED_AND_VERIFIED,chirps_meg_2023.09.07.npy,7900,
2023-09-08,DOWNLOADED_AND_VERIFIED,chirps_meg_2023.09.08.npy,7900,
2023-09-09,DOWNLOADED_AND_VERIFIED,chirps_meg_2023.09.09.npy,7900,
2023-09-10,DOWNLOADED_AND_VERIFIED,chirps_meg_2023.09.10.npy,7900,
2023-09-11,DOWNLOADED_AND_VERIFIED,chirps_meg_2023.09.11.npy,7900,
2023-09-12,DOWNLOADED_AND_VERIFIED,chirps_meg_2023.09.12.npy,7900,
2023-09-13,DOWNLOADED_AND_VERIFIED,chirps_meg_2023.09.13.npy,7900,
2023-09-14,DOWNLOADED_AND_VERIFIED,chirps_meg_2023.09.14.npy,7900,
2023-09-15,DOWNLOADED_AND_VERIFIED,chirps_meg_2023.09.15.npy,7900,
2023-09-16,DOWNLOADED_AND_VERIFIED,chirps_meg_2023.09.16.npy,7900,
2023-09-17,DOWNLOADED_AND_VERIFIED,chirps_meg_2023.09.17.npy,7900,
2023-09-18,DOWNLOADED_AND_VERIFIED,chirps_meg_2023.09.18.npy,7900,
2023-09-19,DOWNLOADED_AND_VERIFIED,chirps_meg_2023.09.19.npy,7900,
2023-09-20,DOWNLOADED_AND_VERIFIED,chirps_meg_2023.09.20.npy,7900,
2023-09-21,DOWNLOADED_AND_VERIFIED,chirps_meg_2023.09.21.npy,7900,
2023-09-22,DOWNLOADED_AND_VERIFIED,chirps_meg_2023.09.22.npy,7900,
2023-09-23,DOWNLOADED_AND_VERIFIED,chirps_meg_2023.09.23.npy,7900,
2023-09-24,DOWNLOADED_AND_VERIFIED,chirps_meg_2023.09.24.npy,7900,
2023-09-25,DOWNLOADED_AND_VERIFIED,chirps_meg_2023.09.25.npy,7900,
2023-09-26,DOWNLOADED_AND_VERIFIED,chirps_meg_2023.09.26.npy,7900,
2023-09-27,DOWNLOADED_AND_VERIFIED,chirps_meg_2023.09.27.npy,7900,
2023-09-28,DOWNLOADED_AND_VERIFIED,chirps_meg_2023.09.28.npy,7900,
2023-09-29,DOWNLOADED_AND_VERIFIED,chirps_meg_2023.09.29.npy,7900,
2023-09-30,DOWNLOADED_AND_VERIFIED,chirps_meg_2023.09.30.npy,7900,
2023-10-01,DOWNLOADED_AND_VERIFIED,chirps_meg_2023.10.01.npy,7900,
2023-10-02,DOWNLOADED_AND_VERIFIED,chirps_meg_2023.10.02.npy,7900,
2023-10-03,DOWNLOADED_AND_VERIFIED,chirps_meg_2023.10.03.npy,7900,
2023-10-04,DOWNLOADED_AND_VERIFIED,chirps_meg_2023.10.04.npy,7900,
2023-10-05,DOWNLOADED_AND_VERIFIED,chirps_meg_2023.10.05.npy,7900,
2023-10-06,DOWNLOADED_AND_VERIFIED,chirps_meg_2023.10.06.npy,7900,
2023-10-07,DOWNLOADED_AND_VERIFIED,chirps_meg_2023.10.07.npy,7900,
2023-10-08,DOWNLOADED_AND_VERIFIED,chirps_meg_2023.10.08.npy,7900,
2023-10-09,DOWNLOADED_AND_VERIFIED,chirps_meg_2023.10.09.npy,7900,
2023-10-10,DOWNLOADED_AND_VERIFIED,chirps_meg_2023.10.10.npy,7900,
2023-10-11,DOWNLOADED_AND_VERIFIED,chirps_meg_2023.10.11.npy,7900,
2023-10-12,DOWNLOADED_AND_VERIFIED,chirps_meg_2023.10.12.npy,7900,
2023-10-13,DOWNLOADED_AND_VERIFIED,chirps_meg_2023.10.13.npy,7900,
2023-10-14,DOWNLOADED_AND_VERIFIED,chirps_meg_2023.10.14.npy,7900,
2023-10-15,DOWNLOADED_AND_VERIFIED,chirps_meg_2023.10.15.npy,7900,
2023-10-16,DOWNLOADED_AND_VERIFIED,chirps_meg_2023.10.16.npy,7900,
2023-10-17,DOWNLOADED_AND_VERIFIED,chirps_meg_2023.10.17.npy,7900,
2023-10-18,DOWNLOADED_AND_VERIFIED,chirps_meg_2023.10.18.npy,7900,
2023-10-19,DOWNLOADED_AND_VERIFIED,chirps_meg_2023.10.19.npy,7900,
2023-10-20,DOWNLOADED_AND_VERIFIED,chirps_meg_2023.10.20.npy,7900,
2023-10-21,DOWNLOADED_AND_VERIFIED,chirps_meg_2023.10.21.npy,7900,
2023-10-22,DOWNLOADED_AND_VERIFIED,chirps_meg_2023.10.22.npy,7900,
2023-10-23,DOWNLOADED_AND_VERIFIED,chirps_meg_2023.10.23.npy,7900,
2023-10-24,DOWNLOADED_AND_VERIFIED,chirps_meg_2023.10.24.npy,7900,
2023-10-25,DOWNLOADED_AND_VERIFIED,chirps_meg_2023.10.25.npy,7900,
2023-10-26,DOWNLOADED_AND_VERIFIED,chirps_meg_2023.10.26.npy,7900,
2023-10-27,DOWNLOADED_AND_VERIFIED,chirps_meg_2023.10.27.npy,7900,
2023-10-28,DOWNLOADED_AND_VERIFIED,chirps_meg_2023.10.28.npy,7900,
2023-10-29,DOWNLOADED_AND_VERIFIED,chirps_meg_2023.10.29.npy,7900,
2023-10-30,DOWNLOADED_AND_VERIFIED,chirps_meg_2023.10.30.npy,7900,
2023-10-31,DOWNLOADED_AND_VERIFIED,chirps_meg_2023.10.31.npy,7900,
2024-03-01,DOWNLOADED_AND_VERIFIED,chirps_meg_2024.03.01.npy,7900,
2024-03-02,DOWNLOADED_AND_VERIFIED,chirps_meg_2024.03.02.npy,7900,
2024-03-03,DOWNLOADED_AND_VERIFIED,chirps_meg_2024.03.03.npy,7900,
2024-03-04,DOWNLOADED_AND_VERIFIED,chirps_meg_2024.03.04.npy,7900,
2024-03-05,DOWNLOADED_AND_VERIFIED,chirps_meg_2024.03.05.npy,7900,
2024-03-06,DOWNLOADED_AND_VERIFIED,chirps_meg_2024.03.06.npy,7900,
2024-03-07,DOWNLOADED_AND_VERIFIED,chirps_meg_2024.03.07.npy,7900,
2024-03-08,DOWNLOADED_AND_VERIFIED,chirps_meg_2024.03.08.npy,7900,
2024-03-09,DOWNLOADED_AND_VERIFIED,chirps_meg_2024.03.09.npy,7900,
2024-03-10,DOWNLOADED_AND_VERIFIED,chirps_meg_2024.03.10.npy,7900,
2024-03-11,DOWNLOADED_AND_VERIFIED,chirps_meg_2024.03.11.npy,7900,
2024-03-12,DOWNLOADED_AND_VERIFIED,chirps_meg_2024.03.12.npy,7900,
2024-03-13,DOWNLOADED_AND_VERIFIED,chirps_meg_2024.03.13.npy,7900,
2024-03-14,DOWNLOADED_AND_VERIFIED,chirps_meg_2024.03.14.npy,7900,
2024-03-15,DOWNLOADED_AND_VERIFIED,chirps_meg_2024.03.15.npy,7900,
2024-03-16,DOWNLOADED_AND_VERIFIED,chirps_meg_2024.03.16.npy,7900,
2024-03-17,DOWNLOADED_AND_VERIFIED,chirps_meg_2024.03.17.npy,7900,
2024-03-18,DOWNLOADED_AND_VERIFIED,chirps_meg_2024.03.18.npy,7900,
2024-03-19,DOWNLOADED_AND_VERIFIED,chirps_meg_2024.03.19.npy,7900,
2024-03-20,DOWNLOADED_AND_VERIFIED,chirps_meg_2024.03.20.npy,7900,
2024-03-21,DOWNLOADED_AND_VERIFIED,chirps_meg_2024.03.21.npy,7900,
2024-03-22,DOWNLOADED_AND_VERIFIED,chirps_meg_2024.03.22.npy,7900,
2024-03-23,DOWNLOADED_AND_VERIFIED,chirps_meg_2024.03.23.npy,7900,
2024-03-24,DOWNLOADED_AND_VERIFIED,chirps_meg_2024.03.24.npy,7900,
2024-03-25,DOWNLOADED_AND_VERIFIED,chirps_meg_2024.03.25.npy,7900,
2024-03-26,DOWNLOADED_AND_VERIFIED,chirps_meg_2024.03.26.npy,7900,
2024-03-27,DOWNLOADED_AND_VERIFIED,chirps_meg_2024.03.27.npy,7900,
2024-03-28,DOWNLOADED_AND_VERIFIED,chirps_meg_2024.03.28.npy,7900,
2024-03-29,DOWNLOADED_AND_VERIFIED,chirps_meg_2024.03.29.npy,7900,
2024-03-30,DOWNLOADED_AND_VERIFIED,chirps_meg_2024.03.30.npy,7900,
2024-03-31,DOWNLOADED_AND_VERIFIED,chirps_meg_2024.03.31.npy,7900,
2024-04-01,DOWNLOADED_AND_VERIFIED,chirps_meg_2024.04.01.npy,7900,
2024-04-02,DOWNLOADED_AND_VERIFIED,chirps_meg_2024.04.02.npy,7900,
2024-04-03,DOWNLOADED_AND_VERIFIED,chirps_meg_2024.04.03.npy,7900,
2024-04-04,DOWNLOADED_AND_VERIFIED,chirps_meg_2024.04.04.npy,7900,
2024-04-05,DOWNLOADED_AND_VERIFIED,chirps_meg_2024.04.05.npy,7900,
2024-04-06,DOWNLOADED_AND_VERIFIED,chirps_meg_2024.04.06.npy,7900,
2024-04-07,DOWNLOADED_AND_VERIFIED,chirps_meg_2024.04.07.npy,7900,
2024-04-08,DOWNLOADED_AND_VERIFIED,chirps_meg_2024.04.08.npy,7900,
2024-04-09,DOWNLOADED_AND_VERIFIED,chirps_meg_2024.04.09.npy,7900,
2024-04-10,DOWNLOADED_AND_VERIFIED,chirps_meg_2024.04.10.npy,7900,
2024-04-11,DOWNLOADED_AND_VERIFIED,chirps_meg_2024.04.11.npy,7900,
2024-04-12,DOWNLOADED_AND_VERIFIED,chirps_meg_2024.04.12.npy,7900,
2024-04-13,DOWNLOADED_AND_VERIFIED,chirps_meg_2024.04.13.npy,7900,
2024-04-14,DOWNLOADED_AND_VERIFIED,chirps_meg_2024.04.14.npy,7900,
2024-04-15,DOWNLOADED_AND_VERIFIED,chirps_meg_2024.04.15.npy,7900,
2024-04-16,DOWNLOADED_AND_VERIFIED,chirps_meg_2024.04.16.npy,7900,
2024-04-17,DOWNLOADED_AND_VERIFIED,chirps_meg_2024.04.17.npy,7900,
2024-04-18,DOWNLOADED_AND_VERIFIED,chirps_meg_2024.04.18.npy,7900,
2024-04-19,DOWNLOADED_AND_VERIFIED,chirps_meg_2024.04.19.npy,7900,
2024-04-20,DOWNLOADED_AND_VERIFIED,chirps_meg_2024.04.20.npy,7900,
2024-04-21,DOWNLOADED_AND_VERIFIED,chirps_meg_2024.04.21.npy,7900,
2024-04-22,DOWNLOADED_AND_VERIFIED,chirps_meg_2024.04.22.npy,7900,
2024-04-23,DOWNLOADED_AND_VERIFIED,chirps_meg_2024.04.23.npy,7900,
2024-04-24,DOWNLOADED_AND_VERIFIED,chirps_meg_2024.04.24.npy,7900,
2024-04-25,DOWNLOADED_AND_VERIFIED,chirps_meg_2024.04.25.npy,7900,
2024-04-26,DOWNLOADED_AND_VERIFIED,chirps_meg_2024.04.26.npy,7900,
2024-04-27,DOWNLOADED_AND_VERIFIED,chirps_meg_2024.04.27.npy,7900,
2024-04-28,ALREADY_PRESENT,chirps_meg_2024.04.28.npy,7900,
2024-04-29,ALREADY_PRESENT,chirps_meg_2024.04.29.npy,7900,
2024-04-30,ALREADY_PRESENT,chirps_meg_2024.04.30.npy,7900,
2024-05-01,ALREADY_PRESENT,chirps_meg_2024.05.01.npy,7900,
2024-05-02,ALREADY_PRESENT,chirps_meg_2024.05.02.npy,7900,
2024-05-03,ALREADY_PRESENT,chirps_meg_2024.05.03.npy,7900,
2024-05-04,ALREADY_PRESENT,chirps_meg_2024.05.04.npy,7900,
2024-05-05,ALREADY_PRESENT,chirps_meg_2024.05.05.npy,7900,
2024-05-06,ALREADY_PRESENT,chirps_meg_2024.05.06.npy,7900,
2024-05-07,ALREADY_PRESENT,chirps_meg_2024.05.07.npy,7900,
2024-05-08,ALREADY_PRESENT,chirps_meg_2024.05.08.npy,7900,
2024-05-09,ALREADY_PRESENT,chirps_meg_2024.05.09.npy,7900,
2024-05-10,ALREADY_PRESENT,chirps_meg_2024.05.10.npy,7900,
2024-05-11,ALREADY_PRESENT,chirps_meg_2024.05.11.npy,7900,
2024-05-12,ALREADY_PRESENT,chirps_meg_2024.05.12.npy,7900,
2024-05-13,ALREADY_PRESENT,chirps_meg_2024.05.13.npy,7900,
2024-05-14,ALREADY_PRESENT,chirps_meg_2024.05.14.npy,7900,
2024-05-15,ALREADY_PRESENT,chirps_meg_2024.05.15.npy,7900,
2024-05-16,ALREADY_PRESENT,chirps_meg_2024.05.16.npy,7900,
2024-05-17,ALREADY_PRESENT,chirps_meg_2024.05.17.npy,7900,
2024-05-18,ALREADY_PRESENT,chirps_meg_2024.05.18.npy,7900,
2024-05-19,ALREADY_PRESENT,chirps_meg_2024.05.19.npy,7900,
2024-05-20,ALREADY_PRESENT,chirps_meg_2024.05.20.npy,7900,
2024-05-21,ALREADY_PRESENT,chirps_meg_2024.05.21.npy,7900,
2024-05-22,ALREADY_PRESENT,chirps_meg_2024.05.22.npy,7900,
2024-05-23,ALREADY_PRESENT,chirps_meg_2024.05.23.npy,7900,
2024-05-24,ALREADY_PRESENT,chirps_meg_2024.05.24.npy,7900,
2024-05-25,ALREADY_PRESENT,chirps_meg_2024.05.25.npy,7900,
2024-05-26,ALREADY_PRESENT,chirps_meg_2024.05.26.npy,7900,
2024-05-27,ALREADY_PRESENT,chirps_meg_2024.05.27.npy,7900,
2024-05-28,ALREADY_PRESENT,chirps_meg_2024.05.28.npy,7900,
2024-05-29,ALREADY_PRESENT,chirps_meg_2024.05.29.npy,7900,
2024-05-30,ALREADY_PRESENT,chirps_meg_2024.05.30.npy,7900,
2024-05-31,ALREADY_PRESENT,chirps_meg_2024.05.31.npy,7900,
2024-06-01,ALREADY_PRESENT,chirps_meg_2024.06.01.npy,7900,
2024-06-02,ALREADY_PRESENT,chirps_meg_2024.06.02.npy,7900,
2024-06-03,ALREADY_PRESENT,chirps_meg_2024.06.03.npy,7900,
2024-06-04,ALREADY_PRESENT,chirps_meg_2024.06.04.npy,7900,
2024-06-05,ALREADY_PRESENT,chirps_meg_2024.06.05.npy,7900,
2024-06-06,ALREADY_PRESENT,chirps_meg_2024.06.06.npy,7900,
2024-06-07,ALREADY_PRESENT,chirps_meg_2024.06.07.npy,7900,
2024-06-08,ALREADY_PRESENT,chirps_meg_2024.06.08.npy,7900,
2024-06-09,ALREADY_PRESENT,chirps_meg_2024.06.09.npy,7900,
2024-06-10,ALREADY_PRESENT,chirps_meg_2024.06.10.npy,7900,
2024-06-11,ALREADY_PRESENT,chirps_meg_2024.06.11.npy,7900,
2024-06-12,ALREADY_PRESENT,chirps_meg_2024.06.12.npy,7900,
2024-06-13,ALREADY_PRESENT,chirps_meg_2024.06.13.npy,7900,
2024-06-14,ALREADY_PRESENT,chirps_meg_2024.06.14.npy,7900,
2024-06-15,ALREADY_PRESENT,chirps_meg_2024.06.15.npy,7900,
2024-06-16,ALREADY_PRESENT,chirps_meg_2024.06.16.npy,7900,
2024-06-17,ALREADY_PRESENT,chirps_meg_2024.06.17.npy,7900,
2024-06-18,ALREADY_PRESENT,chirps_meg_2024.06.18.npy,7900,
2024-06-19,ALREADY_PRESENT,chirps_meg_2024.06.19.npy,7900,
2024-06-20,ALREADY_PRESENT,chirps_meg_2024.06.20.npy,7900,
2024-06-21,ALREADY_PRESENT,chirps_meg_2024.06.21.npy,7900,
2024-06-22,ALREADY_PRESENT,chirps_meg_2024.06.22.npy,7900,
2024-06-23,ALREADY_PRESENT,chirps_meg_2024.06.23.npy,7900,
2024-06-24,ALREADY_PRESENT,chirps_meg_2024.06.24.npy,7900,
2024-06-25,ALREADY_PRESENT,chirps_meg_2024.06.25.npy,7900,
2024-06-26,ALREADY_PRESENT,chirps_meg_2024.06.26.npy,7900,
2024-06-27,ALREADY_PRESENT,chirps_meg_2024.06.27.npy,7900,
2024-06-28,ALREADY_PRESENT,chirps_meg_2024.06.28.npy,7900,
2024-06-29,ALREADY_PRESENT,chirps_meg_2024.06.29.npy,7900,
2024-06-30,ALREADY_PRESENT,chirps_meg_2024.06.30.npy,7900,
2024-07-01,ALREADY_PRESENT,chirps_meg_2024.07.01.npy,7900,
2024-07-02,ALREADY_PRESENT,chirps_meg_2024.07.02.npy,7900,
2024-07-03,ALREADY_PRESENT,chirps_meg_2024.07.03.npy,7900,
2024-07-04,ALREADY_PRESENT,chirps_meg_2024.07.04.npy,7900,
2024-07-05,ALREADY_PRESENT,chirps_meg_2024.07.05.npy,7900,
2024-07-06,ALREADY_PRESENT,chirps_meg_2024.07.06.npy,7900,
2024-07-07,ALREADY_PRESENT,chirps_meg_2024.07.07.npy,7900,
2024-07-08,ALREADY_PRESENT,chirps_meg_2024.07.08.npy,7900,
2024-07-09,ALREADY_PRESENT,chirps_meg_2024.07.09.npy,7900,
2024-07-10,ALREADY_PRESENT,chirps_meg_2024.07.10.npy,7900,
2024-07-11,ALREADY_PRESENT,chirps_meg_2024.07.11.npy,7900,
2024-07-12,ALREADY_PRESENT,chirps_meg_2024.07.12.npy,7900,
2024-07-13,ALREADY_PRESENT,chirps_meg_2024.07.13.npy,7900,
2024-07-14,ALREADY_PRESENT,chirps_meg_2024.07.14.npy,7900,
2024-07-15,ALREADY_PRESENT,chirps_meg_2024.07.15.npy,7900,
2024-07-16,ALREADY_PRESENT,chirps_meg_2024.07.16.npy,7900,
2024-07-17,ALREADY_PRESENT,chirps_meg_2024.07.17.npy,7900,
2024-07-18,ALREADY_PRESENT,chirps_meg_2024.07.18.npy,7900,
2024-07-19,ALREADY_PRESENT,chirps_meg_2024.07.19.npy,7900,
2024-07-20,ALREADY_PRESENT,chirps_meg_2024.07.20.npy,7900,
2024-07-21,ALREADY_PRESENT,chirps_meg_2024.07.21.npy,7900,
2024-07-22,ALREADY_PRESENT,chirps_meg_2024.07.22.npy,7900,
2024-07-23,ALREADY_PRESENT,chirps_meg_2024.07.23.npy,7900,
2024-07-24,ALREADY_PRESENT,chirps_meg_2024.07.24.npy,7900,
2024-07-25,ALREADY_PRESENT,chirps_meg_2024.07.25.npy,7900,
2024-07-26,ALREADY_PRESENT,chirps_meg_2024.07.26.npy,7900,
2024-07-27,ALREADY_PRESENT,chirps_meg_2024.07.27.npy,7900,
2024-07-28,ALREADY_PRESENT,chirps_meg_2024.07.28.npy,7900,
2024-07-29,ALREADY_PRESENT,chirps_meg_2024.07.29.npy,7900,
2024-07-30,ALREADY_PRESENT,chirps_meg_2024.07.30.npy,7900,
2024-07-31,ALREADY_PRESENT,chirps_meg_2024.07.31.npy,7900,
2024-08-01,ALREADY_PRESENT,chirps_meg_2024.08.01.npy,7900,
2024-08-02,ALREADY_PRESENT,chirps_meg_2024.08.02.npy,7900,
2024-08-03,ALREADY_PRESENT,chirps_meg_2024.08.03.npy,7900,
2024-08-04,ALREADY_PRESENT,chirps_meg_2024.08.04.npy,7900,
2024-08-05,ALREADY_PRESENT,chirps_meg_2024.08.05.npy,7900,
2024-08-06,ALREADY_PRESENT,chirps_meg_2024.08.06.npy,7900,
2024-08-07,ALREADY_PRESENT,chirps_meg_2024.08.07.npy,7900,
2024-08-08,ALREADY_PRESENT,chirps_meg_2024.08.08.npy,7900,
2024-08-09,ALREADY_PRESENT,chirps_meg_2024.08.09.npy,7900,
2024-08-10,ALREADY_PRESENT,chirps_meg_2024.08.10.npy,7900,
2024-08-11,ALREADY_PRESENT,chirps_meg_2024.08.11.npy,7900,
2024-08-12,ALREADY_PRESENT,chirps_meg_2024.08.12.npy,7900,
2024-08-13,ALREADY_PRESENT,chirps_meg_2024.08.13.npy,7900,
2024-08-14,ALREADY_PRESENT,chirps_meg_2024.08.14.npy,7900,
2024-08-15,ALREADY_PRESENT,chirps_meg_2024.08.15.npy,7900,
2024-08-16,ALREADY_PRESENT,chirps_meg_2024.08.16.npy,7900,
2024-08-17,ALREADY_PRESENT,chirps_meg_2024.08.17.npy,7900,
2024-08-18,ALREADY_PRESENT,chirps_meg_2024.08.18.npy,7900,
2024-08-19,ALREADY_PRESENT,chirps_meg_2024.08.19.npy,7900,
2024-08-20,ALREADY_PRESENT,chirps_meg_2024.08.20.npy,7900,
2024-08-21,ALREADY_PRESENT,chirps_meg_2024.08.21.npy,7900,
2024-08-22,ALREADY_PRESENT,chirps_meg_2024.08.22.npy,7900,
2024-08-23,ALREADY_PRESENT,chirps_meg_2024.08.23.npy,7900,
2024-08-24,ALREADY_PRESENT,chirps_meg_2024.08.24.npy,7900,
2024-08-25,ALREADY_PRESENT,chirps_meg_2024.08.25.npy,7900,
2024-08-26,ALREADY_PRESENT,chirps_meg_2024.08.26.npy,7900,
2024-08-27,ALREADY_PRESENT,chirps_meg_2024.08.27.npy,7900,
2024-08-28,ALREADY_PRESENT,chirps_meg_2024.08.28.npy,7900,
2024-08-29,DOWNLOADED_AND_VERIFIED,chirps_meg_2024.08.29.npy,7900,
2024-08-30,DOWNLOADED_AND_VERIFIED,chirps_meg_2024.08.30.npy,7900,
2024-08-31,DOWNLOADED_AND_VERIFIED,chirps_meg_2024.08.31.npy,7900,
2024-09-01,DOWNLOADED_AND_VERIFIED,chirps_meg_2024.09.01.npy,7900,
2024-09-02,DOWNLOADED_AND_VERIFIED,chirps_meg_2024.09.02.npy,7900,
2024-09-03,DOWNLOADED_AND_VERIFIED,chirps_meg_2024.09.03.npy,7900,
2024-09-04,DOWNLOADED_AND_VERIFIED,chirps_meg_2024.09.04.npy,7900,
2024-09-05,ALREADY_PRESENT,chirps_meg_2024.09.05.npy,7900,
2024-09-06,ALREADY_PRESENT,chirps_meg_2024.09.06.npy,7900,
2024-09-07,ALREADY_PRESENT,chirps_meg_2024.09.07.npy,7900,
2024-09-08,ALREADY_PRESENT,chirps_meg_2024.09.08.npy,7900,
2024-09-09,ALREADY_PRESENT,chirps_meg_2024.09.09.npy,7900,
2024-09-10,ALREADY_PRESENT,chirps_meg_2024.09.10.npy,7900,
2024-09-11,ALREADY_PRESENT,chirps_meg_2024.09.11.npy,7900,
2024-09-12,ALREADY_PRESENT,chirps_meg_2024.09.12.npy,7900,
2024-09-13,ALREADY_PRESENT,chirps_meg_2024.09.13.npy,7900,
2024-09-14,ALREADY_PRESENT,chirps_meg_2024.09.14.npy,7900,
2024-09-15,ALREADY_PRESENT,chirps_meg_2024.09.15.npy,7900,
2024-09-16,ALREADY_PRESENT,chirps_meg_2024.09.16.npy,7900,
2024-09-17,ALREADY_PRESENT,chirps_meg_2024.09.17.npy,7900,
2024-09-18,ALREADY_PRESENT,chirps_meg_2024.09.18.npy,7900,
2024-09-19,ALREADY_PRESENT,chirps_meg_2024.09.19.npy,7900,
2024-09-20,ALREADY_PRESENT,chirps_meg_2024.09.20.npy,7900,
2024-09-21,ALREADY_PRESENT,chirps_meg_2024.09.21.npy,7900,
2024-09-22,ALREADY_PRESENT,chirps_meg_2024.09.22.npy,7900,
2024-09-23,ALREADY_PRESENT,chirps_meg_2024.09.23.npy,7900,
2024-09-24,ALREADY_PRESENT,chirps_meg_2024.09.24.npy,7900,
2024-09-25,ALREADY_PRESENT,chirps_meg_2024.09.25.npy,7900,
2024-09-26,ALREADY_PRESENT,chirps_meg_2024.09.26.npy,7900,
2024-09-27,ALREADY_PRESENT,chirps_meg_2024.09.27.npy,7900,
2024-09-28,ALREADY_PRESENT,chirps_meg_2024.09.28.npy,7900,
2024-09-29,ALREADY_PRESENT,chirps_meg_2024.09.29.npy,7900,
2024-09-30,ALREADY_PRESENT,chirps_meg_2024.09.30.npy,7900,
2024-10-01,ALREADY_PRESENT,chirps_meg_2024.10.01.npy,7900,
2024-10-02,ALREADY_PRESENT,chirps_meg_2024.10.02.npy,7900,
2024-10-03,ALREADY_PRESENT,chirps_meg_2024.10.03.npy,7900,
2024-10-04,ALREADY_PRESENT,chirps_meg_2024.10.04.npy,7900,
2024-10-05,ALREADY_PRESENT,chirps_meg_2024.10.05.npy,7900,
2024-10-06,ALREADY_PRESENT,chirps_meg_2024.10.06.npy,7900,
2024-10-07,ALREADY_PRESENT,chirps_meg_2024.10.07.npy,7900,
2024-10-08,ALREADY_PRESENT,chirps_meg_2024.10.08.npy,7900,
2024-10-09,DOWNLOADED_AND_VERIFIED,chirps_meg_2024.10.09.npy,7900,
2024-10-10,DOWNLOADED_AND_VERIFIED,chirps_meg_2024.10.10.npy,7900,
2024-10-11,DOWNLOADED_AND_VERIFIED,chirps_meg_2024.10.11.npy,7900,
2024-10-12,DOWNLOADED_AND_VERIFIED,chirps_meg_2024.10.12.npy,7900,
2024-10-13,DOWNLOADED_AND_VERIFIED,chirps_meg_2024.10.13.npy,7900,
2024-10-14,DOWNLOADED_AND_VERIFIED,chirps_meg_2024.10.14.npy,7900,
2024-10-15,DOWNLOADED_AND_VERIFIED,chirps_meg_2024.10.15.npy,7900,
2024-10-16,DOWNLOADED_AND_VERIFIED,chirps_meg_2024.10.16.npy,7900,
2024-10-17,DOWNLOADED_AND_VERIFIED,chirps_meg_2024.10.17.npy,7900,
2024-10-18,DOWNLOADED_AND_VERIFIED,chirps_meg_2024.10.18.npy,7900,
2024-10-19,DOWNLOADED_AND_VERIFIED,chirps_meg_2024.10.19.npy,7900,
2024-10-20,DOWNLOADED_AND_VERIFIED,chirps_meg_2024.10.20.npy,7900,
2024-10-21,DOWNLOADED_AND_VERIFIED,chirps_meg_2024.10.21.npy,7900,
2024-10-22,DOWNLOADED_AND_VERIFIED,chirps_meg_2024.10.22.npy,7900,
2024-10-23,DOWNLOADED_AND_VERIFIED,chirps_meg_2024.10.23.npy,7900,
2024-10-24,DOWNLOADED_AND_VERIFIED,chirps_meg_2024.10.24.npy,7900,
2024-10-25,DOWNLOADED_AND_VERIFIED,chirps_meg_2024.10.25.npy,7900,
2024-10-26,DOWNLOADED_AND_VERIFIED,chirps_meg_2024.10.26.npy,7900,
2024-10-27,DOWNLOADED_AND_VERIFIED,chirps_meg_2024.10.27.npy,7900,
2024-10-28,DOWNLOADED_AND_VERIFIED,chirps_meg_2024.10.28.npy,7900,
2024-10-29,DOWNLOADED_AND_VERIFIED,chirps_meg_2024.10.29.npy,7900,
2024-10-30,DOWNLOADED_AND_VERIFIED,chirps_meg_2024.10.30.npy,7900,
2024-10-31,DOWNLOADED_AND_VERIFIED,chirps_meg_2024.10.31.npy,7900,
2025-03-01,DOWNLOADED_AND_VERIFIED,chirps_meg_2025.03.01.npy,7900,
2025-03-02,DOWNLOADED_AND_VERIFIED,chirps_meg_2025.03.02.npy,7900,
2025-03-03,DOWNLOADED_AND_VERIFIED,chirps_meg_2025.03.03.npy,7900,
2025-03-04,DOWNLOADED_AND_VERIFIED,chirps_meg_2025.03.04.npy,7900,
2025-03-05,DOWNLOADED_AND_VERIFIED,chirps_meg_2025.03.05.npy,7900,
2025-03-06,DOWNLOADED_AND_VERIFIED,chirps_meg_2025.03.06.npy,7900,
2025-03-07,DOWNLOADED_AND_VERIFIED,chirps_meg_2025.03.07.npy,7900,
2025-03-08,DOWNLOADED_AND_VERIFIED,chirps_meg_2025.03.08.npy,7900,
2025-03-09,DOWNLOADED_AND_VERIFIED,chirps_meg_2025.03.09.npy,7900,
2025-03-10,DOWNLOADED_AND_VERIFIED,chirps_meg_2025.03.10.npy,7900,
2025-03-11,DOWNLOADED_AND_VERIFIED,chirps_meg_2025.03.11.npy,7900,
2025-03-12,DOWNLOADED_AND_VERIFIED,chirps_meg_2025.03.12.npy,7900,
2025-03-13,DOWNLOADED_AND_VERIFIED,chirps_meg_2025.03.13.npy,7900,
2025-03-14,DOWNLOADED_AND_VERIFIED,chirps_meg_2025.03.14.npy,7900,
2025-03-15,DOWNLOADED_AND_VERIFIED,chirps_meg_2025.03.15.npy,7900,
2025-03-16,DOWNLOADED_AND_VERIFIED,chirps_meg_2025.03.16.npy,7900,
2025-03-17,DOWNLOADED_AND_VERIFIED,chirps_meg_2025.03.17.npy,7900,
2025-03-18,DOWNLOADED_AND_VERIFIED,chirps_meg_2025.03.18.npy,7900,
2025-03-19,DOWNLOADED_AND_VERIFIED,chirps_meg_2025.03.19.npy,7900,
2025-03-20,DOWNLOADED_AND_VERIFIED,chirps_meg_2025.03.20.npy,7900,
2025-03-21,DOWNLOADED_AND_VERIFIED,chirps_meg_2025.03.21.npy,7900,
2025-03-22,DOWNLOADED_AND_VERIFIED,chirps_meg_2025.03.22.npy,7900,
2025-03-23,DOWNLOADED_AND_VERIFIED,chirps_meg_2025.03.23.npy,7900,
2025-03-24,DOWNLOADED_AND_VERIFIED,chirps_meg_2025.03.24.npy,7900,
2025-03-25,DOWNLOADED_AND_VERIFIED,chirps_meg_2025.03.25.npy,7900,
2025-03-26,DOWNLOADED_AND_VERIFIED,chirps_meg_2025.03.26.npy,7900,
2025-03-27,DOWNLOADED_AND_VERIFIED,chirps_meg_2025.03.27.npy,7900,
2025-03-28,DOWNLOADED_AND_VERIFIED,chirps_meg_2025.03.28.npy,7900,
2025-03-29,DOWNLOADED_AND_VERIFIED,chirps_meg_2025.03.29.npy,7900,
2025-03-30,DOWNLOADED_AND_VERIFIED,chirps_meg_2025.03.30.npy,7900,
2025-03-31,DOWNLOADED_AND_VERIFIED,chirps_meg_2025.03.31.npy,7900,
2025-04-01,DOWNLOADED_AND_VERIFIED,chirps_meg_2025.04.01.npy,7900,
2025-04-02,DOWNLOADED_AND_VERIFIED,chirps_meg_2025.04.02.npy,7900,
2025-04-03,DOWNLOADED_AND_VERIFIED,chirps_meg_2025.04.03.npy,7900,
2025-04-04,DOWNLOADED_AND_VERIFIED,chirps_meg_2025.04.04.npy,7900,
2025-04-05,DOWNLOADED_AND_VERIFIED,chirps_meg_2025.04.05.npy,7900,
2025-04-06,DOWNLOADED_AND_VERIFIED,chirps_meg_2025.04.06.npy,7900,
2025-04-07,DOWNLOADED_AND_VERIFIED,chirps_meg_2025.04.07.npy,7900,
2025-04-08,DOWNLOADED_AND_VERIFIED,chirps_meg_2025.04.08.npy,7900,
2025-04-09,DOWNLOADED_AND_VERIFIED,chirps_meg_2025.04.09.npy,7900,
2025-04-10,DOWNLOADED_AND_VERIFIED,chirps_meg_2025.04.10.npy,7900,
2025-04-11,DOWNLOADED_AND_VERIFIED,chirps_meg_2025.04.11.npy,7900,
2025-04-12,DOWNLOADED_AND_VERIFIED,chirps_meg_2025.04.12.npy,7900,
2025-04-13,DOWNLOADED_AND_VERIFIED,chirps_meg_2025.04.13.npy,7900,
2025-04-14,DOWNLOADED_AND_VERIFIED,chirps_meg_2025.04.14.npy,7900,
2025-04-15,DOWNLOADED_AND_VERIFIED,chirps_meg_2025.04.15.npy,7900,
2025-04-16,DOWNLOADED_AND_VERIFIED,chirps_meg_2025.04.16.npy,7900,
2025-04-17,DOWNLOADED_AND_VERIFIED,chirps_meg_2025.04.17.npy,7900,
2025-04-18,DOWNLOADED_AND_VERIFIED,chirps_meg_2025.04.18.npy,7900,
2025-04-19,DOWNLOADED_AND_VERIFIED,chirps_meg_2025.04.19.npy,7900,
2025-04-20,DOWNLOADED_AND_VERIFIED,chirps_meg_2025.04.20.npy,7900,
2025-04-21,DOWNLOADED_AND_VERIFIED,chirps_meg_2025.04.21.npy,7900,
2025-04-22,DOWNLOADED_AND_VERIFIED,chirps_meg_2025.04.22.npy,7900,
2025-04-23,DOWNLOADED_AND_VERIFIED,chirps_meg_2025.04.23.npy,7900,
2025-04-24,DOWNLOADED_AND_VERIFIED,chirps_meg_2025.04.24.npy,7900,
2025-04-25,DOWNLOADED_AND_VERIFIED,chirps_meg_2025.04.25.npy,7900,
2025-04-26,DOWNLOADED_AND_VERIFIED,chirps_meg_2025.04.26.npy,7900,
2025-04-27,DOWNLOADED_AND_VERIFIED,chirps_meg_2025.04.27.npy,7900,
2025-04-28,DOWNLOADED_AND_VERIFIED,chirps_meg_2025.04.28.npy,7900,
2025-04-29,ALREADY_PRESENT,chirps_meg_2025.04.29.npy,7900,
2025-04-30,ALREADY_PRESENT,chirps_meg_2025.04.30.npy,7900,
2025-05-01,ALREADY_PRESENT,chirps_meg_2025.05.01.npy,7900,
2025-05-02,ALREADY_PRESENT,chirps_meg_2025.05.02.npy,7900,
2025-05-03,ALREADY_PRESENT,chirps_meg_2025.05.03.npy,7900,
2025-05-04,ALREADY_PRESENT,chirps_meg_2025.05.04.npy,7900,
2025-05-05,ALREADY_PRESENT,chirps_meg_2025.05.05.npy,7900,
2025-05-06,ALREADY_PRESENT,chirps_meg_2025.05.06.npy,7900,
2025-05-07,ALREADY_PRESENT,chirps_meg_2025.05.07.npy,7900,
2025-05-08,ALREADY_PRESENT,chirps_meg_2025.05.08.npy,7900,
2025-05-09,ALREADY_PRESENT,chirps_meg_2025.05.09.npy,7900,
2025-05-10,ALREADY_PRESENT,chirps_meg_2025.05.10.npy,7900,
2025-05-11,ALREADY_PRESENT,chirps_meg_2025.05.11.npy,7900,
2025-05-12,ALREADY_PRESENT,chirps_meg_2025.05.12.npy,7900,
2025-05-13,ALREADY_PRESENT,chirps_meg_2025.05.13.npy,7900,
2025-05-14,ALREADY_PRESENT,chirps_meg_2025.05.14.npy,7900,
2025-05-15,ALREADY_PRESENT,chirps_meg_2025.05.15.npy,7900,
2025-05-16,ALREADY_PRESENT,chirps_meg_2025.05.16.npy,7900,
2025-05-17,ALREADY_PRESENT,chirps_meg_2025.05.17.npy,7900,
2025-05-18,ALREADY_PRESENT,chirps_meg_2025.05.18.npy,7900,
2025-05-19,ALREADY_PRESENT,chirps_meg_2025.05.19.npy,7900,
2025-05-20,ALREADY_PRESENT,chirps_meg_2025.05.20.npy,7900,
2025-05-21,ALREADY_PRESENT,chirps_meg_2025.05.21.npy,7900,
2025-05-22,ALREADY_PRESENT,chirps_meg_2025.05.22.npy,7900,
2025-05-23,ALREADY_PRESENT,chirps_meg_2025.05.23.npy,7900,
2025-05-24,ALREADY_PRESENT,chirps_meg_2025.05.24.npy,7900,
2025-05-25,ALREADY_PRESENT,chirps_meg_2025.05.25.npy,7900,
2025-05-26,ALREADY_PRESENT,chirps_meg_2025.05.26.npy,7900,
2025-05-27,ALREADY_PRESENT,chirps_meg_2025.05.27.npy,7900,
2025-05-28,ALREADY_PRESENT,chirps_meg_2025.05.28.npy,7900,
2025-05-29,ALREADY_PRESENT,chirps_meg_2025.05.29.npy,7900,
2025-05-30,ALREADY_PRESENT,chirps_meg_2025.05.30.npy,7900,
2025-05-31,ALREADY_PRESENT,chirps_meg_2025.05.31.npy,7900,
2025-06-01,ALREADY_PRESENT,chirps_meg_2025.06.01.npy,7900,
2025-06-02,ALREADY_PRESENT,chirps_meg_2025.06.02.npy,7900,
2025-06-03,ALREADY_PRESENT,chirps_meg_2025.06.03.npy,7900,
2025-06-04,ALREADY_PRESENT,chirps_meg_2025.06.04.npy,7900,
2025-06-05,ALREADY_PRESENT,chirps_meg_2025.06.05.npy,7900,
2025-06-06,ALREADY_PRESENT,chirps_meg_2025.06.06.npy,7900,
2025-06-07,ALREADY_PRESENT,chirps_meg_2025.06.07.npy,7900,
2025-06-08,ALREADY_PRESENT,chirps_meg_2025.06.08.npy,7900,
2025-06-09,ALREADY_PRESENT,chirps_meg_2025.06.09.npy,7900,
2025-06-10,ALREADY_PRESENT,chirps_meg_2025.06.10.npy,7900,
2025-06-11,ALREADY_PRESENT,chirps_meg_2025.06.11.npy,7900,
2025-06-12,ALREADY_PRESENT,chirps_meg_2025.06.12.npy,7900,
2025-06-13,ALREADY_PRESENT,chirps_meg_2025.06.13.npy,7900,
2025-06-14,ALREADY_PRESENT,chirps_meg_2025.06.14.npy,7900,
2025-06-15,ALREADY_PRESENT,chirps_meg_2025.06.15.npy,7900,
2025-06-16,ALREADY_PRESENT,chirps_meg_2025.06.16.npy,7900,
2025-06-17,ALREADY_PRESENT,chirps_meg_2025.06.17.npy,7900,
2025-06-18,ALREADY_PRESENT,chirps_meg_2025.06.18.npy,7900,
2025-06-19,ALREADY_PRESENT,chirps_meg_2025.06.19.npy,7900,
2025-06-20,ALREADY_PRESENT,chirps_meg_2025.06.20.npy,7900,
2025-06-21,ALREADY_PRESENT,chirps_meg_2025.06.21.npy,7900,
2025-06-22,ALREADY_PRESENT,chirps_meg_2025.06.22.npy,7900,
2025-06-23,ALREADY_PRESENT,chirps_meg_2025.06.23.npy,7900,
2025-06-24,ALREADY_PRESENT,chirps_meg_2025.06.24.npy,7900,
2025-06-25,ALREADY_PRESENT,chirps_meg_2025.06.25.npy,7900,
2025-06-26,ALREADY_PRESENT,chirps_meg_2025.06.26.npy,7900,
2025-06-27,ALREADY_PRESENT,chirps_meg_2025.06.27.npy,7900,
2025-06-28,ALREADY_PRESENT,chirps_meg_2025.06.28.npy,7900,
2025-06-29,ALREADY_PRESENT,chirps_meg_2025.06.29.npy,7900,
2025-06-30,ALREADY_PRESENT,chirps_meg_2025.06.30.npy,7900,
2025-07-01,ALREADY_PRESENT,chirps_meg_2025.07.01.npy,7900,
2025-07-02,ALREADY_PRESENT,chirps_meg_2025.07.02.npy,7900,
2025-07-03,ALREADY_PRESENT,chirps_meg_2025.07.03.npy,7900,
2025-07-04,ALREADY_PRESENT,chirps_meg_2025.07.04.npy,7900,
2025-07-05,ALREADY_PRESENT,chirps_meg_2025.07.05.npy,7900,
2025-07-06,ALREADY_PRESENT,chirps_meg_2025.07.06.npy,7900,
2025-07-07,DOWNLOADED_AND_VERIFIED,chirps_meg_2025.07.07.npy,7900,
2025-07-08,DOWNLOADED_AND_VERIFIED,chirps_meg_2025.07.08.npy,7900,
2025-07-09,DOWNLOADED_AND_VERIFIED,chirps_meg_2025.07.09.npy,7900,
2025-07-10,DOWNLOADED_AND_VERIFIED,chirps_meg_2025.07.10.npy,7900,
2025-07-11,DOWNLOADED_AND_VERIFIED,chirps_meg_2025.07.11.npy,7900,
2025-07-12,DOWNLOADED_AND_VERIFIED,chirps_meg_2025.07.12.npy,7900,
2025-07-13,DOWNLOADED_AND_VERIFIED,chirps_meg_2025.07.13.npy,7900,
2025-07-14,DOWNLOADED_AND_VERIFIED,chirps_meg_2025.07.14.npy,7900,
2025-07-15,DOWNLOADED_AND_VERIFIED,chirps_meg_2025.07.15.npy,7900,
2025-07-16,DOWNLOADED_AND_VERIFIED,chirps_meg_2025.07.16.npy,7900,
2025-07-17,DOWNLOADED_AND_VERIFIED,chirps_meg_2025.07.17.npy,7900,
2025-07-18,DOWNLOADED_AND_VERIFIED,chirps_meg_2025.07.18.npy,7900,
2025-07-19,DOWNLOADED_AND_VERIFIED,chirps_meg_2025.07.19.npy,7900,
2025-07-20,DOWNLOADED_AND_VERIFIED,chirps_meg_2025.07.20.npy,7900,
2025-07-21,ALREADY_PRESENT,chirps_meg_2025.07.21.npy,7900,
2025-07-22,ALREADY_PRESENT,chirps_meg_2025.07.22.npy,7900,
2025-07-23,ALREADY_PRESENT,chirps_meg_2025.07.23.npy,7900,
2025-07-24,ALREADY_PRESENT,chirps_meg_2025.07.24.npy,7900,
2025-07-25,ALREADY_PRESENT,chirps_meg_2025.07.25.npy,7900,
2025-07-26,ALREADY_PRESENT,chirps_meg_2025.07.26.npy,7900,
2025-07-27,ALREADY_PRESENT,chirps_meg_2025.07.27.npy,7900,
2025-07-28,ALREADY_PRESENT,chirps_meg_2025.07.28.npy,7900,
2025-07-29,ALREADY_PRESENT,chirps_meg_2025.07.29.npy,7900,
2025-07-30,ALREADY_PRESENT,chirps_meg_2025.07.30.npy,7900,
2025-07-31,ALREADY_PRESENT,chirps_meg_2025.07.31.npy,7900,
2025-08-01,ALREADY_PRESENT,chirps_meg_2025.08.01.npy,7900,
2025-08-02,ALREADY_PRESENT,chirps_meg_2025.08.02.npy,7900,
2025-08-03,ALREADY_PRESENT,chirps_meg_2025.08.03.npy,7900,
2025-08-04,ALREADY_PRESENT,chirps_meg_2025.08.04.npy,7900,
2025-08-05,ALREADY_PRESENT,chirps_meg_2025.08.05.npy,7900,
2025-08-06,ALREADY_PRESENT,chirps_meg_2025.08.06.npy,7900,
2025-08-07,ALREADY_PRESENT,chirps_meg_2025.08.07.npy,7900,
2025-08-08,ALREADY_PRESENT,chirps_meg_2025.08.08.npy,7900,
2025-08-09,ALREADY_PRESENT,chirps_meg_2025.08.09.npy,7900,
2025-08-10,ALREADY_PRESENT,chirps_meg_2025.08.10.npy,7900,
2025-08-11,ALREADY_PRESENT,chirps_meg_2025.08.11.npy,7900,
2025-08-12,ALREADY_PRESENT,chirps_meg_2025.08.12.npy,7900,
2025-08-13,ALREADY_PRESENT,chirps_meg_2025.08.13.npy,7900,
2025-08-14,ALREADY_PRESENT,chirps_meg_2025.08.14.npy,7900,
2025-08-15,ALREADY_PRESENT,chirps_meg_2025.08.15.npy,7900,
2025-08-16,ALREADY_PRESENT,chirps_meg_2025.08.16.npy,7900,
2025-08-17,ALREADY_PRESENT,chirps_meg_2025.08.17.npy,7900,
2025-08-18,ALREADY_PRESENT,chirps_meg_2025.08.18.npy,7900,
2025-08-19,ALREADY_PRESENT,chirps_meg_2025.08.19.npy,7900,
2025-08-20,DOWNLOADED_AND_VERIFIED,chirps_meg_2025.08.20.npy,7900,
2025-08-21,DOWNLOADED_AND_VERIFIED,chirps_meg_2025.08.21.npy,7900,
2025-08-22,DOWNLOADED_AND_VERIFIED,chirps_meg_2025.08.22.npy,7900,
2025-08-23,DOWNLOADED_AND_VERIFIED,chirps_meg_2025.08.23.npy,7900,
2025-08-24,DOWNLOADED_AND_VERIFIED,chirps_meg_2025.08.24.npy,7900,
2025-08-25,DOWNLOADED_AND_VERIFIED,chirps_meg_2025.08.25.npy,7900,
2025-08-26,DOWNLOADED_AND_VERIFIED,chirps_meg_2025.08.26.npy,7900,
2025-08-27,DOWNLOADED_AND_VERIFIED,chirps_meg_2025.08.27.npy,7900,
2025-08-28,DOWNLOADED_AND_VERIFIED,chirps_meg_2025.08.28.npy,7900,
2025-08-29,DOWNLOADED_AND_VERIFIED,chirps_meg_2025.08.29.npy,7900,
2025-08-30,DOWNLOADED_AND_VERIFIED,chirps_meg_2025.08.30.npy,7900,
2025-08-31,DOWNLOADED_AND_VERIFIED,chirps_meg_2025.08.31.npy,7900,
2025-09-01,DOWNLOADED_AND_VERIFIED,chirps_meg_2025.09.01.npy,7900,
2025-09-02,DOWNLOADED_AND_VERIFIED,chirps_meg_2025.09.02.npy,7900,
2025-09-03,DOWNLOADED_AND_VERIFIED,chirps_meg_2025.09.03.npy,7900,
2025-09-04,DOWNLOADED_AND_VERIFIED,chirps_meg_2025.09.04.npy,7900,
2025-09-05,DOWNLOADED_AND_VERIFIED,chirps_meg_2025.09.05.npy,7900,
2025-09-06,DOWNLOADED_AND_VERIFIED,chirps_meg_2025.09.06.npy,7900,
2025-09-07,DOWNLOADED_AND_VERIFIED,chirps_meg_2025.09.07.npy,7900,
2025-09-08,DOWNLOADED_AND_VERIFIED,chirps_meg_2025.09.08.npy,7900,
2025-09-09,DOWNLOADED_AND_VERIFIED,chirps_meg_2025.09.09.npy,7900,
2025-09-10,DOWNLOADED_AND_VERIFIED,chirps_meg_2025.09.10.npy,7900,
2025-09-11,DOWNLOADED_AND_VERIFIED,chirps_meg_2025.09.11.npy,7900,
2025-09-12,DOWNLOADED_AND_VERIFIED,chirps_meg_2025.09.12.npy,7900,
2025-09-13,DOWNLOADED_AND_VERIFIED,chirps_meg_2025.09.13.npy,7900,
2025-09-14,DOWNLOADED_AND_VERIFIED,chirps_meg_2025.09.14.npy,7900,
2025-09-15,DOWNLOADED_AND_VERIFIED,chirps_meg_2025.09.15.npy,7900,
2025-09-16,DOWNLOADED_AND_VERIFIED,chirps_meg_2025.09.16.npy,7900,
2025-09-17,DOWNLOADED_AND_VERIFIED,chirps_meg_2025.09.17.npy,7900,
2025-09-18,DOWNLOADED_AND_VERIFIED,chirps_meg_2025.09.18.npy,7900,
2025-09-19,DOWNLOADED_AND_VERIFIED,chirps_meg_2025.09.19.npy,7900,
2025-09-20,DOWNLOADED_AND_VERIFIED,chirps_meg_2025.09.20.npy,7900,
2025-09-21,DOWNLOADED_AND_VERIFIED,chirps_meg_2025.09.21.npy,7900,
2025-09-22,DOWNLOADED_AND_VERIFIED,chirps_meg_2025.09.22.npy,7900,
2025-09-23,DOWNLOADED_AND_VERIFIED,chirps_meg_2025.09.23.npy,7900,
2025-09-24,DOWNLOADED_AND_VERIFIED,chirps_meg_2025.09.24.npy,7900,
2025-09-25,DOWNLOADED_AND_VERIFIED,chirps_meg_2025.09.25.npy,7900,
2025-09-26,DOWNLOADED_AND_VERIFIED,chirps_meg_2025.09.26.npy,7900,
2025-09-27,DOWNLOADED_AND_VERIFIED,chirps_meg_2025.09.27.npy,7900,
2025-09-28,DOWNLOADED_AND_VERIFIED,chirps_meg_2025.09.28.npy,7900,
2025-09-29,DOWNLOADED_AND_VERIFIED,chirps_meg_2025.09.29.npy,7900,
2025-09-30,DOWNLOADED_AND_VERIFIED,chirps_meg_2025.09.30.npy,7900,
2025-10-01,DOWNLOADED_AND_VERIFIED,chirps_meg_2025.10.01.npy,7900,
2025-10-02,DOWNLOADED_AND_VERIFIED,chirps_meg_2025.10.02.npy,7900,
2025-10-03,DOWNLOADED_AND_VERIFIED,chirps_meg_2025.10.03.npy,7900,
2025-10-04,DOWNLOADED_AND_VERIFIED,chirps_meg_2025.10.04.npy,7900,
2025-10-05,DOWNLOADED_AND_VERIFIED,chirps_meg_2025.10.05.npy,7900,
2025-10-06,DOWNLOADED_AND_VERIFIED,chirps_meg_2025.10.06.npy,7900,
2025-10-07,DOWNLOADED_AND_VERIFIED,chirps_meg_2025.10.07.npy,7900,
2025-10-08,DOWNLOADED_AND_VERIFIED,chirps_meg_2025.10.08.npy,7900,
2025-10-09,DOWNLOADED_AND_VERIFIED,chirps_meg_2025.10.09.npy,7900,
2025-10-10,DOWNLOADED_AND_VERIFIED,chirps_meg_2025.10.10.npy,7900,
2025-10-11,DOWNLOADED_AND_VERIFIED,chirps_meg_2025.10.11.npy,7900,
2025-10-12,DOWNLOADED_AND_VERIFIED,chirps_meg_2025.10.12.npy,7900,
2025-10-13,DOWNLOADED_AND_VERIFIED,chirps_meg_2025.10.13.npy,7900,
2025-10-14,DOWNLOADED_AND_VERIFIED,chirps_meg_2025.10.14.npy,7900,
2025-10-15,DOWNLOADED_AND_VERIFIED,chirps_meg_2025.10.15.npy,7900,
2025-10-16,DOWNLOADED_AND_VERIFIED,chirps_meg_2025.10.16.npy,7900,
2025-10-17,DOWNLOADED_AND_VERIFIED,chirps_meg_2025.10.17.npy,7900,
2025-10-18,DOWNLOADED_AND_VERIFIED,chirps_meg_2025.10.18.npy,7900,
2025-10-19,DOWNLOADED_AND_VERIFIED,chirps_meg_2025.10.19.npy,7900,
2025-10-20,DOWNLOADED_AND_VERIFIED,chirps_meg_2025.10.20.npy,7900,
2025-10-21,DOWNLOADED_AND_VERIFIED,chirps_meg_2025.10.21.npy,7900,
2025-10-22,DOWNLOADED_AND_VERIFIED,chirps_meg_2025.10.22.npy,7900,
2025-10-23,DOWNLOADED_AND_VERIFIED,chirps_meg_2025.10.23.npy,7900,
2025-10-24,DOWNLOADED_AND_VERIFIED,chirps_meg_2025.10.24.npy,7900,
2025-10-25,DOWNLOADED_AND_VERIFIED,chirps_meg_2025.10.25.npy,7900,
2025-10-26,DOWNLOADED_AND_VERIFIED,chirps_meg_2025.10.26.npy,7900,
2025-10-27,DOWNLOADED_AND_VERIFIED,chirps_meg_2025.10.27.npy,7900,
2025-10-28,DOWNLOADED_AND_VERIFIED,chirps_meg_2025.10.28.npy,7900,
2025-10-29,DOWNLOADED_AND_VERIFIED,chirps_meg_2025.10.29.npy,7900,
2025-10-30,DOWNLOADED_AND_VERIFIED,chirps_meg_2025.10.30.npy,7900,
2025-10-31,DOWNLOADED_AND_VERIFIED,chirps_meg_2025.10.31.npy,7900,
2026-03-01,DOWNLOADED_AND_VERIFIED,chirps_meg_2026.03.01.npy,7900,
2026-03-02,DOWNLOADED_AND_VERIFIED,chirps_meg_2026.03.02.npy,7900,
2026-03-03,DOWNLOADED_AND_VERIFIED,chirps_meg_2026.03.03.npy,7900,
2026-03-04,DOWNLOADED_AND_VERIFIED,chirps_meg_2026.03.04.npy,7900,
2026-03-05,DOWNLOADED_AND_VERIFIED,chirps_meg_2026.03.05.npy,7900,
2026-03-06,DOWNLOADED_AND_VERIFIED,chirps_meg_2026.03.06.npy,7900,
2026-03-07,DOWNLOADED_AND_VERIFIED,chirps_meg_2026.03.07.npy,7900,
2026-03-08,DOWNLOADED_AND_VERIFIED,chirps_meg_2026.03.08.npy,7900,
2026-03-09,DOWNLOADED_AND_VERIFIED,chirps_meg_2026.03.09.npy,7900,
2026-03-10,DOWNLOADED_AND_VERIFIED,chirps_meg_2026.03.10.npy,7900,
2026-03-11,DOWNLOADED_AND_VERIFIED,chirps_meg_2026.03.11.npy,7900,
2026-03-12,DOWNLOADED_AND_VERIFIED,chirps_meg_2026.03.12.npy,7900,
2026-03-13,DOWNLOADED_AND_VERIFIED,chirps_meg_2026.03.13.npy,7900,
2026-03-14,DOWNLOADED_AND_VERIFIED,chirps_meg_2026.03.14.npy,7900,
2026-03-15,DOWNLOADED_AND_VERIFIED,chirps_meg_2026.03.15.npy,7900,
2026-03-16,DOWNLOADED_AND_VERIFIED,chirps_meg_2026.03.16.npy,7900,
2026-03-17,DOWNLOADED_AND_VERIFIED,chirps_meg_2026.03.17.npy,7900,
2026-03-18,DOWNLOADED_AND_VERIFIED,chirps_meg_2026.03.18.npy,7900,
2026-03-19,DOWNLOADED_AND_VERIFIED,chirps_meg_2026.03.19.npy,7900,
2026-03-20,DOWNLOADED_AND_VERIFIED,chirps_meg_2026.03.20.npy,7900,
2026-03-21,DOWNLOADED_AND_VERIFIED,chirps_meg_2026.03.21.npy,7900,
2026-03-22,DOWNLOADED_AND_VERIFIED,chirps_meg_2026.03.22.npy,7900,
2026-03-23,DOWNLOADED_AND_VERIFIED,chirps_meg_2026.03.23.npy,7900,
2026-03-24,DOWNLOADED_AND_VERIFIED,chirps_meg_2026.03.24.npy,7900,
2026-03-25,DOWNLOADED_AND_VERIFIED,chirps_meg_2026.03.25.npy,7900,
2026-03-26,DOWNLOADED_AND_VERIFIED,chirps_meg_2026.03.26.npy,7900,
2026-03-27,DOWNLOADED_AND_VERIFIED,chirps_meg_2026.03.27.npy,7900,
2026-03-28,DOWNLOADED_AND_VERIFIED,chirps_meg_2026.03.28.npy,7900,
2026-03-29,DOWNLOADED_AND_VERIFIED,chirps_meg_2026.03.29.npy,7900,
2026-03-30,DOWNLOADED_AND_VERIFIED,chirps_meg_2026.03.30.npy,7900,
2026-03-31,DOWNLOADED_AND_VERIFIED,chirps_meg_2026.03.31.npy,7900,
2026-04-01,DOWNLOADED_AND_VERIFIED,chirps_meg_2026.04.01.npy,7900,
2026-04-02,DOWNLOADED_AND_VERIFIED,chirps_meg_2026.04.02.npy,7900,
2026-04-03,DOWNLOADED_AND_VERIFIED,chirps_meg_2026.04.03.npy,7900,
2026-04-04,DOWNLOADED_AND_VERIFIED,chirps_meg_2026.04.04.npy,7900,
2026-04-05,DOWNLOADED_AND_VERIFIED,chirps_meg_2026.04.05.npy,7900,
2026-04-06,DOWNLOADED_AND_VERIFIED,chirps_meg_2026.04.06.npy,7900,
2026-04-07,DOWNLOADED_AND_VERIFIED,chirps_meg_2026.04.07.npy,7900,
2026-04-08,DOWNLOADED_AND_VERIFIED,chirps_meg_2026.04.08.npy,7900,
2026-04-09,DOWNLOADED_AND_VERIFIED,chirps_meg_2026.04.09.npy,7900,
2026-04-10,DOWNLOADED_AND_VERIFIED,chirps_meg_2026.04.10.npy,7900,
2026-04-11,DOWNLOADED_AND_VERIFIED,chirps_meg_2026.04.11.npy,7900,
2026-04-12,DOWNLOADED_AND_VERIFIED,chirps_meg_2026.04.12.npy,7900,
2026-04-13,DOWNLOADED_AND_VERIFIED,chirps_meg_2026.04.13.npy,7900,
2026-04-14,DOWNLOADED_AND_VERIFIED,chirps_meg_2026.04.14.npy,7900,
2026-04-15,DOWNLOADED_AND_VERIFIED,chirps_meg_2026.04.15.npy,7900,
2026-04-16,DOWNLOADED_AND_VERIFIED,chirps_meg_2026.04.16.npy,7900,
2026-04-17,DOWNLOADED_AND_VERIFIED,chirps_meg_2026.04.17.npy,7900,
2026-04-18,DOWNLOADED_AND_VERIFIED,chirps_meg_2026.04.18.npy,7900,
2026-04-19,DOWNLOADED_AND_VERIFIED,chirps_meg_2026.04.19.npy,7900,
2026-04-20,DOWNLOADED_AND_VERIFIED,chirps_meg_2026.04.20.npy,7900,
2026-04-21,DOWNLOADED_AND_VERIFIED,chirps_meg_2026.04.21.npy,7900,
2026-04-22,DOWNLOADED_AND_VERIFIED,chirps_meg_2026.04.22.npy,7900,
2026-04-23,DOWNLOADED_AND_VERIFIED,chirps_meg_2026.04.23.npy,7900,
2026-04-24,DOWNLOADED_AND_VERIFIED,chirps_meg_2026.04.24.npy,7900,
2026-04-25,DOWNLOADED_AND_VERIFIED,chirps_meg_2026.04.25.npy,7900,
2026-04-26,DOWNLOADED_AND_VERIFIED,chirps_meg_2026.04.26.npy,7900,
2026-04-27,DOWNLOADED_AND_VERIFIED,chirps_meg_2026.04.27.npy,7900,
2026-04-28,DOWNLOADED_AND_VERIFIED,chirps_meg_2026.04.28.npy,7900,
2026-04-29,DOWNLOADED_AND_VERIFIED,chirps_meg_2026.04.29.npy,7900,
2026-04-30,DOWNLOADED_AND_VERIFIED,chirps_meg_2026.04.30.npy,7900,
2026-05-01,DOWNLOADED_AND_VERIFIED,chirps_meg_2026.05.01.npy,7900,
2026-05-02,DOWNLOADED_AND_VERIFIED,chirps_meg_2026.05.02.npy,7900,
2026-05-03,DOWNLOADED_AND_VERIFIED,chirps_meg_2026.05.03.npy,7900,
2026-05-04,DOWNLOADED_AND_VERIFIED,chirps_meg_2026.05.04.npy,7900,
2026-05-05,DOWNLOADED_AND_VERIFIED,chirps_meg_2026.05.05.npy,7900,
2026-05-06,DOWNLOADED_AND_VERIFIED,chirps_meg_2026.05.06.npy,7900,
2026-05-07,DOWNLOADED_AND_VERIFIED,chirps_meg_2026.05.07.npy,7900,
2026-05-08,DOWNLOADED_AND_VERIFIED,chirps_meg_2026.05.08.npy,7900,
2026-05-09,DOWNLOADED_AND_VERIFIED,chirps_meg_2026.05.09.npy,7900,
2026-05-10,DOWNLOADED_AND_VERIFIED,chirps_meg_2026.05.10.npy,7900,
2026-05-11,DOWNLOADED_AND_VERIFIED,chirps_meg_2026.05.11.npy,7900,
2026-05-12,DOWNLOADED_AND_VERIFIED,chirps_meg_2026.05.12.npy,7900,
2026-05-13,DOWNLOADED_AND_VERIFIED,chirps_meg_2026.05.13.npy,7900,
2026-05-14,DOWNLOADED_AND_VERIFIED,chirps_meg_2026.05.14.npy,7900,
2026-05-15,DOWNLOADED_AND_VERIFIED,chirps_meg_2026.05.15.npy,7900,
2026-05-16,DOWNLOADED_AND_VERIFIED,chirps_meg_2026.05.16.npy,7900,
2026-05-17,DOWNLOADED_AND_VERIFIED,chirps_meg_2026.05.17.npy,7900,
2026-05-18,DOWNLOADED_AND_VERIFIED,chirps_meg_2026.05.18.npy,7900,
2026-05-19,DOWNLOADED_AND_VERIFIED,chirps_meg_2026.05.19.npy,7900,
2026-05-20,DOWNLOADED_AND_VERIFIED,chirps_meg_2026.05.20.npy,7900,
2026-05-21,DOWNLOADED_AND_VERIFIED,chirps_meg_2026.05.21.npy,7900,
2026-05-22,DOWNLOADED_AND_VERIFIED,chirps_meg_2026.05.22.npy,7900,
2026-05-23,DOWNLOADED_AND_VERIFIED,chirps_meg_2026.05.23.npy,7900,
2026-05-24,DOWNLOADED_AND_VERIFIED,chirps_meg_2026.05.24.npy,7900,
2026-05-25,DOWNLOADED_AND_VERIFIED,chirps_meg_2026.05.25.npy,7900,
2026-05-26,DOWNLOADED_AND_VERIFIED,chirps_meg_2026.05.26.npy,7900,
2026-05-27,DOWNLOADED_AND_VERIFIED,chirps_meg_2026.05.27.npy,7900,
2026-05-28,DOWNLOADED_AND_VERIFIED,chirps_meg_2026.05.28.npy,7900,
2026-05-29,DOWNLOADED_AND_VERIFIED,chirps_meg_2026.05.29.npy,7900,
2026-05-30,DOWNLOADED_AND_VERIFIED,chirps_meg_2026.05.30.npy,7900,
2026-05-31,DOWNLOADED_AND_VERIFIED,chirps_meg_2026.05.31.npy,7900,
2026-06-01,DOWNLOADED_AND_VERIFIED,chirps_meg_2026.06.01.npy,7900,
2026-06-02,DOWNLOADED_AND_VERIFIED,chirps_meg_2026.06.02.npy,7900,
2026-06-03,DOWNLOADED_AND_VERIFIED,chirps_meg_2026.06.03.npy,7900,
2026-06-04,DOWNLOADED_AND_VERIFIED,chirps_meg_2026.06.04.npy,7900,
2026-06-05,DOWNLOADED_AND_VERIFIED,chirps_meg_2026.06.05.npy,7900,
2026-06-06,DOWNLOADED_AND_VERIFIED,chirps_meg_2026.06.06.npy,7900,
2026-06-07,DOWNLOADED_AND_VERIFIED,chirps_meg_2026.06.07.npy,7900,
2026-06-08,DOWNLOADED_AND_VERIFIED,chirps_meg_2026.06.08.npy,7900,
2026-06-09,DOWNLOADED_AND_VERIFIED,chirps_meg_2026.06.09.npy,7900,
2026-06-10,DOWNLOADED_AND_VERIFIED,chirps_meg_2026.06.10.npy,7900,
2026-06-11,DOWNLOADED_AND_VERIFIED,chirps_meg_2026.06.11.npy,7900,
2026-06-12,DOWNLOADED_AND_VERIFIED,chirps_meg_2026.06.12.npy,7900,
2026-06-13,DOWNLOADED_AND_VERIFIED,chirps_meg_2026.06.13.npy,7900,
2026-06-14,ALREADY_PRESENT,chirps_meg_2026.06.14.npy,7900,
2026-06-15,ALREADY_PRESENT,chirps_meg_2026.06.15.npy,7900,
2026-06-16,ALREADY_PRESENT,chirps_meg_2026.06.16.npy,7900,
2026-06-17,ALREADY_PRESENT,chirps_meg_2026.06.17.npy,7900,
2026-06-18,ALREADY_PRESENT,chirps_meg_2026.06.18.npy,7900,
2026-06-19,ALREADY_PRESENT,chirps_meg_2026.06.19.npy,7900,
2026-06-20,ALREADY_PRESENT,chirps_meg_2026.06.20.npy,7900,
2026-06-21,ALREADY_PRESENT,chirps_meg_2026.06.21.npy,7900,
2026-06-22,ALREADY_PRESENT,chirps_meg_2026.06.22.npy,7900,
2026-06-23,ALREADY_PRESENT,chirps_meg_2026.06.23.npy,7900,
2026-06-24,ALREADY_PRESENT,chirps_meg_2026.06.24.npy,7900,
2026-06-25,ALREADY_PRESENT,chirps_meg_2026.06.25.npy,7900,
2026-06-26,ALREADY_PRESENT,chirps_meg_2026.06.26.npy,7900,
2026-06-27,ALREADY_PRESENT,chirps_meg_2026.06.27.npy,7900,
2026-06-28,ALREADY_PRESENT,chirps_meg_2026.06.28.npy,7900,
2026-06-29,ALREADY_PRESENT,chirps_meg_2026.06.29.npy,7900,
2026-06-30,ALREADY_PRESENT,chirps_meg_2026.06.30.npy,7900,
2026-07-01,ALREADY_PRESENT,chirps_meg_2026.07.01.npy,7900,
2026-07-02,ALREADY_PRESENT,chirps_meg_2026.07.02.npy,7900,
2026-07-03,ALREADY_PRESENT,chirps_meg_2026.07.03.npy,7900,
2026-07-04,ALREADY_PRESENT,chirps_meg_2026.07.04.npy,7900,
2026-07-05,ALREADY_PRESENT,chirps_meg_2026.07.05.npy,7900,
2026-07-06,ALREADY_PRESENT,chirps_meg_2026.07.06.npy,7900,
2026-07-07,ALREADY_PRESENT,chirps_meg_2026.07.07.npy,7900,
2026-07-08,ALREADY_PRESENT,chirps_meg_2026.07.08.npy,7900,
2026-07-09,ALREADY_PRESENT,chirps_meg_2026.07.09.npy,7900,
2026-07-10,ALREADY_PRESENT,chirps_meg_2026.07.10.npy,7900,
2026-07-11,ALREADY_PRESENT,chirps_meg_2026.07.11.npy,7900,
2026-07-12,ALREADY_PRESENT,chirps_meg_2026.07.12.npy,7900,
2026-07-13,ALREADY_PRESENT,chirps_meg_2026.07.13.npy,7900,
2026-07-14,DOWNLOADED_AND_VERIFIED,chirps_meg_2026.07.14.npy,7900,
2026-07-15,DOWNLOADED_AND_VERIFIED,chirps_meg_2026.07.15.npy,7900,
2026-07-16,DOWNLOADED_AND_VERIFIED,chirps_meg_2026.07.16.npy,7900,
2026-07-17,DOWNLOADED_AND_VERIFIED,chirps_meg_2026.07.17.npy,7900,
2026-07-18,DOWNLOADED_AND_VERIFIED,chirps_meg_2026.07.18.npy,7900,
2026-07-19,DOWNLOADED_AND_VERIFIED,chirps_meg_2026.07.19.npy,7900,
2026-07-20,DOWNLOADED_AND_VERIFIED,chirps_meg_2026.07.20.npy,7900,
2026-07-21,DOWNLOADED_AND_VERIFIED,chirps_meg_2026.07.21.npy,7900,
2026-07-22,DOWNLOADED_AND_VERIFIED,chirps_meg_2026.07.22.npy,7900,
2026-07-23,DOWNLOADED_AND_VERIFIED,chirps_meg_2026.07.23.npy,7900,
2026-07-24,DOWNLOADED_AND_VERIFIED,chirps_meg_2026.07.24.npy,7900,
2026-07-25,DOWNLOADED_AND_VERIFIED,chirps_meg_2026.07.25.npy,7900,
2026-07-26,DOWNLOADED_AND_VERIFIED,chirps_meg_2026.07.26.npy,7900,
2026-07-27,DOWNLOADED_AND_VERIFIED,chirps_meg_2026.07.27.npy,7900,
2026-07-28,DOWNLOADED_AND_VERIFIED,chirps_meg_2026.07.28.npy,7900,
2026-07-29,DOWNLOADED_AND_VERIFIED,chirps_meg_2026.07.29.npy,7900,
2026-07-30,DOWNLOADED_AND_VERIFIED,chirps_meg_2026.07.30.npy,7900,
2026-07-31,DOWNLOADED_AND_VERIFIED,chirps_meg_2026.07.31.npy,7900,
