grid_cell_id,latitude,longitude,spatial_block_id,spatial_block_name,elevation_m,slope_deg,static_susceptibility_P_S,dynamic_trigger_P_D,coupled_risk_score,alert_tier_code,alert_tier_name,alert_color_hex,recommended_action
CELL_MEG_0001,25.54515,90.10081,1,Garo Hills Block,69.2,21.8,0.0394,0.6284,0.0248,Level 1: Green,Low / Normal Baseline Monitoring,#22c55e,Routine baseline monitoring. Safe terrain condition.
CELL_MEG_0002,25.50737,91.59432,2,West Khasi Block,1370.6,26.9,0.0519,0.6284,0.0326,Level 1: Green,Low / Normal Baseline Monitoring,#22c55e,Routine baseline monitoring. Safe terrain condition.
CELL_MEG_0003,25.89165,92.34897,4,Ri-Bhoi Block,1079.0,29.2,0.0579,0.6284,0.0364,Level 1: Green,Low / Normal Baseline Monitoring,#22c55e,Routine baseline monitoring. Safe terrain condition.
CELL_MEG_0004,25.30864,91.4529,2,West Khasi Block,1138.3,19.5,0.049,0.6284,0.0308,Level 1: Green,Low / Normal Baseline Monitoring,#22c55e,Routine baseline monitoring. Safe terrain condition.
CELL_MEG_0005,25.58252,91.46093,2,West Khasi Block,1285.9,18.3,0.127,0.6284,0.0798,Level 1: Green,Low / Normal Baseline Monitoring,#22c55e,Routine baseline monitoring. Safe terrain condition.
CELL_MEG_0006,25.23544,91.72956,3,East Khasi Block,1436.8,27.3,0.0376,0.6284,0.0236,Level 1: Green,Low / Normal Baseline Monitoring,#22c55e,Routine baseline monitoring. Safe terrain condition.
CELL_MEG_0007,25.12062,91.61419,3,East Khasi Block,1158.1,24.1,0.0418,0.6284,0.0263,Level 1: Green,Low / Normal Baseline Monitoring,#22c55e,Routine baseline monitoring. Safe terrain condition.
CELL_MEG_0008,25.85167,92.28532,4,Ri-Bhoi Block,1144.3,25.5,0.021,0.6284,0.0132,Level 1: Green,Low / Normal Baseline Monitoring,#22c55e,Routine baseline monitoring. Safe terrain condition.
CELL_MEG_0009,25.53841,91.26273,2,West Khasi Block,903.5,15.4,0.3419,0.6284,0.2149,Level 3: Orange,Warning / Heightened Hazard Alert,#f97316,Heightened warning. Travel caution and heavy transport limits.
CELL_MEG_0010,25.19606,91.93274,3,East Khasi Block,1293.9,29.7,0.0215,0.6284,0.0135,Level 1: Green,Low / Normal Baseline Monitoring,#22c55e,Routine baseline monitoring. Safe terrain condition.
CELL_MEG_0011,25.26818,90.65476,1,Garo Hills Block,57.0,27.8,0.0206,0.6284,0.013,Level 1: Green,Low / Normal Baseline Monitoring,#22c55e,Routine baseline monitoring. Safe terrain condition.
CELL_MEG_0012,25.06576,91.37415,2,West Khasi Block,819.8,32.5,0.0263,0.6284,0.0166,Level 1: Green,Low / Normal Baseline Monitoring,#22c55e,Routine baseline monitoring. Safe terrain condition.
CELL_MEG_0013,25.73121,92.402,4,Ri-Bhoi Block,1042.6,26.0,0.0763,0.6284,0.0479,Level 1: Green,Low / Normal Baseline Monitoring,#22c55e,Routine baseline monitoring. Safe terrain condition.
CELL_MEG_0014,25.32648,91.5261,2,West Khasi Block,1293.4,15.7,0.0451,0.6284,0.0284,Level 1: Green,Low / Normal Baseline Monitoring,#22c55e,Routine baseline monitoring. Safe terrain condition.
CELL_MEG_0015,25.25615,91.58133,2,West Khasi Block,1210.5,32.1,0.1494,0.6284,0.0939,Level 1: Green,Low / Normal Baseline Monitoring,#22c55e,Routine baseline monitoring. Safe terrain condition.
CELL_MEG_0016,25.38762,91.58056,2,West Khasi Block,1451.7,25.7,0.1099,0.6284,0.0691,Level 1: Green,Low / Normal Baseline Monitoring,#22c55e,Routine baseline monitoring. Safe terrain condition.
CELL_MEG_0017,25.89514,91.89075,4,Ri-Bhoi Block,1328.8,33.8,0.0378,0.6284,0.0237,Level 1: Green,Low / Normal Baseline Monitoring,#22c55e,Routine baseline monitoring. Safe terrain condition.
CELL_MEG_0018,25.06565,91.00579,2,West Khasi Block,485.9,23.9,0.0891,0.6284,0.056,Level 1: Green,Low / Normal Baseline Monitoring,#22c55e,Routine baseline monitoring. Safe terrain condition.
CELL_MEG_0019,25.1195,91.11684,2,West Khasi Block,601.6,24.3,0.0245,0.6284,0.0154,Level 1: Green,Low / Normal Baseline Monitoring,#22c55e,Routine baseline monitoring. Safe terrain condition.
CELL_MEG_0020,25.61203,91.79947,3,East Khasi Block,1704.0,23.4,0.084,0.6284,0.0528,Level 1: Green,Low / Normal Baseline Monitoring,#22c55e,Routine baseline monitoring. Safe terrain condition.
CELL_MEG_0021,25.1035,92.07484,5,Jaintia Hills Block,1127.3,19.6,0.0517,0.6284,0.0325,Level 1: Green,Low / Normal Baseline Monitoring,#22c55e,Routine baseline monitoring. Safe terrain condition.
CELL_MEG_0022,25.6567,90.802,1,Garo Hills Block,261.0,33.6,0.0208,0.6284,0.013,Level 1: Green,Low / Normal Baseline Monitoring,#22c55e,Routine baseline monitoring. Safe terrain condition.
CELL_MEG_0023,25.69917,91.29809,4,Ri-Bhoi Block,1070.6,26.2,0.2535,0.6284,0.1593,Level 3: Orange,Warning / Heightened Hazard Alert,#f97316,Heightened warning. Travel caution and heavy transport limits.
CELL_MEG_0024,25.54854,91.70409,3,East Khasi Block,1666.2,18.0,0.3036,0.6284,0.1908,Level 3: Orange,Warning / Heightened Hazard Alert,#f97316,Heightened warning. Travel caution and heavy transport limits.
CELL_MEG_0025,25.70596,91.34706,4,Ri-Bhoi Block,1064.6,29.9,0.0457,0.6284,0.0287,Level 1: Green,Low / Normal Baseline Monitoring,#22c55e,Routine baseline monitoring. Safe terrain condition.
CELL_MEG_0026,25.24918,91.6031,3,East Khasi Block,1223.8,34.6,0.0274,0.6284,0.0172,Level 1: Green,Low / Normal Baseline Monitoring,#22c55e,Routine baseline monitoring. Safe terrain condition.
CELL_MEG_0027,25.92059,91.87528,4,Ri-Bhoi Block,1335.1,29.2,0.03,0.6284,0.0188,Level 1: Green,Low / Normal Baseline Monitoring,#22c55e,Routine baseline monitoring. Safe terrain condition.
CELL_MEG_0028,25.14171,90.68056,1,Garo Hills Block,66.9,15.7,0.0397,0.6284,0.0249,Level 1: Green,Low / Normal Baseline Monitoring,#22c55e,Routine baseline monitoring. Safe terrain condition.
CELL_MEG_0029,25.18216,92.08876,5,Jaintia Hills Block,1307.2,24.6,0.0546,0.6284,0.0343,Level 1: Green,Low / Normal Baseline Monitoring,#22c55e,Routine baseline monitoring. Safe terrain condition.
CELL_MEG_0030,25.40273,91.87375,3,East Khasi Block,1705.2,31.0,0.0496,0.6284,0.0312,Level 1: Green,Low / Normal Baseline Monitoring,#22c55e,Routine baseline monitoring. Safe terrain condition.
CELL_MEG_0031,25.03519,90.83026,1,Garo Hills Block,156.2,35.6,0.0183,0.6284,0.0115,Level 1: Green,Low / Normal Baseline Monitoring,#22c55e,Routine baseline monitoring. Safe terrain condition.
CELL_MEG_0032,25.21573,91.22711,2,West Khasi Block,759.6,24.9,0.0272,0.6284,0.0171,Level 1: Green,Low / Normal Baseline Monitoring,#22c55e,Routine baseline monitoring. Safe terrain condition.
CELL_MEG_0033,25.07629,91.26684,2,West Khasi Block,841.9,22.0,0.0722,0.6284,0.0454,Level 1: Green,Low / Normal Baseline Monitoring,#22c55e,Routine baseline monitoring. Safe terrain condition.
CELL_MEG_0034,25.55204,90.41528,1,Garo Hills Block,68.0,15.8,0.0784,0.6284,0.0493,Level 1: Green,Low / Normal Baseline Monitoring,#22c55e,Routine baseline monitoring. Safe terrain condition.
CELL_MEG_0035,25.89163,92.12108,4,Ri-Bhoi Block,1269.9,32.9,0.0182,0.6284,0.0114,Level 1: Green,Low / Normal Baseline Monitoring,#22c55e,Routine baseline monitoring. Safe terrain condition.
CELL_MEG_0036,25.43375,91.60497,3,East Khasi Block,1450.8,34.7,0.0362,0.6284,0.0228,Level 1: Green,Low / Normal Baseline Monitoring,#22c55e,Routine baseline monitoring. Safe terrain condition.
CELL_MEG_0037,25.94321,92.70572,4,Ri-Bhoi Block,535.3,24.8,0.0287,0.6284,0.018,Level 1: Green,Low / Normal Baseline Monitoring,#22c55e,Routine baseline monitoring. Safe terrain condition.
CELL_MEG_0038,25.09735,91.18723,2,West Khasi Block,694.2,20.2,0.0447,0.6284,0.0281,Level 1: Green,Low / Normal Baseline Monitoring,#22c55e,Routine baseline monitoring. Safe terrain condition.
CELL_MEG_0039,25.94083,92.30119,4,Ri-Bhoi Block,1033.2,16.6,0.0433,0.6284,0.0272,Level 1: Green,Low / Normal Baseline Monitoring,#22c55e,Routine baseline monitoring. Safe terrain condition.
CELL_MEG_0040,25.4809,90.69993,1,Garo Hills Block,180.8,23.4,0.0695,0.6284,0.0437,Level 1: Green,Low / Normal Baseline Monitoring,#22c55e,Routine baseline monitoring. Safe terrain condition.
CELL_MEG_0041,25.35952,91.85817,3,East Khasi Block,1647.3,23.3,0.0652,0.6284,0.041,Level 1: Green,Low / Normal Baseline Monitoring,#22c55e,Routine baseline monitoring. Safe terrain condition.
CELL_MEG_0042,25.86713,90.9778,1,Garo Hills Block,450.3,26.0,0.0356,0.6284,0.0224,Level 1: Green,Low / Normal Baseline Monitoring,#22c55e,Routine baseline monitoring. Safe terrain condition.
CELL_MEG_0043,25.23969,92.81409,5,Jaintia Hills Block,406.0,26.0,0.078,0.6284,0.049,Level 1: Green,Low / Normal Baseline Monitoring,#22c55e,Routine baseline monitoring. Safe terrain condition.
CELL_MEG_0044,25.24103,91.25386,2,West Khasi Block,803.3,26.4,0.0225,0.6284,0.0141,Level 1: Green,Low / Normal Baseline Monitoring,#22c55e,Routine baseline monitoring. Safe terrain condition.
CELL_MEG_0045,25.94893,89.80054,1,Garo Hills Block,25.0,25.2,0.0146,0.6284,0.0092,Level 1: Green,Low / Normal Baseline Monitoring,#22c55e,Routine baseline monitoring. Safe terrain condition.
CELL_MEG_0046,25.02647,91.06965,2,West Khasi Block,445.5,34.2,0.0604,0.6284,0.038,Level 1: Green,Low / Normal Baseline Monitoring,#22c55e,Routine baseline monitoring. Safe terrain condition.
CELL_MEG_0047,25.02228,91.38482,2,West Khasi Block,785.1,35.5,0.0842,0.6284,0.0529,Level 1: Green,Low / Normal Baseline Monitoring,#22c55e,Routine baseline monitoring. Safe terrain condition.
CELL_MEG_0048,25.30175,91.36214,2,West Khasi Block,1038.0,27.9,0.0411,0.6284,0.0259,Level 1: Green,Low / Normal Baseline Monitoring,#22c55e,Routine baseline monitoring. Safe terrain condition.
CELL_MEG_0049,25.31247,91.6512,3,East Khasi Block,1391.8,25.6,0.085,0.6284,0.0534,Level 1: Green,Low / Normal Baseline Monitoring,#22c55e,Routine baseline monitoring. Safe terrain condition.
CELL_MEG_0050,25.6675,91.87905,4,Ri-Bhoi Block,1764.2,35.4,0.0294,0.6284,0.0185,Level 1: Green,Low / Normal Baseline Monitoring,#22c55e,Routine baseline monitoring. Safe terrain condition.
CELL_MEG_0051,25.60135,91.80537,3,East Khasi Block,1723.9,22.1,0.0607,0.6284,0.0381,Level 1: Green,Low / Normal Baseline Monitoring,#22c55e,Routine baseline monitoring. Safe terrain condition.
CELL_MEG_0052,25.32652,91.741,3,East Khasi Block,1425.1,15.2,0.0893,0.6284,0.0561,Level 1: Green,Low / Normal Baseline Monitoring,#22c55e,Routine baseline monitoring. Safe terrain condition.
CELL_MEG_0053,25.85024,90.52709,1,Garo Hills Block,91.0,31.5,0.0134,0.6284,0.0084,Level 1: Green,Low / Normal Baseline Monitoring,#22c55e,Routine baseline monitoring. Safe terrain condition.
CELL_MEG_0054,26.04383,89.81514,1,Garo Hills Block,25.0,33.1,0.0143,0.6284,0.009,Level 1: Green,Low / Normal Baseline Monitoring,#22c55e,Routine baseline monitoring. Safe terrain condition.
CELL_MEG_0055,25.11875,91.76617,3,East Khasi Block,1206.6,14.6,0.0618,0.6284,0.0389,Level 1: Green,Low / Normal Baseline Monitoring,#22c55e,Routine baseline monitoring. Safe terrain condition.
CELL_MEG_0056,25.82896,92.48693,4,Ri-Bhoi Block,849.2,26.9,0.056,0.6284,0.0352,Level 1: Green,Low / Normal Baseline Monitoring,#22c55e,Routine baseline monitoring. Safe terrain condition.
CELL_MEG_0057,25.60857,91.27077,2,West Khasi Block,1000.9,22.4,0.1646,0.6284,0.1034,Level 2: Yellow,Advisory / Early Warning Watch,#eab308,Advisory notice. Maintenance standby and slope drainage watch.
CELL_MEG_0058,25.5541,92.0475,5,Jaintia Hills Block,1686.8,14.9,0.2483,0.6284,0.156,Level 3: Orange,Warning / Heightened Hazard Alert,#f97316,Heightened warning. Travel caution and heavy transport limits.
CELL_MEG_0059,25.98348,92.08986,4,Ri-Bhoi Block,1120.0,19.7,0.0312,0.6284,0.0196,Level 1: Green,Low / Normal Baseline Monitoring,#22c55e,Routine baseline monitoring. Safe terrain condition.
CELL_MEG_0060,25.1976,91.28167,2,West Khasi Block,801.5,24.8,0.0196,0.6284,0.0123,Level 1: Green,Low / Normal Baseline Monitoring,#22c55e,Routine baseline monitoring. Safe terrain condition.
CELL_MEG_0061,25.11811,91.78821,3,East Khasi Block,1220.2,15.6,0.0574,0.6284,0.0361,Level 1: Green,Low / Normal Baseline Monitoring,#22c55e,Routine baseline monitoring. Safe terrain condition.
CELL_MEG_0062,25.33156,91.59712,2,West Khasi Block,1407.8,22.8,0.0389,0.6284,0.0244,Level 1: Green,Low / Normal Baseline Monitoring,#22c55e,Routine baseline monitoring. Safe terrain condition.
CELL_MEG_0063,25.95241,92.1411,4,Ri-Bhoi Block,1193.2,24.6,0.1101,0.6284,0.0692,Level 1: Green,Low / Normal Baseline Monitoring,#22c55e,Routine baseline monitoring. Safe terrain condition.
CELL_MEG_0064,26.02917,91.51278,4,Ri-Bhoi Block,1023.4,21.4,0.0188,0.6284,0.0118,Level 1: Green,Low / Normal Baseline Monitoring,#22c55e,Routine baseline monitoring. Safe terrain condition.
CELL_MEG_0065,25.77498,90.42021,1,Garo Hills Block,54.5,15.9,0.0249,0.6284,0.0157,Level 1: Green,Low / Normal Baseline Monitoring,#22c55e,Routine baseline monitoring. Safe terrain condition.
CELL_MEG_0066,25.05763,92.13627,5,Jaintia Hills Block,1088.2,33.4,0.027,0.6284,0.0169,Level 1: Green,Low / Normal Baseline Monitoring,#22c55e,Routine baseline monitoring. Safe terrain condition.
CELL_MEG_0067,25.52143,91.53102,2,West Khasi Block,1309.0,17.7,0.0738,0.6284,0.0464,Level 1: Green,Low / Normal Baseline Monitoring,#22c55e,Routine baseline monitoring. Safe terrain condition.
CELL_MEG_0068,25.61537,92.08095,5,Jaintia Hills Block,1538.8,26.2,0.0874,0.6284,0.0549,Level 1: Green,Low / Normal Baseline Monitoring,#22c55e,Routine baseline monitoring. Safe terrain condition.
CELL_MEG_0069,25.3891,90.28978,1,Garo Hills Block,108.3,27.7,0.0828,0.6284,0.052,Level 1: Green,Low / Normal Baseline Monitoring,#22c55e,Routine baseline monitoring. Safe terrain condition.
CELL_MEG_0070,25.3696,92.07194,5,Jaintia Hills Block,1405.3,19.0,0.0492,0.6284,0.0309,Level 1: Green,Low / Normal Baseline Monitoring,#22c55e,Routine baseline monitoring. Safe terrain condition.
CELL_MEG_0071,25.82486,91.13317,4,Ri-Bhoi Block,805.6,31.0,0.0127,0.6284,0.008,Level 1: Green,Low / Normal Baseline Monitoring,#22c55e,Routine baseline monitoring. Safe terrain condition.
CELL_MEG_0072,25.62318,91.826,3,East Khasi Block,1730.8,28.2,0.2266,0.6284,0.1424,Level 2: Yellow,Advisory / Early Warning Watch,#eab308,Advisory notice. Maintenance standby and slope drainage watch.
CELL_MEG_0073,25.56857,91.872,3,East Khasi Block,1770.6,24.2,0.4935,0.6284,0.3101,Level 3: Orange,Warning / Heightened Hazard Alert,#f97316,Heightened warning. Travel caution and heavy transport limits.
CELL_MEG_0074,25.67792,91.85418,4,Ri-Bhoi Block,1729.3,32.9,0.0439,0.6284,0.0276,Level 1: Green,Low / Normal Baseline Monitoring,#22c55e,Routine baseline monitoring. Safe terrain condition.
CELL_MEG_0075,25.51125,92.73556,5,Jaintia Hills Block,682.7,23.7,0.0399,0.6284,0.0251,Level 1: Green,Low / Normal Baseline Monitoring,#22c55e,Routine baseline monitoring. Safe terrain condition.
CELL_MEG_0076,25.11586,91.60145,3,East Khasi Block,1152.8,23.6,0.0268,0.6284,0.0168,Level 1: Green,Low / Normal Baseline Monitoring,#22c55e,Routine baseline monitoring. Safe terrain condition.
CELL_MEG_0077,25.81074,91.8849,4,Ri-Bhoi Block,1414.3,29.4,0.0206,0.6284,0.013,Level 1: Green,Low / Normal Baseline Monitoring,#22c55e,Routine baseline monitoring. Safe terrain condition.
CELL_MEG_0078,25.26038,90.64174,1,Garo Hills Block,25.0,30.4,0.0193,0.6284,0.0121,Level 1: Green,Low / Normal Baseline Monitoring,#22c55e,Routine baseline monitoring. Safe terrain condition.
CELL_MEG_0079,25.76699,90.41596,1,Garo Hills Block,48.3,15.8,0.1259,0.6284,0.0791,Level 1: Green,Low / Normal Baseline Monitoring,#22c55e,Routine baseline monitoring. Safe terrain condition.
CELL_MEG_0080,25.26837,91.73674,3,East Khasi Block,1443.0,24.4,0.0551,0.6284,0.0346,Level 1: Green,Low / Normal Baseline Monitoring,#22c55e,Routine baseline monitoring. Safe terrain condition.
CELL_MEG_0081,25.3031,91.61049,3,East Khasi Block,1355.9,27.1,0.2476,0.6284,0.1556,Level 3: Orange,Warning / Heightened Hazard Alert,#f97316,Heightened warning. Travel caution and heavy transport limits.
CELL_MEG_0082,25.97125,91.54861,4,Ri-Bhoi Block,1161.9,17.2,0.0385,0.6284,0.0242,Level 1: Green,Low / Normal Baseline Monitoring,#22c55e,Routine baseline monitoring. Safe terrain condition.
CELL_MEG_0083,25.06924,92.07427,5,Jaintia Hills Block,1053.3,25.4,0.0158,0.6284,0.0099,Level 1: Green,Low / Normal Baseline Monitoring,#22c55e,Routine baseline monitoring. Safe terrain condition.
CELL_MEG_0084,25.66744,90.80619,1,Garo Hills Block,259.8,33.7,0.0183,0.6284,0.0115,Level 1: Green,Low / Normal Baseline Monitoring,#22c55e,Routine baseline monitoring. Safe terrain condition.
CELL_MEG_0085,25.55636,91.85822,3,East Khasi Block,1763.8,22.5,0.171,0.6284,0.1074,Level 2: Yellow,Advisory / Early Warning Watch,#eab308,Advisory notice. Maintenance standby and slope drainage watch.
CELL_MEG_0086,25.29291,90.64769,1,Garo Hills Block,92.7,24.5,0.0243,0.6284,0.0153,Level 1: Green,Low / Normal Baseline Monitoring,#22c55e,Routine baseline monitoring. Safe terrain condition.
CELL_MEG_0087,25.14965,89.92363,1,Garo Hills Block,47.5,14.8,0.0825,0.6284,0.0519,Level 1: Green,Low / Normal Baseline Monitoring,#22c55e,Routine baseline monitoring. Safe terrain condition.
CELL_MEG_0088,25.64416,91.81874,3,East Khasi Block,1699.7,29.7,0.1482,0.6284,0.0932,Level 1: Green,Low / Normal Baseline Monitoring,#22c55e,Routine baseline monitoring. Safe terrain condition.
CELL_MEG_0089,25.45802,91.98109,3,East Khasi Block,1662.7,27.9,0.4003,0.6284,0.2515,Level 3: Orange,Warning / Heightened Hazard Alert,#f97316,Heightened warning. Travel caution and heavy transport limits.
CELL_MEG_0090,25.31759,91.59127,2,West Khasi Block,1374.2,23.6,0.0852,0.6284,0.0535,Level 1: Green,Low / Normal Baseline Monitoring,#22c55e,Routine baseline monitoring. Safe terrain condition.
CELL_MEG_0091,25.21666,92.35669,5,Jaintia Hills Block,1119.5,30.7,0.0441,0.6284,0.0277,Level 1: Green,Low / Normal Baseline Monitoring,#22c55e,Routine baseline monitoring. Safe terrain condition.
CELL_MEG_0092,25.77204,90.04472,1,Garo Hills Block,31.6,24.0,0.0266,0.6284,0.0167,Level 1: Green,Low / Normal Baseline Monitoring,#22c55e,Routine baseline monitoring. Safe terrain condition.
CELL_MEG_0093,25.25583,90.6392,1,Garo Hills Block,25.0,31.2,0.021,0.6284,0.0132,Level 1: Green,Low / Normal Baseline Monitoring,#22c55e,Routine baseline monitoring. Safe terrain condition.
CELL_MEG_0094,25.52821,91.70967,3,East Khasi Block,1684.2,18.7,0.2533,0.6284,0.1592,Level 3: Orange,Warning / Heightened Hazard Alert,#f97316,Heightened warning. Travel caution and heavy transport limits.
CELL_MEG_0095,25.14895,90.7579,1,Garo Hills Block,202.7,17.3,0.0126,0.6284,0.0079,Level 1: Green,Low / Normal Baseline Monitoring,#22c55e,Routine baseline monitoring. Safe terrain condition.
CELL_MEG_0096,25.97329,92.15065,4,Ri-Bhoi Block,1180.9,24.0,0.0172,0.6284,0.0108,Level 1: Green,Low / Normal Baseline Monitoring,#22c55e,Routine baseline monitoring. Safe terrain condition.
CELL_MEG_0097,25.17024,91.71425,3,East Khasi Block,1323.2,20.2,0.0389,0.6284,0.0245,Level 1: Green,Low / Normal Baseline Monitoring,#22c55e,Routine baseline monitoring. Safe terrain condition.
CELL_MEG_0098,25.52716,91.28193,2,West Khasi Block,933.0,18.2,0.2822,0.6284,0.1773,Level 3: Orange,Warning / Heightened Hazard Alert,#f97316,Heightened warning. Travel caution and heavy transport limits.
CELL_MEG_0099,25.32022,90.42176,1,Garo Hills Block,25.0,16.5,0.0523,0.6284,0.0329,Level 1: Green,Low / Normal Baseline Monitoring,#22c55e,Routine baseline monitoring. Safe terrain condition.
CELL_MEG_0100,25.41212,90.08186,1,Garo Hills Block,48.6,32.3,0.0118,0.6284,0.0074,Level 1: Green,Low / Normal Baseline Monitoring,#22c55e,Routine baseline monitoring. Safe terrain condition.
CELL_MEG_0101,25.06533,91.5425,2,West Khasi Block,1086.6,25.1,0.0744,0.6284,0.0468,Level 1: Green,Low / Normal Baseline Monitoring,#22c55e,Routine baseline monitoring. Safe terrain condition.
CELL_MEG_0102,25.23858,92.80237,5,Jaintia Hills Block,428.5,26.0,0.0578,0.6284,0.0363,Level 1: Green,Low / Normal Baseline Monitoring,#22c55e,Routine baseline monitoring. Safe terrain condition.
CELL_MEG_0103,25.13168,92.00264,5,Jaintia Hills Block,1238.6,14.6,0.1068,0.6284,0.0671,Level 1: Green,Low / Normal Baseline Monitoring,#22c55e,Routine baseline monitoring. Safe terrain condition.
CELL_MEG_0104,25.58995,91.59827,2,West Khasi Block,1430.1,26.2,0.0974,0.6284,0.0612,Level 1: Green,Low / Normal Baseline Monitoring,#22c55e,Routine baseline monitoring. Safe terrain condition.
CELL_MEG_0105,25.66399,92.43604,4,Ri-Bhoi Block,1046.9,35.2,0.1218,0.6284,0.0765,Level 1: Green,Low / Normal Baseline Monitoring,#22c55e,Routine baseline monitoring. Safe terrain condition.
CELL_MEG_0106,25.33619,91.51866,2,West Khasi Block,1288.4,14.7,0.0435,0.6284,0.0274,Level 1: Green,Low / Normal Baseline Monitoring,#22c55e,Routine baseline monitoring. Safe terrain condition.
CELL_MEG_0107,25.61012,91.83163,3,East Khasi Block,1745.8,26.8,0.0565,0.6284,0.0355,Level 1: Green,Low / Normal Baseline Monitoring,#22c55e,Routine baseline monitoring. Safe terrain condition.
CELL_MEG_0108,25.58731,91.56774,2,West Khasi Block,1382.4,22.5,0.1488,0.6284,0.0935,Level 1: Green,Low / Normal Baseline Monitoring,#22c55e,Routine baseline monitoring. Safe terrain condition.
CELL_MEG_0109,25.70193,90.43238,1,Garo Hills Block,25.0,21.7,0.0605,0.6284,0.038,Level 1: Green,Low / Normal Baseline Monitoring,#22c55e,Routine baseline monitoring. Safe terrain condition.
CELL_MEG_0110,25.64391,92.55602,5,Jaintia Hills Block,940.2,25.7,0.1556,0.6284,0.0978,Level 2: Yellow,Advisory / Early Warning Watch,#eab308,Advisory notice. Maintenance standby and slope drainage watch.
CELL_MEG_0111,26.05919,92.79027,4,Ri-Bhoi Block,406.9,25.8,0.0946,0.6284,0.0594,Level 1: Green,Low / Normal Baseline Monitoring,#22c55e,Routine baseline monitoring. Safe terrain condition.
CELL_MEG_0112,25.11656,91.3524,2,West Khasi Block,888.4,24.4,0.0173,0.6284,0.0109,Level 1: Green,Low / Normal Baseline Monitoring,#22c55e,Routine baseline monitoring. Safe terrain condition.
CELL_MEG_0113,25.65592,92.42124,4,Ri-Bhoi Block,1049.2,36.0,0.0936,0.6284,0.0588,Level 1: Green,Low / Normal Baseline Monitoring,#22c55e,Routine baseline monitoring. Safe terrain condition.
CELL_MEG_0114,25.08986,92.286,5,Jaintia Hills Block,988.7,18.3,0.0595,0.6284,0.0374,Level 1: Green,Low / Normal Baseline Monitoring,#22c55e,Routine baseline monitoring. Safe terrain condition.
CELL_MEG_0115,25.90119,92.82159,4,Ri-Bhoi Block,415.7,23.2,0.0428,0.6284,0.0269,Level 1: Green,Low / Normal Baseline Monitoring,#22c55e,Routine baseline monitoring. Safe terrain condition.
CELL_MEG_0116,25.41338,91.59885,2,West Khasi Block,1460.4,31.9,0.025,0.6284,0.0157,Level 1: Green,Low / Normal Baseline Monitoring,#22c55e,Routine baseline monitoring. Safe terrain condition.
CELL_MEG_0117,25.55125,91.92146,3,East Khasi Block,1730.8,22.8,0.6235,0.6284,0.3918,Level 4: Red,Critical / Immediate Action Trigger,#ef4444,Critical landslide hazard. Immediate emergency protocols and slope closures.
CELL_MEG_0118,25.06667,92.01042,5,Jaintia Hills Block,1089.7,22.6,0.0802,0.6284,0.0504,Level 1: Green,Low / Normal Baseline Monitoring,#22c55e,Routine baseline monitoring. Safe terrain condition.
CELL_MEG_0119,25.31037,91.69483,3,East Khasi Block,1402.2,21.6,0.0912,0.6284,0.0573,Level 1: Green,Low / Normal Baseline Monitoring,#22c55e,Routine baseline monitoring. Safe terrain condition.
CELL_MEG_0120,26.08287,91.03194,4,Ri-Bhoi Block,448.9,29.8,0.0361,0.6284,0.0227,Level 1: Green,Low / Normal Baseline Monitoring,#22c55e,Routine baseline monitoring. Safe terrain condition.
CELL_MEG_0121,25.14425,89.82474,1,Garo Hills Block,62.0,23.3,0.0206,0.6284,0.0129,Level 1: Green,Low / Normal Baseline Monitoring,#22c55e,Routine baseline monitoring. Safe terrain condition.
CELL_MEG_0122,25.09854,91.05222,2,West Khasi Block,504.6,23.2,0.0279,0.6284,0.0175,Level 1: Green,Low / Normal Baseline Monitoring,#22c55e,Routine baseline monitoring. Safe terrain condition.
CELL_MEG_0123,25.11309,91.35453,2,West Khasi Block,885.1,24.8,0.0177,0.6284,0.0111,Level 1: Green,Low / Normal Baseline Monitoring,#22c55e,Routine baseline monitoring. Safe terrain condition.
CELL_MEG_0124,25.53877,91.55007,2,West Khasi Block,1317.8,17.8,0.0477,0.6284,0.03,Level 1: Green,Low / Normal Baseline Monitoring,#22c55e,Routine baseline monitoring. Safe terrain condition.
CELL_MEG_0125,25.28795,91.76511,3,East Khasi Block,1452.0,20.4,0.0724,0.6284,0.0455,Level 1: Green,Low / Normal Baseline Monitoring,#22c55e,Routine baseline monitoring. Safe terrain condition.
CELL_MEG_0126,25.0352,92.30399,5,Jaintia Hills Block,886.0,26.4,0.028,0.6284,0.0176,Level 1: Green,Low / Normal Baseline Monitoring,#22c55e,Routine baseline monitoring. Safe terrain condition.
CELL_MEG_0127,25.85512,91.38636,4,Ri-Bhoi Block,1100.5,35.2,0.0395,0.6284,0.0248,Level 1: Green,Low / Normal Baseline Monitoring,#22c55e,Routine baseline monitoring. Safe terrain condition.
CELL_MEG_0128,26.0522,90.35815,1,Garo Hills Block,72.7,32.8,0.0219,0.6284,0.0137,Level 1: Green,Low / Normal Baseline Monitoring,#22c55e,Routine baseline monitoring. Safe terrain condition.
CELL_MEG_0129,25.07969,91.48277,2,West Khasi Block,964.6,20.5,0.0874,0.6284,0.0549,Level 1: Green,Low / Normal Baseline Monitoring,#22c55e,Routine baseline monitoring. Safe terrain condition.
CELL_MEG_0130,25.25775,91.70461,3,East Khasi Block,1414.9,28.8,0.041,0.6284,0.0257,Level 1: Green,Low / Normal Baseline Monitoring,#22c55e,Routine baseline monitoring. Safe terrain condition.
CELL_MEG_0131,25.90169,92.81611,4,Ri-Bhoi Block,424.3,22.9,0.0302,0.6284,0.019,Level 1: Green,Low / Normal Baseline Monitoring,#22c55e,Routine baseline monitoring. Safe terrain condition.
CELL_MEG_0132,25.21599,91.3415,2,West Khasi Block,962.3,33.8,0.0225,0.6284,0.0141,Level 1: Green,Low / Normal Baseline Monitoring,#22c55e,Routine baseline monitoring. Safe terrain condition.
CELL_MEG_0133,25.19483,91.95808,3,East Khasi Block,1321.7,26.6,0.0181,0.6284,0.0114,Level 1: Green,Low / Normal Baseline Monitoring,#22c55e,Routine baseline monitoring. Safe terrain condition.
CELL_MEG_0134,25.22309,92.35766,5,Jaintia Hills Block,1121.9,31.4,0.0441,0.6284,0.0277,Level 1: Green,Low / Normal Baseline Monitoring,#22c55e,Routine baseline monitoring. Safe terrain condition.
CELL_MEG_0135,25.35854,91.44442,2,West Khasi Block,1110.0,18.4,0.0305,0.6284,0.0192,Level 1: Green,Low / Normal Baseline Monitoring,#22c55e,Routine baseline monitoring. Safe terrain condition.
CELL_MEG_0136,25.16518,90.91134,1,Garo Hills Block,353.4,21.4,0.0052,0.6284,0.0033,Level 1: Green,Low / Normal Baseline Monitoring,#22c55e,Routine baseline monitoring. Safe terrain condition.
CELL_MEG_0137,25.45115,90.04138,1,Garo Hills Block,39.5,35.5,0.0187,0.6284,0.0117,Level 1: Green,Low / Normal Baseline Monitoring,#22c55e,Routine baseline monitoring. Safe terrain condition.
CELL_MEG_0138,25.26271,91.58637,2,West Khasi Block,1231.7,31.9,0.0308,0.6284,0.0193,Level 1: Green,Low / Normal Baseline Monitoring,#22c55e,Routine baseline monitoring. Safe terrain condition.
CELL_MEG_0139,25.63401,91.42834,2,West Khasi Block,1159.4,30.3,0.0889,0.6284,0.0558,Level 1: Green,Low / Normal Baseline Monitoring,#22c55e,Routine baseline monitoring. Safe terrain condition.
CELL_MEG_0140,25.16563,91.28008,2,West Khasi Block,803.5,19.1,0.0271,0.6284,0.0171,Level 1: Green,Low / Normal Baseline Monitoring,#22c55e,Routine baseline monitoring. Safe terrain condition.
CELL_MEG_0141,25.22695,90.16429,1,Garo Hills Block,125.9,26.6,0.0361,0.6284,0.0227,Level 1: Green,Low / Normal Baseline Monitoring,#22c55e,Routine baseline monitoring. Safe terrain condition.
CELL_MEG_0142,26.00314,92.32515,4,Ri-Bhoi Block,899.2,18.9,0.0274,0.6284,0.0172,Level 1: Green,Low / Normal Baseline Monitoring,#22c55e,Routine baseline monitoring. Safe terrain condition.
CELL_MEG_0143,25.57775,91.92089,3,East Khasi Block,1745.3,24.6,0.2033,0.6284,0.1277,Level 2: Yellow,Advisory / Early Warning Watch,#eab308,Advisory notice. Maintenance standby and slope drainage watch.
CELL_MEG_0144,25.62788,91.35832,2,West Khasi Block,1098.9,33.8,0.034,0.6284,0.0213,Level 1: Green,Low / Normal Baseline Monitoring,#22c55e,Routine baseline monitoring. Safe terrain condition.
CELL_MEG_0145,25.12833,89.84772,1,Garo Hills Block,37.5,20.8,0.0177,0.6284,0.0111,Level 1: Green,Low / Normal Baseline Monitoring,#22c55e,Routine baseline monitoring. Safe terrain condition.
CELL_MEG_0146,25.02005,91.56518,2,West Khasi Block,1051.0,30.9,0.028,0.6284,0.0176,Level 1: Green,Low / Normal Baseline Monitoring,#22c55e,Routine baseline monitoring. Safe terrain condition.
CELL_MEG_0147,26.09844,91.89508,4,Ri-Bhoi Block,1043.9,34.6,0.0356,0.6284,0.0224,Level 1: Green,Low / Normal Baseline Monitoring,#22c55e,Routine baseline monitoring. Safe terrain condition.
CELL_MEG_0148,25.44761,91.60704,3,East Khasi Block,1440.9,35.3,0.1046,0.6284,0.0657,Level 1: Green,Low / Normal Baseline Monitoring,#22c55e,Routine baseline monitoring. Safe terrain condition.
CELL_MEG_0149,25.51677,92.77653,5,Jaintia Hills Block,559.8,18.3,0.2327,0.6284,0.1462,Level 2: Yellow,Advisory / Early Warning Watch,#eab308,Advisory notice. Maintenance standby and slope drainage watch.
CELL_MEG_0150,25.67593,91.56236,4,Ri-Bhoi Block,1452.1,29.8,0.1073,0.6284,0.0674,Level 1: Green,Low / Normal Baseline Monitoring,#22c55e,Routine baseline monitoring. Safe terrain condition.
CELL_MEG_0151,25.5904,92.00998,5,Jaintia Hills Block,1675.8,17.9,0.2788,0.6284,0.1752,Level 3: Orange,Warning / Heightened Hazard Alert,#f97316,Heightened warning. Travel caution and heavy transport limits.
CELL_MEG_0152,25.68578,91.50181,4,Ri-Bhoi Block,1292.4,23.8,0.1722,0.6284,0.1082,Level 2: Yellow,Advisory / Early Warning Watch,#eab308,Advisory notice. Maintenance standby and slope drainage watch.
CELL_MEG_0153,25.9484,90.77561,1,Garo Hills Block,160.6,19.9,0.0053,0.6284,0.0033,Level 1: Green,Low / Normal Baseline Monitoring,#22c55e,Routine baseline monitoring. Safe terrain condition.
CELL_MEG_0154,25.0729,90.97738,1,Garo Hills Block,487.5,21.3,0.0535,0.6284,0.0336,Level 1: Green,Low / Normal Baseline Monitoring,#22c55e,Routine baseline monitoring. Safe terrain condition.
CELL_MEG_0155,25.92756,92.13294,4,Ri-Bhoi Block,1215.6,27.7,0.022,0.6284,0.0138,Level 1: Green,Low / Normal Baseline Monitoring,#22c55e,Routine baseline monitoring. Safe terrain condition.
CELL_MEG_0156,25.20867,91.25746,2,West Khasi Block,771.7,24.5,0.0231,0.6284,0.0145,Level 1: Green,Low / Normal Baseline Monitoring,#22c55e,Routine baseline monitoring. Safe terrain condition.
CELL_MEG_0157,25.77921,90.68347,1,Garo Hills Block,127.4,16.1,0.025,0.6284,0.0157,Level 1: Green,Low / Normal Baseline Monitoring,#22c55e,Routine baseline monitoring. Safe terrain condition.
CELL_MEG_0158,25.7173,90.90677,1,Garo Hills Block,510.7,23.8,0.0375,0.6284,0.0236,Level 1: Green,Low / Normal Baseline Monitoring,#22c55e,Routine baseline monitoring. Safe terrain condition.
CELL_MEG_0159,25.73974,91.19366,4,Ri-Bhoi Block,859.3,17.7,0.0739,0.6284,0.0464,Level 1: Green,Low / Normal Baseline Monitoring,#22c55e,Routine baseline monitoring. Safe terrain condition.
CELL_MEG_0160,25.1053,91.01434,2,West Khasi Block,499.2,18.0,0.0287,0.6284,0.018,Level 1: Green,Low / Normal Baseline Monitoring,#22c55e,Routine baseline monitoring. Safe terrain condition.
CELL_MEG_0161,25.76338,92.20076,4,Ri-Bhoi Block,1306.7,21.1,0.0323,0.6284,0.0203,Level 1: Green,Low / Normal Baseline Monitoring,#22c55e,Routine baseline monitoring. Safe terrain condition.
CELL_MEG_0162,25.1192,90.74944,1,Garo Hills Block,141.2,16.2,0.0125,0.6284,0.0078,Level 1: Green,Low / Normal Baseline Monitoring,#22c55e,Routine baseline monitoring. Safe terrain condition.
CELL_MEG_0163,25.66395,89.82047,1,Garo Hills Block,25.0,35.1,0.0221,0.6284,0.0139,Level 1: Green,Low / Normal Baseline Monitoring,#22c55e,Routine baseline monitoring. Safe terrain condition.
CELL_MEG_0164,25.39586,90.2855,1,Garo Hills Block,100.2,28.6,0.027,0.6284,0.017,Level 1: Green,Low / Normal Baseline Monitoring,#22c55e,Routine baseline monitoring. Safe terrain condition.
CELL_MEG_0165,25.79265,90.90063,1,Garo Hills Block,409.0,22.6,0.0193,0.6284,0.0121,Level 1: Green,Low / Normal Baseline Monitoring,#22c55e,Routine baseline monitoring. Safe terrain condition.
CELL_MEG_0166,25.20457,90.64135,1,Garo Hills Block,25.0,29.1,0.0209,0.6284,0.0132,Level 1: Green,Low / Normal Baseline Monitoring,#22c55e,Routine baseline monitoring. Safe terrain condition.
CELL_MEG_0167,25.08023,89.90598,1,Garo Hills Block,25.0,20.7,0.0505,0.6284,0.0317,Level 1: Green,Low / Normal Baseline Monitoring,#22c55e,Routine baseline monitoring. Safe terrain condition.
CELL_MEG_0168,25.64438,92.18629,5,Jaintia Hills Block,1458.2,34.1,0.045,0.6284,0.0283,Level 1: Green,Low / Normal Baseline Monitoring,#22c55e,Routine baseline monitoring. Safe terrain condition.
CELL_MEG_0169,25.75953,91.68215,4,Ri-Bhoi Block,1445.2,20.6,0.0765,0.6284,0.0481,Level 1: Green,Low / Normal Baseline Monitoring,#22c55e,Routine baseline monitoring. Safe terrain condition.
CELL_MEG_0170,25.32858,90.07332,1,Garo Hills Block,59.0,24.2,0.0474,0.6284,0.0298,Level 1: Green,Low / Normal Baseline Monitoring,#22c55e,Routine baseline monitoring. Safe terrain condition.
CELL_MEG_0171,25.41882,92.29375,5,Jaintia Hills Block,1233.8,24.1,0.0257,0.6284,0.0162,Level 1: Green,Low / Normal Baseline Monitoring,#22c55e,Routine baseline monitoring. Safe terrain condition.
CELL_MEG_0172,26.02317,90.35335,1,Garo Hills Block,103.3,28.6,0.0189,0.6284,0.0119,Level 1: Green,Low / Normal Baseline Monitoring,#22c55e,Routine baseline monitoring. Safe terrain condition.
CELL_MEG_0173,25.63511,92.01406,5,Jaintia Hills Block,1589.5,24.9,0.1325,0.6284,0.0833,Level 1: Green,Low / Normal Baseline Monitoring,#22c55e,Routine baseline monitoring. Safe terrain condition.
CELL_MEG_0174,25.89689,92.43618,4,Ri-Bhoi Block,935.9,33.0,0.0332,0.6284,0.0209,Level 1: Green,Low / Normal Baseline Monitoring,#22c55e,Routine baseline monitoring. Safe terrain condition.
CELL_MEG_0175,25.11701,91.88535,3,East Khasi Block,1269.9,24.6,0.0216,0.6284,0.0136,Level 1: Green,Low / Normal Baseline Monitoring,#22c55e,Routine baseline monitoring. Safe terrain condition.
CELL_MEG_0176,25.03957,91.68477,3,East Khasi Block,1040.6,31.9,0.0555,0.6284,0.0349,Level 1: Green,Low / Normal Baseline Monitoring,#22c55e,Routine baseline monitoring. Safe terrain condition.
CELL_MEG_0177,25.18,90.49452,1,Garo Hills Block,110.1,21.5,0.0207,0.6284,0.013,Level 1: Green,Low / Normal Baseline Monitoring,#22c55e,Routine baseline monitoring. Safe terrain condition.
CELL_MEG_0178,26.08442,91.57115,4,Ri-Bhoi Block,970.4,31.6,0.0191,0.6284,0.012,Level 1: Green,Low / Normal Baseline Monitoring,#22c55e,Routine baseline monitoring. Safe terrain condition.
CELL_MEG_0179,25.10487,89.90496,1,Garo Hills Block,25.0,16.7,0.0262,0.6284,0.0165,Level 1: Green,Low / Normal Baseline Monitoring,#22c55e,Routine baseline monitoring. Safe terrain condition.
CELL_MEG_0180,25.38778,92.06584,5,Jaintia Hills Block,1430.6,21.3,0.0605,0.6284,0.038,Level 1: Green,Low / Normal Baseline Monitoring,#22c55e,Routine baseline monitoring. Safe terrain condition.
CELL_MEG_0181,25.26751,91.89166,3,East Khasi Block,1417.5,33.7,0.0595,0.6284,0.0374,Level 1: Green,Low / Normal Baseline Monitoring,#22c55e,Routine baseline monitoring. Safe terrain condition.
CELL_MEG_0182,25.26263,91.52215,2,West Khasi Block,1187.7,25.1,0.0282,0.6284,0.0177,Level 1: Green,Low / Normal Baseline Monitoring,#22c55e,Routine baseline monitoring. Safe terrain condition.
CELL_MEG_0183,25.4958,91.70167,3,East Khasi Block,1644.9,24.9,0.1926,0.6284,0.121,Level 2: Yellow,Advisory / Early Warning Watch,#eab308,Advisory notice. Maintenance standby and slope drainage watch.
CELL_MEG_0184,25.22303,91.52708,2,West Khasi Block,1132.3,26.6,0.0207,0.6284,0.013,Level 1: Green,Low / Normal Baseline Monitoring,#22c55e,Routine baseline monitoring. Safe terrain condition.
CELL_MEG_0185,25.15296,91.2741,2,West Khasi Block,803.2,16.9,0.0413,0.6284,0.026,Level 1: Green,Low / Normal Baseline Monitoring,#22c55e,Routine baseline monitoring. Safe terrain condition.
CELL_MEG_0186,25.95416,91.27824,4,Ri-Bhoi Block,888.7,16.9,0.0336,0.6284,0.0211,Level 1: Green,Low / Normal Baseline Monitoring,#22c55e,Routine baseline monitoring. Safe terrain condition.
CELL_MEG_0187,25.54808,90.03039,1,Garo Hills Block,25.0,22.9,0.0337,0.6284,0.0212,Level 1: Green,Low / Normal Baseline Monitoring,#22c55e,Routine baseline monitoring. Safe terrain condition.
CELL_MEG_0188,25.92114,90.96909,1,Garo Hills Block,477.6,19.5,0.0208,0.6284,0.0131,Level 1: Green,Low / Normal Baseline Monitoring,#22c55e,Routine baseline monitoring. Safe terrain condition.
CELL_MEG_0189,25.04915,89.88502,1,Garo Hills Block,25.0,27.3,0.0153,0.6284,0.0096,Level 1: Green,Low / Normal Baseline Monitoring,#22c55e,Routine baseline monitoring. Safe terrain condition.
CELL_MEG_0190,25.44658,91.84275,3,East Khasi Block,1696.4,32.9,0.0929,0.6284,0.0584,Level 1: Green,Low / Normal Baseline Monitoring,#22c55e,Routine baseline monitoring. Safe terrain condition.
CELL_MEG_0191,25.55075,92.06129,5,Jaintia Hills Block,1668.2,16.0,0.2655,0.6284,0.1669,Level 3: Orange,Warning / Heightened Hazard Alert,#f97316,Heightened warning. Travel caution and heavy transport limits.
CELL_MEG_0192,25.50606,89.83182,1,Garo Hills Block,118.8,27.1,0.0248,0.6284,0.0156,Level 1: Green,Low / Normal Baseline Monitoring,#22c55e,Routine baseline monitoring. Safe terrain condition.
CELL_MEG_0193,25.99096,92.14421,4,Ri-Bhoi Block,1158.5,25.0,0.0975,0.6284,0.0613,Level 1: Green,Low / Normal Baseline Monitoring,#22c55e,Routine baseline monitoring. Safe terrain condition.
CELL_MEG_0194,26.01831,92.14192,4,Ri-Bhoi Block,1121.2,29.0,0.0507,0.6284,0.0318,Level 1: Green,Low / Normal Baseline Monitoring,#22c55e,Routine baseline monitoring. Safe terrain condition.
CELL_MEG_0195,25.57606,91.62674,3,East Khasi Block,1468.7,25.5,0.1622,0.6284,0.102,Level 2: Yellow,Advisory / Early Warning Watch,#eab308,Advisory notice. Maintenance standby and slope drainage watch.
CELL_MEG_0196,25.81487,91.65645,4,Ri-Bhoi Block,1365.5,29.3,0.3202,0.6284,0.2012,Level 3: Orange,Warning / Heightened Hazard Alert,#f97316,Heightened warning. Travel caution and heavy transport limits.
CELL_MEG_0197,25.56385,91.85779,3,East Khasi Block,1765.7,22.8,0.2731,0.6284,0.1716,Level 3: Orange,Warning / Heightened Hazard Alert,#f97316,Heightened warning. Travel caution and heavy transport limits.
CELL_MEG_0198,25.71409,91.58494,4,Ri-Bhoi Block,1445.2,26.4,0.1763,0.6284,0.1108,Level 2: Yellow,Advisory / Early Warning Watch,#eab308,Advisory notice. Maintenance standby and slope drainage watch.
CELL_MEG_0199,25.24106,91.13979,2,West Khasi Block,782.1,34.4,0.0127,0.6284,0.008,Level 1: Green,Low / Normal Baseline Monitoring,#22c55e,Routine baseline monitoring. Safe terrain condition.
CELL_MEG_0200,25.19105,91.00827,2,West Khasi Block,500.6,22.6,0.0209,0.6284,0.0131,Level 1: Green,Low / Normal Baseline Monitoring,#22c55e,Routine baseline monitoring. Safe terrain condition.
CELL_MEG_0201,25.1924,90.78131,1,Garo Hills Block,309.6,26.6,0.0108,0.6284,0.0068,Level 1: Green,Low / Normal Baseline Monitoring,#22c55e,Routine baseline monitoring. Safe terrain condition.
CELL_MEG_0202,25.63172,91.1508,2,West Khasi Block,794.6,31.8,0.089,0.6284,0.0559,Level 1: Green,Low / Normal Baseline Monitoring,#22c55e,Routine baseline monitoring. Safe terrain condition.
CELL_MEG_0203,25.91935,92.18813,4,Ri-Bhoi Block,1178.5,28.1,0.0331,0.6284,0.0208,Level 1: Green,Low / Normal Baseline Monitoring,#22c55e,Routine baseline monitoring. Safe terrain condition.
CELL_MEG_0204,25.3528,90.55329,1,Garo Hills Block,40.0,23.1,0.0671,0.6284,0.0421,Level 1: Green,Low / Normal Baseline Monitoring,#22c55e,Routine baseline monitoring. Safe terrain condition.
CELL_MEG_0205,25.49247,89.99322,1,Garo Hills Block,25.0,26.2,0.0224,0.6284,0.0141,Level 1: Green,Low / Normal Baseline Monitoring,#22c55e,Routine baseline monitoring. Safe terrain condition.
CELL_MEG_0206,25.21764,91.65373,3,East Khasi Block,1283.3,34.2,0.0309,0.6284,0.0194,Level 1: Green,Low / Normal Baseline Monitoring,#22c55e,Routine baseline monitoring. Safe terrain condition.
CELL_MEG_0207,25.93934,90.96182,1,Garo Hills Block,487.6,16.7,0.0411,0.6284,0.0258,Level 1: Green,Low / Normal Baseline Monitoring,#22c55e,Routine baseline monitoring. Safe terrain condition.
CELL_MEG_0208,25.02204,91.59395,2,West Khasi Block,1073.7,34.2,0.0278,0.6284,0.0174,Level 1: Green,Low / Normal Baseline Monitoring,#22c55e,Routine baseline monitoring. Safe terrain condition.
CELL_MEG_0209,25.07167,91.78656,3,East Khasi Block,1127.3,22.5,0.057,0.6284,0.0358,Level 1: Green,Low / Normal Baseline Monitoring,#22c55e,Routine baseline monitoring. Safe terrain condition.
CELL_MEG_0210,25.38415,92.4795,5,Jaintia Hills Block,1035.0,23.3,0.451,0.6284,0.2834,Level 3: Orange,Warning / Heightened Hazard Alert,#f97316,Heightened warning. Travel caution and heavy transport limits.
CELL_MEG_0211,25.10384,90.972,1,Garo Hills Block,475.3,16.1,0.0464,0.6284,0.0292,Level 1: Green,Low / Normal Baseline Monitoring,#22c55e,Routine baseline monitoring. Safe terrain condition.
CELL_MEG_0212,25.98898,90.65096,1,Garo Hills Block,124.7,19.6,0.0458,0.6284,0.0288,Level 1: Green,Low / Normal Baseline Monitoring,#22c55e,Routine baseline monitoring. Safe terrain condition.
CELL_MEG_0213,25.94892,90.98606,1,Garo Hills Block,515.8,15.4,0.1038,0.6284,0.0652,Level 1: Green,Low / Normal Baseline Monitoring,#22c55e,Routine baseline monitoring. Safe terrain condition.
CELL_MEG_0214,25.46717,91.42654,2,West Khasi Block,1237.9,30.8,0.0195,0.6284,0.0122,Level 1: Green,Low / Normal Baseline Monitoring,#22c55e,Routine baseline monitoring. Safe terrain condition.
CELL_MEG_0215,25.39624,91.5557,2,West Khasi Block,1413.0,24.3,0.02,0.6284,0.0126,Level 1: Green,Low / Normal Baseline Monitoring,#22c55e,Routine baseline monitoring. Safe terrain condition.
CELL_MEG_0216,25.42431,91.41405,2,West Khasi Block,1137.5,31.9,0.0183,0.6284,0.0115,Level 1: Green,Low / Normal Baseline Monitoring,#22c55e,Routine baseline monitoring. Safe terrain condition.
CELL_MEG_0217,25.06736,90.7083,1,Garo Hills Block,84.4,22.3,0.0189,0.6284,0.0119,Level 1: Green,Low / Normal Baseline Monitoring,#22c55e,Routine baseline monitoring. Safe terrain condition.
CELL_MEG_0218,25.56484,90.71816,1,Garo Hills Block,228.9,14.5,0.1739,0.6284,0.1093,Level 2: Yellow,Advisory / Early Warning Watch,#eab308,Advisory notice. Maintenance standby and slope drainage watch.
CELL_MEG_0219,25.02172,90.78717,1,Garo Hills Block,83.3,31.9,0.0153,0.6284,0.0096,Level 1: Green,Low / Normal Baseline Monitoring,#22c55e,Routine baseline monitoring. Safe terrain condition.
CELL_MEG_0220,25.40106,91.45302,2,West Khasi Block,1163.3,23.9,0.0863,0.6284,0.0543,Level 1: Green,Low / Normal Baseline Monitoring,#22c55e,Routine baseline monitoring. Safe terrain condition.
CELL_MEG_0221,25.028,91.44446,2,West Khasi Block,833.0,29.7,0.0783,0.6284,0.0492,Level 1: Green,Low / Normal Baseline Monitoring,#22c55e,Routine baseline monitoring. Safe terrain condition.
CELL_MEG_0222,25.03549,91.07426,2,West Khasi Block,448.1,34.5,0.0884,0.6284,0.0556,Level 1: Green,Low / Normal Baseline Monitoring,#22c55e,Routine baseline monitoring. Safe terrain condition.
CELL_MEG_0223,25.0493,91.05405,2,West Khasi Block,455.2,31.4,0.024,0.6284,0.0151,Level 1: Green,Low / Normal Baseline Monitoring,#22c55e,Routine baseline monitoring. Safe terrain condition.
CELL_MEG_0224,25.57311,90.24148,1,Garo Hills Block,45.8,18.6,0.0653,0.6284,0.0411,Level 1: Green,Low / Normal Baseline Monitoring,#22c55e,Routine baseline monitoring. Safe terrain condition.
CELL_MEG_0225,25.28414,91.90292,3,East Khasi Block,1467.0,30.8,0.2533,0.6284,0.1592,Level 3: Orange,Warning / Heightened Hazard Alert,#f97316,Heightened warning. Travel caution and heavy transport limits.
CELL_MEG_0226,25.67591,90.73055,1,Garo Hills Block,202.9,25.4,0.0342,0.6284,0.0215,Level 1: Green,Low / Normal Baseline Monitoring,#22c55e,Routine baseline monitoring. Safe terrain condition.
CELL_MEG_0227,25.89317,90.33549,1,Garo Hills Block,25.0,33.8,0.0129,0.6284,0.0081,Level 1: Green,Low / Normal Baseline Monitoring,#22c55e,Routine baseline monitoring. Safe terrain condition.
CELL_MEG_0228,25.24172,91.25706,2,West Khasi Block,807.7,26.5,0.0264,0.6284,0.0166,Level 1: Green,Low / Normal Baseline Monitoring,#22c55e,Routine baseline monitoring. Safe terrain condition.
CELL_MEG_0229,25.17236,90.759,1,Garo Hills Block,241.7,20.5,0.0144,0.6284,0.009,Level 1: Green,Low / Normal Baseline Monitoring,#22c55e,Routine baseline monitoring. Safe terrain condition.
CELL_MEG_0230,25.44432,91.99368,3,East Khasi Block,1630.7,27.1,0.2066,0.6284,0.1298,Level 2: Yellow,Advisory / Early Warning Watch,#eab308,Advisory notice. Maintenance standby and slope drainage watch.
CELL_MEG_0231,25.68182,91.90916,4,Ri-Bhoi Block,1740.8,33.9,0.0433,0.6284,0.0272,Level 1: Green,Low / Normal Baseline Monitoring,#22c55e,Routine baseline monitoring. Safe terrain condition.
CELL_MEG_0232,25.90688,89.85102,1,Garo Hills Block,64.0,28.4,0.0127,0.6284,0.008,Level 1: Green,Low / Normal Baseline Monitoring,#22c55e,Routine baseline monitoring. Safe terrain condition.
CELL_MEG_0233,25.40181,91.31178,2,West Khasi Block,1065.6,27.4,0.0106,0.6284,0.0066,Level 1: Green,Low / Normal Baseline Monitoring,#22c55e,Routine baseline monitoring. Safe terrain condition.
CELL_MEG_0234,25.13181,91.45427,2,West Khasi Block,1013.3,16.6,0.0514,0.6284,0.0323,Level 1: Green,Low / Normal Baseline Monitoring,#22c55e,Routine baseline monitoring. Safe terrain condition.
CELL_MEG_0235,25.16913,91.76663,3,East Khasi Block,1338.9,17.3,0.0508,0.6284,0.0319,Level 1: Green,Low / Normal Baseline Monitoring,#22c55e,Routine baseline monitoring. Safe terrain condition.
CELL_MEG_0236,25.43639,89.87259,1,Garo Hills Block,29.1,29.5,0.0088,0.6284,0.0055,Level 1: Green,Low / Normal Baseline Monitoring,#22c55e,Routine baseline monitoring. Safe terrain condition.
CELL_MEG_0237,25.27652,91.90077,3,East Khasi Block,1444.1,32.2,0.0722,0.6284,0.0454,Level 1: Green,Low / Normal Baseline Monitoring,#22c55e,Routine baseline monitoring. Safe terrain condition.
CELL_MEG_0238,26.08695,92.28776,4,Ri-Bhoi Block,907.5,25.6,0.0214,0.6284,0.0134,Level 1: Green,Low / Normal Baseline Monitoring,#22c55e,Routine baseline monitoring. Safe terrain condition.
CELL_MEG_0239,25.57937,90.01405,1,Garo Hills Block,25.0,23.3,0.0459,0.6284,0.0288,Level 1: Green,Low / Normal Baseline Monitoring,#22c55e,Routine baseline monitoring. Safe terrain condition.
CELL_MEG_0240,25.18544,90.0395,1,Garo Hills Block,25.0,29.5,0.0182,0.6284,0.0114,Level 1: Green,Low / Normal Baseline Monitoring,#22c55e,Routine baseline monitoring. Safe terrain condition.
CELL_MEG_0241,25.36292,92.01924,5,Jaintia Hills Block,1453.2,15.1,0.1012,0.6284,0.0636,Level 1: Green,Low / Normal Baseline Monitoring,#22c55e,Routine baseline monitoring. Safe terrain condition.
CELL_MEG_0242,25.33906,90.20776,1,Garo Hills Block,25.0,14.5,0.0757,0.6284,0.0476,Level 1: Green,Low / Normal Baseline Monitoring,#22c55e,Routine baseline monitoring. Safe terrain condition.
CELL_MEG_0243,25.37492,92.43867,5,Jaintia Hills Block,1025.8,25.9,0.0446,0.6284,0.028,Level 1: Green,Low / Normal Baseline Monitoring,#22c55e,Routine baseline monitoring. Safe terrain condition.
CELL_MEG_0244,25.79872,91.89818,4,Ri-Bhoi Block,1443.2,27.4,0.0982,0.6284,0.0617,Level 1: Green,Low / Normal Baseline Monitoring,#22c55e,Routine baseline monitoring. Safe terrain condition.
CELL_MEG_0245,25.0692,92.29347,5,Jaintia Hills Block,947.4,22.1,0.1629,0.6284,0.1024,Level 2: Yellow,Advisory / Early Warning Watch,#eab308,Advisory notice. Maintenance standby and slope drainage watch.
CELL_MEG_0246,25.65427,90.81009,1,Garo Hills Block,277.9,34.4,0.0252,0.6284,0.0158,Level 1: Green,Low / Normal Baseline Monitoring,#22c55e,Routine baseline monitoring. Safe terrain condition.
CELL_MEG_0247,25.08096,89.87822,1,Garo Hills Block,25.0,23.1,0.0184,0.6284,0.0116,Level 1: Green,Low / Normal Baseline Monitoring,#22c55e,Routine baseline monitoring. Safe terrain condition.
CELL_MEG_0248,25.14824,91.58303,2,West Khasi Block,1124.8,21.8,0.024,0.6284,0.0151,Level 1: Green,Low / Normal Baseline Monitoring,#22c55e,Routine baseline monitoring. Safe terrain condition.
CELL_MEG_0249,25.57055,92.07824,5,Jaintia Hills Block,1614.7,18.8,0.2466,0.6284,0.155,Level 3: Orange,Warning / Heightened Hazard Alert,#f97316,Heightened warning. Travel caution and heavy transport limits.
CELL_MEG_0250,25.76389,91.73103,4,Ri-Bhoi Block,1489.9,15.2,0.0517,0.6284,0.0325,Level 1: Green,Low / Normal Baseline Monitoring,#22c55e,Routine baseline monitoring. Safe terrain condition.
CELL_MEG_0251,25.67545,90.1944,1,Garo Hills Block,25.0,25.1,0.0368,0.6284,0.0232,Level 1: Green,Low / Normal Baseline Monitoring,#22c55e,Routine baseline monitoring. Safe terrain condition.
CELL_MEG_0252,25.13783,90.63861,1,Garo Hills Block,36.4,20.2,0.0214,0.6284,0.0134,Level 1: Green,Low / Normal Baseline Monitoring,#22c55e,Routine baseline monitoring. Safe terrain condition.
CELL_MEG_0253,25.44396,92.68846,5,Jaintia Hills Block,703.6,35.8,0.0269,0.6284,0.0169,Level 1: Green,Low / Normal Baseline Monitoring,#22c55e,Routine baseline monitoring. Safe terrain condition.
CELL_MEG_0254,25.58438,91.47515,2,West Khasi Block,1296.0,17.5,0.0511,0.6284,0.0321,Level 1: Green,Low / Normal Baseline Monitoring,#22c55e,Routine baseline monitoring. Safe terrain condition.
CELL_MEG_0255,25.49492,90.07941,1,Garo Hills Block,37.0,30.2,0.017,0.6284,0.0107,Level 1: Green,Low / Normal Baseline Monitoring,#22c55e,Routine baseline monitoring. Safe terrain condition.
CELL_MEG_0256,25.12863,91.21825,2,West Khasi Block,756.0,14.6,0.0536,0.6284,0.0337,Level 1: Green,Low / Normal Baseline Monitoring,#22c55e,Routine baseline monitoring. Safe terrain condition.
CELL_MEG_0257,25.69589,92.352,4,Ri-Bhoi Block,1078.3,27.5,0.0881,0.6284,0.0553,Level 1: Green,Low / Normal Baseline Monitoring,#22c55e,Routine baseline monitoring. Safe terrain condition.
CELL_MEG_0258,25.99018,89.80093,1,Garo Hills Block,25.0,25.0,0.043,0.6284,0.027,Level 1: Green,Low / Normal Baseline Monitoring,#22c55e,Routine baseline monitoring. Safe terrain condition.
CELL_MEG_0259,25.40866,91.34305,2,West Khasi Block,1071.2,31.6,0.0194,0.6284,0.0122,Level 1: Green,Low / Normal Baseline Monitoring,#22c55e,Routine baseline monitoring. Safe terrain condition.
CELL_MEG_0260,25.42887,92.06703,5,Jaintia Hills Block,1510.1,27.7,0.0353,0.6284,0.0222,Level 1: Green,Low / Normal Baseline Monitoring,#22c55e,Routine baseline monitoring. Safe terrain condition.
CELL_MEG_0261,25.15948,91.61771,3,East Khasi Block,1161.4,25.6,0.112,0.6284,0.0704,Level 1: Green,Low / Normal Baseline Monitoring,#22c55e,Routine baseline monitoring. Safe terrain condition.
CELL_MEG_0262,25.53174,91.268,2,West Khasi Block,908.9,16.4,0.107,0.6284,0.0673,Level 1: Green,Low / Normal Baseline Monitoring,#22c55e,Routine baseline monitoring. Safe terrain condition.
CELL_MEG_0263,26.02262,92.64271,4,Ri-Bhoi Block,536.7,28.4,0.0147,0.6284,0.0092,Level 1: Green,Low / Normal Baseline Monitoring,#22c55e,Routine baseline monitoring. Safe terrain condition.
CELL_MEG_0264,25.92643,90.89355,1,Garo Hills Block,378.1,25.4,0.0202,0.6284,0.0127,Level 1: Green,Low / Normal Baseline Monitoring,#22c55e,Routine baseline monitoring. Safe terrain condition.
CELL_MEG_0265,25.3258,90.11541,1,Garo Hills Block,25.0,20.8,0.0234,0.6284,0.0147,Level 1: Green,Low / Normal Baseline Monitoring,#22c55e,Routine baseline monitoring. Safe terrain condition.
CELL_MEG_0266,25.48976,91.55937,2,West Khasi Block,1333.2,26.1,0.0675,0.6284,0.0424,Level 1: Green,Low / Normal Baseline Monitoring,#22c55e,Routine baseline monitoring. Safe terrain condition.
CELL_MEG_0267,25.93783,90.19656,1,Garo Hills Block,25.0,16.7,0.023,0.6284,0.0144,Level 1: Green,Low / Normal Baseline Monitoring,#22c55e,Routine baseline monitoring. Safe terrain condition.
CELL_MEG_0268,25.24394,91.69295,3,East Khasi Block,1393.3,31.2,0.0395,0.6284,0.0248,Level 1: Green,Low / Normal Baseline Monitoring,#22c55e,Routine baseline monitoring. Safe terrain condition.
CELL_MEG_0269,25.19791,91.24718,2,West Khasi Block,758.4,22.4,0.0295,0.6284,0.0186,Level 1: Green,Low / Normal Baseline Monitoring,#22c55e,Routine baseline monitoring. Safe terrain condition.
CELL_MEG_0270,25.02116,91.30689,2,West Khasi Block,801.4,31.4,0.0365,0.6284,0.0229,Level 1: Green,Low / Normal Baseline Monitoring,#22c55e,Routine baseline monitoring. Safe terrain condition.
CELL_MEG_0271,25.3816,89.99949,1,Garo Hills Block,126.2,23.4,0.0309,0.6284,0.0194,Level 1: Green,Low / Normal Baseline Monitoring,#22c55e,Routine baseline monitoring. Safe terrain condition.
CELL_MEG_0272,25.90889,90.78648,1,Garo Hills Block,254.3,27.5,0.0149,0.6284,0.0094,Level 1: Green,Low / Normal Baseline Monitoring,#22c55e,Routine baseline monitoring. Safe terrain condition.
CELL_MEG_0273,25.80173,90.56167,1,Garo Hills Block,38.5,27.3,0.0172,0.6284,0.0108,Level 1: Green,Low / Normal Baseline Monitoring,#22c55e,Routine baseline monitoring. Safe terrain condition.
CELL_MEG_0274,25.7799,91.96119,4,Ri-Bhoi Block,1503.1,19.4,0.0268,0.6284,0.0168,Level 1: Green,Low / Normal Baseline Monitoring,#22c55e,Routine baseline monitoring. Safe terrain condition.
CELL_MEG_0275,25.04714,91.06002,2,West Khasi Block,452.6,32.3,0.0242,0.6284,0.0152,Level 1: Green,Low / Normal Baseline Monitoring,#22c55e,Routine baseline monitoring. Safe terrain condition.
CELL_MEG_0276,25.34701,91.45737,2,West Khasi Block,1136.5,16.4,0.1469,0.6284,0.0923,Level 1: Green,Low / Normal Baseline Monitoring,#22c55e,Routine baseline monitoring. Safe terrain condition.
CELL_MEG_0277,25.28182,91.87535,3,East Khasi Block,1461.6,31.1,0.0768,0.6284,0.0483,Level 1: Green,Low / Normal Baseline Monitoring,#22c55e,Routine baseline monitoring. Safe terrain condition.
CELL_MEG_0278,25.97908,91.328,4,Ri-Bhoi Block,892.9,22.1,0.0225,0.6284,0.0141,Level 1: Green,Low / Normal Baseline Monitoring,#22c55e,Routine baseline monitoring. Safe terrain condition.
CELL_MEG_0279,25.04605,90.78055,1,Garo Hills Block,75.1,30.3,0.0216,0.6284,0.0136,Level 1: Green,Low / Normal Baseline Monitoring,#22c55e,Routine baseline monitoring. Safe terrain condition.
CELL_MEG_0280,25.11373,92.18713,5,Jaintia Hills Block,1132.4,23.4,0.0495,0.6284,0.0311,Level 1: Green,Low / Normal Baseline Monitoring,#22c55e,Routine baseline monitoring. Safe terrain condition.
CELL_MEG_0281,25.30167,91.70211,3,East Khasi Block,1406.4,22.1,0.0928,0.6284,0.0583,Level 1: Green,Low / Normal Baseline Monitoring,#22c55e,Routine baseline monitoring. Safe terrain condition.
CELL_MEG_0282,25.30461,92.80132,5,Jaintia Hills Block,534.8,17.5,0.2573,0.6284,0.1617,Level 3: Orange,Warning / Heightened Hazard Alert,#f97316,Heightened warning. Travel caution and heavy transport limits.
CELL_MEG_0283,25.5662,91.60764,3,East Khasi Block,1420.0,23.9,0.6725,0.6284,0.4226,Level 4: Red,Critical / Immediate Action Trigger,#ef4444,Critical landslide hazard. Immediate emergency protocols and slope closures.
CELL_MEG_0284,25.04994,89.88127,1,Garo Hills Block,25.0,27.6,0.0181,0.6284,0.0114,Level 1: Green,Low / Normal Baseline Monitoring,#22c55e,Routine baseline monitoring. Safe terrain condition.
CELL_MEG_0285,25.16482,92.40258,5,Jaintia Hills Block,976.8,26.3,0.0363,0.6284,0.0228,Level 1: Green,Low / Normal Baseline Monitoring,#22c55e,Routine baseline monitoring. Safe terrain condition.
CELL_MEG_0286,25.10852,92.3565,5,Jaintia Hills Block,901.3,21.3,0.0498,0.6284,0.0313,Level 1: Green,Low / Normal Baseline Monitoring,#22c55e,Routine baseline monitoring. Safe terrain condition.
CELL_MEG_0287,26.08174,90.5237,1,Garo Hills Block,51.7,31.7,0.0534,0.6284,0.0336,Level 1: Green,Low / Normal Baseline Monitoring,#22c55e,Routine baseline monitoring. Safe terrain condition.
CELL_MEG_0288,25.05312,91.42562,2,West Khasi Block,822.9,30.3,0.017,0.6284,0.0107,Level 1: Green,Low / Normal Baseline Monitoring,#22c55e,Routine baseline monitoring. Safe terrain condition.
CELL_MEG_0289,25.10897,90.20658,1,Garo Hills Block,25.0,15.9,0.0173,0.6284,0.0109,Level 1: Green,Low / Normal Baseline Monitoring,#22c55e,Routine baseline monitoring. Safe terrain condition.
CELL_MEG_0290,25.16753,91.61255,3,East Khasi Block,1155.0,26.6,0.1097,0.6284,0.069,Level 1: Green,Low / Normal Baseline Monitoring,#22c55e,Routine baseline monitoring. Safe terrain condition.
CELL_MEG_0291,25.1232,91.27419,2,West Khasi Block,828.3,16.1,0.0382,0.6284,0.024,Level 1: Green,Low / Normal Baseline Monitoring,#22c55e,Routine baseline monitoring. Safe terrain condition.
CELL_MEG_0292,25.72773,90.69249,1,Garo Hills Block,190.4,17.4,0.0723,0.6284,0.0455,Level 1: Green,Low / Normal Baseline Monitoring,#22c55e,Routine baseline monitoring. Safe terrain condition.
CELL_MEG_0293,25.14236,91.30989,2,West Khasi Block,859.1,20.1,0.0315,0.6284,0.0198,Level 1: Green,Low / Normal Baseline Monitoring,#22c55e,Routine baseline monitoring. Safe terrain condition.
CELL_MEG_0294,25.21654,91.93067,3,East Khasi Block,1317.8,32.8,0.0541,0.6284,0.034,Level 1: Green,Low / Normal Baseline Monitoring,#22c55e,Routine baseline monitoring. Safe terrain condition.
CELL_MEG_0295,25.27316,91.34548,2,West Khasi Block,1009.3,32.2,0.1935,0.6284,0.1216,Level 2: Yellow,Advisory / Early Warning Watch,#eab308,Advisory notice. Maintenance standby and slope drainage watch.
CELL_MEG_0296,25.35744,91.46168,2,West Khasi Block,1149.1,16.5,0.0369,0.6284,0.0232,Level 1: Green,Low / Normal Baseline Monitoring,#22c55e,Routine baseline monitoring. Safe terrain condition.
CELL_MEG_0297,25.07235,90.88683,1,Garo Hills Block,332.5,29.1,0.0148,0.6284,0.0093,Level 1: Green,Low / Normal Baseline Monitoring,#22c55e,Routine baseline monitoring. Safe terrain condition.
CELL_MEG_0298,25.67374,91.18504,4,Ri-Bhoi Block,862.3,28.6,0.2039,0.6284,0.1281,Level 2: Yellow,Advisory / Early Warning Watch,#eab308,Advisory notice. Maintenance standby and slope drainage watch.
CELL_MEG_0299,25.71768,90.40095,1,Garo Hills Block,42.9,21.7,0.0288,0.6284,0.0181,Level 1: Green,Low / Normal Baseline Monitoring,#22c55e,Routine baseline monitoring. Safe terrain condition.
CELL_MEG_0300,25.44217,92.72895,5,Jaintia Hills Block,647.9,32.5,0.0828,0.6284,0.052,Level 1: Green,Low / Normal Baseline Monitoring,#22c55e,Routine baseline monitoring. Safe terrain condition.
CELL_MEG_0301,25.91912,92.83504,4,Ri-Bhoi Block,418.2,20.9,0.0912,0.6284,0.0573,Level 1: Green,Low / Normal Baseline Monitoring,#22c55e,Routine baseline monitoring. Safe terrain condition.
CELL_MEG_0302,25.32169,90.0532,1,Garo Hills Block,75.2,25.1,0.0198,0.6284,0.0124,Level 1: Green,Low / Normal Baseline Monitoring,#22c55e,Routine baseline monitoring. Safe terrain condition.
CELL_MEG_0303,25.94771,92.29219,4,Ri-Bhoi Block,1040.7,15.4,0.0402,0.6284,0.0253,Level 1: Green,Low / Normal Baseline Monitoring,#22c55e,Routine baseline monitoring. Safe terrain condition.
CELL_MEG_0304,25.2264,91.37406,2,West Khasi Block,1058.0,35.6,0.0304,0.6284,0.0191,Level 1: Green,Low / Normal Baseline Monitoring,#22c55e,Routine baseline monitoring. Safe terrain condition.
CELL_MEG_0305,25.59162,91.75157,3,East Khasi Block,1680.6,17.9,0.2851,0.6284,0.1791,Level 3: Orange,Warning / Heightened Hazard Alert,#f97316,Heightened warning. Travel caution and heavy transport limits.
CELL_MEG_0306,25.59386,89.81673,1,Garo Hills Block,58.5,27.7,0.025,0.6284,0.0157,Level 1: Green,Low / Normal Baseline Monitoring,#22c55e,Routine baseline monitoring. Safe terrain condition.
CELL_MEG_0307,25.47485,91.84468,3,East Khasi Block,1707.1,31.2,0.0459,0.6284,0.0288,Level 1: Green,Low / Normal Baseline Monitoring,#22c55e,Routine baseline monitoring. Safe terrain condition.
CELL_MEG_0308,25.54117,91.74672,3,East Khasi Block,1741.4,14.6,0.1013,0.6284,0.0637,Level 1: Green,Low / Normal Baseline Monitoring,#22c55e,Routine baseline monitoring. Safe terrain condition.
CELL_MEG_0309,25.21002,90.57386,1,Garo Hills Block,25.0,34.0,0.0166,0.6284,0.0104,Level 1: Green,Low / Normal Baseline Monitoring,#22c55e,Routine baseline monitoring. Safe terrain condition.
CELL_MEG_0310,26.09675,91.95431,4,Ri-Bhoi Block,1066.5,30.1,0.0189,0.6284,0.0119,Level 1: Green,Low / Normal Baseline Monitoring,#22c55e,Routine baseline monitoring. Safe terrain condition.
CELL_MEG_0311,25.31872,91.80502,3,East Khasi Block,1502.2,18.0,0.273,0.6284,0.1715,Level 3: Orange,Warning / Heightened Hazard Alert,#f97316,Heightened warning. Travel caution and heavy transport limits.
CELL_MEG_0312,25.17467,90.70841,1,Garo Hills Block,121.3,18.2,0.0161,0.6284,0.0101,Level 1: Green,Low / Normal Baseline Monitoring,#22c55e,Routine baseline monitoring. Safe terrain condition.
CELL_MEG_0313,25.74884,92.08326,4,Ri-Bhoi Block,1436.1,18.8,0.1229,0.6284,0.0773,Level 1: Green,Low / Normal Baseline Monitoring,#22c55e,Routine baseline monitoring. Safe terrain condition.
CELL_MEG_0314,25.59542,91.57484,2,West Khasi Block,1403.6,24.7,0.0581,0.6284,0.0365,Level 1: Green,Low / Normal Baseline Monitoring,#22c55e,Routine baseline monitoring. Safe terrain condition.
CELL_MEG_0315,25.59583,92.03959,5,Jaintia Hills Block,1631.1,19.0,0.3232,0.6284,0.2031,Level 3: Orange,Warning / Heightened Hazard Alert,#f97316,Heightened warning. Travel caution and heavy transport limits.
CELL_MEG_0316,25.55001,91.95443,3,East Khasi Block,1722.7,19.3,0.1279,0.6284,0.0804,Level 1: Green,Low / Normal Baseline Monitoring,#22c55e,Routine baseline monitoring. Safe terrain condition.
CELL_MEG_0317,25.03118,90.01768,1,Garo Hills Block,119.3,33.7,0.0206,0.6284,0.0129,Level 1: Green,Low / Normal Baseline Monitoring,#22c55e,Routine baseline monitoring. Safe terrain condition.
CELL_MEG_0318,25.62243,91.96996,3,East Khasi Block,1688.4,26.6,0.4249,0.6284,0.267,Level 3: Orange,Warning / Heightened Hazard Alert,#f97316,Heightened warning. Travel caution and heavy transport limits.
CELL_MEG_0319,25.65483,91.24551,4,Ri-Bhoi Block,1017.5,26.1,0.0577,0.6284,0.0362,Level 1: Green,Low / Normal Baseline Monitoring,#22c55e,Routine baseline monitoring. Safe terrain condition.
CELL_MEG_0320,25.64906,91.85236,3,East Khasi Block,1753.2,33.8,0.1096,0.6284,0.0689,Level 1: Green,Low / Normal Baseline Monitoring,#22c55e,Routine baseline monitoring. Safe terrain condition.
CELL_MEG_0321,25.36158,92.02056,5,Jaintia Hills Block,1449.6,15.0,0.2363,0.6284,0.1485,Level 2: Yellow,Advisory / Early Warning Watch,#eab308,Advisory notice. Maintenance standby and slope drainage watch.
CELL_MEG_0322,25.9567,90.77585,1,Garo Hills Block,146.5,19.1,0.0108,0.6284,0.0068,Level 1: Green,Low / Normal Baseline Monitoring,#22c55e,Routine baseline monitoring. Safe terrain condition.
CELL_MEG_0323,25.53048,91.80854,3,East Khasi Block,1753.9,18.1,0.1993,0.6284,0.1253,Level 2: Yellow,Advisory / Early Warning Watch,#eab308,Advisory notice. Maintenance standby and slope drainage watch.
CELL_MEG_0324,25.61766,92.04813,5,Jaintia Hills Block,1573.3,23.3,0.1994,0.6284,0.1253,Level 2: Yellow,Advisory / Early Warning Watch,#eab308,Advisory notice. Maintenance standby and slope drainage watch.
CELL_MEG_0325,25.13591,91.4658,2,West Khasi Block,1033.3,15.5,0.0272,0.6284,0.0171,Level 1: Green,Low / Normal Baseline Monitoring,#22c55e,Routine baseline monitoring. Safe terrain condition.
CELL_MEG_0326,25.32077,91.59874,2,West Khasi Block,1386.9,23.9,0.2227,0.6284,0.1399,Level 2: Yellow,Advisory / Early Warning Watch,#eab308,Advisory notice. Maintenance standby and slope drainage watch.
CELL_MEG_0327,25.71631,90.00105,1,Garo Hills Block,110.9,24.5,0.0374,0.6284,0.0235,Level 1: Green,Low / Normal Baseline Monitoring,#22c55e,Routine baseline monitoring. Safe terrain condition.
CELL_MEG_0328,25.10709,89.84292,1,Garo Hills Block,25.0,23.0,0.0167,0.6284,0.0105,Level 1: Green,Low / Normal Baseline Monitoring,#22c55e,Routine baseline monitoring. Safe terrain condition.
CELL_MEG_0329,25.1568,91.47781,2,West Khasi Block,1078.6,16.1,0.0226,0.6284,0.0142,Level 1: Green,Low / Normal Baseline Monitoring,#22c55e,Routine baseline monitoring. Safe terrain condition.
CELL_MEG_0330,25.2735,92.09304,5,Jaintia Hills Block,1378.5,28.4,0.0494,0.6284,0.0311,Level 1: Green,Low / Normal Baseline Monitoring,#22c55e,Routine baseline monitoring. Safe terrain condition.
CELL_MEG_0331,25.10455,92.06071,5,Jaintia Hills Block,1132.9,18.0,0.0679,0.6284,0.0427,Level 1: Green,Low / Normal Baseline Monitoring,#22c55e,Routine baseline monitoring. Safe terrain condition.
CELL_MEG_0332,25.07602,89.90671,1,Garo Hills Block,25.0,21.4,0.0159,0.6284,0.01,Level 1: Green,Low / Normal Baseline Monitoring,#22c55e,Routine baseline monitoring. Safe terrain condition.
CELL_MEG_0333,25.83879,91.87451,4,Ri-Bhoi Block,1365.5,33.7,0.0364,0.6284,0.0229,Level 1: Green,Low / Normal Baseline Monitoring,#22c55e,Routine baseline monitoring. Safe terrain condition.
CELL_MEG_0334,25.67422,90.73254,1,Garo Hills Block,203.0,25.7,0.0246,0.6284,0.0155,Level 1: Green,Low / Normal Baseline Monitoring,#22c55e,Routine baseline monitoring. Safe terrain condition.
CELL_MEG_0335,25.42569,91.39923,2,West Khasi Block,1122.9,33.5,0.0209,0.6284,0.0131,Level 1: Green,Low / Normal Baseline Monitoring,#22c55e,Routine baseline monitoring. Safe terrain condition.
CELL_MEG_0336,25.19907,91.1818,2,West Khasi Block,760.8,26.2,0.0153,0.6284,0.0096,Level 1: Green,Low / Normal Baseline Monitoring,#22c55e,Routine baseline monitoring. Safe terrain condition.
CELL_MEG_0337,25.80763,91.99066,4,Ri-Bhoi Block,1484.7,20.4,0.0402,0.6284,0.0253,Level 1: Green,Low / Normal Baseline Monitoring,#22c55e,Routine baseline monitoring. Safe terrain condition.
CELL_MEG_0338,25.58672,91.54718,2,West Khasi Block,1357.6,20.0,0.0458,0.6284,0.0288,Level 1: Green,Low / Normal Baseline Monitoring,#22c55e,Routine baseline monitoring. Safe terrain condition.
CELL_MEG_0339,25.02659,92.46752,5,Jaintia Hills Block,784.6,32.5,0.012,0.6284,0.0075,Level 1: Green,Low / Normal Baseline Monitoring,#22c55e,Routine baseline monitoring. Safe terrain condition.
CELL_MEG_0340,25.18016,91.33214,2,West Khasi Block,911.3,27.4,0.0133,0.6284,0.0083,Level 1: Green,Low / Normal Baseline Monitoring,#22c55e,Routine baseline monitoring. Safe terrain condition.
CELL_MEG_0341,25.24635,91.60102,3,East Khasi Block,1214.9,34.6,0.0259,0.6284,0.0163,Level 1: Green,Low / Normal Baseline Monitoring,#22c55e,Routine baseline monitoring. Safe terrain condition.
CELL_MEG_0342,25.93704,92.26428,4,Ri-Bhoi Block,1098.7,17.3,0.0373,0.6284,0.0235,Level 1: Green,Low / Normal Baseline Monitoring,#22c55e,Routine baseline monitoring. Safe terrain condition.
CELL_MEG_0343,25.02177,91.65493,3,East Khasi Block,1047.5,35.0,0.0655,0.6284,0.0411,Level 1: Green,Low / Normal Baseline Monitoring,#22c55e,Routine baseline monitoring. Safe terrain condition.
CELL_MEG_0344,25.07719,90.90171,1,Garo Hills Block,373.2,26.5,0.0101,0.6284,0.0064,Level 1: Green,Low / Normal Baseline Monitoring,#22c55e,Routine baseline monitoring. Safe terrain condition.
CELL_MEG_0345,25.39984,91.31104,2,West Khasi Block,1065.8,27.0,0.014,0.6284,0.0088,Level 1: Green,Low / Normal Baseline Monitoring,#22c55e,Routine baseline monitoring. Safe terrain condition.
CELL_MEG_0346,25.1196,91.35098,2,West Khasi Block,891.2,24.1,0.0178,0.6284,0.0112,Level 1: Green,Low / Normal Baseline Monitoring,#22c55e,Routine baseline monitoring. Safe terrain condition.
CELL_MEG_0347,25.29312,91.67785,3,East Khasi Block,1390.0,26.4,0.1333,0.6284,0.0837,Level 1: Green,Low / Normal Baseline Monitoring,#22c55e,Routine baseline monitoring. Safe terrain condition.
CELL_MEG_0348,26.0221,89.99079,1,Garo Hills Block,115.6,24.5,0.0181,0.6284,0.0114,Level 1: Green,Low / Normal Baseline Monitoring,#22c55e,Routine baseline monitoring. Safe terrain condition.
CELL_MEG_0349,25.33601,91.89656,3,East Khasi Block,1617.0,24.1,0.0897,0.6284,0.0563,Level 1: Green,Low / Normal Baseline Monitoring,#22c55e,Routine baseline monitoring. Safe terrain condition.
CELL_MEG_0350,25.34527,89.82818,1,Garo Hills Block,25.0,22.7,0.0284,0.6284,0.0179,Level 1: Green,Low / Normal Baseline Monitoring,#22c55e,Routine baseline monitoring. Safe terrain condition.
CELL_MEG_0351,25.20113,90.7828,1,Garo Hills Block,320.0,28.2,0.011,0.6284,0.0069,Level 1: Green,Low / Normal Baseline Monitoring,#22c55e,Routine baseline monitoring. Safe terrain condition.
CELL_MEG_0352,25.48141,90.14168,1,Garo Hills Block,94.0,26.1,0.0278,0.6284,0.0175,Level 1: Green,Low / Normal Baseline Monitoring,#22c55e,Routine baseline monitoring. Safe terrain condition.
CELL_MEG_0353,25.83825,90.18566,1,Garo Hills Block,121.9,24.1,0.0274,0.6284,0.0172,Level 1: Green,Low / Normal Baseline Monitoring,#22c55e,Routine baseline monitoring. Safe terrain condition.
CELL_MEG_0354,25.0794,92.332,5,Jaintia Hills Block,875.8,23.1,0.0294,0.6284,0.0185,Level 1: Green,Low / Normal Baseline Monitoring,#22c55e,Routine baseline monitoring. Safe terrain condition.
CELL_MEG_0355,25.54669,92.79121,5,Jaintia Hills Block,523.6,14.5,0.148,0.6284,0.093,Level 1: Green,Low / Normal Baseline Monitoring,#22c55e,Routine baseline monitoring. Safe terrain condition.
CELL_MEG_0356,26.09176,92.43777,4,Ri-Bhoi Block,763.4,34.6,0.0412,0.6284,0.0259,Level 1: Green,Low / Normal Baseline Monitoring,#22c55e,Routine baseline monitoring. Safe terrain condition.
CELL_MEG_0357,25.09692,90.99895,1,Garo Hills Block,493.3,17.9,0.0249,0.6284,0.0157,Level 1: Green,Low / Normal Baseline Monitoring,#22c55e,Routine baseline monitoring. Safe terrain condition.
CELL_MEG_0358,25.04317,91.96303,3,East Khasi Block,1142.7,29.7,0.0634,0.6284,0.0398,Level 1: Green,Low / Normal Baseline Monitoring,#22c55e,Routine baseline monitoring. Safe terrain condition.
CELL_MEG_0359,25.74794,91.23777,4,Ri-Bhoi Block,928.4,14.5,0.08,0.6284,0.0503,Level 1: Green,Low / Normal Baseline Monitoring,#22c55e,Routine baseline monitoring. Safe terrain condition.
CELL_MEG_0360,25.4683,91.74361,3,East Khasi Block,1662.1,25.2,0.1342,0.6284,0.0844,Level 1: Green,Low / Normal Baseline Monitoring,#22c55e,Routine baseline monitoring. Safe terrain condition.
CELL_MEG_0361,25.20924,91.72037,3,East Khasi Block,1404.7,26.1,0.048,0.6284,0.0302,Level 1: Green,Low / Normal Baseline Monitoring,#22c55e,Routine baseline monitoring. Safe terrain condition.
CELL_MEG_0362,25.11459,91.89819,3,East Khasi Block,1269.8,24.8,0.0543,0.6284,0.0341,Level 1: Green,Low / Normal Baseline Monitoring,#22c55e,Routine baseline monitoring. Safe terrain condition.
CELL_MEG_0363,25.38147,92.15757,5,Jaintia Hills Block,1442.2,27.7,0.0519,0.6284,0.0326,Level 1: Green,Low / Normal Baseline Monitoring,#22c55e,Routine baseline monitoring. Safe terrain condition.
CELL_MEG_0364,25.91082,90.48886,1,Garo Hills Block,57.1,23.2,0.0169,0.6284,0.0106,Level 1: Green,Low / Normal Baseline Monitoring,#22c55e,Routine baseline monitoring. Safe terrain condition.
CELL_MEG_0365,25.35899,91.43501,2,West Khasi Block,1092.1,19.6,0.0347,0.6284,0.0218,Level 1: Green,Low / Normal Baseline Monitoring,#22c55e,Routine baseline monitoring. Safe terrain condition.
CELL_MEG_0366,26.04902,91.29415,4,Ri-Bhoi Block,807.3,28.2,0.0098,0.6284,0.0062,Level 1: Green,Low / Normal Baseline Monitoring,#22c55e,Routine baseline monitoring. Safe terrain condition.
CELL_MEG_0367,25.19358,91.78669,3,East Khasi Block,1374.3,22.4,0.0479,0.6284,0.0301,Level 1: Green,Low / Normal Baseline Monitoring,#22c55e,Routine baseline monitoring. Safe terrain condition.
CELL_MEG_0368,26.09055,91.89241,4,Ri-Bhoi Block,1067.4,35.4,0.0676,0.6284,0.0425,Level 1: Green,Low / Normal Baseline Monitoring,#22c55e,Routine baseline monitoring. Safe terrain condition.
CELL_MEG_0369,25.5582,91.71806,3,East Khasi Block,1686.8,16.5,0.3764,0.6284,0.2365,Level 3: Orange,Warning / Heightened Hazard Alert,#f97316,Heightened warning. Travel caution and heavy transport limits.
CELL_MEG_0370,25.60428,92.45592,5,Jaintia Hills Block,1040.3,27.9,0.1395,0.6284,0.0877,Level 1: Green,Low / Normal Baseline Monitoring,#22c55e,Routine baseline monitoring. Safe terrain condition.
CELL_MEG_0371,25.87911,91.62854,4,Ri-Bhoi Block,1239.0,35.5,0.0276,0.6284,0.0173,Level 1: Green,Low / Normal Baseline Monitoring,#22c55e,Routine baseline monitoring. Safe terrain condition.
CELL_MEG_0372,25.50517,91.71412,3,East Khasi Block,1681.1,21.8,0.2351,0.6284,0.1477,Level 2: Yellow,Advisory / Early Warning Watch,#eab308,Advisory notice. Maintenance standby and slope drainage watch.
CELL_MEG_0373,25.18085,91.33088,2,West Khasi Block,908.6,27.4,0.0133,0.6284,0.0083,Level 1: Green,Low / Normal Baseline Monitoring,#22c55e,Routine baseline monitoring. Safe terrain condition.
CELL_MEG_0374,25.29085,91.90647,3,East Khasi Block,1487.0,29.5,0.2639,0.6284,0.1658,Level 3: Orange,Warning / Heightened Hazard Alert,#f97316,Heightened warning. Travel caution and heavy transport limits.
CELL_MEG_0375,25.18478,90.86111,1,Garo Hills Block,348.5,29.5,0.0202,0.6284,0.0127,Level 1: Green,Low / Normal Baseline Monitoring,#22c55e,Routine baseline monitoring. Safe terrain condition.
CELL_MEG_0376,25.89589,89.83888,1,Garo Hills Block,80.8,31.4,0.0105,0.6284,0.0066,Level 1: Green,Low / Normal Baseline Monitoring,#22c55e,Routine baseline monitoring. Safe terrain condition.
CELL_MEG_0377,25.96596,92.51544,4,Ri-Bhoi Block,855.9,15.3,0.0459,0.6284,0.0288,Level 1: Green,Low / Normal Baseline Monitoring,#22c55e,Routine baseline monitoring. Safe terrain condition.
CELL_MEG_0378,25.64762,91.80806,3,East Khasi Block,1673.7,28.7,0.1023,0.6284,0.0643,Level 1: Green,Low / Normal Baseline Monitoring,#22c55e,Routine baseline monitoring. Safe terrain condition.
CELL_MEG_0379,25.26524,90.45888,1,Garo Hills Block,82.3,24.1,0.0417,0.6284,0.0262,Level 1: Green,Low / Normal Baseline Monitoring,#22c55e,Routine baseline monitoring. Safe terrain condition.
CELL_MEG_0380,25.52578,91.92902,3,East Khasi Block,1711.2,23.8,0.5458,0.6284,0.343,Level 3: Orange,Warning / Heightened Hazard Alert,#f97316,Heightened warning. Travel caution and heavy transport limits.
CELL_MEG_0381,25.96043,90.7334,1,Garo Hills Block,120.3,14.8,0.0851,0.6284,0.0535,Level 1: Green,Low / Normal Baseline Monitoring,#22c55e,Routine baseline monitoring. Safe terrain condition.
CELL_MEG_0382,25.98412,91.987,4,Ri-Bhoi Block,1196.8,16.2,0.0499,0.6284,0.0313,Level 1: Green,Low / Normal Baseline Monitoring,#22c55e,Routine baseline monitoring. Safe terrain condition.
CELL_MEG_0383,25.75751,92.50056,4,Ri-Bhoi Block,939.5,16.7,0.2722,0.6284,0.171,Level 3: Orange,Warning / Heightened Hazard Alert,#f97316,Heightened warning. Travel caution and heavy transport limits.
CELL_MEG_0384,25.65967,91.18354,4,Ri-Bhoi Block,861.1,29.6,0.0284,0.6284,0.0178,Level 1: Green,Low / Normal Baseline Monitoring,#22c55e,Routine baseline monitoring. Safe terrain condition.
CELL_MEG_0385,25.02978,91.5747,2,West Khasi Block,1080.5,32.2,0.0231,0.6284,0.0145,Level 1: Green,Low / Normal Baseline Monitoring,#22c55e,Routine baseline monitoring. Safe terrain condition.
CELL_MEG_0386,25.64838,92.37471,5,Jaintia Hills Block,1079.8,33.6,0.0274,0.6284,0.0172,Level 1: Green,Low / Normal Baseline Monitoring,#22c55e,Routine baseline monitoring. Safe terrain condition.
CELL_MEG_0387,25.6756,92.73055,4,Ri-Bhoi Block,606.0,31.4,0.1227,0.6284,0.0771,Level 1: Green,Low / Normal Baseline Monitoring,#22c55e,Routine baseline monitoring. Safe terrain condition.
CELL_MEG_0388,25.40077,92.16103,5,Jaintia Hills Block,1447.0,31.0,0.1595,0.6284,0.1002,Level 2: Yellow,Advisory / Early Warning Watch,#eab308,Advisory notice. Maintenance standby and slope drainage watch.
CELL_MEG_0389,25.52499,91.40383,2,West Khasi Block,1262.8,24.1,0.1199,0.6284,0.0754,Level 1: Green,Low / Normal Baseline Monitoring,#22c55e,Routine baseline monitoring. Safe terrain condition.
CELL_MEG_0390,25.38809,91.74183,3,East Khasi Block,1474.4,19.4,0.1678,0.6284,0.1055,Level 2: Yellow,Advisory / Early Warning Watch,#eab308,Advisory notice. Maintenance standby and slope drainage watch.
CELL_MEG_0391,25.50115,90.44043,1,Garo Hills Block,100.1,19.8,0.0604,0.6284,0.038,Level 1: Green,Low / Normal Baseline Monitoring,#22c55e,Routine baseline monitoring. Safe terrain condition.
CELL_MEG_0392,25.40927,92.83638,5,Jaintia Hills Block,554.7,23.7,0.1249,0.6284,0.0785,Level 1: Green,Low / Normal Baseline Monitoring,#22c55e,Routine baseline monitoring. Safe terrain condition.
CELL_MEG_0393,26.07723,91.56953,4,Ri-Bhoi Block,990.0,31.6,0.023,0.6284,0.0144,Level 1: Green,Low / Normal Baseline Monitoring,#22c55e,Routine baseline monitoring. Safe terrain condition.
CELL_MEG_0394,25.07249,92.02736,5,Jaintia Hills Block,1078.1,21.4,0.0799,0.6284,0.0502,Level 1: Green,Low / Normal Baseline Monitoring,#22c55e,Routine baseline monitoring. Safe terrain condition.
CELL_MEG_0395,25.68059,92.04706,4,Ri-Bhoi Block,1468.2,25.3,0.0359,0.6284,0.0226,Level 1: Green,Low / Normal Baseline Monitoring,#22c55e,Routine baseline monitoring. Safe terrain condition.
CELL_MEG_0396,25.0792,92.19197,5,Jaintia Hills Block,1131.1,28.2,0.0297,0.6284,0.0187,Level 1: Green,Low / Normal Baseline Monitoring,#22c55e,Routine baseline monitoring. Safe terrain condition.
CELL_MEG_0397,25.03599,90.71302,1,Garo Hills Block,65.5,25.8,0.0124,0.6284,0.0078,Level 1: Green,Low / Normal Baseline Monitoring,#22c55e,Routine baseline monitoring. Safe terrain condition.
CELL_MEG_0398,25.60201,92.22814,5,Jaintia Hills Block,1354.2,23.5,0.0543,0.6284,0.0341,Level 1: Green,Low / Normal Baseline Monitoring,#22c55e,Routine baseline monitoring. Safe terrain condition.
CELL_MEG_0399,25.40738,91.60307,3,East Khasi Block,1466.5,31.3,0.034,0.6284,0.0214,Level 1: Green,Low / Normal Baseline Monitoring,#22c55e,Routine baseline monitoring. Safe terrain condition.
CELL_MEG_0400,25.57511,91.48831,2,West Khasi Block,1310.2,15.6,0.1841,0.6284,0.1157,Level 2: Yellow,Advisory / Early Warning Watch,#eab308,Advisory notice. Maintenance standby and slope drainage watch.
CELL_MEG_0401,25.03623,91.772,3,East Khasi Block,1056.8,26.0,0.0516,0.6284,0.0324,Level 1: Green,Low / Normal Baseline Monitoring,#22c55e,Routine baseline monitoring. Safe terrain condition.
CELL_MEG_0402,25.59383,91.81556,3,East Khasi Block,1740.0,21.9,0.3098,0.6284,0.1947,Level 3: Orange,Warning / Heightened Hazard Alert,#f97316,Heightened warning. Travel caution and heavy transport limits.
CELL_MEG_0403,25.34316,92.07848,5,Jaintia Hills Block,1387.1,17.9,0.0526,0.6284,0.033,Level 1: Green,Low / Normal Baseline Monitoring,#22c55e,Routine baseline monitoring. Safe terrain condition.
CELL_MEG_0404,25.09822,90.60711,1,Garo Hills Block,91.0,26.1,0.0338,0.6284,0.0212,Level 1: Green,Low / Normal Baseline Monitoring,#22c55e,Routine baseline monitoring. Safe terrain condition.
CELL_MEG_0405,25.10639,90.88216,1,Garo Hills Block,331.0,23.9,0.0154,0.6284,0.0097,Level 1: Green,Low / Normal Baseline Monitoring,#22c55e,Routine baseline monitoring. Safe terrain condition.
CELL_MEG_0406,25.021,90.92669,1,Garo Hills Block,384.0,28.9,0.0184,0.6284,0.0116,Level 1: Green,Low / Normal Baseline Monitoring,#22c55e,Routine baseline monitoring. Safe terrain condition.
CELL_MEG_0407,25.18245,91.88258,3,East Khasi Block,1265.3,29.4,0.1276,0.6284,0.0802,Level 1: Green,Low / Normal Baseline Monitoring,#22c55e,Routine baseline monitoring. Safe terrain condition.
CELL_MEG_0408,25.09453,91.51522,2,West Khasi Block,1051.9,17.9,0.0303,0.6284,0.019,Level 1: Green,Low / Normal Baseline Monitoring,#22c55e,Routine baseline monitoring. Safe terrain condition.
CELL_MEG_0409,25.0287,89.82187,1,Garo Hills Block,25.0,35.1,0.0184,0.6284,0.0115,Level 1: Green,Low / Normal Baseline Monitoring,#22c55e,Routine baseline monitoring. Safe terrain condition.
CELL_MEG_0410,25.09402,91.07727,2,West Khasi Block,507.7,26.5,0.0247,0.6284,0.0155,Level 1: Green,Low / Normal Baseline Monitoring,#22c55e,Routine baseline monitoring. Safe terrain condition.
CELL_MEG_0411,25.42546,90.07034,1,Garo Hills Block,55.3,34.6,0.0116,0.6284,0.0073,Level 1: Green,Low / Normal Baseline Monitoring,#22c55e,Routine baseline monitoring. Safe terrain condition.
CELL_MEG_0412,26.0178,89.99008,1,Garo Hills Block,118.3,23.7,0.0211,0.6284,0.0133,Level 1: Green,Low / Normal Baseline Monitoring,#22c55e,Routine baseline monitoring. Safe terrain condition.
CELL_MEG_0413,25.81085,91.94846,4,Ri-Bhoi Block,1442.5,25.6,0.0234,0.6284,0.0147,Level 1: Green,Low / Normal Baseline Monitoring,#22c55e,Routine baseline monitoring. Safe terrain condition.
CELL_MEG_0414,25.6624,91.8566,4,Ri-Bhoi Block,1749.1,34.2,0.0426,0.6284,0.0268,Level 1: Green,Low / Normal Baseline Monitoring,#22c55e,Routine baseline monitoring. Safe terrain condition.
CELL_MEG_0415,25.91363,89.88189,1,Garo Hills Block,51.1,23.6,0.013,0.6284,0.0082,Level 1: Green,Low / Normal Baseline Monitoring,#22c55e,Routine baseline monitoring. Safe terrain condition.
CELL_MEG_0416,25.51122,90.15025,1,Garo Hills Block,123.7,20.0,0.0775,0.6284,0.0487,Level 1: Green,Low / Normal Baseline Monitoring,#22c55e,Routine baseline monitoring. Safe terrain condition.
CELL_MEG_0417,25.68271,90.14143,1,Garo Hills Block,25.0,27.2,0.0171,0.6284,0.0107,Level 1: Green,Low / Normal Baseline Monitoring,#22c55e,Routine baseline monitoring. Safe terrain condition.
CELL_MEG_0418,25.20389,90.22723,1,Garo Hills Block,69.9,25.1,0.0384,0.6284,0.0242,Level 1: Green,Low / Normal Baseline Monitoring,#22c55e,Routine baseline monitoring. Safe terrain condition.
CELL_MEG_0419,25.97119,90.25835,1,Garo Hills Block,68.5,19.4,0.0459,0.6284,0.0289,Level 1: Green,Low / Normal Baseline Monitoring,#22c55e,Routine baseline monitoring. Safe terrain condition.
CELL_MEG_0420,25.26532,91.32466,2,West Khasi Block,962.9,31.6,0.1856,0.6284,0.1166,Level 2: Yellow,Advisory / Early Warning Watch,#eab308,Advisory notice. Maintenance standby and slope drainage watch.
CELL_MEG_0421,25.02222,91.53454,2,West Khasi Block,1011.5,27.6,0.0324,0.6284,0.0204,Level 1: Green,Low / Normal Baseline Monitoring,#22c55e,Routine baseline monitoring. Safe terrain condition.
CELL_MEG_0422,25.21275,91.59829,2,West Khasi Block,1157.1,33.1,0.0275,0.6284,0.0173,Level 1: Green,Low / Normal Baseline Monitoring,#22c55e,Routine baseline monitoring. Safe terrain condition.
CELL_MEG_0423,25.83557,92.63052,4,Ri-Bhoi Block,776.5,30.9,0.0199,0.6284,0.0125,Level 1: Green,Low / Normal Baseline Monitoring,#22c55e,Routine baseline monitoring. Safe terrain condition.
CELL_MEG_0424,25.35371,92.24459,5,Jaintia Hills Block,1328.3,16.5,0.0387,0.6284,0.0243,Level 1: Green,Low / Normal Baseline Monitoring,#22c55e,Routine baseline monitoring. Safe terrain condition.
CELL_MEG_0425,25.09504,90.647,1,Garo Hills Block,101.5,22.6,0.0177,0.6284,0.0112,Level 1: Green,Low / Normal Baseline Monitoring,#22c55e,Routine baseline monitoring. Safe terrain condition.
CELL_MEG_0426,25.17911,90.84717,1,Garo Hills Block,344.3,28.9,0.0205,0.6284,0.0129,Level 1: Green,Low / Normal Baseline Monitoring,#22c55e,Routine baseline monitoring. Safe terrain condition.
CELL_MEG_0427,25.3236,92.80727,5,Jaintia Hills Block,559.4,14.9,0.2565,0.6284,0.1612,Level 3: Orange,Warning / Heightened Hazard Alert,#f97316,Heightened warning. Travel caution and heavy transport limits.
CELL_MEG_0428,25.2216,91.93167,3,East Khasi Block,1326.7,33.2,0.0354,0.6284,0.0222,Level 1: Green,Low / Normal Baseline Monitoring,#22c55e,Routine baseline monitoring. Safe terrain condition.
CELL_MEG_0429,25.49064,91.81379,3,East Khasi Block,1724.5,25.1,0.1321,0.6284,0.083,Level 1: Green,Low / Normal Baseline Monitoring,#22c55e,Routine baseline monitoring. Safe terrain condition.
CELL_MEG_0430,25.38168,91.40454,2,West Khasi Block,1065.9,25.9,0.0499,0.6284,0.0314,Level 1: Green,Low / Normal Baseline Monitoring,#22c55e,Routine baseline monitoring. Safe terrain condition.
CELL_MEG_0431,25.46273,91.71732,3,East Khasi Block,1616.5,27.8,0.3483,0.6284,0.2189,Level 3: Orange,Warning / Heightened Hazard Alert,#f97316,Heightened warning. Travel caution and heavy transport limits.
CELL_MEG_0432,25.85328,90.18425,1,Garo Hills Block,120.0,25.6,0.0287,0.6284,0.0181,Level 1: Green,Low / Normal Baseline Monitoring,#22c55e,Routine baseline monitoring. Safe terrain condition.
CELL_MEG_0433,25.47207,91.91641,3,East Khasi Block,1693.5,33.5,0.1912,0.6284,0.1201,Level 2: Yellow,Advisory / Early Warning Watch,#eab308,Advisory notice. Maintenance standby and slope drainage watch.
CELL_MEG_0434,25.80309,92.11842,4,Ri-Bhoi Block,1374.3,26.5,0.0214,0.6284,0.0134,Level 1: Green,Low / Normal Baseline Monitoring,#22c55e,Routine baseline monitoring. Safe terrain condition.
CELL_MEG_0435,25.1548,91.46858,2,West Khasi Block,1072.0,16.5,0.0271,0.6284,0.017,Level 1: Green,Low / Normal Baseline Monitoring,#22c55e,Routine baseline monitoring. Safe terrain condition.
CELL_MEG_0436,25.13934,91.9287,3,East Khasi Block,1262.8,22.3,0.0981,0.6284,0.0616,Level 1: Green,Low / Normal Baseline Monitoring,#22c55e,Routine baseline monitoring. Safe terrain condition.
CELL_MEG_0437,25.5754,91.7727,3,East Khasi Block,1728.8,15.7,0.1073,0.6284,0.0674,Level 1: Green,Low / Normal Baseline Monitoring,#22c55e,Routine baseline monitoring. Safe terrain condition.
CELL_MEG_0438,25.67683,91.11976,4,Ri-Bhoi Block,689.6,34.6,0.0183,0.6284,0.0115,Level 1: Green,Low / Normal Baseline Monitoring,#22c55e,Routine baseline monitoring. Safe terrain condition.
CELL_MEG_0439,25.58531,91.91299,3,East Khasi Block,1754.1,26.2,0.0611,0.6284,0.0384,Level 1: Green,Low / Normal Baseline Monitoring,#22c55e,Routine baseline monitoring. Safe terrain condition.
CELL_MEG_0440,25.04668,92.34013,5,Jaintia Hills Block,819.7,28.9,0.0341,0.6284,0.0214,Level 1: Green,Low / Normal Baseline Monitoring,#22c55e,Routine baseline monitoring. Safe terrain condition.
CELL_MEG_0441,25.09688,91.62635,3,East Khasi Block,1154.2,27.1,0.0774,0.6284,0.0486,Level 1: Green,Low / Normal Baseline Monitoring,#22c55e,Routine baseline monitoring. Safe terrain condition.
CELL_MEG_0442,25.30839,91.5943,2,West Khasi Block,1355.3,25.1,0.0478,0.6284,0.0301,Level 1: Green,Low / Normal Baseline Monitoring,#22c55e,Routine baseline monitoring. Safe terrain condition.
CELL_MEG_0443,25.67862,91.49724,4,Ri-Bhoi Block,1281.9,24.7,0.043,0.6284,0.027,Level 1: Green,Low / Normal Baseline Monitoring,#22c55e,Routine baseline monitoring. Safe terrain condition.
CELL_MEG_0444,25.19598,91.79883,3,East Khasi Block,1364.2,23.9,0.0934,0.6284,0.0587,Level 1: Green,Low / Normal Baseline Monitoring,#22c55e,Routine baseline monitoring. Safe terrain condition.
CELL_MEG_0445,25.11986,91.49983,2,West Khasi Block,1046.7,14.4,0.0539,0.6284,0.0339,Level 1: Green,Low / Normal Baseline Monitoring,#22c55e,Routine baseline monitoring. Safe terrain condition.
CELL_MEG_0446,25.67018,90.14803,1,Garo Hills Block,25.0,27.8,0.051,0.6284,0.032,Level 1: Green,Low / Normal Baseline Monitoring,#22c55e,Routine baseline monitoring. Safe terrain condition.
CELL_MEG_0447,25.04677,91.46233,2,West Khasi Block,878.3,26.9,0.0194,0.6284,0.0122,Level 1: Green,Low / Normal Baseline Monitoring,#22c55e,Routine baseline monitoring. Safe terrain condition.
CELL_MEG_0448,25.7984,92.42672,4,Ri-Bhoi Block,1026.0,27.2,0.1493,0.6284,0.0938,Level 1: Green,Low / Normal Baseline Monitoring,#22c55e,Routine baseline monitoring. Safe terrain condition.
CELL_MEG_0449,25.02007,92.01606,5,Jaintia Hills Block,1031.6,25.9,0.0199,0.6284,0.0125,Level 1: Green,Low / Normal Baseline Monitoring,#22c55e,Routine baseline monitoring. Safe terrain condition.
CELL_MEG_0450,25.08107,92.24022,5,Jaintia Hills Block,1078.5,22.4,0.2123,0.6284,0.1334,Level 2: Yellow,Advisory / Early Warning Watch,#eab308,Advisory notice. Maintenance standby and slope drainage watch.
CELL_MEG_0451,25.43987,91.9971,3,East Khasi Block,1618.8,26.8,0.0902,0.6284,0.0567,Level 1: Green,Low / Normal Baseline Monitoring,#22c55e,Routine baseline monitoring. Safe terrain condition.
CELL_MEG_0452,25.64117,91.75948,3,East Khasi Block,1587.9,25.4,0.2007,0.6284,0.1261,Level 2: Yellow,Advisory / Early Warning Watch,#eab308,Advisory notice. Maintenance standby and slope drainage watch.
CELL_MEG_0453,25.48544,91.77716,3,East Khasi Block,1719.0,22.8,0.062,0.6284,0.039,Level 1: Green,Low / Normal Baseline Monitoring,#22c55e,Routine baseline monitoring. Safe terrain condition.
CELL_MEG_0454,25.3667,89.87086,1,Garo Hills Block,25.0,19.6,0.0129,0.6284,0.0081,Level 1: Green,Low / Normal Baseline Monitoring,#22c55e,Routine baseline monitoring. Safe terrain condition.
CELL_MEG_0455,25.43837,91.83096,3,East Khasi Block,1684.4,31.4,0.1553,0.6284,0.0976,Level 2: Yellow,Advisory / Early Warning Watch,#eab308,Advisory notice. Maintenance standby and slope drainage watch.
CELL_MEG_0456,25.15737,90.72151,1,Garo Hills Block,143.9,15.7,0.0203,0.6284,0.0127,Level 1: Green,Low / Normal Baseline Monitoring,#22c55e,Routine baseline monitoring. Safe terrain condition.
CELL_MEG_0457,25.39959,91.38199,2,West Khasi Block,1072.0,30.6,0.0422,0.6284,0.0265,Level 1: Green,Low / Normal Baseline Monitoring,#22c55e,Routine baseline monitoring. Safe terrain condition.
CELL_MEG_0458,25.66306,92.33041,4,Ri-Bhoi Block,1137.2,28.6,0.2146,0.6284,0.1349,Level 2: Yellow,Advisory / Early Warning Watch,#eab308,Advisory notice. Maintenance standby and slope drainage watch.
CELL_MEG_0459,25.88131,91.53075,4,Ri-Bhoi Block,1142.1,26.8,0.1293,0.6284,0.0813,Level 1: Green,Low / Normal Baseline Monitoring,#22c55e,Routine baseline monitoring. Safe terrain condition.
CELL_MEG_0460,25.72513,92.42344,4,Ri-Bhoi Block,1031.0,27.1,0.0354,0.6284,0.0222,Level 1: Green,Low / Normal Baseline Monitoring,#22c55e,Routine baseline monitoring. Safe terrain condition.
CELL_MEG_0461,25.37158,89.94008,1,Garo Hills Block,65.1,16.4,0.0963,0.6284,0.0605,Level 1: Green,Low / Normal Baseline Monitoring,#22c55e,Routine baseline monitoring. Safe terrain condition.
CELL_MEG_0462,25.12447,90.70206,1,Garo Hills Block,99.7,14.4,0.1002,0.6284,0.063,Level 1: Green,Low / Normal Baseline Monitoring,#22c55e,Routine baseline monitoring. Safe terrain condition.
CELL_MEG_0463,25.04653,91.29348,2,West Khasi Block,837.0,29.0,0.0661,0.6284,0.0415,Level 1: Green,Low / Normal Baseline Monitoring,#22c55e,Routine baseline monitoring. Safe terrain condition.
CELL_MEG_0464,25.07727,92.27694,5,Jaintia Hills Block,996.9,20.6,0.0429,0.6284,0.027,Level 1: Green,Low / Normal Baseline Monitoring,#22c55e,Routine baseline monitoring. Safe terrain condition.
CELL_MEG_0465,25.82454,92.55545,4,Ri-Bhoi Block,767.7,22.1,0.0219,0.6284,0.0137,Level 1: Green,Low / Normal Baseline Monitoring,#22c55e,Routine baseline monitoring. Safe terrain condition.
CELL_MEG_0466,25.2021,90.77054,1,Garo Hills Block,298.2,26.9,0.011,0.6284,0.0069,Level 1: Green,Low / Normal Baseline Monitoring,#22c55e,Routine baseline monitoring. Safe terrain condition.
CELL_MEG_0467,25.61105,92.01917,5,Jaintia Hills Block,1627.3,21.3,0.2058,0.6284,0.1293,Level 2: Yellow,Advisory / Early Warning Watch,#eab308,Advisory notice. Maintenance standby and slope drainage watch.
CELL_MEG_0468,25.64659,90.35196,1,Garo Hills Block,96.9,34.4,0.0166,0.6284,0.0105,Level 1: Green,Low / Normal Baseline Monitoring,#22c55e,Routine baseline monitoring. Safe terrain condition.
CELL_MEG_0469,25.54329,92.82116,5,Jaintia Hills Block,455.3,14.4,0.2087,0.6284,0.1312,Level 2: Yellow,Advisory / Early Warning Watch,#eab308,Advisory notice. Maintenance standby and slope drainage watch.
CELL_MEG_0470,25.29903,91.6262,3,East Khasi Block,1359.0,28.4,0.0666,0.6284,0.0419,Level 1: Green,Low / Normal Baseline Monitoring,#22c55e,Routine baseline monitoring. Safe terrain condition.
CELL_MEG_0471,25.57692,90.99992,1,Garo Hills Block,594.2,16.5,0.0678,0.6284,0.0426,Level 1: Green,Low / Normal Baseline Monitoring,#22c55e,Routine baseline monitoring. Safe terrain condition.
CELL_MEG_0472,25.13433,90.88716,1,Garo Hills Block,342.2,21.6,0.0234,0.6284,0.0147,Level 1: Green,Low / Normal Baseline Monitoring,#22c55e,Routine baseline monitoring. Safe terrain condition.
CELL_MEG_0473,25.46742,92.2714,5,Jaintia Hills Block,1281.3,25.1,0.0521,0.6284,0.0327,Level 1: Green,Low / Normal Baseline Monitoring,#22c55e,Routine baseline monitoring. Safe terrain condition.
CELL_MEG_0474,25.12814,91.35811,2,West Khasi Block,908.0,23.9,0.0878,0.6284,0.0552,Level 1: Green,Low / Normal Baseline Monitoring,#22c55e,Routine baseline monitoring. Safe terrain condition.
CELL_MEG_0475,25.2101,91.29945,2,West Khasi Block,844.5,28.7,0.0221,0.6284,0.0139,Level 1: Green,Low / Normal Baseline Monitoring,#22c55e,Routine baseline monitoring. Safe terrain condition.
CELL_MEG_0476,25.17382,91.65327,3,East Khasi Block,1231.7,27.2,0.0973,0.6284,0.0611,Level 1: Green,Low / Normal Baseline Monitoring,#22c55e,Routine baseline monitoring. Safe terrain condition.
CELL_MEG_0477,25.68153,89.90506,1,Garo Hills Block,25.0,25.1,0.0223,0.6284,0.014,Level 1: Green,Low / Normal Baseline Monitoring,#22c55e,Routine baseline monitoring. Safe terrain condition.
CELL_MEG_0478,25.02972,90.50796,1,Garo Hills Block,25.0,29.9,0.0212,0.6284,0.0133,Level 1: Green,Low / Normal Baseline Monitoring,#22c55e,Routine baseline monitoring. Safe terrain condition.
CELL_MEG_0479,25.15999,91.57221,2,West Khasi Block,1110.6,21.8,0.025,0.6284,0.0157,Level 1: Green,Low / Normal Baseline Monitoring,#22c55e,Routine baseline monitoring. Safe terrain condition.
CELL_MEG_0480,26.09535,92.69098,4,Ri-Bhoi Block,513.8,34.7,0.0322,0.6284,0.0202,Level 1: Green,Low / Normal Baseline Monitoring,#22c55e,Routine baseline monitoring. Safe terrain condition.
CELL_MEG_0481,25.15906,90.63588,1,Garo Hills Block,25.0,22.2,0.0214,0.6284,0.0134,Level 1: Green,Low / Normal Baseline Monitoring,#22c55e,Routine baseline monitoring. Safe terrain condition.
CELL_MEG_0482,25.37355,91.32838,2,West Khasi Block,1061.6,24.4,0.0113,0.6284,0.0071,Level 1: Green,Low / Normal Baseline Monitoring,#22c55e,Routine baseline monitoring. Safe terrain condition.
CELL_MEG_0483,25.88796,92.83457,4,Ri-Bhoi Block,384.1,25.7,0.0392,0.6284,0.0247,Level 1: Green,Low / Normal Baseline Monitoring,#22c55e,Routine baseline monitoring. Safe terrain condition.
CELL_MEG_0484,25.17809,91.64645,3,East Khasi Block,1222.5,28.4,0.0221,0.6284,0.0139,Level 1: Green,Low / Normal Baseline Monitoring,#22c55e,Routine baseline monitoring. Safe terrain condition.
CELL_MEG_0485,25.95471,89.86607,1,Garo Hills Block,25.0,19.2,0.0216,0.6284,0.0135,Level 1: Green,Low / Normal Baseline Monitoring,#22c55e,Routine baseline monitoring. Safe terrain condition.
CELL_MEG_0486,25.95581,92.84296,4,Ri-Bhoi Block,444.3,16.2,0.067,0.6284,0.0421,Level 1: Green,Low / Normal Baseline Monitoring,#22c55e,Routine baseline monitoring. Safe terrain condition.
CELL_MEG_0487,25.12205,90.65664,1,Garo Hills Block,61.4,18.3,0.0268,0.6284,0.0168,Level 1: Green,Low / Normal Baseline Monitoring,#22c55e,Routine baseline monitoring. Safe terrain condition.
CELL_MEG_0488,25.21554,91.86528,3,East Khasi Block,1308.1,33.8,0.0426,0.6284,0.0268,Level 1: Green,Low / Normal Baseline Monitoring,#22c55e,Routine baseline monitoring. Safe terrain condition.
CELL_MEG_0489,25.10637,91.44796,2,West Khasi Block,946.6,19.1,0.0429,0.6284,0.027,Level 1: Green,Low / Normal Baseline Monitoring,#22c55e,Routine baseline monitoring. Safe terrain condition.
CELL_MEG_0490,25.15392,89.82684,1,Garo Hills Block,76.4,24.0,0.0191,0.6284,0.012,Level 1: Green,Low / Normal Baseline Monitoring,#22c55e,Routine baseline monitoring. Safe terrain condition.
CELL_MEG_0491,25.56171,91.17859,2,West Khasi Block,875.7,18.4,0.0818,0.6284,0.0514,Level 1: Green,Low / Normal Baseline Monitoring,#22c55e,Routine baseline monitoring. Safe terrain condition.
CELL_MEG_0492,25.02084,91.54798,2,West Khasi Block,1030.9,28.9,0.0767,0.6284,0.0482,Level 1: Green,Low / Normal Baseline Monitoring,#22c55e,Routine baseline monitoring. Safe terrain condition.
CELL_MEG_0493,26.05814,92.03648,4,Ri-Bhoi Block,1078.0,25.5,0.1226,0.6284,0.077,Level 1: Green,Low / Normal Baseline Monitoring,#22c55e,Routine baseline monitoring. Safe terrain condition.
CELL_MEG_0494,25.12412,92.03706,5,Jaintia Hills Block,1200.3,14.5,0.1186,0.6284,0.0745,Level 1: Green,Low / Normal Baseline Monitoring,#22c55e,Routine baseline monitoring. Safe terrain condition.
CELL_MEG_0495,25.95184,90.97643,1,Garo Hills Block,510.9,14.9,0.1651,0.6284,0.1037,Level 2: Yellow,Advisory / Early Warning Watch,#eab308,Advisory notice. Maintenance standby and slope drainage watch.
CELL_MEG_0496,25.66531,92.70058,4,Ri-Bhoi Block,618.6,35.0,0.0269,0.6284,0.0169,Level 1: Green,Low / Normal Baseline Monitoring,#22c55e,Routine baseline monitoring. Safe terrain condition.
CELL_MEG_0497,25.34438,92.44682,5,Jaintia Hills Block,1014.1,22.6,0.0284,0.6284,0.0178,Level 1: Green,Low / Normal Baseline Monitoring,#22c55e,Routine baseline monitoring. Safe terrain condition.
CELL_MEG_0498,25.16765,91.8897,3,East Khasi Block,1259.9,27.0,0.0521,0.6284,0.0327,Level 1: Green,Low / Normal Baseline Monitoring,#22c55e,Routine baseline monitoring. Safe terrain condition.
CELL_MEG_0499,25.66996,90.8934,1,Garo Hills Block,494.9,32.4,0.0339,0.6284,0.0213,Level 1: Green,Low / Normal Baseline Monitoring,#22c55e,Routine baseline monitoring. Safe terrain condition.
CELL_MEG_0500,25.44163,91.08056,2,West Khasi Block,712.8,35.0,0.0216,0.6284,0.0136,Level 1: Green,Low / Normal Baseline Monitoring,#22c55e,Routine baseline monitoring. Safe terrain condition.
CELL_MEG_0501,25.59101,91.21494,2,West Khasi Block,904.8,18.4,0.1264,0.6284,0.0794,Level 1: Green,Low / Normal Baseline Monitoring,#22c55e,Routine baseline monitoring. Safe terrain condition.
CELL_MEG_0502,25.65581,91.02859,4,Ri-Bhoi Block,647.5,29.6,0.1623,0.6284,0.102,Level 2: Yellow,Advisory / Early Warning Watch,#eab308,Advisory notice. Maintenance standby and slope drainage watch.
CELL_MEG_0503,25.10039,91.05125,2,West Khasi Block,506.7,22.9,0.0928,0.6284,0.0583,Level 1: Green,Low / Normal Baseline Monitoring,#22c55e,Routine baseline monitoring. Safe terrain condition.
CELL_MEG_0504,25.34109,92.01563,5,Jaintia Hills Block,1443.9,14.1,0.4675,0.6284,0.2938,Level 3: Orange,Warning / Heightened Hazard Alert,#f97316,Heightened warning. Travel caution and heavy transport limits.
CELL_MEG_0505,26.08748,91.56717,4,Ri-Bhoi Block,959.2,30.9,0.0221,0.6284,0.0139,Level 1: Green,Low / Normal Baseline Monitoring,#22c55e,Routine baseline monitoring. Safe terrain condition.
CELL_MEG_0506,25.35592,92.08926,5,Jaintia Hills Block,1393.7,19.7,0.1412,0.6284,0.0887,Level 1: Green,Low / Normal Baseline Monitoring,#22c55e,Routine baseline monitoring. Safe terrain condition.
CELL_MEG_0507,25.20542,92.27186,5,Jaintia Hills Block,1098.7,23.7,0.0492,0.6284,0.0309,Level 1: Green,Low / Normal Baseline Monitoring,#22c55e,Routine baseline monitoring. Safe terrain condition.
CELL_MEG_0508,25.05137,89.91223,1,Garo Hills Block,25.0,24.9,0.0183,0.6284,0.0115,Level 1: Green,Low / Normal Baseline Monitoring,#22c55e,Routine baseline monitoring. Safe terrain condition.
CELL_MEG_0509,25.90517,92.82863,4,Ri-Bhoi Block,410.2,22.9,0.0341,0.6284,0.0214,Level 1: Green,Low / Normal Baseline Monitoring,#22c55e,Routine baseline monitoring. Safe terrain condition.
CELL_MEG_0510,25.22114,91.5752,2,West Khasi Block,1139.0,31.6,0.0245,0.6284,0.0154,Level 1: Green,Low / Normal Baseline Monitoring,#22c55e,Routine baseline monitoring. Safe terrain condition.
CELL_MEG_0511,25.44331,91.81664,3,East Khasi Block,1676.7,29.8,0.073,0.6284,0.0459,Level 1: Green,Low / Normal Baseline Monitoring,#22c55e,Routine baseline monitoring. Safe terrain condition.
CELL_MEG_0512,25.0688,90.99854,1,Garo Hills Block,488.8,22.8,0.0194,0.6284,0.0122,Level 1: Green,Low / Normal Baseline Monitoring,#22c55e,Routine baseline monitoring. Safe terrain condition.
CELL_MEG_0513,25.72304,92.82583,4,Ri-Bhoi Block,561.6,17.9,0.0443,0.6284,0.0279,Level 1: Green,Low / Normal Baseline Monitoring,#22c55e,Routine baseline monitoring. Safe terrain condition.
CELL_MEG_0514,25.55157,92.0668,5,Jaintia Hills Block,1657.3,16.6,0.2576,0.6284,0.1619,Level 3: Orange,Warning / Heightened Hazard Alert,#f97316,Heightened warning. Travel caution and heavy transport limits.
CELL_MEG_0515,25.61038,91.83838,3,East Khasi Block,1752.6,27.6,0.0616,0.6284,0.0387,Level 1: Green,Low / Normal Baseline Monitoring,#22c55e,Routine baseline monitoring. Safe terrain condition.
CELL_MEG_0516,25.77902,91.23281,4,Ri-Bhoi Block,864.4,14.9,0.2131,0.6284,0.1339,Level 2: Yellow,Advisory / Early Warning Watch,#eab308,Advisory notice. Maintenance standby and slope drainage watch.
CELL_MEG_0517,25.80859,91.54285,4,Ri-Bhoi Block,1201.9,21.7,0.0706,0.6284,0.0444,Level 1: Green,Low / Normal Baseline Monitoring,#22c55e,Routine baseline monitoring. Safe terrain condition.
CELL_MEG_0518,25.31159,91.65236,3,East Khasi Block,1391.1,25.6,0.333,0.6284,0.2092,Level 3: Orange,Warning / Heightened Hazard Alert,#f97316,Heightened warning. Travel caution and heavy transport limits.
CELL_MEG_0519,25.4744,92.34862,5,Jaintia Hills Block,1228.1,28.9,0.0819,0.6284,0.0515,Level 1: Green,Low / Normal Baseline Monitoring,#22c55e,Routine baseline monitoring. Safe terrain condition.
CELL_MEG_0520,25.55776,91.88275,3,East Khasi Block,1771.7,24.0,0.1471,0.6284,0.0925,Level 1: Green,Low / Normal Baseline Monitoring,#22c55e,Routine baseline monitoring. Safe terrain condition.
CELL_MEG_0521,25.2293,90.11171,1,Garo Hills Block,85.3,32.3,0.0341,0.6284,0.0214,Level 1: Green,Low / Normal Baseline Monitoring,#22c55e,Routine baseline monitoring. Safe terrain condition.
CELL_MEG_0522,25.52267,90.11842,1,Garo Hills Block,97.4,21.8,0.0171,0.6284,0.0107,Level 1: Green,Low / Normal Baseline Monitoring,#22c55e,Routine baseline monitoring. Safe terrain condition.
CELL_MEG_0523,25.16428,91.24788,2,West Khasi Block,765.5,16.7,0.0472,0.6284,0.0297,Level 1: Green,Low / Normal Baseline Monitoring,#22c55e,Routine baseline monitoring. Safe terrain condition.
CELL_MEG_0524,25.53694,91.94354,3,East Khasi Block,1717.2,21.2,0.0989,0.6284,0.0621,Level 1: Green,Low / Normal Baseline Monitoring,#22c55e,Routine baseline monitoring. Safe terrain condition.
CELL_MEG_0525,25.11938,90.88696,1,Garo Hills Block,341.9,22.1,0.0141,0.6284,0.0089,Level 1: Green,Low / Normal Baseline Monitoring,#22c55e,Routine baseline monitoring. Safe terrain condition.
CELL_MEG_0526,25.03165,92.45672,5,Jaintia Hills Block,787.5,33.7,0.0164,0.6284,0.0103,Level 1: Green,Low / Normal Baseline Monitoring,#22c55e,Routine baseline monitoring. Safe terrain condition.
CELL_MEG_0527,25.66429,91.30245,4,Ri-Bhoi Block,1082.0,30.8,0.019,0.6284,0.0119,Level 1: Green,Low / Normal Baseline Monitoring,#22c55e,Routine baseline monitoring. Safe terrain condition.
CELL_MEG_0528,25.02723,90.50215,1,Garo Hills Block,25.0,29.2,0.0169,0.6284,0.0106,Level 1: Green,Low / Normal Baseline Monitoring,#22c55e,Routine baseline monitoring. Safe terrain condition.
CELL_MEG_0529,25.51993,91.36185,2,West Khasi Block,1156.3,26.5,0.024,0.6284,0.0151,Level 1: Green,Low / Normal Baseline Monitoring,#22c55e,Routine baseline monitoring. Safe terrain condition.
CELL_MEG_0530,25.75755,91.97188,4,Ri-Bhoi Block,1532.0,17.3,0.0593,0.6284,0.0373,Level 1: Green,Low / Normal Baseline Monitoring,#22c55e,Routine baseline monitoring. Safe terrain condition.
CELL_MEG_0531,25.49053,91.94537,3,East Khasi Block,1695.3,27.9,0.3788,0.6284,0.2381,Level 3: Orange,Warning / Heightened Hazard Alert,#f97316,Heightened warning. Travel caution and heavy transport limits.
CELL_MEG_0532,26.06345,90.35886,1,Garo Hills Block,59.4,33.7,0.0863,0.6284,0.0542,Level 1: Green,Low / Normal Baseline Monitoring,#22c55e,Routine baseline monitoring. Safe terrain condition.
CELL_MEG_0533,25.53589,91.59407,2,West Khasi Block,1370.6,22.9,0.0966,0.6284,0.0607,Level 1: Green,Low / Normal Baseline Monitoring,#22c55e,Routine baseline monitoring. Safe terrain condition.
CELL_MEG_0534,25.15367,91.46581,2,West Khasi Block,1068.7,16.6,0.0669,0.6284,0.042,Level 1: Green,Low / Normal Baseline Monitoring,#22c55e,Routine baseline monitoring. Safe terrain condition.
CELL_MEG_0535,25.19352,91.28655,2,West Khasi Block,809.6,24.6,0.0197,0.6284,0.0124,Level 1: Green,Low / Normal Baseline Monitoring,#22c55e,Routine baseline monitoring. Safe terrain condition.
CELL_MEG_0536,25.08808,92.30506,5,Jaintia Hills Block,944.4,19.2,0.0531,0.6284,0.0334,Level 1: Green,Low / Normal Baseline Monitoring,#22c55e,Routine baseline monitoring. Safe terrain condition.
CELL_MEG_0537,25.55544,91.93142,3,East Khasi Block,1728.6,21.9,0.105,0.6284,0.066,Level 1: Green,Low / Normal Baseline Monitoring,#22c55e,Routine baseline monitoring. Safe terrain condition.
CELL_MEG_0538,25.53379,89.89069,1,Garo Hills Block,102.0,16.7,0.0322,0.6284,0.0203,Level 1: Green,Low / Normal Baseline Monitoring,#22c55e,Routine baseline monitoring. Safe terrain condition.
CELL_MEG_0539,25.159,91.45613,2,West Khasi Block,1074.8,18.2,0.0506,0.6284,0.0318,Level 1: Green,Low / Normal Baseline Monitoring,#22c55e,Routine baseline monitoring. Safe terrain condition.
CELL_MEG_0540,25.60512,91.96546,3,East Khasi Block,1707.8,24.2,0.0614,0.6284,0.0386,Level 1: Green,Low / Normal Baseline Monitoring,#22c55e,Routine baseline monitoring. Safe terrain condition.
CELL_MEG_0541,25.15213,91.90663,3,East Khasi Block,1261.0,24.7,0.0279,0.6284,0.0176,Level 1: Green,Low / Normal Baseline Monitoring,#22c55e,Routine baseline monitoring. Safe terrain condition.
CELL_MEG_0542,25.59667,91.92294,3,East Khasi Block,1751.2,27.3,0.2161,0.6284,0.1358,Level 2: Yellow,Advisory / Early Warning Watch,#eab308,Advisory notice. Maintenance standby and slope drainage watch.
CELL_MEG_0543,25.9119,89.84878,1,Garo Hills Block,55.6,27.8,0.0101,0.6284,0.0064,Level 1: Green,Low / Normal Baseline Monitoring,#22c55e,Routine baseline monitoring. Safe terrain condition.
CELL_MEG_0544,26.0051,91.86027,4,Ri-Bhoi Block,1280.2,25.6,0.0192,0.6284,0.012,Level 1: Green,Low / Normal Baseline Monitoring,#22c55e,Routine baseline monitoring. Safe terrain condition.
CELL_MEG_0545,26.01556,92.33598,4,Ri-Bhoi Block,869.8,22.1,0.0208,0.6284,0.013,Level 1: Green,Low / Normal Baseline Monitoring,#22c55e,Routine baseline monitoring. Safe terrain condition.
CELL_MEG_0546,26.01229,89.81,1,Garo Hills Block,25.0,27.9,0.0177,0.6284,0.0111,Level 1: Green,Low / Normal Baseline Monitoring,#22c55e,Routine baseline monitoring. Safe terrain condition.
CELL_MEG_0547,25.15657,91.71994,3,East Khasi Block,1292.7,17.7,0.0391,0.6284,0.0246,Level 1: Green,Low / Normal Baseline Monitoring,#22c55e,Routine baseline monitoring. Safe terrain condition.
CELL_MEG_0548,25.64031,92.58709,5,Jaintia Hills Block,864.7,27.6,0.0748,0.6284,0.047,Level 1: Green,Low / Normal Baseline Monitoring,#22c55e,Routine baseline monitoring. Safe terrain condition.
CELL_MEG_0549,25.58031,91.64184,3,East Khasi Block,1503.1,25.9,0.5631,0.6284,0.3538,Level 4: Red,Critical / Immediate Action Trigger,#ef4444,Critical landslide hazard. Immediate emergency protocols and slope closures.
CELL_MEG_0550,25.74705,90.1713,1,Garo Hills Block,25.0,15.0,0.04,0.6284,0.0251,Level 1: Green,Low / Normal Baseline Monitoring,#22c55e,Routine baseline monitoring. Safe terrain condition.
CELL_MEG_0551,25.53366,89.86119,1,Garo Hills Block,126.6,20.0,0.0147,0.6284,0.0092,Level 1: Green,Low / Normal Baseline Monitoring,#22c55e,Routine baseline monitoring. Safe terrain condition.
CELL_MEG_0552,25.665,89.82277,1,Garo Hills Block,25.0,34.9,0.022,0.6284,0.0138,Level 1: Green,Low / Normal Baseline Monitoring,#22c55e,Routine baseline monitoring. Safe terrain condition.
CELL_MEG_0553,25.23079,90.16991,1,Garo Hills Block,123.0,26.4,0.0162,0.6284,0.0102,Level 1: Green,Low / Normal Baseline Monitoring,#22c55e,Routine baseline monitoring. Safe terrain condition.
CELL_MEG_0554,25.66706,91.30085,4,Ri-Bhoi Block,1082.0,30.5,0.0614,0.6284,0.0386,Level 1: Green,Low / Normal Baseline Monitoring,#22c55e,Routine baseline monitoring. Safe terrain condition.
CELL_MEG_0555,25.90904,92.66962,4,Ri-Bhoi Block,650.8,31.5,0.0114,0.6284,0.0072,Level 1: Green,Low / Normal Baseline Monitoring,#22c55e,Routine baseline monitoring. Safe terrain condition.
CELL_MEG_0556,25.45025,92.10182,5,Jaintia Hills Block,1512.3,32.6,0.2055,0.6284,0.1291,Level 2: Yellow,Advisory / Early Warning Watch,#eab308,Advisory notice. Maintenance standby and slope drainage watch.
CELL_MEG_0557,25.90785,92.63517,4,Ri-Bhoi Block,691.7,29.5,0.017,0.6284,0.0107,Level 1: Green,Low / Normal Baseline Monitoring,#22c55e,Routine baseline monitoring. Safe terrain condition.
CELL_MEG_0558,25.66628,92.15952,4,Ri-Bhoi Block,1474.7,35.7,0.1388,0.6284,0.0872,Level 1: Green,Low / Normal Baseline Monitoring,#22c55e,Routine baseline monitoring. Safe terrain condition.
CELL_MEG_0559,25.04301,92.20795,5,Jaintia Hills Block,1087.5,31.7,0.0258,0.6284,0.0162,Level 1: Green,Low / Normal Baseline Monitoring,#22c55e,Routine baseline monitoring. Safe terrain condition.
CELL_MEG_0560,25.04122,92.17761,5,Jaintia Hills Block,1094.3,34.7,0.0271,0.6284,0.0171,Level 1: Green,Low / Normal Baseline Monitoring,#22c55e,Routine baseline monitoring. Safe terrain condition.
CELL_MEG_0561,25.18855,92.0195,5,Jaintia Hills Block,1371.3,20.6,0.0636,0.6284,0.0399,Level 1: Green,Low / Normal Baseline Monitoring,#22c55e,Routine baseline monitoring. Safe terrain condition.
CELL_MEG_0562,25.43793,92.05656,5,Jaintia Hills Block,1542.2,27.4,0.056,0.6284,0.0352,Level 1: Green,Low / Normal Baseline Monitoring,#22c55e,Routine baseline monitoring. Safe terrain condition.
CELL_MEG_0563,25.26657,90.46939,1,Garo Hills Block,82.6,24.3,0.0389,0.6284,0.0244,Level 1: Green,Low / Normal Baseline Monitoring,#22c55e,Routine baseline monitoring. Safe terrain condition.
CELL_MEG_0564,25.68803,92.37878,4,Ri-Bhoi Block,1045.2,31.7,0.1954,0.6284,0.1228,Level 2: Yellow,Advisory / Early Warning Watch,#eab308,Advisory notice. Maintenance standby and slope drainage watch.
CELL_MEG_0565,25.33532,90.41282,1,Garo Hills Block,27.1,16.1,0.0207,0.6284,0.013,Level 1: Green,Low / Normal Baseline Monitoring,#22c55e,Routine baseline monitoring. Safe terrain condition.
CELL_MEG_0566,25.66952,90.17283,1,Garo Hills Block,25.0,25.9,0.018,0.6284,0.0113,Level 1: Green,Low / Normal Baseline Monitoring,#22c55e,Routine baseline monitoring. Safe terrain condition.
CELL_MEG_0567,25.51967,91.74464,3,East Khasi Block,1738.5,16.9,0.0915,0.6284,0.0575,Level 1: Green,Low / Normal Baseline Monitoring,#22c55e,Routine baseline monitoring. Safe terrain condition.
CELL_MEG_0568,25.15209,89.83348,1,Garo Hills Block,75.4,23.2,0.0174,0.6284,0.0109,Level 1: Green,Low / Normal Baseline Monitoring,#22c55e,Routine baseline monitoring. Safe terrain condition.
CELL_MEG_0569,25.50168,91.52566,2,West Khasi Block,1310.8,20.6,0.047,0.6284,0.0295,Level 1: Green,Low / Normal Baseline Monitoring,#22c55e,Routine baseline monitoring. Safe terrain condition.
CELL_MEG_0570,25.08022,92.12491,5,Jaintia Hills Block,1104.9,28.9,0.0555,0.6284,0.0349,Level 1: Green,Low / Normal Baseline Monitoring,#22c55e,Routine baseline monitoring. Safe terrain condition.
CELL_MEG_0571,25.98848,92.72693,4,Ri-Bhoi Block,469.4,21.7,0.0512,0.6284,0.0322,Level 1: Green,Low / Normal Baseline Monitoring,#22c55e,Routine baseline monitoring. Safe terrain condition.
CELL_MEG_0572,25.44519,89.81145,1,Garo Hills Block,42.9,35.7,0.0187,0.6284,0.0118,Level 1: Green,Low / Normal Baseline Monitoring,#22c55e,Routine baseline monitoring. Safe terrain condition.
CELL_MEG_0573,25.52602,89.94815,1,Garo Hills Block,25.0,16.2,0.0291,0.6284,0.0183,Level 1: Green,Low / Normal Baseline Monitoring,#22c55e,Routine baseline monitoring. Safe terrain condition.
CELL_MEG_0574,25.03068,91.38674,2,West Khasi Block,788.0,35.5,0.1168,0.6284,0.0734,Level 1: Green,Low / Normal Baseline Monitoring,#22c55e,Routine baseline monitoring. Safe terrain condition.
CELL_MEG_0575,25.85369,92.60661,4,Ri-Bhoi Block,760.7,30.0,0.0227,0.6284,0.0143,Level 1: Green,Low / Normal Baseline Monitoring,#22c55e,Routine baseline monitoring. Safe terrain condition.
CELL_MEG_0576,25.58349,91.8053,3,East Khasi Block,1740.6,19.1,0.1181,0.6284,0.0742,Level 1: Green,Low / Normal Baseline Monitoring,#22c55e,Routine baseline monitoring. Safe terrain condition.
CELL_MEG_0577,25.07411,91.02235,2,West Khasi Block,485.1,24.0,0.0182,0.6284,0.0115,Level 1: Green,Low / Normal Baseline Monitoring,#22c55e,Routine baseline monitoring. Safe terrain condition.
CELL_MEG_0578,25.53273,91.26581,2,West Khasi Block,905.8,16.1,0.0961,0.6284,0.0604,Level 1: Green,Low / Normal Baseline Monitoring,#22c55e,Routine baseline monitoring. Safe terrain condition.
CELL_MEG_0579,26.08674,90.5608,1,Garo Hills Block,43.3,35.0,0.1398,0.6284,0.0879,Level 1: Green,Low / Normal Baseline Monitoring,#22c55e,Routine baseline monitoring. Safe terrain condition.
CELL_MEG_0580,25.19614,91.27992,2,West Khasi Block,798.0,24.4,0.0202,0.6284,0.0127,Level 1: Green,Low / Normal Baseline Monitoring,#22c55e,Routine baseline monitoring. Safe terrain condition.
CELL_MEG_0581,25.02348,91.54037,2,West Khasi Block,1024.0,28.2,0.0316,0.6284,0.0199,Level 1: Green,Low / Normal Baseline Monitoring,#22c55e,Routine baseline monitoring. Safe terrain condition.
CELL_MEG_0582,25.54754,92.48997,5,Jaintia Hills Block,932.6,17.9,0.5288,0.6284,0.3323,Level 3: Orange,Warning / Heightened Hazard Alert,#f97316,Heightened warning. Travel caution and heavy transport limits.
CELL_MEG_0583,26.01185,92.3541,4,Ri-Bhoi Block,843.5,23.6,0.0273,0.6284,0.0171,Level 1: Green,Low / Normal Baseline Monitoring,#22c55e,Routine baseline monitoring. Safe terrain condition.
CELL_MEG_0584,25.61724,91.5636,2,West Khasi Block,1418.6,27.2,0.0742,0.6284,0.0467,Level 1: Green,Low / Normal Baseline Monitoring,#22c55e,Routine baseline monitoring. Safe terrain condition.
CELL_MEG_0585,25.58721,92.02176,5,Jaintia Hills Block,1668.8,17.1,0.5538,0.6284,0.348,Level 3: Orange,Warning / Heightened Hazard Alert,#f97316,Heightened warning. Travel caution and heavy transport limits.
CELL_MEG_0586,25.62413,91.31927,2,West Khasi Block,1072.7,30.4,0.0798,0.6284,0.0502,Level 1: Green,Low / Normal Baseline Monitoring,#22c55e,Routine baseline monitoring. Safe terrain condition.
CELL_MEG_0587,25.03447,92.45168,5,Jaintia Hills Block,788.4,34.1,0.0378,0.6284,0.0237,Level 1: Green,Low / Normal Baseline Monitoring,#22c55e,Routine baseline monitoring. Safe terrain condition.
CELL_MEG_0588,25.44878,90.08352,1,Garo Hills Block,44.9,35.1,0.0174,0.6284,0.0109,Level 1: Green,Low / Normal Baseline Monitoring,#22c55e,Routine baseline monitoring. Safe terrain condition.
CELL_MEG_0589,25.98773,92.79825,4,Ri-Bhoi Block,488.9,14.9,0.0987,0.6284,0.0621,Level 1: Green,Low / Normal Baseline Monitoring,#22c55e,Routine baseline monitoring. Safe terrain condition.
CELL_MEG_0590,26.02131,92.64606,4,Ri-Bhoi Block,529.8,28.4,0.0246,0.6284,0.0155,Level 1: Green,Low / Normal Baseline Monitoring,#22c55e,Routine baseline monitoring. Safe terrain condition.
CELL_MEG_0591,25.46983,91.50823,2,West Khasi Block,1310.6,24.8,0.1008,0.6284,0.0633,Level 1: Green,Low / Normal Baseline Monitoring,#22c55e,Routine baseline monitoring. Safe terrain condition.
CELL_MEG_0592,25.21675,92.41406,5,Jaintia Hills Block,1012.6,34.9,0.073,0.6284,0.0459,Level 1: Green,Low / Normal Baseline Monitoring,#22c55e,Routine baseline monitoring. Safe terrain condition.
CELL_MEG_0593,26.07155,91.35907,4,Ri-Bhoi Block,815.9,35.9,0.2082,0.6284,0.1308,Level 2: Yellow,Advisory / Early Warning Watch,#eab308,Advisory notice. Maintenance standby and slope drainage watch.
CELL_MEG_0594,25.50924,91.56269,2,West Khasi Block,1325.0,23.0,0.0799,0.6284,0.0502,Level 1: Green,Low / Normal Baseline Monitoring,#22c55e,Routine baseline monitoring. Safe terrain condition.
CELL_MEG_0595,25.62715,91.89976,3,East Khasi Block,1776.0,33.8,0.044,0.6284,0.0276,Level 1: Green,Low / Normal Baseline Monitoring,#22c55e,Routine baseline monitoring. Safe terrain condition.
CELL_MEG_0596,25.49891,91.7878,3,East Khasi Block,1737.9,21.1,0.2387,0.6284,0.15,Level 2: Yellow,Advisory / Early Warning Watch,#eab308,Advisory notice. Maintenance standby and slope drainage watch.
CELL_MEG_0597,25.49944,91.71665,3,East Khasi Block,1679.7,22.5,0.1885,0.6284,0.1184,Level 2: Yellow,Advisory / Early Warning Watch,#eab308,Advisory notice. Maintenance standby and slope drainage watch.
CELL_MEG_0598,25.55567,91.90732,3,East Khasi Block,1744.4,23.7,0.1523,0.6284,0.0957,Level 2: Yellow,Advisory / Early Warning Watch,#eab308,Advisory notice. Maintenance standby and slope drainage watch.
CELL_MEG_0599,25.10343,92.16408,5,Jaintia Hills Block,1140.6,26.0,0.0402,0.6284,0.0253,Level 1: Green,Low / Normal Baseline Monitoring,#22c55e,Routine baseline monitoring. Safe terrain condition.
CELL_MEG_0600,25.0813,91.06522,2,West Khasi Block,484.3,27.6,0.0296,0.6284,0.0186,Level 1: Green,Low / Normal Baseline Monitoring,#22c55e,Routine baseline monitoring. Safe terrain condition.
CELL_MEG_0601,25.25839,90.04949,1,Garo Hills Block,25.0,34.7,0.0263,0.6284,0.0165,Level 1: Green,Low / Normal Baseline Monitoring,#22c55e,Routine baseline monitoring. Safe terrain condition.
CELL_MEG_0602,25.86399,91.68267,4,Ri-Bhoi Block,1369.0,32.5,0.0515,0.6284,0.0324,Level 1: Green,Low / Normal Baseline Monitoring,#22c55e,Routine baseline monitoring. Safe terrain condition.
CELL_MEG_0603,25.95296,92.05809,4,Ri-Bhoi Block,1179.7,16.5,0.0402,0.6284,0.0253,Level 1: Green,Low / Normal Baseline Monitoring,#22c55e,Routine baseline monitoring. Safe terrain condition.
CELL_MEG_0604,25.73842,90.22549,1,Garo Hills Block,32.8,17.1,0.0428,0.6284,0.0269,Level 1: Green,Low / Normal Baseline Monitoring,#22c55e,Routine baseline monitoring. Safe terrain condition.
CELL_MEG_0605,25.37824,91.27089,2,West Khasi Block,1046.4,18.7,0.1714,0.6284,0.1077,Level 2: Yellow,Advisory / Early Warning Watch,#eab308,Advisory notice. Maintenance standby and slope drainage watch.
CELL_MEG_0606,25.66975,91.28659,4,Ri-Bhoi Block,1075.9,28.6,0.0212,0.6284,0.0133,Level 1: Green,Low / Normal Baseline Monitoring,#22c55e,Routine baseline monitoring. Safe terrain condition.
CELL_MEG_0607,25.08058,90.55268,1,Garo Hills Block,39.5,28.7,0.0183,0.6284,0.0115,Level 1: Green,Low / Normal Baseline Monitoring,#22c55e,Routine baseline monitoring. Safe terrain condition.
CELL_MEG_0608,25.2889,90.64884,1,Garo Hills Block,86.5,25.1,0.0243,0.6284,0.0153,Level 1: Green,Low / Normal Baseline Monitoring,#22c55e,Routine baseline monitoring. Safe terrain condition.
CELL_MEG_0609,25.45175,91.79752,3,East Khasi Block,1672.9,27.8,0.0739,0.6284,0.0464,Level 1: Green,Low / Normal Baseline Monitoring,#22c55e,Routine baseline monitoring. Safe terrain condition.
CELL_MEG_0610,25.13464,89.83156,1,Garo Hills Block,48.0,22.4,0.0644,0.6284,0.0405,Level 1: Green,Low / Normal Baseline Monitoring,#22c55e,Routine baseline monitoring. Safe terrain condition.
CELL_MEG_0611,25.5526,91.65533,3,East Khasi Block,1534.5,23.1,0.691,0.6284,0.4342,Level 4: Red,Critical / Immediate Action Trigger,#ef4444,Critical landslide hazard. Immediate emergency protocols and slope closures.
CELL_MEG_0612,25.08198,91.84057,3,East Khasi Block,1230.2,26.4,0.0369,0.6284,0.0232,Level 1: Green,Low / Normal Baseline Monitoring,#22c55e,Routine baseline monitoring. Safe terrain condition.
CELL_MEG_0613,25.04237,91.65666,3,East Khasi Block,1072.4,34.5,0.0578,0.6284,0.0364,Level 1: Green,Low / Normal Baseline Monitoring,#22c55e,Routine baseline monitoring. Safe terrain condition.
CELL_MEG_0614,25.47809,92.1769,5,Jaintia Hills Block,1380.7,32.8,0.0406,0.6284,0.0255,Level 1: Green,Low / Normal Baseline Monitoring,#22c55e,Routine baseline monitoring. Safe terrain condition.
CELL_MEG_0615,25.06517,92.26064,5,Jaintia Hills Block,1024.8,23.4,0.0243,0.6284,0.0153,Level 1: Green,Low / Normal Baseline Monitoring,#22c55e,Routine baseline monitoring. Safe terrain condition.
CELL_MEG_0616,25.10681,89.83639,1,Garo Hills Block,25.0,23.7,0.017,0.6284,0.0107,Level 1: Green,Low / Normal Baseline Monitoring,#22c55e,Routine baseline monitoring. Safe terrain condition.
CELL_MEG_0617,26.08698,92.60133,4,Ri-Bhoi Block,592.2,29.4,0.0362,0.6284,0.0227,Level 1: Green,Low / Normal Baseline Monitoring,#22c55e,Routine baseline monitoring. Safe terrain condition.
CELL_MEG_0618,25.99591,89.80635,1,Garo Hills Block,25.0,25.5,0.0206,0.6284,0.013,Level 1: Green,Low / Normal Baseline Monitoring,#22c55e,Routine baseline monitoring. Safe terrain condition.
CELL_MEG_0619,25.53743,89.85532,1,Garo Hills Block,127.0,20.4,0.0292,0.6284,0.0184,Level 1: Green,Low / Normal Baseline Monitoring,#22c55e,Routine baseline monitoring. Safe terrain condition.
CELL_MEG_0620,25.96789,92.09494,4,Ri-Bhoi Block,1149.2,19.9,0.0729,0.6284,0.0458,Level 1: Green,Low / Normal Baseline Monitoring,#22c55e,Routine baseline monitoring. Safe terrain condition.
CELL_MEG_0621,26.02358,91.76003,4,Ri-Bhoi Block,1102.4,20.1,0.1107,0.6284,0.0696,Level 1: Green,Low / Normal Baseline Monitoring,#22c55e,Routine baseline monitoring. Safe terrain condition.
CELL_MEG_0622,25.96162,92.60167,4,Ri-Bhoi Block,682.7,18.0,0.032,0.6284,0.0201,Level 1: Green,Low / Normal Baseline Monitoring,#22c55e,Routine baseline monitoring. Safe terrain condition.
CELL_MEG_0623,25.61468,91.80141,3,East Khasi Block,1703.3,24.1,0.0807,0.6284,0.0507,Level 1: Green,Low / Normal Baseline Monitoring,#22c55e,Routine baseline monitoring. Safe terrain condition.
CELL_MEG_0624,25.06317,90.87888,1,Garo Hills Block,305.3,31.3,0.0172,0.6284,0.0108,Level 1: Green,Low / Normal Baseline Monitoring,#22c55e,Routine baseline monitoring. Safe terrain condition.
CELL_MEG_0625,25.63644,92.23897,5,Jaintia Hills Block,1373.5,27.6,0.0407,0.6284,0.0256,Level 1: Green,Low / Normal Baseline Monitoring,#22c55e,Routine baseline monitoring. Safe terrain condition.
CELL_MEG_0626,25.52281,89.96114,1,Garo Hills Block,25.0,17.6,0.0236,0.6284,0.0148,Level 1: Green,Low / Normal Baseline Monitoring,#22c55e,Routine baseline monitoring. Safe terrain condition.
CELL_MEG_0627,25.3919,91.49098,2,West Khasi Block,1250.2,19.6,0.1404,0.6284,0.0882,Level 1: Green,Low / Normal Baseline Monitoring,#22c55e,Routine baseline monitoring. Safe terrain condition.
CELL_MEG_0628,25.33553,91.97423,3,East Khasi Block,1516.5,17.1,0.0616,0.6284,0.0387,Level 1: Green,Low / Normal Baseline Monitoring,#22c55e,Routine baseline monitoring. Safe terrain condition.
CELL_MEG_0629,26.00188,89.81721,1,Garo Hills Block,25.0,25.9,0.0496,0.6284,0.0312,Level 1: Green,Low / Normal Baseline Monitoring,#22c55e,Routine baseline monitoring. Safe terrain condition.
CELL_MEG_0630,25.04764,91.03503,2,West Khasi Block,461.4,29.3,0.0225,0.6284,0.0142,Level 1: Green,Low / Normal Baseline Monitoring,#22c55e,Routine baseline monitoring. Safe terrain condition.
CELL_MEG_0631,25.06378,90.6635,1,Garo Hills Block,115.2,26.1,0.0219,0.6284,0.0138,Level 1: Green,Low / Normal Baseline Monitoring,#22c55e,Routine baseline monitoring. Safe terrain condition.
CELL_MEG_0632,25.50924,91.54431,2,West Khasi Block,1313.0,20.9,0.1418,0.6284,0.0891,Level 1: Green,Low / Normal Baseline Monitoring,#22c55e,Routine baseline monitoring. Safe terrain condition.
CELL_MEG_0633,25.97435,92.73384,4,Ri-Bhoi Block,482.9,20.1,0.0394,0.6284,0.0248,Level 1: Green,Low / Normal Baseline Monitoring,#22c55e,Routine baseline monitoring. Safe terrain condition.
CELL_MEG_0634,25.73705,90.81746,1,Garo Hills Block,305.3,24.5,0.0222,0.6284,0.014,Level 1: Green,Low / Normal Baseline Monitoring,#22c55e,Routine baseline monitoring. Safe terrain condition.
CELL_MEG_0635,25.02945,90.58718,1,Garo Hills Block,88.2,36.0,0.0165,0.6284,0.0104,Level 1: Green,Low / Normal Baseline Monitoring,#22c55e,Routine baseline monitoring. Safe terrain condition.
CELL_MEG_0636,25.82389,90.6012,1,Garo Hills Block,25.0,31.4,0.1685,0.6284,0.1059,Level 2: Yellow,Advisory / Early Warning Watch,#eab308,Advisory notice. Maintenance standby and slope drainage watch.
CELL_MEG_0637,25.07636,90.60876,1,Garo Hills Block,111.5,29.8,0.0444,0.6284,0.0279,Level 1: Green,Low / Normal Baseline Monitoring,#22c55e,Routine baseline monitoring. Safe terrain condition.
CELL_MEG_0638,25.20947,91.89231,3,East Khasi Block,1288.0,34.0,0.1589,0.6284,0.0998,Level 2: Yellow,Advisory / Early Warning Watch,#eab308,Advisory notice. Maintenance standby and slope drainage watch.
CELL_MEG_0639,25.47168,91.11114,2,West Khasi Block,808.2,34.4,0.1339,0.6284,0.0842,Level 1: Green,Low / Normal Baseline Monitoring,#22c55e,Routine baseline monitoring. Safe terrain condition.
CELL_MEG_0640,25.93175,90.26259,1,Garo Hills Block,54.0,23.5,0.0136,0.6284,0.0086,Level 1: Green,Low / Normal Baseline Monitoring,#22c55e,Routine baseline monitoring. Safe terrain condition.
CELL_MEG_0641,25.59823,91.73463,3,East Khasi Block,1645.3,19.9,0.6309,0.6284,0.3964,Level 4: Red,Critical / Immediate Action Trigger,#ef4444,Critical landslide hazard. Immediate emergency protocols and slope closures.
CELL_MEG_0642,25.15141,91.41773,2,West Khasi Block,1026.4,21.8,0.0563,0.6284,0.0353,Level 1: Green,Low / Normal Baseline Monitoring,#22c55e,Routine baseline monitoring. Safe terrain condition.
CELL_MEG_0643,25.14469,91.2364,2,West Khasi Block,767.9,14.4,0.0334,0.6284,0.021,Level 1: Green,Low / Normal Baseline Monitoring,#22c55e,Routine baseline monitoring. Safe terrain condition.
CELL_MEG_0644,25.90056,89.85562,1,Garo Hills Block,74.0,28.9,0.01,0.6284,0.0063,Level 1: Green,Low / Normal Baseline Monitoring,#22c55e,Routine baseline monitoring. Safe terrain condition.
CELL_MEG_0645,25.60222,91.77674,3,East Khasi Block,1690.0,20.1,0.3185,0.6284,0.2001,Level 3: Orange,Warning / Heightened Hazard Alert,#f97316,Heightened warning. Travel caution and heavy transport limits.
CELL_MEG_0646,25.1906,91.78588,3,East Khasi Block,1370.1,21.9,0.0542,0.6284,0.0341,Level 1: Green,Low / Normal Baseline Monitoring,#22c55e,Routine baseline monitoring. Safe terrain condition.
CELL_MEG_0647,26.06544,92.67257,4,Ri-Bhoi Block,509.9,35.7,0.029,0.6284,0.0182,Level 1: Green,Low / Normal Baseline Monitoring,#22c55e,Routine baseline monitoring. Safe terrain condition.
CELL_MEG_0648,25.84574,92.57177,4,Ri-Bhoi Block,753.8,25.9,0.0456,0.6284,0.0287,Level 1: Green,Low / Normal Baseline Monitoring,#22c55e,Routine baseline monitoring. Safe terrain condition.
CELL_MEG_0649,25.57306,92.21583,5,Jaintia Hills Block,1330.5,20.6,0.139,0.6284,0.0873,Level 1: Green,Low / Normal Baseline Monitoring,#22c55e,Routine baseline monitoring. Safe terrain condition.
CELL_MEG_0650,25.5408,89.85869,1,Garo Hills Block,124.7,19.8,0.0336,0.6284,0.0211,Level 1: Green,Low / Normal Baseline Monitoring,#22c55e,Routine baseline monitoring. Safe terrain condition.
CELL_MEG_0651,25.33166,91.6884,3,East Khasi Block,1405.2,20.1,0.2458,0.6284,0.1545,Level 3: Orange,Warning / Heightened Hazard Alert,#f97316,Heightened warning. Travel caution and heavy transport limits.
CELL_MEG_0652,25.05528,92.38382,5,Jaintia Hills Block,783.9,32.8,0.0242,0.6284,0.0152,Level 1: Green,Low / Normal Baseline Monitoring,#22c55e,Routine baseline monitoring. Safe terrain condition.
CELL_MEG_0653,25.75054,91.0691,4,Ri-Bhoi Block,667.5,22.4,0.356,0.6284,0.2237,Level 3: Orange,Warning / Heightened Hazard Alert,#f97316,Heightened warning. Travel caution and heavy transport limits.
CELL_MEG_0654,25.06147,92.15037,5,Jaintia Hills Block,1105.9,33.2,0.0377,0.6284,0.0237,Level 1: Green,Low / Normal Baseline Monitoring,#22c55e,Routine baseline monitoring. Safe terrain condition.
CELL_MEG_0655,26.02798,89.80921,1,Garo Hills Block,25.0,30.7,0.0149,0.6284,0.0093,Level 1: Green,Low / Normal Baseline Monitoring,#22c55e,Routine baseline monitoring. Safe terrain condition.
CELL_MEG_0656,25.40261,90.44804,1,Garo Hills Block,25.0,21.5,0.0218,0.6284,0.0137,Level 1: Green,Low / Normal Baseline Monitoring,#22c55e,Routine baseline monitoring. Safe terrain condition.
CELL_MEG_0657,25.14286,91.374,2,West Khasi Block,951.0,24.2,0.0211,0.6284,0.0133,Level 1: Green,Low / Normal Baseline Monitoring,#22c55e,Routine baseline monitoring. Safe terrain condition.
CELL_MEG_0658,25.15822,91.43461,2,West Khasi Block,1059.3,20.5,0.0436,0.6284,0.0274,Level 1: Green,Low / Normal Baseline Monitoring,#22c55e,Routine baseline monitoring. Safe terrain condition.
CELL_MEG_0659,25.66644,91.27933,4,Ri-Bhoi Block,1069.9,28.1,0.2361,0.6284,0.1484,Level 2: Yellow,Advisory / Early Warning Watch,#eab308,Advisory notice. Maintenance standby and slope drainage watch.
CELL_MEG_0660,25.67098,92.14822,4,Ri-Bhoi Block,1471.8,35.4,0.0276,0.6284,0.0173,Level 1: Green,Low / Normal Baseline Monitoring,#22c55e,Routine baseline monitoring. Safe terrain condition.
CELL_MEG_0661,25.20042,91.79019,3,East Khasi Block,1381.3,23.9,0.2285,0.6284,0.1436,Level 2: Yellow,Advisory / Early Warning Watch,#eab308,Advisory notice. Maintenance standby and slope drainage watch.
CELL_MEG_0662,25.81928,92.62525,4,Ri-Bhoi Block,780.5,27.7,0.3506,0.6284,0.2203,Level 3: Orange,Warning / Heightened Hazard Alert,#f97316,Heightened warning. Travel caution and heavy transport limits.
CELL_MEG_0663,26.04197,92.43614,4,Ri-Bhoi Block,805.0,32.6,0.033,0.6284,0.0207,Level 1: Green,Low / Normal Baseline Monitoring,#22c55e,Routine baseline monitoring. Safe terrain condition.
CELL_MEG_0664,25.32922,92.59081,5,Jaintia Hills Block,817.1,17.1,0.4644,0.6284,0.2918,Level 3: Orange,Warning / Heightened Hazard Alert,#f97316,Heightened warning. Travel caution and heavy transport limits.
CELL_MEG_0665,25.59716,91.97849,3,East Khasi Block,1699.0,21.3,0.205,0.6284,0.1288,Level 2: Yellow,Advisory / Early Warning Watch,#eab308,Advisory notice. Maintenance standby and slope drainage watch.
CELL_MEG_0666,25.13817,92.15076,5,Jaintia Hills Block,1155.8,24.1,0.0433,0.6284,0.0272,Level 1: Green,Low / Normal Baseline Monitoring,#22c55e,Routine baseline monitoring. Safe terrain condition.
CELL_MEG_0667,25.27822,90.12845,1,Garo Hills Block,59.9,26.6,0.0243,0.6284,0.0153,Level 1: Green,Low / Normal Baseline Monitoring,#22c55e,Routine baseline monitoring. Safe terrain condition.
CELL_MEG_0668,25.11455,91.60273,3,East Khasi Block,1153.7,23.9,0.0226,0.6284,0.0142,Level 1: Green,Low / Normal Baseline Monitoring,#22c55e,Routine baseline monitoring. Safe terrain condition.
CELL_MEG_0669,25.63145,90.60448,1,Garo Hills Block,97.0,33.7,0.0206,0.6284,0.0129,Level 1: Green,Low / Normal Baseline Monitoring,#22c55e,Routine baseline monitoring. Safe terrain condition.
CELL_MEG_0670,25.41641,90.76,1,Garo Hills Block,231.8,26.5,0.0272,0.6284,0.0171,Level 1: Green,Low / Normal Baseline Monitoring,#22c55e,Routine baseline monitoring. Safe terrain condition.
CELL_MEG_0671,25.17538,91.30153,2,West Khasi Block,839.0,23.1,0.0227,0.6284,0.0143,Level 1: Green,Low / Normal Baseline Monitoring,#22c55e,Routine baseline monitoring. Safe terrain condition.
CELL_MEG_0672,25.53231,91.68774,3,East Khasi Block,1629.7,20.9,0.5331,0.6284,0.335,Level 3: Orange,Warning / Heightened Hazard Alert,#f97316,Heightened warning. Travel caution and heavy transport limits.
CELL_MEG_0673,25.56586,92.0198,5,Jaintia Hills Block,1702.2,14.6,0.4376,0.6284,0.275,Level 3: Orange,Warning / Heightened Hazard Alert,#f97316,Heightened warning. Travel caution and heavy transport limits.
CELL_MEG_0674,25.30506,89.95178,1,Garo Hills Block,56.6,18.1,0.0212,0.6284,0.0133,Level 1: Green,Low / Normal Baseline Monitoring,#22c55e,Routine baseline monitoring. Safe terrain condition.
CELL_MEG_0675,25.04352,91.36385,2,West Khasi Block,802.2,35.3,0.0327,0.6284,0.0205,Level 1: Green,Low / Normal Baseline Monitoring,#22c55e,Routine baseline monitoring. Safe terrain condition.
CELL_MEG_0676,25.69706,91.55528,4,Ri-Bhoi Block,1424.5,26.0,0.0318,0.6284,0.02,Level 1: Green,Low / Normal Baseline Monitoring,#22c55e,Routine baseline monitoring. Safe terrain condition.
CELL_MEG_0677,25.40232,91.37989,2,West Khasi Block,1074.3,31.2,0.0126,0.6284,0.0079,Level 1: Green,Low / Normal Baseline Monitoring,#22c55e,Routine baseline monitoring. Safe terrain condition.
CELL_MEG_0678,25.48486,91.72143,3,East Khasi Block,1666.5,24.6,0.1624,0.6284,0.1021,Level 2: Yellow,Advisory / Early Warning Watch,#eab308,Advisory notice. Maintenance standby and slope drainage watch.
CELL_MEG_0679,25.47116,91.48179,2,West Khasi Block,1295.0,24.9,0.04,0.6284,0.0252,Level 1: Green,Low / Normal Baseline Monitoring,#22c55e,Routine baseline monitoring. Safe terrain condition.
CELL_MEG_0680,25.02066,91.41542,2,West Khasi Block,797.7,33.0,0.0215,0.6284,0.0135,Level 1: Green,Low / Normal Baseline Monitoring,#22c55e,Routine baseline monitoring. Safe terrain condition.
CELL_MEG_0681,25.89142,90.97548,1,Garo Hills Block,459.1,24.3,0.0088,0.6284,0.0056,Level 1: Green,Low / Normal Baseline Monitoring,#22c55e,Routine baseline monitoring. Safe terrain condition.
CELL_MEG_0682,25.72632,91.94705,4,Ri-Bhoi Block,1610.1,23.2,0.2954,0.6284,0.1856,Level 3: Orange,Warning / Heightened Hazard Alert,#f97316,Heightened warning. Travel caution and heavy transport limits.
CELL_MEG_0683,25.04221,92.20981,5,Jaintia Hills Block,1084.6,31.5,0.0643,0.6284,0.0404,Level 1: Green,Low / Normal Baseline Monitoring,#22c55e,Routine baseline monitoring. Safe terrain condition.
CELL_MEG_0684,25.1807,91.92411,3,East Khasi Block,1273.9,27.8,0.0208,0.6284,0.013,Level 1: Green,Low / Normal Baseline Monitoring,#22c55e,Routine baseline monitoring. Safe terrain condition.
CELL_MEG_0685,25.78644,91.86946,4,Ri-Bhoi Block,1481.3,25.0,0.0359,0.6284,0.0226,Level 1: Green,Low / Normal Baseline Monitoring,#22c55e,Routine baseline monitoring. Safe terrain condition.
CELL_MEG_0686,25.28381,90.56656,1,Garo Hills Block,42.9,30.7,0.0254,0.6284,0.0159,Level 1: Green,Low / Normal Baseline Monitoring,#22c55e,Routine baseline monitoring. Safe terrain condition.
CELL_MEG_0687,25.44128,90.11101,1,Garo Hills Block,40.3,32.5,0.0162,0.6284,0.0102,Level 1: Green,Low / Normal Baseline Monitoring,#22c55e,Routine baseline monitoring. Safe terrain condition.
CELL_MEG_0688,25.9858,90.53266,1,Garo Hills Block,25.0,21.4,0.0154,0.6284,0.0097,Level 1: Green,Low / Normal Baseline Monitoring,#22c55e,Routine baseline monitoring. Safe terrain condition.
CELL_MEG_0689,25.87909,90.65815,1,Garo Hills Block,25.0,29.3,0.0216,0.6284,0.0136,Level 1: Green,Low / Normal Baseline Monitoring,#22c55e,Routine baseline monitoring. Safe terrain condition.
CELL_MEG_0690,25.86992,90.14911,1,Garo Hills Block,111.9,28.2,0.0243,0.6284,0.0153,Level 1: Green,Low / Normal Baseline Monitoring,#22c55e,Routine baseline monitoring. Safe terrain condition.
CELL_MEG_0691,25.61093,90.27874,1,Garo Hills Block,52.9,28.9,0.0326,0.6284,0.0205,Level 1: Green,Low / Normal Baseline Monitoring,#22c55e,Routine baseline monitoring. Safe terrain condition.
CELL_MEG_0692,25.046,91.11082,2,West Khasi Block,479.1,35.1,0.0264,0.6284,0.0166,Level 1: Green,Low / Normal Baseline Monitoring,#22c55e,Routine baseline monitoring. Safe terrain condition.
CELL_MEG_0693,25.65427,89.80351,1,Garo Hills Block,25.0,35.9,0.0724,0.6284,0.0455,Level 1: Green,Low / Normal Baseline Monitoring,#22c55e,Routine baseline monitoring. Safe terrain condition.
CELL_MEG_0694,25.18695,91.04925,2,West Khasi Block,612.2,26.4,0.0234,0.6284,0.0147,Level 1: Green,Low / Normal Baseline Monitoring,#22c55e,Routine baseline monitoring. Safe terrain condition.
CELL_MEG_0695,26.041,91.55793,4,Ri-Bhoi Block,1077.6,27.3,0.0148,0.6284,0.0093,Level 1: Green,Low / Normal Baseline Monitoring,#22c55e,Routine baseline monitoring. Safe terrain condition.
CELL_MEG_0696,25.11311,90.709,1,Garo Hills Block,103.1,15.0,0.0165,0.6284,0.0104,Level 1: Green,Low / Normal Baseline Monitoring,#22c55e,Routine baseline monitoring. Safe terrain condition.
CELL_MEG_0697,25.14646,90.38995,1,Garo Hills Block,40.7,19.1,0.0204,0.6284,0.0128,Level 1: Green,Low / Normal Baseline Monitoring,#22c55e,Routine baseline monitoring. Safe terrain condition.
CELL_MEG_0698,25.56258,91.41996,2,West Khasi Block,1268.3,20.9,0.046,0.6284,0.0289,Level 1: Green,Low / Normal Baseline Monitoring,#22c55e,Routine baseline monitoring. Safe terrain condition.
CELL_MEG_0699,25.22711,90.15786,1,Garo Hills Block,125.2,27.1,0.0352,0.6284,0.0221,Level 1: Green,Low / Normal Baseline Monitoring,#22c55e,Routine baseline monitoring. Safe terrain condition.
CELL_MEG_0700,25.71746,91.94414,4,Ri-Bhoi Block,1631.3,25.0,0.0497,0.6284,0.0312,Level 1: Green,Low / Normal Baseline Monitoring,#22c55e,Routine baseline monitoring. Safe terrain condition.
CELL_MEG_0701,25.25972,91.64649,3,East Khasi Block,1319.4,34.3,0.2631,0.6284,0.1653,Level 3: Orange,Warning / Heightened Hazard Alert,#f97316,Heightened warning. Travel caution and heavy transport limits.
CELL_MEG_0702,25.45571,91.85397,3,East Khasi Block,1702.2,33.9,0.0536,0.6284,0.0337,Level 1: Green,Low / Normal Baseline Monitoring,#22c55e,Routine baseline monitoring. Safe terrain condition.
CELL_MEG_0703,25.9853,92.35476,4,Ri-Bhoi Block,866.5,20.2,0.0196,0.6284,0.0123,Level 1: Green,Low / Normal Baseline Monitoring,#22c55e,Routine baseline monitoring. Safe terrain condition.
CELL_MEG_0704,25.18826,91.89957,3,East Khasi Block,1267.6,30.5,0.032,0.6284,0.0201,Level 1: Green,Low / Normal Baseline Monitoring,#22c55e,Routine baseline monitoring. Safe terrain condition.
CELL_MEG_0705,25.93127,92.60307,4,Ri-Bhoi Block,703.5,21.7,0.0479,0.6284,0.0301,Level 1: Green,Low / Normal Baseline Monitoring,#22c55e,Routine baseline monitoring. Safe terrain condition.
CELL_MEG_0706,25.18683,90.9038,1,Garo Hills Block,345.5,26.0,0.0152,0.6284,0.0096,Level 1: Green,Low / Normal Baseline Monitoring,#22c55e,Routine baseline monitoring. Safe terrain condition.
CELL_MEG_0707,25.44897,91.74773,3,East Khasi Block,1620.4,26.2,0.3975,0.6284,0.2498,Level 3: Orange,Warning / Heightened Hazard Alert,#f97316,Heightened warning. Travel caution and heavy transport limits.
CELL_MEG_0708,25.81092,91.23705,4,Ri-Bhoi Block,816.8,19.6,0.2119,0.6284,0.1332,Level 2: Yellow,Advisory / Early Warning Watch,#eab308,Advisory notice. Maintenance standby and slope drainage watch.
CELL_MEG_0709,25.59915,91.79868,3,East Khasi Block,1719.3,21.1,0.098,0.6284,0.0616,Level 1: Green,Low / Normal Baseline Monitoring,#22c55e,Routine baseline monitoring. Safe terrain condition.
CELL_MEG_0710,25.42095,91.30144,2,West Khasi Block,1050.6,29.1,0.0097,0.6284,0.0061,Level 1: Green,Low / Normal Baseline Monitoring,#22c55e,Routine baseline monitoring. Safe terrain condition.
CELL_MEG_0711,25.15671,91.27582,2,West Khasi Block,802.8,17.5,0.0345,0.6284,0.0217,Level 1: Green,Low / Normal Baseline Monitoring,#22c55e,Routine baseline monitoring. Safe terrain condition.
CELL_MEG_0712,25.95907,90.73637,1,Garo Hills Block,122.2,15.1,0.0307,0.6284,0.0193,Level 1: Green,Low / Normal Baseline Monitoring,#22c55e,Routine baseline monitoring. Safe terrain condition.
CELL_MEG_0713,25.39124,92.06821,5,Jaintia Hills Block,1434.8,22.1,0.045,0.6284,0.0283,Level 1: Green,Low / Normal Baseline Monitoring,#22c55e,Routine baseline monitoring. Safe terrain condition.
CELL_MEG_0714,25.57475,91.19444,2,West Khasi Block,880.5,17.8,0.4992,0.6284,0.3137,Level 3: Orange,Warning / Heightened Hazard Alert,#f97316,Heightened warning. Travel caution and heavy transport limits.
CELL_MEG_0715,25.09665,90.81403,1,Garo Hills Block,177.5,25.9,0.0145,0.6284,0.0091,Level 1: Green,Low / Normal Baseline Monitoring,#22c55e,Routine baseline monitoring. Safe terrain condition.
CELL_MEG_0716,25.46468,92.3681,5,Jaintia Hills Block,1185.7,32.3,0.0722,0.6284,0.0454,Level 1: Green,Low / Normal Baseline Monitoring,#22c55e,Routine baseline monitoring. Safe terrain condition.
CELL_MEG_0717,25.05654,91.12744,2,West Khasi Block,512.8,33.3,0.0238,0.6284,0.0149,Level 1: Green,Low / Normal Baseline Monitoring,#22c55e,Routine baseline monitoring. Safe terrain condition.
CELL_MEG_0718,25.05435,91.78961,3,East Khasi Block,1106.2,25.4,0.0615,0.6284,0.0386,Level 1: Green,Low / Normal Baseline Monitoring,#22c55e,Routine baseline monitoring. Safe terrain condition.
CELL_MEG_0719,25.1772,91.92007,3,East Khasi Block,1269.5,27.5,0.0147,0.6284,0.0092,Level 1: Green,Low / Normal Baseline Monitoring,#22c55e,Routine baseline monitoring. Safe terrain condition.
CELL_MEG_0720,25.08249,89.81713,1,Garo Hills Block,25.0,29.1,0.0214,0.6284,0.0134,Level 1: Green,Low / Normal Baseline Monitoring,#22c55e,Routine baseline monitoring. Safe terrain condition.
CELL_MEG_0721,25.52902,91.84058,3,East Khasi Block,1743.1,22.0,0.1615,0.6284,0.1015,Level 2: Yellow,Advisory / Early Warning Watch,#eab308,Advisory notice. Maintenance standby and slope drainage watch.
CELL_MEG_0722,25.13474,91.87565,3,East Khasi Block,1265.4,23.6,0.0389,0.6284,0.0245,Level 1: Green,Low / Normal Baseline Monitoring,#22c55e,Routine baseline monitoring. Safe terrain condition.
CELL_MEG_0723,25.33965,91.72226,3,East Khasi Block,1412.7,16.0,0.2257,0.6284,0.1418,Level 2: Yellow,Advisory / Early Warning Watch,#eab308,Advisory notice. Maintenance standby and slope drainage watch.
CELL_MEG_0724,25.22164,91.26182,2,West Khasi Block,786.9,26.2,0.0209,0.6284,0.0131,Level 1: Green,Low / Normal Baseline Monitoring,#22c55e,Routine baseline monitoring. Safe terrain condition.
CELL_MEG_0725,25.11609,91.28528,2,West Khasi Block,844.5,17.7,0.0835,0.6284,0.0525,Level 1: Green,Low / Normal Baseline Monitoring,#22c55e,Routine baseline monitoring. Safe terrain condition.
CELL_MEG_0726,25.32747,91.82024,3,East Khasi Block,1535.8,18.9,0.0591,0.6284,0.0371,Level 1: Green,Low / Normal Baseline Monitoring,#22c55e,Routine baseline monitoring. Safe terrain condition.
CELL_MEG_0727,25.82469,91.13006,4,Ri-Bhoi Block,804.0,31.2,0.0218,0.6284,0.0137,Level 1: Green,Low / Normal Baseline Monitoring,#22c55e,Routine baseline monitoring. Safe terrain condition.
CELL_MEG_0728,25.95814,92.70685,4,Ri-Bhoi Block,508.6,23.2,0.031,0.6284,0.0195,Level 1: Green,Low / Normal Baseline Monitoring,#22c55e,Routine baseline monitoring. Safe terrain condition.
CELL_MEG_0729,26.06048,90.46005,1,Garo Hills Block,25.0,25.5,0.0315,0.6284,0.0198,Level 1: Green,Low / Normal Baseline Monitoring,#22c55e,Routine baseline monitoring. Safe terrain condition.
CELL_MEG_0730,25.31491,91.65644,3,East Khasi Block,1395.4,24.9,0.0973,0.6284,0.0612,Level 1: Green,Low / Normal Baseline Monitoring,#22c55e,Routine baseline monitoring. Safe terrain condition.
CELL_MEG_0731,25.10031,91.11098,2,West Khasi Block,551.7,26.6,0.0266,0.6284,0.0167,Level 1: Green,Low / Normal Baseline Monitoring,#22c55e,Routine baseline monitoring. Safe terrain condition.
CELL_MEG_0732,25.73501,91.81116,4,Ri-Bhoi Block,1572.0,19.0,0.0429,0.6284,0.027,Level 1: Green,Low / Normal Baseline Monitoring,#22c55e,Routine baseline monitoring. Safe terrain condition.
CELL_MEG_0733,25.87613,92.75085,4,Ri-Bhoi Block,554.0,29.7,0.0134,0.6284,0.0084,Level 1: Green,Low / Normal Baseline Monitoring,#22c55e,Routine baseline monitoring. Safe terrain condition.
CELL_MEG_0734,25.87172,90.06033,1,Garo Hills Block,25.0,35.9,0.014,0.6284,0.0088,Level 1: Green,Low / Normal Baseline Monitoring,#22c55e,Routine baseline monitoring. Safe terrain condition.
CELL_MEG_0735,25.40966,91.6732,3,East Khasi Block,1480.6,30.1,0.0394,0.6284,0.0247,Level 1: Green,Low / Normal Baseline Monitoring,#22c55e,Routine baseline monitoring. Safe terrain condition.
CELL_MEG_0736,25.04544,92.39378,5,Jaintia Hills Block,773.7,34.5,0.1356,0.6284,0.0852,Level 1: Green,Low / Normal Baseline Monitoring,#22c55e,Routine baseline monitoring. Safe terrain condition.
CELL_MEG_0737,25.59227,90.77052,1,Garo Hills Block,313.5,21.9,0.0192,0.6284,0.0121,Level 1: Green,Low / Normal Baseline Monitoring,#22c55e,Routine baseline monitoring. Safe terrain condition.
CELL_MEG_0738,25.17841,90.85535,1,Garo Hills Block,344.2,28.6,0.0987,0.6284,0.062,Level 1: Green,Low / Normal Baseline Monitoring,#22c55e,Routine baseline monitoring. Safe terrain condition.
CELL_MEG_0739,25.70881,91.01759,4,Ri-Bhoi Block,637.0,22.3,0.1051,0.6284,0.066,Level 1: Green,Low / Normal Baseline Monitoring,#22c55e,Routine baseline monitoring. Safe terrain condition.
CELL_MEG_0740,25.54999,91.95949,3,East Khasi Block,1722.9,18.7,0.1198,0.6284,0.0753,Level 1: Green,Low / Normal Baseline Monitoring,#22c55e,Routine baseline monitoring. Safe terrain condition.
CELL_MEG_0741,25.95115,90.30345,1,Garo Hills Block,94.0,24.6,0.0438,0.6284,0.0275,Level 1: Green,Low / Normal Baseline Monitoring,#22c55e,Routine baseline monitoring. Safe terrain condition.
CELL_MEG_0742,25.09321,91.44898,2,West Khasi Block,920.0,20.9,0.0285,0.6284,0.0179,Level 1: Green,Low / Normal Baseline Monitoring,#22c55e,Routine baseline monitoring. Safe terrain condition.
CELL_MEG_0743,25.27525,90.64776,1,Garo Hills Block,58.9,27.6,0.0213,0.6284,0.0134,Level 1: Green,Low / Normal Baseline Monitoring,#22c55e,Routine baseline monitoring. Safe terrain condition.
CELL_MEG_0744,25.84806,90.09569,1,Garo Hills Block,62.5,33.4,0.0126,0.6284,0.0079,Level 1: Green,Low / Normal Baseline Monitoring,#22c55e,Routine baseline monitoring. Safe terrain condition.
CELL_MEG_0745,25.15448,89.84566,1,Garo Hills Block,80.7,22.2,0.0144,0.6284,0.009,Level 1: Green,Low / Normal Baseline Monitoring,#22c55e,Routine baseline monitoring. Safe terrain condition.
CELL_MEG_0746,25.06208,92.80512,5,Jaintia Hills Block,456.0,23.1,0.024,0.6284,0.0151,Level 1: Green,Low / Normal Baseline Monitoring,#22c55e,Routine baseline monitoring. Safe terrain condition.
CELL_MEG_0747,25.16073,90.36047,1,Garo Hills Block,25.0,23.9,0.0158,0.6284,0.0099,Level 1: Green,Low / Normal Baseline Monitoring,#22c55e,Routine baseline monitoring. Safe terrain condition.
CELL_MEG_0748,25.19256,91.92738,3,East Khasi Block,1285.5,29.6,0.0214,0.6284,0.0135,Level 1: Green,Low / Normal Baseline Monitoring,#22c55e,Routine baseline monitoring. Safe terrain condition.
CELL_MEG_0749,25.53198,91.23889,2,West Khasi Block,877.6,15.0,0.3806,0.6284,0.2392,Level 3: Orange,Warning / Heightened Hazard Alert,#f97316,Heightened warning. Travel caution and heavy transport limits.
CELL_MEG_0750,25.44596,90.21216,1,Garo Hills Block,44.1,26.7,0.0382,0.6284,0.024,Level 1: Green,Low / Normal Baseline Monitoring,#22c55e,Routine baseline monitoring. Safe terrain condition.
CELL_MEG_0751,25.30226,92.79995,5,Jaintia Hills Block,532.4,17.9,0.0496,0.6284,0.0312,Level 1: Green,Low / Normal Baseline Monitoring,#22c55e,Routine baseline monitoring. Safe terrain condition.
CELL_MEG_0752,25.12332,91.94446,3,East Khasi Block,1253.7,20.7,0.0238,0.6284,0.015,Level 1: Green,Low / Normal Baseline Monitoring,#22c55e,Routine baseline monitoring. Safe terrain condition.
CELL_MEG_0753,25.13179,91.95547,3,East Khasi Block,1255.5,19.2,0.0555,0.6284,0.0349,Level 1: Green,Low / Normal Baseline Monitoring,#22c55e,Routine baseline monitoring. Safe terrain condition.
CELL_MEG_0754,25.48601,91.24836,2,West Khasi Block,903.9,22.5,0.0578,0.6284,0.0364,Level 1: Green,Low / Normal Baseline Monitoring,#22c55e,Routine baseline monitoring. Safe terrain condition.
CELL_MEG_0755,26.03249,91.77537,4,Ri-Bhoi Block,1114.9,22.0,0.3588,0.6284,0.2254,Level 3: Orange,Warning / Heightened Hazard Alert,#f97316,Heightened warning. Travel caution and heavy transport limits.
CELL_MEG_0756,26.09576,89.88933,1,Garo Hills Block,68.8,26.9,0.0357,0.6284,0.0224,Level 1: Green,Low / Normal Baseline Monitoring,#22c55e,Routine baseline monitoring. Safe terrain condition.
CELL_MEG_0757,25.42066,91.60311,3,East Khasi Block,1459.2,33.2,0.0338,0.6284,0.0212,Level 1: Green,Low / Normal Baseline Monitoring,#22c55e,Routine baseline monitoring. Safe terrain condition.
CELL_MEG_0758,25.73446,90.2686,1,Garo Hills Block,66.7,22.4,0.0209,0.6284,0.0131,Level 1: Green,Low / Normal Baseline Monitoring,#22c55e,Routine baseline monitoring. Safe terrain condition.
CELL_MEG_0759,25.11482,90.96246,1,Garo Hills Block,457.1,15.1,0.0345,0.6284,0.0217,Level 1: Green,Low / Normal Baseline Monitoring,#22c55e,Routine baseline monitoring. Safe terrain condition.
CELL_MEG_0760,25.03979,91.98719,3,East Khasi Block,1092.8,27.3,0.0188,0.6284,0.0118,Level 1: Green,Low / Normal Baseline Monitoring,#22c55e,Routine baseline monitoring. Safe terrain condition.
CELL_MEG_0761,25.47834,92.03927,5,Jaintia Hills Block,1654.6,23.9,0.3339,0.6284,0.2098,Level 3: Orange,Warning / Heightened Hazard Alert,#f97316,Heightened warning. Travel caution and heavy transport limits.
CELL_MEG_0762,25.42776,91.79252,3,East Khasi Block,1626.9,26.4,0.3037,0.6284,0.1909,Level 3: Orange,Warning / Heightened Hazard Alert,#f97316,Heightened warning. Travel caution and heavy transport limits.
CELL_MEG_0763,25.24598,91.59983,2,West Khasi Block,1212.3,34.6,0.0714,0.6284,0.0449,Level 1: Green,Low / Normal Baseline Monitoring,#22c55e,Routine baseline monitoring. Safe terrain condition.
CELL_MEG_0764,25.95991,92.60268,4,Ri-Bhoi Block,681.5,18.2,0.0478,0.6284,0.03,Level 1: Green,Low / Normal Baseline Monitoring,#22c55e,Routine baseline monitoring. Safe terrain condition.
CELL_MEG_0765,25.79514,91.94719,4,Ri-Bhoi Block,1470.4,23.0,0.4024,0.6284,0.2528,Level 3: Orange,Warning / Heightened Hazard Alert,#f97316,Heightened warning. Travel caution and heavy transport limits.
CELL_MEG_0766,25.16461,92.12823,5,Jaintia Hills Block,1207.2,25.7,0.0417,0.6284,0.0262,Level 1: Green,Low / Normal Baseline Monitoring,#22c55e,Routine baseline monitoring. Safe terrain condition.
CELL_MEG_0767,25.65065,91.33196,4,Ri-Bhoi Block,1083.3,34.2,0.0218,0.6284,0.0137,Level 1: Green,Low / Normal Baseline Monitoring,#22c55e,Routine baseline monitoring. Safe terrain condition.
CELL_MEG_0768,25.19131,91.9489,3,East Khasi Block,1306.4,27.1,0.0725,0.6284,0.0455,Level 1: Green,Low / Normal Baseline Monitoring,#22c55e,Routine baseline monitoring. Safe terrain condition.
CELL_MEG_0769,25.18568,90.25039,1,Garo Hills Block,33.0,24.5,0.0187,0.6284,0.0118,Level 1: Green,Low / Normal Baseline Monitoring,#22c55e,Routine baseline monitoring. Safe terrain condition.
CELL_MEG_0770,25.06556,89.87223,1,Garo Hills Block,25.0,26.4,0.0392,0.6284,0.0246,Level 1: Green,Low / Normal Baseline Monitoring,#22c55e,Routine baseline monitoring. Safe terrain condition.
CELL_MEG_0771,25.25721,91.73974,3,East Khasi Block,1446.8,25.6,0.0493,0.6284,0.031,Level 1: Green,Low / Normal Baseline Monitoring,#22c55e,Routine baseline monitoring. Safe terrain condition.
CELL_MEG_0772,25.09143,89.90358,1,Garo Hills Block,25.0,18.9,0.0181,0.6284,0.0114,Level 1: Green,Low / Normal Baseline Monitoring,#22c55e,Routine baseline monitoring. Safe terrain condition.
CELL_MEG_0773,25.14447,91.5955,2,West Khasi Block,1138.0,22.8,0.0415,0.6284,0.0261,Level 1: Green,Low / Normal Baseline Monitoring,#22c55e,Routine baseline monitoring. Safe terrain condition.
CELL_MEG_0774,25.33502,90.42931,1,Garo Hills Block,25.0,14.8,0.1013,0.6284,0.0637,Level 1: Green,Low / Normal Baseline Monitoring,#22c55e,Routine baseline monitoring. Safe terrain condition.
CELL_MEG_0775,25.03569,92.01328,5,Jaintia Hills Block,1046.0,26.0,0.019,0.6284,0.012,Level 1: Green,Low / Normal Baseline Monitoring,#22c55e,Routine baseline monitoring. Safe terrain condition.
CELL_MEG_0776,26.08331,91.59823,4,Ri-Bhoi Block,993.0,34.5,0.0426,0.6284,0.0268,Level 1: Green,Low / Normal Baseline Monitoring,#22c55e,Routine baseline monitoring. Safe terrain condition.
CELL_MEG_0777,25.89119,91.88222,4,Ri-Bhoi Block,1329.5,34.2,0.0209,0.6284,0.0131,Level 1: Green,Low / Normal Baseline Monitoring,#22c55e,Routine baseline monitoring. Safe terrain condition.
CELL_MEG_0778,25.15827,91.47952,2,West Khasi Block,1081.4,16.2,0.0217,0.6284,0.0136,Level 1: Green,Low / Normal Baseline Monitoring,#22c55e,Routine baseline monitoring. Safe terrain condition.
CELL_MEG_0779,25.09426,91.88532,3,East Khasi Block,1270.6,27.5,0.0401,0.6284,0.0252,Level 1: Green,Low / Normal Baseline Monitoring,#22c55e,Routine baseline monitoring. Safe terrain condition.
CELL_MEG_0780,25.43072,92.34212,5,Jaintia Hills Block,1157.1,29.4,0.0317,0.6284,0.0199,Level 1: Green,Low / Normal Baseline Monitoring,#22c55e,Routine baseline monitoring. Safe terrain condition.
CELL_MEG_0781,25.25282,91.56677,2,West Khasi Block,1189.5,30.7,0.0216,0.6284,0.0136,Level 1: Green,Low / Normal Baseline Monitoring,#22c55e,Routine baseline monitoring. Safe terrain condition.
CELL_MEG_0782,25.64803,92.59552,5,Jaintia Hills Block,842.7,28.9,0.098,0.6284,0.0616,Level 1: Green,Low / Normal Baseline Monitoring,#22c55e,Routine baseline monitoring. Safe terrain condition.
CELL_MEG_0783,25.55572,90.31534,1,Garo Hills Block,25.0,24.0,0.0772,0.6284,0.0485,Level 1: Green,Low / Normal Baseline Monitoring,#22c55e,Routine baseline monitoring. Safe terrain condition.
CELL_MEG_0784,25.52938,91.54167,2,West Khasi Block,1311.5,17.7,0.0512,0.6284,0.0322,Level 1: Green,Low / Normal Baseline Monitoring,#22c55e,Routine baseline monitoring. Safe terrain condition.
CELL_MEG_0785,25.62564,91.90136,3,East Khasi Block,1775.0,33.5,0.0787,0.6284,0.0495,Level 1: Green,Low / Normal Baseline Monitoring,#22c55e,Routine baseline monitoring. Safe terrain condition.
CELL_MEG_0786,25.38119,90.6858,1,Garo Hills Block,204.7,18.7,0.1107,0.6284,0.0696,Level 1: Green,Low / Normal Baseline Monitoring,#22c55e,Routine baseline monitoring. Safe terrain condition.
CELL_MEG_0787,25.19997,91.11105,2,West Khasi Block,749.6,32.6,0.032,0.6284,0.0201,Level 1: Green,Low / Normal Baseline Monitoring,#22c55e,Routine baseline monitoring. Safe terrain condition.
CELL_MEG_0788,25.59066,91.30323,2,West Khasi Block,1024.9,22.8,0.1814,0.6284,0.114,Level 2: Yellow,Advisory / Early Warning Watch,#eab308,Advisory notice. Maintenance standby and slope drainage watch.
CELL_MEG_0789,26.069,92.66659,4,Ri-Bhoi Block,520.3,35.7,0.0325,0.6284,0.0204,Level 1: Green,Low / Normal Baseline Monitoring,#22c55e,Routine baseline monitoring. Safe terrain condition.
CELL_MEG_0790,25.4497,90.02251,1,Garo Hills Block,40.5,34.2,0.0171,0.6284,0.0107,Level 1: Green,Low / Normal Baseline Monitoring,#22c55e,Routine baseline monitoring. Safe terrain condition.
CELL_MEG_0791,25.57616,91.70941,3,East Khasi Block,1647.7,18.9,0.5709,0.6284,0.3588,Level 4: Red,Critical / Immediate Action Trigger,#ef4444,Critical landslide hazard. Immediate emergency protocols and slope closures.
CELL_MEG_0792,25.54471,91.96697,3,East Khasi Block,1723.0,17.9,0.1135,0.6284,0.0713,Level 1: Green,Low / Normal Baseline Monitoring,#22c55e,Routine baseline monitoring. Safe terrain condition.
CELL_MEG_0793,25.63507,91.60287,3,East Khasi Block,1487.4,33.8,0.1146,0.6284,0.072,Level 1: Green,Low / Normal Baseline Monitoring,#22c55e,Routine baseline monitoring. Safe terrain condition.
CELL_MEG_0794,25.99266,92.25935,4,Ri-Bhoi Block,1074.4,16.1,0.0328,0.6284,0.0206,Level 1: Green,Low / Normal Baseline Monitoring,#22c55e,Routine baseline monitoring. Safe terrain condition.
CELL_MEG_0795,25.56609,92.33543,5,Jaintia Hills Block,1261.9,17.9,0.2512,0.6284,0.1579,Level 3: Orange,Warning / Heightened Hazard Alert,#f97316,Heightened warning. Travel caution and heavy transport limits.
CELL_MEG_0796,25.11178,91.7521,3,East Khasi Block,1178.4,15.2,0.04,0.6284,0.0251,Level 1: Green,Low / Normal Baseline Monitoring,#22c55e,Routine baseline monitoring. Safe terrain condition.
CELL_MEG_0797,25.97846,90.29395,1,Garo Hills Block,113.2,23.2,0.0154,0.6284,0.0097,Level 1: Green,Low / Normal Baseline Monitoring,#22c55e,Routine baseline monitoring. Safe terrain condition.
CELL_MEG_0798,25.02171,91.57111,2,West Khasi Block,1060.4,31.7,0.0244,0.6284,0.0154,Level 1: Green,Low / Normal Baseline Monitoring,#22c55e,Routine baseline monitoring. Safe terrain condition.
CELL_MEG_0799,25.31128,91.39225,2,West Khasi Block,1059.8,25.6,0.0566,0.6284,0.0356,Level 1: Green,Low / Normal Baseline Monitoring,#22c55e,Routine baseline monitoring. Safe terrain condition.
CELL_MEG_0800,25.15376,91.94894,3,East Khasi Block,1272.7,21.1,0.0275,0.6284,0.0173,Level 1: Green,Low / Normal Baseline Monitoring,#22c55e,Routine baseline monitoring. Safe terrain condition.
CELL_MEG_0801,25.49079,92.7216,5,Jaintia Hills Block,709.9,28.9,0.0332,0.6284,0.0208,Level 1: Green,Low / Normal Baseline Monitoring,#22c55e,Routine baseline monitoring. Safe terrain condition.
CELL_MEG_0802,25.52823,91.75165,3,East Khasi Block,1747.7,15.5,0.0861,0.6284,0.0541,Level 1: Green,Low / Normal Baseline Monitoring,#22c55e,Routine baseline monitoring. Safe terrain condition.
CELL_MEG_0803,25.24325,91.5622,2,West Khasi Block,1166.6,30.6,0.0693,0.6284,0.0436,Level 1: Green,Low / Normal Baseline Monitoring,#22c55e,Routine baseline monitoring. Safe terrain condition.
CELL_MEG_0804,25.54593,91.96138,3,East Khasi Block,1722.4,18.6,0.3465,0.6284,0.2178,Level 3: Orange,Warning / Heightened Hazard Alert,#f97316,Heightened warning. Travel caution and heavy transport limits.
CELL_MEG_0805,25.11198,91.85811,3,East Khasi Block,1262.9,23.6,0.0365,0.6284,0.0229,Level 1: Green,Low / Normal Baseline Monitoring,#22c55e,Routine baseline monitoring. Safe terrain condition.
CELL_MEG_0806,25.64731,92.21066,5,Jaintia Hills Block,1431.9,31.8,0.033,0.6284,0.0208,Level 1: Green,Low / Normal Baseline Monitoring,#22c55e,Routine baseline monitoring. Safe terrain condition.
CELL_MEG_0807,25.46623,91.54826,2,West Khasi Block,1344.2,28.1,0.0552,0.6284,0.0347,Level 1: Green,Low / Normal Baseline Monitoring,#22c55e,Routine baseline monitoring. Safe terrain condition.
CELL_MEG_0808,25.35136,89.81582,1,Garo Hills Block,25.0,23.7,0.0198,0.6284,0.0125,Level 1: Green,Low / Normal Baseline Monitoring,#22c55e,Routine baseline monitoring. Safe terrain condition.
CELL_MEG_0809,25.11973,90.86101,1,Garo Hills Block,297.3,24.1,0.0113,0.6284,0.0071,Level 1: Green,Low / Normal Baseline Monitoring,#22c55e,Routine baseline monitoring. Safe terrain condition.
CELL_MEG_0810,25.2214,91.57416,2,West Khasi Block,1138.4,31.5,0.0201,0.6284,0.0127,Level 1: Green,Low / Normal Baseline Monitoring,#22c55e,Routine baseline monitoring. Safe terrain condition.
CELL_MEG_0811,25.04119,91.51758,2,West Khasi Block,1005.4,26.0,0.0501,0.6284,0.0315,Level 1: Green,Low / Normal Baseline Monitoring,#22c55e,Routine baseline monitoring. Safe terrain condition.
CELL_MEG_0812,26.09963,92.50132,4,Ri-Bhoi Block,651.5,27.1,0.026,0.6284,0.0163,Level 1: Green,Low / Normal Baseline Monitoring,#22c55e,Routine baseline monitoring. Safe terrain condition.
CELL_MEG_0813,25.38213,92.25809,5,Jaintia Hills Block,1311.8,18.8,0.1131,0.6284,0.0711,Level 1: Green,Low / Normal Baseline Monitoring,#22c55e,Routine baseline monitoring. Safe terrain condition.
CELL_MEG_0814,25.89896,92.38236,4,Ri-Bhoi Block,1023.1,31.8,0.1422,0.6284,0.0893,Level 1: Green,Low / Normal Baseline Monitoring,#22c55e,Routine baseline monitoring. Safe terrain condition.
CELL_MEG_0815,25.85183,90.67545,1,Garo Hills Block,54.6,27.4,0.0211,0.6284,0.0132,Level 1: Green,Low / Normal Baseline Monitoring,#22c55e,Routine baseline monitoring. Safe terrain condition.
CELL_MEG_0816,25.57868,91.3005,2,West Khasi Block,1007.4,20.6,0.1711,0.6284,0.1075,Level 2: Yellow,Advisory / Early Warning Watch,#eab308,Advisory notice. Maintenance standby and slope drainage watch.
CELL_MEG_0817,25.74864,92.37282,4,Ri-Bhoi Block,1085.6,22.0,0.0436,0.6284,0.0274,Level 1: Green,Low / Normal Baseline Monitoring,#22c55e,Routine baseline monitoring. Safe terrain condition.
CELL_MEG_0818,25.10329,91.02082,2,West Khasi Block,500.7,18.9,0.0666,0.6284,0.0419,Level 1: Green,Low / Normal Baseline Monitoring,#22c55e,Routine baseline monitoring. Safe terrain condition.
CELL_MEG_0819,25.16127,90.67179,1,Garo Hills Block,39.1,18.4,0.0159,0.6284,0.01,Level 1: Green,Low / Normal Baseline Monitoring,#22c55e,Routine baseline monitoring. Safe terrain condition.
CELL_MEG_0820,25.18532,91.9341,3,East Khasi Block,1285.2,27.6,0.0179,0.6284,0.0112,Level 1: Green,Low / Normal Baseline Monitoring,#22c55e,Routine baseline monitoring. Safe terrain condition.
CELL_MEG_0821,25.90956,92.46399,4,Ri-Bhoi Block,883.5,28.5,0.0337,0.6284,0.0212,Level 1: Green,Low / Normal Baseline Monitoring,#22c55e,Routine baseline monitoring. Safe terrain condition.
CELL_MEG_0822,25.10781,92.22876,5,Jaintia Hills Block,1098.0,19.4,0.0656,0.6284,0.0413,Level 1: Green,Low / Normal Baseline Monitoring,#22c55e,Routine baseline monitoring. Safe terrain condition.
CELL_MEG_0823,25.15467,90.52804,1,Garo Hills Block,64.4,21.6,0.0217,0.6284,0.0137,Level 1: Green,Low / Normal Baseline Monitoring,#22c55e,Routine baseline monitoring. Safe terrain condition.
CELL_MEG_0824,25.08582,90.70636,1,Garo Hills Block,92.8,19.1,0.0216,0.6284,0.0136,Level 1: Green,Low / Normal Baseline Monitoring,#22c55e,Routine baseline monitoring. Safe terrain condition.
CELL_MEG_0825,25.15965,90.46068,1,Garo Hills Block,86.0,16.0,0.0179,0.6284,0.0112,Level 1: Green,Low / Normal Baseline Monitoring,#22c55e,Routine baseline monitoring. Safe terrain condition.
CELL_MEG_0826,25.86582,92.11462,4,Ri-Bhoi Block,1317.5,34.0,0.0229,0.6284,0.0144,Level 1: Green,Low / Normal Baseline Monitoring,#22c55e,Routine baseline monitoring. Safe terrain condition.
CELL_MEG_0827,25.2633,92.02874,5,Jaintia Hills Block,1437.5,24.3,0.0558,0.6284,0.0351,Level 1: Green,Low / Normal Baseline Monitoring,#22c55e,Routine baseline monitoring. Safe terrain condition.
CELL_MEG_0828,25.99477,92.13576,4,Ri-Bhoi Block,1146.2,25.1,0.0125,0.6284,0.0079,Level 1: Green,Low / Normal Baseline Monitoring,#22c55e,Routine baseline monitoring. Safe terrain condition.
CELL_MEG_0829,25.73682,89.94324,1,Garo Hills Block,56.8,15.8,0.0321,0.6284,0.0202,Level 1: Green,Low / Normal Baseline Monitoring,#22c55e,Routine baseline monitoring. Safe terrain condition.
CELL_MEG_0830,25.17845,90.7644,1,Garo Hills Block,261.1,22.1,0.0144,0.6284,0.009,Level 1: Green,Low / Normal Baseline Monitoring,#22c55e,Routine baseline monitoring. Safe terrain condition.
CELL_MEG_0831,25.19892,90.26896,1,Garo Hills Block,25.0,29.0,0.0532,0.6284,0.0334,Level 1: Green,Low / Normal Baseline Monitoring,#22c55e,Routine baseline monitoring. Safe terrain condition.
CELL_MEG_0832,25.17102,91.914,3,East Khasi Block,1264.2,26.8,0.0231,0.6284,0.0145,Level 1: Green,Low / Normal Baseline Monitoring,#22c55e,Routine baseline monitoring. Safe terrain condition.
CELL_MEG_0833,25.50112,91.17469,2,West Khasi Block,875.2,24.3,0.3042,0.6284,0.1912,Level 3: Orange,Warning / Heightened Hazard Alert,#f97316,Heightened warning. Travel caution and heavy transport limits.
CELL_MEG_0834,25.3169,91.65556,3,East Khasi Block,1397.3,24.7,0.3021,0.6284,0.1898,Level 3: Orange,Warning / Heightened Hazard Alert,#f97316,Heightened warning. Travel caution and heavy transport limits.
CELL_MEG_0835,25.56358,91.95762,3,East Khasi Block,1724.5,19.3,0.1319,0.6284,0.0829,Level 1: Green,Low / Normal Baseline Monitoring,#22c55e,Routine baseline monitoring. Safe terrain condition.
CELL_MEG_0836,25.30083,91.89218,3,East Khasi Block,1519.3,28.1,0.0985,0.6284,0.0619,Level 1: Green,Low / Normal Baseline Monitoring,#22c55e,Routine baseline monitoring. Safe terrain condition.
CELL_MEG_0837,25.11742,91.60385,3,East Khasi Block,1153.7,23.7,0.0288,0.6284,0.0181,Level 1: Green,Low / Normal Baseline Monitoring,#22c55e,Routine baseline monitoring. Safe terrain condition.
CELL_MEG_0838,25.19542,90.73434,1,Garo Hills Block,203.7,22.4,0.0873,0.6284,0.0548,Level 1: Green,Low / Normal Baseline Monitoring,#22c55e,Routine baseline monitoring. Safe terrain condition.
CELL_MEG_0839,25.19544,91.12978,2,West Khasi Block,760.2,31.1,0.1052,0.6284,0.0661,Level 1: Green,Low / Normal Baseline Monitoring,#22c55e,Routine baseline monitoring. Safe terrain condition.
CELL_MEG_0840,25.10836,91.73591,3,East Khasi Block,1159.8,16.4,0.0747,0.6284,0.0469,Level 1: Green,Low / Normal Baseline Monitoring,#22c55e,Routine baseline monitoring. Safe terrain condition.
CELL_MEG_0841,25.33857,92.57309,5,Jaintia Hills Block,869.7,15.1,0.3087,0.6284,0.194,Level 3: Orange,Warning / Heightened Hazard Alert,#f97316,Heightened warning. Travel caution and heavy transport limits.
CELL_MEG_0842,25.92573,92.20111,4,Ri-Bhoi Block,1170.8,25.7,0.02,0.6284,0.0126,Level 1: Green,Low / Normal Baseline Monitoring,#22c55e,Routine baseline monitoring. Safe terrain condition.
CELL_MEG_0843,25.67297,91.13215,4,Ri-Bhoi Block,716.5,34.3,0.0264,0.6284,0.0166,Level 1: Green,Low / Normal Baseline Monitoring,#22c55e,Routine baseline monitoring. Safe terrain condition.
CELL_MEG_0844,26.01272,91.51274,4,Ri-Bhoi Block,1045.0,18.5,0.0318,0.6284,0.02,Level 1: Green,Low / Normal Baseline Monitoring,#22c55e,Routine baseline monitoring. Safe terrain condition.
CELL_MEG_0845,25.02651,91.4199,2,West Khasi Block,802.0,32.6,0.0172,0.6284,0.0108,Level 1: Green,Low / Normal Baseline Monitoring,#22c55e,Routine baseline monitoring. Safe terrain condition.
CELL_MEG_0846,25.74425,90.6887,1,Garo Hills Block,173.5,15.6,0.0229,0.6284,0.0144,Level 1: Green,Low / Normal Baseline Monitoring,#22c55e,Routine baseline monitoring. Safe terrain condition.
CELL_MEG_0847,25.30296,91.67852,3,East Khasi Block,1394.1,24.6,0.0633,0.6284,0.0398,Level 1: Green,Low / Normal Baseline Monitoring,#22c55e,Routine baseline monitoring. Safe terrain condition.
CELL_MEG_0848,25.37145,92.80414,5,Jaintia Hills Block,602.4,16.2,0.0675,0.6284,0.0424,Level 1: Green,Low / Normal Baseline Monitoring,#22c55e,Routine baseline monitoring. Safe terrain condition.
CELL_MEG_0849,25.54668,89.81916,1,Garo Hills Block,108.6,23.4,0.0343,0.6284,0.0216,Level 1: Green,Low / Normal Baseline Monitoring,#22c55e,Routine baseline monitoring. Safe terrain condition.
CELL_MEG_0850,25.65074,91.80754,4,Ri-Bhoi Block,1668.8,28.8,0.0862,0.6284,0.0541,Level 1: Green,Low / Normal Baseline Monitoring,#22c55e,Routine baseline monitoring. Safe terrain condition.
CELL_MEG_0851,25.95659,91.98454,4,Ri-Bhoi Block,1245.4,16.4,0.273,0.6284,0.1716,Level 3: Orange,Warning / Heightened Hazard Alert,#f97316,Heightened warning. Travel caution and heavy transport limits.
CELL_MEG_0852,25.39246,89.86017,1,Garo Hills Block,25.0,24.9,0.0176,0.6284,0.011,Level 1: Green,Low / Normal Baseline Monitoring,#22c55e,Routine baseline monitoring. Safe terrain condition.
CELL_MEG_0853,25.03036,92.18566,5,Jaintia Hills Block,1075.5,34.6,0.0305,0.6284,0.0192,Level 1: Green,Low / Normal Baseline Monitoring,#22c55e,Routine baseline monitoring. Safe terrain condition.
CELL_MEG_0854,25.48537,90.89258,1,Garo Hills Block,439.4,29.4,0.0427,0.6284,0.0268,Level 1: Green,Low / Normal Baseline Monitoring,#22c55e,Routine baseline monitoring. Safe terrain condition.
CELL_MEG_0855,25.55366,91.92204,3,East Khasi Block,1732.0,22.7,0.0881,0.6284,0.0553,Level 1: Green,Low / Normal Baseline Monitoring,#22c55e,Routine baseline monitoring. Safe terrain condition.
CELL_MEG_0856,25.89609,92.12523,4,Ri-Bhoi Block,1257.6,32.6,0.0789,0.6284,0.0496,Level 1: Green,Low / Normal Baseline Monitoring,#22c55e,Routine baseline monitoring. Safe terrain condition.
CELL_MEG_0857,25.42273,91.37252,2,West Khasi Block,1094.8,34.5,0.028,0.6284,0.0176,Level 1: Green,Low / Normal Baseline Monitoring,#22c55e,Routine baseline monitoring. Safe terrain condition.
CELL_MEG_0858,25.2292,90.27897,1,Garo Hills Block,25.0,33.5,0.0184,0.6284,0.0115,Level 1: Green,Low / Normal Baseline Monitoring,#22c55e,Routine baseline monitoring. Safe terrain condition.
CELL_MEG_0859,25.97909,92.08356,4,Ri-Bhoi Block,1124.0,18.7,0.0286,0.6284,0.018,Level 1: Green,Low / Normal Baseline Monitoring,#22c55e,Routine baseline monitoring. Safe terrain condition.
CELL_MEG_0860,25.3565,91.459,2,West Khasi Block,1142.2,16.7,0.0445,0.6284,0.028,Level 1: Green,Low / Normal Baseline Monitoring,#22c55e,Routine baseline monitoring. Safe terrain condition.
CELL_MEG_0861,25.05412,92.10956,5,Jaintia Hills Block,1055.6,31.7,0.1213,0.6284,0.0762,Level 1: Green,Low / Normal Baseline Monitoring,#22c55e,Routine baseline monitoring. Safe terrain condition.
CELL_MEG_0862,25.07299,91.25574,2,West Khasi Block,828.3,21.8,0.028,0.6284,0.0176,Level 1: Green,Low / Normal Baseline Monitoring,#22c55e,Routine baseline monitoring. Safe terrain condition.
CELL_MEG_0863,25.20364,90.60823,1,Garo Hills Block,25.0,32.2,0.0315,0.6284,0.0198,Level 1: Green,Low / Normal Baseline Monitoring,#22c55e,Routine baseline monitoring. Safe terrain condition.
CELL_MEG_0864,25.02203,92.25979,5,Jaintia Hills Block,971.5,26.7,0.0264,0.6284,0.0166,Level 1: Green,Low / Normal Baseline Monitoring,#22c55e,Routine baseline monitoring. Safe terrain condition.
CELL_MEG_0865,25.54956,91.63047,3,East Khasi Block,1463.9,24.0,0.2259,0.6284,0.142,Level 2: Yellow,Advisory / Early Warning Watch,#eab308,Advisory notice. Maintenance standby and slope drainage watch.
CELL_MEG_0866,25.50413,90.6035,1,Garo Hills Block,25.0,28.5,0.0181,0.6284,0.0113,Level 1: Green,Low / Normal Baseline Monitoring,#22c55e,Routine baseline monitoring. Safe terrain condition.
CELL_MEG_0867,25.21179,92.3936,5,Jaintia Hills Block,1058.5,33.6,0.0449,0.6284,0.0282,Level 1: Green,Low / Normal Baseline Monitoring,#22c55e,Routine baseline monitoring. Safe terrain condition.
CELL_MEG_0868,25.18763,92.40966,5,Jaintia Hills Block,996.4,30.4,0.0385,0.6284,0.0242,Level 1: Green,Low / Normal Baseline Monitoring,#22c55e,Routine baseline monitoring. Safe terrain condition.
CELL_MEG_0869,25.83625,90.69169,1,Garo Hills Block,103.0,24.5,0.0184,0.6284,0.0116,Level 1: Green,Low / Normal Baseline Monitoring,#22c55e,Routine baseline monitoring. Safe terrain condition.
CELL_MEG_0870,25.22787,91.55294,2,West Khasi Block,1136.4,29.4,0.0808,0.6284,0.0508,Level 1: Green,Low / Normal Baseline Monitoring,#22c55e,Routine baseline monitoring. Safe terrain condition.
CELL_MEG_0871,25.37041,92.32726,5,Jaintia Hills Block,1110.9,18.5,0.0345,0.6284,0.0217,Level 1: Green,Low / Normal Baseline Monitoring,#22c55e,Routine baseline monitoring. Safe terrain condition.
CELL_MEG_0872,25.57863,90.02901,1,Garo Hills Block,25.0,24.6,0.0383,0.6284,0.0241,Level 1: Green,Low / Normal Baseline Monitoring,#22c55e,Routine baseline monitoring. Safe terrain condition.
CELL_MEG_0873,25.99981,92.15808,4,Ri-Bhoi Block,1158.8,26.1,0.0219,0.6284,0.0138,Level 1: Green,Low / Normal Baseline Monitoring,#22c55e,Routine baseline monitoring. Safe terrain condition.
CELL_MEG_0874,25.40336,91.99749,3,East Khasi Block,1553.1,22.4,0.069,0.6284,0.0434,Level 1: Green,Low / Normal Baseline Monitoring,#22c55e,Routine baseline monitoring. Safe terrain condition.
CELL_MEG_0875,25.08169,89.8813,1,Garo Hills Block,25.0,22.6,0.0212,0.6284,0.0133,Level 1: Green,Low / Normal Baseline Monitoring,#22c55e,Routine baseline monitoring. Safe terrain condition.
CELL_MEG_0876,25.4921,92.5313,5,Jaintia Hills Block,869.5,21.6,0.4018,0.6284,0.2525,Level 3: Orange,Warning / Heightened Hazard Alert,#f97316,Heightened warning. Travel caution and heavy transport limits.
CELL_MEG_0877,25.63508,91.71913,3,East Khasi Block,1548.0,27.1,0.0876,0.6284,0.0551,Level 1: Green,Low / Normal Baseline Monitoring,#22c55e,Routine baseline monitoring. Safe terrain condition.
CELL_MEG_0878,25.56359,92.44436,5,Jaintia Hills Block,1056.0,23.2,0.7152,0.6284,0.4494,Level 4: Red,Critical / Immediate Action Trigger,#ef4444,Critical landslide hazard. Immediate emergency protocols and slope closures.
CELL_MEG_0879,25.09744,91.05406,2,West Khasi Block,503.7,23.6,0.0222,0.6284,0.014,Level 1: Green,Low / Normal Baseline Monitoring,#22c55e,Routine baseline monitoring. Safe terrain condition.
CELL_MEG_0880,25.62548,90.04491,1,Garo Hills Block,70.5,33.3,0.0386,0.6284,0.0243,Level 1: Green,Low / Normal Baseline Monitoring,#22c55e,Routine baseline monitoring. Safe terrain condition.
CELL_MEG_0881,26.08498,91.43059,4,Ri-Bhoi Block,888.0,31.1,0.0181,0.6284,0.0114,Level 1: Green,Low / Normal Baseline Monitoring,#22c55e,Routine baseline monitoring. Safe terrain condition.
CELL_MEG_0882,25.28324,89.9013,1,Garo Hills Block,50.7,22.2,0.0148,0.6284,0.0093,Level 1: Green,Low / Normal Baseline Monitoring,#22c55e,Routine baseline monitoring. Safe terrain condition.
CELL_MEG_0883,26.01019,92.19605,4,Ri-Bhoi Block,1148.8,25.4,0.0146,0.6284,0.0092,Level 1: Green,Low / Normal Baseline Monitoring,#22c55e,Routine baseline monitoring. Safe terrain condition.
CELL_MEG_0884,25.65485,91.33961,4,Ri-Bhoi Block,1082.5,34.9,0.037,0.6284,0.0232,Level 1: Green,Low / Normal Baseline Monitoring,#22c55e,Routine baseline monitoring. Safe terrain condition.
CELL_MEG_0885,25.14985,91.60028,3,East Khasi Block,1140.9,23.6,0.0266,0.6284,0.0167,Level 1: Green,Low / Normal Baseline Monitoring,#22c55e,Routine baseline monitoring. Safe terrain condition.
CELL_MEG_0886,25.62178,92.26685,5,Jaintia Hills Block,1309.3,23.5,0.1247,0.6284,0.0783,Level 1: Green,Low / Normal Baseline Monitoring,#22c55e,Routine baseline monitoring. Safe terrain condition.
CELL_MEG_0887,25.34638,89.82878,1,Garo Hills Block,25.0,22.7,0.0104,0.6284,0.0065,Level 1: Green,Low / Normal Baseline Monitoring,#22c55e,Routine baseline monitoring. Safe terrain condition.
CELL_MEG_0888,25.52679,91.25447,2,West Khasi Block,890.0,16.0,0.1282,0.6284,0.0806,Level 1: Green,Low / Normal Baseline Monitoring,#22c55e,Routine baseline monitoring. Safe terrain condition.
CELL_MEG_0889,25.11254,92.06294,5,Jaintia Hills Block,1154.1,17.2,0.2299,0.6284,0.1445,Level 2: Yellow,Advisory / Early Warning Watch,#eab308,Advisory notice. Maintenance standby and slope drainage watch.
CELL_MEG_0890,25.50328,91.19997,2,West Khasi Block,872.7,21.1,0.1948,0.6284,0.1224,Level 2: Yellow,Advisory / Early Warning Watch,#eab308,Advisory notice. Maintenance standby and slope drainage watch.
CELL_MEG_0891,25.33749,91.38626,2,West Khasi Block,1043.6,23.6,0.0407,0.6284,0.0256,Level 1: Green,Low / Normal Baseline Monitoring,#22c55e,Routine baseline monitoring. Safe terrain condition.
CELL_MEG_0892,25.55103,92.77389,5,Jaintia Hills Block,571.9,15.6,0.1828,0.6284,0.1149,Level 2: Yellow,Advisory / Early Warning Watch,#eab308,Advisory notice. Maintenance standby and slope drainage watch.
CELL_MEG_0893,25.45509,90.92268,1,Garo Hills Block,491.2,29.3,0.0504,0.6284,0.0317,Level 1: Green,Low / Normal Baseline Monitoring,#22c55e,Routine baseline monitoring. Safe terrain condition.
CELL_MEG_0894,25.03552,91.52586,2,West Khasi Block,1016.2,26.9,0.0243,0.6284,0.0153,Level 1: Green,Low / Normal Baseline Monitoring,#22c55e,Routine baseline monitoring. Safe terrain condition.
CELL_MEG_0895,26.02234,91.75344,4,Ri-Bhoi Block,1096.6,20.0,0.0232,0.6284,0.0146,Level 1: Green,Low / Normal Baseline Monitoring,#22c55e,Routine baseline monitoring. Safe terrain condition.
CELL_MEG_0896,25.76965,91.08439,4,Ri-Bhoi Block,707.6,23.5,0.3874,0.6284,0.2434,Level 3: Orange,Warning / Heightened Hazard Alert,#f97316,Heightened warning. Travel caution and heavy transport limits.
CELL_MEG_0897,25.57945,91.94775,3,East Khasi Block,1729.2,22.1,0.0874,0.6284,0.0549,Level 1: Green,Low / Normal Baseline Monitoring,#22c55e,Routine baseline monitoring. Safe terrain condition.
CELL_MEG_0898,25.26011,91.51581,2,West Khasi Block,1182.5,25.1,0.0286,0.6284,0.018,Level 1: Green,Low / Normal Baseline Monitoring,#22c55e,Routine baseline monitoring. Safe terrain condition.
CELL_MEG_0899,25.51807,91.48556,2,West Khasi Block,1318.1,17.0,0.0606,0.6284,0.0381,Level 1: Green,Low / Normal Baseline Monitoring,#22c55e,Routine baseline monitoring. Safe terrain condition.
CELL_MEG_0900,25.7483,90.6982,1,Garo Hills Block,178.8,14.8,0.1327,0.6284,0.0834,Level 1: Green,Low / Normal Baseline Monitoring,#22c55e,Routine baseline monitoring. Safe terrain condition.
CELL_MEG_0901,25.26171,91.94751,3,East Khasi Block,1415.7,30.6,0.0476,0.6284,0.0299,Level 1: Green,Low / Normal Baseline Monitoring,#22c55e,Routine baseline monitoring. Safe terrain condition.
CELL_MEG_0902,25.10613,91.55793,2,West Khasi Block,1122.1,20.1,0.0277,0.6284,0.0174,Level 1: Green,Low / Normal Baseline Monitoring,#22c55e,Routine baseline monitoring. Safe terrain condition.
CELL_MEG_0903,25.44861,89.84558,1,Garo Hills Block,47.9,33.0,0.1045,0.6284,0.0657,Level 1: Green,Low / Normal Baseline Monitoring,#22c55e,Routine baseline monitoring. Safe terrain condition.
CELL_MEG_0904,25.7197,92.37191,4,Ri-Bhoi Block,1060.0,25.6,0.0392,0.6284,0.0246,Level 1: Green,Low / Normal Baseline Monitoring,#22c55e,Routine baseline monitoring. Safe terrain condition.
CELL_MEG_0905,26.01553,91.29018,4,Ri-Bhoi Block,865.9,22.2,0.0534,0.6284,0.0336,Level 1: Green,Low / Normal Baseline Monitoring,#22c55e,Routine baseline monitoring. Safe terrain condition.
CELL_MEG_0906,25.88944,92.6697,4,Ri-Bhoi Block,692.3,34.5,0.0691,0.6284,0.0434,Level 1: Green,Low / Normal Baseline Monitoring,#22c55e,Routine baseline monitoring. Safe terrain condition.
CELL_MEG_0907,25.10268,90.66778,1,Garo Hills Block,83.1,19.0,0.0164,0.6284,0.0103,Level 1: Green,Low / Normal Baseline Monitoring,#22c55e,Routine baseline monitoring. Safe terrain condition.
CELL_MEG_0908,25.09633,90.83533,1,Garo Hills Block,218.8,27.1,0.0138,0.6284,0.0086,Level 1: Green,Low / Normal Baseline Monitoring,#22c55e,Routine baseline monitoring. Safe terrain condition.
CELL_MEG_0909,25.66223,91.51382,4,Ri-Bhoi Block,1336.8,26.2,0.0269,0.6284,0.0169,Level 1: Green,Low / Normal Baseline Monitoring,#22c55e,Routine baseline monitoring. Safe terrain condition.
CELL_MEG_0910,25.72427,92.39137,4,Ri-Bhoi Block,1045.7,26.5,0.0385,0.6284,0.0242,Level 1: Green,Low / Normal Baseline Monitoring,#22c55e,Routine baseline monitoring. Safe terrain condition.
CELL_MEG_0911,25.83332,90.59559,1,Garo Hills Block,25.0,33.1,0.0835,0.6284,0.0525,Level 1: Green,Low / Normal Baseline Monitoring,#22c55e,Routine baseline monitoring. Safe terrain condition.
CELL_MEG_0912,25.72808,89.97139,1,Garo Hills Block,84.7,19.2,0.0308,0.6284,0.0193,Level 1: Green,Low / Normal Baseline Monitoring,#22c55e,Routine baseline monitoring. Safe terrain condition.
CELL_MEG_0913,25.65932,92.16192,4,Ri-Bhoi Block,1475.3,35.9,0.1137,0.6284,0.0715,Level 1: Green,Low / Normal Baseline Monitoring,#22c55e,Routine baseline monitoring. Safe terrain condition.
CELL_MEG_0914,25.19783,91.16471,2,West Khasi Block,765.7,28.1,0.1042,0.6284,0.0655,Level 1: Green,Low / Normal Baseline Monitoring,#22c55e,Routine baseline monitoring. Safe terrain condition.
CELL_MEG_0915,25.49348,91.22323,2,West Khasi Block,879.6,21.3,0.0559,0.6284,0.0351,Level 1: Green,Low / Normal Baseline Monitoring,#22c55e,Routine baseline monitoring. Safe terrain condition.
CELL_MEG_0916,25.29284,89.84498,1,Garo Hills Block,39.9,26.5,0.0155,0.6284,0.0097,Level 1: Green,Low / Normal Baseline Monitoring,#22c55e,Routine baseline monitoring. Safe terrain condition.
CELL_MEG_0917,25.58352,90.73317,1,Garo Hills Block,256.7,17.1,0.0596,0.6284,0.0375,Level 1: Green,Low / Normal Baseline Monitoring,#22c55e,Routine baseline monitoring. Safe terrain condition.
CELL_MEG_0918,25.45276,92.1008,5,Jaintia Hills Block,1517.2,32.4,0.0889,0.6284,0.0559,Level 1: Green,Low / Normal Baseline Monitoring,#22c55e,Routine baseline monitoring. Safe terrain condition.
CELL_MEG_0919,25.42321,89.84733,1,Garo Hills Block,25.0,31.3,0.0081,0.6284,0.0051,Level 1: Green,Low / Normal Baseline Monitoring,#22c55e,Routine baseline monitoring. Safe terrain condition.
CELL_MEG_0920,25.37358,91.42364,2,West Khasi Block,1080.7,22.6,0.1286,0.6284,0.0808,Level 1: Green,Low / Normal Baseline Monitoring,#22c55e,Routine baseline monitoring. Safe terrain condition.
CELL_MEG_0921,25.19202,91.01512,2,West Khasi Block,520.0,23.4,0.0181,0.6284,0.0114,Level 1: Green,Low / Normal Baseline Monitoring,#22c55e,Routine baseline monitoring. Safe terrain condition.
CELL_MEG_0922,25.71806,91.94553,4,Ri-Bhoi Block,1627.9,24.7,0.0451,0.6284,0.0284,Level 1: Green,Low / Normal Baseline Monitoring,#22c55e,Routine baseline monitoring. Safe terrain condition.
CELL_MEG_0923,25.81505,91.04778,4,Ri-Bhoi Block,656.6,26.1,0.0171,0.6284,0.0108,Level 1: Green,Low / Normal Baseline Monitoring,#22c55e,Routine baseline monitoring. Safe terrain condition.
CELL_MEG_0924,25.55004,89.86798,1,Garo Hills Block,114.9,18.4,0.0338,0.6284,0.0212,Level 1: Green,Low / Normal Baseline Monitoring,#22c55e,Routine baseline monitoring. Safe terrain condition.
CELL_MEG_0925,25.04369,91.55985,2,West Khasi Block,1089.4,29.8,0.0344,0.6284,0.0216,Level 1: Green,Low / Normal Baseline Monitoring,#22c55e,Routine baseline monitoring. Safe terrain condition.
CELL_MEG_0926,25.30551,90.00043,1,Garo Hills Block,71.0,23.1,0.0237,0.6284,0.0149,Level 1: Green,Low / Normal Baseline Monitoring,#22c55e,Routine baseline monitoring. Safe terrain condition.
CELL_MEG_0927,25.92219,90.86071,1,Garo Hills Block,329.5,28.9,0.0859,0.6284,0.054,Level 1: Green,Low / Normal Baseline Monitoring,#22c55e,Routine baseline monitoring. Safe terrain condition.
CELL_MEG_0928,25.23093,91.17252,2,West Khasi Block,782.4,30.8,0.0129,0.6284,0.0081,Level 1: Green,Low / Normal Baseline Monitoring,#22c55e,Routine baseline monitoring. Safe terrain condition.
CELL_MEG_0929,25.06711,92.19418,5,Jaintia Hills Block,1123.5,30.1,0.0468,0.6284,0.0294,Level 1: Green,Low / Normal Baseline Monitoring,#22c55e,Routine baseline monitoring. Safe terrain condition.
CELL_MEG_0930,25.27458,91.3774,2,West Khasi Block,1064.3,32.5,0.0212,0.6284,0.0133,Level 1: Green,Low / Normal Baseline Monitoring,#22c55e,Routine baseline monitoring. Safe terrain condition.
CELL_MEG_0931,25.64515,91.93784,3,East Khasi Block,1731.6,32.9,0.0654,0.6284,0.0411,Level 1: Green,Low / Normal Baseline Monitoring,#22c55e,Routine baseline monitoring. Safe terrain condition.
CELL_MEG_0932,25.59007,91.92208,3,East Khasi Block,1749.5,26.3,0.0766,0.6284,0.0482,Level 1: Green,Low / Normal Baseline Monitoring,#22c55e,Routine baseline monitoring. Safe terrain condition.
CELL_MEG_0933,25.31528,89.94284,1,Garo Hills Block,57.0,16.2,0.0887,0.6284,0.0557,Level 1: Green,Low / Normal Baseline Monitoring,#22c55e,Routine baseline monitoring. Safe terrain condition.
CELL_MEG_0934,25.13449,91.55702,2,West Khasi Block,1110.5,18.1,0.0652,0.6284,0.041,Level 1: Green,Low / Normal Baseline Monitoring,#22c55e,Routine baseline monitoring. Safe terrain condition.
CELL_MEG_0935,25.843,91.52838,4,Ri-Bhoi Block,1162.0,25.9,0.0647,0.6284,0.0407,Level 1: Green,Low / Normal Baseline Monitoring,#22c55e,Routine baseline monitoring. Safe terrain condition.
CELL_MEG_0936,25.38021,91.86765,3,East Khasi Block,1685.0,26.7,0.0705,0.6284,0.0443,Level 1: Green,Low / Normal Baseline Monitoring,#22c55e,Routine baseline monitoring. Safe terrain condition.
CELL_MEG_0937,25.69885,92.8123,4,Ri-Bhoi Block,601.2,21.8,0.0301,0.6284,0.0189,Level 1: Green,Low / Normal Baseline Monitoring,#22c55e,Routine baseline monitoring. Safe terrain condition.
CELL_MEG_0938,25.43956,91.51314,2,West Khasi Block,1317.1,26.1,0.0306,0.6284,0.0192,Level 1: Green,Low / Normal Baseline Monitoring,#22c55e,Routine baseline monitoring. Safe terrain condition.
CELL_MEG_0939,25.48688,91.66121,3,East Khasi Block,1537.6,30.8,0.095,0.6284,0.0597,Level 1: Green,Low / Normal Baseline Monitoring,#22c55e,Routine baseline monitoring. Safe terrain condition.
CELL_MEG_0940,25.17547,92.10661,5,Jaintia Hills Block,1262.8,25.5,0.0481,0.6284,0.0302,Level 1: Green,Low / Normal Baseline Monitoring,#22c55e,Routine baseline monitoring. Safe terrain condition.
CELL_MEG_0941,25.14059,91.24055,2,West Khasi Block,775.1,14.2,0.0778,0.6284,0.0489,Level 1: Green,Low / Normal Baseline Monitoring,#22c55e,Routine baseline monitoring. Safe terrain condition.
CELL_MEG_0942,25.99917,91.17868,4,Ri-Bhoi Block,673.8,20.2,0.0464,0.6284,0.0292,Level 1: Green,Low / Normal Baseline Monitoring,#22c55e,Routine baseline monitoring. Safe terrain condition.
CELL_MEG_0943,25.60911,90.66063,1,Garo Hills Block,148.5,24.4,0.0306,0.6284,0.0192,Level 1: Green,Low / Normal Baseline Monitoring,#22c55e,Routine baseline monitoring. Safe terrain condition.
CELL_MEG_0944,25.15009,91.96651,3,East Khasi Block,1275.1,18.7,0.1018,0.6284,0.064,Level 1: Green,Low / Normal Baseline Monitoring,#22c55e,Routine baseline monitoring. Safe terrain condition.
CELL_MEG_0945,25.96261,90.11231,1,Garo Hills Block,25.0,20.6,0.0309,0.6284,0.0194,Level 1: Green,Low / Normal Baseline Monitoring,#22c55e,Routine baseline monitoring. Safe terrain condition.
CELL_MEG_0946,25.50872,92.00293,5,Jaintia Hills Block,1717.4,18.9,0.1523,0.6284,0.0957,Level 2: Yellow,Advisory / Early Warning Watch,#eab308,Advisory notice. Maintenance standby and slope drainage watch.
CELL_MEG_0947,25.16629,91.10537,2,West Khasi Block,692.6,26.8,0.0182,0.6284,0.0114,Level 1: Green,Low / Normal Baseline Monitoring,#22c55e,Routine baseline monitoring. Safe terrain condition.
CELL_MEG_0948,25.9009,92.39976,4,Ri-Bhoi Block,993.3,32.6,0.0208,0.6284,0.0131,Level 1: Green,Low / Normal Baseline Monitoring,#22c55e,Routine baseline monitoring. Safe terrain condition.
CELL_MEG_0949,25.61217,91.901,3,East Khasi Block,1771.7,31.3,0.0562,0.6284,0.0353,Level 1: Green,Low / Normal Baseline Monitoring,#22c55e,Routine baseline monitoring. Safe terrain condition.
CELL_MEG_0950,26.09512,92.27017,4,Ri-Bhoi Block,902.3,25.2,0.0351,0.6284,0.0221,Level 1: Green,Low / Normal Baseline Monitoring,#22c55e,Routine baseline monitoring. Safe terrain condition.
CELL_MEG_0951,25.31998,90.05377,1,Garo Hills Block,73.3,25.2,0.0164,0.6284,0.0103,Level 1: Green,Low / Normal Baseline Monitoring,#22c55e,Routine baseline monitoring. Safe terrain condition.
CELL_MEG_0952,25.89466,92.62581,4,Ri-Bhoi Block,719.8,30.6,0.026,0.6284,0.0163,Level 1: Green,Low / Normal Baseline Monitoring,#22c55e,Routine baseline monitoring. Safe terrain condition.
CELL_MEG_0953,25.04692,91.1321,2,West Khasi Block,515.0,34.1,0.0273,0.6284,0.0171,Level 1: Green,Low / Normal Baseline Monitoring,#22c55e,Routine baseline monitoring. Safe terrain condition.
CELL_MEG_0954,25.72336,90.81615,1,Garo Hills Block,289.4,26.3,0.0249,0.6284,0.0157,Level 1: Green,Low / Normal Baseline Monitoring,#22c55e,Routine baseline monitoring. Safe terrain condition.
CELL_MEG_0955,25.19196,91.01245,2,West Khasi Block,512.5,23.1,0.0484,0.6284,0.0304,Level 1: Green,Low / Normal Baseline Monitoring,#22c55e,Routine baseline monitoring. Safe terrain condition.
CELL_MEG_0956,25.04325,91.4412,2,West Khasi Block,835.7,29.5,0.02,0.6284,0.0126,Level 1: Green,Low / Normal Baseline Monitoring,#22c55e,Routine baseline monitoring. Safe terrain condition.
CELL_MEG_0957,25.22947,92.47718,5,Jaintia Hills Block,849.0,31.2,0.1233,0.6284,0.0775,Level 1: Green,Low / Normal Baseline Monitoring,#22c55e,Routine baseline monitoring. Safe terrain condition.
CELL_MEG_0958,25.57308,91.72775,3,East Khasi Block,1683.2,16.7,0.3575,0.6284,0.2246,Level 3: Orange,Warning / Heightened Hazard Alert,#f97316,Heightened warning. Travel caution and heavy transport limits.
CELL_MEG_0959,25.50165,91.90168,3,East Khasi Block,1701.8,29.4,0.1556,0.6284,0.0978,Level 2: Yellow,Advisory / Early Warning Watch,#eab308,Advisory notice. Maintenance standby and slope drainage watch.
CELL_MEG_0960,25.07495,90.79715,1,Garo Hills Block,117.2,28.1,0.0132,0.6284,0.0083,Level 1: Green,Low / Normal Baseline Monitoring,#22c55e,Routine baseline monitoring. Safe terrain condition.
CELL_MEG_0961,25.10815,91.34293,2,West Khasi Block,875.4,24.7,0.0414,0.6284,0.026,Level 1: Green,Low / Normal Baseline Monitoring,#22c55e,Routine baseline monitoring. Safe terrain condition.
CELL_MEG_0962,25.47052,91.89967,3,East Khasi Block,1697.2,34.5,0.1743,0.6284,0.1095,Level 2: Yellow,Advisory / Early Warning Watch,#eab308,Advisory notice. Maintenance standby and slope drainage watch.
CELL_MEG_0963,25.95324,92.75995,4,Ri-Bhoi Block,499.7,17.8,0.1586,0.6284,0.0996,Level 2: Yellow,Advisory / Early Warning Watch,#eab308,Advisory notice. Maintenance standby and slope drainage watch.
CELL_MEG_0964,25.08289,91.49414,2,West Khasi Block,995.0,19.6,0.0421,0.6284,0.0265,Level 1: Green,Low / Normal Baseline Monitoring,#22c55e,Routine baseline monitoring. Safe terrain condition.
CELL_MEG_0965,25.63316,91.8098,3,East Khasi Block,1694.6,27.7,0.1442,0.6284,0.0906,Level 1: Green,Low / Normal Baseline Monitoring,#22c55e,Routine baseline monitoring. Safe terrain condition.
CELL_MEG_0966,25.18813,90.34681,1,Garo Hills Block,25.0,29.6,0.0238,0.6284,0.015,Level 1: Green,Low / Normal Baseline Monitoring,#22c55e,Routine baseline monitoring. Safe terrain condition.
CELL_MEG_0967,25.98691,92.64052,4,Ri-Bhoi Block,559.9,22.9,0.0224,0.6284,0.0141,Level 1: Green,Low / Normal Baseline Monitoring,#22c55e,Routine baseline monitoring. Safe terrain condition.
CELL_MEG_0968,25.78515,90.95172,1,Garo Hills Block,470.0,16.3,0.029,0.6284,0.0182,Level 1: Green,Low / Normal Baseline Monitoring,#22c55e,Routine baseline monitoring. Safe terrain condition.
CELL_MEG_0969,26.0891,91.4625,4,Ri-Bhoi Block,910.9,27.3,0.0144,0.6284,0.009,Level 1: Green,Low / Normal Baseline Monitoring,#22c55e,Routine baseline monitoring. Safe terrain condition.
CELL_MEG_0970,25.44405,91.76402,3,East Khasi Block,1626.0,26.0,0.0767,0.6284,0.0482,Level 1: Green,Low / Normal Baseline Monitoring,#22c55e,Routine baseline monitoring. Safe terrain condition.
CELL_MEG_0971,25.98626,91.14008,4,Ri-Bhoi Block,582.7,23.1,0.0211,0.6284,0.0133,Level 1: Green,Low / Normal Baseline Monitoring,#22c55e,Routine baseline monitoring. Safe terrain condition.
CELL_MEG_0972,25.07122,92.03873,5,Jaintia Hills Block,1065.3,22.0,0.0267,0.6284,0.0168,Level 1: Green,Low / Normal Baseline Monitoring,#22c55e,Routine baseline monitoring. Safe terrain condition.
CELL_MEG_0973,25.423,92.76908,5,Jaintia Hills Block,603.1,26.5,0.04,0.6284,0.0252,Level 1: Green,Low / Normal Baseline Monitoring,#22c55e,Routine baseline monitoring. Safe terrain condition.
CELL_MEG_0974,25.0551,91.67615,3,East Khasi Block,1067.3,31.3,0.0471,0.6284,0.0296,Level 1: Green,Low / Normal Baseline Monitoring,#22c55e,Routine baseline monitoring. Safe terrain condition.
CELL_MEG_0975,25.41886,89.98657,1,Garo Hills Block,86.6,28.2,0.0261,0.6284,0.0164,Level 1: Green,Low / Normal Baseline Monitoring,#22c55e,Routine baseline monitoring. Safe terrain condition.
CELL_MEG_0976,25.44054,91.80898,3,East Khasi Block,1666.5,28.9,0.0693,0.6284,0.0435,Level 1: Green,Low / Normal Baseline Monitoring,#22c55e,Routine baseline monitoring. Safe terrain condition.
CELL_MEG_0977,25.30383,91.60865,3,East Khasi Block,1356.1,26.9,0.0736,0.6284,0.0463,Level 1: Green,Low / Normal Baseline Monitoring,#22c55e,Routine baseline monitoring. Safe terrain condition.
CELL_MEG_0978,25.5122,90.9924,1,Garo Hills Block,553.1,18.1,0.1458,0.6284,0.0916,Level 1: Green,Low / Normal Baseline Monitoring,#22c55e,Routine baseline monitoring. Safe terrain condition.
CELL_MEG_0979,25.15493,89.84353,1,Garo Hills Block,81.2,22.5,0.0194,0.6284,0.0122,Level 1: Green,Low / Normal Baseline Monitoring,#22c55e,Routine baseline monitoring. Safe terrain condition.
CELL_MEG_0980,25.58131,92.18993,5,Jaintia Hills Block,1378.5,24.4,0.056,0.6284,0.0352,Level 1: Green,Low / Normal Baseline Monitoring,#22c55e,Routine baseline monitoring. Safe terrain condition.
CELL_MEG_0981,25.0426,92.2066,5,Jaintia Hills Block,1087.9,31.9,0.0886,0.6284,0.0557,Level 1: Green,Low / Normal Baseline Monitoring,#22c55e,Routine baseline monitoring. Safe terrain condition.
CELL_MEG_0982,25.16562,91.68307,3,East Khasi Block,1272.1,23.1,0.0329,0.6284,0.0207,Level 1: Green,Low / Normal Baseline Monitoring,#22c55e,Routine baseline monitoring. Safe terrain condition.
CELL_MEG_0983,25.4958,90.87587,1,Garo Hills Block,434.7,29.3,0.036,0.6284,0.0226,Level 1: Green,Low / Normal Baseline Monitoring,#22c55e,Routine baseline monitoring. Safe terrain condition.
CELL_MEG_0984,25.52361,90.03328,1,Garo Hills Block,25.0,25.1,0.0513,0.6284,0.0322,Level 1: Green,Low / Normal Baseline Monitoring,#22c55e,Routine baseline monitoring. Safe terrain condition.
CELL_MEG_0985,25.04228,91.00906,2,West Khasi Block,468.6,27.0,0.0243,0.6284,0.0153,Level 1: Green,Low / Normal Baseline Monitoring,#22c55e,Routine baseline monitoring. Safe terrain condition.
CELL_MEG_0986,26.00812,92.13381,4,Ri-Bhoi Block,1127.7,26.9,0.0135,0.6284,0.0085,Level 1: Green,Low / Normal Baseline Monitoring,#22c55e,Routine baseline monitoring. Safe terrain condition.
CELL_MEG_0987,25.63974,92.78614,5,Jaintia Hills Block,607.2,25.9,0.0427,0.6284,0.0268,Level 1: Green,Low / Normal Baseline Monitoring,#22c55e,Routine baseline monitoring. Safe terrain condition.
CELL_MEG_0988,25.60784,91.88421,3,East Khasi Block,1775.3,30.6,0.0409,0.6284,0.0257,Level 1: Green,Low / Normal Baseline Monitoring,#22c55e,Routine baseline monitoring. Safe terrain condition.
CELL_MEG_0989,25.67381,90.18817,1,Garo Hills Block,25.0,25.2,0.0208,0.6284,0.0131,Level 1: Green,Low / Normal Baseline Monitoring,#22c55e,Routine baseline monitoring. Safe terrain condition.
CELL_MEG_0990,25.39474,89.85825,1,Garo Hills Block,25.0,25.6,0.0176,0.6284,0.011,Level 1: Green,Low / Normal Baseline Monitoring,#22c55e,Routine baseline monitoring. Safe terrain condition.
CELL_MEG_0991,25.49479,91.90741,3,East Khasi Block,1697.6,30.4,0.1625,0.6284,0.1021,Level 2: Yellow,Advisory / Early Warning Watch,#eab308,Advisory notice. Maintenance standby and slope drainage watch.
CELL_MEG_0992,26.06221,90.78826,1,Garo Hills Block,139.9,31.7,0.0161,0.6284,0.0101,Level 1: Green,Low / Normal Baseline Monitoring,#22c55e,Routine baseline monitoring. Safe terrain condition.
CELL_MEG_0993,25.04595,91.82067,3,East Khasi Block,1152.2,29.5,0.0514,0.6284,0.0323,Level 1: Green,Low / Normal Baseline Monitoring,#22c55e,Routine baseline monitoring. Safe terrain condition.
CELL_MEG_0994,25.47206,91.23888,2,West Khasi Block,909.6,24.4,0.0552,0.6284,0.0347,Level 1: Green,Low / Normal Baseline Monitoring,#22c55e,Routine baseline monitoring. Safe terrain condition.
CELL_MEG_0995,25.31668,92.8029,5,Jaintia Hills Block,552.6,15.7,0.0716,0.6284,0.045,Level 1: Green,Low / Normal Baseline Monitoring,#22c55e,Routine baseline monitoring. Safe terrain condition.
CELL_MEG_0996,25.22889,92.10077,5,Jaintia Hills Block,1344.7,32.3,0.0417,0.6284,0.0262,Level 1: Green,Low / Normal Baseline Monitoring,#22c55e,Routine baseline monitoring. Safe terrain condition.
CELL_MEG_0997,25.39613,92.35808,5,Jaintia Hills Block,1075.0,26.3,0.0256,0.6284,0.0161,Level 1: Green,Low / Normal Baseline Monitoring,#22c55e,Routine baseline monitoring. Safe terrain condition.
CELL_MEG_0998,25.86872,91.07919,4,Ri-Bhoi Block,704.2,35.0,0.0401,0.6284,0.0252,Level 1: Green,Low / Normal Baseline Monitoring,#22c55e,Routine baseline monitoring. Safe terrain condition.
CELL_MEG_0999,25.62038,92.27884,5,Jaintia Hills Block,1286.0,22.9,0.1112,0.6284,0.0699,Level 1: Green,Low / Normal Baseline Monitoring,#22c55e,Routine baseline monitoring. Safe terrain condition.
CELL_MEG_1000,25.06943,91.39467,2,West Khasi Block,823.2,30.9,0.0263,0.6284,0.0165,Level 1: Green,Low / Normal Baseline Monitoring,#22c55e,Routine baseline monitoring. Safe terrain condition.
CELL_MEG_1001,26.01811,92.69185,4,Ri-Bhoi Block,464.1,28.8,0.0847,0.6284,0.0532,Level 1: Green,Low / Normal Baseline Monitoring,#22c55e,Routine baseline monitoring. Safe terrain condition.
CELL_MEG_1002,25.16782,92.23087,5,Jaintia Hills Block,1075.6,20.6,0.0537,0.6284,0.0337,Level 1: Green,Low / Normal Baseline Monitoring,#22c55e,Routine baseline monitoring. Safe terrain condition.
CELL_MEG_1003,25.98532,91.00013,4,Ri-Bhoi Block,519.0,15.4,0.039,0.6284,0.0245,Level 1: Green,Low / Normal Baseline Monitoring,#22c55e,Routine baseline monitoring. Safe terrain condition.
CELL_MEG_1004,25.29603,91.68707,3,East Khasi Block,1397.3,24.9,0.2846,0.6284,0.1788,Level 3: Orange,Warning / Heightened Hazard Alert,#f97316,Heightened warning. Travel caution and heavy transport limits.
CELL_MEG_1005,25.84886,92.29284,4,Ri-Bhoi Block,1150.7,25.4,0.0209,0.6284,0.0131,Level 1: Green,Low / Normal Baseline Monitoring,#22c55e,Routine baseline monitoring. Safe terrain condition.
CELL_MEG_1006,25.19204,91.09858,2,West Khasi Block,724.6,31.2,0.0206,0.6284,0.0129,Level 1: Green,Low / Normal Baseline Monitoring,#22c55e,Routine baseline monitoring. Safe terrain condition.
CELL_MEG_1007,25.94505,90.66343,1,Garo Hills Block,95.9,18.9,0.0227,0.6284,0.0142,Level 1: Green,Low / Normal Baseline Monitoring,#22c55e,Routine baseline monitoring. Safe terrain condition.
CELL_MEG_1008,25.15381,90.73992,1,Garo Hills Block,177.8,16.1,0.0131,0.6284,0.0082,Level 1: Green,Low / Normal Baseline Monitoring,#22c55e,Routine baseline monitoring. Safe terrain condition.
CELL_MEG_1009,25.5367,90.11067,1,Garo Hills Block,85.5,21.2,0.0142,0.6284,0.0089,Level 1: Green,Low / Normal Baseline Monitoring,#22c55e,Routine baseline monitoring. Safe terrain condition.
CELL_MEG_1010,25.06207,91.82276,3,East Khasi Block,1178.4,27.7,0.0561,0.6284,0.0353,Level 1: Green,Low / Normal Baseline Monitoring,#22c55e,Routine baseline monitoring. Safe terrain condition.
CELL_MEG_1011,25.9662,91.96926,4,Ri-Bhoi Block,1255.3,17.6,0.2183,0.6284,0.1372,Level 2: Yellow,Advisory / Early Warning Watch,#eab308,Advisory notice. Maintenance standby and slope drainage watch.
CELL_MEG_1012,25.86773,92.8281,4,Ri-Bhoi Block,378.7,26.6,0.0723,0.6284,0.0454,Level 1: Green,Low / Normal Baseline Monitoring,#22c55e,Routine baseline monitoring. Safe terrain condition.
CELL_MEG_1013,25.09593,89.86129,1,Garo Hills Block,25.0,22.5,0.0236,0.6284,0.0148,Level 1: Green,Low / Normal Baseline Monitoring,#22c55e,Routine baseline monitoring. Safe terrain condition.
CELL_MEG_1014,25.37802,91.98055,3,East Khasi Block,1553.8,19.5,0.084,0.6284,0.0528,Level 1: Green,Low / Normal Baseline Monitoring,#22c55e,Routine baseline monitoring. Safe terrain condition.
CELL_MEG_1015,25.02509,91.98821,3,East Khasi Block,1074.5,27.6,0.0188,0.6284,0.0118,Level 1: Green,Low / Normal Baseline Monitoring,#22c55e,Routine baseline monitoring. Safe terrain condition.
CELL_MEG_1016,25.13298,92.13354,5,Jaintia Hills Block,1166.7,23.4,0.2551,0.6284,0.1603,Level 3: Orange,Warning / Heightened Hazard Alert,#f97316,Heightened warning. Travel caution and heavy transport limits.
CELL_MEG_1017,25.51222,91.96011,3,East Khasi Block,1709.7,22.4,0.5483,0.6284,0.3446,Level 3: Orange,Warning / Heightened Hazard Alert,#f97316,Heightened warning. Travel caution and heavy transport limits.
CELL_MEG_1018,25.044,90.98373,1,Garo Hills Block,473.1,25.4,0.031,0.6284,0.0195,Level 1: Green,Low / Normal Baseline Monitoring,#22c55e,Routine baseline monitoring. Safe terrain condition.
CELL_MEG_1019,25.4889,91.69466,3,East Khasi Block,1621.0,26.9,0.1434,0.6284,0.0901,Level 1: Green,Low / Normal Baseline Monitoring,#22c55e,Routine baseline monitoring. Safe terrain condition.
CELL_MEG_1020,25.78267,91.00474,4,Ri-Bhoi Block,566.3,16.4,0.0456,0.6284,0.0287,Level 1: Green,Low / Normal Baseline Monitoring,#22c55e,Routine baseline monitoring. Safe terrain condition.
CELL_MEG_1021,25.76894,91.54758,4,Ri-Bhoi Block,1281.7,17.2,0.0917,0.6284,0.0576,Level 1: Green,Low / Normal Baseline Monitoring,#22c55e,Routine baseline monitoring. Safe terrain condition.
CELL_MEG_1022,25.03059,91.44534,2,West Khasi Block,835.4,29.6,0.0205,0.6284,0.0129,Level 1: Green,Low / Normal Baseline Monitoring,#22c55e,Routine baseline monitoring. Safe terrain condition.
CELL_MEG_1023,25.64206,91.05249,2,West Khasi Block,656.4,31.9,0.0709,0.6284,0.0445,Level 1: Green,Low / Normal Baseline Monitoring,#22c55e,Routine baseline monitoring. Safe terrain condition.
CELL_MEG_1024,25.07874,90.54984,1,Garo Hills Block,35.2,28.8,0.0177,0.6284,0.0111,Level 1: Green,Low / Normal Baseline Monitoring,#22c55e,Routine baseline monitoring. Safe terrain condition.
CELL_MEG_1025,26.05902,92.74462,4,Ri-Bhoi Block,439.5,30.0,0.0302,0.6284,0.019,Level 1: Green,Low / Normal Baseline Monitoring,#22c55e,Routine baseline monitoring. Safe terrain condition.
CELL_MEG_1026,25.88137,90.9434,1,Garo Hills Block,402.5,26.8,0.0194,0.6284,0.0122,Level 1: Green,Low / Normal Baseline Monitoring,#22c55e,Routine baseline monitoring. Safe terrain condition.
CELL_MEG_1027,26.0856,92.3177,4,Ri-Bhoi Block,892.5,27.2,0.0361,0.6284,0.0227,Level 1: Green,Low / Normal Baseline Monitoring,#22c55e,Routine baseline monitoring. Safe terrain condition.
CELL_MEG_1028,25.11825,90.62916,1,Garo Hills Block,69.1,21.8,0.0241,0.6284,0.0151,Level 1: Green,Low / Normal Baseline Monitoring,#22c55e,Routine baseline monitoring. Safe terrain condition.
CELL_MEG_1029,25.97995,91.83154,4,Ri-Bhoi Block,1273.3,19.9,0.1618,0.6284,0.1017,Level 2: Yellow,Advisory / Early Warning Watch,#eab308,Advisory notice. Maintenance standby and slope drainage watch.
CELL_MEG_1030,25.24253,91.04163,2,West Khasi Block,618.9,31.0,0.0517,0.6284,0.0325,Level 1: Green,Low / Normal Baseline Monitoring,#22c55e,Routine baseline monitoring. Safe terrain condition.
CELL_MEG_1031,25.13013,92.09996,5,Jaintia Hills Block,1184.1,20.4,0.1042,0.6284,0.0655,Level 1: Green,Low / Normal Baseline Monitoring,#22c55e,Routine baseline monitoring. Safe terrain condition.
CELL_MEG_1032,25.97772,92.14837,4,Ri-Bhoi Block,1175.5,24.1,0.0171,0.6284,0.0107,Level 1: Green,Low / Normal Baseline Monitoring,#22c55e,Routine baseline monitoring. Safe terrain condition.
CELL_MEG_1033,25.43527,89.88695,1,Garo Hills Block,30.6,27.9,0.015,0.6284,0.0094,Level 1: Green,Low / Normal Baseline Monitoring,#22c55e,Routine baseline monitoring. Safe terrain condition.
CELL_MEG_1034,25.09602,91.7803,3,East Khasi Block,1164.6,17.8,0.0281,0.6284,0.0177,Level 1: Green,Low / Normal Baseline Monitoring,#22c55e,Routine baseline monitoring. Safe terrain condition.
CELL_MEG_1035,25.46699,92.73326,5,Jaintia Hills Block,664.1,31.0,0.1513,0.6284,0.0951,Level 2: Yellow,Advisory / Early Warning Watch,#eab308,Advisory notice. Maintenance standby and slope drainage watch.
CELL_MEG_1036,25.60499,91.92621,3,East Khasi Block,1750.8,28.6,0.0642,0.6284,0.0403,Level 1: Green,Low / Normal Baseline Monitoring,#22c55e,Routine baseline monitoring. Safe terrain condition.
CELL_MEG_1037,26.09722,91.40556,4,Ri-Bhoi Block,870.7,32.8,0.023,0.6284,0.0144,Level 1: Green,Low / Normal Baseline Monitoring,#22c55e,Routine baseline monitoring. Safe terrain condition.
CELL_MEG_1038,25.37511,90.68381,1,Garo Hills Block,204.6,17.9,0.0149,0.6284,0.0093,Level 1: Green,Low / Normal Baseline Monitoring,#22c55e,Routine baseline monitoring. Safe terrain condition.
CELL_MEG_1039,25.33732,91.89694,3,East Khasi Block,1620.1,24.0,0.0622,0.6284,0.0391,Level 1: Green,Low / Normal Baseline Monitoring,#22c55e,Routine baseline monitoring. Safe terrain condition.
CELL_MEG_1040,25.72654,91.10944,4,Ri-Bhoi Block,689.2,26.9,0.2715,0.6284,0.1706,Level 3: Orange,Warning / Heightened Hazard Alert,#f97316,Heightened warning. Travel caution and heavy transport limits.
CELL_MEG_1041,25.1862,89.83745,1,Garo Hills Block,117.3,28.0,0.0224,0.6284,0.0141,Level 1: Green,Low / Normal Baseline Monitoring,#22c55e,Routine baseline monitoring. Safe terrain condition.
CELL_MEG_1042,25.2655,92.23043,5,Jaintia Hills Block,1183.1,27.6,0.2752,0.6284,0.1729,Level 3: Orange,Warning / Heightened Hazard Alert,#f97316,Heightened warning. Travel caution and heavy transport limits.
CELL_MEG_1043,25.44381,91.56266,2,West Khasi Block,1386.5,30.8,0.0254,0.6284,0.0159,Level 1: Green,Low / Normal Baseline Monitoring,#22c55e,Routine baseline monitoring. Safe terrain condition.
CELL_MEG_1044,25.13092,91.41636,2,West Khasi Block,972.0,21.0,0.1029,0.6284,0.0647,Level 1: Green,Low / Normal Baseline Monitoring,#22c55e,Routine baseline monitoring. Safe terrain condition.
CELL_MEG_1045,25.19079,91.9085,3,East Khasi Block,1272.0,30.6,0.0647,0.6284,0.0406,Level 1: Green,Low / Normal Baseline Monitoring,#22c55e,Routine baseline monitoring. Safe terrain condition.
CELL_MEG_1046,25.18517,91.93957,3,East Khasi Block,1290.2,27.1,0.0459,0.6284,0.0289,Level 1: Green,Low / Normal Baseline Monitoring,#22c55e,Routine baseline monitoring. Safe terrain condition.
CELL_MEG_1047,25.38087,91.30718,2,West Khasi Block,1066.4,23.2,0.2298,0.6284,0.1444,Level 2: Yellow,Advisory / Early Warning Watch,#eab308,Advisory notice. Maintenance standby and slope drainage watch.
CELL_MEG_1048,25.57571,91.77036,3,East Khasi Block,1726.7,15.6,0.2703,0.6284,0.1699,Level 3: Orange,Warning / Heightened Hazard Alert,#f97316,Heightened warning. Travel caution and heavy transport limits.
CELL_MEG_1049,25.96493,92.37065,4,Ri-Bhoi Block,882.8,21.5,0.024,0.6284,0.0151,Level 1: Green,Low / Normal Baseline Monitoring,#22c55e,Routine baseline monitoring. Safe terrain condition.
CELL_MEG_1050,25.29812,91.62283,3,East Khasi Block,1354.7,28.4,0.0759,0.6284,0.0477,Level 1: Green,Low / Normal Baseline Monitoring,#22c55e,Routine baseline monitoring. Safe terrain condition.
CELL_MEG_1051,25.76061,91.07512,4,Ri-Bhoi Block,684.6,22.7,0.0389,0.6284,0.0245,Level 1: Green,Low / Normal Baseline Monitoring,#22c55e,Routine baseline monitoring. Safe terrain condition.
CELL_MEG_1052,25.98359,92.01197,4,Ri-Bhoi Block,1154.5,14.6,0.062,0.6284,0.039,Level 1: Green,Low / Normal Baseline Monitoring,#22c55e,Routine baseline monitoring. Safe terrain condition.
CELL_MEG_1053,25.12559,89.84458,1,Garo Hills Block,33.0,21.2,0.0181,0.6284,0.0113,Level 1: Green,Low / Normal Baseline Monitoring,#22c55e,Routine baseline monitoring. Safe terrain condition.
CELL_MEG_1054,25.20072,90.63647,1,Garo Hills Block,25.0,29.1,0.021,0.6284,0.0132,Level 1: Green,Low / Normal Baseline Monitoring,#22c55e,Routine baseline monitoring. Safe terrain condition.
CELL_MEG_1055,25.62744,91.59656,2,West Khasi Block,1474.3,32.4,0.04,0.6284,0.0251,Level 1: Green,Low / Normal Baseline Monitoring,#22c55e,Routine baseline monitoring. Safe terrain condition.
CELL_MEG_1056,25.12466,91.38294,2,West Khasi Block,924.1,23.9,0.108,0.6284,0.0679,Level 1: Green,Low / Normal Baseline Monitoring,#22c55e,Routine baseline monitoring. Safe terrain condition.
CELL_MEG_1057,25.05103,90.00161,1,Garo Hills Block,129.4,30.6,0.0175,0.6284,0.011,Level 1: Green,Low / Normal Baseline Monitoring,#22c55e,Routine baseline monitoring. Safe terrain condition.
CELL_MEG_1058,25.03594,91.56489,2,West Khasi Block,1082.8,30.9,0.029,0.6284,0.0182,Level 1: Green,Low / Normal Baseline Monitoring,#22c55e,Routine baseline monitoring. Safe terrain condition.
CELL_MEG_1059,25.51751,91.25543,2,West Khasi Block,891.5,17.4,0.0406,0.6284,0.0255,Level 1: Green,Low / Normal Baseline Monitoring,#22c55e,Routine baseline monitoring. Safe terrain condition.
CELL_MEG_1060,25.11352,92.06256,5,Jaintia Hills Block,1157.0,17.1,0.0882,0.6284,0.0554,Level 1: Green,Low / Normal Baseline Monitoring,#22c55e,Routine baseline monitoring. Safe terrain condition.
CELL_MEG_1061,26.01762,92.68801,4,Ri-Bhoi Block,467.2,28.9,0.1188,0.6284,0.0746,Level 1: Green,Low / Normal Baseline Monitoring,#22c55e,Routine baseline monitoring. Safe terrain condition.
CELL_MEG_1062,25.15771,91.47592,2,West Khasi Block,1079.6,16.4,0.0235,0.6284,0.0148,Level 1: Green,Low / Normal Baseline Monitoring,#22c55e,Routine baseline monitoring. Safe terrain condition.
CELL_MEG_1063,26.02293,92.56046,4,Ri-Bhoi Block,740.5,20.3,0.0582,0.6284,0.0366,Level 1: Green,Low / Normal Baseline Monitoring,#22c55e,Routine baseline monitoring. Safe terrain condition.
CELL_MEG_1064,25.23524,91.81435,3,East Khasi Block,1397.9,29.6,0.0575,0.6284,0.0361,Level 1: Green,Low / Normal Baseline Monitoring,#22c55e,Routine baseline monitoring. Safe terrain condition.
CELL_MEG_1065,25.78939,92.23562,4,Ri-Bhoi Block,1212.1,19.1,0.0303,0.6284,0.019,Level 1: Green,Low / Normal Baseline Monitoring,#22c55e,Routine baseline monitoring. Safe terrain condition.
CELL_MEG_1066,25.95026,92.68085,4,Ri-Bhoi Block,545.8,25.1,0.0208,0.6284,0.0131,Level 1: Green,Low / Normal Baseline Monitoring,#22c55e,Routine baseline monitoring. Safe terrain condition.
CELL_MEG_1067,25.03852,91.14564,2,West Khasi Block,540.1,33.6,0.0235,0.6284,0.0147,Level 1: Green,Low / Normal Baseline Monitoring,#22c55e,Routine baseline monitoring. Safe terrain condition.
CELL_MEG_1068,25.17231,91.6993,3,East Khasi Block,1309.9,22.3,0.034,0.6284,0.0214,Level 1: Green,Low / Normal Baseline Monitoring,#22c55e,Routine baseline monitoring. Safe terrain condition.
CELL_MEG_1069,25.81391,90.19327,1,Garo Hills Block,106.5,20.1,0.014,0.6284,0.0088,Level 1: Green,Low / Normal Baseline Monitoring,#22c55e,Routine baseline monitoring. Safe terrain condition.
CELL_MEG_1070,25.97066,91.05261,4,Ri-Bhoi Block,515.2,20.4,0.199,0.6284,0.1251,Level 2: Yellow,Advisory / Early Warning Watch,#eab308,Advisory notice. Maintenance standby and slope drainage watch.
CELL_MEG_1071,25.98342,92.54761,4,Ri-Bhoi Block,805.4,14.4,0.054,0.6284,0.0339,Level 1: Green,Low / Normal Baseline Monitoring,#22c55e,Routine baseline monitoring. Safe terrain condition.
CELL_MEG_1072,25.11984,91.87233,3,East Khasi Block,1267.8,23.9,0.0257,0.6284,0.0161,Level 1: Green,Low / Normal Baseline Monitoring,#22c55e,Routine baseline monitoring. Safe terrain condition.
CELL_MEG_1073,25.91052,92.6618,4,Ri-Bhoi Block,657.0,31.0,0.0246,0.6284,0.0155,Level 1: Green,Low / Normal Baseline Monitoring,#22c55e,Routine baseline monitoring. Safe terrain condition.
CELL_MEG_1074,25.5223,91.69678,3,East Khasi Block,1652.4,21.0,0.2964,0.6284,0.1863,Level 3: Orange,Warning / Heightened Hazard Alert,#f97316,Heightened warning. Travel caution and heavy transport limits.
CELL_MEG_1075,25.90749,92.43816,4,Ri-Bhoi Block,923.2,31.1,0.137,0.6284,0.0861,Level 1: Green,Low / Normal Baseline Monitoring,#22c55e,Routine baseline monitoring. Safe terrain condition.
CELL_MEG_1076,25.31576,89.86066,1,Garo Hills Block,25.0,21.0,0.0196,0.6284,0.0123,Level 1: Green,Low / Normal Baseline Monitoring,#22c55e,Routine baseline monitoring. Safe terrain condition.
CELL_MEG_1077,25.77279,91.15469,4,Ri-Bhoi Block,798.9,21.4,0.0355,0.6284,0.0223,Level 1: Green,Low / Normal Baseline Monitoring,#22c55e,Routine baseline monitoring. Safe terrain condition.
CELL_MEG_1078,25.14513,91.36724,2,West Khasi Block,945.5,24.4,0.0156,0.6284,0.0098,Level 1: Green,Low / Normal Baseline Monitoring,#22c55e,Routine baseline monitoring. Safe terrain condition.
CELL_MEG_1079,26.04035,92.63504,4,Ri-Bhoi Block,553.1,30.7,0.0149,0.6284,0.0093,Level 1: Green,Low / Normal Baseline Monitoring,#22c55e,Routine baseline monitoring. Safe terrain condition.
CELL_MEG_1080,25.42382,92.1672,5,Jaintia Hills Block,1438.0,34.4,0.1197,0.6284,0.0752,Level 1: Green,Low / Normal Baseline Monitoring,#22c55e,Routine baseline monitoring. Safe terrain condition.
CELL_MEG_1081,26.0423,92.41541,4,Ri-Bhoi Block,805.9,33.3,0.0828,0.6284,0.052,Level 1: Green,Low / Normal Baseline Monitoring,#22c55e,Routine baseline monitoring. Safe terrain condition.
CELL_MEG_1082,25.29529,91.68888,3,East Khasi Block,1398.5,24.8,0.0697,0.6284,0.0438,Level 1: Green,Low / Normal Baseline Monitoring,#22c55e,Routine baseline monitoring. Safe terrain condition.
CELL_MEG_1083,25.50802,91.71373,3,East Khasi Block,1683.0,21.3,0.4993,0.6284,0.3137,Level 3: Orange,Warning / Heightened Hazard Alert,#f97316,Heightened warning. Travel caution and heavy transport limits.
CELL_MEG_1084,25.71557,91.58,4,Ri-Bhoi Block,1437.3,25.6,0.044,0.6284,0.0276,Level 1: Green,Low / Normal Baseline Monitoring,#22c55e,Routine baseline monitoring. Safe terrain condition.
CELL_MEG_1085,25.43415,89.85572,1,Garo Hills Block,25.0,31.4,0.0693,0.6284,0.0435,Level 1: Green,Low / Normal Baseline Monitoring,#22c55e,Routine baseline monitoring. Safe terrain condition.
CELL_MEG_1086,25.09026,91.37725,2,West Khasi Block,854.7,28.1,0.0229,0.6284,0.0144,Level 1: Green,Low / Normal Baseline Monitoring,#22c55e,Routine baseline monitoring. Safe terrain condition.
CELL_MEG_1087,25.72637,92.16373,4,Ri-Bhoi Block,1418.6,26.8,0.0279,0.6284,0.0175,Level 1: Green,Low / Normal Baseline Monitoring,#22c55e,Routine baseline monitoring. Safe terrain condition.
CELL_MEG_1088,25.74709,91.06869,4,Ri-Bhoi Block,664.0,22.6,0.147,0.6284,0.0923,Level 1: Green,Low / Normal Baseline Monitoring,#22c55e,Routine baseline monitoring. Safe terrain condition.
CELL_MEG_1089,25.09806,91.38889,2,West Khasi Block,871.7,26.4,0.0173,0.6284,0.0108,Level 1: Green,Low / Normal Baseline Monitoring,#22c55e,Routine baseline monitoring. Safe terrain condition.
CELL_MEG_1090,25.17431,92.07263,5,Jaintia Hills Block,1314.7,21.3,0.0525,0.6284,0.033,Level 1: Green,Low / Normal Baseline Monitoring,#22c55e,Routine baseline monitoring. Safe terrain condition.
CELL_MEG_1091,26.07485,90.62299,1,Garo Hills Block,45.6,33.8,0.0534,0.6284,0.0336,Level 1: Green,Low / Normal Baseline Monitoring,#22c55e,Routine baseline monitoring. Safe terrain condition.
CELL_MEG_1092,25.78919,92.55015,4,Ri-Bhoi Block,816.5,16.0,0.0236,0.6284,0.0148,Level 1: Green,Low / Normal Baseline Monitoring,#22c55e,Routine baseline monitoring. Safe terrain condition.
CELL_MEG_1093,25.19156,90.79904,1,Garo Hills Block,333.3,28.5,0.0153,0.6284,0.0096,Level 1: Green,Low / Normal Baseline Monitoring,#22c55e,Routine baseline monitoring. Safe terrain condition.
CELL_MEG_1094,25.08086,90.74484,1,Garo Hills Block,87.5,21.3,0.0188,0.6284,0.0118,Level 1: Green,Low / Normal Baseline Monitoring,#22c55e,Routine baseline monitoring. Safe terrain condition.
CELL_MEG_1095,25.11563,91.86329,3,East Khasi Block,1265.5,23.7,0.0288,0.6284,0.0181,Level 1: Green,Low / Normal Baseline Monitoring,#22c55e,Routine baseline monitoring. Safe terrain condition.
CELL_MEG_1096,25.61138,90.73951,1,Garo Hills Block,244.8,22.3,0.02,0.6284,0.0126,Level 1: Green,Low / Normal Baseline Monitoring,#22c55e,Routine baseline monitoring. Safe terrain condition.
CELL_MEG_1097,25.10761,90.4522,1,Garo Hills Block,25.0,15.6,0.029,0.6284,0.0182,Level 1: Green,Low / Normal Baseline Monitoring,#22c55e,Routine baseline monitoring. Safe terrain condition.
CELL_MEG_1098,25.30351,90.11986,1,Garo Hills Block,30.3,23.1,0.0131,0.6284,0.0082,Level 1: Green,Low / Normal Baseline Monitoring,#22c55e,Routine baseline monitoring. Safe terrain condition.
CELL_MEG_1099,25.62283,90.66647,1,Garo Hills Block,173.3,26.1,0.0342,0.6284,0.0215,Level 1: Green,Low / Normal Baseline Monitoring,#22c55e,Routine baseline monitoring. Safe terrain condition.
CELL_MEG_1100,25.31706,90.59433,1,Garo Hills Block,75.3,25.4,0.0647,0.6284,0.0407,Level 1: Green,Low / Normal Baseline Monitoring,#22c55e,Routine baseline monitoring. Safe terrain condition.
CELL_MEG_1101,25.54453,91.22823,2,West Khasi Block,877.2,14.2,0.1872,0.6284,0.1176,Level 2: Yellow,Advisory / Early Warning Watch,#eab308,Advisory notice. Maintenance standby and slope drainage watch.
CELL_MEG_1102,25.97733,92.55755,4,Ri-Bhoi Block,786.0,14.3,0.0742,0.6284,0.0467,Level 1: Green,Low / Normal Baseline Monitoring,#22c55e,Routine baseline monitoring. Safe terrain condition.
CELL_MEG_1103,25.07531,89.91631,1,Garo Hills Block,26.9,21.1,0.0158,0.6284,0.01,Level 1: Green,Low / Normal Baseline Monitoring,#22c55e,Routine baseline monitoring. Safe terrain condition.
CELL_MEG_1104,25.63096,92.05495,5,Jaintia Hills Block,1536.8,25.8,0.1468,0.6284,0.0922,Level 1: Green,Low / Normal Baseline Monitoring,#22c55e,Routine baseline monitoring. Safe terrain condition.
CELL_MEG_1105,25.99275,90.28015,1,Garo Hills Block,103.3,23.1,0.0266,0.6284,0.0167,Level 1: Green,Low / Normal Baseline Monitoring,#22c55e,Routine baseline monitoring. Safe terrain condition.
CELL_MEG_1106,26.09903,91.61084,4,Ri-Bhoi Block,963.4,34.0,0.0344,0.6284,0.0216,Level 1: Green,Low / Normal Baseline Monitoring,#22c55e,Routine baseline monitoring. Safe terrain condition.
CELL_MEG_1107,26.08139,90.66321,1,Garo Hills Block,36.2,29.1,0.0241,0.6284,0.0151,Level 1: Green,Low / Normal Baseline Monitoring,#22c55e,Routine baseline monitoring. Safe terrain condition.
CELL_MEG_1108,25.02044,91.41306,2,West Khasi Block,795.9,33.2,0.0764,0.6284,0.048,Level 1: Green,Low / Normal Baseline Monitoring,#22c55e,Routine baseline monitoring. Safe terrain condition.
CELL_MEG_1109,25.29786,91.67811,3,East Khasi Block,1392.0,25.6,0.0755,0.6284,0.0474,Level 1: Green,Low / Normal Baseline Monitoring,#22c55e,Routine baseline monitoring. Safe terrain condition.
CELL_MEG_1110,25.36103,91.76716,3,East Khasi Block,1475.1,15.0,0.0856,0.6284,0.0538,Level 1: Green,Low / Normal Baseline Monitoring,#22c55e,Routine baseline monitoring. Safe terrain condition.
CELL_MEG_1111,25.60163,91.76558,3,East Khasi Block,1677.5,19.6,0.592,0.6284,0.372,Level 4: Red,Critical / Immediate Action Trigger,#ef4444,Critical landslide hazard. Immediate emergency protocols and slope closures.
CELL_MEG_1112,25.52656,91.80069,3,East Khasi Block,1755.0,17.8,0.2028,0.6284,0.1274,Level 2: Yellow,Advisory / Early Warning Watch,#eab308,Advisory notice. Maintenance standby and slope drainage watch.
CELL_MEG_1113,25.69205,91.53829,4,Ri-Bhoi Block,1391.1,24.9,0.0316,0.6284,0.0199,Level 1: Green,Low / Normal Baseline Monitoring,#22c55e,Routine baseline monitoring. Safe terrain condition.
CELL_MEG_1114,25.46823,91.72414,3,East Khasi Block,1638.0,26.6,0.3624,0.6284,0.2278,Level 3: Orange,Warning / Heightened Hazard Alert,#f97316,Heightened warning. Travel caution and heavy transport limits.
CELL_MEG_1115,25.89971,92.38447,4,Ri-Bhoi Block,1018.4,31.9,0.0213,0.6284,0.0134,Level 1: Green,Low / Normal Baseline Monitoring,#22c55e,Routine baseline monitoring. Safe terrain condition.
CELL_MEG_1116,25.14374,91.33061,2,West Khasi Block,889.3,22.4,0.0272,0.6284,0.0171,Level 1: Green,Low / Normal Baseline Monitoring,#22c55e,Routine baseline monitoring. Safe terrain condition.
CELL_MEG_1117,25.48773,92.06434,5,Jaintia Hills Block,1636.5,24.4,0.3123,0.6284,0.1962,Level 3: Orange,Warning / Heightened Hazard Alert,#f97316,Heightened warning. Travel caution and heavy transport limits.
CELL_MEG_1118,25.61475,90.23784,1,Garo Hills Block,43.4,24.9,0.0096,0.6284,0.006,Level 1: Green,Low / Normal Baseline Monitoring,#22c55e,Routine baseline monitoring. Safe terrain condition.
CELL_MEG_1119,25.27615,90.01548,1,Garo Hills Block,25.0,29.9,0.0533,0.6284,0.0335,Level 1: Green,Low / Normal Baseline Monitoring,#22c55e,Routine baseline monitoring. Safe terrain condition.
CELL_MEG_1120,25.25848,92.19909,5,Jaintia Hills Block,1195.5,32.1,0.0371,0.6284,0.0233,Level 1: Green,Low / Normal Baseline Monitoring,#22c55e,Routine baseline monitoring. Safe terrain condition.
CELL_MEG_1121,25.741,91.862,4,Ri-Bhoi Block,1609.0,23.9,0.0351,0.6284,0.022,Level 1: Green,Low / Normal Baseline Monitoring,#22c55e,Routine baseline monitoring. Safe terrain condition.
CELL_MEG_1122,25.22964,90.26572,1,Garo Hills Block,25.0,32.1,0.018,0.6284,0.0113,Level 1: Green,Low / Normal Baseline Monitoring,#22c55e,Routine baseline monitoring. Safe terrain condition.
CELL_MEG_1123,25.10814,91.77952,3,East Khasi Block,1190.7,16.1,0.0401,0.6284,0.0252,Level 1: Green,Low / Normal Baseline Monitoring,#22c55e,Routine baseline monitoring. Safe terrain condition.
CELL_MEG_1124,25.72532,92.44388,4,Ri-Bhoi Block,1026.1,26.0,0.0216,0.6284,0.0136,Level 1: Green,Low / Normal Baseline Monitoring,#22c55e,Routine baseline monitoring. Safe terrain condition.
CELL_MEG_1125,26.09061,92.61104,4,Ri-Bhoi Block,583.5,30.3,0.1311,0.6284,0.0824,Level 1: Green,Low / Normal Baseline Monitoring,#22c55e,Routine baseline monitoring. Safe terrain condition.
CELL_MEG_1126,25.83038,90.78021,1,Garo Hills Block,342.3,28.1,0.0134,0.6284,0.0084,Level 1: Green,Low / Normal Baseline Monitoring,#22c55e,Routine baseline monitoring. Safe terrain condition.
CELL_MEG_1127,25.49313,91.82828,3,East Khasi Block,1722.0,26.4,0.2215,0.6284,0.1392,Level 2: Yellow,Advisory / Early Warning Watch,#eab308,Advisory notice. Maintenance standby and slope drainage watch.
CELL_MEG_1128,25.1012,91.07373,2,West Khasi Block,518.2,25.1,0.0175,0.6284,0.011,Level 1: Green,Low / Normal Baseline Monitoring,#22c55e,Routine baseline monitoring. Safe terrain condition.
CELL_MEG_1129,26.07599,91.81007,4,Ri-Bhoi Block,1107.2,29.1,0.1133,0.6284,0.0712,Level 1: Green,Low / Normal Baseline Monitoring,#22c55e,Routine baseline monitoring. Safe terrain condition.
CELL_MEG_1130,25.52813,90.22678,1,Garo Hills Block,70.8,17.3,0.0192,0.6284,0.0121,Level 1: Green,Low / Normal Baseline Monitoring,#22c55e,Routine baseline monitoring. Safe terrain condition.
CELL_MEG_1131,25.05217,91.52515,2,West Khasi Block,1036.7,25.4,0.0255,0.6284,0.016,Level 1: Green,Low / Normal Baseline Monitoring,#22c55e,Routine baseline monitoring. Safe terrain condition.
CELL_MEG_1132,25.28307,90.21537,1,Garo Hills Block,50.9,22.1,0.008,0.6284,0.005,Level 1: Green,Low / Normal Baseline Monitoring,#22c55e,Routine baseline monitoring. Safe terrain condition.
CELL_MEG_1133,25.60384,92.13088,5,Jaintia Hills Block,1490.8,29.3,0.1569,0.6284,0.0986,Level 2: Yellow,Advisory / Early Warning Watch,#eab308,Advisory notice. Maintenance standby and slope drainage watch.
CELL_MEG_1134,25.36665,92.07556,5,Jaintia Hills Block,1401.8,19.1,0.0489,0.6284,0.0307,Level 1: Green,Low / Normal Baseline Monitoring,#22c55e,Routine baseline monitoring. Safe terrain condition.
CELL_MEG_1135,25.6599,90.19792,1,Garo Hills Block,25.0,26.1,0.0427,0.6284,0.0268,Level 1: Green,Low / Normal Baseline Monitoring,#22c55e,Routine baseline monitoring. Safe terrain condition.
CELL_MEG_1136,25.20929,89.86498,1,Garo Hills Block,125.9,28.7,0.0327,0.6284,0.0205,Level 1: Green,Low / Normal Baseline Monitoring,#22c55e,Routine baseline monitoring. Safe terrain condition.
CELL_MEG_1137,25.68832,92.32244,4,Ri-Bhoi Block,1142.7,25.4,0.0533,0.6284,0.0335,Level 1: Green,Low / Normal Baseline Monitoring,#22c55e,Routine baseline monitoring. Safe terrain condition.
CELL_MEG_1138,25.42073,90.78109,1,Garo Hills Block,259.4,29.5,0.0813,0.6284,0.0511,Level 1: Green,Low / Normal Baseline Monitoring,#22c55e,Routine baseline monitoring. Safe terrain condition.
CELL_MEG_1139,25.55767,89.97663,1,Garo Hills Block,25.0,17.1,0.0261,0.6284,0.0164,Level 1: Green,Low / Normal Baseline Monitoring,#22c55e,Routine baseline monitoring. Safe terrain condition.
CELL_MEG_1140,25.98714,91.27916,4,Ri-Bhoi Block,889.0,17.1,0.0275,0.6284,0.0173,Level 1: Green,Low / Normal Baseline Monitoring,#22c55e,Routine baseline monitoring. Safe terrain condition.
CELL_MEG_1141,25.24675,92.22193,5,Jaintia Hills Block,1149.0,30.4,0.0169,0.6284,0.0106,Level 1: Green,Low / Normal Baseline Monitoring,#22c55e,Routine baseline monitoring. Safe terrain condition.
CELL_MEG_1142,25.32617,91.73997,3,East Khasi Block,1424.2,15.3,0.2649,0.6284,0.1665,Level 3: Orange,Warning / Heightened Hazard Alert,#f97316,Heightened warning. Travel caution and heavy transport limits.
CELL_MEG_1143,25.57101,91.60016,3,East Khasi Block,1410.3,23.8,0.2918,0.6284,0.1834,Level 3: Orange,Warning / Heightened Hazard Alert,#f97316,Heightened warning. Travel caution and heavy transport limits.
CELL_MEG_1144,25.12577,92.03378,5,Jaintia Hills Block,1207.0,14.3,0.124,0.6284,0.0779,Level 1: Green,Low / Normal Baseline Monitoring,#22c55e,Routine baseline monitoring. Safe terrain condition.
CELL_MEG_1145,25.15552,91.18215,2,West Khasi Block,729.6,19.1,0.0176,0.6284,0.0111,Level 1: Green,Low / Normal Baseline Monitoring,#22c55e,Routine baseline monitoring. Safe terrain condition.
CELL_MEG_1146,25.46137,91.75943,3,East Khasi Block,1661.8,25.4,0.1394,0.6284,0.0876,Level 1: Green,Low / Normal Baseline Monitoring,#22c55e,Routine baseline monitoring. Safe terrain condition.
CELL_MEG_1147,25.49375,92.09015,5,Jaintia Hills Block,1591.7,26.2,0.1255,0.6284,0.0789,Level 1: Green,Low / Normal Baseline Monitoring,#22c55e,Routine baseline monitoring. Safe terrain condition.
CELL_MEG_1148,25.17611,91.57999,2,West Khasi Block,1114.1,25.2,0.0686,0.6284,0.0431,Level 1: Green,Low / Normal Baseline Monitoring,#22c55e,Routine baseline monitoring. Safe terrain condition.
CELL_MEG_1149,25.60169,91.98534,3,East Khasi Block,1686.9,21.4,0.2409,0.6284,0.1514,Level 3: Orange,Warning / Heightened Hazard Alert,#f97316,Heightened warning. Travel caution and heavy transport limits.
CELL_MEG_1150,25.10103,90.9068,1,Garo Hills Block,382.9,21.9,0.0173,0.6284,0.0109,Level 1: Green,Low / Normal Baseline Monitoring,#22c55e,Routine baseline monitoring. Safe terrain condition.
CELL_MEG_1151,25.93643,91.01654,4,Ri-Bhoi Block,532.3,19.1,0.0522,0.6284,0.0328,Level 1: Green,Low / Normal Baseline Monitoring,#22c55e,Routine baseline monitoring. Safe terrain condition.
CELL_MEG_1152,25.30718,91.59111,2,West Khasi Block,1349.5,25.0,0.0602,0.6284,0.0378,Level 1: Green,Low / Normal Baseline Monitoring,#22c55e,Routine baseline monitoring. Safe terrain condition.
CELL_MEG_1153,25.66264,91.38234,4,Ri-Bhoi Block,1078.9,35.6,0.0275,0.6284,0.0173,Level 1: Green,Low / Normal Baseline Monitoring,#22c55e,Routine baseline monitoring. Safe terrain condition.
CELL_MEG_1154,25.68273,92.052,4,Ri-Bhoi Block,1461.0,25.4,0.0578,0.6284,0.0364,Level 1: Green,Low / Normal Baseline Monitoring,#22c55e,Routine baseline monitoring. Safe terrain condition.
CELL_MEG_1155,25.69622,91.98166,4,Ri-Bhoi Block,1582.0,24.4,0.298,0.6284,0.1872,Level 3: Orange,Warning / Heightened Hazard Alert,#f97316,Heightened warning. Travel caution and heavy transport limits.
CELL_MEG_1156,25.6129,90.7611,1,Garo Hills Block,268.8,24.5,0.0595,0.6284,0.0374,Level 1: Green,Low / Normal Baseline Monitoring,#22c55e,Routine baseline monitoring. Safe terrain condition.
CELL_MEG_1157,25.12804,91.20762,2,West Khasi Block,742.2,15.3,0.0302,0.6284,0.019,Level 1: Green,Low / Normal Baseline Monitoring,#22c55e,Routine baseline monitoring. Safe terrain condition.
CELL_MEG_1158,25.77962,91.99494,4,Ri-Bhoi Block,1505.2,16.0,0.0313,0.6284,0.0197,Level 1: Green,Low / Normal Baseline Monitoring,#22c55e,Routine baseline monitoring. Safe terrain condition.
CELL_MEG_1159,25.20518,91.85901,3,East Khasi Block,1299.3,31.9,0.0524,0.6284,0.033,Level 1: Green,Low / Normal Baseline Monitoring,#22c55e,Routine baseline monitoring. Safe terrain condition.
CELL_MEG_1160,25.96751,92.04818,4,Ri-Bhoi Block,1148.9,14.9,0.0472,0.6284,0.0297,Level 1: Green,Low / Normal Baseline Monitoring,#22c55e,Routine baseline monitoring. Safe terrain condition.
CELL_MEG_1161,25.66166,91.54292,4,Ri-Bhoi Block,1412.8,28.5,0.0247,0.6284,0.0155,Level 1: Green,Low / Normal Baseline Monitoring,#22c55e,Routine baseline monitoring. Safe terrain condition.
CELL_MEG_1162,25.42732,91.43115,2,West Khasi Block,1166.9,30.3,0.0228,0.6284,0.0143,Level 1: Green,Low / Normal Baseline Monitoring,#22c55e,Routine baseline monitoring. Safe terrain condition.
CELL_MEG_1163,25.34654,91.50246,2,West Khasi Block,1255.1,14.1,0.2007,0.6284,0.1261,Level 2: Yellow,Advisory / Early Warning Watch,#eab308,Advisory notice. Maintenance standby and slope drainage watch.
CELL_MEG_1164,25.39652,91.20336,2,West Khasi Block,904.8,21.9,0.0305,0.6284,0.0192,Level 1: Green,Low / Normal Baseline Monitoring,#22c55e,Routine baseline monitoring. Safe terrain condition.
CELL_MEG_1165,25.93653,90.81806,1,Garo Hills Block,241.3,25.9,0.0207,0.6284,0.013,Level 1: Green,Low / Normal Baseline Monitoring,#22c55e,Routine baseline monitoring. Safe terrain condition.
CELL_MEG_1166,25.55265,92.03633,5,Jaintia Hills Block,1701.6,14.3,0.2285,0.6284,0.1436,Level 2: Yellow,Advisory / Early Warning Watch,#eab308,Advisory notice. Maintenance standby and slope drainage watch.
CELL_MEG_1167,25.18368,90.96494,1,Garo Hills Block,401.3,19.9,0.0716,0.6284,0.045,Level 1: Green,Low / Normal Baseline Monitoring,#22c55e,Routine baseline monitoring. Safe terrain condition.
CELL_MEG_1168,25.81728,90.90973,1,Garo Hills Block,386.9,25.7,0.0167,0.6284,0.0105,Level 1: Green,Low / Normal Baseline Monitoring,#22c55e,Routine baseline monitoring. Safe terrain condition.
CELL_MEG_1169,26.04042,91.29493,4,Ri-Bhoi Block,825.1,27.1,0.0181,0.6284,0.0114,Level 1: Green,Low / Normal Baseline Monitoring,#22c55e,Routine baseline monitoring. Safe terrain condition.
CELL_MEG_1170,25.12527,92.16629,5,Jaintia Hills Block,1141.8,23.9,0.171,0.6284,0.1075,Level 2: Yellow,Advisory / Early Warning Watch,#eab308,Advisory notice. Maintenance standby and slope drainage watch.
CELL_MEG_1171,25.07984,90.6951,1,Garo Hills Block,92.0,20.6,0.0132,0.6284,0.0083,Level 1: Green,Low / Normal Baseline Monitoring,#22c55e,Routine baseline monitoring. Safe terrain condition.
CELL_MEG_1172,25.76698,92.44052,4,Ri-Bhoi Block,1008.7,23.2,0.0514,0.6284,0.0323,Level 1: Green,Low / Normal Baseline Monitoring,#22c55e,Routine baseline monitoring. Safe terrain condition.
CELL_MEG_1173,25.17891,91.94116,3,East Khasi Block,1286.3,25.8,0.0127,0.6284,0.008,Level 1: Green,Low / Normal Baseline Monitoring,#22c55e,Routine baseline monitoring. Safe terrain condition.
CELL_MEG_1174,25.18117,91.34726,2,West Khasi Block,950.5,28.7,0.0196,0.6284,0.0123,Level 1: Green,Low / Normal Baseline Monitoring,#22c55e,Routine baseline monitoring. Safe terrain condition.
CELL_MEG_1175,25.51368,91.57625,2,West Khasi Block,1339.1,23.9,0.1148,0.6284,0.0722,Level 1: Green,Low / Normal Baseline Monitoring,#22c55e,Routine baseline monitoring. Safe terrain condition.
CELL_MEG_1176,25.46733,92.37093,5,Jaintia Hills Block,1186.4,32.3,0.0646,0.6284,0.0406,Level 1: Green,Low / Normal Baseline Monitoring,#22c55e,Routine baseline monitoring. Safe terrain condition.
CELL_MEG_1177,25.07343,91.96838,3,East Khasi Block,1174.2,24.9,0.1237,0.6284,0.0778,Level 1: Green,Low / Normal Baseline Monitoring,#22c55e,Routine baseline monitoring. Safe terrain condition.
CELL_MEG_1178,25.12382,92.17169,5,Jaintia Hills Block,1138.7,23.7,0.3075,0.6284,0.1933,Level 3: Orange,Warning / Heightened Hazard Alert,#f97316,Heightened warning. Travel caution and heavy transport limits.
CELL_MEG_1179,25.09668,91.62516,3,East Khasi Block,1154.4,27.1,0.0922,0.6284,0.0579,Level 1: Green,Low / Normal Baseline Monitoring,#22c55e,Routine baseline monitoring. Safe terrain condition.
CELL_MEG_1180,25.82355,90.58526,1,Garo Hills Block,25.0,31.8,0.0161,0.6284,0.0101,Level 1: Green,Low / Normal Baseline Monitoring,#22c55e,Routine baseline monitoring. Safe terrain condition.
CELL_MEG_1181,25.98717,91.2613,4,Ri-Bhoi Block,872.8,15.6,0.0269,0.6284,0.0169,Level 1: Green,Low / Normal Baseline Monitoring,#22c55e,Routine baseline monitoring. Safe terrain condition.
CELL_MEG_1182,25.54764,91.53963,2,West Khasi Block,1317.6,16.2,0.0463,0.6284,0.0291,Level 1: Green,Low / Normal Baseline Monitoring,#22c55e,Routine baseline monitoring. Safe terrain condition.
CELL_MEG_1183,25.20697,90.62774,1,Garo Hills Block,25.0,31.0,0.0161,0.6284,0.0101,Level 1: Green,Low / Normal Baseline Monitoring,#22c55e,Routine baseline monitoring. Safe terrain condition.
CELL_MEG_1184,26.02399,90.20902,1,Garo Hills Block,25.0,20.7,0.0171,0.6284,0.0108,Level 1: Green,Low / Normal Baseline Monitoring,#22c55e,Routine baseline monitoring. Safe terrain condition.
CELL_MEG_1185,25.22136,91.24804,2,West Khasi Block,773.3,25.5,0.1717,0.6284,0.1079,Level 2: Yellow,Advisory / Early Warning Watch,#eab308,Advisory notice. Maintenance standby and slope drainage watch.
CELL_MEG_1186,25.62688,90.6979,1,Garo Hills Block,203.1,24.1,0.0192,0.6284,0.012,Level 1: Green,Low / Normal Baseline Monitoring,#22c55e,Routine baseline monitoring. Safe terrain condition.
CELL_MEG_1187,25.16929,90.66369,1,Garo Hills Block,25.0,20.4,0.0209,0.6284,0.0131,Level 1: Green,Low / Normal Baseline Monitoring,#22c55e,Routine baseline monitoring. Safe terrain condition.
CELL_MEG_1188,26.0871,91.57671,4,Ri-Bhoi Block,966.5,32.1,0.0251,0.6284,0.0158,Level 1: Green,Low / Normal Baseline Monitoring,#22c55e,Routine baseline monitoring. Safe terrain condition.
CELL_MEG_1189,25.36537,91.23689,2,West Khasi Block,986.6,15.4,0.2185,0.6284,0.1373,Level 2: Yellow,Advisory / Early Warning Watch,#eab308,Advisory notice. Maintenance standby and slope drainage watch.
CELL_MEG_1190,25.85734,92.59529,4,Ri-Bhoi Block,755.0,28.9,0.1173,0.6284,0.0737,Level 1: Green,Low / Normal Baseline Monitoring,#22c55e,Routine baseline monitoring. Safe terrain condition.
CELL_MEG_1191,25.98961,92.5016,4,Ri-Bhoi Block,862.7,17.6,0.0294,0.6284,0.0185,Level 1: Green,Low / Normal Baseline Monitoring,#22c55e,Routine baseline monitoring. Safe terrain condition.
CELL_MEG_1192,25.73002,90.6929,1,Garo Hills Block,188.8,17.0,0.0222,0.6284,0.014,Level 1: Green,Low / Normal Baseline Monitoring,#22c55e,Routine baseline monitoring. Safe terrain condition.
CELL_MEG_1193,25.31425,91.89962,3,East Khasi Block,1558.2,25.9,0.1308,0.6284,0.0822,Level 1: Green,Low / Normal Baseline Monitoring,#22c55e,Routine baseline monitoring. Safe terrain condition.
CELL_MEG_1194,25.72426,90.93184,1,Garo Hills Block,554.0,19.8,0.0511,0.6284,0.0321,Level 1: Green,Low / Normal Baseline Monitoring,#22c55e,Routine baseline monitoring. Safe terrain condition.
CELL_MEG_1195,25.85534,89.82703,1,Garo Hills Block,117.8,34.5,0.0122,0.6284,0.0077,Level 1: Green,Low / Normal Baseline Monitoring,#22c55e,Routine baseline monitoring. Safe terrain condition.
CELL_MEG_1196,25.17804,91.94233,3,East Khasi Block,1286.7,25.5,0.0154,0.6284,0.0097,Level 1: Green,Low / Normal Baseline Monitoring,#22c55e,Routine baseline monitoring. Safe terrain condition.
CELL_MEG_1197,25.11874,89.90343,1,Garo Hills Block,33.9,15.4,0.0262,0.6284,0.0165,Level 1: Green,Low / Normal Baseline Monitoring,#22c55e,Routine baseline monitoring. Safe terrain condition.
CELL_MEG_1198,26.04271,91.10922,4,Ri-Bhoi Block,517.9,33.4,0.0459,0.6284,0.0289,Level 1: Green,Low / Normal Baseline Monitoring,#22c55e,Routine baseline monitoring. Safe terrain condition.
CELL_MEG_1199,25.03501,91.44308,2,West Khasi Block,833.7,29.7,0.0208,0.6284,0.0131,Level 1: Green,Low / Normal Baseline Monitoring,#22c55e,Routine baseline monitoring. Safe terrain condition.
CELL_MEG_1200,25.33072,89.86123,1,Garo Hills Block,25.0,19.5,0.019,0.6284,0.0119,Level 1: Green,Low / Normal Baseline Monitoring,#22c55e,Routine baseline monitoring. Safe terrain condition.
CELL_MEG_1201,25.84597,90.1526,1,Garo Hills Block,127.2,26.8,0.0142,0.6284,0.0089,Level 1: Green,Low / Normal Baseline Monitoring,#22c55e,Routine baseline monitoring. Safe terrain condition.
CELL_MEG_1202,25.16389,91.55423,2,West Khasi Block,1098.4,20.2,0.019,0.6284,0.0119,Level 1: Green,Low / Normal Baseline Monitoring,#22c55e,Routine baseline monitoring. Safe terrain condition.
CELL_MEG_1203,25.80601,92.24877,4,Ri-Bhoi Block,1178.1,20.4,0.1348,0.6284,0.0847,Level 1: Green,Low / Normal Baseline Monitoring,#22c55e,Routine baseline monitoring. Safe terrain condition.
CELL_MEG_1204,25.90277,90.50695,1,Garo Hills Block,66.5,26.5,0.0133,0.6284,0.0084,Level 1: Green,Low / Normal Baseline Monitoring,#22c55e,Routine baseline monitoring. Safe terrain condition.
CELL_MEG_1205,25.11737,92.22078,5,Jaintia Hills Block,1103.6,19.4,0.1947,0.6284,0.1223,Level 2: Yellow,Advisory / Early Warning Watch,#eab308,Advisory notice. Maintenance standby and slope drainage watch.
CELL_MEG_1206,25.95266,90.12604,1,Garo Hills Block,25.0,19.6,0.0108,0.6284,0.0068,Level 1: Green,Low / Normal Baseline Monitoring,#22c55e,Routine baseline monitoring. Safe terrain condition.
CELL_MEG_1207,25.87245,91.45109,4,Ri-Bhoi Block,1153.7,28.8,0.0218,0.6284,0.0137,Level 1: Green,Low / Normal Baseline Monitoring,#22c55e,Routine baseline monitoring. Safe terrain condition.
CELL_MEG_1208,25.73238,91.791,4,Ri-Bhoi Block,1546.2,17.4,0.0355,0.6284,0.0223,Level 1: Green,Low / Normal Baseline Monitoring,#22c55e,Routine baseline monitoring. Safe terrain condition.
CELL_MEG_1209,25.75627,91.67238,4,Ri-Bhoi Block,1437.7,21.7,0.114,0.6284,0.0716,Level 1: Green,Low / Normal Baseline Monitoring,#22c55e,Routine baseline monitoring. Safe terrain condition.
CELL_MEG_1210,25.25722,91.86171,3,East Khasi Block,1396.7,33.8,0.0609,0.6284,0.0383,Level 1: Green,Low / Normal Baseline Monitoring,#22c55e,Routine baseline monitoring. Safe terrain condition.
CELL_MEG_1211,25.10592,90.66478,1,Garo Hills Block,80.9,18.9,0.018,0.6284,0.0113,Level 1: Green,Low / Normal Baseline Monitoring,#22c55e,Routine baseline monitoring. Safe terrain condition.
CELL_MEG_1212,25.04049,92.21165,5,Jaintia Hills Block,1080.1,31.4,0.0259,0.6284,0.0163,Level 1: Green,Low / Normal Baseline Monitoring,#22c55e,Routine baseline monitoring. Safe terrain condition.
CELL_MEG_1213,26.00201,90.63026,1,Garo Hills Block,129.2,23.6,0.0269,0.6284,0.0169,Level 1: Green,Low / Normal Baseline Monitoring,#22c55e,Routine baseline monitoring. Safe terrain condition.
CELL_MEG_1214,25.12708,92.23374,5,Jaintia Hills Block,1086.2,17.3,0.0746,0.6284,0.0469,Level 1: Green,Low / Normal Baseline Monitoring,#22c55e,Routine baseline monitoring. Safe terrain condition.
CELL_MEG_1215,26.0964,91.31717,4,Ri-Bhoi Block,735.3,31.6,0.0356,0.6284,0.0223,Level 1: Green,Low / Normal Baseline Monitoring,#22c55e,Routine baseline monitoring. Safe terrain condition.
CELL_MEG_1216,25.45887,91.77559,3,East Khasi Block,1669.7,25.9,0.0987,0.6284,0.062,Level 1: Green,Low / Normal Baseline Monitoring,#22c55e,Routine baseline monitoring. Safe terrain condition.
CELL_MEG_1217,25.19247,90.30748,1,Garo Hills Block,25.0,31.1,0.0155,0.6284,0.0098,Level 1: Green,Low / Normal Baseline Monitoring,#22c55e,Routine baseline monitoring. Safe terrain condition.
CELL_MEG_1218,25.09826,91.68327,3,East Khasi Block,1132.1,23.4,0.0223,0.6284,0.014,Level 1: Green,Low / Normal Baseline Monitoring,#22c55e,Routine baseline monitoring. Safe terrain condition.
CELL_MEG_1219,25.7084,92.37151,4,Ri-Bhoi Block,1054.3,27.6,0.0862,0.6284,0.0542,Level 1: Green,Low / Normal Baseline Monitoring,#22c55e,Routine baseline monitoring. Safe terrain condition.
CELL_MEG_1220,26.07844,90.54851,1,Garo Hills Block,45.9,34.4,0.0376,0.6284,0.0236,Level 1: Green,Low / Normal Baseline Monitoring,#22c55e,Routine baseline monitoring. Safe terrain condition.
CELL_MEG_1221,25.13115,90.66475,1,Garo Hills Block,52.7,17.1,0.0626,0.6284,0.0393,Level 1: Green,Low / Normal Baseline Monitoring,#22c55e,Routine baseline monitoring. Safe terrain condition.
CELL_MEG_1222,25.25449,90.0689,1,Garo Hills Block,27.4,35.1,0.0096,0.6284,0.0061,Level 1: Green,Low / Normal Baseline Monitoring,#22c55e,Routine baseline monitoring. Safe terrain condition.
CELL_MEG_1223,25.48579,92.09699,5,Jaintia Hills Block,1567.1,28.4,0.0979,0.6284,0.0615,Level 1: Green,Low / Normal Baseline Monitoring,#22c55e,Routine baseline monitoring. Safe terrain condition.
CELL_MEG_1224,25.06511,90.9054,1,Garo Hills Block,379.3,28.2,0.0126,0.6284,0.0079,Level 1: Green,Low / Normal Baseline Monitoring,#22c55e,Routine baseline monitoring. Safe terrain condition.
CELL_MEG_1225,26.07884,90.7444,1,Garo Hills Block,99.8,27.3,0.0256,0.6284,0.0161,Level 1: Green,Low / Normal Baseline Monitoring,#22c55e,Routine baseline monitoring. Safe terrain condition.
CELL_MEG_1226,25.61903,91.85245,3,East Khasi Block,1763.8,30.6,0.0377,0.6284,0.0237,Level 1: Green,Low / Normal Baseline Monitoring,#22c55e,Routine baseline monitoring. Safe terrain condition.
CELL_MEG_1227,25.70228,90.1876,1,Garo Hills Block,25.0,21.2,0.0135,0.6284,0.0085,Level 1: Green,Low / Normal Baseline Monitoring,#22c55e,Routine baseline monitoring. Safe terrain condition.
CELL_MEG_1228,25.89087,92.41512,4,Ri-Bhoi Block,983.9,34.4,0.0288,0.6284,0.0181,Level 1: Green,Low / Normal Baseline Monitoring,#22c55e,Routine baseline monitoring. Safe terrain condition.
CELL_MEG_1229,25.92972,91.03776,4,Ri-Bhoi Block,552.6,22.6,0.035,0.6284,0.022,Level 1: Green,Low / Normal Baseline Monitoring,#22c55e,Routine baseline monitoring. Safe terrain condition.
CELL_MEG_1230,25.6237,91.9793,3,East Khasi Block,1670.9,25.8,0.4242,0.6284,0.2666,Level 3: Orange,Warning / Heightened Hazard Alert,#f97316,Heightened warning. Travel caution and heavy transport limits.
CELL_MEG_1231,25.0896,91.98263,3,East Khasi Block,1173.6,20.5,0.0247,0.6284,0.0155,Level 1: Green,Low / Normal Baseline Monitoring,#22c55e,Routine baseline monitoring. Safe terrain condition.
CELL_MEG_1232,25.45587,90.02864,1,Garo Hills Block,31.3,34.5,0.0215,0.6284,0.0135,Level 1: Green,Low / Normal Baseline Monitoring,#22c55e,Routine baseline monitoring. Safe terrain condition.
CELL_MEG_1233,25.11444,92.21049,5,Jaintia Hills Block,1114.8,20.9,0.0556,0.6284,0.0349,Level 1: Green,Low / Normal Baseline Monitoring,#22c55e,Routine baseline monitoring. Safe terrain condition.
CELL_MEG_1234,25.13435,91.40083,2,West Khasi Block,964.5,22.5,0.0337,0.6284,0.0212,Level 1: Green,Low / Normal Baseline Monitoring,#22c55e,Routine baseline monitoring. Safe terrain condition.
CELL_MEG_1235,25.61316,92.46199,5,Jaintia Hills Block,1036.7,28.8,0.411,0.6284,0.2583,Level 3: Orange,Warning / Heightened Hazard Alert,#f97316,Heightened warning. Travel caution and heavy transport limits.
CELL_MEG_1236,25.15668,90.71326,1,Garo Hills Block,126.1,15.5,0.0165,0.6284,0.0104,Level 1: Green,Low / Normal Baseline Monitoring,#22c55e,Routine baseline monitoring. Safe terrain condition.
CELL_MEG_1237,25.74966,92.00494,4,Ri-Bhoi Block,1507.9,14.8,0.0432,0.6284,0.0271,Level 1: Green,Low / Normal Baseline Monitoring,#22c55e,Routine baseline monitoring. Safe terrain condition.
CELL_MEG_1238,25.81943,91.52885,4,Ri-Bhoi Block,1186.3,22.3,0.0228,0.6284,0.0143,Level 1: Green,Low / Normal Baseline Monitoring,#22c55e,Routine baseline monitoring. Safe terrain condition.
CELL_MEG_1239,25.11859,91.89451,3,East Khasi Block,1269.4,24.5,0.0266,0.6284,0.0167,Level 1: Green,Low / Normal Baseline Monitoring,#22c55e,Routine baseline monitoring. Safe terrain condition.
CELL_MEG_1240,25.14026,90.60735,1,Garo Hills Block,34.2,23.3,0.0185,0.6284,0.0116,Level 1: Green,Low / Normal Baseline Monitoring,#22c55e,Routine baseline monitoring. Safe terrain condition.
CELL_MEG_1241,25.49145,92.53647,5,Jaintia Hills Block,864.8,21.5,0.4027,0.6284,0.253,Level 3: Orange,Warning / Heightened Hazard Alert,#f97316,Heightened warning. Travel caution and heavy transport limits.
CELL_MEG_1242,26.02496,89.98313,1,Garo Hills Block,109.0,24.1,0.0209,0.6284,0.0131,Level 1: Green,Low / Normal Baseline Monitoring,#22c55e,Routine baseline monitoring. Safe terrain condition.
CELL_MEG_1243,25.0874,92.31559,5,Jaintia Hills Block,921.2,20.1,0.1956,0.6284,0.1229,Level 2: Yellow,Advisory / Early Warning Watch,#eab308,Advisory notice. Maintenance standby and slope drainage watch.
CELL_MEG_1244,26.08114,91.21942,4,Ri-Bhoi Block,656.9,26.4,0.0228,0.6284,0.0143,Level 1: Green,Low / Normal Baseline Monitoring,#22c55e,Routine baseline monitoring. Safe terrain condition.
CELL_MEG_1245,25.93749,89.88425,1,Garo Hills Block,25.0,19.2,0.0289,0.6284,0.0182,Level 1: Green,Low / Normal Baseline Monitoring,#22c55e,Routine baseline monitoring. Safe terrain condition.
CELL_MEG_1246,25.77184,90.62958,1,Garo Hills Block,54.0,21.4,0.0221,0.6284,0.0139,Level 1: Green,Low / Normal Baseline Monitoring,#22c55e,Routine baseline monitoring. Safe terrain condition.
CELL_MEG_1247,25.40772,91.34067,2,West Khasi Block,1070.5,31.3,0.0167,0.6284,0.0105,Level 1: Green,Low / Normal Baseline Monitoring,#22c55e,Routine baseline monitoring. Safe terrain condition.
CELL_MEG_1248,25.36619,90.06286,1,Garo Hills Block,81.7,25.5,0.0145,0.6284,0.0091,Level 1: Green,Low / Normal Baseline Monitoring,#22c55e,Routine baseline monitoring. Safe terrain condition.
CELL_MEG_1249,25.22032,91.53115,2,West Khasi Block,1127.7,26.6,0.0217,0.6284,0.0137,Level 1: Green,Low / Normal Baseline Monitoring,#22c55e,Routine baseline monitoring. Safe terrain condition.
CELL_MEG_1250,25.36771,91.63112,3,East Khasi Block,1458.6,25.7,0.1577,0.6284,0.0991,Level 2: Yellow,Advisory / Early Warning Watch,#eab308,Advisory notice. Maintenance standby and slope drainage watch.
CELL_MEG_1251,25.50324,90.99463,1,Garo Hills Block,561.7,19.8,0.1425,0.6284,0.0895,Level 1: Green,Low / Normal Baseline Monitoring,#22c55e,Routine baseline monitoring. Safe terrain condition.
CELL_MEG_1252,25.71045,90.11566,1,Garo Hills Block,25.0,25.7,0.0226,0.6284,0.0142,Level 1: Green,Low / Normal Baseline Monitoring,#22c55e,Routine baseline monitoring. Safe terrain condition.
CELL_MEG_1253,25.06471,90.45255,1,Garo Hills Block,25.0,22.7,0.0204,0.6284,0.0128,Level 1: Green,Low / Normal Baseline Monitoring,#22c55e,Routine baseline monitoring. Safe terrain condition.
CELL_MEG_1254,25.07329,91.42857,2,West Khasi Block,853.0,26.9,0.0224,0.6284,0.0141,Level 1: Green,Low / Normal Baseline Monitoring,#22c55e,Routine baseline monitoring. Safe terrain condition.
CELL_MEG_1255,25.11174,91.25485,2,West Khasi Block,815.3,15.6,0.0397,0.6284,0.025,Level 1: Green,Low / Normal Baseline Monitoring,#22c55e,Routine baseline monitoring. Safe terrain condition.
CELL_MEG_1256,25.33751,91.39171,2,West Khasi Block,1046.2,23.3,0.0217,0.6284,0.0136,Level 1: Green,Low / Normal Baseline Monitoring,#22c55e,Routine baseline monitoring. Safe terrain condition.
CELL_MEG_1257,25.26544,92.22807,5,Jaintia Hills Block,1184.7,27.9,0.0298,0.6284,0.0187,Level 1: Green,Low / Normal Baseline Monitoring,#22c55e,Routine baseline monitoring. Safe terrain condition.
CELL_MEG_1258,25.63163,90.68049,1,Garo Hills Block,194.2,25.9,0.0221,0.6284,0.0139,Level 1: Green,Low / Normal Baseline Monitoring,#22c55e,Routine baseline monitoring. Safe terrain condition.
CELL_MEG_1259,25.25355,91.94916,3,East Khasi Block,1400.9,31.2,0.1164,0.6284,0.0732,Level 1: Green,Low / Normal Baseline Monitoring,#22c55e,Routine baseline monitoring. Safe terrain condition.
CELL_MEG_1260,25.52718,91.88058,3,East Khasi Block,1735.2,25.4,0.1409,0.6284,0.0885,Level 1: Green,Low / Normal Baseline Monitoring,#22c55e,Routine baseline monitoring. Safe terrain condition.
CELL_MEG_1261,25.24583,90.20669,1,Garo Hills Block,87.8,26.2,0.0159,0.6284,0.01,Level 1: Green,Low / Normal Baseline Monitoring,#22c55e,Routine baseline monitoring. Safe terrain condition.
CELL_MEG_1262,25.09972,91.04827,2,West Khasi Block,505.0,22.6,0.0268,0.6284,0.0168,Level 1: Green,Low / Normal Baseline Monitoring,#22c55e,Routine baseline monitoring. Safe terrain condition.
CELL_MEG_1263,25.27254,90.01949,1,Garo Hills Block,25.0,30.9,0.0262,0.6284,0.0165,Level 1: Green,Low / Normal Baseline Monitoring,#22c55e,Routine baseline monitoring. Safe terrain condition.
CELL_MEG_1264,25.5312,91.5086,2,West Khasi Block,1313.1,15.2,0.0907,0.6284,0.057,Level 1: Green,Low / Normal Baseline Monitoring,#22c55e,Routine baseline monitoring. Safe terrain condition.
CELL_MEG_1265,25.07469,92.06132,5,Jaintia Hills Block,1062.3,23.0,0.0202,0.6284,0.0127,Level 1: Green,Low / Normal Baseline Monitoring,#22c55e,Routine baseline monitoring. Safe terrain condition.
CELL_MEG_1266,25.58933,90.51289,1,Garo Hills Block,63.8,21.9,0.0152,0.6284,0.0095,Level 1: Green,Low / Normal Baseline Monitoring,#22c55e,Routine baseline monitoring. Safe terrain condition.
CELL_MEG_1267,25.89912,92.44056,4,Ri-Bhoi Block,926.0,32.3,0.0993,0.6284,0.0624,Level 1: Green,Low / Normal Baseline Monitoring,#22c55e,Routine baseline monitoring. Safe terrain condition.
CELL_MEG_1268,25.43899,91.42824,2,West Khasi Block,1185.5,31.4,0.0215,0.6284,0.0135,Level 1: Green,Low / Normal Baseline Monitoring,#22c55e,Routine baseline monitoring. Safe terrain condition.
CELL_MEG_1269,25.55445,92.07552,5,Jaintia Hills Block,1637.3,17.6,0.2267,0.6284,0.1424,Level 2: Yellow,Advisory / Early Warning Watch,#eab308,Advisory notice. Maintenance standby and slope drainage watch.
CELL_MEG_1270,26.08427,92.66177,4,Ri-Bhoi Block,539.0,35.5,0.0266,0.6284,0.0167,Level 1: Green,Low / Normal Baseline Monitoring,#22c55e,Routine baseline monitoring. Safe terrain condition.
CELL_MEG_1271,25.56695,89.95373,1,Garo Hills Block,25.0,15.5,0.024,0.6284,0.0151,Level 1: Green,Low / Normal Baseline Monitoring,#22c55e,Routine baseline monitoring. Safe terrain condition.
CELL_MEG_1272,25.36035,91.50847,2,West Khasi Block,1282.0,15.0,0.0508,0.6284,0.0319,Level 1: Green,Low / Normal Baseline Monitoring,#22c55e,Routine baseline monitoring. Safe terrain condition.
CELL_MEG_1273,25.57622,90.08803,1,Garo Hills Block,47.6,24.4,0.0269,0.6284,0.0169,Level 1: Green,Low / Normal Baseline Monitoring,#22c55e,Routine baseline monitoring. Safe terrain condition.
CELL_MEG_1274,26.09127,91.52132,4,Ri-Bhoi Block,929.3,26.0,0.0153,0.6284,0.0096,Level 1: Green,Low / Normal Baseline Monitoring,#22c55e,Routine baseline monitoring. Safe terrain condition.
CELL_MEG_1275,25.17365,90.75555,1,Garo Hills Block,236.2,20.3,0.0204,0.6284,0.0128,Level 1: Green,Low / Normal Baseline Monitoring,#22c55e,Routine baseline monitoring. Safe terrain condition.
CELL_MEG_1276,25.07953,91.59812,2,West Khasi Block,1150.2,28.8,0.0371,0.6284,0.0233,Level 1: Green,Low / Normal Baseline Monitoring,#22c55e,Routine baseline monitoring. Safe terrain condition.
CELL_MEG_1277,26.03664,90.70926,1,Garo Hills Block,80.0,22.4,0.0245,0.6284,0.0154,Level 1: Green,Low / Normal Baseline Monitoring,#22c55e,Routine baseline monitoring. Safe terrain condition.
CELL_MEG_1278,26.07772,92.66985,4,Ri-Bhoi Block,524.3,35.9,0.1485,0.6284,0.0933,Level 1: Green,Low / Normal Baseline Monitoring,#22c55e,Routine baseline monitoring. Safe terrain condition.
CELL_MEG_1279,25.62201,91.82643,3,East Khasi Block,1732.3,28.1,0.0519,0.6284,0.0326,Level 1: Green,Low / Normal Baseline Monitoring,#22c55e,Routine baseline monitoring. Safe terrain condition.
CELL_MEG_1280,25.41925,91.7733,3,East Khasi Block,1581.9,24.3,0.0483,0.6284,0.0303,Level 1: Green,Low / Normal Baseline Monitoring,#22c55e,Routine baseline monitoring. Safe terrain condition.
CELL_MEG_1281,25.37614,91.8662,3,East Khasi Block,1679.2,25.9,0.1109,0.6284,0.0697,Level 1: Green,Low / Normal Baseline Monitoring,#22c55e,Routine baseline monitoring. Safe terrain condition.
CELL_MEG_1282,25.94074,92.74141,4,Ri-Bhoi Block,515.4,21.4,0.2522,0.6284,0.1585,Level 3: Orange,Warning / Heightened Hazard Alert,#f97316,Heightened warning. Travel caution and heavy transport limits.
CELL_MEG_1283,26.06732,92.5112,4,Ri-Bhoi Block,720.6,27.5,0.0206,0.6284,0.0129,Level 1: Green,Low / Normal Baseline Monitoring,#22c55e,Routine baseline monitoring. Safe terrain condition.
CELL_MEG_1284,25.18796,92.02421,5,Jaintia Hills Block,1371.4,20.5,0.0622,0.6284,0.0391,Level 1: Green,Low / Normal Baseline Monitoring,#22c55e,Routine baseline monitoring. Safe terrain condition.
CELL_MEG_1285,25.05568,91.36656,2,West Khasi Block,811.8,34.0,0.0325,0.6284,0.0204,Level 1: Green,Low / Normal Baseline Monitoring,#22c55e,Routine baseline monitoring. Safe terrain condition.
CELL_MEG_1286,25.96224,91.99765,4,Ri-Bhoi Block,1215.5,15.0,0.1006,0.6284,0.0632,Level 1: Green,Low / Normal Baseline Monitoring,#22c55e,Routine baseline monitoring. Safe terrain condition.
CELL_MEG_1287,25.03158,92.00144,5,Jaintia Hills Block,1059.8,26.6,0.0168,0.6284,0.0105,Level 1: Green,Low / Normal Baseline Monitoring,#22c55e,Routine baseline monitoring. Safe terrain condition.
CELL_MEG_1288,25.12492,90.33988,1,Garo Hills Block,57.3,23.6,0.0226,0.6284,0.0142,Level 1: Green,Low / Normal Baseline Monitoring,#22c55e,Routine baseline monitoring. Safe terrain condition.
CELL_MEG_1289,25.93963,91.26039,4,Ri-Bhoi Block,860.6,17.2,0.0395,0.6284,0.0248,Level 1: Green,Low / Normal Baseline Monitoring,#22c55e,Routine baseline monitoring. Safe terrain condition.
CELL_MEG_1290,25.30496,89.93433,1,Garo Hills Block,48.2,17.4,0.055,0.6284,0.0345,Level 1: Green,Low / Normal Baseline Monitoring,#22c55e,Routine baseline monitoring. Safe terrain condition.
CELL_MEG_1291,25.84365,91.97642,4,Ri-Bhoi Block,1427.9,27.5,0.0247,0.6284,0.0155,Level 1: Green,Low / Normal Baseline Monitoring,#22c55e,Routine baseline monitoring. Safe terrain condition.
CELL_MEG_1292,25.61264,91.84353,3,East Khasi Block,1756.9,28.6,0.0455,0.6284,0.0286,Level 1: Green,Low / Normal Baseline Monitoring,#22c55e,Routine baseline monitoring. Safe terrain condition.
CELL_MEG_1293,25.69503,91.55868,4,Ri-Bhoi Block,1433.1,26.7,0.0294,0.6284,0.0185,Level 1: Green,Low / Normal Baseline Monitoring,#22c55e,Routine baseline monitoring. Safe terrain condition.
CELL_MEG_1294,25.13155,90.31715,1,Garo Hills Block,47.0,24.0,0.0659,0.6284,0.0414,Level 1: Green,Low / Normal Baseline Monitoring,#22c55e,Routine baseline monitoring. Safe terrain condition.
CELL_MEG_1295,25.1761,91.60248,3,East Khasi Block,1141.3,27.4,0.0783,0.6284,0.0492,Level 1: Green,Low / Normal Baseline Monitoring,#22c55e,Routine baseline monitoring. Safe terrain condition.
CELL_MEG_1296,25.26317,91.89221,3,East Khasi Block,1404.9,34.3,0.0561,0.6284,0.0352,Level 1: Green,Low / Normal Baseline Monitoring,#22c55e,Routine baseline monitoring. Safe terrain condition.
CELL_MEG_1297,25.12238,91.00469,2,West Khasi Block,493.9,15.5,0.1061,0.6284,0.0667,Level 1: Green,Low / Normal Baseline Monitoring,#22c55e,Routine baseline monitoring. Safe terrain condition.
CELL_MEG_1298,25.1537,91.46445,2,West Khasi Block,1068.1,16.8,0.026,0.6284,0.0163,Level 1: Green,Low / Normal Baseline Monitoring,#22c55e,Routine baseline monitoring. Safe terrain condition.
CELL_MEG_1299,26.06251,91.87237,4,Ri-Bhoi Block,1152.2,35.0,0.1668,0.6284,0.1048,Level 2: Yellow,Advisory / Early Warning Watch,#eab308,Advisory notice. Maintenance standby and slope drainage watch.
CELL_MEG_1300,25.64842,91.73744,3,East Khasi Block,1541.6,26.6,0.0862,0.6284,0.0542,Level 1: Green,Low / Normal Baseline Monitoring,#22c55e,Routine baseline monitoring. Safe terrain condition.
CELL_MEG_1301,25.70705,91.50947,4,Ri-Bhoi Block,1302.3,20.5,0.1059,0.6284,0.0665,Level 1: Green,Low / Normal Baseline Monitoring,#22c55e,Routine baseline monitoring. Safe terrain condition.
CELL_MEG_1302,25.24925,91.26874,2,West Khasi Block,835.0,27.0,0.0302,0.6284,0.019,Level 1: Green,Low / Normal Baseline Monitoring,#22c55e,Routine baseline monitoring. Safe terrain condition.
CELL_MEG_1303,25.03232,91.77399,3,East Khasi Block,1056.0,26.2,0.0541,0.6284,0.034,Level 1: Green,Low / Normal Baseline Monitoring,#22c55e,Routine baseline monitoring. Safe terrain condition.
CELL_MEG_1304,25.73125,91.16451,4,Ri-Bhoi Block,797.9,22.1,0.0392,0.6284,0.0246,Level 1: Green,Low / Normal Baseline Monitoring,#22c55e,Routine baseline monitoring. Safe terrain condition.
CELL_MEG_1305,25.12313,92.21447,5,Jaintia Hills Block,1106.8,19.8,0.0591,0.6284,0.0371,Level 1: Green,Low / Normal Baseline Monitoring,#22c55e,Routine baseline monitoring. Safe terrain condition.
CELL_MEG_1306,25.44612,89.88065,1,Garo Hills Block,43.9,28.9,0.0348,0.6284,0.0219,Level 1: Green,Low / Normal Baseline Monitoring,#22c55e,Routine baseline monitoring. Safe terrain condition.
CELL_MEG_1307,25.55678,91.47655,2,West Khasi Block,1314.8,14.8,0.1674,0.6284,0.1052,Level 2: Yellow,Advisory / Early Warning Watch,#eab308,Advisory notice. Maintenance standby and slope drainage watch.
CELL_MEG_1308,25.56629,91.63139,3,East Khasi Block,1473.8,24.6,0.1575,0.6284,0.099,Level 2: Yellow,Advisory / Early Warning Watch,#eab308,Advisory notice. Maintenance standby and slope drainage watch.
CELL_MEG_1309,25.54199,91.551,2,West Khasi Block,1319.8,17.7,0.0669,0.6284,0.042,Level 1: Green,Low / Normal Baseline Monitoring,#22c55e,Routine baseline monitoring. Safe terrain condition.
CELL_MEG_1310,25.38699,89.91054,1,Garo Hills Block,25.0,19.1,0.0613,0.6284,0.0385,Level 1: Green,Low / Normal Baseline Monitoring,#22c55e,Routine baseline monitoring. Safe terrain condition.
CELL_MEG_1311,25.18397,90.97056,1,Garo Hills Block,411.5,19.8,0.0283,0.6284,0.0178,Level 1: Green,Low / Normal Baseline Monitoring,#22c55e,Routine baseline monitoring. Safe terrain condition.
CELL_MEG_1312,26.03034,90.83121,1,Garo Hills Block,187.9,31.1,0.0199,0.6284,0.0125,Level 1: Green,Low / Normal Baseline Monitoring,#22c55e,Routine baseline monitoring. Safe terrain condition.
CELL_MEG_1313,25.48986,92.5332,5,Jaintia Hills Block,869.5,21.9,0.097,0.6284,0.0609,Level 1: Green,Low / Normal Baseline Monitoring,#22c55e,Routine baseline monitoring. Safe terrain condition.
CELL_MEG_1314,25.31563,90.59049,1,Garo Hills Block,71.4,25.7,0.0581,0.6284,0.0365,Level 1: Green,Low / Normal Baseline Monitoring,#22c55e,Routine baseline monitoring. Safe terrain condition.
CELL_MEG_1315,25.735,90.62989,1,Garo Hills Block,122.9,22.9,0.0274,0.6284,0.0172,Level 1: Green,Low / Normal Baseline Monitoring,#22c55e,Routine baseline monitoring. Safe terrain condition.
CELL_MEG_1316,25.98819,90.35161,1,Garo Hills Block,113.4,23.5,0.0166,0.6284,0.0104,Level 1: Green,Low / Normal Baseline Monitoring,#22c55e,Routine baseline monitoring. Safe terrain condition.
CELL_MEG_1317,26.03523,91.28934,4,Ri-Bhoi Block,832.7,25.6,0.0895,0.6284,0.0562,Level 1: Green,Low / Normal Baseline Monitoring,#22c55e,Routine baseline monitoring. Safe terrain condition.
CELL_MEG_1318,25.44002,90.93006,1,Garo Hills Block,522.0,28.5,0.0702,0.6284,0.0441,Level 1: Green,Low / Normal Baseline Monitoring,#22c55e,Routine baseline monitoring. Safe terrain condition.
CELL_MEG_1319,25.43769,92.79807,5,Jaintia Hills Block,566.8,25.9,0.023,0.6284,0.0144,Level 1: Green,Low / Normal Baseline Monitoring,#22c55e,Routine baseline monitoring. Safe terrain condition.
CELL_MEG_1320,25.43458,92.74683,5,Jaintia Hills Block,622.1,30.1,0.0575,0.6284,0.0361,Level 1: Green,Low / Normal Baseline Monitoring,#22c55e,Routine baseline monitoring. Safe terrain condition.
CELL_MEG_1321,25.03362,92.08021,5,Jaintia Hills Block,1011.7,30.0,0.075,0.6284,0.0471,Level 1: Green,Low / Normal Baseline Monitoring,#22c55e,Routine baseline monitoring. Safe terrain condition.
CELL_MEG_1322,25.04996,90.81564,1,Garo Hills Block,128.2,33.6,0.0158,0.6284,0.0099,Level 1: Green,Low / Normal Baseline Monitoring,#22c55e,Routine baseline monitoring. Safe terrain condition.
CELL_MEG_1323,25.24909,91.56366,2,West Khasi Block,1179.3,30.6,0.025,0.6284,0.0157,Level 1: Green,Low / Normal Baseline Monitoring,#22c55e,Routine baseline monitoring. Safe terrain condition.
CELL_MEG_1324,25.32946,92.61581,5,Jaintia Hills Block,754.0,19.9,0.2443,0.6284,0.1535,Level 3: Orange,Warning / Heightened Hazard Alert,#f97316,Heightened warning. Travel caution and heavy transport limits.
CELL_MEG_1325,25.97098,91.55257,4,Ri-Bhoi Block,1168.4,17.6,0.0358,0.6284,0.0225,Level 1: Green,Low / Normal Baseline Monitoring,#22c55e,Routine baseline monitoring. Safe terrain condition.
CELL_MEG_1326,25.51692,91.25223,2,West Khasi Block,888.2,17.3,0.0767,0.6284,0.0482,Level 1: Green,Low / Normal Baseline Monitoring,#22c55e,Routine baseline monitoring. Safe terrain condition.
CELL_MEG_1327,25.0716,91.03295,2,West Khasi Block,479.6,25.6,0.0537,0.6284,0.0337,Level 1: Green,Low / Normal Baseline Monitoring,#22c55e,Routine baseline monitoring. Safe terrain condition.
CELL_MEG_1328,25.68682,92.39208,4,Ri-Bhoi Block,1037.3,32.9,0.0312,0.6284,0.0196,Level 1: Green,Low / Normal Baseline Monitoring,#22c55e,Routine baseline monitoring. Safe terrain condition.
CELL_MEG_1329,25.84848,92.61527,4,Ri-Bhoi Block,766.7,30.7,0.1154,0.6284,0.0725,Level 1: Green,Low / Normal Baseline Monitoring,#22c55e,Routine baseline monitoring. Safe terrain condition.
CELL_MEG_1330,25.25192,91.69619,3,East Khasi Block,1401.8,30.3,0.039,0.6284,0.0245,Level 1: Green,Low / Normal Baseline Monitoring,#22c55e,Routine baseline monitoring. Safe terrain condition.
CELL_MEG_1331,25.50476,91.67009,3,East Khasi Block,1571.1,26.9,0.1861,0.6284,0.117,Level 2: Yellow,Advisory / Early Warning Watch,#eab308,Advisory notice. Maintenance standby and slope drainage watch.
CELL_MEG_1332,26.02679,90.80852,1,Garo Hills Block,141.8,29.0,0.0208,0.6284,0.0131,Level 1: Green,Low / Normal Baseline Monitoring,#22c55e,Routine baseline monitoring. Safe terrain condition.
CELL_MEG_1333,25.11326,91.7675,3,East Khasi Block,1193.1,15.1,0.0505,0.6284,0.0317,Level 1: Green,Low / Normal Baseline Monitoring,#22c55e,Routine baseline monitoring. Safe terrain condition.
CELL_MEG_1334,25.46414,90.69967,1,Garo Hills Block,185.3,25.5,0.0377,0.6284,0.0237,Level 1: Green,Low / Normal Baseline Monitoring,#22c55e,Routine baseline monitoring. Safe terrain condition.
CELL_MEG_1335,25.14056,92.00706,5,Jaintia Hills Block,1258.7,14.5,0.0842,0.6284,0.0529,Level 1: Green,Low / Normal Baseline Monitoring,#22c55e,Routine baseline monitoring. Safe terrain condition.
CELL_MEG_1336,25.64832,91.81898,3,East Khasi Block,1695.8,30.0,0.1491,0.6284,0.0937,Level 1: Green,Low / Normal Baseline Monitoring,#22c55e,Routine baseline monitoring. Safe terrain condition.
CELL_MEG_1337,25.14411,91.93174,3,East Khasi Block,1263.8,22.2,0.0622,0.6284,0.0391,Level 1: Green,Low / Normal Baseline Monitoring,#22c55e,Routine baseline monitoring. Safe terrain condition.
CELL_MEG_1338,25.0981,91.03454,2,West Khasi Block,500.4,21.2,0.0213,0.6284,0.0134,Level 1: Green,Low / Normal Baseline Monitoring,#22c55e,Routine baseline monitoring. Safe terrain condition.
CELL_MEG_1339,25.10455,89.86339,1,Garo Hills Block,25.0,20.9,0.02,0.6284,0.0126,Level 1: Green,Low / Normal Baseline Monitoring,#22c55e,Routine baseline monitoring. Safe terrain condition.
CELL_MEG_1340,25.78612,91.87127,4,Ri-Bhoi Block,1481.7,25.0,0.3354,0.6284,0.2107,Level 3: Orange,Warning / Heightened Hazard Alert,#f97316,Heightened warning. Travel caution and heavy transport limits.
CELL_MEG_1341,25.6999,91.43689,4,Ri-Bhoi Block,1119.5,26.1,0.1189,0.6284,0.0747,Level 1: Green,Low / Normal Baseline Monitoring,#22c55e,Routine baseline monitoring. Safe terrain condition.
CELL_MEG_1342,25.13506,91.33552,2,West Khasi Block,891.1,22.6,0.0227,0.6284,0.0143,Level 1: Green,Low / Normal Baseline Monitoring,#22c55e,Routine baseline monitoring. Safe terrain condition.
CELL_MEG_1343,25.39132,91.47498,2,West Khasi Block,1206.0,20.2,0.0376,0.6284,0.0236,Level 1: Green,Low / Normal Baseline Monitoring,#22c55e,Routine baseline monitoring. Safe terrain condition.
CELL_MEG_1344,25.83817,92.72197,4,Ri-Bhoi Block,657.0,31.4,0.0128,0.6284,0.008,Level 1: Green,Low / Normal Baseline Monitoring,#22c55e,Routine baseline monitoring. Safe terrain condition.
CELL_MEG_1345,26.0993,90.35851,1,Garo Hills Block,25.0,32.6,0.0396,0.6284,0.0249,Level 1: Green,Low / Normal Baseline Monitoring,#22c55e,Routine baseline monitoring. Safe terrain condition.
CELL_MEG_1346,25.03758,92.28732,5,Jaintia Hills Block,928.7,25.8,0.0266,0.6284,0.0167,Level 1: Green,Low / Normal Baseline Monitoring,#22c55e,Routine baseline monitoring. Safe terrain condition.
CELL_MEG_1347,25.60505,89.80718,1,Garo Hills Block,43.8,30.1,0.0468,0.6284,0.0294,Level 1: Green,Low / Normal Baseline Monitoring,#22c55e,Routine baseline monitoring. Safe terrain condition.
CELL_MEG_1348,25.54609,90.10411,1,Garo Hills Block,73.8,21.4,0.0155,0.6284,0.0097,Level 1: Green,Low / Normal Baseline Monitoring,#22c55e,Routine baseline monitoring. Safe terrain condition.
CELL_MEG_1349,26.01084,90.64798,1,Garo Hills Block,123.9,22.9,0.0245,0.6284,0.0154,Level 1: Green,Low / Normal Baseline Monitoring,#22c55e,Routine baseline monitoring. Safe terrain condition.
CELL_MEG_1350,25.8334,92.62926,4,Ri-Bhoi Block,777.3,30.4,0.0233,0.6284,0.0147,Level 1: Green,Low / Normal Baseline Monitoring,#22c55e,Routine baseline monitoring. Safe terrain condition.
CELL_MEG_1351,25.16676,90.99282,1,Garo Hills Block,462.7,17.3,0.0155,0.6284,0.0097,Level 1: Green,Low / Normal Baseline Monitoring,#22c55e,Routine baseline monitoring. Safe terrain condition.
CELL_MEG_1352,25.65285,92.23102,4,Ri-Bhoi Block,1399.6,29.5,0.0266,0.6284,0.0167,Level 1: Green,Low / Normal Baseline Monitoring,#22c55e,Routine baseline monitoring. Safe terrain condition.
CELL_MEG_1353,25.02733,91.53337,2,West Khasi Block,1018.4,27.6,0.0478,0.6284,0.0301,Level 1: Green,Low / Normal Baseline Monitoring,#22c55e,Routine baseline monitoring. Safe terrain condition.
CELL_MEG_1354,25.10203,91.80776,3,East Khasi Block,1209.6,19.2,0.0349,0.6284,0.0219,Level 1: Green,Low / Normal Baseline Monitoring,#22c55e,Routine baseline monitoring. Safe terrain condition.
CELL_MEG_1355,25.72237,91.72378,4,Ri-Bhoi Block,1466.3,19.4,0.0636,0.6284,0.04,Level 1: Green,Low / Normal Baseline Monitoring,#22c55e,Routine baseline monitoring. Safe terrain condition.
CELL_MEG_1356,25.0551,89.98679,1,Garo Hills Block,123.4,28.3,0.0286,0.6284,0.018,Level 1: Green,Low / Normal Baseline Monitoring,#22c55e,Routine baseline monitoring. Safe terrain condition.
CELL_MEG_1357,25.5598,91.93172,3,East Khasi Block,1730.7,22.0,0.2572,0.6284,0.1617,Level 3: Orange,Warning / Heightened Hazard Alert,#f97316,Heightened warning. Travel caution and heavy transport limits.
CELL_MEG_1358,25.98117,92.47269,4,Ri-Bhoi Block,871.4,20.2,0.0355,0.6284,0.0223,Level 1: Green,Low / Normal Baseline Monitoring,#22c55e,Routine baseline monitoring. Safe terrain condition.
CELL_MEG_1359,25.5409,91.73164,3,East Khasi Block,1722.8,15.5,0.096,0.6284,0.0603,Level 1: Green,Low / Normal Baseline Monitoring,#22c55e,Routine baseline monitoring. Safe terrain condition.
CELL_MEG_1360,25.49105,89.99018,1,Garo Hills Block,25.0,26.1,0.0197,0.6284,0.0124,Level 1: Green,Low / Normal Baseline Monitoring,#22c55e,Routine baseline monitoring. Safe terrain condition.
CELL_MEG_1361,25.55802,91.87339,3,East Khasi Block,1772.3,23.6,0.1628,0.6284,0.1023,Level 2: Yellow,Advisory / Early Warning Watch,#eab308,Advisory notice. Maintenance standby and slope drainage watch.
CELL_MEG_1362,25.92704,91.18696,4,Ri-Bhoi Block,746.1,21.6,0.0393,0.6284,0.0247,Level 1: Green,Low / Normal Baseline Monitoring,#22c55e,Routine baseline monitoring. Safe terrain condition.
CELL_MEG_1363,25.15548,91.63009,3,East Khasi Block,1177.7,25.3,0.0378,0.6284,0.0237,Level 1: Green,Low / Normal Baseline Monitoring,#22c55e,Routine baseline monitoring. Safe terrain condition.
CELL_MEG_1364,25.79961,92.18129,4,Ri-Bhoi Block,1250.0,26.5,0.0194,0.6284,0.0122,Level 1: Green,Low / Normal Baseline Monitoring,#22c55e,Routine baseline monitoring. Safe terrain condition.
CELL_MEG_1365,25.71557,91.48136,4,Ri-Bhoi Block,1222.6,19.2,0.0608,0.6284,0.0382,Level 1: Green,Low / Normal Baseline Monitoring,#22c55e,Routine baseline monitoring. Safe terrain condition.
CELL_MEG_1366,25.92082,91.02558,4,Ri-Bhoi Block,546.2,22.7,0.0419,0.6284,0.0263,Level 1: Green,Low / Normal Baseline Monitoring,#22c55e,Routine baseline monitoring. Safe terrain condition.
CELL_MEG_1367,25.09959,92.8399,5,Jaintia Hills Block,417.5,18.1,0.0746,0.6284,0.0469,Level 1: Green,Low / Normal Baseline Monitoring,#22c55e,Routine baseline monitoring. Safe terrain condition.
CELL_MEG_1368,25.34148,92.25715,5,Jaintia Hills Block,1284.4,15.0,0.0642,0.6284,0.0403,Level 1: Green,Low / Normal Baseline Monitoring,#22c55e,Routine baseline monitoring. Safe terrain condition.
CELL_MEG_1369,25.5898,91.24677,2,West Khasi Block,939.2,17.7,0.1422,0.6284,0.0894,Level 1: Green,Low / Normal Baseline Monitoring,#22c55e,Routine baseline monitoring. Safe terrain condition.
CELL_MEG_1370,25.78358,92.00866,4,Ri-Bhoi Block,1502.4,15.6,0.2262,0.6284,0.1421,Level 2: Yellow,Advisory / Early Warning Watch,#eab308,Advisory notice. Maintenance standby and slope drainage watch.
CELL_MEG_1371,25.42729,91.47181,2,West Khasi Block,1236.5,26.0,0.0231,0.6284,0.0145,Level 1: Green,Low / Normal Baseline Monitoring,#22c55e,Routine baseline monitoring. Safe terrain condition.
CELL_MEG_1372,25.36722,92.07825,5,Jaintia Hills Block,1402.0,19.5,0.0511,0.6284,0.0321,Level 1: Green,Low / Normal Baseline Monitoring,#22c55e,Routine baseline monitoring. Safe terrain condition.
CELL_MEG_1373,25.15225,91.73779,3,East Khasi Block,1290.9,15.7,0.0314,0.6284,0.0197,Level 1: Green,Low / Normal Baseline Monitoring,#22c55e,Routine baseline monitoring. Safe terrain condition.
CELL_MEG_1374,25.52584,92.64033,5,Jaintia Hills Block,848.2,23.9,0.1643,0.6284,0.1032,Level 2: Yellow,Advisory / Early Warning Watch,#eab308,Advisory notice. Maintenance standby and slope drainage watch.
CELL_MEG_1375,25.22989,91.20905,2,West Khasi Block,772.2,26.9,0.0144,0.6284,0.009,Level 1: Green,Low / Normal Baseline Monitoring,#22c55e,Routine baseline monitoring. Safe terrain condition.
CELL_MEG_1376,25.56671,91.71656,3,East Khasi Block,1674.0,17.2,0.2757,0.6284,0.1733,Level 3: Orange,Warning / Heightened Hazard Alert,#f97316,Heightened warning. Travel caution and heavy transport limits.
CELL_MEG_1377,25.64289,91.72296,3,East Khasi Block,1536.5,27.4,0.376,0.6284,0.2363,Level 3: Orange,Warning / Heightened Hazard Alert,#f97316,Heightened warning. Travel caution and heavy transport limits.
CELL_MEG_1378,25.65408,90.3978,1,Garo Hills Block,47.2,29.6,0.0173,0.6284,0.0109,Level 1: Green,Low / Normal Baseline Monitoring,#22c55e,Routine baseline monitoring. Safe terrain condition.
CELL_MEG_1379,25.88753,90.96606,1,Garo Hills Block,439.9,24.9,0.0137,0.6284,0.0086,Level 1: Green,Low / Normal Baseline Monitoring,#22c55e,Routine baseline monitoring. Safe terrain condition.
CELL_MEG_1380,25.48668,91.42175,2,West Khasi Block,1263.0,28.6,0.021,0.6284,0.0132,Level 1: Green,Low / Normal Baseline Monitoring,#22c55e,Routine baseline monitoring. Safe terrain condition.
CELL_MEG_1381,25.62668,89.92737,1,Garo Hills Block,44.5,23.8,0.0157,0.6284,0.0099,Level 1: Green,Low / Normal Baseline Monitoring,#22c55e,Routine baseline monitoring. Safe terrain condition.
CELL_MEG_1382,25.04908,90.81722,1,Garo Hills Block,131.1,33.8,0.0386,0.6284,0.0243,Level 1: Green,Low / Normal Baseline Monitoring,#22c55e,Routine baseline monitoring. Safe terrain condition.
CELL_MEG_1383,25.55715,92.80211,5,Jaintia Hills Block,504.0,14.1,0.3038,0.6284,0.1909,Level 3: Orange,Warning / Heightened Hazard Alert,#f97316,Heightened warning. Travel caution and heavy transport limits.
CELL_MEG_1384,25.68433,91.63121,4,Ri-Bhoi Block,1494.5,34.0,0.0447,0.6284,0.0281,Level 1: Green,Low / Normal Baseline Monitoring,#22c55e,Routine baseline monitoring. Safe terrain condition.
CELL_MEG_1385,25.11765,92.23972,5,Jaintia Hills Block,1082.3,17.2,0.0698,0.6284,0.0439,Level 1: Green,Low / Normal Baseline Monitoring,#22c55e,Routine baseline monitoring. Safe terrain condition.
CELL_MEG_1386,25.06947,92.34933,5,Jaintia Hills Block,831.5,26.9,0.1699,0.6284,0.1068,Level 2: Yellow,Advisory / Early Warning Watch,#eab308,Advisory notice. Maintenance standby and slope drainage watch.
CELL_MEG_1387,25.04981,91.25297,2,West Khasi Block,810.0,25.1,0.0269,0.6284,0.0169,Level 1: Green,Low / Normal Baseline Monitoring,#22c55e,Routine baseline monitoring. Safe terrain condition.
CELL_MEG_1388,25.13427,92.17283,5,Jaintia Hills Block,1136.0,23.5,0.3246,0.6284,0.204,Level 3: Orange,Warning / Heightened Hazard Alert,#f97316,Heightened warning. Travel caution and heavy transport limits.
CELL_MEG_1389,25.68859,91.96678,4,Ri-Bhoi Block,1626.7,27.2,0.0892,0.6284,0.0561,Level 1: Green,Low / Normal Baseline Monitoring,#22c55e,Routine baseline monitoring. Safe terrain condition.
CELL_MEG_1390,25.31066,91.51664,2,West Khasi Block,1252.8,16.9,0.0485,0.6284,0.0305,Level 1: Green,Low / Normal Baseline Monitoring,#22c55e,Routine baseline monitoring. Safe terrain condition.
CELL_MEG_1391,25.58584,92.72149,5,Jaintia Hills Block,689.8,24.3,0.1907,0.6284,0.1198,Level 2: Yellow,Advisory / Early Warning Watch,#eab308,Advisory notice. Maintenance standby and slope drainage watch.
CELL_MEG_1392,25.96047,92.08576,4,Ri-Bhoi Block,1160.2,19.0,0.0294,0.6284,0.0185,Level 1: Green,Low / Normal Baseline Monitoring,#22c55e,Routine baseline monitoring. Safe terrain condition.
CELL_MEG_1393,25.43883,91.83988,3,East Khasi Block,1691.5,32.5,0.0716,0.6284,0.045,Level 1: Green,Low / Normal Baseline Monitoring,#22c55e,Routine baseline monitoring. Safe terrain condition.
CELL_MEG_1394,25.0561,90.93666,1,Garo Hills Block,441.6,26.0,0.0177,0.6284,0.0111,Level 1: Green,Low / Normal Baseline Monitoring,#22c55e,Routine baseline monitoring. Safe terrain condition.
CELL_MEG_1395,25.18454,91.69899,3,East Khasi Block,1334.5,24.4,0.0851,0.6284,0.0535,Level 1: Green,Low / Normal Baseline Monitoring,#22c55e,Routine baseline monitoring. Safe terrain condition.
CELL_MEG_1396,25.56534,92.03177,5,Jaintia Hills Block,1692.4,14.6,0.515,0.6284,0.3237,Level 3: Orange,Warning / Heightened Hazard Alert,#f97316,Heightened warning. Travel caution and heavy transport limits.
CELL_MEG_1397,25.86238,91.69482,4,Ri-Bhoi Block,1395.1,31.0,0.0565,0.6284,0.0355,Level 1: Green,Low / Normal Baseline Monitoring,#22c55e,Routine baseline monitoring. Safe terrain condition.
CELL_MEG_1398,25.06384,90.88342,1,Garo Hills Block,318.8,30.8,0.0267,0.6284,0.0168,Level 1: Green,Low / Normal Baseline Monitoring,#22c55e,Routine baseline monitoring. Safe terrain condition.
CELL_MEG_1399,25.02981,90.96862,1,Garo Hills Block,450.3,26.1,0.0128,0.6284,0.008,Level 1: Green,Low / Normal Baseline Monitoring,#22c55e,Routine baseline monitoring. Safe terrain condition.
CELL_MEG_1400,25.52161,92.29583,5,Jaintia Hills Block,1285.9,16.5,0.1459,0.6284,0.0917,Level 1: Green,Low / Normal Baseline Monitoring,#22c55e,Routine baseline monitoring. Safe terrain condition.
CELL_MEG_1401,25.38936,92.33564,5,Jaintia Hills Block,1107.2,22.4,0.0264,0.6284,0.0166,Level 1: Green,Low / Normal Baseline Monitoring,#22c55e,Routine baseline monitoring. Safe terrain condition.
CELL_MEG_1402,25.78553,92.02947,4,Ri-Bhoi Block,1496.5,15.6,0.0374,0.6284,0.0235,Level 1: Green,Low / Normal Baseline Monitoring,#22c55e,Routine baseline monitoring. Safe terrain condition.
CELL_MEG_1403,25.30079,89.95138,1,Garo Hills Block,53.3,18.8,0.0593,0.6284,0.0373,Level 1: Green,Low / Normal Baseline Monitoring,#22c55e,Routine baseline monitoring. Safe terrain condition.
CELL_MEG_1404,25.5096,91.79456,3,East Khasi Block,1746.9,19.7,0.1878,0.6284,0.118,Level 2: Yellow,Advisory / Early Warning Watch,#eab308,Advisory notice. Maintenance standby and slope drainage watch.
CELL_MEG_1405,25.22949,91.93797,3,East Khasi Block,1346.4,33.0,0.126,0.6284,0.0792,Level 1: Green,Low / Normal Baseline Monitoring,#22c55e,Routine baseline monitoring. Safe terrain condition.
CELL_MEG_1406,25.07113,92.81128,5,Jaintia Hills Block,455.9,21.7,0.0347,0.6284,0.0218,Level 1: Green,Low / Normal Baseline Monitoring,#22c55e,Routine baseline monitoring. Safe terrain condition.
CELL_MEG_1407,25.50637,91.198,2,West Khasi Block,872.5,20.8,0.3066,0.6284,0.1927,Level 3: Orange,Warning / Heightened Hazard Alert,#f97316,Heightened warning. Travel caution and heavy transport limits.
CELL_MEG_1408,25.16333,92.2368,5,Jaintia Hills Block,1073.7,19.3,0.052,0.6284,0.0327,Level 1: Green,Low / Normal Baseline Monitoring,#22c55e,Routine baseline monitoring. Safe terrain condition.
CELL_MEG_1409,25.16131,90.9077,1,Garo Hills Block,353.0,21.3,0.0126,0.6284,0.0079,Level 1: Green,Low / Normal Baseline Monitoring,#22c55e,Routine baseline monitoring. Safe terrain condition.
CELL_MEG_1410,25.4769,92.104,5,Jaintia Hills Block,1541.6,30.6,0.0805,0.6284,0.0506,Level 1: Green,Low / Normal Baseline Monitoring,#22c55e,Routine baseline monitoring. Safe terrain condition.
CELL_MEG_1411,25.8449,91.88008,4,Ri-Bhoi Block,1354.8,34.7,0.0248,0.6284,0.0156,Level 1: Green,Low / Normal Baseline Monitoring,#22c55e,Routine baseline monitoring. Safe terrain condition.
CELL_MEG_1412,25.10572,91.07573,2,West Khasi Block,527.8,24.6,0.0208,0.6284,0.0131,Level 1: Green,Low / Normal Baseline Monitoring,#22c55e,Routine baseline monitoring. Safe terrain condition.
CELL_MEG_1413,25.22436,90.02785,1,Garo Hills Block,25.0,34.2,0.0152,0.6284,0.0095,Level 1: Green,Low / Normal Baseline Monitoring,#22c55e,Routine baseline monitoring. Safe terrain condition.
CELL_MEG_1414,25.2905,92.7996,5,Jaintia Hills Block,513.2,20.0,0.0415,0.6284,0.0261,Level 1: Green,Low / Normal Baseline Monitoring,#22c55e,Routine baseline monitoring. Safe terrain condition.
CELL_MEG_1415,25.57957,91.92703,3,East Khasi Block,1742.0,24.3,0.0713,0.6284,0.0448,Level 1: Green,Low / Normal Baseline Monitoring,#22c55e,Routine baseline monitoring. Safe terrain condition.
CELL_MEG_1416,26.09935,91.88362,4,Ri-Bhoi Block,1042.0,34.4,0.0364,0.6284,0.0229,Level 1: Green,Low / Normal Baseline Monitoring,#22c55e,Routine baseline monitoring. Safe terrain condition.
CELL_MEG_1417,25.51394,91.84679,3,East Khasi Block,1729.7,24.8,0.1295,0.6284,0.0814,Level 1: Green,Low / Normal Baseline Monitoring,#22c55e,Routine baseline monitoring. Safe terrain condition.
CELL_MEG_1418,25.95522,92.74981,4,Ri-Bhoi Block,500.1,18.7,0.0555,0.6284,0.0349,Level 1: Green,Low / Normal Baseline Monitoring,#22c55e,Routine baseline monitoring. Safe terrain condition.
CELL_MEG_1419,25.59744,91.80508,3,East Khasi Block,1727.6,21.4,0.0788,0.6284,0.0495,Level 1: Green,Low / Normal Baseline Monitoring,#22c55e,Routine baseline monitoring. Safe terrain condition.
CELL_MEG_1420,25.52029,91.56109,2,West Khasi Block,1321.5,21.1,0.0485,0.6284,0.0305,Level 1: Green,Low / Normal Baseline Monitoring,#22c55e,Routine baseline monitoring. Safe terrain condition.
CELL_MEG_1421,25.49241,90.51602,1,Garo Hills Block,93.5,26.1,0.0233,0.6284,0.0146,Level 1: Green,Low / Normal Baseline Monitoring,#22c55e,Routine baseline monitoring. Safe terrain condition.
CELL_MEG_1422,25.03852,90.95675,1,Garo Hills Block,452.3,26.2,0.0733,0.6284,0.046,Level 1: Green,Low / Normal Baseline Monitoring,#22c55e,Routine baseline monitoring. Safe terrain condition.
CELL_MEG_1423,25.75104,92.8248,4,Ri-Bhoi Block,514.3,14.7,0.0651,0.6284,0.0409,Level 1: Green,Low / Normal Baseline Monitoring,#22c55e,Routine baseline monitoring. Safe terrain condition.
CELL_MEG_1424,25.06518,91.65857,3,East Khasi Block,1099.5,31.5,0.1047,0.6284,0.0658,Level 1: Green,Low / Normal Baseline Monitoring,#22c55e,Routine baseline monitoring. Safe terrain condition.
CELL_MEG_1425,26.01426,90.55364,1,Garo Hills Block,40.6,27.3,0.0178,0.6284,0.0112,Level 1: Green,Low / Normal Baseline Monitoring,#22c55e,Routine baseline monitoring. Safe terrain condition.
CELL_MEG_1426,25.08494,91.98084,3,East Khasi Block,1169.0,21.5,0.1245,0.6284,0.0782,Level 1: Green,Low / Normal Baseline Monitoring,#22c55e,Routine baseline monitoring. Safe terrain condition.
CELL_MEG_1427,25.28522,90.43113,1,Garo Hills Block,49.6,21.4,0.019,0.6284,0.0119,Level 1: Green,Low / Normal Baseline Monitoring,#22c55e,Routine baseline monitoring. Safe terrain condition.
CELL_MEG_1428,26.09924,92.61985,4,Ri-Bhoi Block,576.3,30.5,0.07,0.6284,0.044,Level 1: Green,Low / Normal Baseline Monitoring,#22c55e,Routine baseline monitoring. Safe terrain condition.
CELL_MEG_1429,25.8913,89.8159,1,Garo Hills Block,79.0,33.8,0.0157,0.6284,0.0099,Level 1: Green,Low / Normal Baseline Monitoring,#22c55e,Routine baseline monitoring. Safe terrain condition.
CELL_MEG_1430,25.1717,91.00925,2,West Khasi Block,499.4,19.2,0.0211,0.6284,0.0133,Level 1: Green,Low / Normal Baseline Monitoring,#22c55e,Routine baseline monitoring. Safe terrain condition.
CELL_MEG_1431,25.04941,92.22823,5,Jaintia Hills Block,1072.5,28.7,0.1051,0.6284,0.066,Level 1: Green,Low / Normal Baseline Monitoring,#22c55e,Routine baseline monitoring. Safe terrain condition.
CELL_MEG_1432,25.34002,91.97716,3,East Khasi Block,1516.0,16.7,0.2335,0.6284,0.1467,Level 2: Yellow,Advisory / Early Warning Watch,#eab308,Advisory notice. Maintenance standby and slope drainage watch.
CELL_MEG_1433,25.49675,91.70981,3,East Khasi Block,1663.2,23.7,0.2011,0.6284,0.1264,Level 2: Yellow,Advisory / Early Warning Watch,#eab308,Advisory notice. Maintenance standby and slope drainage watch.
CELL_MEG_1434,25.09566,91.7855,3,East Khasi Block,1170.3,18.2,0.025,0.6284,0.0157,Level 1: Green,Low / Normal Baseline Monitoring,#22c55e,Routine baseline monitoring. Safe terrain condition.
CELL_MEG_1435,25.07646,91.42396,2,West Khasi Block,853.1,26.8,0.0186,0.6284,0.0117,Level 1: Green,Low / Normal Baseline Monitoring,#22c55e,Routine baseline monitoring. Safe terrain condition.
CELL_MEG_1436,25.61438,92.07832,5,Jaintia Hills Block,1543.5,25.7,0.0991,0.6284,0.0623,Level 1: Green,Low / Normal Baseline Monitoring,#22c55e,Routine baseline monitoring. Safe terrain condition.
CELL_MEG_1437,25.56259,91.71353,3,East Khasi Block,1673.4,17.2,0.3183,0.6284,0.2,Level 3: Orange,Warning / Heightened Hazard Alert,#f97316,Heightened warning. Travel caution and heavy transport limits.
CELL_MEG_1438,25.50025,90.18489,1,Garo Hills Block,112.9,19.9,0.0438,0.6284,0.0275,Level 1: Green,Low / Normal Baseline Monitoring,#22c55e,Routine baseline monitoring. Safe terrain condition.
CELL_MEG_1439,25.89108,92.62511,4,Ri-Bhoi Block,725.0,30.9,0.016,0.6284,0.01,Level 1: Green,Low / Normal Baseline Monitoring,#22c55e,Routine baseline monitoring. Safe terrain condition.
CELL_MEG_1440,25.35451,92.29008,5,Jaintia Hills Block,1204.5,14.4,0.0755,0.6284,0.0475,Level 1: Green,Low / Normal Baseline Monitoring,#22c55e,Routine baseline monitoring. Safe terrain condition.
CELL_MEG_1441,26.02886,91.19476,4,Ri-Bhoi Block,693.2,23.4,0.0204,0.6284,0.0128,Level 1: Green,Low / Normal Baseline Monitoring,#22c55e,Routine baseline monitoring. Safe terrain condition.
CELL_MEG_1442,25.90244,92.81041,4,Ri-Bhoi Block,433.7,22.7,0.0304,0.6284,0.0191,Level 1: Green,Low / Normal Baseline Monitoring,#22c55e,Routine baseline monitoring. Safe terrain condition.
CELL_MEG_1443,25.07614,90.61349,1,Garo Hills Block,115.0,29.4,0.0307,0.6284,0.0193,Level 1: Green,Low / Normal Baseline Monitoring,#22c55e,Routine baseline monitoring. Safe terrain condition.
CELL_MEG_1444,25.64649,91.17942,2,West Khasi Block,853.1,29.8,0.0268,0.6284,0.0169,Level 1: Green,Low / Normal Baseline Monitoring,#22c55e,Routine baseline monitoring. Safe terrain condition.
CELL_MEG_1445,25.2295,91.31057,2,West Khasi Block,888.8,31.8,0.0157,0.6284,0.0099,Level 1: Green,Low / Normal Baseline Monitoring,#22c55e,Routine baseline monitoring. Safe terrain condition.
CELL_MEG_1446,25.74556,91.80324,4,Ri-Bhoi Block,1550.8,17.0,0.0492,0.6284,0.0309,Level 1: Green,Low / Normal Baseline Monitoring,#22c55e,Routine baseline monitoring. Safe terrain condition.
CELL_MEG_1447,25.53521,92.62004,5,Jaintia Hills Block,848.6,20.7,0.1396,0.6284,0.0877,Level 1: Green,Low / Normal Baseline Monitoring,#22c55e,Routine baseline monitoring. Safe terrain condition.
CELL_MEG_1448,25.50382,91.81045,3,East Khasi Block,1737.1,22.3,0.1635,0.6284,0.1028,Level 2: Yellow,Advisory / Early Warning Watch,#eab308,Advisory notice. Maintenance standby and slope drainage watch.
CELL_MEG_1449,25.7526,92.01459,4,Ri-Bhoi Block,1498.4,14.3,0.2218,0.6284,0.1394,Level 2: Yellow,Advisory / Early Warning Watch,#eab308,Advisory notice. Maintenance standby and slope drainage watch.
CELL_MEG_1450,25.24055,91.86222,3,East Khasi Block,1357.1,34.8,0.0428,0.6284,0.0269,Level 1: Green,Low / Normal Baseline Monitoring,#22c55e,Routine baseline monitoring. Safe terrain condition.
CELL_MEG_1451,25.10924,91.18815,2,West Khasi Block,704.2,18.5,0.0895,0.6284,0.0562,Level 1: Green,Low / Normal Baseline Monitoring,#22c55e,Routine baseline monitoring. Safe terrain condition.
CELL_MEG_1452,26.06976,92.78824,4,Ri-Bhoi Block,390.6,26.5,0.041,0.6284,0.0258,Level 1: Green,Low / Normal Baseline Monitoring,#22c55e,Routine baseline monitoring. Safe terrain condition.
CELL_MEG_1453,25.7434,91.71406,4,Ri-Bhoi Block,1466.2,17.6,0.255,0.6284,0.1603,Level 3: Orange,Warning / Heightened Hazard Alert,#f97316,Heightened warning. Travel caution and heavy transport limits.
CELL_MEG_1454,25.28132,91.0855,2,West Khasi Block,689.0,30.9,0.0418,0.6284,0.0263,Level 1: Green,Low / Normal Baseline Monitoring,#22c55e,Routine baseline monitoring. Safe terrain condition.
CELL_MEG_1455,25.05693,91.66563,3,East Khasi Block,1081.0,32.1,0.0544,0.6284,0.0342,Level 1: Green,Low / Normal Baseline Monitoring,#22c55e,Routine baseline monitoring. Safe terrain condition.
CELL_MEG_1456,25.93793,89.86938,1,Garo Hills Block,25.0,20.8,0.0071,0.6284,0.0045,Level 1: Green,Low / Normal Baseline Monitoring,#22c55e,Routine baseline monitoring. Safe terrain condition.
CELL_MEG_1457,25.46579,91.84477,3,East Khasi Block,1703.6,32.2,0.0388,0.6284,0.0244,Level 1: Green,Low / Normal Baseline Monitoring,#22c55e,Routine baseline monitoring. Safe terrain condition.
CELL_MEG_1458,26.09132,91.96086,4,Ri-Bhoi Block,1078.8,29.9,0.021,0.6284,0.0132,Level 1: Green,Low / Normal Baseline Monitoring,#22c55e,Routine baseline monitoring. Safe terrain condition.
CELL_MEG_1459,25.85579,92.33541,4,Ri-Bhoi Block,1150.8,29.1,0.1956,0.6284,0.1229,Level 2: Yellow,Advisory / Early Warning Watch,#eab308,Advisory notice. Maintenance standby and slope drainage watch.
CELL_MEG_1460,25.55291,91.65777,3,East Khasi Block,1541.5,22.9,0.2272,0.6284,0.1428,Level 2: Yellow,Advisory / Early Warning Watch,#eab308,Advisory notice. Maintenance standby and slope drainage watch.
CELL_MEG_1461,25.64694,91.84079,3,East Khasi Block,1737.5,32.5,0.0958,0.6284,0.0602,Level 1: Green,Low / Normal Baseline Monitoring,#22c55e,Routine baseline monitoring. Safe terrain condition.
CELL_MEG_1462,25.11642,92.2365,5,Jaintia Hills Block,1086.4,17.6,0.0711,0.6284,0.0447,Level 1: Green,Low / Normal Baseline Monitoring,#22c55e,Routine baseline monitoring. Safe terrain condition.
CELL_MEG_1463,25.33245,92.49768,5,Jaintia Hills Block,991.0,17.3,0.0384,0.6284,0.0242,Level 1: Green,Low / Normal Baseline Monitoring,#22c55e,Routine baseline monitoring. Safe terrain condition.
CELL_MEG_1464,25.66389,91.31252,4,Ri-Bhoi Block,1083.5,32.0,0.0208,0.6284,0.0131,Level 1: Green,Low / Normal Baseline Monitoring,#22c55e,Routine baseline monitoring. Safe terrain condition.
CELL_MEG_1465,25.05233,91.51909,2,West Khasi Block,1022.7,25.1,0.0237,0.6284,0.0149,Level 1: Green,Low / Normal Baseline Monitoring,#22c55e,Routine baseline monitoring. Safe terrain condition.
CELL_MEG_1466,25.19005,91.0035,2,West Khasi Block,487.5,22.0,0.0255,0.6284,0.016,Level 1: Green,Low / Normal Baseline Monitoring,#22c55e,Routine baseline monitoring. Safe terrain condition.
CELL_MEG_1467,25.20258,90.60846,1,Garo Hills Block,25.0,32.1,0.0281,0.6284,0.0176,Level 1: Green,Low / Normal Baseline Monitoring,#22c55e,Routine baseline monitoring. Safe terrain condition.
CELL_MEG_1468,25.69863,90.76551,1,Garo Hills Block,206.3,25.2,0.0215,0.6284,0.0135,Level 1: Green,Low / Normal Baseline Monitoring,#22c55e,Routine baseline monitoring. Safe terrain condition.
CELL_MEG_1469,25.59527,90.49445,1,Garo Hills Block,58.9,20.9,0.0126,0.6284,0.0079,Level 1: Green,Low / Normal Baseline Monitoring,#22c55e,Routine baseline monitoring. Safe terrain condition.
CELL_MEG_1470,25.11028,91.96531,3,East Khasi Block,1226.5,19.3,0.0279,0.6284,0.0175,Level 1: Green,Low / Normal Baseline Monitoring,#22c55e,Routine baseline monitoring. Safe terrain condition.
CELL_MEG_1471,25.95941,91.2383,4,Ri-Bhoi Block,839.2,14.3,0.1857,0.6284,0.1167,Level 2: Yellow,Advisory / Early Warning Watch,#eab308,Advisory notice. Maintenance standby and slope drainage watch.
CELL_MEG_1472,26.0174,90.56087,1,Garo Hills Block,51.9,28.4,0.0178,0.6284,0.0112,Level 1: Green,Low / Normal Baseline Monitoring,#22c55e,Routine baseline monitoring. Safe terrain condition.
CELL_MEG_1473,25.16094,91.13187,2,West Khasi Block,709.0,25.1,0.0901,0.6284,0.0566,Level 1: Green,Low / Normal Baseline Monitoring,#22c55e,Routine baseline monitoring. Safe terrain condition.
CELL_MEG_1474,25.0326,91.98524,3,East Khasi Block,1087.8,27.8,0.0237,0.6284,0.0149,Level 1: Green,Low / Normal Baseline Monitoring,#22c55e,Routine baseline monitoring. Safe terrain condition.
CELL_MEG_1475,25.28098,90.56146,1,Garo Hills Block,43.5,30.9,0.0649,0.6284,0.0408,Level 1: Green,Low / Normal Baseline Monitoring,#22c55e,Routine baseline monitoring. Safe terrain condition.
CELL_MEG_1476,25.03823,91.22528,2,West Khasi Block,745.1,25.9,0.0281,0.6284,0.0177,Level 1: Green,Low / Normal Baseline Monitoring,#22c55e,Routine baseline monitoring. Safe terrain condition.
CELL_MEG_1477,25.33932,90.65832,1,Garo Hills Block,177.8,17.8,0.0242,0.6284,0.0152,Level 1: Green,Low / Normal Baseline Monitoring,#22c55e,Routine baseline monitoring. Safe terrain condition.
CELL_MEG_1478,25.64813,91.54994,2,West Khasi Block,1423.9,29.1,0.0496,0.6284,0.0312,Level 1: Green,Low / Normal Baseline Monitoring,#22c55e,Routine baseline monitoring. Safe terrain condition.
CELL_MEG_1479,25.37138,91.49572,2,West Khasi Block,1251.4,16.2,0.0441,0.6284,0.0277,Level 1: Green,Low / Normal Baseline Monitoring,#22c55e,Routine baseline monitoring. Safe terrain condition.
CELL_MEG_1480,26.0837,91.58782,4,Ri-Bhoi Block,984.1,33.5,0.025,0.6284,0.0157,Level 1: Green,Low / Normal Baseline Monitoring,#22c55e,Routine baseline monitoring. Safe terrain condition.
CELL_MEG_1481,25.44192,91.27179,2,West Khasi Block,993.5,27.6,0.0254,0.6284,0.0159,Level 1: Green,Low / Normal Baseline Monitoring,#22c55e,Routine baseline monitoring. Safe terrain condition.
CELL_MEG_1482,26.04451,90.21077,1,Garo Hills Block,25.0,24.2,0.0191,0.6284,0.012,Level 1: Green,Low / Normal Baseline Monitoring,#22c55e,Routine baseline monitoring. Safe terrain condition.
CELL_MEG_1483,26.02871,92.69558,4,Ri-Bhoi Block,462.5,30.6,0.0699,0.6284,0.0439,Level 1: Green,Low / Normal Baseline Monitoring,#22c55e,Routine baseline monitoring. Safe terrain condition.
CELL_MEG_1484,25.67505,91.05429,4,Ri-Bhoi Block,638.1,31.7,0.0649,0.6284,0.0408,Level 1: Green,Low / Normal Baseline Monitoring,#22c55e,Routine baseline monitoring. Safe terrain condition.
CELL_MEG_1485,25.14191,90.3865,1,Garo Hills Block,41.1,19.2,0.0181,0.6284,0.0113,Level 1: Green,Low / Normal Baseline Monitoring,#22c55e,Routine baseline monitoring. Safe terrain condition.
CELL_MEG_1486,25.55401,92.80601,5,Jaintia Hills Block,493.0,14.0,0.4273,0.6284,0.2685,Level 3: Orange,Warning / Heightened Hazard Alert,#f97316,Heightened warning. Travel caution and heavy transport limits.
CELL_MEG_1487,25.30358,91.69374,3,East Khasi Block,1401.7,22.8,0.0946,0.6284,0.0594,Level 1: Green,Low / Normal Baseline Monitoring,#22c55e,Routine baseline monitoring. Safe terrain condition.
CELL_MEG_1488,25.60619,91.74725,3,East Khasi Block,1644.5,20.7,0.2803,0.6284,0.1761,Level 3: Orange,Warning / Heightened Hazard Alert,#f97316,Heightened warning. Travel caution and heavy transport limits.
CELL_MEG_1489,25.39944,92.12275,5,Jaintia Hills Block,1443.9,29.6,0.0389,0.6284,0.0244,Level 1: Green,Low / Normal Baseline Monitoring,#22c55e,Routine baseline monitoring. Safe terrain condition.
CELL_MEG_1490,25.94015,91.01752,4,Ri-Bhoi Block,532.0,18.7,0.0399,0.6284,0.0251,Level 1: Green,Low / Normal Baseline Monitoring,#22c55e,Routine baseline monitoring. Safe terrain condition.
CELL_MEG_1491,25.97757,91.51122,4,Ri-Bhoi Block,1078.8,14.3,0.0735,0.6284,0.0462,Level 1: Green,Low / Normal Baseline Monitoring,#22c55e,Routine baseline monitoring. Safe terrain condition.
CELL_MEG_1492,25.04898,91.20422,2,West Khasi Block,704.4,26.3,0.022,0.6284,0.0138,Level 1: Green,Low / Normal Baseline Monitoring,#22c55e,Routine baseline monitoring. Safe terrain condition.
CELL_MEG_1493,25.05325,91.00381,2,West Khasi Block,478.9,25.5,0.0217,0.6284,0.0136,Level 1: Green,Low / Normal Baseline Monitoring,#22c55e,Routine baseline monitoring. Safe terrain condition.
CELL_MEG_1494,25.45838,90.01992,1,Garo Hills Block,26.3,33.6,0.0264,0.6284,0.0166,Level 1: Green,Low / Normal Baseline Monitoring,#22c55e,Routine baseline monitoring. Safe terrain condition.
CELL_MEG_1495,25.85654,90.92427,1,Garo Hills Block,374.4,29.1,0.0288,0.6284,0.0181,Level 1: Green,Low / Normal Baseline Monitoring,#22c55e,Routine baseline monitoring. Safe terrain condition.
CELL_MEG_1496,25.51323,92.13749,5,Jaintia Hills Block,1469.0,27.2,0.0449,0.6284,0.0282,Level 1: Green,Low / Normal Baseline Monitoring,#22c55e,Routine baseline monitoring. Safe terrain condition.
CELL_MEG_1497,25.68975,91.62013,4,Ri-Bhoi Block,1492.2,33.1,0.0438,0.6284,0.0275,Level 1: Green,Low / Normal Baseline Monitoring,#22c55e,Routine baseline monitoring. Safe terrain condition.
CELL_MEG_1498,26.08888,92.66891,4,Ri-Bhoi Block,535.1,35.4,0.0281,0.6284,0.0176,Level 1: Green,Low / Normal Baseline Monitoring,#22c55e,Routine baseline monitoring. Safe terrain condition.
CELL_MEG_1499,25.43553,91.54648,2,West Khasi Block,1371.9,28.6,0.017,0.6284,0.0107,Level 1: Green,Low / Normal Baseline Monitoring,#22c55e,Routine baseline monitoring. Safe terrain condition.
CELL_MEG_1500,25.51363,91.87463,3,East Khasi Block,1720.6,27.1,0.1437,0.6284,0.0903,Level 1: Green,Low / Normal Baseline Monitoring,#22c55e,Routine baseline monitoring. Safe terrain condition.
CELL_MEG_1501,25.64479,91.73486,3,East Khasi Block,1545.4,26.6,0.0764,0.6284,0.048,Level 1: Green,Low / Normal Baseline Monitoring,#22c55e,Routine baseline monitoring. Safe terrain condition.
CELL_MEG_1502,25.14749,91.13436,2,West Khasi Block,684.6,23.5,0.0322,0.6284,0.0202,Level 1: Green,Low / Normal Baseline Monitoring,#22c55e,Routine baseline monitoring. Safe terrain condition.
CELL_MEG_1503,25.53645,89.85726,1,Garo Hills Block,127.0,20.2,0.0404,0.6284,0.0254,Level 1: Green,Low / Normal Baseline Monitoring,#22c55e,Routine baseline monitoring. Safe terrain condition.
CELL_MEG_1504,25.99687,90.14513,1,Garo Hills Block,25.0,18.4,0.0212,0.6284,0.0133,Level 1: Green,Low / Normal Baseline Monitoring,#22c55e,Routine baseline monitoring. Safe terrain condition.
CELL_MEG_1505,25.0322,90.64849,1,Garo Hills Block,119.1,30.9,0.0262,0.6284,0.0164,Level 1: Green,Low / Normal Baseline Monitoring,#22c55e,Routine baseline monitoring. Safe terrain condition.
CELL_MEG_1506,25.03831,91.43624,2,West Khasi Block,825.1,30.4,0.0163,0.6284,0.0102,Level 1: Green,Low / Normal Baseline Monitoring,#22c55e,Routine baseline monitoring. Safe terrain condition.
CELL_MEG_1507,25.15049,92.03639,5,Jaintia Hills Block,1278.0,15.1,0.1075,0.6284,0.0675,Level 1: Green,Low / Normal Baseline Monitoring,#22c55e,Routine baseline monitoring. Safe terrain condition.
CELL_MEG_1508,25.08782,91.11946,2,West Khasi Block,539.9,28.4,0.0227,0.6284,0.0143,Level 1: Green,Low / Normal Baseline Monitoring,#22c55e,Routine baseline monitoring. Safe terrain condition.
CELL_MEG_1509,25.18973,91.61647,3,East Khasi Block,1170.2,30.6,0.0238,0.6284,0.0149,Level 1: Green,Low / Normal Baseline Monitoring,#22c55e,Routine baseline monitoring. Safe terrain condition.
CELL_MEG_1510,25.21043,91.89447,3,East Khasi Block,1289.3,34.1,0.1427,0.6284,0.0897,Level 1: Green,Low / Normal Baseline Monitoring,#22c55e,Routine baseline monitoring. Safe terrain condition.
CELL_MEG_1511,25.07663,90.61528,1,Garo Hills Block,115.7,29.2,0.0377,0.6284,0.0237,Level 1: Green,Low / Normal Baseline Monitoring,#22c55e,Routine baseline monitoring. Safe terrain condition.
CELL_MEG_1512,25.41121,91.38404,2,West Khasi Block,1087.4,32.5,0.018,0.6284,0.0113,Level 1: Green,Low / Normal Baseline Monitoring,#22c55e,Routine baseline monitoring. Safe terrain condition.
CELL_MEG_1513,25.75663,91.74058,4,Ri-Bhoi Block,1493.6,14.6,0.2024,0.6284,0.1272,Level 2: Yellow,Advisory / Early Warning Watch,#eab308,Advisory notice. Maintenance standby and slope drainage watch.
CELL_MEG_1514,25.17835,90.99183,1,Garo Hills Block,457.9,19.2,0.0276,0.6284,0.0174,Level 1: Green,Low / Normal Baseline Monitoring,#22c55e,Routine baseline monitoring. Safe terrain condition.
CELL_MEG_1515,25.91204,91.69941,4,Ri-Bhoi Block,1291.5,25.6,0.0395,0.6284,0.0248,Level 1: Green,Low / Normal Baseline Monitoring,#22c55e,Routine baseline monitoring. Safe terrain condition.
CELL_MEG_1516,25.50795,92.07161,5,Jaintia Hills Block,1647.0,21.5,0.1591,0.6284,0.1,Level 2: Yellow,Advisory / Early Warning Watch,#eab308,Advisory notice. Maintenance standby and slope drainage watch.
CELL_MEG_1517,25.07654,90.62691,1,Garo Hills Block,120.7,28.1,0.0283,0.6284,0.0178,Level 1: Green,Low / Normal Baseline Monitoring,#22c55e,Routine baseline monitoring. Safe terrain condition.
CELL_MEG_1518,25.49684,89.85904,1,Garo Hills Block,115.2,25.9,0.0193,0.6284,0.0121,Level 1: Green,Low / Normal Baseline Monitoring,#22c55e,Routine baseline monitoring. Safe terrain condition.
CELL_MEG_1519,25.05713,91.42128,2,West Khasi Block,822.5,30.3,0.06,0.6284,0.0377,Level 1: Green,Low / Normal Baseline Monitoring,#22c55e,Routine baseline monitoring. Safe terrain condition.
CELL_MEG_1520,25.49398,92.64896,5,Jaintia Hills Block,828.8,29.9,0.0626,0.6284,0.0393,Level 1: Green,Low / Normal Baseline Monitoring,#22c55e,Routine baseline monitoring. Safe terrain condition.
CELL_MEG_1521,25.1378,90.38415,1,Garo Hills Block,42.4,19.3,0.0271,0.6284,0.0171,Level 1: Green,Low / Normal Baseline Monitoring,#22c55e,Routine baseline monitoring. Safe terrain condition.
CELL_MEG_1522,26.02888,92.01742,4,Ri-Bhoi Block,1097.4,21.1,0.0235,0.6284,0.0148,Level 1: Green,Low / Normal Baseline Monitoring,#22c55e,Routine baseline monitoring. Safe terrain condition.
CELL_MEG_1523,25.09179,91.29261,2,West Khasi Block,858.7,21.8,0.0252,0.6284,0.0158,Level 1: Green,Low / Normal Baseline Monitoring,#22c55e,Routine baseline monitoring. Safe terrain condition.
CELL_MEG_1524,25.90646,90.60483,1,Garo Hills Block,28.8,31.4,0.0174,0.6284,0.0109,Level 1: Green,Low / Normal Baseline Monitoring,#22c55e,Routine baseline monitoring. Safe terrain condition.
CELL_MEG_1525,25.46542,92.2983,5,Jaintia Hills Block,1261.0,25.4,0.0552,0.6284,0.0347,Level 1: Green,Low / Normal Baseline Monitoring,#22c55e,Routine baseline monitoring. Safe terrain condition.
CELL_MEG_1526,25.42589,91.07722,2,West Khasi Block,683.7,33.7,0.0235,0.6284,0.0148,Level 1: Green,Low / Normal Baseline Monitoring,#22c55e,Routine baseline monitoring. Safe terrain condition.
CELL_MEG_1527,25.0522,91.32398,2,West Khasi Block,834.8,31.9,0.0668,0.6284,0.042,Level 1: Green,Low / Normal Baseline Monitoring,#22c55e,Routine baseline monitoring. Safe terrain condition.
CELL_MEG_1528,25.7985,92.52814,4,Ri-Bhoi Block,821.1,17.9,0.0272,0.6284,0.0171,Level 1: Green,Low / Normal Baseline Monitoring,#22c55e,Routine baseline monitoring. Safe terrain condition.
CELL_MEG_1529,25.0784,91.65045,3,East Khasi Block,1124.0,29.8,0.0501,0.6284,0.0315,Level 1: Green,Low / Normal Baseline Monitoring,#22c55e,Routine baseline monitoring. Safe terrain condition.
CELL_MEG_1530,25.8258,91.13326,4,Ri-Bhoi Block,805.6,31.2,0.0879,0.6284,0.0552,Level 1: Green,Low / Normal Baseline Monitoring,#22c55e,Routine baseline monitoring. Safe terrain condition.
CELL_MEG_1531,25.67598,90.02986,1,Garo Hills Block,120.3,33.8,0.0779,0.6284,0.049,Level 1: Green,Low / Normal Baseline Monitoring,#22c55e,Routine baseline monitoring. Safe terrain condition.
CELL_MEG_1532,26.08463,91.2796,4,Ri-Bhoi Block,709.4,28.1,0.0195,0.6284,0.0123,Level 1: Green,Low / Normal Baseline Monitoring,#22c55e,Routine baseline monitoring. Safe terrain condition.
CELL_MEG_1533,25.25212,92.80911,5,Jaintia Hills Block,432.9,25.4,0.1152,0.6284,0.0724,Level 1: Green,Low / Normal Baseline Monitoring,#22c55e,Routine baseline monitoring. Safe terrain condition.
CELL_MEG_1534,25.183,90.83891,1,Garo Hills Block,347.0,29.6,0.0177,0.6284,0.0111,Level 1: Green,Low / Normal Baseline Monitoring,#22c55e,Routine baseline monitoring. Safe terrain condition.
CELL_MEG_1535,25.2006,91.24526,2,West Khasi Block,757.9,22.8,0.0581,0.6284,0.0365,Level 1: Green,Low / Normal Baseline Monitoring,#22c55e,Routine baseline monitoring. Safe terrain condition.
CELL_MEG_1536,25.2605,91.59238,2,West Khasi Block,1233.7,32.7,0.092,0.6284,0.0578,Level 1: Green,Low / Normal Baseline Monitoring,#22c55e,Routine baseline monitoring. Safe terrain condition.
CELL_MEG_1537,26.09985,90.36193,1,Garo Hills Block,25.0,32.2,0.051,0.6284,0.0321,Level 1: Green,Low / Normal Baseline Monitoring,#22c55e,Routine baseline monitoring. Safe terrain condition.
CELL_MEG_1538,25.02209,91.55035,2,West Khasi Block,1037.0,29.3,0.0483,0.6284,0.0304,Level 1: Green,Low / Normal Baseline Monitoring,#22c55e,Routine baseline monitoring. Safe terrain condition.
CELL_MEG_1539,26.01472,89.82146,1,Garo Hills Block,25.0,27.7,0.0179,0.6284,0.0112,Level 1: Green,Low / Normal Baseline Monitoring,#22c55e,Routine baseline monitoring. Safe terrain condition.
CELL_MEG_1540,25.35089,91.40485,2,West Khasi Block,1052.7,22.4,0.1133,0.6284,0.0712,Level 1: Green,Low / Normal Baseline Monitoring,#22c55e,Routine baseline monitoring. Safe terrain condition.
CELL_MEG_1541,25.60436,92.09761,5,Jaintia Hills Block,1535.6,26.2,0.1119,0.6284,0.0703,Level 1: Green,Low / Normal Baseline Monitoring,#22c55e,Routine baseline monitoring. Safe terrain condition.
CELL_MEG_1542,25.73175,90.0045,1,Garo Hills Block,92.0,22.5,0.0353,0.6284,0.0222,Level 1: Green,Low / Normal Baseline Monitoring,#22c55e,Routine baseline monitoring. Safe terrain condition.
CELL_MEG_1543,25.02634,92.27434,5,Jaintia Hills Block,946.5,26.1,0.0684,0.6284,0.043,Level 1: Green,Low / Normal Baseline Monitoring,#22c55e,Routine baseline monitoring. Safe terrain condition.
CELL_MEG_1544,25.46161,91.87287,3,East Khasi Block,1702.9,34.9,0.0484,0.6284,0.0304,Level 1: Green,Low / Normal Baseline Monitoring,#22c55e,Routine baseline monitoring. Safe terrain condition.
CELL_MEG_1545,25.41886,89.81027,1,Garo Hills Block,25.0,33.8,0.0145,0.6284,0.0091,Level 1: Green,Low / Normal Baseline Monitoring,#22c55e,Routine baseline monitoring. Safe terrain condition.
CELL_MEG_1546,25.16116,91.18077,2,West Khasi Block,733.5,20.0,0.0256,0.6284,0.0161,Level 1: Green,Low / Normal Baseline Monitoring,#22c55e,Routine baseline monitoring. Safe terrain condition.
CELL_MEG_1547,25.61281,92.07995,5,Jaintia Hills Block,1544.5,25.6,0.0991,0.6284,0.0623,Level 1: Green,Low / Normal Baseline Monitoring,#22c55e,Routine baseline monitoring. Safe terrain condition.
CELL_MEG_1548,25.03007,91.53472,2,West Khasi Block,1025.7,27.7,0.0513,0.6284,0.0323,Level 1: Green,Low / Normal Baseline Monitoring,#22c55e,Routine baseline monitoring. Safe terrain condition.
CELL_MEG_1549,25.13771,89.83256,1,Garo Hills Block,53.0,22.4,0.0208,0.6284,0.0131,Level 1: Green,Low / Normal Baseline Monitoring,#22c55e,Routine baseline monitoring. Safe terrain condition.
CELL_MEG_1550,25.96983,91.82311,4,Ri-Bhoi Block,1271.5,18.6,0.0272,0.6284,0.0171,Level 1: Green,Low / Normal Baseline Monitoring,#22c55e,Routine baseline monitoring. Safe terrain condition.
CELL_MEG_1551,25.44574,91.08716,2,West Khasi Block,728.6,35.5,0.0243,0.6284,0.0153,Level 1: Green,Low / Normal Baseline Monitoring,#22c55e,Routine baseline monitoring. Safe terrain condition.
CELL_MEG_1552,25.99476,92.13469,4,Ri-Bhoi Block,1145.1,25.0,0.0125,0.6284,0.0079,Level 1: Green,Low / Normal Baseline Monitoring,#22c55e,Routine baseline monitoring. Safe terrain condition.
CELL_MEG_1553,25.51626,91.25394,2,West Khasi Block,890.1,17.5,0.0462,0.6284,0.029,Level 1: Green,Low / Normal Baseline Monitoring,#22c55e,Routine baseline monitoring. Safe terrain condition.
CELL_MEG_1554,25.50932,91.817,3,East Khasi Block,1738.6,22.1,0.4359,0.6284,0.2739,Level 3: Orange,Warning / Heightened Hazard Alert,#f97316,Heightened warning. Travel caution and heavy transport limits.
CELL_MEG_1555,26.0057,91.23276,4,Ri-Bhoi Block,810.3,17.1,0.02,0.6284,0.0126,Level 1: Green,Low / Normal Baseline Monitoring,#22c55e,Routine baseline monitoring. Safe terrain condition.
CELL_MEG_1556,25.048,92.10659,5,Jaintia Hills Block,1045.1,32.1,0.0268,0.6284,0.0169,Level 1: Green,Low / Normal Baseline Monitoring,#22c55e,Routine baseline monitoring. Safe terrain condition.
CELL_MEG_1557,25.52107,90.87069,1,Garo Hills Block,436.2,25.4,0.0426,0.6284,0.0268,Level 1: Green,Low / Normal Baseline Monitoring,#22c55e,Routine baseline monitoring. Safe terrain condition.
CELL_MEG_1558,25.86641,90.76306,1,Garo Hills Block,285.9,29.1,0.0095,0.6284,0.006,Level 1: Green,Low / Normal Baseline Monitoring,#22c55e,Routine baseline monitoring. Safe terrain condition.
CELL_MEG_1559,25.3584,91.46353,2,West Khasi Block,1154.1,16.4,0.0376,0.6284,0.0236,Level 1: Green,Low / Normal Baseline Monitoring,#22c55e,Routine baseline monitoring. Safe terrain condition.
CELL_MEG_1560,25.03623,91.59939,2,West Khasi Block,1102.4,34.5,0.057,0.6284,0.0358,Level 1: Green,Low / Normal Baseline Monitoring,#22c55e,Routine baseline monitoring. Safe terrain condition.
CELL_MEG_1561,25.2668,90.03159,1,Garo Hills Block,25.0,32.8,0.0247,0.6284,0.0155,Level 1: Green,Low / Normal Baseline Monitoring,#22c55e,Routine baseline monitoring. Safe terrain condition.
CELL_MEG_1562,26.0308,90.73336,1,Garo Hills Block,83.8,22.0,0.0194,0.6284,0.0122,Level 1: Green,Low / Normal Baseline Monitoring,#22c55e,Routine baseline monitoring. Safe terrain condition.
CELL_MEG_1563,25.10637,91.77757,3,East Khasi Block,1184.7,16.2,0.0419,0.6284,0.0264,Level 1: Green,Low / Normal Baseline Monitoring,#22c55e,Routine baseline monitoring. Safe terrain condition.
CELL_MEG_1564,25.29902,91.39188,2,West Khasi Block,1068.5,27.6,0.0434,0.6284,0.0273,Level 1: Green,Low / Normal Baseline Monitoring,#22c55e,Routine baseline monitoring. Safe terrain condition.
CELL_MEG_1565,25.13504,91.86465,3,East Khasi Block,1265.3,23.0,0.1269,0.6284,0.0798,Level 1: Green,Low / Normal Baseline Monitoring,#22c55e,Routine baseline monitoring. Safe terrain condition.
CELL_MEG_1566,25.625,89.95022,1,Garo Hills Block,59.9,24.2,0.0102,0.6284,0.0064,Level 1: Green,Low / Normal Baseline Monitoring,#22c55e,Routine baseline monitoring. Safe terrain condition.
CELL_MEG_1567,26.05694,89.8831,1,Garo Hills Block,25.0,27.8,0.0178,0.6284,0.0112,Level 1: Green,Low / Normal Baseline Monitoring,#22c55e,Routine baseline monitoring. Safe terrain condition.
CELL_MEG_1568,25.6115,89.8095,1,Garo Hills Block,36.1,31.1,0.0161,0.6284,0.0101,Level 1: Green,Low / Normal Baseline Monitoring,#22c55e,Routine baseline monitoring. Safe terrain condition.
CELL_MEG_1569,25.56573,91.92432,3,East Khasi Block,1737.5,23.1,0.0838,0.6284,0.0526,Level 1: Green,Low / Normal Baseline Monitoring,#22c55e,Routine baseline monitoring. Safe terrain condition.
CELL_MEG_1570,25.57831,91.9192,3,East Khasi Block,1746.8,24.8,0.383,0.6284,0.2407,Level 3: Orange,Warning / Heightened Hazard Alert,#f97316,Heightened warning. Travel caution and heavy transport limits.
CELL_MEG_1571,25.58259,91.57068,2,West Khasi Block,1379.6,22.2,0.0471,0.6284,0.0296,Level 1: Green,Low / Normal Baseline Monitoring,#22c55e,Routine baseline monitoring. Safe terrain condition.
CELL_MEG_1572,25.76274,90.15918,1,Garo Hills Block,47.9,15.3,0.0788,0.6284,0.0495,Level 1: Green,Low / Normal Baseline Monitoring,#22c55e,Routine baseline monitoring. Safe terrain condition.
CELL_MEG_1573,25.57662,91.89164,3,East Khasi Block,1765.1,25.6,0.1451,0.6284,0.0912,Level 1: Green,Low / Normal Baseline Monitoring,#22c55e,Routine baseline monitoring. Safe terrain condition.
CELL_MEG_1574,25.02719,91.64605,3,East Khasi Block,1062.5,35.6,0.0361,0.6284,0.0227,Level 1: Green,Low / Normal Baseline Monitoring,#22c55e,Routine baseline monitoring. Safe terrain condition.
CELL_MEG_1575,25.40899,89.92257,1,Garo Hills Block,38.6,22.6,0.0261,0.6284,0.0164,Level 1: Green,Low / Normal Baseline Monitoring,#22c55e,Routine baseline monitoring. Safe terrain condition.
CELL_MEG_1576,25.4037,92.04806,5,Jaintia Hills Block,1473.4,22.5,0.0474,0.6284,0.0298,Level 1: Green,Low / Normal Baseline Monitoring,#22c55e,Routine baseline monitoring. Safe terrain condition.
CELL_MEG_1577,25.81521,90.44482,1,Garo Hills Block,104.3,20.4,0.0185,0.6284,0.0116,Level 1: Green,Low / Normal Baseline Monitoring,#22c55e,Routine baseline monitoring. Safe terrain condition.
CELL_MEG_1578,25.57085,92.07664,5,Jaintia Hills Block,1617.5,18.6,0.2163,0.6284,0.1359,Level 2: Yellow,Advisory / Early Warning Watch,#eab308,Advisory notice. Maintenance standby and slope drainage watch.
CELL_MEG_1579,25.48635,92.19672,5,Jaintia Hills Block,1338.4,29.8,0.0261,0.6284,0.0164,Level 1: Green,Low / Normal Baseline Monitoring,#22c55e,Routine baseline monitoring. Safe terrain condition.
CELL_MEG_1580,25.51945,92.66995,5,Jaintia Hills Block,826.8,26.5,0.0709,0.6284,0.0446,Level 1: Green,Low / Normal Baseline Monitoring,#22c55e,Routine baseline monitoring. Safe terrain condition.
CELL_MEG_1581,25.86788,92.30581,4,Ri-Bhoi Block,1136.0,26.6,0.0129,0.6284,0.0081,Level 1: Green,Low / Normal Baseline Monitoring,#22c55e,Routine baseline monitoring. Safe terrain condition.
CELL_MEG_1582,25.61885,90.34838,1,Garo Hills Block,66.2,31.5,0.0069,0.6284,0.0044,Level 1: Green,Low / Normal Baseline Monitoring,#22c55e,Routine baseline monitoring. Safe terrain condition.
CELL_MEG_1583,25.52518,92.75262,5,Jaintia Hills Block,632.8,19.6,0.0508,0.6284,0.0319,Level 1: Green,Low / Normal Baseline Monitoring,#22c55e,Routine baseline monitoring. Safe terrain condition.
CELL_MEG_1584,25.83322,92.27405,4,Ri-Bhoi Block,1153.5,23.5,0.0257,0.6284,0.0161,Level 1: Green,Low / Normal Baseline Monitoring,#22c55e,Routine baseline monitoring. Safe terrain condition.
CELL_MEG_1585,25.05545,91.22697,2,West Khasi Block,766.7,24.2,0.0263,0.6284,0.0165,Level 1: Green,Low / Normal Baseline Monitoring,#22c55e,Routine baseline monitoring. Safe terrain condition.
CELL_MEG_1586,25.71835,92.3316,4,Ri-Bhoi Block,1123.3,21.2,0.0385,0.6284,0.0242,Level 1: Green,Low / Normal Baseline Monitoring,#22c55e,Routine baseline monitoring. Safe terrain condition.
CELL_MEG_1587,25.07322,92.39994,5,Jaintia Hills Block,804.2,30.9,0.0274,0.6284,0.0172,Level 1: Green,Low / Normal Baseline Monitoring,#22c55e,Routine baseline monitoring. Safe terrain condition.
CELL_MEG_1588,25.61227,90.40181,1,Garo Hills Block,44.3,24.6,0.0106,0.6284,0.0067,Level 1: Green,Low / Normal Baseline Monitoring,#22c55e,Routine baseline monitoring. Safe terrain condition.
CELL_MEG_1589,25.36264,90.65989,1,Garo Hills Block,196.0,18.7,0.0158,0.6284,0.0099,Level 1: Green,Low / Normal Baseline Monitoring,#22c55e,Routine baseline monitoring. Safe terrain condition.
CELL_MEG_1590,25.59333,89.95764,1,Garo Hills Block,35.0,19.3,0.0152,0.6284,0.0096,Level 1: Green,Low / Normal Baseline Monitoring,#22c55e,Routine baseline monitoring. Safe terrain condition.
CELL_MEG_1591,25.19122,92.27871,5,Jaintia Hills Block,1090.4,21.1,0.0557,0.6284,0.035,Level 1: Green,Low / Normal Baseline Monitoring,#22c55e,Routine baseline monitoring. Safe terrain condition.
CELL_MEG_1592,25.16321,90.51186,1,Garo Hills Block,82.8,20.7,0.0203,0.6284,0.0127,Level 1: Green,Low / Normal Baseline Monitoring,#22c55e,Routine baseline monitoring. Safe terrain condition.
CELL_MEG_1593,25.50964,91.37722,2,West Khasi Block,1196.4,28.0,0.0202,0.6284,0.0127,Level 1: Green,Low / Normal Baseline Monitoring,#22c55e,Routine baseline monitoring. Safe terrain condition.
CELL_MEG_1594,25.8447,91.16436,4,Ri-Bhoi Block,800.0,30.7,0.0105,0.6284,0.0066,Level 1: Green,Low / Normal Baseline Monitoring,#22c55e,Routine baseline monitoring. Safe terrain condition.
CELL_MEG_1595,25.87305,91.68596,4,Ri-Bhoi Block,1360.0,32.0,0.0202,0.6284,0.0127,Level 1: Green,Low / Normal Baseline Monitoring,#22c55e,Routine baseline monitoring. Safe terrain condition.
CELL_MEG_1596,25.14215,90.27681,1,Garo Hills Block,34.9,21.7,0.0164,0.6284,0.0103,Level 1: Green,Low / Normal Baseline Monitoring,#22c55e,Routine baseline monitoring. Safe terrain condition.
CELL_MEG_1597,25.492,91.01051,2,West Khasi Block,607.6,23.0,0.0468,0.6284,0.0294,Level 1: Green,Low / Normal Baseline Monitoring,#22c55e,Routine baseline monitoring. Safe terrain condition.
CELL_MEG_1598,25.82303,91.57125,4,Ri-Bhoi Block,1193.2,27.5,0.0117,0.6284,0.0074,Level 1: Green,Low / Normal Baseline Monitoring,#22c55e,Routine baseline monitoring. Safe terrain condition.
CELL_MEG_1599,25.43918,90.32082,1,Garo Hills Block,58.1,35.8,0.0163,0.6284,0.0102,Level 1: Green,Low / Normal Baseline Monitoring,#22c55e,Routine baseline monitoring. Safe terrain condition.
CELL_MEG_1600,25.26498,91.55528,2,West Khasi Block,1208.5,28.0,0.0779,0.6284,0.049,Level 1: Green,Low / Normal Baseline Monitoring,#22c55e,Routine baseline monitoring. Safe terrain condition.
CELL_MEG_1601,25.47731,91.37053,2,West Khasi Block,1155.9,33.7,0.0168,0.6284,0.0105,Level 1: Green,Low / Normal Baseline Monitoring,#22c55e,Routine baseline monitoring. Safe terrain condition.
CELL_MEG_1602,25.20433,91.82186,3,East Khasi Block,1344.5,27.8,0.0941,0.6284,0.0591,Level 1: Green,Low / Normal Baseline Monitoring,#22c55e,Routine baseline monitoring. Safe terrain condition.
CELL_MEG_1603,25.94074,90.58671,1,Garo Hills Block,66.2,26.2,0.0105,0.6284,0.0066,Level 1: Green,Low / Normal Baseline Monitoring,#22c55e,Routine baseline monitoring. Safe terrain condition.
CELL_MEG_1604,25.55083,92.77536,5,Jaintia Hills Block,567.8,15.4,0.0545,0.6284,0.0342,Level 1: Green,Low / Normal Baseline Monitoring,#22c55e,Routine baseline monitoring. Safe terrain condition.
CELL_MEG_1605,25.3799,91.61489,3,East Khasi Block,1469.6,27.1,0.034,0.6284,0.0214,Level 1: Green,Low / Normal Baseline Monitoring,#22c55e,Routine baseline monitoring. Safe terrain condition.
CELL_MEG_1606,25.11741,91.64835,3,East Khasi Block,1166.9,24.1,0.0319,0.6284,0.0201,Level 1: Green,Low / Normal Baseline Monitoring,#22c55e,Routine baseline monitoring. Safe terrain condition.
CELL_MEG_1607,25.1168,92.72567,5,Jaintia Hills Block,504.8,21.6,0.0421,0.6284,0.0264,Level 1: Green,Low / Normal Baseline Monitoring,#22c55e,Routine baseline monitoring. Safe terrain condition.
CELL_MEG_1608,25.79292,92.20389,4,Ri-Bhoi Block,1232.7,23.3,0.0253,0.6284,0.0159,Level 1: Green,Low / Normal Baseline Monitoring,#22c55e,Routine baseline monitoring. Safe terrain condition.
CELL_MEG_1609,25.78043,91.59867,4,Ri-Bhoi Block,1311.6,23.6,0.0168,0.6284,0.0106,Level 1: Green,Low / Normal Baseline Monitoring,#22c55e,Routine baseline monitoring. Safe terrain condition.
CELL_MEG_1610,25.50591,92.41804,5,Jaintia Hills Block,1129.6,28.8,0.1481,0.6284,0.0931,Level 1: Green,Low / Normal Baseline Monitoring,#22c55e,Routine baseline monitoring. Safe terrain condition.
CELL_MEG_1611,26.05338,91.32206,4,Ri-Bhoi Block,811.8,32.0,0.0218,0.6284,0.0137,Level 1: Green,Low / Normal Baseline Monitoring,#22c55e,Routine baseline monitoring. Safe terrain condition.
CELL_MEG_1612,26.02606,91.57917,4,Ri-Bhoi Block,1132.3,27.3,0.0152,0.6284,0.0095,Level 1: Green,Low / Normal Baseline Monitoring,#22c55e,Routine baseline monitoring. Safe terrain condition.
CELL_MEG_1613,25.60146,91.18617,2,West Khasi Block,875.9,22.8,0.0805,0.6284,0.0506,Level 1: Green,Low / Normal Baseline Monitoring,#22c55e,Routine baseline monitoring. Safe terrain condition.
CELL_MEG_1614,25.24603,89.81135,1,Garo Hills Block,92.1,35.5,0.0124,0.6284,0.0078,Level 1: Green,Low / Normal Baseline Monitoring,#22c55e,Routine baseline monitoring. Safe terrain condition.
CELL_MEG_1615,25.28083,91.35466,2,West Khasi Block,1027.5,31.4,0.0461,0.6284,0.029,Level 1: Green,Low / Normal Baseline Monitoring,#22c55e,Routine baseline monitoring. Safe terrain condition.
CELL_MEG_1616,25.43036,91.16788,2,West Khasi Block,829.9,30.7,0.0146,0.6284,0.0092,Level 1: Green,Low / Normal Baseline Monitoring,#22c55e,Routine baseline monitoring. Safe terrain condition.
CELL_MEG_1617,26.0791,90.86833,1,Garo Hills Block,251.9,35.2,0.0443,0.6284,0.0278,Level 1: Green,Low / Normal Baseline Monitoring,#22c55e,Routine baseline monitoring. Safe terrain condition.
CELL_MEG_1618,25.07179,92.165,5,Jaintia Hills Block,1125.4,31.3,0.0242,0.6284,0.0152,Level 1: Green,Low / Normal Baseline Monitoring,#22c55e,Routine baseline monitoring. Safe terrain condition.
CELL_MEG_1619,25.63634,92.12015,5,Jaintia Hills Block,1485.5,33.4,0.0371,0.6284,0.0233,Level 1: Green,Low / Normal Baseline Monitoring,#22c55e,Routine baseline monitoring. Safe terrain condition.
CELL_MEG_1620,25.18185,91.54408,2,West Khasi Block,1096.7,22.1,0.0178,0.6284,0.0112,Level 1: Green,Low / Normal Baseline Monitoring,#22c55e,Routine baseline monitoring. Safe terrain condition.
CELL_MEG_1621,25.29393,90.49559,1,Garo Hills Block,38.5,21.8,0.018,0.6284,0.0113,Level 1: Green,Low / Normal Baseline Monitoring,#22c55e,Routine baseline monitoring. Safe terrain condition.
CELL_MEG_1622,25.03245,90.19754,1,Garo Hills Block,25.0,26.0,0.0125,0.6284,0.0079,Level 1: Green,Low / Normal Baseline Monitoring,#22c55e,Routine baseline monitoring. Safe terrain condition.
CELL_MEG_1623,25.35401,90.15648,1,Garo Hills Block,25.0,15.9,0.028,0.6284,0.0176,Level 1: Green,Low / Normal Baseline Monitoring,#22c55e,Routine baseline monitoring. Safe terrain condition.
CELL_MEG_1624,26.08473,90.74133,1,Garo Hills Block,97.3,26.8,0.0289,0.6284,0.0182,Level 1: Green,Low / Normal Baseline Monitoring,#22c55e,Routine baseline monitoring. Safe terrain condition.
CELL_MEG_1625,25.16075,90.4072,1,Garo Hills Block,52.1,18.6,0.0165,0.6284,0.0104,Level 1: Green,Low / Normal Baseline Monitoring,#22c55e,Routine baseline monitoring. Safe terrain condition.
CELL_MEG_1626,25.65472,89.99533,1,Garo Hills Block,115.4,31.2,0.0212,0.6284,0.0133,Level 1: Green,Low / Normal Baseline Monitoring,#22c55e,Routine baseline monitoring. Safe terrain condition.
CELL_MEG_1627,25.95143,92.73257,4,Ri-Bhoi Block,507.4,21.1,0.1417,0.6284,0.089,Level 1: Green,Low / Normal Baseline Monitoring,#22c55e,Routine baseline monitoring. Safe terrain condition.
CELL_MEG_1628,25.28649,91.17279,2,West Khasi Block,794.8,25.5,0.0313,0.6284,0.0197,Level 1: Green,Low / Normal Baseline Monitoring,#22c55e,Routine baseline monitoring. Safe terrain condition.
CELL_MEG_1629,25.0439,91.75417,3,East Khasi Block,1043.0,25.4,0.0546,0.6284,0.0343,Level 1: Green,Low / Normal Baseline Monitoring,#22c55e,Routine baseline monitoring. Safe terrain condition.
CELL_MEG_1630,25.46704,90.62368,1,Garo Hills Block,54.8,32.7,0.0194,0.6284,0.0122,Level 1: Green,Low / Normal Baseline Monitoring,#22c55e,Routine baseline monitoring. Safe terrain condition.
CELL_MEG_1631,25.46951,90.34796,1,Garo Hills Block,25.0,33.6,0.0266,0.6284,0.0167,Level 1: Green,Low / Normal Baseline Monitoring,#22c55e,Routine baseline monitoring. Safe terrain condition.
CELL_MEG_1632,25.76424,91.52347,4,Ri-Bhoi Block,1265.1,14.9,0.0464,0.6284,0.0292,Level 1: Green,Low / Normal Baseline Monitoring,#22c55e,Routine baseline monitoring. Safe terrain condition.
CELL_MEG_1633,25.94737,90.1583,1,Garo Hills Block,25.0,16.8,0.0211,0.6284,0.0132,Level 1: Green,Low / Normal Baseline Monitoring,#22c55e,Routine baseline monitoring. Safe terrain condition.
CELL_MEG_1634,25.86852,91.85423,4,Ri-Bhoi Block,1350.4,34.1,0.0151,0.6284,0.0095,Level 1: Green,Low / Normal Baseline Monitoring,#22c55e,Routine baseline monitoring. Safe terrain condition.
CELL_MEG_1635,25.14421,91.9192,3,East Khasi Block,1262.8,23.3,0.0604,0.6284,0.0379,Level 1: Green,Low / Normal Baseline Monitoring,#22c55e,Routine baseline monitoring. Safe terrain condition.
CELL_MEG_1636,25.49687,92.6822,5,Jaintia Hills Block,795.6,30.4,0.0503,0.6284,0.0316,Level 1: Green,Low / Normal Baseline Monitoring,#22c55e,Routine baseline monitoring. Safe terrain condition.
CELL_MEG_1637,25.17294,91.76064,3,East Khasi Block,1349.3,17.9,0.0454,0.6284,0.0286,Level 1: Green,Low / Normal Baseline Monitoring,#22c55e,Routine baseline monitoring. Safe terrain condition.
CELL_MEG_1638,25.43254,92.71828,5,Jaintia Hills Block,648.6,33.2,0.0441,0.6284,0.0277,Level 1: Green,Low / Normal Baseline Monitoring,#22c55e,Routine baseline monitoring. Safe terrain condition.
CELL_MEG_1639,25.37637,92.73467,5,Jaintia Hills Block,595.0,22.8,0.0188,0.6284,0.0118,Level 1: Green,Low / Normal Baseline Monitoring,#22c55e,Routine baseline monitoring. Safe terrain condition.
CELL_MEG_1640,25.9936,90.62467,1,Garo Hills Block,128.1,23.0,0.023,0.6284,0.0144,Level 1: Green,Low / Normal Baseline Monitoring,#22c55e,Routine baseline monitoring. Safe terrain condition.
CELL_MEG_1641,25.88782,92.83659,4,Ri-Bhoi Block,381.3,25.9,0.0453,0.6284,0.0285,Level 1: Green,Low / Normal Baseline Monitoring,#22c55e,Routine baseline monitoring. Safe terrain condition.
CELL_MEG_1642,25.29288,91.13217,2,West Khasi Block,738.4,28.5,0.0198,0.6284,0.0125,Level 1: Green,Low / Normal Baseline Monitoring,#22c55e,Routine baseline monitoring. Safe terrain condition.
CELL_MEG_1643,25.58179,90.69954,1,Garo Hills Block,186.7,16.6,0.0229,0.6284,0.0144,Level 1: Green,Low / Normal Baseline Monitoring,#22c55e,Routine baseline monitoring. Safe terrain condition.
CELL_MEG_1644,25.03649,90.47139,1,Garo Hills Block,25.0,26.4,0.0108,0.6284,0.0068,Level 1: Green,Low / Normal Baseline Monitoring,#22c55e,Routine baseline monitoring. Safe terrain condition.
CELL_MEG_1645,25.32449,91.15298,2,West Khasi Block,752.1,22.0,0.0293,0.6284,0.0184,Level 1: Green,Low / Normal Baseline Monitoring,#22c55e,Routine baseline monitoring. Safe terrain condition.
CELL_MEG_1646,25.20479,92.46343,5,Jaintia Hills Block,864.9,30.4,0.0243,0.6284,0.0153,Level 1: Green,Low / Normal Baseline Monitoring,#22c55e,Routine baseline monitoring. Safe terrain condition.
CELL_MEG_1647,25.7813,90.05986,1,Garo Hills Block,28.8,25.1,0.0109,0.6284,0.0068,Level 1: Green,Low / Normal Baseline Monitoring,#22c55e,Routine baseline monitoring. Safe terrain condition.
CELL_MEG_1648,25.7221,91.79365,4,Ri-Bhoi Block,1557.8,19.1,0.0417,0.6284,0.0262,Level 1: Green,Low / Normal Baseline Monitoring,#22c55e,Routine baseline monitoring. Safe terrain condition.
CELL_MEG_1649,26.05272,89.80921,1,Garo Hills Block,25.0,34.5,0.0193,0.6284,0.0121,Level 1: Green,Low / Normal Baseline Monitoring,#22c55e,Routine baseline monitoring. Safe terrain condition.
CELL_MEG_1650,25.28777,92.62976,5,Jaintia Hills Block,740.0,27.5,0.0336,0.6284,0.0211,Level 1: Green,Low / Normal Baseline Monitoring,#22c55e,Routine baseline monitoring. Safe terrain condition.
CELL_MEG_1651,26.0267,91.99779,4,Ri-Bhoi Block,1125.7,21.5,0.0217,0.6284,0.0136,Level 1: Green,Low / Normal Baseline Monitoring,#22c55e,Routine baseline monitoring. Safe terrain condition.
CELL_MEG_1652,25.84702,90.07902,1,Garo Hills Block,34.7,34.5,0.0068,0.6284,0.0042,Level 1: Green,Low / Normal Baseline Monitoring,#22c55e,Routine baseline monitoring. Safe terrain condition.
CELL_MEG_1653,25.57499,90.50633,1,Garo Hills Block,84.2,19.1,0.0293,0.6284,0.0184,Level 1: Green,Low / Normal Baseline Monitoring,#22c55e,Routine baseline monitoring. Safe terrain condition.
CELL_MEG_1654,25.21571,92.27142,5,Jaintia Hills Block,1107.8,25.0,0.0431,0.6284,0.0271,Level 1: Green,Low / Normal Baseline Monitoring,#22c55e,Routine baseline monitoring. Safe terrain condition.
CELL_MEG_1655,25.16584,91.22939,2,West Khasi Block,751.5,16.8,0.0315,0.6284,0.0198,Level 1: Green,Low / Normal Baseline Monitoring,#22c55e,Routine baseline monitoring. Safe terrain condition.
CELL_MEG_1656,26.03366,90.36679,1,Garo Hills Block,83.0,29.2,0.0754,0.6284,0.0474,Level 1: Green,Low / Normal Baseline Monitoring,#22c55e,Routine baseline monitoring. Safe terrain condition.
CELL_MEG_1657,26.07623,92.83258,4,Ri-Bhoi Block,324.7,26.9,0.073,0.6284,0.0459,Level 1: Green,Low / Normal Baseline Monitoring,#22c55e,Routine baseline monitoring. Safe terrain condition.
CELL_MEG_1658,25.62007,90.31893,1,Garo Hills Block,71.9,32.8,0.0139,0.6284,0.0087,Level 1: Green,Low / Normal Baseline Monitoring,#22c55e,Routine baseline monitoring. Safe terrain condition.
CELL_MEG_1659,25.36139,91.0947,2,West Khasi Block,637.4,24.8,0.0328,0.6284,0.0206,Level 1: Green,Low / Normal Baseline Monitoring,#22c55e,Routine baseline monitoring. Safe terrain condition.
CELL_MEG_1660,25.35407,90.65594,1,Garo Hills Block,189.0,18.4,0.021,0.6284,0.0132,Level 1: Green,Low / Normal Baseline Monitoring,#22c55e,Routine baseline monitoring. Safe terrain condition.
CELL_MEG_1661,26.07001,90.26776,1,Garo Hills Block,49.3,32.4,0.0215,0.6284,0.0135,Level 1: Green,Low / Normal Baseline Monitoring,#22c55e,Routine baseline monitoring. Safe terrain condition.
CELL_MEG_1662,25.81199,89.80125,1,Garo Hills Block,86.2,29.7,0.02,0.6284,0.0126,Level 1: Green,Low / Normal Baseline Monitoring,#22c55e,Routine baseline monitoring. Safe terrain condition.
CELL_MEG_1663,25.66388,92.59363,4,Ri-Bhoi Block,845.9,28.8,0.0307,0.6284,0.0193,Level 1: Green,Low / Normal Baseline Monitoring,#22c55e,Routine baseline monitoring. Safe terrain condition.
CELL_MEG_1664,25.33097,90.36585,1,Garo Hills Block,83.7,21.7,0.0231,0.6284,0.0145,Level 1: Green,Low / Normal Baseline Monitoring,#22c55e,Routine baseline monitoring. Safe terrain condition.
CELL_MEG_1665,25.72381,91.97343,4,Ri-Bhoi Block,1569.9,20.4,0.0726,0.6284,0.0456,Level 1: Green,Low / Normal Baseline Monitoring,#22c55e,Routine baseline monitoring. Safe terrain condition.
CELL_MEG_1666,25.76307,90.77392,1,Garo Hills Block,276.2,18.4,0.0299,0.6284,0.0188,Level 1: Green,Low / Normal Baseline Monitoring,#22c55e,Routine baseline monitoring. Safe terrain condition.
CELL_MEG_1667,25.29238,92.71555,5,Jaintia Hills Block,622.8,27.6,0.0594,0.6284,0.0373,Level 1: Green,Low / Normal Baseline Monitoring,#22c55e,Routine baseline monitoring. Safe terrain condition.
CELL_MEG_1668,26.01716,91.19482,4,Ri-Bhoi Block,704.6,21.3,0.0262,0.6284,0.0165,Level 1: Green,Low / Normal Baseline Monitoring,#22c55e,Routine baseline monitoring. Safe terrain condition.
CELL_MEG_1669,25.93389,91.17959,4,Ri-Bhoi Block,729.1,21.3,0.0283,0.6284,0.0178,Level 1: Green,Low / Normal Baseline Monitoring,#22c55e,Routine baseline monitoring. Safe terrain condition.
CELL_MEG_1670,25.47834,90.27813,1,Garo Hills Block,25.0,31.1,0.023,0.6284,0.0145,Level 1: Green,Low / Normal Baseline Monitoring,#22c55e,Routine baseline monitoring. Safe terrain condition.
CELL_MEG_1671,25.48052,91.43912,2,West Khasi Block,1274.4,27.5,0.0202,0.6284,0.0127,Level 1: Green,Low / Normal Baseline Monitoring,#22c55e,Routine baseline monitoring. Safe terrain condition.
CELL_MEG_1672,25.04431,91.15454,2,West Khasi Block,564.6,32.3,0.0235,0.6284,0.0147,Level 1: Green,Low / Normal Baseline Monitoring,#22c55e,Routine baseline monitoring. Safe terrain condition.
CELL_MEG_1673,25.86387,91.87414,4,Ri-Bhoi Block,1339.9,35.6,0.0262,0.6284,0.0164,Level 1: Green,Low / Normal Baseline Monitoring,#22c55e,Routine baseline monitoring. Safe terrain condition.
CELL_MEG_1674,25.70597,92.57414,4,Ri-Bhoi Block,889.4,21.6,0.0853,0.6284,0.0536,Level 1: Green,Low / Normal Baseline Monitoring,#22c55e,Routine baseline monitoring. Safe terrain condition.
CELL_MEG_1675,25.03947,91.49899,2,West Khasi Block,958.3,25.6,0.0271,0.6284,0.0171,Level 1: Green,Low / Normal Baseline Monitoring,#22c55e,Routine baseline monitoring. Safe terrain condition.
CELL_MEG_1676,25.87034,91.45107,4,Ri-Bhoi Block,1157.2,28.9,0.0218,0.6284,0.0137,Level 1: Green,Low / Normal Baseline Monitoring,#22c55e,Routine baseline monitoring. Safe terrain condition.
CELL_MEG_1677,25.36981,90.21556,1,Garo Hills Block,25.0,16.9,0.0182,0.6284,0.0114,Level 1: Green,Low / Normal Baseline Monitoring,#22c55e,Routine baseline monitoring. Safe terrain condition.
CELL_MEG_1678,25.97857,91.23583,4,Ri-Bhoi Block,834.6,14.2,0.259,0.6284,0.1627,Level 3: Orange,Warning / Heightened Hazard Alert,#f97316,Heightened warning. Travel caution and heavy transport limits.
CELL_MEG_1679,25.96836,91.58685,4,Ri-Bhoi Block,1205.3,21.6,0.0348,0.6284,0.0219,Level 1: Green,Low / Normal Baseline Monitoring,#22c55e,Routine baseline monitoring. Safe terrain condition.
CELL_MEG_1680,25.74813,92.253,4,Ri-Bhoi Block,1271.4,15.8,0.0539,0.6284,0.0338,Level 1: Green,Low / Normal Baseline Monitoring,#22c55e,Routine baseline monitoring. Safe terrain condition.
CELL_MEG_1681,25.73189,91.01407,4,Ri-Bhoi Block,623.8,18.2,0.0455,0.6284,0.0286,Level 1: Green,Low / Normal Baseline Monitoring,#22c55e,Routine baseline monitoring. Safe terrain condition.
CELL_MEG_1682,25.57472,92.24929,5,Jaintia Hills Block,1301.6,17.1,0.0688,0.6284,0.0432,Level 1: Green,Low / Normal Baseline Monitoring,#22c55e,Routine baseline monitoring. Safe terrain condition.
CELL_MEG_1683,25.42354,90.98377,1,Garo Hills Block,612.3,24.7,0.0611,0.6284,0.0384,Level 1: Green,Low / Normal Baseline Monitoring,#22c55e,Routine baseline monitoring. Safe terrain condition.
CELL_MEG_1684,25.12335,92.58948,5,Jaintia Hills Block,693.8,16.7,0.0359,0.6284,0.0225,Level 1: Green,Low / Normal Baseline Monitoring,#22c55e,Routine baseline monitoring. Safe terrain condition.
CELL_MEG_1685,25.11832,91.77704,3,East Khasi Block,1212.8,14.9,0.1571,0.6284,0.0987,Level 2: Yellow,Advisory / Early Warning Watch,#eab308,Advisory notice. Maintenance standby and slope drainage watch.
CELL_MEG_1686,25.46625,91.03714,2,West Khasi Block,670.2,29.6,0.0216,0.6284,0.0136,Level 1: Green,Low / Normal Baseline Monitoring,#22c55e,Routine baseline monitoring. Safe terrain condition.
CELL_MEG_1687,25.75392,90.00464,1,Garo Hills Block,57.1,20.4,0.0264,0.6284,0.0166,Level 1: Green,Low / Normal Baseline Monitoring,#22c55e,Routine baseline monitoring. Safe terrain condition.
CELL_MEG_1688,25.6612,92.1547,4,Ri-Bhoi Block,1475.5,35.9,0.0435,0.6284,0.0273,Level 1: Green,Low / Normal Baseline Monitoring,#22c55e,Routine baseline monitoring. Safe terrain condition.
CELL_MEG_1689,25.91447,90.32012,1,Garo Hills Block,38.8,30.7,0.0193,0.6284,0.0122,Level 1: Green,Low / Normal Baseline Monitoring,#22c55e,Routine baseline monitoring. Safe terrain condition.
CELL_MEG_1690,25.98921,91.80125,4,Ri-Bhoi Block,1205.6,17.1,0.0242,0.6284,0.0152,Level 1: Green,Low / Normal Baseline Monitoring,#22c55e,Routine baseline monitoring. Safe terrain condition.
CELL_MEG_1691,25.9724,91.28011,4,Ri-Bhoi Block,893.8,16.4,0.0313,0.6284,0.0197,Level 1: Green,Low / Normal Baseline Monitoring,#22c55e,Routine baseline monitoring. Safe terrain condition.
CELL_MEG_1692,25.6054,92.60307,5,Jaintia Hills Block,834.5,24.2,0.1302,0.6284,0.0818,Level 1: Green,Low / Normal Baseline Monitoring,#22c55e,Routine baseline monitoring. Safe terrain condition.
CELL_MEG_1693,25.9919,91.16689,4,Ri-Bhoi Block,646.0,20.8,0.0373,0.6284,0.0234,Level 1: Green,Low / Normal Baseline Monitoring,#22c55e,Routine baseline monitoring. Safe terrain condition.
CELL_MEG_1694,25.31637,90.99917,1,Garo Hills Block,597.4,16.5,0.0348,0.6284,0.0219,Level 1: Green,Low / Normal Baseline Monitoring,#22c55e,Routine baseline monitoring. Safe terrain condition.
CELL_MEG_1695,25.43878,90.67494,1,Garo Hills Block,165.3,27.8,0.0321,0.6284,0.0202,Level 1: Green,Low / Normal Baseline Monitoring,#22c55e,Routine baseline monitoring. Safe terrain condition.
CELL_MEG_1696,25.31007,92.42624,5,Jaintia Hills Block,1004.8,26.4,0.0489,0.6284,0.0307,Level 1: Green,Low / Normal Baseline Monitoring,#22c55e,Routine baseline monitoring. Safe terrain condition.
CELL_MEG_1697,25.09545,91.86671,3,East Khasi Block,1264.0,26.5,0.0295,0.6284,0.0185,Level 1: Green,Low / Normal Baseline Monitoring,#22c55e,Routine baseline monitoring. Safe terrain condition.
CELL_MEG_1698,25.20665,90.85074,1,Garo Hills Block,363.7,33.6,0.0222,0.6284,0.014,Level 1: Green,Low / Normal Baseline Monitoring,#22c55e,Routine baseline monitoring. Safe terrain condition.
CELL_MEG_1699,25.08647,90.62342,1,Garo Hills Block,111.1,26.7,0.0241,0.6284,0.0151,Level 1: Green,Low / Normal Baseline Monitoring,#22c55e,Routine baseline monitoring. Safe terrain condition.
CELL_MEG_1700,25.8499,92.4993,4,Ri-Bhoi Block,810.4,28.2,0.0116,0.6284,0.0073,Level 1: Green,Low / Normal Baseline Monitoring,#22c55e,Routine baseline monitoring. Safe terrain condition.
CELL_MEG_1701,25.25925,91.21382,2,West Khasi Block,805.6,25.5,0.0223,0.6284,0.014,Level 1: Green,Low / Normal Baseline Monitoring,#22c55e,Routine baseline monitoring. Safe terrain condition.
CELL_MEG_1702,25.52795,92.4644,5,Jaintia Hills Block,993.5,22.4,0.1854,0.6284,0.1165,Level 2: Yellow,Advisory / Early Warning Watch,#eab308,Advisory notice. Maintenance standby and slope drainage watch.
CELL_MEG_1703,25.84382,91.36489,4,Ri-Bhoi Block,1057.5,34.7,0.0251,0.6284,0.0158,Level 1: Green,Low / Normal Baseline Monitoring,#22c55e,Routine baseline monitoring. Safe terrain condition.
CELL_MEG_1704,25.74441,92.38443,4,Ri-Bhoi Block,1067.9,23.4,0.0503,0.6284,0.0316,Level 1: Green,Low / Normal Baseline Monitoring,#22c55e,Routine baseline monitoring. Safe terrain condition.
CELL_MEG_1705,25.0303,91.02881,2,West Khasi Block,452.0,29.6,0.0221,0.6284,0.0139,Level 1: Green,Low / Normal Baseline Monitoring,#22c55e,Routine baseline monitoring. Safe terrain condition.
CELL_MEG_1706,25.99982,92.05796,4,Ri-Bhoi Block,1089.4,17.9,0.0334,0.6284,0.021,Level 1: Green,Low / Normal Baseline Monitoring,#22c55e,Routine baseline monitoring. Safe terrain condition.
CELL_MEG_1707,25.60627,91.41542,2,West Khasi Block,1191.0,27.5,0.0276,0.6284,0.0174,Level 1: Green,Low / Normal Baseline Monitoring,#22c55e,Routine baseline monitoring. Safe terrain condition.
CELL_MEG_1708,25.39559,91.38759,2,West Khasi Block,1069.9,29.6,0.0093,0.6284,0.0058,Level 1: Green,Low / Normal Baseline Monitoring,#22c55e,Routine baseline monitoring. Safe terrain condition.
CELL_MEG_1709,25.72781,91.07601,4,Ri-Bhoi Block,654.0,25.5,0.0156,0.6284,0.0098,Level 1: Green,Low / Normal Baseline Monitoring,#22c55e,Routine baseline monitoring. Safe terrain condition.
CELL_MEG_1710,25.79128,92.42676,4,Ri-Bhoi Block,1027.2,26.1,0.2012,0.6284,0.1264,Level 2: Yellow,Advisory / Early Warning Watch,#eab308,Advisory notice. Maintenance standby and slope drainage watch.
CELL_MEG_1711,25.18706,91.17722,2,West Khasi Block,753.9,24.7,0.0103,0.6284,0.0065,Level 1: Green,Low / Normal Baseline Monitoring,#22c55e,Routine baseline monitoring. Safe terrain condition.
CELL_MEG_1712,25.46066,91.89677,3,East Khasi Block,1699.8,35.5,0.0364,0.6284,0.0228,Level 1: Green,Low / Normal Baseline Monitoring,#22c55e,Routine baseline monitoring. Safe terrain condition.
CELL_MEG_1713,25.28986,91.75276,3,East Khasi Block,1444.5,20.1,0.065,0.6284,0.0409,Level 1: Green,Low / Normal Baseline Monitoring,#22c55e,Routine baseline monitoring. Safe terrain condition.
CELL_MEG_1714,25.96769,91.0753,4,Ri-Bhoi Block,522.7,22.7,0.0221,0.6284,0.0139,Level 1: Green,Low / Normal Baseline Monitoring,#22c55e,Routine baseline monitoring. Safe terrain condition.
CELL_MEG_1715,26.0039,92.82915,4,Ri-Bhoi Block,460.8,17.4,0.0338,0.6284,0.0212,Level 1: Green,Low / Normal Baseline Monitoring,#22c55e,Routine baseline monitoring. Safe terrain condition.
CELL_MEG_1716,25.13458,90.51081,1,Garo Hills Block,47.5,18.2,0.0369,0.6284,0.0232,Level 1: Green,Low / Normal Baseline Monitoring,#22c55e,Routine baseline monitoring. Safe terrain condition.
CELL_MEG_1717,26.04641,92.7229,4,Ri-Bhoi Block,452.4,31.1,0.0143,0.6284,0.009,Level 1: Green,Low / Normal Baseline Monitoring,#22c55e,Routine baseline monitoring. Safe terrain condition.
CELL_MEG_1718,25.12552,89.84574,1,Garo Hills Block,32.8,21.1,0.0182,0.6284,0.0115,Level 1: Green,Low / Normal Baseline Monitoring,#22c55e,Routine baseline monitoring. Safe terrain condition.
CELL_MEG_1719,25.19399,92.83784,5,Jaintia Hills Block,339.7,22.8,0.1248,0.6284,0.0784,Level 1: Green,Low / Normal Baseline Monitoring,#22c55e,Routine baseline monitoring. Safe terrain condition.
CELL_MEG_1720,25.2144,91.33277,2,West Khasi Block,936.0,32.9,0.0188,0.6284,0.0118,Level 1: Green,Low / Normal Baseline Monitoring,#22c55e,Routine baseline monitoring. Safe terrain condition.
CELL_MEG_1721,25.93629,89.86222,1,Garo Hills Block,25.0,21.9,0.0178,0.6284,0.0112,Level 1: Green,Low / Normal Baseline Monitoring,#22c55e,Routine baseline monitoring. Safe terrain condition.
CELL_MEG_1722,25.67285,90.64493,1,Garo Hills Block,194.1,30.6,0.019,0.6284,0.0119,Level 1: Green,Low / Normal Baseline Monitoring,#22c55e,Routine baseline monitoring. Safe terrain condition.
CELL_MEG_1723,25.95132,90.66456,1,Garo Hills Block,101.5,18.0,0.0662,0.6284,0.0416,Level 1: Green,Low / Normal Baseline Monitoring,#22c55e,Routine baseline monitoring. Safe terrain condition.
CELL_MEG_1724,25.7617,91.85637,4,Ri-Bhoi Block,1551.0,22.3,0.0416,0.6284,0.0261,Level 1: Green,Low / Normal Baseline Monitoring,#22c55e,Routine baseline monitoring. Safe terrain condition.
CELL_MEG_1725,25.25921,89.90614,1,Garo Hills Block,65.8,25.4,0.0367,0.6284,0.0231,Level 1: Green,Low / Normal Baseline Monitoring,#22c55e,Routine baseline monitoring. Safe terrain condition.
CELL_MEG_1726,25.46199,90.68204,1,Garo Hills Block,153.5,26.8,0.0815,0.6284,0.0512,Level 1: Green,Low / Normal Baseline Monitoring,#22c55e,Routine baseline monitoring. Safe terrain condition.
CELL_MEG_1727,25.8937,92.24111,4,Ri-Bhoi Block,1121.7,26.5,0.007,0.6284,0.0044,Level 1: Green,Low / Normal Baseline Monitoring,#22c55e,Routine baseline monitoring. Safe terrain condition.
CELL_MEG_1728,25.51359,91.64986,3,East Khasi Block,1513.7,26.9,0.1391,0.6284,0.0874,Level 1: Green,Low / Normal Baseline Monitoring,#22c55e,Routine baseline monitoring. Safe terrain condition.
CELL_MEG_1729,25.6726,92.32283,4,Ri-Bhoi Block,1148.7,27.3,0.0161,0.6284,0.0101,Level 1: Green,Low / Normal Baseline Monitoring,#22c55e,Routine baseline monitoring. Safe terrain condition.
CELL_MEG_1730,25.479,90.64011,1,Garo Hills Block,60.7,29.4,0.0291,0.6284,0.0183,Level 1: Green,Low / Normal Baseline Monitoring,#22c55e,Routine baseline monitoring. Safe terrain condition.
CELL_MEG_1731,25.30624,91.43539,2,West Khasi Block,1114.0,21.9,0.0394,0.6284,0.0247,Level 1: Green,Low / Normal Baseline Monitoring,#22c55e,Routine baseline monitoring. Safe terrain condition.
CELL_MEG_1732,25.50508,91.14237,2,West Khasi Block,873.9,27.2,0.0467,0.6284,0.0293,Level 1: Green,Low / Normal Baseline Monitoring,#22c55e,Routine baseline monitoring. Safe terrain condition.
CELL_MEG_1733,25.11843,91.99174,3,East Khasi Block,1215.8,15.8,0.0252,0.6284,0.0158,Level 1: Green,Low / Normal Baseline Monitoring,#22c55e,Routine baseline monitoring. Safe terrain condition.
CELL_MEG_1734,25.25084,90.40071,1,Garo Hills Block,46.6,28.8,0.0184,0.6284,0.0116,Level 1: Green,Low / Normal Baseline Monitoring,#22c55e,Routine baseline monitoring. Safe terrain condition.
CELL_MEG_1735,25.46578,90.49472,1,Garo Hills Block,74.6,27.5,0.0273,0.6284,0.0172,Level 1: Green,Low / Normal Baseline Monitoring,#22c55e,Routine baseline monitoring. Safe terrain condition.
CELL_MEG_1736,25.65057,90.93296,1,Garo Hills Block,581.4,28.3,0.0241,0.6284,0.0151,Level 1: Green,Low / Normal Baseline Monitoring,#22c55e,Routine baseline monitoring. Safe terrain condition.
CELL_MEG_1737,25.50483,91.43837,2,West Khasi Block,1301.4,23.4,0.0331,0.6284,0.0208,Level 1: Green,Low / Normal Baseline Monitoring,#22c55e,Routine baseline monitoring. Safe terrain condition.
CELL_MEG_1738,25.23982,90.27504,1,Garo Hills Block,25.0,33.3,0.0185,0.6284,0.0116,Level 1: Green,Low / Normal Baseline Monitoring,#22c55e,Routine baseline monitoring. Safe terrain condition.
CELL_MEG_1739,25.97086,91.12286,4,Ri-Bhoi Block,567.4,23.6,0.0246,0.6284,0.0155,Level 1: Green,Low / Normal Baseline Monitoring,#22c55e,Routine baseline monitoring. Safe terrain condition.
CELL_MEG_1740,25.46506,89.90862,1,Garo Hills Block,56.5,25.7,0.0391,0.6284,0.0246,Level 1: Green,Low / Normal Baseline Monitoring,#22c55e,Routine baseline monitoring. Safe terrain condition.
CELL_MEG_1741,25.55781,91.49022,2,West Khasi Block,1315.9,14.2,0.1547,0.6284,0.0972,Level 2: Yellow,Advisory / Early Warning Watch,#eab308,Advisory notice. Maintenance standby and slope drainage watch.
CELL_MEG_1742,25.62355,91.95645,3,East Khasi Block,1710.2,28.4,0.0373,0.6284,0.0234,Level 1: Green,Low / Normal Baseline Monitoring,#22c55e,Routine baseline monitoring. Safe terrain condition.
CELL_MEG_1743,25.21168,90.56928,1,Garo Hills Block,25.0,34.0,0.0651,0.6284,0.0409,Level 1: Green,Low / Normal Baseline Monitoring,#22c55e,Routine baseline monitoring. Safe terrain condition.
CELL_MEG_1744,25.89559,92.68887,4,Ri-Bhoi Block,654.6,33.5,0.0151,0.6284,0.0095,Level 1: Green,Low / Normal Baseline Monitoring,#22c55e,Routine baseline monitoring. Safe terrain condition.
CELL_MEG_1745,25.16681,91.31783,2,West Khasi Block,872.8,23.7,0.0191,0.6284,0.012,Level 1: Green,Low / Normal Baseline Monitoring,#22c55e,Routine baseline monitoring. Safe terrain condition.
CELL_MEG_1746,25.25131,89.98322,1,Garo Hills Block,25.0,29.3,0.0188,0.6284,0.0118,Level 1: Green,Low / Normal Baseline Monitoring,#22c55e,Routine baseline monitoring. Safe terrain condition.
CELL_MEG_1747,25.37154,90.23825,1,Garo Hills Block,38.2,19.2,0.0083,0.6284,0.0052,Level 1: Green,Low / Normal Baseline Monitoring,#22c55e,Routine baseline monitoring. Safe terrain condition.
CELL_MEG_1748,25.78673,91.42786,4,Ri-Bhoi Block,1176.8,21.4,0.0246,0.6284,0.0154,Level 1: Green,Low / Normal Baseline Monitoring,#22c55e,Routine baseline monitoring. Safe terrain condition.
CELL_MEG_1749,25.17534,89.82819,1,Garo Hills Block,103.2,26.9,0.0141,0.6284,0.0088,Level 1: Green,Low / Normal Baseline Monitoring,#22c55e,Routine baseline monitoring. Safe terrain condition.
CELL_MEG_1750,25.89281,90.33739,1,Garo Hills Block,25.0,33.7,0.013,0.6284,0.0082,Level 1: Green,Low / Normal Baseline Monitoring,#22c55e,Routine baseline monitoring. Safe terrain condition.
CELL_MEG_1751,25.67471,90.82761,1,Garo Hills Block,302.8,34.7,0.0311,0.6284,0.0195,Level 1: Green,Low / Normal Baseline Monitoring,#22c55e,Routine baseline monitoring. Safe terrain condition.
CELL_MEG_1752,25.65233,90.76274,1,Garo Hills Block,221.0,29.1,0.0162,0.6284,0.0102,Level 1: Green,Low / Normal Baseline Monitoring,#22c55e,Routine baseline monitoring. Safe terrain condition.
CELL_MEG_1753,25.11389,90.48,1,Garo Hills Block,25.0,16.0,0.0315,0.6284,0.0198,Level 1: Green,Low / Normal Baseline Monitoring,#22c55e,Routine baseline monitoring. Safe terrain condition.
CELL_MEG_1754,25.2231,91.10546,2,West Khasi Block,755.6,35.5,0.023,0.6284,0.0144,Level 1: Green,Low / Normal Baseline Monitoring,#22c55e,Routine baseline monitoring. Safe terrain condition.
CELL_MEG_1755,25.73095,90.60461,1,Garo Hills Block,86.1,25.6,0.0197,0.6284,0.0124,Level 1: Green,Low / Normal Baseline Monitoring,#22c55e,Routine baseline monitoring. Safe terrain condition.
CELL_MEG_1756,25.03304,91.38276,2,West Khasi Block,789.2,35.6,0.019,0.6284,0.0119,Level 1: Green,Low / Normal Baseline Monitoring,#22c55e,Routine baseline monitoring. Safe terrain condition.
CELL_MEG_1757,25.67422,92.73676,4,Ri-Bhoi Block,607.3,30.8,0.0397,0.6284,0.025,Level 1: Green,Low / Normal Baseline Monitoring,#22c55e,Routine baseline monitoring. Safe terrain condition.
CELL_MEG_1758,25.65663,91.23708,4,Ri-Bhoi Block,1001.6,26.0,0.0451,0.6284,0.0283,Level 1: Green,Low / Normal Baseline Monitoring,#22c55e,Routine baseline monitoring. Safe terrain condition.
CELL_MEG_1759,25.63927,92.6301,5,Jaintia Hills Block,759.8,32.4,0.03,0.6284,0.0188,Level 1: Green,Low / Normal Baseline Monitoring,#22c55e,Routine baseline monitoring. Safe terrain condition.
CELL_MEG_1760,25.91465,90.78508,1,Garo Hills Block,240.2,26.4,0.0094,0.6284,0.0059,Level 1: Green,Low / Normal Baseline Monitoring,#22c55e,Routine baseline monitoring. Safe terrain condition.
CELL_MEG_1761,25.27623,90.60103,1,Garo Hills Block,27.2,31.9,0.0196,0.6284,0.0123,Level 1: Green,Low / Normal Baseline Monitoring,#22c55e,Routine baseline monitoring. Safe terrain condition.
CELL_MEG_1762,25.56478,92.06935,5,Jaintia Hills Block,1639.1,17.3,0.2176,0.6284,0.1368,Level 2: Yellow,Advisory / Early Warning Watch,#eab308,Advisory notice. Maintenance standby and slope drainage watch.
CELL_MEG_1763,25.56348,90.00678,1,Garo Hills Block,25.0,20.9,0.018,0.6284,0.0113,Level 1: Green,Low / Normal Baseline Monitoring,#22c55e,Routine baseline monitoring. Safe terrain condition.
CELL_MEG_1764,25.80147,92.25821,4,Ri-Bhoi Block,1183.5,18.8,0.0335,0.6284,0.0211,Level 1: Green,Low / Normal Baseline Monitoring,#22c55e,Routine baseline monitoring. Safe terrain condition.
CELL_MEG_1765,25.33266,91.82558,3,East Khasi Block,1552.3,19.2,0.0671,0.6284,0.0422,Level 1: Green,Low / Normal Baseline Monitoring,#22c55e,Routine baseline monitoring. Safe terrain condition.
CELL_MEG_1766,25.93284,91.40257,4,Ri-Bhoi Block,970.1,25.8,0.0166,0.6284,0.0104,Level 1: Green,Low / Normal Baseline Monitoring,#22c55e,Routine baseline monitoring. Safe terrain condition.
CELL_MEG_1767,25.76683,92.49422,4,Ri-Bhoi Block,929.6,17.5,0.024,0.6284,0.0151,Level 1: Green,Low / Normal Baseline Monitoring,#22c55e,Routine baseline monitoring. Safe terrain condition.
CELL_MEG_1768,25.55537,90.75541,1,Garo Hills Block,327.8,16.4,0.0357,0.6284,0.0224,Level 1: Green,Low / Normal Baseline Monitoring,#22c55e,Routine baseline monitoring. Safe terrain condition.
CELL_MEG_1769,25.83396,90.4712,1,Garo Hills Block,128.7,24.0,0.0158,0.6284,0.0099,Level 1: Green,Low / Normal Baseline Monitoring,#22c55e,Routine baseline monitoring. Safe terrain condition.
CELL_MEG_1770,25.43961,92.44047,5,Jaintia Hills Block,1050.0,35.0,0.0375,0.6284,0.0235,Level 1: Green,Low / Normal Baseline Monitoring,#22c55e,Routine baseline monitoring. Safe terrain condition.
CELL_MEG_1771,25.80238,91.03162,4,Ri-Bhoi Block,615.8,22.0,0.0344,0.6284,0.0216,Level 1: Green,Low / Normal Baseline Monitoring,#22c55e,Routine baseline monitoring. Safe terrain condition.
CELL_MEG_1772,25.25192,90.8857,1,Garo Hills Block,379.4,33.2,0.0212,0.6284,0.0133,Level 1: Green,Low / Normal Baseline Monitoring,#22c55e,Routine baseline monitoring. Safe terrain condition.
CELL_MEG_1773,25.32683,90.33707,1,Garo Hills Block,99.3,24.2,0.0201,0.6284,0.0126,Level 1: Green,Low / Normal Baseline Monitoring,#22c55e,Routine baseline monitoring. Safe terrain condition.
CELL_MEG_1774,25.8228,90.56881,1,Garo Hills Block,25.3,31.4,0.0106,0.6284,0.0067,Level 1: Green,Low / Normal Baseline Monitoring,#22c55e,Routine baseline monitoring. Safe terrain condition.
CELL_MEG_1775,25.5105,90.97687,1,Garo Hills Block,515.4,18.0,0.0581,0.6284,0.0365,Level 1: Green,Low / Normal Baseline Monitoring,#22c55e,Routine baseline monitoring. Safe terrain condition.
CELL_MEG_1776,26.08064,90.99283,1,Garo Hills Block,396.8,26.4,0.0394,0.6284,0.0247,Level 1: Green,Low / Normal Baseline Monitoring,#22c55e,Routine baseline monitoring. Safe terrain condition.
CELL_MEG_1777,25.10638,90.07397,1,Garo Hills Block,54.5,25.5,0.0135,0.6284,0.0085,Level 1: Green,Low / Normal Baseline Monitoring,#22c55e,Routine baseline monitoring. Safe terrain condition.
CELL_MEG_1778,25.65801,91.62806,4,Ri-Bhoi Block,1506.0,36.0,0.093,0.6284,0.0584,Level 1: Green,Low / Normal Baseline Monitoring,#22c55e,Routine baseline monitoring. Safe terrain condition.
CELL_MEG_1779,25.47226,91.11712,2,West Khasi Block,816.7,34.2,0.0383,0.6284,0.0241,Level 1: Green,Low / Normal Baseline Monitoring,#22c55e,Routine baseline monitoring. Safe terrain condition.
CELL_MEG_1780,25.07825,91.37547,2,West Khasi Block,836.0,30.3,0.0252,0.6284,0.0158,Level 1: Green,Low / Normal Baseline Monitoring,#22c55e,Routine baseline monitoring. Safe terrain condition.
CELL_MEG_1781,25.56512,90.25612,1,Garo Hills Block,28.7,19.6,0.0131,0.6284,0.0083,Level 1: Green,Low / Normal Baseline Monitoring,#22c55e,Routine baseline monitoring. Safe terrain condition.
CELL_MEG_1782,25.13215,90.1769,1,Garo Hills Block,44.0,14.2,0.1117,0.6284,0.0702,Level 1: Green,Low / Normal Baseline Monitoring,#22c55e,Routine baseline monitoring. Safe terrain condition.
CELL_MEG_1783,25.12911,91.65961,3,East Khasi Block,1184.4,22.8,0.0517,0.6284,0.0325,Level 1: Green,Low / Normal Baseline Monitoring,#22c55e,Routine baseline monitoring. Safe terrain condition.
CELL_MEG_1784,25.2322,90.56686,1,Garo Hills Block,28.9,35.6,0.0124,0.6284,0.0078,Level 1: Green,Low / Normal Baseline Monitoring,#22c55e,Routine baseline monitoring. Safe terrain condition.
CELL_MEG_1785,25.20746,92.7214,5,Jaintia Hills Block,631.6,31.1,0.0381,0.6284,0.0239,Level 1: Green,Low / Normal Baseline Monitoring,#22c55e,Routine baseline monitoring. Safe terrain condition.
CELL_MEG_1786,25.94299,90.50301,1,Garo Hills Block,25.0,19.3,0.0137,0.6284,0.0086,Level 1: Green,Low / Normal Baseline Monitoring,#22c55e,Routine baseline monitoring. Safe terrain condition.
CELL_MEG_1787,25.37377,90.44017,1,Garo Hills Block,25.0,16.7,0.019,0.6284,0.012,Level 1: Green,Low / Normal Baseline Monitoring,#22c55e,Routine baseline monitoring. Safe terrain condition.
CELL_MEG_1788,25.55123,89.85981,1,Garo Hills Block,117.4,19.3,0.0314,0.6284,0.0197,Level 1: Green,Low / Normal Baseline Monitoring,#22c55e,Routine baseline monitoring. Safe terrain condition.
CELL_MEG_1789,25.74508,91.39563,4,Ri-Bhoi Block,1095.4,23.6,0.0264,0.6284,0.0166,Level 1: Green,Low / Normal Baseline Monitoring,#22c55e,Routine baseline monitoring. Safe terrain condition.
CELL_MEG_1790,25.99053,90.3014,1,Garo Hills Block,123.1,24.5,0.0229,0.6284,0.0144,Level 1: Green,Low / Normal Baseline Monitoring,#22c55e,Routine baseline monitoring. Safe terrain condition.
CELL_MEG_1791,25.88844,92.21548,4,Ri-Bhoi Block,1136.2,30.1,0.0175,0.6284,0.011,Level 1: Green,Low / Normal Baseline Monitoring,#22c55e,Routine baseline monitoring. Safe terrain condition.
CELL_MEG_1792,25.15736,91.01561,2,West Khasi Block,511.3,17.7,0.0326,0.6284,0.0205,Level 1: Green,Low / Normal Baseline Monitoring,#22c55e,Routine baseline monitoring. Safe terrain condition.
CELL_MEG_1793,25.20377,90.5769,1,Garo Hills Block,25.0,33.1,0.0144,0.6284,0.0091,Level 1: Green,Low / Normal Baseline Monitoring,#22c55e,Routine baseline monitoring. Safe terrain condition.
CELL_MEG_1794,25.30431,91.49652,2,West Khasi Block,1211.2,17.5,0.0384,0.6284,0.0241,Level 1: Green,Low / Normal Baseline Monitoring,#22c55e,Routine baseline monitoring. Safe terrain condition.
CELL_MEG_1795,25.46432,92.69058,5,Jaintia Hills Block,736.8,34.9,0.0454,0.6284,0.0285,Level 1: Green,Low / Normal Baseline Monitoring,#22c55e,Routine baseline monitoring. Safe terrain condition.
CELL_MEG_1796,25.15648,92.76976,5,Jaintia Hills Block,477.0,17.4,0.0376,0.6284,0.0236,Level 1: Green,Low / Normal Baseline Monitoring,#22c55e,Routine baseline monitoring. Safe terrain condition.
CELL_MEG_1797,25.26909,92.15727,5,Jaintia Hills Block,1278.0,33.5,0.051,0.6284,0.0321,Level 1: Green,Low / Normal Baseline Monitoring,#22c55e,Routine baseline monitoring. Safe terrain condition.
CELL_MEG_1798,25.38609,90.2364,1,Garo Hills Block,35.7,21.3,0.0082,0.6284,0.0051,Level 1: Green,Low / Normal Baseline Monitoring,#22c55e,Routine baseline monitoring. Safe terrain condition.
CELL_MEG_1799,25.94652,90.74203,1,Garo Hills Block,138.2,16.6,0.0295,0.6284,0.0185,Level 1: Green,Low / Normal Baseline Monitoring,#22c55e,Routine baseline monitoring. Safe terrain condition.
CELL_MEG_1800,25.73156,91.52765,4,Ri-Bhoi Block,1320.8,17.3,0.0471,0.6284,0.0296,Level 1: Green,Low / Normal Baseline Monitoring,#22c55e,Routine baseline monitoring. Safe terrain condition.
CELL_MEG_1801,25.5295,91.31225,2,West Khasi Block,1007.4,21.4,0.0461,0.6284,0.029,Level 1: Green,Low / Normal Baseline Monitoring,#22c55e,Routine baseline monitoring. Safe terrain condition.
CELL_MEG_1802,25.81082,90.06771,1,Garo Hills Block,25.0,29.4,0.0174,0.6284,0.0109,Level 1: Green,Low / Normal Baseline Monitoring,#22c55e,Routine baseline monitoring. Safe terrain condition.
CELL_MEG_1803,25.74163,92.53223,4,Ri-Bhoi Block,929.5,15.3,0.034,0.6284,0.0214,Level 1: Green,Low / Normal Baseline Monitoring,#22c55e,Routine baseline monitoring. Safe terrain condition.
CELL_MEG_1804,25.08241,90.22899,1,Garo Hills Block,26.2,21.7,0.0163,0.6284,0.0102,Level 1: Green,Low / Normal Baseline Monitoring,#22c55e,Routine baseline monitoring. Safe terrain condition.
CELL_MEG_1805,25.79396,91.13371,4,Ri-Bhoi Block,795.1,25.6,0.0189,0.6284,0.0119,Level 1: Green,Low / Normal Baseline Monitoring,#22c55e,Routine baseline monitoring. Safe terrain condition.
CELL_MEG_1806,25.45583,90.21775,1,Garo Hills Block,52.1,26.9,0.0494,0.6284,0.0311,Level 1: Green,Low / Normal Baseline Monitoring,#22c55e,Routine baseline monitoring. Safe terrain condition.
CELL_MEG_1807,25.56731,90.18596,1,Garo Hills Block,96.3,14.7,0.0304,0.6284,0.0191,Level 1: Green,Low / Normal Baseline Monitoring,#22c55e,Routine baseline monitoring. Safe terrain condition.
CELL_MEG_1808,25.53475,92.12903,5,Jaintia Hills Block,1497.7,23.9,0.1293,0.6284,0.0813,Level 1: Green,Low / Normal Baseline Monitoring,#22c55e,Routine baseline monitoring. Safe terrain condition.
CELL_MEG_1809,25.29893,91.2664,2,West Khasi Block,937.2,19.6,0.0319,0.6284,0.02,Level 1: Green,Low / Normal Baseline Monitoring,#22c55e,Routine baseline monitoring. Safe terrain condition.
CELL_MEG_1810,26.09138,91.89428,4,Ri-Bhoi Block,1064.8,35.3,0.0946,0.6284,0.0594,Level 1: Green,Low / Normal Baseline Monitoring,#22c55e,Routine baseline monitoring. Safe terrain condition.
CELL_MEG_1811,25.92866,91.06529,4,Ri-Bhoi Block,580.1,25.9,0.0199,0.6284,0.0125,Level 1: Green,Low / Normal Baseline Monitoring,#22c55e,Routine baseline monitoring. Safe terrain condition.
CELL_MEG_1812,25.84929,89.92355,1,Garo Hills Block,52.6,25.3,0.0096,0.6284,0.006,Level 1: Green,Low / Normal Baseline Monitoring,#22c55e,Routine baseline monitoring. Safe terrain condition.
CELL_MEG_1813,25.15274,90.41936,1,Garo Hills Block,57.9,16.5,0.0223,0.6284,0.014,Level 1: Green,Low / Normal Baseline Monitoring,#22c55e,Routine baseline monitoring. Safe terrain condition.
CELL_MEG_1814,25.45411,92.37952,5,Jaintia Hills Block,1149.4,34.1,0.057,0.6284,0.0358,Level 1: Green,Low / Normal Baseline Monitoring,#22c55e,Routine baseline monitoring. Safe terrain condition.
CELL_MEG_1815,25.39397,91.79659,3,East Khasi Block,1578.4,21.6,0.1101,0.6284,0.0692,Level 1: Green,Low / Normal Baseline Monitoring,#22c55e,Routine baseline monitoring. Safe terrain condition.
CELL_MEG_1816,25.78606,91.58786,4,Ri-Bhoi Block,1284.3,23.3,0.0192,0.6284,0.0121,Level 1: Green,Low / Normal Baseline Monitoring,#22c55e,Routine baseline monitoring. Safe terrain condition.
CELL_MEG_1817,25.40582,91.56001,2,West Khasi Block,1417.2,26.5,0.023,0.6284,0.0144,Level 1: Green,Low / Normal Baseline Monitoring,#22c55e,Routine baseline monitoring. Safe terrain condition.
CELL_MEG_1818,25.38965,90.05581,1,Garo Hills Block,87.9,29.1,0.0149,0.6284,0.0094,Level 1: Green,Low / Normal Baseline Monitoring,#22c55e,Routine baseline monitoring. Safe terrain condition.
CELL_MEG_1819,26.09223,90.18791,1,Garo Hills Block,70.1,25.2,0.0239,0.6284,0.015,Level 1: Green,Low / Normal Baseline Monitoring,#22c55e,Routine baseline monitoring. Safe terrain condition.
CELL_MEG_1820,25.09814,92.47952,5,Jaintia Hills Block,836.5,22.1,0.0396,0.6284,0.0249,Level 1: Green,Low / Normal Baseline Monitoring,#22c55e,Routine baseline monitoring. Safe terrain condition.
CELL_MEG_1821,25.34598,91.78341,3,East Khasi Block,1491.2,14.8,0.088,0.6284,0.0553,Level 1: Green,Low / Normal Baseline Monitoring,#22c55e,Routine baseline monitoring. Safe terrain condition.
CELL_MEG_1822,25.37533,90.99394,1,Garo Hills Block,638.2,17.2,0.0658,0.6284,0.0413,Level 1: Green,Low / Normal Baseline Monitoring,#22c55e,Routine baseline monitoring. Safe terrain condition.
CELL_MEG_1823,25.30308,90.84628,1,Garo Hills Block,351.7,27.7,0.0522,0.6284,0.0328,Level 1: Green,Low / Normal Baseline Monitoring,#22c55e,Routine baseline monitoring. Safe terrain condition.
CELL_MEG_1824,25.46356,91.99727,3,East Khasi Block,1660.4,26.1,0.1427,0.6284,0.0897,Level 1: Green,Low / Normal Baseline Monitoring,#22c55e,Routine baseline monitoring. Safe terrain condition.
CELL_MEG_1825,25.57246,92.67787,5,Jaintia Hills Block,782.6,25.1,0.0469,0.6284,0.0295,Level 1: Green,Low / Normal Baseline Monitoring,#22c55e,Routine baseline monitoring. Safe terrain condition.
CELL_MEG_1826,25.06523,91.33436,2,West Khasi Block,840.5,31.1,0.0221,0.6284,0.0139,Level 1: Green,Low / Normal Baseline Monitoring,#22c55e,Routine baseline monitoring. Safe terrain condition.
CELL_MEG_1827,25.65096,92.6066,4,Ri-Bhoi Block,811.8,30.3,0.0241,0.6284,0.0151,Level 1: Green,Low / Normal Baseline Monitoring,#22c55e,Routine baseline monitoring. Safe terrain condition.
CELL_MEG_1828,25.07309,91.54917,2,West Khasi Block,1104.1,24.5,0.0152,0.6284,0.0095,Level 1: Green,Low / Normal Baseline Monitoring,#22c55e,Routine baseline monitoring. Safe terrain condition.
CELL_MEG_1829,25.94192,90.53788,1,Garo Hills Block,30.9,23.5,0.0101,0.6284,0.0063,Level 1: Green,Low / Normal Baseline Monitoring,#22c55e,Routine baseline monitoring. Safe terrain condition.
CELL_MEG_1830,25.9664,89.85808,1,Garo Hills Block,25.0,19.6,0.0155,0.6284,0.0097,Level 1: Green,Low / Normal Baseline Monitoring,#22c55e,Routine baseline monitoring. Safe terrain condition.
CELL_MEG_1831,25.81105,92.64599,4,Ri-Bhoi Block,775.3,28.2,0.0259,0.6284,0.0163,Level 1: Green,Low / Normal Baseline Monitoring,#22c55e,Routine baseline monitoring. Safe terrain condition.
CELL_MEG_1832,25.72977,91.13904,4,Ri-Bhoi Block,743.1,25.0,0.0267,0.6284,0.0168,Level 1: Green,Low / Normal Baseline Monitoring,#22c55e,Routine baseline monitoring. Safe terrain condition.
CELL_MEG_1833,25.06847,92.60635,5,Jaintia Hills Block,617.1,26.5,0.0909,0.6284,0.0571,Level 1: Green,Low / Normal Baseline Monitoring,#22c55e,Routine baseline monitoring. Safe terrain condition.
CELL_MEG_1834,25.52792,89.88844,1,Garo Hills Block,105.5,17.6,0.047,0.6284,0.0295,Level 1: Green,Low / Normal Baseline Monitoring,#22c55e,Routine baseline monitoring. Safe terrain condition.
CELL_MEG_1835,25.76501,91.2696,4,Ri-Bhoi Block,937.3,15.5,0.0459,0.6284,0.0289,Level 1: Green,Low / Normal Baseline Monitoring,#22c55e,Routine baseline monitoring. Safe terrain condition.
CELL_MEG_1836,25.15429,90.45353,1,Garo Hills Block,76.4,15.2,0.0207,0.6284,0.013,Level 1: Green,Low / Normal Baseline Monitoring,#22c55e,Routine baseline monitoring. Safe terrain condition.
CELL_MEG_1837,25.08965,91.5516,2,West Khasi Block,1114.4,21.9,0.0213,0.6284,0.0134,Level 1: Green,Low / Normal Baseline Monitoring,#22c55e,Routine baseline monitoring. Safe terrain condition.
CELL_MEG_1838,25.69179,91.34251,4,Ri-Bhoi Block,1070.6,32.0,0.0677,0.6284,0.0426,Level 1: Green,Low / Normal Baseline Monitoring,#22c55e,Routine baseline monitoring. Safe terrain condition.
CELL_MEG_1839,25.90247,92.42608,4,Ri-Bhoi Block,948.0,32.5,0.0281,0.6284,0.0176,Level 1: Green,Low / Normal Baseline Monitoring,#22c55e,Routine baseline monitoring. Safe terrain condition.
CELL_MEG_1840,25.68487,89.83891,1,Garo Hills Block,25.0,31.6,0.0152,0.6284,0.0096,Level 1: Green,Low / Normal Baseline Monitoring,#22c55e,Routine baseline monitoring. Safe terrain condition.
CELL_MEG_1841,25.77085,91.0749,4,Ri-Bhoi Block,694.6,22.9,0.0291,0.6284,0.0183,Level 1: Green,Low / Normal Baseline Monitoring,#22c55e,Routine baseline monitoring. Safe terrain condition.
CELL_MEG_1842,25.6308,91.7797,3,East Khasi Block,1642.8,24.8,0.1719,0.6284,0.108,Level 2: Yellow,Advisory / Early Warning Watch,#eab308,Advisory notice. Maintenance standby and slope drainage watch.
CELL_MEG_1843,25.39826,92.59715,5,Jaintia Hills Block,825.6,24.0,0.0273,0.6284,0.0171,Level 1: Green,Low / Normal Baseline Monitoring,#22c55e,Routine baseline monitoring. Safe terrain condition.
CELL_MEG_1844,25.16469,91.84811,3,East Khasi Block,1276.0,24.1,0.038,0.6284,0.0239,Level 1: Green,Low / Normal Baseline Monitoring,#22c55e,Routine baseline monitoring. Safe terrain condition.
CELL_MEG_1845,25.02471,92.62019,5,Jaintia Hills Block,549.5,32.0,0.031,0.6284,0.0195,Level 1: Green,Low / Normal Baseline Monitoring,#22c55e,Routine baseline monitoring. Safe terrain condition.
CELL_MEG_1846,25.1415,90.0894,1,Garo Hills Block,46.2,22.9,0.0073,0.6284,0.0046,Level 1: Green,Low / Normal Baseline Monitoring,#22c55e,Routine baseline monitoring. Safe terrain condition.
CELL_MEG_1847,25.37965,90.93938,1,Garo Hills Block,593.0,19.1,0.0376,0.6284,0.0236,Level 1: Green,Low / Normal Baseline Monitoring,#22c55e,Routine baseline monitoring. Safe terrain condition.
CELL_MEG_1848,25.25144,91.58462,2,West Khasi Block,1203.6,32.8,0.0245,0.6284,0.0154,Level 1: Green,Low / Normal Baseline Monitoring,#22c55e,Routine baseline monitoring. Safe terrain condition.
CELL_MEG_1849,25.49835,89.90424,1,Garo Hills Block,78.4,21.0,0.0484,0.6284,0.0304,Level 1: Green,Low / Normal Baseline Monitoring,#22c55e,Routine baseline monitoring. Safe terrain condition.
CELL_MEG_1850,25.36522,92.27182,5,Jaintia Hills Block,1264.4,15.6,0.0434,0.6284,0.0273,Level 1: Green,Low / Normal Baseline Monitoring,#22c55e,Routine baseline monitoring. Safe terrain condition.
CELL_MEG_1851,25.76488,92.01086,4,Ri-Bhoi Block,1502.5,14.2,0.0611,0.6284,0.0384,Level 1: Green,Low / Normal Baseline Monitoring,#22c55e,Routine baseline monitoring. Safe terrain condition.
CELL_MEG_1852,25.77397,90.74847,1,Garo Hills Block,249.1,16.1,0.0286,0.6284,0.018,Level 1: Green,Low / Normal Baseline Monitoring,#22c55e,Routine baseline monitoring. Safe terrain condition.
CELL_MEG_1853,25.12764,90.63102,1,Garo Hills Block,53.6,21.1,0.0266,0.6284,0.0167,Level 1: Green,Low / Normal Baseline Monitoring,#22c55e,Routine baseline monitoring. Safe terrain condition.
CELL_MEG_1854,25.91833,92.79044,4,Ri-Bhoi Block,475.2,20.4,0.0914,0.6284,0.0574,Level 1: Green,Low / Normal Baseline Monitoring,#22c55e,Routine baseline monitoring. Safe terrain condition.
CELL_MEG_1855,25.55335,89.82959,1,Garo Hills Block,111.4,22.6,0.0318,0.6284,0.02,Level 1: Green,Low / Normal Baseline Monitoring,#22c55e,Routine baseline monitoring. Safe terrain condition.
CELL_MEG_1856,25.17125,90.78235,1,Garo Hills Block,282.4,23.0,0.0087,0.6284,0.0054,Level 1: Green,Low / Normal Baseline Monitoring,#22c55e,Routine baseline monitoring. Safe terrain condition.
CELL_MEG_1857,25.64487,90.02904,1,Garo Hills Block,100.9,34.4,0.0237,0.6284,0.0149,Level 1: Green,Low / Normal Baseline Monitoring,#22c55e,Routine baseline monitoring. Safe terrain condition.
CELL_MEG_1858,26.03883,90.91351,1,Garo Hills Block,376.5,27.3,0.0273,0.6284,0.0171,Level 1: Green,Low / Normal Baseline Monitoring,#22c55e,Routine baseline monitoring. Safe terrain condition.
CELL_MEG_1859,26.00559,92.18059,4,Ri-Bhoi Block,1159.1,26.0,0.0314,0.6284,0.0197,Level 1: Green,Low / Normal Baseline Monitoring,#22c55e,Routine baseline monitoring. Safe terrain condition.
CELL_MEG_1860,25.83587,91.6505,4,Ri-Bhoi Block,1327.5,33.1,0.0205,0.6284,0.0129,Level 1: Green,Low / Normal Baseline Monitoring,#22c55e,Routine baseline monitoring. Safe terrain condition.
CELL_MEG_1861,25.69693,91.74591,4,Ri-Bhoi Block,1492.1,22.4,0.1426,0.6284,0.0896,Level 1: Green,Low / Normal Baseline Monitoring,#22c55e,Routine baseline monitoring. Safe terrain condition.
CELL_MEG_1862,25.69902,91.48887,4,Ri-Bhoi Block,1248.0,21.9,0.1901,0.6284,0.1194,Level 2: Yellow,Advisory / Early Warning Watch,#eab308,Advisory notice. Maintenance standby and slope drainage watch.
CELL_MEG_1863,26.08533,92.03349,4,Ri-Bhoi Block,1086.6,25.9,0.0169,0.6284,0.0106,Level 1: Green,Low / Normal Baseline Monitoring,#22c55e,Routine baseline monitoring. Safe terrain condition.
CELL_MEG_1864,25.8591,92.46101,4,Ri-Bhoi Block,898.5,33.1,0.0068,0.6284,0.0043,Level 1: Green,Low / Normal Baseline Monitoring,#22c55e,Routine baseline monitoring. Safe terrain condition.
CELL_MEG_1865,25.25289,90.0556,1,Garo Hills Block,25.0,35.4,0.022,0.6284,0.0138,Level 1: Green,Low / Normal Baseline Monitoring,#22c55e,Routine baseline monitoring. Safe terrain condition.
CELL_MEG_1866,25.54153,91.36795,2,West Khasi Block,1173.3,24.3,0.037,0.6284,0.0232,Level 1: Green,Low / Normal Baseline Monitoring,#22c55e,Routine baseline monitoring. Safe terrain condition.
CELL_MEG_1867,25.91552,91.15354,4,Ri-Bhoi Block,714.1,27.6,0.0191,0.6284,0.012,Level 1: Green,Low / Normal Baseline Monitoring,#22c55e,Routine baseline monitoring. Safe terrain condition.
CELL_MEG_1868,25.63652,91.40757,2,West Khasi Block,1127.8,32.9,0.0329,0.6284,0.0207,Level 1: Green,Low / Normal Baseline Monitoring,#22c55e,Routine baseline monitoring. Safe terrain condition.
CELL_MEG_1869,25.06126,91.67641,3,East Khasi Block,1075.3,30.4,0.055,0.6284,0.0346,Level 1: Green,Low / Normal Baseline Monitoring,#22c55e,Routine baseline monitoring. Safe terrain condition.
CELL_MEG_1870,25.91429,90.28038,1,Garo Hills Block,40.5,28.5,0.0143,0.6284,0.009,Level 1: Green,Low / Normal Baseline Monitoring,#22c55e,Routine baseline monitoring. Safe terrain condition.
CELL_MEG_1871,25.66188,91.61051,4,Ri-Bhoi Block,1502.9,35.4,0.0255,0.6284,0.016,Level 1: Green,Low / Normal Baseline Monitoring,#22c55e,Routine baseline monitoring. Safe terrain condition.
CELL_MEG_1872,25.19732,90.17656,1,Garo Hills Block,124.0,22.4,0.0109,0.6284,0.0068,Level 1: Green,Low / Normal Baseline Monitoring,#22c55e,Routine baseline monitoring. Safe terrain condition.
CELL_MEG_1873,26.07846,91.00084,4,Ri-Bhoi Block,411.1,26.9,0.0785,0.6284,0.0494,Level 1: Green,Low / Normal Baseline Monitoring,#22c55e,Routine baseline monitoring. Safe terrain condition.
CELL_MEG_1874,25.26562,90.32254,1,Garo Hills Block,25.0,34.0,0.0191,0.6284,0.012,Level 1: Green,Low / Normal Baseline Monitoring,#22c55e,Routine baseline monitoring. Safe terrain condition.
CELL_MEG_1875,25.74101,91.65881,4,Ri-Bhoi Block,1439.0,23.9,0.0403,0.6284,0.0253,Level 1: Green,Low / Normal Baseline Monitoring,#22c55e,Routine baseline monitoring. Safe terrain condition.
CELL_MEG_1876,25.71504,90.06842,1,Garo Hills Block,67.2,28.7,0.0214,0.6284,0.0135,Level 1: Green,Low / Normal Baseline Monitoring,#22c55e,Routine baseline monitoring. Safe terrain condition.
CELL_MEG_1877,25.98502,90.98726,1,Garo Hills Block,519.4,14.8,0.0242,0.6284,0.0152,Level 1: Green,Low / Normal Baseline Monitoring,#22c55e,Routine baseline monitoring. Safe terrain condition.
CELL_MEG_1878,25.35844,91.2102,2,West Khasi Block,915.3,15.7,0.0297,0.6284,0.0186,Level 1: Green,Low / Normal Baseline Monitoring,#22c55e,Routine baseline monitoring. Safe terrain condition.
CELL_MEG_1879,25.44127,92.43391,5,Jaintia Hills Block,1058.3,35.4,0.0215,0.6284,0.0135,Level 1: Green,Low / Normal Baseline Monitoring,#22c55e,Routine baseline monitoring. Safe terrain condition.
CELL_MEG_1880,26.0236,90.72553,1,Garo Hills Block,85.6,20.3,0.0161,0.6284,0.0101,Level 1: Green,Low / Normal Baseline Monitoring,#22c55e,Routine baseline monitoring. Safe terrain condition.
CELL_MEG_1881,25.95305,92.18365,4,Ri-Bhoi Block,1192.9,23.5,0.0223,0.6284,0.014,Level 1: Green,Low / Normal Baseline Monitoring,#22c55e,Routine baseline monitoring. Safe terrain condition.
CELL_MEG_1882,26.02527,90.54954,1,Garo Hills Block,35.2,28.9,0.0121,0.6284,0.0076,Level 1: Green,Low / Normal Baseline Monitoring,#22c55e,Routine baseline monitoring. Safe terrain condition.
CELL_MEG_1883,25.64312,90.63736,1,Garo Hills Block,165.3,31.8,0.0258,0.6284,0.0162,Level 1: Green,Low / Normal Baseline Monitoring,#22c55e,Routine baseline monitoring. Safe terrain condition.
CELL_MEG_1884,25.91002,89.81624,1,Garo Hills Block,55.8,30.9,0.0133,0.6284,0.0084,Level 1: Green,Low / Normal Baseline Monitoring,#22c55e,Routine baseline monitoring. Safe terrain condition.
CELL_MEG_1885,25.63001,90.83457,1,Garo Hills Block,354.2,34.1,0.0257,0.6284,0.0162,Level 1: Green,Low / Normal Baseline Monitoring,#22c55e,Routine baseline monitoring. Safe terrain condition.
CELL_MEG_1886,25.9396,91.65805,4,Ri-Bhoi Block,1220.8,25.3,0.0232,0.6284,0.0146,Level 1: Green,Low / Normal Baseline Monitoring,#22c55e,Routine baseline monitoring. Safe terrain condition.
CELL_MEG_1887,25.94143,90.60702,1,Garo Hills Block,77.4,25.3,0.0203,0.6284,0.0128,Level 1: Green,Low / Normal Baseline Monitoring,#22c55e,Routine baseline monitoring. Safe terrain condition.
CELL_MEG_1888,25.03258,91.49828,2,West Khasi Block,948.9,25.9,0.027,0.6284,0.017,Level 1: Green,Low / Normal Baseline Monitoring,#22c55e,Routine baseline monitoring. Safe terrain condition.
CELL_MEG_1889,25.73445,91.60534,4,Ri-Bhoi Block,1423.4,25.0,0.0207,0.6284,0.013,Level 1: Green,Low / Normal Baseline Monitoring,#22c55e,Routine baseline monitoring. Safe terrain condition.
CELL_MEG_1890,25.81518,91.54259,4,Ri-Bhoi Block,1191.6,22.8,0.0207,0.6284,0.013,Level 1: Green,Low / Normal Baseline Monitoring,#22c55e,Routine baseline monitoring. Safe terrain condition.
CELL_MEG_1891,25.09209,90.15516,1,Garo Hills Block,25.0,19.6,0.0143,0.6284,0.009,Level 1: Green,Low / Normal Baseline Monitoring,#22c55e,Routine baseline monitoring. Safe terrain condition.
CELL_MEG_1892,25.66419,90.63869,1,Garo Hills Block,183.9,31.9,0.0247,0.6284,0.0155,Level 1: Green,Low / Normal Baseline Monitoring,#22c55e,Routine baseline monitoring. Safe terrain condition.
CELL_MEG_1893,25.10602,91.11029,2,West Khasi Block,562.8,25.8,0.0194,0.6284,0.0122,Level 1: Green,Low / Normal Baseline Monitoring,#22c55e,Routine baseline monitoring. Safe terrain condition.
CELL_MEG_1894,25.61867,90.80267,1,Garo Hills Block,314.6,30.3,0.0195,0.6284,0.0123,Level 1: Green,Low / Normal Baseline Monitoring,#22c55e,Routine baseline monitoring. Safe terrain condition.
CELL_MEG_1895,25.79807,91.7635,4,Ri-Bhoi Block,1514.3,17.3,0.0274,0.6284,0.0172,Level 1: Green,Low / Normal Baseline Monitoring,#22c55e,Routine baseline monitoring. Safe terrain condition.
CELL_MEG_1896,25.37944,92.10236,5,Jaintia Hills Block,1418.1,24.1,0.0163,0.6284,0.0102,Level 1: Green,Low / Normal Baseline Monitoring,#22c55e,Routine baseline monitoring. Safe terrain condition.
CELL_MEG_1897,25.72059,91.74421,4,Ri-Bhoi Block,1484.4,18.3,0.0549,0.6284,0.0345,Level 1: Green,Low / Normal Baseline Monitoring,#22c55e,Routine baseline monitoring. Safe terrain condition.
CELL_MEG_1898,25.6177,89.83474,1,Garo Hills Block,25.0,30.5,0.0161,0.6284,0.0101,Level 1: Green,Low / Normal Baseline Monitoring,#22c55e,Routine baseline monitoring. Safe terrain condition.
CELL_MEG_1899,25.77223,90.94693,1,Garo Hills Block,488.4,15.4,0.0468,0.6284,0.0294,Level 1: Green,Low / Normal Baseline Monitoring,#22c55e,Routine baseline monitoring. Safe terrain condition.
CELL_MEG_1900,26.03802,92.29485,4,Ri-Bhoi Block,941.2,22.8,0.0202,0.6284,0.0127,Level 1: Green,Low / Normal Baseline Monitoring,#22c55e,Routine baseline monitoring. Safe terrain condition.
CELL_MEG_1901,25.65471,90.56915,1,Garo Hills Block,63.2,35.7,0.0278,0.6284,0.0175,Level 1: Green,Low / Normal Baseline Monitoring,#22c55e,Routine baseline monitoring. Safe terrain condition.
CELL_MEG_1902,25.24001,90.83817,1,Garo Hills Block,371.3,35.9,0.0201,0.6284,0.0126,Level 1: Green,Low / Normal Baseline Monitoring,#22c55e,Routine baseline monitoring. Safe terrain condition.
CELL_MEG_1903,25.53469,90.703,1,Garo Hills Block,184.7,14.9,0.0832,0.6284,0.0523,Level 1: Green,Low / Normal Baseline Monitoring,#22c55e,Routine baseline monitoring. Safe terrain condition.
CELL_MEG_1904,25.57612,90.30438,1,Garo Hills Block,25.0,25.2,0.0087,0.6284,0.0055,Level 1: Green,Low / Normal Baseline Monitoring,#22c55e,Routine baseline monitoring. Safe terrain condition.
CELL_MEG_1905,26.07593,90.12917,1,Garo Hills Block,45.9,30.4,0.023,0.6284,0.0144,Level 1: Green,Low / Normal Baseline Monitoring,#22c55e,Routine baseline monitoring. Safe terrain condition.
CELL_MEG_1906,26.0265,92.58641,4,Ri-Bhoi Block,673.8,22.8,0.0341,0.6284,0.0214,Level 1: Green,Low / Normal Baseline Monitoring,#22c55e,Routine baseline monitoring. Safe terrain condition.
CELL_MEG_1907,25.58739,92.01098,5,Jaintia Hills Block,1679.5,17.3,0.2551,0.6284,0.1603,Level 3: Orange,Warning / Heightened Hazard Alert,#f97316,Heightened warning. Travel caution and heavy transport limits.
CELL_MEG_1908,25.49093,91.7216,3,East Khasi Block,1676.7,23.5,0.1502,0.6284,0.0944,Level 2: Yellow,Advisory / Early Warning Watch,#eab308,Advisory notice. Maintenance standby and slope drainage watch.
CELL_MEG_1909,25.38782,90.71854,1,Garo Hills Block,200.2,18.8,0.0193,0.6284,0.0121,Level 1: Green,Low / Normal Baseline Monitoring,#22c55e,Routine baseline monitoring. Safe terrain condition.
CELL_MEG_1910,25.64449,91.3193,2,West Khasi Block,1080.7,32.6,0.0168,0.6284,0.0106,Level 1: Green,Low / Normal Baseline Monitoring,#22c55e,Routine baseline monitoring. Safe terrain condition.
CELL_MEG_1911,25.6459,90.67432,1,Garo Hills Block,201.3,27.8,0.0241,0.6284,0.0152,Level 1: Green,Low / Normal Baseline Monitoring,#22c55e,Routine baseline monitoring. Safe terrain condition.
CELL_MEG_1912,25.41631,90.05589,1,Garo Hills Block,72.0,33.6,0.0179,0.6284,0.0112,Level 1: Green,Low / Normal Baseline Monitoring,#22c55e,Routine baseline monitoring. Safe terrain condition.
CELL_MEG_1913,25.07646,90.57304,1,Garo Hills Block,70.1,30.6,0.0177,0.6284,0.0111,Level 1: Green,Low / Normal Baseline Monitoring,#22c55e,Routine baseline monitoring. Safe terrain condition.
CELL_MEG_1914,25.10019,90.11651,1,Garo Hills Block,25.0,22.6,0.0123,0.6284,0.0077,Level 1: Green,Low / Normal Baseline Monitoring,#22c55e,Routine baseline monitoring. Safe terrain condition.
CELL_MEG_1915,25.89796,89.91857,1,Garo Hills Block,51.3,23.5,0.0094,0.6284,0.0059,Level 1: Green,Low / Normal Baseline Monitoring,#22c55e,Routine baseline monitoring. Safe terrain condition.
CELL_MEG_1916,25.73166,90.6313,1,Garo Hills Block,130.4,23.1,0.0305,0.6284,0.0192,Level 1: Green,Low / Normal Baseline Monitoring,#22c55e,Routine baseline monitoring. Safe terrain condition.
CELL_MEG_1917,25.96127,91.27923,4,Ri-Bhoi Block,892.0,16.6,0.0306,0.6284,0.0192,Level 1: Green,Low / Normal Baseline Monitoring,#22c55e,Routine baseline monitoring. Safe terrain condition.
CELL_MEG_1918,25.35002,91.3788,2,West Khasi Block,1041.0,24.0,0.0245,0.6284,0.0154,Level 1: Green,Low / Normal Baseline Monitoring,#22c55e,Routine baseline monitoring. Safe terrain condition.
CELL_MEG_1919,25.43251,91.52112,2,West Khasi Block,1331.7,26.1,0.0185,0.6284,0.0116,Level 1: Green,Low / Normal Baseline Monitoring,#22c55e,Routine baseline monitoring. Safe terrain condition.
CELL_MEG_1920,25.1437,92.84082,5,Jaintia Hills Block,371.2,15.8,0.0987,0.6284,0.062,Level 1: Green,Low / Normal Baseline Monitoring,#22c55e,Routine baseline monitoring. Safe terrain condition.
CELL_MEG_1921,25.4796,90.8621,1,Garo Hills Block,430.2,32.9,0.0486,0.6284,0.0305,Level 1: Green,Low / Normal Baseline Monitoring,#22c55e,Routine baseline monitoring. Safe terrain condition.
CELL_MEG_1922,25.78703,90.90989,1,Garo Hills Block,422.0,20.7,0.0124,0.6284,0.0078,Level 1: Green,Low / Normal Baseline Monitoring,#22c55e,Routine baseline monitoring. Safe terrain condition.
CELL_MEG_1923,25.91994,91.18553,4,Ri-Bhoi Block,748.5,23.0,0.0299,0.6284,0.0188,Level 1: Green,Low / Normal Baseline Monitoring,#22c55e,Routine baseline monitoring. Safe terrain condition.
CELL_MEG_1924,25.79712,90.12773,1,Garo Hills Block,87.2,21.8,0.0111,0.6284,0.007,Level 1: Green,Low / Normal Baseline Monitoring,#22c55e,Routine baseline monitoring. Safe terrain condition.
CELL_MEG_1925,25.93381,92.04394,4,Ri-Bhoi Block,1239.6,17.9,0.063,0.6284,0.0396,Level 1: Green,Low / Normal Baseline Monitoring,#22c55e,Routine baseline monitoring. Safe terrain condition.
CELL_MEG_1926,25.24865,90.24312,1,Garo Hills Block,43.9,29.2,0.0156,0.6284,0.0098,Level 1: Green,Low / Normal Baseline Monitoring,#22c55e,Routine baseline monitoring. Safe terrain condition.
CELL_MEG_1927,25.3616,92.77702,5,Jaintia Hills Block,601.9,16.3,0.0502,0.6284,0.0316,Level 1: Green,Low / Normal Baseline Monitoring,#22c55e,Routine baseline monitoring. Safe terrain condition.
CELL_MEG_1928,25.29738,91.19119,2,West Khasi Block,824.5,21.4,0.0403,0.6284,0.0253,Level 1: Green,Low / Normal Baseline Monitoring,#22c55e,Routine baseline monitoring. Safe terrain condition.
CELL_MEG_1929,25.05242,91.01154,2,West Khasi Block,475.6,26.2,0.0249,0.6284,0.0156,Level 1: Green,Low / Normal Baseline Monitoring,#22c55e,Routine baseline monitoring. Safe terrain condition.
CELL_MEG_1930,25.63703,92.70703,5,Jaintia Hills Block,642.7,33.8,0.0164,0.6284,0.0103,Level 1: Green,Low / Normal Baseline Monitoring,#22c55e,Routine baseline monitoring. Safe terrain condition.
CELL_MEG_1931,25.57807,92.29828,5,Jaintia Hills Block,1274.7,16.1,0.0818,0.6284,0.0514,Level 1: Green,Low / Normal Baseline Monitoring,#22c55e,Routine baseline monitoring. Safe terrain condition.
CELL_MEG_1932,25.6109,89.92439,1,Garo Hills Block,44.1,21.3,0.0071,0.6284,0.0045,Level 1: Green,Low / Normal Baseline Monitoring,#22c55e,Routine baseline monitoring. Safe terrain condition.
CELL_MEG_1933,25.36021,91.55543,2,West Khasi Block,1399.5,18.8,0.052,0.6284,0.0327,Level 1: Green,Low / Normal Baseline Monitoring,#22c55e,Routine baseline monitoring. Safe terrain condition.
CELL_MEG_1934,26.04664,92.42035,4,Ri-Bhoi Block,803.8,33.9,0.0386,0.6284,0.0243,Level 1: Green,Low / Normal Baseline Monitoring,#22c55e,Routine baseline monitoring. Safe terrain condition.
CELL_MEG_1935,25.26662,90.47133,1,Garo Hills Block,82.7,24.4,0.0119,0.6284,0.0075,Level 1: Green,Low / Normal Baseline Monitoring,#22c55e,Routine baseline monitoring. Safe terrain condition.
CELL_MEG_1936,25.23727,92.61362,5,Jaintia Hills Block,755.6,31.2,0.0252,0.6284,0.0159,Level 1: Green,Low / Normal Baseline Monitoring,#22c55e,Routine baseline monitoring. Safe terrain condition.
CELL_MEG_1937,25.94088,92.16339,4,Ri-Bhoi Block,1198.8,26.1,0.0061,0.6284,0.0038,Level 1: Green,Low / Normal Baseline Monitoring,#22c55e,Routine baseline monitoring. Safe terrain condition.
CELL_MEG_1938,25.44415,91.33836,2,West Khasi Block,1077.7,34.8,0.0281,0.6284,0.0176,Level 1: Green,Low / Normal Baseline Monitoring,#22c55e,Routine baseline monitoring. Safe terrain condition.
CELL_MEG_1939,25.52148,90.57286,1,Garo Hills Block,25.0,26.1,0.0054,0.6284,0.0034,Level 1: Green,Low / Normal Baseline Monitoring,#22c55e,Routine baseline monitoring. Safe terrain condition.
CELL_MEG_1940,25.56543,89.89301,1,Garo Hills Block,83.2,16.2,0.0093,0.6284,0.0058,Level 1: Green,Low / Normal Baseline Monitoring,#22c55e,Routine baseline monitoring. Safe terrain condition.
CELL_MEG_1941,25.16236,92.5041,5,Jaintia Hills Block,776.3,18.6,0.0365,0.6284,0.023,Level 1: Green,Low / Normal Baseline Monitoring,#22c55e,Routine baseline monitoring. Safe terrain condition.
CELL_MEG_1942,25.83181,91.08975,4,Ri-Bhoi Block,754.9,32.8,0.0175,0.6284,0.011,Level 1: Green,Low / Normal Baseline Monitoring,#22c55e,Routine baseline monitoring. Safe terrain condition.
CELL_MEG_1943,25.57852,90.9285,1,Garo Hills Block,479.3,18.7,0.0517,0.6284,0.0325,Level 1: Green,Low / Normal Baseline Monitoring,#22c55e,Routine baseline monitoring. Safe terrain condition.
CELL_MEG_1944,25.82004,92.19177,4,Ri-Bhoi Block,1197.0,29.2,0.0239,0.6284,0.015,Level 1: Green,Low / Normal Baseline Monitoring,#22c55e,Routine baseline monitoring. Safe terrain condition.
CELL_MEG_1945,25.84435,92.00397,4,Ri-Bhoi Block,1455.8,25.3,0.0285,0.6284,0.0179,Level 1: Green,Low / Normal Baseline Monitoring,#22c55e,Routine baseline monitoring. Safe terrain condition.
CELL_MEG_1946,25.24086,90.83081,1,Garo Hills Block,369.1,35.7,0.0179,0.6284,0.0112,Level 1: Green,Low / Normal Baseline Monitoring,#22c55e,Routine baseline monitoring. Safe terrain condition.
CELL_MEG_1947,25.52743,90.80892,1,Garo Hills Block,430.3,23.8,0.0284,0.6284,0.0178,Level 1: Green,Low / Normal Baseline Monitoring,#22c55e,Routine baseline monitoring. Safe terrain condition.
CELL_MEG_1948,25.83534,90.80453,1,Garo Hills Block,374.3,31.6,0.0092,0.6284,0.0058,Level 1: Green,Low / Normal Baseline Monitoring,#22c55e,Routine baseline monitoring. Safe terrain condition.
CELL_MEG_1949,25.16929,91.01707,2,West Khasi Block,517.6,19.6,0.0321,0.6284,0.0202,Level 1: Green,Low / Normal Baseline Monitoring,#22c55e,Routine baseline monitoring. Safe terrain condition.
CELL_MEG_1950,26.07831,90.48894,1,Garo Hills Block,50.1,27.8,0.0472,0.6284,0.0297,Level 1: Green,Low / Normal Baseline Monitoring,#22c55e,Routine baseline monitoring. Safe terrain condition.
CELL_MEG_1951,25.68113,91.12057,4,Ri-Bhoi Block,689.6,34.1,0.0245,0.6284,0.0154,Level 1: Green,Low / Normal Baseline Monitoring,#22c55e,Routine baseline monitoring. Safe terrain condition.
CELL_MEG_1952,25.09671,91.28802,2,West Khasi Block,855.5,20.5,0.0324,0.6284,0.0203,Level 1: Green,Low / Normal Baseline Monitoring,#22c55e,Routine baseline monitoring. Safe terrain condition.
CELL_MEG_1953,25.77834,91.36532,4,Ri-Bhoi Block,1074.8,24.8,0.0131,0.6284,0.0082,Level 1: Green,Low / Normal Baseline Monitoring,#22c55e,Routine baseline monitoring. Safe terrain condition.
CELL_MEG_1954,25.96187,90.68126,1,Garo Hills Block,114.7,15.6,0.0291,0.6284,0.0183,Level 1: Green,Low / Normal Baseline Monitoring,#22c55e,Routine baseline monitoring. Safe terrain condition.
CELL_MEG_1955,25.11315,92.65653,5,Jaintia Hills Block,572.9,24.4,0.0318,0.6284,0.02,Level 1: Green,Low / Normal Baseline Monitoring,#22c55e,Routine baseline monitoring. Safe terrain condition.
CELL_MEG_1956,25.42845,91.55804,2,West Khasi Block,1396.6,29.4,0.0095,0.6284,0.0059,Level 1: Green,Low / Normal Baseline Monitoring,#22c55e,Routine baseline monitoring. Safe terrain condition.
CELL_MEG_1957,25.87536,90.78916,1,Garo Hills Block,320.4,32.0,0.0177,0.6284,0.0111,Level 1: Green,Low / Normal Baseline Monitoring,#22c55e,Routine baseline monitoring. Safe terrain condition.
CELL_MEG_1958,25.79346,90.21303,1,Garo Hills Block,73.3,17.4,0.0188,0.6284,0.0118,Level 1: Green,Low / Normal Baseline Monitoring,#22c55e,Routine baseline monitoring. Safe terrain condition.
CELL_MEG_1959,25.3346,90.24137,1,Garo Hills Block,43.8,17.5,0.0211,0.6284,0.0133,Level 1: Green,Low / Normal Baseline Monitoring,#22c55e,Routine baseline monitoring. Safe terrain condition.
CELL_MEG_1960,25.89613,90.47908,1,Garo Hills Block,81.2,24.7,0.005,0.6284,0.0031,Level 1: Green,Low / Normal Baseline Monitoring,#22c55e,Routine baseline monitoring. Safe terrain condition.
CELL_MEG_1961,25.7948,92.67706,4,Ri-Bhoi Block,735.8,26.8,0.0133,0.6284,0.0083,Level 1: Green,Low / Normal Baseline Monitoring,#22c55e,Routine baseline monitoring. Safe terrain condition.
CELL_MEG_1962,25.58999,91.44709,2,West Khasi Block,1261.5,20.9,0.0492,0.6284,0.0309,Level 1: Green,Low / Normal Baseline Monitoring,#22c55e,Routine baseline monitoring. Safe terrain condition.
CELL_MEG_1963,25.51792,90.79397,1,Garo Hills Block,412.9,23.6,0.058,0.6284,0.0365,Level 1: Green,Low / Normal Baseline Monitoring,#22c55e,Routine baseline monitoring. Safe terrain condition.
CELL_MEG_1964,25.53371,91.63856,3,East Khasi Block,1482.6,24.7,0.1737,0.6284,0.1091,Level 2: Yellow,Advisory / Early Warning Watch,#eab308,Advisory notice. Maintenance standby and slope drainage watch.
CELL_MEG_1965,26.08487,92.66018,4,Ri-Bhoi Block,541.1,35.4,0.0236,0.6284,0.0148,Level 1: Green,Low / Normal Baseline Monitoring,#22c55e,Routine baseline monitoring. Safe terrain condition.
CELL_MEG_1966,25.95113,92.51185,4,Ri-Bhoi Block,853.6,16.6,0.0431,0.6284,0.0271,Level 1: Green,Low / Normal Baseline Monitoring,#22c55e,Routine baseline monitoring. Safe terrain condition.
CELL_MEG_1967,25.52528,91.80521,3,East Khasi Block,1753.0,18.4,0.207,0.6284,0.1301,Level 2: Yellow,Advisory / Early Warning Watch,#eab308,Advisory notice. Maintenance standby and slope drainage watch.
CELL_MEG_1968,25.98667,90.9985,1,Garo Hills Block,518.6,15.4,0.0499,0.6284,0.0314,Level 1: Green,Low / Normal Baseline Monitoring,#22c55e,Routine baseline monitoring. Safe terrain condition.
CELL_MEG_1969,26.0587,91.06815,4,Ri-Bhoi Block,488.7,33.3,0.0345,0.6284,0.0217,Level 1: Green,Low / Normal Baseline Monitoring,#22c55e,Routine baseline monitoring. Safe terrain condition.
CELL_MEG_1970,25.66917,91.9649,4,Ri-Bhoi Block,1653.7,29.6,0.0704,0.6284,0.0442,Level 1: Green,Low / Normal Baseline Monitoring,#22c55e,Routine baseline monitoring. Safe terrain condition.
CELL_MEG_1971,26.04664,90.54608,1,Garo Hills Block,35.6,32.1,0.0069,0.6284,0.0043,Level 1: Green,Low / Normal Baseline Monitoring,#22c55e,Routine baseline monitoring. Safe terrain condition.
CELL_MEG_1972,25.82582,91.38849,4,Ri-Bhoi Block,1126.7,31.6,0.012,0.6284,0.0076,Level 1: Green,Low / Normal Baseline Monitoring,#22c55e,Routine baseline monitoring. Safe terrain condition.
CELL_MEG_1973,25.31004,92.16865,5,Jaintia Hills Block,1349.1,26.2,0.0501,0.6284,0.0315,Level 1: Green,Low / Normal Baseline Monitoring,#22c55e,Routine baseline monitoring. Safe terrain condition.
CELL_MEG_1974,25.6164,91.81597,3,East Khasi Block,1722.1,26.0,0.0709,0.6284,0.0446,Level 1: Green,Low / Normal Baseline Monitoring,#22c55e,Routine baseline monitoring. Safe terrain condition.
CELL_MEG_1975,25.36873,91.26789,2,West Khasi Block,1040.9,17.1,0.0314,0.6284,0.0197,Level 1: Green,Low / Normal Baseline Monitoring,#22c55e,Routine baseline monitoring. Safe terrain condition.
CELL_MEG_1976,25.68674,91.03498,4,Ri-Bhoi Block,639.2,28.0,0.0279,0.6284,0.0176,Level 1: Green,Low / Normal Baseline Monitoring,#22c55e,Routine baseline monitoring. Safe terrain condition.
CELL_MEG_1977,25.23424,92.733,5,Jaintia Hills Block,609.8,32.1,0.0201,0.6284,0.0126,Level 1: Green,Low / Normal Baseline Monitoring,#22c55e,Routine baseline monitoring. Safe terrain condition.
CELL_MEG_1978,25.57239,92.03846,5,Jaintia Hills Block,1675.1,15.5,0.2334,0.6284,0.1467,Level 2: Yellow,Advisory / Early Warning Watch,#eab308,Advisory notice. Maintenance standby and slope drainage watch.
CELL_MEG_1979,25.46393,90.88315,1,Garo Hills Block,442.1,33.2,0.0658,0.6284,0.0413,Level 1: Green,Low / Normal Baseline Monitoring,#22c55e,Routine baseline monitoring. Safe terrain condition.
CELL_MEG_1980,25.45974,91.04805,2,West Khasi Block,687.0,31.4,0.0178,0.6284,0.0112,Level 1: Green,Low / Normal Baseline Monitoring,#22c55e,Routine baseline monitoring. Safe terrain condition.
CELL_MEG_1981,25.60771,91.45758,2,West Khasi Block,1248.5,22.9,0.0947,0.6284,0.0595,Level 1: Green,Low / Normal Baseline Monitoring,#22c55e,Routine baseline monitoring. Safe terrain condition.
CELL_MEG_1982,25.55693,90.2111,1,Garo Hills Block,85.1,14.7,0.046,0.6284,0.0289,Level 1: Green,Low / Normal Baseline Monitoring,#22c55e,Routine baseline monitoring. Safe terrain condition.
CELL_MEG_1983,25.15623,92.64457,5,Jaintia Hills Block,676.6,24.0,0.0249,0.6284,0.0157,Level 1: Green,Low / Normal Baseline Monitoring,#22c55e,Routine baseline monitoring. Safe terrain condition.
CELL_MEG_1984,25.67335,91.81145,4,Ri-Bhoi Block,1649.8,28.5,0.0444,0.6284,0.0279,Level 1: Green,Low / Normal Baseline Monitoring,#22c55e,Routine baseline monitoring. Safe terrain condition.
CELL_MEG_1985,25.45394,92.57239,5,Jaintia Hills Block,865.4,26.8,0.0445,0.6284,0.028,Level 1: Green,Low / Normal Baseline Monitoring,#22c55e,Routine baseline monitoring. Safe terrain condition.
CELL_MEG_1986,25.70896,92.14597,4,Ri-Bhoi Block,1443.1,29.9,0.0278,0.6284,0.0175,Level 1: Green,Low / Normal Baseline Monitoring,#22c55e,Routine baseline monitoring. Safe terrain condition.
CELL_MEG_1987,25.41805,92.72804,5,Jaintia Hills Block,624.2,30.6,0.0299,0.6284,0.0188,Level 1: Green,Low / Normal Baseline Monitoring,#22c55e,Routine baseline monitoring. Safe terrain condition.
CELL_MEG_1988,25.9061,92.40454,4,Ri-Bhoi Block,976.0,32.0,0.0162,0.6284,0.0102,Level 1: Green,Low / Normal Baseline Monitoring,#22c55e,Routine baseline monitoring. Safe terrain condition.
CELL_MEG_1989,25.20597,90.62644,1,Garo Hills Block,25.0,31.0,0.0162,0.6284,0.0102,Level 1: Green,Low / Normal Baseline Monitoring,#22c55e,Routine baseline monitoring. Safe terrain condition.
CELL_MEG_1990,25.32848,90.62627,1,Garo Hills Block,126.1,22.0,0.0238,0.6284,0.015,Level 1: Green,Low / Normal Baseline Monitoring,#22c55e,Routine baseline monitoring. Safe terrain condition.
CELL_MEG_1991,25.94384,89.89725,1,Garo Hills Block,25.0,17.1,0.0126,0.6284,0.0079,Level 1: Green,Low / Normal Baseline Monitoring,#22c55e,Routine baseline monitoring. Safe terrain condition.
CELL_MEG_1992,25.10219,90.63544,1,Garo Hills Block,93.8,22.8,0.0178,0.6284,0.0112,Level 1: Green,Low / Normal Baseline Monitoring,#22c55e,Routine baseline monitoring. Safe terrain condition.
CELL_MEG_1993,25.23586,90.50717,1,Garo Hills Block,107.4,29.8,0.013,0.6284,0.0082,Level 1: Green,Low / Normal Baseline Monitoring,#22c55e,Routine baseline monitoring. Safe terrain condition.
CELL_MEG_1994,25.88178,91.51754,4,Ri-Bhoi Block,1141.5,25.8,0.0121,0.6284,0.0076,Level 1: Green,Low / Normal Baseline Monitoring,#22c55e,Routine baseline monitoring. Safe terrain condition.
CELL_MEG_1995,25.02623,91.10943,2,West Khasi Block,473.7,36.0,0.0455,0.6284,0.0286,Level 1: Green,Low / Normal Baseline Monitoring,#22c55e,Routine baseline monitoring. Safe terrain condition.
CELL_MEG_1996,25.46052,90.14753,1,Garo Hills Block,66.7,27.9,0.0279,0.6284,0.0175,Level 1: Green,Low / Normal Baseline Monitoring,#22c55e,Routine baseline monitoring. Safe terrain condition.
CELL_MEG_1997,25.75023,91.9414,4,Ri-Bhoi Block,1566.7,21.1,0.046,0.6284,0.0289,Level 1: Green,Low / Normal Baseline Monitoring,#22c55e,Routine baseline monitoring. Safe terrain condition.
CELL_MEG_1998,25.79856,92.02184,4,Ri-Bhoi Block,1499.1,17.4,0.0357,0.6284,0.0224,Level 1: Green,Low / Normal Baseline Monitoring,#22c55e,Routine baseline monitoring. Safe terrain condition.
CELL_MEG_1999,25.02006,92.70946,5,Jaintia Hills Block,419.5,34.4,0.0433,0.6284,0.0272,Level 1: Green,Low / Normal Baseline Monitoring,#22c55e,Routine baseline monitoring. Safe terrain condition.
CELL_MEG_2000,25.89935,92.55714,4,Ri-Bhoi Block,760.3,23.4,0.0427,0.6284,0.0269,Level 1: Green,Low / Normal Baseline Monitoring,#22c55e,Routine baseline monitoring. Safe terrain condition.
CELL_MEG_2001,25.0369,92.64827,5,Jaintia Hills Block,489.5,34.6,0.0377,0.6284,0.0237,Level 1: Green,Low / Normal Baseline Monitoring,#22c55e,Routine baseline monitoring. Safe terrain condition.
CELL_MEG_2002,25.89457,92.35352,4,Ri-Bhoi Block,1068.1,29.4,0.013,0.6284,0.0081,Level 1: Green,Low / Normal Baseline Monitoring,#22c55e,Routine baseline monitoring. Safe terrain condition.
CELL_MEG_2003,25.12075,92.05327,5,Jaintia Hills Block,1181.8,15.7,0.0943,0.6284,0.0593,Level 1: Green,Low / Normal Baseline Monitoring,#22c55e,Routine baseline monitoring. Safe terrain condition.
CELL_MEG_2004,26.05671,91.86957,4,Ri-Bhoi Block,1168.3,34.4,0.0324,0.6284,0.0203,Level 1: Green,Low / Normal Baseline Monitoring,#22c55e,Routine baseline monitoring. Safe terrain condition.
CELL_MEG_2005,25.63621,92.68417,5,Jaintia Hills Block,667.2,34.9,0.1224,0.6284,0.0769,Level 1: Green,Low / Normal Baseline Monitoring,#22c55e,Routine baseline monitoring. Safe terrain condition.
CELL_MEG_2006,25.49837,91.62784,3,East Khasi Block,1450.8,30.1,0.0579,0.6284,0.0364,Level 1: Green,Low / Normal Baseline Monitoring,#22c55e,Routine baseline monitoring. Safe terrain condition.
CELL_MEG_2007,25.53445,92.64518,5,Jaintia Hills Block,845.8,23.4,0.1032,0.6284,0.0649,Level 1: Green,Low / Normal Baseline Monitoring,#22c55e,Routine baseline monitoring. Safe terrain condition.
CELL_MEG_2008,25.10217,91.32842,2,West Khasi Block,868.2,24.3,0.0177,0.6284,0.0111,Level 1: Green,Low / Normal Baseline Monitoring,#22c55e,Routine baseline monitoring. Safe terrain condition.
CELL_MEG_2009,25.76191,92.21532,4,Ri-Bhoi Block,1293.3,19.4,0.0634,0.6284,0.0399,Level 1: Green,Low / Normal Baseline Monitoring,#22c55e,Routine baseline monitoring. Safe terrain condition.
CELL_MEG_2010,25.64966,92.5722,5,Jaintia Hills Block,904.6,26.8,0.0689,0.6284,0.0433,Level 1: Green,Low / Normal Baseline Monitoring,#22c55e,Routine baseline monitoring. Safe terrain condition.
CELL_MEG_2011,26.03735,89.99617,1,Garo Hills Block,102.1,27.8,0.0147,0.6284,0.0092,Level 1: Green,Low / Normal Baseline Monitoring,#22c55e,Routine baseline monitoring. Safe terrain condition.
CELL_MEG_2012,25.45456,89.87155,1,Garo Hills Block,56.7,29.8,0.02,0.6284,0.0126,Level 1: Green,Low / Normal Baseline Monitoring,#22c55e,Routine baseline monitoring. Safe terrain condition.
CELL_MEG_2013,25.37577,91.43745,2,West Khasi Block,1104.9,21.3,0.0285,0.6284,0.0179,Level 1: Green,Low / Normal Baseline Monitoring,#22c55e,Routine baseline monitoring. Safe terrain condition.
CELL_MEG_2014,26.00366,92.38199,4,Ri-Bhoi Block,824.7,25.2,0.0241,0.6284,0.0151,Level 1: Green,Low / Normal Baseline Monitoring,#22c55e,Routine baseline monitoring. Safe terrain condition.
CELL_MEG_2015,25.1577,90.08374,1,Garo Hills Block,43.8,24.8,0.0107,0.6284,0.0067,Level 1: Green,Low / Normal Baseline Monitoring,#22c55e,Routine baseline monitoring. Safe terrain condition.
CELL_MEG_2016,25.65641,91.42296,4,Ri-Bhoi Block,1119.5,32.2,0.0142,0.6284,0.0089,Level 1: Green,Low / Normal Baseline Monitoring,#22c55e,Routine baseline monitoring. Safe terrain condition.
CELL_MEG_2017,25.30769,92.54333,5,Jaintia Hills Block,887.8,16.9,0.0487,0.6284,0.0306,Level 1: Green,Low / Normal Baseline Monitoring,#22c55e,Routine baseline monitoring. Safe terrain condition.
CELL_MEG_2018,26.02156,91.02796,4,Ri-Bhoi Block,486.2,23.3,0.0275,0.6284,0.0173,Level 1: Green,Low / Normal Baseline Monitoring,#22c55e,Routine baseline monitoring. Safe terrain condition.
CELL_MEG_2019,25.98153,90.97104,1,Garo Hills Block,514.8,14.3,0.0517,0.6284,0.0325,Level 1: Green,Low / Normal Baseline Monitoring,#22c55e,Routine baseline monitoring. Safe terrain condition.
CELL_MEG_2020,25.81576,91.25162,4,Ri-Bhoi Block,821.3,20.7,0.0218,0.6284,0.0137,Level 1: Green,Low / Normal Baseline Monitoring,#22c55e,Routine baseline monitoring. Safe terrain condition.
CELL_MEG_2021,25.15239,92.6302,5,Jaintia Hills Block,680.6,22.2,0.0319,0.6284,0.02,Level 1: Green,Low / Normal Baseline Monitoring,#22c55e,Routine baseline monitoring. Safe terrain condition.
CELL_MEG_2022,25.51042,92.04018,5,Jaintia Hills Block,1699.0,18.5,0.5152,0.6284,0.3238,Level 3: Orange,Warning / Heightened Hazard Alert,#f97316,Heightened warning. Travel caution and heavy transport limits.
CELL_MEG_2023,25.41655,89.85759,1,Garo Hills Block,25.0,29.3,0.0083,0.6284,0.0052,Level 1: Green,Low / Normal Baseline Monitoring,#22c55e,Routine baseline monitoring. Safe terrain condition.
CELL_MEG_2024,25.12857,91.31347,2,West Khasi Block,865.3,20.3,0.0249,0.6284,0.0157,Level 1: Green,Low / Normal Baseline Monitoring,#22c55e,Routine baseline monitoring. Safe terrain condition.
CELL_MEG_2025,25.76516,90.82094,1,Garo Hills Block,342.9,23.3,0.0255,0.6284,0.016,Level 1: Green,Low / Normal Baseline Monitoring,#22c55e,Routine baseline monitoring. Safe terrain condition.
CELL_MEG_2026,25.77113,91.93084,4,Ri-Bhoi Block,1520.3,22.2,0.0409,0.6284,0.0257,Level 1: Green,Low / Normal Baseline Monitoring,#22c55e,Routine baseline monitoring. Safe terrain condition.
CELL_MEG_2027,25.78025,91.30219,4,Ri-Bhoi Block,956.5,19.9,0.0233,0.6284,0.0146,Level 1: Green,Low / Normal Baseline Monitoring,#22c55e,Routine baseline monitoring. Safe terrain condition.
CELL_MEG_2028,26.00808,91.29205,4,Ri-Bhoi Block,876.0,21.2,0.0889,0.6284,0.0559,Level 1: Green,Low / Normal Baseline Monitoring,#22c55e,Routine baseline monitoring. Safe terrain condition.
CELL_MEG_2029,25.50629,90.40811,1,Garo Hills Block,58.8,21.2,0.0484,0.6284,0.0304,Level 1: Green,Low / Normal Baseline Monitoring,#22c55e,Routine baseline monitoring. Safe terrain condition.
CELL_MEG_2030,25.35227,89.92912,1,Garo Hills Block,46.7,14.3,0.0659,0.6284,0.0414,Level 1: Green,Low / Normal Baseline Monitoring,#22c55e,Routine baseline monitoring. Safe terrain condition.
CELL_MEG_2031,25.70422,90.55803,1,Garo Hills Block,47.5,30.0,0.0342,0.6284,0.0215,Level 1: Green,Low / Normal Baseline Monitoring,#22c55e,Routine baseline monitoring. Safe terrain condition.
CELL_MEG_2032,25.34849,92.15098,5,Jaintia Hills Block,1413.1,24.1,0.027,0.6284,0.0169,Level 1: Green,Low / Normal Baseline Monitoring,#22c55e,Routine baseline monitoring. Safe terrain condition.
CELL_MEG_2033,25.3734,90.5387,1,Garo Hills Block,25.0,23.9,0.0185,0.6284,0.0116,Level 1: Green,Low / Normal Baseline Monitoring,#22c55e,Routine baseline monitoring. Safe terrain condition.
CELL_MEG_2034,25.20258,92.16332,5,Jaintia Hills Block,1167.0,32.9,0.0354,0.6284,0.0223,Level 1: Green,Low / Normal Baseline Monitoring,#22c55e,Routine baseline monitoring. Safe terrain condition.
CELL_MEG_2035,25.16008,91.18395,2,West Khasi Block,733.7,19.4,0.0488,0.6284,0.0307,Level 1: Green,Low / Normal Baseline Monitoring,#22c55e,Routine baseline monitoring. Safe terrain condition.
CELL_MEG_2036,25.70395,92.2727,4,Ri-Bhoi Block,1277.2,21.0,0.045,0.6284,0.0283,Level 1: Green,Low / Normal Baseline Monitoring,#22c55e,Routine baseline monitoring. Safe terrain condition.
CELL_MEG_2037,25.06833,90.70414,1,Garo Hills Block,86.2,22.2,0.013,0.6284,0.0082,Level 1: Green,Low / Normal Baseline Monitoring,#22c55e,Routine baseline monitoring. Safe terrain condition.
CELL_MEG_2038,25.32255,90.24535,1,Garo Hills Block,48.2,18.8,0.0143,0.6284,0.009,Level 1: Green,Low / Normal Baseline Monitoring,#22c55e,Routine baseline monitoring. Safe terrain condition.
CELL_MEG_2039,25.33231,90.74478,1,Garo Hills Block,194.3,15.6,0.04,0.6284,0.0252,Level 1: Green,Low / Normal Baseline Monitoring,#22c55e,Routine baseline monitoring. Safe terrain condition.
CELL_MEG_2040,25.58364,91.8243,3,East Khasi Block,1751.4,21.3,0.0845,0.6284,0.0531,Level 1: Green,Low / Normal Baseline Monitoring,#22c55e,Routine baseline monitoring. Safe terrain condition.
CELL_MEG_2041,25.43159,91.99438,3,East Khasi Block,1607.6,26.5,0.0685,0.6284,0.0431,Level 1: Green,Low / Normal Baseline Monitoring,#22c55e,Routine baseline monitoring. Safe terrain condition.
CELL_MEG_2042,25.38306,90.68537,1,Garo Hills Block,204.6,19.1,0.0181,0.6284,0.0114,Level 1: Green,Low / Normal Baseline Monitoring,#22c55e,Routine baseline monitoring. Safe terrain condition.
CELL_MEG_2043,25.60448,89.87234,1,Garo Hills Block,44.2,23.9,0.007,0.6284,0.0044,Level 1: Green,Low / Normal Baseline Monitoring,#22c55e,Routine baseline monitoring. Safe terrain condition.
CELL_MEG_2044,25.10617,91.07481,2,West Khasi Block,528.0,24.4,0.0177,0.6284,0.0111,Level 1: Green,Low / Normal Baseline Monitoring,#22c55e,Routine baseline monitoring. Safe terrain condition.
CELL_MEG_2045,26.03835,92.00061,4,Ri-Bhoi Block,1113.0,23.4,0.1061,0.6284,0.0667,Level 1: Green,Low / Normal Baseline Monitoring,#22c55e,Routine baseline monitoring. Safe terrain condition.
CELL_MEG_2046,25.11518,92.38127,5,Jaintia Hills Block,893.7,23.2,0.0571,0.6284,0.0359,Level 1: Green,Low / Normal Baseline Monitoring,#22c55e,Routine baseline monitoring. Safe terrain condition.
CELL_MEG_2047,25.81088,91.66339,4,Ri-Bhoi Block,1385.8,28.0,0.0244,0.6284,0.0154,Level 1: Green,Low / Normal Baseline Monitoring,#22c55e,Routine baseline monitoring. Safe terrain condition.
CELL_MEG_2048,25.90592,91.03253,4,Ri-Bhoi Block,565.2,26.2,0.0779,0.6284,0.049,Level 1: Green,Low / Normal Baseline Monitoring,#22c55e,Routine baseline monitoring. Safe terrain condition.
CELL_MEG_2049,25.25922,91.36167,2,West Khasi Block,1036.8,34.7,0.0243,0.6284,0.0152,Level 1: Green,Low / Normal Baseline Monitoring,#22c55e,Routine baseline monitoring. Safe terrain condition.
CELL_MEG_2050,25.61275,91.4419,2,West Khasi Block,1216.9,25.6,0.0342,0.6284,0.0215,Level 1: Green,Low / Normal Baseline Monitoring,#22c55e,Routine baseline monitoring. Safe terrain condition.
CELL_MEG_2051,25.63028,92.69355,5,Jaintia Hills Block,665.1,33.9,0.0291,0.6284,0.0183,Level 1: Green,Low / Normal Baseline Monitoring,#22c55e,Routine baseline monitoring. Safe terrain condition.
CELL_MEG_2052,25.99442,92.47094,4,Ri-Bhoi Block,862.2,21.6,0.0212,0.6284,0.0133,Level 1: Green,Low / Normal Baseline Monitoring,#22c55e,Routine baseline monitoring. Safe terrain condition.
CELL_MEG_2053,25.88553,92.67746,4,Ri-Bhoi Block,690.4,35.0,0.1083,0.6284,0.0681,Level 1: Green,Low / Normal Baseline Monitoring,#22c55e,Routine baseline monitoring. Safe terrain condition.
CELL_MEG_2054,25.12637,90.60863,1,Garo Hills Block,54.3,23.2,0.0213,0.6284,0.0134,Level 1: Green,Low / Normal Baseline Monitoring,#22c55e,Routine baseline monitoring. Safe terrain condition.
CELL_MEG_2055,25.55466,92.38193,5,Jaintia Hills Block,1213.0,22.5,0.2358,0.6284,0.1482,Level 2: Yellow,Advisory / Early Warning Watch,#eab308,Advisory notice. Maintenance standby and slope drainage watch.
CELL_MEG_2056,25.56558,92.08151,5,Jaintia Hills Block,1613.8,18.8,0.2471,0.6284,0.1553,Level 3: Orange,Warning / Heightened Hazard Alert,#f97316,Heightened warning. Travel caution and heavy transport limits.
CELL_MEG_2057,25.17008,90.56986,1,Garo Hills Block,29.6,27.1,0.0092,0.6284,0.0058,Level 1: Green,Low / Normal Baseline Monitoring,#22c55e,Routine baseline monitoring. Safe terrain condition.
CELL_MEG_2058,25.81032,90.30244,1,Garo Hills Block,25.0,29.0,0.0199,0.6284,0.0125,Level 1: Green,Low / Normal Baseline Monitoring,#22c55e,Routine baseline monitoring. Safe terrain condition.
CELL_MEG_2059,25.39946,90.60784,1,Garo Hills Block,115.7,30.0,0.0145,0.6284,0.0091,Level 1: Green,Low / Normal Baseline Monitoring,#22c55e,Routine baseline monitoring. Safe terrain condition.
CELL_MEG_2060,25.39785,91.96039,3,East Khasi Block,1622.8,25.2,0.049,0.6284,0.0308,Level 1: Green,Low / Normal Baseline Monitoring,#22c55e,Routine baseline monitoring. Safe terrain condition.
CELL_MEG_2061,25.41728,91.49355,2,West Khasi Block,1272.9,23.8,0.0505,0.6284,0.0317,Level 1: Green,Low / Normal Baseline Monitoring,#22c55e,Routine baseline monitoring. Safe terrain condition.
CELL_MEG_2062,25.12793,92.2553,5,Jaintia Hills Block,1063.8,15.2,0.0696,0.6284,0.0437,Level 1: Green,Low / Normal Baseline Monitoring,#22c55e,Routine baseline monitoring. Safe terrain condition.
CELL_MEG_2063,25.41948,91.77803,3,East Khasi Block,1589.6,24.5,0.3735,0.6284,0.2347,Level 3: Orange,Warning / Heightened Hazard Alert,#f97316,Heightened warning. Travel caution and heavy transport limits.
CELL_MEG_2064,25.80342,90.43947,1,Garo Hills Block,90.8,18.4,0.0238,0.6284,0.0149,Level 1: Green,Low / Normal Baseline Monitoring,#22c55e,Routine baseline monitoring. Safe terrain condition.
CELL_MEG_2065,25.97545,91.67948,4,Ri-Bhoi Block,1156.4,20.9,0.0267,0.6284,0.0168,Level 1: Green,Low / Normal Baseline Monitoring,#22c55e,Routine baseline monitoring. Safe terrain condition.
CELL_MEG_2066,25.48302,90.35612,1,Garo Hills Block,25.0,31.1,0.0127,0.6284,0.008,Level 1: Green,Low / Normal Baseline Monitoring,#22c55e,Routine baseline monitoring. Safe terrain condition.
CELL_MEG_2067,26.03768,92.10296,4,Ri-Bhoi Block,1072.2,29.4,0.0158,0.6284,0.0099,Level 1: Green,Low / Normal Baseline Monitoring,#22c55e,Routine baseline monitoring. Safe terrain condition.
CELL_MEG_2068,25.24467,90.83002,1,Garo Hills Block,367.5,35.6,0.0144,0.6284,0.0091,Level 1: Green,Low / Normal Baseline Monitoring,#22c55e,Routine baseline monitoring. Safe terrain condition.
CELL_MEG_2069,25.89445,91.92182,4,Ri-Bhoi Block,1332.3,32.6,0.0713,0.6284,0.0448,Level 1: Green,Low / Normal Baseline Monitoring,#22c55e,Routine baseline monitoring. Safe terrain condition.
CELL_MEG_2070,25.84705,91.14566,4,Ri-Bhoi Block,800.2,33.0,0.0146,0.6284,0.0092,Level 1: Green,Low / Normal Baseline Monitoring,#22c55e,Routine baseline monitoring. Safe terrain condition.
CELL_MEG_2071,25.79379,90.97881,1,Garo Hills Block,500.1,16.7,0.0263,0.6284,0.0165,Level 1: Green,Low / Normal Baseline Monitoring,#22c55e,Routine baseline monitoring. Safe terrain condition.
CELL_MEG_2072,25.24816,91.72966,3,East Khasi Block,1440.5,27.0,0.0354,0.6284,0.0223,Level 1: Green,Low / Normal Baseline Monitoring,#22c55e,Routine baseline monitoring. Safe terrain condition.
CELL_MEG_2073,26.07409,90.74733,1,Garo Hills Block,101.5,27.6,0.0188,0.6284,0.0118,Level 1: Green,Low / Normal Baseline Monitoring,#22c55e,Routine baseline monitoring. Safe terrain condition.
CELL_MEG_2074,25.51785,91.8557,3,East Khasi Block,1730.3,25.1,0.3789,0.6284,0.2381,Level 3: Orange,Warning / Heightened Hazard Alert,#f97316,Heightened warning. Travel caution and heavy transport limits.
CELL_MEG_2075,25.60483,92.37246,5,Jaintia Hills Block,1154.9,27.8,0.1274,0.6284,0.08,Level 1: Green,Low / Normal Baseline Monitoring,#22c55e,Routine baseline monitoring. Safe terrain condition.
CELL_MEG_2076,25.84268,89.97781,1,Garo Hills Block,25.0,27.8,0.0154,0.6284,0.0096,Level 1: Green,Low / Normal Baseline Monitoring,#22c55e,Routine baseline monitoring. Safe terrain condition.
CELL_MEG_2077,26.0983,92.09483,4,Ri-Bhoi Block,1048.4,30.4,0.0456,0.6284,0.0287,Level 1: Green,Low / Normal Baseline Monitoring,#22c55e,Routine baseline monitoring. Safe terrain condition.
CELL_MEG_2078,25.95302,91.78615,4,Ri-Bhoi Block,1242.7,15.7,0.0338,0.6284,0.0212,Level 1: Green,Low / Normal Baseline Monitoring,#22c55e,Routine baseline monitoring. Safe terrain condition.
CELL_MEG_2079,25.94479,90.14277,1,Garo Hills Block,25.0,18.6,0.0149,0.6284,0.0094,Level 1: Green,Low / Normal Baseline Monitoring,#22c55e,Routine baseline monitoring. Safe terrain condition.
CELL_MEG_2080,25.39556,92.47308,5,Jaintia Hills Block,1035.1,26.1,0.0178,0.6284,0.0112,Level 1: Green,Low / Normal Baseline Monitoring,#22c55e,Routine baseline monitoring. Safe terrain condition.
CELL_MEG_2081,25.23779,90.03864,1,Garo Hills Block,25.0,35.4,0.0234,0.6284,0.0147,Level 1: Green,Low / Normal Baseline Monitoring,#22c55e,Routine baseline monitoring. Safe terrain condition.
CELL_MEG_2082,25.87117,92.34823,4,Ri-Bhoi Block,1120.8,30.7,0.016,0.6284,0.0101,Level 1: Green,Low / Normal Baseline Monitoring,#22c55e,Routine baseline monitoring. Safe terrain condition.
CELL_MEG_2083,25.19566,92.40575,5,Jaintia Hills Block,1015.2,31.7,0.0402,0.6284,0.0253,Level 1: Green,Low / Normal Baseline Monitoring,#22c55e,Routine baseline monitoring. Safe terrain condition.
CELL_MEG_2084,25.76171,91.38625,4,Ri-Bhoi Block,1098.8,23.5,0.0225,0.6284,0.0141,Level 1: Green,Low / Normal Baseline Monitoring,#22c55e,Routine baseline monitoring. Safe terrain condition.
CELL_MEG_2085,25.91667,91.07871,4,Ri-Bhoi Block,618.5,29.2,0.0252,0.6284,0.0158,Level 1: Green,Low / Normal Baseline Monitoring,#22c55e,Routine baseline monitoring. Safe terrain condition.
CELL_MEG_2086,25.22951,90.6688,1,Garo Hills Block,34.1,28.4,0.0228,0.6284,0.0143,Level 1: Green,Low / Normal Baseline Monitoring,#22c55e,Routine baseline monitoring. Safe terrain condition.
CELL_MEG_2087,25.56558,91.42056,2,West Khasi Block,1265.5,21.0,0.045,0.6284,0.0283,Level 1: Green,Low / Normal Baseline Monitoring,#22c55e,Routine baseline monitoring. Safe terrain condition.
CELL_MEG_2088,25.89003,92.21363,4,Ri-Bhoi Block,1138.3,30.1,0.0175,0.6284,0.011,Level 1: Green,Low / Normal Baseline Monitoring,#22c55e,Routine baseline monitoring. Safe terrain condition.
CELL_MEG_2089,25.64788,92.1814,5,Jaintia Hills Block,1464.2,34.7,0.0434,0.6284,0.0273,Level 1: Green,Low / Normal Baseline Monitoring,#22c55e,Routine baseline monitoring. Safe terrain condition.
CELL_MEG_2090,25.22712,89.9527,1,Garo Hills Block,25.0,26.6,0.0077,0.6284,0.0048,Level 1: Green,Low / Normal Baseline Monitoring,#22c55e,Routine baseline monitoring. Safe terrain condition.
CELL_MEG_2091,25.96353,90.03044,1,Garo Hills Block,104.5,23.0,0.0167,0.6284,0.0105,Level 1: Green,Low / Normal Baseline Monitoring,#22c55e,Routine baseline monitoring. Safe terrain condition.
CELL_MEG_2092,25.28642,91.92072,3,East Khasi Block,1471.8,29.4,0.0687,0.6284,0.0432,Level 1: Green,Low / Normal Baseline Monitoring,#22c55e,Routine baseline monitoring. Safe terrain condition.
CELL_MEG_2093,25.4622,92.47276,5,Jaintia Hills Block,996.0,31.3,0.0378,0.6284,0.0238,Level 1: Green,Low / Normal Baseline Monitoring,#22c55e,Routine baseline monitoring. Safe terrain condition.
CELL_MEG_2094,25.34182,89.83621,1,Garo Hills Block,25.0,22.0,0.0186,0.6284,0.0117,Level 1: Green,Low / Normal Baseline Monitoring,#22c55e,Routine baseline monitoring. Safe terrain condition.
CELL_MEG_2095,25.34471,91.56313,2,West Khasi Block,1394.0,18.9,0.0322,0.6284,0.0202,Level 1: Green,Low / Normal Baseline Monitoring,#22c55e,Routine baseline monitoring. Safe terrain condition.
CELL_MEG_2096,25.42601,91.43136,2,West Khasi Block,1164.7,30.1,0.0226,0.6284,0.0142,Level 1: Green,Low / Normal Baseline Monitoring,#22c55e,Routine baseline monitoring. Safe terrain condition.
CELL_MEG_2097,25.96673,92.58308,4,Ri-Bhoi Block,727.0,15.9,0.0324,0.6284,0.0203,Level 1: Green,Low / Normal Baseline Monitoring,#22c55e,Routine baseline monitoring. Safe terrain condition.
CELL_MEG_2098,25.30725,91.20953,2,West Khasi Block,865.5,18.1,0.0577,0.6284,0.0362,Level 1: Green,Low / Normal Baseline Monitoring,#22c55e,Routine baseline monitoring. Safe terrain condition.
CELL_MEG_2099,25.61308,92.69479,5,Jaintia Hills Block,691.5,31.2,0.0345,0.6284,0.0217,Level 1: Green,Low / Normal Baseline Monitoring,#22c55e,Routine baseline monitoring. Safe terrain condition.
CELL_MEG_2100,26.09851,90.51799,1,Garo Hills Block,71.5,29.7,0.0511,0.6284,0.0321,Level 1: Green,Low / Normal Baseline Monitoring,#22c55e,Routine baseline monitoring. Safe terrain condition.
CELL_MEG_2101,25.80514,90.953,1,Garo Hills Block,438.5,19.2,0.0242,0.6284,0.0152,Level 1: Green,Low / Normal Baseline Monitoring,#22c55e,Routine baseline monitoring. Safe terrain condition.
CELL_MEG_2102,25.02876,89.82822,1,Garo Hills Block,25.0,34.7,0.0183,0.6284,0.0115,Level 1: Green,Low / Normal Baseline Monitoring,#22c55e,Routine baseline monitoring. Safe terrain condition.
CELL_MEG_2103,25.51741,91.28942,2,West Khasi Block,949.2,20.3,0.1011,0.6284,0.0635,Level 1: Green,Low / Normal Baseline Monitoring,#22c55e,Routine baseline monitoring. Safe terrain condition.
CELL_MEG_2104,25.04437,91.89513,3,East Khasi Block,1225.0,35.3,0.0572,0.6284,0.0359,Level 1: Green,Low / Normal Baseline Monitoring,#22c55e,Routine baseline monitoring. Safe terrain condition.
CELL_MEG_2105,25.33752,91.50767,2,West Khasi Block,1262.0,14.2,0.1632,0.6284,0.1026,Level 2: Yellow,Advisory / Early Warning Watch,#eab308,Advisory notice. Maintenance standby and slope drainage watch.
CELL_MEG_2106,25.34499,90.30976,1,Garo Hills Block,119.0,23.9,0.0268,0.6284,0.0168,Level 1: Green,Low / Normal Baseline Monitoring,#22c55e,Routine baseline monitoring. Safe terrain condition.
CELL_MEG_2107,25.45975,90.50843,1,Garo Hills Block,62.7,29.5,0.0328,0.6284,0.0206,Level 1: Green,Low / Normal Baseline Monitoring,#22c55e,Routine baseline monitoring. Safe terrain condition.
CELL_MEG_2108,25.59758,90.40643,1,Garo Hills Block,46.5,21.5,0.0119,0.6284,0.0075,Level 1: Green,Low / Normal Baseline Monitoring,#22c55e,Routine baseline monitoring. Safe terrain condition.
CELL_MEG_2109,25.56908,90.28,1,Garo Hills Block,25.0,22.6,0.0086,0.6284,0.0054,Level 1: Green,Low / Normal Baseline Monitoring,#22c55e,Routine baseline monitoring. Safe terrain condition.
CELL_MEG_2110,25.74465,92.09951,4,Ri-Bhoi Block,1424.8,21.1,0.0299,0.6284,0.0188,Level 1: Green,Low / Normal Baseline Monitoring,#22c55e,Routine baseline monitoring. Safe terrain condition.
CELL_MEG_2111,25.13923,91.2268,2,West Khasi Block,761.5,14.3,0.0335,0.6284,0.0211,Level 1: Green,Low / Normal Baseline Monitoring,#22c55e,Routine baseline monitoring. Safe terrain condition.
CELL_MEG_2112,25.30556,91.40926,2,West Khasi Block,1081.7,25.0,0.031,0.6284,0.0195,Level 1: Green,Low / Normal Baseline Monitoring,#22c55e,Routine baseline monitoring. Safe terrain condition.
CELL_MEG_2113,25.57886,92.61928,5,Jaintia Hills Block,830.8,21.8,0.2837,0.6284,0.1783,Level 3: Orange,Warning / Heightened Hazard Alert,#f97316,Heightened warning. Travel caution and heavy transport limits.
CELL_MEG_2114,25.61301,91.57815,2,West Khasi Block,1433.6,28.2,0.0365,0.6284,0.0229,Level 1: Green,Low / Normal Baseline Monitoring,#22c55e,Routine baseline monitoring. Safe terrain condition.
CELL_MEG_2115,25.45378,92.69469,5,Jaintia Hills Block,712.5,35.4,0.0167,0.6284,0.0105,Level 1: Green,Low / Normal Baseline Monitoring,#22c55e,Routine baseline monitoring. Safe terrain condition.
CELL_MEG_2116,25.85936,90.67049,1,Garo Hills Block,42.7,28.3,0.0145,0.6284,0.0091,Level 1: Green,Low / Normal Baseline Monitoring,#22c55e,Routine baseline monitoring. Safe terrain condition.
CELL_MEG_2117,25.93175,91.11881,4,Ri-Bhoi Block,635.7,27.4,0.0112,0.6284,0.007,Level 1: Green,Low / Normal Baseline Monitoring,#22c55e,Routine baseline monitoring. Safe terrain condition.
CELL_MEG_2118,25.91496,92.30981,4,Ri-Bhoi Block,1063.2,21.5,0.0337,0.6284,0.0212,Level 1: Green,Low / Normal Baseline Monitoring,#22c55e,Routine baseline monitoring. Safe terrain condition.
CELL_MEG_2119,25.22398,91.93848,3,East Khasi Block,1337.6,32.7,0.0255,0.6284,0.016,Level 1: Green,Low / Normal Baseline Monitoring,#22c55e,Routine baseline monitoring. Safe terrain condition.
CELL_MEG_2120,25.33389,90.70735,1,Garo Hills Block,188.7,14.2,0.2159,0.6284,0.1357,Level 2: Yellow,Advisory / Early Warning Watch,#eab308,Advisory notice. Maintenance standby and slope drainage watch.
CELL_MEG_2121,25.26821,89.80276,1,Garo Hills Block,66.1,33.6,0.015,0.6284,0.0095,Level 1: Green,Low / Normal Baseline Monitoring,#22c55e,Routine baseline monitoring. Safe terrain condition.
CELL_MEG_2122,25.79246,90.32211,1,Garo Hills Block,25.0,26.5,0.0275,0.6284,0.0173,Level 1: Green,Low / Normal Baseline Monitoring,#22c55e,Routine baseline monitoring. Safe terrain condition.
CELL_MEG_2123,25.13284,90.52442,1,Garo Hills Block,45.1,19.9,0.042,0.6284,0.0264,Level 1: Green,Low / Normal Baseline Monitoring,#22c55e,Routine baseline monitoring. Safe terrain condition.
CELL_MEG_2124,25.43029,91.25151,2,West Khasi Block,981.3,25.6,0.0238,0.6284,0.015,Level 1: Green,Low / Normal Baseline Monitoring,#22c55e,Routine baseline monitoring. Safe terrain condition.
CELL_MEG_2125,25.06814,92.76025,5,Jaintia Hills Block,452.8,25.1,0.0151,0.6284,0.0095,Level 1: Green,Low / Normal Baseline Monitoring,#22c55e,Routine baseline monitoring. Safe terrain condition.
CELL_MEG_2126,25.79335,90.78574,1,Garo Hills Block,331.4,22.4,0.0127,0.6284,0.008,Level 1: Green,Low / Normal Baseline Monitoring,#22c55e,Routine baseline monitoring. Safe terrain condition.
CELL_MEG_2127,25.36419,91.16805,2,West Khasi Block,792.2,20.7,0.0296,0.6284,0.0186,Level 1: Green,Low / Normal Baseline Monitoring,#22c55e,Routine baseline monitoring. Safe terrain condition.
CELL_MEG_2128,25.69634,90.24644,1,Garo Hills Block,51.8,26.1,0.0246,0.6284,0.0155,Level 1: Green,Low / Normal Baseline Monitoring,#22c55e,Routine baseline monitoring. Safe terrain condition.
CELL_MEG_2129,25.22404,92.42127,5,Jaintia Hills Block,997.6,35.5,0.0668,0.6284,0.042,Level 1: Green,Low / Normal Baseline Monitoring,#22c55e,Routine baseline monitoring. Safe terrain condition.
CELL_MEG_2130,25.29676,90.95959,1,Garo Hills Block,525.0,19.1,0.0476,0.6284,0.0299,Level 1: Green,Low / Normal Baseline Monitoring,#22c55e,Routine baseline monitoring. Safe terrain condition.
CELL_MEG_2131,25.96097,91.8226,4,Ri-Bhoi Block,1281.2,18.8,0.0271,0.6284,0.017,Level 1: Green,Low / Normal Baseline Monitoring,#22c55e,Routine baseline monitoring. Safe terrain condition.
CELL_MEG_2132,25.04126,92.04371,5,Jaintia Hills Block,1020.0,26.2,0.0197,0.6284,0.0124,Level 1: Green,Low / Normal Baseline Monitoring,#22c55e,Routine baseline monitoring. Safe terrain condition.
CELL_MEG_2133,25.54598,92.28021,5,Jaintia Hills Block,1283.3,14.1,0.3399,0.6284,0.2136,Level 3: Orange,Warning / Heightened Hazard Alert,#f97316,Heightened warning. Travel caution and heavy transport limits.
CELL_MEG_2134,26.05101,92.62365,4,Ri-Bhoi Block,575.5,30.9,0.1109,0.6284,0.0697,Level 1: Green,Low / Normal Baseline Monitoring,#22c55e,Routine baseline monitoring. Safe terrain condition.
CELL_MEG_2135,26.00201,91.36212,4,Ri-Bhoi Block,854.2,26.4,0.0124,0.6284,0.0078,Level 1: Green,Low / Normal Baseline Monitoring,#22c55e,Routine baseline monitoring. Safe terrain condition.
CELL_MEG_2136,25.40895,91.21836,2,West Khasi Block,939.3,23.0,0.0219,0.6284,0.0138,Level 1: Green,Low / Normal Baseline Monitoring,#22c55e,Routine baseline monitoring. Safe terrain condition.
CELL_MEG_2137,25.76509,92.49619,4,Ri-Bhoi Block,930.2,17.2,0.024,0.6284,0.0151,Level 1: Green,Low / Normal Baseline Monitoring,#22c55e,Routine baseline monitoring. Safe terrain condition.
CELL_MEG_2138,25.24355,92.60049,5,Jaintia Hills Block,756.6,29.6,0.0284,0.6284,0.0178,Level 1: Green,Low / Normal Baseline Monitoring,#22c55e,Routine baseline monitoring. Safe terrain condition.
CELL_MEG_2139,25.90039,92.78551,4,Ri-Bhoi Block,474.0,23.8,0.0331,0.6284,0.0208,Level 1: Green,Low / Normal Baseline Monitoring,#22c55e,Routine baseline monitoring. Safe terrain condition.
CELL_MEG_2140,25.97067,90.65381,1,Garo Hills Block,113.6,18.3,0.0262,0.6284,0.0165,Level 1: Green,Low / Normal Baseline Monitoring,#22c55e,Routine baseline monitoring. Safe terrain condition.
CELL_MEG_2141,25.13443,90.14234,1,Garo Hills Block,47.6,16.9,0.0177,0.6284,0.0111,Level 1: Green,Low / Normal Baseline Monitoring,#22c55e,Routine baseline monitoring. Safe terrain condition.
CELL_MEG_2142,25.33452,91.67326,3,East Khasi Block,1409.5,21.7,0.0459,0.6284,0.0288,Level 1: Green,Low / Normal Baseline Monitoring,#22c55e,Routine baseline monitoring. Safe terrain condition.
CELL_MEG_2143,25.88867,92.54271,4,Ri-Bhoi Block,765.6,24.7,0.056,0.6284,0.0352,Level 1: Green,Low / Normal Baseline Monitoring,#22c55e,Routine baseline monitoring. Safe terrain condition.
CELL_MEG_2144,25.69365,89.81718,1,Garo Hills Block,25.0,32.0,0.0511,0.6284,0.0321,Level 1: Green,Low / Normal Baseline Monitoring,#22c55e,Routine baseline monitoring. Safe terrain condition.
CELL_MEG_2145,25.22122,90.10416,1,Garo Hills Block,75.9,32.6,0.0096,0.6284,0.006,Level 1: Green,Low / Normal Baseline Monitoring,#22c55e,Routine baseline monitoring. Safe terrain condition.
CELL_MEG_2146,25.41239,91.32912,2,West Khasi Block,1068.7,31.0,0.0162,0.6284,0.0102,Level 1: Green,Low / Normal Baseline Monitoring,#22c55e,Routine baseline monitoring. Safe terrain condition.
CELL_MEG_2147,25.06687,90.86286,1,Garo Hills Block,260.9,31.9,0.0425,0.6284,0.0267,Level 1: Green,Low / Normal Baseline Monitoring,#22c55e,Routine baseline monitoring. Safe terrain condition.
CELL_MEG_2148,25.21351,91.77356,3,East Khasi Block,1416.2,24.8,0.0276,0.6284,0.0173,Level 1: Green,Low / Normal Baseline Monitoring,#22c55e,Routine baseline monitoring. Safe terrain condition.
CELL_MEG_2149,25.52141,91.31072,2,West Khasi Block,1002.6,22.3,0.0471,0.6284,0.0296,Level 1: Green,Low / Normal Baseline Monitoring,#22c55e,Routine baseline monitoring. Safe terrain condition.
CELL_MEG_2150,25.48191,92.71586,5,Jaintia Hills Block,715.0,31.0,0.039,0.6284,0.0245,Level 1: Green,Low / Normal Baseline Monitoring,#22c55e,Routine baseline monitoring. Safe terrain condition.
CELL_MEG_2151,25.25191,91.37583,2,West Khasi Block,1066.8,35.4,0.0296,0.6284,0.0186,Level 1: Green,Low / Normal Baseline Monitoring,#22c55e,Routine baseline monitoring. Safe terrain condition.
CELL_MEG_2152,25.8149,91.49837,4,Ri-Bhoi Block,1200.4,20.3,0.0277,0.6284,0.0174,Level 1: Green,Low / Normal Baseline Monitoring,#22c55e,Routine baseline monitoring. Safe terrain condition.
CELL_MEG_2153,26.02334,90.9528,1,Garo Hills Block,465.6,20.8,0.0217,0.6284,0.0137,Level 1: Green,Low / Normal Baseline Monitoring,#22c55e,Routine baseline monitoring. Safe terrain condition.
CELL_MEG_2154,25.52077,90.06999,1,Garo Hills Block,25.0,26.2,0.0149,0.6284,0.0094,Level 1: Green,Low / Normal Baseline Monitoring,#22c55e,Routine baseline monitoring. Safe terrain condition.
CELL_MEG_2155,25.67772,90.67905,1,Garo Hills Block,213.0,26.4,0.0281,0.6284,0.0177,Level 1: Green,Low / Normal Baseline Monitoring,#22c55e,Routine baseline monitoring. Safe terrain condition.
CELL_MEG_2156,25.19313,91.46082,2,West Khasi Block,1134.1,23.4,0.0198,0.6284,0.0125,Level 1: Green,Low / Normal Baseline Monitoring,#22c55e,Routine baseline monitoring. Safe terrain condition.
CELL_MEG_2157,25.5949,90.03141,1,Garo Hills Block,31.5,27.3,0.0265,0.6284,0.0167,Level 1: Green,Low / Normal Baseline Monitoring,#22c55e,Routine baseline monitoring. Safe terrain condition.
CELL_MEG_2158,25.77407,91.70251,4,Ri-Bhoi Block,1467.3,18.6,0.0491,0.6284,0.0309,Level 1: Green,Low / Normal Baseline Monitoring,#22c55e,Routine baseline monitoring. Safe terrain condition.
CELL_MEG_2159,25.22414,91.23178,2,West Khasi Block,767.8,25.6,0.023,0.6284,0.0145,Level 1: Green,Low / Normal Baseline Monitoring,#22c55e,Routine baseline monitoring. Safe terrain condition.
CELL_MEG_2160,25.79795,91.41478,4,Ri-Bhoi Block,1168.8,24.5,0.0128,0.6284,0.0081,Level 1: Green,Low / Normal Baseline Monitoring,#22c55e,Routine baseline monitoring. Safe terrain condition.
CELL_MEG_2161,25.44713,90.78313,1,Garo Hills Block,308.0,31.5,0.0123,0.6284,0.0077,Level 1: Green,Low / Normal Baseline Monitoring,#22c55e,Routine baseline monitoring. Safe terrain condition.
CELL_MEG_2162,25.67922,92.66428,4,Ri-Bhoi Block,655.1,34.4,0.035,0.6284,0.022,Level 1: Green,Low / Normal Baseline Monitoring,#22c55e,Routine baseline monitoring. Safe terrain condition.
CELL_MEG_2163,25.74548,90.02797,1,Garo Hills Block,68.7,23.3,0.0295,0.6284,0.0185,Level 1: Green,Low / Normal Baseline Monitoring,#22c55e,Routine baseline monitoring. Safe terrain condition.
CELL_MEG_2164,25.51754,92.51701,5,Jaintia Hills Block,873.2,18.0,0.1192,0.6284,0.0749,Level 1: Green,Low / Normal Baseline Monitoring,#22c55e,Routine baseline monitoring. Safe terrain condition.
CELL_MEG_2165,25.12202,92.81607,5,Jaintia Hills Block,425.9,14.4,0.0997,0.6284,0.0626,Level 1: Green,Low / Normal Baseline Monitoring,#22c55e,Routine baseline monitoring. Safe terrain condition.
CELL_MEG_2166,26.045,90.03874,1,Garo Hills Block,83.7,33.1,0.0144,0.6284,0.009,Level 1: Green,Low / Normal Baseline Monitoring,#22c55e,Routine baseline monitoring. Safe terrain condition.
CELL_MEG_2167,26.02809,90.90755,1,Garo Hills Block,379.3,26.2,0.0249,0.6284,0.0156,Level 1: Green,Low / Normal Baseline Monitoring,#22c55e,Routine baseline monitoring. Safe terrain condition.
CELL_MEG_2168,25.93229,91.07607,4,Ri-Bhoi Block,584.2,26.3,0.0185,0.6284,0.0116,Level 1: Green,Low / Normal Baseline Monitoring,#22c55e,Routine baseline monitoring. Safe terrain condition.
CELL_MEG_2169,25.85644,89.90306,1,Garo Hills Block,83.5,26.6,0.0126,0.6284,0.0079,Level 1: Green,Low / Normal Baseline Monitoring,#22c55e,Routine baseline monitoring. Safe terrain condition.
CELL_MEG_2170,25.66061,90.36954,1,Garo Hills Block,88.2,32.9,0.0255,0.6284,0.0161,Level 1: Green,Low / Normal Baseline Monitoring,#22c55e,Routine baseline monitoring. Safe terrain condition.
CELL_MEG_2171,25.39363,90.8613,1,Garo Hills Block,393.4,29.4,0.0259,0.6284,0.0163,Level 1: Green,Low / Normal Baseline Monitoring,#22c55e,Routine baseline monitoring. Safe terrain condition.
CELL_MEG_2172,25.52659,90.81912,1,Garo Hills Block,437.2,24.7,0.0357,0.6284,0.0225,Level 1: Green,Low / Normal Baseline Monitoring,#22c55e,Routine baseline monitoring. Safe terrain condition.
CELL_MEG_2173,25.13595,90.24417,1,Garo Hills Block,44.8,17.7,0.0222,0.6284,0.0139,Level 1: Green,Low / Normal Baseline Monitoring,#22c55e,Routine baseline monitoring. Safe terrain condition.
CELL_MEG_2174,25.05611,91.23426,2,West Khasi Block,782.9,24.0,0.0299,0.6284,0.0188,Level 1: Green,Low / Normal Baseline Monitoring,#22c55e,Routine baseline monitoring. Safe terrain condition.
CELL_MEG_2175,26.0508,90.15281,1,Garo Hills Block,25.0,26.3,0.0139,0.6284,0.0087,Level 1: Green,Low / Normal Baseline Monitoring,#22c55e,Routine baseline monitoring. Safe terrain condition.
CELL_MEG_2176,26.04197,92.03675,4,Ri-Bhoi Block,1076.2,23.5,0.0259,0.6284,0.0163,Level 1: Green,Low / Normal Baseline Monitoring,#22c55e,Routine baseline monitoring. Safe terrain condition.
CELL_MEG_2177,25.7085,91.7681,4,Ri-Bhoi Block,1520.6,20.1,0.1013,0.6284,0.0637,Level 1: Green,Low / Normal Baseline Monitoring,#22c55e,Routine baseline monitoring. Safe terrain condition.
CELL_MEG_2178,25.91287,90.12611,1,Garo Hills Block,51.5,25.8,0.0081,0.6284,0.0051,Level 1: Green,Low / Normal Baseline Monitoring,#22c55e,Routine baseline monitoring. Safe terrain condition.
CELL_MEG_2179,25.56514,91.92613,3,East Khasi Block,1736.1,22.9,0.6255,0.6284,0.3931,Level 4: Red,Critical / Immediate Action Trigger,#ef4444,Critical landslide hazard. Immediate emergency protocols and slope closures.
CELL_MEG_2180,25.65377,92.33998,4,Ri-Bhoi Block,1125.8,29.8,0.0365,0.6284,0.023,Level 1: Green,Low / Normal Baseline Monitoring,#22c55e,Routine baseline monitoring. Safe terrain condition.
CELL_MEG_2181,25.09805,91.90664,3,East Khasi Block,1268.1,26.6,0.0242,0.6284,0.0152,Level 1: Green,Low / Normal Baseline Monitoring,#22c55e,Routine baseline monitoring. Safe terrain condition.
CELL_MEG_2182,25.59675,90.95644,1,Garo Hills Block,543.2,19.2,0.0436,0.6284,0.0274,Level 1: Green,Low / Normal Baseline Monitoring,#22c55e,Routine baseline monitoring. Safe terrain condition.
CELL_MEG_2183,25.3875,91.69354,3,East Khasi Block,1449.9,23.9,0.0314,0.6284,0.0197,Level 1: Green,Low / Normal Baseline Monitoring,#22c55e,Routine baseline monitoring. Safe terrain condition.
CELL_MEG_2184,25.98228,91.31334,4,Ri-Bhoi Block,896.1,20.6,0.0223,0.6284,0.014,Level 1: Green,Low / Normal Baseline Monitoring,#22c55e,Routine baseline monitoring. Safe terrain condition.
CELL_MEG_2185,25.9107,91.02658,4,Ri-Bhoi Block,552.6,24.7,0.0472,0.6284,0.0297,Level 1: Green,Low / Normal Baseline Monitoring,#22c55e,Routine baseline monitoring. Safe terrain condition.
CELL_MEG_2186,25.13059,89.98759,1,Garo Hills Block,48.4,18.3,0.0362,0.6284,0.0227,Level 1: Green,Low / Normal Baseline Monitoring,#22c55e,Routine baseline monitoring. Safe terrain condition.
CELL_MEG_2187,25.07544,90.95946,1,Garo Hills Block,475.9,21.2,0.0222,0.6284,0.014,Level 1: Green,Low / Normal Baseline Monitoring,#22c55e,Routine baseline monitoring. Safe terrain condition.
CELL_MEG_2188,25.82225,89.95511,1,Garo Hills Block,25.0,22.6,0.0083,0.6284,0.0052,Level 1: Green,Low / Normal Baseline Monitoring,#22c55e,Routine baseline monitoring. Safe terrain condition.
CELL_MEG_2189,25.25881,90.6365,1,Garo Hills Block,25.0,31.2,0.016,0.6284,0.01,Level 1: Green,Low / Normal Baseline Monitoring,#22c55e,Routine baseline monitoring. Safe terrain condition.
CELL_MEG_2190,25.61142,90.24077,1,Garo Hills Block,44.6,24.6,0.0126,0.6284,0.0079,Level 1: Green,Low / Normal Baseline Monitoring,#22c55e,Routine baseline monitoring. Safe terrain condition.
CELL_MEG_2191,25.16466,92.67856,5,Jaintia Hills Block,659.3,26.5,0.0254,0.6284,0.016,Level 1: Green,Low / Normal Baseline Monitoring,#22c55e,Routine baseline monitoring. Safe terrain condition.
CELL_MEG_2192,25.88854,90.351,1,Garo Hills Block,25.0,33.4,0.0094,0.6284,0.0059,Level 1: Green,Low / Normal Baseline Monitoring,#22c55e,Routine baseline monitoring. Safe terrain condition.
CELL_MEG_2193,25.45909,90.88465,1,Garo Hills Block,445.0,33.5,0.0779,0.6284,0.049,Level 1: Green,Low / Normal Baseline Monitoring,#22c55e,Routine baseline monitoring. Safe terrain condition.
CELL_MEG_2194,25.87428,91.35615,4,Ri-Bhoi Block,1006.0,35.6,0.0123,0.6284,0.0077,Level 1: Green,Low / Normal Baseline Monitoring,#22c55e,Routine baseline monitoring. Safe terrain condition.
CELL_MEG_2195,25.15808,92.05393,5,Jaintia Hills Block,1290.7,17.0,0.0949,0.6284,0.0596,Level 1: Green,Low / Normal Baseline Monitoring,#22c55e,Routine baseline monitoring. Safe terrain condition.
CELL_MEG_2196,25.44864,90.60192,1,Garo Hills Block,52.7,35.5,0.0733,0.6284,0.0461,Level 1: Green,Low / Normal Baseline Monitoring,#22c55e,Routine baseline monitoring. Safe terrain condition.
CELL_MEG_2197,25.42554,91.31816,2,West Khasi Block,1060.4,31.6,0.0126,0.6284,0.0079,Level 1: Green,Low / Normal Baseline Monitoring,#22c55e,Routine baseline monitoring. Safe terrain condition.
CELL_MEG_2198,25.39056,90.53781,1,Garo Hills Block,25.0,26.7,0.025,0.6284,0.0157,Level 1: Green,Low / Normal Baseline Monitoring,#22c55e,Routine baseline monitoring. Safe terrain condition.
CELL_MEG_2199,25.45038,89.85848,1,Garo Hills Block,50.8,31.5,0.0211,0.6284,0.0133,Level 1: Green,Low / Normal Baseline Monitoring,#22c55e,Routine baseline monitoring. Safe terrain condition.
CELL_MEG_2200,25.8543,90.32138,1,Garo Hills Block,25.0,35.6,0.0173,0.6284,0.0109,Level 1: Green,Low / Normal Baseline Monitoring,#22c55e,Routine baseline monitoring. Safe terrain condition.
CELL_MEG_2201,25.06742,91.79378,3,East Khasi Block,1132.8,23.8,0.0558,0.6284,0.035,Level 1: Green,Low / Normal Baseline Monitoring,#22c55e,Routine baseline monitoring. Safe terrain condition.
CELL_MEG_2202,25.85585,92.28218,4,Ri-Bhoi Block,1139.2,25.7,0.0132,0.6284,0.0083,Level 1: Green,Low / Normal Baseline Monitoring,#22c55e,Routine baseline monitoring. Safe terrain condition.
CELL_MEG_2203,25.55299,90.42637,1,Garo Hills Block,82.3,14.9,0.0641,0.6284,0.0403,Level 1: Green,Low / Normal Baseline Monitoring,#22c55e,Routine baseline monitoring. Safe terrain condition.
CELL_MEG_2204,25.81621,91.93412,4,Ri-Bhoi Block,1419.7,28.1,0.0175,0.6284,0.011,Level 1: Green,Low / Normal Baseline Monitoring,#22c55e,Routine baseline monitoring. Safe terrain condition.
CELL_MEG_2205,25.28597,92.55539,5,Jaintia Hills Block,829.8,20.8,0.0272,0.6284,0.0171,Level 1: Green,Low / Normal Baseline Monitoring,#22c55e,Routine baseline monitoring. Safe terrain condition.
CELL_MEG_2206,25.13272,92.7972,5,Jaintia Hills Block,439.3,14.2,0.1991,0.6284,0.1251,Level 2: Yellow,Advisory / Early Warning Watch,#eab308,Advisory notice. Maintenance standby and slope drainage watch.
CELL_MEG_2207,25.94907,91.89809,4,Ri-Bhoi Block,1339.6,25.1,0.0401,0.6284,0.0252,Level 1: Green,Low / Normal Baseline Monitoring,#22c55e,Routine baseline monitoring. Safe terrain condition.
CELL_MEG_2208,26.03385,92.00305,4,Ri-Bhoi Block,1112.8,22.5,0.025,0.6284,0.0157,Level 1: Green,Low / Normal Baseline Monitoring,#22c55e,Routine baseline monitoring. Safe terrain condition.
CELL_MEG_2209,25.22569,91.14858,2,West Khasi Block,783.8,33.3,0.0157,0.6284,0.0099,Level 1: Green,Low / Normal Baseline Monitoring,#22c55e,Routine baseline monitoring. Safe terrain condition.
CELL_MEG_2210,25.09722,90.98846,1,Garo Hills Block,489.2,17.3,0.0225,0.6284,0.0142,Level 1: Green,Low / Normal Baseline Monitoring,#22c55e,Routine baseline monitoring. Safe terrain condition.
CELL_MEG_2211,25.82093,90.97865,1,Garo Hills Block,466.6,21.4,0.0693,0.6284,0.0436,Level 1: Green,Low / Normal Baseline Monitoring,#22c55e,Routine baseline monitoring. Safe terrain condition.
CELL_MEG_2212,25.37672,91.61584,3,East Khasi Block,1468.0,26.7,0.034,0.6284,0.0214,Level 1: Green,Low / Normal Baseline Monitoring,#22c55e,Routine baseline monitoring. Safe terrain condition.
CELL_MEG_2213,25.96198,89.94513,1,Garo Hills Block,66.8,14.6,0.0998,0.6284,0.0627,Level 1: Green,Low / Normal Baseline Monitoring,#22c55e,Routine baseline monitoring. Safe terrain condition.
CELL_MEG_2214,25.43631,90.28263,1,Garo Hills Block,57.9,33.8,0.0156,0.6284,0.0098,Level 1: Green,Low / Normal Baseline Monitoring,#22c55e,Routine baseline monitoring. Safe terrain condition.
CELL_MEG_2215,25.77098,90.12246,1,Garo Hills Block,56.4,19.5,0.0177,0.6284,0.0111,Level 1: Green,Low / Normal Baseline Monitoring,#22c55e,Routine baseline monitoring. Safe terrain condition.
CELL_MEG_2216,25.73799,90.67285,1,Garo Hills Block,167.1,17.6,0.0288,0.6284,0.0181,Level 1: Green,Low / Normal Baseline Monitoring,#22c55e,Routine baseline monitoring. Safe terrain condition.
CELL_MEG_2217,25.23483,92.65587,5,Jaintia Hills Block,746.7,35.4,0.0264,0.6284,0.0166,Level 1: Green,Low / Normal Baseline Monitoring,#22c55e,Routine baseline monitoring. Safe terrain condition.
CELL_MEG_2218,25.04001,91.13522,2,West Khasi Block,518.1,34.5,0.0278,0.6284,0.0175,Level 1: Green,Low / Normal Baseline Monitoring,#22c55e,Routine baseline monitoring. Safe terrain condition.
CELL_MEG_2219,25.04336,91.27496,2,West Khasi Block,825.9,27.3,0.0274,0.6284,0.0172,Level 1: Green,Low / Normal Baseline Monitoring,#22c55e,Routine baseline monitoring. Safe terrain condition.
CELL_MEG_2220,25.56113,90.78107,1,Garo Hills Block,374.1,19.5,0.0405,0.6284,0.0255,Level 1: Green,Low / Normal Baseline Monitoring,#22c55e,Routine baseline monitoring. Safe terrain condition.
CELL_MEG_2221,25.16274,90.94798,1,Garo Hills Block,389.0,17.3,0.0228,0.6284,0.0143,Level 1: Green,Low / Normal Baseline Monitoring,#22c55e,Routine baseline monitoring. Safe terrain condition.
CELL_MEG_2222,25.74604,92.18631,4,Ri-Bhoi Block,1364.1,23.1,0.0355,0.6284,0.0223,Level 1: Green,Low / Normal Baseline Monitoring,#22c55e,Routine baseline monitoring. Safe terrain condition.
CELL_MEG_2223,25.59321,91.599,2,West Khasi Block,1435.5,26.8,0.0739,0.6284,0.0464,Level 1: Green,Low / Normal Baseline Monitoring,#22c55e,Routine baseline monitoring. Safe terrain condition.
CELL_MEG_2224,25.23667,90.67636,1,Garo Hills Block,58.5,27.9,0.0173,0.6284,0.0109,Level 1: Green,Low / Normal Baseline Monitoring,#22c55e,Routine baseline monitoring. Safe terrain condition.
CELL_MEG_2225,25.19485,90.56035,1,Garo Hills Block,38.7,31.0,0.0088,0.6284,0.0055,Level 1: Green,Low / Normal Baseline Monitoring,#22c55e,Routine baseline monitoring. Safe terrain condition.
CELL_MEG_2226,25.6277,92.68209,5,Jaintia Hills Block,683.2,33.9,0.0831,0.6284,0.0522,Level 1: Green,Low / Normal Baseline Monitoring,#22c55e,Routine baseline monitoring. Safe terrain condition.
CELL_MEG_2227,25.23122,91.75711,3,East Khasi Block,1442.2,25.9,0.0309,0.6284,0.0194,Level 1: Green,Low / Normal Baseline Monitoring,#22c55e,Routine baseline monitoring. Safe terrain condition.
CELL_MEG_2228,25.90264,91.50874,4,Ri-Bhoi Block,1128.1,22.8,0.0323,0.6284,0.0203,Level 1: Green,Low / Normal Baseline Monitoring,#22c55e,Routine baseline monitoring. Safe terrain condition.
CELL_MEG_2229,25.2954,90.60078,1,Garo Hills Block,52.3,28.5,0.0313,0.6284,0.0197,Level 1: Green,Low / Normal Baseline Monitoring,#22c55e,Routine baseline monitoring. Safe terrain condition.
CELL_MEG_2230,25.06239,90.73161,1,Garo Hills Block,73.6,23.6,0.0269,0.6284,0.0169,Level 1: Green,Low / Normal Baseline Monitoring,#22c55e,Routine baseline monitoring. Safe terrain condition.
CELL_MEG_2231,25.82417,89.94493,1,Garo Hills Block,25.0,22.3,0.0052,0.6284,0.0032,Level 1: Green,Low / Normal Baseline Monitoring,#22c55e,Routine baseline monitoring. Safe terrain condition.
CELL_MEG_2232,25.25684,91.95401,3,East Khasi Block,1410.2,30.4,0.0426,0.6284,0.0268,Level 1: Green,Low / Normal Baseline Monitoring,#22c55e,Routine baseline monitoring. Safe terrain condition.
CELL_MEG_2233,25.86526,91.18872,4,Ri-Bhoi Block,780.4,29.0,0.0209,0.6284,0.0131,Level 1: Green,Low / Normal Baseline Monitoring,#22c55e,Routine baseline monitoring. Safe terrain condition.
CELL_MEG_2234,25.77392,90.98325,1,Garo Hills Block,539.2,14.5,0.0367,0.6284,0.0231,Level 1: Green,Low / Normal Baseline Monitoring,#22c55e,Routine baseline monitoring. Safe terrain condition.
CELL_MEG_2235,25.19271,91.01436,2,West Khasi Block,518.1,23.4,0.0151,0.6284,0.0095,Level 1: Green,Low / Normal Baseline Monitoring,#22c55e,Routine baseline monitoring. Safe terrain condition.
CELL_MEG_2236,25.64636,92.69156,5,Jaintia Hills Block,644.8,35.4,0.0297,0.6284,0.0187,Level 1: Green,Low / Normal Baseline Monitoring,#22c55e,Routine baseline monitoring. Safe terrain condition.
CELL_MEG_2237,25.09425,91.34755,2,West Khasi Block,862.0,27.0,0.02,0.6284,0.0126,Level 1: Green,Low / Normal Baseline Monitoring,#22c55e,Routine baseline monitoring. Safe terrain condition.
CELL_MEG_2238,25.37523,91.35035,2,West Khasi Block,1054.8,26.3,0.0152,0.6284,0.0096,Level 1: Green,Low / Normal Baseline Monitoring,#22c55e,Routine baseline monitoring. Safe terrain condition.
CELL_MEG_2239,25.04589,90.75473,1,Garo Hills Block,62.2,27.4,0.0125,0.6284,0.0079,Level 1: Green,Low / Normal Baseline Monitoring,#22c55e,Routine baseline monitoring. Safe terrain condition.
CELL_MEG_2240,25.90546,91.48952,4,Ri-Bhoi Block,1114.7,22.4,0.0219,0.6284,0.0138,Level 1: Green,Low / Normal Baseline Monitoring,#22c55e,Routine baseline monitoring. Safe terrain condition.
CELL_MEG_2241,25.50663,90.67085,1,Garo Hills Block,96.6,21.1,0.0466,0.6284,0.0293,Level 1: Green,Low / Normal Baseline Monitoring,#22c55e,Routine baseline monitoring. Safe terrain condition.
CELL_MEG_2242,25.34189,90.96846,1,Garo Hills Block,608.9,14.1,0.2058,0.6284,0.1293,Level 2: Yellow,Advisory / Early Warning Watch,#eab308,Advisory notice. Maintenance standby and slope drainage watch.
CELL_MEG_2243,25.92242,92.75,4,Ri-Bhoi Block,524.3,23.3,0.0263,0.6284,0.0165,Level 1: Green,Low / Normal Baseline Monitoring,#22c55e,Routine baseline monitoring. Safe terrain condition.
CELL_MEG_2244,25.49375,90.99973,1,Garo Hills Block,578.8,21.8,0.0644,0.6284,0.0404,Level 1: Green,Low / Normal Baseline Monitoring,#22c55e,Routine baseline monitoring. Safe terrain condition.
CELL_MEG_2245,25.93427,91.10206,4,Ri-Bhoi Block,608.4,27.2,0.0212,0.6284,0.0133,Level 1: Green,Low / Normal Baseline Monitoring,#22c55e,Routine baseline monitoring. Safe terrain condition.
CELL_MEG_2246,25.61618,90.50437,1,Garo Hills Block,27.3,25.6,0.011,0.6284,0.0069,Level 1: Green,Low / Normal Baseline Monitoring,#22c55e,Routine baseline monitoring. Safe terrain condition.
CELL_MEG_2247,25.82298,91.42256,4,Ri-Bhoi Block,1184.5,28.0,0.0096,0.6284,0.006,Level 1: Green,Low / Normal Baseline Monitoring,#22c55e,Routine baseline monitoring. Safe terrain condition.
CELL_MEG_2248,25.89376,92.18124,4,Ri-Bhoi Block,1175.0,32.9,0.0329,0.6284,0.0207,Level 1: Green,Low / Normal Baseline Monitoring,#22c55e,Routine baseline monitoring. Safe terrain condition.
CELL_MEG_2249,25.25221,91.98269,3,East Khasi Block,1423.4,27.5,0.0321,0.6284,0.0202,Level 1: Green,Low / Normal Baseline Monitoring,#22c55e,Routine baseline monitoring. Safe terrain condition.
CELL_MEG_2250,25.88406,90.85563,1,Garo Hills Block,357.3,34.9,0.0157,0.6284,0.0098,Level 1: Green,Low / Normal Baseline Monitoring,#22c55e,Routine baseline monitoring. Safe terrain condition.
CELL_MEG_2251,25.20642,89.80803,1,Garo Hills Block,102.1,33.4,0.0131,0.6284,0.0082,Level 1: Green,Low / Normal Baseline Monitoring,#22c55e,Routine baseline monitoring. Safe terrain condition.
CELL_MEG_2252,25.50698,90.87492,1,Garo Hills Block,434.7,27.3,0.0301,0.6284,0.0189,Level 1: Green,Low / Normal Baseline Monitoring,#22c55e,Routine baseline monitoring. Safe terrain condition.
CELL_MEG_2253,25.6193,90.37353,1,Garo Hills Block,57.6,29.2,0.0071,0.6284,0.0044,Level 1: Green,Low / Normal Baseline Monitoring,#22c55e,Routine baseline monitoring. Safe terrain condition.
CELL_MEG_2254,25.94844,90.58615,1,Garo Hills Block,72.1,25.2,0.0139,0.6284,0.0087,Level 1: Green,Low / Normal Baseline Monitoring,#22c55e,Routine baseline monitoring. Safe terrain condition.
CELL_MEG_2255,25.26454,91.26618,2,West Khasi Block,861.2,25.3,0.0236,0.6284,0.0148,Level 1: Green,Low / Normal Baseline Monitoring,#22c55e,Routine baseline monitoring. Safe terrain condition.
CELL_MEG_2256,25.55876,90.45601,1,Garo Hills Block,105.5,14.2,0.1471,0.6284,0.0925,Level 1: Green,Low / Normal Baseline Monitoring,#22c55e,Routine baseline monitoring. Safe terrain condition.
CELL_MEG_2257,25.31361,90.3176,1,Garo Hills Block,83.8,26.1,0.0229,0.6284,0.0144,Level 1: Green,Low / Normal Baseline Monitoring,#22c55e,Routine baseline monitoring. Safe terrain condition.
CELL_MEG_2258,25.79594,92.14877,4,Ri-Bhoi Block,1317.1,27.0,0.0118,0.6284,0.0074,Level 1: Green,Low / Normal Baseline Monitoring,#22c55e,Routine baseline monitoring. Safe terrain condition.
CELL_MEG_2259,25.51931,91.97796,3,East Khasi Block,1719.5,19.2,0.1408,0.6284,0.0885,Level 1: Green,Low / Normal Baseline Monitoring,#22c55e,Routine baseline monitoring. Safe terrain condition.
CELL_MEG_2260,25.81481,90.22174,1,Garo Hills Block,74.8,21.6,0.0185,0.6284,0.0116,Level 1: Green,Low / Normal Baseline Monitoring,#22c55e,Routine baseline monitoring. Safe terrain condition.
CELL_MEG_2261,26.06347,92.30415,4,Ri-Bhoi Block,910.0,26.2,0.0241,0.6284,0.0152,Level 1: Green,Low / Normal Baseline Monitoring,#22c55e,Routine baseline monitoring. Safe terrain condition.
CELL_MEG_2262,25.24084,90.3678,1,Garo Hills Block,25.0,33.1,0.0144,0.6284,0.0091,Level 1: Green,Low / Normal Baseline Monitoring,#22c55e,Routine baseline monitoring. Safe terrain condition.
CELL_MEG_2263,25.15571,90.22205,1,Garo Hills Block,59.8,16.8,0.0141,0.6284,0.0088,Level 1: Green,Low / Normal Baseline Monitoring,#22c55e,Routine baseline monitoring. Safe terrain condition.
CELL_MEG_2264,25.82802,91.23244,4,Ri-Bhoi Block,795.9,22.6,0.079,0.6284,0.0496,Level 1: Green,Low / Normal Baseline Monitoring,#22c55e,Routine baseline monitoring. Safe terrain condition.
CELL_MEG_2265,25.86557,92.07608,4,Ri-Bhoi Block,1392.8,29.6,0.0347,0.6284,0.0218,Level 1: Green,Low / Normal Baseline Monitoring,#22c55e,Routine baseline monitoring. Safe terrain condition.
CELL_MEG_2266,25.03982,90.75092,1,Garo Hills Block,59.9,27.5,0.0065,0.6284,0.0041,Level 1: Green,Low / Normal Baseline Monitoring,#22c55e,Routine baseline monitoring. Safe terrain condition.
CELL_MEG_2267,25.70885,89.8285,1,Garo Hills Block,25.0,28.6,0.0197,0.6284,0.0123,Level 1: Green,Low / Normal Baseline Monitoring,#22c55e,Routine baseline monitoring. Safe terrain condition.
CELL_MEG_2268,25.75875,90.60938,1,Garo Hills Block,50.7,23.0,0.0293,0.6284,0.0184,Level 1: Green,Low / Normal Baseline Monitoring,#22c55e,Routine baseline monitoring. Safe terrain condition.
CELL_MEG_2269,25.763,92.21699,4,Ri-Bhoi Block,1288.7,19.2,0.0553,0.6284,0.0348,Level 1: Green,Low / Normal Baseline Monitoring,#22c55e,Routine baseline monitoring. Safe terrain condition.
CELL_MEG_2270,25.35134,89.90991,1,Garo Hills Block,25.0,14.7,0.0536,0.6284,0.0337,Level 1: Green,Low / Normal Baseline Monitoring,#22c55e,Routine baseline monitoring. Safe terrain condition.
CELL_MEG_2271,26.0274,90.8528,1,Garo Hills Block,240.0,30.7,0.0047,0.6284,0.0029,Level 1: Green,Low / Normal Baseline Monitoring,#22c55e,Routine baseline monitoring. Safe terrain condition.
CELL_MEG_2272,25.135,91.30016,2,West Khasi Block,848.9,18.7,0.0802,0.6284,0.0504,Level 1: Green,Low / Normal Baseline Monitoring,#22c55e,Routine baseline monitoring. Safe terrain condition.
CELL_MEG_2273,25.84995,90.47602,1,Garo Hills Block,128.1,26.2,0.0094,0.6284,0.0059,Level 1: Green,Low / Normal Baseline Monitoring,#22c55e,Routine baseline monitoring. Safe terrain condition.
CELL_MEG_2274,25.31105,90.54028,1,Garo Hills Block,33.9,24.1,0.0176,0.6284,0.011,Level 1: Green,Low / Normal Baseline Monitoring,#22c55e,Routine baseline monitoring. Safe terrain condition.
CELL_MEG_2275,26.09101,90.40208,1,Garo Hills Block,46.5,28.5,0.0349,0.6284,0.022,Level 1: Green,Low / Normal Baseline Monitoring,#22c55e,Routine baseline monitoring. Safe terrain condition.
CELL_MEG_2276,25.64156,92.62206,5,Jaintia Hills Block,776.8,31.7,0.0275,0.6284,0.0173,Level 1: Green,Low / Normal Baseline Monitoring,#22c55e,Routine baseline monitoring. Safe terrain condition.
CELL_MEG_2277,25.17865,92.76111,5,Jaintia Hills Block,503.9,21.7,0.0171,0.6284,0.0108,Level 1: Green,Low / Normal Baseline Monitoring,#22c55e,Routine baseline monitoring. Safe terrain condition.
CELL_MEG_2278,26.04328,92.49795,4,Ri-Bhoi Block,788.9,26.4,0.0239,0.6284,0.015,Level 1: Green,Low / Normal Baseline Monitoring,#22c55e,Routine baseline monitoring. Safe terrain condition.
CELL_MEG_2279,25.25172,91.73387,3,East Khasi Block,1443.7,26.5,0.2101,0.6284,0.132,Level 2: Yellow,Advisory / Early Warning Watch,#eab308,Advisory notice. Maintenance standby and slope drainage watch.
CELL_MEG_2280,25.84176,92.80738,4,Ri-Bhoi Block,415.8,24.5,0.0629,0.6284,0.0395,Level 1: Green,Low / Normal Baseline Monitoring,#22c55e,Routine baseline monitoring. Safe terrain condition.
CELL_MEG_2281,25.21486,92.13638,5,Jaintia Hills Block,1243.8,34.3,0.0407,0.6284,0.0256,Level 1: Green,Low / Normal Baseline Monitoring,#22c55e,Routine baseline monitoring. Safe terrain condition.
CELL_MEG_2282,25.38591,90.33566,1,Garo Hills Block,121.3,28.1,0.008,0.6284,0.005,Level 1: Green,Low / Normal Baseline Monitoring,#22c55e,Routine baseline monitoring. Safe terrain condition.
CELL_MEG_2283,25.47509,92.2212,5,Jaintia Hills Block,1317.7,28.7,0.0271,0.6284,0.017,Level 1: Green,Low / Normal Baseline Monitoring,#22c55e,Routine baseline monitoring. Safe terrain condition.
CELL_MEG_2284,25.52204,91.43945,2,West Khasi Block,1310.7,20.5,0.1301,0.6284,0.0818,Level 1: Green,Low / Normal Baseline Monitoring,#22c55e,Routine baseline monitoring. Safe terrain condition.
CELL_MEG_2285,26.09477,91.01728,4,Ri-Bhoi Block,414.9,27.3,0.0668,0.6284,0.042,Level 1: Green,Low / Normal Baseline Monitoring,#22c55e,Routine baseline monitoring. Safe terrain condition.
CELL_MEG_2286,25.68463,90.91399,1,Garo Hills Block,549.4,28.5,0.0935,0.6284,0.0588,Level 1: Green,Low / Normal Baseline Monitoring,#22c55e,Routine baseline monitoring. Safe terrain condition.
CELL_MEG_2287,25.44421,91.9217,3,East Khasi Block,1694.6,34.7,0.053,0.6284,0.0333,Level 1: Green,Low / Normal Baseline Monitoring,#22c55e,Routine baseline monitoring. Safe terrain condition.
CELL_MEG_2288,26.03292,91.45419,4,Ri-Bhoi Block,899.0,24.4,0.0144,0.6284,0.0091,Level 1: Green,Low / Normal Baseline Monitoring,#22c55e,Routine baseline monitoring. Safe terrain condition.
CELL_MEG_2289,25.84987,90.07208,1,Garo Hills Block,25.0,35.1,0.0073,0.6284,0.0046,Level 1: Green,Low / Normal Baseline Monitoring,#22c55e,Routine baseline monitoring. Safe terrain condition.
CELL_MEG_2290,25.24805,91.3315,2,West Khasi Block,960.5,33.9,0.0173,0.6284,0.0109,Level 1: Green,Low / Normal Baseline Monitoring,#22c55e,Routine baseline monitoring. Safe terrain condition.
CELL_MEG_2291,25.04161,90.57121,1,Garo Hills Block,69.0,35.3,0.0108,0.6284,0.0068,Level 1: Green,Low / Normal Baseline Monitoring,#22c55e,Routine baseline monitoring. Safe terrain condition.
CELL_MEG_2292,25.57879,89.84563,1,Garo Hills Block,85.9,22.9,0.052,0.6284,0.0327,Level 1: Green,Low / Normal Baseline Monitoring,#22c55e,Routine baseline monitoring. Safe terrain condition.
CELL_MEG_2293,25.30571,91.36779,2,West Khasi Block,1042.3,27.2,0.2371,0.6284,0.149,Level 2: Yellow,Advisory / Early Warning Watch,#eab308,Advisory notice. Maintenance standby and slope drainage watch.
CELL_MEG_2294,25.639,92.62354,5,Jaintia Hills Block,775.2,31.6,0.03,0.6284,0.0188,Level 1: Green,Low / Normal Baseline Monitoring,#22c55e,Routine baseline monitoring. Safe terrain condition.
CELL_MEG_2295,25.71697,91.06494,4,Ri-Bhoi Block,640.7,26.3,0.0388,0.6284,0.0244,Level 1: Green,Low / Normal Baseline Monitoring,#22c55e,Routine baseline monitoring. Safe terrain condition.
CELL_MEG_2296,26.02478,92.19389,4,Ri-Bhoi Block,1123.1,28.2,0.0103,0.6284,0.0065,Level 1: Green,Low / Normal Baseline Monitoring,#22c55e,Routine baseline monitoring. Safe terrain condition.
CELL_MEG_2297,25.23601,90.19907,1,Garo Hills Block,101.9,26.1,0.0191,0.6284,0.012,Level 1: Green,Low / Normal Baseline Monitoring,#22c55e,Routine baseline monitoring. Safe terrain condition.
CELL_MEG_2298,25.74988,91.50764,4,Ri-Bhoi Block,1261.6,14.4,0.0569,0.6284,0.0358,Level 1: Green,Low / Normal Baseline Monitoring,#22c55e,Routine baseline monitoring. Safe terrain condition.
CELL_MEG_2299,25.87285,92.05335,4,Ri-Bhoi Block,1403.6,27.2,0.0472,0.6284,0.0297,Level 1: Green,Low / Normal Baseline Monitoring,#22c55e,Routine baseline monitoring. Safe terrain condition.
CELL_MEG_2300,25.69523,92.80847,4,Ri-Bhoi Block,606.1,22.4,0.0302,0.6284,0.019,Level 1: Green,Low / Normal Baseline Monitoring,#22c55e,Routine baseline monitoring. Safe terrain condition.
CELL_MEG_2301,25.59628,90.14497,1,Garo Hills Block,57.1,21.3,0.0132,0.6284,0.0083,Level 1: Green,Low / Normal Baseline Monitoring,#22c55e,Routine baseline monitoring. Safe terrain condition.
CELL_MEG_2302,25.91454,90.56815,1,Garo Hills Block,43.6,30.4,0.0158,0.6284,0.0099,Level 1: Green,Low / Normal Baseline Monitoring,#22c55e,Routine baseline monitoring. Safe terrain condition.
CELL_MEG_2303,25.85949,92.71918,4,Ri-Bhoi Block,649.9,33.5,0.0212,0.6284,0.0133,Level 1: Green,Low / Normal Baseline Monitoring,#22c55e,Routine baseline monitoring. Safe terrain condition.
CELL_MEG_2304,25.77254,91.61789,4,Ri-Bhoi Block,1355.3,24.1,0.0243,0.6284,0.0153,Level 1: Green,Low / Normal Baseline Monitoring,#22c55e,Routine baseline monitoring. Safe terrain condition.
CELL_MEG_2305,25.51722,90.91145,1,Garo Hills Block,432.1,21.7,0.2065,0.6284,0.1298,Level 2: Yellow,Advisory / Early Warning Watch,#eab308,Advisory notice. Maintenance standby and slope drainage watch.
CELL_MEG_2306,25.40124,91.74094,3,East Khasi Block,1498.2,21.8,0.0353,0.6284,0.0222,Level 1: Green,Low / Normal Baseline Monitoring,#22c55e,Routine baseline monitoring. Safe terrain condition.
CELL_MEG_2307,25.83138,91.86948,4,Ri-Bhoi Block,1380.0,32.4,0.0726,0.6284,0.0456,Level 1: Green,Low / Normal Baseline Monitoring,#22c55e,Routine baseline monitoring. Safe terrain condition.
CELL_MEG_2308,25.23428,91.30666,2,West Khasi Block,884.4,31.5,0.0218,0.6284,0.0137,Level 1: Green,Low / Normal Baseline Monitoring,#22c55e,Routine baseline monitoring. Safe terrain condition.
CELL_MEG_2309,25.87497,91.2509,4,Ri-Bhoi Block,796.0,26.1,0.0251,0.6284,0.0157,Level 1: Green,Low / Normal Baseline Monitoring,#22c55e,Routine baseline monitoring. Safe terrain condition.
CELL_MEG_2310,25.59955,92.15197,5,Jaintia Hills Block,1459.4,29.2,0.0591,0.6284,0.0371,Level 1: Green,Low / Normal Baseline Monitoring,#22c55e,Routine baseline monitoring. Safe terrain condition.
CELL_MEG_2311,25.73417,91.0485,4,Ri-Bhoi Block,640.0,21.8,0.0273,0.6284,0.0172,Level 1: Green,Low / Normal Baseline Monitoring,#22c55e,Routine baseline monitoring. Safe terrain condition.
CELL_MEG_2312,25.98705,90.29583,1,Garo Hills Block,118.2,23.9,0.0156,0.6284,0.0098,Level 1: Green,Low / Normal Baseline Monitoring,#22c55e,Routine baseline monitoring. Safe terrain condition.
CELL_MEG_2313,26.09516,90.1625,1,Garo Hills Block,78.0,26.0,0.027,0.6284,0.0169,Level 1: Green,Low / Normal Baseline Monitoring,#22c55e,Routine baseline monitoring. Safe terrain condition.
CELL_MEG_2314,25.03615,92.51456,5,Jaintia Hills Block,785.9,27.2,0.0245,0.6284,0.0154,Level 1: Green,Low / Normal Baseline Monitoring,#22c55e,Routine baseline monitoring. Safe terrain condition.
CELL_MEG_2315,25.28455,92.02558,5,Jaintia Hills Block,1434.2,21.0,0.0603,0.6284,0.0379,Level 1: Green,Low / Normal Baseline Monitoring,#22c55e,Routine baseline monitoring. Safe terrain condition.
CELL_MEG_2316,25.8959,92.41991,4,Ri-Bhoi Block,967.5,33.7,0.0247,0.6284,0.0155,Level 1: Green,Low / Normal Baseline Monitoring,#22c55e,Routine baseline monitoring. Safe terrain condition.
CELL_MEG_2317,26.09092,90.69682,1,Garo Hills Block,36.4,25.7,0.022,0.6284,0.0138,Level 1: Green,Low / Normal Baseline Monitoring,#22c55e,Routine baseline monitoring. Safe terrain condition.
CELL_MEG_2318,25.78706,90.15197,1,Garo Hills Block,86.1,17.7,0.0337,0.6284,0.0212,Level 1: Green,Low / Normal Baseline Monitoring,#22c55e,Routine baseline monitoring. Safe terrain condition.
CELL_MEG_2319,25.45935,92.38631,5,Jaintia Hills Block,1148.6,34.4,0.0647,0.6284,0.0406,Level 1: Green,Low / Normal Baseline Monitoring,#22c55e,Routine baseline monitoring. Safe terrain condition.
CELL_MEG_2320,25.41707,91.60284,3,East Khasi Block,1461.4,32.7,0.0304,0.6284,0.0191,Level 1: Green,Low / Normal Baseline Monitoring,#22c55e,Routine baseline monitoring. Safe terrain condition.
CELL_MEG_2321,25.56407,91.77015,3,East Khasi Block,1741.0,14.5,0.1061,0.6284,0.0666,Level 1: Green,Low / Normal Baseline Monitoring,#22c55e,Routine baseline monitoring. Safe terrain condition.
CELL_MEG_2322,26.07073,89.96999,1,Garo Hills Block,50.7,28.3,0.0401,0.6284,0.0252,Level 1: Green,Low / Normal Baseline Monitoring,#22c55e,Routine baseline monitoring. Safe terrain condition.
CELL_MEG_2323,25.63988,92.43224,5,Jaintia Hills Block,1056.5,34.9,0.1279,0.6284,0.0804,Level 1: Green,Low / Normal Baseline Monitoring,#22c55e,Routine baseline monitoring. Safe terrain condition.
CELL_MEG_2324,25.53989,90.03951,1,Garo Hills Block,25.0,23.8,0.0223,0.6284,0.014,Level 1: Green,Low / Normal Baseline Monitoring,#22c55e,Routine baseline monitoring. Safe terrain condition.
CELL_MEG_2325,25.62538,90.81283,1,Garo Hills Block,320.0,32.2,0.0266,0.6284,0.0167,Level 1: Green,Low / Normal Baseline Monitoring,#22c55e,Routine baseline monitoring. Safe terrain condition.
CELL_MEG_2326,25.18734,92.38956,5,Jaintia Hills Block,1039.3,29.5,0.0405,0.6284,0.0254,Level 1: Green,Low / Normal Baseline Monitoring,#22c55e,Routine baseline monitoring. Safe terrain condition.
CELL_MEG_2327,25.58333,92.64649,5,Jaintia Hills Block,803.9,25.2,0.1004,0.6284,0.0631,Level 1: Green,Low / Normal Baseline Monitoring,#22c55e,Routine baseline monitoring. Safe terrain condition.
CELL_MEG_2328,25.8905,91.91356,4,Ri-Bhoi Block,1330.6,33.7,0.0646,0.6284,0.0406,Level 1: Green,Low / Normal Baseline Monitoring,#22c55e,Routine baseline monitoring. Safe terrain condition.
CELL_MEG_2329,25.02543,91.10486,2,West Khasi Block,468.4,36.0,0.0512,0.6284,0.0322,Level 1: Green,Low / Normal Baseline Monitoring,#22c55e,Routine baseline monitoring. Safe terrain condition.
CELL_MEG_2330,25.23328,92.57793,5,Jaintia Hills Block,746.3,27.3,0.0267,0.6284,0.0168,Level 1: Green,Low / Normal Baseline Monitoring,#22c55e,Routine baseline monitoring. Safe terrain condition.
CELL_MEG_2331,25.20855,90.67248,1,Garo Hills Block,31.1,26.1,0.0178,0.6284,0.0112,Level 1: Green,Low / Normal Baseline Monitoring,#22c55e,Routine baseline monitoring. Safe terrain condition.
CELL_MEG_2332,25.57818,90.60326,1,Garo Hills Block,28.3,25.2,0.0759,0.6284,0.0477,Level 1: Green,Low / Normal Baseline Monitoring,#22c55e,Routine baseline monitoring. Safe terrain condition.
CELL_MEG_2333,25.24665,91.62725,3,East Khasi Block,1262.1,35.8,0.0303,0.6284,0.019,Level 1: Green,Low / Normal Baseline Monitoring,#22c55e,Routine baseline monitoring. Safe terrain condition.
CELL_MEG_2334,25.11604,89.97741,1,Garo Hills Block,68.2,17.9,0.0212,0.6284,0.0133,Level 1: Green,Low / Normal Baseline Monitoring,#22c55e,Routine baseline monitoring. Safe terrain condition.
CELL_MEG_2335,25.42203,91.99803,3,East Khasi Block,1584.8,25.2,0.0638,0.6284,0.0401,Level 1: Green,Low / Normal Baseline Monitoring,#22c55e,Routine baseline monitoring. Safe terrain condition.
CELL_MEG_2336,25.61919,91.08977,2,West Khasi Block,715.4,32.3,0.0435,0.6284,0.0273,Level 1: Green,Low / Normal Baseline Monitoring,#22c55e,Routine baseline monitoring. Safe terrain condition.
CELL_MEG_2337,25.63101,90.91463,1,Garo Hills Block,527.5,28.8,0.0905,0.6284,0.0569,Level 1: Green,Low / Normal Baseline Monitoring,#22c55e,Routine baseline monitoring. Safe terrain condition.
CELL_MEG_2338,26.03104,89.96746,1,Garo Hills Block,91.6,23.5,0.0259,0.6284,0.0163,Level 1: Green,Low / Normal Baseline Monitoring,#22c55e,Routine baseline monitoring. Safe terrain condition.
CELL_MEG_2339,25.74726,92.51841,4,Ri-Bhoi Block,937.7,15.6,0.0431,0.6284,0.0271,Level 1: Green,Low / Normal Baseline Monitoring,#22c55e,Routine baseline monitoring. Safe terrain condition.
CELL_MEG_2340,25.88819,90.36132,1,Garo Hills Block,25.0,32.5,0.0096,0.6284,0.006,Level 1: Green,Low / Normal Baseline Monitoring,#22c55e,Routine baseline monitoring. Safe terrain condition.
CELL_MEG_2341,25.3396,91.987,3,East Khasi Block,1495.9,15.7,0.0645,0.6284,0.0405,Level 1: Green,Low / Normal Baseline Monitoring,#22c55e,Routine baseline monitoring. Safe terrain condition.
CELL_MEG_2342,25.11101,92.27618,5,Jaintia Hills Block,1027.9,15.3,0.0803,0.6284,0.0505,Level 1: Green,Low / Normal Baseline Monitoring,#22c55e,Routine baseline monitoring. Safe terrain condition.
CELL_MEG_2343,25.79642,92.0253,4,Ri-Bhoi Block,1498.8,17.1,0.0391,0.6284,0.0246,Level 1: Green,Low / Normal Baseline Monitoring,#22c55e,Routine baseline monitoring. Safe terrain condition.
CELL_MEG_2344,25.12826,91.98917,3,East Khasi Block,1237.3,15.6,0.0248,0.6284,0.0156,Level 1: Green,Low / Normal Baseline Monitoring,#22c55e,Routine baseline monitoring. Safe terrain condition.
CELL_MEG_2345,25.7542,92.33431,4,Ri-Bhoi Block,1142.9,17.3,0.0421,0.6284,0.0265,Level 1: Green,Low / Normal Baseline Monitoring,#22c55e,Routine baseline monitoring. Safe terrain condition.
CELL_MEG_2346,25.06492,89.87049,1,Garo Hills Block,25.0,26.8,0.0185,0.6284,0.0116,Level 1: Green,Low / Normal Baseline Monitoring,#22c55e,Routine baseline monitoring. Safe terrain condition.
CELL_MEG_2347,25.42285,90.2538,1,Garo Hills Block,54.0,29.3,0.0139,0.6284,0.0087,Level 1: Green,Low / Normal Baseline Monitoring,#22c55e,Routine baseline monitoring. Safe terrain condition.
CELL_MEG_2348,25.62306,92.59791,5,Jaintia Hills Block,840.1,26.6,0.0739,0.6284,0.0464,Level 1: Green,Low / Normal Baseline Monitoring,#22c55e,Routine baseline monitoring. Safe terrain condition.
CELL_MEG_2349,25.4428,92.3771,5,Jaintia Hills Block,1131.4,34.0,0.0455,0.6284,0.0286,Level 1: Green,Low / Normal Baseline Monitoring,#22c55e,Routine baseline monitoring. Safe terrain condition.
CELL_MEG_2350,25.02026,90.31397,1,Garo Hills Block,110.5,35.8,0.0183,0.6284,0.0115,Level 1: Green,Low / Normal Baseline Monitoring,#22c55e,Routine baseline monitoring. Safe terrain condition.
CELL_MEG_2351,25.05286,90.80085,1,Garo Hills Block,102.9,31.9,0.0135,0.6284,0.0085,Level 1: Green,Low / Normal Baseline Monitoring,#22c55e,Routine baseline monitoring. Safe terrain condition.
CELL_MEG_2352,26.00085,90.0957,1,Garo Hills Block,27.3,24.5,0.0132,0.6284,0.0083,Level 1: Green,Low / Normal Baseline Monitoring,#22c55e,Routine baseline monitoring. Safe terrain condition.
CELL_MEG_2353,26.03355,90.17368,1,Garo Hills Block,25.0,22.3,0.0184,0.6284,0.0116,Level 1: Green,Low / Normal Baseline Monitoring,#22c55e,Routine baseline monitoring. Safe terrain condition.
CELL_MEG_2354,25.24899,89.8901,1,Garo Hills Block,87.7,27.6,0.0142,0.6284,0.0089,Level 1: Green,Low / Normal Baseline Monitoring,#22c55e,Routine baseline monitoring. Safe terrain condition.
CELL_MEG_2355,25.48865,90.64739,1,Garo Hills Block,61.1,27.0,0.0221,0.6284,0.0139,Level 1: Green,Low / Normal Baseline Monitoring,#22c55e,Routine baseline monitoring. Safe terrain condition.
CELL_MEG_2356,25.9595,91.64507,4,Ri-Bhoi Block,1202.6,24.0,0.0305,0.6284,0.0192,Level 1: Green,Low / Normal Baseline Monitoring,#22c55e,Routine baseline monitoring. Safe terrain condition.
CELL_MEG_2357,25.68322,91.42233,4,Ri-Bhoi Block,1097.7,30.5,0.034,0.6284,0.0214,Level 1: Green,Low / Normal Baseline Monitoring,#22c55e,Routine baseline monitoring. Safe terrain condition.
CELL_MEG_2358,25.1192,91.15731,2,West Khasi Block,660.2,21.2,0.0377,0.6284,0.0237,Level 1: Green,Low / Normal Baseline Monitoring,#22c55e,Routine baseline monitoring. Safe terrain condition.
CELL_MEG_2359,26.09947,92.34745,4,Ri-Bhoi Block,877.8,29.2,0.0421,0.6284,0.0265,Level 1: Green,Low / Normal Baseline Monitoring,#22c55e,Routine baseline monitoring. Safe terrain condition.
CELL_MEG_2360,25.98494,92.31084,4,Ri-Bhoi Block,951.0,15.5,0.0343,0.6284,0.0215,Level 1: Green,Low / Normal Baseline Monitoring,#22c55e,Routine baseline monitoring. Safe terrain condition.
CELL_MEG_2361,25.13128,90.49372,1,Garo Hills Block,42.6,16.3,0.0448,0.6284,0.0282,Level 1: Green,Low / Normal Baseline Monitoring,#22c55e,Routine baseline monitoring. Safe terrain condition.
CELL_MEG_2362,25.02337,90.72571,1,Garo Hills Block,57.0,26.2,0.0091,0.6284,0.0057,Level 1: Green,Low / Normal Baseline Monitoring,#22c55e,Routine baseline monitoring. Safe terrain condition.
CELL_MEG_2363,25.1373,91.24202,2,West Khasi Block,779.2,14.1,0.1253,0.6284,0.0787,Level 1: Green,Low / Normal Baseline Monitoring,#22c55e,Routine baseline monitoring. Safe terrain condition.
CELL_MEG_2364,25.7513,92.46724,4,Ri-Bhoi Block,989.1,20.8,0.0436,0.6284,0.0274,Level 1: Green,Low / Normal Baseline Monitoring,#22c55e,Routine baseline monitoring. Safe terrain condition.
CELL_MEG_2365,25.82916,92.66269,4,Ri-Bhoi Block,766.4,32.4,0.0138,0.6284,0.0087,Level 1: Green,Low / Normal Baseline Monitoring,#22c55e,Routine baseline monitoring. Safe terrain condition.
CELL_MEG_2366,25.07821,89.83715,1,Garo Hills Block,25.0,28.3,0.0574,0.6284,0.0361,Level 1: Green,Low / Normal Baseline Monitoring,#22c55e,Routine baseline monitoring. Safe terrain condition.
CELL_MEG_2367,25.73425,90.68252,1,Garo Hills Block,179.0,17.2,0.0136,0.6284,0.0086,Level 1: Green,Low / Normal Baseline Monitoring,#22c55e,Routine baseline monitoring. Safe terrain condition.
CELL_MEG_2368,25.29378,90.80921,1,Garo Hills Block,302.2,27.6,0.0306,0.6284,0.0192,Level 1: Green,Low / Normal Baseline Monitoring,#22c55e,Routine baseline monitoring. Safe terrain condition.
CELL_MEG_2369,25.31138,91.35988,2,West Khasi Block,1036.3,26.3,0.0885,0.6284,0.0556,Level 1: Green,Low / Normal Baseline Monitoring,#22c55e,Routine baseline monitoring. Safe terrain condition.
CELL_MEG_2370,25.49536,91.36291,2,West Khasi Block,1150.7,30.7,0.0161,0.6284,0.0101,Level 1: Green,Low / Normal Baseline Monitoring,#22c55e,Routine baseline monitoring. Safe terrain condition.
CELL_MEG_2371,25.74653,90.98075,1,Garo Hills Block,581.0,14.6,0.0527,0.6284,0.0331,Level 1: Green,Low / Normal Baseline Monitoring,#22c55e,Routine baseline monitoring. Safe terrain condition.
CELL_MEG_2372,25.29141,90.30691,1,Garo Hills Block,47.6,29.4,0.0295,0.6284,0.0185,Level 1: Green,Low / Normal Baseline Monitoring,#22c55e,Routine baseline monitoring. Safe terrain condition.
CELL_MEG_2373,25.39743,92.06251,5,Jaintia Hills Block,1448.6,22.6,0.0509,0.6284,0.032,Level 1: Green,Low / Normal Baseline Monitoring,#22c55e,Routine baseline monitoring. Safe terrain condition.
CELL_MEG_2374,25.83724,91.83406,4,Ri-Bhoi Block,1408.1,29.9,0.0149,0.6284,0.0094,Level 1: Green,Low / Normal Baseline Monitoring,#22c55e,Routine baseline monitoring. Safe terrain condition.
CELL_MEG_2375,25.27275,91.59366,2,West Khasi Block,1265.0,31.2,0.025,0.6284,0.0157,Level 1: Green,Low / Normal Baseline Monitoring,#22c55e,Routine baseline monitoring. Safe terrain condition.
CELL_MEG_2376,25.63634,91.27701,2,West Khasi Block,1046.5,27.1,0.0529,0.6284,0.0332,Level 1: Green,Low / Normal Baseline Monitoring,#22c55e,Routine baseline monitoring. Safe terrain condition.
CELL_MEG_2377,25.61398,91.29996,2,West Khasi Block,1045.6,26.5,0.0371,0.6284,0.0233,Level 1: Green,Low / Normal Baseline Monitoring,#22c55e,Routine baseline monitoring. Safe terrain condition.
CELL_MEG_2378,25.63069,91.98229,3,East Khasi Block,1657.2,26.5,0.08,0.6284,0.0503,Level 1: Green,Low / Normal Baseline Monitoring,#22c55e,Routine baseline monitoring. Safe terrain condition.
CELL_MEG_2379,25.1384,92.08636,5,Jaintia Hills Block,1212.4,18.9,0.0502,0.6284,0.0315,Level 1: Green,Low / Normal Baseline Monitoring,#22c55e,Routine baseline monitoring. Safe terrain condition.
CELL_MEG_2380,25.16676,90.00321,1,Garo Hills Block,25.0,23.0,0.0216,0.6284,0.0135,Level 1: Green,Low / Normal Baseline Monitoring,#22c55e,Routine baseline monitoring. Safe terrain condition.
CELL_MEG_2381,26.07417,92.71882,4,Ri-Bhoi Block,464.0,33.7,0.0322,0.6284,0.0203,Level 1: Green,Low / Normal Baseline Monitoring,#22c55e,Routine baseline monitoring. Safe terrain condition.
CELL_MEG_2382,25.08527,91.15192,2,West Khasi Block,598.6,26.4,0.0242,0.6284,0.0152,Level 1: Green,Low / Normal Baseline Monitoring,#22c55e,Routine baseline monitoring. Safe terrain condition.
CELL_MEG_2383,25.22114,91.2803,2,West Khasi Block,813.9,27.8,0.0211,0.6284,0.0133,Level 1: Green,Low / Normal Baseline Monitoring,#22c55e,Routine baseline monitoring. Safe terrain condition.
CELL_MEG_2384,25.91659,92.69937,4,Ri-Bhoi Block,595.7,29.6,0.0256,0.6284,0.0161,Level 1: Green,Low / Normal Baseline Monitoring,#22c55e,Routine baseline monitoring. Safe terrain condition.
CELL_MEG_2385,25.70499,90.87941,1,Garo Hills Block,445.9,29.0,0.0272,0.6284,0.0171,Level 1: Green,Low / Normal Baseline Monitoring,#22c55e,Routine baseline monitoring. Safe terrain condition.
CELL_MEG_2386,25.67159,90.7516,1,Garo Hills Block,203.8,27.3,0.017,0.6284,0.0107,Level 1: Green,Low / Normal Baseline Monitoring,#22c55e,Routine baseline monitoring. Safe terrain condition.
CELL_MEG_2387,26.00261,92.45472,4,Ri-Bhoi Block,848.1,24.5,0.0283,0.6284,0.0178,Level 1: Green,Low / Normal Baseline Monitoring,#22c55e,Routine baseline monitoring. Safe terrain condition.
CELL_MEG_2388,25.33686,89.90193,1,Garo Hills Block,25.0,15.0,0.0147,0.6284,0.0092,Level 1: Green,Low / Normal Baseline Monitoring,#22c55e,Routine baseline monitoring. Safe terrain condition.
CELL_MEG_2389,25.90109,91.17367,4,Ri-Bhoi Block,752.0,27.7,0.0215,0.6284,0.0135,Level 1: Green,Low / Normal Baseline Monitoring,#22c55e,Routine baseline monitoring. Safe terrain condition.
CELL_MEG_2390,25.37114,91.23689,2,West Khasi Block,988.8,16.1,0.0225,0.6284,0.0142,Level 1: Green,Low / Normal Baseline Monitoring,#22c55e,Routine baseline monitoring. Safe terrain condition.
CELL_MEG_2391,25.90424,90.18007,1,Garo Hills Block,67.1,22.6,0.0145,0.6284,0.0091,Level 1: Green,Low / Normal Baseline Monitoring,#22c55e,Routine baseline monitoring. Safe terrain condition.
CELL_MEG_2392,25.94627,92.5374,4,Ri-Bhoi Block,818.0,15.6,0.0329,0.6284,0.0207,Level 1: Green,Low / Normal Baseline Monitoring,#22c55e,Routine baseline monitoring. Safe terrain condition.
CELL_MEG_2393,26.04245,91.01234,4,Ri-Bhoi Block,468.9,25.2,0.0361,0.6284,0.0227,Level 1: Green,Low / Normal Baseline Monitoring,#22c55e,Routine baseline monitoring. Safe terrain condition.
CELL_MEG_2394,25.25451,90.9396,1,Garo Hills Block,415.8,27.0,0.014,0.6284,0.0088,Level 1: Green,Low / Normal Baseline Monitoring,#22c55e,Routine baseline monitoring. Safe terrain condition.
CELL_MEG_2395,25.37955,90.33727,1,Garo Hills Block,123.4,27.0,0.0113,0.6284,0.0071,Level 1: Green,Low / Normal Baseline Monitoring,#22c55e,Routine baseline monitoring. Safe terrain condition.
CELL_MEG_2396,25.67585,91.2537,4,Ri-Bhoi Block,1038.4,25.4,0.0745,0.6284,0.0468,Level 1: Green,Low / Normal Baseline Monitoring,#22c55e,Routine baseline monitoring. Safe terrain condition.
CELL_MEG_2397,25.95496,89.89793,1,Garo Hills Block,25.0,15.9,0.016,0.6284,0.0101,Level 1: Green,Low / Normal Baseline Monitoring,#22c55e,Routine baseline monitoring. Safe terrain condition.
CELL_MEG_2398,25.71538,92.12699,4,Ri-Bhoi Block,1433.6,27.8,0.0241,0.6284,0.0152,Level 1: Green,Low / Normal Baseline Monitoring,#22c55e,Routine baseline monitoring. Safe terrain condition.
CELL_MEG_2399,25.84024,92.50253,4,Ri-Bhoi Block,808.5,26.8,0.0295,0.6284,0.0185,Level 1: Green,Low / Normal Baseline Monitoring,#22c55e,Routine baseline monitoring. Safe terrain condition.
CELL_MEG_2400,25.80736,92.62982,4,Ri-Bhoi Block,780.0,26.0,0.0281,0.6284,0.0177,Level 1: Green,Low / Normal Baseline Monitoring,#22c55e,Routine baseline monitoring. Safe terrain condition.
CELL_MEG_2401,25.37927,91.33479,2,West Khasi Block,1061.8,25.8,0.0152,0.6284,0.0095,Level 1: Green,Low / Normal Baseline Monitoring,#22c55e,Routine baseline monitoring. Safe terrain condition.
CELL_MEG_2402,25.03521,89.82122,1,Garo Hills Block,25.0,35.0,0.0186,0.6284,0.0117,Level 1: Green,Low / Normal Baseline Monitoring,#22c55e,Routine baseline monitoring. Safe terrain condition.
CELL_MEG_2403,25.27934,90.10746,1,Garo Hills Block,52.6,28.8,0.004,0.6284,0.0025,Level 1: Green,Low / Normal Baseline Monitoring,#22c55e,Routine baseline monitoring. Safe terrain condition.
CELL_MEG_2404,25.30103,90.33998,1,Garo Hills Block,62.5,27.5,0.0187,0.6284,0.0118,Level 1: Green,Low / Normal Baseline Monitoring,#22c55e,Routine baseline monitoring. Safe terrain condition.
CELL_MEG_2405,25.0508,92.57338,5,Jaintia Hills Block,694.6,25.7,0.0144,0.6284,0.0091,Level 1: Green,Low / Normal Baseline Monitoring,#22c55e,Routine baseline monitoring. Safe terrain condition.
CELL_MEG_2406,25.02888,92.04505,5,Jaintia Hills Block,1010.6,26.7,0.0164,0.6284,0.0103,Level 1: Green,Low / Normal Baseline Monitoring,#22c55e,Routine baseline monitoring. Safe terrain condition.
CELL_MEG_2407,25.18432,92.5823,5,Jaintia Hills Block,718.3,21.6,0.0364,0.6284,0.0228,Level 1: Green,Low / Normal Baseline Monitoring,#22c55e,Routine baseline monitoring. Safe terrain condition.
CELL_MEG_2408,25.98422,91.7944,4,Ri-Bhoi Block,1200.4,16.1,0.0295,0.6284,0.0185,Level 1: Green,Low / Normal Baseline Monitoring,#22c55e,Routine baseline monitoring. Safe terrain condition.
CELL_MEG_2409,25.74601,89.81628,1,Garo Hills Block,25.2,24.1,0.0282,0.6284,0.0177,Level 1: Green,Low / Normal Baseline Monitoring,#22c55e,Routine baseline monitoring. Safe terrain condition.
CELL_MEG_2410,26.08366,92.47739,4,Ri-Bhoi Block,719.1,31.2,0.0376,0.6284,0.0236,Level 1: Green,Low / Normal Baseline Monitoring,#22c55e,Routine baseline monitoring. Safe terrain condition.
CELL_MEG_2411,25.98672,91.8107,4,Ri-Bhoi Block,1227.0,17.9,0.0276,0.6284,0.0174,Level 1: Green,Low / Normal Baseline Monitoring,#22c55e,Routine baseline monitoring. Safe terrain condition.
CELL_MEG_2412,25.39237,92.52563,5,Jaintia Hills Block,994.5,20.2,0.0592,0.6284,0.0372,Level 1: Green,Low / Normal Baseline Monitoring,#22c55e,Routine baseline monitoring. Safe terrain condition.
CELL_MEG_2413,25.33484,91.51627,2,West Khasi Block,1281.0,14.6,0.0742,0.6284,0.0466,Level 1: Green,Low / Normal Baseline Monitoring,#22c55e,Routine baseline monitoring. Safe terrain condition.
CELL_MEG_2414,25.12771,92.61196,5,Jaintia Hills Block,664.7,19.1,0.0339,0.6284,0.0213,Level 1: Green,Low / Normal Baseline Monitoring,#22c55e,Routine baseline monitoring. Safe terrain condition.
CELL_MEG_2415,25.17203,90.48593,1,Garo Hills Block,104.3,19.3,0.0938,0.6284,0.0589,Level 1: Green,Low / Normal Baseline Monitoring,#22c55e,Routine baseline monitoring. Safe terrain condition.
CELL_MEG_2416,25.62279,92.13048,5,Jaintia Hills Block,1486.9,32.5,0.0479,0.6284,0.0301,Level 1: Green,Low / Normal Baseline Monitoring,#22c55e,Routine baseline monitoring. Safe terrain condition.
CELL_MEG_2417,25.6889,90.50801,1,Garo Hills Block,25.0,27.3,0.0183,0.6284,0.0115,Level 1: Green,Low / Normal Baseline Monitoring,#22c55e,Routine baseline monitoring. Safe terrain condition.
CELL_MEG_2418,25.02102,92.10931,5,Jaintia Hills Block,1019.4,33.3,0.0209,0.6284,0.0132,Level 1: Green,Low / Normal Baseline Monitoring,#22c55e,Routine baseline monitoring. Safe terrain condition.
CELL_MEG_2419,26.08402,92.27023,4,Ri-Bhoi Block,919.9,26.1,0.0261,0.6284,0.0164,Level 1: Green,Low / Normal Baseline Monitoring,#22c55e,Routine baseline monitoring. Safe terrain condition.
CELL_MEG_2420,25.51702,92.55649,5,Jaintia Hills Block,839.4,17.1,0.1991,0.6284,0.1251,Level 2: Yellow,Advisory / Early Warning Watch,#eab308,Advisory notice. Maintenance standby and slope drainage watch.
CELL_MEG_2421,25.46263,91.40105,2,West Khasi Block,1192.8,33.9,0.0277,0.6284,0.0174,Level 1: Green,Low / Normal Baseline Monitoring,#22c55e,Routine baseline monitoring. Safe terrain condition.
CELL_MEG_2422,25.5353,91.16525,2,West Khasi Block,880.8,20.5,0.1305,0.6284,0.082,Level 1: Green,Low / Normal Baseline Monitoring,#22c55e,Routine baseline monitoring. Safe terrain condition.
CELL_MEG_2423,25.85721,91.40664,4,Ri-Bhoi Block,1136.8,33.8,0.0171,0.6284,0.0108,Level 1: Green,Low / Normal Baseline Monitoring,#22c55e,Routine baseline monitoring. Safe terrain condition.
CELL_MEG_2424,25.36205,90.58738,1,Garo Hills Block,94.0,25.0,0.0216,0.6284,0.0135,Level 1: Green,Low / Normal Baseline Monitoring,#22c55e,Routine baseline monitoring. Safe terrain condition.
CELL_MEG_2425,25.06077,91.57874,2,West Khasi Block,1129.9,30.0,0.0204,0.6284,0.0128,Level 1: Green,Low / Normal Baseline Monitoring,#22c55e,Routine baseline monitoring. Safe terrain condition.
CELL_MEG_2426,25.26836,90.25181,1,Garo Hills Block,38.3,28.2,0.0135,0.6284,0.0085,Level 1: Green,Low / Normal Baseline Monitoring,#22c55e,Routine baseline monitoring. Safe terrain condition.
CELL_MEG_2427,25.72614,91.87769,4,Ri-Bhoi Block,1656.0,26.7,0.0362,0.6284,0.0227,Level 1: Green,Low / Normal Baseline Monitoring,#22c55e,Routine baseline monitoring. Safe terrain condition.
CELL_MEG_2428,25.83233,91.33591,4,Ri-Bhoi Block,981.9,31.8,0.0158,0.6284,0.0099,Level 1: Green,Low / Normal Baseline Monitoring,#22c55e,Routine baseline monitoring. Safe terrain condition.
CELL_MEG_2429,25.98558,92.65584,4,Ri-Bhoi Block,528.7,24.0,0.1364,0.6284,0.0857,Level 1: Green,Low / Normal Baseline Monitoring,#22c55e,Routine baseline monitoring. Safe terrain condition.
CELL_MEG_2430,25.89196,91.73856,4,Ri-Bhoi Block,1374.3,24.9,0.0245,0.6284,0.0154,Level 1: Green,Low / Normal Baseline Monitoring,#22c55e,Routine baseline monitoring. Safe terrain condition.
CELL_MEG_2431,25.34802,92.79798,5,Jaintia Hills Block,592.7,14.2,0.1908,0.6284,0.1199,Level 2: Yellow,Advisory / Early Warning Watch,#eab308,Advisory notice. Maintenance standby and slope drainage watch.
CELL_MEG_2432,25.31607,90.4181,1,Garo Hills Block,29.4,17.3,0.0208,0.6284,0.0131,Level 1: Green,Low / Normal Baseline Monitoring,#22c55e,Routine baseline monitoring. Safe terrain condition.
CELL_MEG_2433,25.49753,89.97336,1,Garo Hills Block,25.0,23.0,0.0171,0.6284,0.0107,Level 1: Green,Low / Normal Baseline Monitoring,#22c55e,Routine baseline monitoring. Safe terrain condition.
CELL_MEG_2434,26.07677,91.59472,4,Ri-Bhoi Block,1008.8,34.3,0.0499,0.6284,0.0313,Level 1: Green,Low / Normal Baseline Monitoring,#22c55e,Routine baseline monitoring. Safe terrain condition.
CELL_MEG_2435,25.62151,91.80018,3,East Khasi Block,1692.5,25.1,0.2225,0.6284,0.1398,Level 2: Yellow,Advisory / Early Warning Watch,#eab308,Advisory notice. Maintenance standby and slope drainage watch.
CELL_MEG_2436,25.55679,89.89779,1,Garo Hills Block,84.2,15.3,0.0232,0.6284,0.0146,Level 1: Green,Low / Normal Baseline Monitoring,#22c55e,Routine baseline monitoring. Safe terrain condition.
CELL_MEG_2437,25.6813,91.98433,4,Ri-Bhoi Block,1591.4,26.4,0.0602,0.6284,0.0379,Level 1: Green,Low / Normal Baseline Monitoring,#22c55e,Routine baseline monitoring. Safe terrain condition.
CELL_MEG_2438,25.47009,92.10975,5,Jaintia Hills Block,1522.5,32.1,0.0856,0.6284,0.0538,Level 1: Green,Low / Normal Baseline Monitoring,#22c55e,Routine baseline monitoring. Safe terrain condition.
CELL_MEG_2439,25.26516,90.47489,1,Garo Hills Block,85.2,24.8,0.0118,0.6284,0.0074,Level 1: Green,Low / Normal Baseline Monitoring,#22c55e,Routine baseline monitoring. Safe terrain condition.
CELL_MEG_2440,25.19433,90.93458,1,Garo Hills Block,359.1,23.8,0.0194,0.6284,0.0122,Level 1: Green,Low / Normal Baseline Monitoring,#22c55e,Routine baseline monitoring. Safe terrain condition.
CELL_MEG_2441,25.93477,92.32513,4,Ri-Bhoi Block,1006.0,19.3,0.0345,0.6284,0.0217,Level 1: Green,Low / Normal Baseline Monitoring,#22c55e,Routine baseline monitoring. Safe terrain condition.
CELL_MEG_2442,25.43345,91.59681,2,West Khasi Block,1442.2,34.0,0.0343,0.6284,0.0215,Level 1: Green,Low / Normal Baseline Monitoring,#22c55e,Routine baseline monitoring. Safe terrain condition.
CELL_MEG_2443,25.79848,90.53568,1,Garo Hills Block,68.3,24.6,0.011,0.6284,0.0069,Level 1: Green,Low / Normal Baseline Monitoring,#22c55e,Routine baseline monitoring. Safe terrain condition.
CELL_MEG_2444,25.20159,92.76489,5,Jaintia Hills Block,503.0,25.3,0.019,0.6284,0.012,Level 1: Green,Low / Normal Baseline Monitoring,#22c55e,Routine baseline monitoring. Safe terrain condition.
CELL_MEG_2445,25.68696,92.79332,4,Ri-Bhoi Block,615.1,23.9,0.0117,0.6284,0.0074,Level 1: Green,Low / Normal Baseline Monitoring,#22c55e,Routine baseline monitoring. Safe terrain condition.
CELL_MEG_2446,25.38478,91.94425,3,East Khasi Block,1641.6,24.8,0.0618,0.6284,0.0388,Level 1: Green,Low / Normal Baseline Monitoring,#22c55e,Routine baseline monitoring. Safe terrain condition.
CELL_MEG_2447,25.26041,90.59666,1,Garo Hills Block,25.0,34.4,0.0158,0.6284,0.0099,Level 1: Green,Low / Normal Baseline Monitoring,#22c55e,Routine baseline monitoring. Safe terrain condition.
CELL_MEG_2448,25.57285,90.77483,1,Garo Hills Block,349.1,19.7,0.0211,0.6284,0.0133,Level 1: Green,Low / Normal Baseline Monitoring,#22c55e,Routine baseline monitoring. Safe terrain condition.
CELL_MEG_2449,25.20103,90.60179,1,Garo Hills Block,25.0,32.2,0.0439,0.6284,0.0276,Level 1: Green,Low / Normal Baseline Monitoring,#22c55e,Routine baseline monitoring. Safe terrain condition.
CELL_MEG_2450,25.05861,91.94849,3,East Khasi Block,1190.9,29.7,0.0524,0.6284,0.033,Level 1: Green,Low / Normal Baseline Monitoring,#22c55e,Routine baseline monitoring. Safe terrain condition.
CELL_MEG_2451,25.55149,90.08744,1,Garo Hills Block,48.4,22.9,0.0134,0.6284,0.0084,Level 1: Green,Low / Normal Baseline Monitoring,#22c55e,Routine baseline monitoring. Safe terrain condition.
CELL_MEG_2452,25.20543,90.11273,1,Garo Hills Block,89.2,29.8,0.0131,0.6284,0.0083,Level 1: Green,Low / Normal Baseline Monitoring,#22c55e,Routine baseline monitoring. Safe terrain condition.
CELL_MEG_2453,25.6816,90.08734,1,Garo Hills Block,41.3,33.2,0.0299,0.6284,0.0188,Level 1: Green,Low / Normal Baseline Monitoring,#22c55e,Routine baseline monitoring. Safe terrain condition.
CELL_MEG_2454,25.83462,89.86256,1,Garo Hills Block,126.7,28.6,0.0219,0.6284,0.0138,Level 1: Green,Low / Normal Baseline Monitoring,#22c55e,Routine baseline monitoring. Safe terrain condition.
CELL_MEG_2455,25.28933,92.51653,5,Jaintia Hills Block,886.2,21.3,0.0419,0.6284,0.0263,Level 1: Green,Low / Normal Baseline Monitoring,#22c55e,Routine baseline monitoring. Safe terrain condition.
CELL_MEG_2456,25.79601,90.02255,1,Garo Hills Block,25.0,25.2,0.0167,0.6284,0.0105,Level 1: Green,Low / Normal Baseline Monitoring,#22c55e,Routine baseline monitoring. Safe terrain condition.
CELL_MEG_2457,25.90682,91.30376,4,Ri-Bhoi Block,888.0,27.1,0.0137,0.6284,0.0086,Level 1: Green,Low / Normal Baseline Monitoring,#22c55e,Routine baseline monitoring. Safe terrain condition.
CELL_MEG_2458,25.93453,91.63226,4,Ri-Bhoi Block,1222.1,27.2,0.0211,0.6284,0.0132,Level 1: Green,Low / Normal Baseline Monitoring,#22c55e,Routine baseline monitoring. Safe terrain condition.
CELL_MEG_2459,25.75638,92.83018,4,Ri-Bhoi Block,496.6,14.8,0.0572,0.6284,0.0359,Level 1: Green,Low / Normal Baseline Monitoring,#22c55e,Routine baseline monitoring. Safe terrain condition.
CELL_MEG_2460,25.27092,91.70303,3,East Khasi Block,1412.7,27.3,0.0277,0.6284,0.0174,Level 1: Green,Low / Normal Baseline Monitoring,#22c55e,Routine baseline monitoring. Safe terrain condition.
CELL_MEG_2461,25.51715,89.92033,1,Garo Hills Block,58.0,17.0,0.0469,0.6284,0.0295,Level 1: Green,Low / Normal Baseline Monitoring,#22c55e,Routine baseline monitoring. Safe terrain condition.
CELL_MEG_2462,25.03563,90.16365,1,Garo Hills Block,25.0,26.8,0.0185,0.6284,0.0116,Level 1: Green,Low / Normal Baseline Monitoring,#22c55e,Routine baseline monitoring. Safe terrain condition.
CELL_MEG_2463,25.72102,91.52985,4,Ri-Bhoi Block,1339.9,19.1,0.0475,0.6284,0.0299,Level 1: Green,Low / Normal Baseline Monitoring,#22c55e,Routine baseline monitoring. Safe terrain condition.
CELL_MEG_2464,25.6177,89.89716,1,Garo Hills Block,31.6,23.7,0.0123,0.6284,0.0077,Level 1: Green,Low / Normal Baseline Monitoring,#22c55e,Routine baseline monitoring. Safe terrain condition.
CELL_MEG_2465,25.52685,92.6201,5,Jaintia Hills Block,849.0,21.6,0.1207,0.6284,0.0758,Level 1: Green,Low / Normal Baseline Monitoring,#22c55e,Routine baseline monitoring. Safe terrain condition.
CELL_MEG_2466,25.4494,91.70601,3,East Khasi Block,1572.2,29.7,0.0876,0.6284,0.0551,Level 1: Green,Low / Normal Baseline Monitoring,#22c55e,Routine baseline monitoring. Safe terrain condition.
CELL_MEG_2467,25.8622,92.19097,4,Ri-Bhoi Block,1159.9,34.1,0.0189,0.6284,0.0119,Level 1: Green,Low / Normal Baseline Monitoring,#22c55e,Routine baseline monitoring. Safe terrain condition.
CELL_MEG_2468,25.58082,92.41675,5,Jaintia Hills Block,1115.2,26.2,0.124,0.6284,0.0779,Level 1: Green,Low / Normal Baseline Monitoring,#22c55e,Routine baseline monitoring. Safe terrain condition.
CELL_MEG_2469,25.44269,92.51051,5,Jaintia Hills Block,961.6,27.7,0.0555,0.6284,0.0349,Level 1: Green,Low / Normal Baseline Monitoring,#22c55e,Routine baseline monitoring. Safe terrain condition.
CELL_MEG_2470,25.27944,90.65466,1,Garo Hills Block,77.0,26.1,0.0207,0.6284,0.013,Level 1: Green,Low / Normal Baseline Monitoring,#22c55e,Routine baseline monitoring. Safe terrain condition.
CELL_MEG_2471,25.07737,92.22652,5,Jaintia Hills Block,1099.1,24.6,0.0367,0.6284,0.0231,Level 1: Green,Low / Normal Baseline Monitoring,#22c55e,Routine baseline monitoring. Safe terrain condition.
CELL_MEG_2472,25.47042,90.49881,1,Garo Hills Block,80.2,27.4,0.0332,0.6284,0.0209,Level 1: Green,Low / Normal Baseline Monitoring,#22c55e,Routine baseline monitoring. Safe terrain condition.
CELL_MEG_2473,25.27033,92.54927,5,Jaintia Hills Block,807.6,23.3,0.0691,0.6284,0.0434,Level 1: Green,Low / Normal Baseline Monitoring,#22c55e,Routine baseline monitoring. Safe terrain condition.
CELL_MEG_2474,25.92063,91.48827,4,Ri-Bhoi Block,1094.1,19.7,0.0302,0.6284,0.019,Level 1: Green,Low / Normal Baseline Monitoring,#22c55e,Routine baseline monitoring. Safe terrain condition.
CELL_MEG_2475,25.6854,91.24669,4,Ri-Bhoi Block,1023.6,24.0,0.0884,0.6284,0.0555,Level 1: Green,Low / Normal Baseline Monitoring,#22c55e,Routine baseline monitoring. Safe terrain condition.
CELL_MEG_2476,25.443,92.5922,5,Jaintia Hills Block,842.5,28.7,0.0207,0.6284,0.013,Level 1: Green,Low / Normal Baseline Monitoring,#22c55e,Routine baseline monitoring. Safe terrain condition.
CELL_MEG_2477,25.15566,91.07626,2,West Khasi Block,627.7,24.1,0.0253,0.6284,0.0159,Level 1: Green,Low / Normal Baseline Monitoring,#22c55e,Routine baseline monitoring. Safe terrain condition.
CELL_MEG_2478,25.39213,91.31936,2,West Khasi Block,1067.4,26.5,0.0187,0.6284,0.0117,Level 1: Green,Low / Normal Baseline Monitoring,#22c55e,Routine baseline monitoring. Safe terrain condition.
CELL_MEG_2479,25.51424,91.38261,2,West Khasi Block,1212.2,27.1,0.0266,0.6284,0.0167,Level 1: Green,Low / Normal Baseline Monitoring,#22c55e,Routine baseline monitoring. Safe terrain condition.
CELL_MEG_2480,25.17111,91.36508,2,West Khasi Block,981.5,27.5,0.0119,0.6284,0.0075,Level 1: Green,Low / Normal Baseline Monitoring,#22c55e,Routine baseline monitoring. Safe terrain condition.
CELL_MEG_2481,25.28181,90.36221,1,Garo Hills Block,35.8,29.1,0.024,0.6284,0.0151,Level 1: Green,Low / Normal Baseline Monitoring,#22c55e,Routine baseline monitoring. Safe terrain condition.
CELL_MEG_2482,25.09002,92.12609,5,Jaintia Hills Block,1118.2,27.2,0.0439,0.6284,0.0276,Level 1: Green,Low / Normal Baseline Monitoring,#22c55e,Routine baseline monitoring. Safe terrain condition.
CELL_MEG_2483,25.48164,91.71126,3,East Khasi Block,1643.8,26.1,0.1253,0.6284,0.0787,Level 1: Green,Low / Normal Baseline Monitoring,#22c55e,Routine baseline monitoring. Safe terrain condition.
CELL_MEG_2484,25.52814,90.98309,1,Garo Hills Block,527.9,15.5,0.0694,0.6284,0.0436,Level 1: Green,Low / Normal Baseline Monitoring,#22c55e,Routine baseline monitoring. Safe terrain condition.
CELL_MEG_2485,25.42604,91.75215,3,East Khasi Block,1568.4,25.0,0.0608,0.6284,0.0382,Level 1: Green,Low / Normal Baseline Monitoring,#22c55e,Routine baseline monitoring. Safe terrain condition.
CELL_MEG_2486,25.55438,92.38985,5,Jaintia Hills Block,1197.2,23.1,0.2449,0.6284,0.1539,Level 3: Orange,Warning / Heightened Hazard Alert,#f97316,Heightened warning. Travel caution and heavy transport limits.
CELL_MEG_2487,25.96468,90.32021,1,Garo Hills Block,113.2,24.1,0.0178,0.6284,0.0112,Level 1: Green,Low / Normal Baseline Monitoring,#22c55e,Routine baseline monitoring. Safe terrain condition.
CELL_MEG_2488,25.16713,91.72272,3,East Khasi Block,1323.0,18.9,0.0337,0.6284,0.0212,Level 1: Green,Low / Normal Baseline Monitoring,#22c55e,Routine baseline monitoring. Safe terrain condition.
CELL_MEG_2489,25.34532,89.85664,1,Garo Hills Block,25.0,19.7,0.0155,0.6284,0.0097,Level 1: Green,Low / Normal Baseline Monitoring,#22c55e,Routine baseline monitoring. Safe terrain condition.
CELL_MEG_2490,25.97973,90.49205,1,Garo Hills Block,25.0,16.4,0.0127,0.6284,0.008,Level 1: Green,Low / Normal Baseline Monitoring,#22c55e,Routine baseline monitoring. Safe terrain condition.
CELL_MEG_2491,26.02362,91.98817,4,Ri-Bhoi Block,1144.1,21.7,0.0166,0.6284,0.0104,Level 1: Green,Low / Normal Baseline Monitoring,#22c55e,Routine baseline monitoring. Safe terrain condition.
CELL_MEG_2492,25.84367,90.41446,1,Garo Hills Block,70.2,26.6,0.0116,0.6284,0.0073,Level 1: Green,Low / Normal Baseline Monitoring,#22c55e,Routine baseline monitoring. Safe terrain condition.
CELL_MEG_2493,25.27293,91.38987,2,West Khasi Block,1084.9,32.2,0.0223,0.6284,0.014,Level 1: Green,Low / Normal Baseline Monitoring,#22c55e,Routine baseline monitoring. Safe terrain condition.
CELL_MEG_2494,25.20587,90.73157,1,Garo Hills Block,201.4,24.0,0.0297,0.6284,0.0187,Level 1: Green,Low / Normal Baseline Monitoring,#22c55e,Routine baseline monitoring. Safe terrain condition.
CELL_MEG_2495,25.36718,90.28687,1,Garo Hills Block,111.2,24.0,0.0176,0.6284,0.0111,Level 1: Green,Low / Normal Baseline Monitoring,#22c55e,Routine baseline monitoring. Safe terrain condition.
CELL_MEG_2496,25.2416,92.20508,5,Jaintia Hills Block,1152.8,32.6,0.0255,0.6284,0.016,Level 1: Green,Low / Normal Baseline Monitoring,#22c55e,Routine baseline monitoring. Safe terrain condition.
CELL_MEG_2497,25.20057,89.8868,1,Garo Hills Block,106.1,24.9,0.0106,0.6284,0.0066,Level 1: Green,Low / Normal Baseline Monitoring,#22c55e,Routine baseline monitoring. Safe terrain condition.
CELL_MEG_2498,25.6997,92.77675,4,Ri-Bhoi Block,610.1,22.9,0.0387,0.6284,0.0243,Level 1: Green,Low / Normal Baseline Monitoring,#22c55e,Routine baseline monitoring. Safe terrain condition.
CELL_MEG_2499,25.37771,90.1619,1,Garo Hills Block,25.0,18.2,0.0675,0.6284,0.0424,Level 1: Green,Low / Normal Baseline Monitoring,#22c55e,Routine baseline monitoring. Safe terrain condition.
CELL_MEG_2500,25.63602,92.56438,5,Jaintia Hills Block,916.3,25.4,0.1437,0.6284,0.0903,Level 1: Green,Low / Normal Baseline Monitoring,#22c55e,Routine baseline monitoring. Safe terrain condition.
CELL_MEG_2501,25.86679,91.69867,4,Ri-Bhoi Block,1393.8,30.6,0.0275,0.6284,0.0173,Level 1: Green,Low / Normal Baseline Monitoring,#22c55e,Routine baseline monitoring. Safe terrain condition.
CELL_MEG_2502,25.36026,91.45274,2,West Khasi Block,1128.6,17.6,0.1192,0.6284,0.0749,Level 1: Green,Low / Normal Baseline Monitoring,#22c55e,Routine baseline monitoring. Safe terrain condition.
CELL_MEG_2503,25.11854,91.87078,3,East Khasi Block,1267.6,23.9,0.0281,0.6284,0.0176,Level 1: Green,Low / Normal Baseline Monitoring,#22c55e,Routine baseline monitoring. Safe terrain condition.
CELL_MEG_2504,25.8031,92.74335,4,Ri-Bhoi Block,605.7,23.1,0.0276,0.6284,0.0174,Level 1: Green,Low / Normal Baseline Monitoring,#22c55e,Routine baseline monitoring. Safe terrain condition.
CELL_MEG_2505,25.30123,89.85629,1,Garo Hills Block,25.9,23.8,0.0132,0.6284,0.0083,Level 1: Green,Low / Normal Baseline Monitoring,#22c55e,Routine baseline monitoring. Safe terrain condition.
CELL_MEG_2506,25.60926,91.95571,3,East Khasi Block,1717.9,26.1,0.0488,0.6284,0.0307,Level 1: Green,Low / Normal Baseline Monitoring,#22c55e,Routine baseline monitoring. Safe terrain condition.
CELL_MEG_2507,25.87364,90.3909,1,Garo Hills Block,33.9,30.3,0.0226,0.6284,0.0142,Level 1: Green,Low / Normal Baseline Monitoring,#22c55e,Routine baseline monitoring. Safe terrain condition.
CELL_MEG_2508,25.30269,91.3634,2,West Khasi Block,1039.1,27.7,0.0387,0.6284,0.0243,Level 1: Green,Low / Normal Baseline Monitoring,#22c55e,Routine baseline monitoring. Safe terrain condition.
CELL_MEG_2509,25.37705,92.42456,5,Jaintia Hills Block,1022.5,26.9,0.0945,0.6284,0.0594,Level 1: Green,Low / Normal Baseline Monitoring,#22c55e,Routine baseline monitoring. Safe terrain condition.
CELL_MEG_2510,25.53166,92.23871,5,Jaintia Hills Block,1280.5,17.8,0.0538,0.6284,0.0338,Level 1: Green,Low / Normal Baseline Monitoring,#22c55e,Routine baseline monitoring. Safe terrain condition.
CELL_MEG_2511,25.64707,92.15793,5,Jaintia Hills Block,1475.0,35.7,0.0274,0.6284,0.0172,Level 1: Green,Low / Normal Baseline Monitoring,#22c55e,Routine baseline monitoring. Safe terrain condition.
CELL_MEG_2512,25.37929,92.33582,5,Jaintia Hills Block,1097.4,20.7,0.0251,0.6284,0.0158,Level 1: Green,Low / Normal Baseline Monitoring,#22c55e,Routine baseline monitoring. Safe terrain condition.
CELL_MEG_2513,25.31654,91.4656,2,West Khasi Block,1157.4,17.2,0.0679,0.6284,0.0427,Level 1: Green,Low / Normal Baseline Monitoring,#22c55e,Routine baseline monitoring. Safe terrain condition.
CELL_MEG_2514,25.25113,91.25036,2,West Khasi Block,816.8,25.8,0.0251,0.6284,0.0158,Level 1: Green,Low / Normal Baseline Monitoring,#22c55e,Routine baseline monitoring. Safe terrain condition.
CELL_MEG_2515,25.36363,90.61344,1,Garo Hills Block,134.6,23.9,0.0193,0.6284,0.0121,Level 1: Green,Low / Normal Baseline Monitoring,#22c55e,Routine baseline monitoring. Safe terrain condition.
CELL_MEG_2516,26.06434,90.28823,1,Garo Hills Block,59.6,34.2,0.0245,0.6284,0.0154,Level 1: Green,Low / Normal Baseline Monitoring,#22c55e,Routine baseline monitoring. Safe terrain condition.
CELL_MEG_2517,25.87031,92.8017,4,Ri-Bhoi Block,428.5,26.0,0.0193,0.6284,0.0122,Level 1: Green,Low / Normal Baseline Monitoring,#22c55e,Routine baseline monitoring. Safe terrain condition.
CELL_MEG_2518,25.04149,91.93203,3,East Khasi Block,1191.2,33.3,0.0642,0.6284,0.0403,Level 1: Green,Low / Normal Baseline Monitoring,#22c55e,Routine baseline monitoring. Safe terrain condition.
CELL_MEG_2519,25.29314,89.92349,1,Garo Hills Block,44.5,19.4,0.0191,0.6284,0.012,Level 1: Green,Low / Normal Baseline Monitoring,#22c55e,Routine baseline monitoring. Safe terrain condition.
CELL_MEG_2520,25.45512,92.65241,5,Jaintia Hills Block,772.8,35.0,0.0579,0.6284,0.0364,Level 1: Green,Low / Normal Baseline Monitoring,#22c55e,Routine baseline monitoring. Safe terrain condition.
CELL_MEG_2521,25.03271,91.59305,2,West Khasi Block,1095.3,34.1,0.0257,0.6284,0.0161,Level 1: Green,Low / Normal Baseline Monitoring,#22c55e,Routine baseline monitoring. Safe terrain condition.
CELL_MEG_2522,25.56151,92.46382,5,Jaintia Hills Block,1004.8,21.2,0.1824,0.6284,0.1146,Level 2: Yellow,Advisory / Early Warning Watch,#eab308,Advisory notice. Maintenance standby and slope drainage watch.
CELL_MEG_2523,25.11072,91.87865,3,East Khasi Block,1270.0,25.0,0.0196,0.6284,0.0123,Level 1: Green,Low / Normal Baseline Monitoring,#22c55e,Routine baseline monitoring. Safe terrain condition.
CELL_MEG_2524,25.75452,91.84069,4,Ri-Bhoi Block,1564.3,20.8,0.0357,0.6284,0.0224,Level 1: Green,Low / Normal Baseline Monitoring,#22c55e,Routine baseline monitoring. Safe terrain condition.
CELL_MEG_2525,26.03772,92.31042,4,Ri-Bhoi Block,910.4,23.5,0.0275,0.6284,0.0173,Level 1: Green,Low / Normal Baseline Monitoring,#22c55e,Routine baseline monitoring. Safe terrain condition.
CELL_MEG_2526,25.06533,91.2368,2,West Khasi Block,794.0,22.6,0.0515,0.6284,0.0324,Level 1: Green,Low / Normal Baseline Monitoring,#22c55e,Routine baseline monitoring. Safe terrain condition.
CELL_MEG_2527,25.44979,90.74595,1,Garo Hills Block,259.1,27.4,0.0374,0.6284,0.0235,Level 1: Green,Low / Normal Baseline Monitoring,#22c55e,Routine baseline monitoring. Safe terrain condition.
CELL_MEG_2528,25.50744,90.97179,1,Garo Hills Block,505.6,18.6,0.0761,0.6284,0.0478,Level 1: Green,Low / Normal Baseline Monitoring,#22c55e,Routine baseline monitoring. Safe terrain condition.
CELL_MEG_2529,25.48692,92.78675,5,Jaintia Hills Block,541.8,22.8,0.0405,0.6284,0.0254,Level 1: Green,Low / Normal Baseline Monitoring,#22c55e,Routine baseline monitoring. Safe terrain condition.
CELL_MEG_2530,25.11572,92.6128,5,Jaintia Hills Block,649.4,19.9,0.0379,0.6284,0.0238,Level 1: Green,Low / Normal Baseline Monitoring,#22c55e,Routine baseline monitoring. Safe terrain condition.
CELL_MEG_2531,25.53866,91.70241,3,East Khasi Block,1666.6,18.6,0.2486,0.6284,0.1562,Level 3: Orange,Warning / Heightened Hazard Alert,#f97316,Heightened warning. Travel caution and heavy transport limits.
CELL_MEG_2532,25.9166,90.89941,1,Garo Hills Block,382.9,26.5,0.0232,0.6284,0.0146,Level 1: Green,Low / Normal Baseline Monitoring,#22c55e,Routine baseline monitoring. Safe terrain condition.
CELL_MEG_2533,25.48486,91.04903,2,West Khasi Block,707.3,28.5,0.023,0.6284,0.0145,Level 1: Green,Low / Normal Baseline Monitoring,#22c55e,Routine baseline monitoring. Safe terrain condition.
CELL_MEG_2534,25.42471,92.62286,5,Jaintia Hills Block,778.2,31.1,0.0149,0.6284,0.0094,Level 1: Green,Low / Normal Baseline Monitoring,#22c55e,Routine baseline monitoring. Safe terrain condition.
CELL_MEG_2535,25.91524,90.13245,1,Garo Hills Block,49.0,24.6,0.0084,0.6284,0.0053,Level 1: Green,Low / Normal Baseline Monitoring,#22c55e,Routine baseline monitoring. Safe terrain condition.
CELL_MEG_2536,25.13677,91.105,2,West Khasi Block,627.2,24.0,0.0247,0.6284,0.0155,Level 1: Green,Low / Normal Baseline Monitoring,#22c55e,Routine baseline monitoring. Safe terrain condition.
CELL_MEG_2537,25.12655,91.68823,3,East Khasi Block,1192.9,19.9,0.0325,0.6284,0.0204,Level 1: Green,Low / Normal Baseline Monitoring,#22c55e,Routine baseline monitoring. Safe terrain condition.
CELL_MEG_2538,25.17519,91.39324,2,West Khasi Block,1044.6,27.4,0.1234,0.6284,0.0775,Level 1: Green,Low / Normal Baseline Monitoring,#22c55e,Routine baseline monitoring. Safe terrain condition.
CELL_MEG_2539,25.0278,90.76562,1,Garo Hills Block,63.6,29.4,0.0099,0.6284,0.0062,Level 1: Green,Low / Normal Baseline Monitoring,#22c55e,Routine baseline monitoring. Safe terrain condition.
CELL_MEG_2540,25.75137,91.27632,4,Ri-Bhoi Block,974.9,16.3,0.0373,0.6284,0.0235,Level 1: Green,Low / Normal Baseline Monitoring,#22c55e,Routine baseline monitoring. Safe terrain condition.
CELL_MEG_2541,26.07653,92.46602,4,Ri-Bhoi Block,746.0,32.7,0.0394,0.6284,0.0247,Level 1: Green,Low / Normal Baseline Monitoring,#22c55e,Routine baseline monitoring. Safe terrain condition.
CELL_MEG_2542,25.4078,89.93873,1,Garo Hills Block,57.7,22.5,0.0223,0.6284,0.014,Level 1: Green,Low / Normal Baseline Monitoring,#22c55e,Routine baseline monitoring. Safe terrain condition.
CELL_MEG_2543,25.93328,92.57927,4,Ri-Bhoi Block,743.1,18.9,0.0412,0.6284,0.0259,Level 1: Green,Low / Normal Baseline Monitoring,#22c55e,Routine baseline monitoring. Safe terrain condition.
CELL_MEG_2544,25.90628,90.19025,1,Garo Hills Block,62.2,22.1,0.0166,0.6284,0.0104,Level 1: Green,Low / Normal Baseline Monitoring,#22c55e,Routine baseline monitoring. Safe terrain condition.
CELL_MEG_2545,26.09775,90.58868,1,Garo Hills Block,25.0,34.6,0.0481,0.6284,0.0302,Level 1: Green,Low / Normal Baseline Monitoring,#22c55e,Routine baseline monitoring. Safe terrain condition.
CELL_MEG_2546,25.80214,92.56951,4,Ri-Bhoi Block,788.1,18.8,0.0305,0.6284,0.0192,Level 1: Green,Low / Normal Baseline Monitoring,#22c55e,Routine baseline monitoring. Safe terrain condition.
CELL_MEG_2547,25.27454,92.57019,5,Jaintia Hills Block,795.9,23.5,0.0262,0.6284,0.0164,Level 1: Green,Low / Normal Baseline Monitoring,#22c55e,Routine baseline monitoring. Safe terrain condition.
CELL_MEG_2548,25.35424,92.77806,5,Jaintia Hills Block,598.8,15.6,0.0491,0.6284,0.0308,Level 1: Green,Low / Normal Baseline Monitoring,#22c55e,Routine baseline monitoring. Safe terrain condition.
CELL_MEG_2549,25.32376,92.70798,5,Jaintia Hills Block,604.9,23.6,0.0399,0.6284,0.0251,Level 1: Green,Low / Normal Baseline Monitoring,#22c55e,Routine baseline monitoring. Safe terrain condition.
CELL_MEG_2550,25.07783,91.96328,3,East Khasi Block,1189.1,24.7,0.0144,0.6284,0.0091,Level 1: Green,Low / Normal Baseline Monitoring,#22c55e,Routine baseline monitoring. Safe terrain condition.
CELL_MEG_2551,25.59468,91.25753,2,West Khasi Block,960.7,18.9,0.164,0.6284,0.103,Level 2: Yellow,Advisory / Early Warning Watch,#eab308,Advisory notice. Maintenance standby and slope drainage watch.
CELL_MEG_2552,25.26137,91.95207,3,East Khasi Block,1417.3,30.1,0.041,0.6284,0.0258,Level 1: Green,Low / Normal Baseline Monitoring,#22c55e,Routine baseline monitoring. Safe terrain condition.
CELL_MEG_2553,25.22607,91.48617,2,West Khasi Block,1156.5,25.9,0.0169,0.6284,0.0106,Level 1: Green,Low / Normal Baseline Monitoring,#22c55e,Routine baseline monitoring. Safe terrain condition.
CELL_MEG_2554,25.2935,92.71465,5,Jaintia Hills Block,623.0,27.4,0.0624,0.6284,0.0392,Level 1: Green,Low / Normal Baseline Monitoring,#22c55e,Routine baseline monitoring. Safe terrain condition.
CELL_MEG_2555,25.05092,90.40917,1,Garo Hills Block,28.4,27.0,0.0113,0.6284,0.0071,Level 1: Green,Low / Normal Baseline Monitoring,#22c55e,Routine baseline monitoring. Safe terrain condition.
CELL_MEG_2556,25.28169,91.06291,2,West Khasi Block,654.9,29.0,0.0513,0.6284,0.0323,Level 1: Green,Low / Normal Baseline Monitoring,#22c55e,Routine baseline monitoring. Safe terrain condition.
CELL_MEG_2557,25.27135,91.29861,2,West Khasi Block,924.1,27.7,0.0518,0.6284,0.0326,Level 1: Green,Low / Normal Baseline Monitoring,#22c55e,Routine baseline monitoring. Safe terrain condition.
CELL_MEG_2558,25.96226,91.97179,4,Ri-Bhoi Block,1256.5,17.4,0.1065,0.6284,0.0669,Level 1: Green,Low / Normal Baseline Monitoring,#22c55e,Routine baseline monitoring. Safe terrain condition.
CELL_MEG_2559,25.64636,90.07146,1,Garo Hills Block,62.2,35.5,0.0147,0.6284,0.0093,Level 1: Green,Low / Normal Baseline Monitoring,#22c55e,Routine baseline monitoring. Safe terrain condition.
CELL_MEG_2560,25.76951,90.30756,1,Garo Hills Block,31.2,23.9,0.0344,0.6284,0.0216,Level 1: Green,Low / Normal Baseline Monitoring,#22c55e,Routine baseline monitoring. Safe terrain condition.
CELL_MEG_2561,25.86928,90.56267,1,Garo Hills Block,36.2,35.4,0.0134,0.6284,0.0084,Level 1: Green,Low / Normal Baseline Monitoring,#22c55e,Routine baseline monitoring. Safe terrain condition.
CELL_MEG_2562,25.47041,90.86893,1,Garo Hills Block,431.4,33.7,0.043,0.6284,0.027,Level 1: Green,Low / Normal Baseline Monitoring,#22c55e,Routine baseline monitoring. Safe terrain condition.
CELL_MEG_2563,25.94752,90.18596,1,Garo Hills Block,25.0,15.4,0.0171,0.6284,0.0107,Level 1: Green,Low / Normal Baseline Monitoring,#22c55e,Routine baseline monitoring. Safe terrain condition.
CELL_MEG_2564,25.6309,90.23329,1,Garo Hills Block,37.2,26.8,0.0009,0.6284,0.0006,Level 1: Green,Low / Normal Baseline Monitoring,#22c55e,Routine baseline monitoring. Safe terrain condition.
CELL_MEG_2565,25.78118,92.56049,4,Ri-Bhoi Block,820.9,15.4,0.0266,0.6284,0.0167,Level 1: Green,Low / Normal Baseline Monitoring,#22c55e,Routine baseline monitoring. Safe terrain condition.
CELL_MEG_2566,25.48938,91.28868,2,West Khasi Block,962.0,25.1,0.0384,0.6284,0.0241,Level 1: Green,Low / Normal Baseline Monitoring,#22c55e,Routine baseline monitoring. Safe terrain condition.
CELL_MEG_2567,26.02162,91.38902,4,Ri-Bhoi Block,836.4,29.1,0.0085,0.6284,0.0053,Level 1: Green,Low / Normal Baseline Monitoring,#22c55e,Routine baseline monitoring. Safe terrain condition.
CELL_MEG_2568,25.54661,91.5639,2,West Khasi Block,1332.8,19.0,0.0667,0.6284,0.0419,Level 1: Green,Low / Normal Baseline Monitoring,#22c55e,Routine baseline monitoring. Safe terrain condition.
CELL_MEG_2569,25.76437,90.12599,1,Garo Hills Block,49.1,18.8,0.0122,0.6284,0.0077,Level 1: Green,Low / Normal Baseline Monitoring,#22c55e,Routine baseline monitoring. Safe terrain condition.
CELL_MEG_2570,25.9068,91.12829,4,Ri-Bhoi Block,702.4,31.3,0.0277,0.6284,0.0174,Level 1: Green,Low / Normal Baseline Monitoring,#22c55e,Routine baseline monitoring. Safe terrain condition.
CELL_MEG_2571,25.09814,92.19786,5,Jaintia Hills Block,1130.1,24.4,0.046,0.6284,0.0289,Level 1: Green,Low / Normal Baseline Monitoring,#22c55e,Routine baseline monitoring. Safe terrain condition.
CELL_MEG_2572,25.42711,90.10612,1,Garo Hills Block,31.7,32.1,0.0105,0.6284,0.0066,Level 1: Green,Low / Normal Baseline Monitoring,#22c55e,Routine baseline monitoring. Safe terrain condition.
CELL_MEG_2573,25.70448,92.4844,4,Ri-Bhoi Block,1035.0,25.3,0.1914,0.6284,0.1203,Level 2: Yellow,Advisory / Early Warning Watch,#eab308,Advisory notice. Maintenance standby and slope drainage watch.
CELL_MEG_2574,25.97877,92.72087,4,Ri-Bhoi Block,477.7,21.7,0.0312,0.6284,0.0196,Level 1: Green,Low / Normal Baseline Monitoring,#22c55e,Routine baseline monitoring. Safe terrain condition.
CELL_MEG_2575,25.95712,89.80653,1,Garo Hills Block,25.0,24.4,0.0106,0.6284,0.0066,Level 1: Green,Low / Normal Baseline Monitoring,#22c55e,Routine baseline monitoring. Safe terrain condition.
CELL_MEG_2576,25.43066,92.29655,5,Jaintia Hills Block,1236.8,25.5,0.0303,0.6284,0.0191,Level 1: Green,Low / Normal Baseline Monitoring,#22c55e,Routine baseline monitoring. Safe terrain condition.
CELL_MEG_2577,25.41555,91.63472,3,East Khasi Block,1479.0,33.5,0.0272,0.6284,0.0171,Level 1: Green,Low / Normal Baseline Monitoring,#22c55e,Routine baseline monitoring. Safe terrain condition.
CELL_MEG_2578,25.67482,90.91333,1,Garo Hills Block,548.8,29.7,0.0313,0.6284,0.0197,Level 1: Green,Low / Normal Baseline Monitoring,#22c55e,Routine baseline monitoring. Safe terrain condition.
CELL_MEG_2579,25.99683,91.33485,4,Ri-Bhoi Block,875.0,24.3,0.0134,0.6284,0.0084,Level 1: Green,Low / Normal Baseline Monitoring,#22c55e,Routine baseline monitoring. Safe terrain condition.
CELL_MEG_2580,25.52197,92.84242,5,Jaintia Hills Block,418.4,17.8,0.0899,0.6284,0.0565,Level 1: Green,Low / Normal Baseline Monitoring,#22c55e,Routine baseline monitoring. Safe terrain condition.
CELL_MEG_2581,25.55298,90.34412,1,Garo Hills Block,25.0,23.2,0.0465,0.6284,0.0293,Level 1: Green,Low / Normal Baseline Monitoring,#22c55e,Routine baseline monitoring. Safe terrain condition.
CELL_MEG_2582,25.57411,92.28275,5,Jaintia Hills Block,1283.7,15.3,0.0728,0.6284,0.0458,Level 1: Green,Low / Normal Baseline Monitoring,#22c55e,Routine baseline monitoring. Safe terrain condition.
CELL_MEG_2583,25.85901,92.20517,4,Ri-Bhoi Block,1143.3,32.5,0.0162,0.6284,0.0102,Level 1: Green,Low / Normal Baseline Monitoring,#22c55e,Routine baseline monitoring. Safe terrain condition.
CELL_MEG_2584,25.78467,90.57536,1,Garo Hills Block,30.7,25.4,0.011,0.6284,0.0069,Level 1: Green,Low / Normal Baseline Monitoring,#22c55e,Routine baseline monitoring. Safe terrain condition.
CELL_MEG_2585,25.95105,92.525,4,Ri-Bhoi Block,838.4,15.6,0.033,0.6284,0.0207,Level 1: Green,Low / Normal Baseline Monitoring,#22c55e,Routine baseline monitoring. Safe terrain condition.
CELL_MEG_2586,25.22968,90.19789,1,Garo Hills Block,106.5,25.9,0.019,0.6284,0.012,Level 1: Green,Low / Normal Baseline Monitoring,#22c55e,Routine baseline monitoring. Safe terrain condition.
CELL_MEG_2587,26.07365,92.44839,4,Ri-Bhoi Block,768.4,34.5,0.0358,0.6284,0.0225,Level 1: Green,Low / Normal Baseline Monitoring,#22c55e,Routine baseline monitoring. Safe terrain condition.
CELL_MEG_2588,25.98469,92.50345,4,Ri-Bhoi Block,864.1,16.9,0.0332,0.6284,0.0208,Level 1: Green,Low / Normal Baseline Monitoring,#22c55e,Routine baseline monitoring. Safe terrain condition.
CELL_MEG_2589,25.60502,91.77152,3,East Khasi Block,1678.4,20.4,0.2671,0.6284,0.1679,Level 3: Orange,Warning / Heightened Hazard Alert,#f97316,Heightened warning. Travel caution and heavy transport limits.
CELL_MEG_2590,25.60899,89.95618,1,Garo Hills Block,49.5,22.0,0.0157,0.6284,0.0099,Level 1: Green,Low / Normal Baseline Monitoring,#22c55e,Routine baseline monitoring. Safe terrain condition.
CELL_MEG_2591,25.82514,91.34126,4,Ri-Bhoi Block,1002.2,31.1,0.0242,0.6284,0.0152,Level 1: Green,Low / Normal Baseline Monitoring,#22c55e,Routine baseline monitoring. Safe terrain condition.
CELL_MEG_2592,25.71953,91.33305,4,Ri-Bhoi Block,1059.3,26.4,0.0258,0.6284,0.0162,Level 1: Green,Low / Normal Baseline Monitoring,#22c55e,Routine baseline monitoring. Safe terrain condition.
CELL_MEG_2593,25.55116,90.32396,1,Garo Hills Block,25.0,24.0,0.0405,0.6284,0.0254,Level 1: Green,Low / Normal Baseline Monitoring,#22c55e,Routine baseline monitoring. Safe terrain condition.
CELL_MEG_2594,25.32101,90.2845,1,Garo Hills Block,82.1,23.4,0.0132,0.6284,0.0083,Level 1: Green,Low / Normal Baseline Monitoring,#22c55e,Routine baseline monitoring. Safe terrain condition.
CELL_MEG_2595,25.23132,92.76758,5,Jaintia Hills Block,511.0,28.1,0.0202,0.6284,0.0127,Level 1: Green,Low / Normal Baseline Monitoring,#22c55e,Routine baseline monitoring. Safe terrain condition.
CELL_MEG_2596,25.18536,90.62127,1,Garo Hills Block,25.0,28.0,0.022,0.6284,0.0138,Level 1: Green,Low / Normal Baseline Monitoring,#22c55e,Routine baseline monitoring. Safe terrain condition.
CELL_MEG_2597,25.65784,91.66105,4,Ri-Bhoi Block,1500.7,34.6,0.0281,0.6284,0.0177,Level 1: Green,Low / Normal Baseline Monitoring,#22c55e,Routine baseline monitoring. Safe terrain condition.
CELL_MEG_2598,25.18629,92.22084,5,Jaintia Hills Block,1080.9,25.0,0.0522,0.6284,0.0328,Level 1: Green,Low / Normal Baseline Monitoring,#22c55e,Routine baseline monitoring. Safe terrain condition.
CELL_MEG_2599,25.86802,90.52382,1,Garo Hills Block,88.5,31.8,0.0174,0.6284,0.0109,Level 1: Green,Low / Normal Baseline Monitoring,#22c55e,Routine baseline monitoring. Safe terrain condition.
CELL_MEG_2600,25.33176,92.66086,5,Jaintia Hills Block,654.9,23.9,0.299,0.6284,0.1879,Level 3: Orange,Warning / Heightened Hazard Alert,#f97316,Heightened warning. Travel caution and heavy transport limits.
CELL_MEG_2601,25.91173,91.92828,4,Ri-Bhoi Block,1331.0,29.3,0.0234,0.6284,0.0147,Level 1: Green,Low / Normal Baseline Monitoring,#22c55e,Routine baseline monitoring. Safe terrain condition.
CELL_MEG_2602,25.10881,91.0757,2,West Khasi Block,533.6,24.2,0.023,0.6284,0.0144,Level 1: Green,Low / Normal Baseline Monitoring,#22c55e,Routine baseline monitoring. Safe terrain condition.
CELL_MEG_2603,25.62405,90.3716,1,Garo Hills Block,62.5,30.1,0.0117,0.6284,0.0074,Level 1: Green,Low / Normal Baseline Monitoring,#22c55e,Routine baseline monitoring. Safe terrain condition.
CELL_MEG_2604,25.50408,91.63313,3,East Khasi Block,1464.3,29.1,0.0674,0.6284,0.0423,Level 1: Green,Low / Normal Baseline Monitoring,#22c55e,Routine baseline monitoring. Safe terrain condition.
CELL_MEG_2605,25.37357,92.18188,5,Jaintia Hills Block,1435.6,25.3,0.0581,0.6284,0.0365,Level 1: Green,Low / Normal Baseline Monitoring,#22c55e,Routine baseline monitoring. Safe terrain condition.
CELL_MEG_2606,25.92769,90.78701,1,Garo Hills Block,215.0,24.3,0.0155,0.6284,0.0098,Level 1: Green,Low / Normal Baseline Monitoring,#22c55e,Routine baseline monitoring. Safe terrain condition.
CELL_MEG_2607,25.92575,90.11591,1,Garo Hills Block,37.6,24.7,0.0104,0.6284,0.0066,Level 1: Green,Low / Normal Baseline Monitoring,#22c55e,Routine baseline monitoring. Safe terrain condition.
CELL_MEG_2608,25.92475,90.26589,1,Garo Hills Block,50.1,25.1,0.0114,0.6284,0.0072,Level 1: Green,Low / Normal Baseline Monitoring,#22c55e,Routine baseline monitoring. Safe terrain condition.
CELL_MEG_2609,25.10956,91.75741,3,East Khasi Block,1175.9,15.4,0.0981,0.6284,0.0617,Level 1: Green,Low / Normal Baseline Monitoring,#22c55e,Routine baseline monitoring. Safe terrain condition.
CELL_MEG_2610,25.52969,92.56907,5,Jaintia Hills Block,837.9,16.0,0.1385,0.6284,0.087,Level 1: Green,Low / Normal Baseline Monitoring,#22c55e,Routine baseline monitoring. Safe terrain condition.
CELL_MEG_2611,25.41224,90.67581,1,Garo Hills Block,190.3,24.9,0.0264,0.6284,0.0166,Level 1: Green,Low / Normal Baseline Monitoring,#22c55e,Routine baseline monitoring. Safe terrain condition.
CELL_MEG_2612,25.56079,91.19064,2,West Khasi Block,877.1,17.0,0.0977,0.6284,0.0614,Level 1: Green,Low / Normal Baseline Monitoring,#22c55e,Routine baseline monitoring. Safe terrain condition.
CELL_MEG_2613,25.39198,91.91591,3,East Khasi Block,1690.0,28.7,0.081,0.6284,0.0509,Level 1: Green,Low / Normal Baseline Monitoring,#22c55e,Routine baseline monitoring. Safe terrain condition.
CELL_MEG_2614,25.84033,92.4016,4,Ri-Bhoi Block,1075.0,34.1,0.0141,0.6284,0.0089,Level 1: Green,Low / Normal Baseline Monitoring,#22c55e,Routine baseline monitoring. Safe terrain condition.
CELL_MEG_2615,26.07069,90.6133,1,Garo Hills Block,52.0,34.6,0.0528,0.6284,0.0332,Level 1: Green,Low / Normal Baseline Monitoring,#22c55e,Routine baseline monitoring. Safe terrain condition.
CELL_MEG_2616,25.79338,91.00249,4,Ri-Bhoi Block,550.4,17.6,0.0453,0.6284,0.0285,Level 1: Green,Low / Normal Baseline Monitoring,#22c55e,Routine baseline monitoring. Safe terrain condition.
CELL_MEG_2617,25.75125,91.25174,4,Ri-Bhoi Block,942.5,14.6,0.0668,0.6284,0.0419,Level 1: Green,Low / Normal Baseline Monitoring,#22c55e,Routine baseline monitoring. Safe terrain condition.
CELL_MEG_2618,26.09327,92.02315,4,Ri-Bhoi Block,1089.7,25.1,0.0251,0.6284,0.0158,Level 1: Green,Low / Normal Baseline Monitoring,#22c55e,Routine baseline monitoring. Safe terrain condition.
CELL_MEG_2619,26.04869,92.34666,4,Ri-Bhoi Block,853.0,28.8,0.0387,0.6284,0.0243,Level 1: Green,Low / Normal Baseline Monitoring,#22c55e,Routine baseline monitoring. Safe terrain condition.
CELL_MEG_2620,25.99513,92.28398,4,Ri-Bhoi Block,1009.0,15.6,0.0361,0.6284,0.0227,Level 1: Green,Low / Normal Baseline Monitoring,#22c55e,Routine baseline monitoring. Safe terrain condition.
CELL_MEG_2621,25.51589,90.56795,1,Garo Hills Block,25.9,26.8,0.0052,0.6284,0.0033,Level 1: Green,Low / Normal Baseline Monitoring,#22c55e,Routine baseline monitoring. Safe terrain condition.
CELL_MEG_2622,25.41995,89.86172,1,Garo Hills Block,25.0,29.2,0.0081,0.6284,0.0051,Level 1: Green,Low / Normal Baseline Monitoring,#22c55e,Routine baseline monitoring. Safe terrain condition.
CELL_MEG_2623,25.58591,91.34043,2,West Khasi Block,1092.1,25.9,0.0412,0.6284,0.0259,Level 1: Green,Low / Normal Baseline Monitoring,#22c55e,Routine baseline monitoring. Safe terrain condition.
CELL_MEG_2624,25.58727,92.7708,5,Jaintia Hills Block,593.4,19.0,0.0376,0.6284,0.0236,Level 1: Green,Low / Normal Baseline Monitoring,#22c55e,Routine baseline monitoring. Safe terrain condition.
CELL_MEG_2625,26.00437,90.29322,1,Garo Hills Block,116.5,25.8,0.0368,0.6284,0.0231,Level 1: Green,Low / Normal Baseline Monitoring,#22c55e,Routine baseline monitoring. Safe terrain condition.
CELL_MEG_2626,25.41839,91.09307,2,West Khasi Block,688.7,33.7,0.0156,0.6284,0.0098,Level 1: Green,Low / Normal Baseline Monitoring,#22c55e,Routine baseline monitoring. Safe terrain condition.
CELL_MEG_2627,25.40938,92.23541,5,Jaintia Hills Block,1363.0,25.6,0.0085,0.6284,0.0053,Level 1: Green,Low / Normal Baseline Monitoring,#22c55e,Routine baseline monitoring. Safe terrain condition.
CELL_MEG_2628,25.58596,91.5449,2,West Khasi Block,1354.3,19.7,0.044,0.6284,0.0277,Level 1: Green,Low / Normal Baseline Monitoring,#22c55e,Routine baseline monitoring. Safe terrain condition.
CELL_MEG_2629,25.94126,92.25808,4,Ri-Bhoi Block,1107.3,17.1,0.0437,0.6284,0.0275,Level 1: Green,Low / Normal Baseline Monitoring,#22c55e,Routine baseline monitoring. Safe terrain condition.
CELL_MEG_2630,25.16279,91.97744,3,East Khasi Block,1298.0,18.9,0.0678,0.6284,0.0426,Level 1: Green,Low / Normal Baseline Monitoring,#22c55e,Routine baseline monitoring. Safe terrain condition.
CELL_MEG_2631,25.49027,90.69868,1,Garo Hills Block,175.1,21.9,0.036,0.6284,0.0226,Level 1: Green,Low / Normal Baseline Monitoring,#22c55e,Routine baseline monitoring. Safe terrain condition.
CELL_MEG_2632,25.07402,91.28611,2,West Khasi Block,854.8,24.2,0.0184,0.6284,0.0116,Level 1: Green,Low / Normal Baseline Monitoring,#22c55e,Routine baseline monitoring. Safe terrain condition.
CELL_MEG_2633,25.40387,90.56712,1,Garo Hills Block,58.7,31.3,0.0144,0.6284,0.0091,Level 1: Green,Low / Normal Baseline Monitoring,#22c55e,Routine baseline monitoring. Safe terrain condition.
CELL_MEG_2634,25.77024,92.14693,4,Ri-Bhoi Block,1359.5,24.2,0.0383,0.6284,0.0241,Level 1: Green,Low / Normal Baseline Monitoring,#22c55e,Routine baseline monitoring. Safe terrain condition.
CELL_MEG_2635,25.28437,89.95082,1,Garo Hills Block,40.9,21.7,0.0087,0.6284,0.0055,Level 1: Green,Low / Normal Baseline Monitoring,#22c55e,Routine baseline monitoring. Safe terrain condition.
CELL_MEG_2636,25.93665,89.83038,1,Garo Hills Block,25.0,25.3,0.004,0.6284,0.0025,Level 1: Green,Low / Normal Baseline Monitoring,#22c55e,Routine baseline monitoring. Safe terrain condition.
CELL_MEG_2637,26.03208,91.71424,4,Ri-Bhoi Block,1077.0,24.4,0.0231,0.6284,0.0145,Level 1: Green,Low / Normal Baseline Monitoring,#22c55e,Routine baseline monitoring. Safe terrain condition.
CELL_MEG_2638,25.36759,90.55176,1,Garo Hills Block,37.1,24.4,0.0167,0.6284,0.0105,Level 1: Green,Low / Normal Baseline Monitoring,#22c55e,Routine baseline monitoring. Safe terrain condition.
CELL_MEG_2639,25.02973,90.51819,1,Garo Hills Block,25.0,31.1,0.0147,0.6284,0.0092,Level 1: Green,Low / Normal Baseline Monitoring,#22c55e,Routine baseline monitoring. Safe terrain condition.
CELL_MEG_2640,25.16875,91.66711,3,East Khasi Block,1251.0,25.3,0.0222,0.6284,0.0139,Level 1: Green,Low / Normal Baseline Monitoring,#22c55e,Routine baseline monitoring. Safe terrain condition.
CELL_MEG_2641,25.19987,91.41232,2,West Khasi Block,1113.8,30.0,0.0142,0.6284,0.0089,Level 1: Green,Low / Normal Baseline Monitoring,#22c55e,Routine baseline monitoring. Safe terrain condition.
CELL_MEG_2642,25.65733,90.70903,1,Garo Hills Block,210.4,26.0,0.0148,0.6284,0.0093,Level 1: Green,Low / Normal Baseline Monitoring,#22c55e,Routine baseline monitoring. Safe terrain condition.
CELL_MEG_2643,25.05787,89.91362,1,Garo Hills Block,25.0,24.1,0.0102,0.6284,0.0064,Level 1: Green,Low / Normal Baseline Monitoring,#22c55e,Routine baseline monitoring. Safe terrain condition.
CELL_MEG_2644,25.04846,92.05433,5,Jaintia Hills Block,1022.7,26.3,0.0162,0.6284,0.0102,Level 1: Green,Low / Normal Baseline Monitoring,#22c55e,Routine baseline monitoring. Safe terrain condition.
CELL_MEG_2645,25.36345,92.22872,5,Jaintia Hills Block,1372.2,19.0,0.1098,0.6284,0.069,Level 1: Green,Low / Normal Baseline Monitoring,#22c55e,Routine baseline monitoring. Safe terrain condition.
CELL_MEG_2646,25.48627,91.18164,2,West Khasi Block,872.0,26.1,0.0597,0.6284,0.0375,Level 1: Green,Low / Normal Baseline Monitoring,#22c55e,Routine baseline monitoring. Safe terrain condition.
CELL_MEG_2647,25.57391,91.97475,3,East Khasi Block,1717.6,18.2,0.1482,0.6284,0.0932,Level 1: Green,Low / Normal Baseline Monitoring,#22c55e,Routine baseline monitoring. Safe terrain condition.
CELL_MEG_2648,25.31538,90.17084,1,Garo Hills Block,25.0,16.4,0.017,0.6284,0.0107,Level 1: Green,Low / Normal Baseline Monitoring,#22c55e,Routine baseline monitoring. Safe terrain condition.
CELL_MEG_2649,25.62054,90.79728,1,Garo Hills Block,303.5,30.0,0.0165,0.6284,0.0104,Level 1: Green,Low / Normal Baseline Monitoring,#22c55e,Routine baseline monitoring. Safe terrain condition.
CELL_MEG_2650,25.49789,91.77319,3,East Khasi Block,1735.4,20.5,0.0724,0.6284,0.0455,Level 1: Green,Low / Normal Baseline Monitoring,#22c55e,Routine baseline monitoring. Safe terrain condition.
CELL_MEG_2651,25.55366,91.69185,3,East Khasi Block,1633.8,19.4,0.2516,0.6284,0.1581,Level 3: Orange,Warning / Heightened Hazard Alert,#f97316,Heightened warning. Travel caution and heavy transport limits.
CELL_MEG_2652,25.60774,92.05638,5,Jaintia Hills Block,1583.9,22.2,0.2319,0.6284,0.1457,Level 2: Yellow,Advisory / Early Warning Watch,#eab308,Advisory notice. Maintenance standby and slope drainage watch.
CELL_MEG_2653,25.78241,91.42928,4,Ri-Bhoi Block,1174.7,20.7,0.0291,0.6284,0.0183,Level 1: Green,Low / Normal Baseline Monitoring,#22c55e,Routine baseline monitoring. Safe terrain condition.
CELL_MEG_2654,25.75322,92.46436,4,Ri-Bhoi Block,989.7,21.1,0.04,0.6284,0.0251,Level 1: Green,Low / Normal Baseline Monitoring,#22c55e,Routine baseline monitoring. Safe terrain condition.
CELL_MEG_2655,25.48685,91.05893,2,West Khasi Block,732.8,29.3,0.0157,0.6284,0.0099,Level 1: Green,Low / Normal Baseline Monitoring,#22c55e,Routine baseline monitoring. Safe terrain condition.
CELL_MEG_2656,25.84539,91.57679,4,Ri-Bhoi Block,1172.9,31.4,0.0223,0.6284,0.014,Level 1: Green,Low / Normal Baseline Monitoring,#22c55e,Routine baseline monitoring. Safe terrain condition.
CELL_MEG_2657,25.09669,92.52094,5,Jaintia Hills Block,807.0,18.1,0.0566,0.6284,0.0356,Level 1: Green,Low / Normal Baseline Monitoring,#22c55e,Routine baseline monitoring. Safe terrain condition.
CELL_MEG_2658,25.05325,92.08261,5,Jaintia Hills Block,1032.8,28.7,0.0276,0.6284,0.0173,Level 1: Green,Low / Normal Baseline Monitoring,#22c55e,Routine baseline monitoring. Safe terrain condition.
CELL_MEG_2659,25.8395,92.70699,4,Ri-Bhoi Block,693.5,33.0,0.0168,0.6284,0.0106,Level 1: Green,Low / Normal Baseline Monitoring,#22c55e,Routine baseline monitoring. Safe terrain condition.
CELL_MEG_2660,25.07847,91.62041,3,East Khasi Block,1145.5,30.2,0.0277,0.6284,0.0174,Level 1: Green,Low / Normal Baseline Monitoring,#22c55e,Routine baseline monitoring. Safe terrain condition.
CELL_MEG_2661,25.11754,91.5161,2,West Khasi Block,1067.3,15.0,0.0474,0.6284,0.0298,Level 1: Green,Low / Normal Baseline Monitoring,#22c55e,Routine baseline monitoring. Safe terrain condition.
CELL_MEG_2662,25.53736,90.11889,1,Garo Hills Block,96.6,20.2,0.0066,0.6284,0.0042,Level 1: Green,Low / Normal Baseline Monitoring,#22c55e,Routine baseline monitoring. Safe terrain condition.
CELL_MEG_2663,25.68149,92.05076,4,Ri-Bhoi Block,1463.4,25.5,0.0288,0.6284,0.0181,Level 1: Green,Low / Normal Baseline Monitoring,#22c55e,Routine baseline monitoring. Safe terrain condition.
CELL_MEG_2664,25.84866,92.56139,4,Ri-Bhoi Block,752.0,25.6,0.2492,0.6284,0.1566,Level 3: Orange,Warning / Heightened Hazard Alert,#f97316,Heightened warning. Travel caution and heavy transport limits.
CELL_MEG_2665,25.46223,92.70687,5,Jaintia Hills Block,707.1,34.1,0.0674,0.6284,0.0424,Level 1: Green,Low / Normal Baseline Monitoring,#22c55e,Routine baseline monitoring. Safe terrain condition.
CELL_MEG_2666,25.95466,90.70433,1,Garo Hills Block,119.6,14.8,0.0822,0.6284,0.0516,Level 1: Green,Low / Normal Baseline Monitoring,#22c55e,Routine baseline monitoring. Safe terrain condition.
CELL_MEG_2667,25.19203,91.12794,2,West Khasi Block,755.4,30.6,0.0206,0.6284,0.0129,Level 1: Green,Low / Normal Baseline Monitoring,#22c55e,Routine baseline monitoring. Safe terrain condition.
CELL_MEG_2668,25.45405,91.55594,2,West Khasi Block,1365.8,29.9,0.0199,0.6284,0.0125,Level 1: Green,Low / Normal Baseline Monitoring,#22c55e,Routine baseline monitoring. Safe terrain condition.
CELL_MEG_2669,25.65006,92.08746,4,Ri-Bhoi Block,1479.2,30.8,0.0221,0.6284,0.0139,Level 1: Green,Low / Normal Baseline Monitoring,#22c55e,Routine baseline monitoring. Safe terrain condition.
CELL_MEG_2670,25.57068,90.11971,1,Garo Hills Block,78.5,20.5,0.0221,0.6284,0.0139,Level 1: Green,Low / Normal Baseline Monitoring,#22c55e,Routine baseline monitoring. Safe terrain condition.
CELL_MEG_2671,25.94695,90.74478,1,Garo Hills Block,139.2,16.8,0.0272,0.6284,0.0171,Level 1: Green,Low / Normal Baseline Monitoring,#22c55e,Routine baseline monitoring. Safe terrain condition.
CELL_MEG_2672,26.069,90.15947,1,Garo Hills Block,34.5,27.2,0.013,0.6284,0.0082,Level 1: Green,Low / Normal Baseline Monitoring,#22c55e,Routine baseline monitoring. Safe terrain condition.
CELL_MEG_2673,26.05491,90.07759,1,Garo Hills Block,50.1,34.4,0.0147,0.6284,0.0092,Level 1: Green,Low / Normal Baseline Monitoring,#22c55e,Routine baseline monitoring. Safe terrain condition.
CELL_MEG_2674,25.26952,89.94207,1,Garo Hills Block,35.7,23.7,0.0115,0.6284,0.0072,Level 1: Green,Low / Normal Baseline Monitoring,#22c55e,Routine baseline monitoring. Safe terrain condition.
CELL_MEG_2675,25.78152,92.39341,4,Ri-Bhoi Block,1089.2,24.4,0.0365,0.6284,0.0229,Level 1: Green,Low / Normal Baseline Monitoring,#22c55e,Routine baseline monitoring. Safe terrain condition.
CELL_MEG_2676,25.4888,92.63199,5,Jaintia Hills Block,833.0,29.2,0.0434,0.6284,0.0273,Level 1: Green,Low / Normal Baseline Monitoring,#22c55e,Routine baseline monitoring. Safe terrain condition.
CELL_MEG_2677,25.65752,91.72152,4,Ri-Bhoi Block,1509.8,28.1,0.0314,0.6284,0.0197,Level 1: Green,Low / Normal Baseline Monitoring,#22c55e,Routine baseline monitoring. Safe terrain condition.
CELL_MEG_2678,25.93305,90.70524,1,Garo Hills Block,124.2,17.5,0.0325,0.6284,0.0205,Level 1: Green,Low / Normal Baseline Monitoring,#22c55e,Routine baseline monitoring. Safe terrain condition.
CELL_MEG_2679,25.40261,92.56315,5,Jaintia Hills Block,914.3,21.9,0.0298,0.6284,0.0187,Level 1: Green,Low / Normal Baseline Monitoring,#22c55e,Routine baseline monitoring. Safe terrain condition.
CELL_MEG_2680,25.99304,92.77827,4,Ri-Bhoi Block,485.0,16.5,0.0385,0.6284,0.0242,Level 1: Green,Low / Normal Baseline Monitoring,#22c55e,Routine baseline monitoring. Safe terrain condition.
CELL_MEG_2681,25.99398,90.18849,1,Garo Hills Block,25.0,15.4,0.0349,0.6284,0.0219,Level 1: Green,Low / Normal Baseline Monitoring,#22c55e,Routine baseline monitoring. Safe terrain condition.
CELL_MEG_2682,25.90962,91.05001,4,Ri-Bhoi Block,589.9,27.6,0.0247,0.6284,0.0155,Level 1: Green,Low / Normal Baseline Monitoring,#22c55e,Routine baseline monitoring. Safe terrain condition.
CELL_MEG_2683,26.09006,91.24046,4,Ri-Bhoi Block,655.8,25.4,0.0304,0.6284,0.0191,Level 1: Green,Low / Normal Baseline Monitoring,#22c55e,Routine baseline monitoring. Safe terrain condition.
CELL_MEG_2684,25.61814,91.41581,2,West Khasi Block,1169.5,29.5,0.022,0.6284,0.0138,Level 1: Green,Low / Normal Baseline Monitoring,#22c55e,Routine baseline monitoring. Safe terrain condition.
CELL_MEG_2685,25.36748,90.02882,1,Garo Hills Block,121.8,24.4,0.0246,0.6284,0.0155,Level 1: Green,Low / Normal Baseline Monitoring,#22c55e,Routine baseline monitoring. Safe terrain condition.
CELL_MEG_2686,25.9873,92.24816,4,Ri-Bhoi Block,1104.9,16.5,0.0326,0.6284,0.0205,Level 1: Green,Low / Normal Baseline Monitoring,#22c55e,Routine baseline monitoring. Safe terrain condition.
CELL_MEG_2687,25.17069,92.16914,5,Jaintia Hills Block,1138.8,27.1,0.0349,0.6284,0.0219,Level 1: Green,Low / Normal Baseline Monitoring,#22c55e,Routine baseline monitoring. Safe terrain condition.
CELL_MEG_2688,25.69591,91.04789,4,Ri-Bhoi Block,635.0,28.1,0.0226,0.6284,0.0142,Level 1: Green,Low / Normal Baseline Monitoring,#22c55e,Routine baseline monitoring. Safe terrain condition.
CELL_MEG_2689,25.29434,92.42217,5,Jaintia Hills Block,1007.9,29.1,0.0453,0.6284,0.0284,Level 1: Green,Low / Normal Baseline Monitoring,#22c55e,Routine baseline monitoring. Safe terrain condition.
CELL_MEG_2690,25.7762,91.47061,4,Ri-Bhoi Block,1208.8,15.7,0.0488,0.6284,0.0306,Level 1: Green,Low / Normal Baseline Monitoring,#22c55e,Routine baseline monitoring. Safe terrain condition.
CELL_MEG_2691,25.67833,90.07775,1,Garo Hills Block,57.5,34.2,0.0317,0.6284,0.0199,Level 1: Green,Low / Normal Baseline Monitoring,#22c55e,Routine baseline monitoring. Safe terrain condition.
CELL_MEG_2692,25.53183,90.39079,1,Garo Hills Block,30.7,19.5,0.0382,0.6284,0.024,Level 1: Green,Low / Normal Baseline Monitoring,#22c55e,Routine baseline monitoring. Safe terrain condition.
CELL_MEG_2693,25.24505,91.81698,3,East Khasi Block,1408.8,29.8,0.0349,0.6284,0.0219,Level 1: Green,Low / Normal Baseline Monitoring,#22c55e,Routine baseline monitoring. Safe terrain condition.
CELL_MEG_2694,26.00416,91.03146,4,Ri-Bhoi Block,496.2,20.7,0.0335,0.6284,0.0211,Level 1: Green,Low / Normal Baseline Monitoring,#22c55e,Routine baseline monitoring. Safe terrain condition.
CELL_MEG_2695,25.24437,91.77868,3,East Khasi Block,1441.8,26.3,0.0334,0.6284,0.021,Level 1: Green,Low / Normal Baseline Monitoring,#22c55e,Routine baseline monitoring. Safe terrain condition.
CELL_MEG_2696,25.96088,92.08237,4,Ri-Bhoi Block,1158.7,18.6,0.027,0.6284,0.0169,Level 1: Green,Low / Normal Baseline Monitoring,#22c55e,Routine baseline monitoring. Safe terrain condition.
CELL_MEG_2697,25.95826,91.43649,4,Ri-Bhoi Block,948.1,19.0,0.0286,0.6284,0.018,Level 1: Green,Low / Normal Baseline Monitoring,#22c55e,Routine baseline monitoring. Safe terrain condition.
CELL_MEG_2698,25.83203,90.2272,1,Garo Hills Block,69.9,25.1,0.0166,0.6284,0.0104,Level 1: Green,Low / Normal Baseline Monitoring,#22c55e,Routine baseline monitoring. Safe terrain condition.
CELL_MEG_2699,25.39614,90.98812,1,Garo Hills Block,634.2,20.5,0.054,0.6284,0.0339,Level 1: Green,Low / Normal Baseline Monitoring,#22c55e,Routine baseline monitoring. Safe terrain condition.
CELL_MEG_2700,25.5722,92.63368,5,Jaintia Hills Block,827.1,22.6,0.1319,0.6284,0.0829,Level 1: Green,Low / Normal Baseline Monitoring,#22c55e,Routine baseline monitoring. Safe terrain condition.
CELL_MEG_2701,25.96424,90.2103,1,Garo Hills Block,25.0,14.7,0.136,0.6284,0.0854,Level 1: Green,Low / Normal Baseline Monitoring,#22c55e,Routine baseline monitoring. Safe terrain condition.
CELL_MEG_2702,25.20661,90.8908,1,Garo Hills Block,350.7,30.8,0.0116,0.6284,0.0073,Level 1: Green,Low / Normal Baseline Monitoring,#22c55e,Routine baseline monitoring. Safe terrain condition.
CELL_MEG_2703,25.995,92.73499,4,Ri-Bhoi Block,466.7,21.4,0.0341,0.6284,0.0214,Level 1: Green,Low / Normal Baseline Monitoring,#22c55e,Routine baseline monitoring. Safe terrain condition.
CELL_MEG_2704,25.72589,92.35639,4,Ri-Bhoi Block,1084.5,22.8,0.0455,0.6284,0.0286,Level 1: Green,Low / Normal Baseline Monitoring,#22c55e,Routine baseline monitoring. Safe terrain condition.
CELL_MEG_2705,25.58722,90.4354,1,Garo Hills Block,63.5,17.5,0.0208,0.6284,0.0131,Level 1: Green,Low / Normal Baseline Monitoring,#22c55e,Routine baseline monitoring. Safe terrain condition.
CELL_MEG_2706,25.58666,91.493,2,West Khasi Block,1309.2,17.1,0.0547,0.6284,0.0344,Level 1: Green,Low / Normal Baseline Monitoring,#22c55e,Routine baseline monitoring. Safe terrain condition.
CELL_MEG_2707,25.82185,90.47064,1,Garo Hills Block,123.9,22.0,0.0353,0.6284,0.0222,Level 1: Green,Low / Normal Baseline Monitoring,#22c55e,Routine baseline monitoring. Safe terrain condition.
CELL_MEG_2708,25.41777,90.91028,1,Garo Hills Block,513.2,28.8,0.0404,0.6284,0.0254,Level 1: Green,Low / Normal Baseline Monitoring,#22c55e,Routine baseline monitoring. Safe terrain condition.
CELL_MEG_2709,26.05619,91.15403,4,Ri-Bhoi Block,592.8,32.1,0.0205,0.6284,0.0129,Level 1: Green,Low / Normal Baseline Monitoring,#22c55e,Routine baseline monitoring. Safe terrain condition.
CELL_MEG_2710,25.8355,92.08997,4,Ri-Bhoi Block,1411.2,28.9,0.0205,0.6284,0.0129,Level 1: Green,Low / Normal Baseline Monitoring,#22c55e,Routine baseline monitoring. Safe terrain condition.
CELL_MEG_2711,25.30679,91.5442,2,West Khasi Block,1291.8,19.8,0.018,0.6284,0.0113,Level 1: Green,Low / Normal Baseline Monitoring,#22c55e,Routine baseline monitoring. Safe terrain condition.
CELL_MEG_2712,25.98585,91.24935,4,Ri-Bhoi Block,856.6,14.8,0.0239,0.6284,0.015,Level 1: Green,Low / Normal Baseline Monitoring,#22c55e,Routine baseline monitoring. Safe terrain condition.
CELL_MEG_2713,26.04073,90.4541,1,Garo Hills Block,25.0,23.1,0.0128,0.6284,0.008,Level 1: Green,Low / Normal Baseline Monitoring,#22c55e,Routine baseline monitoring. Safe terrain condition.
CELL_MEG_2714,25.10009,92.51893,5,Jaintia Hills Block,807.6,17.7,0.0585,0.6284,0.0367,Level 1: Green,Low / Normal Baseline Monitoring,#22c55e,Routine baseline monitoring. Safe terrain condition.
CELL_MEG_2715,25.9355,92.8274,4,Ri-Bhoi Block,446.7,17.6,0.048,0.6284,0.0302,Level 1: Green,Low / Normal Baseline Monitoring,#22c55e,Routine baseline monitoring. Safe terrain condition.
CELL_MEG_2716,25.75374,92.6569,4,Ri-Bhoi Block,714.2,23.6,0.0527,0.6284,0.0331,Level 1: Green,Low / Normal Baseline Monitoring,#22c55e,Routine baseline monitoring. Safe terrain condition.
CELL_MEG_2717,25.91311,92.3755,4,Ri-Bhoi Block,998.2,28.8,0.0158,0.6284,0.0099,Level 1: Green,Low / Normal Baseline Monitoring,#22c55e,Routine baseline monitoring. Safe terrain condition.
CELL_MEG_2718,25.63467,90.96621,1,Garo Hills Block,611.3,24.9,0.0257,0.6284,0.0162,Level 1: Green,Low / Normal Baseline Monitoring,#22c55e,Routine baseline monitoring. Safe terrain condition.
CELL_MEG_2719,26.02932,91.11796,4,Ri-Bhoi Block,524.0,31.0,0.0234,0.6284,0.0147,Level 1: Green,Low / Normal Baseline Monitoring,#22c55e,Routine baseline monitoring. Safe terrain condition.
CELL_MEG_2720,25.60193,91.16065,2,West Khasi Block,841.9,25.9,0.0523,0.6284,0.0329,Level 1: Green,Low / Normal Baseline Monitoring,#22c55e,Routine baseline monitoring. Safe terrain condition.
CELL_MEG_2721,25.63,91.23504,2,West Khasi Block,975.9,24.2,0.1048,0.6284,0.0659,Level 1: Green,Low / Normal Baseline Monitoring,#22c55e,Routine baseline monitoring. Safe terrain condition.
CELL_MEG_2722,25.07181,92.49025,5,Jaintia Hills Block,830.8,25.4,0.0736,0.6284,0.0462,Level 1: Green,Low / Normal Baseline Monitoring,#22c55e,Routine baseline monitoring. Safe terrain condition.
CELL_MEG_2723,25.49995,91.59628,2,West Khasi Block,1377.7,28.4,0.0311,0.6284,0.0195,Level 1: Green,Low / Normal Baseline Monitoring,#22c55e,Routine baseline monitoring. Safe terrain condition.
CELL_MEG_2724,25.17032,89.81033,1,Garo Hills Block,86.1,27.2,0.0175,0.6284,0.011,Level 1: Green,Low / Normal Baseline Monitoring,#22c55e,Routine baseline monitoring. Safe terrain condition.
CELL_MEG_2725,25.28491,91.94899,3,East Khasi Block,1463.1,26.8,0.0459,0.6284,0.0288,Level 1: Green,Low / Normal Baseline Monitoring,#22c55e,Routine baseline monitoring. Safe terrain condition.
CELL_MEG_2726,25.12713,92.57211,5,Jaintia Hills Block,719.3,15.0,0.054,0.6284,0.0339,Level 1: Green,Low / Normal Baseline Monitoring,#22c55e,Routine baseline monitoring. Safe terrain condition.
CELL_MEG_2727,25.25222,90.42401,1,Garo Hills Block,72.5,26.5,0.0179,0.6284,0.0113,Level 1: Green,Low / Normal Baseline Monitoring,#22c55e,Routine baseline monitoring. Safe terrain condition.
CELL_MEG_2728,25.21603,89.84264,1,Garo Hills Block,128.8,32.1,0.0138,0.6284,0.0087,Level 1: Green,Low / Normal Baseline Monitoring,#22c55e,Routine baseline monitoring. Safe terrain condition.
CELL_MEG_2729,25.85355,92.46886,4,Ri-Bhoi Block,879.8,32.0,0.0084,0.6284,0.0053,Level 1: Green,Low / Normal Baseline Monitoring,#22c55e,Routine baseline monitoring. Safe terrain condition.
CELL_MEG_2730,25.6833,90.37401,1,Garo Hills Block,86.2,30.6,0.0226,0.6284,0.0142,Level 1: Green,Low / Normal Baseline Monitoring,#22c55e,Routine baseline monitoring. Safe terrain condition.
CELL_MEG_2731,25.3281,91.25158,2,West Khasi Block,974.3,14.8,0.0594,0.6284,0.0373,Level 1: Green,Low / Normal Baseline Monitoring,#22c55e,Routine baseline monitoring. Safe terrain condition.
CELL_MEG_2732,26.05069,90.55442,1,Garo Hills Block,43.4,33.4,0.0152,0.6284,0.0096,Level 1: Green,Low / Normal Baseline Monitoring,#22c55e,Routine baseline monitoring. Safe terrain condition.
CELL_MEG_2733,25.81018,91.14032,4,Ri-Bhoi Block,807.1,27.8,0.0141,0.6284,0.0089,Level 1: Green,Low / Normal Baseline Monitoring,#22c55e,Routine baseline monitoring. Safe terrain condition.
CELL_MEG_2734,25.34167,91.19054,2,West Khasi Block,850.1,16.8,0.0316,0.6284,0.0198,Level 1: Green,Low / Normal Baseline Monitoring,#22c55e,Routine baseline monitoring. Safe terrain condition.
CELL_MEG_2735,25.0969,92.236,5,Jaintia Hills Block,1089.2,20.1,0.0653,0.6284,0.041,Level 1: Green,Low / Normal Baseline Monitoring,#22c55e,Routine baseline monitoring. Safe terrain condition.
CELL_MEG_2736,25.28277,92.01251,5,Jaintia Hills Block,1441.4,21.4,0.0553,0.6284,0.0347,Level 1: Green,Low / Normal Baseline Monitoring,#22c55e,Routine baseline monitoring. Safe terrain condition.
CELL_MEG_2737,25.09382,92.71305,5,Jaintia Hills Block,475.5,25.9,0.0354,0.6284,0.0223,Level 1: Green,Low / Normal Baseline Monitoring,#22c55e,Routine baseline monitoring. Safe terrain condition.
CELL_MEG_2738,25.22846,92.49236,5,Jaintia Hills Block,813.5,29.4,0.025,0.6284,0.0157,Level 1: Green,Low / Normal Baseline Monitoring,#22c55e,Routine baseline monitoring. Safe terrain condition.
CELL_MEG_2739,25.89423,92.75197,4,Ri-Bhoi Block,540.3,27.8,0.0105,0.6284,0.0066,Level 1: Green,Low / Normal Baseline Monitoring,#22c55e,Routine baseline monitoring. Safe terrain condition.
CELL_MEG_2740,25.53612,92.01856,5,Jaintia Hills Block,1723.5,14.7,0.2194,0.6284,0.1379,Level 2: Yellow,Advisory / Early Warning Watch,#eab308,Advisory notice. Maintenance standby and slope drainage watch.
CELL_MEG_2741,25.42037,90.36232,1,Garo Hills Block,74.0,31.9,0.0109,0.6284,0.0069,Level 1: Green,Low / Normal Baseline Monitoring,#22c55e,Routine baseline monitoring. Safe terrain condition.
CELL_MEG_2742,25.49852,90.30553,1,Garo Hills Block,25.0,29.8,0.022,0.6284,0.0138,Level 1: Green,Low / Normal Baseline Monitoring,#22c55e,Routine baseline monitoring. Safe terrain condition.
CELL_MEG_2743,26.08061,90.09355,1,Garo Hills Block,46.5,34.3,0.027,0.6284,0.017,Level 1: Green,Low / Normal Baseline Monitoring,#22c55e,Routine baseline monitoring. Safe terrain condition.
CELL_MEG_2744,25.65635,91.71071,4,Ri-Bhoi Block,1504.7,29.2,0.0315,0.6284,0.0198,Level 1: Green,Low / Normal Baseline Monitoring,#22c55e,Routine baseline monitoring. Safe terrain condition.
CELL_MEG_2745,25.60113,91.81967,3,East Khasi Block,1738.7,23.7,0.0571,0.6284,0.0359,Level 1: Green,Low / Normal Baseline Monitoring,#22c55e,Routine baseline monitoring. Safe terrain condition.
CELL_MEG_2746,25.14548,91.49281,2,West Khasi Block,1068.7,14.5,0.0332,0.6284,0.0209,Level 1: Green,Low / Normal Baseline Monitoring,#22c55e,Routine baseline monitoring. Safe terrain condition.
CELL_MEG_2747,25.33019,92.66754,5,Jaintia Hills Block,645.0,24.3,0.0458,0.6284,0.0288,Level 1: Green,Low / Normal Baseline Monitoring,#22c55e,Routine baseline monitoring. Safe terrain condition.
CELL_MEG_2748,25.84304,92.76617,4,Ri-Bhoi Block,525.4,27.0,0.0195,0.6284,0.0123,Level 1: Green,Low / Normal Baseline Monitoring,#22c55e,Routine baseline monitoring. Safe terrain condition.
CELL_MEG_2749,25.06056,90.66966,1,Garo Hills Block,109.8,25.9,0.0202,0.6284,0.0127,Level 1: Green,Low / Normal Baseline Monitoring,#22c55e,Routine baseline monitoring. Safe terrain condition.
CELL_MEG_2750,25.23106,89.83402,1,Garo Hills Block,119.7,34.1,0.0129,0.6284,0.0081,Level 1: Green,Low / Normal Baseline Monitoring,#22c55e,Routine baseline monitoring. Safe terrain condition.
CELL_MEG_2751,25.26958,91.35246,2,West Khasi Block,1020.7,33.1,0.0173,0.6284,0.0109,Level 1: Green,Low / Normal Baseline Monitoring,#22c55e,Routine baseline monitoring. Safe terrain condition.
CELL_MEG_2752,25.97884,91.91596,4,Ri-Bhoi Block,1317.9,23.4,0.0447,0.6284,0.0281,Level 1: Green,Low / Normal Baseline Monitoring,#22c55e,Routine baseline monitoring. Safe terrain condition.
CELL_MEG_2753,25.4462,90.93603,1,Garo Hills Block,521.6,28.1,0.0612,0.6284,0.0385,Level 1: Green,Low / Normal Baseline Monitoring,#22c55e,Routine baseline monitoring. Safe terrain condition.
CELL_MEG_2754,25.51219,90.33998,1,Garo Hills Block,25.0,27.2,0.0085,0.6284,0.0053,Level 1: Green,Low / Normal Baseline Monitoring,#22c55e,Routine baseline monitoring. Safe terrain condition.
CELL_MEG_2755,25.70472,90.91067,1,Garo Hills Block,530.9,25.6,0.0243,0.6284,0.0152,Level 1: Green,Low / Normal Baseline Monitoring,#22c55e,Routine baseline monitoring. Safe terrain condition.
CELL_MEG_2756,25.94055,92.10749,4,Ri-Bhoi Block,1203.1,23.5,0.0384,0.6284,0.0241,Level 1: Green,Low / Normal Baseline Monitoring,#22c55e,Routine baseline monitoring. Safe terrain condition.
CELL_MEG_2757,25.67935,90.91082,1,Garo Hills Block,542.3,29.5,0.0393,0.6284,0.0247,Level 1: Green,Low / Normal Baseline Monitoring,#22c55e,Routine baseline monitoring. Safe terrain condition.
CELL_MEG_2758,25.24673,92.16726,5,Jaintia Hills Block,1218.8,35.5,0.0553,0.6284,0.0348,Level 1: Green,Low / Normal Baseline Monitoring,#22c55e,Routine baseline monitoring. Safe terrain condition.
CELL_MEG_2759,25.54532,90.48549,1,Garo Hills Block,122.5,15.7,0.0309,0.6284,0.0194,Level 1: Green,Low / Normal Baseline Monitoring,#22c55e,Routine baseline monitoring. Safe terrain condition.
CELL_MEG_2760,25.23079,90.30447,1,Garo Hills Block,25.0,35.5,0.0186,0.6284,0.0117,Level 1: Green,Low / Normal Baseline Monitoring,#22c55e,Routine baseline monitoring. Safe terrain condition.
CELL_MEG_2761,25.85933,90.49841,1,Garo Hills Block,116.9,28.7,0.0056,0.6284,0.0035,Level 1: Green,Low / Normal Baseline Monitoring,#22c55e,Routine baseline monitoring. Safe terrain condition.
CELL_MEG_2762,25.64598,92.47532,5,Jaintia Hills Block,1045.5,31.4,0.0563,0.6284,0.0354,Level 1: Green,Low / Normal Baseline Monitoring,#22c55e,Routine baseline monitoring. Safe terrain condition.
CELL_MEG_2763,25.95717,91.17578,4,Ri-Bhoi Block,700.5,19.0,0.0371,0.6284,0.0233,Level 1: Green,Low / Normal Baseline Monitoring,#22c55e,Routine baseline monitoring. Safe terrain condition.
CELL_MEG_2764,25.0366,91.10065,2,West Khasi Block,464.1,35.8,0.029,0.6284,0.0182,Level 1: Green,Low / Normal Baseline Monitoring,#22c55e,Routine baseline monitoring. Safe terrain condition.
CELL_MEG_2765,25.67469,91.50118,4,Ri-Bhoi Block,1295.5,25.1,0.038,0.6284,0.0239,Level 1: Green,Low / Normal Baseline Monitoring,#22c55e,Routine baseline monitoring. Safe terrain condition.
CELL_MEG_2766,25.72344,90.26993,1,Garo Hills Block,75.5,24.1,0.0323,0.6284,0.0203,Level 1: Green,Low / Normal Baseline Monitoring,#22c55e,Routine baseline monitoring. Safe terrain condition.
CELL_MEG_2767,25.71826,90.35709,1,Garo Hills Block,93.0,26.5,0.0284,0.6284,0.0178,Level 1: Green,Low / Normal Baseline Monitoring,#22c55e,Routine baseline monitoring. Safe terrain condition.
CELL_MEG_2768,25.83057,90.83422,1,Garo Hills Block,389.7,32.8,0.0304,0.6284,0.0191,Level 1: Green,Low / Normal Baseline Monitoring,#22c55e,Routine baseline monitoring. Safe terrain condition.
CELL_MEG_2769,25.78669,89.94599,1,Garo Hills Block,30.4,16.1,0.0207,0.6284,0.013,Level 1: Green,Low / Normal Baseline Monitoring,#22c55e,Routine baseline monitoring. Safe terrain condition.
CELL_MEG_2770,25.46049,91.95036,3,East Khasi Block,1681.8,31.3,0.0893,0.6284,0.0561,Level 1: Green,Low / Normal Baseline Monitoring,#22c55e,Routine baseline monitoring. Safe terrain condition.
CELL_MEG_2771,25.26502,92.22562,5,Jaintia Hills Block,1185.5,28.2,0.0251,0.6284,0.0158,Level 1: Green,Low / Normal Baseline Monitoring,#22c55e,Routine baseline monitoring. Safe terrain condition.
CELL_MEG_2772,25.40183,91.27148,2,West Khasi Block,1038.9,22.9,0.0214,0.6284,0.0135,Level 1: Green,Low / Normal Baseline Monitoring,#22c55e,Routine baseline monitoring. Safe terrain condition.
CELL_MEG_2773,25.66514,91.24101,4,Ri-Bhoi Block,1013.1,25.8,0.0526,0.6284,0.033,Level 1: Green,Low / Normal Baseline Monitoring,#22c55e,Routine baseline monitoring. Safe terrain condition.
CELL_MEG_2774,25.77418,91.12278,4,Ri-Bhoi Block,765.2,24.1,0.0226,0.6284,0.0142,Level 1: Green,Low / Normal Baseline Monitoring,#22c55e,Routine baseline monitoring. Safe terrain condition.
CELL_MEG_2775,25.23845,90.4525,1,Garo Hills Block,108.6,26.0,0.0152,0.6284,0.0096,Level 1: Green,Low / Normal Baseline Monitoring,#22c55e,Routine baseline monitoring. Safe terrain condition.
CELL_MEG_2776,25.02627,90.71792,1,Garo Hills Block,59.1,26.0,0.0124,0.6284,0.0078,Level 1: Green,Low / Normal Baseline Monitoring,#22c55e,Routine baseline monitoring. Safe terrain condition.
CELL_MEG_2777,25.82883,92.2222,4,Ri-Bhoi Block,1153.4,27.3,0.018,0.6284,0.0113,Level 1: Green,Low / Normal Baseline Monitoring,#22c55e,Routine baseline monitoring. Safe terrain condition.
CELL_MEG_2778,25.23867,92.72508,5,Jaintia Hills Block,630.6,33.0,0.0224,0.6284,0.0141,Level 1: Green,Low / Normal Baseline Monitoring,#22c55e,Routine baseline monitoring. Safe terrain condition.
CELL_MEG_2779,25.5626,92.59678,5,Jaintia Hills Block,844.3,17.6,0.1939,0.6284,0.1219,Level 2: Yellow,Advisory / Early Warning Watch,#eab308,Advisory notice. Maintenance standby and slope drainage watch.
CELL_MEG_2780,25.78331,92.00342,4,Ri-Bhoi Block,1503.1,15.8,0.0321,0.6284,0.0202,Level 1: Green,Low / Normal Baseline Monitoring,#22c55e,Routine baseline monitoring. Safe terrain condition.
CELL_MEG_2781,25.11185,90.47097,1,Garo Hills Block,25.0,15.7,0.0272,0.6284,0.0171,Level 1: Green,Low / Normal Baseline Monitoring,#22c55e,Routine baseline monitoring. Safe terrain condition.
CELL_MEG_2782,25.02952,91.98419,3,East Khasi Block,1086.1,28.0,0.0169,0.6284,0.0106,Level 1: Green,Low / Normal Baseline Monitoring,#22c55e,Routine baseline monitoring. Safe terrain condition.
CELL_MEG_2783,25.39199,92.19929,5,Jaintia Hills Block,1426.3,26.8,0.0278,0.6284,0.0175,Level 1: Green,Low / Normal Baseline Monitoring,#22c55e,Routine baseline monitoring. Safe terrain condition.
CELL_MEG_2784,25.38605,92.29897,5,Jaintia Hills Block,1197.0,18.8,0.3019,0.6284,0.1897,Level 3: Orange,Warning / Heightened Hazard Alert,#f97316,Heightened warning. Travel caution and heavy transport limits.
CELL_MEG_2785,25.16115,90.32879,1,Garo Hills Block,25.0,26.0,0.0191,0.6284,0.012,Level 1: Green,Low / Normal Baseline Monitoring,#22c55e,Routine baseline monitoring. Safe terrain condition.
CELL_MEG_2786,25.38815,91.04589,2,West Khasi Block,632.5,24.5,0.0967,0.6284,0.0608,Level 1: Green,Low / Normal Baseline Monitoring,#22c55e,Routine baseline monitoring. Safe terrain condition.
CELL_MEG_2787,25.3966,92.12912,5,Jaintia Hills Block,1443.2,29.6,0.0268,0.6284,0.0168,Level 1: Green,Low / Normal Baseline Monitoring,#22c55e,Routine baseline monitoring. Safe terrain condition.
CELL_MEG_2788,25.12471,90.87121,1,Garo Hills Block,317.5,23.2,0.0223,0.6284,0.014,Level 1: Green,Low / Normal Baseline Monitoring,#22c55e,Routine baseline monitoring. Safe terrain condition.
CELL_MEG_2789,25.92422,90.00373,1,Garo Hills Block,55.3,25.1,0.0123,0.6284,0.0077,Level 1: Green,Low / Normal Baseline Monitoring,#22c55e,Routine baseline monitoring. Safe terrain condition.
CELL_MEG_2790,26.03773,92.80827,4,Ri-Bhoi Block,432.4,22.6,0.032,0.6284,0.0201,Level 1: Green,Low / Normal Baseline Monitoring,#22c55e,Routine baseline monitoring. Safe terrain condition.
CELL_MEG_2791,25.11565,90.68838,1,Garo Hills Block,88.1,15.7,0.0187,0.6284,0.0118,Level 1: Green,Low / Normal Baseline Monitoring,#22c55e,Routine baseline monitoring. Safe terrain condition.
CELL_MEG_2792,25.42219,92.16799,5,Jaintia Hills Block,1438.2,34.1,0.0327,0.6284,0.0205,Level 1: Green,Low / Normal Baseline Monitoring,#22c55e,Routine baseline monitoring. Safe terrain condition.
CELL_MEG_2793,25.6636,91.76532,4,Ri-Bhoi Block,1559.5,25.9,0.0567,0.6284,0.0356,Level 1: Green,Low / Normal Baseline Monitoring,#22c55e,Routine baseline monitoring. Safe terrain condition.
CELL_MEG_2794,25.83811,90.15984,1,Garo Hills Block,129.7,25.3,0.0131,0.6284,0.0082,Level 1: Green,Low / Normal Baseline Monitoring,#22c55e,Routine baseline monitoring. Safe terrain condition.
CELL_MEG_2795,25.91987,91.95214,4,Ri-Bhoi Block,1323.5,25.3,0.0423,0.6284,0.0266,Level 1: Green,Low / Normal Baseline Monitoring,#22c55e,Routine baseline monitoring. Safe terrain condition.
CELL_MEG_2796,25.64353,92.51369,5,Jaintia Hills Block,1013.2,27.0,0.111,0.6284,0.0698,Level 1: Green,Low / Normal Baseline Monitoring,#22c55e,Routine baseline monitoring. Safe terrain condition.
CELL_MEG_2797,25.77633,90.41518,1,Garo Hills Block,53.0,16.4,0.024,0.6284,0.0151,Level 1: Green,Low / Normal Baseline Monitoring,#22c55e,Routine baseline monitoring. Safe terrain condition.
CELL_MEG_2798,25.48412,91.30683,2,West Khasi Block,1005.2,28.1,0.0176,0.6284,0.0111,Level 1: Green,Low / Normal Baseline Monitoring,#22c55e,Routine baseline monitoring. Safe terrain condition.
CELL_MEG_2799,25.07963,92.71164,5,Jaintia Hills Block,455.3,28.5,0.0236,0.6284,0.0148,Level 1: Green,Low / Normal Baseline Monitoring,#22c55e,Routine baseline monitoring. Safe terrain condition.
CELL_MEG_2800,25.15886,91.92726,3,East Khasi Block,1266.4,24.0,0.0221,0.6284,0.0139,Level 1: Green,Low / Normal Baseline Monitoring,#22c55e,Routine baseline monitoring. Safe terrain condition.
CELL_MEG_2801,25.56673,89.87818,1,Garo Hills Block,93.4,17.8,0.0189,0.6284,0.0119,Level 1: Green,Low / Normal Baseline Monitoring,#22c55e,Routine baseline monitoring. Safe terrain condition.
CELL_MEG_2802,26.01873,92.3981,4,Ri-Bhoi Block,813.4,28.8,0.0141,0.6284,0.0089,Level 1: Green,Low / Normal Baseline Monitoring,#22c55e,Routine baseline monitoring. Safe terrain condition.
CELL_MEG_2803,25.5862,90.49827,1,Garo Hills Block,72.2,19.8,0.01,0.6284,0.0063,Level 1: Green,Low / Normal Baseline Monitoring,#22c55e,Routine baseline monitoring. Safe terrain condition.
CELL_MEG_2804,25.15135,90.90835,1,Garo Hills Block,358.4,20.1,0.0278,0.6284,0.0174,Level 1: Green,Low / Normal Baseline Monitoring,#22c55e,Routine baseline monitoring. Safe terrain condition.
CELL_MEG_2805,25.29586,91.34541,2,West Khasi Block,1020.6,28.2,0.0304,0.6284,0.0191,Level 1: Green,Low / Normal Baseline Monitoring,#22c55e,Routine baseline monitoring. Safe terrain condition.
CELL_MEG_2806,26.06372,91.55361,4,Ri-Bhoi Block,1015.1,29.4,0.0159,0.6284,0.01,Level 1: Green,Low / Normal Baseline Monitoring,#22c55e,Routine baseline monitoring. Safe terrain condition.
CELL_MEG_2807,25.98113,91.78518,4,Ri-Bhoi Block,1189.2,15.1,0.0345,0.6284,0.0217,Level 1: Green,Low / Normal Baseline Monitoring,#22c55e,Routine baseline monitoring. Safe terrain condition.
CELL_MEG_2808,25.53327,92.40655,5,Jaintia Hills Block,1166.3,24.8,0.237,0.6284,0.1489,Level 2: Yellow,Advisory / Early Warning Watch,#eab308,Advisory notice. Maintenance standby and slope drainage watch.
CELL_MEG_2809,25.52908,92.44932,5,Jaintia Hills Block,1039.0,23.7,0.1999,0.6284,0.1256,Level 2: Yellow,Advisory / Early Warning Watch,#eab308,Advisory notice. Maintenance standby and slope drainage watch.
CELL_MEG_2810,25.3349,90.19288,1,Garo Hills Block,25.0,14.2,0.2177,0.6284,0.1368,Level 2: Yellow,Advisory / Early Warning Watch,#eab308,Advisory notice. Maintenance standby and slope drainage watch.
CELL_MEG_2811,25.94374,91.59162,4,Ri-Bhoi Block,1206.7,23.9,0.0287,0.6284,0.018,Level 1: Green,Low / Normal Baseline Monitoring,#22c55e,Routine baseline monitoring. Safe terrain condition.
CELL_MEG_2812,25.98022,92.66037,4,Ri-Bhoi Block,526.4,23.9,0.0383,0.6284,0.024,Level 1: Green,Low / Normal Baseline Monitoring,#22c55e,Routine baseline monitoring. Safe terrain condition.
CELL_MEG_2813,25.07792,91.32796,2,West Khasi Block,853.8,28.3,0.0195,0.6284,0.0123,Level 1: Green,Low / Normal Baseline Monitoring,#22c55e,Routine baseline monitoring. Safe terrain condition.
CELL_MEG_2814,25.42496,91.70887,3,East Khasi Block,1521.8,28.1,0.032,0.6284,0.0201,Level 1: Green,Low / Normal Baseline Monitoring,#22c55e,Routine baseline monitoring. Safe terrain condition.
CELL_MEG_2815,25.87708,90.6558,1,Garo Hills Block,25.0,29.7,0.0456,0.6284,0.0287,Level 1: Green,Low / Normal Baseline Monitoring,#22c55e,Routine baseline monitoring. Safe terrain condition.
CELL_MEG_2816,25.62134,91.96162,3,East Khasi Block,1703.1,27.4,0.0432,0.6284,0.0272,Level 1: Green,Low / Normal Baseline Monitoring,#22c55e,Routine baseline monitoring. Safe terrain condition.
CELL_MEG_2817,25.16519,92.2829,5,Jaintia Hills Block,1068.6,16.6,0.0746,0.6284,0.0469,Level 1: Green,Low / Normal Baseline Monitoring,#22c55e,Routine baseline monitoring. Safe terrain condition.
CELL_MEG_2818,25.6746,92.69609,4,Ri-Bhoi Block,616.4,34.6,0.026,0.6284,0.0164,Level 1: Green,Low / Normal Baseline Monitoring,#22c55e,Routine baseline monitoring. Safe terrain condition.
CELL_MEG_2819,25.38669,90.12985,1,Garo Hills Block,25.0,22.9,0.0119,0.6284,0.0075,Level 1: Green,Low / Normal Baseline Monitoring,#22c55e,Routine baseline monitoring. Safe terrain condition.
CELL_MEG_2820,25.56702,90.06172,1,Garo Hills Block,25.0,24.6,0.0019,0.6284,0.0012,Level 1: Green,Low / Normal Baseline Monitoring,#22c55e,Routine baseline monitoring. Safe terrain condition.
CELL_MEG_2821,26.06709,89.91799,1,Garo Hills Block,42.2,26.0,0.0355,0.6284,0.0223,Level 1: Green,Low / Normal Baseline Monitoring,#22c55e,Routine baseline monitoring. Safe terrain condition.
CELL_MEG_2822,25.83378,91.40156,4,Ri-Bhoi Block,1149.8,31.9,0.0149,0.6284,0.0093,Level 1: Green,Low / Normal Baseline Monitoring,#22c55e,Routine baseline monitoring. Safe terrain condition.
CELL_MEG_2823,25.41811,90.00082,1,Garo Hills Block,91.0,29.8,0.018,0.6284,0.0113,Level 1: Green,Low / Normal Baseline Monitoring,#22c55e,Routine baseline monitoring. Safe terrain condition.
CELL_MEG_2824,25.69194,91.58492,4,Ri-Bhoi Block,1474.1,30.3,0.0274,0.6284,0.0172,Level 1: Green,Low / Normal Baseline Monitoring,#22c55e,Routine baseline monitoring. Safe terrain condition.
CELL_MEG_2825,25.32335,92.57618,5,Jaintia Hills Block,847.8,16.2,0.0629,0.6284,0.0395,Level 1: Green,Low / Normal Baseline Monitoring,#22c55e,Routine baseline monitoring. Safe terrain condition.
CELL_MEG_2826,25.34844,91.17166,2,West Khasi Block,798.7,19.1,0.0293,0.6284,0.0184,Level 1: Green,Low / Normal Baseline Monitoring,#22c55e,Routine baseline monitoring. Safe terrain condition.
CELL_MEG_2827,25.60726,90.10571,1,Garo Hills Block,42.8,27.8,0.0041,0.6284,0.0026,Level 1: Green,Low / Normal Baseline Monitoring,#22c55e,Routine baseline monitoring. Safe terrain condition.
CELL_MEG_2828,26.02673,90.94233,1,Garo Hills Block,446.8,22.2,0.0214,0.6284,0.0134,Level 1: Green,Low / Normal Baseline Monitoring,#22c55e,Routine baseline monitoring. Safe terrain condition.
CELL_MEG_2829,25.10724,90.98124,1,Garo Hills Block,480.6,15.7,0.0195,0.6284,0.0123,Level 1: Green,Low / Normal Baseline Monitoring,#22c55e,Routine baseline monitoring. Safe terrain condition.
CELL_MEG_2830,25.66822,91.36664,4,Ri-Bhoi Block,1073.6,35.6,0.117,0.6284,0.0735,Level 1: Green,Low / Normal Baseline Monitoring,#22c55e,Routine baseline monitoring. Safe terrain condition.
CELL_MEG_2831,25.77011,89.96923,1,Garo Hills Block,33.8,16.5,0.0203,0.6284,0.0128,Level 1: Green,Low / Normal Baseline Monitoring,#22c55e,Routine baseline monitoring. Safe terrain condition.
CELL_MEG_2832,25.3273,92.29865,5,Jaintia Hills Block,1169.7,14.9,0.0474,0.6284,0.0298,Level 1: Green,Low / Normal Baseline Monitoring,#22c55e,Routine baseline monitoring. Safe terrain condition.
CELL_MEG_2833,25.10628,92.40923,5,Jaintia Hills Block,857.4,25.7,0.0557,0.6284,0.035,Level 1: Green,Low / Normal Baseline Monitoring,#22c55e,Routine baseline monitoring. Safe terrain condition.
CELL_MEG_2834,25.11925,92.34508,5,Jaintia Hills Block,941.3,18.9,0.0601,0.6284,0.0378,Level 1: Green,Low / Normal Baseline Monitoring,#22c55e,Routine baseline monitoring. Safe terrain condition.
CELL_MEG_2835,25.40965,91.66724,3,East Khasi Block,1480.3,30.7,0.0415,0.6284,0.0261,Level 1: Green,Low / Normal Baseline Monitoring,#22c55e,Routine baseline monitoring. Safe terrain condition.
CELL_MEG_2836,25.18512,90.00181,1,Garo Hills Block,25.0,26.0,0.0203,0.6284,0.0127,Level 1: Green,Low / Normal Baseline Monitoring,#22c55e,Routine baseline monitoring. Safe terrain condition.
CELL_MEG_2837,25.25321,90.18995,1,Garo Hills Block,94.2,25.3,0.0138,0.6284,0.0086,Level 1: Green,Low / Normal Baseline Monitoring,#22c55e,Routine baseline monitoring. Safe terrain condition.
CELL_MEG_2838,25.3574,91.36887,2,West Khasi Block,1042.6,24.6,0.0145,0.6284,0.0091,Level 1: Green,Low / Normal Baseline Monitoring,#22c55e,Routine baseline monitoring. Safe terrain condition.
CELL_MEG_2839,25.65586,92.2091,4,Ri-Bhoi Block,1439.0,32.2,0.0223,0.6284,0.014,Level 1: Green,Low / Normal Baseline Monitoring,#22c55e,Routine baseline monitoring. Safe terrain condition.
CELL_MEG_2840,25.72874,91.65671,4,Ri-Bhoi Block,1448.8,25.6,0.0336,0.6284,0.0211,Level 1: Green,Low / Normal Baseline Monitoring,#22c55e,Routine baseline monitoring. Safe terrain condition.
CELL_MEG_2841,25.46473,91.24512,2,West Khasi Block,925.5,25.3,0.0638,0.6284,0.0401,Level 1: Green,Low / Normal Baseline Monitoring,#22c55e,Routine baseline monitoring. Safe terrain condition.
CELL_MEG_2842,25.46768,92.36861,5,Jaintia Hills Block,1190.4,32.1,0.0677,0.6284,0.0425,Level 1: Green,Low / Normal Baseline Monitoring,#22c55e,Routine baseline monitoring. Safe terrain condition.
CELL_MEG_2843,25.2684,89.81745,1,Garo Hills Block,73.3,33.0,0.0158,0.6284,0.01,Level 1: Green,Low / Normal Baseline Monitoring,#22c55e,Routine baseline monitoring. Safe terrain condition.
CELL_MEG_2844,25.72342,90.41751,1,Garo Hills Block,25.0,19.0,0.0324,0.6284,0.0203,Level 1: Green,Low / Normal Baseline Monitoring,#22c55e,Routine baseline monitoring. Safe terrain condition.
CELL_MEG_2845,25.98132,92.42009,4,Ri-Bhoi Block,848.9,24.3,0.0163,0.6284,0.0102,Level 1: Green,Low / Normal Baseline Monitoring,#22c55e,Routine baseline monitoring. Safe terrain condition.
CELL_MEG_2846,25.10287,90.12449,1,Garo Hills Block,25.0,21.2,0.007,0.6284,0.0044,Level 1: Green,Low / Normal Baseline Monitoring,#22c55e,Routine baseline monitoring. Safe terrain condition.
CELL_MEG_2847,25.55478,91.65813,3,East Khasi Block,1542.4,22.9,0.2243,0.6284,0.141,Level 2: Yellow,Advisory / Early Warning Watch,#eab308,Advisory notice. Maintenance standby and slope drainage watch.
CELL_MEG_2848,25.3169,91.98623,3,East Khasi Block,1477.5,17.4,0.1103,0.6284,0.0693,Level 1: Green,Low / Normal Baseline Monitoring,#22c55e,Routine baseline monitoring. Safe terrain condition.
CELL_MEG_2849,25.66251,90.79071,1,Garo Hills Block,238.6,32.3,0.0138,0.6284,0.0087,Level 1: Green,Low / Normal Baseline Monitoring,#22c55e,Routine baseline monitoring. Safe terrain condition.
CELL_MEG_2850,25.0474,92.08796,5,Jaintia Hills Block,1029.0,30.0,0.089,0.6284,0.0559,Level 1: Green,Low / Normal Baseline Monitoring,#22c55e,Routine baseline monitoring. Safe terrain condition.
CELL_MEG_2851,25.25193,92.34515,5,Jaintia Hills Block,1131.4,29.9,0.0213,0.6284,0.0134,Level 1: Green,Low / Normal Baseline Monitoring,#22c55e,Routine baseline monitoring. Safe terrain condition.
CELL_MEG_2852,25.47391,91.56009,2,West Khasi Block,1348.5,28.6,0.0249,0.6284,0.0156,Level 1: Green,Low / Normal Baseline Monitoring,#22c55e,Routine baseline monitoring. Safe terrain condition.
CELL_MEG_2853,25.96279,92.43405,4,Ri-Bhoi Block,873.1,23.7,0.0156,0.6284,0.0098,Level 1: Green,Low / Normal Baseline Monitoring,#22c55e,Routine baseline monitoring. Safe terrain condition.
CELL_MEG_2854,25.42124,90.43711,1,Garo Hills Block,25.0,24.6,0.0194,0.6284,0.0122,Level 1: Green,Low / Normal Baseline Monitoring,#22c55e,Routine baseline monitoring. Safe terrain condition.
CELL_MEG_2855,25.85716,91.1209,4,Ri-Bhoi Block,779.9,35.5,0.0128,0.6284,0.008,Level 1: Green,Low / Normal Baseline Monitoring,#22c55e,Routine baseline monitoring. Safe terrain condition.
CELL_MEG_2856,25.22741,92.5585,5,Jaintia Hills Block,740.4,25.9,0.024,0.6284,0.0151,Level 1: Green,Low / Normal Baseline Monitoring,#22c55e,Routine baseline monitoring. Safe terrain condition.
CELL_MEG_2857,25.23395,89.87871,1,Garo Hills Block,108.8,29.1,0.0293,0.6284,0.0184,Level 1: Green,Low / Normal Baseline Monitoring,#22c55e,Routine baseline monitoring. Safe terrain condition.
CELL_MEG_2858,25.0419,91.69806,3,East Khasi Block,1032.9,30.1,0.0537,0.6284,0.0338,Level 1: Green,Low / Normal Baseline Monitoring,#22c55e,Routine baseline monitoring. Safe terrain condition.
CELL_MEG_2859,25.73461,90.74868,1,Garo Hills Block,217.4,17.5,0.0166,0.6284,0.0104,Level 1: Green,Low / Normal Baseline Monitoring,#22c55e,Routine baseline monitoring. Safe terrain condition.
CELL_MEG_2860,25.36561,90.83546,1,Garo Hills Block,310.2,25.3,0.0402,0.6284,0.0253,Level 1: Green,Low / Normal Baseline Monitoring,#22c55e,Routine baseline monitoring. Safe terrain condition.
CELL_MEG_2861,25.75457,89.97731,1,Garo Hills Block,54.2,17.2,0.0302,0.6284,0.019,Level 1: Green,Low / Normal Baseline Monitoring,#22c55e,Routine baseline monitoring. Safe terrain condition.
CELL_MEG_2862,26.02345,90.47869,1,Garo Hills Block,25.0,21.1,0.0179,0.6284,0.0113,Level 1: Green,Low / Normal Baseline Monitoring,#22c55e,Routine baseline monitoring. Safe terrain condition.
CELL_MEG_2863,26.09965,90.32314,1,Garo Hills Block,25.0,34.5,0.0425,0.6284,0.0267,Level 1: Green,Low / Normal Baseline Monitoring,#22c55e,Routine baseline monitoring. Safe terrain condition.
CELL_MEG_2864,25.85327,90.48141,1,Garo Hills Block,126.6,26.8,0.0119,0.6284,0.0075,Level 1: Green,Low / Normal Baseline Monitoring,#22c55e,Routine baseline monitoring. Safe terrain condition.
CELL_MEG_2865,25.10731,92.46855,5,Jaintia Hills Block,840.4,22.1,0.047,0.6284,0.0295,Level 1: Green,Low / Normal Baseline Monitoring,#22c55e,Routine baseline monitoring. Safe terrain condition.
CELL_MEG_2866,25.94745,91.03089,4,Ri-Bhoi Block,534.4,19.2,0.0484,0.6284,0.0304,Level 1: Green,Low / Normal Baseline Monitoring,#22c55e,Routine baseline monitoring. Safe terrain condition.
CELL_MEG_2867,25.77859,91.49905,4,Ri-Bhoi Block,1227.9,14.8,0.0522,0.6284,0.0328,Level 1: Green,Low / Normal Baseline Monitoring,#22c55e,Routine baseline monitoring. Safe terrain condition.
CELL_MEG_2868,25.94119,90.76092,1,Garo Hills Block,159.6,19.1,0.0102,0.6284,0.0064,Level 1: Green,Low / Normal Baseline Monitoring,#22c55e,Routine baseline monitoring. Safe terrain condition.
CELL_MEG_2869,25.58557,91.28039,2,West Khasi Block,980.2,19.3,0.0843,0.6284,0.053,Level 1: Green,Low / Normal Baseline Monitoring,#22c55e,Routine baseline monitoring. Safe terrain condition.
CELL_MEG_2870,25.40222,92.51894,5,Jaintia Hills Block,998.1,22.4,0.0292,0.6284,0.0184,Level 1: Green,Low / Normal Baseline Monitoring,#22c55e,Routine baseline monitoring. Safe terrain condition.
CELL_MEG_2871,25.19915,90.256,1,Garo Hills Block,25.0,27.5,0.0208,0.6284,0.0131,Level 1: Green,Low / Normal Baseline Monitoring,#22c55e,Routine baseline monitoring. Safe terrain condition.
CELL_MEG_2872,25.64306,91.80536,3,East Khasi Block,1673.8,28.1,0.1365,0.6284,0.0858,Level 1: Green,Low / Normal Baseline Monitoring,#22c55e,Routine baseline monitoring. Safe terrain condition.
CELL_MEG_2873,25.23019,90.99169,1,Garo Hills Block,476.2,26.2,0.0074,0.6284,0.0046,Level 1: Green,Low / Normal Baseline Monitoring,#22c55e,Routine baseline monitoring. Safe terrain condition.
CELL_MEG_2874,26.04229,90.55218,1,Garo Hills Block,40.6,32.0,0.0096,0.6284,0.006,Level 1: Green,Low / Normal Baseline Monitoring,#22c55e,Routine baseline monitoring. Safe terrain condition.
CELL_MEG_2875,25.74183,92.05746,4,Ri-Bhoi Block,1452.8,16.6,0.0443,0.6284,0.0278,Level 1: Green,Low / Normal Baseline Monitoring,#22c55e,Routine baseline monitoring. Safe terrain condition.
CELL_MEG_2876,25.50398,92.65945,5,Jaintia Hills Block,829.5,28.7,0.065,0.6284,0.0409,Level 1: Green,Low / Normal Baseline Monitoring,#22c55e,Routine baseline monitoring. Safe terrain condition.
CELL_MEG_2877,25.81559,91.19667,4,Ri-Bhoi Block,805.8,22.6,0.0252,0.6284,0.0158,Level 1: Green,Low / Normal Baseline Monitoring,#22c55e,Routine baseline monitoring. Safe terrain condition.
CELL_MEG_2878,25.63488,91.91247,3,East Khasi Block,1767.8,34.2,0.0959,0.6284,0.0603,Level 1: Green,Low / Normal Baseline Monitoring,#22c55e,Routine baseline monitoring. Safe terrain condition.
CELL_MEG_2879,25.65957,92.48003,4,Ri-Bhoi Block,1049.3,31.0,0.0424,0.6284,0.0267,Level 1: Green,Low / Normal Baseline Monitoring,#22c55e,Routine baseline monitoring. Safe terrain condition.
CELL_MEG_2880,25.40544,90.71465,1,Garo Hills Block,204.6,21.9,0.0278,0.6284,0.0175,Level 1: Green,Low / Normal Baseline Monitoring,#22c55e,Routine baseline monitoring. Safe terrain condition.
CELL_MEG_2881,25.25095,89.91524,1,Garo Hills Block,60.2,25.8,0.0287,0.6284,0.018,Level 1: Green,Low / Normal Baseline Monitoring,#22c55e,Routine baseline monitoring. Safe terrain condition.
CELL_MEG_2882,25.06646,92.45367,5,Jaintia Hills Block,819.7,30.4,0.0226,0.6284,0.0142,Level 1: Green,Low / Normal Baseline Monitoring,#22c55e,Routine baseline monitoring. Safe terrain condition.
CELL_MEG_2883,25.75267,91.81462,4,Ri-Bhoi Block,1552.3,17.8,0.0335,0.6284,0.021,Level 1: Green,Low / Normal Baseline Monitoring,#22c55e,Routine baseline monitoring. Safe terrain condition.
CELL_MEG_2884,25.68381,92.39012,4,Ri-Bhoi Block,1039.0,33.2,0.1384,0.6284,0.087,Level 1: Green,Low / Normal Baseline Monitoring,#22c55e,Routine baseline monitoring. Safe terrain condition.
CELL_MEG_2885,25.53869,92.45475,5,Jaintia Hills Block,1023.5,22.4,0.1746,0.6284,0.1097,Level 2: Yellow,Advisory / Early Warning Watch,#eab308,Advisory notice. Maintenance standby and slope drainage watch.
CELL_MEG_2886,25.4082,92.62646,5,Jaintia Hills Block,754.7,29.1,0.0172,0.6284,0.0108,Level 1: Green,Low / Normal Baseline Monitoring,#22c55e,Routine baseline monitoring. Safe terrain condition.
CELL_MEG_2887,25.77455,90.58439,1,Garo Hills Block,33.0,24.5,0.0087,0.6284,0.0055,Level 1: Green,Low / Normal Baseline Monitoring,#22c55e,Routine baseline monitoring. Safe terrain condition.
CELL_MEG_2888,25.62921,91.42574,2,West Khasi Block,1163.6,30.0,0.0665,0.6284,0.0418,Level 1: Green,Low / Normal Baseline Monitoring,#22c55e,Routine baseline monitoring. Safe terrain condition.
CELL_MEG_2889,25.16893,91.60329,3,East Khasi Block,1141.8,26.2,0.0229,0.6284,0.0144,Level 1: Green,Low / Normal Baseline Monitoring,#22c55e,Routine baseline monitoring. Safe terrain condition.
CELL_MEG_2890,25.35997,89.95966,1,Garo Hills Block,94.5,16.2,0.0178,0.6284,0.0112,Level 1: Green,Low / Normal Baseline Monitoring,#22c55e,Routine baseline monitoring. Safe terrain condition.
CELL_MEG_2891,26.04455,91.75655,4,Ri-Bhoi Block,1092.1,23.7,0.0194,0.6284,0.0122,Level 1: Green,Low / Normal Baseline Monitoring,#22c55e,Routine baseline monitoring. Safe terrain condition.
CELL_MEG_2892,25.96707,91.86197,4,Ri-Bhoi Block,1324.1,22.8,0.0255,0.6284,0.016,Level 1: Green,Low / Normal Baseline Monitoring,#22c55e,Routine baseline monitoring. Safe terrain condition.
CELL_MEG_2893,25.40554,91.3637,2,West Khasi Block,1072.9,31.9,0.0153,0.6284,0.0096,Level 1: Green,Low / Normal Baseline Monitoring,#22c55e,Routine baseline monitoring. Safe terrain condition.
CELL_MEG_2894,25.74981,92.72877,4,Ri-Bhoi Block,619.6,20.9,0.0213,0.6284,0.0134,Level 1: Green,Low / Normal Baseline Monitoring,#22c55e,Routine baseline monitoring. Safe terrain condition.
CELL_MEG_2895,25.29396,92.46868,5,Jaintia Hills Block,954.9,25.7,0.0235,0.6284,0.0148,Level 1: Green,Low / Normal Baseline Monitoring,#22c55e,Routine baseline monitoring. Safe terrain condition.
CELL_MEG_2896,26.018,91.84477,4,Ri-Bhoi Block,1238.8,26.3,0.0193,0.6284,0.0121,Level 1: Green,Low / Normal Baseline Monitoring,#22c55e,Routine baseline monitoring. Safe terrain condition.
CELL_MEG_2897,26.02577,91.01353,4,Ri-Bhoi Block,485.9,22.5,0.0237,0.6284,0.0149,Level 1: Green,Low / Normal Baseline Monitoring,#22c55e,Routine baseline monitoring. Safe terrain condition.
CELL_MEG_2898,26.04926,91.94349,4,Ri-Bhoi Block,1166.8,30.9,0.015,0.6284,0.0094,Level 1: Green,Low / Normal Baseline Monitoring,#22c55e,Routine baseline monitoring. Safe terrain condition.
CELL_MEG_2899,25.06537,92.56596,5,Jaintia Hills Block,724.3,23.2,0.0141,0.6284,0.0088,Level 1: Green,Low / Normal Baseline Monitoring,#22c55e,Routine baseline monitoring. Safe terrain condition.
CELL_MEG_2900,25.54323,91.204,2,West Khasi Block,873.6,15.7,0.0993,0.6284,0.0624,Level 1: Green,Low / Normal Baseline Monitoring,#22c55e,Routine baseline monitoring. Safe terrain condition.
CELL_MEG_2901,25.63178,90.25562,1,Garo Hills Block,56.9,29.5,0.0138,0.6284,0.0087,Level 1: Green,Low / Normal Baseline Monitoring,#22c55e,Routine baseline monitoring. Safe terrain condition.
CELL_MEG_2902,25.5267,92.33494,5,Jaintia Hills Block,1284.3,18.9,0.1848,0.6284,0.1162,Level 2: Yellow,Advisory / Early Warning Watch,#eab308,Advisory notice. Maintenance standby and slope drainage watch.
CELL_MEG_2903,25.03672,90.6324,1,Garo Hills Block,124.8,32.6,0.0238,0.6284,0.015,Level 1: Green,Low / Normal Baseline Monitoring,#22c55e,Routine baseline monitoring. Safe terrain condition.
CELL_MEG_2904,25.02265,91.06792,2,West Khasi Block,444.9,34.0,0.0408,0.6284,0.0257,Level 1: Green,Low / Normal Baseline Monitoring,#22c55e,Routine baseline monitoring. Safe terrain condition.
CELL_MEG_2905,25.80658,92.23625,4,Ri-Bhoi Block,1180.3,21.8,0.0271,0.6284,0.017,Level 1: Green,Low / Normal Baseline Monitoring,#22c55e,Routine baseline monitoring. Safe terrain condition.
CELL_MEG_2906,26.0408,91.65594,4,Ri-Bhoi Block,1094.7,32.1,0.0354,0.6284,0.0223,Level 1: Green,Low / Normal Baseline Monitoring,#22c55e,Routine baseline monitoring. Safe terrain condition.
CELL_MEG_2907,25.295,92.61865,5,Jaintia Hills Block,752.5,24.9,0.0309,0.6284,0.0194,Level 1: Green,Low / Normal Baseline Monitoring,#22c55e,Routine baseline monitoring. Safe terrain condition.
CELL_MEG_2908,25.85734,91.55201,4,Ri-Bhoi Block,1151.1,29.4,0.0183,0.6284,0.0115,Level 1: Green,Low / Normal Baseline Monitoring,#22c55e,Routine baseline monitoring. Safe terrain condition.
CELL_MEG_2909,25.77129,92.61916,4,Ri-Bhoi Block,776.7,20.2,0.0272,0.6284,0.0171,Level 1: Green,Low / Normal Baseline Monitoring,#22c55e,Routine baseline monitoring. Safe terrain condition.
CELL_MEG_2910,25.78939,90.92354,1,Garo Hills Block,429.9,19.4,0.0232,0.6284,0.0145,Level 1: Green,Low / Normal Baseline Monitoring,#22c55e,Routine baseline monitoring. Safe terrain condition.
CELL_MEG_2911,25.79007,89.92285,1,Garo Hills Block,49.9,16.2,0.0372,0.6284,0.0234,Level 1: Green,Low / Normal Baseline Monitoring,#22c55e,Routine baseline monitoring. Safe terrain condition.
CELL_MEG_2912,25.43733,91.03929,2,West Khasi Block,658.8,30.6,0.0267,0.6284,0.0168,Level 1: Green,Low / Normal Baseline Monitoring,#22c55e,Routine baseline monitoring. Safe terrain condition.
CELL_MEG_2913,25.20019,89.87041,1,Garo Hills Block,120.8,26.7,0.0166,0.6284,0.0104,Level 1: Green,Low / Normal Baseline Monitoring,#22c55e,Routine baseline monitoring. Safe terrain condition.
CELL_MEG_2914,25.16405,91.7966,3,East Khasi Block,1313.3,18.2,0.0309,0.6284,0.0194,Level 1: Green,Low / Normal Baseline Monitoring,#22c55e,Routine baseline monitoring. Safe terrain condition.
CELL_MEG_2915,25.88647,92.81402,4,Ri-Bhoi Block,413.8,24.9,0.0293,0.6284,0.0184,Level 1: Green,Low / Normal Baseline Monitoring,#22c55e,Routine baseline monitoring. Safe terrain condition.
CELL_MEG_2916,25.39407,91.62811,3,East Khasi Block,1474.4,29.9,0.0258,0.6284,0.0162,Level 1: Green,Low / Normal Baseline Monitoring,#22c55e,Routine baseline monitoring. Safe terrain condition.
CELL_MEG_2917,26.03212,90.30948,1,Garo Hills Block,107.9,31.5,0.0168,0.6284,0.0106,Level 1: Green,Low / Normal Baseline Monitoring,#22c55e,Routine baseline monitoring. Safe terrain condition.
CELL_MEG_2918,25.79506,92.10268,4,Ri-Bhoi Block,1411.6,23.6,0.0296,0.6284,0.0186,Level 1: Green,Low / Normal Baseline Monitoring,#22c55e,Routine baseline monitoring. Safe terrain condition.
CELL_MEG_2919,25.11609,92.42681,5,Jaintia Hills Block,864.8,24.5,0.0652,0.6284,0.0409,Level 1: Green,Low / Normal Baseline Monitoring,#22c55e,Routine baseline monitoring. Safe terrain condition.
CELL_MEG_2920,25.89815,89.90188,1,Garo Hills Block,61.6,24.3,0.0094,0.6284,0.0059,Level 1: Green,Low / Normal Baseline Monitoring,#22c55e,Routine baseline monitoring. Safe terrain condition.
CELL_MEG_2921,25.11837,89.94984,1,Garo Hills Block,55.1,15.2,0.0251,0.6284,0.0158,Level 1: Green,Low / Normal Baseline Monitoring,#22c55e,Routine baseline monitoring. Safe terrain condition.
CELL_MEG_2922,25.38152,91.35333,2,West Khasi Block,1057.1,27.4,0.01,0.6284,0.0063,Level 1: Green,Low / Normal Baseline Monitoring,#22c55e,Routine baseline monitoring. Safe terrain condition.
CELL_MEG_2923,25.59494,90.61638,1,Garo Hills Block,65.6,26.8,0.02,0.6284,0.0125,Level 1: Green,Low / Normal Baseline Monitoring,#22c55e,Routine baseline monitoring. Safe terrain condition.
CELL_MEG_2924,26.00453,90.9232,1,Garo Hills Block,440.0,20.3,0.0454,0.6284,0.0286,Level 1: Green,Low / Normal Baseline Monitoring,#22c55e,Routine baseline monitoring. Safe terrain condition.
CELL_MEG_2925,25.06919,90.71569,1,Garo Hills Block,82.9,22.0,0.0218,0.6284,0.0137,Level 1: Green,Low / Normal Baseline Monitoring,#22c55e,Routine baseline monitoring. Safe terrain condition.
CELL_MEG_2926,25.5936,91.04508,2,West Khasi Block,685.5,23.7,0.0724,0.6284,0.0455,Level 1: Green,Low / Normal Baseline Monitoring,#22c55e,Routine baseline monitoring. Safe terrain condition.
CELL_MEG_2927,25.31575,90.20054,1,Garo Hills Block,25.0,15.9,0.0651,0.6284,0.0409,Level 1: Green,Low / Normal Baseline Monitoring,#22c55e,Routine baseline monitoring. Safe terrain condition.
CELL_MEG_2928,25.9047,92.83824,4,Ri-Bhoi Block,397.0,23.6,0.0378,0.6284,0.0237,Level 1: Green,Low / Normal Baseline Monitoring,#22c55e,Routine baseline monitoring. Safe terrain condition.
CELL_MEG_2929,25.37591,90.96394,1,Garo Hills Block,624.9,17.0,0.0508,0.6284,0.0319,Level 1: Green,Low / Normal Baseline Monitoring,#22c55e,Routine baseline monitoring. Safe terrain condition.
CELL_MEG_2930,25.68748,91.99125,4,Ri-Bhoi Block,1567.7,24.9,0.1208,0.6284,0.0759,Level 1: Green,Low / Normal Baseline Monitoring,#22c55e,Routine baseline monitoring. Safe terrain condition.
CELL_MEG_2931,25.44339,92.56003,5,Jaintia Hills Block,890.5,26.2,0.0238,0.6284,0.015,Level 1: Green,Low / Normal Baseline Monitoring,#22c55e,Routine baseline monitoring. Safe terrain condition.
CELL_MEG_2932,25.6248,91.17369,2,West Khasi Block,848.1,28.3,0.0576,0.6284,0.0362,Level 1: Green,Low / Normal Baseline Monitoring,#22c55e,Routine baseline monitoring. Safe terrain condition.
CELL_MEG_2933,25.71841,92.70605,4,Ri-Bhoi Block,616.2,27.1,0.024,0.6284,0.0151,Level 1: Green,Low / Normal Baseline Monitoring,#22c55e,Routine baseline monitoring. Safe terrain condition.
CELL_MEG_2934,25.87812,89.92204,1,Garo Hills Block,52.4,25.6,0.0129,0.6284,0.0081,Level 1: Green,Low / Normal Baseline Monitoring,#22c55e,Routine baseline monitoring. Safe terrain condition.
CELL_MEG_2935,25.37889,91.23516,2,West Khasi Block,986.3,17.3,0.0194,0.6284,0.0122,Level 1: Green,Low / Normal Baseline Monitoring,#22c55e,Routine baseline monitoring. Safe terrain condition.
CELL_MEG_2936,25.35968,91.93557,3,East Khasi Block,1625.8,22.3,0.0597,0.6284,0.0375,Level 1: Green,Low / Normal Baseline Monitoring,#22c55e,Routine baseline monitoring. Safe terrain condition.
CELL_MEG_2937,25.91237,92.0306,4,Ri-Bhoi Block,1309.8,21.1,0.0534,0.6284,0.0336,Level 1: Green,Low / Normal Baseline Monitoring,#22c55e,Routine baseline monitoring. Safe terrain condition.
CELL_MEG_2938,26.08848,90.63127,1,Garo Hills Block,25.0,32.5,0.035,0.6284,0.022,Level 1: Green,Low / Normal Baseline Monitoring,#22c55e,Routine baseline monitoring. Safe terrain condition.
CELL_MEG_2939,25.96499,92.1382,4,Ri-Bhoi Block,1180.7,23.8,0.0215,0.6284,0.0135,Level 1: Green,Low / Normal Baseline Monitoring,#22c55e,Routine baseline monitoring. Safe terrain condition.
CELL_MEG_2940,25.41115,92.03908,5,Jaintia Hills Block,1499.7,23.3,0.0465,0.6284,0.0292,Level 1: Green,Low / Normal Baseline Monitoring,#22c55e,Routine baseline monitoring. Safe terrain condition.
CELL_MEG_2941,25.1324,92.20747,5,Jaintia Hills Block,1107.6,20.4,0.1108,0.6284,0.0696,Level 1: Green,Low / Normal Baseline Monitoring,#22c55e,Routine baseline monitoring. Safe terrain condition.
CELL_MEG_2942,25.59492,90.69149,1,Garo Hills Block,178.4,19.1,0.0232,0.6284,0.0146,Level 1: Green,Low / Normal Baseline Monitoring,#22c55e,Routine baseline monitoring. Safe terrain condition.
CELL_MEG_2943,25.72824,91.75694,4,Ri-Bhoi Block,1500.0,16.7,0.0489,0.6284,0.0307,Level 1: Green,Low / Normal Baseline Monitoring,#22c55e,Routine baseline monitoring. Safe terrain condition.
CELL_MEG_2944,25.24624,89.89271,1,Garo Hills Block,87.3,27.5,0.019,0.6284,0.0119,Level 1: Green,Low / Normal Baseline Monitoring,#22c55e,Routine baseline monitoring. Safe terrain condition.
CELL_MEG_2945,25.48831,91.53701,2,West Khasi Block,1318.9,23.9,0.0334,0.6284,0.021,Level 1: Green,Low / Normal Baseline Monitoring,#22c55e,Routine baseline monitoring. Safe terrain condition.
CELL_MEG_2946,25.96673,92.63106,4,Ri-Bhoi Block,604.9,21.3,0.0469,0.6284,0.0295,Level 1: Green,Low / Normal Baseline Monitoring,#22c55e,Routine baseline monitoring. Safe terrain condition.
CELL_MEG_2947,25.59111,92.0991,5,Jaintia Hills Block,1549.4,24.1,0.1446,0.6284,0.0908,Level 1: Green,Low / Normal Baseline Monitoring,#22c55e,Routine baseline monitoring. Safe terrain condition.
CELL_MEG_2948,25.49445,92.07555,5,Jaintia Hills Block,1624.8,24.4,0.1448,0.6284,0.091,Level 1: Green,Low / Normal Baseline Monitoring,#22c55e,Routine baseline monitoring. Safe terrain condition.
CELL_MEG_2949,25.24119,90.93175,1,Garo Hills Block,387.8,28.4,0.0132,0.6284,0.0083,Level 1: Green,Low / Normal Baseline Monitoring,#22c55e,Routine baseline monitoring. Safe terrain condition.
CELL_MEG_2950,25.70497,89.85538,1,Garo Hills Block,25.0,26.5,0.0188,0.6284,0.0118,Level 1: Green,Low / Normal Baseline Monitoring,#22c55e,Routine baseline monitoring. Safe terrain condition.
CELL_MEG_2951,25.80026,92.34838,4,Ri-Bhoi Block,1164.1,22.5,0.0351,0.6284,0.0221,Level 1: Green,Low / Normal Baseline Monitoring,#22c55e,Routine baseline monitoring. Safe terrain condition.
CELL_MEG_2952,25.45107,91.16622,2,West Khasi Block,843.7,31.6,0.037,0.6284,0.0232,Level 1: Green,Low / Normal Baseline Monitoring,#22c55e,Routine baseline monitoring. Safe terrain condition.
CELL_MEG_2953,25.93939,92.16575,4,Ri-Bhoi Block,1198.2,26.2,0.0124,0.6284,0.0078,Level 1: Green,Low / Normal Baseline Monitoring,#22c55e,Routine baseline monitoring. Safe terrain condition.
CELL_MEG_2954,25.3312,90.78813,1,Garo Hills Block,228.6,20.4,0.0371,0.6284,0.0233,Level 1: Green,Low / Normal Baseline Monitoring,#22c55e,Routine baseline monitoring. Safe terrain condition.
CELL_MEG_2955,25.75319,91.51775,4,Ri-Bhoi Block,1273.4,14.7,0.0531,0.6284,0.0333,Level 1: Green,Low / Normal Baseline Monitoring,#22c55e,Routine baseline monitoring. Safe terrain condition.
CELL_MEG_2956,25.19521,90.74529,1,Garo Hills Block,233.5,23.2,0.0168,0.6284,0.0105,Level 1: Green,Low / Normal Baseline Monitoring,#22c55e,Routine baseline monitoring. Safe terrain condition.
CELL_MEG_2957,25.99198,91.89893,4,Ri-Bhoi Block,1314.4,25.1,0.0254,0.6284,0.016,Level 1: Green,Low / Normal Baseline Monitoring,#22c55e,Routine baseline monitoring. Safe terrain condition.
CELL_MEG_2958,26.08485,92.13939,4,Ri-Bhoi Block,1013.9,35.5,0.039,0.6284,0.0245,Level 1: Green,Low / Normal Baseline Monitoring,#22c55e,Routine baseline monitoring. Safe terrain condition.
CELL_MEG_2959,26.03733,90.45937,1,Garo Hills Block,25.0,22.6,0.016,0.6284,0.0101,Level 1: Green,Low / Normal Baseline Monitoring,#22c55e,Routine baseline monitoring. Safe terrain condition.
CELL_MEG_2960,25.8532,89.86166,1,Garo Hills Block,124.5,30.7,0.0117,0.6284,0.0073,Level 1: Green,Low / Normal Baseline Monitoring,#22c55e,Routine baseline monitoring. Safe terrain condition.
CELL_MEG_2961,25.74442,91.23131,4,Ri-Bhoi Block,924.2,14.8,0.3317,0.6284,0.2085,Level 3: Orange,Warning / Heightened Hazard Alert,#f97316,Heightened warning. Travel caution and heavy transport limits.
CELL_MEG_2962,25.3945,92.43033,5,Jaintia Hills Block,1033.2,29.7,0.0451,0.6284,0.0283,Level 1: Green,Low / Normal Baseline Monitoring,#22c55e,Routine baseline monitoring. Safe terrain condition.
CELL_MEG_2963,25.94261,89.86802,1,Garo Hills Block,25.0,20.3,0.0162,0.6284,0.0102,Level 1: Green,Low / Normal Baseline Monitoring,#22c55e,Routine baseline monitoring. Safe terrain condition.
CELL_MEG_2964,25.67827,90.92189,1,Garo Hills Block,569.1,28.3,0.0297,0.6284,0.0187,Level 1: Green,Low / Normal Baseline Monitoring,#22c55e,Routine baseline monitoring. Safe terrain condition.
CELL_MEG_2965,25.46891,92.33772,5,Jaintia Hills Block,1231.0,28.3,0.0609,0.6284,0.0383,Level 1: Green,Low / Normal Baseline Monitoring,#22c55e,Routine baseline monitoring. Safe terrain condition.
CELL_MEG_2966,25.35463,92.6763,5,Jaintia Hills Block,620.3,24.4,0.0312,0.6284,0.0196,Level 1: Green,Low / Normal Baseline Monitoring,#22c55e,Routine baseline monitoring. Safe terrain condition.
CELL_MEG_2967,25.21401,91.8213,3,East Khasi Block,1358.5,29.0,0.0254,0.6284,0.016,Level 1: Green,Low / Normal Baseline Monitoring,#22c55e,Routine baseline monitoring. Safe terrain condition.
CELL_MEG_2968,25.74587,90.56919,1,Garo Hills Block,51.4,24.4,0.0172,0.6284,0.0108,Level 1: Green,Low / Normal Baseline Monitoring,#22c55e,Routine baseline monitoring. Safe terrain condition.
CELL_MEG_2969,25.37073,92.34614,5,Jaintia Hills Block,1070.6,20.6,0.0268,0.6284,0.0168,Level 1: Green,Low / Normal Baseline Monitoring,#22c55e,Routine baseline monitoring. Safe terrain condition.
CELL_MEG_2970,25.84275,90.80374,1,Garo Hills Block,371.0,32.4,0.0138,0.6284,0.0087,Level 1: Green,Low / Normal Baseline Monitoring,#22c55e,Routine baseline monitoring. Safe terrain condition.
CELL_MEG_2971,25.59667,89.98812,1,Garo Hills Block,33.5,23.1,0.0171,0.6284,0.0108,Level 1: Green,Low / Normal Baseline Monitoring,#22c55e,Routine baseline monitoring. Safe terrain condition.
CELL_MEG_2972,25.24545,91.28175,2,West Khasi Block,848.7,28.4,0.0224,0.6284,0.0141,Level 1: Green,Low / Normal Baseline Monitoring,#22c55e,Routine baseline monitoring. Safe terrain condition.
CELL_MEG_2973,25.79545,92.67808,4,Ri-Bhoi Block,735.0,26.9,0.0134,0.6284,0.0084,Level 1: Green,Low / Normal Baseline Monitoring,#22c55e,Routine baseline monitoring. Safe terrain condition.
CELL_MEG_2974,25.76894,92.66822,4,Ri-Bhoi Block,717.9,24.1,0.0223,0.6284,0.014,Level 1: Green,Low / Normal Baseline Monitoring,#22c55e,Routine baseline monitoring. Safe terrain condition.
CELL_MEG_2975,25.61887,91.63067,3,East Khasi Block,1500.0,32.6,0.0433,0.6284,0.0272,Level 1: Green,Low / Normal Baseline Monitoring,#22c55e,Routine baseline monitoring. Safe terrain condition.
CELL_MEG_2976,26.07513,91.75849,4,Ri-Bhoi Block,1095.3,26.0,0.0279,0.6284,0.0176,Level 1: Green,Low / Normal Baseline Monitoring,#22c55e,Routine baseline monitoring. Safe terrain condition.
CELL_MEG_2977,25.05325,92.0076,5,Jaintia Hills Block,1074.1,24.7,0.0145,0.6284,0.0091,Level 1: Green,Low / Normal Baseline Monitoring,#22c55e,Routine baseline monitoring. Safe terrain condition.
CELL_MEG_2978,25.99791,92.22652,4,Ri-Bhoi Block,1134.9,20.0,0.0246,0.6284,0.0155,Level 1: Green,Low / Normal Baseline Monitoring,#22c55e,Routine baseline monitoring. Safe terrain condition.
CELL_MEG_2979,25.65054,91.84748,4,Ri-Bhoi Block,1745.4,33.4,0.1298,0.6284,0.0816,Level 1: Green,Low / Normal Baseline Monitoring,#22c55e,Routine baseline monitoring. Safe terrain condition.
CELL_MEG_2980,26.08941,90.07652,1,Garo Hills Block,40.9,35.0,0.0334,0.6284,0.021,Level 1: Green,Low / Normal Baseline Monitoring,#22c55e,Routine baseline monitoring. Safe terrain condition.
CELL_MEG_2981,25.74062,90.66436,1,Garo Hills Block,155.4,18.2,0.0222,0.6284,0.014,Level 1: Green,Low / Normal Baseline Monitoring,#22c55e,Routine baseline monitoring. Safe terrain condition.
CELL_MEG_2982,25.7113,91.65325,4,Ri-Bhoi Block,1464.3,28.8,0.0343,0.6284,0.0216,Level 1: Green,Low / Normal Baseline Monitoring,#22c55e,Routine baseline monitoring. Safe terrain condition.
CELL_MEG_2983,25.18573,90.43058,1,Garo Hills Block,88.4,20.7,0.018,0.6284,0.0113,Level 1: Green,Low / Normal Baseline Monitoring,#22c55e,Routine baseline monitoring. Safe terrain condition.
CELL_MEG_2984,25.69136,90.1911,1,Garo Hills Block,25.0,23.0,0.01,0.6284,0.0063,Level 1: Green,Low / Normal Baseline Monitoring,#22c55e,Routine baseline monitoring. Safe terrain condition.
CELL_MEG_2985,25.30639,92.3475,5,Jaintia Hills Block,1085.6,21.9,0.0412,0.6284,0.0259,Level 1: Green,Low / Normal Baseline Monitoring,#22c55e,Routine baseline monitoring. Safe terrain condition.
CELL_MEG_2986,25.37326,91.28858,2,West Khasi Block,1059.8,19.8,0.046,0.6284,0.0289,Level 1: Green,Low / Normal Baseline Monitoring,#22c55e,Routine baseline monitoring. Safe terrain condition.
CELL_MEG_2987,26.03643,90.49281,1,Garo Hills Block,25.0,24.6,0.0187,0.6284,0.0117,Level 1: Green,Low / Normal Baseline Monitoring,#22c55e,Routine baseline monitoring. Safe terrain condition.
CELL_MEG_2988,25.4408,91.6497,3,East Khasi Block,1494.5,35.3,0.0413,0.6284,0.0259,Level 1: Green,Low / Normal Baseline Monitoring,#22c55e,Routine baseline monitoring. Safe terrain condition.
CELL_MEG_2989,25.83577,92.55004,4,Ri-Bhoi Block,760.4,23.8,0.0239,0.6284,0.015,Level 1: Green,Low / Normal Baseline Monitoring,#22c55e,Routine baseline monitoring. Safe terrain condition.
CELL_MEG_2990,26.00871,92.16875,4,Ri-Bhoi Block,1152.1,27.2,0.0595,0.6284,0.0374,Level 1: Green,Low / Normal Baseline Monitoring,#22c55e,Routine baseline monitoring. Safe terrain condition.
CELL_MEG_2991,25.2666,89.87567,1,Garo Hills Block,78.0,27.3,0.0118,0.6284,0.0074,Level 1: Green,Low / Normal Baseline Monitoring,#22c55e,Routine baseline monitoring. Safe terrain condition.
CELL_MEG_2992,25.43448,90.23172,1,Garo Hills Block,40.6,27.9,0.0344,0.6284,0.0216,Level 1: Green,Low / Normal Baseline Monitoring,#22c55e,Routine baseline monitoring. Safe terrain condition.
CELL_MEG_2993,25.78722,91.81645,4,Ri-Bhoi Block,1503.3,19.6,0.0274,0.6284,0.0172,Level 1: Green,Low / Normal Baseline Monitoring,#22c55e,Routine baseline monitoring. Safe terrain condition.
CELL_MEG_2994,25.06749,92.35161,5,Jaintia Hills Block,825.4,27.5,0.0601,0.6284,0.0377,Level 1: Green,Low / Normal Baseline Monitoring,#22c55e,Routine baseline monitoring. Safe terrain condition.
CELL_MEG_2995,25.28864,91.11829,2,West Khasi Block,724.5,30.0,0.0406,0.6284,0.0255,Level 1: Green,Low / Normal Baseline Monitoring,#22c55e,Routine baseline monitoring. Safe terrain condition.
CELL_MEG_2996,25.74137,91.10973,4,Ri-Bhoi Block,706.3,25.0,0.0217,0.6284,0.0137,Level 1: Green,Low / Normal Baseline Monitoring,#22c55e,Routine baseline monitoring. Safe terrain condition.
CELL_MEG_2997,25.49659,90.00016,1,Garo Hills Block,25.0,26.3,0.0275,0.6284,0.0173,Level 1: Green,Low / Normal Baseline Monitoring,#22c55e,Routine baseline monitoring. Safe terrain condition.
CELL_MEG_2998,25.45356,92.13279,5,Jaintia Hills Block,1470.0,35.3,0.0293,0.6284,0.0184,Level 1: Green,Low / Normal Baseline Monitoring,#22c55e,Routine baseline monitoring. Safe terrain condition.
CELL_MEG_2999,26.00839,91.06117,4,Ri-Bhoi Block,484.9,24.8,0.0309,0.6284,0.0194,Level 1: Green,Low / Normal Baseline Monitoring,#22c55e,Routine baseline monitoring. Safe terrain condition.
CELL_MEG_3000,25.47747,91.94301,3,East Khasi Block,1690.3,30.3,0.0827,0.6284,0.0519,Level 1: Green,Low / Normal Baseline Monitoring,#22c55e,Routine baseline monitoring. Safe terrain condition.
CELL_MEG_3001,26.03819,90.61454,1,Garo Hills Block,97.6,31.3,0.0172,0.6284,0.0108,Level 1: Green,Low / Normal Baseline Monitoring,#22c55e,Routine baseline monitoring. Safe terrain condition.
CELL_MEG_3002,25.49536,92.22772,5,Jaintia Hills Block,1293.8,24.6,0.0185,0.6284,0.0116,Level 1: Green,Low / Normal Baseline Monitoring,#22c55e,Routine baseline monitoring. Safe terrain condition.
CELL_MEG_3003,25.67847,90.13729,1,Garo Hills Block,25.0,28.2,0.0174,0.6284,0.0109,Level 1: Green,Low / Normal Baseline Monitoring,#22c55e,Routine baseline monitoring. Safe terrain condition.
CELL_MEG_3004,25.69795,90.36958,1,Garo Hills Block,90.4,28.9,0.0294,0.6284,0.0185,Level 1: Green,Low / Normal Baseline Monitoring,#22c55e,Routine baseline monitoring. Safe terrain condition.
CELL_MEG_3005,25.57103,91.41376,2,West Khasi Block,1248.2,22.3,0.0362,0.6284,0.0227,Level 1: Green,Low / Normal Baseline Monitoring,#22c55e,Routine baseline monitoring. Safe terrain condition.
CELL_MEG_3006,25.9663,91.21061,4,Ri-Bhoi Block,780.9,15.0,0.0454,0.6284,0.0285,Level 1: Green,Low / Normal Baseline Monitoring,#22c55e,Routine baseline monitoring. Safe terrain condition.
CELL_MEG_3007,25.3218,90.50445,1,Garo Hills Block,25.0,18.6,0.0088,0.6284,0.0055,Level 1: Green,Low / Normal Baseline Monitoring,#22c55e,Routine baseline monitoring. Safe terrain condition.
CELL_MEG_3008,25.96419,90.32158,1,Garo Hills Block,112.7,24.1,0.0144,0.6284,0.0091,Level 1: Green,Low / Normal Baseline Monitoring,#22c55e,Routine baseline monitoring. Safe terrain condition.
CELL_MEG_3009,25.47994,90.37088,1,Garo Hills Block,25.0,30.1,0.031,0.6284,0.0195,Level 1: Green,Low / Normal Baseline Monitoring,#22c55e,Routine baseline monitoring. Safe terrain condition.
CELL_MEG_3010,25.85517,91.24684,4,Ri-Bhoi Block,789.4,25.8,0.0268,0.6284,0.0169,Level 1: Green,Low / Normal Baseline Monitoring,#22c55e,Routine baseline monitoring. Safe terrain condition.
CELL_MEG_3011,25.39924,90.90135,1,Garo Hills Block,503.8,26.9,0.051,0.6284,0.032,Level 1: Green,Low / Normal Baseline Monitoring,#22c55e,Routine baseline monitoring. Safe terrain condition.
CELL_MEG_3012,25.94039,91.48901,4,Ri-Bhoi Block,1069.3,16.4,0.1049,0.6284,0.0659,Level 1: Green,Low / Normal Baseline Monitoring,#22c55e,Routine baseline monitoring. Safe terrain condition.
CELL_MEG_3013,25.7953,92.53597,4,Ri-Bhoi Block,818.5,17.0,0.0241,0.6284,0.0151,Level 1: Green,Low / Normal Baseline Monitoring,#22c55e,Routine baseline monitoring. Safe terrain condition.
CELL_MEG_3014,25.99388,90.80195,1,Garo Hills Block,134.6,23.0,0.0226,0.6284,0.0142,Level 1: Green,Low / Normal Baseline Monitoring,#22c55e,Routine baseline monitoring. Safe terrain condition.
CELL_MEG_3015,26.04865,89.87587,1,Garo Hills Block,25.0,27.6,0.0117,0.6284,0.0074,Level 1: Green,Low / Normal Baseline Monitoring,#22c55e,Routine baseline monitoring. Safe terrain condition.
CELL_MEG_3016,25.42698,92.53219,5,Jaintia Hills Block,952.8,25.2,0.0267,0.6284,0.0168,Level 1: Green,Low / Normal Baseline Monitoring,#22c55e,Routine baseline monitoring. Safe terrain condition.
CELL_MEG_3017,25.31661,90.6329,1,Garo Hills Block,117.1,22.5,0.0259,0.6284,0.0163,Level 1: Green,Low / Normal Baseline Monitoring,#22c55e,Routine baseline monitoring. Safe terrain condition.
CELL_MEG_3018,25.34683,91.66756,3,East Khasi Block,1420.7,22.1,0.0305,0.6284,0.0191,Level 1: Green,Low / Normal Baseline Monitoring,#22c55e,Routine baseline monitoring. Safe terrain condition.
CELL_MEG_3019,25.4934,92.01654,5,Jaintia Hills Block,1697.6,21.1,0.2154,0.6284,0.1353,Level 2: Yellow,Advisory / Early Warning Watch,#eab308,Advisory notice. Maintenance standby and slope drainage watch.
CELL_MEG_3020,25.9865,91.85631,4,Ri-Bhoi Block,1301.4,23.0,0.0217,0.6284,0.0136,Level 1: Green,Low / Normal Baseline Monitoring,#22c55e,Routine baseline monitoring. Safe terrain condition.
CELL_MEG_3021,25.24082,92.64468,5,Jaintia Hills Block,751.6,34.5,0.0271,0.6284,0.017,Level 1: Green,Low / Normal Baseline Monitoring,#22c55e,Routine baseline monitoring. Safe terrain condition.
CELL_MEG_3022,25.30565,90.25718,1,Garo Hills Block,52.8,22.5,0.0187,0.6284,0.0117,Level 1: Green,Low / Normal Baseline Monitoring,#22c55e,Routine baseline monitoring. Safe terrain condition.
CELL_MEG_3023,25.11716,91.51832,2,West Khasi Block,1070.2,15.2,0.0489,0.6284,0.0307,Level 1: Green,Low / Normal Baseline Monitoring,#22c55e,Routine baseline monitoring. Safe terrain condition.
CELL_MEG_3024,25.14286,90.22327,1,Garo Hills Block,51.3,15.8,0.0174,0.6284,0.0109,Level 1: Green,Low / Normal Baseline Monitoring,#22c55e,Routine baseline monitoring. Safe terrain condition.
CELL_MEG_3025,25.34403,90.65904,1,Garo Hills Block,183.1,17.7,0.0196,0.6284,0.0123,Level 1: Green,Low / Normal Baseline Monitoring,#22c55e,Routine baseline monitoring. Safe terrain condition.
CELL_MEG_3026,25.67258,92.29107,4,Ri-Bhoi Block,1238.2,25.4,0.0171,0.6284,0.0107,Level 1: Green,Low / Normal Baseline Monitoring,#22c55e,Routine baseline monitoring. Safe terrain condition.
CELL_MEG_3027,25.84226,90.60058,1,Garo Hills Block,25.0,34.1,0.0168,0.6284,0.0106,Level 1: Green,Low / Normal Baseline Monitoring,#22c55e,Routine baseline monitoring. Safe terrain condition.
CELL_MEG_3028,25.28494,92.74566,5,Jaintia Hills Block,584.1,25.5,0.0409,0.6284,0.0257,Level 1: Green,Low / Normal Baseline Monitoring,#22c55e,Routine baseline monitoring. Safe terrain condition.
CELL_MEG_3029,25.02889,92.48315,5,Jaintia Hills Block,789.2,30.7,0.0219,0.6284,0.0138,Level 1: Green,Low / Normal Baseline Monitoring,#22c55e,Routine baseline monitoring. Safe terrain condition.
CELL_MEG_3030,25.23571,92.68922,5,Jaintia Hills Block,707.5,35.8,0.0347,0.6284,0.0218,Level 1: Green,Low / Normal Baseline Monitoring,#22c55e,Routine baseline monitoring. Safe terrain condition.
CELL_MEG_3031,25.38969,91.14307,2,West Khasi Block,736.9,27.3,0.0142,0.6284,0.0089,Level 1: Green,Low / Normal Baseline Monitoring,#22c55e,Routine baseline monitoring. Safe terrain condition.
CELL_MEG_3032,25.78369,91.59239,4,Ri-Bhoi Block,1295.7,23.4,0.0192,0.6284,0.0121,Level 1: Green,Low / Normal Baseline Monitoring,#22c55e,Routine baseline monitoring. Safe terrain condition.
CELL_MEG_3033,25.36337,91.48918,2,West Khasi Block,1227.4,15.3,0.039,0.6284,0.0245,Level 1: Green,Low / Normal Baseline Monitoring,#22c55e,Routine baseline monitoring. Safe terrain condition.
CELL_MEG_3034,25.80916,89.92912,1,Garo Hills Block,43.6,19.2,0.0297,0.6284,0.0186,Level 1: Green,Low / Normal Baseline Monitoring,#22c55e,Routine baseline monitoring. Safe terrain condition.
CELL_MEG_3035,25.0321,91.1971,2,West Khasi Block,668.9,28.1,0.021,0.6284,0.0132,Level 1: Green,Low / Normal Baseline Monitoring,#22c55e,Routine baseline monitoring. Safe terrain condition.
CELL_MEG_3036,25.16238,91.82625,3,East Khasi Block,1289.8,21.2,0.0329,0.6284,0.0207,Level 1: Green,Low / Normal Baseline Monitoring,#22c55e,Routine baseline monitoring. Safe terrain condition.
CELL_MEG_3037,25.25118,91.1202,2,West Khasi Block,764.0,35.2,0.0263,0.6284,0.0165,Level 1: Green,Low / Normal Baseline Monitoring,#22c55e,Routine baseline monitoring. Safe terrain condition.
CELL_MEG_3038,25.23349,91.47288,2,West Khasi Block,1166.2,26.9,0.0081,0.6284,0.0051,Level 1: Green,Low / Normal Baseline Monitoring,#22c55e,Routine baseline monitoring. Safe terrain condition.
CELL_MEG_3039,25.14534,89.87048,1,Garo Hills Block,64.4,18.5,0.017,0.6284,0.0107,Level 1: Green,Low / Normal Baseline Monitoring,#22c55e,Routine baseline monitoring. Safe terrain condition.
CELL_MEG_3040,25.07522,92.71049,5,Jaintia Hills Block,449.9,29.4,0.0216,0.6284,0.0136,Level 1: Green,Low / Normal Baseline Monitoring,#22c55e,Routine baseline monitoring. Safe terrain condition.
CELL_MEG_3041,25.17367,91.96086,3,East Khasi Block,1299.7,22.5,0.0143,0.6284,0.009,Level 1: Green,Low / Normal Baseline Monitoring,#22c55e,Routine baseline monitoring. Safe terrain condition.
CELL_MEG_3042,25.09336,90.12989,1,Garo Hills Block,25.0,22.1,0.0095,0.6284,0.006,Level 1: Green,Low / Normal Baseline Monitoring,#22c55e,Routine baseline monitoring. Safe terrain condition.
CELL_MEG_3043,26.04771,92.68175,4,Ri-Bhoi Block,484.6,34.0,0.043,0.6284,0.027,Level 1: Green,Low / Normal Baseline Monitoring,#22c55e,Routine baseline monitoring. Safe terrain condition.
CELL_MEG_3044,25.86198,91.63641,4,Ri-Bhoi Block,1266.7,35.9,0.0255,0.6284,0.016,Level 1: Green,Low / Normal Baseline Monitoring,#22c55e,Routine baseline monitoring. Safe terrain condition.
CELL_MEG_3045,25.51136,90.88635,1,Garo Hills Block,432.5,25.5,0.0434,0.6284,0.0273,Level 1: Green,Low / Normal Baseline Monitoring,#22c55e,Routine baseline monitoring. Safe terrain condition.
CELL_MEG_3046,26.04285,91.63887,4,Ri-Bhoi Block,1099.0,33.3,0.0394,0.6284,0.0248,Level 1: Green,Low / Normal Baseline Monitoring,#22c55e,Routine baseline monitoring. Safe terrain condition.
CELL_MEG_3047,25.6454,90.5073,1,Garo Hills Block,25.0,29.5,0.0232,0.6284,0.0146,Level 1: Green,Low / Normal Baseline Monitoring,#22c55e,Routine baseline monitoring. Safe terrain condition.
CELL_MEG_3048,25.07043,92.68282,5,Jaintia Hills Block,460.8,31.7,0.0172,0.6284,0.0108,Level 1: Green,Low / Normal Baseline Monitoring,#22c55e,Routine baseline monitoring. Safe terrain condition.
CELL_MEG_3049,25.35883,91.1499,2,West Khasi Block,739.9,22.2,0.021,0.6284,0.0132,Level 1: Green,Low / Normal Baseline Monitoring,#22c55e,Routine baseline monitoring. Safe terrain condition.
CELL_MEG_3050,25.14381,92.35262,5,Jaintia Hills Block,995.8,19.7,0.0671,0.6284,0.0422,Level 1: Green,Low / Normal Baseline Monitoring,#22c55e,Routine baseline monitoring. Safe terrain condition.
CELL_MEG_3051,25.04984,92.34367,5,Jaintia Hills Block,816.6,29.0,0.0301,0.6284,0.0189,Level 1: Green,Low / Normal Baseline Monitoring,#22c55e,Routine baseline monitoring. Safe terrain condition.
CELL_MEG_3052,25.17151,92.50402,5,Jaintia Hills Block,771.7,20.0,0.0292,0.6284,0.0183,Level 1: Green,Low / Normal Baseline Monitoring,#22c55e,Routine baseline monitoring. Safe terrain condition.
CELL_MEG_3053,25.80815,90.30224,1,Garo Hills Block,25.0,28.6,0.0227,0.6284,0.0143,Level 1: Green,Low / Normal Baseline Monitoring,#22c55e,Routine baseline monitoring. Safe terrain condition.
CELL_MEG_3054,25.63108,90.7536,1,Garo Hills Block,237.4,26.5,0.0164,0.6284,0.0103,Level 1: Green,Low / Normal Baseline Monitoring,#22c55e,Routine baseline monitoring. Safe terrain condition.
CELL_MEG_3055,25.21249,92.42051,5,Jaintia Hills Block,992.3,34.4,0.0337,0.6284,0.0212,Level 1: Green,Low / Normal Baseline Monitoring,#22c55e,Routine baseline monitoring. Safe terrain condition.
CELL_MEG_3056,25.45581,91.01556,2,West Khasi Block,629.0,27.9,0.0345,0.6284,0.0217,Level 1: Green,Low / Normal Baseline Monitoring,#22c55e,Routine baseline monitoring. Safe terrain condition.
CELL_MEG_3057,25.20348,90.96835,1,Garo Hills Block,406.8,23.2,0.0256,0.6284,0.0161,Level 1: Green,Low / Normal Baseline Monitoring,#22c55e,Routine baseline monitoring. Safe terrain condition.
CELL_MEG_3058,25.96135,90.90754,1,Garo Hills Block,415.3,19.5,0.021,0.6284,0.0132,Level 1: Green,Low / Normal Baseline Monitoring,#22c55e,Routine baseline monitoring. Safe terrain condition.
CELL_MEG_3059,26.04773,92.68624,4,Ri-Bhoi Block,479.8,34.0,0.0198,0.6284,0.0124,Level 1: Green,Low / Normal Baseline Monitoring,#22c55e,Routine baseline monitoring. Safe terrain condition.
CELL_MEG_3060,25.17649,90.3408,1,Garo Hills Block,25.0,27.9,0.0161,0.6284,0.0101,Level 1: Green,Low / Normal Baseline Monitoring,#22c55e,Routine baseline monitoring. Safe terrain condition.
CELL_MEG_3061,25.95169,90.99792,1,Garo Hills Block,522.7,15.7,0.065,0.6284,0.0409,Level 1: Green,Low / Normal Baseline Monitoring,#22c55e,Routine baseline monitoring. Safe terrain condition.
CELL_MEG_3062,25.02472,90.63531,1,Garo Hills Block,115.7,32.5,0.0203,0.6284,0.0128,Level 1: Green,Low / Normal Baseline Monitoring,#22c55e,Routine baseline monitoring. Safe terrain condition.
CELL_MEG_3063,25.66544,92.23776,4,Ri-Bhoi Block,1387.9,28.6,0.0308,0.6284,0.0193,Level 1: Green,Low / Normal Baseline Monitoring,#22c55e,Routine baseline monitoring. Safe terrain condition.
CELL_MEG_3064,25.16406,90.13715,1,Garo Hills Block,88.0,20.0,0.0193,0.6284,0.0122,Level 1: Green,Low / Normal Baseline Monitoring,#22c55e,Routine baseline monitoring. Safe terrain condition.
CELL_MEG_3065,26.01586,92.091,4,Ri-Bhoi Block,1081.8,24.1,0.0143,0.6284,0.009,Level 1: Green,Low / Normal Baseline Monitoring,#22c55e,Routine baseline monitoring. Safe terrain condition.
CELL_MEG_3066,25.65696,92.14602,4,Ri-Bhoi Block,1475.8,35.9,0.0306,0.6284,0.0192,Level 1: Green,Low / Normal Baseline Monitoring,#22c55e,Routine baseline monitoring. Safe terrain condition.
CELL_MEG_3067,25.48316,92.11329,5,Jaintia Hills Block,1525.7,30.6,0.0755,0.6284,0.0475,Level 1: Green,Low / Normal Baseline Monitoring,#22c55e,Routine baseline monitoring. Safe terrain condition.
CELL_MEG_3068,25.42155,90.54449,1,Garo Hills Block,35.2,32.4,0.0171,0.6284,0.0107,Level 1: Green,Low / Normal Baseline Monitoring,#22c55e,Routine baseline monitoring. Safe terrain condition.
CELL_MEG_3069,25.80733,91.08,4,Ri-Bhoi Block,732.3,28.0,0.0236,0.6284,0.0148,Level 1: Green,Low / Normal Baseline Monitoring,#22c55e,Routine baseline monitoring. Safe terrain condition.
CELL_MEG_3070,26.07989,90.86593,1,Garo Hills Block,248.9,35.3,0.0468,0.6284,0.0294,Level 1: Green,Low / Normal Baseline Monitoring,#22c55e,Routine baseline monitoring. Safe terrain condition.
CELL_MEG_3071,26.01547,92.64554,4,Ri-Bhoi Block,531.8,27.3,0.0168,0.6284,0.0106,Level 1: Green,Low / Normal Baseline Monitoring,#22c55e,Routine baseline monitoring. Safe terrain condition.
CELL_MEG_3072,25.2812,92.23458,5,Jaintia Hills Block,1214.8,24.7,0.0312,0.6284,0.0196,Level 1: Green,Low / Normal Baseline Monitoring,#22c55e,Routine baseline monitoring. Safe terrain condition.
CELL_MEG_3073,25.48772,92.59845,5,Jaintia Hills Block,840.4,25.5,0.0512,0.6284,0.0322,Level 1: Green,Low / Normal Baseline Monitoring,#22c55e,Routine baseline monitoring. Safe terrain condition.
CELL_MEG_3074,25.50613,92.07013,5,Jaintia Hills Block,1648.4,21.7,0.1609,0.6284,0.1011,Level 2: Yellow,Advisory / Early Warning Watch,#eab308,Advisory notice. Maintenance standby and slope drainage watch.
CELL_MEG_3075,25.52433,90.49479,1,Garo Hills Block,125.2,18.4,0.0346,0.6284,0.0217,Level 1: Green,Low / Normal Baseline Monitoring,#22c55e,Routine baseline monitoring. Safe terrain condition.
CELL_MEG_3076,25.2353,91.09757,2,West Khasi Block,743.6,35.9,0.0239,0.6284,0.015,Level 1: Green,Low / Normal Baseline Monitoring,#22c55e,Routine baseline monitoring. Safe terrain condition.
CELL_MEG_3077,25.83593,91.64547,4,Ri-Bhoi Block,1314.6,33.4,0.0239,0.6284,0.015,Level 1: Green,Low / Normal Baseline Monitoring,#22c55e,Routine baseline monitoring. Safe terrain condition.
CELL_MEG_3078,25.76372,90.6611,1,Garo Hills Block,113.6,17.5,0.041,0.6284,0.0258,Level 1: Green,Low / Normal Baseline Monitoring,#22c55e,Routine baseline monitoring. Safe terrain condition.
CELL_MEG_3079,25.53995,89.93541,1,Garo Hills Block,33.1,14.4,0.087,0.6284,0.0547,Level 1: Green,Low / Normal Baseline Monitoring,#22c55e,Routine baseline monitoring. Safe terrain condition.
CELL_MEG_3080,25.90293,92.81917,4,Ri-Bhoi Block,421.1,22.8,0.0807,0.6284,0.0507,Level 1: Green,Low / Normal Baseline Monitoring,#22c55e,Routine baseline monitoring. Safe terrain condition.
CELL_MEG_3081,25.45943,89.83344,1,Garo Hills Block,65.0,33.8,0.0274,0.6284,0.0172,Level 1: Green,Low / Normal Baseline Monitoring,#22c55e,Routine baseline monitoring. Safe terrain condition.
CELL_MEG_3082,25.20338,91.79021,3,East Khasi Block,1385.7,24.3,0.0469,0.6284,0.0295,Level 1: Green,Low / Normal Baseline Monitoring,#22c55e,Routine baseline monitoring. Safe terrain condition.
CELL_MEG_3083,25.68105,92.20299,4,Ri-Bhoi Block,1446.8,31.3,0.016,0.6284,0.0101,Level 1: Green,Low / Normal Baseline Monitoring,#22c55e,Routine baseline monitoring. Safe terrain condition.
CELL_MEG_3084,25.29419,92.12908,5,Jaintia Hills Block,1350.4,28.4,0.0487,0.6284,0.0306,Level 1: Green,Low / Normal Baseline Monitoring,#22c55e,Routine baseline monitoring. Safe terrain condition.
CELL_MEG_3085,25.76302,90.78458,1,Garo Hills Block,291.0,19.7,0.0562,0.6284,0.0353,Level 1: Green,Low / Normal Baseline Monitoring,#22c55e,Routine baseline monitoring. Safe terrain condition.
CELL_MEG_3086,25.60913,90.24918,1,Garo Hills Block,46.2,25.2,0.0139,0.6284,0.0087,Level 1: Green,Low / Normal Baseline Monitoring,#22c55e,Routine baseline monitoring. Safe terrain condition.
CELL_MEG_3087,25.50877,92.48765,5,Jaintia Hills Block,933.1,22.5,0.1005,0.6284,0.0632,Level 1: Green,Low / Normal Baseline Monitoring,#22c55e,Routine baseline monitoring. Safe terrain condition.
CELL_MEG_3088,25.47489,92.36068,5,Jaintia Hills Block,1214.0,30.3,0.0622,0.6284,0.0391,Level 1: Green,Low / Normal Baseline Monitoring,#22c55e,Routine baseline monitoring. Safe terrain condition.
CELL_MEG_3089,25.65747,90.38522,1,Garo Hills Block,65.8,31.1,0.0149,0.6284,0.0093,Level 1: Green,Low / Normal Baseline Monitoring,#22c55e,Routine baseline monitoring. Safe terrain condition.
CELL_MEG_3090,25.64759,91.34325,2,West Khasi Block,1084.3,34.9,0.0257,0.6284,0.0161,Level 1: Green,Low / Normal Baseline Monitoring,#22c55e,Routine baseline monitoring. Safe terrain condition.
CELL_MEG_3091,25.45053,90.16487,1,Garo Hills Block,51.2,26.8,0.0125,0.6284,0.0078,Level 1: Green,Low / Normal Baseline Monitoring,#22c55e,Routine baseline monitoring. Safe terrain condition.
CELL_MEG_3092,25.47004,90.02192,1,Garo Hills Block,25.0,32.8,0.0261,0.6284,0.0164,Level 1: Green,Low / Normal Baseline Monitoring,#22c55e,Routine baseline monitoring. Safe terrain condition.
CELL_MEG_3093,25.12667,91.06855,2,West Khasi Block,561.1,22.2,0.0374,0.6284,0.0235,Level 1: Green,Low / Normal Baseline Monitoring,#22c55e,Routine baseline monitoring. Safe terrain condition.
CELL_MEG_3094,25.34981,92.62291,5,Jaintia Hills Block,735.6,20.5,0.0605,0.6284,0.038,Level 1: Green,Low / Normal Baseline Monitoring,#22c55e,Routine baseline monitoring. Safe terrain condition.
CELL_MEG_3095,25.42576,92.11147,5,Jaintia Hills Block,1471.4,32.5,0.0284,0.6284,0.0178,Level 1: Green,Low / Normal Baseline Monitoring,#22c55e,Routine baseline monitoring. Safe terrain condition.
CELL_MEG_3096,25.59267,91.94746,3,East Khasi Block,1729.9,24.1,0.063,0.6284,0.0396,Level 1: Green,Low / Normal Baseline Monitoring,#22c55e,Routine baseline monitoring. Safe terrain condition.
CELL_MEG_3097,25.30092,92.67281,5,Jaintia Hills Block,667.9,28.0,0.0598,0.6284,0.0376,Level 1: Green,Low / Normal Baseline Monitoring,#22c55e,Routine baseline monitoring. Safe terrain condition.
CELL_MEG_3098,25.5925,92.33554,5,Jaintia Hills Block,1226.0,21.3,0.1664,0.6284,0.1046,Level 2: Yellow,Advisory / Early Warning Watch,#eab308,Advisory notice. Maintenance standby and slope drainage watch.
CELL_MEG_3099,25.41425,90.10564,1,Garo Hills Block,25.0,30.5,0.0043,0.6284,0.0027,Level 1: Green,Low / Normal Baseline Monitoring,#22c55e,Routine baseline monitoring. Safe terrain condition.
CELL_MEG_3100,25.74761,89.82367,1,Garo Hills Block,25.4,23.5,0.0274,0.6284,0.0172,Level 1: Green,Low / Normal Baseline Monitoring,#22c55e,Routine baseline monitoring. Safe terrain condition.
CELL_MEG_3101,25.53332,90.38805,1,Garo Hills Block,26.2,19.7,0.0285,0.6284,0.0179,Level 1: Green,Low / Normal Baseline Monitoring,#22c55e,Routine baseline monitoring. Safe terrain condition.
CELL_MEG_3102,25.69757,92.78723,4,Ri-Bhoi Block,611.3,22.6,0.1189,0.6284,0.0747,Level 1: Green,Low / Normal Baseline Monitoring,#22c55e,Routine baseline monitoring. Safe terrain condition.
CELL_MEG_3103,25.52155,92.29337,5,Jaintia Hills Block,1285.2,16.4,0.1486,0.6284,0.0934,Level 1: Green,Low / Normal Baseline Monitoring,#22c55e,Routine baseline monitoring. Safe terrain condition.
CELL_MEG_3104,25.56841,91.31231,2,West Khasi Block,1024.0,20.9,0.0349,0.6284,0.0219,Level 1: Green,Low / Normal Baseline Monitoring,#22c55e,Routine baseline monitoring. Safe terrain condition.
CELL_MEG_3105,26.02486,92.5144,4,Ri-Bhoi Block,812.0,21.7,0.0224,0.6284,0.0141,Level 1: Green,Low / Normal Baseline Monitoring,#22c55e,Routine baseline monitoring. Safe terrain condition.
CELL_MEG_3106,25.86867,90.70358,1,Garo Hills Block,129.7,26.1,0.013,0.6284,0.0082,Level 1: Green,Low / Normal Baseline Monitoring,#22c55e,Routine baseline monitoring. Safe terrain condition.
CELL_MEG_3107,25.60861,90.48289,1,Garo Hills Block,37.2,22.2,0.0204,0.6284,0.0128,Level 1: Green,Low / Normal Baseline Monitoring,#22c55e,Routine baseline monitoring. Safe terrain condition.
CELL_MEG_3108,25.49943,91.27685,2,West Khasi Block,931.6,22.1,0.0502,0.6284,0.0316,Level 1: Green,Low / Normal Baseline Monitoring,#22c55e,Routine baseline monitoring. Safe terrain condition.
CELL_MEG_3109,25.91817,92.53289,4,Ri-Bhoi Block,800.7,20.2,0.0826,0.6284,0.0519,Level 1: Green,Low / Normal Baseline Monitoring,#22c55e,Routine baseline monitoring. Safe terrain condition.
CELL_MEG_3110,25.46779,89.854,1,Garo Hills Block,79.3,30.9,0.0232,0.6284,0.0146,Level 1: Green,Low / Normal Baseline Monitoring,#22c55e,Routine baseline monitoring. Safe terrain condition.
CELL_MEG_3111,25.95072,90.33155,1,Garo Hills Block,95.3,24.9,0.0193,0.6284,0.0121,Level 1: Green,Low / Normal Baseline Monitoring,#22c55e,Routine baseline monitoring. Safe terrain condition.
CELL_MEG_3112,25.69163,89.87616,1,Garo Hills Block,25.0,26.4,0.0194,0.6284,0.0122,Level 1: Green,Low / Normal Baseline Monitoring,#22c55e,Routine baseline monitoring. Safe terrain condition.
CELL_MEG_3113,25.45147,92.80718,5,Jaintia Hills Block,538.0,25.9,0.0354,0.6284,0.0222,Level 1: Green,Low / Normal Baseline Monitoring,#22c55e,Routine baseline monitoring. Safe terrain condition.
CELL_MEG_3114,25.12875,91.09226,2,West Khasi Block,592.9,23.8,0.0232,0.6284,0.0146,Level 1: Green,Low / Normal Baseline Monitoring,#22c55e,Routine baseline monitoring. Safe terrain condition.
CELL_MEG_3115,25.35172,92.56052,5,Jaintia Hills Block,912.9,14.5,0.088,0.6284,0.0553,Level 1: Green,Low / Normal Baseline Monitoring,#22c55e,Routine baseline monitoring. Safe terrain condition.
CELL_MEG_3116,25.95889,90.52498,1,Garo Hills Block,25.0,20.3,0.0083,0.6284,0.0052,Level 1: Green,Low / Normal Baseline Monitoring,#22c55e,Routine baseline monitoring. Safe terrain condition.
CELL_MEG_3117,25.10768,91.71277,3,East Khasi Block,1150.9,18.6,0.0477,0.6284,0.03,Level 1: Green,Low / Normal Baseline Monitoring,#22c55e,Routine baseline monitoring. Safe terrain condition.
CELL_MEG_3118,25.38328,91.84986,3,East Khasi Block,1667.4,25.7,0.0503,0.6284,0.0316,Level 1: Green,Low / Normal Baseline Monitoring,#22c55e,Routine baseline monitoring. Safe terrain condition.
CELL_MEG_3119,25.05469,90.20687,1,Garo Hills Block,25.0,24.6,0.0073,0.6284,0.0046,Level 1: Green,Low / Normal Baseline Monitoring,#22c55e,Routine baseline monitoring. Safe terrain condition.
CELL_MEG_3120,25.76128,90.44773,1,Garo Hills Block,45.3,14.0,0.2454,0.6284,0.1542,Level 3: Orange,Warning / Heightened Hazard Alert,#f97316,Heightened warning. Travel caution and heavy transport limits.
CELL_MEG_3121,25.94619,89.9787,1,Garo Hills Block,83.4,18.8,0.078,0.6284,0.049,Level 1: Green,Low / Normal Baseline Monitoring,#22c55e,Routine baseline monitoring. Safe terrain condition.
CELL_MEG_3122,25.25272,92.84561,5,Jaintia Hills Block,379.6,27.3,0.0946,0.6284,0.0594,Level 1: Green,Low / Normal Baseline Monitoring,#22c55e,Routine baseline monitoring. Safe terrain condition.
CELL_MEG_3123,25.48772,91.94405,3,East Khasi Block,1694.1,28.6,0.1464,0.6284,0.092,Level 1: Green,Low / Normal Baseline Monitoring,#22c55e,Routine baseline monitoring. Safe terrain condition.
CELL_MEG_3124,25.21728,91.6601,3,East Khasi Block,1298.6,33.7,0.0311,0.6284,0.0195,Level 1: Green,Low / Normal Baseline Monitoring,#22c55e,Routine baseline monitoring. Safe terrain condition.
CELL_MEG_3125,25.80419,90.75915,1,Garo Hills Block,292.1,21.1,0.0146,0.6284,0.0092,Level 1: Green,Low / Normal Baseline Monitoring,#22c55e,Routine baseline monitoring. Safe terrain condition.
CELL_MEG_3126,25.91521,91.64042,4,Ri-Bhoi Block,1237.0,30.4,0.0378,0.6284,0.0238,Level 1: Green,Low / Normal Baseline Monitoring,#22c55e,Routine baseline monitoring. Safe terrain condition.
CELL_MEG_3127,25.44025,91.50081,2,West Khasi Block,1297.8,25.9,0.0386,0.6284,0.0242,Level 1: Green,Low / Normal Baseline Monitoring,#22c55e,Routine baseline monitoring. Safe terrain condition.
CELL_MEG_3128,25.6429,90.30488,1,Garo Hills Block,101.7,35.2,0.021,0.6284,0.0132,Level 1: Green,Low / Normal Baseline Monitoring,#22c55e,Routine baseline monitoring. Safe terrain condition.
CELL_MEG_3129,25.45495,90.84746,1,Garo Hills Block,404.4,35.8,0.0381,0.6284,0.024,Level 1: Green,Low / Normal Baseline Monitoring,#22c55e,Routine baseline monitoring. Safe terrain condition.
CELL_MEG_3130,25.45297,92.12139,5,Jaintia Hills Block,1487.0,34.5,0.0785,0.6284,0.0493,Level 1: Green,Low / Normal Baseline Monitoring,#22c55e,Routine baseline monitoring. Safe terrain condition.
CELL_MEG_3131,25.54114,92.66796,5,Jaintia Hills Block,826.3,24.2,0.0871,0.6284,0.0547,Level 1: Green,Low / Normal Baseline Monitoring,#22c55e,Routine baseline monitoring. Safe terrain condition.
CELL_MEG_3132,25.33717,91.0679,2,West Khasi Block,624.9,22.1,0.0363,0.6284,0.0228,Level 1: Green,Low / Normal Baseline Monitoring,#22c55e,Routine baseline monitoring. Safe terrain condition.
CELL_MEG_3133,25.86991,91.46537,4,Ri-Bhoi Block,1160.2,27.5,0.0161,0.6284,0.0101,Level 1: Green,Low / Normal Baseline Monitoring,#22c55e,Routine baseline monitoring. Safe terrain condition.
CELL_MEG_3134,25.61079,89.96269,1,Garo Hills Block,52.4,22.8,0.0203,0.6284,0.0127,Level 1: Green,Low / Normal Baseline Monitoring,#22c55e,Routine baseline monitoring. Safe terrain condition.
CELL_MEG_3135,25.45049,90.62574,1,Garo Hills Block,82.5,33.5,0.0277,0.6284,0.0174,Level 1: Green,Low / Normal Baseline Monitoring,#22c55e,Routine baseline monitoring. Safe terrain condition.
CELL_MEG_3136,26.09928,90.74048,1,Garo Hills Block,99.2,25.5,0.0218,0.6284,0.0137,Level 1: Green,Low / Normal Baseline Monitoring,#22c55e,Routine baseline monitoring. Safe terrain condition.
CELL_MEG_3137,25.38819,91.45778,2,West Khasi Block,1159.5,21.1,0.0359,0.6284,0.0226,Level 1: Green,Low / Normal Baseline Monitoring,#22c55e,Routine baseline monitoring. Safe terrain condition.
CELL_MEG_3138,25.92778,92.49427,4,Ri-Bhoi Block,854.6,21.7,0.0412,0.6284,0.0259,Level 1: Green,Low / Normal Baseline Monitoring,#22c55e,Routine baseline monitoring. Safe terrain condition.
CELL_MEG_3139,25.19323,90.8357,1,Garo Hills Block,356.1,31.3,0.0176,0.6284,0.0111,Level 1: Green,Low / Normal Baseline Monitoring,#22c55e,Routine baseline monitoring. Safe terrain condition.
CELL_MEG_3140,25.38204,89.92824,1,Garo Hills Block,45.2,17.8,0.0235,0.6284,0.0147,Level 1: Green,Low / Normal Baseline Monitoring,#22c55e,Routine baseline monitoring. Safe terrain condition.
CELL_MEG_3141,25.6661,92.4072,4,Ri-Bhoi Block,1043.4,35.6,0.047,0.6284,0.0295,Level 1: Green,Low / Normal Baseline Monitoring,#22c55e,Routine baseline monitoring. Safe terrain condition.
CELL_MEG_3142,25.4321,92.05711,5,Jaintia Hills Block,1527.7,27.1,0.0515,0.6284,0.0324,Level 1: Green,Low / Normal Baseline Monitoring,#22c55e,Routine baseline monitoring. Safe terrain condition.
CELL_MEG_3143,25.69792,90.94573,1,Garo Hills Block,606.5,23.1,0.0724,0.6284,0.0455,Level 1: Green,Low / Normal Baseline Monitoring,#22c55e,Routine baseline monitoring. Safe terrain condition.
CELL_MEG_3144,25.17234,91.96344,3,East Khasi Block,1300.5,22.0,0.0145,0.6284,0.0091,Level 1: Green,Low / Normal Baseline Monitoring,#22c55e,Routine baseline monitoring. Safe terrain condition.
CELL_MEG_3145,25.94293,91.89186,4,Ri-Bhoi Block,1340.1,25.9,0.0335,0.6284,0.0211,Level 1: Green,Low / Normal Baseline Monitoring,#22c55e,Routine baseline monitoring. Safe terrain condition.
CELL_MEG_3146,25.03931,90.45951,1,Garo Hills Block,25.0,25.8,0.0138,0.6284,0.0087,Level 1: Green,Low / Normal Baseline Monitoring,#22c55e,Routine baseline monitoring. Safe terrain condition.
CELL_MEG_3147,25.09504,91.53968,2,West Khasi Block,1097.0,19.7,0.0535,0.6284,0.0336,Level 1: Green,Low / Normal Baseline Monitoring,#22c55e,Routine baseline monitoring. Safe terrain condition.
CELL_MEG_3148,25.837,90.13727,1,Garo Hills Block,118.3,27.4,0.0105,0.6284,0.0066,Level 1: Green,Low / Normal Baseline Monitoring,#22c55e,Routine baseline monitoring. Safe terrain condition.
CELL_MEG_3149,25.92541,91.4943,4,Ri-Bhoi Block,1095.3,18.7,0.0385,0.6284,0.0242,Level 1: Green,Low / Normal Baseline Monitoring,#22c55e,Routine baseline monitoring. Safe terrain condition.
CELL_MEG_3150,25.76517,92.76278,4,Ri-Bhoi Block,576.9,16.7,0.0371,0.6284,0.0233,Level 1: Green,Low / Normal Baseline Monitoring,#22c55e,Routine baseline monitoring. Safe terrain condition.
CELL_MEG_3151,25.11038,92.54873,5,Jaintia Hills Block,760.4,15.3,0.06,0.6284,0.0377,Level 1: Green,Low / Normal Baseline Monitoring,#22c55e,Routine baseline monitoring. Safe terrain condition.
CELL_MEG_3152,25.15619,90.99852,1,Garo Hills Block,477.2,16.2,0.0218,0.6284,0.0137,Level 1: Green,Low / Normal Baseline Monitoring,#22c55e,Routine baseline monitoring. Safe terrain condition.
CELL_MEG_3153,25.93955,92.56408,4,Ri-Bhoi Block,770.3,16.9,0.0321,0.6284,0.0202,Level 1: Green,Low / Normal Baseline Monitoring,#22c55e,Routine baseline monitoring. Safe terrain condition.
CELL_MEG_3154,25.56688,91.61202,3,East Khasi Block,1429.8,24.2,0.6726,0.6284,0.4227,Level 4: Red,Critical / Immediate Action Trigger,#ef4444,Critical landslide hazard. Immediate emergency protocols and slope closures.
CELL_MEG_3155,25.7848,92.33991,4,Ri-Bhoi Block,1161.9,19.3,0.0488,0.6284,0.0307,Level 1: Green,Low / Normal Baseline Monitoring,#22c55e,Routine baseline monitoring. Safe terrain condition.
CELL_MEG_3156,25.15123,92.27071,5,Jaintia Hills Block,1060.2,15.2,0.0734,0.6284,0.0462,Level 1: Green,Low / Normal Baseline Monitoring,#22c55e,Routine baseline monitoring. Safe terrain condition.
