supervised_id,observation_date,spatial_block,latitude,longitude,y_true,label_name,static_susceptibility_P_S,dynamic_trigger_P_D,coupled_risk_score,alert_tier_code,alert_tier_name,recommended_action
POS_0001,2018-05-07,Jaintia Hills Block,25.09178,92.35469,1,Confirmed_Landslide,0.4759,0.4604,0.2191,Level 3: Orange,Warning / Heightened Hazard Alert,Issue public travel advisories. Restrict heavy traffic on unstable corridors.
POS_0002,2007-07-31,Jaintia Hills Block,25.12186,92.388583,1,Confirmed_Landslide,0.6166,0.895,0.5519,Level 4: Red,Critical / Immediate Action Trigger,"High danger of slope failure. Deploy emergency teams, trigger road closures."
POS_0003,2007-07-31,Jaintia Hills Block,25.134194,92.383528,1,Confirmed_Landslide,0.7455,0.5789,0.4316,Level 4: Red,Critical / Immediate Action Trigger,"High danger of slope failure. Deploy emergency teams, trigger road closures."
POS_0004,2008-08-12,West Khasi Block,25.201,91.234,1,Confirmed_Landslide,0.9176,0.4484,0.4115,Level 4: Red,Critical / Immediate Action Trigger,"High danger of slope failure. Deploy emergency teams, trigger road closures."
POS_0005,2008-08-10,West Khasi Block,25.20283,91.20908,1,Confirmed_Landslide,0.9292,0.4658,0.4328,Level 4: Red,Critical / Immediate Action Trigger,"High danger of slope failure. Deploy emergency teams, trigger road closures."
POS_0006,2008-08-17,West Khasi Block,25.23707,91.43212,1,Confirmed_Landslide,0.8403,0.7571,0.6362,Level 4: Red,Critical / Immediate Action Trigger,"High danger of slope failure. Deploy emergency teams, trigger road closures."
POS_0007,2024-05-30,East Khasi Block,25.282369,91.738744,1,Confirmed_Landslide,0.5614,0.4416,0.2479,Level 3: Orange,Warning / Heightened Hazard Alert,Issue public travel advisories. Restrict heavy traffic on unstable corridors.
POS_0008,2022-04-04,East Khasi Block,25.296,91.932,1,Confirmed_Landslide,0.4924,0.0134,0.0066,Level 1: Green,Low / Normal Baseline Monitoring,No immediate action required. Routine meteorological monitoring.
POS_0009,2009-06-29,East Khasi Block,25.300389,91.726722,1,Confirmed_Landslide,0.681,0.1297,0.0883,Level 2: Yellow,Advisory / Early Warning Watch,Maintenance crews on standby. Monitor vulnerable road cut slopes.
POS_0010,2013-08-06,West Khasi Block,25.31458,91.45242,1,Confirmed_Landslide,0.8249,0.3324,0.2742,Level 3: Orange,Warning / Heightened Hazard Alert,Issue public travel advisories. Restrict heavy traffic on unstable corridors.
POS_0011,2007-07-19,West Khasi Block,25.31488,91.44913,1,Confirmed_Landslide,0.8028,0.9227,0.7407,Level 4: Red,Critical / Immediate Action Trigger,"High danger of slope failure. Deploy emergency teams, trigger road closures."
POS_0012,2007-07-19,West Khasi Block,25.31488,91.33367,1,Confirmed_Landslide,0.8747,0.7874,0.6887,Level 4: Red,Critical / Immediate Action Trigger,"High danger of slope failure. Deploy emergency teams, trigger road closures."
POS_0013,2007-07-19,East Khasi Block,25.315176,91.923021,1,Confirmed_Landslide,0.3757,0.9044,0.3398,Level 3: Orange,Warning / Heightened Hazard Alert,Issue public travel advisories. Restrict heavy traffic on unstable corridors.
POS_0014,2007-07-19,West Khasi Block,25.31848,91.45262,1,Confirmed_Landslide,0.8266,0.9227,0.7627,Level 4: Red,Critical / Immediate Action Trigger,"High danger of slope failure. Deploy emergency teams, trigger road closures."
POS_0015,2007-07-19,East Khasi Block,25.320833,91.9275,1,Confirmed_Landslide,0.2589,0.8722,0.2258,Level 3: Orange,Warning / Heightened Hazard Alert,Issue public travel advisories. Restrict heavy traffic on unstable corridors.
POS_0016,2024-05-28,Jaintia Hills Block,25.375392,92.431275,1,Confirmed_Landslide,0.9462,0.8354,0.7905,Level 4: Red,Critical / Immediate Action Trigger,"High danger of slope failure. Deploy emergency teams, trigger road closures."
POS_0017,2007-06-16,West Khasi Block,25.38803,91.46977,1,Confirmed_Landslide,0.9723,0.5097,0.4956,Level 4: Red,Critical / Immediate Action Trigger,"High danger of slope failure. Deploy emergency teams, trigger road closures."
POS_0018,2007-06-16,West Khasi Block,25.40023,91.5159,1,Confirmed_Landslide,0.9206,0.5334,0.491,Level 4: Red,Critical / Immediate Action Trigger,"High danger of slope failure. Deploy emergency teams, trigger road closures."
POS_0019,2007-08-18,West Khasi Block,25.4013,91.45855,1,Confirmed_Landslide,0.7861,0.4601,0.3617,Level 4: Red,Critical / Immediate Action Trigger,"High danger of slope failure. Deploy emergency teams, trigger road closures."
POS_0020,2007-08-18,Garo Hills Block,25.403061,90.724166,1,Confirmed_Landslide,0.6177,0.4659,0.2878,Level 3: Orange,Warning / Heightened Hazard Alert,Issue public travel advisories. Restrict heavy traffic on unstable corridors.
POS_0021,2007-08-18,West Khasi Block,25.40547,91.53712,1,Confirmed_Landslide,0.9051,0.4609,0.4172,Level 4: Red,Critical / Immediate Action Trigger,"High danger of slope failure. Deploy emergency teams, trigger road closures."
POS_0022,2007-08-18,East Khasi Block,25.407917,91.998889,1,Confirmed_Landslide,0.9293,0.1586,0.1474,Level 2: Yellow,Advisory / Early Warning Watch,Maintenance crews on standby. Monitor vulnerable road cut slopes.
POS_0023,2007-08-18,West Khasi Block,25.425,91.405,1,Confirmed_Landslide,0.8778,0.3915,0.3437,Level 3: Orange,Warning / Heightened Hazard Alert,Issue public travel advisories. Restrict heavy traffic on unstable corridors.
POS_0024,2009-07-17,East Khasi Block,25.43561,91.862056,1,Confirmed_Landslide,0.9113,0.1899,0.1731,Level 3: Orange,Warning / Heightened Hazard Alert,Issue public travel advisories. Restrict heavy traffic on unstable corridors.
POS_0025,2007-07-17,West Khasi Block,25.44465,91.34622,1,Confirmed_Landslide,0.9404,0.6081,0.5719,Level 4: Red,Critical / Immediate Action Trigger,"High danger of slope failure. Deploy emergency teams, trigger road closures."
POS_0026,2007-07-25,West Khasi Block,25.50335,91.28335,1,Confirmed_Landslide,0.8737,0.8063,0.7045,Level 4: Red,Critical / Immediate Action Trigger,"High danger of slope failure. Deploy emergency teams, trigger road closures."
POS_0027,2007-07-19,East Khasi Block,25.503681,91.723422,1,Confirmed_Landslide,0.8731,0.8943,0.7808,Level 4: Red,Critical / Immediate Action Trigger,"High danger of slope failure. Deploy emergency teams, trigger road closures."
POS_0028,2007-07-19,West Khasi Block,25.50667,91.28318,1,Confirmed_Landslide,0.9811,0.8678,0.8514,Level 4: Red,Critical / Immediate Action Trigger,"High danger of slope failure. Deploy emergency teams, trigger road closures."
POS_0029,2007-07-27,Garo Hills Block,25.51028,90.21678,1,Confirmed_Landslide,0.906,0.8034,0.7279,Level 4: Red,Critical / Immediate Action Trigger,"High danger of slope failure. Deploy emergency teams, trigger road closures."
POS_0030,2007-07-25,West Khasi Block,25.51973,91.28443,1,Confirmed_Landslide,0.9923,0.8063,0.8001,Level 4: Red,Critical / Immediate Action Trigger,"High danger of slope failure. Deploy emergency teams, trigger road closures."
POS_0031,2007-07-25,West Khasi Block,25.5208,91.25985,1,Confirmed_Landslide,0.7882,0.7576,0.5971,Level 4: Red,Critical / Immediate Action Trigger,"High danger of slope failure. Deploy emergency teams, trigger road closures."
POS_0032,2009-07-01,Jaintia Hills Block,25.54231,92.1,1,Confirmed_Landslide,0.6189,0.1119,0.0693,Level 2: Yellow,Advisory / Early Warning Watch,Maintenance crews on standby. Monitor vulnerable road cut slopes.
POS_0033,2009-07-01,Jaintia Hills Block,25.54261,92.10867,1,Confirmed_Landslide,0.913,0.1119,0.1022,Level 2: Yellow,Advisory / Early Warning Watch,Maintenance crews on standby. Monitor vulnerable road cut slopes.
POS_0034,2009-07-01,Jaintia Hills Block,25.54261,92.09842,1,Confirmed_Landslide,0.8511,0.1119,0.0952,Level 2: Yellow,Advisory / Early Warning Watch,Maintenance crews on standby. Monitor vulnerable road cut slopes.
POS_0035,2009-07-01,Jaintia Hills Block,25.54264,92.10214,1,Confirmed_Landslide,0.9533,0.1119,0.1067,Level 2: Yellow,Advisory / Early Warning Watch,Maintenance crews on standby. Monitor vulnerable road cut slopes.
POS_0036,2009-07-01,Jaintia Hills Block,25.54328,92.10478,1,Confirmed_Landslide,0.0943,0.1119,0.0106,Level 1: Green,Low / Normal Baseline Monitoring,No immediate action required. Routine meteorological monitoring.
POS_0037,2007-09-08,East Khasi Block,25.56667,91.90194,1,Confirmed_Landslide,0.9242,0.8409,0.7772,Level 4: Red,Critical / Immediate Action Trigger,"High danger of slope failure. Deploy emergency teams, trigger road closures."
POS_0038,2014-09-23,East Khasi Block,25.57822,91.86545,1,Confirmed_Landslide,0.9742,0.8263,0.805,Level 4: Red,Critical / Immediate Action Trigger,"High danger of slope failure. Deploy emergency teams, trigger road closures."
POS_0039,2024-05-27,East Khasi Block,25.6251,91.9118,1,Confirmed_Landslide,0.9871,0.0187,0.0185,Level 1: Green,Low / Normal Baseline Monitoring,No immediate action required. Routine meteorological monitoring.
POS_0040,2017-06-17,Ri-Bhoi Block,25.663444,91.915944,1,Confirmed_Landslide,0.9478,0.3454,0.3274,Level 3: Orange,Warning / Heightened Hazard Alert,Issue public travel advisories. Restrict heavy traffic on unstable corridors.
POS_0041,2007-09-15,Ri-Bhoi Block,25.68625,91.118358,1,Confirmed_Landslide,0.7758,0.535,0.4151,Level 4: Red,Critical / Immediate Action Trigger,"High danger of slope failure. Deploy emergency teams, trigger road closures."
POS_0042,2007-09-15,Ri-Bhoi Block,25.687056,91.6485,1,Confirmed_Landslide,0.9917,0.3419,0.3391,Level 3: Orange,Warning / Heightened Hazard Alert,Issue public travel advisories. Restrict heavy traffic on unstable corridors.
POS_0043,2007-09-15,Ri-Bhoi Block,25.69483,91.11836,1,Confirmed_Landslide,0.9179,0.535,0.4911,Level 4: Red,Critical / Immediate Action Trigger,"High danger of slope failure. Deploy emergency teams, trigger road closures."
POS_0044,2007-09-15,Ri-Bhoi Block,25.695552,91.903777,1,Confirmed_Landslide,0.8044,0.4737,0.381,Level 4: Red,Critical / Immediate Action Trigger,"High danger of slope failure. Deploy emergency teams, trigger road closures."
POS_0045,2014-09-23,Ri-Bhoi Block,26.00294,91.86692,1,Confirmed_Landslide,0.9789,0.882,0.8634,Level 4: Red,Critical / Immediate Action Trigger,"High danger of slope failure. Deploy emergency teams, trigger road closures."
POS_0046,2014-08-23,Ri-Bhoi Block,26.01061,91.86886,1,Confirmed_Landslide,0.9398,0.2471,0.2322,Level 3: Orange,Warning / Heightened Hazard Alert,Issue public travel advisories. Restrict heavy traffic on unstable corridors.
POS_0047,2014-09-20,Ri-Bhoi Block,26.02547,91.87158,1,Confirmed_Landslide,0.9924,0.1566,0.1554,Level 3: Orange,Warning / Heightened Hazard Alert,Issue public travel advisories. Restrict heavy traffic on unstable corridors.
POS_0048,2020-05-25,Jaintia Hills Block,25.477047,92.168313,1,Confirmed_Landslide,0.954,0.0432,0.0412,Level 1: Green,Low / Normal Baseline Monitoring,No immediate action required. Routine meteorological monitoring.
POS_0049,2020-05-26,Jaintia Hills Block,25.463079,92.254261,1,Confirmed_Landslide,0.9577,0.7877,0.7544,Level 4: Red,Critical / Immediate Action Trigger,"High danger of slope failure. Deploy emergency teams, trigger road closures."
POS_0050,2024-10-04,East Khasi Block,25.566733,91.914619,1,Confirmed_Landslide,0.9666,0.9202,0.8895,Level 4: Red,Critical / Immediate Action Trigger,"High danger of slope failure. Deploy emergency teams, trigger road closures."
POS_0051,2020-06-26,Jaintia Hills Block,25.284226,92.112942,1,Confirmed_Landslide,0.8353,0.7449,0.6222,Level 4: Red,Critical / Immediate Action Trigger,"High danger of slope failure. Deploy emergency teams, trigger road closures."
POS_0052,2020-05-26,Jaintia Hills Block,25.284229,92.113149,1,Confirmed_Landslide,0.8382,0.698,0.5851,Level 4: Red,Critical / Immediate Action Trigger,"High danger of slope failure. Deploy emergency teams, trigger road closures."
POS_0053,2024-06-15,West Khasi Block,25.29967,91.46108,1,Confirmed_Landslide,0.9004,0.8793,0.7917,Level 4: Red,Critical / Immediate Action Trigger,"High danger of slope failure. Deploy emergency teams, trigger road closures."
POS_0054,2024-06-17,West Khasi Block,25.29667,91.45986,1,Confirmed_Landslide,0.978,0.8624,0.8434,Level 4: Red,Critical / Immediate Action Trigger,"High danger of slope failure. Deploy emergency teams, trigger road closures."
POS_0055,2024-06-17,West Khasi Block,25.2975,91.46167,1,Confirmed_Landslide,0.6014,0.8624,0.5186,Level 4: Red,Critical / Immediate Action Trigger,"High danger of slope failure. Deploy emergency teams, trigger road closures."
POS_0056,2024-06-17,West Khasi Block,25.29739,91.46201,1,Confirmed_Landslide,0.9452,0.8624,0.8151,Level 4: Red,Critical / Immediate Action Trigger,"High danger of slope failure. Deploy emergency teams, trigger road closures."
POS_0057,2024-06-15,West Khasi Block,25.29778,91.45972,1,Confirmed_Landslide,0.9862,0.8793,0.8672,Level 4: Red,Critical / Immediate Action Trigger,"High danger of slope failure. Deploy emergency teams, trigger road closures."
POS_0058,2025-07-06,Ri-Bhoi Block,25.809088,91.875238,1,Confirmed_Landslide,0.9473,0.1878,0.1779,Level 3: Orange,Warning / Heightened Hazard Alert,Issue public travel advisories. Restrict heavy traffic on unstable corridors.
POS_0059,2024-07-06,Ri-Bhoi Block,25.781246,91.874475,1,Confirmed_Landslide,0.8961,0.6586,0.5902,Level 4: Red,Critical / Immediate Action Trigger,"High danger of slope failure. Deploy emergency teams, trigger road closures."
POS_0060,2025-05-30,East Khasi Block,25.465167,91.824944,1,Confirmed_Landslide,0.7988,0.8301,0.6631,Level 4: Red,Critical / Immediate Action Trigger,"High danger of slope failure. Deploy emergency teams, trigger road closures."
POS_0061,2025-05-30,East Khasi Block,25.422278,91.867694,1,Confirmed_Landslide,0.7465,0.8586,0.6409,Level 4: Red,Critical / Immediate Action Trigger,"High danger of slope failure. Deploy emergency teams, trigger road closures."
POS_0062,2025-05-30,East Khasi Block,25.434806,91.859528,1,Confirmed_Landslide,0.228,0.7237,0.165,Level 3: Orange,Warning / Heightened Hazard Alert,Issue public travel advisories. Restrict heavy traffic on unstable corridors.
POS_0063,2025-05-30,East Khasi Block,25.487167,91.819361,1,Confirmed_Landslide,0.8956,0.775,0.6941,Level 4: Red,Critical / Immediate Action Trigger,"High danger of slope failure. Deploy emergency teams, trigger road closures."
POS_0064,2025-05-30,East Khasi Block,25.456896,91.826145,1,Confirmed_Landslide,0.9148,0.7237,0.662,Level 4: Red,Critical / Immediate Action Trigger,"High danger of slope failure. Deploy emergency teams, trigger road closures."
POS_0065,2025-05-31,East Khasi Block,25.366201,91.767213,1,Confirmed_Landslide,0.5306,0.5768,0.3061,Level 3: Orange,Warning / Heightened Hazard Alert,Issue public travel advisories. Restrict heavy traffic on unstable corridors.
POS_0066,2025-05-31,East Khasi Block,25.355042,91.767525,1,Confirmed_Landslide,0.4717,0.5768,0.2721,Level 3: Orange,Warning / Heightened Hazard Alert,Issue public travel advisories. Restrict heavy traffic on unstable corridors.
POS_0067,2025-05-31,East Khasi Block,25.340415,91.774142,1,Confirmed_Landslide,0.7152,0.5768,0.4125,Level 4: Red,Critical / Immediate Action Trigger,"High danger of slope failure. Deploy emergency teams, trigger road closures."
POS_0068,2010-08-27,East Khasi Block,25.577111,91.881417,1,Confirmed_Landslide,0.9252,0.1656,0.1532,Level 3: Orange,Warning / Heightened Hazard Alert,Issue public travel advisories. Restrict heavy traffic on unstable corridors.
POS_0069,2010-06-28,East Khasi Block,25.561833,91.868556,1,Confirmed_Landslide,0.9422,0.163,0.1536,Level 3: Orange,Warning / Heightened Hazard Alert,Issue public travel advisories. Restrict heavy traffic on unstable corridors.
POS_0070,2010-06-28,East Khasi Block,25.571889,91.901278,1,Confirmed_Landslide,0.8459,0.1765,0.1493,Level 2: Yellow,Advisory / Early Warning Watch,Maintenance crews on standby. Monitor vulnerable road cut slopes.
POS_0071,2010-06-28,East Khasi Block,25.568528,91.892194,1,Confirmed_Landslide,0.8434,0.1765,0.1489,Level 2: Yellow,Advisory / Early Warning Watch,Maintenance crews on standby. Monitor vulnerable road cut slopes.
POS_0072,2010-04-22,Jaintia Hills Block,25.135611,92.3805,1,Confirmed_Landslide,0.5616,0.4061,0.2281,Level 3: Orange,Warning / Heightened Hazard Alert,Issue public travel advisories. Restrict heavy traffic on unstable corridors.
POS_0073,2010-04-22,Jaintia Hills Block,25.134861,92.382,1,Confirmed_Landslide,0.461,0.4061,0.1872,Level 3: Orange,Warning / Heightened Hazard Alert,Issue public travel advisories. Restrict heavy traffic on unstable corridors.
POS_0074,2010-04-22,Jaintia Hills Block,25.123833,92.385194,1,Confirmed_Landslide,0.7008,0.8409,0.5893,Level 4: Red,Critical / Immediate Action Trigger,"High danger of slope failure. Deploy emergency teams, trigger road closures."
POS_0075,2010-04-22,Jaintia Hills Block,25.075333,92.363417,1,Confirmed_Landslide,0.5415,0.8192,0.4436,Level 4: Red,Critical / Immediate Action Trigger,"High danger of slope failure. Deploy emergency teams, trigger road closures."
POS_0076,2010-04-22,Jaintia Hills Block,25.051083,92.402194,1,Confirmed_Landslide,0.9607,0.8332,0.8005,Level 4: Red,Critical / Immediate Action Trigger,"High danger of slope failure. Deploy emergency teams, trigger road closures."
POS_0077,2010-04-22,Jaintia Hills Block,25.043056,92.420417,1,Confirmed_Landslide,0.9321,0.8332,0.7766,Level 4: Red,Critical / Immediate Action Trigger,"High danger of slope failure. Deploy emergency teams, trigger road closures."
POS_0078,2010-04-22,Jaintia Hills Block,25.042222,92.441278,1,Confirmed_Landslide,0.9435,0.8391,0.7917,Level 4: Red,Critical / Immediate Action Trigger,"High danger of slope failure. Deploy emergency teams, trigger road closures."
POS_0079,2012-05-01,West Khasi Block,25.364972,91.024111,1,Confirmed_Landslide,0.9924,0.2005,0.199,Level 3: Orange,Warning / Heightened Hazard Alert,Issue public travel advisories. Restrict heavy traffic on unstable corridors.
POS_0080,2012-06-26,Jaintia Hills Block,25.263611,92.385578,1,Confirmed_Landslide,0.8348,0.2642,0.2206,Level 3: Orange,Warning / Heightened Hazard Alert,Issue public travel advisories. Restrict heavy traffic on unstable corridors.
POS_0081,2012-06-26,Jaintia Hills Block,25.260056,92.388639,1,Confirmed_Landslide,0.9838,0.2642,0.2599,Level 3: Orange,Warning / Heightened Hazard Alert,Issue public travel advisories. Restrict heavy traffic on unstable corridors.
POS_0082,2012-06-26,Jaintia Hills Block,25.147028,92.378833,1,Confirmed_Landslide,0.9202,0.2058,0.1894,Level 3: Orange,Warning / Heightened Hazard Alert,Issue public travel advisories. Restrict heavy traffic on unstable corridors.
POS_0083,2012-06-26,Jaintia Hills Block,25.147028,92.378833,1,Confirmed_Landslide,0.9202,0.2058,0.1894,Level 3: Orange,Warning / Heightened Hazard Alert,Issue public travel advisories. Restrict heavy traffic on unstable corridors.
POS_0084,2012-06-26,Jaintia Hills Block,25.143417,92.378056,1,Confirmed_Landslide,0.3566,0.2058,0.0734,Level 2: Yellow,Advisory / Early Warning Watch,Maintenance crews on standby. Monitor vulnerable road cut slopes.
POS_0085,2012-06-26,Jaintia Hills Block,25.134278,92.385111,1,Confirmed_Landslide,0.2611,0.2058,0.0537,Level 2: Yellow,Advisory / Early Warning Watch,Maintenance crews on standby. Monitor vulnerable road cut slopes.
POS_0086,2012-06-26,Jaintia Hills Block,25.090222,92.358056,1,Confirmed_Landslide,0.8113,0.2277,0.1847,Level 3: Orange,Warning / Heightened Hazard Alert,Issue public travel advisories. Restrict heavy traffic on unstable corridors.
POS_0087,2012-06-26,Jaintia Hills Block,25.090556,92.359722,1,Confirmed_Landslide,0.8282,0.2277,0.1886,Level 3: Orange,Warning / Heightened Hazard Alert,Issue public travel advisories. Restrict heavy traffic on unstable corridors.
POS_0088,2012-06-26,Jaintia Hills Block,25.087722,92.360861,1,Confirmed_Landslide,0.8953,0.2277,0.2039,Level 3: Orange,Warning / Heightened Hazard Alert,Issue public travel advisories. Restrict heavy traffic on unstable corridors.
POS_0089,2012-07-26,Ri-Bhoi Block,26.003611,92.863611,1,Confirmed_Landslide,0.9769,0.5475,0.5349,Level 4: Red,Critical / Immediate Action Trigger,"High danger of slope failure. Deploy emergency teams, trigger road closures."
POS_0090,2012-08-21,West Khasi Block,25.530861,91.297806,1,Confirmed_Landslide,0.9898,0.866,0.8572,Level 4: Red,Critical / Immediate Action Trigger,"High danger of slope failure. Deploy emergency teams, trigger road closures."
POS_0091,2014-09-23,Ri-Bhoi Block,25.972833,91.86545,1,Confirmed_Landslide,0.8794,0.9016,0.7929,Level 4: Red,Critical / Immediate Action Trigger,"High danger of slope failure. Deploy emergency teams, trigger road closures."
POS_0092,2011-06-26,Ri-Bhoi Block,25.674694,91.886528,1,Confirmed_Landslide,0.9982,0.4145,0.4138,Level 4: Red,Critical / Immediate Action Trigger,"High danger of slope failure. Deploy emergency teams, trigger road closures."
POS_0093,2019-07-09,East Khasi Block,25.563,91.885,1,Confirmed_Landslide,0.451,0.5915,0.2668,Level 3: Orange,Warning / Heightened Hazard Alert,Issue public travel advisories. Restrict heavy traffic on unstable corridors.
POS_0094,2019-07-10,East Khasi Block,25.566631,91.913706,1,Confirmed_Landslide,0.9623,0.7406,0.7127,Level 4: Red,Critical / Immediate Action Trigger,"High danger of slope failure. Deploy emergency teams, trigger road closures."
POS_0095,2019-07-07,West Khasi Block,25.281,91.573306,1,Confirmed_Landslide,0.9463,0.6501,0.6152,Level 4: Red,Critical / Immediate Action Trigger,"High danger of slope failure. Deploy emergency teams, trigger road closures."
POS_0096,2019-06-27,West Khasi Block,25.232111,91.372528,1,Confirmed_Landslide,0.9742,0.7975,0.7769,Level 4: Red,Critical / Immediate Action Trigger,"High danger of slope failure. Deploy emergency teams, trigger road closures."
POS_0097,2019-06-27,West Khasi Block,25.221944,91.384222,1,Confirmed_Landslide,0.9242,0.8932,0.8255,Level 4: Red,Critical / Immediate Action Trigger,"High danger of slope failure. Deploy emergency teams, trigger road closures."
POS_0098,2019-06-27,West Khasi Block,25.187667,91.398167,1,Confirmed_Landslide,0.8686,0.8932,0.7758,Level 4: Red,Critical / Immediate Action Trigger,"High danger of slope failure. Deploy emergency teams, trigger road closures."
POS_0099,2019-06-27,West Khasi Block,25.186889,91.398556,1,Confirmed_Landslide,0.8919,0.8932,0.7966,Level 4: Red,Critical / Immediate Action Trigger,"High danger of slope failure. Deploy emergency teams, trigger road closures."
POS_0100,2020-05-26,Jaintia Hills Block,25.442333,92.194472,1,Confirmed_Landslide,0.973,0.4916,0.4783,Level 4: Red,Critical / Immediate Action Trigger,"High danger of slope failure. Deploy emergency teams, trigger road closures."
POS_0101,2020-05-26,Jaintia Hills Block,25.441778,92.195583,1,Confirmed_Landslide,0.9936,0.4916,0.4885,Level 4: Red,Critical / Immediate Action Trigger,"High danger of slope failure. Deploy emergency teams, trigger road closures."
POS_0102,2020-05-26,Jaintia Hills Block,25.436306,92.19525,1,Confirmed_Landslide,0.8168,0.4916,0.4015,Level 4: Red,Critical / Immediate Action Trigger,"High danger of slope failure. Deploy emergency teams, trigger road closures."
POS_0103,2020-05-26,Jaintia Hills Block,25.435056,92.198361,1,Confirmed_Landslide,0.9799,0.4916,0.4817,Level 4: Red,Critical / Immediate Action Trigger,"High danger of slope failure. Deploy emergency teams, trigger road closures."
POS_0104,2020-05-26,Jaintia Hills Block,25.447417,92.201389,1,Confirmed_Landslide,0.1526,0.4916,0.075,Level 2: Yellow,Advisory / Early Warning Watch,Maintenance crews on standby. Monitor vulnerable road cut slopes.
POS_0105,2020-05-26,Jaintia Hills Block,25.45075,92.194528,1,Confirmed_Landslide,0.916,0.4916,0.4503,Level 4: Red,Critical / Immediate Action Trigger,"High danger of slope failure. Deploy emergency teams, trigger road closures."
POS_0106,2020-05-26,Jaintia Hills Block,25.453517,92.187847,1,Confirmed_Landslide,0.9066,0.4916,0.4457,Level 4: Red,Critical / Immediate Action Trigger,"High danger of slope failure. Deploy emergency teams, trigger road closures."
POS_0107,2022-06-17,East Khasi Block,25.361033,91.647008,1,Confirmed_Landslide,0.9335,0.6189,0.5777,Level 4: Red,Critical / Immediate Action Trigger,"High danger of slope failure. Deploy emergency teams, trigger road closures."
POS_0108,2022-06-17,Garo Hills Block,25.212739,90.632161,1,Confirmed_Landslide,0.7917,0.7944,0.6289,Level 4: Red,Critical / Immediate Action Trigger,"High danger of slope failure. Deploy emergency teams, trigger road closures."
POS_0109,2022-06-17,Garo Hills Block,25.210222,90.632203,1,Confirmed_Landslide,0.8527,0.7944,0.6774,Level 4: Red,Critical / Immediate Action Trigger,"High danger of slope failure. Deploy emergency teams, trigger road closures."
POS_0110,2022-06-09,Garo Hills Block,25.381633,90.060339,1,Confirmed_Landslide,0.9322,0.7147,0.6662,Level 4: Red,Critical / Immediate Action Trigger,"High danger of slope failure. Deploy emergency teams, trigger road closures."
POS_0111,2022-06-17,Garo Hills Block,25.459397,90.708603,1,Confirmed_Landslide,0.8766,0.8735,0.7657,Level 4: Red,Critical / Immediate Action Trigger,"High danger of slope failure. Deploy emergency teams, trigger road closures."
POS_0112,2022-06-17,Garo Hills Block,25.459031,90.708133,1,Confirmed_Landslide,0.9003,0.8735,0.7864,Level 4: Red,Critical / Immediate Action Trigger,"High danger of slope failure. Deploy emergency teams, trigger road closures."
POS_0113,2022-06-15,West Khasi Block,25.44835,91.591503,1,Confirmed_Landslide,0.9879,0.8269,0.8169,Level 4: Red,Critical / Immediate Action Trigger,"High danger of slope failure. Deploy emergency teams, trigger road closures."
POS_0114,2022-06-15,West Khasi Block,25.447436,91.591039,1,Confirmed_Landslide,0.8674,0.8269,0.7173,Level 4: Red,Critical / Immediate Action Trigger,"High danger of slope failure. Deploy emergency teams, trigger road closures."
POS_0115,2022-06-15,West Khasi Block,25.447161,91.590678,1,Confirmed_Landslide,0.9225,0.8269,0.7628,Level 4: Red,Critical / Immediate Action Trigger,"High danger of slope failure. Deploy emergency teams, trigger road closures."
POS_0116,2022-04-04,East Khasi Block,25.296,91.932,1,Confirmed_Landslide,0.4924,0.0134,0.0066,Level 1: Green,Low / Normal Baseline Monitoring,No immediate action required. Routine meteorological monitoring.
POS_0117,2022-04-04,East Khasi Block,25.358611,91.972083,1,Confirmed_Landslide,0.9384,0.017,0.016,Level 1: Green,Low / Normal Baseline Monitoring,No immediate action required. Routine meteorological monitoring.
POS_0118,2022-04-04,East Khasi Block,25.359083,91.974333,1,Confirmed_Landslide,0.7899,0.017,0.0134,Level 1: Green,Low / Normal Baseline Monitoring,No immediate action required. Routine meteorological monitoring.
POS_0119,2022-04-04,East Khasi Block,25.396111,91.991944,1,Confirmed_Landslide,0.8213,0.0177,0.0145,Level 1: Green,Low / Normal Baseline Monitoring,No immediate action required. Routine meteorological monitoring.
POS_0120,2023-04-13,East Khasi Block,25.365263,91.878497,1,Confirmed_Landslide,0.6901,0.0265,0.0183,Level 1: Green,Low / Normal Baseline Monitoring,No immediate action required. Routine meteorological monitoring.
POS_0121,2023-06-17,West Khasi Block,25.529014,91.261886,1,Confirmed_Landslide,0.8349,0.8876,0.7411,Level 4: Red,Critical / Immediate Action Trigger,"High danger of slope failure. Deploy emergency teams, trigger road closures."
POS_0122,2023-08-10,Jaintia Hills Block,25.419556,92.161944,1,Confirmed_Landslide,0.9571,0.0599,0.0573,Level 2: Yellow,Advisory / Early Warning Watch,Maintenance crews on standby. Monitor vulnerable road cut slopes.
POS_0123,2024-06-28,East Khasi Block,25.552561,91.618703,1,Confirmed_Landslide,0.9572,0.2032,0.1945,Level 3: Orange,Warning / Heightened Hazard Alert,Issue public travel advisories. Restrict heavy traffic on unstable corridors.
POS_0124,2024-05-28,West Khasi Block,25.392958,91.551633,1,Confirmed_Landslide,0.862,0.8983,0.7743,Level 4: Red,Critical / Immediate Action Trigger,"High danger of slope failure. Deploy emergency teams, trigger road closures."
POS_0125,2024-06-15,West Khasi Block,25.371292,91.480031,1,Confirmed_Landslide,0.9527,0.7391,0.7041,Level 4: Red,Critical / Immediate Action Trigger,"High danger of slope failure. Deploy emergency teams, trigger road closures."
POS_0126,2024-05-28,West Khasi Block,25.402886,91.434242,1,Confirmed_Landslide,0.96,0.9264,0.8893,Level 4: Red,Critical / Immediate Action Trigger,"High danger of slope failure. Deploy emergency teams, trigger road closures."
POS_0127,2024-07-02,West Khasi Block,25.531739,91.296177,1,Confirmed_Landslide,0.9728,0.8793,0.8554,Level 4: Red,Critical / Immediate Action Trigger,"High danger of slope failure. Deploy emergency teams, trigger road closures."
POS_0128,2024-07-02,West Khasi Block,25.540056,91.314142,1,Confirmed_Landslide,0.985,0.8793,0.8661,Level 4: Red,Critical / Immediate Action Trigger,"High danger of slope failure. Deploy emergency teams, trigger road closures."
POS_0129,2024-05-28,East Khasi Block,25.627903,91.888019,1,Confirmed_Landslide,0.9974,0.2654,0.2647,Level 3: Orange,Warning / Heightened Hazard Alert,Issue public travel advisories. Restrict heavy traffic on unstable corridors.
POS_0130,2024-05-28,East Khasi Block,25.630403,91.88992,1,Confirmed_Landslide,0.9845,0.2654,0.2613,Level 3: Orange,Warning / Heightened Hazard Alert,Issue public travel advisories. Restrict heavy traffic on unstable corridors.
POS_0131,2024-05-28,East Khasi Block,25.630858,91.887601,1,Confirmed_Landslide,0.9537,0.2654,0.2531,Level 3: Orange,Warning / Heightened Hazard Alert,Issue public travel advisories. Restrict heavy traffic on unstable corridors.
POS_0132,2024-07-02,East Khasi Block,25.641242,91.894137,1,Confirmed_Landslide,0.9771,0.5246,0.5126,Level 4: Red,Critical / Immediate Action Trigger,"High danger of slope failure. Deploy emergency teams, trigger road closures."
POS_0133,2024-07-02,Ri-Bhoi Block,25.650572,91.893514,1,Confirmed_Landslide,0.9564,0.5246,0.5017,Level 4: Red,Critical / Immediate Action Trigger,"High danger of slope failure. Deploy emergency teams, trigger road closures."
POS_0134,2024-07-02,East Khasi Block,25.648872,91.896928,1,Confirmed_Landslide,0.9858,0.5246,0.5172,Level 4: Red,Critical / Immediate Action Trigger,"High danger of slope failure. Deploy emergency teams, trigger road closures."
POS_0135,2024-05-28,East Khasi Block,25.446931,91.740967,1,Confirmed_Landslide,0.2467,0.2574,0.0635,Level 2: Yellow,Advisory / Early Warning Watch,Maintenance crews on standby. Monitor vulnerable road cut slopes.
POS_0136,2024-05-28,East Khasi Block,25.413847,91.678561,1,Confirmed_Landslide,0.9002,0.2114,0.1903,Level 3: Orange,Warning / Heightened Hazard Alert,Issue public travel advisories. Restrict heavy traffic on unstable corridors.
POS_0137,2024-05-28,East Khasi Block,25.345089,91.600503,1,Confirmed_Landslide,0.8107,0.8606,0.6977,Level 4: Red,Critical / Immediate Action Trigger,"High danger of slope failure. Deploy emergency teams, trigger road closures."
POS_0138,2025-05-30,East Khasi Block,25.619397,91.61704,1,Confirmed_Landslide,0.7992,0.9491,0.7585,Level 4: Red,Critical / Immediate Action Trigger,"High danger of slope failure. Deploy emergency teams, trigger road closures."
POS_0139,2025-05-30,Ri-Bhoi Block,25.654439,91.623908,1,Confirmed_Landslide,0.9513,0.9301,0.8848,Level 4: Red,Critical / Immediate Action Trigger,"High danger of slope failure. Deploy emergency teams, trigger road closures."
POS_0140,2025-05-30,Ri-Bhoi Block,25.654439,91.633458,1,Confirmed_Landslide,0.9938,0.9491,0.9432,Level 4: Red,Critical / Immediate Action Trigger,"High danger of slope failure. Deploy emergency teams, trigger road closures."
POS_0141,2025-05-30,Ri-Bhoi Block,25.659772,91.634406,1,Confirmed_Landslide,0.9915,0.9491,0.941,Level 4: Red,Critical / Immediate Action Trigger,"High danger of slope failure. Deploy emergency teams, trigger road closures."
POS_0142,2024-07-01,Ri-Bhoi Block,25.653089,91.898039,1,Confirmed_Landslide,0.998,0.8633,0.8616,Level 4: Red,Critical / Immediate Action Trigger,"High danger of slope failure. Deploy emergency teams, trigger road closures."
POS_0143,2024-07-01,Ri-Bhoi Block,25.653411,91.898194,1,Confirmed_Landslide,0.997,0.8633,0.8607,Level 4: Red,Critical / Immediate Action Trigger,"High danger of slope failure. Deploy emergency teams, trigger road closures."
POS_0144,2025-05-30,Ri-Bhoi Block,25.66315,91.901803,1,Confirmed_Landslide,0.9893,0.8487,0.8396,Level 4: Red,Critical / Immediate Action Trigger,"High danger of slope failure. Deploy emergency teams, trigger road closures."
POS_0145,2025-05-30,Ri-Bhoi Block,25.670322,91.904872,1,Confirmed_Landslide,0.9825,0.8487,0.8338,Level 4: Red,Critical / Immediate Action Trigger,"High danger of slope failure. Deploy emergency teams, trigger road closures."
POS_0146,2024-06-30,Ri-Bhoi Block,25.675172,91.8983,1,Confirmed_Landslide,0.9536,0.7763,0.7403,Level 4: Red,Critical / Immediate Action Trigger,"High danger of slope failure. Deploy emergency teams, trigger road closures."
POS_0147,2025-05-31,East Khasi Block,25.423156,91.863292,1,Confirmed_Landslide,0.6513,0.7891,0.5139,Level 4: Red,Critical / Immediate Action Trigger,"High danger of slope failure. Deploy emergency teams, trigger road closures."
POS_0148,2025-05-30,East Khasi Block,25.301278,91.921989,1,Confirmed_Landslide,0.6883,0.5562,0.3828,Level 4: Red,Critical / Immediate Action Trigger,"High danger of slope failure. Deploy emergency teams, trigger road closures."
POS_0149,2024-06-30,Ri-Bhoi Block,25.675461,91.897269,1,Confirmed_Landslide,0.9861,0.7763,0.7655,Level 4: Red,Critical / Immediate Action Trigger,"High danger of slope failure. Deploy emergency teams, trigger road closures."
POS_0150,2025-05-30,Ri-Bhoi Block,25.677614,91.898658,1,Confirmed_Landslide,0.9962,0.8676,0.8643,Level 4: Red,Critical / Immediate Action Trigger,"High danger of slope failure. Deploy emergency teams, trigger road closures."
POS_0151,2025-07-02,West Khasi Block,25.495519,91.495853,1,Confirmed_Landslide,0.9146,0.4113,0.3762,Level 4: Red,Critical / Immediate Action Trigger,"High danger of slope failure. Deploy emergency teams, trigger road closures."
POS_0152,2025-05-30,West Khasi Block,25.282472,91.364133,1,Confirmed_Landslide,0.9005,0.7082,0.6377,Level 4: Red,Critical / Immediate Action Trigger,"High danger of slope failure. Deploy emergency teams, trigger road closures."
POS_0153,2025-05-30,West Khasi Block,25.280906,91.365847,1,Confirmed_Landslide,0.9413,0.7082,0.6666,Level 4: Red,Critical / Immediate Action Trigger,"High danger of slope failure. Deploy emergency teams, trigger road closures."
POS_0154,2024-06-30,Ri-Bhoi Block,25.682558,91.901114,1,Confirmed_Landslide,0.9998,0.7763,0.7761,Level 4: Red,Critical / Immediate Action Trigger,"High danger of slope failure. Deploy emergency teams, trigger road closures."
POS_0155,2024-06-30,Ri-Bhoi Block,25.685919,91.902567,1,Confirmed_Landslide,0.9674,0.7763,0.751,Level 4: Red,Critical / Immediate Action Trigger,"High danger of slope failure. Deploy emergency teams, trigger road closures."
POS_0156,2025-05-30,Ri-Bhoi Block,25.711656,91.895128,1,Confirmed_Landslide,0.9756,0.8676,0.8464,Level 4: Red,Critical / Immediate Action Trigger,"High danger of slope failure. Deploy emergency teams, trigger road closures."
POS_0157,2025-05-30,Ri-Bhoi Block,25.752978,91.885353,1,Confirmed_Landslide,0.9177,0.9492,0.8711,Level 4: Red,Critical / Immediate Action Trigger,"High danger of slope failure. Deploy emergency teams, trigger road closures."
POS_0158,2024-06-14,Ri-Bhoi Block,25.797444,91.874086,1,Confirmed_Landslide,0.6702,0.805,0.5395,Level 4: Red,Critical / Immediate Action Trigger,"High danger of slope failure. Deploy emergency teams, trigger road closures."
POS_0159,2024-07-14,Ri-Bhoi Block,25.807258,91.875094,1,Confirmed_Landslide,0.9805,0.5037,0.4939,Level 4: Red,Critical / Immediate Action Trigger,"High danger of slope failure. Deploy emergency teams, trigger road closures."
POS_0160,2024-07-02,West Khasi Block,25.622694,91.169144,1,Confirmed_Landslide,0.9687,0.9149,0.8863,Level 4: Red,Critical / Immediate Action Trigger,"High danger of slope failure. Deploy emergency teams, trigger road closures."
POS_0161,2024-07-02,West Khasi Block,25.612761,91.173753,1,Confirmed_Landslide,0.9926,0.9149,0.9081,Level 4: Red,Critical / Immediate Action Trigger,"High danger of slope failure. Deploy emergency teams, trigger road closures."
POS_0162,2024-07-02,Ri-Bhoi Block,25.661567,91.134853,1,Confirmed_Landslide,0.9957,0.8822,0.8784,Level 4: Red,Critical / Immediate Action Trigger,"High danger of slope failure. Deploy emergency teams, trigger road closures."
POS_0163,2025-05-29,Ri-Bhoi Block,25.691508,91.641608,1,Confirmed_Landslide,0.9954,0.5565,0.5539,Level 4: Red,Critical / Immediate Action Trigger,"High danger of slope failure. Deploy emergency teams, trigger road closures."
POS_0164,2025-05-30,Ri-Bhoi Block,25.695178,91.641236,1,Confirmed_Landslide,0.9683,0.9464,0.9164,Level 4: Red,Critical / Immediate Action Trigger,"High danger of slope failure. Deploy emergency teams, trigger road closures."
POS_0165,2025-06-25,Ri-Bhoi Block,25.696886,91.641767,1,Confirmed_Landslide,0.9939,0.5419,0.5386,Level 4: Red,Critical / Immediate Action Trigger,"High danger of slope failure. Deploy emergency teams, trigger road closures."
POS_0166,2024-10-08,Ri-Bhoi Block,25.700878,91.642902,1,Confirmed_Landslide,0.9493,0.6161,0.5849,Level 4: Red,Critical / Immediate Action Trigger,"High danger of slope failure. Deploy emergency teams, trigger road closures."
POS_0167,2024-08-06,Ri-Bhoi Block,25.698667,91.645172,1,Confirmed_Landslide,0.9707,0.6001,0.5825,Level 4: Red,Critical / Immediate Action Trigger,"High danger of slope failure. Deploy emergency teams, trigger road closures."
POS_0168,2024-08-06,Ri-Bhoi Block,25.696836,91.644856,1,Confirmed_Landslide,0.9838,0.6001,0.5904,Level 4: Red,Critical / Immediate Action Trigger,"High danger of slope failure. Deploy emergency teams, trigger road closures."
POS_0169,2025-05-30,Ri-Bhoi Block,25.695233,91.644269,1,Confirmed_Landslide,0.9874,0.9464,0.9345,Level 4: Red,Critical / Immediate Action Trigger,"High danger of slope failure. Deploy emergency teams, trigger road closures."
POS_0170,2025-05-30,Ri-Bhoi Block,25.694636,91.645778,1,Confirmed_Landslide,0.9391,0.9464,0.8888,Level 4: Red,Critical / Immediate Action Trigger,"High danger of slope failure. Deploy emergency teams, trigger road closures."
POS_0171,2025-05-28,Ri-Bhoi Block,25.686989,91.648122,1,Confirmed_Landslide,0.7648,0.4555,0.3484,Level 3: Orange,Warning / Heightened Hazard Alert,Issue public travel advisories. Restrict heavy traffic on unstable corridors.
POS_0172,2025-05-28,Ri-Bhoi Block,25.686906,91.649153,1,Confirmed_Landslide,0.9911,0.4555,0.4514,Level 4: Red,Critical / Immediate Action Trigger,"High danger of slope failure. Deploy emergency teams, trigger road closures."
POS_0173,2025-06-25,Ri-Bhoi Block,25.688833,91.653639,1,Confirmed_Landslide,0.7613,0.5419,0.4125,Level 4: Red,Critical / Immediate Action Trigger,"High danger of slope failure. Deploy emergency teams, trigger road closures."
POS_0174,2024-05-28,Ri-Bhoi Block,25.687989,91.658389,1,Confirmed_Landslide,0.9554,0.3991,0.3813,Level 4: Red,Critical / Immediate Action Trigger,"High danger of slope failure. Deploy emergency teams, trigger road closures."
POS_0175,2024-05-28,Ri-Bhoi Block,25.68805,91.66653,1,Confirmed_Landslide,0.9169,0.3991,0.3659,Level 4: Red,Critical / Immediate Action Trigger,"High danger of slope failure. Deploy emergency teams, trigger road closures."
POS_0176,2025-06-11,Ri-Bhoi Block,25.688222,91.667461,1,Confirmed_Landslide,0.9803,0.6437,0.631,Level 4: Red,Critical / Immediate Action Trigger,"High danger of slope failure. Deploy emergency teams, trigger road closures."
POS_0177,2025-06-11,Ri-Bhoi Block,25.69007,91.67085,1,Confirmed_Landslide,0.9909,0.6437,0.6378,Level 4: Red,Critical / Immediate Action Trigger,"High danger of slope failure. Deploy emergency teams, trigger road closures."
POS_0178,2025-06-11,Ri-Bhoi Block,25.733262,91.675754,1,Confirmed_Landslide,0.9595,0.6311,0.6055,Level 4: Red,Critical / Immediate Action Trigger,"High danger of slope failure. Deploy emergency teams, trigger road closures."
POS_0179,2024-05-29,Ri-Bhoi Block,25.762051,91.658959,1,Confirmed_Landslide,0.9866,0.869,0.8574,Level 4: Red,Critical / Immediate Action Trigger,"High danger of slope failure. Deploy emergency teams, trigger road closures."
POS_0180,2024-05-29,Ri-Bhoi Block,25.770935,91.656497,1,Confirmed_Landslide,0.8636,0.869,0.7505,Level 4: Red,Critical / Immediate Action Trigger,"High danger of slope failure. Deploy emergency teams, trigger road closures."
POS_0181,2024-05-29,Ri-Bhoi Block,25.791616,91.658242,1,Confirmed_Landslide,0.9081,0.9065,0.8232,Level 4: Red,Critical / Immediate Action Trigger,"High danger of slope failure. Deploy emergency teams, trigger road closures."
POS_0182,2024-08-28,Ri-Bhoi Block,25.803984,91.659801,1,Confirmed_Landslide,0.9233,0.236,0.2179,Level 3: Orange,Warning / Heightened Hazard Alert,Issue public travel advisories. Restrict heavy traffic on unstable corridors.
POS_0183,2025-05-31,Ri-Bhoi Block,25.700668,91.596815,1,Confirmed_Landslide,0.9597,0.8139,0.7811,Level 4: Red,Critical / Immediate Action Trigger,"High danger of slope failure. Deploy emergency teams, trigger road closures."
POS_0184,2025-05-31,Ri-Bhoi Block,25.739454,91.572107,1,Confirmed_Landslide,0.9575,0.7995,0.7655,Level 4: Red,Critical / Immediate Action Trigger,"High danger of slope failure. Deploy emergency teams, trigger road closures."
POS_0185,2026-07-13,Garo Hills Block,25.567423,89.979711,1,Confirmed_Landslide,0.9586,0.5622,0.5389,Level 4: Red,Critical / Immediate Action Trigger,"High danger of slope failure. Deploy emergency teams, trigger road closures."
POS_0186,2025-08-19,East Khasi Block,25.566518,91.914509,1,Confirmed_Landslide,0.9616,0.0269,0.0259,Level 1: Green,Low / Normal Baseline Monitoring,No immediate action required. Routine meteorological monitoring.
BG_0001,2012-06-03,Garo Hills Block,25.92575,90.115909,0,Controlled_Background,0.0104,0.5992,0.0062,Level 1: Green,Low / Normal Baseline Monitoring,No immediate action required. Routine meteorological monitoring.
BG_0002,2019-06-01,Garo Hills Block,25.142863,90.223266,0,Controlled_Background,0.0174,0.205,0.0036,Level 1: Green,Low / Normal Baseline Monitoring,No immediate action required. Routine meteorological monitoring.
BG_0003,2026-06-09,Garo Hills Block,25.049943,89.881273,0,Controlled_Background,0.0181,0.0672,0.0012,Level 1: Green,Low / Normal Baseline Monitoring,No immediate action required. Routine meteorological monitoring.
BG_0004,2023-06-24,Garo Hills Block,26.078442,90.548511,0,Controlled_Background,0.0376,0.107,0.004,Level 1: Green,Low / Normal Baseline Monitoring,No immediate action required. Routine meteorological monitoring.
BG_0005,2011-06-17,Garo Hills Block,25.351356,89.815819,0,Controlled_Background,0.0198,0.0139,0.0003,Level 1: Green,Low / Normal Baseline Monitoring,No immediate action required. Routine meteorological monitoring.
BG_0006,2018-06-07,Garo Hills Block,25.31361,90.317601,0,Controlled_Background,0.0229,0.0287,0.0007,Level 1: Green,Low / Normal Baseline Monitoring,No immediate action required. Routine meteorological monitoring.
BG_0007,2007-06-22,Garo Hills Block,25.279337,90.107462,0,Controlled_Background,0.004,0.177,0.0007,Level 1: Green,Low / Normal Baseline Monitoring,No immediate action required. Routine meteorological monitoring.
BG_0008,2023-06-03,Garo Hills Block,25.172032,90.485935,0,Controlled_Background,0.0938,0.0244,0.0023,Level 1: Green,Low / Normal Baseline Monitoring,No immediate action required. Routine meteorological monitoring.
BG_0009,2009-06-11,Garo Hills Block,26.070685,90.613301,0,Controlled_Background,0.0528,0.0134,0.0007,Level 1: Green,Low / Normal Baseline Monitoring,No immediate action required. Routine meteorological monitoring.
BG_0010,2007-06-07,Garo Hills Block,25.134579,90.510812,0,Controlled_Background,0.0369,0.0325,0.0012,Level 1: Green,Low / Normal Baseline Monitoring,No immediate action required. Routine meteorological monitoring.
BG_0011,2013-06-20,Garo Hills Block,25.964192,90.321583,0,Controlled_Background,0.0144,0.0906,0.0013,Level 1: Green,Low / Normal Baseline Monitoring,No immediate action required. Routine meteorological monitoring.
BG_0012,2019-06-13,Garo Hills Block,26.078308,90.488938,0,Controlled_Background,0.0472,0.0188,0.0009,Level 1: Green,Low / Normal Baseline Monitoring,No immediate action required. Routine meteorological monitoring.
BG_0013,2013-06-18,Garo Hills Block,25.771843,90.629584,0,Controlled_Background,0.0221,0.0646,0.0014,Level 1: Green,Low / Normal Baseline Monitoring,No immediate action required. Routine meteorological monitoring.
BG_0014,2017-06-01,Garo Hills Block,25.118742,89.90343,0,Controlled_Background,0.0262,0.0625,0.0016,Level 1: Green,Low / Normal Baseline Monitoring,No immediate action required. Routine meteorological monitoring.
BG_0015,2023-06-28,Garo Hills Block,25.843666,90.414458,0,Controlled_Background,0.0116,0.3179,0.0037,Level 1: Green,Low / Normal Baseline Monitoring,No immediate action required. Routine meteorological monitoring.
BG_0016,2022-07-20,Garo Hills Block,25.517217,90.91145,0,Controlled_Background,0.2065,0.166,0.0343,Level 1: Green,Low / Normal Baseline Monitoring,No immediate action required. Routine meteorological monitoring.
BG_0017,2010-07-25,Garo Hills Block,25.052857,90.800849,0,Controlled_Background,0.0135,0.3199,0.0043,Level 1: Green,Low / Normal Baseline Monitoring,No immediate action required. Routine meteorological monitoring.
BG_0018,2024-07-20,Garo Hills Block,25.050922,90.409171,0,Controlled_Background,0.0113,0.1663,0.0019,Level 1: Green,Low / Normal Baseline Monitoring,No immediate action required. Routine meteorological monitoring.
BG_0019,2019-07-29,Garo Hills Block,25.114821,90.962463,0,Controlled_Background,0.0345,0.0876,0.003,Level 1: Green,Low / Normal Baseline Monitoring,No immediate action required. Routine meteorological monitoring.
BG_0020,2024-07-19,Garo Hills Block,25.240865,90.830808,0,Controlled_Background,0.0179,0.2627,0.0047,Level 1: Green,Low / Normal Baseline Monitoring,No immediate action required. Routine meteorological monitoring.
BG_0021,2012-07-01,Garo Hills Block,25.258394,90.049495,0,Controlled_Background,0.0263,0.0871,0.0023,Level 1: Green,Low / Normal Baseline Monitoring,No immediate action required. Routine meteorological monitoring.
BG_0022,2024-08-01,Garo Hills Block,25.671592,90.751604,0,Controlled_Background,0.017,0.0759,0.0013,Level 1: Green,Low / Normal Baseline Monitoring,No immediate action required. Routine meteorological monitoring.
BG_0023,2020-08-15,Garo Hills Block,25.822247,89.955105,0,Controlled_Background,0.0083,0.0595,0.0005,Level 1: Green,Low / Normal Baseline Monitoring,No immediate action required. Routine meteorological monitoring.
BG_0024,2014-08-13,Garo Hills Block,25.049958,90.815639,0,Controlled_Background,0.0158,0.2791,0.0044,Level 1: Green,Low / Normal Baseline Monitoring,No immediate action required. Routine meteorological monitoring.
BG_0025,2014-05-01,West Khasi Block,25.507368,91.594325,0,Controlled_Background,0.0519,0.0195,0.001,Level 1: Green,Low / Normal Baseline Monitoring,No immediate action required. Routine meteorological monitoring.
BG_0026,2022-05-07,West Khasi Block,25.101198,91.073728,0,Controlled_Background,0.0175,0.0177,0.0003,Level 1: Green,Low / Normal Baseline Monitoring,No immediate action required. Routine meteorological monitoring.
BG_0027,2018-05-11,West Khasi Block,25.618143,91.415813,0,Controlled_Background,0.022,0.0411,0.0009,Level 1: Green,Low / Normal Baseline Monitoring,No immediate action required. Routine meteorological monitoring.
BG_0028,2022-05-24,West Khasi Block,25.48976,91.559371,0,Controlled_Background,0.0675,0.0398,0.0027,Level 1: Green,Low / Normal Baseline Monitoring,No immediate action required. Routine meteorological monitoring.
BG_0029,2008-05-05,West Khasi Block,25.281695,91.062907,0,Controlled_Background,0.0513,0.0123,0.0006,Level 1: Green,Low / Normal Baseline Monitoring,No immediate action required. Routine meteorological monitoring.
BG_0030,2010-05-14,West Khasi Block,25.11174,91.254849,0,Controlled_Background,0.0397,0.3552,0.0141,Level 1: Green,Low / Normal Baseline Monitoring,No immediate action required. Routine meteorological monitoring.
BG_0031,2024-05-09,West Khasi Block,25.337506,91.391708,0,Controlled_Background,0.0217,0.0121,0.0003,Level 1: Green,Low / Normal Baseline Monitoring,No immediate action required. Routine meteorological monitoring.
BG_0032,2012-05-13,West Khasi Block,25.543231,91.203997,0,Controlled_Background,0.0993,0.0164,0.0016,Level 1: Green,Low / Normal Baseline Monitoring,No immediate action required. Routine meteorological monitoring.
BG_0033,2025-05-18,West Khasi Block,25.142359,91.309892,0,Controlled_Background,0.0315,0.6097,0.0192,Level 1: Green,Low / Normal Baseline Monitoring,No immediate action required. Routine meteorological monitoring.
BG_0034,2014-05-12,West Khasi Block,25.020839,91.547976,0,Controlled_Background,0.0767,0.0774,0.0059,Level 1: Green,Low / Normal Baseline Monitoring,No immediate action required. Routine meteorological monitoring.
BG_0035,2025-05-04,West Khasi Block,25.0813,91.065217,0,Controlled_Background,0.0296,0.051,0.0015,Level 1: Green,Low / Normal Baseline Monitoring,No immediate action required. Routine meteorological monitoring.
BG_0036,2022-05-01,West Khasi Block,25.286487,91.172791,0,Controlled_Background,0.0313,0.0907,0.0028,Level 1: Green,Low / Normal Baseline Monitoring,No immediate action required. Routine meteorological monitoring.
BG_0037,2025-05-17,West Khasi Block,25.180162,91.332142,0,Controlled_Background,0.0133,0.0945,0.0013,Level 1: Green,Low / Normal Baseline Monitoring,No immediate action required. Routine meteorological monitoring.
BG_0038,2022-05-19,West Khasi Block,25.142359,91.309892,0,Controlled_Background,0.0315,0.0274,0.0009,Level 1: Green,Low / Normal Baseline Monitoring,No immediate action required. Routine meteorological monitoring.
BG_0039,2020-05-03,West Khasi Block,25.079529,91.598117,0,Controlled_Background,0.0371,0.0265,0.001,Level 1: Green,Low / Normal Baseline Monitoring,No immediate action required. Routine meteorological monitoring.
BG_0040,2023-06-04,West Khasi Block,25.135063,91.33552,0,Controlled_Background,0.0227,0.0197,0.0004,Level 1: Green,Low / Normal Baseline Monitoring,No immediate action required. Routine meteorological monitoring.
BG_0041,2019-06-18,West Khasi Block,25.271349,91.298615,0,Controlled_Background,0.0518,0.2432,0.0126,Level 1: Green,Low / Normal Baseline Monitoring,No immediate action required. Routine meteorological monitoring.
BG_0042,2012-06-03,West Khasi Block,25.065328,91.542495,0,Controlled_Background,0.0744,0.3099,0.0231,Level 1: Green,Low / Normal Baseline Monitoring,No immediate action required. Routine meteorological monitoring.
BG_0043,2008-06-12,West Khasi Block,25.055676,91.366561,0,Controlled_Background,0.0325,0.0503,0.0016,Level 1: Green,Low / Normal Baseline Monitoring,No immediate action required. Routine meteorological monitoring.
BG_0044,2010-06-18,West Khasi Block,25.371144,91.236887,0,Controlled_Background,0.0225,0.1212,0.0027,Level 1: Green,Low / Normal Baseline Monitoring,No immediate action required. Routine meteorological monitoring.
BG_0045,2019-06-19,West Khasi Block,25.056541,91.12744,0,Controlled_Background,0.0238,0.2229,0.0053,Level 1: Green,Low / Normal Baseline Monitoring,No immediate action required. Routine meteorological monitoring.
BG_0046,2013-06-29,West Khasi Block,25.337171,91.067896,0,Controlled_Background,0.0363,0.1287,0.0047,Level 1: Green,Low / Normal Baseline Monitoring,No immediate action required. Routine meteorological monitoring.
BG_0047,2017-06-10,West Khasi Block,25.292876,91.13217,0,Controlled_Background,0.0198,0.0629,0.0012,Level 1: Green,Low / Normal Baseline Monitoring,No immediate action required. Routine meteorological monitoring.
BG_0048,2010-06-13,West Khasi Block,25.166293,91.105368,0,Controlled_Background,0.0182,0.0588,0.0011,Level 1: Green,Low / Normal Baseline Monitoring,No immediate action required. Routine meteorological monitoring.
BG_0049,2018-06-16,West Khasi Block,25.035492,91.074262,0,Controlled_Background,0.0884,0.2285,0.0202,Level 1: Green,Low / Normal Baseline Monitoring,No immediate action required. Routine meteorological monitoring.
BG_0050,2018-06-09,West Khasi Block,25.513681,91.576254,0,Controlled_Background,0.1148,0.0248,0.0028,Level 1: Green,Low / Normal Baseline Monitoring,No immediate action required. Routine meteorological monitoring.
BG_0051,2009-06-22,West Khasi Block,25.636521,91.407566,0,Controlled_Background,0.0329,0.2247,0.0074,Level 1: Green,Low / Normal Baseline Monitoring,No immediate action required. Routine meteorological monitoring.
BG_0052,2010-06-09,West Khasi Block,25.079529,91.598117,0,Controlled_Background,0.0371,0.0504,0.0019,Level 1: Green,Low / Normal Baseline Monitoring,No immediate action required. Routine meteorological monitoring.
BG_0053,2012-06-04,West Khasi Block,25.368733,91.267886,0,Controlled_Background,0.0314,0.2301,0.0072,Level 1: Green,Low / Normal Baseline Monitoring,No immediate action required. Routine meteorological monitoring.
BG_0054,2025-06-05,West Khasi Block,25.04898,91.204224,0,Controlled_Background,0.022,0.0334,0.0007,Level 1: Green,Low / Normal Baseline Monitoring,No immediate action required. Routine meteorological monitoring.
BG_0055,2008-06-18,West Khasi Block,25.193522,91.286547,0,Controlled_Background,0.0197,0.0678,0.0013,Level 1: Green,Low / Normal Baseline Monitoring,No immediate action required. Routine meteorological monitoring.
BG_0056,2009-06-24,West Khasi Block,25.337506,91.391708,0,Controlled_Background,0.0217,0.2222,0.0048,Level 1: Green,Low / Normal Baseline Monitoring,No immediate action required. Routine meteorological monitoring.
BG_0057,2018-06-29,West Khasi Block,25.119862,91.499834,0,Controlled_Background,0.0539,0.2101,0.0113,Level 1: Green,Low / Normal Baseline Monitoring,No immediate action required. Routine meteorological monitoring.
BG_0058,2023-06-02,West Khasi Block,25.045998,91.110821,0,Controlled_Background,0.0264,0.0161,0.0004,Level 1: Green,Low / Normal Baseline Monitoring,No immediate action required. Routine meteorological monitoring.
BG_0059,2009-06-20,West Khasi Block,25.035939,91.564893,0,Controlled_Background,0.029,0.1204,0.0035,Level 1: Green,Low / Normal Baseline Monitoring,No immediate action required. Routine meteorological monitoring.
BG_0060,2008-06-20,West Khasi Block,25.144465,91.595502,0,Controlled_Background,0.0415,0.0893,0.0037,Level 1: Green,Low / Normal Baseline Monitoring,No immediate action required. Routine meteorological monitoring.
BG_0061,2018-06-11,West Khasi Block,25.192043,91.098581,0,Controlled_Background,0.0206,0.0168,0.0003,Level 1: Green,Low / Normal Baseline Monitoring,No immediate action required. Routine meteorological monitoring.
BG_0062,2017-06-13,West Khasi Block,25.049304,91.054046,0,Controlled_Background,0.024,0.0938,0.0023,Level 1: Green,Low / Normal Baseline Monitoring,No immediate action required. Routine meteorological monitoring.
BG_0063,2012-06-06,West Khasi Block,25.145475,91.492806,0,Controlled_Background,0.0332,0.1059,0.0035,Level 1: Green,Low / Normal Baseline Monitoring,No immediate action required. Routine meteorological monitoring.
BG_0064,2017-06-01,West Khasi Block,25.065231,91.334358,0,Controlled_Background,0.0221,0.2398,0.0053,Level 1: Green,Low / Normal Baseline Monitoring,No immediate action required. Routine meteorological monitoring.
BG_0065,2012-06-30,West Khasi Block,25.371144,91.236887,0,Controlled_Background,0.0225,0.105,0.0024,Level 1: Green,Low / Normal Baseline Monitoring,No immediate action required. Routine meteorological monitoring.
BG_0066,2008-06-13,West Khasi Block,25.181852,91.544078,0,Controlled_Background,0.0178,0.1664,0.003,Level 1: Green,Low / Normal Baseline Monitoring,No immediate action required. Routine meteorological monitoring.
BG_0067,2018-06-24,West Khasi Block,25.507368,91.594325,0,Controlled_Background,0.0519,0.1691,0.0088,Level 1: Green,Low / Normal Baseline Monitoring,No immediate action required. Routine meteorological monitoring.
BG_0068,2011-06-17,West Khasi Block,25.348439,91.171663,0,Controlled_Background,0.0293,0.0526,0.0015,Level 1: Green,Low / Normal Baseline Monitoring,No immediate action required. Routine meteorological monitoring.
BG_0069,2008-06-30,West Khasi Block,25.103289,91.020818,0,Controlled_Background,0.0666,0.1172,0.0078,Level 1: Green,Low / Normal Baseline Monitoring,No immediate action required. Routine meteorological monitoring.
BG_0070,2023-06-05,West Khasi Block,25.357398,91.368869,0,Controlled_Background,0.0145,0.0105,0.0002,Level 1: Green,Low / Normal Baseline Monitoring,No immediate action required. Routine meteorological monitoring.
BG_0071,2007-06-01,West Khasi Block,25.334838,91.51627,0,Controlled_Background,0.0742,0.0767,0.0057,Level 1: Green,Low / Normal Baseline Monitoring,No immediate action required. Routine meteorological monitoring.
BG_0072,2026-06-28,West Khasi Block,25.131813,91.454275,0,Controlled_Background,0.0514,0.0664,0.0034,Level 1: Green,Low / Normal Baseline Monitoring,No immediate action required. Routine meteorological monitoring.
BG_0073,2023-06-22,West Khasi Block,25.166807,91.317831,0,Controlled_Background,0.0191,0.0785,0.0015,Level 1: Green,Low / Normal Baseline Monitoring,No immediate action required. Routine meteorological monitoring.
BG_0074,2007-06-12,West Khasi Block,25.046767,91.462329,0,Controlled_Background,0.0194,0.0387,0.0008,Level 1: Green,Low / Normal Baseline Monitoring,No immediate action required. Routine meteorological monitoring.
BG_0075,2020-06-03,West Khasi Block,25.106172,91.074807,0,Controlled_Background,0.0177,0.1558,0.0028,Level 1: Green,Low / Normal Baseline Monitoring,No immediate action required. Routine meteorological monitoring.
BG_0076,2023-06-02,West Khasi Block,25.634009,91.428339,0,Controlled_Background,0.0889,0.0144,0.0013,Level 1: Green,Low / Normal Baseline Monitoring,No immediate action required. Routine meteorological monitoring.
BG_0077,2010-06-20,West Khasi Block,25.155662,91.076263,0,Controlled_Background,0.0253,0.1136,0.0029,Level 1: Green,Low / Normal Baseline Monitoring,No immediate action required. Routine meteorological monitoring.
BG_0078,2018-06-18,West Khasi Block,25.103289,91.020818,0,Controlled_Background,0.0666,0.1223,0.0081,Level 1: Green,Low / Normal Baseline Monitoring,No immediate action required. Routine meteorological monitoring.
BG_0079,2014-06-09,West Khasi Block,25.519927,91.361853,0,Controlled_Background,0.024,0.2103,0.005,Level 1: Green,Low / Normal Baseline Monitoring,No immediate action required. Routine meteorological monitoring.
BG_0080,2026-06-02,West Khasi Block,25.368733,91.267886,0,Controlled_Background,0.0314,0.2015,0.0063,Level 1: Green,Low / Normal Baseline Monitoring,No immediate action required. Routine meteorological monitoring.
BG_0081,2022-06-28,West Khasi Block,25.171702,91.009248,0,Controlled_Background,0.0211,0.1444,0.003,Level 1: Green,Low / Normal Baseline Monitoring,No immediate action required. Routine meteorological monitoring.
BG_0082,2018-06-28,West Khasi Block,25.137296,91.24202,0,Controlled_Background,0.1253,0.0253,0.0032,Level 1: Green,Low / Normal Baseline Monitoring,No immediate action required. Routine meteorological monitoring.
BG_0083,2018-06-04,West Khasi Block,25.245446,91.281753,0,Controlled_Background,0.0224,0.0273,0.0006,Level 1: Green,Low / Normal Baseline Monitoring,No immediate action required. Routine meteorological monitoring.
BG_0084,2023-06-21,West Khasi Block,25.039475,91.498995,0,Controlled_Background,0.0271,0.0586,0.0016,Level 1: Green,Low / Normal Baseline Monitoring,No immediate action required. Routine meteorological monitoring.
BG_0085,2023-06-29,West Khasi Block,25.144465,91.595502,0,Controlled_Background,0.0415,0.0895,0.0037,Level 1: Green,Low / Normal Baseline Monitoring,No immediate action required. Routine meteorological monitoring.
BG_0086,2009-06-04,West Khasi Block,25.030593,91.445338,0,Controlled_Background,0.0205,0.0732,0.0015,Level 1: Green,Low / Normal Baseline Monitoring,No immediate action required. Routine meteorological monitoring.
BG_0087,2022-06-02,West Khasi Block,25.229502,91.310569,0,Controlled_Background,0.0157,0.0428,0.0007,Level 1: Green,Low / Normal Baseline Monitoring,No immediate action required. Routine meteorological monitoring.
BG_0088,2022-07-06,West Khasi Block,25.334838,91.51627,0,Controlled_Background,0.0742,0.0749,0.0056,Level 1: Green,Low / Normal Baseline Monitoring,No immediate action required. Routine meteorological monitoring.
BG_0089,2020-07-05,West Khasi Block,25.152962,91.2741,0,Controlled_Background,0.0413,0.2788,0.0115,Level 1: Green,Low / Normal Baseline Monitoring,No immediate action required. Routine meteorological monitoring.
BG_0090,2022-07-02,West Khasi Block,25.041187,91.517576,0,Controlled_Background,0.0501,0.0673,0.0034,Level 1: Green,Low / Normal Baseline Monitoring,No immediate action required. Routine meteorological monitoring.
BG_0091,2014-07-24,West Khasi Block,25.119198,91.157307,0,Controlled_Background,0.0377,0.1167,0.0044,Level 1: Green,Low / Normal Baseline Monitoring,No immediate action required. Routine meteorological monitoring.
BG_0092,2024-07-24,West Khasi Block,25.58672,91.547185,0,Controlled_Background,0.0458,0.0738,0.0034,Level 1: Green,Low / Normal Baseline Monitoring,No immediate action required. Routine meteorological monitoring.
BG_0093,2009-07-26,West Khasi Block,25.18695,91.049248,0,Controlled_Background,0.0234,0.1613,0.0038,Level 1: Green,Low / Normal Baseline Monitoring,No immediate action required. Routine meteorological monitoring.
BG_0094,2014-07-07,West Khasi Block,25.119495,91.116844,0,Controlled_Background,0.0245,0.1217,0.003,Level 1: Green,Low / Normal Baseline Monitoring,No immediate action required. Routine meteorological monitoring.
BG_0095,2009-07-22,West Khasi Block,25.499945,91.596278,0,Controlled_Background,0.0311,0.3405,0.0106,Level 1: Green,Low / Normal Baseline Monitoring,No immediate action required. Routine meteorological monitoring.
BG_0096,2017-07-14,West Khasi Block,25.324492,91.152979,0,Controlled_Background,0.0293,0.0692,0.002,Level 1: Green,Low / Normal Baseline Monitoring,No immediate action required. Routine meteorological monitoring.
BG_0097,2017-07-11,West Khasi Block,25.425892,91.077223,0,Controlled_Background,0.0235,0.0433,0.001,Level 1: Green,Low / Normal Baseline Monitoring,No immediate action required. Routine meteorological monitoring.
BG_0098,2018-07-27,West Khasi Block,25.079689,91.482769,0,Controlled_Background,0.0874,0.2696,0.0236,Level 1: Green,Low / Normal Baseline Monitoring,No immediate action required. Routine meteorological monitoring.
BG_0099,2026-07-28,West Khasi Block,25.147489,91.13436,0,Controlled_Background,0.0322,0.113,0.0036,Level 1: Green,Low / Normal Baseline Monitoring,No immediate action required. Routine meteorological monitoring.
BG_0100,2020-07-22,West Khasi Block,25.078247,91.375467,0,Controlled_Background,0.0252,0.247,0.0062,Level 1: Green,Low / Normal Baseline Monitoring,No immediate action required. Routine meteorological monitoring.
BG_0101,2012-07-15,West Khasi Block,25.137296,91.24202,0,Controlled_Background,0.1253,0.1322,0.0166,Level 1: Green,Low / Normal Baseline Monitoring,No immediate action required. Routine meteorological monitoring.
BG_0102,2017-07-05,West Khasi Block,25.585913,91.340426,0,Controlled_Background,0.0412,0.1285,0.0053,Level 1: Green,Low / Normal Baseline Monitoring,No immediate action required. Routine meteorological monitoring.
BG_0103,2013-07-21,West Khasi Block,25.547641,91.539626,0,Controlled_Background,0.0463,0.3385,0.0157,Level 1: Green,Low / Normal Baseline Monitoring,No immediate action required. Routine meteorological monitoring.
BG_0104,2022-07-08,West Khasi Block,25.145475,91.492806,0,Controlled_Background,0.0332,0.121,0.004,Level 1: Green,Low / Normal Baseline Monitoring,No immediate action required. Routine meteorological monitoring.
BG_0105,2008-07-17,West Khasi Block,25.612749,91.441895,0,Controlled_Background,0.0342,0.0471,0.0016,Level 1: Green,Low / Normal Baseline Monitoring,No immediate action required. Routine meteorological monitoring.
BG_0106,2020-07-18,West Khasi Block,25.371144,91.236887,0,Controlled_Background,0.0225,0.1146,0.0026,Level 1: Green,Low / Normal Baseline Monitoring,No immediate action required. Routine meteorological monitoring.
BG_0107,2014-07-22,West Khasi Block,25.608568,91.270773,0,Controlled_Background,0.1646,0.0747,0.0123,Level 1: Green,Low / Normal Baseline Monitoring,No immediate action required. Routine meteorological monitoring.
BG_0108,2020-07-23,West Khasi Block,25.3281,91.251576,0,Controlled_Background,0.0594,0.0632,0.0038,Level 1: Green,Low / Normal Baseline Monitoring,No immediate action required. Routine meteorological monitoring.
BG_0109,2023-07-12,West Khasi Block,25.241719,91.25706,0,Controlled_Background,0.0264,0.0706,0.0019,Level 1: Green,Low / Normal Baseline Monitoring,No immediate action required. Routine meteorological monitoring.
BG_0110,2013-07-01,West Khasi Block,25.123196,91.274193,0,Controlled_Background,0.0382,0.0496,0.0019,Level 1: Green,Low / Normal Baseline Monitoring,No immediate action required. Routine meteorological monitoring.
BG_0111,2025-07-30,West Khasi Block,25.077919,91.327956,0,Controlled_Background,0.0195,0.1275,0.0025,Level 1: Green,Low / Normal Baseline Monitoring,No immediate action required. Routine meteorological monitoring.
BG_0112,2010-07-03,West Khasi Block,25.507368,91.594325,0,Controlled_Background,0.0519,0.3024,0.0157,Level 1: Green,Low / Normal Baseline Monitoring,No immediate action required. Routine meteorological monitoring.
BG_0113,2022-07-24,West Khasi Block,25.486853,91.058927,0,Controlled_Background,0.0157,0.0908,0.0014,Level 1: Green,Low / Normal Baseline Monitoring,No immediate action required. Routine meteorological monitoring.
BG_0114,2010-07-25,West Khasi Block,25.049806,91.252973,0,Controlled_Background,0.0269,0.2049,0.0055,Level 1: Green,Low / Normal Baseline Monitoring,No immediate action required. Routine meteorological monitoring.
BG_0115,2018-07-14,West Khasi Block,25.035005,91.443079,0,Controlled_Background,0.0208,0.0684,0.0014,Level 1: Green,Low / Normal Baseline Monitoring,No immediate action required. Routine meteorological monitoring.
BG_0116,2010-07-09,West Khasi Block,25.057135,91.421284,0,Controlled_Background,0.06,0.0786,0.0047,Level 1: Green,Low / Normal Baseline Monitoring,No immediate action required. Routine meteorological monitoring.
BG_0117,2014-07-15,West Khasi Block,25.090262,91.37725,0,Controlled_Background,0.0229,0.0303,0.0007,Level 1: Green,Low / Normal Baseline Monitoring,No immediate action required. Routine meteorological monitoring.
BG_0118,2019-07-02,West Khasi Block,25.094251,91.347552,0,Controlled_Background,0.02,0.0989,0.002,Level 1: Green,Low / Normal Baseline Monitoring,No immediate action required. Routine meteorological monitoring.
BG_0119,2007-07-11,West Khasi Block,25.364193,91.168055,0,Controlled_Background,0.0296,0.2898,0.0086,Level 1: Green,Low / Normal Baseline Monitoring,No immediate action required. Routine meteorological monitoring.
BG_0120,2026-07-25,West Khasi Block,25.627876,91.35832,0,Controlled_Background,0.034,0.086,0.0029,Level 1: Green,Low / Normal Baseline Monitoring,No immediate action required. Routine meteorological monitoring.
BG_0121,2010-07-15,West Khasi Block,25.040007,91.135221,0,Controlled_Background,0.0278,0.0761,0.0021,Level 1: Green,Low / Normal Baseline Monitoring,No immediate action required. Routine meteorological monitoring.
BG_0122,2010-07-02,West Khasi Block,25.288643,91.118293,0,Controlled_Background,0.0406,0.038,0.0015,Level 1: Green,Low / Normal Baseline Monitoring,No immediate action required. Routine meteorological monitoring.
BG_0123,2012-07-11,West Khasi Block,25.281695,91.062907,0,Controlled_Background,0.0513,0.0528,0.0027,Level 1: Green,Low / Normal Baseline Monitoring,No immediate action required. Routine meteorological monitoring.
BG_0124,2020-07-11,West Khasi Block,25.627876,91.35832,0,Controlled_Background,0.034,0.4766,0.0162,Level 1: Green,Low / Normal Baseline Monitoring,No immediate action required. Routine meteorological monitoring.
BG_0125,2024-07-22,West Khasi Block,25.441924,91.271788,0,Controlled_Background,0.0254,0.1082,0.0027,Level 1: Green,Low / Normal Baseline Monitoring,No immediate action required. Routine meteorological monitoring.
BG_0126,2018-07-31,West Khasi Block,25.5353,91.165253,0,Controlled_Background,0.1305,0.2629,0.0343,Level 1: Green,Low / Normal Baseline Monitoring,No immediate action required. Routine meteorological monitoring.
BG_0127,2009-07-11,West Khasi Block,25.142359,91.309892,0,Controlled_Background,0.0315,0.1313,0.0041,Level 1: Green,Low / Normal Baseline Monitoring,No immediate action required. Routine meteorological monitoring.
BG_0128,2020-07-27,West Khasi Block,25.575114,91.488308,0,Controlled_Background,0.1841,0.1293,0.0238,Level 1: Green,Low / Normal Baseline Monitoring,No immediate action required. Routine meteorological monitoring.
BG_0129,2020-07-28,West Khasi Block,25.022036,91.593946,0,Controlled_Background,0.0278,0.0642,0.0018,Level 1: Green,Low / Normal Baseline Monitoring,No immediate action required. Routine meteorological monitoring.
BG_0130,2010-08-09,West Khasi Block,25.071597,91.032954,0,Controlled_Background,0.0537,0.1108,0.0059,Level 1: Green,Low / Normal Baseline Monitoring,No immediate action required. Routine meteorological monitoring.
BG_0131,2013-08-15,West Khasi Block,25.59542,91.574845,0,Controlled_Background,0.0581,0.0488,0.0028,Level 1: Green,Low / Normal Baseline Monitoring,No immediate action required. Routine meteorological monitoring.
BG_0132,2009-08-21,West Khasi Block,25.159988,91.572207,0,Controlled_Background,0.025,0.1515,0.0038,Level 1: Green,Low / Normal Baseline Monitoring,No immediate action required. Routine meteorological monitoring.
BG_0133,2013-08-10,West Khasi Block,25.249251,91.268736,0,Controlled_Background,0.0302,0.1947,0.0059,Level 1: Green,Low / Normal Baseline Monitoring,No immediate action required. Routine meteorological monitoring.
BG_0134,2011-08-30,West Khasi Block,25.065765,91.374152,0,Controlled_Background,0.0263,0.138,0.0036,Level 1: Green,Low / Normal Baseline Monitoring,No immediate action required. Routine meteorological monitoring.
BG_0135,2025-08-04,West Khasi Block,25.18695,91.049248,0,Controlled_Background,0.0234,0.2867,0.0067,Level 1: Green,Low / Normal Baseline Monitoring,No immediate action required. Routine meteorological monitoring.
BG_0136,2025-08-12,West Khasi Block,25.441924,91.271788,0,Controlled_Background,0.0254,0.0702,0.0018,Level 1: Green,Low / Normal Baseline Monitoring,No immediate action required. Routine meteorological monitoring.
BG_0137,2019-08-19,West Khasi Block,25.09806,91.388893,0,Controlled_Background,0.0173,0.0205,0.0004,Level 1: Green,Low / Normal Baseline Monitoring,No immediate action required. Routine meteorological monitoring.
BG_0138,2024-08-13,West Khasi Block,25.484856,91.049031,0,Controlled_Background,0.023,0.1174,0.0027,Level 1: Green,Low / Normal Baseline Monitoring,No immediate action required. Routine meteorological monitoring.
BG_0139,2007-08-29,West Khasi Block,25.020658,91.415416,0,Controlled_Background,0.0215,0.3066,0.0066,Level 1: Green,Low / Normal Baseline Monitoring,No immediate action required. Routine meteorological monitoring.
BG_0140,2025-08-14,West Khasi Block,25.157714,91.475917,0,Controlled_Background,0.0235,0.0587,0.0014,Level 1: Green,Low / Normal Baseline Monitoring,No immediate action required. Routine meteorological monitoring.
BG_0141,2014-08-14,West Khasi Block,25.547641,91.539626,0,Controlled_Background,0.0463,0.055,0.0025,Level 1: Green,Low / Normal Baseline Monitoring,No immediate action required. Routine meteorological monitoring.
BG_0142,2018-08-14,West Khasi Block,25.106172,91.074807,0,Controlled_Background,0.0177,0.0682,0.0012,Level 1: Green,Low / Normal Baseline Monitoring,No immediate action required. Routine meteorological monitoring.
BG_0143,2024-08-14,West Khasi Block,25.561714,91.178587,0,Controlled_Background,0.0818,0.0454,0.0037,Level 1: Green,Low / Normal Baseline Monitoring,No immediate action required. Routine meteorological monitoring.
BG_0144,2008-08-02,West Khasi Block,25.065328,91.542495,0,Controlled_Background,0.0744,0.0525,0.0039,Level 1: Green,Low / Normal Baseline Monitoring,No immediate action required. Routine meteorological monitoring.
BG_0145,2008-08-21,West Khasi Block,25.192017,91.015123,0,Controlled_Background,0.0181,0.0488,0.0009,Level 1: Green,Low / Normal Baseline Monitoring,No immediate action required. Routine meteorological monitoring.
BG_0146,2024-08-02,West Khasi Block,25.561714,91.178587,0,Controlled_Background,0.0818,0.062,0.0051,Level 1: Green,Low / Normal Baseline Monitoring,No immediate action required. Routine meteorological monitoring.
BG_0147,2012-08-27,West Khasi Block,25.119603,91.350985,0,Controlled_Background,0.0178,0.0745,0.0013,Level 1: Green,Low / Normal Baseline Monitoring,No immediate action required. Routine meteorological monitoring.
BG_0148,2012-08-06,West Khasi Block,25.096707,91.288024,0,Controlled_Background,0.0324,0.2185,0.0071,Level 1: Green,Low / Normal Baseline Monitoring,No immediate action required. Routine meteorological monitoring.
BG_0149,2019-08-02,West Khasi Block,25.336189,91.518659,0,Controlled_Background,0.0435,0.1486,0.0065,Level 1: Green,Low / Normal Baseline Monitoring,No immediate action required. Routine meteorological monitoring.
BG_0150,2022-08-14,West Khasi Block,25.098542,91.052219,0,Controlled_Background,0.0279,0.0468,0.0013,Level 1: Green,Low / Normal Baseline Monitoring,No immediate action required. Routine meteorological monitoring.
BG_0151,2023-08-27,West Khasi Block,25.606269,91.415416,0,Controlled_Background,0.0276,0.0904,0.0025,Level 1: Green,Low / Normal Baseline Monitoring,No immediate action required. Routine meteorological monitoring.
BG_0152,2010-08-17,West Khasi Block,25.589994,91.447089,0,Controlled_Background,0.0492,0.129,0.0063,Level 1: Green,Low / Normal Baseline Monitoring,No immediate action required. Routine meteorological monitoring.
BG_0153,2013-08-02,West Khasi Block,25.020054,91.565181,0,Controlled_Background,0.028,0.0436,0.0012,Level 1: Green,Low / Normal Baseline Monitoring,No immediate action required. Routine meteorological monitoring.
BG_0154,2017-04-29,East Khasi Block,25.444208,91.921704,0,Controlled_Background,0.053,0.0229,0.0012,Level 1: Green,Low / Normal Baseline Monitoring,No immediate action required. Routine meteorological monitoring.
BG_0155,2014-04-06,East Khasi Block,25.164052,91.796596,0,Controlled_Background,0.0309,0.0167,0.0005,Level 1: Green,Low / Normal Baseline Monitoring,No immediate action required. Routine meteorological monitoring.
BG_0156,2023-04-04,East Khasi Block,25.214005,91.821303,0,Controlled_Background,0.0254,0.0497,0.0013,Level 1: Green,Low / Normal Baseline Monitoring,No immediate action required. Routine meteorological monitoring.
BG_0157,2011-04-10,East Khasi Block,25.032595,91.985236,0,Controlled_Background,0.0237,0.0196,0.0005,Level 1: Green,Low / Normal Baseline Monitoring,No immediate action required. Routine meteorological monitoring.
BG_0158,2009-04-23,East Khasi Block,25.084941,91.980842,0,Controlled_Background,0.1245,0.3442,0.0429,Level 1: Green,Low / Normal Baseline Monitoring,No immediate action required. Routine meteorological monitoring.
BG_0159,2025-04-09,East Khasi Block,25.171018,91.914004,0,Controlled_Background,0.0231,0.0265,0.0006,Level 1: Green,Low / Normal Baseline Monitoring,No immediate action required. Routine meteorological monitoring.
BG_0160,2012-04-02,East Khasi Block,25.644156,91.818744,0,Controlled_Background,0.1482,0.0137,0.002,Level 1: Green,Low / Normal Baseline Monitoring,No immediate action required. Routine meteorological monitoring.
BG_0161,2018-04-24,East Khasi Block,25.630693,91.982293,0,Controlled_Background,0.08,0.0189,0.0015,Level 1: Green,Low / Normal Baseline Monitoring,No immediate action required. Routine meteorological monitoring.
BG_0162,2025-04-29,East Khasi Block,25.156572,91.719943,0,Controlled_Background,0.0391,0.0634,0.0025,Level 1: Green,Low / Normal Baseline Monitoring,No immediate action required. Routine meteorological monitoring.
BG_0163,2018-04-22,East Khasi Block,25.119844,91.87233,0,Controlled_Background,0.0257,0.0263,0.0007,Level 1: Green,Low / Normal Baseline Monitoring,No immediate action required. Routine meteorological monitoring.
BG_0164,2019-04-13,East Khasi Block,25.045952,91.820672,0,Controlled_Background,0.0514,0.0388,0.002,Level 1: Green,Low / Normal Baseline Monitoring,No immediate action required. Routine meteorological monitoring.
BG_0165,2026-04-12,East Khasi Block,25.119844,91.87233,0,Controlled_Background,0.0257,0.0311,0.0008,Level 1: Green,Low / Normal Baseline Monitoring,No immediate action required. Routine meteorological monitoring.
BG_0166,2007-04-07,East Khasi Block,25.281815,91.875349,0,Controlled_Background,0.0768,0.5754,0.0442,Level 1: Green,Low / Normal Baseline Monitoring,No immediate action required. Routine meteorological monitoring.
BG_0167,2011-04-04,East Khasi Block,25.062067,91.822761,0,Controlled_Background,0.0561,0.0105,0.0006,Level 1: Green,Low / Normal Baseline Monitoring,No immediate action required. Routine meteorological monitoring.
BG_0168,2008-04-19,East Khasi Block,25.067417,91.793781,0,Controlled_Background,0.0558,0.0158,0.0009,Level 1: Green,Low / Normal Baseline Monitoring,No immediate action required. Routine meteorological monitoring.
BG_0169,2013-04-21,East Khasi Block,25.597442,91.805083,0,Controlled_Background,0.0788,0.0152,0.0012,Level 1: Green,Low / Normal Baseline Monitoring,No immediate action required. Routine meteorological monitoring.
BG_0170,2008-04-04,East Khasi Block,25.214005,91.821303,0,Controlled_Background,0.0254,0.0152,0.0004,Level 1: Green,Low / Normal Baseline Monitoring,No immediate action required. Routine meteorological monitoring.
BG_0171,2008-04-08,East Khasi Block,25.635083,91.719125,0,Controlled_Background,0.0876,0.0233,0.002,Level 1: Green,Low / Normal Baseline Monitoring,No immediate action required. Routine meteorological monitoring.
BG_0172,2013-05-16,East Khasi Block,25.056927,91.665626,0,Controlled_Background,0.0544,0.1505,0.0082,Level 1: Green,Low / Normal Baseline Monitoring,No immediate action required. Routine meteorological monitoring.
BG_0173,2010-05-15,East Khasi Block,25.60163,91.765578,0,Controlled_Background,0.592,0.2139,0.1266,Level 2: Yellow,Advisory / Early Warning Watch,Maintenance crews on standby. Monitor vulnerable road cut slopes.
BG_0174,2019-05-11,East Khasi Block,25.235437,91.729564,0,Controlled_Background,0.0376,0.0534,0.002,Level 1: Green,Low / Normal Baseline Monitoring,No immediate action required. Routine meteorological monitoring.
BG_0175,2019-05-02,East Khasi Block,25.601689,91.985345,0,Controlled_Background,0.2409,0.0152,0.0037,Level 1: Green,Low / Normal Baseline Monitoring,No immediate action required. Routine meteorological monitoring.
BG_0176,2014-05-02,East Khasi Block,25.095451,91.866714,0,Controlled_Background,0.0295,0.1175,0.0035,Level 1: Green,Low / Normal Baseline Monitoring,No immediate action required. Routine meteorological monitoring.
BG_0177,2009-05-05,East Khasi Block,25.095659,91.785502,0,Controlled_Background,0.025,0.0272,0.0007,Level 1: Green,Low / Normal Baseline Monitoring,No immediate action required. Routine meteorological monitoring.
BG_0178,2013-05-18,East Khasi Block,25.50476,91.670089,0,Controlled_Background,0.1861,0.3142,0.0585,Level 2: Yellow,Advisory / Early Warning Watch,Maintenance crews on standby. Monitor vulnerable road cut slopes.
BG_0179,2012-05-28,East Khasi Block,25.205176,91.859006,0,Controlled_Background,0.0524,0.189,0.0099,Level 1: Green,Low / Normal Baseline Monitoring,No immediate action required. Routine meteorological monitoring.
BG_0180,2009-05-24,East Khasi Block,25.246654,91.627253,0,Controlled_Background,0.0303,0.2403,0.0073,Level 1: Green,Low / Normal Baseline Monitoring,No immediate action required. Routine meteorological monitoring.
BG_0181,2025-05-07,East Khasi Block,25.10814,91.779522,0,Controlled_Background,0.0401,0.0521,0.0021,Level 1: Green,Low / Normal Baseline Monitoring,No immediate action required. Routine meteorological monitoring.
BG_0182,2014-05-19,East Khasi Block,25.131792,91.955471,0,Controlled_Background,0.0555,0.4014,0.0223,Level 1: Green,Low / Normal Baseline Monitoring,No immediate action required. Routine meteorological monitoring.
BG_0183,2011-05-20,East Khasi Block,25.235239,91.81435,0,Controlled_Background,0.0575,0.1168,0.0067,Level 1: Green,Low / Normal Baseline Monitoring,No immediate action required. Routine meteorological monitoring.
BG_0184,2011-05-11,East Khasi Block,25.444208,91.921704,0,Controlled_Background,0.053,0.0151,0.0008,Level 1: Green,Low / Normal Baseline Monitoring,No immediate action required. Routine meteorological monitoring.
BG_0185,2017-05-02,East Khasi Block,25.185316,91.934099,0,Controlled_Background,0.0179,0.0215,0.0004,Level 1: Green,Low / Normal Baseline Monitoring,No immediate action required. Routine meteorological monitoring.
BG_0186,2011-05-29,East Khasi Block,25.117411,91.648346,0,Controlled_Background,0.0319,0.045,0.0014,Level 1: Green,Low / Normal Baseline Monitoring,No immediate action required. Routine meteorological monitoring.
BG_0187,2013-05-06,East Khasi Block,25.243941,91.692949,0,Controlled_Background,0.0395,0.0612,0.0024,Level 1: Green,Low / Normal Baseline Monitoring,No immediate action required. Routine meteorological monitoring.
BG_0188,2023-05-11,East Khasi Block,25.601126,91.819667,0,Controlled_Background,0.0571,0.0174,0.001,Level 1: Green,Low / Normal Baseline Monitoring,No immediate action required. Routine meteorological monitoring.
BG_0189,2008-05-01,East Khasi Block,25.591619,91.751572,0,Controlled_Background,0.2851,0.2408,0.0687,Level 2: Yellow,Advisory / Early Warning Watch,Maintenance crews on standby. Monitor vulnerable road cut slopes.
BG_0190,2013-05-22,East Khasi Block,25.553656,91.69185,0,Controlled_Background,0.2516,0.062,0.0156,Level 1: Green,Low / Normal Baseline Monitoring,No immediate action required. Routine meteorological monitoring.
BG_0191,2014-05-24,East Khasi Block,25.115627,91.863293,0,Controlled_Background,0.0288,0.6086,0.0175,Level 1: Green,Low / Normal Baseline Monitoring,No immediate action required. Routine meteorological monitoring.
BG_0192,2017-05-27,East Khasi Block,25.573913,91.974746,0,Controlled_Background,0.1482,0.1095,0.0162,Level 1: Green,Low / Normal Baseline Monitoring,No immediate action required. Routine meteorological monitoring.
BG_0193,2024-05-17,East Khasi Block,25.156572,91.719943,0,Controlled_Background,0.0391,0.0196,0.0008,Level 1: Green,Low / Normal Baseline Monitoring,No immediate action required. Routine meteorological monitoring.
BG_0194,2008-05-08,East Khasi Block,25.178088,91.646453,0,Controlled_Background,0.0221,0.0256,0.0006,Level 1: Green,Low / Normal Baseline Monitoring,No immediate action required. Routine meteorological monitoring.
BG_0195,2018-05-18,East Khasi Block,25.51363,91.874632,0,Controlled_Background,0.1437,0.0178,0.0026,Level 1: Green,Low / Normal Baseline Monitoring,No immediate action required. Routine meteorological monitoring.
BG_0196,2023-05-01,East Khasi Block,25.498372,91.627845,0,Controlled_Background,0.0579,0.0164,0.0009,Level 1: Green,Low / Normal Baseline Monitoring,No immediate action required. Routine meteorological monitoring.
BG_0197,2011-05-14,East Khasi Block,25.172345,91.963438,0,Controlled_Background,0.0145,0.0127,0.0002,Level 1: Green,Low / Normal Baseline Monitoring,No immediate action required. Routine meteorological monitoring.
BG_0198,2014-05-22,East Khasi Block,25.19079,91.908497,0,Controlled_Background,0.0647,0.5981,0.0387,Level 1: Green,Low / Normal Baseline Monitoring,No immediate action required. Routine meteorological monitoring.
BG_0199,2018-05-31,East Khasi Block,25.22398,91.93848,0,Controlled_Background,0.0255,0.024,0.0006,Level 1: Green,Low / Normal Baseline Monitoring,No immediate action required. Routine meteorological monitoring.
BG_0200,2007-05-18,East Khasi Block,25.194832,91.958082,0,Controlled_Background,0.0181,0.0159,0.0003,Level 1: Green,Low / Normal Baseline Monitoring,No immediate action required. Routine meteorological monitoring.
BG_0201,2009-05-23,East Khasi Block,25.094259,91.885315,0,Controlled_Background,0.0401,0.025,0.001,Level 1: Green,Low / Normal Baseline Monitoring,No immediate action required. Routine meteorological monitoring.
BG_0202,2025-05-11,East Khasi Block,25.120622,91.614187,0,Controlled_Background,0.0418,0.0695,0.0029,Level 1: Green,Low / Normal Baseline Monitoring,No immediate action required. Routine meteorological monitoring.
BG_0203,2022-05-12,East Khasi Block,25.118319,91.777038,0,Controlled_Background,0.1571,0.0247,0.0039,Level 1: Green,Low / Normal Baseline Monitoring,No immediate action required. Routine meteorological monitoring.
BG_0204,2007-05-12,East Khasi Block,25.055098,91.676145,0,Controlled_Background,0.0471,0.018,0.0008,Level 1: Green,Low / Normal Baseline Monitoring,No immediate action required. Routine meteorological monitoring.
BG_0205,2024-05-22,East Khasi Block,25.165616,91.683066,0,Controlled_Background,0.0329,0.0209,0.0007,Level 1: Green,Low / Normal Baseline Monitoring,No immediate action required. Routine meteorological monitoring.
BG_0206,2018-05-25,East Khasi Block,25.032595,91.985236,0,Controlled_Background,0.0237,0.5085,0.0121,Level 1: Green,Low / Normal Baseline Monitoring,No immediate action required. Routine meteorological monitoring.
BG_0207,2013-05-21,East Khasi Block,25.311586,91.652356,0,Controlled_Background,0.333,0.0864,0.0288,Level 1: Green,Low / Normal Baseline Monitoring,No immediate action required. Routine meteorological monitoring.
BG_0208,2011-05-09,East Khasi Block,25.251921,91.696194,0,Controlled_Background,0.039,0.0166,0.0006,Level 1: Green,Low / Normal Baseline Monitoring,No immediate action required. Routine meteorological monitoring.
BG_0209,2009-05-27,East Khasi Block,25.118544,91.870784,0,Controlled_Background,0.0281,0.4672,0.0131,Level 1: Green,Low / Normal Baseline Monitoring,No immediate action required. Routine meteorological monitoring.
BG_0210,2014-05-08,East Khasi Block,25.311586,91.652356,0,Controlled_Background,0.333,0.7768,0.2587,Level 3: Orange,Warning / Heightened Hazard Alert,Issue public travel advisories. Restrict heavy traffic on unstable corridors.
BG_0211,2017-05-27,East Khasi Block,25.118113,91.78821,0,Controlled_Background,0.0574,0.1558,0.0089,Level 1: Green,Low / Normal Baseline Monitoring,No immediate action required. Routine meteorological monitoring.
BG_0212,2025-05-12,East Khasi Block,25.025085,91.988208,0,Controlled_Background,0.0188,0.0429,0.0008,Level 1: Green,Low / Normal Baseline Monitoring,No immediate action required. Routine meteorological monitoring.
BG_0213,2024-05-17,East Khasi Block,25.056927,91.665626,0,Controlled_Background,0.0544,0.0227,0.0012,Level 1: Green,Low / Normal Baseline Monitoring,No immediate action required. Routine meteorological monitoring.
BG_0214,2010-05-02,East Khasi Block,25.573084,91.727752,0,Controlled_Background,0.3575,0.3136,0.1121,Level 2: Yellow,Advisory / Early Warning Watch,Maintenance crews on standby. Monitor vulnerable road cut slopes.
BG_0215,2023-05-05,East Khasi Block,25.477473,91.943013,0,Controlled_Background,0.0827,0.0152,0.0013,Level 1: Green,Low / Normal Baseline Monitoring,No immediate action required. Routine meteorological monitoring.
BG_0216,2019-05-23,East Khasi Block,25.045952,91.820672,0,Controlled_Background,0.0514,0.4221,0.0217,Level 1: Green,Low / Normal Baseline Monitoring,No immediate action required. Routine meteorological monitoring.
BG_0217,2024-05-13,East Khasi Block,25.118428,91.991741,0,Controlled_Background,0.0252,0.0543,0.0014,Level 1: Green,Low / Normal Baseline Monitoring,No immediate action required. Routine meteorological monitoring.
BG_0218,2025-05-16,East Khasi Block,25.055098,91.676145,0,Controlled_Background,0.0471,0.7746,0.0365,Level 1: Green,Low / Normal Baseline Monitoring,No immediate action required. Routine meteorological monitoring.
BG_0219,2012-05-23,East Khasi Block,25.039789,91.987193,0,Controlled_Background,0.0188,0.0359,0.0007,Level 1: Green,Low / Normal Baseline Monitoring,No immediate action required. Routine meteorological monitoring.
BG_0220,2017-05-27,East Khasi Block,25.648318,91.818977,0,Controlled_Background,0.1491,0.14,0.0209,Level 1: Green,Low / Normal Baseline Monitoring,No immediate action required. Routine meteorological monitoring.
BG_0221,2024-05-04,East Khasi Block,25.164052,91.796596,0,Controlled_Background,0.0309,0.0466,0.0014,Level 1: Green,Low / Normal Baseline Monitoring,No immediate action required. Routine meteorological monitoring.
BG_0222,2023-05-30,East Khasi Block,25.056927,91.665626,0,Controlled_Background,0.0544,0.0142,0.0008,Level 1: Green,Low / Normal Baseline Monitoring,No immediate action required. Routine meteorological monitoring.
BG_0223,2020-05-14,East Khasi Block,25.221601,91.931666,0,Controlled_Background,0.0354,0.0155,0.0005,Level 1: Green,Low / Normal Baseline Monitoring,No immediate action required. Routine meteorological monitoring.
BG_0224,2011-05-13,East Khasi Block,25.118745,91.766169,0,Controlled_Background,0.0618,0.0624,0.0039,Level 1: Green,Low / Normal Baseline Monitoring,No immediate action required. Routine meteorological monitoring.
BG_0225,2007-05-19,East Khasi Block,25.144112,91.931735,0,Controlled_Background,0.0622,0.0547,0.0034,Level 1: Green,Low / Normal Baseline Monitoring,No immediate action required. Routine meteorological monitoring.
BG_0226,2024-05-09,East Khasi Block,25.513586,91.649862,0,Controlled_Background,0.1391,0.0118,0.0016,Level 1: Green,Low / Normal Baseline Monitoring,No immediate action required. Routine meteorological monitoring.
BG_0227,2007-05-28,East Khasi Block,25.210431,91.894467,0,Controlled_Background,0.1427,0.0917,0.0131,Level 1: Green,Low / Normal Baseline Monitoring,No immediate action required. Routine meteorological monitoring.
BG_0228,2026-05-11,East Khasi Block,25.117411,91.648346,0,Controlled_Background,0.0319,0.4256,0.0136,Level 1: Green,Low / Normal Baseline Monitoring,No immediate action required. Routine meteorological monitoring.
BG_0229,2018-06-02,East Khasi Block,25.513586,91.649862,0,Controlled_Background,0.1391,0.0244,0.0034,Level 1: Green,Low / Normal Baseline Monitoring,No immediate action required. Routine meteorological monitoring.
BG_0230,2017-06-28,East Khasi Block,25.10814,91.779522,0,Controlled_Background,0.0401,0.0542,0.0022,Level 1: Green,Low / Normal Baseline Monitoring,No immediate action required. Routine meteorological monitoring.
BG_0231,2008-06-01,East Khasi Block,25.573084,91.727752,0,Controlled_Background,0.3575,0.0564,0.0202,Level 1: Green,Low / Normal Baseline Monitoring,No immediate action required. Routine meteorological monitoring.
BG_0232,2020-06-20,East Khasi Block,25.573913,91.974746,0,Controlled_Background,0.1482,0.0629,0.0093,Level 1: Green,Low / Normal Baseline Monitoring,No immediate action required. Routine meteorological monitoring.
BG_0233,2019-06-03,East Khasi Block,25.299029,91.626204,0,Controlled_Background,0.0666,0.1371,0.0091,Level 1: Green,Low / Normal Baseline Monitoring,No immediate action required. Routine meteorological monitoring.
BG_0234,2007-06-11,East Khasi Block,25.153765,91.948935,0,Controlled_Background,0.0275,0.3991,0.011,Level 1: Green,Low / Normal Baseline Monitoring,No immediate action required. Routine meteorological monitoring.
BG_0235,2020-06-20,East Khasi Block,25.299029,91.626204,0,Controlled_Background,0.0666,0.1956,0.013,Level 1: Green,Low / Normal Baseline Monitoring,No immediate action required. Routine meteorological monitoring.
BG_0236,2007-06-30,East Khasi Block,25.217276,91.6601,0,Controlled_Background,0.0311,0.0597,0.0019,Level 1: Green,Low / Normal Baseline Monitoring,No immediate action required. Routine meteorological monitoring.
BG_0237,2019-06-21,East Khasi Block,25.11859,91.894508,0,Controlled_Background,0.0266,0.0959,0.0026,Level 1: Green,Low / Normal Baseline Monitoring,No immediate action required. Routine meteorological monitoring.
BG_0238,2008-06-03,East Khasi Block,25.0896,91.982627,0,Controlled_Background,0.0247,0.0481,0.0012,Level 1: Green,Low / Normal Baseline Monitoring,No immediate action required. Routine meteorological monitoring.
BG_0239,2025-06-20,East Khasi Block,25.0896,91.982627,0,Controlled_Background,0.0247,0.1319,0.0033,Level 1: Green,Low / Normal Baseline Monitoring,No immediate action required. Routine meteorological monitoring.
BG_0240,2007-06-09,East Khasi Block,25.630693,91.982293,0,Controlled_Background,0.08,0.203,0.0162,Level 1: Green,Low / Normal Baseline Monitoring,No immediate action required. Routine meteorological monitoring.
BG_0241,2026-06-13,East Khasi Block,25.235437,91.729564,0,Controlled_Background,0.0376,0.1308,0.0049,Level 1: Green,Low / Normal Baseline Monitoring,No immediate action required. Routine meteorological monitoring.
BG_0242,2019-06-10,East Khasi Block,25.19079,91.908497,0,Controlled_Background,0.0647,0.0154,0.001,Level 1: Green,Low / Normal Baseline Monitoring,No immediate action required. Routine meteorological monitoring.
BG_0243,2014-06-20,East Khasi Block,25.231216,91.757111,0,Controlled_Background,0.0309,0.1106,0.0034,Level 1: Green,Low / Normal Baseline Monitoring,No immediate action required. Routine meteorological monitoring.
BG_0244,2013-06-06,East Khasi Block,25.21764,91.653734,0,Controlled_Background,0.0309,0.7792,0.0241,Level 1: Green,Low / Normal Baseline Monitoring,No immediate action required. Routine meteorological monitoring.
BG_0245,2022-06-28,East Khasi Block,25.281815,91.875349,0,Controlled_Background,0.0768,0.0986,0.0076,Level 1: Green,Low / Normal Baseline Monitoring,No immediate action required. Routine meteorological monitoring.
BG_0246,2023-06-13,East Khasi Block,25.055098,91.676145,0,Controlled_Background,0.0471,0.0161,0.0008,Level 1: Green,Low / Normal Baseline Monitoring,No immediate action required. Routine meteorological monitoring.
BG_0247,2007-07-04,East Khasi Block,25.597442,91.805083,0,Controlled_Background,0.0788,0.2877,0.0227,Level 1: Green,Low / Normal Baseline Monitoring,No immediate action required. Routine meteorological monitoring.
BG_0248,2010-07-19,East Khasi Block,25.575715,91.770365,0,Controlled_Background,0.2703,0.0533,0.0144,Level 1: Green,Low / Normal Baseline Monitoring,No immediate action required. Routine meteorological monitoring.
BG_0249,2008-07-12,East Khasi Block,25.573913,91.974746,0,Controlled_Background,0.1482,0.0805,0.0119,Level 1: Green,Low / Normal Baseline Monitoring,No immediate action required. Routine meteorological monitoring.
BG_0250,2022-07-31,East Khasi Block,25.078465,91.620413,0,Controlled_Background,0.0277,0.1821,0.005,Level 1: Green,Low / Normal Baseline Monitoring,No immediate action required. Routine meteorological monitoring.
BG_0251,2022-07-04,East Khasi Block,25.055098,91.676145,0,Controlled_Background,0.0471,0.0837,0.0039,Level 1: Green,Low / Normal Baseline Monitoring,No immediate action required. Routine meteorological monitoring.
BG_0252,2023-07-01,East Khasi Block,25.191308,91.948905,0,Controlled_Background,0.0725,0.0606,0.0044,Level 1: Green,Low / Normal Baseline Monitoring,No immediate action required. Routine meteorological monitoring.
BG_0253,2008-07-12,East Khasi Block,25.622005,91.826426,0,Controlled_Background,0.0519,0.0968,0.005,Level 1: Green,Low / Normal Baseline Monitoring,No immediate action required. Routine meteorological monitoring.
BG_0254,2011-07-28,East Khasi Block,25.172345,91.963438,0,Controlled_Background,0.0145,0.1688,0.0024,Level 1: Green,Low / Normal Baseline Monitoring,No immediate action required. Routine meteorological monitoring.
BG_0255,2026-07-18,East Khasi Block,25.0896,91.982627,0,Controlled_Background,0.0247,0.0552,0.0014,Level 1: Green,Low / Normal Baseline Monitoring,No immediate action required. Routine meteorological monitoring.
BG_0256,2022-07-11,East Khasi Block,25.135044,91.864655,0,Controlled_Background,0.1269,0.2393,0.0304,Level 1: Green,Low / Normal Baseline Monitoring,No immediate action required. Routine meteorological monitoring.
BG_0257,2008-07-12,East Khasi Block,25.117411,91.648346,0,Controlled_Background,0.0319,0.1019,0.0033,Level 1: Green,Low / Normal Baseline Monitoring,No immediate action required. Routine meteorological monitoring.
BG_0258,2019-07-29,East Khasi Block,25.11701,91.885353,0,Controlled_Background,0.0216,0.1654,0.0036,Level 1: Green,Low / Normal Baseline Monitoring,No immediate action required. Routine meteorological monitoring.
BG_0259,2025-07-12,East Khasi Block,25.311586,91.652356,0,Controlled_Background,0.333,0.176,0.0586,Level 2: Yellow,Advisory / Early Warning Watch,Maintenance crews on standby. Monitor vulnerable road cut slopes.
BG_0260,2011-07-19,East Khasi Block,25.214005,91.821303,0,Controlled_Background,0.0254,0.3167,0.008,Level 1: Green,Low / Normal Baseline Monitoring,No immediate action required. Routine meteorological monitoring.
BG_0261,2007-07-06,East Khasi Block,25.106373,91.777567,0,Controlled_Background,0.0419,0.122,0.0051,Level 1: Green,Low / Normal Baseline Monitoring,No immediate action required. Routine meteorological monitoring.
BG_0262,2014-07-13,East Khasi Block,25.200423,91.790192,0,Controlled_Background,0.2285,0.073,0.0167,Level 1: Green,Low / Normal Baseline Monitoring,No immediate action required. Routine meteorological monitoring.
BG_0263,2020-07-13,East Khasi Block,25.115627,91.863293,0,Controlled_Background,0.0288,0.0632,0.0018,Level 1: Green,Low / Normal Baseline Monitoring,No immediate action required. Routine meteorological monitoring.
BG_0264,2017-07-11,East Khasi Block,25.155479,91.630093,0,Controlled_Background,0.0378,0.0437,0.0017,Level 1: Green,Low / Normal Baseline Monitoring,No immediate action required. Routine meteorological monitoring.
BG_0265,2013-07-09,East Khasi Block,25.21764,91.653734,0,Controlled_Background,0.0309,0.045,0.0014,Level 1: Green,Low / Normal Baseline Monitoring,No immediate action required. Routine meteorological monitoring.
BG_0266,2008-07-26,East Khasi Block,25.13934,91.928703,0,Controlled_Background,0.0981,0.0522,0.0051,Level 1: Green,Low / Normal Baseline Monitoring,No immediate action required. Routine meteorological monitoring.
BG_0267,2008-07-12,East Khasi Block,25.06518,91.658572,0,Controlled_Background,0.1047,0.0982,0.0103,Level 1: Green,Low / Normal Baseline Monitoring,No immediate action required. Routine meteorological monitoring.
BG_0268,2019-07-28,East Khasi Block,25.210431,91.894467,0,Controlled_Background,0.1427,0.1182,0.0169,Level 1: Green,Low / Normal Baseline Monitoring,No immediate action required. Routine meteorological monitoring.
BG_0269,2007-07-05,East Khasi Block,25.444208,91.921704,0,Controlled_Background,0.053,0.3662,0.0194,Level 1: Green,Low / Normal Baseline Monitoring,No immediate action required. Routine meteorological monitoring.
BG_0270,2019-07-27,East Khasi Block,25.078465,91.620413,0,Controlled_Background,0.0277,0.1841,0.0051,Level 1: Green,Low / Normal Baseline Monitoring,No immediate action required. Routine meteorological monitoring.
BG_0271,2024-08-23,East Khasi Block,25.045952,91.820672,0,Controlled_Background,0.0514,0.161,0.0083,Level 1: Green,Low / Normal Baseline Monitoring,No immediate action required. Routine meteorological monitoring.
BG_0272,2017-08-02,East Khasi Block,25.605022,91.771525,0,Controlled_Background,0.2671,0.4538,0.1212,Level 2: Yellow,Advisory / Early Warning Watch,Maintenance crews on standby. Monitor vulnerable road cut slopes.
BG_0273,2012-08-12,East Khasi Block,25.490531,91.945366,0,Controlled_Background,0.3788,0.2952,0.1118,Level 2: Yellow,Advisory / Early Warning Watch,Maintenance crews on standby. Monitor vulnerable road cut slopes.
BG_0274,2019-08-13,East Khasi Block,25.032324,91.773993,0,Controlled_Background,0.0541,0.3221,0.0174,Level 1: Green,Low / Normal Baseline Monitoring,No immediate action required. Routine meteorological monitoring.
BG_0275,2013-08-20,East Khasi Block,25.081978,91.84057,0,Controlled_Background,0.0369,0.0732,0.0027,Level 1: Green,Low / Normal Baseline Monitoring,No immediate action required. Routine meteorological monitoring.
BG_0276,2017-08-03,East Khasi Block,25.144112,91.931735,0,Controlled_Background,0.0622,0.1311,0.0082,Level 1: Green,Low / Normal Baseline Monitoring,No immediate action required. Routine meteorological monitoring.
BG_0277,2013-08-26,East Khasi Block,25.114585,91.898194,0,Controlled_Background,0.0543,0.1385,0.0075,Level 1: Green,Low / Normal Baseline Monitoring,No immediate action required. Routine meteorological monitoring.
BG_0278,2008-08-01,East Khasi Block,25.209469,91.892315,0,Controlled_Background,0.1589,0.0566,0.009,Level 1: Green,Low / Normal Baseline Monitoring,No immediate action required. Routine meteorological monitoring.
BG_0279,2007-08-09,East Khasi Block,25.281815,91.875349,0,Controlled_Background,0.0768,0.1703,0.0131,Level 1: Green,Low / Normal Baseline Monitoring,No immediate action required. Routine meteorological monitoring.
BG_0280,2012-09-29,East Khasi Block,25.229493,91.93797,0,Controlled_Background,0.126,0.4916,0.0619,Level 1: Green,Low / Normal Baseline Monitoring,No immediate action required. Routine meteorological monitoring.
BG_0281,2014-09-05,East Khasi Block,25.118544,91.870784,0,Controlled_Background,0.0281,0.4557,0.0128,Level 1: Green,Low / Normal Baseline Monitoring,No immediate action required. Routine meteorological monitoring.
BG_0282,2011-09-20,East Khasi Block,25.190597,91.785875,0,Controlled_Background,0.0542,0.1722,0.0093,Level 1: Green,Low / Normal Baseline Monitoring,No immediate action required. Routine meteorological monitoring.
BG_0283,2023-09-24,East Khasi Block,25.054354,91.789606,0,Controlled_Background,0.0615,0.5064,0.0311,Level 1: Green,Low / Normal Baseline Monitoring,No immediate action required. Routine meteorological monitoring.
BG_0284,2012-09-12,East Khasi Block,25.110722,91.878654,0,Controlled_Background,0.0196,0.267,0.0052,Level 1: Green,Low / Normal Baseline Monitoring,No immediate action required. Routine meteorological monitoring.
BG_0285,2024-09-29,East Khasi Block,25.180703,91.924108,0,Controlled_Background,0.0208,0.3529,0.0073,Level 1: Green,Low / Normal Baseline Monitoring,No immediate action required. Routine meteorological monitoring.
BG_0286,2018-10-04,East Khasi Block,25.021767,91.654933,0,Controlled_Background,0.0655,0.0313,0.0021,Level 1: Green,Low / Normal Baseline Monitoring,No immediate action required. Routine meteorological monitoring.
BG_0287,2017-10-01,East Khasi Block,25.178043,91.942329,0,Controlled_Background,0.0154,0.0885,0.0014,Level 1: Green,Low / Normal Baseline Monitoring,No immediate action required. Routine meteorological monitoring.
BG_0288,2019-10-16,East Khasi Block,25.134737,91.875646,0,Controlled_Background,0.0389,0.0335,0.0013,Level 1: Green,Low / Normal Baseline Monitoring,No immediate action required. Routine meteorological monitoring.
BG_0289,2024-05-22,Ri-Bhoi Block,25.984936,92.31084,0,Controlled_Background,0.0343,0.0216,0.0007,Level 1: Green,Low / Normal Baseline Monitoring,No immediate action required. Routine meteorological monitoring.
BG_0290,2012-05-23,Ri-Bhoi Block,25.872848,92.053355,0,Controlled_Background,0.0472,0.0196,0.0009,Level 1: Green,Low / Normal Baseline Monitoring,No immediate action required. Routine meteorological monitoring.
BG_0291,2024-05-06,Ri-Bhoi Block,25.9663,91.210608,0,Controlled_Background,0.0454,0.0941,0.0043,Level 1: Green,Low / Normal Baseline Monitoring,No immediate action required. Routine meteorological monitoring.
BG_0292,2007-05-20,Ri-Bhoi Block,26.063722,91.553608,0,Controlled_Background,0.0159,0.0121,0.0002,Level 1: Green,Low / Normal Baseline Monitoring,No immediate action required. Routine meteorological monitoring.
BG_0293,2017-05-31,Ri-Bhoi Block,26.005591,92.180591,0,Controlled_Background,0.0314,0.0116,0.0004,Level 1: Green,Low / Normal Baseline Monitoring,No immediate action required. Routine meteorological monitoring.
BG_0294,2019-05-08,Ri-Bhoi Block,25.770848,91.074898,0,Controlled_Background,0.0291,0.0188,0.0005,Level 1: Green,Low / Normal Baseline Monitoring,No immediate action required. Routine meteorological monitoring.
BG_0295,2026-05-07,Ri-Bhoi Block,25.797949,91.414779,0,Controlled_Background,0.0128,0.0304,0.0004,Level 1: Green,Low / Normal Baseline Monitoring,No immediate action required. Routine meteorological monitoring.
BG_0296,2017-05-22,Ri-Bhoi Block,25.888438,92.215481,0,Controlled_Background,0.0175,0.0102,0.0002,Level 1: Green,Low / Normal Baseline Monitoring,No immediate action required. Routine meteorological monitoring.
BG_0297,2017-05-11,Ri-Bhoi Block,25.820042,92.191771,0,Controlled_Background,0.0239,0.0152,0.0004,Level 1: Green,Low / Normal Baseline Monitoring,No immediate action required. Routine meteorological monitoring.
BG_0298,2010-05-04,Ri-Bhoi Block,25.687481,91.991246,0,Controlled_Background,0.1208,0.1423,0.0172,Level 1: Green,Low / Normal Baseline Monitoring,No immediate action required. Routine meteorological monitoring.
BG_0299,2026-05-01,Ri-Bhoi Block,26.084627,91.279599,0,Controlled_Background,0.0195,0.0225,0.0004,Level 1: Green,Low / Normal Baseline Monitoring,No immediate action required. Routine meteorological monitoring.
BG_0300,2018-05-31,Ri-Bhoi Block,26.04641,92.722899,0,Controlled_Background,0.0143,0.011,0.0002,Level 1: Green,Low / Normal Baseline Monitoring,No immediate action required. Routine meteorological monitoring.
BG_0301,2023-05-24,Ri-Bhoi Block,25.688319,92.322439,0,Controlled_Background,0.0533,0.0133,0.0007,Level 1: Green,Low / Normal Baseline Monitoring,No immediate action required. Routine meteorological monitoring.
BG_0302,2017-05-07,Ri-Bhoi Block,25.895589,92.68887,0,Controlled_Background,0.0151,0.0144,0.0002,Level 1: Green,Low / Normal Baseline Monitoring,No immediate action required. Routine meteorological monitoring.
BG_0303,2023-05-08,Ri-Bhoi Block,25.686817,92.392081,0,Controlled_Background,0.0312,0.0163,0.0005,Level 1: Green,Low / Normal Baseline Monitoring,No immediate action required. Routine meteorological monitoring.
BG_0304,2012-05-10,Ri-Bhoi Block,25.681489,92.050757,0,Controlled_Background,0.0288,0.0189,0.0005,Level 1: Green,Low / Normal Baseline Monitoring,No immediate action required. Routine meteorological monitoring.
BG_0305,2011-05-01,Ri-Bhoi Block,26.086946,92.287755,0,Controlled_Background,0.0214,0.0389,0.0008,Level 1: Green,Low / Normal Baseline Monitoring,No immediate action required. Routine meteorological monitoring.
BG_0306,2007-05-24,Ri-Bhoi Block,25.996832,91.334846,0,Controlled_Background,0.0134,0.017,0.0002,Level 1: Green,Low / Normal Baseline Monitoring,No immediate action required. Routine meteorological monitoring.
BG_0307,2022-05-24,Ri-Bhoi Block,26.018727,92.398102,0,Controlled_Background,0.0141,0.0533,0.0008,Level 1: Green,Low / Normal Baseline Monitoring,No immediate action required. Routine meteorological monitoring.
BG_0308,2023-05-28,Ri-Bhoi Block,26.04035,92.635044,0,Controlled_Background,0.0149,0.0206,0.0003,Level 1: Green,Low / Normal Baseline Monitoring,No immediate action required. Routine meteorological monitoring.
BG_0309,2013-05-28,Ri-Bhoi Block,25.774178,91.122776,0,Controlled_Background,0.0226,0.0311,0.0007,Level 1: Green,Low / Normal Baseline Monitoring,No immediate action required. Routine meteorological monitoring.
BG_0310,2014-05-29,Ri-Bhoi Block,25.686817,92.392081,0,Controlled_Background,0.0312,0.1809,0.0056,Level 1: Green,Low / Normal Baseline Monitoring,No immediate action required. Routine meteorological monitoring.
BG_0311,2007-05-29,Ri-Bhoi Block,26.022927,92.560463,0,Controlled_Background,0.0582,0.044,0.0026,Level 1: Green,Low / Normal Baseline Monitoring,No immediate action required. Routine meteorological monitoring.
BG_0312,2010-05-04,Ri-Bhoi Block,25.708499,91.768097,0,Controlled_Background,0.1013,0.1142,0.0116,Level 1: Green,Low / Normal Baseline Monitoring,No immediate action required. Routine meteorological monitoring.
BG_0313,2019-05-06,Ri-Bhoi Block,25.795297,92.535967,0,Controlled_Background,0.0241,0.0331,0.0008,Level 1: Green,Low / Normal Baseline Monitoring,No immediate action required. Routine meteorological monitoring.
BG_0314,2024-05-14,Ri-Bhoi Block,25.696927,91.74591,0,Controlled_Background,0.1426,0.0189,0.0027,Level 1: Green,Low / Normal Baseline Monitoring,No immediate action required. Routine meteorological monitoring.
BG_0315,2023-05-10,Ri-Bhoi Block,26.091377,91.894284,0,Controlled_Background,0.0946,0.011,0.001,Level 1: Green,Low / Normal Baseline Monitoring,No immediate action required. Routine meteorological monitoring.
BG_0316,2011-05-12,Ri-Bhoi Block,25.696927,91.74591,0,Controlled_Background,0.1426,0.0189,0.0027,Level 1: Green,Low / Normal Baseline Monitoring,No immediate action required. Routine meteorological monitoring.
BG_0317,2009-05-03,Ri-Bhoi Block,25.835571,92.630522,0,Controlled_Background,0.0199,0.0143,0.0003,Level 1: Green,Low / Normal Baseline Monitoring,No immediate action required. Routine meteorological monitoring.
BG_0318,2013-05-16,Ri-Bhoi Block,25.95522,92.749811,0,Controlled_Background,0.0555,0.0159,0.0009,Level 1: Green,Low / Normal Baseline Monitoring,No immediate action required. Routine meteorological monitoring.
BG_0319,2017-05-01,Ri-Bhoi Block,25.748638,92.372816,0,Controlled_Background,0.0436,0.0196,0.0009,Level 1: Green,Low / Normal Baseline Monitoring,No immediate action required. Routine meteorological monitoring.
BG_0320,2023-05-25,Ri-Bhoi Block,26.077723,92.669847,0,Controlled_Background,0.1485,0.0085,0.0013,Level 1: Green,Low / Normal Baseline Monitoring,No immediate action required. Routine meteorological monitoring.
BG_0321,2023-05-31,Ri-Bhoi Block,25.843823,91.364886,0,Controlled_Background,0.0251,0.0258,0.0006,Level 1: Green,Low / Normal Baseline Monitoring,No immediate action required. Routine meteorological monitoring.
BG_0322,2019-05-27,Ri-Bhoi Block,26.084627,91.279599,0,Controlled_Background,0.0195,0.0266,0.0005,Level 1: Green,Low / Normal Baseline Monitoring,No immediate action required. Routine meteorological monitoring.
BG_0323,2010-05-31,Ri-Bhoi Block,26.091377,91.894284,0,Controlled_Background,0.0946,0.1173,0.0111,Level 1: Green,Low / Normal Baseline Monitoring,No immediate action required. Routine meteorological monitoring.
BG_0324,2011-05-07,Ri-Bhoi Block,25.67422,92.736755,0,Controlled_Background,0.0397,0.0105,0.0004,Level 1: Green,Low / Normal Baseline Monitoring,No immediate action required. Routine meteorological monitoring.
BG_0325,2009-05-30,Ri-Bhoi Block,25.708965,92.145968,0,Controlled_Background,0.0278,0.0097,0.0003,Level 1: Green,Low / Normal Baseline Monitoring,No immediate action required. Routine meteorological monitoring.
BG_0326,2023-05-26,Ri-Bhoi Block,25.964932,92.370654,0,Controlled_Background,0.024,0.0102,0.0002,Level 1: Green,Low / Normal Baseline Monitoring,No immediate action required. Routine meteorological monitoring.
BG_0327,2020-05-31,Ri-Bhoi Block,26.085596,92.317702,0,Controlled_Background,0.0361,0.0214,0.0008,Level 1: Green,Low / Normal Baseline Monitoring,No immediate action required. Routine meteorological monitoring.
BG_0328,2008-05-18,Ri-Bhoi Block,26.076233,92.832578,0,Controlled_Background,0.073,0.0223,0.0016,Level 1: Green,Low / Normal Baseline Monitoring,No immediate action required. Routine meteorological monitoring.
BG_0329,2026-05-12,Ri-Bhoi Block,26.032492,91.775368,0,Controlled_Background,0.3588,0.0257,0.0092,Level 1: Green,Low / Normal Baseline Monitoring,No immediate action required. Routine meteorological monitoring.
BG_0330,2014-05-08,Ri-Bhoi Block,25.896889,92.436182,0,Controlled_Background,0.0332,0.0949,0.0032,Level 1: Green,Low / Normal Baseline Monitoring,No immediate action required. Routine meteorological monitoring.
BG_0331,2012-05-05,Ri-Bhoi Block,25.855851,92.282179,0,Controlled_Background,0.0132,0.0257,0.0003,Level 1: Green,Low / Normal Baseline Monitoring,No immediate action required. Routine meteorological monitoring.
BG_0332,2010-05-17,Ri-Bhoi Block,25.807633,91.99066,0,Controlled_Background,0.0402,0.079,0.0032,Level 1: Green,Low / Normal Baseline Monitoring,No immediate action required. Routine meteorological monitoring.
BG_0333,2008-05-30,Ri-Bhoi Block,25.895897,92.419908,0,Controlled_Background,0.0247,0.0386,0.001,Level 1: Green,Low / Normal Baseline Monitoring,No immediate action required. Routine meteorological monitoring.
BG_0334,2023-05-28,Ri-Bhoi Block,25.838167,92.721966,0,Controlled_Background,0.0128,0.0144,0.0002,Level 1: Green,Low / Normal Baseline Monitoring,No immediate action required. Routine meteorological monitoring.
BG_0335,2014-05-20,Ri-Bhoi Block,25.859009,92.205174,0,Controlled_Background,0.0162,0.0795,0.0013,Level 1: Green,Low / Normal Baseline Monitoring,No immediate action required. Routine meteorological monitoring.
BG_0336,2025-05-08,Ri-Bhoi Block,25.951051,92.525003,0,Controlled_Background,0.033,0.0192,0.0006,Level 1: Green,Low / Normal Baseline Monitoring,No immediate action required. Routine meteorological monitoring.
BG_0337,2009-05-29,Ri-Bhoi Block,25.752665,91.814624,0,Controlled_Background,0.0335,0.0262,0.0009,Level 1: Green,Low / Normal Baseline Monitoring,No immediate action required. Routine meteorological monitoring.
BG_0338,2007-05-18,Ri-Bhoi Block,25.890498,91.913564,0,Controlled_Background,0.0646,0.081,0.0052,Level 1: Green,Low / Normal Baseline Monitoring,No immediate action required. Routine meteorological monitoring.
BG_0339,2010-05-27,Ri-Bhoi Block,25.985579,92.655845,0,Controlled_Background,0.1364,0.2222,0.0303,Level 1: Green,Low / Normal Baseline Monitoring,No immediate action required. Routine meteorological monitoring.
BG_0340,2010-05-27,Ri-Bhoi Block,25.896889,92.436182,0,Controlled_Background,0.0332,0.2595,0.0086,Level 1: Green,Low / Normal Baseline Monitoring,No immediate action required. Routine meteorological monitoring.
BG_0341,2009-05-11,Ri-Bhoi Block,25.699703,92.776749,0,Controlled_Background,0.0387,0.0791,0.0031,Level 1: Green,Low / Normal Baseline Monitoring,No immediate action required. Routine meteorological monitoring.
BG_0342,2025-05-09,Ri-Bhoi Block,25.65586,92.209098,0,Controlled_Background,0.0223,0.0184,0.0004,Level 1: Green,Low / Normal Baseline Monitoring,No immediate action required. Routine meteorological monitoring.
BG_0343,2013-05-01,Ri-Bhoi Block,25.985847,91.249353,0,Controlled_Background,0.0239,0.4114,0.0098,Level 1: Green,Low / Normal Baseline Monitoring,No immediate action required. Routine meteorological monitoring.
BG_0344,2022-05-04,Ri-Bhoi Block,26.074166,92.718825,0,Controlled_Background,0.0322,0.018,0.0006,Level 1: Green,Low / Normal Baseline Monitoring,No immediate action required. Routine meteorological monitoring.
BG_0345,2012-05-10,Ri-Bhoi Block,25.728239,91.756941,0,Controlled_Background,0.0489,0.0189,0.0009,Level 1: Green,Low / Normal Baseline Monitoring,No immediate action required. Routine meteorological monitoring.
BG_0346,2025-05-11,Ri-Bhoi Block,25.699703,92.776749,0,Controlled_Background,0.0387,0.0215,0.0008,Level 1: Green,Low / Normal Baseline Monitoring,No immediate action required. Routine meteorological monitoring.
BG_0347,2022-05-20,Ri-Bhoi Block,26.042445,91.012338,0,Controlled_Background,0.0361,0.0488,0.0018,Level 1: Green,Low / Normal Baseline Monitoring,No immediate action required. Routine meteorological monitoring.
BG_0348,2020-05-07,Ri-Bhoi Block,25.815589,91.19667,0,Controlled_Background,0.0252,0.0863,0.0022,Level 1: Green,Low / Normal Baseline Monitoring,No immediate action required. Routine meteorological monitoring.
BG_0349,2026-05-27,Ri-Bhoi Block,26.021617,91.389024,0,Controlled_Background,0.0085,0.1119,0.001,Level 1: Green,Low / Normal Baseline Monitoring,No immediate action required. Routine meteorological monitoring.
BG_0350,2007-05-16,Ri-Bhoi Block,25.859009,92.205174,0,Controlled_Background,0.0162,0.0129,0.0002,Level 1: Green,Low / Normal Baseline Monitoring,No immediate action required. Routine meteorological monitoring.
BG_0351,2024-05-11,Ri-Bhoi Block,25.753188,91.517754,0,Controlled_Background,0.0531,0.0127,0.0007,Level 1: Green,Low / Normal Baseline Monitoring,No immediate action required. Routine meteorological monitoring.
BG_0352,2019-06-16,Ri-Bhoi Block,26.084418,91.571145,0,Controlled_Background,0.0191,0.0268,0.0005,Level 1: Green,Low / Normal Baseline Monitoring,No immediate action required. Routine meteorological monitoring.
BG_0353,2024-06-06,Ri-Bhoi Block,25.819278,92.625251,0,Controlled_Background,0.3506,0.0846,0.0297,Level 1: Green,Low / Normal Baseline Monitoring,No immediate action required. Routine meteorological monitoring.
BG_0354,2009-06-21,Ri-Bhoi Block,26.048691,92.346657,0,Controlled_Background,0.0387,0.0107,0.0004,Level 1: Green,Low / Normal Baseline Monitoring,No immediate action required. Routine meteorological monitoring.
BG_0355,2011-06-22,Ri-Bhoi Block,25.675047,91.054288,0,Controlled_Background,0.0649,0.0777,0.005,Level 1: Green,Low / Normal Baseline Monitoring,No immediate action required. Routine meteorological monitoring.
BG_0356,2009-06-01,Ri-Bhoi Block,26.047732,92.686242,0,Controlled_Background,0.0198,0.0106,0.0002,Level 1: Green,Low / Normal Baseline Monitoring,No immediate action required. Routine meteorological monitoring.
BG_0357,2025-06-04,Ri-Bhoi Block,25.766977,92.440517,0,Controlled_Background,0.0514,0.1309,0.0067,Level 1: Green,Low / Normal Baseline Monitoring,No immediate action required. Routine meteorological monitoring.
BG_0358,2013-06-08,Ri-Bhoi Block,25.829155,92.662686,0,Controlled_Background,0.0138,0.0355,0.0005,Level 1: Green,Low / Normal Baseline Monitoring,No immediate action required. Routine meteorological monitoring.
BG_0359,2019-06-21,Ri-Bhoi Block,25.787219,91.816448,0,Controlled_Background,0.0274,0.0402,0.0011,Level 1: Green,Low / Normal Baseline Monitoring,No immediate action required. Routine meteorological monitoring.
BG_0360,2025-06-05,Ri-Bhoi Block,25.726325,91.94705,0,Controlled_Background,0.2954,0.1496,0.0442,Level 1: Green,Low / Normal Baseline Monitoring,No immediate action required. Routine meteorological monitoring.
BG_0361,2018-06-13,Ri-Bhoi Block,25.863865,91.87414,0,Controlled_Background,0.0262,0.0133,0.0003,Level 1: Green,Low / Normal Baseline Monitoring,No immediate action required. Routine meteorological monitoring.
BG_0362,2009-06-07,Ri-Bhoi Block,26.028712,92.695579,0,Controlled_Background,0.0699,0.0146,0.001,Level 1: Green,Low / Normal Baseline Monitoring,No immediate action required. Routine meteorological monitoring.
BG_0363,2022-06-24,Ri-Bhoi Block,25.907487,92.438161,0,Controlled_Background,0.137,0.1159,0.0159,Level 1: Green,Low / Normal Baseline Monitoring,No immediate action required. Routine meteorological monitoring.
BG_0364,2013-06-07,Ri-Bhoi Block,25.975449,91.679484,0,Controlled_Background,0.0267,0.0561,0.0015,Level 1: Green,Low / Normal Baseline Monitoring,No immediate action required. Routine meteorological monitoring.
BG_0365,2010-06-24,Ri-Bhoi Block,25.795937,92.148772,0,Controlled_Background,0.0118,0.0484,0.0006,Level 1: Green,Low / Normal Baseline Monitoring,No immediate action required. Routine meteorological monitoring.
BG_0366,2024-06-09,Ri-Bhoi Block,25.937038,92.264276,0,Controlled_Background,0.0373,0.0478,0.0018,Level 1: Green,Low / Normal Baseline Monitoring,No immediate action required. Routine meteorological monitoring.
BG_0367,2018-06-08,Ri-Bhoi Block,26.017621,92.688013,0,Controlled_Background,0.1188,0.0182,0.0022,Level 1: Green,Low / Normal Baseline Monitoring,No immediate action required. Routine meteorological monitoring.
BG_0368,2020-06-12,Ri-Bhoi Block,25.955813,92.842955,0,Controlled_Background,0.067,0.0869,0.0058,Level 1: Green,Low / Normal Baseline Monitoring,No immediate action required. Routine meteorological monitoring.
BG_0369,2013-06-07,Ri-Bhoi Block,25.90264,91.508736,0,Controlled_Background,0.0323,0.1319,0.0043,Level 1: Green,Low / Normal Baseline Monitoring,No immediate action required. Routine meteorological monitoring.
BG_0370,2009-06-08,Ri-Bhoi Block,25.653766,92.339976,0,Controlled_Background,0.0365,0.0491,0.0018,Level 1: Green,Low / Normal Baseline Monitoring,No immediate action required. Routine meteorological monitoring.
BG_0371,2024-06-22,Ri-Bhoi Block,25.960882,92.082372,0,Controlled_Background,0.027,0.0791,0.0021,Level 1: Green,Low / Normal Baseline Monitoring,No immediate action required. Routine meteorological monitoring.
BG_0372,2009-06-22,Ri-Bhoi Block,26.022337,91.753442,0,Controlled_Background,0.0232,0.1892,0.0044,Level 1: Green,Low / Normal Baseline Monitoring,No immediate action required. Routine meteorological monitoring.
BG_0373,2011-06-14,Ri-Bhoi Block,25.91204,91.699414,0,Controlled_Background,0.0395,0.0134,0.0005,Level 1: Green,Low / Normal Baseline Monitoring,No immediate action required. Routine meteorological monitoring.
BG_0374,2009-06-22,Ri-Bhoi Block,25.795297,92.535967,0,Controlled_Background,0.0241,0.0212,0.0005,Level 1: Green,Low / Normal Baseline Monitoring,No immediate action required. Routine meteorological monitoring.
BG_0375,2019-06-20,Ri-Bhoi Block,26.084271,92.661768,0,Controlled_Background,0.0266,0.0262,0.0007,Level 1: Green,Low / Normal Baseline Monitoring,No immediate action required. Routine meteorological monitoring.
BG_0376,2026-06-08,Ri-Bhoi Block,25.959498,91.645069,0,Controlled_Background,0.0305,0.0865,0.0026,Level 1: Green,Low / Normal Baseline Monitoring,No immediate action required. Routine meteorological monitoring.
BG_0377,2010-06-13,Ri-Bhoi Block,25.695228,92.808466,0,Controlled_Background,0.0302,0.053,0.0016,Level 1: Green,Low / Normal Baseline Monitoring,No immediate action required. Routine meteorological monitoring.
BG_0378,2013-06-23,Ri-Bhoi Block,26.084984,91.430592,0,Controlled_Background,0.0181,0.1514,0.0027,Level 1: Green,Low / Normal Baseline Monitoring,No immediate action required. Routine meteorological monitoring.
BG_0379,2013-06-04,Ri-Bhoi Block,26.047707,92.681748,0,Controlled_Background,0.043,0.028,0.0012,Level 1: Green,Low / Normal Baseline Monitoring,No immediate action required. Routine meteorological monitoring.
BG_0380,2014-06-02,Ri-Bhoi Block,25.715377,92.126994,0,Controlled_Background,0.0241,0.0392,0.0009,Level 1: Green,Low / Normal Baseline Monitoring,No immediate action required. Routine meteorological monitoring.
BG_0381,2009-06-24,Ri-Bhoi Block,25.780251,91.302192,0,Controlled_Background,0.0233,0.04,0.0009,Level 1: Green,Low / Normal Baseline Monitoring,No immediate action required. Routine meteorological monitoring.
BG_0382,2007-06-11,Ri-Bhoi Block,25.699173,91.29809,0,Controlled_Background,0.2535,0.5262,0.1334,Level 2: Yellow,Advisory / Early Warning Watch,Maintenance crews on standby. Monitor vulnerable road cut slopes.
BG_0383,2007-06-05,Ri-Bhoi Block,26.058135,92.036481,0,Controlled_Background,0.1226,0.019,0.0023,Level 1: Green,Low / Normal Baseline Monitoring,No immediate action required. Routine meteorological monitoring.
BG_0384,2014-06-21,Ri-Bhoi Block,25.695914,91.047889,0,Controlled_Background,0.0226,0.5415,0.0122,Level 1: Green,Low / Normal Baseline Monitoring,No immediate action required. Routine meteorological monitoring.
BG_0385,2026-06-29,Ri-Bhoi Block,25.986265,91.140077,0,Controlled_Background,0.0211,0.1117,0.0024,Level 1: Green,Low / Normal Baseline Monitoring,No immediate action required. Routine meteorological monitoring.
BG_0386,2013-06-05,Ri-Bhoi Block,25.911725,91.928281,0,Controlled_Background,0.0234,0.0451,0.0011,Level 1: Green,Low / Normal Baseline Monitoring,No immediate action required. Routine meteorological monitoring.
BG_0387,2013-06-06,Ri-Bhoi Block,25.725891,92.356386,0,Controlled_Background,0.0455,0.1125,0.0051,Level 1: Green,Low / Normal Baseline Monitoring,No immediate action required. Routine meteorological monitoring.
BG_0388,2020-07-31,Ri-Bhoi Block,25.890027,92.213626,0,Controlled_Background,0.0175,0.0918,0.0016,Level 1: Green,Low / Normal Baseline Monitoring,No immediate action required. Routine meteorological monitoring.
BG_0389,2022-07-05,Ri-Bhoi Block,25.894448,91.921817,0,Controlled_Background,0.0713,0.1018,0.0073,Level 1: Green,Low / Normal Baseline Monitoring,No immediate action required. Routine meteorological monitoring.
BG_0390,2017-07-12,Ri-Bhoi Block,25.833225,92.274046,0,Controlled_Background,0.0257,0.075,0.0019,Level 1: Green,Low / Normal Baseline Monitoring,No immediate action required. Routine meteorological monitoring.
BG_0391,2011-07-27,Ri-Bhoi Block,25.936426,91.016542,0,Controlled_Background,0.0522,0.2284,0.0119,Level 1: Green,Low / Normal Baseline Monitoring,No immediate action required. Routine meteorological monitoring.
BG_0392,2011-07-26,Ri-Bhoi Block,25.825803,91.133261,0,Controlled_Background,0.0879,0.0489,0.0043,Level 1: Green,Low / Normal Baseline Monitoring,No immediate action required. Routine meteorological monitoring.
BG_0393,2025-07-27,Ri-Bhoi Block,25.879108,91.628541,0,Controlled_Background,0.0276,0.2919,0.0081,Level 1: Green,Low / Normal Baseline Monitoring,No immediate action required. Routine meteorological monitoring.
BG_0394,2017-07-01,Ri-Bhoi Block,26.063722,91.553608,0,Controlled_Background,0.0159,0.1382,0.0022,Level 1: Green,Low / Normal Baseline Monitoring,No immediate action required. Routine meteorological monitoring.
BG_0395,2020-07-30,Ri-Bhoi Block,26.042445,91.012338,0,Controlled_Background,0.0361,0.1407,0.0051,Level 1: Green,Low / Normal Baseline Monitoring,No immediate action required. Routine meteorological monitoring.
BG_0396,2024-07-25,Ri-Bhoi Block,25.866787,91.698673,0,Controlled_Background,0.0275,0.0997,0.0027,Level 1: Green,Low / Normal Baseline Monitoring,No immediate action required. Routine meteorological monitoring.
BG_0397,2014-07-22,Ri-Bhoi Block,25.686743,91.034978,0,Controlled_Background,0.0279,0.0774,0.0022,Level 1: Green,Low / Normal Baseline Monitoring,No immediate action required. Routine meteorological monitoring.
BG_0398,2007-07-07,Ri-Bhoi Block,25.73125,91.164508,0,Controlled_Background,0.0392,0.1658,0.0065,Level 1: Green,Low / Normal Baseline Monitoring,No immediate action required. Routine meteorological monitoring.
BG_0399,2020-07-22,Ri-Bhoi Block,25.988482,92.726932,0,Controlled_Background,0.0512,0.0911,0.0047,Level 1: Green,Low / Normal Baseline Monitoring,No immediate action required. Routine meteorological monitoring.
BG_0400,2023-07-01,Ri-Bhoi Block,25.891629,92.121077,0,Controlled_Background,0.0182,0.0216,0.0004,Level 1: Green,Low / Normal Baseline Monitoring,No immediate action required. Routine meteorological monitoring.
BG_0401,2018-07-25,Ri-Bhoi Block,25.681046,92.202987,0,Controlled_Background,0.016,0.1212,0.0019,Level 1: Green,Low / Normal Baseline Monitoring,No immediate action required. Routine meteorological monitoring.
BG_0402,2010-07-04,Ri-Bhoi Block,25.652855,92.231018,0,Controlled_Background,0.0266,0.0588,0.0016,Level 1: Green,Low / Normal Baseline Monitoring,No immediate action required. Routine meteorological monitoring.
BG_0403,2013-07-11,Ri-Bhoi Block,25.931269,92.603073,0,Controlled_Background,0.0479,0.0461,0.0022,Level 1: Green,Low / Normal Baseline Monitoring,No immediate action required. Routine meteorological monitoring.
BG_0404,2008-07-31,Ri-Bhoi Block,25.763889,91.731034,0,Controlled_Background,0.0517,0.0321,0.0017,Level 1: Green,Low / Normal Baseline Monitoring,No immediate action required. Routine meteorological monitoring.
BG_0405,2018-07-11,Ri-Bhoi Block,25.874971,91.250897,0,Controlled_Background,0.0251,0.1773,0.0045,Level 1: Green,Low / Normal Baseline Monitoring,No immediate action required. Routine meteorological monitoring.
BG_0406,2008-07-31,Ri-Bhoi Block,25.789388,92.235619,0,Controlled_Background,0.0303,0.1236,0.0037,Level 1: Green,Low / Normal Baseline Monitoring,No immediate action required. Routine meteorological monitoring.
BG_0407,2008-07-21,Ri-Bhoi Block,26.005591,92.180591,0,Controlled_Background,0.0314,0.1418,0.0045,Level 1: Green,Low / Normal Baseline Monitoring,No immediate action required. Routine meteorological monitoring.
BG_0408,2019-07-17,Ri-Bhoi Block,26.099349,91.88362,0,Controlled_Background,0.0364,0.0698,0.0025,Level 1: Green,Low / Normal Baseline Monitoring,No immediate action required. Routine meteorological monitoring.
BG_0409,2017-07-21,Ri-Bhoi Block,25.992659,92.25935,0,Controlled_Background,0.0328,0.0709,0.0023,Level 1: Green,Low / Normal Baseline Monitoring,No immediate action required. Routine meteorological monitoring.
BG_0410,2012-07-17,Ri-Bhoi Block,25.656349,91.710715,0,Controlled_Background,0.0315,0.0576,0.0018,Level 1: Green,Low / Normal Baseline Monitoring,No immediate action required. Routine meteorological monitoring.
BG_0411,2025-07-22,Ri-Bhoi Block,25.749807,92.72877,0,Controlled_Background,0.0213,0.0746,0.0016,Level 1: Green,Low / Normal Baseline Monitoring,No immediate action required. Routine meteorological monitoring.
BG_0412,2022-08-26,Ri-Bhoi Block,25.719701,92.371912,0,Controlled_Background,0.0392,0.0257,0.001,Level 1: Green,Low / Normal Baseline Monitoring,No immediate action required. Routine meteorological monitoring.
BG_0413,2023-08-05,Ri-Bhoi Block,25.787219,91.816448,0,Controlled_Background,0.0274,0.0833,0.0023,Level 1: Green,Low / Normal Baseline Monitoring,No immediate action required. Routine meteorological monitoring.
BG_0414,2013-08-29,Ri-Bhoi Block,25.675047,91.054288,0,Controlled_Background,0.0649,0.3584,0.0233,Level 1: Green,Low / Normal Baseline Monitoring,No immediate action required. Routine meteorological monitoring.
BG_0415,2012-08-12,Ri-Bhoi Block,25.97757,91.511219,0,Controlled_Background,0.0735,0.0486,0.0036,Level 1: Green,Low / Normal Baseline Monitoring,No immediate action required. Routine meteorological monitoring.
BG_0416,2019-08-10,Ri-Bhoi Block,25.786728,91.427863,0,Controlled_Background,0.0246,0.096,0.0024,Level 1: Green,Low / Normal Baseline Monitoring,No immediate action required. Routine meteorological monitoring.
BG_0417,2019-08-19,Ri-Bhoi Block,26.023575,91.760027,0,Controlled_Background,0.1107,0.0789,0.0087,Level 1: Green,Low / Normal Baseline Monitoring,No immediate action required. Routine meteorological monitoring.
BG_0418,2019-08-01,Ri-Bhoi Block,25.766977,92.440517,0,Controlled_Background,0.0514,0.0928,0.0048,Level 1: Green,Low / Normal Baseline Monitoring,No immediate action required. Routine meteorological monitoring.
BG_0419,2020-08-10,Ri-Bhoi Block,25.681296,91.98433,0,Controlled_Background,0.0602,0.0905,0.0054,Level 1: Green,Low / Normal Baseline Monitoring,No immediate action required. Routine meteorological monitoring.
BG_0420,2017-08-13,Ri-Bhoi Block,25.928665,91.065285,0,Controlled_Background,0.0199,0.1678,0.0033,Level 1: Green,Low / Normal Baseline Monitoring,No immediate action required. Routine meteorological monitoring.
BG_0421,2018-08-12,Ri-Bhoi Block,25.971247,91.548615,0,Controlled_Background,0.0385,0.139,0.0054,Level 1: Green,Low / Normal Baseline Monitoring,No immediate action required. Routine meteorological monitoring.
BG_0422,2011-08-24,Ri-Bhoi Block,25.68059,92.047056,0,Controlled_Background,0.0359,0.1216,0.0044,Level 1: Green,Low / Normal Baseline Monitoring,No immediate action required. Routine meteorological monitoring.
BG_0423,2025-08-04,Ri-Bhoi Block,25.966726,92.583079,0,Controlled_Background,0.0324,0.0824,0.0027,Level 1: Green,Low / Normal Baseline Monitoring,No immediate action required. Routine meteorological monitoring.
BG_0424,2017-09-29,Ri-Bhoi Block,25.828831,92.222196,0,Controlled_Background,0.018,0.0695,0.0013,Level 1: Green,Low / Normal Baseline Monitoring,No immediate action required. Routine meteorological monitoring.
BG_0425,2024-09-14,Ri-Bhoi Block,25.862204,92.190972,0,Controlled_Background,0.0189,0.12,0.0023,Level 1: Green,Low / Normal Baseline Monitoring,No immediate action required. Routine meteorological monitoring.
BG_0426,2010-09-10,Ri-Bhoi Block,25.744421,91.231311,0,Controlled_Background,0.3317,0.0502,0.0167,Level 1: Green,Low / Normal Baseline Monitoring,No immediate action required. Routine meteorological monitoring.
BG_0427,2019-09-18,Ri-Bhoi Block,25.939633,91.260388,0,Controlled_Background,0.0395,0.0705,0.0028,Level 1: Green,Low / Normal Baseline Monitoring,No immediate action required. Routine meteorological monitoring.
BG_0428,2020-09-27,Ri-Bhoi Block,26.099028,91.610843,0,Controlled_Background,0.0344,0.0292,0.001,Level 1: Green,Low / Normal Baseline Monitoring,No immediate action required. Routine meteorological monitoring.
BG_0429,2011-09-01,Ri-Bhoi Block,25.978568,91.235825,0,Controlled_Background,0.259,0.3027,0.0784,Level 2: Yellow,Advisory / Early Warning Watch,Maintenance crews on standby. Monitor vulnerable road cut slopes.
BG_0430,2020-09-13,Ri-Bhoi Block,25.781522,92.393411,0,Controlled_Background,0.0365,0.1571,0.0057,Level 1: Green,Low / Normal Baseline Monitoring,No immediate action required. Routine meteorological monitoring.
BG_0431,2010-09-11,Ri-Bhoi Block,25.85355,92.468855,0,Controlled_Background,0.0084,0.118,0.001,Level 1: Green,Low / Normal Baseline Monitoring,No immediate action required. Routine meteorological monitoring.
BG_0432,2023-09-16,Ri-Bhoi Block,25.786728,91.427863,0,Controlled_Background,0.0246,0.0538,0.0013,Level 1: Green,Low / Normal Baseline Monitoring,No immediate action required. Routine meteorological monitoring.
BG_0433,2018-09-13,Ri-Bhoi Block,25.798401,92.426716,0,Controlled_Background,0.1493,0.0378,0.0056,Level 1: Green,Low / Normal Baseline Monitoring,No immediate action required. Routine meteorological monitoring.
BG_0434,2008-09-02,Ri-Bhoi Block,25.981166,92.472693,0,Controlled_Background,0.0355,0.1063,0.0038,Level 1: Green,Low / Normal Baseline Monitoring,No immediate action required. Routine meteorological monitoring.
BG_0435,2017-09-12,Ri-Bhoi Block,25.665137,91.241009,0,Controlled_Background,0.0526,0.0687,0.0036,Level 1: Green,Low / Normal Baseline Monitoring,No immediate action required. Routine meteorological monitoring.
BG_0436,2010-09-25,Ri-Bhoi Block,25.799607,92.181287,0,Controlled_Background,0.0194,0.0402,0.0008,Level 1: Green,Low / Normal Baseline Monitoring,No immediate action required. Routine meteorological monitoring.
BG_0437,2024-09-29,Ri-Bhoi Block,25.920815,91.025581,0,Controlled_Background,0.0419,0.1719,0.0072,Level 1: Green,Low / Normal Baseline Monitoring,No immediate action required. Routine meteorological monitoring.
BG_0438,2013-09-03,Ri-Bhoi Block,25.981126,91.78518,0,Controlled_Background,0.0345,0.0974,0.0034,Level 1: Green,Low / Normal Baseline Monitoring,No immediate action required. Routine meteorological monitoring.
BG_0439,2012-09-16,Ri-Bhoi Block,25.861977,91.636411,0,Controlled_Background,0.0255,0.0669,0.0017,Level 1: Green,Low / Normal Baseline Monitoring,No immediate action required. Routine meteorological monitoring.
BG_0440,2022-09-12,Ri-Bhoi Block,25.874971,91.250897,0,Controlled_Background,0.0251,0.0782,0.002,Level 1: Green,Low / Normal Baseline Monitoring,No immediate action required. Routine meteorological monitoring.
BG_0441,2008-09-02,Ri-Bhoi Block,25.784799,92.339914,0,Controlled_Background,0.0488,0.0235,0.0011,Level 1: Green,Low / Normal Baseline Monitoring,No immediate action required. Routine meteorological monitoring.
BG_0442,2011-09-24,Ri-Bhoi Block,25.747263,92.518412,0,Controlled_Background,0.0431,0.1268,0.0055,Level 1: Green,Low / Normal Baseline Monitoring,No immediate action required. Routine meteorological monitoring.
BG_0443,2023-09-13,Ri-Bhoi Block,25.960882,92.082372,0,Controlled_Background,0.027,0.1192,0.0032,Level 1: Green,Low / Normal Baseline Monitoring,No immediate action required. Routine meteorological monitoring.
BG_0444,2017-09-23,Ri-Bhoi Block,25.674689,91.501183,0,Controlled_Background,0.038,0.0862,0.0033,Level 1: Green,Low / Normal Baseline Monitoring,No immediate action required. Routine meteorological monitoring.
BG_0445,2022-10-26,Ri-Bhoi Block,25.997906,92.22652,0,Controlled_Background,0.0246,0.028,0.0007,Level 1: Green,Low / Normal Baseline Monitoring,No immediate action required. Routine meteorological monitoring.
BG_0446,2014-10-03,Ri-Bhoi Block,25.828015,91.232445,0,Controlled_Background,0.079,0.2548,0.0201,Level 1: Green,Low / Normal Baseline Monitoring,No immediate action required. Routine meteorological monitoring.
BG_0447,2020-10-18,Ri-Bhoi Block,25.807334,91.08,0,Controlled_Background,0.0236,0.0252,0.0006,Level 1: Green,Low / Normal Baseline Monitoring,No immediate action required. Routine meteorological monitoring.
BG_0448,2011-04-25,Jaintia Hills Block,25.434585,92.746825,0,Controlled_Background,0.0575,0.0197,0.0011,Level 1: Green,Low / Normal Baseline Monitoring,No immediate action required. Routine meteorological monitoring.
BG_0449,2019-04-03,Jaintia Hills Block,25.310066,92.426242,0,Controlled_Background,0.0489,0.0155,0.0008,Level 1: Green,Low / Normal Baseline Monitoring,No immediate action required. Routine meteorological monitoring.
BG_0450,2019-04-10,Jaintia Hills Block,25.26502,92.225625,0,Controlled_Background,0.0251,0.0224,0.0006,Level 1: Green,Low / Normal Baseline Monitoring,No immediate action required. Routine meteorological monitoring.
BG_0451,2022-04-28,Jaintia Hills Block,25.186292,92.220838,0,Controlled_Background,0.0522,0.224,0.0117,Level 1: Green,Low / Normal Baseline Monitoring,No immediate action required. Routine meteorological monitoring.
BG_0452,2011-04-06,Jaintia Hills Block,25.182157,92.088765,0,Controlled_Background,0.0546,0.0265,0.0014,Level 1: Green,Low / Normal Baseline Monitoring,No immediate action required. Routine meteorological monitoring.
BG_0453,2022-04-29,Jaintia Hills Block,25.036146,92.514558,0,Controlled_Background,0.0245,0.139,0.0034,Level 1: Green,Low / Normal Baseline Monitoring,No immediate action required. Routine meteorological monitoring.
BG_0454,2007-04-08,Jaintia Hills Block,25.587389,92.010976,0,Controlled_Background,0.2551,0.0327,0.0083,Level 1: Green,Low / Normal Baseline Monitoring,No immediate action required. Routine meteorological monitoring.
BG_0455,2009-04-24,Jaintia Hills Block,25.151232,92.270711,0,Controlled_Background,0.0734,0.152,0.0112,Level 1: Green,Low / Normal Baseline Monitoring,No immediate action required. Routine meteorological monitoring.
BG_0456,2025-04-26,Jaintia Hills Block,25.366654,92.075557,0,Controlled_Background,0.0489,0.7073,0.0346,Level 1: Green,Low / Normal Baseline Monitoring,No immediate action required. Routine meteorological monitoring.
BG_0457,2007-04-30,Jaintia Hills Block,25.292379,92.715552,0,Controlled_Background,0.0594,0.0536,0.0032,Level 1: Green,Low / Normal Baseline Monitoring,No immediate action required. Routine meteorological monitoring.
BG_0458,2011-04-22,Jaintia Hills Block,25.235707,92.689217,0,Controlled_Background,0.0347,0.0116,0.0004,Level 1: Green,Low / Normal Baseline Monitoring,No immediate action required. Routine meteorological monitoring.
BG_0459,2014-04-17,Jaintia Hills Block,25.068471,92.606347,0,Controlled_Background,0.0909,0.0175,0.0016,Level 1: Green,Low / Normal Baseline Monitoring,No immediate action required. Routine meteorological monitoring.
BG_0460,2018-04-11,Jaintia Hills Block,25.235707,92.689217,0,Controlled_Background,0.0347,0.015,0.0005,Level 1: Green,Low / Normal Baseline Monitoring,No immediate action required. Routine meteorological monitoring.
BG_0461,2013-04-27,Jaintia Hills Block,25.316684,92.802903,0,Controlled_Background,0.0716,0.0142,0.001,Level 1: Green,Low / Normal Baseline Monitoring,No immediate action required. Routine meteorological monitoring.
BG_0462,2007-04-05,Jaintia Hills Block,25.574115,92.282751,0,Controlled_Background,0.0728,0.0404,0.0029,Level 1: Green,Low / Normal Baseline Monitoring,No immediate action required. Routine meteorological monitoring.
BG_0463,2023-04-01,Jaintia Hills Block,25.467682,92.368606,0,Controlled_Background,0.0677,0.0265,0.0018,Level 1: Green,Low / Normal Baseline Monitoring,No immediate action required. Routine meteorological monitoring.
BG_0464,2018-04-24,Jaintia Hills Block,25.36722,92.07825,0,Controlled_Background,0.0511,0.014,0.0007,Level 1: Green,Low / Normal Baseline Monitoring,No immediate action required. Routine meteorological monitoring.
BG_0465,2017-04-26,Jaintia Hills Block,25.604827,92.372455,0,Controlled_Background,0.1274,0.0154,0.002,Level 1: Green,Low / Normal Baseline Monitoring,No immediate action required. Routine meteorological monitoring.
BG_0466,2010-04-29,Jaintia Hills Block,25.490788,92.721605,0,Controlled_Background,0.0332,0.0794,0.0026,Level 1: Green,Low / Normal Baseline Monitoring,No immediate action required. Routine meteorological monitoring.
BG_0467,2019-04-11,Jaintia Hills Block,25.293505,92.714645,0,Controlled_Background,0.0624,0.0183,0.0011,Level 1: Green,Low / Normal Baseline Monitoring,No immediate action required. Routine meteorological monitoring.
BG_0468,2025-04-06,Jaintia Hills Block,25.037575,92.287322,0,Controlled_Background,0.0266,0.0179,0.0005,Level 1: Green,Low / Normal Baseline Monitoring,No immediate action required. Routine meteorological monitoring.
BG_0469,2012-05-13,Jaintia Hills Block,25.098136,92.479519,0,Controlled_Background,0.0396,0.0879,0.0035,Level 1: Green,Low / Normal Baseline Monitoring,No immediate action required. Routine meteorological monitoring.
BG_0470,2025-05-04,Jaintia Hills Block,25.21666,92.356689,0,Controlled_Background,0.0441,0.0358,0.0016,Level 1: Green,Low / Normal Baseline Monitoring,No immediate action required. Routine meteorological monitoring.
BG_0471,2026-05-07,Jaintia Hills Block,25.131677,92.002642,0,Controlled_Background,0.1068,0.3692,0.0394,Level 1: Green,Low / Normal Baseline Monitoring,No immediate action required. Routine meteorological monitoring.
BG_0472,2022-05-02,Jaintia Hills Block,25.521614,92.295827,0,Controlled_Background,0.1459,0.0617,0.009,Level 1: Green,Low / Normal Baseline Monitoring,No immediate action required. Routine meteorological monitoring.
BG_0473,2009-05-16,Jaintia Hills Block,25.224044,92.421275,0,Controlled_Background,0.0668,0.0252,0.0017,Level 1: Green,Low / Normal Baseline Monitoring,No immediate action required. Routine meteorological monitoring.
BG_0474,2012-05-18,Jaintia Hills Block,25.043011,92.207954,0,Controlled_Background,0.0258,0.1138,0.0029,Level 1: Green,Low / Normal Baseline Monitoring,No immediate action required. Routine meteorological monitoring.
BG_0475,2019-05-18,Jaintia Hills Block,25.093816,92.713051,0,Controlled_Background,0.0354,0.0238,0.0008,Level 1: Green,Low / Normal Baseline Monitoring,No immediate action required. Routine meteorological monitoring.
BG_0476,2010-05-14,Jaintia Hills Block,25.531661,92.238715,0,Controlled_Background,0.0538,0.0368,0.002,Level 1: Green,Low / Normal Baseline Monitoring,No immediate action required. Routine meteorological monitoring.
BG_0477,2008-05-05,Jaintia Hills Block,25.397432,92.06251,0,Controlled_Background,0.0509,0.0638,0.0032,Level 1: Green,Low / Normal Baseline Monitoring,No immediate action required. Routine meteorological monitoring.
BG_0478,2023-05-17,Jaintia Hills Block,25.302258,92.799952,0,Controlled_Background,0.0496,0.012,0.0006,Level 1: Green,Low / Normal Baseline Monitoring,No immediate action required. Routine meteorological monitoring.
BG_0479,2013-05-11,Jaintia Hills Block,25.636445,92.238966,0,Controlled_Background,0.0407,0.9046,0.0368,Level 1: Green,Low / Normal Baseline Monitoring,No immediate action required. Routine meteorological monitoring.
BG_0480,2023-05-07,Jaintia Hills Block,25.265495,92.230431,0,Controlled_Background,0.2752,0.0229,0.0063,Level 1: Green,Low / Normal Baseline Monitoring,No immediate action required. Routine meteorological monitoring.
BG_0481,2007-05-23,Jaintia Hills Block,25.398256,92.59715,0,Controlled_Background,0.0273,0.194,0.0053,Level 1: Green,Low / Normal Baseline Monitoring,No immediate action required. Routine meteorological monitoring.
BG_0482,2012-05-18,Jaintia Hills Block,25.538688,92.454753,0,Controlled_Background,0.1746,0.0099,0.0017,Level 1: Green,Low / Normal Baseline Monitoring,No immediate action required. Routine meteorological monitoring.
BG_0483,2026-05-02,Jaintia Hills Block,25.464679,92.368105,0,Controlled_Background,0.0722,0.0308,0.0022,Level 1: Green,Low / Normal Baseline Monitoring,No immediate action required. Routine meteorological monitoring.
BG_0484,2014-05-30,Jaintia Hills Block,25.098136,92.479519,0,Controlled_Background,0.0396,0.3224,0.0128,Level 1: Green,Low / Normal Baseline Monitoring,No immediate action required. Routine meteorological monitoring.
BG_0485,2023-05-21,Jaintia Hills Block,25.349812,92.62291,0,Controlled_Background,0.0605,0.0492,0.003,Level 1: Green,Low / Normal Baseline Monitoring,No immediate action required. Routine meteorological monitoring.
BG_0486,2018-05-24,Jaintia Hills Block,25.519453,92.669946,0,Controlled_Background,0.0709,0.0223,0.0016,Level 1: Green,Low / Normal Baseline Monitoring,No immediate action required. Routine meteorological monitoring.
BG_0487,2008-05-05,Jaintia Hills Block,25.140559,92.00706,0,Controlled_Background,0.0842,0.0803,0.0068,Level 1: Green,Low / Normal Baseline Monitoring,No immediate action required. Routine meteorological monitoring.
BG_0488,2014-05-06,Jaintia Hills Block,25.212492,92.420506,0,Controlled_Background,0.0337,0.0929,0.0031,Level 1: Green,Low / Normal Baseline Monitoring,No immediate action required. Routine meteorological monitoring.
BG_0489,2018-05-29,Jaintia Hills Block,25.048455,92.05433,0,Controlled_Background,0.0162,0.0252,0.0004,Level 1: Green,Low / Normal Baseline Monitoring,No immediate action required. Routine meteorological monitoring.
BG_0490,2024-05-21,Jaintia Hills Block,25.620383,92.278837,0,Controlled_Background,0.1112,0.0198,0.0022,Level 1: Green,Low / Normal Baseline Monitoring,No immediate action required. Routine meteorological monitoring.
BG_0491,2024-05-12,Jaintia Hills Block,25.397432,92.06251,0,Controlled_Background,0.0509,0.011,0.0006,Level 1: Green,Low / Normal Baseline Monitoring,No immediate action required. Routine meteorological monitoring.
BG_0492,2025-05-06,Jaintia Hills Block,25.020057,92.709458,0,Controlled_Background,0.0433,0.0374,0.0016,Level 1: Green,Low / Normal Baseline Monitoring,No immediate action required. Routine meteorological monitoring.
BG_0493,2014-05-13,Jaintia Hills Block,25.470089,92.109751,0,Controlled_Background,0.0856,0.1676,0.0143,Level 1: Green,Low / Normal Baseline Monitoring,No immediate action required. Routine meteorological monitoring.
BG_0494,2011-05-30,Jaintia Hills Block,25.487729,92.064336,0,Controlled_Background,0.3123,0.0978,0.0305,Level 1: Green,Low / Normal Baseline Monitoring,No immediate action required. Routine meteorological monitoring.
BG_0495,2010-05-18,Jaintia Hills Block,25.604358,92.097605,0,Controlled_Background,0.1119,0.0902,0.0101,Level 1: Green,Low / Normal Baseline Monitoring,No immediate action required. Routine meteorological monitoring.
BG_0496,2017-05-25,Jaintia Hills Block,25.630965,92.05495,0,Controlled_Background,0.1468,0.0329,0.0048,Level 1: Green,Low / Normal Baseline Monitoring,No immediate action required. Routine meteorological monitoring.
BG_0497,2017-05-12,Jaintia Hills Block,25.641562,92.622057,0,Controlled_Background,0.0275,0.0144,0.0004,Level 1: Green,Low / Normal Baseline Monitoring,No immediate action required. Routine meteorological monitoring.
BG_0498,2025-05-10,Jaintia Hills Block,25.639739,92.786137,0,Controlled_Background,0.0427,0.0353,0.0015,Level 1: Green,Low / Normal Baseline Monitoring,No immediate action required. Routine meteorological monitoring.
BG_0499,2018-05-26,Jaintia Hills Block,25.587389,92.010976,0,Controlled_Background,0.2551,0.042,0.0107,Level 1: Green,Low / Normal Baseline Monitoring,No immediate action required. Routine meteorological monitoring.
BG_0500,2022-05-27,Jaintia Hills Block,25.151232,92.270711,0,Controlled_Background,0.0734,0.0614,0.0045,Level 1: Green,Low / Normal Baseline Monitoring,No immediate action required. Routine meteorological monitoring.
BG_0501,2019-05-31,Jaintia Hills Block,25.327304,92.298653,0,Controlled_Background,0.0474,0.0601,0.0028,Level 1: Green,Low / Normal Baseline Monitoring,No immediate action required. Routine meteorological monitoring.
BG_0502,2012-05-15,Jaintia Hills Block,25.39237,92.525628,0,Controlled_Background,0.0592,0.0716,0.0042,Level 1: Green,Low / Normal Baseline Monitoring,No immediate action required. Routine meteorological monitoring.
BG_0503,2010-05-10,Jaintia Hills Block,25.068471,92.606347,0,Controlled_Background,0.0909,0.1116,0.0101,Level 1: Green,Low / Normal Baseline Monitoring,No immediate action required. Routine meteorological monitoring.
BG_0504,2010-05-04,Jaintia Hills Block,25.585839,92.721494,0,Controlled_Background,0.1907,0.1345,0.0256,Level 1: Green,Low / Normal Baseline Monitoring,No immediate action required. Routine meteorological monitoring.
BG_0505,2014-06-16,Jaintia Hills Block,25.370409,92.327265,0,Controlled_Background,0.0345,0.0912,0.0031,Level 1: Green,Low / Normal Baseline Monitoring,No immediate action required. Routine meteorological monitoring.
BG_0506,2020-06-20,Jaintia Hills Block,25.353709,92.244591,0,Controlled_Background,0.0387,0.1396,0.0054,Level 1: Green,Low / Normal Baseline Monitoring,No immediate action required. Routine meteorological monitoring.
BG_0507,2008-06-11,Jaintia Hills Block,25.122019,92.816071,0,Controlled_Background,0.0997,0.0244,0.0024,Level 1: Green,Low / Normal Baseline Monitoring,No immediate action required. Routine meteorological monitoring.
BG_0508,2022-06-30,Jaintia Hills Block,25.33176,92.660863,0,Controlled_Background,0.299,0.4824,0.1442,Level 2: Yellow,Advisory / Early Warning Watch,Maintenance crews on standby. Monitor vulnerable road cut slopes.
BG_0509,2007-06-08,Jaintia Hills Block,25.55466,92.38193,0,Controlled_Background,0.2358,0.4921,0.116,Level 2: Yellow,Advisory / Early Warning Watch,Maintenance crews on standby. Monitor vulnerable road cut slopes.
BG_0510,2019-06-23,Jaintia Hills Block,25.348488,92.150984,0,Controlled_Background,0.027,0.0274,0.0007,Level 1: Green,Low / Normal Baseline Monitoring,No immediate action required. Routine meteorological monitoring.
BG_0511,2026-06-26,Jaintia Hills Block,25.462204,92.472758,0,Controlled_Background,0.0378,0.0741,0.0028,Level 1: Green,Low / Normal Baseline Monitoring,No immediate action required. Routine meteorological monitoring.
BG_0512,2023-06-13,Jaintia Hills Block,25.366654,92.075557,0,Controlled_Background,0.0489,0.0513,0.0025,Level 1: Green,Low / Normal Baseline Monitoring,No immediate action required. Routine meteorological monitoring.
BG_0513,2007-06-24,Jaintia Hills Block,25.454108,92.379522,0,Controlled_Background,0.057,0.1245,0.0071,Level 1: Green,Low / Normal Baseline Monitoring,No immediate action required. Routine meteorological monitoring.
BG_0514,2020-06-09,Jaintia Hills Block,25.329221,92.590814,0,Controlled_Background,0.4644,0.3314,0.1539,Level 3: Orange,Warning / Heightened Hazard Alert,Issue public travel advisories. Restrict heavy traffic on unstable corridors.
BG_0515,2009-06-13,Jaintia Hills Block,25.604358,92.097605,0,Controlled_Background,0.1119,0.0148,0.0017,Level 1: Green,Low / Normal Baseline Monitoring,No immediate action required. Routine meteorological monitoring.
BG_0516,2023-06-12,Jaintia Hills Block,25.123127,92.214474,0,Controlled_Background,0.0591,0.0158,0.0009,Level 1: Green,Low / Normal Baseline Monitoring,No immediate action required. Routine meteorological monitoring.
BG_0517,2012-06-17,Jaintia Hills Block,25.191219,92.278714,0,Controlled_Background,0.0557,0.3519,0.0196,Level 1: Green,Low / Normal Baseline Monitoring,No immediate action required. Routine meteorological monitoring.
BG_0518,2026-06-02,Jaintia Hills Block,25.470089,92.109751,0,Controlled_Background,0.0856,0.2534,0.0217,Level 1: Green,Low / Normal Baseline Monitoring,No immediate action required. Routine meteorological monitoring.
BG_0519,2020-06-05,Jaintia Hills Block,25.437689,92.798067,0,Controlled_Background,0.023,0.1333,0.0031,Level 1: Green,Low / Normal Baseline Monitoring,No immediate action required. Routine meteorological monitoring.
BG_0520,2018-06-18,Jaintia Hills Block,25.16782,92.230868,0,Controlled_Background,0.0537,0.0463,0.0025,Level 1: Green,Low / Normal Baseline Monitoring,No immediate action required. Routine meteorological monitoring.
BG_0521,2013-06-16,Jaintia Hills Block,25.64966,92.572199,0,Controlled_Background,0.0689,0.1343,0.0093,Level 1: Green,Low / Normal Baseline Monitoring,No immediate action required. Routine meteorological monitoring.
BG_0522,2023-06-21,Jaintia Hills Block,25.615374,92.080954,0,Controlled_Background,0.0874,0.0413,0.0036,Level 1: Green,Low / Normal Baseline Monitoring,No immediate action required. Routine meteorological monitoring.
BG_0523,2010-06-11,Jaintia Hills Block,25.332451,92.497679,0,Controlled_Background,0.0384,0.0966,0.0037,Level 1: Green,Low / Normal Baseline Monitoring,No immediate action required. Routine meteorological monitoring.
BG_0524,2014-06-07,Jaintia Hills Block,25.459354,92.386314,0,Controlled_Background,0.0647,0.1198,0.0078,Level 1: Green,Low / Normal Baseline Monitoring,No immediate action required. Routine meteorological monitoring.
BG_0525,2025-06-05,Jaintia Hills Block,25.595833,92.039591,0,Controlled_Background,0.3232,0.2109,0.0682,Level 2: Yellow,Advisory / Early Warning Watch,Maintenance crews on standby. Monitor vulnerable road cut slopes.
BG_0526,2011-06-05,Jaintia Hills Block,25.020057,92.709458,0,Controlled_Background,0.0433,0.1087,0.0047,Level 1: Green,Low / Normal Baseline Monitoring,No immediate action required. Routine meteorological monitoring.
BG_0527,2009-06-06,Jaintia Hills Block,25.341478,92.257146,0,Controlled_Background,0.0642,0.0158,0.001,Level 1: Green,Low / Normal Baseline Monitoring,No immediate action required. Routine meteorological monitoring.
BG_0528,2026-06-21,Jaintia Hills Block,25.310066,92.426242,0,Controlled_Background,0.0489,0.5138,0.0251,Level 1: Green,Low / Normal Baseline Monitoring,No immediate action required. Routine meteorological monitoring.
BG_0529,2013-06-27,Jaintia Hills Block,25.21666,92.356689,0,Controlled_Background,0.0441,0.4042,0.0178,Level 1: Green,Low / Normal Baseline Monitoring,No immediate action required. Routine meteorological monitoring.
BG_0530,2009-06-06,Jaintia Hills Block,25.48579,92.096992,0,Controlled_Background,0.0979,0.0291,0.0028,Level 1: Green,Low / Normal Baseline Monitoring,No immediate action required. Routine meteorological monitoring.
BG_0531,2007-06-04,Jaintia Hills Block,25.630965,92.05495,0,Controlled_Background,0.1468,0.3342,0.0491,Level 1: Green,Low / Normal Baseline Monitoring,No immediate action required. Routine meteorological monitoring.
BG_0532,2017-06-30,Jaintia Hills Block,25.646365,92.691563,0,Controlled_Background,0.0297,0.064,0.0019,Level 1: Green,Low / Normal Baseline Monitoring,No immediate action required. Routine meteorological monitoring.
BG_0533,2010-06-22,Jaintia Hills Block,25.36345,92.228716,0,Controlled_Background,0.1098,0.1508,0.0166,Level 1: Green,Low / Normal Baseline Monitoring,No immediate action required. Routine meteorological monitoring.
BG_0534,2011-06-04,Jaintia Hills Block,25.519453,92.669946,0,Controlled_Background,0.0709,0.0876,0.0062,Level 1: Green,Low / Normal Baseline Monitoring,No immediate action required. Routine meteorological monitoring.
BG_0535,2017-07-17,Jaintia Hills Block,25.443956,92.688456,0,Controlled_Background,0.0269,0.2285,0.0061,Level 1: Green,Low / Normal Baseline Monitoring,No immediate action required. Routine meteorological monitoring.
BG_0536,2022-07-01,Jaintia Hills Block,25.443956,92.688456,0,Controlled_Background,0.0269,0.498,0.0134,Level 1: Green,Low / Normal Baseline Monitoring,No immediate action required. Routine meteorological monitoring.
BG_0537,2013-07-03,Jaintia Hills Block,25.643529,92.513693,0,Controlled_Background,0.111,0.112,0.0124,Level 1: Green,Low / Normal Baseline Monitoring,No immediate action required. Routine meteorological monitoring.
BG_0538,2008-07-08,Jaintia Hills Block,25.188551,92.019496,0,Controlled_Background,0.0636,0.0686,0.0044,Level 1: Green,Low / Normal Baseline Monitoring,No immediate action required. Routine meteorological monitoring.
BG_0539,2009-07-10,Jaintia Hills Block,25.50872,92.00293,0,Controlled_Background,0.1523,0.184,0.028,Level 1: Green,Low / Normal Baseline Monitoring,No immediate action required. Routine meteorological monitoring.
BG_0540,2024-07-24,Jaintia Hills Block,25.470089,92.109751,0,Controlled_Background,0.0856,0.0708,0.0061,Level 1: Green,Low / Normal Baseline Monitoring,No immediate action required. Routine meteorological monitoring.
BG_0541,2012-07-07,Jaintia Hills Block,25.138171,92.150762,0,Controlled_Background,0.0433,0.2581,0.0112,Level 1: Green,Low / Normal Baseline Monitoring,No immediate action required. Routine meteorological monitoring.
BG_0542,2017-07-23,Jaintia Hills Block,25.636206,92.684171,0,Controlled_Background,0.1224,0.1058,0.0129,Level 1: Green,Low / Normal Baseline Monitoring,No immediate action required. Routine meteorological monitoring.
BG_0543,2019-07-14,Jaintia Hills Block,25.07737,92.226525,0,Controlled_Background,0.0367,0.1167,0.0043,Level 1: Green,Low / Normal Baseline Monitoring,No immediate action required. Routine meteorological monitoring.
BG_0544,2008-07-12,Jaintia Hills Block,25.265495,92.230431,0,Controlled_Background,0.2752,0.0796,0.0219,Level 1: Green,Low / Normal Baseline Monitoring,No immediate action required. Routine meteorological monitoring.
BG_0545,2019-07-02,Jaintia Hills Block,25.510424,92.040185,0,Controlled_Background,0.5152,0.3158,0.1627,Level 3: Orange,Warning / Heightened Hazard Alert,Issue public travel advisories. Restrict heavy traffic on unstable corridors.
BG_0546,2014-07-22,Jaintia Hills Block,25.637026,92.70703,0,Controlled_Background,0.0164,0.1795,0.0029,Level 1: Green,Low / Normal Baseline Monitoring,No immediate action required. Routine meteorological monitoring.
BG_0547,2013-07-13,Jaintia Hills Block,25.612811,92.079948,0,Controlled_Background,0.0991,0.0846,0.0084,Level 1: Green,Low / Normal Baseline Monitoring,No immediate action required. Routine meteorological monitoring.
BG_0548,2013-07-11,Jaintia Hills Block,25.602014,92.22814,0,Controlled_Background,0.0543,0.1552,0.0084,Level 1: Green,Low / Normal Baseline Monitoring,No immediate action required. Routine meteorological monitoring.
BG_0549,2009-07-27,Jaintia Hills Block,25.33019,92.667537,0,Controlled_Background,0.0458,0.8371,0.0383,Level 1: Green,Low / Normal Baseline Monitoring,No immediate action required. Routine meteorological monitoring.
BG_0550,2019-07-26,Jaintia Hills Block,25.088083,92.305065,0,Controlled_Background,0.0531,0.1628,0.0086,Level 1: Green,Low / Normal Baseline Monitoring,No immediate action required. Routine meteorological monitoring.
BG_0551,2014-07-14,Jaintia Hills Block,25.215715,92.271425,0,Controlled_Background,0.0431,0.5216,0.0225,Level 1: Green,Low / Normal Baseline Monitoring,No immediate action required. Routine meteorological monitoring.
BG_0552,2020-07-12,Jaintia Hills Block,25.640313,92.58709,0,Controlled_Background,0.0748,0.0183,0.0014,Level 1: Green,Low / Normal Baseline Monitoring,No immediate action required. Routine meteorological monitoring.
BG_0553,2019-07-24,Jaintia Hills Block,25.294997,92.618651,0,Controlled_Background,0.0309,0.1573,0.0049,Level 1: Green,Low / Normal Baseline Monitoring,No immediate action required. Routine meteorological monitoring.
BG_0554,2014-07-21,Jaintia Hills Block,25.204791,92.463426,0,Controlled_Background,0.0243,0.2176,0.0053,Level 1: Green,Low / Normal Baseline Monitoring,No immediate action required. Routine meteorological monitoring.
BG_0555,2017-07-22,Jaintia Hills Block,25.171508,92.504021,0,Controlled_Background,0.0292,0.1085,0.0032,Level 1: Green,Low / Normal Baseline Monitoring,No immediate action required. Routine meteorological monitoring.
BG_0556,2023-08-05,Jaintia Hills Block,25.127926,92.255304,0,Controlled_Background,0.0696,0.0847,0.0059,Level 1: Green,Low / Normal Baseline Monitoring,No immediate action required. Routine meteorological monitoring.
BG_0557,2013-08-22,Jaintia Hills Block,25.040491,92.211654,0,Controlled_Background,0.0259,0.3669,0.0095,Level 1: Green,Low / Normal Baseline Monitoring,No immediate action required. Routine meteorological monitoring.
BG_0558,2009-08-13,Jaintia Hills Block,25.057629,92.136268,0,Controlled_Background,0.027,0.499,0.0135,Level 1: Green,Low / Normal Baseline Monitoring,No immediate action required. Routine meteorological monitoring.
