supervised_id,y_target,label_name,latitude,longitude,observation_date,year,month,spatial_block_id,spatial_block_name,geographic_partition_role,stratified_block_month_fold,spatial_block_out_fold,temporal_year_out_fold
POS_0001,1,Confirmed_Landslide,25.09178,92.35469,2018-05-07,2018,5,5,Jaintia Hills Block,VALIDATION_GEOGRAPHIC (Block 5 Jaintia Hills),3,Jaintia Hills Block,2018
POS_0002,1,Confirmed_Landslide,25.12186,92.388583,2007-07-31,2007,7,5,Jaintia Hills Block,VALIDATION_GEOGRAPHIC (Block 5 Jaintia Hills),1,Jaintia Hills Block,2007
POS_0003,1,Confirmed_Landslide,25.134194,92.383528,2007-07-31,2007,7,5,Jaintia Hills Block,VALIDATION_GEOGRAPHIC (Block 5 Jaintia Hills),0,Jaintia Hills Block,2007
POS_0004,1,Confirmed_Landslide,25.201,91.234,2008-08-12,2008,8,2,West Khasi Block,"TRAIN_GEOGRAPHIC (Blocks 1, 2, 4)",0,West Khasi Block,2008
POS_0005,1,Confirmed_Landslide,25.20283,91.20908,2008-08-10,2008,8,2,West Khasi Block,"TRAIN_GEOGRAPHIC (Blocks 1, 2, 4)",2,West Khasi Block,2008
POS_0006,1,Confirmed_Landslide,25.23707,91.43212,2008-08-17,2008,8,2,West Khasi Block,"TRAIN_GEOGRAPHIC (Blocks 1, 2, 4)",2,West Khasi Block,2008
POS_0007,1,Confirmed_Landslide,25.282369,91.738744,2024-05-30,2024,5,3,East Khasi Block,HOLDOUT_TEST_GEOGRAPHIC (Block 3 East Khasi),2,East Khasi Block,2024
POS_0008,1,Confirmed_Landslide,25.296,91.932,2022-04-04,2022,4,3,East Khasi Block,HOLDOUT_TEST_GEOGRAPHIC (Block 3 East Khasi),2,East Khasi Block,2022
POS_0009,1,Confirmed_Landslide,25.300389,91.726722,2009-06-29,2009,6,3,East Khasi Block,HOLDOUT_TEST_GEOGRAPHIC (Block 3 East Khasi),2,East Khasi Block,2009
POS_0010,1,Confirmed_Landslide,25.31458,91.45242,2013-08-06,2013,8,2,West Khasi Block,"TRAIN_GEOGRAPHIC (Blocks 1, 2, 4)",0,West Khasi Block,2013
POS_0011,1,Confirmed_Landslide,25.31488,91.44913,2007-07-19,2007,7,2,West Khasi Block,"TRAIN_GEOGRAPHIC (Blocks 1, 2, 4)",1,West Khasi Block,2007
POS_0012,1,Confirmed_Landslide,25.31488,91.33367,2007-07-19,2007,7,2,West Khasi Block,"TRAIN_GEOGRAPHIC (Blocks 1, 2, 4)",3,West Khasi Block,2007
POS_0013,1,Confirmed_Landslide,25.315176,91.923021,2007-07-19,2007,7,3,East Khasi Block,HOLDOUT_TEST_GEOGRAPHIC (Block 3 East Khasi),2,East Khasi Block,2007
POS_0014,1,Confirmed_Landslide,25.31848,91.45262,2007-07-19,2007,7,2,West Khasi Block,"TRAIN_GEOGRAPHIC (Blocks 1, 2, 4)",0,West Khasi Block,2007
POS_0015,1,Confirmed_Landslide,25.320833,91.9275,2007-07-19,2007,7,3,East Khasi Block,HOLDOUT_TEST_GEOGRAPHIC (Block 3 East Khasi),2,East Khasi Block,2007
POS_0016,1,Confirmed_Landslide,25.375392,92.431275,2024-05-28,2024,5,5,Jaintia Hills Block,VALIDATION_GEOGRAPHIC (Block 5 Jaintia Hills),1,Jaintia Hills Block,2024
POS_0017,1,Confirmed_Landslide,25.38803,91.46977,2007-06-16,2007,6,2,West Khasi Block,"TRAIN_GEOGRAPHIC (Blocks 1, 2, 4)",2,West Khasi Block,2007
POS_0018,1,Confirmed_Landslide,25.40023,91.5159,2007-06-16,2007,6,2,West Khasi Block,"TRAIN_GEOGRAPHIC (Blocks 1, 2, 4)",4,West Khasi Block,2007
POS_0019,1,Confirmed_Landslide,25.4013,91.45855,2007-08-18,2007,8,2,West Khasi Block,"TRAIN_GEOGRAPHIC (Blocks 1, 2, 4)",4,West Khasi Block,2007
POS_0020,1,Confirmed_Landslide,25.403061,90.724166,2007-08-18,2007,8,1,Garo Hills Block,"TRAIN_GEOGRAPHIC (Blocks 1, 2, 4)",0,Garo Hills Block,2007
POS_0021,1,Confirmed_Landslide,25.40547,91.53712,2007-08-18,2007,8,2,West Khasi Block,"TRAIN_GEOGRAPHIC (Blocks 1, 2, 4)",3,West Khasi Block,2007
POS_0022,1,Confirmed_Landslide,25.407917,91.998889,2007-08-18,2007,8,3,East Khasi Block,HOLDOUT_TEST_GEOGRAPHIC (Block 3 East Khasi),2,East Khasi Block,2007
POS_0023,1,Confirmed_Landslide,25.425,91.405,2007-08-18,2007,8,2,West Khasi Block,"TRAIN_GEOGRAPHIC (Blocks 1, 2, 4)",1,West Khasi Block,2007
POS_0024,1,Confirmed_Landslide,25.43561,91.862056,2009-07-17,2009,7,3,East Khasi Block,HOLDOUT_TEST_GEOGRAPHIC (Block 3 East Khasi),1,East Khasi Block,2009
POS_0025,1,Confirmed_Landslide,25.44465,91.34622,2007-07-17,2007,7,2,West Khasi Block,"TRAIN_GEOGRAPHIC (Blocks 1, 2, 4)",1,West Khasi Block,2007
POS_0026,1,Confirmed_Landslide,25.50335,91.28335,2007-07-25,2007,7,2,West Khasi Block,"TRAIN_GEOGRAPHIC (Blocks 1, 2, 4)",1,West Khasi Block,2007
POS_0027,1,Confirmed_Landslide,25.503681,91.723422,2007-07-19,2007,7,3,East Khasi Block,HOLDOUT_TEST_GEOGRAPHIC (Block 3 East Khasi),0,East Khasi Block,2007
POS_0028,1,Confirmed_Landslide,25.50667,91.28318,2007-07-19,2007,7,2,West Khasi Block,"TRAIN_GEOGRAPHIC (Blocks 1, 2, 4)",0,West Khasi Block,2007
POS_0029,1,Confirmed_Landslide,25.51028,90.21678,2007-07-27,2007,7,1,Garo Hills Block,"TRAIN_GEOGRAPHIC (Blocks 1, 2, 4)",1,Garo Hills Block,2007
POS_0030,1,Confirmed_Landslide,25.51973,91.28443,2007-07-25,2007,7,2,West Khasi Block,"TRAIN_GEOGRAPHIC (Blocks 1, 2, 4)",2,West Khasi Block,2007
POS_0031,1,Confirmed_Landslide,25.5208,91.25985,2007-07-25,2007,7,2,West Khasi Block,"TRAIN_GEOGRAPHIC (Blocks 1, 2, 4)",2,West Khasi Block,2007
POS_0032,1,Confirmed_Landslide,25.54231,92.1,2009-07-01,2009,7,5,Jaintia Hills Block,VALIDATION_GEOGRAPHIC (Block 5 Jaintia Hills),1,Jaintia Hills Block,2009
POS_0033,1,Confirmed_Landslide,25.54261,92.10867,2009-07-01,2009,7,5,Jaintia Hills Block,VALIDATION_GEOGRAPHIC (Block 5 Jaintia Hills),0,Jaintia Hills Block,2009
POS_0034,1,Confirmed_Landslide,25.54261,92.09842,2009-07-01,2009,7,5,Jaintia Hills Block,VALIDATION_GEOGRAPHIC (Block 5 Jaintia Hills),4,Jaintia Hills Block,2009
POS_0035,1,Confirmed_Landslide,25.54264,92.10214,2009-07-01,2009,7,5,Jaintia Hills Block,VALIDATION_GEOGRAPHIC (Block 5 Jaintia Hills),2,Jaintia Hills Block,2009
POS_0036,1,Confirmed_Landslide,25.54328,92.10478,2009-07-01,2009,7,5,Jaintia Hills Block,VALIDATION_GEOGRAPHIC (Block 5 Jaintia Hills),3,Jaintia Hills Block,2009
POS_0037,1,Confirmed_Landslide,25.56667,91.90194,2007-09-08,2007,9,3,East Khasi Block,HOLDOUT_TEST_GEOGRAPHIC (Block 3 East Khasi),0,East Khasi Block,2007
POS_0038,1,Confirmed_Landslide,25.57822,91.86545,2014-09-23,2014,9,3,East Khasi Block,HOLDOUT_TEST_GEOGRAPHIC (Block 3 East Khasi),1,East Khasi Block,2014
POS_0039,1,Confirmed_Landslide,25.6251,91.9118,2024-05-27,2024,5,3,East Khasi Block,HOLDOUT_TEST_GEOGRAPHIC (Block 3 East Khasi),1,East Khasi Block,2024
POS_0040,1,Confirmed_Landslide,25.663444,91.915944,2017-06-17,2017,6,4,Ri-Bhoi Block,"TRAIN_GEOGRAPHIC (Blocks 1, 2, 4)",1,Ri-Bhoi Block,2017
POS_0041,1,Confirmed_Landslide,25.68625,91.118358,2007-09-15,2007,9,4,Ri-Bhoi Block,"TRAIN_GEOGRAPHIC (Blocks 1, 2, 4)",2,Ri-Bhoi Block,2007
POS_0042,1,Confirmed_Landslide,25.687056,91.6485,2007-09-15,2007,9,4,Ri-Bhoi Block,"TRAIN_GEOGRAPHIC (Blocks 1, 2, 4)",4,Ri-Bhoi Block,2007
POS_0043,1,Confirmed_Landslide,25.69483,91.11836,2007-09-15,2007,9,4,Ri-Bhoi Block,"TRAIN_GEOGRAPHIC (Blocks 1, 2, 4)",0,Ri-Bhoi Block,2007
POS_0044,1,Confirmed_Landslide,25.695552,91.903777,2007-09-15,2007,9,4,Ri-Bhoi Block,"TRAIN_GEOGRAPHIC (Blocks 1, 2, 4)",0,Ri-Bhoi Block,2007
POS_0045,1,Confirmed_Landslide,26.00294,91.86692,2014-09-23,2014,9,4,Ri-Bhoi Block,"TRAIN_GEOGRAPHIC (Blocks 1, 2, 4)",3,Ri-Bhoi Block,2014
POS_0046,1,Confirmed_Landslide,26.01061,91.86886,2014-08-23,2014,8,4,Ri-Bhoi Block,"TRAIN_GEOGRAPHIC (Blocks 1, 2, 4)",1,Ri-Bhoi Block,2014
POS_0047,1,Confirmed_Landslide,26.02547,91.87158,2014-09-20,2014,9,4,Ri-Bhoi Block,"TRAIN_GEOGRAPHIC (Blocks 1, 2, 4)",1,Ri-Bhoi Block,2014
POS_0048,1,Confirmed_Landslide,25.477047,92.168313,2020-05-25,2020,5,5,Jaintia Hills Block,VALIDATION_GEOGRAPHIC (Block 5 Jaintia Hills),4,Jaintia Hills Block,2020
POS_0049,1,Confirmed_Landslide,25.463079,92.254261,2020-05-26,2020,5,5,Jaintia Hills Block,VALIDATION_GEOGRAPHIC (Block 5 Jaintia Hills),0,Jaintia Hills Block,2020
POS_0050,1,Confirmed_Landslide,25.566733,91.914619,2024-10-04,2024,10,3,East Khasi Block,HOLDOUT_TEST_GEOGRAPHIC (Block 3 East Khasi),0,East Khasi Block,2024
POS_0051,1,Confirmed_Landslide,25.284226,92.112942,2020-06-26,2020,6,5,Jaintia Hills Block,VALIDATION_GEOGRAPHIC (Block 5 Jaintia Hills),3,Jaintia Hills Block,2020
POS_0052,1,Confirmed_Landslide,25.284229,92.113149,2020-05-26,2020,5,5,Jaintia Hills Block,VALIDATION_GEOGRAPHIC (Block 5 Jaintia Hills),2,Jaintia Hills Block,2020
POS_0053,1,Confirmed_Landslide,25.29967,91.46108,2024-06-15,2024,6,2,West Khasi Block,"TRAIN_GEOGRAPHIC (Blocks 1, 2, 4)",2,West Khasi Block,2024
POS_0054,1,Confirmed_Landslide,25.29667,91.45986,2024-06-17,2024,6,2,West Khasi Block,"TRAIN_GEOGRAPHIC (Blocks 1, 2, 4)",0,West Khasi Block,2024
POS_0055,1,Confirmed_Landslide,25.2975,91.46167,2024-06-17,2024,6,2,West Khasi Block,"TRAIN_GEOGRAPHIC (Blocks 1, 2, 4)",0,West Khasi Block,2024
POS_0056,1,Confirmed_Landslide,25.29739,91.46201,2024-06-17,2024,6,2,West Khasi Block,"TRAIN_GEOGRAPHIC (Blocks 1, 2, 4)",1,West Khasi Block,2024
POS_0057,1,Confirmed_Landslide,25.29778,91.45972,2024-06-15,2024,6,2,West Khasi Block,"TRAIN_GEOGRAPHIC (Blocks 1, 2, 4)",0,West Khasi Block,2024
POS_0058,1,Confirmed_Landslide,25.809088,91.875238,2025-07-06,2025,7,4,Ri-Bhoi Block,"TRAIN_GEOGRAPHIC (Blocks 1, 2, 4)",0,Ri-Bhoi Block,2025
POS_0059,1,Confirmed_Landslide,25.781246,91.874475,2024-07-06,2024,7,4,Ri-Bhoi Block,"TRAIN_GEOGRAPHIC (Blocks 1, 2, 4)",2,Ri-Bhoi Block,2024
POS_0060,1,Confirmed_Landslide,25.465167,91.824944,2025-05-30,2025,5,3,East Khasi Block,HOLDOUT_TEST_GEOGRAPHIC (Block 3 East Khasi),4,East Khasi Block,2025
POS_0061,1,Confirmed_Landslide,25.422278,91.867694,2025-05-30,2025,5,3,East Khasi Block,HOLDOUT_TEST_GEOGRAPHIC (Block 3 East Khasi),4,East Khasi Block,2025
POS_0062,1,Confirmed_Landslide,25.434806,91.859528,2025-05-30,2025,5,3,East Khasi Block,HOLDOUT_TEST_GEOGRAPHIC (Block 3 East Khasi),3,East Khasi Block,2025
POS_0063,1,Confirmed_Landslide,25.487167,91.819361,2025-05-30,2025,5,3,East Khasi Block,HOLDOUT_TEST_GEOGRAPHIC (Block 3 East Khasi),1,East Khasi Block,2025
POS_0064,1,Confirmed_Landslide,25.456896,91.826145,2025-05-30,2025,5,3,East Khasi Block,HOLDOUT_TEST_GEOGRAPHIC (Block 3 East Khasi),4,East Khasi Block,2025
POS_0065,1,Confirmed_Landslide,25.366201,91.767213,2025-05-31,2025,5,3,East Khasi Block,HOLDOUT_TEST_GEOGRAPHIC (Block 3 East Khasi),2,East Khasi Block,2025
POS_0066,1,Confirmed_Landslide,25.355042,91.767525,2025-05-31,2025,5,3,East Khasi Block,HOLDOUT_TEST_GEOGRAPHIC (Block 3 East Khasi),0,East Khasi Block,2025
POS_0067,1,Confirmed_Landslide,25.340415,91.774142,2025-05-31,2025,5,3,East Khasi Block,HOLDOUT_TEST_GEOGRAPHIC (Block 3 East Khasi),3,East Khasi Block,2025
POS_0068,1,Confirmed_Landslide,25.577111,91.881417,2010-08-27,2010,8,3,East Khasi Block,HOLDOUT_TEST_GEOGRAPHIC (Block 3 East Khasi),0,East Khasi Block,2010
POS_0069,1,Confirmed_Landslide,25.561833,91.868556,2010-06-28,2010,6,3,East Khasi Block,HOLDOUT_TEST_GEOGRAPHIC (Block 3 East Khasi),0,East Khasi Block,2010
POS_0070,1,Confirmed_Landslide,25.571889,91.901278,2010-06-28,2010,6,3,East Khasi Block,HOLDOUT_TEST_GEOGRAPHIC (Block 3 East Khasi),3,East Khasi Block,2010
POS_0071,1,Confirmed_Landslide,25.568528,91.892194,2010-06-28,2010,6,3,East Khasi Block,HOLDOUT_TEST_GEOGRAPHIC (Block 3 East Khasi),4,East Khasi Block,2010
POS_0072,1,Confirmed_Landslide,25.135611,92.3805,2010-04-22,2010,4,5,Jaintia Hills Block,VALIDATION_GEOGRAPHIC (Block 5 Jaintia Hills),2,Jaintia Hills Block,2010
POS_0073,1,Confirmed_Landslide,25.134861,92.382,2010-04-22,2010,4,5,Jaintia Hills Block,VALIDATION_GEOGRAPHIC (Block 5 Jaintia Hills),1,Jaintia Hills Block,2010
POS_0074,1,Confirmed_Landslide,25.123833,92.385194,2010-04-22,2010,4,5,Jaintia Hills Block,VALIDATION_GEOGRAPHIC (Block 5 Jaintia Hills),0,Jaintia Hills Block,2010
POS_0075,1,Confirmed_Landslide,25.075333,92.363417,2010-04-22,2010,4,5,Jaintia Hills Block,VALIDATION_GEOGRAPHIC (Block 5 Jaintia Hills),3,Jaintia Hills Block,2010
POS_0076,1,Confirmed_Landslide,25.051083,92.402194,2010-04-22,2010,4,5,Jaintia Hills Block,VALIDATION_GEOGRAPHIC (Block 5 Jaintia Hills),0,Jaintia Hills Block,2010
POS_0077,1,Confirmed_Landslide,25.043056,92.420417,2010-04-22,2010,4,5,Jaintia Hills Block,VALIDATION_GEOGRAPHIC (Block 5 Jaintia Hills),1,Jaintia Hills Block,2010
POS_0078,1,Confirmed_Landslide,25.042222,92.441278,2010-04-22,2010,4,5,Jaintia Hills Block,VALIDATION_GEOGRAPHIC (Block 5 Jaintia Hills),4,Jaintia Hills Block,2010
POS_0079,1,Confirmed_Landslide,25.364972,91.024111,2012-05-01,2012,5,2,West Khasi Block,"TRAIN_GEOGRAPHIC (Blocks 1, 2, 4)",4,West Khasi Block,2012
POS_0080,1,Confirmed_Landslide,25.263611,92.385578,2012-06-26,2012,6,5,Jaintia Hills Block,VALIDATION_GEOGRAPHIC (Block 5 Jaintia Hills),3,Jaintia Hills Block,2012
POS_0081,1,Confirmed_Landslide,25.260056,92.388639,2012-06-26,2012,6,5,Jaintia Hills Block,VALIDATION_GEOGRAPHIC (Block 5 Jaintia Hills),4,Jaintia Hills Block,2012
POS_0082,1,Confirmed_Landslide,25.147028,92.378833,2012-06-26,2012,6,5,Jaintia Hills Block,VALIDATION_GEOGRAPHIC (Block 5 Jaintia Hills),4,Jaintia Hills Block,2012
POS_0083,1,Confirmed_Landslide,25.147028,92.378833,2012-06-26,2012,6,5,Jaintia Hills Block,VALIDATION_GEOGRAPHIC (Block 5 Jaintia Hills),1,Jaintia Hills Block,2012
POS_0084,1,Confirmed_Landslide,25.143417,92.378056,2012-06-26,2012,6,5,Jaintia Hills Block,VALIDATION_GEOGRAPHIC (Block 5 Jaintia Hills),1,Jaintia Hills Block,2012
POS_0085,1,Confirmed_Landslide,25.134278,92.385111,2012-06-26,2012,6,5,Jaintia Hills Block,VALIDATION_GEOGRAPHIC (Block 5 Jaintia Hills),0,Jaintia Hills Block,2012
POS_0086,1,Confirmed_Landslide,25.090222,92.358056,2012-06-26,2012,6,5,Jaintia Hills Block,VALIDATION_GEOGRAPHIC (Block 5 Jaintia Hills),0,Jaintia Hills Block,2012
POS_0087,1,Confirmed_Landslide,25.090556,92.359722,2012-06-26,2012,6,5,Jaintia Hills Block,VALIDATION_GEOGRAPHIC (Block 5 Jaintia Hills),2,Jaintia Hills Block,2012
POS_0088,1,Confirmed_Landslide,25.087722,92.360861,2012-06-26,2012,6,5,Jaintia Hills Block,VALIDATION_GEOGRAPHIC (Block 5 Jaintia Hills),2,Jaintia Hills Block,2012
POS_0089,1,Confirmed_Landslide,26.003611,92.863611,2012-07-26,2012,7,4,Ri-Bhoi Block,"TRAIN_GEOGRAPHIC (Blocks 1, 2, 4)",0,Ri-Bhoi Block,2012
POS_0090,1,Confirmed_Landslide,25.530861,91.297806,2012-08-21,2012,8,2,West Khasi Block,"TRAIN_GEOGRAPHIC (Blocks 1, 2, 4)",1,West Khasi Block,2012
POS_0091,1,Confirmed_Landslide,25.972833,91.86545,2014-09-23,2014,9,4,Ri-Bhoi Block,"TRAIN_GEOGRAPHIC (Blocks 1, 2, 4)",1,Ri-Bhoi Block,2014
POS_0092,1,Confirmed_Landslide,25.674694,91.886528,2011-06-26,2011,6,4,Ri-Bhoi Block,"TRAIN_GEOGRAPHIC (Blocks 1, 2, 4)",3,Ri-Bhoi Block,2011
POS_0093,1,Confirmed_Landslide,25.563,91.885,2019-07-09,2019,7,3,East Khasi Block,HOLDOUT_TEST_GEOGRAPHIC (Block 3 East Khasi),1,East Khasi Block,2019
POS_0094,1,Confirmed_Landslide,25.566631,91.913706,2019-07-10,2019,7,3,East Khasi Block,HOLDOUT_TEST_GEOGRAPHIC (Block 3 East Khasi),3,East Khasi Block,2019
POS_0095,1,Confirmed_Landslide,25.281,91.573306,2019-07-07,2019,7,2,West Khasi Block,"TRAIN_GEOGRAPHIC (Blocks 1, 2, 4)",2,West Khasi Block,2019
POS_0096,1,Confirmed_Landslide,25.232111,91.372528,2019-06-27,2019,6,2,West Khasi Block,"TRAIN_GEOGRAPHIC (Blocks 1, 2, 4)",4,West Khasi Block,2019
POS_0097,1,Confirmed_Landslide,25.221944,91.384222,2019-06-27,2019,6,2,West Khasi Block,"TRAIN_GEOGRAPHIC (Blocks 1, 2, 4)",0,West Khasi Block,2019
POS_0098,1,Confirmed_Landslide,25.187667,91.398167,2019-06-27,2019,6,2,West Khasi Block,"TRAIN_GEOGRAPHIC (Blocks 1, 2, 4)",3,West Khasi Block,2019
POS_0099,1,Confirmed_Landslide,25.186889,91.398556,2019-06-27,2019,6,2,West Khasi Block,"TRAIN_GEOGRAPHIC (Blocks 1, 2, 4)",1,West Khasi Block,2019
POS_0100,1,Confirmed_Landslide,25.442333,92.194472,2020-05-26,2020,5,5,Jaintia Hills Block,VALIDATION_GEOGRAPHIC (Block 5 Jaintia Hills),1,Jaintia Hills Block,2020
POS_0101,1,Confirmed_Landslide,25.441778,92.195583,2020-05-26,2020,5,5,Jaintia Hills Block,VALIDATION_GEOGRAPHIC (Block 5 Jaintia Hills),3,Jaintia Hills Block,2020
POS_0102,1,Confirmed_Landslide,25.436306,92.19525,2020-05-26,2020,5,5,Jaintia Hills Block,VALIDATION_GEOGRAPHIC (Block 5 Jaintia Hills),2,Jaintia Hills Block,2020
POS_0103,1,Confirmed_Landslide,25.435056,92.198361,2020-05-26,2020,5,5,Jaintia Hills Block,VALIDATION_GEOGRAPHIC (Block 5 Jaintia Hills),4,Jaintia Hills Block,2020
POS_0104,1,Confirmed_Landslide,25.447417,92.201389,2020-05-26,2020,5,5,Jaintia Hills Block,VALIDATION_GEOGRAPHIC (Block 5 Jaintia Hills),0,Jaintia Hills Block,2020
POS_0105,1,Confirmed_Landslide,25.45075,92.194528,2020-05-26,2020,5,5,Jaintia Hills Block,VALIDATION_GEOGRAPHIC (Block 5 Jaintia Hills),1,Jaintia Hills Block,2020
POS_0106,1,Confirmed_Landslide,25.453517,92.187847,2020-05-26,2020,5,5,Jaintia Hills Block,VALIDATION_GEOGRAPHIC (Block 5 Jaintia Hills),0,Jaintia Hills Block,2020
POS_0107,1,Confirmed_Landslide,25.361033,91.647008,2022-06-17,2022,6,3,East Khasi Block,HOLDOUT_TEST_GEOGRAPHIC (Block 3 East Khasi),0,East Khasi Block,2022
POS_0108,1,Confirmed_Landslide,25.212739,90.632161,2022-06-17,2022,6,1,Garo Hills Block,"TRAIN_GEOGRAPHIC (Blocks 1, 2, 4)",0,Garo Hills Block,2022
POS_0109,1,Confirmed_Landslide,25.210222,90.632203,2022-06-17,2022,6,1,Garo Hills Block,"TRAIN_GEOGRAPHIC (Blocks 1, 2, 4)",4,Garo Hills Block,2022
POS_0110,1,Confirmed_Landslide,25.381633,90.060339,2022-06-09,2022,6,1,Garo Hills Block,"TRAIN_GEOGRAPHIC (Blocks 1, 2, 4)",2,Garo Hills Block,2022
POS_0111,1,Confirmed_Landslide,25.459397,90.708603,2022-06-17,2022,6,1,Garo Hills Block,"TRAIN_GEOGRAPHIC (Blocks 1, 2, 4)",1,Garo Hills Block,2022
POS_0112,1,Confirmed_Landslide,25.459031,90.708133,2022-06-17,2022,6,1,Garo Hills Block,"TRAIN_GEOGRAPHIC (Blocks 1, 2, 4)",3,Garo Hills Block,2022
POS_0113,1,Confirmed_Landslide,25.44835,91.591503,2022-06-15,2022,6,2,West Khasi Block,"TRAIN_GEOGRAPHIC (Blocks 1, 2, 4)",4,West Khasi Block,2022
POS_0114,1,Confirmed_Landslide,25.447436,91.591039,2022-06-15,2022,6,2,West Khasi Block,"TRAIN_GEOGRAPHIC (Blocks 1, 2, 4)",3,West Khasi Block,2022
POS_0115,1,Confirmed_Landslide,25.447161,91.590678,2022-06-15,2022,6,2,West Khasi Block,"TRAIN_GEOGRAPHIC (Blocks 1, 2, 4)",2,West Khasi Block,2022
POS_0116,1,Confirmed_Landslide,25.296,91.932,2022-04-04,2022,4,3,East Khasi Block,HOLDOUT_TEST_GEOGRAPHIC (Block 3 East Khasi),4,East Khasi Block,2022
POS_0117,1,Confirmed_Landslide,25.358611,91.972083,2022-04-04,2022,4,3,East Khasi Block,HOLDOUT_TEST_GEOGRAPHIC (Block 3 East Khasi),0,East Khasi Block,2022
POS_0118,1,Confirmed_Landslide,25.359083,91.974333,2022-04-04,2022,4,3,East Khasi Block,HOLDOUT_TEST_GEOGRAPHIC (Block 3 East Khasi),3,East Khasi Block,2022
POS_0119,1,Confirmed_Landslide,25.396111,91.991944,2022-04-04,2022,4,3,East Khasi Block,HOLDOUT_TEST_GEOGRAPHIC (Block 3 East Khasi),0,East Khasi Block,2022
POS_0120,1,Confirmed_Landslide,25.365263,91.878497,2023-04-13,2023,4,3,East Khasi Block,HOLDOUT_TEST_GEOGRAPHIC (Block 3 East Khasi),1,East Khasi Block,2023
POS_0121,1,Confirmed_Landslide,25.529014,91.261886,2023-06-17,2023,6,2,West Khasi Block,"TRAIN_GEOGRAPHIC (Blocks 1, 2, 4)",1,West Khasi Block,2023
POS_0122,1,Confirmed_Landslide,25.419556,92.161944,2023-08-10,2023,8,5,Jaintia Hills Block,VALIDATION_GEOGRAPHIC (Block 5 Jaintia Hills),0,Jaintia Hills Block,2023
POS_0123,1,Confirmed_Landslide,25.552561,91.618703,2024-06-28,2024,6,3,East Khasi Block,HOLDOUT_TEST_GEOGRAPHIC (Block 3 East Khasi),1,East Khasi Block,2024
POS_0124,1,Confirmed_Landslide,25.392958,91.551633,2024-05-28,2024,5,2,West Khasi Block,"TRAIN_GEOGRAPHIC (Blocks 1, 2, 4)",0,West Khasi Block,2024
POS_0125,1,Confirmed_Landslide,25.371292,91.480031,2024-06-15,2024,6,2,West Khasi Block,"TRAIN_GEOGRAPHIC (Blocks 1, 2, 4)",3,West Khasi Block,2024
POS_0126,1,Confirmed_Landslide,25.402886,91.434242,2024-05-28,2024,5,2,West Khasi Block,"TRAIN_GEOGRAPHIC (Blocks 1, 2, 4)",1,West Khasi Block,2024
POS_0127,1,Confirmed_Landslide,25.531739,91.296177,2024-07-02,2024,7,2,West Khasi Block,"TRAIN_GEOGRAPHIC (Blocks 1, 2, 4)",4,West Khasi Block,2024
POS_0128,1,Confirmed_Landslide,25.540056,91.314142,2024-07-02,2024,7,2,West Khasi Block,"TRAIN_GEOGRAPHIC (Blocks 1, 2, 4)",3,West Khasi Block,2024
POS_0129,1,Confirmed_Landslide,25.627903,91.888019,2024-05-28,2024,5,3,East Khasi Block,HOLDOUT_TEST_GEOGRAPHIC (Block 3 East Khasi),2,East Khasi Block,2024
POS_0130,1,Confirmed_Landslide,25.630403,91.88992,2024-05-28,2024,5,3,East Khasi Block,HOLDOUT_TEST_GEOGRAPHIC (Block 3 East Khasi),1,East Khasi Block,2024
POS_0131,1,Confirmed_Landslide,25.630858,91.887601,2024-05-28,2024,5,3,East Khasi Block,HOLDOUT_TEST_GEOGRAPHIC (Block 3 East Khasi),1,East Khasi Block,2024
POS_0132,1,Confirmed_Landslide,25.641242,91.894137,2024-07-02,2024,7,3,East Khasi Block,HOLDOUT_TEST_GEOGRAPHIC (Block 3 East Khasi),0,East Khasi Block,2024
POS_0133,1,Confirmed_Landslide,25.650572,91.893514,2024-07-02,2024,7,4,Ri-Bhoi Block,"TRAIN_GEOGRAPHIC (Blocks 1, 2, 4)",2,Ri-Bhoi Block,2024
POS_0134,1,Confirmed_Landslide,25.648872,91.896928,2024-07-02,2024,7,3,East Khasi Block,HOLDOUT_TEST_GEOGRAPHIC (Block 3 East Khasi),4,East Khasi Block,2024
POS_0135,1,Confirmed_Landslide,25.446931,91.740967,2024-05-28,2024,5,3,East Khasi Block,HOLDOUT_TEST_GEOGRAPHIC (Block 3 East Khasi),0,East Khasi Block,2024
POS_0136,1,Confirmed_Landslide,25.413847,91.678561,2024-05-28,2024,5,3,East Khasi Block,HOLDOUT_TEST_GEOGRAPHIC (Block 3 East Khasi),0,East Khasi Block,2024
POS_0137,1,Confirmed_Landslide,25.345089,91.600503,2024-05-28,2024,5,3,East Khasi Block,HOLDOUT_TEST_GEOGRAPHIC (Block 3 East Khasi),2,East Khasi Block,2024
POS_0138,1,Confirmed_Landslide,25.619397,91.61704,2025-05-30,2025,5,3,East Khasi Block,HOLDOUT_TEST_GEOGRAPHIC (Block 3 East Khasi),3,East Khasi Block,2025
POS_0139,1,Confirmed_Landslide,25.654439,91.623908,2025-05-30,2025,5,4,Ri-Bhoi Block,"TRAIN_GEOGRAPHIC (Blocks 1, 2, 4)",3,Ri-Bhoi Block,2025
POS_0140,1,Confirmed_Landslide,25.654439,91.633458,2025-05-30,2025,5,4,Ri-Bhoi Block,"TRAIN_GEOGRAPHIC (Blocks 1, 2, 4)",4,Ri-Bhoi Block,2025
POS_0141,1,Confirmed_Landslide,25.659772,91.634406,2025-05-30,2025,5,4,Ri-Bhoi Block,"TRAIN_GEOGRAPHIC (Blocks 1, 2, 4)",4,Ri-Bhoi Block,2025
POS_0142,1,Confirmed_Landslide,25.653089,91.898039,2024-07-01,2024,7,4,Ri-Bhoi Block,"TRAIN_GEOGRAPHIC (Blocks 1, 2, 4)",4,Ri-Bhoi Block,2024
POS_0143,1,Confirmed_Landslide,25.653411,91.898194,2024-07-01,2024,7,4,Ri-Bhoi Block,"TRAIN_GEOGRAPHIC (Blocks 1, 2, 4)",1,Ri-Bhoi Block,2024
POS_0144,1,Confirmed_Landslide,25.66315,91.901803,2025-05-30,2025,5,4,Ri-Bhoi Block,"TRAIN_GEOGRAPHIC (Blocks 1, 2, 4)",3,Ri-Bhoi Block,2025
POS_0145,1,Confirmed_Landslide,25.670322,91.904872,2025-05-30,2025,5,4,Ri-Bhoi Block,"TRAIN_GEOGRAPHIC (Blocks 1, 2, 4)",1,Ri-Bhoi Block,2025
POS_0146,1,Confirmed_Landslide,25.675172,91.8983,2024-06-30,2024,6,4,Ri-Bhoi Block,"TRAIN_GEOGRAPHIC (Blocks 1, 2, 4)",4,Ri-Bhoi Block,2024
POS_0147,1,Confirmed_Landslide,25.423156,91.863292,2025-05-31,2025,5,3,East Khasi Block,HOLDOUT_TEST_GEOGRAPHIC (Block 3 East Khasi),3,East Khasi Block,2025
POS_0148,1,Confirmed_Landslide,25.301278,91.921989,2025-05-30,2025,5,3,East Khasi Block,HOLDOUT_TEST_GEOGRAPHIC (Block 3 East Khasi),0,East Khasi Block,2025
POS_0149,1,Confirmed_Landslide,25.675461,91.897269,2024-06-30,2024,6,4,Ri-Bhoi Block,"TRAIN_GEOGRAPHIC (Blocks 1, 2, 4)",1,Ri-Bhoi Block,2024
POS_0150,1,Confirmed_Landslide,25.677614,91.898658,2025-05-30,2025,5,4,Ri-Bhoi Block,"TRAIN_GEOGRAPHIC (Blocks 1, 2, 4)",1,Ri-Bhoi Block,2025
POS_0151,1,Confirmed_Landslide,25.495519,91.495853,2025-07-02,2025,7,2,West Khasi Block,"TRAIN_GEOGRAPHIC (Blocks 1, 2, 4)",4,West Khasi Block,2025
POS_0152,1,Confirmed_Landslide,25.282472,91.364133,2025-05-30,2025,5,2,West Khasi Block,"TRAIN_GEOGRAPHIC (Blocks 1, 2, 4)",3,West Khasi Block,2025
POS_0153,1,Confirmed_Landslide,25.280906,91.365847,2025-05-30,2025,5,2,West Khasi Block,"TRAIN_GEOGRAPHIC (Blocks 1, 2, 4)",2,West Khasi Block,2025
POS_0154,1,Confirmed_Landslide,25.682558,91.901114,2024-06-30,2024,6,4,Ri-Bhoi Block,"TRAIN_GEOGRAPHIC (Blocks 1, 2, 4)",1,Ri-Bhoi Block,2024
POS_0155,1,Confirmed_Landslide,25.685919,91.902567,2024-06-30,2024,6,4,Ri-Bhoi Block,"TRAIN_GEOGRAPHIC (Blocks 1, 2, 4)",0,Ri-Bhoi Block,2024
POS_0156,1,Confirmed_Landslide,25.711656,91.895128,2025-05-30,2025,5,4,Ri-Bhoi Block,"TRAIN_GEOGRAPHIC (Blocks 1, 2, 4)",1,Ri-Bhoi Block,2025
POS_0157,1,Confirmed_Landslide,25.752978,91.885353,2025-05-30,2025,5,4,Ri-Bhoi Block,"TRAIN_GEOGRAPHIC (Blocks 1, 2, 4)",3,Ri-Bhoi Block,2025
POS_0158,1,Confirmed_Landslide,25.797444,91.874086,2024-06-14,2024,6,4,Ri-Bhoi Block,"TRAIN_GEOGRAPHIC (Blocks 1, 2, 4)",3,Ri-Bhoi Block,2024
POS_0159,1,Confirmed_Landslide,25.807258,91.875094,2024-07-14,2024,7,4,Ri-Bhoi Block,"TRAIN_GEOGRAPHIC (Blocks 1, 2, 4)",3,Ri-Bhoi Block,2024
POS_0160,1,Confirmed_Landslide,25.622694,91.169144,2024-07-02,2024,7,2,West Khasi Block,"TRAIN_GEOGRAPHIC (Blocks 1, 2, 4)",3,West Khasi Block,2024
POS_0161,1,Confirmed_Landslide,25.612761,91.173753,2024-07-02,2024,7,2,West Khasi Block,"TRAIN_GEOGRAPHIC (Blocks 1, 2, 4)",0,West Khasi Block,2024
POS_0162,1,Confirmed_Landslide,25.661567,91.134853,2024-07-02,2024,7,4,Ri-Bhoi Block,"TRAIN_GEOGRAPHIC (Blocks 1, 2, 4)",1,Ri-Bhoi Block,2024
POS_0163,1,Confirmed_Landslide,25.691508,91.641608,2025-05-29,2025,5,4,Ri-Bhoi Block,"TRAIN_GEOGRAPHIC (Blocks 1, 2, 4)",2,Ri-Bhoi Block,2025
POS_0164,1,Confirmed_Landslide,25.695178,91.641236,2025-05-30,2025,5,4,Ri-Bhoi Block,"TRAIN_GEOGRAPHIC (Blocks 1, 2, 4)",1,Ri-Bhoi Block,2025
POS_0165,1,Confirmed_Landslide,25.696886,91.641767,2025-06-25,2025,6,4,Ri-Bhoi Block,"TRAIN_GEOGRAPHIC (Blocks 1, 2, 4)",0,Ri-Bhoi Block,2025
POS_0166,1,Confirmed_Landslide,25.700878,91.642902,2024-10-08,2024,10,4,Ri-Bhoi Block,"TRAIN_GEOGRAPHIC (Blocks 1, 2, 4)",0,Ri-Bhoi Block,2024
POS_0167,1,Confirmed_Landslide,25.698667,91.645172,2024-08-06,2024,8,4,Ri-Bhoi Block,"TRAIN_GEOGRAPHIC (Blocks 1, 2, 4)",0,Ri-Bhoi Block,2024
POS_0168,1,Confirmed_Landslide,25.696836,91.644856,2024-08-06,2024,8,4,Ri-Bhoi Block,"TRAIN_GEOGRAPHIC (Blocks 1, 2, 4)",2,Ri-Bhoi Block,2024
POS_0169,1,Confirmed_Landslide,25.695233,91.644269,2025-05-30,2025,5,4,Ri-Bhoi Block,"TRAIN_GEOGRAPHIC (Blocks 1, 2, 4)",0,Ri-Bhoi Block,2025
POS_0170,1,Confirmed_Landslide,25.694636,91.645778,2025-05-30,2025,5,4,Ri-Bhoi Block,"TRAIN_GEOGRAPHIC (Blocks 1, 2, 4)",3,Ri-Bhoi Block,2025
POS_0171,1,Confirmed_Landslide,25.686989,91.648122,2025-05-28,2025,5,4,Ri-Bhoi Block,"TRAIN_GEOGRAPHIC (Blocks 1, 2, 4)",2,Ri-Bhoi Block,2025
POS_0172,1,Confirmed_Landslide,25.686906,91.649153,2025-05-28,2025,5,4,Ri-Bhoi Block,"TRAIN_GEOGRAPHIC (Blocks 1, 2, 4)",0,Ri-Bhoi Block,2025
POS_0173,1,Confirmed_Landslide,25.688833,91.653639,2025-06-25,2025,6,4,Ri-Bhoi Block,"TRAIN_GEOGRAPHIC (Blocks 1, 2, 4)",4,Ri-Bhoi Block,2025
POS_0174,1,Confirmed_Landslide,25.687989,91.658389,2024-05-28,2024,5,4,Ri-Bhoi Block,"TRAIN_GEOGRAPHIC (Blocks 1, 2, 4)",4,Ri-Bhoi Block,2024
POS_0175,1,Confirmed_Landslide,25.68805,91.66653,2024-05-28,2024,5,4,Ri-Bhoi Block,"TRAIN_GEOGRAPHIC (Blocks 1, 2, 4)",0,Ri-Bhoi Block,2024
POS_0176,1,Confirmed_Landslide,25.688222,91.667461,2025-06-11,2025,6,4,Ri-Bhoi Block,"TRAIN_GEOGRAPHIC (Blocks 1, 2, 4)",0,Ri-Bhoi Block,2025
POS_0177,1,Confirmed_Landslide,25.69007,91.67085,2025-06-11,2025,6,4,Ri-Bhoi Block,"TRAIN_GEOGRAPHIC (Blocks 1, 2, 4)",2,Ri-Bhoi Block,2025
POS_0178,1,Confirmed_Landslide,25.733262,91.675754,2025-06-11,2025,6,4,Ri-Bhoi Block,"TRAIN_GEOGRAPHIC (Blocks 1, 2, 4)",2,Ri-Bhoi Block,2025
POS_0179,1,Confirmed_Landslide,25.762051,91.658959,2024-05-29,2024,5,4,Ri-Bhoi Block,"TRAIN_GEOGRAPHIC (Blocks 1, 2, 4)",2,Ri-Bhoi Block,2024
POS_0180,1,Confirmed_Landslide,25.770935,91.656497,2024-05-29,2024,5,4,Ri-Bhoi Block,"TRAIN_GEOGRAPHIC (Blocks 1, 2, 4)",0,Ri-Bhoi Block,2024
POS_0181,1,Confirmed_Landslide,25.791616,91.658242,2024-05-29,2024,5,4,Ri-Bhoi Block,"TRAIN_GEOGRAPHIC (Blocks 1, 2, 4)",4,Ri-Bhoi Block,2024
POS_0182,1,Confirmed_Landslide,25.803984,91.659801,2024-08-28,2024,8,4,Ri-Bhoi Block,"TRAIN_GEOGRAPHIC (Blocks 1, 2, 4)",3,Ri-Bhoi Block,2024
POS_0183,1,Confirmed_Landslide,25.700668,91.596815,2025-05-31,2025,5,4,Ri-Bhoi Block,"TRAIN_GEOGRAPHIC (Blocks 1, 2, 4)",0,Ri-Bhoi Block,2025
POS_0184,1,Confirmed_Landslide,25.739454,91.572107,2025-05-31,2025,5,4,Ri-Bhoi Block,"TRAIN_GEOGRAPHIC (Blocks 1, 2, 4)",2,Ri-Bhoi Block,2025
POS_0185,1,Confirmed_Landslide,25.567423,89.979711,2026-07-13,2026,7,1,Garo Hills Block,"TRAIN_GEOGRAPHIC (Blocks 1, 2, 4)",0,Garo Hills Block,2026
POS_0186,1,Confirmed_Landslide,25.566518,91.914509,2025-08-19,2025,8,3,East Khasi Block,HOLDOUT_TEST_GEOGRAPHIC (Block 3 East Khasi),1,East Khasi Block,2025
BG_0001,0,Controlled_Background,25.92575,90.115909,2012-06-03,2012,6,1,Garo Hills Block,"TRAIN_GEOGRAPHIC (Blocks 1, 2, 4)",4,Garo Hills Block,2012
BG_0002,0,Controlled_Background,25.142863,90.223266,2019-06-01,2019,6,1,Garo Hills Block,"TRAIN_GEOGRAPHIC (Blocks 1, 2, 4)",1,Garo Hills Block,2019
BG_0003,0,Controlled_Background,25.049943,89.881273,2026-06-09,2026,6,1,Garo Hills Block,"TRAIN_GEOGRAPHIC (Blocks 1, 2, 4)",2,Garo Hills Block,2026
BG_0004,0,Controlled_Background,26.078442,90.548511,2023-06-24,2023,6,1,Garo Hills Block,"TRAIN_GEOGRAPHIC (Blocks 1, 2, 4)",3,Garo Hills Block,2023
BG_0005,0,Controlled_Background,25.351356,89.815819,2011-06-17,2011,6,1,Garo Hills Block,"TRAIN_GEOGRAPHIC (Blocks 1, 2, 4)",2,Garo Hills Block,2011
BG_0006,0,Controlled_Background,25.31361,90.317601,2018-06-07,2018,6,1,Garo Hills Block,"TRAIN_GEOGRAPHIC (Blocks 1, 2, 4)",0,Garo Hills Block,2018
BG_0007,0,Controlled_Background,25.279337,90.107462,2007-06-22,2007,6,1,Garo Hills Block,"TRAIN_GEOGRAPHIC (Blocks 1, 2, 4)",3,Garo Hills Block,2007
BG_0008,0,Controlled_Background,25.172032,90.485935,2023-06-03,2023,6,1,Garo Hills Block,"TRAIN_GEOGRAPHIC (Blocks 1, 2, 4)",4,Garo Hills Block,2023
BG_0009,0,Controlled_Background,26.070685,90.613301,2009-06-11,2009,6,1,Garo Hills Block,"TRAIN_GEOGRAPHIC (Blocks 1, 2, 4)",1,Garo Hills Block,2009
BG_0010,0,Controlled_Background,25.134579,90.510812,2007-06-07,2007,6,1,Garo Hills Block,"TRAIN_GEOGRAPHIC (Blocks 1, 2, 4)",2,Garo Hills Block,2007
BG_0011,0,Controlled_Background,25.964192,90.321583,2013-06-20,2013,6,1,Garo Hills Block,"TRAIN_GEOGRAPHIC (Blocks 1, 2, 4)",3,Garo Hills Block,2013
BG_0012,0,Controlled_Background,26.078308,90.488938,2019-06-13,2019,6,1,Garo Hills Block,"TRAIN_GEOGRAPHIC (Blocks 1, 2, 4)",0,Garo Hills Block,2019
BG_0013,0,Controlled_Background,25.771843,90.629584,2013-06-18,2013,6,1,Garo Hills Block,"TRAIN_GEOGRAPHIC (Blocks 1, 2, 4)",1,Garo Hills Block,2013
BG_0014,0,Controlled_Background,25.118742,89.90343,2017-06-01,2017,6,1,Garo Hills Block,"TRAIN_GEOGRAPHIC (Blocks 1, 2, 4)",4,Garo Hills Block,2017
BG_0015,0,Controlled_Background,25.843666,90.414458,2023-06-28,2023,6,1,Garo Hills Block,"TRAIN_GEOGRAPHIC (Blocks 1, 2, 4)",0,Garo Hills Block,2023
BG_0016,0,Controlled_Background,25.517217,90.91145,2022-07-20,2022,7,1,Garo Hills Block,"TRAIN_GEOGRAPHIC (Blocks 1, 2, 4)",0,Garo Hills Block,2022
BG_0017,0,Controlled_Background,25.052857,90.800849,2010-07-25,2010,7,1,Garo Hills Block,"TRAIN_GEOGRAPHIC (Blocks 1, 2, 4)",1,Garo Hills Block,2010
BG_0018,0,Controlled_Background,25.050922,90.409171,2024-07-20,2024,7,1,Garo Hills Block,"TRAIN_GEOGRAPHIC (Blocks 1, 2, 4)",4,Garo Hills Block,2024
BG_0019,0,Controlled_Background,25.114821,90.962463,2019-07-29,2019,7,1,Garo Hills Block,"TRAIN_GEOGRAPHIC (Blocks 1, 2, 4)",0,Garo Hills Block,2019
BG_0020,0,Controlled_Background,25.240865,90.830808,2024-07-19,2024,7,1,Garo Hills Block,"TRAIN_GEOGRAPHIC (Blocks 1, 2, 4)",2,Garo Hills Block,2024
BG_0021,0,Controlled_Background,25.258394,90.049495,2012-07-01,2012,7,1,Garo Hills Block,"TRAIN_GEOGRAPHIC (Blocks 1, 2, 4)",3,Garo Hills Block,2012
BG_0022,0,Controlled_Background,25.671592,90.751604,2024-08-01,2024,8,1,Garo Hills Block,"TRAIN_GEOGRAPHIC (Blocks 1, 2, 4)",2,Garo Hills Block,2024
BG_0023,0,Controlled_Background,25.822247,89.955105,2020-08-15,2020,8,1,Garo Hills Block,"TRAIN_GEOGRAPHIC (Blocks 1, 2, 4)",0,Garo Hills Block,2020
BG_0024,0,Controlled_Background,25.049958,90.815639,2014-08-13,2014,8,1,Garo Hills Block,"TRAIN_GEOGRAPHIC (Blocks 1, 2, 4)",1,Garo Hills Block,2014
BG_0025,0,Controlled_Background,25.507368,91.594325,2014-05-01,2014,5,2,West Khasi Block,"TRAIN_GEOGRAPHIC (Blocks 1, 2, 4)",1,West Khasi Block,2014
BG_0026,0,Controlled_Background,25.101198,91.073728,2022-05-07,2022,5,2,West Khasi Block,"TRAIN_GEOGRAPHIC (Blocks 1, 2, 4)",1,West Khasi Block,2022
BG_0027,0,Controlled_Background,25.618143,91.415813,2018-05-11,2018,5,2,West Khasi Block,"TRAIN_GEOGRAPHIC (Blocks 1, 2, 4)",2,West Khasi Block,2018
BG_0028,0,Controlled_Background,25.48976,91.559371,2022-05-24,2022,5,2,West Khasi Block,"TRAIN_GEOGRAPHIC (Blocks 1, 2, 4)",3,West Khasi Block,2022
BG_0029,0,Controlled_Background,25.281695,91.062907,2008-05-05,2008,5,2,West Khasi Block,"TRAIN_GEOGRAPHIC (Blocks 1, 2, 4)",3,West Khasi Block,2008
BG_0030,0,Controlled_Background,25.11174,91.254849,2010-05-14,2010,5,2,West Khasi Block,"TRAIN_GEOGRAPHIC (Blocks 1, 2, 4)",0,West Khasi Block,2010
BG_0031,0,Controlled_Background,25.337506,91.391708,2024-05-09,2024,5,2,West Khasi Block,"TRAIN_GEOGRAPHIC (Blocks 1, 2, 4)",4,West Khasi Block,2024
BG_0032,0,Controlled_Background,25.543231,91.203997,2012-05-13,2012,5,2,West Khasi Block,"TRAIN_GEOGRAPHIC (Blocks 1, 2, 4)",4,West Khasi Block,2012
BG_0033,0,Controlled_Background,25.142359,91.309892,2025-05-18,2025,5,2,West Khasi Block,"TRAIN_GEOGRAPHIC (Blocks 1, 2, 4)",1,West Khasi Block,2025
BG_0034,0,Controlled_Background,25.020839,91.547976,2014-05-12,2014,5,2,West Khasi Block,"TRAIN_GEOGRAPHIC (Blocks 1, 2, 4)",3,West Khasi Block,2014
BG_0035,0,Controlled_Background,25.0813,91.065217,2025-05-04,2025,5,2,West Khasi Block,"TRAIN_GEOGRAPHIC (Blocks 1, 2, 4)",0,West Khasi Block,2025
BG_0036,0,Controlled_Background,25.286487,91.172791,2022-05-01,2022,5,2,West Khasi Block,"TRAIN_GEOGRAPHIC (Blocks 1, 2, 4)",4,West Khasi Block,2022
BG_0037,0,Controlled_Background,25.180162,91.332142,2025-05-17,2025,5,2,West Khasi Block,"TRAIN_GEOGRAPHIC (Blocks 1, 2, 4)",2,West Khasi Block,2025
BG_0038,0,Controlled_Background,25.142359,91.309892,2022-05-19,2022,5,2,West Khasi Block,"TRAIN_GEOGRAPHIC (Blocks 1, 2, 4)",2,West Khasi Block,2022
BG_0039,0,Controlled_Background,25.079529,91.598117,2020-05-03,2020,5,2,West Khasi Block,"TRAIN_GEOGRAPHIC (Blocks 1, 2, 4)",0,West Khasi Block,2020
BG_0040,0,Controlled_Background,25.135063,91.33552,2023-06-04,2023,6,2,West Khasi Block,"TRAIN_GEOGRAPHIC (Blocks 1, 2, 4)",1,West Khasi Block,2023
BG_0041,0,Controlled_Background,25.271349,91.298615,2019-06-18,2019,6,2,West Khasi Block,"TRAIN_GEOGRAPHIC (Blocks 1, 2, 4)",2,West Khasi Block,2019
BG_0042,0,Controlled_Background,25.065328,91.542495,2012-06-03,2012,6,2,West Khasi Block,"TRAIN_GEOGRAPHIC (Blocks 1, 2, 4)",0,West Khasi Block,2012
BG_0043,0,Controlled_Background,25.055676,91.366561,2008-06-12,2008,6,2,West Khasi Block,"TRAIN_GEOGRAPHIC (Blocks 1, 2, 4)",4,West Khasi Block,2008
BG_0044,0,Controlled_Background,25.371144,91.236887,2010-06-18,2010,6,2,West Khasi Block,"TRAIN_GEOGRAPHIC (Blocks 1, 2, 4)",3,West Khasi Block,2010
BG_0045,0,Controlled_Background,25.056541,91.12744,2019-06-19,2019,6,2,West Khasi Block,"TRAIN_GEOGRAPHIC (Blocks 1, 2, 4)",4,West Khasi Block,2019
BG_0046,0,Controlled_Background,25.337171,91.067896,2013-06-29,2013,6,2,West Khasi Block,"TRAIN_GEOGRAPHIC (Blocks 1, 2, 4)",0,West Khasi Block,2013
BG_0047,0,Controlled_Background,25.292876,91.13217,2017-06-10,2017,6,2,West Khasi Block,"TRAIN_GEOGRAPHIC (Blocks 1, 2, 4)",1,West Khasi Block,2017
BG_0048,0,Controlled_Background,25.166293,91.105368,2010-06-13,2010,6,2,West Khasi Block,"TRAIN_GEOGRAPHIC (Blocks 1, 2, 4)",4,West Khasi Block,2010
BG_0049,0,Controlled_Background,25.035492,91.074262,2018-06-16,2018,6,2,West Khasi Block,"TRAIN_GEOGRAPHIC (Blocks 1, 2, 4)",4,West Khasi Block,2018
BG_0050,0,Controlled_Background,25.513681,91.576254,2018-06-09,2018,6,2,West Khasi Block,"TRAIN_GEOGRAPHIC (Blocks 1, 2, 4)",4,West Khasi Block,2018
BG_0051,0,Controlled_Background,25.636521,91.407566,2009-06-22,2009,6,2,West Khasi Block,"TRAIN_GEOGRAPHIC (Blocks 1, 2, 4)",4,West Khasi Block,2009
BG_0052,0,Controlled_Background,25.079529,91.598117,2010-06-09,2010,6,2,West Khasi Block,"TRAIN_GEOGRAPHIC (Blocks 1, 2, 4)",3,West Khasi Block,2010
BG_0053,0,Controlled_Background,25.368733,91.267886,2012-06-04,2012,6,2,West Khasi Block,"TRAIN_GEOGRAPHIC (Blocks 1, 2, 4)",1,West Khasi Block,2012
BG_0054,0,Controlled_Background,25.04898,91.204224,2025-06-05,2025,6,2,West Khasi Block,"TRAIN_GEOGRAPHIC (Blocks 1, 2, 4)",0,West Khasi Block,2025
BG_0055,0,Controlled_Background,25.193522,91.286547,2008-06-18,2008,6,2,West Khasi Block,"TRAIN_GEOGRAPHIC (Blocks 1, 2, 4)",2,West Khasi Block,2008
BG_0056,0,Controlled_Background,25.337506,91.391708,2009-06-24,2009,6,2,West Khasi Block,"TRAIN_GEOGRAPHIC (Blocks 1, 2, 4)",0,West Khasi Block,2009
BG_0057,0,Controlled_Background,25.119862,91.499834,2018-06-29,2018,6,2,West Khasi Block,"TRAIN_GEOGRAPHIC (Blocks 1, 2, 4)",3,West Khasi Block,2018
BG_0058,0,Controlled_Background,25.045998,91.110821,2023-06-02,2023,6,2,West Khasi Block,"TRAIN_GEOGRAPHIC (Blocks 1, 2, 4)",1,West Khasi Block,2023
BG_0059,0,Controlled_Background,25.035939,91.564893,2009-06-20,2009,6,2,West Khasi Block,"TRAIN_GEOGRAPHIC (Blocks 1, 2, 4)",2,West Khasi Block,2009
BG_0060,0,Controlled_Background,25.144465,91.595502,2008-06-20,2008,6,2,West Khasi Block,"TRAIN_GEOGRAPHIC (Blocks 1, 2, 4)",0,West Khasi Block,2008
BG_0061,0,Controlled_Background,25.192043,91.098581,2018-06-11,2018,6,2,West Khasi Block,"TRAIN_GEOGRAPHIC (Blocks 1, 2, 4)",2,West Khasi Block,2018
BG_0062,0,Controlled_Background,25.049304,91.054046,2017-06-13,2017,6,2,West Khasi Block,"TRAIN_GEOGRAPHIC (Blocks 1, 2, 4)",0,West Khasi Block,2017
BG_0063,0,Controlled_Background,25.145475,91.492806,2012-06-06,2012,6,2,West Khasi Block,"TRAIN_GEOGRAPHIC (Blocks 1, 2, 4)",3,West Khasi Block,2012
BG_0064,0,Controlled_Background,25.065231,91.334358,2017-06-01,2017,6,2,West Khasi Block,"TRAIN_GEOGRAPHIC (Blocks 1, 2, 4)",1,West Khasi Block,2017
BG_0065,0,Controlled_Background,25.371144,91.236887,2012-06-30,2012,6,2,West Khasi Block,"TRAIN_GEOGRAPHIC (Blocks 1, 2, 4)",1,West Khasi Block,2012
BG_0066,0,Controlled_Background,25.181852,91.544078,2008-06-13,2008,6,2,West Khasi Block,"TRAIN_GEOGRAPHIC (Blocks 1, 2, 4)",4,West Khasi Block,2008
BG_0067,0,Controlled_Background,25.507368,91.594325,2018-06-24,2018,6,2,West Khasi Block,"TRAIN_GEOGRAPHIC (Blocks 1, 2, 4)",2,West Khasi Block,2018
BG_0068,0,Controlled_Background,25.348439,91.171663,2011-06-17,2011,6,2,West Khasi Block,"TRAIN_GEOGRAPHIC (Blocks 1, 2, 4)",4,West Khasi Block,2011
BG_0069,0,Controlled_Background,25.103289,91.020818,2008-06-30,2008,6,2,West Khasi Block,"TRAIN_GEOGRAPHIC (Blocks 1, 2, 4)",0,West Khasi Block,2008
BG_0070,0,Controlled_Background,25.357398,91.368869,2023-06-05,2023,6,2,West Khasi Block,"TRAIN_GEOGRAPHIC (Blocks 1, 2, 4)",3,West Khasi Block,2023
BG_0071,0,Controlled_Background,25.334838,91.51627,2007-06-01,2007,6,2,West Khasi Block,"TRAIN_GEOGRAPHIC (Blocks 1, 2, 4)",0,West Khasi Block,2007
BG_0072,0,Controlled_Background,25.131813,91.454275,2026-06-28,2026,6,2,West Khasi Block,"TRAIN_GEOGRAPHIC (Blocks 1, 2, 4)",3,West Khasi Block,2026
BG_0073,0,Controlled_Background,25.166807,91.317831,2023-06-22,2023,6,2,West Khasi Block,"TRAIN_GEOGRAPHIC (Blocks 1, 2, 4)",1,West Khasi Block,2023
BG_0074,0,Controlled_Background,25.046767,91.462329,2007-06-12,2007,6,2,West Khasi Block,"TRAIN_GEOGRAPHIC (Blocks 1, 2, 4)",1,West Khasi Block,2007
BG_0075,0,Controlled_Background,25.106172,91.074807,2020-06-03,2020,6,2,West Khasi Block,"TRAIN_GEOGRAPHIC (Blocks 1, 2, 4)",3,West Khasi Block,2020
BG_0076,0,Controlled_Background,25.634009,91.428339,2023-06-02,2023,6,2,West Khasi Block,"TRAIN_GEOGRAPHIC (Blocks 1, 2, 4)",2,West Khasi Block,2023
BG_0077,0,Controlled_Background,25.155662,91.076263,2010-06-20,2010,6,2,West Khasi Block,"TRAIN_GEOGRAPHIC (Blocks 1, 2, 4)",2,West Khasi Block,2010
BG_0078,0,Controlled_Background,25.103289,91.020818,2018-06-18,2018,6,2,West Khasi Block,"TRAIN_GEOGRAPHIC (Blocks 1, 2, 4)",0,West Khasi Block,2018
BG_0079,0,Controlled_Background,25.519927,91.361853,2014-06-09,2014,6,2,West Khasi Block,"TRAIN_GEOGRAPHIC (Blocks 1, 2, 4)",4,West Khasi Block,2014
BG_0080,0,Controlled_Background,25.368733,91.267886,2026-06-02,2026,6,2,West Khasi Block,"TRAIN_GEOGRAPHIC (Blocks 1, 2, 4)",3,West Khasi Block,2026
BG_0081,0,Controlled_Background,25.171702,91.009248,2022-06-28,2022,6,2,West Khasi Block,"TRAIN_GEOGRAPHIC (Blocks 1, 2, 4)",3,West Khasi Block,2022
BG_0082,0,Controlled_Background,25.137296,91.24202,2018-06-28,2018,6,2,West Khasi Block,"TRAIN_GEOGRAPHIC (Blocks 1, 2, 4)",1,West Khasi Block,2018
BG_0083,0,Controlled_Background,25.245446,91.281753,2018-06-04,2018,6,2,West Khasi Block,"TRAIN_GEOGRAPHIC (Blocks 1, 2, 4)",1,West Khasi Block,2018
BG_0084,0,Controlled_Background,25.039475,91.498995,2023-06-21,2023,6,2,West Khasi Block,"TRAIN_GEOGRAPHIC (Blocks 1, 2, 4)",2,West Khasi Block,2023
BG_0085,0,Controlled_Background,25.144465,91.595502,2023-06-29,2023,6,2,West Khasi Block,"TRAIN_GEOGRAPHIC (Blocks 1, 2, 4)",0,West Khasi Block,2023
BG_0086,0,Controlled_Background,25.030593,91.445338,2009-06-04,2009,6,2,West Khasi Block,"TRAIN_GEOGRAPHIC (Blocks 1, 2, 4)",2,West Khasi Block,2009
BG_0087,0,Controlled_Background,25.229502,91.310569,2022-06-02,2022,6,2,West Khasi Block,"TRAIN_GEOGRAPHIC (Blocks 1, 2, 4)",2,West Khasi Block,2022
BG_0088,0,Controlled_Background,25.334838,91.51627,2022-07-06,2022,7,2,West Khasi Block,"TRAIN_GEOGRAPHIC (Blocks 1, 2, 4)",0,West Khasi Block,2022
BG_0089,0,Controlled_Background,25.152962,91.2741,2020-07-05,2020,7,2,West Khasi Block,"TRAIN_GEOGRAPHIC (Blocks 1, 2, 4)",4,West Khasi Block,2020
BG_0090,0,Controlled_Background,25.041187,91.517576,2022-07-02,2022,7,2,West Khasi Block,"TRAIN_GEOGRAPHIC (Blocks 1, 2, 4)",1,West Khasi Block,2022
BG_0091,0,Controlled_Background,25.119198,91.157307,2014-07-24,2014,7,2,West Khasi Block,"TRAIN_GEOGRAPHIC (Blocks 1, 2, 4)",1,West Khasi Block,2014
BG_0092,0,Controlled_Background,25.58672,91.547185,2024-07-24,2024,7,2,West Khasi Block,"TRAIN_GEOGRAPHIC (Blocks 1, 2, 4)",4,West Khasi Block,2024
BG_0093,0,Controlled_Background,25.18695,91.049248,2009-07-26,2009,7,2,West Khasi Block,"TRAIN_GEOGRAPHIC (Blocks 1, 2, 4)",1,West Khasi Block,2009
BG_0094,0,Controlled_Background,25.119495,91.116844,2014-07-07,2014,7,2,West Khasi Block,"TRAIN_GEOGRAPHIC (Blocks 1, 2, 4)",2,West Khasi Block,2014
BG_0095,0,Controlled_Background,25.499945,91.596278,2009-07-22,2009,7,2,West Khasi Block,"TRAIN_GEOGRAPHIC (Blocks 1, 2, 4)",0,West Khasi Block,2009
BG_0096,0,Controlled_Background,25.324492,91.152979,2017-07-14,2017,7,2,West Khasi Block,"TRAIN_GEOGRAPHIC (Blocks 1, 2, 4)",0,West Khasi Block,2017
BG_0097,0,Controlled_Background,25.425892,91.077223,2017-07-11,2017,7,2,West Khasi Block,"TRAIN_GEOGRAPHIC (Blocks 1, 2, 4)",0,West Khasi Block,2017
BG_0098,0,Controlled_Background,25.079689,91.482769,2018-07-27,2018,7,2,West Khasi Block,"TRAIN_GEOGRAPHIC (Blocks 1, 2, 4)",0,West Khasi Block,2018
BG_0099,0,Controlled_Background,25.147489,91.13436,2026-07-28,2026,7,2,West Khasi Block,"TRAIN_GEOGRAPHIC (Blocks 1, 2, 4)",4,West Khasi Block,2026
BG_0100,0,Controlled_Background,25.078247,91.375467,2020-07-22,2020,7,2,West Khasi Block,"TRAIN_GEOGRAPHIC (Blocks 1, 2, 4)",1,West Khasi Block,2020
BG_0101,0,Controlled_Background,25.137296,91.24202,2012-07-15,2012,7,2,West Khasi Block,"TRAIN_GEOGRAPHIC (Blocks 1, 2, 4)",4,West Khasi Block,2012
BG_0102,0,Controlled_Background,25.585913,91.340426,2017-07-05,2017,7,2,West Khasi Block,"TRAIN_GEOGRAPHIC (Blocks 1, 2, 4)",3,West Khasi Block,2017
BG_0103,0,Controlled_Background,25.547641,91.539626,2013-07-21,2013,7,2,West Khasi Block,"TRAIN_GEOGRAPHIC (Blocks 1, 2, 4)",3,West Khasi Block,2013
BG_0104,0,Controlled_Background,25.145475,91.492806,2022-07-08,2022,7,2,West Khasi Block,"TRAIN_GEOGRAPHIC (Blocks 1, 2, 4)",3,West Khasi Block,2022
BG_0105,0,Controlled_Background,25.612749,91.441895,2008-07-17,2008,7,2,West Khasi Block,"TRAIN_GEOGRAPHIC (Blocks 1, 2, 4)",3,West Khasi Block,2008
BG_0106,0,Controlled_Background,25.371144,91.236887,2020-07-18,2020,7,2,West Khasi Block,"TRAIN_GEOGRAPHIC (Blocks 1, 2, 4)",0,West Khasi Block,2020
BG_0107,0,Controlled_Background,25.608568,91.270773,2014-07-22,2014,7,2,West Khasi Block,"TRAIN_GEOGRAPHIC (Blocks 1, 2, 4)",3,West Khasi Block,2014
BG_0108,0,Controlled_Background,25.3281,91.251576,2020-07-23,2020,7,2,West Khasi Block,"TRAIN_GEOGRAPHIC (Blocks 1, 2, 4)",4,West Khasi Block,2020
BG_0109,0,Controlled_Background,25.241719,91.25706,2023-07-12,2023,7,2,West Khasi Block,"TRAIN_GEOGRAPHIC (Blocks 1, 2, 4)",4,West Khasi Block,2023
BG_0110,0,Controlled_Background,25.123196,91.274193,2013-07-01,2013,7,2,West Khasi Block,"TRAIN_GEOGRAPHIC (Blocks 1, 2, 4)",4,West Khasi Block,2013
BG_0111,0,Controlled_Background,25.077919,91.327956,2025-07-30,2025,7,2,West Khasi Block,"TRAIN_GEOGRAPHIC (Blocks 1, 2, 4)",1,West Khasi Block,2025
BG_0112,0,Controlled_Background,25.507368,91.594325,2010-07-03,2010,7,2,West Khasi Block,"TRAIN_GEOGRAPHIC (Blocks 1, 2, 4)",2,West Khasi Block,2010
BG_0113,0,Controlled_Background,25.486853,91.058927,2022-07-24,2022,7,2,West Khasi Block,"TRAIN_GEOGRAPHIC (Blocks 1, 2, 4)",3,West Khasi Block,2022
BG_0114,0,Controlled_Background,25.049806,91.252973,2010-07-25,2010,7,2,West Khasi Block,"TRAIN_GEOGRAPHIC (Blocks 1, 2, 4)",1,West Khasi Block,2010
BG_0115,0,Controlled_Background,25.035005,91.443079,2018-07-14,2018,7,2,West Khasi Block,"TRAIN_GEOGRAPHIC (Blocks 1, 2, 4)",2,West Khasi Block,2018
BG_0116,0,Controlled_Background,25.057135,91.421284,2010-07-09,2010,7,2,West Khasi Block,"TRAIN_GEOGRAPHIC (Blocks 1, 2, 4)",3,West Khasi Block,2010
BG_0117,0,Controlled_Background,25.090262,91.37725,2014-07-15,2014,7,2,West Khasi Block,"TRAIN_GEOGRAPHIC (Blocks 1, 2, 4)",2,West Khasi Block,2014
BG_0118,0,Controlled_Background,25.094251,91.347552,2019-07-02,2019,7,2,West Khasi Block,"TRAIN_GEOGRAPHIC (Blocks 1, 2, 4)",1,West Khasi Block,2019
BG_0119,0,Controlled_Background,25.364193,91.168055,2007-07-11,2007,7,2,West Khasi Block,"TRAIN_GEOGRAPHIC (Blocks 1, 2, 4)",2,West Khasi Block,2007
BG_0120,0,Controlled_Background,25.627876,91.35832,2026-07-25,2026,7,2,West Khasi Block,"TRAIN_GEOGRAPHIC (Blocks 1, 2, 4)",0,West Khasi Block,2026
BG_0121,0,Controlled_Background,25.040007,91.135221,2010-07-15,2010,7,2,West Khasi Block,"TRAIN_GEOGRAPHIC (Blocks 1, 2, 4)",1,West Khasi Block,2010
BG_0122,0,Controlled_Background,25.288643,91.118293,2010-07-02,2010,7,2,West Khasi Block,"TRAIN_GEOGRAPHIC (Blocks 1, 2, 4)",0,West Khasi Block,2010
BG_0123,0,Controlled_Background,25.281695,91.062907,2012-07-11,2012,7,2,West Khasi Block,"TRAIN_GEOGRAPHIC (Blocks 1, 2, 4)",4,West Khasi Block,2012
BG_0124,0,Controlled_Background,25.627876,91.35832,2020-07-11,2020,7,2,West Khasi Block,"TRAIN_GEOGRAPHIC (Blocks 1, 2, 4)",2,West Khasi Block,2020
BG_0125,0,Controlled_Background,25.441924,91.271788,2024-07-22,2024,7,2,West Khasi Block,"TRAIN_GEOGRAPHIC (Blocks 1, 2, 4)",3,West Khasi Block,2024
BG_0126,0,Controlled_Background,25.5353,91.165253,2018-07-31,2018,7,2,West Khasi Block,"TRAIN_GEOGRAPHIC (Blocks 1, 2, 4)",2,West Khasi Block,2018
BG_0127,0,Controlled_Background,25.142359,91.309892,2009-07-11,2009,7,2,West Khasi Block,"TRAIN_GEOGRAPHIC (Blocks 1, 2, 4)",1,West Khasi Block,2009
BG_0128,0,Controlled_Background,25.575114,91.488308,2020-07-27,2020,7,2,West Khasi Block,"TRAIN_GEOGRAPHIC (Blocks 1, 2, 4)",2,West Khasi Block,2020
BG_0129,0,Controlled_Background,25.022036,91.593946,2020-07-28,2020,7,2,West Khasi Block,"TRAIN_GEOGRAPHIC (Blocks 1, 2, 4)",0,West Khasi Block,2020
BG_0130,0,Controlled_Background,25.071597,91.032954,2010-08-09,2010,8,2,West Khasi Block,"TRAIN_GEOGRAPHIC (Blocks 1, 2, 4)",4,West Khasi Block,2010
BG_0131,0,Controlled_Background,25.59542,91.574845,2013-08-15,2013,8,2,West Khasi Block,"TRAIN_GEOGRAPHIC (Blocks 1, 2, 4)",0,West Khasi Block,2013
BG_0132,0,Controlled_Background,25.159988,91.572207,2009-08-21,2009,8,2,West Khasi Block,"TRAIN_GEOGRAPHIC (Blocks 1, 2, 4)",2,West Khasi Block,2009
BG_0133,0,Controlled_Background,25.249251,91.268736,2013-08-10,2013,8,2,West Khasi Block,"TRAIN_GEOGRAPHIC (Blocks 1, 2, 4)",4,West Khasi Block,2013
BG_0134,0,Controlled_Background,25.065765,91.374152,2011-08-30,2011,8,2,West Khasi Block,"TRAIN_GEOGRAPHIC (Blocks 1, 2, 4)",0,West Khasi Block,2011
BG_0135,0,Controlled_Background,25.18695,91.049248,2025-08-04,2025,8,2,West Khasi Block,"TRAIN_GEOGRAPHIC (Blocks 1, 2, 4)",1,West Khasi Block,2025
BG_0136,0,Controlled_Background,25.441924,91.271788,2025-08-12,2025,8,2,West Khasi Block,"TRAIN_GEOGRAPHIC (Blocks 1, 2, 4)",2,West Khasi Block,2025
BG_0137,0,Controlled_Background,25.09806,91.388893,2019-08-19,2019,8,2,West Khasi Block,"TRAIN_GEOGRAPHIC (Blocks 1, 2, 4)",3,West Khasi Block,2019
BG_0138,0,Controlled_Background,25.484856,91.049031,2024-08-13,2024,8,2,West Khasi Block,"TRAIN_GEOGRAPHIC (Blocks 1, 2, 4)",0,West Khasi Block,2024
BG_0139,0,Controlled_Background,25.020658,91.415416,2007-08-29,2007,8,2,West Khasi Block,"TRAIN_GEOGRAPHIC (Blocks 1, 2, 4)",4,West Khasi Block,2007
BG_0140,0,Controlled_Background,25.157714,91.475917,2025-08-14,2025,8,2,West Khasi Block,"TRAIN_GEOGRAPHIC (Blocks 1, 2, 4)",1,West Khasi Block,2025
BG_0141,0,Controlled_Background,25.547641,91.539626,2014-08-14,2014,8,2,West Khasi Block,"TRAIN_GEOGRAPHIC (Blocks 1, 2, 4)",3,West Khasi Block,2014
BG_0142,0,Controlled_Background,25.106172,91.074807,2018-08-14,2018,8,2,West Khasi Block,"TRAIN_GEOGRAPHIC (Blocks 1, 2, 4)",2,West Khasi Block,2018
BG_0143,0,Controlled_Background,25.561714,91.178587,2024-08-14,2024,8,2,West Khasi Block,"TRAIN_GEOGRAPHIC (Blocks 1, 2, 4)",0,West Khasi Block,2024
BG_0144,0,Controlled_Background,25.065328,91.542495,2008-08-02,2008,8,2,West Khasi Block,"TRAIN_GEOGRAPHIC (Blocks 1, 2, 4)",3,West Khasi Block,2008
BG_0145,0,Controlled_Background,25.192017,91.015123,2008-08-21,2008,8,2,West Khasi Block,"TRAIN_GEOGRAPHIC (Blocks 1, 2, 4)",2,West Khasi Block,2008
BG_0146,0,Controlled_Background,25.561714,91.178587,2024-08-02,2024,8,2,West Khasi Block,"TRAIN_GEOGRAPHIC (Blocks 1, 2, 4)",1,West Khasi Block,2024
BG_0147,0,Controlled_Background,25.119603,91.350985,2012-08-27,2012,8,2,West Khasi Block,"TRAIN_GEOGRAPHIC (Blocks 1, 2, 4)",4,West Khasi Block,2012
BG_0148,0,Controlled_Background,25.096707,91.288024,2012-08-06,2012,8,2,West Khasi Block,"TRAIN_GEOGRAPHIC (Blocks 1, 2, 4)",2,West Khasi Block,2012
BG_0149,0,Controlled_Background,25.336189,91.518659,2019-08-02,2019,8,2,West Khasi Block,"TRAIN_GEOGRAPHIC (Blocks 1, 2, 4)",1,West Khasi Block,2019
BG_0150,0,Controlled_Background,25.098542,91.052219,2022-08-14,2022,8,2,West Khasi Block,"TRAIN_GEOGRAPHIC (Blocks 1, 2, 4)",3,West Khasi Block,2022
BG_0151,0,Controlled_Background,25.606269,91.415416,2023-08-27,2023,8,2,West Khasi Block,"TRAIN_GEOGRAPHIC (Blocks 1, 2, 4)",0,West Khasi Block,2023
BG_0152,0,Controlled_Background,25.589994,91.447089,2010-08-17,2010,8,2,West Khasi Block,"TRAIN_GEOGRAPHIC (Blocks 1, 2, 4)",3,West Khasi Block,2010
BG_0153,0,Controlled_Background,25.020054,91.565181,2013-08-02,2013,8,2,West Khasi Block,"TRAIN_GEOGRAPHIC (Blocks 1, 2, 4)",1,West Khasi Block,2013
BG_0154,0,Controlled_Background,25.444208,91.921704,2017-04-29,2017,4,3,East Khasi Block,HOLDOUT_TEST_GEOGRAPHIC (Block 3 East Khasi),1,East Khasi Block,2017
BG_0155,0,Controlled_Background,25.164052,91.796596,2014-04-06,2014,4,3,East Khasi Block,HOLDOUT_TEST_GEOGRAPHIC (Block 3 East Khasi),0,East Khasi Block,2014
BG_0156,0,Controlled_Background,25.214005,91.821303,2023-04-04,2023,4,3,East Khasi Block,HOLDOUT_TEST_GEOGRAPHIC (Block 3 East Khasi),2,East Khasi Block,2023
BG_0157,0,Controlled_Background,25.032595,91.985236,2011-04-10,2011,4,3,East Khasi Block,HOLDOUT_TEST_GEOGRAPHIC (Block 3 East Khasi),2,East Khasi Block,2011
BG_0158,0,Controlled_Background,25.084941,91.980842,2009-04-23,2009,4,3,East Khasi Block,HOLDOUT_TEST_GEOGRAPHIC (Block 3 East Khasi),2,East Khasi Block,2009
BG_0159,0,Controlled_Background,25.171018,91.914004,2025-04-09,2025,4,3,East Khasi Block,HOLDOUT_TEST_GEOGRAPHIC (Block 3 East Khasi),4,East Khasi Block,2025
BG_0160,0,Controlled_Background,25.644156,91.818744,2012-04-02,2012,4,3,East Khasi Block,HOLDOUT_TEST_GEOGRAPHIC (Block 3 East Khasi),2,East Khasi Block,2012
BG_0161,0,Controlled_Background,25.630693,91.982293,2018-04-24,2018,4,3,East Khasi Block,HOLDOUT_TEST_GEOGRAPHIC (Block 3 East Khasi),0,East Khasi Block,2018
BG_0162,0,Controlled_Background,25.156572,91.719943,2025-04-29,2025,4,3,East Khasi Block,HOLDOUT_TEST_GEOGRAPHIC (Block 3 East Khasi),0,East Khasi Block,2025
BG_0163,0,Controlled_Background,25.119844,91.87233,2018-04-22,2018,4,3,East Khasi Block,HOLDOUT_TEST_GEOGRAPHIC (Block 3 East Khasi),3,East Khasi Block,2018
BG_0164,0,Controlled_Background,25.045952,91.820672,2019-04-13,2019,4,3,East Khasi Block,HOLDOUT_TEST_GEOGRAPHIC (Block 3 East Khasi),3,East Khasi Block,2019
BG_0165,0,Controlled_Background,25.119844,91.87233,2026-04-12,2026,4,3,East Khasi Block,HOLDOUT_TEST_GEOGRAPHIC (Block 3 East Khasi),1,East Khasi Block,2026
BG_0166,0,Controlled_Background,25.281815,91.875349,2007-04-07,2007,4,3,East Khasi Block,HOLDOUT_TEST_GEOGRAPHIC (Block 3 East Khasi),1,East Khasi Block,2007
BG_0167,0,Controlled_Background,25.062067,91.822761,2011-04-04,2011,4,3,East Khasi Block,HOLDOUT_TEST_GEOGRAPHIC (Block 3 East Khasi),0,East Khasi Block,2011
BG_0168,0,Controlled_Background,25.067417,91.793781,2008-04-19,2008,4,3,East Khasi Block,HOLDOUT_TEST_GEOGRAPHIC (Block 3 East Khasi),3,East Khasi Block,2008
BG_0169,0,Controlled_Background,25.597442,91.805083,2013-04-21,2013,4,3,East Khasi Block,HOLDOUT_TEST_GEOGRAPHIC (Block 3 East Khasi),4,East Khasi Block,2013
BG_0170,0,Controlled_Background,25.214005,91.821303,2008-04-04,2008,4,3,East Khasi Block,HOLDOUT_TEST_GEOGRAPHIC (Block 3 East Khasi),1,East Khasi Block,2008
BG_0171,0,Controlled_Background,25.635083,91.719125,2008-04-08,2008,4,3,East Khasi Block,HOLDOUT_TEST_GEOGRAPHIC (Block 3 East Khasi),4,East Khasi Block,2008
BG_0172,0,Controlled_Background,25.056927,91.665626,2013-05-16,2013,5,3,East Khasi Block,HOLDOUT_TEST_GEOGRAPHIC (Block 3 East Khasi),3,East Khasi Block,2013
BG_0173,0,Controlled_Background,25.60163,91.765578,2010-05-15,2010,5,3,East Khasi Block,HOLDOUT_TEST_GEOGRAPHIC (Block 3 East Khasi),0,East Khasi Block,2010
BG_0174,0,Controlled_Background,25.235437,91.729564,2019-05-11,2019,5,3,East Khasi Block,HOLDOUT_TEST_GEOGRAPHIC (Block 3 East Khasi),0,East Khasi Block,2019
BG_0175,0,Controlled_Background,25.601689,91.985345,2019-05-02,2019,5,3,East Khasi Block,HOLDOUT_TEST_GEOGRAPHIC (Block 3 East Khasi),0,East Khasi Block,2019
BG_0176,0,Controlled_Background,25.095451,91.866714,2014-05-02,2014,5,3,East Khasi Block,HOLDOUT_TEST_GEOGRAPHIC (Block 3 East Khasi),3,East Khasi Block,2014
BG_0177,0,Controlled_Background,25.095659,91.785502,2009-05-05,2009,5,3,East Khasi Block,HOLDOUT_TEST_GEOGRAPHIC (Block 3 East Khasi),1,East Khasi Block,2009
BG_0178,0,Controlled_Background,25.50476,91.670089,2013-05-18,2013,5,3,East Khasi Block,HOLDOUT_TEST_GEOGRAPHIC (Block 3 East Khasi),2,East Khasi Block,2013
BG_0179,0,Controlled_Background,25.205176,91.859006,2012-05-28,2012,5,3,East Khasi Block,HOLDOUT_TEST_GEOGRAPHIC (Block 3 East Khasi),3,East Khasi Block,2012
BG_0180,0,Controlled_Background,25.246654,91.627253,2009-05-24,2009,5,3,East Khasi Block,HOLDOUT_TEST_GEOGRAPHIC (Block 3 East Khasi),2,East Khasi Block,2009
BG_0181,0,Controlled_Background,25.10814,91.779522,2025-05-07,2025,5,3,East Khasi Block,HOLDOUT_TEST_GEOGRAPHIC (Block 3 East Khasi),0,East Khasi Block,2025
BG_0182,0,Controlled_Background,25.131792,91.955471,2014-05-19,2014,5,3,East Khasi Block,HOLDOUT_TEST_GEOGRAPHIC (Block 3 East Khasi),0,East Khasi Block,2014
BG_0183,0,Controlled_Background,25.235239,91.81435,2011-05-20,2011,5,3,East Khasi Block,HOLDOUT_TEST_GEOGRAPHIC (Block 3 East Khasi),0,East Khasi Block,2011
BG_0184,0,Controlled_Background,25.444208,91.921704,2011-05-11,2011,5,3,East Khasi Block,HOLDOUT_TEST_GEOGRAPHIC (Block 3 East Khasi),0,East Khasi Block,2011
BG_0185,0,Controlled_Background,25.185316,91.934099,2017-05-02,2017,5,3,East Khasi Block,HOLDOUT_TEST_GEOGRAPHIC (Block 3 East Khasi),4,East Khasi Block,2017
BG_0186,0,Controlled_Background,25.117411,91.648346,2011-05-29,2011,5,3,East Khasi Block,HOLDOUT_TEST_GEOGRAPHIC (Block 3 East Khasi),0,East Khasi Block,2011
BG_0187,0,Controlled_Background,25.243941,91.692949,2013-05-06,2013,5,3,East Khasi Block,HOLDOUT_TEST_GEOGRAPHIC (Block 3 East Khasi),1,East Khasi Block,2013
BG_0188,0,Controlled_Background,25.601126,91.819667,2023-05-11,2023,5,3,East Khasi Block,HOLDOUT_TEST_GEOGRAPHIC (Block 3 East Khasi),1,East Khasi Block,2023
BG_0189,0,Controlled_Background,25.591619,91.751572,2008-05-01,2008,5,3,East Khasi Block,HOLDOUT_TEST_GEOGRAPHIC (Block 3 East Khasi),0,East Khasi Block,2008
BG_0190,0,Controlled_Background,25.553656,91.69185,2013-05-22,2013,5,3,East Khasi Block,HOLDOUT_TEST_GEOGRAPHIC (Block 3 East Khasi),4,East Khasi Block,2013
BG_0191,0,Controlled_Background,25.115627,91.863293,2014-05-24,2014,5,3,East Khasi Block,HOLDOUT_TEST_GEOGRAPHIC (Block 3 East Khasi),1,East Khasi Block,2014
BG_0192,0,Controlled_Background,25.573913,91.974746,2017-05-27,2017,5,3,East Khasi Block,HOLDOUT_TEST_GEOGRAPHIC (Block 3 East Khasi),2,East Khasi Block,2017
BG_0193,0,Controlled_Background,25.156572,91.719943,2024-05-17,2024,5,3,East Khasi Block,HOLDOUT_TEST_GEOGRAPHIC (Block 3 East Khasi),2,East Khasi Block,2024
BG_0194,0,Controlled_Background,25.178088,91.646453,2008-05-08,2008,5,3,East Khasi Block,HOLDOUT_TEST_GEOGRAPHIC (Block 3 East Khasi),3,East Khasi Block,2008
BG_0195,0,Controlled_Background,25.51363,91.874632,2018-05-18,2018,5,3,East Khasi Block,HOLDOUT_TEST_GEOGRAPHIC (Block 3 East Khasi),4,East Khasi Block,2018
BG_0196,0,Controlled_Background,25.498372,91.627845,2023-05-01,2023,5,3,East Khasi Block,HOLDOUT_TEST_GEOGRAPHIC (Block 3 East Khasi),0,East Khasi Block,2023
BG_0197,0,Controlled_Background,25.172345,91.963438,2011-05-14,2011,5,3,East Khasi Block,HOLDOUT_TEST_GEOGRAPHIC (Block 3 East Khasi),3,East Khasi Block,2011
BG_0198,0,Controlled_Background,25.19079,91.908497,2014-05-22,2014,5,3,East Khasi Block,HOLDOUT_TEST_GEOGRAPHIC (Block 3 East Khasi),3,East Khasi Block,2014
BG_0199,0,Controlled_Background,25.22398,91.93848,2018-05-31,2018,5,3,East Khasi Block,HOLDOUT_TEST_GEOGRAPHIC (Block 3 East Khasi),3,East Khasi Block,2018
BG_0200,0,Controlled_Background,25.194832,91.958082,2007-05-18,2007,5,3,East Khasi Block,HOLDOUT_TEST_GEOGRAPHIC (Block 3 East Khasi),1,East Khasi Block,2007
BG_0201,0,Controlled_Background,25.094259,91.885315,2009-05-23,2009,5,3,East Khasi Block,HOLDOUT_TEST_GEOGRAPHIC (Block 3 East Khasi),4,East Khasi Block,2009
BG_0202,0,Controlled_Background,25.120622,91.614187,2025-05-11,2025,5,3,East Khasi Block,HOLDOUT_TEST_GEOGRAPHIC (Block 3 East Khasi),4,East Khasi Block,2025
BG_0203,0,Controlled_Background,25.118319,91.777038,2022-05-12,2022,5,3,East Khasi Block,HOLDOUT_TEST_GEOGRAPHIC (Block 3 East Khasi),0,East Khasi Block,2022
BG_0204,0,Controlled_Background,25.055098,91.676145,2007-05-12,2007,5,3,East Khasi Block,HOLDOUT_TEST_GEOGRAPHIC (Block 3 East Khasi),4,East Khasi Block,2007
BG_0205,0,Controlled_Background,25.165616,91.683066,2024-05-22,2024,5,3,East Khasi Block,HOLDOUT_TEST_GEOGRAPHIC (Block 3 East Khasi),4,East Khasi Block,2024
BG_0206,0,Controlled_Background,25.032595,91.985236,2018-05-25,2018,5,3,East Khasi Block,HOLDOUT_TEST_GEOGRAPHIC (Block 3 East Khasi),3,East Khasi Block,2018
BG_0207,0,Controlled_Background,25.311586,91.652356,2013-05-21,2013,5,3,East Khasi Block,HOLDOUT_TEST_GEOGRAPHIC (Block 3 East Khasi),1,East Khasi Block,2013
BG_0208,0,Controlled_Background,25.251921,91.696194,2011-05-09,2011,5,3,East Khasi Block,HOLDOUT_TEST_GEOGRAPHIC (Block 3 East Khasi),2,East Khasi Block,2011
BG_0209,0,Controlled_Background,25.118544,91.870784,2009-05-27,2009,5,3,East Khasi Block,HOLDOUT_TEST_GEOGRAPHIC (Block 3 East Khasi),1,East Khasi Block,2009
BG_0210,0,Controlled_Background,25.311586,91.652356,2014-05-08,2014,5,3,East Khasi Block,HOLDOUT_TEST_GEOGRAPHIC (Block 3 East Khasi),2,East Khasi Block,2014
BG_0211,0,Controlled_Background,25.118113,91.78821,2017-05-27,2017,5,3,East Khasi Block,HOLDOUT_TEST_GEOGRAPHIC (Block 3 East Khasi),3,East Khasi Block,2017
BG_0212,0,Controlled_Background,25.025085,91.988208,2025-05-12,2025,5,3,East Khasi Block,HOLDOUT_TEST_GEOGRAPHIC (Block 3 East Khasi),2,East Khasi Block,2025
BG_0213,0,Controlled_Background,25.056927,91.665626,2024-05-17,2024,5,3,East Khasi Block,HOLDOUT_TEST_GEOGRAPHIC (Block 3 East Khasi),1,East Khasi Block,2024
BG_0214,0,Controlled_Background,25.573084,91.727752,2010-05-02,2010,5,3,East Khasi Block,HOLDOUT_TEST_GEOGRAPHIC (Block 3 East Khasi),4,East Khasi Block,2010
BG_0215,0,Controlled_Background,25.477473,91.943013,2023-05-05,2023,5,3,East Khasi Block,HOLDOUT_TEST_GEOGRAPHIC (Block 3 East Khasi),2,East Khasi Block,2023
BG_0216,0,Controlled_Background,25.045952,91.820672,2019-05-23,2019,5,3,East Khasi Block,HOLDOUT_TEST_GEOGRAPHIC (Block 3 East Khasi),4,East Khasi Block,2019
BG_0217,0,Controlled_Background,25.118428,91.991741,2024-05-13,2024,5,3,East Khasi Block,HOLDOUT_TEST_GEOGRAPHIC (Block 3 East Khasi),4,East Khasi Block,2024
BG_0218,0,Controlled_Background,25.055098,91.676145,2025-05-16,2025,5,3,East Khasi Block,HOLDOUT_TEST_GEOGRAPHIC (Block 3 East Khasi),0,East Khasi Block,2025
BG_0219,0,Controlled_Background,25.039789,91.987193,2012-05-23,2012,5,3,East Khasi Block,HOLDOUT_TEST_GEOGRAPHIC (Block 3 East Khasi),3,East Khasi Block,2012
BG_0220,0,Controlled_Background,25.648318,91.818977,2017-05-27,2017,5,3,East Khasi Block,HOLDOUT_TEST_GEOGRAPHIC (Block 3 East Khasi),2,East Khasi Block,2017
BG_0221,0,Controlled_Background,25.164052,91.796596,2024-05-04,2024,5,3,East Khasi Block,HOLDOUT_TEST_GEOGRAPHIC (Block 3 East Khasi),2,East Khasi Block,2024
BG_0222,0,Controlled_Background,25.056927,91.665626,2023-05-30,2023,5,3,East Khasi Block,HOLDOUT_TEST_GEOGRAPHIC (Block 3 East Khasi),1,East Khasi Block,2023
BG_0223,0,Controlled_Background,25.221601,91.931666,2020-05-14,2020,5,3,East Khasi Block,HOLDOUT_TEST_GEOGRAPHIC (Block 3 East Khasi),4,East Khasi Block,2020
BG_0224,0,Controlled_Background,25.118745,91.766169,2011-05-13,2011,5,3,East Khasi Block,HOLDOUT_TEST_GEOGRAPHIC (Block 3 East Khasi),1,East Khasi Block,2011
BG_0225,0,Controlled_Background,25.144112,91.931735,2007-05-19,2007,5,3,East Khasi Block,HOLDOUT_TEST_GEOGRAPHIC (Block 3 East Khasi),3,East Khasi Block,2007
BG_0226,0,Controlled_Background,25.513586,91.649862,2024-05-09,2024,5,3,East Khasi Block,HOLDOUT_TEST_GEOGRAPHIC (Block 3 East Khasi),1,East Khasi Block,2024
BG_0227,0,Controlled_Background,25.210431,91.894467,2007-05-28,2007,5,3,East Khasi Block,HOLDOUT_TEST_GEOGRAPHIC (Block 3 East Khasi),1,East Khasi Block,2007
BG_0228,0,Controlled_Background,25.117411,91.648346,2026-05-11,2026,5,3,East Khasi Block,HOLDOUT_TEST_GEOGRAPHIC (Block 3 East Khasi),2,East Khasi Block,2026
BG_0229,0,Controlled_Background,25.513586,91.649862,2018-06-02,2018,6,3,East Khasi Block,HOLDOUT_TEST_GEOGRAPHIC (Block 3 East Khasi),0,East Khasi Block,2018
BG_0230,0,Controlled_Background,25.10814,91.779522,2017-06-28,2017,6,3,East Khasi Block,HOLDOUT_TEST_GEOGRAPHIC (Block 3 East Khasi),1,East Khasi Block,2017
BG_0231,0,Controlled_Background,25.573084,91.727752,2008-06-01,2008,6,3,East Khasi Block,HOLDOUT_TEST_GEOGRAPHIC (Block 3 East Khasi),4,East Khasi Block,2008
BG_0232,0,Controlled_Background,25.573913,91.974746,2020-06-20,2020,6,3,East Khasi Block,HOLDOUT_TEST_GEOGRAPHIC (Block 3 East Khasi),2,East Khasi Block,2020
BG_0233,0,Controlled_Background,25.299029,91.626204,2019-06-03,2019,6,3,East Khasi Block,HOLDOUT_TEST_GEOGRAPHIC (Block 3 East Khasi),3,East Khasi Block,2019
BG_0234,0,Controlled_Background,25.153765,91.948935,2007-06-11,2007,6,3,East Khasi Block,HOLDOUT_TEST_GEOGRAPHIC (Block 3 East Khasi),0,East Khasi Block,2007
BG_0235,0,Controlled_Background,25.299029,91.626204,2020-06-20,2020,6,3,East Khasi Block,HOLDOUT_TEST_GEOGRAPHIC (Block 3 East Khasi),2,East Khasi Block,2020
BG_0236,0,Controlled_Background,25.217276,91.6601,2007-06-30,2007,6,3,East Khasi Block,HOLDOUT_TEST_GEOGRAPHIC (Block 3 East Khasi),3,East Khasi Block,2007
BG_0237,0,Controlled_Background,25.11859,91.894508,2019-06-21,2019,6,3,East Khasi Block,HOLDOUT_TEST_GEOGRAPHIC (Block 3 East Khasi),4,East Khasi Block,2019
BG_0238,0,Controlled_Background,25.0896,91.982627,2008-06-03,2008,6,3,East Khasi Block,HOLDOUT_TEST_GEOGRAPHIC (Block 3 East Khasi),2,East Khasi Block,2008
BG_0239,0,Controlled_Background,25.0896,91.982627,2025-06-20,2025,6,3,East Khasi Block,HOLDOUT_TEST_GEOGRAPHIC (Block 3 East Khasi),1,East Khasi Block,2025
BG_0240,0,Controlled_Background,25.630693,91.982293,2007-06-09,2007,6,3,East Khasi Block,HOLDOUT_TEST_GEOGRAPHIC (Block 3 East Khasi),3,East Khasi Block,2007
BG_0241,0,Controlled_Background,25.235437,91.729564,2026-06-13,2026,6,3,East Khasi Block,HOLDOUT_TEST_GEOGRAPHIC (Block 3 East Khasi),1,East Khasi Block,2026
BG_0242,0,Controlled_Background,25.19079,91.908497,2019-06-10,2019,6,3,East Khasi Block,HOLDOUT_TEST_GEOGRAPHIC (Block 3 East Khasi),0,East Khasi Block,2019
BG_0243,0,Controlled_Background,25.231216,91.757111,2014-06-20,2014,6,3,East Khasi Block,HOLDOUT_TEST_GEOGRAPHIC (Block 3 East Khasi),1,East Khasi Block,2014
BG_0244,0,Controlled_Background,25.21764,91.653734,2013-06-06,2013,6,3,East Khasi Block,HOLDOUT_TEST_GEOGRAPHIC (Block 3 East Khasi),2,East Khasi Block,2013
BG_0245,0,Controlled_Background,25.281815,91.875349,2022-06-28,2022,6,3,East Khasi Block,HOLDOUT_TEST_GEOGRAPHIC (Block 3 East Khasi),4,East Khasi Block,2022
BG_0246,0,Controlled_Background,25.055098,91.676145,2023-06-13,2023,6,3,East Khasi Block,HOLDOUT_TEST_GEOGRAPHIC (Block 3 East Khasi),0,East Khasi Block,2023
BG_0247,0,Controlled_Background,25.597442,91.805083,2007-07-04,2007,7,3,East Khasi Block,HOLDOUT_TEST_GEOGRAPHIC (Block 3 East Khasi),2,East Khasi Block,2007
BG_0248,0,Controlled_Background,25.575715,91.770365,2010-07-19,2010,7,3,East Khasi Block,HOLDOUT_TEST_GEOGRAPHIC (Block 3 East Khasi),0,East Khasi Block,2010
BG_0249,0,Controlled_Background,25.573913,91.974746,2008-07-12,2008,7,3,East Khasi Block,HOLDOUT_TEST_GEOGRAPHIC (Block 3 East Khasi),1,East Khasi Block,2008
BG_0250,0,Controlled_Background,25.078465,91.620413,2022-07-31,2022,7,3,East Khasi Block,HOLDOUT_TEST_GEOGRAPHIC (Block 3 East Khasi),4,East Khasi Block,2022
BG_0251,0,Controlled_Background,25.055098,91.676145,2022-07-04,2022,7,3,East Khasi Block,HOLDOUT_TEST_GEOGRAPHIC (Block 3 East Khasi),3,East Khasi Block,2022
BG_0252,0,Controlled_Background,25.191308,91.948905,2023-07-01,2023,7,3,East Khasi Block,HOLDOUT_TEST_GEOGRAPHIC (Block 3 East Khasi),2,East Khasi Block,2023
BG_0253,0,Controlled_Background,25.622005,91.826426,2008-07-12,2008,7,3,East Khasi Block,HOLDOUT_TEST_GEOGRAPHIC (Block 3 East Khasi),4,East Khasi Block,2008
BG_0254,0,Controlled_Background,25.172345,91.963438,2011-07-28,2011,7,3,East Khasi Block,HOLDOUT_TEST_GEOGRAPHIC (Block 3 East Khasi),1,East Khasi Block,2011
BG_0255,0,Controlled_Background,25.0896,91.982627,2026-07-18,2026,7,3,East Khasi Block,HOLDOUT_TEST_GEOGRAPHIC (Block 3 East Khasi),0,East Khasi Block,2026
BG_0256,0,Controlled_Background,25.135044,91.864655,2022-07-11,2022,7,3,East Khasi Block,HOLDOUT_TEST_GEOGRAPHIC (Block 3 East Khasi),2,East Khasi Block,2022
BG_0257,0,Controlled_Background,25.117411,91.648346,2008-07-12,2008,7,3,East Khasi Block,HOLDOUT_TEST_GEOGRAPHIC (Block 3 East Khasi),3,East Khasi Block,2008
BG_0258,0,Controlled_Background,25.11701,91.885353,2019-07-29,2019,7,3,East Khasi Block,HOLDOUT_TEST_GEOGRAPHIC (Block 3 East Khasi),4,East Khasi Block,2019
BG_0259,0,Controlled_Background,25.311586,91.652356,2025-07-12,2025,7,3,East Khasi Block,HOLDOUT_TEST_GEOGRAPHIC (Block 3 East Khasi),0,East Khasi Block,2025
BG_0260,0,Controlled_Background,25.214005,91.821303,2011-07-19,2011,7,3,East Khasi Block,HOLDOUT_TEST_GEOGRAPHIC (Block 3 East Khasi),1,East Khasi Block,2011
BG_0261,0,Controlled_Background,25.106373,91.777567,2007-07-06,2007,7,3,East Khasi Block,HOLDOUT_TEST_GEOGRAPHIC (Block 3 East Khasi),3,East Khasi Block,2007
BG_0262,0,Controlled_Background,25.200423,91.790192,2014-07-13,2014,7,3,East Khasi Block,HOLDOUT_TEST_GEOGRAPHIC (Block 3 East Khasi),2,East Khasi Block,2014
BG_0263,0,Controlled_Background,25.115627,91.863293,2020-07-13,2020,7,3,East Khasi Block,HOLDOUT_TEST_GEOGRAPHIC (Block 3 East Khasi),3,East Khasi Block,2020
BG_0264,0,Controlled_Background,25.155479,91.630093,2017-07-11,2017,7,3,East Khasi Block,HOLDOUT_TEST_GEOGRAPHIC (Block 3 East Khasi),1,East Khasi Block,2017
BG_0265,0,Controlled_Background,25.21764,91.653734,2013-07-09,2013,7,3,East Khasi Block,HOLDOUT_TEST_GEOGRAPHIC (Block 3 East Khasi),4,East Khasi Block,2013
BG_0266,0,Controlled_Background,25.13934,91.928703,2008-07-26,2008,7,3,East Khasi Block,HOLDOUT_TEST_GEOGRAPHIC (Block 3 East Khasi),2,East Khasi Block,2008
BG_0267,0,Controlled_Background,25.06518,91.658572,2008-07-12,2008,7,3,East Khasi Block,HOLDOUT_TEST_GEOGRAPHIC (Block 3 East Khasi),1,East Khasi Block,2008
BG_0268,0,Controlled_Background,25.210431,91.894467,2019-07-28,2019,7,3,East Khasi Block,HOLDOUT_TEST_GEOGRAPHIC (Block 3 East Khasi),0,East Khasi Block,2019
BG_0269,0,Controlled_Background,25.444208,91.921704,2007-07-05,2007,7,3,East Khasi Block,HOLDOUT_TEST_GEOGRAPHIC (Block 3 East Khasi),3,East Khasi Block,2007
BG_0270,0,Controlled_Background,25.078465,91.620413,2019-07-27,2019,7,3,East Khasi Block,HOLDOUT_TEST_GEOGRAPHIC (Block 3 East Khasi),0,East Khasi Block,2019
BG_0271,0,Controlled_Background,25.045952,91.820672,2024-08-23,2024,8,3,East Khasi Block,HOLDOUT_TEST_GEOGRAPHIC (Block 3 East Khasi),0,East Khasi Block,2024
BG_0272,0,Controlled_Background,25.605022,91.771525,2017-08-02,2017,8,3,East Khasi Block,HOLDOUT_TEST_GEOGRAPHIC (Block 3 East Khasi),3,East Khasi Block,2017
BG_0273,0,Controlled_Background,25.490531,91.945366,2012-08-12,2012,8,3,East Khasi Block,HOLDOUT_TEST_GEOGRAPHIC (Block 3 East Khasi),2,East Khasi Block,2012
BG_0274,0,Controlled_Background,25.032324,91.773993,2019-08-13,2019,8,3,East Khasi Block,HOLDOUT_TEST_GEOGRAPHIC (Block 3 East Khasi),1,East Khasi Block,2019
BG_0275,0,Controlled_Background,25.081978,91.84057,2013-08-20,2013,8,3,East Khasi Block,HOLDOUT_TEST_GEOGRAPHIC (Block 3 East Khasi),1,East Khasi Block,2013
BG_0276,0,Controlled_Background,25.144112,91.931735,2017-08-03,2017,8,3,East Khasi Block,HOLDOUT_TEST_GEOGRAPHIC (Block 3 East Khasi),2,East Khasi Block,2017
BG_0277,0,Controlled_Background,25.114585,91.898194,2013-08-26,2013,8,3,East Khasi Block,HOLDOUT_TEST_GEOGRAPHIC (Block 3 East Khasi),0,East Khasi Block,2013
BG_0278,0,Controlled_Background,25.209469,91.892315,2008-08-01,2008,8,3,East Khasi Block,HOLDOUT_TEST_GEOGRAPHIC (Block 3 East Khasi),4,East Khasi Block,2008
BG_0279,0,Controlled_Background,25.281815,91.875349,2007-08-09,2007,8,3,East Khasi Block,HOLDOUT_TEST_GEOGRAPHIC (Block 3 East Khasi),3,East Khasi Block,2007
BG_0280,0,Controlled_Background,25.229493,91.93797,2012-09-29,2012,9,3,East Khasi Block,HOLDOUT_TEST_GEOGRAPHIC (Block 3 East Khasi),2,East Khasi Block,2012
BG_0281,0,Controlled_Background,25.118544,91.870784,2014-09-05,2014,9,3,East Khasi Block,HOLDOUT_TEST_GEOGRAPHIC (Block 3 East Khasi),0,East Khasi Block,2014
BG_0282,0,Controlled_Background,25.190597,91.785875,2011-09-20,2011,9,3,East Khasi Block,HOLDOUT_TEST_GEOGRAPHIC (Block 3 East Khasi),4,East Khasi Block,2011
BG_0283,0,Controlled_Background,25.054354,91.789606,2023-09-24,2023,9,3,East Khasi Block,HOLDOUT_TEST_GEOGRAPHIC (Block 3 East Khasi),3,East Khasi Block,2023
BG_0284,0,Controlled_Background,25.110722,91.878654,2012-09-12,2012,9,3,East Khasi Block,HOLDOUT_TEST_GEOGRAPHIC (Block 3 East Khasi),0,East Khasi Block,2012
BG_0285,0,Controlled_Background,25.180703,91.924108,2024-09-29,2024,9,3,East Khasi Block,HOLDOUT_TEST_GEOGRAPHIC (Block 3 East Khasi),1,East Khasi Block,2024
BG_0286,0,Controlled_Background,25.021767,91.654933,2018-10-04,2018,10,3,East Khasi Block,HOLDOUT_TEST_GEOGRAPHIC (Block 3 East Khasi),1,East Khasi Block,2018
BG_0287,0,Controlled_Background,25.178043,91.942329,2017-10-01,2017,10,3,East Khasi Block,HOLDOUT_TEST_GEOGRAPHIC (Block 3 East Khasi),2,East Khasi Block,2017
BG_0288,0,Controlled_Background,25.134737,91.875646,2019-10-16,2019,10,3,East Khasi Block,HOLDOUT_TEST_GEOGRAPHIC (Block 3 East Khasi),0,East Khasi Block,2019
BG_0289,0,Controlled_Background,25.984936,92.31084,2024-05-22,2024,5,4,Ri-Bhoi Block,"TRAIN_GEOGRAPHIC (Blocks 1, 2, 4)",0,Ri-Bhoi Block,2024
BG_0290,0,Controlled_Background,25.872848,92.053355,2012-05-23,2012,5,4,Ri-Bhoi Block,"TRAIN_GEOGRAPHIC (Blocks 1, 2, 4)",2,Ri-Bhoi Block,2012
BG_0291,0,Controlled_Background,25.9663,91.210608,2024-05-06,2024,5,4,Ri-Bhoi Block,"TRAIN_GEOGRAPHIC (Blocks 1, 2, 4)",1,Ri-Bhoi Block,2024
BG_0292,0,Controlled_Background,26.063722,91.553608,2007-05-20,2007,5,4,Ri-Bhoi Block,"TRAIN_GEOGRAPHIC (Blocks 1, 2, 4)",1,Ri-Bhoi Block,2007
BG_0293,0,Controlled_Background,26.005591,92.180591,2017-05-31,2017,5,4,Ri-Bhoi Block,"TRAIN_GEOGRAPHIC (Blocks 1, 2, 4)",3,Ri-Bhoi Block,2017
BG_0294,0,Controlled_Background,25.770848,91.074898,2019-05-08,2019,5,4,Ri-Bhoi Block,"TRAIN_GEOGRAPHIC (Blocks 1, 2, 4)",4,Ri-Bhoi Block,2019
BG_0295,0,Controlled_Background,25.797949,91.414779,2026-05-07,2026,5,4,Ri-Bhoi Block,"TRAIN_GEOGRAPHIC (Blocks 1, 2, 4)",1,Ri-Bhoi Block,2026
BG_0296,0,Controlled_Background,25.888438,92.215481,2017-05-22,2017,5,4,Ri-Bhoi Block,"TRAIN_GEOGRAPHIC (Blocks 1, 2, 4)",3,Ri-Bhoi Block,2017
BG_0297,0,Controlled_Background,25.820042,92.191771,2017-05-11,2017,5,4,Ri-Bhoi Block,"TRAIN_GEOGRAPHIC (Blocks 1, 2, 4)",2,Ri-Bhoi Block,2017
BG_0298,0,Controlled_Background,25.687481,91.991246,2010-05-04,2010,5,4,Ri-Bhoi Block,"TRAIN_GEOGRAPHIC (Blocks 1, 2, 4)",0,Ri-Bhoi Block,2010
BG_0299,0,Controlled_Background,26.084627,91.279599,2026-05-01,2026,5,4,Ri-Bhoi Block,"TRAIN_GEOGRAPHIC (Blocks 1, 2, 4)",3,Ri-Bhoi Block,2026
BG_0300,0,Controlled_Background,26.04641,92.722899,2018-05-31,2018,5,4,Ri-Bhoi Block,"TRAIN_GEOGRAPHIC (Blocks 1, 2, 4)",1,Ri-Bhoi Block,2018
BG_0301,0,Controlled_Background,25.688319,92.322439,2023-05-24,2023,5,4,Ri-Bhoi Block,"TRAIN_GEOGRAPHIC (Blocks 1, 2, 4)",4,Ri-Bhoi Block,2023
BG_0302,0,Controlled_Background,25.895589,92.68887,2017-05-07,2017,5,4,Ri-Bhoi Block,"TRAIN_GEOGRAPHIC (Blocks 1, 2, 4)",2,Ri-Bhoi Block,2017
BG_0303,0,Controlled_Background,25.686817,92.392081,2023-05-08,2023,5,4,Ri-Bhoi Block,"TRAIN_GEOGRAPHIC (Blocks 1, 2, 4)",2,Ri-Bhoi Block,2023
BG_0304,0,Controlled_Background,25.681489,92.050757,2012-05-10,2012,5,4,Ri-Bhoi Block,"TRAIN_GEOGRAPHIC (Blocks 1, 2, 4)",1,Ri-Bhoi Block,2012
BG_0305,0,Controlled_Background,26.086946,92.287755,2011-05-01,2011,5,4,Ri-Bhoi Block,"TRAIN_GEOGRAPHIC (Blocks 1, 2, 4)",4,Ri-Bhoi Block,2011
BG_0306,0,Controlled_Background,25.996832,91.334846,2007-05-24,2007,5,4,Ri-Bhoi Block,"TRAIN_GEOGRAPHIC (Blocks 1, 2, 4)",4,Ri-Bhoi Block,2007
BG_0307,0,Controlled_Background,26.018727,92.398102,2022-05-24,2022,5,4,Ri-Bhoi Block,"TRAIN_GEOGRAPHIC (Blocks 1, 2, 4)",4,Ri-Bhoi Block,2022
BG_0308,0,Controlled_Background,26.04035,92.635044,2023-05-28,2023,5,4,Ri-Bhoi Block,"TRAIN_GEOGRAPHIC (Blocks 1, 2, 4)",4,Ri-Bhoi Block,2023
BG_0309,0,Controlled_Background,25.774178,91.122776,2013-05-28,2013,5,4,Ri-Bhoi Block,"TRAIN_GEOGRAPHIC (Blocks 1, 2, 4)",3,Ri-Bhoi Block,2013
BG_0310,0,Controlled_Background,25.686817,92.392081,2014-05-29,2014,5,4,Ri-Bhoi Block,"TRAIN_GEOGRAPHIC (Blocks 1, 2, 4)",1,Ri-Bhoi Block,2014
BG_0311,0,Controlled_Background,26.022927,92.560463,2007-05-29,2007,5,4,Ri-Bhoi Block,"TRAIN_GEOGRAPHIC (Blocks 1, 2, 4)",0,Ri-Bhoi Block,2007
BG_0312,0,Controlled_Background,25.708499,91.768097,2010-05-04,2010,5,4,Ri-Bhoi Block,"TRAIN_GEOGRAPHIC (Blocks 1, 2, 4)",0,Ri-Bhoi Block,2010
BG_0313,0,Controlled_Background,25.795297,92.535967,2019-05-06,2019,5,4,Ri-Bhoi Block,"TRAIN_GEOGRAPHIC (Blocks 1, 2, 4)",2,Ri-Bhoi Block,2019
BG_0314,0,Controlled_Background,25.696927,91.74591,2024-05-14,2024,5,4,Ri-Bhoi Block,"TRAIN_GEOGRAPHIC (Blocks 1, 2, 4)",0,Ri-Bhoi Block,2024
BG_0315,0,Controlled_Background,26.091377,91.894284,2023-05-10,2023,5,4,Ri-Bhoi Block,"TRAIN_GEOGRAPHIC (Blocks 1, 2, 4)",3,Ri-Bhoi Block,2023
BG_0316,0,Controlled_Background,25.696927,91.74591,2011-05-12,2011,5,4,Ri-Bhoi Block,"TRAIN_GEOGRAPHIC (Blocks 1, 2, 4)",2,Ri-Bhoi Block,2011
BG_0317,0,Controlled_Background,25.835571,92.630522,2009-05-03,2009,5,4,Ri-Bhoi Block,"TRAIN_GEOGRAPHIC (Blocks 1, 2, 4)",2,Ri-Bhoi Block,2009
BG_0318,0,Controlled_Background,25.95522,92.749811,2013-05-16,2013,5,4,Ri-Bhoi Block,"TRAIN_GEOGRAPHIC (Blocks 1, 2, 4)",3,Ri-Bhoi Block,2013
BG_0319,0,Controlled_Background,25.748638,92.372816,2017-05-01,2017,5,4,Ri-Bhoi Block,"TRAIN_GEOGRAPHIC (Blocks 1, 2, 4)",2,Ri-Bhoi Block,2017
BG_0320,0,Controlled_Background,26.077723,92.669847,2023-05-25,2023,5,4,Ri-Bhoi Block,"TRAIN_GEOGRAPHIC (Blocks 1, 2, 4)",4,Ri-Bhoi Block,2023
BG_0321,0,Controlled_Background,25.843823,91.364886,2023-05-31,2023,5,4,Ri-Bhoi Block,"TRAIN_GEOGRAPHIC (Blocks 1, 2, 4)",4,Ri-Bhoi Block,2023
BG_0322,0,Controlled_Background,26.084627,91.279599,2019-05-27,2019,5,4,Ri-Bhoi Block,"TRAIN_GEOGRAPHIC (Blocks 1, 2, 4)",1,Ri-Bhoi Block,2019
BG_0323,0,Controlled_Background,26.091377,91.894284,2010-05-31,2010,5,4,Ri-Bhoi Block,"TRAIN_GEOGRAPHIC (Blocks 1, 2, 4)",1,Ri-Bhoi Block,2010
BG_0324,0,Controlled_Background,25.67422,92.736755,2011-05-07,2011,5,4,Ri-Bhoi Block,"TRAIN_GEOGRAPHIC (Blocks 1, 2, 4)",3,Ri-Bhoi Block,2011
BG_0325,0,Controlled_Background,25.708965,92.145968,2009-05-30,2009,5,4,Ri-Bhoi Block,"TRAIN_GEOGRAPHIC (Blocks 1, 2, 4)",3,Ri-Bhoi Block,2009
BG_0326,0,Controlled_Background,25.964932,92.370654,2023-05-26,2023,5,4,Ri-Bhoi Block,"TRAIN_GEOGRAPHIC (Blocks 1, 2, 4)",0,Ri-Bhoi Block,2023
BG_0327,0,Controlled_Background,26.085596,92.317702,2020-05-31,2020,5,4,Ri-Bhoi Block,"TRAIN_GEOGRAPHIC (Blocks 1, 2, 4)",4,Ri-Bhoi Block,2020
BG_0328,0,Controlled_Background,26.076233,92.832578,2008-05-18,2008,5,4,Ri-Bhoi Block,"TRAIN_GEOGRAPHIC (Blocks 1, 2, 4)",3,Ri-Bhoi Block,2008
BG_0329,0,Controlled_Background,26.032492,91.775368,2026-05-12,2026,5,4,Ri-Bhoi Block,"TRAIN_GEOGRAPHIC (Blocks 1, 2, 4)",1,Ri-Bhoi Block,2026
BG_0330,0,Controlled_Background,25.896889,92.436182,2014-05-08,2014,5,4,Ri-Bhoi Block,"TRAIN_GEOGRAPHIC (Blocks 1, 2, 4)",2,Ri-Bhoi Block,2014
BG_0331,0,Controlled_Background,25.855851,92.282179,2012-05-05,2012,5,4,Ri-Bhoi Block,"TRAIN_GEOGRAPHIC (Blocks 1, 2, 4)",4,Ri-Bhoi Block,2012
BG_0332,0,Controlled_Background,25.807633,91.99066,2010-05-17,2010,5,4,Ri-Bhoi Block,"TRAIN_GEOGRAPHIC (Blocks 1, 2, 4)",1,Ri-Bhoi Block,2010
BG_0333,0,Controlled_Background,25.895897,92.419908,2008-05-30,2008,5,4,Ri-Bhoi Block,"TRAIN_GEOGRAPHIC (Blocks 1, 2, 4)",0,Ri-Bhoi Block,2008
BG_0334,0,Controlled_Background,25.838167,92.721966,2023-05-28,2023,5,4,Ri-Bhoi Block,"TRAIN_GEOGRAPHIC (Blocks 1, 2, 4)",0,Ri-Bhoi Block,2023
BG_0335,0,Controlled_Background,25.859009,92.205174,2014-05-20,2014,5,4,Ri-Bhoi Block,"TRAIN_GEOGRAPHIC (Blocks 1, 2, 4)",3,Ri-Bhoi Block,2014
BG_0336,0,Controlled_Background,25.951051,92.525003,2025-05-08,2025,5,4,Ri-Bhoi Block,"TRAIN_GEOGRAPHIC (Blocks 1, 2, 4)",2,Ri-Bhoi Block,2025
BG_0337,0,Controlled_Background,25.752665,91.814624,2009-05-29,2009,5,4,Ri-Bhoi Block,"TRAIN_GEOGRAPHIC (Blocks 1, 2, 4)",0,Ri-Bhoi Block,2009
BG_0338,0,Controlled_Background,25.890498,91.913564,2007-05-18,2007,5,4,Ri-Bhoi Block,"TRAIN_GEOGRAPHIC (Blocks 1, 2, 4)",2,Ri-Bhoi Block,2007
BG_0339,0,Controlled_Background,25.985579,92.655845,2010-05-27,2010,5,4,Ri-Bhoi Block,"TRAIN_GEOGRAPHIC (Blocks 1, 2, 4)",1,Ri-Bhoi Block,2010
BG_0340,0,Controlled_Background,25.896889,92.436182,2010-05-27,2010,5,4,Ri-Bhoi Block,"TRAIN_GEOGRAPHIC (Blocks 1, 2, 4)",0,Ri-Bhoi Block,2010
BG_0341,0,Controlled_Background,25.699703,92.776749,2009-05-11,2009,5,4,Ri-Bhoi Block,"TRAIN_GEOGRAPHIC (Blocks 1, 2, 4)",0,Ri-Bhoi Block,2009
BG_0342,0,Controlled_Background,25.65586,92.209098,2025-05-09,2025,5,4,Ri-Bhoi Block,"TRAIN_GEOGRAPHIC (Blocks 1, 2, 4)",0,Ri-Bhoi Block,2025
BG_0343,0,Controlled_Background,25.985847,91.249353,2013-05-01,2013,5,4,Ri-Bhoi Block,"TRAIN_GEOGRAPHIC (Blocks 1, 2, 4)",3,Ri-Bhoi Block,2013
BG_0344,0,Controlled_Background,26.074166,92.718825,2022-05-04,2022,5,4,Ri-Bhoi Block,"TRAIN_GEOGRAPHIC (Blocks 1, 2, 4)",3,Ri-Bhoi Block,2022
BG_0345,0,Controlled_Background,25.728239,91.756941,2012-05-10,2012,5,4,Ri-Bhoi Block,"TRAIN_GEOGRAPHIC (Blocks 1, 2, 4)",4,Ri-Bhoi Block,2012
BG_0346,0,Controlled_Background,25.699703,92.776749,2025-05-11,2025,5,4,Ri-Bhoi Block,"TRAIN_GEOGRAPHIC (Blocks 1, 2, 4)",4,Ri-Bhoi Block,2025
BG_0347,0,Controlled_Background,26.042445,91.012338,2022-05-20,2022,5,4,Ri-Bhoi Block,"TRAIN_GEOGRAPHIC (Blocks 1, 2, 4)",1,Ri-Bhoi Block,2022
BG_0348,0,Controlled_Background,25.815589,91.19667,2020-05-07,2020,5,4,Ri-Bhoi Block,"TRAIN_GEOGRAPHIC (Blocks 1, 2, 4)",1,Ri-Bhoi Block,2020
BG_0349,0,Controlled_Background,26.021617,91.389024,2026-05-27,2026,5,4,Ri-Bhoi Block,"TRAIN_GEOGRAPHIC (Blocks 1, 2, 4)",2,Ri-Bhoi Block,2026
BG_0350,0,Controlled_Background,25.859009,92.205174,2007-05-16,2007,5,4,Ri-Bhoi Block,"TRAIN_GEOGRAPHIC (Blocks 1, 2, 4)",2,Ri-Bhoi Block,2007
BG_0351,0,Controlled_Background,25.753188,91.517754,2024-05-11,2024,5,4,Ri-Bhoi Block,"TRAIN_GEOGRAPHIC (Blocks 1, 2, 4)",0,Ri-Bhoi Block,2024
BG_0352,0,Controlled_Background,26.084418,91.571145,2019-06-16,2019,6,4,Ri-Bhoi Block,"TRAIN_GEOGRAPHIC (Blocks 1, 2, 4)",2,Ri-Bhoi Block,2019
BG_0353,0,Controlled_Background,25.819278,92.625251,2024-06-06,2024,6,4,Ri-Bhoi Block,"TRAIN_GEOGRAPHIC (Blocks 1, 2, 4)",1,Ri-Bhoi Block,2024
BG_0354,0,Controlled_Background,26.048691,92.346657,2009-06-21,2009,6,4,Ri-Bhoi Block,"TRAIN_GEOGRAPHIC (Blocks 1, 2, 4)",3,Ri-Bhoi Block,2009
BG_0355,0,Controlled_Background,25.675047,91.054288,2011-06-22,2011,6,4,Ri-Bhoi Block,"TRAIN_GEOGRAPHIC (Blocks 1, 2, 4)",4,Ri-Bhoi Block,2011
BG_0356,0,Controlled_Background,26.047732,92.686242,2009-06-01,2009,6,4,Ri-Bhoi Block,"TRAIN_GEOGRAPHIC (Blocks 1, 2, 4)",0,Ri-Bhoi Block,2009
BG_0357,0,Controlled_Background,25.766977,92.440517,2025-06-04,2025,6,4,Ri-Bhoi Block,"TRAIN_GEOGRAPHIC (Blocks 1, 2, 4)",0,Ri-Bhoi Block,2025
BG_0358,0,Controlled_Background,25.829155,92.662686,2013-06-08,2013,6,4,Ri-Bhoi Block,"TRAIN_GEOGRAPHIC (Blocks 1, 2, 4)",2,Ri-Bhoi Block,2013
BG_0359,0,Controlled_Background,25.787219,91.816448,2019-06-21,2019,6,4,Ri-Bhoi Block,"TRAIN_GEOGRAPHIC (Blocks 1, 2, 4)",2,Ri-Bhoi Block,2019
BG_0360,0,Controlled_Background,25.726325,91.94705,2025-06-05,2025,6,4,Ri-Bhoi Block,"TRAIN_GEOGRAPHIC (Blocks 1, 2, 4)",1,Ri-Bhoi Block,2025
BG_0361,0,Controlled_Background,25.863865,91.87414,2018-06-13,2018,6,4,Ri-Bhoi Block,"TRAIN_GEOGRAPHIC (Blocks 1, 2, 4)",3,Ri-Bhoi Block,2018
BG_0362,0,Controlled_Background,26.028712,92.695579,2009-06-07,2009,6,4,Ri-Bhoi Block,"TRAIN_GEOGRAPHIC (Blocks 1, 2, 4)",4,Ri-Bhoi Block,2009
BG_0363,0,Controlled_Background,25.907487,92.438161,2022-06-24,2022,6,4,Ri-Bhoi Block,"TRAIN_GEOGRAPHIC (Blocks 1, 2, 4)",3,Ri-Bhoi Block,2022
BG_0364,0,Controlled_Background,25.975449,91.679484,2013-06-07,2013,6,4,Ri-Bhoi Block,"TRAIN_GEOGRAPHIC (Blocks 1, 2, 4)",3,Ri-Bhoi Block,2013
BG_0365,0,Controlled_Background,25.795937,92.148772,2010-06-24,2010,6,4,Ri-Bhoi Block,"TRAIN_GEOGRAPHIC (Blocks 1, 2, 4)",1,Ri-Bhoi Block,2010
BG_0366,0,Controlled_Background,25.937038,92.264276,2024-06-09,2024,6,4,Ri-Bhoi Block,"TRAIN_GEOGRAPHIC (Blocks 1, 2, 4)",4,Ri-Bhoi Block,2024
BG_0367,0,Controlled_Background,26.017621,92.688013,2018-06-08,2018,6,4,Ri-Bhoi Block,"TRAIN_GEOGRAPHIC (Blocks 1, 2, 4)",0,Ri-Bhoi Block,2018
BG_0368,0,Controlled_Background,25.955813,92.842955,2020-06-12,2020,6,4,Ri-Bhoi Block,"TRAIN_GEOGRAPHIC (Blocks 1, 2, 4)",2,Ri-Bhoi Block,2020
BG_0369,0,Controlled_Background,25.90264,91.508736,2013-06-07,2013,6,4,Ri-Bhoi Block,"TRAIN_GEOGRAPHIC (Blocks 1, 2, 4)",0,Ri-Bhoi Block,2013
BG_0370,0,Controlled_Background,25.653766,92.339976,2009-06-08,2009,6,4,Ri-Bhoi Block,"TRAIN_GEOGRAPHIC (Blocks 1, 2, 4)",1,Ri-Bhoi Block,2009
BG_0371,0,Controlled_Background,25.960882,92.082372,2024-06-22,2024,6,4,Ri-Bhoi Block,"TRAIN_GEOGRAPHIC (Blocks 1, 2, 4)",4,Ri-Bhoi Block,2024
BG_0372,0,Controlled_Background,26.022337,91.753442,2009-06-22,2009,6,4,Ri-Bhoi Block,"TRAIN_GEOGRAPHIC (Blocks 1, 2, 4)",1,Ri-Bhoi Block,2009
BG_0373,0,Controlled_Background,25.91204,91.699414,2011-06-14,2011,6,4,Ri-Bhoi Block,"TRAIN_GEOGRAPHIC (Blocks 1, 2, 4)",4,Ri-Bhoi Block,2011
BG_0374,0,Controlled_Background,25.795297,92.535967,2009-06-22,2009,6,4,Ri-Bhoi Block,"TRAIN_GEOGRAPHIC (Blocks 1, 2, 4)",0,Ri-Bhoi Block,2009
BG_0375,0,Controlled_Background,26.084271,92.661768,2019-06-20,2019,6,4,Ri-Bhoi Block,"TRAIN_GEOGRAPHIC (Blocks 1, 2, 4)",4,Ri-Bhoi Block,2019
BG_0376,0,Controlled_Background,25.959498,91.645069,2026-06-08,2026,6,4,Ri-Bhoi Block,"TRAIN_GEOGRAPHIC (Blocks 1, 2, 4)",4,Ri-Bhoi Block,2026
BG_0377,0,Controlled_Background,25.695228,92.808466,2010-06-13,2010,6,4,Ri-Bhoi Block,"TRAIN_GEOGRAPHIC (Blocks 1, 2, 4)",2,Ri-Bhoi Block,2010
BG_0378,0,Controlled_Background,26.084984,91.430592,2013-06-23,2013,6,4,Ri-Bhoi Block,"TRAIN_GEOGRAPHIC (Blocks 1, 2, 4)",2,Ri-Bhoi Block,2013
BG_0379,0,Controlled_Background,26.047707,92.681748,2013-06-04,2013,6,4,Ri-Bhoi Block,"TRAIN_GEOGRAPHIC (Blocks 1, 2, 4)",0,Ri-Bhoi Block,2013
BG_0380,0,Controlled_Background,25.715377,92.126994,2014-06-02,2014,6,4,Ri-Bhoi Block,"TRAIN_GEOGRAPHIC (Blocks 1, 2, 4)",0,Ri-Bhoi Block,2014
BG_0381,0,Controlled_Background,25.780251,91.302192,2009-06-24,2009,6,4,Ri-Bhoi Block,"TRAIN_GEOGRAPHIC (Blocks 1, 2, 4)",3,Ri-Bhoi Block,2009
BG_0382,0,Controlled_Background,25.699173,91.29809,2007-06-11,2007,6,4,Ri-Bhoi Block,"TRAIN_GEOGRAPHIC (Blocks 1, 2, 4)",0,Ri-Bhoi Block,2007
BG_0383,0,Controlled_Background,26.058135,92.036481,2007-06-05,2007,6,4,Ri-Bhoi Block,"TRAIN_GEOGRAPHIC (Blocks 1, 2, 4)",2,Ri-Bhoi Block,2007
BG_0384,0,Controlled_Background,25.695914,91.047889,2014-06-21,2014,6,4,Ri-Bhoi Block,"TRAIN_GEOGRAPHIC (Blocks 1, 2, 4)",3,Ri-Bhoi Block,2014
BG_0385,0,Controlled_Background,25.986265,91.140077,2026-06-29,2026,6,4,Ri-Bhoi Block,"TRAIN_GEOGRAPHIC (Blocks 1, 2, 4)",1,Ri-Bhoi Block,2026
BG_0386,0,Controlled_Background,25.911725,91.928281,2013-06-05,2013,6,4,Ri-Bhoi Block,"TRAIN_GEOGRAPHIC (Blocks 1, 2, 4)",3,Ri-Bhoi Block,2013
BG_0387,0,Controlled_Background,25.725891,92.356386,2013-06-06,2013,6,4,Ri-Bhoi Block,"TRAIN_GEOGRAPHIC (Blocks 1, 2, 4)",1,Ri-Bhoi Block,2013
BG_0388,0,Controlled_Background,25.890027,92.213626,2020-07-31,2020,7,4,Ri-Bhoi Block,"TRAIN_GEOGRAPHIC (Blocks 1, 2, 4)",0,Ri-Bhoi Block,2020
BG_0389,0,Controlled_Background,25.894448,91.921817,2022-07-05,2022,7,4,Ri-Bhoi Block,"TRAIN_GEOGRAPHIC (Blocks 1, 2, 4)",3,Ri-Bhoi Block,2022
BG_0390,0,Controlled_Background,25.833225,92.274046,2017-07-12,2017,7,4,Ri-Bhoi Block,"TRAIN_GEOGRAPHIC (Blocks 1, 2, 4)",1,Ri-Bhoi Block,2017
BG_0391,0,Controlled_Background,25.936426,91.016542,2011-07-27,2011,7,4,Ri-Bhoi Block,"TRAIN_GEOGRAPHIC (Blocks 1, 2, 4)",2,Ri-Bhoi Block,2011
BG_0392,0,Controlled_Background,25.825803,91.133261,2011-07-26,2011,7,4,Ri-Bhoi Block,"TRAIN_GEOGRAPHIC (Blocks 1, 2, 4)",1,Ri-Bhoi Block,2011
BG_0393,0,Controlled_Background,25.879108,91.628541,2025-07-27,2025,7,4,Ri-Bhoi Block,"TRAIN_GEOGRAPHIC (Blocks 1, 2, 4)",2,Ri-Bhoi Block,2025
BG_0394,0,Controlled_Background,26.063722,91.553608,2017-07-01,2017,7,4,Ri-Bhoi Block,"TRAIN_GEOGRAPHIC (Blocks 1, 2, 4)",4,Ri-Bhoi Block,2017
BG_0395,0,Controlled_Background,26.042445,91.012338,2020-07-30,2020,7,4,Ri-Bhoi Block,"TRAIN_GEOGRAPHIC (Blocks 1, 2, 4)",0,Ri-Bhoi Block,2020
BG_0396,0,Controlled_Background,25.866787,91.698673,2024-07-25,2024,7,4,Ri-Bhoi Block,"TRAIN_GEOGRAPHIC (Blocks 1, 2, 4)",4,Ri-Bhoi Block,2024
BG_0397,0,Controlled_Background,25.686743,91.034978,2014-07-22,2014,7,4,Ri-Bhoi Block,"TRAIN_GEOGRAPHIC (Blocks 1, 2, 4)",3,Ri-Bhoi Block,2014
BG_0398,0,Controlled_Background,25.73125,91.164508,2007-07-07,2007,7,4,Ri-Bhoi Block,"TRAIN_GEOGRAPHIC (Blocks 1, 2, 4)",3,Ri-Bhoi Block,2007
BG_0399,0,Controlled_Background,25.988482,92.726932,2020-07-22,2020,7,4,Ri-Bhoi Block,"TRAIN_GEOGRAPHIC (Blocks 1, 2, 4)",4,Ri-Bhoi Block,2020
BG_0400,0,Controlled_Background,25.891629,92.121077,2023-07-01,2023,7,4,Ri-Bhoi Block,"TRAIN_GEOGRAPHIC (Blocks 1, 2, 4)",2,Ri-Bhoi Block,2023
BG_0401,0,Controlled_Background,25.681046,92.202987,2018-07-25,2018,7,4,Ri-Bhoi Block,"TRAIN_GEOGRAPHIC (Blocks 1, 2, 4)",0,Ri-Bhoi Block,2018
BG_0402,0,Controlled_Background,25.652855,92.231018,2010-07-04,2010,7,4,Ri-Bhoi Block,"TRAIN_GEOGRAPHIC (Blocks 1, 2, 4)",4,Ri-Bhoi Block,2010
BG_0403,0,Controlled_Background,25.931269,92.603073,2013-07-11,2013,7,4,Ri-Bhoi Block,"TRAIN_GEOGRAPHIC (Blocks 1, 2, 4)",2,Ri-Bhoi Block,2013
BG_0404,0,Controlled_Background,25.763889,91.731034,2008-07-31,2008,7,4,Ri-Bhoi Block,"TRAIN_GEOGRAPHIC (Blocks 1, 2, 4)",1,Ri-Bhoi Block,2008
BG_0405,0,Controlled_Background,25.874971,91.250897,2018-07-11,2018,7,4,Ri-Bhoi Block,"TRAIN_GEOGRAPHIC (Blocks 1, 2, 4)",3,Ri-Bhoi Block,2018
BG_0406,0,Controlled_Background,25.789388,92.235619,2008-07-31,2008,7,4,Ri-Bhoi Block,"TRAIN_GEOGRAPHIC (Blocks 1, 2, 4)",3,Ri-Bhoi Block,2008
BG_0407,0,Controlled_Background,26.005591,92.180591,2008-07-21,2008,7,4,Ri-Bhoi Block,"TRAIN_GEOGRAPHIC (Blocks 1, 2, 4)",1,Ri-Bhoi Block,2008
BG_0408,0,Controlled_Background,26.099349,91.88362,2019-07-17,2019,7,4,Ri-Bhoi Block,"TRAIN_GEOGRAPHIC (Blocks 1, 2, 4)",2,Ri-Bhoi Block,2019
BG_0409,0,Controlled_Background,25.992659,92.25935,2017-07-21,2017,7,4,Ri-Bhoi Block,"TRAIN_GEOGRAPHIC (Blocks 1, 2, 4)",0,Ri-Bhoi Block,2017
BG_0410,0,Controlled_Background,25.656349,91.710715,2012-07-17,2012,7,4,Ri-Bhoi Block,"TRAIN_GEOGRAPHIC (Blocks 1, 2, 4)",0,Ri-Bhoi Block,2012
BG_0411,0,Controlled_Background,25.749807,92.72877,2025-07-22,2025,7,4,Ri-Bhoi Block,"TRAIN_GEOGRAPHIC (Blocks 1, 2, 4)",1,Ri-Bhoi Block,2025
BG_0412,0,Controlled_Background,25.719701,92.371912,2022-08-26,2022,8,4,Ri-Bhoi Block,"TRAIN_GEOGRAPHIC (Blocks 1, 2, 4)",0,Ri-Bhoi Block,2022
BG_0413,0,Controlled_Background,25.787219,91.816448,2023-08-05,2023,8,4,Ri-Bhoi Block,"TRAIN_GEOGRAPHIC (Blocks 1, 2, 4)",1,Ri-Bhoi Block,2023
BG_0414,0,Controlled_Background,25.675047,91.054288,2013-08-29,2013,8,4,Ri-Bhoi Block,"TRAIN_GEOGRAPHIC (Blocks 1, 2, 4)",2,Ri-Bhoi Block,2013
BG_0415,0,Controlled_Background,25.97757,91.511219,2012-08-12,2012,8,4,Ri-Bhoi Block,"TRAIN_GEOGRAPHIC (Blocks 1, 2, 4)",0,Ri-Bhoi Block,2012
BG_0416,0,Controlled_Background,25.786728,91.427863,2019-08-10,2019,8,4,Ri-Bhoi Block,"TRAIN_GEOGRAPHIC (Blocks 1, 2, 4)",4,Ri-Bhoi Block,2019
BG_0417,0,Controlled_Background,26.023575,91.760027,2019-08-19,2019,8,4,Ri-Bhoi Block,"TRAIN_GEOGRAPHIC (Blocks 1, 2, 4)",1,Ri-Bhoi Block,2019
BG_0418,0,Controlled_Background,25.766977,92.440517,2019-08-01,2019,8,4,Ri-Bhoi Block,"TRAIN_GEOGRAPHIC (Blocks 1, 2, 4)",0,Ri-Bhoi Block,2019
BG_0419,0,Controlled_Background,25.681296,91.98433,2020-08-10,2020,8,4,Ri-Bhoi Block,"TRAIN_GEOGRAPHIC (Blocks 1, 2, 4)",2,Ri-Bhoi Block,2020
BG_0420,0,Controlled_Background,25.928665,91.065285,2017-08-13,2017,8,4,Ri-Bhoi Block,"TRAIN_GEOGRAPHIC (Blocks 1, 2, 4)",3,Ri-Bhoi Block,2017
BG_0421,0,Controlled_Background,25.971247,91.548615,2018-08-12,2018,8,4,Ri-Bhoi Block,"TRAIN_GEOGRAPHIC (Blocks 1, 2, 4)",1,Ri-Bhoi Block,2018
BG_0422,0,Controlled_Background,25.68059,92.047056,2011-08-24,2011,8,4,Ri-Bhoi Block,"TRAIN_GEOGRAPHIC (Blocks 1, 2, 4)",3,Ri-Bhoi Block,2011
BG_0423,0,Controlled_Background,25.966726,92.583079,2025-08-04,2025,8,4,Ri-Bhoi Block,"TRAIN_GEOGRAPHIC (Blocks 1, 2, 4)",4,Ri-Bhoi Block,2025
BG_0424,0,Controlled_Background,25.828831,92.222196,2017-09-29,2017,9,4,Ri-Bhoi Block,"TRAIN_GEOGRAPHIC (Blocks 1, 2, 4)",2,Ri-Bhoi Block,2017
BG_0425,0,Controlled_Background,25.862204,92.190972,2024-09-14,2024,9,4,Ri-Bhoi Block,"TRAIN_GEOGRAPHIC (Blocks 1, 2, 4)",2,Ri-Bhoi Block,2024
BG_0426,0,Controlled_Background,25.744421,91.231311,2010-09-10,2010,9,4,Ri-Bhoi Block,"TRAIN_GEOGRAPHIC (Blocks 1, 2, 4)",3,Ri-Bhoi Block,2010
BG_0427,0,Controlled_Background,25.939633,91.260388,2019-09-18,2019,9,4,Ri-Bhoi Block,"TRAIN_GEOGRAPHIC (Blocks 1, 2, 4)",1,Ri-Bhoi Block,2019
BG_0428,0,Controlled_Background,26.099028,91.610843,2020-09-27,2020,9,4,Ri-Bhoi Block,"TRAIN_GEOGRAPHIC (Blocks 1, 2, 4)",0,Ri-Bhoi Block,2020
BG_0429,0,Controlled_Background,25.978568,91.235825,2011-09-01,2011,9,4,Ri-Bhoi Block,"TRAIN_GEOGRAPHIC (Blocks 1, 2, 4)",4,Ri-Bhoi Block,2011
BG_0430,0,Controlled_Background,25.781522,92.393411,2020-09-13,2020,9,4,Ri-Bhoi Block,"TRAIN_GEOGRAPHIC (Blocks 1, 2, 4)",3,Ri-Bhoi Block,2020
BG_0431,0,Controlled_Background,25.85355,92.468855,2010-09-11,2010,9,4,Ri-Bhoi Block,"TRAIN_GEOGRAPHIC (Blocks 1, 2, 4)",4,Ri-Bhoi Block,2010
BG_0432,0,Controlled_Background,25.786728,91.427863,2023-09-16,2023,9,4,Ri-Bhoi Block,"TRAIN_GEOGRAPHIC (Blocks 1, 2, 4)",0,Ri-Bhoi Block,2023
BG_0433,0,Controlled_Background,25.798401,92.426716,2018-09-13,2018,9,4,Ri-Bhoi Block,"TRAIN_GEOGRAPHIC (Blocks 1, 2, 4)",0,Ri-Bhoi Block,2018
BG_0434,0,Controlled_Background,25.981166,92.472693,2008-09-02,2008,9,4,Ri-Bhoi Block,"TRAIN_GEOGRAPHIC (Blocks 1, 2, 4)",1,Ri-Bhoi Block,2008
BG_0435,0,Controlled_Background,25.665137,91.241009,2017-09-12,2017,9,4,Ri-Bhoi Block,"TRAIN_GEOGRAPHIC (Blocks 1, 2, 4)",1,Ri-Bhoi Block,2017
BG_0436,0,Controlled_Background,25.799607,92.181287,2010-09-25,2010,9,4,Ri-Bhoi Block,"TRAIN_GEOGRAPHIC (Blocks 1, 2, 4)",1,Ri-Bhoi Block,2010
BG_0437,0,Controlled_Background,25.920815,91.025581,2024-09-29,2024,9,4,Ri-Bhoi Block,"TRAIN_GEOGRAPHIC (Blocks 1, 2, 4)",2,Ri-Bhoi Block,2024
BG_0438,0,Controlled_Background,25.981126,91.78518,2013-09-03,2013,9,4,Ri-Bhoi Block,"TRAIN_GEOGRAPHIC (Blocks 1, 2, 4)",0,Ri-Bhoi Block,2013
BG_0439,0,Controlled_Background,25.861977,91.636411,2012-09-16,2012,9,4,Ri-Bhoi Block,"TRAIN_GEOGRAPHIC (Blocks 1, 2, 4)",3,Ri-Bhoi Block,2012
BG_0440,0,Controlled_Background,25.874971,91.250897,2022-09-12,2022,9,4,Ri-Bhoi Block,"TRAIN_GEOGRAPHIC (Blocks 1, 2, 4)",2,Ri-Bhoi Block,2022
BG_0441,0,Controlled_Background,25.784799,92.339914,2008-09-02,2008,9,4,Ri-Bhoi Block,"TRAIN_GEOGRAPHIC (Blocks 1, 2, 4)",4,Ri-Bhoi Block,2008
BG_0442,0,Controlled_Background,25.747263,92.518412,2011-09-24,2011,9,4,Ri-Bhoi Block,"TRAIN_GEOGRAPHIC (Blocks 1, 2, 4)",3,Ri-Bhoi Block,2011
BG_0443,0,Controlled_Background,25.960882,92.082372,2023-09-13,2023,9,4,Ri-Bhoi Block,"TRAIN_GEOGRAPHIC (Blocks 1, 2, 4)",0,Ri-Bhoi Block,2023
BG_0444,0,Controlled_Background,25.674689,91.501183,2017-09-23,2017,9,4,Ri-Bhoi Block,"TRAIN_GEOGRAPHIC (Blocks 1, 2, 4)",4,Ri-Bhoi Block,2017
BG_0445,0,Controlled_Background,25.997906,92.22652,2022-10-26,2022,10,4,Ri-Bhoi Block,"TRAIN_GEOGRAPHIC (Blocks 1, 2, 4)",2,Ri-Bhoi Block,2022
BG_0446,0,Controlled_Background,25.828015,91.232445,2014-10-03,2014,10,4,Ri-Bhoi Block,"TRAIN_GEOGRAPHIC (Blocks 1, 2, 4)",0,Ri-Bhoi Block,2014
BG_0447,0,Controlled_Background,25.807334,91.08,2020-10-18,2020,10,4,Ri-Bhoi Block,"TRAIN_GEOGRAPHIC (Blocks 1, 2, 4)",1,Ri-Bhoi Block,2020
BG_0448,0,Controlled_Background,25.434585,92.746825,2011-04-25,2011,4,5,Jaintia Hills Block,VALIDATION_GEOGRAPHIC (Block 5 Jaintia Hills),3,Jaintia Hills Block,2011
BG_0449,0,Controlled_Background,25.310066,92.426242,2019-04-03,2019,4,5,Jaintia Hills Block,VALIDATION_GEOGRAPHIC (Block 5 Jaintia Hills),3,Jaintia Hills Block,2019
BG_0450,0,Controlled_Background,25.26502,92.225625,2019-04-10,2019,4,5,Jaintia Hills Block,VALIDATION_GEOGRAPHIC (Block 5 Jaintia Hills),0,Jaintia Hills Block,2019
BG_0451,0,Controlled_Background,25.186292,92.220838,2022-04-28,2022,4,5,Jaintia Hills Block,VALIDATION_GEOGRAPHIC (Block 5 Jaintia Hills),4,Jaintia Hills Block,2022
BG_0452,0,Controlled_Background,25.182157,92.088765,2011-04-06,2011,4,5,Jaintia Hills Block,VALIDATION_GEOGRAPHIC (Block 5 Jaintia Hills),0,Jaintia Hills Block,2011
BG_0453,0,Controlled_Background,25.036146,92.514558,2022-04-29,2022,4,5,Jaintia Hills Block,VALIDATION_GEOGRAPHIC (Block 5 Jaintia Hills),1,Jaintia Hills Block,2022
BG_0454,0,Controlled_Background,25.587389,92.010976,2007-04-08,2007,4,5,Jaintia Hills Block,VALIDATION_GEOGRAPHIC (Block 5 Jaintia Hills),1,Jaintia Hills Block,2007
BG_0455,0,Controlled_Background,25.151232,92.270711,2009-04-24,2009,4,5,Jaintia Hills Block,VALIDATION_GEOGRAPHIC (Block 5 Jaintia Hills),1,Jaintia Hills Block,2009
BG_0456,0,Controlled_Background,25.366654,92.075557,2025-04-26,2025,4,5,Jaintia Hills Block,VALIDATION_GEOGRAPHIC (Block 5 Jaintia Hills),3,Jaintia Hills Block,2025
BG_0457,0,Controlled_Background,25.292379,92.715552,2007-04-30,2007,4,5,Jaintia Hills Block,VALIDATION_GEOGRAPHIC (Block 5 Jaintia Hills),2,Jaintia Hills Block,2007
BG_0458,0,Controlled_Background,25.235707,92.689217,2011-04-22,2011,4,5,Jaintia Hills Block,VALIDATION_GEOGRAPHIC (Block 5 Jaintia Hills),4,Jaintia Hills Block,2011
BG_0459,0,Controlled_Background,25.068471,92.606347,2014-04-17,2014,4,5,Jaintia Hills Block,VALIDATION_GEOGRAPHIC (Block 5 Jaintia Hills),2,Jaintia Hills Block,2014
BG_0460,0,Controlled_Background,25.235707,92.689217,2018-04-11,2018,4,5,Jaintia Hills Block,VALIDATION_GEOGRAPHIC (Block 5 Jaintia Hills),2,Jaintia Hills Block,2018
BG_0461,0,Controlled_Background,25.316684,92.802903,2013-04-27,2013,4,5,Jaintia Hills Block,VALIDATION_GEOGRAPHIC (Block 5 Jaintia Hills),3,Jaintia Hills Block,2013
BG_0462,0,Controlled_Background,25.574115,92.282751,2007-04-05,2007,4,5,Jaintia Hills Block,VALIDATION_GEOGRAPHIC (Block 5 Jaintia Hills),0,Jaintia Hills Block,2007
BG_0463,0,Controlled_Background,25.467682,92.368606,2023-04-01,2023,4,5,Jaintia Hills Block,VALIDATION_GEOGRAPHIC (Block 5 Jaintia Hills),4,Jaintia Hills Block,2023
BG_0464,0,Controlled_Background,25.36722,92.07825,2018-04-24,2018,4,5,Jaintia Hills Block,VALIDATION_GEOGRAPHIC (Block 5 Jaintia Hills),0,Jaintia Hills Block,2018
BG_0465,0,Controlled_Background,25.604827,92.372455,2017-04-26,2017,4,5,Jaintia Hills Block,VALIDATION_GEOGRAPHIC (Block 5 Jaintia Hills),2,Jaintia Hills Block,2017
BG_0466,0,Controlled_Background,25.490788,92.721605,2010-04-29,2010,4,5,Jaintia Hills Block,VALIDATION_GEOGRAPHIC (Block 5 Jaintia Hills),4,Jaintia Hills Block,2010
BG_0467,0,Controlled_Background,25.293505,92.714645,2019-04-11,2019,4,5,Jaintia Hills Block,VALIDATION_GEOGRAPHIC (Block 5 Jaintia Hills),1,Jaintia Hills Block,2019
BG_0468,0,Controlled_Background,25.037575,92.287322,2025-04-06,2025,4,5,Jaintia Hills Block,VALIDATION_GEOGRAPHIC (Block 5 Jaintia Hills),0,Jaintia Hills Block,2025
BG_0469,0,Controlled_Background,25.098136,92.479519,2012-05-13,2012,5,5,Jaintia Hills Block,VALIDATION_GEOGRAPHIC (Block 5 Jaintia Hills),0,Jaintia Hills Block,2012
BG_0470,0,Controlled_Background,25.21666,92.356689,2025-05-04,2025,5,5,Jaintia Hills Block,VALIDATION_GEOGRAPHIC (Block 5 Jaintia Hills),0,Jaintia Hills Block,2025
BG_0471,0,Controlled_Background,25.131677,92.002642,2026-05-07,2026,5,5,Jaintia Hills Block,VALIDATION_GEOGRAPHIC (Block 5 Jaintia Hills),1,Jaintia Hills Block,2026
BG_0472,0,Controlled_Background,25.521614,92.295827,2022-05-02,2022,5,5,Jaintia Hills Block,VALIDATION_GEOGRAPHIC (Block 5 Jaintia Hills),1,Jaintia Hills Block,2022
BG_0473,0,Controlled_Background,25.224044,92.421275,2009-05-16,2009,5,5,Jaintia Hills Block,VALIDATION_GEOGRAPHIC (Block 5 Jaintia Hills),3,Jaintia Hills Block,2009
BG_0474,0,Controlled_Background,25.043011,92.207954,2012-05-18,2012,5,5,Jaintia Hills Block,VALIDATION_GEOGRAPHIC (Block 5 Jaintia Hills),3,Jaintia Hills Block,2012
BG_0475,0,Controlled_Background,25.093816,92.713051,2019-05-18,2019,5,5,Jaintia Hills Block,VALIDATION_GEOGRAPHIC (Block 5 Jaintia Hills),3,Jaintia Hills Block,2019
BG_0476,0,Controlled_Background,25.531661,92.238715,2010-05-14,2010,5,5,Jaintia Hills Block,VALIDATION_GEOGRAPHIC (Block 5 Jaintia Hills),1,Jaintia Hills Block,2010
BG_0477,0,Controlled_Background,25.397432,92.06251,2008-05-05,2008,5,5,Jaintia Hills Block,VALIDATION_GEOGRAPHIC (Block 5 Jaintia Hills),3,Jaintia Hills Block,2008
BG_0478,0,Controlled_Background,25.302258,92.799952,2023-05-17,2023,5,5,Jaintia Hills Block,VALIDATION_GEOGRAPHIC (Block 5 Jaintia Hills),1,Jaintia Hills Block,2023
BG_0479,0,Controlled_Background,25.636445,92.238966,2013-05-11,2013,5,5,Jaintia Hills Block,VALIDATION_GEOGRAPHIC (Block 5 Jaintia Hills),3,Jaintia Hills Block,2013
BG_0480,0,Controlled_Background,25.265495,92.230431,2023-05-07,2023,5,5,Jaintia Hills Block,VALIDATION_GEOGRAPHIC (Block 5 Jaintia Hills),0,Jaintia Hills Block,2023
BG_0481,0,Controlled_Background,25.398256,92.59715,2007-05-23,2007,5,5,Jaintia Hills Block,VALIDATION_GEOGRAPHIC (Block 5 Jaintia Hills),4,Jaintia Hills Block,2007
BG_0482,0,Controlled_Background,25.538688,92.454753,2012-05-18,2012,5,5,Jaintia Hills Block,VALIDATION_GEOGRAPHIC (Block 5 Jaintia Hills),4,Jaintia Hills Block,2012
BG_0483,0,Controlled_Background,25.464679,92.368105,2026-05-02,2026,5,5,Jaintia Hills Block,VALIDATION_GEOGRAPHIC (Block 5 Jaintia Hills),2,Jaintia Hills Block,2026
BG_0484,0,Controlled_Background,25.098136,92.479519,2014-05-30,2014,5,5,Jaintia Hills Block,VALIDATION_GEOGRAPHIC (Block 5 Jaintia Hills),0,Jaintia Hills Block,2014
BG_0485,0,Controlled_Background,25.349812,92.62291,2023-05-21,2023,5,5,Jaintia Hills Block,VALIDATION_GEOGRAPHIC (Block 5 Jaintia Hills),2,Jaintia Hills Block,2023
BG_0486,0,Controlled_Background,25.519453,92.669946,2018-05-24,2018,5,5,Jaintia Hills Block,VALIDATION_GEOGRAPHIC (Block 5 Jaintia Hills),4,Jaintia Hills Block,2018
BG_0487,0,Controlled_Background,25.140559,92.00706,2008-05-05,2008,5,5,Jaintia Hills Block,VALIDATION_GEOGRAPHIC (Block 5 Jaintia Hills),0,Jaintia Hills Block,2008
BG_0488,0,Controlled_Background,25.212492,92.420506,2014-05-06,2014,5,5,Jaintia Hills Block,VALIDATION_GEOGRAPHIC (Block 5 Jaintia Hills),2,Jaintia Hills Block,2014
BG_0489,0,Controlled_Background,25.048455,92.05433,2018-05-29,2018,5,5,Jaintia Hills Block,VALIDATION_GEOGRAPHIC (Block 5 Jaintia Hills),3,Jaintia Hills Block,2018
BG_0490,0,Controlled_Background,25.620383,92.278837,2024-05-21,2024,5,5,Jaintia Hills Block,VALIDATION_GEOGRAPHIC (Block 5 Jaintia Hills),4,Jaintia Hills Block,2024
BG_0491,0,Controlled_Background,25.397432,92.06251,2024-05-12,2024,5,5,Jaintia Hills Block,VALIDATION_GEOGRAPHIC (Block 5 Jaintia Hills),1,Jaintia Hills Block,2024
BG_0492,0,Controlled_Background,25.020057,92.709458,2025-05-06,2025,5,5,Jaintia Hills Block,VALIDATION_GEOGRAPHIC (Block 5 Jaintia Hills),1,Jaintia Hills Block,2025
BG_0493,0,Controlled_Background,25.470089,92.109751,2014-05-13,2014,5,5,Jaintia Hills Block,VALIDATION_GEOGRAPHIC (Block 5 Jaintia Hills),2,Jaintia Hills Block,2014
BG_0494,0,Controlled_Background,25.487729,92.064336,2011-05-30,2011,5,5,Jaintia Hills Block,VALIDATION_GEOGRAPHIC (Block 5 Jaintia Hills),0,Jaintia Hills Block,2011
BG_0495,0,Controlled_Background,25.604358,92.097605,2010-05-18,2010,5,5,Jaintia Hills Block,VALIDATION_GEOGRAPHIC (Block 5 Jaintia Hills),0,Jaintia Hills Block,2010
BG_0496,0,Controlled_Background,25.630965,92.05495,2017-05-25,2017,5,5,Jaintia Hills Block,VALIDATION_GEOGRAPHIC (Block 5 Jaintia Hills),1,Jaintia Hills Block,2017
BG_0497,0,Controlled_Background,25.641562,92.622057,2017-05-12,2017,5,5,Jaintia Hills Block,VALIDATION_GEOGRAPHIC (Block 5 Jaintia Hills),2,Jaintia Hills Block,2017
BG_0498,0,Controlled_Background,25.639739,92.786137,2025-05-10,2025,5,5,Jaintia Hills Block,VALIDATION_GEOGRAPHIC (Block 5 Jaintia Hills),3,Jaintia Hills Block,2025
BG_0499,0,Controlled_Background,25.587389,92.010976,2018-05-26,2018,5,5,Jaintia Hills Block,VALIDATION_GEOGRAPHIC (Block 5 Jaintia Hills),4,Jaintia Hills Block,2018
BG_0500,0,Controlled_Background,25.151232,92.270711,2022-05-27,2022,5,5,Jaintia Hills Block,VALIDATION_GEOGRAPHIC (Block 5 Jaintia Hills),4,Jaintia Hills Block,2022
BG_0501,0,Controlled_Background,25.327304,92.298653,2019-05-31,2019,5,5,Jaintia Hills Block,VALIDATION_GEOGRAPHIC (Block 5 Jaintia Hills),0,Jaintia Hills Block,2019
BG_0502,0,Controlled_Background,25.39237,92.525628,2012-05-15,2012,5,5,Jaintia Hills Block,VALIDATION_GEOGRAPHIC (Block 5 Jaintia Hills),2,Jaintia Hills Block,2012
BG_0503,0,Controlled_Background,25.068471,92.606347,2010-05-10,2010,5,5,Jaintia Hills Block,VALIDATION_GEOGRAPHIC (Block 5 Jaintia Hills),4,Jaintia Hills Block,2010
BG_0504,0,Controlled_Background,25.585839,92.721494,2010-05-04,2010,5,5,Jaintia Hills Block,VALIDATION_GEOGRAPHIC (Block 5 Jaintia Hills),2,Jaintia Hills Block,2010
BG_0505,0,Controlled_Background,25.370409,92.327265,2014-06-16,2014,6,5,Jaintia Hills Block,VALIDATION_GEOGRAPHIC (Block 5 Jaintia Hills),4,Jaintia Hills Block,2014
BG_0506,0,Controlled_Background,25.353709,92.244591,2020-06-20,2020,6,5,Jaintia Hills Block,VALIDATION_GEOGRAPHIC (Block 5 Jaintia Hills),0,Jaintia Hills Block,2020
BG_0507,0,Controlled_Background,25.122019,92.816071,2008-06-11,2008,6,5,Jaintia Hills Block,VALIDATION_GEOGRAPHIC (Block 5 Jaintia Hills),2,Jaintia Hills Block,2008
BG_0508,0,Controlled_Background,25.33176,92.660863,2022-06-30,2022,6,5,Jaintia Hills Block,VALIDATION_GEOGRAPHIC (Block 5 Jaintia Hills),1,Jaintia Hills Block,2022
BG_0509,0,Controlled_Background,25.55466,92.38193,2007-06-08,2007,6,5,Jaintia Hills Block,VALIDATION_GEOGRAPHIC (Block 5 Jaintia Hills),4,Jaintia Hills Block,2007
BG_0510,0,Controlled_Background,25.348488,92.150984,2019-06-23,2019,6,5,Jaintia Hills Block,VALIDATION_GEOGRAPHIC (Block 5 Jaintia Hills),0,Jaintia Hills Block,2019
BG_0511,0,Controlled_Background,25.462204,92.472758,2026-06-26,2026,6,5,Jaintia Hills Block,VALIDATION_GEOGRAPHIC (Block 5 Jaintia Hills),3,Jaintia Hills Block,2026
BG_0512,0,Controlled_Background,25.366654,92.075557,2023-06-13,2023,6,5,Jaintia Hills Block,VALIDATION_GEOGRAPHIC (Block 5 Jaintia Hills),2,Jaintia Hills Block,2023
BG_0513,0,Controlled_Background,25.454108,92.379522,2007-06-24,2007,6,5,Jaintia Hills Block,VALIDATION_GEOGRAPHIC (Block 5 Jaintia Hills),2,Jaintia Hills Block,2007
BG_0514,0,Controlled_Background,25.329221,92.590814,2020-06-09,2020,6,5,Jaintia Hills Block,VALIDATION_GEOGRAPHIC (Block 5 Jaintia Hills),3,Jaintia Hills Block,2020
BG_0515,0,Controlled_Background,25.604358,92.097605,2009-06-13,2009,6,5,Jaintia Hills Block,VALIDATION_GEOGRAPHIC (Block 5 Jaintia Hills),0,Jaintia Hills Block,2009
BG_0516,0,Controlled_Background,25.123127,92.214474,2023-06-12,2023,6,5,Jaintia Hills Block,VALIDATION_GEOGRAPHIC (Block 5 Jaintia Hills),3,Jaintia Hills Block,2023
BG_0517,0,Controlled_Background,25.191219,92.278714,2012-06-17,2012,6,5,Jaintia Hills Block,VALIDATION_GEOGRAPHIC (Block 5 Jaintia Hills),3,Jaintia Hills Block,2012
BG_0518,0,Controlled_Background,25.470089,92.109751,2026-06-02,2026,6,5,Jaintia Hills Block,VALIDATION_GEOGRAPHIC (Block 5 Jaintia Hills),2,Jaintia Hills Block,2026
BG_0519,0,Controlled_Background,25.437689,92.798067,2020-06-05,2020,6,5,Jaintia Hills Block,VALIDATION_GEOGRAPHIC (Block 5 Jaintia Hills),4,Jaintia Hills Block,2020
BG_0520,0,Controlled_Background,25.16782,92.230868,2018-06-18,2018,6,5,Jaintia Hills Block,VALIDATION_GEOGRAPHIC (Block 5 Jaintia Hills),0,Jaintia Hills Block,2018
BG_0521,0,Controlled_Background,25.64966,92.572199,2013-06-16,2013,6,5,Jaintia Hills Block,VALIDATION_GEOGRAPHIC (Block 5 Jaintia Hills),0,Jaintia Hills Block,2013
BG_0522,0,Controlled_Background,25.615374,92.080954,2023-06-21,2023,6,5,Jaintia Hills Block,VALIDATION_GEOGRAPHIC (Block 5 Jaintia Hills),1,Jaintia Hills Block,2023
BG_0523,0,Controlled_Background,25.332451,92.497679,2010-06-11,2010,6,5,Jaintia Hills Block,VALIDATION_GEOGRAPHIC (Block 5 Jaintia Hills),1,Jaintia Hills Block,2010
BG_0524,0,Controlled_Background,25.459354,92.386314,2014-06-07,2014,6,5,Jaintia Hills Block,VALIDATION_GEOGRAPHIC (Block 5 Jaintia Hills),1,Jaintia Hills Block,2014
BG_0525,0,Controlled_Background,25.595833,92.039591,2025-06-05,2025,6,5,Jaintia Hills Block,VALIDATION_GEOGRAPHIC (Block 5 Jaintia Hills),4,Jaintia Hills Block,2025
BG_0526,0,Controlled_Background,25.020057,92.709458,2011-06-05,2011,6,5,Jaintia Hills Block,VALIDATION_GEOGRAPHIC (Block 5 Jaintia Hills),4,Jaintia Hills Block,2011
BG_0527,0,Controlled_Background,25.341478,92.257146,2009-06-06,2009,6,5,Jaintia Hills Block,VALIDATION_GEOGRAPHIC (Block 5 Jaintia Hills),4,Jaintia Hills Block,2009
BG_0528,0,Controlled_Background,25.310066,92.426242,2026-06-21,2026,6,5,Jaintia Hills Block,VALIDATION_GEOGRAPHIC (Block 5 Jaintia Hills),2,Jaintia Hills Block,2026
BG_0529,0,Controlled_Background,25.21666,92.356689,2013-06-27,2013,6,5,Jaintia Hills Block,VALIDATION_GEOGRAPHIC (Block 5 Jaintia Hills),3,Jaintia Hills Block,2013
BG_0530,0,Controlled_Background,25.48579,92.096992,2009-06-06,2009,6,5,Jaintia Hills Block,VALIDATION_GEOGRAPHIC (Block 5 Jaintia Hills),1,Jaintia Hills Block,2009
BG_0531,0,Controlled_Background,25.630965,92.05495,2007-06-04,2007,6,5,Jaintia Hills Block,VALIDATION_GEOGRAPHIC (Block 5 Jaintia Hills),0,Jaintia Hills Block,2007
BG_0532,0,Controlled_Background,25.646365,92.691563,2017-06-30,2017,6,5,Jaintia Hills Block,VALIDATION_GEOGRAPHIC (Block 5 Jaintia Hills),2,Jaintia Hills Block,2017
BG_0533,0,Controlled_Background,25.36345,92.228716,2010-06-22,2010,6,5,Jaintia Hills Block,VALIDATION_GEOGRAPHIC (Block 5 Jaintia Hills),3,Jaintia Hills Block,2010
BG_0534,0,Controlled_Background,25.519453,92.669946,2011-06-04,2011,6,5,Jaintia Hills Block,VALIDATION_GEOGRAPHIC (Block 5 Jaintia Hills),1,Jaintia Hills Block,2011
BG_0535,0,Controlled_Background,25.443956,92.688456,2017-07-17,2017,7,5,Jaintia Hills Block,VALIDATION_GEOGRAPHIC (Block 5 Jaintia Hills),1,Jaintia Hills Block,2017
BG_0536,0,Controlled_Background,25.443956,92.688456,2022-07-01,2022,7,5,Jaintia Hills Block,VALIDATION_GEOGRAPHIC (Block 5 Jaintia Hills),3,Jaintia Hills Block,2022
BG_0537,0,Controlled_Background,25.643529,92.513693,2013-07-03,2013,7,5,Jaintia Hills Block,VALIDATION_GEOGRAPHIC (Block 5 Jaintia Hills),2,Jaintia Hills Block,2013
BG_0538,0,Controlled_Background,25.188551,92.019496,2008-07-08,2008,7,5,Jaintia Hills Block,VALIDATION_GEOGRAPHIC (Block 5 Jaintia Hills),2,Jaintia Hills Block,2008
BG_0539,0,Controlled_Background,25.50872,92.00293,2009-07-10,2009,7,5,Jaintia Hills Block,VALIDATION_GEOGRAPHIC (Block 5 Jaintia Hills),3,Jaintia Hills Block,2009
BG_0540,0,Controlled_Background,25.470089,92.109751,2024-07-24,2024,7,5,Jaintia Hills Block,VALIDATION_GEOGRAPHIC (Block 5 Jaintia Hills),0,Jaintia Hills Block,2024
BG_0541,0,Controlled_Background,25.138171,92.150762,2012-07-07,2012,7,5,Jaintia Hills Block,VALIDATION_GEOGRAPHIC (Block 5 Jaintia Hills),2,Jaintia Hills Block,2012
BG_0542,0,Controlled_Background,25.636206,92.684171,2017-07-23,2017,7,5,Jaintia Hills Block,VALIDATION_GEOGRAPHIC (Block 5 Jaintia Hills),2,Jaintia Hills Block,2017
BG_0543,0,Controlled_Background,25.07737,92.226525,2019-07-14,2019,7,5,Jaintia Hills Block,VALIDATION_GEOGRAPHIC (Block 5 Jaintia Hills),0,Jaintia Hills Block,2019
BG_0544,0,Controlled_Background,25.265495,92.230431,2008-07-12,2008,7,5,Jaintia Hills Block,VALIDATION_GEOGRAPHIC (Block 5 Jaintia Hills),3,Jaintia Hills Block,2008
BG_0545,0,Controlled_Background,25.510424,92.040185,2019-07-02,2019,7,5,Jaintia Hills Block,VALIDATION_GEOGRAPHIC (Block 5 Jaintia Hills),0,Jaintia Hills Block,2019
BG_0546,0,Controlled_Background,25.637026,92.70703,2014-07-22,2014,7,5,Jaintia Hills Block,VALIDATION_GEOGRAPHIC (Block 5 Jaintia Hills),0,Jaintia Hills Block,2014
BG_0547,0,Controlled_Background,25.612811,92.079948,2013-07-13,2013,7,5,Jaintia Hills Block,VALIDATION_GEOGRAPHIC (Block 5 Jaintia Hills),4,Jaintia Hills Block,2013
BG_0548,0,Controlled_Background,25.602014,92.22814,2013-07-11,2013,7,5,Jaintia Hills Block,VALIDATION_GEOGRAPHIC (Block 5 Jaintia Hills),1,Jaintia Hills Block,2013
BG_0549,0,Controlled_Background,25.33019,92.667537,2009-07-27,2009,7,5,Jaintia Hills Block,VALIDATION_GEOGRAPHIC (Block 5 Jaintia Hills),4,Jaintia Hills Block,2009
BG_0550,0,Controlled_Background,25.088083,92.305065,2019-07-26,2019,7,5,Jaintia Hills Block,VALIDATION_GEOGRAPHIC (Block 5 Jaintia Hills),1,Jaintia Hills Block,2019
BG_0551,0,Controlled_Background,25.215715,92.271425,2014-07-14,2014,7,5,Jaintia Hills Block,VALIDATION_GEOGRAPHIC (Block 5 Jaintia Hills),3,Jaintia Hills Block,2014
BG_0552,0,Controlled_Background,25.640313,92.58709,2020-07-12,2020,7,5,Jaintia Hills Block,VALIDATION_GEOGRAPHIC (Block 5 Jaintia Hills),4,Jaintia Hills Block,2020
BG_0553,0,Controlled_Background,25.294997,92.618651,2019-07-24,2019,7,5,Jaintia Hills Block,VALIDATION_GEOGRAPHIC (Block 5 Jaintia Hills),0,Jaintia Hills Block,2019
BG_0554,0,Controlled_Background,25.204791,92.463426,2014-07-21,2014,7,5,Jaintia Hills Block,VALIDATION_GEOGRAPHIC (Block 5 Jaintia Hills),4,Jaintia Hills Block,2014
BG_0555,0,Controlled_Background,25.171508,92.504021,2017-07-22,2017,7,5,Jaintia Hills Block,VALIDATION_GEOGRAPHIC (Block 5 Jaintia Hills),1,Jaintia Hills Block,2017
BG_0556,0,Controlled_Background,25.127926,92.255304,2023-08-05,2023,8,5,Jaintia Hills Block,VALIDATION_GEOGRAPHIC (Block 5 Jaintia Hills),0,Jaintia Hills Block,2023
BG_0557,0,Controlled_Background,25.040491,92.211654,2013-08-22,2013,8,5,Jaintia Hills Block,VALIDATION_GEOGRAPHIC (Block 5 Jaintia Hills),1,Jaintia Hills Block,2013
BG_0558,0,Controlled_Background,25.057629,92.136268,2009-08-13,2009,8,5,Jaintia Hills Block,VALIDATION_GEOGRAPHIC (Block 5 Jaintia Hills),2,Jaintia Hills Block,2009
