supervised_id,source_dataset,source_row_id,original_failure_status,observation_class,y_target,label_name,latitude,longitude,observation_date,year,month,month_name,spatial_block_id,spatial_block_name,rainfall_event_day,ari_3,ari_7,ari_15,ari_30,max_1day_7d,max_3day_30d,rainy_days_7d,rainy_days_15d,rainy_days_30d,elevation,slope,aspect,plan_curvature,profile_curvature,twi,spi
POS_0001,data/processed/meghalaya_environmental_features.csv,POS_SRC_0001,CONFIRMED_LANDSLIDE,confirmed_positive_event,1,Confirmed_Landslide,25.09178,92.35469,2018-05-07,2018,5,May,5,Jaintia Hills Block,65.93,127.63,167.35,246.92,328.5,65.93,127.63,4.0,5.0,8.0,159.0,30.17,223.1,-0.0018,0.0025,5.4842,81.4021
POS_0002,data/processed/meghalaya_environmental_features.csv,POS_SRC_0002,CONFIRMED_LANDSLIDE,confirmed_positive_event,1,Confirmed_Landslide,25.12186,92.388583,2007-07-31,2007,7,July,5,Jaintia Hills Block,41.61,145.62,317.83,464.96,554.65,68.2,145.62,7.0,12.0,19.0,113.0,34.28,324.34,-0.0075,-0.0024,4.4085,38.1667
POS_0003,data/processed/meghalaya_environmental_features.csv,POS_SRC_0003,CONFIRMED_LANDSLIDE,confirmed_positive_event,1,Confirmed_Landslide,25.134194,92.383528,2007-07-31,2007,7,July,5,Jaintia Hills Block,24.81,124.07,314.97,460.8,570.38,74.44,173.69,7.0,12.0,19.0,168.0,17.86,23.69,-0.0095,-0.0012,6.5438,72.1708
POS_0004,data/processed/meghalaya_environmental_features.csv,POS_SRC_0004,CONFIRMED_LANDSLIDE,confirmed_positive_event,1,Confirmed_Landslide,25.201,91.234,2008-08-12,2008,8,August,2,West Khasi Block,40.04,76.45,208.45,350.71,820.6,66.0,164.63,6.0,11.0,23.0,18.0,1.73,143.62,0.0031,-0.0003,6.8338,0.8429
POS_0005,data/processed/meghalaya_environmental_features.csv,POS_SRC_0005,CONFIRMED_LANDSLIDE,confirmed_positive_event,1,Confirmed_Landslide,25.20283,91.20908,2008-08-10,2008,8,August,2,West Khasi Block,24.58,86.02,178.76,309.26,806.38,61.45,160.97,6.0,12.0,25.0,50.0,12.0,288.87,-0.0,-0.0048,5.979,17.8336
POS_0006,data/processed/meghalaya_environmental_features.csv,POS_SRC_0006,CONFIRMED_LANDSLIDE,confirmed_positive_event,1,Confirmed_Landslide,25.23707,91.43212,2008-08-17,2008,8,August,2,West Khasi Block,84.58,163.58,265.2,488.63,854.54,84.58,163.58,7.0,13.0,23.0,686.0,28.92,345.0,0.008,-0.0014,4.6177,30.9036
POS_0007,data/processed/meghalaya_environmental_features.csv,POS_SRC_0007,CONFIRMED_LANDSLIDE,confirmed_positive_event,1,Confirmed_Landslide,25.282369,91.738744,2024-05-30,2024,5,May,3,East Khasi Block,29.27,292.68,400.77,493.89,601.19,175.61,292.68,6.0,11.0,14.0,759.0,35.87,98.36,0.0139,-0.0006,3.6552,20.2147
POS_0008,data/processed/meghalaya_environmental_features.csv,POS_SRC_0008,CONFIRMED_LANDSLIDE,confirmed_positive_event,1,Confirmed_Landslide,25.296,91.932,2022-04-04,2022,4,April,3,East Khasi Block,24.75,37.12,46.04,53.9,77.3,24.75,37.12,3.0,4.0,7.0,1090.0,26.76,315.53,-0.0016,0.0015,5.9614,98.6687
POS_0009,data/processed/meghalaya_environmental_features.csv,POS_SRC_0009,CONFIRMED_LANDSLIDE,confirmed_positive_event,1,Confirmed_Landslide,25.300389,91.726722,2009-06-29,2009,6,June,3,East Khasi Block,60.85,81.13,167.6,468.21,886.21,60.85,223.34,5.0,10.0,16.0,1519.0,23.86,129.78,-0.0097,0.001,5.5329,49.4496
POS_0010,data/processed/meghalaya_environmental_features.csv,POS_SRC_0010,CONFIRMED_LANDSLIDE,confirmed_positive_event,1,Confirmed_Landslide,25.31458,91.45242,2013-08-06,2013,8,August,2,West Khasi Block,0.0,91.58,225.96,510.8,1076.03,65.41,221.06,6.0,13.0,23.0,1308.0,45.19,91.61,0.0024,-0.0037,4.0171,56.2722
POS_0011,data/processed/meghalaya_environmental_features.csv,POS_SRC_0011,CONFIRMED_LANDSLIDE,confirmed_positive_event,1,Confirmed_Landslide,25.31488,91.44913,2007-07-19,2007,7,July,2,West Khasi Block,39.15,221.87,355.0,413.14,690.14,104.41,221.87,7.0,10.0,20.0,1378.0,24.86,208.22,-0.0073,0.0017,4.7929,25.9047
POS_0012,data/processed/meghalaya_environmental_features.csv,POS_SRC_0012,CONFIRMED_LANDSLIDE,confirmed_positive_event,1,Confirmed_Landslide,25.31488,91.33367,2007-07-19,2007,7,July,2,West Khasi Block,44.3,236.29,345.75,430.72,694.6,118.14,236.29,7.0,11.0,21.0,1141.0,42.73,221.55,-0.0034,-0.0031,5.2017,154.914
POS_0013,data/processed/meghalaya_environmental_features.csv,POS_SRC_0013,CONFIRMED_LANDSLIDE,confirmed_positive_event,1,Confirmed_Landslide,25.315176,91.923021,2007-07-19,2007,7,July,3,East Khasi Block,67.85,248.77,352.36,409.17,694.72,113.08,248.77,7.0,9.0,19.0,1031.0,34.69,126.14,-0.0003,0.0039,4.3915,38.6982
POS_0014,data/processed/meghalaya_environmental_features.csv,POS_SRC_0014,CONFIRMED_LANDSLIDE,confirmed_positive_event,1,Confirmed_Landslide,25.31848,91.45262,2007-07-19,2007,7,July,2,West Khasi Block,39.15,221.87,355.0,413.14,690.14,104.41,221.87,7.0,10.0,20.0,1393.0,23.72,85.78,0.0009,-0.0072,4.8459,24.5666
POS_0015,data/processed/meghalaya_environmental_features.csv,POS_SRC_0015,CONFIRMED_LANDSLIDE,confirmed_positive_event,1,Confirmed_Landslide,25.320833,91.9275,2007-07-19,2007,7,July,3,East Khasi Block,67.04,245.82,344.39,427.68,714.02,111.73,245.82,7.0,10.0,20.0,1099.0,21.52,93.53,0.0034,0.0008,4.9543,22.0417
POS_0016,data/processed/meghalaya_environmental_features.csv,POS_SRC_0016,CONFIRMED_LANDSLIDE,confirmed_positive_event,1,Confirmed_Landslide,25.375392,92.431275,2024-05-28,2024,5,May,5,Jaintia Hills Block,97.25,145.87,145.87,205.8,297.92,97.25,145.87,2.0,7.0,10.0,1112.0,11.23,176.12,0.0073,-0.0031,6.8927,38.8272
POS_0017,data/processed/meghalaya_environmental_features.csv,POS_SRC_0017,CONFIRMED_LANDSLIDE,confirmed_positive_event,1,Confirmed_Landslide,25.38803,91.46977,2007-06-16,2007,6,June,2,West Khasi Block,59.6,85.08,277.3,535.34,958.31,127.37,300.31,4.0,9.0,20.0,1529.0,6.54,215.83,-0.0516,-0.0046,7.6928,28.8307
POS_0018,data/processed/meghalaya_environmental_features.csv,POS_SRC_0018,CONFIRMED_LANDSLIDE,confirmed_positive_event,1,Confirmed_Landslide,25.40023,91.5159,2007-06-16,2007,6,June,2,West Khasi Block,51.91,77.4,265.52,533.18,1010.85,127.44,289.27,4.0,9.0,20.0,1592.0,17.0,121.92,-0.0053,-0.0011,5.2078,17.0837
POS_0019,data/processed/meghalaya_environmental_features.csv,POS_SRC_0019,CONFIRMED_LANDSLIDE,confirmed_positive_event,1,Confirmed_Landslide,25.4013,91.45855,2007-08-18,2007,8,August,2,West Khasi Block,0.0,15.91,136.6,284.34,759.06,64.37,260.09,4.0,8.0,16.0,1563.0,25.08,136.5,-0.0074,-0.0011,4.782,26.1506
POS_0020,data/processed/meghalaya_environmental_features.csv,POS_SRC_0020,CONFIRMED_LANDSLIDE,confirmed_positive_event,1,Confirmed_Landslide,25.403061,90.724166,2007-08-18,2007,8,August,1,Garo Hills Block,27.51,55.02,163.13,273.03,665.95,46.75,191.78,5.0,10.0,19.0,360.0,18.07,348.13,0.0009,-0.0012,5.1428,18.2303
POS_0021,data/processed/meghalaya_environmental_features.csv,POS_SRC_0021,CONFIRMED_LANDSLIDE,confirmed_positive_event,1,Confirmed_Landslide,25.40547,91.53712,2007-08-18,2007,8,August,2,West Khasi Block,0.0,25.23,146.84,303.33,793.93,52.59,332.25,4.0,8.0,15.0,1461.0,16.66,358.29,-0.0172,0.0009,7.4265,150.4658
POS_0022,data/processed/meghalaya_environmental_features.csv,POS_SRC_0022,CONFIRMED_LANDSLIDE,confirmed_positive_event,1,Confirmed_Landslide,25.407917,91.998889,2007-08-18,2007,8,August,3,East Khasi Block,24.54,98.15,143.23,274.94,665.44,73.61,229.23,4.0,8.0,16.0,1522.0,9.2,264.27,-0.0444,-0.0053,7.7895,63.3165
POS_0023,data/processed/meghalaya_environmental_features.csv,POS_SRC_0023,CONFIRMED_LANDSLIDE,confirmed_positive_event,1,Confirmed_Landslide,25.425,91.405,2007-08-18,2007,8,August,2,West Khasi Block,0.0,23.09,138.23,254.97,723.15,54.95,234.43,4.0,7.0,15.0,1563.0,18.51,81.67,-0.0053,0.0041,5.1171,18.6974
POS_0024,data/processed/meghalaya_environmental_features.csv,POS_SRC_0024,CONFIRMED_LANDSLIDE,confirmed_positive_event,1,Confirmed_Landslide,25.43561,91.862056,2009-07-17,2009,7,July,3,East Khasi Block,38.87,38.87,74.87,131.98,545.01,38.87,234.55,3.0,5.0,16.0,1635.0,22.34,78.65,-0.0217,-0.0024,8.7622,1078.5843
POS_0025,data/processed/meghalaya_environmental_features.csv,POS_SRC_0025,CONFIRMED_LANDSLIDE,confirmed_positive_event,1,Confirmed_Landslide,25.44465,91.34622,2007-07-17,2007,7,July,2,West Khasi Block,70.23,136.94,200.14,345.78,631.04,70.23,136.94,6.0,10.0,22.0,1471.0,12.96,262.93,-0.0214,-0.0074,5.8975,19.2713
POS_0026,data/processed/meghalaya_environmental_features.csv,POS_SRC_0026,CONFIRMED_LANDSLIDE,confirmed_positive_event,1,Confirmed_Landslide,25.50335,91.28335,2007-07-25,2007,7,July,2,West Khasi Block,111.26,166.89,212.66,509.04,800.14,111.26,213.58,3.0,10.0,19.0,1414.0,22.83,246.21,0.0034,0.0003,4.1942,11.748
POS_0027,data/processed/meghalaya_environmental_features.csv,POS_SRC_0027,CONFIRMED_LANDSLIDE,confirmed_positive_event,1,Confirmed_Landslide,25.503681,91.723422,2007-07-19,2007,7,July,3,East Khasi Block,60.62,181.85,277.87,372.83,632.5,75.77,181.85,7.0,10.0,20.0,1748.0,4.5,245.71,-0.0193,-0.0029,6.9707,6.5827
POS_0028,data/processed/meghalaya_environmental_features.csv,POS_SRC_0028,CONFIRMED_LANDSLIDE,confirmed_positive_event,1,Confirmed_Landslide,25.50667,91.28318,2007-07-19,2007,7,July,2,West Khasi Block,45.77,213.58,323.26,449.67,710.11,106.79,213.58,7.0,10.0,20.0,1396.0,22.39,292.49,0.0143,-0.004,4.2155,11.5
POS_0029,data/processed/meghalaya_environmental_features.csv,POS_SRC_0029,CONFIRMED_LANDSLIDE,confirmed_positive_event,1,Confirmed_Landslide,25.51028,90.21678,2007-07-27,2007,7,July,1,Garo Hills Block,17.45,153.8,170.44,368.31,555.94,69.79,153.8,4.0,11.0,17.0,325.0,11.6,169.95,-0.0,-0.0,6.5217,28.6432
POS_0030,data/processed/meghalaya_environmental_features.csv,POS_SRC_0030,CONFIRMED_LANDSLIDE,confirmed_positive_event,1,Confirmed_Landslide,25.51973,91.28443,2007-07-25,2007,7,July,2,West Khasi Block,111.26,166.89,212.66,509.04,800.14,111.26,213.58,3.0,10.0,19.0,1449.0,1.38,132.06,0.0239,0.0018,7.0529,0.6735
POS_0031,data/processed/meghalaya_environmental_features.csv,POS_SRC_0031,CONFIRMED_LANDSLIDE,confirmed_positive_event,1,Confirmed_Landslide,25.5208,91.25985,2007-07-25,2007,7,July,2,West Khasi Block,97.02,161.71,195.49,494.18,799.0,97.02,202.69,3.0,10.0,19.0,1358.0,19.87,109.61,-0.0015,0.003,5.0397,20.1695
POS_0032,data/processed/meghalaya_environmental_features.csv,POS_SRC_0032,CONFIRMED_LANDSLIDE,confirmed_positive_event,1,Confirmed_Landslide,25.54231,92.1,2009-07-01,2009,7,July,5,Jaintia Hills Block,26.81,120.13,162.92,221.48,478.09,58.32,123.26,6.0,10.0,17.0,1336.0,17.65,317.47,-0.0017,0.0045,5.167,17.7528
POS_0033,data/processed/meghalaya_environmental_features.csv,POS_SRC_0033,CONFIRMED_LANDSLIDE,confirmed_positive_event,1,Confirmed_Landslide,25.54261,92.10867,2009-07-01,2009,7,July,5,Jaintia Hills Block,26.81,120.13,162.92,221.48,478.09,58.32,123.26,6.0,10.0,17.0,1138.0,15.17,77.08,-0.0107,0.0033,8.4837,355.6277
POS_0034,data/processed/meghalaya_environmental_features.csv,POS_SRC_0034,CONFIRMED_LANDSLIDE,confirmed_positive_event,1,Confirmed_Landslide,25.54261,92.09842,2009-07-01,2009,7,July,5,Jaintia Hills Block,26.81,120.13,162.92,221.48,478.09,58.32,123.26,6.0,10.0,17.0,1318.0,10.26,36.46,0.0026,0.0009,5.0382,5.0483
POS_0035,data/processed/meghalaya_environmental_features.csv,POS_SRC_0035,CONFIRMED_LANDSLIDE,confirmed_positive_event,1,Confirmed_Landslide,25.54264,92.10214,2009-07-01,2009,7,July,5,Jaintia Hills Block,26.81,120.13,162.92,221.48,478.09,58.32,123.26,6.0,10.0,17.0,1332.0,6.6,117.02,-0.0245,0.0007,5.4856,3.2273
POS_0036,data/processed/meghalaya_environmental_features.csv,POS_SRC_0036,CONFIRMED_LANDSLIDE,confirmed_positive_event,1,Confirmed_Landslide,25.54328,92.10478,2009-07-01,2009,7,July,5,Jaintia Hills Block,26.81,120.13,162.92,221.48,478.09,58.32,123.26,6.0,10.0,17.0,1272.0,28.4,140.36,0.0042,-0.0001,4.6366,30.1719
POS_0037,data/processed/meghalaya_environmental_features.csv,POS_SRC_0037,CONFIRMED_LANDSLIDE,confirmed_positive_event,1,Confirmed_Landslide,25.56667,91.90194,2007-09-08,2007,9,September,3,East Khasi Block,42.65,159.93,197.61,345.55,547.26,74.63,159.93,4.0,12.0,23.0,1545.0,3.1,345.65,-0.026,-0.0009,8.4399,13.6178
POS_0038,data/processed/meghalaya_environmental_features.csv,POS_SRC_0038,CONFIRMED_LANDSLIDE,confirmed_positive_event,1,Confirmed_Landslide,25.57822,91.86545,2014-09-23,2014,9,September,3,East Khasi Block,42.62,255.72,346.44,387.49,556.26,113.65,255.72,6.0,10.0,23.0,1459.0,7.9,312.05,-0.0395,-0.0043,8.011,58.0764
POS_0039,data/processed/meghalaya_environmental_features.csv,POS_SRC_0039,CONFIRMED_LANDSLIDE,confirmed_positive_event,1,Confirmed_Landslide,25.6251,91.9118,2024-05-27,2024,5,May,3,East Khasi Block,15.1,45.29,45.29,89.38,149.12,30.19,59.74,2.0,7.0,9.0,1355.0,8.22,314.42,0.0094,0.003,5.2632,4.0255
POS_0040,data/processed/meghalaya_environmental_features.csv,POS_SRC_0040,CONFIRMED_LANDSLIDE,confirmed_positive_event,1,Confirmed_Landslide,25.663444,91.915944,2017-06-17,2017,6,June,4,Ri-Bhoi Block,35.05,70.09,194.61,234.34,406.97,41.51,124.52,5.0,9.0,18.0,948.0,16.95,165.51,0.0121,0.0029,4.5158,8.4949
POS_0041,data/processed/meghalaya_environmental_features.csv,POS_SRC_0041,CONFIRMED_LANDSLIDE,confirmed_positive_event,1,Confirmed_Landslide,25.68625,91.118358,2007-09-15,2007,9,September,4,Ri-Bhoi Block,0.0,52.61,100.8,396.37,635.88,48.19,192.77,3.0,10.0,22.0,1057.0,21.16,330.11,0.0049,0.0069,4.9699,21.5693
POS_0042,data/processed/meghalaya_environmental_features.csv,POS_SRC_0042,CONFIRMED_LANDSLIDE,confirmed_positive_event,1,Confirmed_Landslide,25.687056,91.6485,2007-09-15,2007,9,September,4,Ri-Bhoi Block,11.64,58.21,147.34,418.36,711.19,52.68,171.21,7.0,14.0,28.0,1139.0,26.67,59.0,-0.0078,-0.0011,6.2131,125.9921
POS_0043,data/processed/meghalaya_environmental_features.csv,POS_SRC_0043,CONFIRMED_LANDSLIDE,confirmed_positive_event,1,Confirmed_Landslide,25.69483,91.11836,2007-09-15,2007,9,September,4,Ri-Bhoi Block,0.0,52.61,100.8,396.37,635.88,48.19,192.77,3.0,10.0,22.0,1095.0,15.15,300.51,-0.01,0.0001,6.2433,37.7217
POS_0044,data/processed/meghalaya_environmental_features.csv,POS_SRC_0044,CONFIRMED_LANDSLIDE,confirmed_positive_event,1,Confirmed_Landslide,25.695552,91.903777,2007-09-15,2007,9,September,4,Ri-Bhoi Block,0.0,27.18,87.64,302.13,531.1,41.12,164.47,5.0,12.0,24.0,879.0,30.36,55.05,-0.0032,-0.0044,4.5555,32.6371
POS_0045,data/processed/meghalaya_environmental_features.csv,POS_SRC_0045,CONFIRMED_LANDSLIDE,confirmed_positive_event,1,Confirmed_Landslide,26.00294,91.86692,2014-09-23,2014,9,September,4,Ri-Bhoi Block,16.32,195.8,251.76,304.98,438.28,97.9,197.29,6.0,9.0,19.0,405.0,8.92,322.99,-0.0065,0.002,5.8699,8.7224
POS_0046,data/processed/meghalaya_environmental_features.csv,POS_SRC_0046,CONFIRMED_LANDSLIDE,confirmed_positive_event,1,Confirmed_Landslide,26.01061,91.86886,2014-08-23,2014,8,August,4,Ri-Bhoi Block,16.43,27.38,60.77,133.39,268.47,22.26,57.13,5.0,10.0,20.0,342.0,27.38,305.28,0.0069,0.0045,5.592,71.967
POS_0047,data/processed/meghalaya_environmental_features.csv,POS_SRC_0047,CONFIRMED_LANDSLIDE,confirmed_positive_event,1,Confirmed_Landslide,26.02547,91.87158,2014-09-20,2014,9,September,4,Ri-Bhoi Block,0.0,52.77,69.88,158.07,302.19,33.58,68.75,4.0,9.0,19.0,179.0,11.14,110.43,0.0178,0.0063,4.95,5.4692
POS_0048,data/processed/meghalaya_environmental_features.csv,POS_SRC_0048,CONFIRMED_LANDSLIDE,confirmed_positive_event,1,Confirmed_Landslide,25.477047,92.168313,2020-05-25,2020,5,May,5,Jaintia Hills Block,8.42,30.0,102.21,176.61,245.86,47.71,72.21,6.0,8.0,11.0,1405.0,10.4,282.72,-0.0173,0.0013,7.422,56.3833
POS_0049,data/processed/meghalaya_environmental_features.csv,POS_SRC_0049,CONFIRMED_LANDSLIDE,confirmed_positive_event,1,Confirmed_Landslide,25.463079,92.254261,2020-05-26,2020,5,May,5,Jaintia Hills Block,104.15,123.96,209.89,297.52,350.42,104.15,123.96,7.0,10.0,12.0,1376.0,3.25,240.12,0.0188,0.0002,6.8906,3.1716
POS_0050,data/processed/meghalaya_environmental_features.csv,POS_SRC_0050,CONFIRMED_LANDSLIDE,confirmed_positive_event,1,Confirmed_Landslide,25.566733,91.914619,2024-10-04,2024,10,October,3,East Khasi Block,70.0,128.0,202.87,251.07,302.81,70.0,128.0,7.0,12.0,18.0,1537.0,6.65,29.96,0.0285,0.0029,5.477,3.2538
POS_0051,data/processed/meghalaya_environmental_features.csv,POS_SRC_0051,CONFIRMED_LANDSLIDE,confirmed_positive_event,1,Confirmed_Landslide,25.284226,92.112942,2020-06-26,2020,6,June,5,Jaintia Hills Block,102.56,197.37,209.22,213.19,440.09,102.56,197.37,4.0,4.0,10.0,1036.0,8.42,349.56,-0.0021,0.0033,5.9346,8.2749
POS_0052,data/processed/meghalaya_environmental_features.csv,POS_SRC_0052,CONFIRMED_LANDSLIDE,confirmed_positive_event,1,Confirmed_Landslide,25.284229,92.113149,2020-05-26,2020,5,May,5,Jaintia Hills Block,114.88,141.63,268.62,362.33,392.79,114.88,141.63,7.0,9.0,10.0,1036.0,8.42,349.56,-0.0021,0.0033,5.9346,8.2749
POS_0053,data/processed/meghalaya_environmental_features.csv,POS_SRC_0053,CONFIRMED_LANDSLIDE,confirmed_positive_event,1,Confirmed_Landslide,25.29967,91.46108,2024-06-15,2024,6,June,2,West Khasi Block,58.0,128.48,263.0,455.37,918.28,58.18,318.19,7.0,10.0,19.0,1047.0,17.95,356.83,0.0117,0.0037,5.5566,27.164
POS_0054,data/processed/meghalaya_environmental_features.csv,POS_SRC_0054,CONFIRMED_LANDSLIDE,confirmed_positive_event,1,Confirmed_Landslide,25.29667,91.45986,2024-06-17,2024,6,June,2,West Khasi Block,93.13,225.63,343.36,517.89,1056.71,93.13,318.19,7.0,11.0,19.0,1005.0,24.31,161.54,-0.0073,-0.002,6.6902,164.1847
POS_0055,data/processed/meghalaya_environmental_features.csv,POS_SRC_0055,CONFIRMED_LANDSLIDE,confirmed_positive_event,1,Confirmed_Landslide,25.2975,91.46167,2024-06-17,2024,6,June,2,West Khasi Block,93.13,225.63,343.36,517.89,1056.71,93.13,318.19,7.0,11.0,19.0,1075.0,21.99,227.88,-0.0007,0.006,4.9305,22.5808
POS_0056,data/processed/meghalaya_environmental_features.csv,POS_SRC_0056,CONFIRMED_LANDSLIDE,confirmed_positive_event,1,Confirmed_Landslide,25.29739,91.46201,2024-06-17,2024,6,June,2,West Khasi Block,93.13,225.63,343.36,517.89,1056.71,93.13,318.19,7.0,11.0,19.0,1082.0,13.51,225.02,0.0001,0.0064,4.757,6.7151
POS_0057,data/processed/meghalaya_environmental_features.csv,POS_SRC_0057,CONFIRMED_LANDSLIDE,confirmed_positive_event,1,Confirmed_Landslide,25.29778,91.45972,2024-06-15,2024,6,June,2,West Khasi Block,58.0,128.48,263.0,455.37,918.28,58.18,318.19,7.0,10.0,19.0,1067.0,14.88,196.62,0.0122,0.0065,4.6558,7.4301
POS_0058,data/processed/meghalaya_environmental_features.csv,POS_SRC_0058,CONFIRMED_LANDSLIDE,confirmed_positive_event,1,Confirmed_Landslide,25.809088,91.875238,2025-07-06,2025,7,July,4,Ri-Bhoi Block,0.0,44.66,106.94,195.07,285.42,36.77,76.57,6.0,9.0,14.0,594.0,18.43,265.83,-0.0061,-0.0067,5.5241,27.8238
POS_0059,data/processed/meghalaya_environmental_features.csv,POS_SRC_0059,CONFIRMED_LANDSLIDE,confirmed_positive_event,1,Confirmed_Landslide,25.781246,91.874475,2024-07-06,2024,7,July,4,Ri-Bhoi Block,23.41,100.87,180.48,309.3,686.55,61.97,194.15,5.0,12.0,25.0,698.0,8.79,260.97,-0.0017,0.0005,5.887,8.6066
POS_0060,data/processed/meghalaya_environmental_features.csv,POS_SRC_0060,CONFIRMED_LANDSLIDE,confirmed_positive_event,1,Confirmed_Landslide,25.465167,91.824944,2025-05-30,2025,5,May,3,East Khasi Block,56.61,141.52,208.24,352.05,490.94,56.61,141.52,5.0,11.0,19.0,1690.0,14.34,341.62,0.0047,-0.0059,6.8907,64.2185
POS_0061,data/processed/meghalaya_environmental_features.csv,POS_SRC_0061,CONFIRMED_LANDSLIDE,confirmed_positive_event,1,Confirmed_Landslide,25.422278,91.867694,2025-05-30,2025,5,May,3,East Khasi Block,49.5,173.26,239.56,408.06,558.89,74.26,173.26,5.0,11.0,19.0,1713.0,33.5,61.55,-0.0107,-0.0098,5.1287,73.9304
POS_0062,data/processed/meghalaya_environmental_features.csv,POS_SRC_0062,CONFIRMED_LANDSLIDE,confirmed_positive_event,1,Confirmed_Landslide,25.434806,91.859528,2025-05-30,2025,5,May,3,East Khasi Block,42.59,127.78,194.9,332.39,469.61,44.75,127.78,5.0,11.0,19.0,1805.0,32.07,36.87,0.0027,0.0016,4.8956,52.4944
POS_0063,data/processed/meghalaya_environmental_features.csv,POS_SRC_0063,CONFIRMED_LANDSLIDE,confirmed_positive_event,1,Confirmed_Landslide,25.487167,91.819361,2025-05-30,2025,5,May,3,East Khasi Block,45.59,136.77,193.05,333.45,470.36,45.59,136.77,5.0,12.0,20.0,1724.0,7.51,287.87,-0.0395,-0.0032,7.7539,40.4513
POS_0064,data/processed/meghalaya_environmental_features.csv,POS_SRC_0064,CONFIRMED_LANDSLIDE,confirmed_positive_event,1,Confirmed_Landslide,25.456896,91.826145,2025-05-30,2025,5,May,3,East Khasi Block,42.59,127.78,194.9,332.39,469.61,44.75,127.78,5.0,11.0,19.0,1760.0,18.42,62.53,0.0147,-0.0022,4.4289,9.2982
POS_0065,data/processed/meghalaya_environmental_features.csv,POS_SRC_0065,CONFIRMED_LANDSLIDE,confirmed_positive_event,1,Confirmed_Landslide,25.366201,91.767213,2025-05-31,2025,5,May,3,East Khasi Block,159.34,318.67,393.52,605.99,826.66,159.34,318.67,5.0,11.0,20.0,1608.0,35.24,147.87,0.0072,0.0019,4.3707,39.481
POS_0066,data/processed/meghalaya_environmental_features.csv,POS_SRC_0066,CONFIRMED_LANDSLIDE,confirmed_positive_event,1,Confirmed_Landslide,25.355042,91.767525,2025-05-31,2025,5,May,3,East Khasi Block,159.34,318.67,393.52,605.99,826.66,159.34,318.67,5.0,11.0,20.0,1621.0,38.22,141.75,0.0033,0.0003,5.6484,176.0605
POS_0067,data/processed/meghalaya_environmental_features.csv,POS_SRC_0067,CONFIRMED_LANDSLIDE,confirmed_positive_event,1,Confirmed_Landslide,25.340415,91.774142,2025-05-31,2025,5,May,3,East Khasi Block,159.34,318.67,393.52,605.99,826.66,159.34,318.67,5.0,11.0,20.0,1441.0,32.78,72.09,-0.0081,0.0,5.5621,107.9849
POS_0068,data/processed/meghalaya_environmental_features.csv,POS_SRC_0068,CONFIRMED_LANDSLIDE,confirmed_positive_event,1,Confirmed_Landslide,25.577111,91.881417,2010-08-27,2010,8,August,3,East Khasi Block,13.84,79.07,114.63,195.47,404.37,41.52,79.07,6.0,11.0,24.0,1484.0,3.11,35.2,-0.0014,-0.001,6.2394,1.5178
POS_0069,data/processed/meghalaya_environmental_features.csv,POS_SRC_0069,CONFIRMED_LANDSLIDE,confirmed_positive_event,1,Confirmed_Landslide,25.561833,91.868556,2010-06-28,2010,6,June,3,East Khasi Block,50.84,101.67,151.75,234.58,538.91,50.84,101.67,6.0,11.0,24.0,1546.0,13.5,343.74,0.008,0.0027,4.7555,6.6955
POS_0070,data/processed/meghalaya_environmental_features.csv,POS_SRC_0070,CONFIRMED_LANDSLIDE,confirmed_positive_event,1,Confirmed_Landslide,25.571889,91.901278,2010-06-28,2010,6,June,3,East Khasi Block,55.2,99.36,144.1,235.74,532.87,55.2,99.36,6.0,12.0,24.0,1515.0,10.01,120.27,-0.0174,0.0009,6.855,29.5258
POS_0071,data/processed/meghalaya_environmental_features.csv,POS_SRC_0071,CONFIRMED_LANDSLIDE,confirmed_positive_event,1,Confirmed_Landslide,25.568528,91.892194,2010-06-28,2010,6,June,3,East Khasi Block,55.2,99.36,144.1,235.74,532.87,55.2,99.36,6.0,12.0,24.0,1532.0,5.61,106.74,-0.0428,-0.0025,7.5944,19.1877
POS_0072,data/processed/meghalaya_environmental_features.csv,POS_SRC_0072,CONFIRMED_LANDSLIDE,confirmed_positive_event,1,Confirmed_Landslide,25.135611,92.3805,2010-04-22,2010,4,April,5,Jaintia Hills Block,32.61,171.24,333.09,453.5,829.61,81.51,214.8,6.0,12.0,20.0,178.0,24.95,49.32,-0.0114,-0.0026,4.7906,26.0422
POS_0073,data/processed/meghalaya_environmental_features.csv,POS_SRC_0073,CONFIRMED_LANDSLIDE,confirmed_positive_event,1,Confirmed_Landslide,25.134861,92.382,2010-04-22,2010,4,April,5,Jaintia Hills Block,32.61,171.24,333.09,453.5,829.61,81.51,214.8,6.0,12.0,20.0,188.0,43.31,14.26,-0.0007,-0.0022,5.0005,131.9405
POS_0074,data/processed/meghalaya_environmental_features.csv,POS_SRC_0074,CONFIRMED_LANDSLIDE,confirmed_positive_event,1,Confirmed_Landslide,25.123833,92.385194,2010-04-22,2010,4,April,5,Jaintia Hills Block,33.41,154.13,306.88,411.87,783.14,71.88,192.6,6.0,12.0,20.0,93.0,46.91,102.23,-0.0047,-0.0033,5.0571,179.5724
POS_0075,data/processed/meghalaya_environmental_features.csv,POS_SRC_0075,CONFIRMED_LANDSLIDE,confirmed_positive_event,1,Confirmed_Landslide,25.075333,92.363417,2010-04-22,2010,4,April,5,Jaintia Hills Block,36.23,174.59,334.66,417.87,797.1,75.33,213.69,6.0,11.0,19.0,156.0,23.62,147.26,0.0037,-0.0032,4.8527,24.4982
POS_0076,data/processed/meghalaya_environmental_features.csv,POS_SRC_0076,CONFIRMED_LANDSLIDE,confirmed_positive_event,1,Confirmed_Landslide,25.051083,92.402194,2010-04-22,2010,4,April,5,Jaintia Hills Block,40.31,147.57,306.63,407.88,759.7,74.85,182.11,6.0,12.0,21.0,64.0,10.39,194.08,-0.0676,-0.0079,10.1764,883.5676
POS_0077,data/processed/meghalaya_environmental_features.csv,POS_SRC_0077,CONFIRMED_LANDSLIDE,confirmed_positive_event,1,Confirmed_Landslide,25.043056,92.420417,2010-04-22,2010,4,April,5,Jaintia Hills Block,40.31,147.57,306.63,407.88,759.7,74.85,182.11,6.0,12.0,21.0,149.0,17.54,147.56,0.0196,0.002,4.4844,8.856
POS_0078,data/processed/meghalaya_environmental_features.csv,POS_SRC_0078,CONFIRMED_LANDSLIDE,confirmed_positive_event,1,Confirmed_Landslide,25.042222,92.441278,2010-04-22,2010,4,April,5,Jaintia Hills Block,39.61,152.22,302.91,403.89,757.28,70.92,183.52,6.0,12.0,21.0,276.0,24.4,171.52,-0.0247,-0.004,6.7622,177.9367
POS_0079,data/processed/meghalaya_environmental_features.csv,POS_SRC_0079,CONFIRMED_LANDSLIDE,confirmed_positive_event,1,Confirmed_Landslide,25.364972,91.024111,2012-05-01,2012,5,May,2,West Khasi Block,0.0,0.0,0.0,90.64,477.07,0.0,136.96,0.0,2.0,14.0,398.0,13.64,242.21,0.0226,0.0056,4.7459,6.7825
POS_0080,data/processed/meghalaya_environmental_features.csv,POS_SRC_0080,CONFIRMED_LANDSLIDE,confirmed_positive_event,1,Confirmed_Landslide,25.263611,92.385578,2012-06-26,2012,6,June,5,Jaintia Hills Block,88.77,202.88,302.08,546.76,982.65,88.77,202.88,6.0,13.0,26.0,844.0,14.31,176.99,0.0047,0.0039,7.1822,85.5798
POS_0081,data/processed/meghalaya_environmental_features.csv,POS_SRC_0081,CONFIRMED_LANDSLIDE,confirmed_positive_event,1,Confirmed_Landslide,25.260056,92.388639,2012-06-26,2012,6,June,5,Jaintia Hills Block,88.77,202.88,302.08,546.76,982.65,88.77,202.88,6.0,13.0,26.0,792.0,10.61,248.48,-0.0483,-0.0084,8.6691,204.3651
POS_0082,data/processed/meghalaya_environmental_features.csv,POS_SRC_0082,CONFIRMED_LANDSLIDE,confirmed_positive_event,1,Confirmed_Landslide,25.147028,92.378833,2012-06-26,2012,6,June,5,Jaintia Hills Block,97.36,198.26,294.68,542.09,954.37,97.36,198.26,6.0,13.0,24.0,195.0,14.31,183.01,0.0349,0.0086,4.6983,7.1385
POS_0083,data/processed/meghalaya_environmental_features.csv,POS_SRC_0083,CONFIRMED_LANDSLIDE,confirmed_positive_event,1,Confirmed_Landslide,25.147028,92.378833,2012-06-26,2012,6,June,5,Jaintia Hills Block,97.36,198.26,294.68,542.09,954.37,97.36,198.26,6.0,13.0,24.0,195.0,14.31,183.01,0.0349,0.0086,4.6983,7.1385
POS_0084,data/processed/meghalaya_environmental_features.csv,POS_SRC_0084,CONFIRMED_LANDSLIDE,confirmed_positive_event,1,Confirmed_Landslide,25.143417,92.378056,2012-06-26,2012,6,June,5,Jaintia Hills Block,97.36,198.26,294.68,542.09,954.37,97.36,198.26,6.0,13.0,24.0,206.0,27.83,44.59,-0.0031,0.0001,5.357,59.1114
POS_0085,data/processed/meghalaya_environmental_features.csv,POS_SRC_0085,CONFIRMED_LANDSLIDE,confirmed_positive_event,1,Confirmed_Landslide,25.134278,92.385111,2012-06-26,2012,6,June,5,Jaintia Hills Block,97.36,198.26,294.68,542.09,954.37,97.36,198.26,6.0,13.0,24.0,148.0,19.68,87.41,0.0009,-0.0003,5.459,30.0307
POS_0086,data/processed/meghalaya_environmental_features.csv,POS_SRC_0086,CONFIRMED_LANDSLIDE,confirmed_positive_event,1,Confirmed_Landslide,25.090222,92.358056,2012-06-26,2012,6,June,5,Jaintia Hills Block,102.09,207.02,295.32,539.86,972.27,102.09,207.02,6.0,13.0,24.0,151.0,24.08,291.76,-0.0165,-0.0027,6.217,100.1386
POS_0087,data/processed/meghalaya_environmental_features.csv,POS_SRC_0087,CONFIRMED_LANDSLIDE,confirmed_positive_event,1,Confirmed_Landslide,25.090556,92.359722,2012-06-26,2012,6,June,5,Jaintia Hills Block,102.09,207.02,295.32,539.86,972.27,102.09,207.02,6.0,13.0,24.0,203.0,20.96,297.67,0.0109,0.0029,6.931,150.1728
POS_0088,data/processed/meghalaya_environmental_features.csv,POS_SRC_0088,CONFIRMED_LANDSLIDE,confirmed_positive_event,1,Confirmed_Landslide,25.087722,92.360861,2012-06-26,2012,6,June,5,Jaintia Hills Block,102.09,207.02,295.32,539.86,972.27,102.09,207.02,6.0,13.0,24.0,431.0,19.61,215.2,0.044,0.0021,4.3647,9.975
POS_0089,data/processed/meghalaya_environmental_features.csv,POS_SRC_0089,CONFIRMED_LANDSLIDE,confirmed_positive_event,1,Confirmed_Landslide,26.003611,92.863611,2012-07-26,2012,7,July,4,Ri-Bhoi Block,57.57,69.34,129.63,272.42,455.38,57.57,103.19,5.0,10.0,18.0,77.0,1.31,100.19,0.0328,0.0016,7.1036,0.635
POS_0090,data/processed/meghalaya_environmental_features.csv,POS_SRC_0090,CONFIRMED_LANDSLIDE,confirmed_positive_event,1,Confirmed_Landslide,25.530861,91.297806,2012-08-21,2012,8,August,2,West Khasi Block,42.23,166.18,230.75,392.7,829.48,77.47,166.18,6.0,12.0,24.0,1465.0,20.98,338.05,-0.0396,-0.0058,7.6883,321.0466
POS_0091,data/processed/meghalaya_environmental_features.csv,POS_SRC_0091,CONFIRMED_LANDSLIDE,confirmed_positive_event,1,Confirmed_Landslide,25.972833,91.86545,2014-09-23,2014,9,September,4,Ri-Bhoi Block,25.65,179.58,240.62,294.33,421.37,89.79,182.41,5.0,10.0,20.0,285.0,20.07,110.73,0.0034,-0.0055,5.0249,20.3156
POS_0092,data/processed/meghalaya_environmental_features.csv,POS_SRC_0092,CONFIRMED_LANDSLIDE,confirmed_positive_event,1,Confirmed_Landslide,25.674694,91.886528,2011-06-26,2011,6,June,4,Ri-Bhoi Block,21.71,47.29,117.83,164.68,394.73,25.59,103.05,7.0,10.0,19.0,1062.0,4.65,186.33,0.0283,0.0013,5.8366,2.267
POS_0093,data/processed/meghalaya_environmental_features.csv,POS_SRC_0093,CONFIRMED_LANDSLIDE,confirmed_positive_event,1,Confirmed_Landslide,25.563,91.885,2019-07-09,2019,7,July,3,East Khasi Block,34.29,80.01,140.46,325.36,421.1,45.72,167.12,5.0,10.0,19.0,1572.0,24.21,326.75,0.0034,0.0048,4.8212,25.0794
POS_0094,data/processed/meghalaya_environmental_features.csv,POS_SRC_0094,CONFIRMED_LANDSLIDE,confirmed_positive_event,1,Confirmed_Landslide,25.566631,91.913706,2019-07-10,2019,7,July,3,East Khasi Block,57.15,137.16,197.61,370.99,478.25,57.15,167.12,6.0,10.0,20.0,1530.0,10.26,339.72,-0.0083,-0.004,6.6471,25.2446
POS_0095,data/processed/meghalaya_environmental_features.csv,POS_SRC_0095,CONFIRMED_LANDSLIDE,confirmed_positive_event,1,Confirmed_Landslide,25.281,91.573306,2019-07-07,2019,7,July,2,West Khasi Block,0.0,105.95,131.8,528.75,776.64,54.26,284.38,3.0,9.0,18.0,1325.0,15.43,120.84,-0.0079,0.0006,5.3114,15.4325
POS_0096,data/processed/meghalaya_environmental_features.csv,POS_SRC_0096,CONFIRMED_LANDSLIDE,confirmed_positive_event,1,Confirmed_Landslide,25.232111,91.372528,2019-06-27,2019,6,June,2,West Khasi Block,90.75,330.41,352.21,538.68,786.8,130.76,330.41,4.0,11.0,16.0,418.0,15.06,347.53,-0.0177,-0.0039,5.337,15.0546
POS_0097,data/processed/meghalaya_environmental_features.csv,POS_SRC_0097,CONFIRMED_LANDSLIDE,confirmed_positive_event,1,Confirmed_Landslide,25.221944,91.384222,2019-06-27,2019,6,June,2,West Khasi Block,83.91,297.0,334.47,517.58,775.86,112.4,297.0,5.0,11.0,16.0,240.0,20.49,174.51,0.0132,-0.0007,5.7021,41.8063
POS_0098,data/processed/meghalaya_environmental_features.csv,POS_SRC_0098,CONFIRMED_LANDSLIDE,confirmed_positive_event,1,Confirmed_Landslide,25.187667,91.398167,2019-06-27,2019,6,June,2,West Khasi Block,83.91,297.0,334.47,517.58,775.86,112.4,297.0,5.0,11.0,16.0,94.0,19.41,207.97,-0.008,-0.0002,5.9839,49.3082
POS_0099,data/processed/meghalaya_environmental_features.csv,POS_SRC_0099,CONFIRMED_LANDSLIDE,confirmed_positive_event,1,Confirmed_Landslide,25.186889,91.398556,2019-06-27,2019,6,June,2,West Khasi Block,83.91,297.0,334.47,517.58,775.86,112.4,297.0,5.0,11.0,16.0,77.0,17.34,196.63,0.0106,-0.0006,6.1051,43.6796
POS_0100,data/processed/meghalaya_environmental_features.csv,POS_SRC_0100,CONFIRMED_LANDSLIDE,confirmed_positive_event,1,Confirmed_Landslide,25.442333,92.194472,2020-05-26,2020,5,May,5,Jaintia Hills Block,98.03,116.82,198.24,279.84,329.38,98.03,116.82,7.0,9.0,11.0,1331.0,6.48,16.02,0.0013,-0.0042,6.6035,9.5124
POS_0101,data/processed/meghalaya_environmental_features.csv,POS_SRC_0101,CONFIRMED_LANDSLIDE,confirmed_positive_event,1,Confirmed_Landslide,25.441778,92.195583,2020-05-26,2020,5,May,5,Jaintia Hills Block,98.03,116.82,198.24,279.84,329.38,98.03,116.82,7.0,9.0,11.0,1340.0,5.49,315.66,-0.0317,0.0009,7.0583,10.7316
POS_0102,data/processed/meghalaya_environmental_features.csv,POS_SRC_0102,CONFIRMED_LANDSLIDE,confirmed_positive_event,1,Confirmed_Landslide,25.436306,92.19525,2020-05-26,2020,5,May,5,Jaintia Hills Block,98.03,116.82,198.24,279.84,329.38,98.03,116.82,7.0,9.0,11.0,1359.0,13.35,90.98,-0.0129,-0.0024,6.1543,26.5038
POS_0103,data/processed/meghalaya_environmental_features.csv,POS_SRC_0103,CONFIRMED_LANDSLIDE,confirmed_positive_event,1,Confirmed_Landslide,25.435056,92.198361,2020-05-26,2020,5,May,5,Jaintia Hills Block,98.03,116.82,198.24,279.84,329.38,98.03,116.82,7.0,9.0,11.0,1350.0,12.37,147.96,0.0096,0.0031,5.5397,12.2517
POS_0104,data/processed/meghalaya_environmental_features.csv,POS_SRC_0104,CONFIRMED_LANDSLIDE,confirmed_positive_event,1,Confirmed_Landslide,25.447417,92.201389,2020-05-26,2020,5,May,5,Jaintia Hills Block,98.03,116.82,198.24,279.84,329.38,98.03,116.82,7.0,9.0,11.0,1371.0,18.41,163.6,-0.0036,-0.0019,5.5279,27.8858
POS_0105,data/processed/meghalaya_environmental_features.csv,POS_SRC_0105,CONFIRMED_LANDSLIDE,confirmed_positive_event,1,Confirmed_Landslide,25.45075,92.194528,2020-05-26,2020,5,May,5,Jaintia Hills Block,98.03,116.82,198.24,279.84,329.38,98.03,116.82,7.0,9.0,11.0,1354.0,18.99,330.37,0.007,0.0122,4.3961,9.6085
POS_0106,data/processed/meghalaya_environmental_features.csv,POS_SRC_0106,CONFIRMED_LANDSLIDE,confirmed_positive_event,1,Confirmed_Landslide,25.453517,92.187847,2020-05-26,2020,5,May,5,Jaintia Hills Block,98.03,116.82,198.24,279.84,329.38,98.03,116.82,7.0,9.0,11.0,1272.0,8.7,22.36,0.0192,-0.0001,5.2068,4.2715
POS_0107,data/processed/meghalaya_environmental_features.csv,POS_SRC_0107,CONFIRMED_LANDSLIDE,confirmed_positive_event,1,Confirmed_Landslide,25.361033,91.647008,2022-06-17,2022,6,June,3,East Khasi Block,131.53,252.58,411.42,810.63,895.26,131.53,252.58,7.0,14.0,17.0,1449.0,26.2,122.28,-0.0273,-0.0196,7.7028,536.2253
POS_0108,data/processed/meghalaya_environmental_features.csv,POS_SRC_0108,CONFIRMED_LANDSLIDE,confirmed_positive_event,1,Confirmed_Landslide,25.212739,90.632161,2022-06-17,2022,6,June,1,Garo Hills Block,62.82,171.47,303.5,697.32,866.4,62.82,199.86,7.0,15.0,20.0,44.0,25.37,261.67,-0.0216,-0.003,5.4639,53.0602
POS_0109,data/processed/meghalaya_environmental_features.csv,POS_SRC_0109,CONFIRMED_LANDSLIDE,confirmed_positive_event,1,Confirmed_Landslide,25.210222,90.632203,2022-06-17,2022,6,June,1,Garo Hills Block,62.82,171.47,303.5,697.32,866.4,62.82,199.86,7.0,15.0,20.0,36.0,17.56,261.18,0.0111,-0.0072,5.5804,26.5639
POS_0110,data/processed/meghalaya_environmental_features.csv,POS_SRC_0110,CONFIRMED_LANDSLIDE,confirmed_positive_event,1,Confirmed_Landslide,25.381633,90.060339,2022-06-09,2022,6,June,1,Garo Hills Block,66.58,133.15,299.42,312.7,823.4,99.87,251.16,6.0,7.0,16.0,82.0,9.39,66.97,0.0366,-0.0018,5.1299,4.6182
POS_0111,data/processed/meghalaya_environmental_features.csv,POS_SRC_0111,CONFIRMED_LANDSLIDE,confirmed_positive_event,1,Confirmed_Landslide,25.459397,90.708603,2022-06-17,2022,6,June,1,Garo Hills Block,55.13,162.95,296.36,675.88,824.18,61.57,187.41,7.0,14.0,18.0,190.0,22.07,198.68,-0.0012,-0.0025,6.9403,169.7706
POS_0112,data/processed/meghalaya_environmental_features.csv,POS_SRC_0112,CONFIRMED_LANDSLIDE,confirmed_positive_event,1,Confirmed_Landslide,25.459031,90.708133,2022-06-17,2022,6,June,1,Garo Hills Block,55.13,162.95,296.36,675.88,824.18,61.57,187.41,7.0,14.0,18.0,185.0,18.74,130.05,-0.0132,-0.0043,5.509,28.4139
POS_0113,data/processed/meghalaya_environmental_features.csv,POS_SRC_0113,CONFIRMED_LANDSLIDE,confirmed_positive_event,1,Confirmed_Landslide,25.44835,91.591503,2022-06-15,2022,6,June,2,West Khasi Block,43.97,96.73,256.43,520.89,609.09,61.56,161.12,7.0,14.0,17.0,1649.0,13.83,90.94,0.0297,0.0035,4.7308,6.8759
POS_0114,data/processed/meghalaya_environmental_features.csv,POS_SRC_0114,CONFIRMED_LANDSLIDE,confirmed_positive_event,1,Confirmed_Landslide,25.447436,91.591039,2022-06-15,2022,6,June,2,West Khasi Block,43.97,96.73,256.43,520.89,609.09,61.56,161.12,7.0,14.0,17.0,1628.0,20.43,152.83,-0.0125,-0.0019,5.9262,52.0162
POS_0115,data/processed/meghalaya_environmental_features.csv,POS_SRC_0115,CONFIRMED_LANDSLIDE,confirmed_positive_event,1,Confirmed_Landslide,25.447161,91.590678,2022-06-15,2022,6,June,2,West Khasi Block,43.97,96.73,256.43,520.89,609.09,61.56,161.12,7.0,14.0,17.0,1635.0,23.91,106.42,-0.0082,-0.0039,4.8359,24.7596
POS_0116,data/processed/meghalaya_environmental_features.csv,POS_SRC_0116,CONFIRMED_LANDSLIDE,confirmed_positive_event,1,Confirmed_Landslide,25.296,91.932,2022-04-04,2022,4,April,3,East Khasi Block,24.75,37.12,46.04,53.9,77.3,24.75,37.12,3.0,4.0,7.0,1090.0,26.76,315.53,-0.0016,0.0015,5.9614,98.6687
POS_0117,data/processed/meghalaya_environmental_features.csv,POS_SRC_0117,CONFIRMED_LANDSLIDE,confirmed_positive_event,1,Confirmed_Landslide,25.358611,91.972083,2022-04-04,2022,4,April,3,East Khasi Block,16.7,27.84,35.48,43.0,65.65,16.7,27.84,3.0,4.0,7.0,1166.0,22.39,252.88,0.0226,0.0066,4.2171,11.5101
POS_0118,data/processed/meghalaya_environmental_features.csv,POS_SRC_0118,CONFIRMED_LANDSLIDE,confirmed_positive_event,1,Confirmed_Landslide,25.359083,91.974333,2022-04-04,2022,4,April,3,East Khasi Block,16.7,27.84,35.48,43.0,65.65,16.7,27.84,3.0,4.0,7.0,1189.0,33.43,338.54,-0.0064,0.0032,6.1432,202.9324
POS_0119,data/processed/meghalaya_environmental_features.csv,POS_SRC_0119,CONFIRMED_LANDSLIDE,confirmed_positive_event,1,Confirmed_Landslide,25.396111,91.991944,2022-04-04,2022,4,April,3,East Khasi Block,13.53,27.07,34.77,42.78,60.34,13.53,27.07,3.0,4.0,6.0,1436.0,23.77,297.9,-0.0075,0.0035,4.1496,12.3057
POS_0120,data/processed/meghalaya_environmental_features.csv,POS_SRC_0120,CONFIRMED_LANDSLIDE,confirmed_positive_event,1,Confirmed_Landslide,25.365263,91.878497,2023-04-13,2023,4,April,3,East Khasi Block,0.0,0.0,0.0,0.0,179.51,0.0,119.67,0.0,0.0,5.0,1545.0,23.37,276.44,-0.0044,0.0004,4.1689,12.0763
POS_0121,data/processed/meghalaya_environmental_features.csv,POS_SRC_0121,CONFIRMED_LANDSLIDE,confirmed_positive_event,1,Confirmed_Landslide,25.529014,91.261886,2023-06-17,2023,6,June,2,West Khasi Block,55.67,219.35,298.96,352.76,521.92,95.43,220.54,5.0,8.0,14.0,1361.0,20.1,104.72,-0.0065,-0.0027,5.0272,20.4202
POS_0122,data/processed/meghalaya_environmental_features.csv,POS_SRC_0122,CONFIRMED_LANDSLIDE,confirmed_positive_event,1,Confirmed_Landslide,25.419556,92.161944,2023-08-10,2023,8,August,5,Jaintia Hills Block,0.0,17.65,117.18,255.41,482.25,70.59,117.17,4.0,9.0,17.0,1393.0,4.23,151.03,0.0133,0.0003,5.9343,2.0647
POS_0123,data/processed/meghalaya_environmental_features.csv,POS_SRC_0123,CONFIRMED_LANDSLIDE,confirmed_positive_event,1,Confirmed_Landslide,25.552561,91.618703,2024-06-28,2024,6,June,3,East Khasi Block,0.0,48.4,114.0,427.49,706.38,27.66,210.47,5.0,11.0,21.0,1657.0,16.61,115.7,0.0145,0.0021,4.5381,8.323
POS_0124,data/processed/meghalaya_environmental_features.csv,POS_SRC_0124,CONFIRMED_LANDSLIDE,confirmed_positive_event,1,Confirmed_Landslide,25.392958,91.551633,2024-05-28,2024,5,May,2,West Khasi Block,84.33,147.57,168.8,248.13,330.67,84.33,147.57,4.0,9.0,11.0,1415.0,20.43,134.86,0.0145,0.003,5.7037,41.6205
POS_0125,data/processed/meghalaya_environmental_features.csv,POS_SRC_0125,CONFIRMED_LANDSLIDE,confirmed_positive_event,1,Confirmed_Landslide,25.371292,91.480031,2024-06-15,2024,6,June,2,West Khasi Block,57.92,128.83,269.15,448.08,903.38,69.75,292.17,7.0,12.0,22.0,1567.0,8.53,223.31,-0.0136,-0.0003,5.9203,8.3821
POS_0126,data/processed/meghalaya_environmental_features.csv,POS_SRC_0126,CONFIRMED_LANDSLIDE,confirmed_positive_event,1,Confirmed_Landslide,25.402886,91.434242,2024-05-28,2024,5,May,2,West Khasi Block,100.46,167.43,189.05,277.78,315.72,100.46,167.43,3.0,8.0,9.0,1527.0,16.76,84.61,-0.0184,-0.0076,6.4758,58.8855
POS_0127,data/processed/meghalaya_environmental_features.csv,POS_SRC_0127,CONFIRMED_LANDSLIDE,confirmed_positive_event,1,Confirmed_Landslide,25.531739,91.296177,2024-07-02,2024,7,July,2,West Khasi Block,0.0,175.65,215.91,399.26,800.07,105.18,197.61,4.0,9.0,21.0,1460.0,24.98,176.14,0.0053,0.0024,5.8842,78.0043
POS_0128,data/processed/meghalaya_environmental_features.csv,POS_SRC_0128,CONFIRMED_LANDSLIDE,confirmed_positive_event,1,Confirmed_Landslide,25.540056,91.314142,2024-07-02,2024,7,July,2,West Khasi Block,0.0,175.65,215.91,399.26,800.07,105.18,197.61,4.0,9.0,21.0,1513.0,12.67,154.0,0.0188,0.0006,4.8209,6.2741
POS_0129,data/processed/meghalaya_environmental_features.csv,POS_SRC_0129,CONFIRMED_LANDSLIDE,confirmed_positive_event,1,Confirmed_Landslide,25.627903,91.888019,2024-05-28,2024,5,May,3,East Khasi Block,60.39,105.67,105.67,149.77,209.5,60.39,105.67,3.0,8.0,10.0,1257.0,10.44,157.1,0.0087,-0.0023,5.7122,10.2774
POS_0130,data/processed/meghalaya_environmental_features.csv,POS_SRC_0130,CONFIRMED_LANDSLIDE,confirmed_positive_event,1,Confirmed_Landslide,25.630403,91.88992,2024-05-28,2024,5,May,3,East Khasi Block,60.39,105.67,105.67,149.77,209.5,60.39,105.67,3.0,8.0,10.0,1250.0,9.72,113.65,0.0076,0.001,6.1908,14.3284
POS_0131,data/processed/meghalaya_environmental_features.csv,POS_SRC_0131,CONFIRMED_LANDSLIDE,confirmed_positive_event,1,Confirmed_Landslide,25.630858,91.887601,2024-05-28,2024,5,May,3,East Khasi Block,60.39,105.67,105.67,149.77,209.5,60.39,105.67,3.0,8.0,10.0,1232.0,14.24,324.33,-0.0137,-0.0025,7.2642,91.9714
POS_0132,data/processed/meghalaya_environmental_features.csv,POS_SRC_0132,CONFIRMED_LANDSLIDE,confirmed_positive_event,1,Confirmed_Landslide,25.641242,91.894137,2024-07-02,2024,7,July,3,East Khasi Block,0.0,103.61,155.24,295.92,495.34,80.14,150.75,6.0,11.0,21.0,1210.0,10.09,233.78,0.0158,0.0018,5.0545,4.9583
POS_0133,data/processed/meghalaya_environmental_features.csv,POS_SRC_0133,CONFIRMED_LANDSLIDE,confirmed_positive_event,1,Confirmed_Landslide,25.650572,91.893514,2024-07-02,2024,7,July,4,Ri-Bhoi Block,0.0,103.61,155.24,295.92,495.34,80.14,150.75,6.0,11.0,21.0,1135.0,22.68,297.04,0.0066,-0.0003,5.2989,34.9456
POS_0134,data/processed/meghalaya_environmental_features.csv,POS_SRC_0134,CONFIRMED_LANDSLIDE,confirmed_positive_event,1,Confirmed_Landslide,25.648872,91.896928,2024-07-02,2024,7,July,3,East Khasi Block,0.0,103.61,155.24,295.92,495.34,80.14,150.75,6.0,11.0,21.0,1083.0,18.7,199.34,0.0119,0.0023,4.4111,9.4345
POS_0135,data/processed/meghalaya_environmental_features.csv,POS_SRC_0135,CONFIRMED_LANDSLIDE,confirmed_positive_event,1,Confirmed_Landslide,25.446931,91.740967,2024-05-28,2024,5,May,3,East Khasi Block,62.92,104.86,125.45,186.88,253.17,62.92,104.86,3.0,8.0,10.0,1734.0,20.16,30.81,0.0025,-0.002,5.4301,30.7518
POS_0136,data/processed/meghalaya_environmental_features.csv,POS_SRC_0136,CONFIRMED_LANDSLIDE,confirmed_positive_event,1,Confirmed_Landslide,25.413847,91.678561,2024-05-28,2024,5,May,3,East Khasi Block,71.19,118.64,136.4,200.0,268.19,71.19,118.64,3.0,8.0,10.0,1655.0,6.88,143.57,0.0099,-0.002,6.5437,10.1036
POS_0137,data/processed/meghalaya_environmental_features.csv,POS_SRC_0137,CONFIRMED_LANDSLIDE,confirmed_positive_event,1,Confirmed_Landslide,25.345089,91.600503,2024-05-28,2024,5,May,3,East Khasi Block,115.37,173.05,191.18,275.31,364.35,115.37,173.05,3.0,8.0,11.0,1679.0,36.42,119.9,-0.0049,-0.0092,6.1192,247.4435
POS_0138,data/processed/meghalaya_environmental_features.csv,POS_SRC_0138,CONFIRMED_LANDSLIDE,confirmed_positive_event,1,Confirmed_Landslide,25.619397,91.61704,2025-05-30,2025,5,May,3,East Khasi Block,87.91,153.85,212.88,338.52,466.23,87.91,153.85,5.0,11.0,18.0,1509.0,16.98,232.47,0.0039,-0.0022,5.2077,17.0228
POS_0139,data/processed/meghalaya_environmental_features.csv,POS_SRC_0139,CONFIRMED_LANDSLIDE,confirmed_positive_event,1,Confirmed_Landslide,25.654439,91.623908,2025-05-30,2025,5,May,4,Ri-Bhoi Block,98.09,176.55,244.52,368.2,495.95,98.09,176.55,5.0,11.0,18.0,1469.0,11.6,349.93,0.0044,0.0023,6.0097,17.1658
POS_0140,data/processed/meghalaya_environmental_features.csv,POS_SRC_0140,CONFIRMED_LANDSLIDE,confirmed_positive_event,1,Confirmed_Landslide,25.654439,91.633458,2025-05-30,2025,5,May,4,Ri-Bhoi Block,97.97,156.76,222.76,343.17,468.01,97.97,156.76,5.0,11.0,18.0,1438.0,7.5,98.83,0.045,-0.0047,5.3556,3.6685
POS_0141,data/processed/meghalaya_environmental_features.csv,POS_SRC_0141,CONFIRMED_LANDSLIDE,confirmed_positive_event,1,Confirmed_Landslide,25.659772,91.634406,2025-05-30,2025,5,May,4,Ri-Bhoi Block,97.97,156.76,222.76,343.17,468.01,97.97,156.76,5.0,11.0,18.0,1407.0,5.8,76.19,0.0175,0.0016,5.6143,2.8319
POS_0142,data/processed/meghalaya_environmental_features.csv,POS_SRC_0142,CONFIRMED_LANDSLIDE,confirmed_positive_event,1,Confirmed_Landslide,25.653089,91.898039,2024-07-01,2024,7,July,4,Ri-Bhoi Block,80.14,127.08,178.2,346.17,495.34,80.14,150.75,7.0,12.0,21.0,1044.0,18.88,57.06,0.0201,0.0069,4.4007,9.5324
POS_0143,data/processed/meghalaya_environmental_features.csv,POS_SRC_0143,CONFIRMED_LANDSLIDE,confirmed_positive_event,1,Confirmed_Landslide,25.653411,91.898194,2024-07-01,2024,7,July,4,Ri-Bhoi Block,80.14,127.08,178.2,346.17,495.34,80.14,150.75,7.0,12.0,21.0,1038.0,17.74,47.97,0.0261,0.0059,4.4672,8.9194
POS_0144,data/processed/meghalaya_environmental_features.csv,POS_SRC_0144,CONFIRMED_LANDSLIDE,confirmed_positive_event,1,Confirmed_Landslide,25.66315,91.901803,2025-05-30,2025,5,May,4,Ri-Bhoi Block,46.38,123.67,182.82,286.66,396.26,46.38,123.67,6.0,13.0,20.0,1017.0,6.71,277.89,-0.0203,-0.0058,8.7251,85.3086
POS_0145,data/processed/meghalaya_environmental_features.csv,POS_SRC_0145,CONFIRMED_LANDSLIDE,confirmed_positive_event,1,Confirmed_Landslide,25.670322,91.904872,2025-05-30,2025,5,May,4,Ri-Bhoi Block,46.38,123.67,182.82,286.66,396.26,46.38,123.67,6.0,13.0,20.0,1008.0,13.34,309.12,-0.0082,0.0006,5.4602,13.2124
POS_0146,data/processed/meghalaya_environmental_features.csv,POS_SRC_0146,CONFIRMED_LANDSLIDE,confirmed_positive_event,1,Confirmed_Landslide,25.675172,91.8983,2024-06-30,2024,6,June,4,Ri-Bhoi Block,23.77,47.54,121.55,348.22,471.7,23.98,171.75,6.0,11.0,19.0,1015.0,17.09,133.15,0.0,0.0041,5.2003,17.1326
POS_0147,data/processed/meghalaya_environmental_features.csv,POS_SRC_0147,CONFIRMED_LANDSLIDE,confirmed_positive_event,1,Confirmed_Landslide,25.423156,91.863292,2025-05-31,2025,5,May,3,East Khasi Block,123.76,247.52,336.8,515.09,682.66,123.76,247.52,5.0,11.0,20.0,1740.0,38.54,358.39,-0.0046,-0.0066,4.6555,66.7474
POS_0148,data/processed/meghalaya_environmental_features.csv,POS_SRC_0148,CONFIRMED_LANDSLIDE,confirmed_positive_event,1,Confirmed_Landslide,25.301278,91.921989,2025-05-30,2025,5,May,3,East Khasi Block,31.51,189.06,255.91,447.69,634.91,94.53,189.06,4.0,10.0,18.0,1192.0,26.78,335.95,0.0012,-0.0034,5.4008,56.4319
POS_0149,data/processed/meghalaya_environmental_features.csv,POS_SRC_0149,CONFIRMED_LANDSLIDE,confirmed_positive_event,1,Confirmed_Landslide,25.675461,91.897269,2024-06-30,2024,6,June,4,Ri-Bhoi Block,23.77,47.54,121.55,348.22,471.7,23.98,171.75,6.0,11.0,19.0,1007.0,19.49,303.24,0.0084,0.003,5.0592,19.7286
POS_0150,data/processed/meghalaya_environmental_features.csv,POS_SRC_0150,CONFIRMED_LANDSLIDE,confirmed_positive_event,1,Confirmed_Landslide,25.677614,91.898658,2025-05-30,2025,5,May,4,Ri-Bhoi Block,53.2,141.85,218.46,328.22,447.29,53.2,141.85,6.0,12.0,19.0,997.0,25.02,300.15,-0.0055,-0.0041,5.881,78.0591
POS_0151,data/processed/meghalaya_environmental_features.csv,POS_SRC_0151,CONFIRMED_LANDSLIDE,confirmed_positive_event,1,Confirmed_Landslide,25.495519,91.495853,2025-07-02,2025,7,July,2,West Khasi Block,12.33,78.23,158.42,264.0,412.59,33.82,106.7,7.0,10.0,16.0,1584.0,18.18,113.97,-0.0026,-0.0048,6.052,45.8267
POS_0152,data/processed/meghalaya_environmental_features.csv,POS_SRC_0152,CONFIRMED_LANDSLIDE,confirmed_positive_event,1,Confirmed_Landslide,25.282472,91.364133,2025-05-30,2025,5,May,2,West Khasi Block,38.96,155.82,264.99,502.55,738.35,116.87,194.47,4.0,10.0,17.0,973.0,35.48,24.06,0.0054,0.0027,6.5026,338.7896
POS_0153,data/processed/meghalaya_environmental_features.csv,POS_SRC_0153,CONFIRMED_LANDSLIDE,confirmed_positive_event,1,Confirmed_Landslide,25.280906,91.365847,2025-05-30,2025,5,May,2,West Khasi Block,38.96,155.82,264.99,502.55,738.35,116.87,194.47,4.0,10.0,17.0,993.0,27.49,9.39,-0.0094,0.0002,6.6921,218.2458
POS_0154,data/processed/meghalaya_environmental_features.csv,POS_SRC_0154,CONFIRMED_LANDSLIDE,confirmed_positive_event,1,Confirmed_Landslide,25.682558,91.901114,2024-06-30,2024,6,June,4,Ri-Bhoi Block,23.77,47.54,121.55,348.22,471.7,23.98,171.75,6.0,11.0,19.0,960.0,9.56,279.68,0.0287,0.0016,5.1091,4.6917
POS_0155,data/processed/meghalaya_environmental_features.csv,POS_SRC_0155,CONFIRMED_LANDSLIDE,confirmed_positive_event,1,Confirmed_Landslide,25.685919,91.902567,2024-06-30,2024,6,June,4,Ri-Bhoi Block,23.77,47.54,121.55,348.22,471.7,23.98,171.75,6.0,11.0,19.0,938.0,22.19,344.04,0.0019,-0.0006,6.3038,90.9195
POS_0156,data/processed/meghalaya_environmental_features.csv,POS_SRC_0156,CONFIRMED_LANDSLIDE,confirmed_positive_event,1,Confirmed_Landslide,25.711656,91.895128,2025-05-30,2025,5,May,4,Ri-Bhoi Block,53.2,141.85,218.46,328.22,447.29,53.2,141.85,6.0,12.0,19.0,854.0,16.01,237.62,-0.0094,-0.001,8.1594,287.7261
POS_0157,data/processed/meghalaya_environmental_features.csv,POS_SRC_0157,CONFIRMED_LANDSLIDE,confirmed_positive_event,1,Confirmed_Landslide,25.752978,91.885353,2025-05-30,2025,5,May,4,Ri-Bhoi Block,67.2,156.79,212.87,316.81,437.8,67.2,156.79,5.0,11.0,17.0,821.0,16.28,92.38,0.0144,0.0068,5.6565,24.3961
POS_0158,data/processed/meghalaya_environmental_features.csv,POS_SRC_0158,CONFIRMED_LANDSLIDE,confirmed_positive_event,1,Confirmed_Landslide,25.797444,91.874086,2024-06-14,2024,6,June,4,Ri-Bhoi Block,23.96,59.94,95.22,103.83,411.29,23.96,196.0,7.0,8.0,18.0,642.0,22.65,258.26,0.0033,-0.0004,5.299,34.8538
POS_0159,data/processed/meghalaya_environmental_features.csv,POS_SRC_0159,CONFIRMED_LANDSLIDE,confirmed_positive_event,1,Confirmed_Landslide,25.807258,91.875094,2024-07-14,2024,7,July,4,Ri-Bhoi Block,0.0,0.0,37.33,218.01,595.49,18.66,196.44,2.0,7.0,18.0,612.0,17.06,258.6,0.0089,0.0028,4.5076,8.5434
POS_0160,data/processed/meghalaya_environmental_features.csv,POS_SRC_0160,CONFIRMED_LANDSLIDE,confirmed_positive_event,1,Confirmed_Landslide,25.622694,91.169144,2024-07-02,2024,7,July,2,West Khasi Block,0.0,164.69,198.91,360.75,760.15,84.84,192.3,4.0,10.0,22.0,1222.0,6.33,209.01,-0.0044,-0.0008,6.913,12.3722
POS_0161,data/processed/meghalaya_environmental_features.csv,POS_SRC_0161,CONFIRMED_LANDSLIDE,confirmed_positive_event,1,Confirmed_Landslide,25.612761,91.173753,2024-07-02,2024,7,July,2,West Khasi Block,0.0,164.69,198.91,360.75,760.15,84.84,192.3,4.0,10.0,22.0,1166.0,13.68,257.53,0.0105,0.0041,4.7413,6.7851
POS_0162,data/processed/meghalaya_environmental_features.csv,POS_SRC_0162,CONFIRMED_LANDSLIDE,confirmed_positive_event,1,Confirmed_Landslide,25.661567,91.134853,2024-07-02,2024,7,July,4,Ri-Bhoi Block,0.0,175.64,207.53,366.38,760.99,101.25,182.35,4.0,10.0,22.0,1145.0,10.16,235.67,0.0109,0.0053,5.0468,4.995
POS_0163,data/processed/meghalaya_environmental_features.csv,POS_SRC_0163,CONFIRMED_LANDSLIDE,confirmed_positive_event,1,Confirmed_Landslide,25.691508,91.641608,2025-05-29,2025,5,May,4,Ri-Bhoi Block,39.06,78.13,138.86,261.45,390.32,45.55,89.49,4.0,10.0,17.0,1338.0,2.57,90.0,-0.0699,0.0013,6.4316,1.25
POS_0164,data/processed/meghalaya_environmental_features.csv,POS_SRC_0164,CONFIRMED_LANDSLIDE,confirmed_positive_event,1,Confirmed_Landslide,25.695178,91.641236,2025-05-30,2025,5,May,4,Ri-Bhoi Block,78.13,156.25,216.99,339.57,468.45,78.13,156.25,5.0,11.0,18.0,1302.0,14.98,333.08,-0.0004,-0.005,5.3391,14.9072
POS_0165,data/processed/meghalaya_environmental_features.csv,POS_SRC_0165,CONFIRMED_LANDSLIDE,confirmed_positive_event,1,Confirmed_Landslide,25.696886,91.641767,2025-06-25,2025,6,June,4,Ri-Bhoi Block,0.0,63.34,76.01,193.39,537.46,38.0,242.47,3.0,11.0,17.0,1285.0,11.43,266.56,0.0252,-0.0047,5.6188,11.2703
POS_0166,data/processed/meghalaya_environmental_features.csv,POS_SRC_0166,CONFIRMED_LANDSLIDE,confirmed_positive_event,1,Confirmed_Landslide,25.700878,91.642902,2024-10-08,2024,10,October,4,Ri-Bhoi Block,0.0,0.0,205.61,309.68,404.24,76.37,186.26,4.0,10.0,22.0,1247.0,18.34,0.0,0.0233,0.0018,5.1246,18.4719
POS_0167,data/processed/meghalaya_environmental_features.csv,POS_SRC_0167,CONFIRMED_LANDSLIDE,confirmed_positive_event,1,Confirmed_Landslide,25.698667,91.645172,2024-08-06,2024,8,August,4,Ri-Bhoi Block,0.0,21.81,54.53,141.55,514.15,21.81,155.11,3.0,6.0,15.0,1228.0,27.09,89.09,0.0019,-0.0027,6.195,128.266
POS_0168,data/processed/meghalaya_environmental_features.csv,POS_SRC_0168,CONFIRMED_LANDSLIDE,confirmed_positive_event,1,Confirmed_Landslide,25.696836,91.644856,2024-08-06,2024,8,August,4,Ri-Bhoi Block,0.0,21.81,54.53,141.55,514.15,21.81,155.11,3.0,6.0,15.0,1257.0,23.65,128.88,0.0162,0.0067,4.153,12.2031
POS_0169,data/processed/meghalaya_environmental_features.csv,POS_SRC_0169,CONFIRMED_LANDSLIDE,confirmed_positive_event,1,Confirmed_Landslide,25.695233,91.644269,2025-05-30,2025,5,May,4,Ri-Bhoi Block,78.13,156.25,216.99,339.57,468.45,78.13,156.25,5.0,11.0,18.0,1225.0,27.1,65.75,-0.0161,-0.0037,6.2999,142.5858
POS_0170,data/processed/meghalaya_environmental_features.csv,POS_SRC_0170,CONFIRMED_LANDSLIDE,confirmed_positive_event,1,Confirmed_Landslide,25.694636,91.645778,2025-05-30,2025,5,May,4,Ri-Bhoi Block,78.13,156.25,216.99,339.57,468.45,78.13,156.25,5.0,11.0,18.0,1204.0,25.95,43.73,0.0124,-0.0002,5.1461,40.6856
POS_0171,data/processed/meghalaya_environmental_features.csv,POS_SRC_0171,CONFIRMED_LANDSLIDE,confirmed_positive_event,1,Confirmed_Landslide,25.686989,91.648122,2025-05-28,2025,5,May,4,Ri-Bhoi Block,39.06,39.06,99.8,252.22,351.26,45.55,89.49,3.0,10.0,16.0,1171.0,38.43,54.49,0.0027,-0.0011,4.6574,66.334
POS_0172,data/processed/meghalaya_environmental_features.csv,POS_SRC_0172,CONFIRMED_LANDSLIDE,confirmed_positive_event,1,Confirmed_Landslide,25.686906,91.649153,2025-05-28,2025,5,May,4,Ri-Bhoi Block,39.06,39.06,99.8,252.22,351.26,45.55,89.49,3.0,10.0,16.0,1124.0,20.62,2.05,-0.0175,-0.0067,6.251,73.3802
POS_0173,data/processed/meghalaya_environmental_features.csv,POS_SRC_0173,CONFIRMED_LANDSLIDE,confirmed_positive_event,1,Confirmed_Landslide,25.688833,91.653639,2025-06-25,2025,6,June,4,Ri-Bhoi Block,0.0,63.34,76.01,193.39,537.46,38.0,242.47,3.0,11.0,17.0,1046.0,27.77,342.14,-0.0006,0.0002,4.6618,29.35
POS_0174,data/processed/meghalaya_environmental_features.csv,POS_SRC_0174,CONFIRMED_LANDSLIDE,confirmed_positive_event,1,Confirmed_Landslide,25.687989,91.658389,2024-05-28,2024,5,May,4,Ri-Bhoi Block,57.49,95.82,95.82,143.44,213.08,57.49,95.82,2.0,7.0,9.0,1032.0,28.27,0.48,0.0047,0.0,7.1668,374.5609
POS_0175,data/processed/meghalaya_environmental_features.csv,POS_SRC_0175,CONFIRMED_LANDSLIDE,confirmed_positive_event,1,Confirmed_Landslide,25.68805,91.66653,2024-05-28,2024,5,May,4,Ri-Bhoi Block,57.49,95.82,95.82,143.44,213.08,57.49,95.82,2.0,7.0,9.0,957.0,30.88,6.46,-0.0031,-0.0049,5.2278,66.6591
POS_0176,data/processed/meghalaya_environmental_features.csv,POS_SRC_0176,CONFIRMED_LANDSLIDE,confirmed_positive_event,1,Confirmed_Landslide,25.688222,91.667461,2025-06-11,2025,6,June,4,Ri-Bhoi Block,9.96,9.96,11.87,354.02,626.84,9.96,242.47,1.0,7.0,17.0,936.0,24.06,16.34,0.007,-0.0052,4.8268,24.8857
POS_0177,data/processed/meghalaya_environmental_features.csv,POS_SRC_0177,CONFIRMED_LANDSLIDE,confirmed_positive_event,1,Confirmed_Landslide,25.69007,91.67085,2025-06-11,2025,6,June,4,Ri-Bhoi Block,9.96,9.96,11.87,354.02,626.84,9.96,242.47,1.0,7.0,17.0,888.0,6.59,129.04,0.0312,0.0018,5.4857,3.2189
POS_0178,data/processed/meghalaya_environmental_features.csv,POS_SRC_0178,CONFIRMED_LANDSLIDE,confirmed_positive_event,1,Confirmed_Landslide,25.733262,91.675754,2025-06-11,2025,6,June,4,Ri-Bhoi Block,7.77,7.77,14.55,374.16,649.17,7.77,239.13,2.0,8.0,18.0,742.0,15.58,196.84,0.0225,-0.0027,4.6044,7.7649
POS_0179,data/processed/meghalaya_environmental_features.csv,POS_SRC_0179,CONFIRMED_LANDSLIDE,confirmed_positive_event,1,Confirmed_Landslide,25.762051,91.658959,2024-05-29,2024,5,May,4,Ri-Bhoi Block,120.28,180.42,240.56,291.49,369.3,120.28,180.42,3.0,8.0,10.0,796.0,3.85,291.11,-0.0808,0.0022,6.0245,1.8758
POS_0180,data/processed/meghalaya_environmental_features.csv,POS_SRC_0180,CONFIRMED_LANDSLIDE,confirmed_positive_event,1,Confirmed_Landslide,25.770935,91.656497,2024-05-29,2024,5,May,4,Ri-Bhoi Block,120.28,180.42,240.56,291.49,369.3,120.28,180.42,3.0,8.0,10.0,776.0,11.53,262.03,0.0011,-0.0014,6.5259,28.3996
POS_0181,data/processed/meghalaya_environmental_features.csv,POS_SRC_0181,CONFIRMED_LANDSLIDE,confirmed_positive_event,1,Confirmed_Landslide,25.791616,91.658242,2024-05-29,2024,5,May,4,Ri-Bhoi Block,98.6,147.9,197.2,250.88,323.46,98.6,147.9,3.0,8.0,10.0,743.0,8.29,80.42,0.0006,-0.0024,5.2527,4.0566
POS_0182,data/processed/meghalaya_environmental_features.csv,POS_SRC_0182,CONFIRMED_LANDSLIDE,confirmed_positive_event,1,Confirmed_Landslide,25.803984,91.659801,2024-08-28,2024,8,August,4,Ri-Bhoi Block,7.65,13.16,54.71,144.96,318.12,12.3,72.64,6.0,12.0,19.0,686.0,24.32,109.32,0.005,0.0007,4.1204,12.5838
POS_0183,data/processed/meghalaya_environmental_features.csv,POS_SRC_0183,CONFIRMED_LANDSLIDE,confirmed_positive_event,1,Confirmed_Landslide,25.700668,91.596815,2025-05-31,2025,5,May,4,Ri-Bhoi Block,82.46,206.14,297.07,423.58,570.17,82.46,206.14,5.0,11.0,19.0,1345.0,15.21,55.6,0.005,-0.0064,5.3229,15.1501
POS_0184,data/processed/meghalaya_environmental_features.csv,POS_SRC_0184,CONFIRMED_LANDSLIDE,confirmed_positive_event,1,Confirmed_Landslide,25.739454,91.572107,2025-05-31,2025,5,May,4,Ri-Bhoi Block,69.94,209.83,333.34,463.89,633.1,93.26,209.83,5.0,11.0,18.0,903.0,23.37,69.18,0.0091,0.0044,4.166,12.0362
POS_0185,data/processed/meghalaya_environmental_features.csv,POS_SRC_0185,CONFIRMED_LANDSLIDE,confirmed_positive_event,1,Confirmed_Landslide,25.567423,89.979711,2026-07-13,2026,7,July,1,Garo Hills Block,53.42,142.45,212.55,429.44,713.46,70.1,144.75,4.0,11.0,17.0,47.0,11.88,236.15,0.0079,-0.0018,5.5801,11.7403
POS_0186,data/processed/meghalaya_environmental_features.csv,POS_SRC_0186,CONFIRMED_LANDSLIDE,confirmed_positive_event,1,Confirmed_Landslide,25.566518,91.914509,2025-08-19,2025,8,August,3,East Khasi Block,13.62,40.87,99.94,212.24,390.76,27.25,157.27,5.0,8.0,13.0,1540.0,5.61,106.74,0.0352,0.003,5.6485,2.7411
BG_0001,data/phase3c_modelB/phase3c_modelB_section28_controlled_background_observations.csv,BG_S28_0001,UNOBSERVED,candidate_background_observation,0,Controlled_Background,25.92575,90.115909,2012-06-03,2012,6,June,1,Garo Hills Block,56.72,136.12,160.81,261.37,456.56,56.72,136.12,5.0,10.0,17.0,37.57,24.66,131.68,-0.0039,0.0006,5.426,18.1096
BG_0002,data/phase3c_modelB/phase3c_modelB_section28_controlled_background_observations.csv,BG_S28_0002,UNOBSERVED,candidate_background_observation,0,Controlled_Background,25.142863,90.223266,2019-06-01,2019,6,June,1,Garo Hills Block,35.44,86.36,137.28,330.96,643.02,50.92,184.95,4.0,9.0,15.0,51.33,15.79,173.04,0.0012,0.0002,5.7772,18.124
BG_0003,data/phase3c_modelB/phase3c_modelB_section28_controlled_background_observations.csv,BG_S28_0003,UNOBSERVED,candidate_background_observation,0,Controlled_Background,25.049943,89.881273,2026-06-09,2026,6,June,1,Garo Hills Block,28.56,42.84,63.83,135.63,409.46,28.56,107.24,4.0,9.0,16.0,25.0,27.59,322.22,0.0031,-0.001,4.4982,30.5223
BG_0004,data/phase3c_modelB/phase3c_modelB_section28_controlled_background_observations.csv,BG_S28_0004,UNOBSERVED,candidate_background_observation,0,Controlled_Background,26.078442,90.548511,2023-06-24,2023,6,June,1,Garo Hills Block,0.0,27.54,149.1,356.98,441.32,45.86,146.58,5.0,11.0,14.0,45.86,34.39,357.57,0.001,-0.0002,4.2359,55.9303
BG_0005,data/phase3c_modelB/phase3c_modelB_section28_controlled_background_observations.csv,BG_S28_0005,UNOBSERVED,candidate_background_observation,0,Controlled_Background,25.351356,89.815819,2011-06-17,2011,6,June,1,Garo Hills Block,13.36,26.72,51.71,97.04,247.98,24.99,59.07,3.0,5.0,12.0,25.0,23.73,40.87,0.0024,-0.0015,5.4282,45.5821
BG_0006,data/phase3c_modelB/phase3c_modelB_section28_controlled_background_observations.csv,BG_S28_0006,UNOBSERVED,candidate_background_observation,0,Controlled_Background,25.31361,90.317601,2018-06-07,2018,6,June,1,Garo Hills Block,12.68,28.25,59.4,354.11,443.54,15.57,144.65,4.0,10.0,13.0,83.85,26.06,91.88,0.0032,0.0004,5.3039,48.7948
BG_0007,data/phase3c_modelB/phase3c_modelB_section28_controlled_background_observations.csv,BG_S28_0007,UNOBSERVED,candidate_background_observation,0,Controlled_Background,25.279337,90.107462,2007-06-22,2007,6,June,1,Garo Hills Block,0.0,17.14,112.25,397.53,708.38,35.66,220.24,5.0,10.0,20.0,52.63,28.84,130.38,0.0025,-0.0004,5.0906,47.4086
BG_0008,data/phase3c_modelB/phase3c_modelB_section28_controlled_background_observations.csv,BG_S28_0008,UNOBSERVED,candidate_background_observation,0,Controlled_Background,25.172032,90.485935,2023-06-03,2023,6,June,1,Garo Hills Block,0.0,0.0,0.0,94.31,260.19,0.0,95.31,0.0,3.0,6.0,104.35,19.3,21.01,0.0041,-0.0003,5.6092,20.2139
BG_0009,data/phase3c_modelB/phase3c_modelB_section28_controlled_background_observations.csv,BG_S28_0009,UNOBSERVED,candidate_background_observation,0,Controlled_Background,26.070685,90.613301,2009-06-11,2009,6,June,1,Garo Hills Block,0.0,0.0,78.69,139.35,312.58,48.92,70.3,2.0,4.0,9.0,51.99,34.65,11.92,0.0048,-0.0001,4.2461,54.6795
BG_0010,data/phase3c_modelB/phase3c_modelB_section28_controlled_background_observations.csv,BG_S28_0010,UNOBSERVED,candidate_background_observation,0,Controlled_Background,25.134579,90.510812,2007-06-07,2007,6,June,1,Garo Hills Block,0.0,35.23,117.43,245.89,408.0,35.23,95.48,5.0,8.0,12.0,47.47,18.25,1.11,0.0002,-0.0022,5.5474,18.0047
BG_0011,data/phase3c_modelB/phase3c_modelB_section28_controlled_background_observations.csv,BG_S28_0011,UNOBSERVED,candidate_background_observation,0,Controlled_Background,25.964192,90.321583,2013-06-20,2013,6,June,1,Garo Hills Block,0.0,53.27,71.92,130.15,444.82,38.05,142.28,4.0,7.0,14.0,112.67,24.11,89.49,-0.0034,0.0007,5.4295,21.7526
BG_0012,data/phase3c_modelB/phase3c_modelB_section28_controlled_background_observations.csv,BG_S28_0012,UNOBSERVED,candidate_background_observation,0,Controlled_Background,26.078308,90.488938,2019-06-13,2019,6,June,1,Garo Hills Block,22.22,64.92,64.92,88.88,356.36,22.46,96.52,3.0,4.0,12.0,50.12,27.84,358.22,-0.0048,-0.0001,4.7604,48.6863
BG_0013,data/phase3c_modelB/phase3c_modelB_section28_controlled_background_observations.csv,BG_S28_0013,UNOBSERVED,candidate_background_observation,0,Controlled_Background,25.771843,90.629584,2013-06-18,2013,6,June,1,Garo Hills Block,11.36,34.08,58.01,145.58,449.04,22.72,132.04,4.0,8.0,14.0,53.99,21.45,63.52,0.0011,-0.0018,5.327,39.8288
BG_0014,data/phase3c_modelB/phase3c_modelB_section28_controlled_background_observations.csv,BG_S28_0014,UNOBSERVED,candidate_background_observation,0,Controlled_Background,25.118742,89.90343,2017-06-01,2017,6,June,1,Garo Hills Block,33.42,49.8,87.25,150.57,407.19,37.45,118.33,3.0,7.0,16.0,33.88,15.37,350.77,0.0004,0.0027,5.7146,18.2304
BG_0015,data/phase3c_modelB/phase3c_modelB_section28_controlled_background_observations.csv,BG_S28_0015,UNOBSERVED,candidate_background_observation,0,Controlled_Background,25.843666,90.414458,2023-06-28,2023,6,June,1,Garo Hills Block,0.0,32.12,61.2,396.32,511.91,32.12,189.81,2.0,10.0,17.0,70.24,26.59,42.39,0.0001,0.0014,5.1669,28.0479
BG_0016,data/phase3c_modelB/phase3c_modelB_section28_controlled_background_observations.csv,BG_S28_0016,UNOBSERVED,candidate_background_observation,0,Controlled_Background,25.517217,90.91145,2022-07-20,2022,7,July,1,Garo Hills Block,47.21,47.21,193.13,305.21,391.28,68.97,145.92,4.0,7.0,10.0,432.08,21.73,240.37,0.0001,-0.0029,5.0029,18.1127
BG_0017,data/phase3c_modelB/phase3c_modelB_section28_controlled_background_observations.csv,BG_S28_0017,UNOBSERVED,candidate_background_observation,0,Controlled_Background,25.052857,90.800849,2010-07-25,2010,7,July,1,Garo Hills Block,13.29,39.87,98.66,180.16,532.05,19.93,183.39,7.0,13.0,23.0,102.93,31.92,215.73,0.001,0.0012,4.1598,31.6267
BG_0018,data/phase3c_modelB/phase3c_modelB_section28_controlled_background_observations.csv,BG_S28_0018,UNOBSERVED,candidate_background_observation,0,Controlled_Background,25.050922,90.409171,2024-07-20,2024,7,July,1,Garo Hills Block,0.0,41.8,89.3,232.26,574.38,37.04,186.33,4.0,7.0,18.0,28.41,27.02,316.65,0.0006,-0.0014,4.5464,30.0178
BG_0019,data/phase3c_modelB/phase3c_modelB_section28_controlled_background_observations.csv,BG_S28_0019,UNOBSERVED,candidate_background_observation,0,Controlled_Background,25.114821,90.962463,2019-07-29,2019,7,July,1,Garo Hills Block,0.0,0.0,229.88,471.8,1010.84,70.34,264.91,4.0,10.0,21.0,457.05,15.08,306.76,-0.0019,0.0012,5.7223,18.3694
BG_0020,data/phase3c_modelB/phase3c_modelB_section28_controlled_background_observations.csv,BG_S28_0020,UNOBSERVED,candidate_background_observation,0,Controlled_Background,25.240865,90.830808,2024-07-19,2024,7,July,1,Garo Hills Block,34.64,69.27,168.23,434.74,800.68,54.43,266.51,5.0,8.0,17.0,369.07,35.71,136.37,-0.0018,0.0015,4.4962,42.8222
BG_0021,data/phase3c_modelB/phase3c_modelB_section28_controlled_background_observations.csv,BG_S28_0021,UNOBSERVED,candidate_background_observation,0,Controlled_Background,25.258394,90.049495,2012-07-01,2012,7,July,1,Garo Hills Block,35.72,62.52,138.65,276.98,562.15,35.72,129.7,6.0,11.0,21.0,25.0,34.73,113.61,-0.0,0.0029,4.602,47.7072
BG_0022,data/phase3c_modelB/phase3c_modelB_section28_controlled_background_observations.csv,BG_S28_0022,UNOBSERVED,candidate_background_observation,0,Controlled_Background,25.671592,90.751604,2024-08-01,2024,8,August,1,Garo Hills Block,0.0,0.0,154.27,296.38,580.31,88.16,177.05,4.0,9.0,15.0,203.8,27.33,220.31,0.0033,-0.001,4.5016,45.7852
BG_0023,data/phase3c_modelB/phase3c_modelB_section28_controlled_background_observations.csv,BG_S28_0023,UNOBSERVED,candidate_background_observation,0,Controlled_Background,25.822247,89.955105,2020-08-15,2020,8,August,1,Garo Hills Block,8.38,8.38,62.92,129.67,362.66,25.15,104.88,4.0,6.0,16.0,25.0,22.59,49.38,-0.0044,-0.0001,5.4226,31.0591
BG_0024,data/phase3c_modelB/phase3c_modelB_section28_controlled_background_observations.csv,BG_S28_0024,UNOBSERVED,candidate_background_observation,0,Controlled_Background,25.049958,90.815639,2014-08-13,2014,8,August,1,Garo Hills Block,78.84,118.26,148.55,235.16,383.68,78.84,118.26,4.0,10.0,20.0,128.22,33.6,217.14,0.0024,0.0012,4.0174,33.2453
BG_0025,data/phase3c_modelB/phase3c_modelB_section28_controlled_background_observations.csv,BG_S28_0025,UNOBSERVED,candidate_background_observation,0,Controlled_Background,25.507368,91.594325,2014-05-01,2014,5,May,2,West Khasi Block,37.51,37.51,70.98,94.9,133.07,37.51,38.17,4.0,6.0,7.0,1370.62,26.85,286.48,-0.0003,0.0011,4.6246,18.6688
BG_0026,data/phase3c_modelB/phase3c_modelB_section28_controlled_background_observations.csv,BG_S28_0026,UNOBSERVED,candidate_background_observation,0,Controlled_Background,25.101198,91.073728,2022-05-07,2022,5,May,2,West Khasi Block,0.0,0.0,0.0,68.49,224.2,0.0,51.41,0.0,3.0,12.0,518.19,25.05,341.88,0.0024,-0.0015,4.8719,19.8739
BG_0027,data/phase3c_modelB/phase3c_modelB_section28_controlled_background_observations.csv,BG_S28_0027,UNOBSERVED,candidate_background_observation,0,Controlled_Background,25.618143,91.415813,2018-05-11,2018,5,May,2,West Khasi Block,24.47,57.21,122.68,193.07,193.07,49.1,70.39,5.0,7.0,7.0,1169.52,29.53,224.74,0.0002,0.0027,4.2416,34.1687
BG_0028,data/phase3c_modelB/phase3c_modelB_section28_controlled_background_observations.csv,BG_S28_0028,UNOBSERVED,candidate_background_observation,0,Controlled_Background,25.48976,91.559371,2022-05-24,2022,5,May,2,West Khasi Block,0.0,0.0,96.2,392.39,447.6,76.96,219.23,2.0,7.0,11.0,1333.15,26.09,246.63,-0.0008,0.0025,4.7466,20.4824
BG_0029,data/phase3c_modelB/phase3c_modelB_section28_controlled_background_observations.csv,BG_S28_0029,UNOBSERVED,candidate_background_observation,0,Controlled_Background,25.281695,91.062907,2008-05-05,2008,5,May,2,West Khasi Block,34.6,34.6,92.34,103.91,216.36,34.6,59.17,4.0,5.0,9.0,654.89,28.98,47.67,0.0013,0.0022,5.0803,48.0115
BG_0030,data/phase3c_modelB/phase3c_modelB_section28_controlled_background_observations.csv,BG_S28_0030,UNOBSERVED,candidate_background_observation,0,Controlled_Background,25.11174,91.254849,2010-05-14,2010,5,May,2,West Khasi Block,87.73,131.6,206.98,415.42,747.62,87.73,153.91,5.0,11.0,22.0,815.31,15.6,291.97,-0.0021,-0.0014,5.6686,18.5235
BG_0031,data/phase3c_modelB/phase3c_modelB_section28_controlled_background_observations.csv,BG_S28_0031,UNOBSERVED,candidate_background_observation,0,Controlled_Background,25.337506,91.391708,2024-05-09,2024,5,May,2,West Khasi Block,0.0,0.0,41.95,41.95,90.42,27.97,41.95,2.0,2.0,7.0,1046.21,23.27,137.2,0.003,0.0009,5.4938,45.7976
BG_0032,data/phase3c_modelB/phase3c_modelB_section28_controlled_background_observations.csv,BG_S28_0032,UNOBSERVED,candidate_background_observation,0,Controlled_Background,25.543231,91.203997,2012-05-13,2012,5,May,2,West Khasi Block,29.61,78.97,93.04,93.04,213.43,39.48,92.36,4.0,4.0,7.0,873.6,15.68,304.23,-0.0029,-0.0013,5.4172,18.3786
BG_0033,data/phase3c_modelB/phase3c_modelB_section28_controlled_background_observations.csv,BG_S28_0033,UNOBSERVED,candidate_background_observation,0,Controlled_Background,25.142359,91.309892,2025-05-18,2025,5,May,2,West Khasi Block,129.77,199.33,343.88,473.88,819.73,144.55,199.33,4.0,10.0,14.0,859.12,20.13,167.94,-0.0004,-0.0027,5.428,18.1427
BG_0034,data/phase3c_modelB/phase3c_modelB_section28_controlled_background_observations.csv,BG_S28_0034,UNOBSERVED,candidate_background_observation,0,Controlled_Background,25.020839,91.547976,2014-05-12,2014,5,May,2,West Khasi Block,41.23,41.23,275.88,461.06,540.28,117.32,234.65,4.0,9.0,12.0,1030.94,28.95,252.12,0.0001,0.0028,4.3241,39.1546
BG_0035,data/phase3c_modelB/phase3c_modelB_section28_controlled_background_observations.csv,BG_S28_0035,UNOBSERVED,candidate_background_observation,0,Controlled_Background,25.0813,91.065217,2025-05-04,2025,5,May,2,West Khasi Block,0.0,0.0,0.0,212.58,248.27,0.0,212.58,0.0,2.0,3.0,484.33,27.61,331.79,0.0025,-0.0007,4.5944,23.3014
BG_0036,data/phase3c_modelB/phase3c_modelB_section28_controlled_background_observations.csv,BG_S28_0036,UNOBSERVED,candidate_background_observation,0,Controlled_Background,25.286487,91.172791,2022-05-01,2022,5,May,2,West Khasi Block,0.0,43.87,73.11,182.2,308.01,43.87,64.2,3.0,8.0,15.0,794.75,25.46,51.81,-0.0003,-0.0023,5.363,45.1383
BG_0037,data/phase3c_modelB/phase3c_modelB_section28_controlled_background_observations.csv,BG_S28_0037,UNOBSERVED,candidate_background_observation,0,Controlled_Background,25.180162,91.332142,2025-05-17,2025,5,May,2,West Khasi Block,41.56,69.79,354.24,393.46,775.96,170.67,382.5,4.0,9.0,12.0,911.33,27.38,144.3,-0.0037,-0.0007,4.9923,22.5061
BG_0038,data/phase3c_modelB/phase3c_modelB_section28_controlled_background_observations.csv,BG_S28_0038,UNOBSERVED,candidate_background_observation,0,Controlled_Background,25.142359,91.309892,2022-05-19,2022,5,May,2,West Khasi Block,30.15,120.61,477.11,477.11,651.49,133.02,289.99,6.0,6.0,12.0,859.12,20.13,167.94,-0.0004,-0.0027,5.428,18.1427
BG_0039,data/phase3c_modelB/phase3c_modelB_section28_controlled_background_observations.csv,BG_S28_0039,UNOBSERVED,candidate_background_observation,0,Controlled_Background,25.079529,91.598117,2020-05-03,2020,5,May,2,West Khasi Block,0.0,0.0,0.0,75.62,233.4,0.0,108.12,0.0,2.0,7.0,1150.22,28.78,292.04,0.0047,-0.0002,4.4947,23.8896
BG_0040,data/phase3c_modelB/phase3c_modelB_section28_controlled_background_observations.csv,BG_S28_0040,UNOBSERVED,candidate_background_observation,0,Controlled_Background,25.135063,91.33552,2023-06-04,2023,6,June,2,West Khasi Block,0.0,20.46,40.93,123.79,273.09,20.46,72.25,2.0,6.0,13.0,891.11,22.57,177.99,-0.0002,-0.0016,5.2037,18.0093
BG_0041,data/phase3c_modelB/phase3c_modelB_section28_controlled_background_observations.csv,BG_S28_0041,UNOBSERVED,candidate_background_observation,0,Controlled_Background,25.271349,91.298615,2019-06-18,2019,6,June,2,West Khasi Block,0.0,57.72,146.78,155.18,624.39,38.48,163.01,6.0,7.0,19.0,924.06,27.69,109.4,0.0002,0.0028,5.178,44.6278
BG_0042,data/phase3c_modelB/phase3c_modelB_section28_controlled_background_observations.csv,BG_S28_0042,UNOBSERVED,candidate_background_observation,0,Controlled_Background,25.065328,91.542495,2012-06-03,2012,6,June,2,West Khasi Block,33.49,145.12,268.23,462.34,740.74,55.82,145.21,7.0,12.0,20.0,1086.63,25.12,241.27,-0.0004,0.0003,4.7407,25.9498
BG_0043,data/phase3c_modelB/phase3c_modelB_section28_controlled_background_observations.csv,BG_S28_0043,UNOBSERVED,candidate_background_observation,0,Controlled_Background,25.055676,91.366561,2008-06-12,2008,6,June,2,West Khasi Block,26.27,50.75,82.18,303.56,558.3,26.27,115.69,5.0,12.0,20.0,811.82,34.05,219.05,0.0046,-0.0002,3.9974,31.6601
BG_0044,data/phase3c_modelB/phase3c_modelB_section28_controlled_background_observations.csv,BG_S28_0044,UNOBSERVED,candidate_background_observation,0,Controlled_Background,25.371144,91.236887,2010-06-18,2010,6,June,2,West Khasi Block,10.42,72.91,171.8,447.75,825.13,49.45,167.73,6.0,14.0,21.0,988.8,16.13,69.22,-0.0016,-0.0004,5.9845,35.2467
BG_0045,data/phase3c_modelB/phase3c_modelB_section28_controlled_background_observations.csv,BG_S28_0045,UNOBSERVED,candidate_background_observation,0,Controlled_Background,25.056541,91.12744,2019-06-19,2019,6,June,2,West Khasi Block,26.78,40.18,122.51,139.58,514.34,32.91,159.32,6.0,8.0,17.0,512.77,33.3,324.77,0.0041,-0.0005,4.0599,31.099
BG_0046,data/phase3c_modelB/phase3c_modelB_section28_controlled_background_observations.csv,BG_S28_0046,UNOBSERVED,candidate_background_observation,0,Controlled_Background,25.337171,91.067896,2013-06-29,2013,6,June,2,West Khasi Block,30.68,153.39,285.58,532.24,958.26,61.36,168.73,6.0,12.0,23.0,624.93,22.1,43.81,0.0027,-0.001,5.588,44.4094
BG_0047,data/phase3c_modelB/phase3c_modelB_section28_controlled_background_observations.csv,BG_S28_0047,UNOBSERVED,candidate_background_observation,0,Controlled_Background,25.292876,91.13217,2017-06-10,2017,6,June,2,West Khasi Block,32.03,64.05,74.73,411.59,835.33,32.03,271.18,4.0,8.0,17.0,738.38,28.51,45.96,0.003,-0.0012,5.119,49.4198
BG_0048,data/phase3c_modelB/phase3c_modelB_section28_controlled_background_observations.csv,BG_S28_0048,UNOBSERVED,candidate_background_observation,0,Controlled_Background,25.166293,91.105368,2010-06-13,2010,6,June,2,West Khasi Block,0.0,66.52,159.65,497.27,906.83,33.26,227.82,6.0,13.0,20.0,692.61,26.79,18.23,-0.0037,-0.0,4.9885,20.2611
BG_0049,data/phase3c_modelB/phase3c_modelB_section28_controlled_background_observations.csv,BG_S28_0049,UNOBSERVED,candidate_background_observation,0,Controlled_Background,25.035492,91.074262,2018-06-16,2018,6,June,2,West Khasi Block,0.0,144.14,285.79,390.05,706.84,90.09,198.19,5.0,9.0,16.0,448.07,34.45,318.97,0.0023,0.0016,3.9135,38.364
BG_0050,data/phase3c_modelB/phase3c_modelB_section28_controlled_background_observations.csv,BG_S28_0050,UNOBSERVED,candidate_background_observation,0,Controlled_Background,25.513681,91.576254,2018-06-09,2018,6,June,2,West Khasi Block,29.84,59.69,66.24,162.95,255.34,29.84,88.25,4.0,7.0,13.0,1339.09,23.9,268.92,0.0003,0.0022,4.8403,18.2531
BG_0051,data/phase3c_modelB/phase3c_modelB_section28_controlled_background_observations.csv,BG_S28_0051,UNOBSERVED,candidate_background_observation,0,Controlled_Background,25.636521,91.407566,2009-06-22,2009,6,June,2,West Khasi Block,0.0,58.2,114.49,322.8,594.41,30.06,170.83,5.0,9.0,18.0,1127.77,32.88,223.69,-0.0,0.0028,3.9906,41.7729
BG_0052,data/phase3c_modelB/phase3c_modelB_section28_controlled_background_observations.csv,BG_S28_0052,UNOBSERVED,candidate_background_observation,0,Controlled_Background,25.079529,91.598117,2010-06-09,2010,6,June,2,West Khasi Block,24.07,96.28,295.49,504.68,1090.89,83.93,220.15,7.0,12.0,24.0,1150.22,28.78,292.04,0.0047,-0.0002,4.4947,23.8896
BG_0053,data/phase3c_modelB/phase3c_modelB_section28_controlled_background_observations.csv,BG_S28_0053,UNOBSERVED,candidate_background_observation,0,Controlled_Background,25.368733,91.267886,2012-06-04,2012,6,June,2,West Khasi Block,16.85,101.1,263.74,434.66,646.5,84.25,168.5,7.0,12.0,19.0,1040.89,17.11,93.75,-0.0012,-0.0022,5.913,36.5353
BG_0054,data/phase3c_modelB/phase3c_modelB_section28_controlled_background_observations.csv,BG_S28_0054,UNOBSERVED,candidate_background_observation,0,Controlled_Background,25.04898,91.204224,2025-06-05,2025,6,June,2,West Khasi Block,0.0,0.0,447.8,663.93,1211.98,205.62,447.8,3.0,6.0,19.0,704.39,26.33,306.84,-0.0033,-0.001,4.5964,30.1869
BG_0055,data/phase3c_modelB/phase3c_modelB_section28_controlled_background_observations.csv,BG_S28_0055,UNOBSERVED,candidate_background_observation,0,Controlled_Background,25.193522,91.286547,2008-06-18,2008,6,June,2,West Khasi Block,0.0,66.99,206.85,352.75,671.52,66.99,129.87,5.0,9.0,18.0,809.58,24.63,112.0,0.001,-0.0002,5.258,24.4544
BG_0056,data/phase3c_modelB/phase3c_modelB_section28_controlled_background_observations.csv,BG_S28_0056,UNOBSERVED,candidate_background_observation,0,Controlled_Background,25.337506,91.391708,2009-06-24,2009,6,June,2,West Khasi Block,58.03,87.04,212.77,508.67,884.37,58.03,201.44,6.0,13.0,18.0,1046.21,23.27,137.2,0.003,0.0009,5.4938,45.7976
BG_0057,data/phase3c_modelB/phase3c_modelB_section28_controlled_background_observations.csv,BG_S28_0057,UNOBSERVED,candidate_background_observation,0,Controlled_Background,25.119862,91.499834,2018-06-29,2018,6,June,2,West Khasi Block,0.0,34.09,166.68,391.0,793.8,79.55,240.25,3.0,8.0,16.0,1046.73,14.44,190.39,-0.0014,-0.0012,5.7934,18.1833
BG_0058,data/phase3c_modelB/phase3c_modelB_section28_controlled_background_observations.csv,BG_S28_0058,UNOBSERVED,candidate_background_observation,0,Controlled_Background,25.045998,91.110821,2023-06-02,2023,6,June,2,West Khasi Block,25.32,50.64,50.64,118.97,210.43,25.32,69.59,2.0,5.0,9.0,479.07,35.12,322.64,0.0041,-0.0002,3.8853,35.2393
BG_0059,data/phase3c_modelB/phase3c_modelB_section28_controlled_background_observations.csv,BG_S28_0059,UNOBSERVED,candidate_background_observation,0,Controlled_Background,25.035939,91.564893,2009-06-20,2009,6,June,2,West Khasi Block,39.45,78.9,245.69,521.58,893.08,72.77,187.26,6.0,9.0,16.0,1082.78,30.9,261.37,0.0015,0.002,4.1985,36.1329
BG_0060,data/phase3c_modelB/phase3c_modelB_section28_controlled_background_observations.csv,BG_S28_0060,UNOBSERVED,candidate_background_observation,0,Controlled_Background,25.144465,91.595502,2008-06-20,2008,6,June,2,West Khasi Block,32.77,32.77,276.38,410.71,801.06,114.7,200.67,5.0,10.0,21.0,1138.0,22.77,33.05,-0.0014,-0.0009,5.2252,18.2397
BG_0061,data/phase3c_modelB/phase3c_modelB_section28_controlled_background_observations.csv,BG_S28_0061,UNOBSERVED,candidate_background_observation,0,Controlled_Background,25.192043,91.098581,2018-06-11,2018,6,June,2,West Khasi Block,0.0,66.59,208.79,264.69,520.96,131.1,189.95,4.0,6.0,11.0,724.57,31.16,29.27,-0.0049,-0.0001,4.7307,25.8031
BG_0062,data/phase3c_modelB/phase3c_modelB_section28_controlled_background_observations.csv,BG_S28_0062,UNOBSERVED,candidate_background_observation,0,Controlled_Background,25.049304,91.054046,2017-06-13,2017,6,June,2,West Khasi Block,125.14,219.0,258.66,572.13,978.14,125.14,240.14,4.0,10.0,19.0,455.17,31.39,319.49,0.0011,0.0014,4.1925,32.4339
BG_0063,data/phase3c_modelB/phase3c_modelB_section28_controlled_background_observations.csv,BG_S28_0063,UNOBSERVED,candidate_background_observation,0,Controlled_Background,25.145475,91.492806,2012-06-06,2012,6,June,2,West Khasi Block,0.0,33.31,203.3,484.07,754.54,55.52,152.62,5.0,12.0,21.0,1068.65,14.49,170.37,0.0015,-0.0007,5.8916,18.1798
BG_0064,data/phase3c_modelB/phase3c_modelB_section28_controlled_background_observations.csv,BG_S28_0064,UNOBSERVED,candidate_background_observation,0,Controlled_Background,25.065231,91.334358,2017-06-01,2017,6,June,2,West Khasi Block,127.06,274.61,302.72,611.48,888.22,127.06,274.61,4.0,9.0,18.0,840.48,31.09,223.76,0.0042,0.0002,4.2628,27.8646
BG_0065,data/phase3c_modelB/phase3c_modelB_section28_controlled_background_observations.csv,BG_S28_0065,UNOBSERVED,candidate_background_observation,0,Controlled_Background,25.371144,91.236887,2012-06-30,2012,6,June,2,West Khasi Block,57.58,57.58,258.11,432.68,952.81,86.63,168.5,5.0,11.0,24.0,988.8,16.13,69.22,-0.0016,-0.0004,5.9845,35.2467
BG_0066,data/phase3c_modelB/phase3c_modelB_section28_controlled_background_observations.csv,BG_S28_0066,UNOBSERVED,candidate_background_observation,0,Controlled_Background,25.181852,91.544078,2008-06-13,2008,6,June,2,West Khasi Block,61.14,85.6,132.34,396.25,639.8,61.14,134.12,4.0,10.0,18.0,1096.73,22.08,124.76,0.0002,-0.001,5.4222,21.8837
BG_0067,data/phase3c_modelB/phase3c_modelB_section28_controlled_background_observations.csv,BG_S28_0067,UNOBSERVED,candidate_background_observation,0,Controlled_Background,25.507368,91.594325,2018-06-24,2018,6,June,2,West Khasi Block,40.3,60.46,144.35,572.14,735.09,63.75,263.12,4.0,10.0,17.0,1370.62,26.85,286.48,-0.0003,0.0011,4.6246,18.6688
BG_0068,data/phase3c_modelB/phase3c_modelB_section28_controlled_background_observations.csv,BG_S28_0068,UNOBSERVED,candidate_background_observation,0,Controlled_Background,25.348439,91.171663,2011-06-17,2011,6,June,2,West Khasi Block,29.25,90.89,220.42,284.55,528.92,97.15,161.28,5.0,6.0,14.0,798.72,19.1,46.4,-0.0003,0.0019,5.8052,40.3752
BG_0069,data/phase3c_modelB/phase3c_modelB_section28_controlled_background_observations.csv,BG_S28_0069,UNOBSERVED,candidate_background_observation,0,Controlled_Background,25.103289,91.020818,2008-06-30,2008,6,June,2,West Khasi Block,15.3,107.12,182.26,378.49,753.99,61.21,119.21,6.0,12.0,24.0,500.71,18.89,336.17,-0.0018,-0.0019,5.3727,19.2353
BG_0070,data/phase3c_modelB/phase3c_modelB_section28_controlled_background_observations.csv,BG_S28_0070,UNOBSERVED,candidate_background_observation,0,Controlled_Background,25.357398,91.368869,2023-06-05,2023,6,June,2,West Khasi Block,0.0,0.0,61.07,129.38,270.53,30.54,74.57,2.0,5.0,11.0,1042.56,24.61,138.13,0.003,0.0007,5.3433,46.0432
BG_0071,data/phase3c_modelB/phase3c_modelB_section28_controlled_background_observations.csv,BG_S28_0071,UNOBSERVED,candidate_background_observation,0,Controlled_Background,25.334838,91.51627,2007-06-01,2007,6,June,2,West Khasi Block,29.31,90.36,253.15,496.48,567.07,101.75,169.6,6.0,11.0,15.0,1281.05,14.57,122.52,-0.0032,-0.0007,6.1945,35.4471
BG_0072,data/phase3c_modelB/phase3c_modelB_section28_controlled_background_observations.csv,BG_S28_0072,UNOBSERVED,candidate_background_observation,0,Controlled_Background,25.131813,91.454275,2026-06-28,2026,6,June,2,West Khasi Block,42.14,105.35,212.86,790.78,1253.61,53.75,252.87,6.0,13.0,25.0,1013.31,16.6,180.56,-0.0001,0.002,5.6683,18.0011
BG_0073,data/phase3c_modelB/phase3c_modelB_section28_controlled_background_observations.csv,BG_S28_0073,UNOBSERVED,candidate_background_observation,0,Controlled_Background,25.166807,91.317831,2023-06-22,2023,6,June,2,West Khasi Block,43.49,85.83,327.1,613.5,696.52,117.69,299.86,6.0,12.0,16.0,872.82,23.66,147.23,-0.0021,-0.0017,5.2408,20.057
BG_0074,data/phase3c_modelB/phase3c_modelB_section28_controlled_background_observations.csv,BG_S28_0074,UNOBSERVED,candidate_background_observation,0,Controlled_Background,25.046767,91.462329,2007-06-12,2007,6,June,2,West Khasi Block,0.0,144.18,343.78,591.07,1084.78,119.76,263.94,4.0,12.0,20.0,878.3,26.88,219.68,-0.0036,-0.0008,4.5465,30.9997
BG_0075,data/phase3c_modelB/phase3c_modelB_section28_controlled_background_observations.csv,BG_S28_0075,UNOBSERVED,candidate_background_observation,0,Controlled_Background,25.106172,91.074807,2020-06-03,2020,6,June,2,West Khasi Block,36.96,105.1,105.1,489.05,740.48,36.96,177.37,3.0,11.0,17.0,527.96,24.45,344.57,0.0022,-0.0017,4.939,19.3057
BG_0076,data/phase3c_modelB/phase3c_modelB_section28_controlled_background_observations.csv,BG_S28_0076,UNOBSERVED,candidate_background_observation,0,Controlled_Background,25.634009,91.428339,2023-06-02,2023,6,June,2,West Khasi Block,0.0,18.08,18.08,81.82,163.88,18.08,63.74,1.0,3.0,6.0,1159.41,30.31,223.78,-0.0,0.0029,4.1931,39.1964
BG_0077,data/phase3c_modelB/phase3c_modelB_section28_controlled_background_observations.csv,BG_S28_0077,UNOBSERVED,candidate_background_observation,0,Controlled_Background,25.155662,91.076263,2010-06-20,2010,6,June,2,West Khasi Block,42.47,84.95,189.0,390.03,847.3,42.47,179.53,6.0,13.0,22.0,627.71,24.13,13.37,-0.002,-0.0017,5.1605,18.9627
BG_0078,data/phase3c_modelB/phase3c_modelB_section28_controlled_background_observations.csv,BG_S28_0078,UNOBSERVED,candidate_background_observation,0,Controlled_Background,25.103289,91.020818,2018-06-18,2018,6,June,2,West Khasi Block,17.77,71.07,329.36,484.79,815.55,92.25,202.94,6.0,10.0,17.0,500.71,18.89,336.17,-0.0018,-0.0019,5.3727,19.2353
BG_0079,data/phase3c_modelB/phase3c_modelB_section28_controlled_background_observations.csv,BG_S28_0079,UNOBSERVED,candidate_background_observation,0,Controlled_Background,25.519927,91.361853,2014-06-09,2014,6,June,2,West Khasi Block,49.7,82.83,99.39,246.44,395.93,49.7,98.03,3.0,7.0,14.0,1156.35,26.46,218.66,0.0013,-0.0003,4.6164,18.0617
BG_0080,data/phase3c_modelB/phase3c_modelB_section28_controlled_background_observations.csv,BG_S28_0080,UNOBSERVED,candidate_background_observation,0,Controlled_Background,25.368733,91.267886,2026-06-02,2026,6,June,2,West Khasi Block,16.11,93.95,132.46,371.44,563.96,66.67,184.31,7.0,12.0,16.0,1040.89,17.11,93.75,-0.0012,-0.0022,5.913,36.5353
BG_0081,data/phase3c_modelB/phase3c_modelB_section28_controlled_background_observations.csv,BG_S28_0081,UNOBSERVED,candidate_background_observation,0,Controlled_Background,25.171702,91.009248,2022-06-28,2022,6,June,2,West Khasi Block,0.0,0.0,0.0,308.11,874.58,0.0,227.57,0.0,8.0,21.0,499.38,19.22,33.87,0.0031,-0.0011,5.6143,20.169
BG_0082,data/phase3c_modelB/phase3c_modelB_section28_controlled_background_observations.csv,BG_S28_0082,UNOBSERVED,candidate_background_observation,0,Controlled_Background,25.137296,91.24202,2018-06-28,2018,6,June,2,West Khasi Block,16.51,16.51,188.39,546.65,929.1,73.66,210.09,5.0,12.0,19.0,779.19,14.09,12.18,0.0006,-0.0008,5.891,18.0224
BG_0083,data/phase3c_modelB/phase3c_modelB_section28_controlled_background_observations.csv,BG_S28_0083,UNOBSERVED,candidate_background_observation,0,Controlled_Background,25.245446,91.281753,2018-06-04,2018,6,June,2,West Khasi Block,0.0,0.0,47.29,316.43,573.02,47.29,171.54,1.0,6.0,11.0,848.71,28.44,101.5,0.0005,0.0027,5.0861,38.9953
BG_0084,data/phase3c_modelB/phase3c_modelB_section28_controlled_background_observations.csv,BG_S28_0084,UNOBSERVED,candidate_background_observation,0,Controlled_Background,25.039475,91.498995,2023-06-21,2023,6,June,2,West Khasi Block,31.35,55.7,361.51,582.71,701.32,111.32,281.46,6.0,12.0,16.0,958.34,25.65,228.67,-0.0033,0.0008,4.6267,32.1827
BG_0085,data/phase3c_modelB/phase3c_modelB_section28_controlled_background_observations.csv,BG_S28_0085,UNOBSERVED,candidate_background_observation,0,Controlled_Background,25.144465,91.595502,2023-06-29,2023,6,June,2,West Khasi Block,187.54,281.31,347.18,879.68,1185.68,187.54,350.75,4.0,11.0,16.0,1138.0,22.77,33.05,-0.0014,-0.0009,5.2252,18.2397
BG_0086,data/phase3c_modelB/phase3c_modelB_section28_controlled_background_observations.csv,BG_S28_0086,UNOBSERVED,candidate_background_observation,0,Controlled_Background,25.030593,91.445338,2009-06-04,2009,6,June,2,West Khasi Block,0.0,0.0,88.25,314.57,575.3,29.95,204.44,3.0,7.0,14.0,835.36,29.57,221.36,-0.0016,-0.002,4.2932,36.8691
BG_0087,data/phase3c_modelB/phase3c_modelB_section28_controlled_background_observations.csv,BG_S28_0087,UNOBSERVED,candidate_background_observation,0,Controlled_Background,25.229502,91.310569,2022-06-02,2022,6,June,2,West Khasi Block,33.08,84.3,84.3,110.99,587.78,34.68,294.8,3.0,4.0,10.0,888.75,31.79,118.95,-0.0013,0.0021,4.7862,36.6424
BG_0088,data/phase3c_modelB/phase3c_modelB_section28_controlled_background_observations.csv,BG_S28_0088,UNOBSERVED,candidate_background_observation,0,Controlled_Background,25.334838,91.51627,2022-07-06,2022,7,July,2,West Khasi Block,115.59,131.22,162.47,229.77,948.48,115.59,259.76,4.0,6.0,20.0,1281.05,14.57,122.52,-0.0032,-0.0007,6.1945,35.4471
BG_0089,data/phase3c_modelB/phase3c_modelB_section28_controlled_background_observations.csv,BG_S28_0089,UNOBSERVED,candidate_background_observation,0,Controlled_Background,25.152962,91.2741,2020-07-05,2020,7,July,2,West Khasi Block,0.0,80.28,216.29,526.63,943.89,64.23,231.9,6.0,12.0,24.0,803.18,16.92,118.3,0.0012,-0.0023,5.7267,18.5267
BG_0090,data/phase3c_modelB/phase3c_modelB_section28_controlled_background_observations.csv,BG_S28_0090,UNOBSERVED,candidate_background_observation,0,Controlled_Background,25.041187,91.517576,2022-07-02,2022,7,July,2,West Khasi Block,0.0,16.97,135.77,279.15,1080.53,50.91,215.08,4.0,8.0,23.0,1005.42,26.03,234.6,-0.0025,0.0015,4.6004,31.9666
BG_0091,data/phase3c_modelB/phase3c_modelB_section28_controlled_background_observations.csv,BG_S28_0091,UNOBSERVED,candidate_background_observation,0,Controlled_Background,25.119198,91.157307,2014-07-24,2014,7,July,2,West Khasi Block,40.16,40.16,92.17,254.69,719.29,40.16,223.35,5.0,10.0,21.0,660.25,21.17,351.2,0.0005,0.0027,5.2524,18.297
BG_0092,data/phase3c_modelB/phase3c_modelB_section28_controlled_background_observations.csv,BG_S28_0092,UNOBSERVED,candidate_background_observation,0,Controlled_Background,25.58672,91.547185,2024-07-24,2024,7,July,2,West Khasi Block,0.0,0.0,122.4,382.56,835.92,43.56,209.9,4.0,8.0,18.0,1357.57,20.03,253.18,0.0001,-0.001,5.0035,23.3285
BG_0093,data/phase3c_modelB/phase3c_modelB_section28_controlled_background_observations.csv,BG_S28_0093,UNOBSERVED,candidate_background_observation,0,Controlled_Background,25.18695,91.049248,2009-07-26,2009,7,July,2,West Khasi Block,55.42,105.18,130.07,228.62,694.08,55.42,254.73,5.0,9.0,17.0,612.2,26.35,31.49,-0.0007,-0.0006,5.0984,23.5833
BG_0094,data/phase3c_modelB/phase3c_modelB_section28_controlled_background_observations.csv,BG_S28_0094,UNOBSERVED,candidate_background_observation,0,Controlled_Background,25.119495,91.116844,2014-07-07,2014,7,July,2,West Khasi Block,98.37,163.94,250.21,490.54,1151.45,98.37,228.93,6.0,11.0,23.0,601.56,24.3,352.43,0.0016,0.0007,5.0032,18.3262
BG_0095,data/phase3c_modelB/phase3c_modelB_section28_controlled_background_observations.csv,BG_S28_0095,UNOBSERVED,candidate_background_observation,0,Controlled_Background,25.499945,91.596278,2009-07-22,2009,7,July,2,West Khasi Block,0.0,24.75,85.98,141.52,664.46,61.23,266.45,2.0,4.0,15.0,1377.68,28.35,290.33,-0.0012,0.0009,4.5296,19.3957
BG_0096,data/phase3c_modelB/phase3c_modelB_section28_controlled_background_observations.csv,BG_S28_0096,UNOBSERVED,candidate_background_observation,0,Controlled_Background,25.324492,91.152979,2017-07-14,2017,7,July,2,West Khasi Block,72.28,96.38,239.65,672.64,1204.38,107.45,248.77,4.0,11.0,20.0,752.11,21.99,46.5,0.0019,0.0002,5.617,44.3523
BG_0097,data/phase3c_modelB/phase3c_modelB_section28_controlled_background_observations.csv,BG_S28_0097,UNOBSERVED,candidate_background_observation,0,Controlled_Background,25.425892,91.077223,2017-07-11,2017,7,July,2,West Khasi Block,0.0,68.01,251.71,544.42,1362.23,68.01,350.0,6.0,13.0,24.0,683.74,33.69,12.28,-0.0032,-0.001,4.3882,38.6582
BG_0098,data/phase3c_modelB/phase3c_modelB_section28_controlled_background_observations.csv,BG_S28_0098,UNOBSERVED,candidate_background_observation,0,Controlled_Background,25.079689,91.482769,2018-07-27,2018,7,July,2,West Khasi Block,0.0,65.9,156.75,343.77,767.73,35.62,405.51,5.0,11.0,15.0,964.63,20.49,211.95,-0.0049,0.0,5.1584,22.1695
BG_0099,data/phase3c_modelB/phase3c_modelB_section28_controlled_background_observations.csv,BG_S28_0099,UNOBSERVED,candidate_background_observation,0,Controlled_Background,25.147489,91.13436,2026-07-28,2026,7,July,2,West Khasi Block,58.09,116.19,116.19,409.61,867.34,58.09,226.09,2.0,7.0,17.0,684.61,23.48,8.7,-0.0014,0.0018,5.1804,18.3904
BG_0100,data/phase3c_modelB/phase3c_modelB_section28_controlled_background_observations.csv,BG_S28_0100,UNOBSERVED,candidate_background_observation,0,Controlled_Background,25.078247,91.375467,2020-07-22,2020,7,July,2,West Khasi Block,70.53,264.09,430.12,893.03,1442.52,105.79,386.86,7.0,12.0,24.0,836.0,30.3,209.91,0.0044,0.0003,4.3687,24.4835
BG_0101,data/phase3c_modelB/phase3c_modelB_section28_controlled_background_observations.csv,BG_S28_0101,UNOBSERVED,candidate_background_observation,0,Controlled_Background,25.137296,91.24202,2012-07-15,2012,7,July,2,West Khasi Block,42.93,110.4,158.08,261.03,691.56,42.93,181.89,6.0,12.0,23.0,779.19,14.09,12.18,0.0006,-0.0008,5.891,18.0224
BG_0102,data/phase3c_modelB/phase3c_modelB_section28_controlled_background_observations.csv,BG_S28_0102,UNOBSERVED,candidate_background_observation,0,Controlled_Background,25.585913,91.340426,2017-07-05,2017,7,July,2,West Khasi Block,15.14,151.35,292.92,464.02,1013.96,75.68,250.16,7.0,12.0,23.0,1092.1,25.85,234.67,0.0043,-0.0004,4.5385,24.711
BG_0103,data/phase3c_modelB/phase3c_modelB_section28_controlled_background_observations.csv,BG_S28_0103,UNOBSERVED,candidate_background_observation,0,Controlled_Background,25.547641,91.539626,2013-07-21,2013,7,July,2,West Khasi Block,64.85,160.57,286.42,501.81,877.24,71.78,167.5,6.0,10.0,21.0,1317.62,16.25,246.42,-0.0006,0.0017,5.3618,18.6086
BG_0104,data/phase3c_modelB/phase3c_modelB_section28_controlled_background_observations.csv,BG_S28_0104,UNOBSERVED,candidate_background_observation,0,Controlled_Background,25.145475,91.492806,2022-07-08,2022,7,July,2,West Khasi Block,0.0,125.94,189.9,303.96,964.8,125.94,267.18,4.0,8.0,20.0,1068.65,14.49,170.37,0.0015,-0.0007,5.8916,18.1798
BG_0105,data/phase3c_modelB/phase3c_modelB_section28_controlled_background_observations.csv,BG_S28_0105,UNOBSERVED,candidate_background_observation,0,Controlled_Background,25.612749,91.441895,2008-07-17,2008,7,July,2,West Khasi Block,13.23,32.21,155.57,322.67,538.44,47.45,103.94,6.0,11.0,18.0,1216.92,25.55,225.56,-0.0014,0.0022,4.5575,30.6782
BG_0106,data/phase3c_modelB/phase3c_modelB_section28_controlled_background_observations.csv,BG_S28_0106,UNOBSERVED,candidate_background_observation,0,Controlled_Background,25.371144,91.236887,2020-07-18,2020,7,July,2,West Khasi Block,36.31,83.58,185.45,571.23,1035.86,101.87,333.38,4.0,11.0,21.0,988.8,16.13,69.22,-0.0016,-0.0004,5.9845,35.2467
BG_0107,data/phase3c_modelB/phase3c_modelB_section28_controlled_background_observations.csv,BG_S28_0107,UNOBSERVED,candidate_background_observation,0,Controlled_Background,25.608568,91.270773,2014-07-22,2014,7,July,2,West Khasi Block,0.0,60.2,101.9,341.24,718.4,41.7,141.38,4.0,12.0,21.0,1000.85,22.37,265.71,-0.0017,-0.0019,4.8108,28.2218
BG_0108,data/phase3c_modelB/phase3c_modelB_section28_controlled_background_observations.csv,BG_S28_0108,UNOBSERVED,candidate_background_observation,0,Controlled_Background,25.3281,91.251576,2020-07-23,2020,7,July,2,West Khasi Block,0.0,213.2,414.79,844.14,1364.37,121.83,333.38,6.0,11.0,24.0,974.27,14.83,82.83,-0.0043,-0.0002,6.1846,35.7949
BG_0109,data/phase3c_modelB/phase3c_modelB_section28_controlled_background_observations.csv,BG_S28_0109,UNOBSERVED,candidate_background_observation,0,Controlled_Background,25.241719,91.25706,2023-07-12,2023,7,July,2,West Khasi Block,0.0,117.58,175.17,755.73,1342.43,59.99,339.88,3.0,10.0,20.0,807.74,26.51,86.0,0.0016,0.0016,5.2338,36.6417
BG_0110,data/phase3c_modelB/phase3c_modelB_section28_controlled_background_observations.csv,BG_S28_0110,UNOBSERVED,candidate_background_observation,0,Controlled_Background,25.123196,91.274193,2013-07-01,2013,7,July,2,West Khasi Block,0.0,16.7,249.3,508.25,911.07,83.48,200.36,5.0,13.0,25.0,828.27,16.1,221.15,-0.0006,-0.0025,5.6739,18.1124
BG_0111,data/phase3c_modelB/phase3c_modelB_section28_controlled_background_observations.csv,BG_S28_0111,UNOBSERVED,candidate_background_observation,0,Controlled_Background,25.077919,91.327956,2025-07-30,2025,7,July,2,West Khasi Block,0.0,38.06,235.49,403.54,593.27,76.12,190.3,5.0,11.0,19.0,853.76,28.31,220.85,0.0036,-0.0004,4.5267,24.1262
BG_0112,data/phase3c_modelB/phase3c_modelB_section28_controlled_background_observations.csv,BG_S28_0112,UNOBSERVED,candidate_background_observation,0,Controlled_Background,25.507368,91.594325,2010-07-03,2010,7,July,2,West Khasi Block,55.87,93.12,278.01,483.29,860.5,73.96,160.24,7.0,13.0,24.0,1370.62,26.85,286.48,-0.0003,0.0011,4.6246,18.6688
BG_0113,data/phase3c_modelB/phase3c_modelB_section28_controlled_background_observations.csv,BG_S28_0113,UNOBSERVED,candidate_background_observation,0,Controlled_Background,25.486853,91.058927,2022-07-24,2022,7,July,2,West Khasi Block,0.0,101.28,175.51,332.13,506.81,67.52,135.05,4.0,10.0,17.0,732.78,29.3,336.4,-0.001,0.0023,4.5004,21.2455
BG_0114,data/phase3c_modelB/phase3c_modelB_section28_controlled_background_observations.csv,BG_S28_0114,UNOBSERVED,candidate_background_observation,0,Controlled_Background,25.049806,91.252973,2010-07-25,2010,7,July,2,West Khasi Block,19.96,69.86,136.52,261.05,693.97,35.03,199.28,6.0,11.0,20.0,809.95,25.12,277.93,-0.0038,0.0007,4.6954,29.4332
BG_0115,data/phase3c_modelB/phase3c_modelB_section28_controlled_background_observations.csv,BG_S28_0115,UNOBSERVED,candidate_background_observation,0,Controlled_Background,25.035005,91.443079,2018-07-14,2018,7,July,2,West Khasi Block,30.5,60.99,60.99,451.32,850.7,30.5,375.18,3.0,7.0,15.0,833.68,29.72,220.39,-0.0017,-0.0019,4.2908,35.7067
BG_0116,data/phase3c_modelB/phase3c_modelB_section28_controlled_background_observations.csv,BG_S28_0116,UNOBSERVED,candidate_background_observation,0,Controlled_Background,25.057135,91.421284,2010-07-09,2010,7,July,2,West Khasi Block,40.12,40.12,81.74,307.45,687.2,41.62,160.85,2.0,8.0,19.0,822.54,30.29,214.45,-0.0001,-0.0009,4.3024,29.7531
BG_0117,data/phase3c_modelB/phase3c_modelB_section28_controlled_background_observations.csv,BG_S28_0117,UNOBSERVED,candidate_background_observation,0,Controlled_Background,25.090262,91.37725,2014-07-15,2014,7,July,2,West Khasi Block,24.13,120.67,168.94,561.97,1195.67,72.4,270.66,5.0,11.0,22.0,854.68,28.12,204.4,0.0038,0.0007,4.5855,21.7493
BG_0118,data/phase3c_modelB/phase3c_modelB_section28_controlled_background_observations.csv,BG_S28_0118,UNOBSERVED,candidate_background_observation,0,Controlled_Background,25.094251,91.347552,2019-07-02,2019,7,July,2,West Khasi Block,0.0,24.36,255.96,430.01,654.96,89.08,231.6,5.0,10.0,18.0,862.01,26.99,206.7,0.004,-0.0004,4.6906,20.9751
BG_0119,data/phase3c_modelB/phase3c_modelB_section28_controlled_background_observations.csv,BG_S28_0119,UNOBSERVED,candidate_background_observation,0,Controlled_Background,25.364193,91.168055,2007-07-11,2007,7,July,2,West Khasi Block,14.18,70.54,110.69,243.19,520.61,28.18,161.91,5.0,11.0,19.0,792.17,20.69,42.09,0.0001,0.0026,5.6392,40.921
BG_0120,data/phase3c_modelB/phase3c_modelB_section28_controlled_background_observations.csv,BG_S28_0120,UNOBSERVED,candidate_background_observation,0,Controlled_Background,25.627876,91.35832,2026-07-25,2026,7,July,2,West Khasi Block,0.0,49.76,188.94,360.51,729.87,74.64,139.18,5.0,10.0,21.0,1098.88,33.81,230.05,0.0009,0.0001,3.9066,39.6678
BG_0121,data/phase3c_modelB/phase3c_modelB_section28_controlled_background_observations.csv,BG_S28_0121,UNOBSERVED,candidate_background_observation,0,Controlled_Background,25.040007,91.135221,2010-07-15,2010,7,July,2,West Khasi Block,24.82,24.82,203.54,260.86,709.6,86.06,180.75,5.0,7.0,18.0,518.06,34.45,320.14,0.0027,-0.0014,3.924,36.8731
BG_0122,data/phase3c_modelB/phase3c_modelB_section28_controlled_background_observations.csv,BG_S28_0122,UNOBSERVED,candidate_background_observation,0,Controlled_Background,25.288643,91.118293,2010-07-02,2010,7,July,2,West Khasi Block,0.0,0.0,191.46,400.39,887.94,82.06,177.79,4.0,11.0,25.0,724.53,30.0,45.21,0.0033,-0.0007,5.0,50.3603
BG_0123,data/phase3c_modelB/phase3c_modelB_section28_controlled_background_observations.csv,BG_S28_0123,UNOBSERVED,candidate_background_observation,0,Controlled_Background,25.281695,91.062907,2012-07-11,2012,7,July,2,West Khasi Block,11.9,32.0,105.55,276.28,731.46,33.34,141.94,5.0,10.0,23.0,654.89,28.98,47.67,0.0013,0.0022,5.0803,48.0115
BG_0124,data/phase3c_modelB/phase3c_modelB_section28_controlled_background_observations.csv,BG_S28_0124,UNOBSERVED,candidate_background_observation,0,Controlled_Background,25.627876,91.35832,2020-07-11,2020,7,July,2,West Khasi Block,57.6,181.2,201.8,437.65,625.7,82.4,218.4,4.0,9.0,16.0,1098.88,33.81,230.05,0.0009,0.0001,3.9066,39.6678
BG_0125,data/phase3c_modelB/phase3c_modelB_section28_controlled_background_observations.csv,BG_S28_0125,UNOBSERVED,candidate_background_observation,0,Controlled_Background,25.441924,91.271788,2024-07-22,2024,7,July,2,West Khasi Block,0.0,40.18,145.68,592.85,965.75,35.17,330.71,6.0,10.0,20.0,993.49,27.57,149.7,0.0027,-0.0003,4.8143,30.6977
BG_0126,data/phase3c_modelB/phase3c_modelB_section28_controlled_background_observations.csv,BG_S28_0126,UNOBSERVED,candidate_background_observation,0,Controlled_Background,25.5353,91.165253,2018-07-31,2018,7,July,2,West Khasi Block,23.54,82.4,136.2,305.69,697.36,35.31,195.06,7.0,14.0,26.0,880.79,20.47,317.05,0.0003,-0.0024,5.0531,18.1525
BG_0127,data/phase3c_modelB/phase3c_modelB_section28_controlled_background_observations.csv,BG_S28_0127,UNOBSERVED,candidate_background_observation,0,Controlled_Background,25.142359,91.309892,2009-07-11,2009,7,July,2,West Khasi Block,0.0,0.0,79.39,601.72,1069.71,32.58,352.7,3.0,11.0,24.0,859.12,20.13,167.94,-0.0004,-0.0027,5.428,18.1427
BG_0128,data/phase3c_modelB/phase3c_modelB_section28_controlled_background_observations.csv,BG_S28_0128,UNOBSERVED,candidate_background_observation,0,Controlled_Background,25.575114,91.488308,2020-07-27,2020,7,July,2,West Khasi Block,11.89,45.96,134.65,383.34,733.81,66.52,166.27,5.0,11.0,21.0,1310.25,15.59,230.94,-0.0049,-0.0,5.3693,20.8021
BG_0129,data/phase3c_modelB/phase3c_modelB_section28_controlled_background_observations.csv,BG_S28_0129,UNOBSERVED,candidate_background_observation,0,Controlled_Background,25.022036,91.593946,2020-07-28,2020,7,July,2,West Khasi Block,21.94,65.83,131.63,541.68,1386.5,65.8,422.74,3.0,9.0,21.0,1073.66,34.17,280.42,0.0017,0.001,3.9086,42.5849
BG_0130,data/phase3c_modelB/phase3c_modelB_section28_controlled_background_observations.csv,BG_S28_0130,UNOBSERVED,candidate_background_observation,0,Controlled_Background,25.071597,91.032954,2010-08-09,2010,8,August,2,West Khasi Block,15.62,46.85,125.25,272.54,503.82,30.27,88.0,7.0,15.0,27.0,479.6,25.63,322.33,-0.0013,-0.0001,4.72,24.7904
BG_0131,data/phase3c_modelB/phase3c_modelB_section28_controlled_background_observations.csv,BG_S28_0131,UNOBSERVED,candidate_background_observation,0,Controlled_Background,25.59542,91.574845,2013-08-15,2013,8,August,2,West Khasi Block,13.99,27.99,141.98,237.41,684.9,48.01,138.0,7.0,11.0,23.0,1403.62,24.72,268.52,0.0028,-0.0012,4.6239,26.3657
BG_0132,data/phase3c_modelB/phase3c_modelB_section28_controlled_background_observations.csv,BG_S28_0132,UNOBSERVED,candidate_background_observation,0,Controlled_Background,25.159988,91.572207,2009-08-21,2009,8,August,2,West Khasi Block,55.5,174.79,445.29,689.51,1143.52,119.29,238.57,7.0,14.0,25.0,1110.61,21.83,100.97,-0.0019,-0.0018,5.3612,19.2251
BG_0133,data/phase3c_modelB/phase3c_modelB_section28_controlled_background_observations.csv,BG_S28_0133,UNOBSERVED,candidate_background_observation,0,Controlled_Background,25.249251,91.268736,2013-08-10,2013,8,August,2,West Khasi Block,21.14,105.69,230.5,534.66,1037.87,47.16,186.78,6.0,12.0,23.0,834.98,27.0,93.41,0.0007,0.0023,5.2075,38.8845
BG_0134,data/phase3c_modelB/phase3c_modelB_section28_controlled_background_observations.csv,BG_S28_0134,UNOBSERVED,candidate_background_observation,0,Controlled_Background,25.065765,91.374152,2011-08-30,2011,8,August,2,West Khasi Block,0.0,0.0,49.09,380.35,1230.29,16.61,333.8,3.0,9.0,22.0,819.77,32.49,214.74,0.0045,-0.0001,4.1525,28.1622
BG_0135,data/phase3c_modelB/phase3c_modelB_section28_controlled_background_observations.csv,BG_S28_0135,UNOBSERVED,candidate_background_observation,0,Controlled_Background,25.18695,91.049248,2025-08-04,2025,8,August,2,West Khasi Block,73.88,258.57,258.57,565.33,756.51,147.76,258.57,3.0,9.0,16.0,612.2,26.35,31.49,-0.0007,-0.0006,5.0984,23.5833
BG_0136,data/phase3c_modelB/phase3c_modelB_section28_controlled_background_observations.csv,BG_S28_0136,UNOBSERVED,candidate_background_observation,0,Controlled_Background,25.441924,91.271788,2025-08-12,2025,8,August,2,West Khasi Block,99.59,99.59,142.22,275.45,720.62,99.59,205.91,3.0,6.0,16.0,993.49,27.57,149.7,0.0027,-0.0003,4.8143,30.6977
BG_0137,data/phase3c_modelB/phase3c_modelB_section28_controlled_background_observations.csv,BG_S28_0137,UNOBSERVED,candidate_background_observation,0,Controlled_Background,25.09806,91.388893,2019-08-19,2019,8,August,2,West Khasi Block,0.0,0.0,88.69,269.05,614.74,66.52,135.97,2.0,6.0,15.0,871.68,26.35,199.67,0.0027,0.0014,4.756,20.3723
BG_0138,data/phase3c_modelB/phase3c_modelB_section28_controlled_background_observations.csv,BG_S28_0138,UNOBSERVED,candidate_background_observation,0,Controlled_Background,25.484856,91.049031,2024-08-13,2024,8,August,2,West Khasi Block,14.38,71.91,122.37,223.06,745.11,57.53,199.2,3.0,6.0,16.0,707.34,28.5,336.23,-0.0004,0.0024,4.5718,21.4803
BG_0139,data/phase3c_modelB/phase3c_modelB_section28_controlled_background_observations.csv,BG_S28_0139,UNOBSERVED,candidate_background_observation,0,Controlled_Background,25.020658,91.415416,2007-08-29,2007,8,August,2,West Khasi Block,45.62,114.06,281.17,448.59,700.93,68.44,179.84,7.0,12.0,20.0,797.72,32.95,222.04,0.0002,-0.0028,4.0038,42.1333
BG_0140,data/phase3c_modelB/phase3c_modelB_section28_controlled_background_observations.csv,BG_S28_0140,UNOBSERVED,candidate_background_observation,0,Controlled_Background,25.157714,91.475917,2025-08-14,2025,8,August,2,West Khasi Block,26.14,130.72,130.72,455.06,947.06,78.43,270.28,3.0,7.0,17.0,1079.6,16.35,163.78,0.0029,0.0004,5.7909,18.7727
BG_0141,data/phase3c_modelB/phase3c_modelB_section28_controlled_background_observations.csv,BG_S28_0141,UNOBSERVED,candidate_background_observation,0,Controlled_Background,25.547641,91.539626,2014-08-14,2014,8,August,2,West Khasi Block,20.25,91.12,101.35,197.21,562.18,70.87,98.15,3.0,9.0,22.0,1317.62,16.25,246.42,-0.0006,0.0017,5.3618,18.6086
BG_0142,data/phase3c_modelB/phase3c_modelB_section28_controlled_background_observations.csv,BG_S28_0142,UNOBSERVED,candidate_background_observation,0,Controlled_Background,25.106172,91.074807,2018-08-14,2018,8,August,2,West Khasi Block,22.7,75.67,168.99,292.9,582.59,45.4,99.98,6.0,12.0,24.0,527.96,24.45,344.57,0.0022,-0.0017,4.939,19.3057
BG_0143,data/phase3c_modelB/phase3c_modelB_section28_controlled_background_observations.csv,BG_S28_0143,UNOBSERVED,candidate_background_observation,0,Controlled_Background,25.561714,91.178587,2024-08-14,2024,8,August,2,West Khasi Block,19.45,77.81,77.81,139.92,507.53,38.91,134.23,3.0,5.0,15.0,875.67,18.44,309.4,-0.0011,-0.0008,5.16,19.8116
BG_0144,data/phase3c_modelB/phase3c_modelB_section28_controlled_background_observations.csv,BG_S28_0144,UNOBSERVED,candidate_background_observation,0,Controlled_Background,25.065328,91.542495,2008-08-02,2008,8,August,2,West Khasi Block,0.0,111.45,111.45,372.11,867.64,92.94,167.44,2.0,9.0,20.0,1086.63,25.12,241.27,-0.0004,0.0003,4.7407,25.9498
BG_0145,data/phase3c_modelB/phase3c_modelB_section28_controlled_background_observations.csv,BG_S28_0145,UNOBSERVED,candidate_background_observation,0,Controlled_Background,25.192017,91.015123,2008-08-21,2008,8,August,2,West Khasi Block,0.0,27.07,207.4,408.8,693.79,54.13,135.33,5.0,13.0,25.0,520.03,23.35,42.33,0.0032,-0.0002,5.3555,23.8425
BG_0146,data/phase3c_modelB/phase3c_modelB_section28_controlled_background_observations.csv,BG_S28_0146,UNOBSERVED,candidate_background_observation,0,Controlled_Background,25.561714,91.178587,2024-08-02,2024,8,August,2,West Khasi Block,0.0,0.0,134.23,263.46,817.81,80.54,195.79,3.0,7.0,15.0,875.67,18.44,309.4,-0.0011,-0.0008,5.16,19.8116
BG_0147,data/phase3c_modelB/phase3c_modelB_section28_controlled_background_observations.csv,BG_S28_0147,UNOBSERVED,candidate_background_observation,0,Controlled_Background,25.119603,91.350985,2012-08-27,2012,8,August,2,West Khasi Block,0.0,63.1,234.7,458.57,878.41,78.0,247.1,6.0,10.0,23.0,891.2,24.05,189.67,0.0016,-0.0005,5.0236,18.3176
BG_0148,data/phase3c_modelB/phase3c_modelB_section28_controlled_background_observations.csv,BG_S28_0148,UNOBSERVED,candidate_background_observation,0,Controlled_Background,25.096707,91.288024,2012-08-06,2012,8,August,2,West Khasi Block,22.23,39.08,171.37,350.1,800.49,50.54,213.19,6.0,13.0,23.0,855.52,20.47,235.2,-0.0006,-0.0018,5.2214,19.9854
BG_0149,data/phase3c_modelB/phase3c_modelB_section28_controlled_background_observations.csv,BG_S28_0149,UNOBSERVED,candidate_background_observation,0,Controlled_Background,25.336189,91.518659,2019-08-02,2019,8,August,2,West Khasi Block,52.97,65.32,127.09,293.95,976.16,52.97,278.99,6.0,10.0,20.0,1288.39,14.65,121.79,-0.0029,-0.0008,6.1858,35.5234
BG_0150,data/phase3c_modelB/phase3c_modelB_section28_controlled_background_observations.csv,BG_S28_0150,UNOBSERVED,candidate_background_observation,0,Controlled_Background,25.098542,91.052219,2022-08-14,2022,8,August,2,West Khasi Block,7.16,21.49,21.49,242.59,594.6,14.33,136.67,2.0,9.0,18.0,504.61,23.25,338.65,0.0008,-0.0019,5.0059,20.0369
BG_0151,data/phase3c_modelB/phase3c_modelB_section28_controlled_background_observations.csv,BG_S28_0151,UNOBSERVED,candidate_background_observation,0,Controlled_Background,25.606269,91.415416,2023-08-27,2023,8,August,2,West Khasi Block,106.57,106.57,142.72,183.49,509.1,106.57,133.64,4.0,7.0,18.0,1190.96,27.51,225.03,0.0004,0.0022,4.3993,29.9835
BG_0152,data/phase3c_modelB/phase3c_modelB_section28_controlled_background_observations.csv,BG_S28_0152,UNOBSERVED,candidate_background_observation,0,Controlled_Background,25.589994,91.447089,2010-08-17,2010,8,August,2,West Khasi Block,69.71,93.41,200.05,422.74,721.98,82.94,143.46,4.0,12.0,26.0,1261.53,20.95,225.76,-0.0028,0.001,4.9279,24.1296
BG_0153,data/phase3c_modelB/phase3c_modelB_section28_controlled_background_observations.csv,BG_S28_0153,UNOBSERVED,candidate_background_observation,0,Controlled_Background,25.020054,91.565181,2013-08-02,2013,8,August,2,West Khasi Block,0.0,67.9,203.71,493.14,979.86,90.54,181.07,4.0,10.0,19.0,1051.0,30.93,262.3,0.0007,0.0025,4.1644,40.8285
BG_0154,data/phase3c_modelB/phase3c_modelB_section28_controlled_background_observations.csv,BG_S28_0154,UNOBSERVED,candidate_background_observation,0,Controlled_Background,25.444208,91.921704,2017-04-29,2017,4,April,3,East Khasi Block,0.0,22.18,45.04,113.09,282.58,22.87,138.52,2.0,5.0,9.0,1694.57,34.73,174.82,-0.0002,0.0002,4.2324,33.258
BG_0155,data/phase3c_modelB/phase3c_modelB_section28_controlled_background_observations.csv,BG_S28_0155,UNOBSERVED,candidate_background_observation,0,Controlled_Background,25.164052,91.796596,2014-04-06,2014,4,April,3,East Khasi Block,0.0,0.0,14.47,45.93,86.53,14.47,40.6,1.0,2.0,3.0,1313.3,18.2,20.74,0.0001,-0.0021,5.6672,19.3419
BG_0156,data/phase3c_modelB/phase3c_modelB_section28_controlled_background_observations.csv,BG_S28_0156,UNOBSERVED,candidate_background_observation,0,Controlled_Background,25.214005,91.821303,2023-04-04,2023,4,April,3,East Khasi Block,0.0,0.0,0.0,0.0,315.3,0.0,165.33,0.0,0.0,7.0,1358.53,29.0,48.32,-0.0025,0.0011,4.9704,30.7491
BG_0157,data/phase3c_modelB/phase3c_modelB_section28_controlled_background_observations.csv,BG_S28_0157,UNOBSERVED,candidate_background_observation,0,Controlled_Background,25.032595,91.985236,2011-04-10,2011,4,April,3,East Khasi Block,0.0,0.0,0.0,0.0,112.97,0.0,77.75,0.0,0.0,3.0,1087.83,27.81,226.28,-0.003,-0.0,4.4383,35.2123
BG_0158,data/phase3c_modelB/phase3c_modelB_section28_controlled_background_observations.csv,BG_S28_0158,UNOBSERVED,candidate_background_observation,0,Controlled_Background,25.084941,91.980842,2009-04-23,2009,4,April,3,East Khasi Block,50.18,125.46,125.46,125.46,378.98,75.27,125.46,2.0,2.0,9.0,1169.02,21.48,210.57,-0.0046,0.0001,5.0976,21.5891
BG_0159,data/phase3c_modelB/phase3c_modelB_section28_controlled_background_observations.csv,BG_S28_0159,UNOBSERVED,candidate_background_observation,0,Controlled_Background,25.171018,91.914004,2025-04-09,2025,4,April,3,East Khasi Block,0.0,0.0,0.0,19.68,153.24,0.0,133.56,0.0,1.0,2.0,1264.22,26.83,120.76,-0.0009,0.0017,5.003,20.9257
BG_0160,data/phase3c_modelB/phase3c_modelB_section28_controlled_background_observations.csv,BG_S28_0160,UNOBSERVED,candidate_background_observation,0,Controlled_Background,25.644156,91.818744,2012-04-02,2012,4,April,3,East Khasi Block,0.0,44.29,44.29,44.29,44.29,38.96,44.29,2.0,2.0,2.0,1699.7,29.72,305.88,-0.0006,-0.0025,4.2542,41.5876
BG_0161,data/phase3c_modelB/phase3c_modelB_section28_controlled_background_observations.csv,BG_S28_0161,UNOBSERVED,candidate_background_observation,0,Controlled_Background,25.630693,91.982293,2018-04-24,2018,4,April,3,East Khasi Block,0.0,0.0,0.0,10.35,123.68,0.0,58.4,0.0,1.0,7.0,1657.17,26.46,230.76,-0.0006,0.0003,4.4974,35.67
BG_0162,data/phase3c_modelB/phase3c_modelB_section28_controlled_background_observations.csv,BG_S28_0162,UNOBSERVED,candidate_background_observation,0,Controlled_Background,25.156572,91.719943,2025-04-29,2025,4,April,3,East Khasi Block,0.0,94.27,294.2,417.47,433.74,94.27,188.54,5.0,7.0,8.0,1292.72,17.67,13.42,0.0026,0.0009,5.6808,18.7614
BG_0163,data/phase3c_modelB/phase3c_modelB_section28_controlled_background_observations.csv,BG_S28_0163,UNOBSERVED,candidate_background_observation,0,Controlled_Background,25.119844,91.87233,2018-04-22,2018,4,April,3,East Khasi Block,0.0,75.74,75.74,101.4,250.41,75.74,123.35,1.0,2.0,6.0,1267.78,23.92,326.09,0.0015,0.0009,5.035,18.3045
BG_0164,data/phase3c_modelB/phase3c_modelB_section28_controlled_background_observations.csv,BG_S28_0164,UNOBSERVED,candidate_background_observation,0,Controlled_Background,25.045952,91.820672,2019-04-13,2019,4,April,3,East Khasi Block,0.0,0.0,18.51,305.84,305.84,18.51,147.46,1.0,7.0,7.0,1152.2,29.5,310.48,0.0023,0.0014,4.3348,32.4935
BG_0165,data/phase3c_modelB/phase3c_modelB_section28_controlled_background_observations.csv,BG_S28_0165,UNOBSERVED,candidate_background_observation,0,Controlled_Background,25.119844,91.87233,2026-04-12,2026,4,April,3,East Khasi Block,0.0,0.0,0.0,142.24,393.88,0.0,124.72,0.0,3.0,9.0,1267.78,23.92,326.09,0.0015,0.0009,5.035,18.3045
BG_0166,data/phase3c_modelB/phase3c_modelB_section28_controlled_background_observations.csv,BG_S28_0166,UNOBSERVED,candidate_background_observation,0,Controlled_Background,25.281815,91.875349,2007-04-07,2007,4,April,3,East Khasi Block,38.32,188.69,215.93,215.93,226.4,109.5,188.69,5.0,5.0,7.0,1461.64,31.05,80.79,0.0026,-0.0009,4.9147,50.1796
BG_0167,data/phase3c_modelB/phase3c_modelB_section28_controlled_background_observations.csv,BG_S28_0167,UNOBSERVED,candidate_background_observation,0,Controlled_Background,25.062067,91.822761,2011-04-04,2011,4,April,3,East Khasi Block,0.0,0.0,34.6,44.8,102.4,28.65,38.07,2.0,4.0,8.0,1178.42,27.73,314.37,0.0029,0.0005,4.5219,27.551
BG_0168,data/phase3c_modelB/phase3c_modelB_section28_controlled_background_observations.csv,BG_S28_0168,UNOBSERVED,candidate_background_observation,0,Controlled_Background,25.067417,91.793781,2008-04-19,2008,4,April,3,East Khasi Block,0.0,55.78,140.3,161.43,299.78,55.78,98.04,4.0,5.0,7.0,1132.85,23.77,323.77,-0.0004,0.0002,4.8553,25.1062
BG_0169,data/phase3c_modelB/phase3c_modelB_section28_controlled_background_observations.csv,BG_S28_0169,UNOBSERVED,candidate_background_observation,0,Controlled_Background,25.597442,91.805083,2013-04-21,2013,4,April,3,East Khasi Block,0.0,18.93,31.54,40.7,40.7,12.62,25.23,4.0,5.0,5.0,1727.61,21.41,307.33,0.0008,-0.0017,4.8881,25.6224
BG_0170,data/phase3c_modelB/phase3c_modelB_section28_controlled_background_observations.csv,BG_S28_0170,UNOBSERVED,candidate_background_observation,0,Controlled_Background,25.214005,91.821303,2008-04-04,2008,4,April,3,East Khasi Block,0.0,22.29,220.82,220.82,285.47,176.24,198.53,3.0,3.0,5.0,1358.53,29.0,48.32,-0.0025,0.0011,4.9704,30.7491
BG_0171,data/phase3c_modelB/phase3c_modelB_section28_controlled_background_observations.csv,BG_S28_0171,UNOBSERVED,candidate_background_observation,0,Controlled_Background,25.635083,91.719125,2008-04-08,2008,4,April,3,East Khasi Block,0.0,0.0,0.0,112.3,123.92,0.0,93.4,0.0,2.0,3.0,1548.01,27.11,316.07,-0.0,0.0011,4.4504,37.234
BG_0172,data/phase3c_modelB/phase3c_modelB_section28_controlled_background_observations.csv,BG_S28_0172,UNOBSERVED,candidate_background_observation,0,Controlled_Background,25.056927,91.665626,2013-05-16,2013,5,May,3,East Khasi Block,115.7,115.7,394.95,603.03,974.9,144.41,375.53,3.0,8.0,16.0,1080.98,32.14,318.31,0.0007,-0.0009,4.1538,30.531
BG_0173,data/phase3c_modelB/phase3c_modelB_section28_controlled_background_observations.csv,BG_S28_0173,UNOBSERVED,candidate_background_observation,0,Controlled_Background,25.60163,91.765578,2010-05-15,2010,5,May,3,East Khasi Block,0.0,54.84,132.4,218.35,396.74,44.65,77.56,5.0,9.0,23.0,1677.5,19.61,313.6,-0.0027,-0.0014,5.0313,25.712
BG_0174,data/phase3c_modelB/phase3c_modelB_section28_controlled_background_observations.csv,BG_S28_0174,UNOBSERVED,candidate_background_observation,0,Controlled_Background,25.235437,91.729564,2019-05-11,2019,5,May,3,East Khasi Block,13.78,51.78,70.78,409.92,490.11,19.0,222.29,4.0,8.0,11.0,1436.75,27.32,40.59,0.0027,-0.0003,5.1567,35.5767
BG_0175,data/phase3c_modelB/phase3c_modelB_section28_controlled_background_observations.csv,BG_S28_0175,UNOBSERVED,candidate_background_observation,0,Controlled_Background,25.601689,91.985345,2019-05-02,2019,5,May,3,East Khasi Block,0.0,21.6,50.61,54.25,153.27,21.6,56.93,3.0,3.0,8.0,1686.89,21.45,231.12,-0.0037,0.0,4.8841,26.447
BG_0176,data/phase3c_modelB/phase3c_modelB_section28_controlled_background_observations.csv,BG_S28_0176,UNOBSERVED,candidate_background_observation,0,Controlled_Background,25.095451,91.866714,2014-05-02,2014,5,May,3,East Khasi Block,20.52,123.1,167.7,167.7,283.86,102.59,123.1,5.0,5.0,9.0,1264.05,26.51,304.04,0.004,0.0003,4.7335,20.7482
BG_0177,data/phase3c_modelB/phase3c_modelB_section28_controlled_background_observations.csv,BG_S28_0177,UNOBSERVED,candidate_background_observation,0,Controlled_Background,25.095659,91.785502,2009-05-05,2009,5,May,3,East Khasi Block,16.4,32.79,213.97,302.57,395.63,82.8,181.18,5.0,7.0,10.0,1170.26,18.21,337.45,-0.0012,-0.0017,5.3982,19.8674
BG_0178,data/phase3c_modelB/phase3c_modelB_section28_controlled_background_observations.csv,BG_S28_0178,UNOBSERVED,candidate_background_observation,0,Controlled_Background,25.50476,91.670089,2013-05-18,2013,5,May,3,East Khasi Block,0.0,70.44,70.44,277.81,532.89,46.96,207.37,2.0,5.0,16.0,1571.07,26.85,325.63,-0.0,-0.003,4.6333,18.8739
BG_0179,data/phase3c_modelB/phase3c_modelB_section28_controlled_background_observations.csv,BG_S28_0179,UNOBSERVED,candidate_background_observation,0,Controlled_Background,25.205176,91.859006,2012-05-28,2012,5,May,3,East Khasi Block,39.84,79.68,163.72,349.03,585.84,42.02,165.51,5.0,10.0,15.0,1299.27,31.95,64.22,-0.0049,0.0,4.7091,29.4963
BG_0180,data/phase3c_modelB/phase3c_modelB_section28_controlled_background_observations.csv,BG_S28_0180,UNOBSERVED,candidate_background_observation,0,Controlled_Background,25.246654,91.627253,2009-05-24,2009,5,May,3,East Khasi Block,0.0,11.41,75.84,171.86,447.69,53.02,158.08,3.0,6.0,15.0,1262.13,35.76,62.25,-0.0013,-0.0013,4.5025,44.8018
BG_0181,data/phase3c_modelB/phase3c_modelB_section28_controlled_background_observations.csv,BG_S28_0181,UNOBSERVED,candidate_background_observation,0,Controlled_Background,25.10814,91.779522,2025-05-07,2025,5,May,3,East Khasi Block,10.38,24.92,24.92,313.53,486.83,14.54,224.5,2.0,5.0,8.0,1190.65,16.06,344.86,-0.0012,-0.0022,5.6178,18.7369
BG_0182,data/phase3c_modelB/phase3c_modelB_section28_controlled_background_observations.csv,BG_S28_0182,UNOBSERVED,candidate_background_observation,0,Controlled_Background,25.131792,91.955471,2014-05-19,2014,5,May,3,East Khasi Block,11.42,22.84,131.1,525.3,671.79,36.09,251.3,5.0,11.0,16.0,1255.52,19.19,180.91,-0.0001,0.0021,5.461,18.0013
BG_0183,data/phase3c_modelB/phase3c_modelB_section28_controlled_background_observations.csv,BG_S28_0183,UNOBSERVED,candidate_background_observation,0,Controlled_Background,25.235239,91.81435,2011-05-20,2011,5,May,3,East Khasi Block,16.84,67.37,152.17,218.42,345.9,33.69,105.31,7.0,9.0,12.0,1397.88,29.59,50.77,-0.0011,0.0023,4.9747,36.9811
BG_0184,data/phase3c_modelB/phase3c_modelB_section28_controlled_background_observations.csv,BG_S28_0184,UNOBSERVED,candidate_background_observation,0,Controlled_Background,25.444208,91.921704,2011-05-11,2011,5,May,3,East Khasi Block,0.0,17.99,17.99,84.49,168.9,17.99,66.51,1.0,4.0,9.0,1694.57,34.73,174.82,-0.0002,0.0002,4.2324,33.258
BG_0185,data/phase3c_modelB/phase3c_modelB_section28_controlled_background_observations.csv,BG_S28_0185,UNOBSERVED,candidate_background_observation,0,Controlled_Background,25.185316,91.934099,2017-05-02,2017,5,May,3,East Khasi Block,0.0,65.19,65.19,241.79,306.24,65.19,95.36,1.0,6.0,8.0,1285.17,27.65,129.41,0.0013,0.0007,4.9887,23.5317
BG_0186,data/phase3c_modelB/phase3c_modelB_section28_controlled_background_observations.csv,BG_S28_0186,UNOBSERVED,candidate_background_observation,0,Controlled_Background,25.117411,91.648346,2011-05-29,2011,5,May,3,East Khasi Block,23.79,23.79,90.9,287.41,549.51,33.56,145.46,3.0,10.0,15.0,1166.9,24.14,346.8,0.001,0.0023,5.0077,18.4335
BG_0187,data/phase3c_modelB/phase3c_modelB_section28_controlled_background_observations.csv,BG_S28_0187,UNOBSERVED,candidate_background_observation,0,Controlled_Background,25.243941,91.692949,2013-05-06,2013,5,May,3,East Khasi Block,0.0,23.51,248.59,347.3,501.33,94.03,201.57,5.0,8.0,14.0,1393.33,31.16,44.42,0.0009,-0.0024,4.8658,40.5642
BG_0188,data/phase3c_modelB/phase3c_modelB_section28_controlled_background_observations.csv,BG_S28_0188,UNOBSERVED,candidate_background_observation,0,Controlled_Background,25.601126,91.819667,2023-05-11,2023,5,May,3,East Khasi Block,11.84,11.84,11.84,47.71,73.29,11.84,35.88,1.0,3.0,5.0,1738.65,23.71,303.39,0.002,-0.0017,4.7034,27.2169
BG_0189,data/phase3c_modelB/phase3c_modelB_section28_controlled_background_observations.csv,BG_S28_0189,UNOBSERVED,candidate_background_observation,0,Controlled_Background,25.591619,91.751572,2008-05-01,2008,5,May,3,East Khasi Block,45.43,57.34,86.73,113.34,138.76,45.43,57.34,7.0,10.0,12.0,1680.6,17.94,314.8,-0.004,-0.0006,5.1679,23.491
BG_0190,data/phase3c_modelB/phase3c_modelB_section28_controlled_background_observations.csv,BG_S28_0190,UNOBSERVED,candidate_background_observation,0,Controlled_Background,25.553656,91.69185,2013-05-22,2013,5,May,3,East Khasi Block,10.82,10.82,67.1,234.2,396.75,28.14,167.1,3.0,6.0,14.0,1633.77,19.42,316.1,-0.0022,-0.0012,5.096,19.1673
BG_0191,data/phase3c_modelB/phase3c_modelB_section28_controlled_background_observations.csv,BG_S28_0191,UNOBSERVED,candidate_background_observation,0,Controlled_Background,25.115627,91.863293,2014-05-24,2014,5,May,3,East Khasi Block,10.9,21.79,56.61,183.24,760.54,11.96,368.57,5.0,9.0,19.0,1265.51,23.66,328.61,0.0021,0.0002,5.0391,18.5289
BG_0192,data/phase3c_modelB/phase3c_modelB_section28_controlled_background_observations.csv,BG_S28_0192,UNOBSERVED,candidate_background_observation,0,Controlled_Background,25.573913,91.974746,2017-05-27,2017,5,May,3,East Khasi Block,0.0,54.63,95.58,168.36,250.45,34.16,75.1,4.0,8.0,15.0,1717.63,18.23,232.27,-0.0048,0.0,5.1595,21.128
BG_0193,data/phase3c_modelB/phase3c_modelB_section28_controlled_background_observations.csv,BG_S28_0193,UNOBSERVED,candidate_background_observation,0,Controlled_Background,25.156572,91.719943,2024-05-17,2024,5,May,3,East Khasi Block,22.5,30.31,30.31,172.52,253.48,22.5,142.21,2.0,5.0,8.0,1292.72,17.67,13.42,0.0026,0.0009,5.6808,18.7614
BG_0194,data/phase3c_modelB/phase3c_modelB_section28_controlled_background_observations.csv,BG_S28_0194,UNOBSERVED,candidate_background_observation,0,Controlled_Background,25.178088,91.646453,2008-05-08,2008,5,May,3,East Khasi Block,0.0,0.0,18.94,116.82,294.24,18.94,115.57,1.0,4.0,8.0,1222.51,28.35,34.53,-0.0027,0.001,4.9072,22.2842
BG_0195,data/phase3c_modelB/phase3c_modelB_section28_controlled_background_observations.csv,BG_S28_0195,UNOBSERVED,candidate_background_observation,0,Controlled_Background,25.51363,91.874632,2018-05-18,2018,5,May,3,East Khasi Block,0.0,0.0,0.0,94.94,143.06,0.0,81.38,0.0,4.0,5.0,1720.6,27.08,285.25,0.0005,-0.0011,4.5861,18.2892
BG_0196,data/phase3c_modelB/phase3c_modelB_section28_controlled_background_observations.csv,BG_S28_0196,UNOBSERVED,candidate_background_observation,0,Controlled_Background,25.498372,91.627845,2023-05-01,2023,5,May,3,East Khasi Block,0.0,54.07,54.07,102.07,102.07,36.05,54.07,2.0,4.0,4.0,1450.82,30.15,314.46,-0.0012,-0.0013,4.3911,19.6702
BG_0197,data/phase3c_modelB/phase3c_modelB_section28_controlled_background_observations.csv,BG_S28_0197,UNOBSERVED,candidate_background_observation,0,Controlled_Background,25.172345,91.963438,2011-05-14,2011,5,May,3,East Khasi Block,0.0,21.95,63.85,196.36,320.12,41.9,132.5,2.0,5.0,7.0,1300.46,21.99,149.63,0.0035,0.0009,5.3951,20.5614
BG_0198,data/phase3c_modelB/phase3c_modelB_section28_controlled_background_observations.csv,BG_S28_0198,UNOBSERVED,candidate_background_observation,0,Controlled_Background,25.19079,91.908497,2014-05-22,2014,5,May,3,East Khasi Block,9.15,32.67,54.21,355.42,684.06,14.36,247.98,6.0,14.0,21.0,1271.98,30.61,107.06,-0.0018,0.0003,4.7706,25.3682
BG_0199,data/phase3c_modelB/phase3c_modelB_section28_controlled_background_observations.csv,BG_S28_0199,UNOBSERVED,candidate_background_observation,0,Controlled_Background,25.22398,91.93848,2018-05-31,2018,5,May,3,East Khasi Block,20.48,20.48,263.0,277.16,500.54,122.9,236.2,4.0,5.0,10.0,1337.62,32.67,119.74,0.0014,-0.0018,4.7028,35.431
BG_0200,data/phase3c_modelB/phase3c_modelB_section28_controlled_background_observations.csv,BG_S28_0200,UNOBSERVED,candidate_background_observation,0,Controlled_Background,25.194832,91.958082,2007-05-18,2007,5,May,3,East Khasi Block,0.0,0.0,76.98,154.84,222.11,59.6,77.86,2.0,4.0,6.0,1321.7,26.6,136.68,0.0038,0.0,5.1047,25.249
BG_0201,data/phase3c_modelB/phase3c_modelB_section28_controlled_background_observations.csv,BG_S28_0201,UNOBSERVED,candidate_background_observation,0,Controlled_Background,25.094259,91.885315,2009-05-23,2009,5,May,3,East Khasi Block,36.22,36.22,112.86,227.06,473.36,76.64,159.13,2.0,6.0,13.0,1270.6,27.52,279.48,0.0033,0.001,4.6482,21.0322
BG_0202,data/phase3c_modelB/phase3c_modelB_section28_controlled_background_observations.csv,BG_S28_0202,UNOBSERVED,candidate_background_observation,0,Controlled_Background,25.120622,91.614187,2025-05-11,2025,5,May,3,East Khasi Block,96.3,117.87,150.33,150.33,575.2,96.3,227.09,6.0,6.0,11.0,1158.14,24.05,341.41,0.0015,0.0004,5.0276,18.2704
BG_0203,data/phase3c_modelB/phase3c_modelB_section28_controlled_background_observations.csv,BG_S28_0203,UNOBSERVED,candidate_background_observation,0,Controlled_Background,25.118319,91.777038,2022-05-12,2022,5,May,3,East Khasi Block,0.0,0.0,0.0,74.86,290.04,0.0,70.12,0.0,2.0,12.0,1212.75,14.93,351.03,-0.0009,-0.0025,5.7481,18.2374
BG_0204,data/phase3c_modelB/phase3c_modelB_section28_controlled_background_observations.csv,BG_S28_0204,UNOBSERVED,candidate_background_observation,0,Controlled_Background,25.055098,91.676145,2007-05-12,2007,5,May,3,East Khasi Block,0.0,34.44,97.39,97.39,272.93,62.95,71.91,2.0,2.0,8.0,1067.28,31.34,319.98,-0.0005,-0.0011,4.2125,30.7372
BG_0205,data/phase3c_modelB/phase3c_modelB_section28_controlled_background_observations.csv,BG_S28_0205,UNOBSERVED,candidate_background_observation,0,Controlled_Background,25.165616,91.683066,2024-05-22,2024,5,May,3,East Khasi Block,0.0,29.51,112.55,112.55,286.44,33.48,142.21,5.0,5.0,9.0,1272.14,23.13,20.35,0.001,0.002,5.2787,19.8759
BG_0206,data/phase3c_modelB/phase3c_modelB_section28_controlled_background_observations.csv,BG_S28_0206,UNOBSERVED,candidate_background_observation,0,Controlled_Background,25.032595,91.985236,2018-05-25,2018,5,May,3,East Khasi Block,133.02,149.65,149.65,175.31,602.6,133.02,236.49,2.0,3.0,9.0,1087.83,27.81,226.28,-0.003,-0.0,4.4383,35.2123
BG_0207,data/phase3c_modelB/phase3c_modelB_section28_controlled_background_observations.csv,BG_S28_0207,UNOBSERVED,candidate_background_observation,0,Controlled_Background,25.311586,91.652356,2013-05-21,2013,5,May,3,East Khasi Block,0.0,0.0,104.75,374.38,672.87,69.83,269.63,2.0,5.0,14.0,1391.09,25.64,55.1,0.0023,-0.0006,5.3394,48.1686
BG_0208,data/phase3c_modelB/phase3c_modelB_section28_controlled_background_observations.csv,BG_S28_0208,UNOBSERVED,candidate_background_observation,0,Controlled_Background,25.251921,91.696194,2011-05-09,2011,5,May,3,East Khasi Block,0.0,0.0,54.15,108.3,282.84,54.15,108.3,1.0,2.0,8.0,1401.83,30.33,45.05,0.0005,-0.0024,4.9452,42.1995
BG_0209,data/phase3c_modelB/phase3c_modelB_section28_controlled_background_observations.csv,BG_S28_0209,UNOBSERVED,candidate_background_observation,0,Controlled_Background,25.118544,91.870784,2009-05-27,2009,5,May,3,East Khasi Block,24.48,183.06,219.27,343.85,699.13,122.38,183.95,4.0,6.0,16.0,1267.6,23.93,325.58,0.0017,0.0007,5.029,18.3688
BG_0210,data/phase3c_modelB/phase3c_modelB_section28_controlled_background_observations.csv,BG_S28_0210,UNOBSERVED,candidate_background_observation,0,Controlled_Background,25.311586,91.652356,2014-05-08,2014,5,May,3,East Khasi Block,29.28,146.41,203.52,294.68,328.65,87.85,146.41,6.0,8.0,10.0,1391.09,25.64,55.1,0.0023,-0.0006,5.3394,48.1686
BG_0211,data/phase3c_modelB/phase3c_modelB_section28_controlled_background_observations.csv,BG_S28_0211,UNOBSERVED,candidate_background_observation,0,Controlled_Background,25.118113,91.78821,2017-05-27,2017,5,May,3,East Khasi Block,0.0,125.04,249.34,464.76,636.25,93.22,156.12,4.0,10.0,16.0,1220.17,15.62,350.37,-0.0004,-0.0027,5.6921,18.2555
BG_0212,data/phase3c_modelB/phase3c_modelB_section28_controlled_background_observations.csv,BG_S28_0212,UNOBSERVED,candidate_background_observation,0,Controlled_Background,25.025085,91.988208,2025-05-12,2025,5,May,3,East Khasi Block,0.0,61.64,115.32,195.53,513.42,44.95,194.48,6.0,7.0,12.0,1074.55,27.58,226.94,-0.0022,0.0002,4.4415,37.0488
BG_0213,data/phase3c_modelB/phase3c_modelB_section28_controlled_background_observations.csv,BG_S28_0213,UNOBSERVED,candidate_background_observation,0,Controlled_Background,25.056927,91.665626,2024-05-17,2024,5,May,3,East Khasi Block,18.88,24.35,24.35,153.29,228.79,18.88,128.94,2.0,5.0,8.0,1080.98,32.14,318.31,0.0007,-0.0009,4.1538,30.531
BG_0214,data/phase3c_modelB/phase3c_modelB_section28_controlled_background_observations.csv,BG_S28_0214,UNOBSERVED,candidate_background_observation,0,Controlled_Background,25.573084,91.727752,2010-05-02,2010,5,May,3,East Khasi Block,41.05,51.32,96.0,214.51,351.13,41.05,76.14,5.0,13.0,23.0,1683.21,16.68,316.32,-0.0049,0.0,5.2845,20.7697
BG_0215,data/phase3c_modelB/phase3c_modelB_section28_controlled_background_observations.csv,BG_S28_0215,UNOBSERVED,candidate_background_observation,0,Controlled_Background,25.477473,91.943013,2023-05-05,2023,5,May,3,East Khasi Block,0.0,0.0,42.12,70.21,99.7,21.63,42.12,3.0,5.0,7.0,1690.31,30.3,211.46,0.0017,-0.0018,4.4556,23.0966
BG_0216,data/phase3c_modelB/phase3c_modelB_section28_controlled_background_observations.csv,BG_S28_0216,UNOBSERVED,candidate_background_observation,0,Controlled_Background,25.045952,91.820672,2019-05-23,2019,5,May,3,East Khasi Block,41.99,104.98,225.63,339.65,904.05,60.33,347.3,5.0,11.0,19.0,1152.2,29.5,310.48,0.0023,0.0014,4.3348,32.4935
BG_0217,data/phase3c_modelB/phase3c_modelB_section28_controlled_background_observations.csv,BG_S28_0217,UNOBSERVED,candidate_background_observation,0,Controlled_Background,25.118428,91.991741,2024-05-13,2024,5,May,3,East Khasi Block,0.0,0.0,0.0,163.62,353.15,0.0,163.62,0.0,3.0,10.0,1215.82,15.85,189.61,-0.0017,-0.0004,5.6749,18.2483
BG_0218,data/phase3c_modelB/phase3c_modelB_section28_controlled_background_observations.csv,BG_S28_0218,UNOBSERVED,candidate_background_observation,0,Controlled_Background,25.055098,91.676145,2025-05-16,2025,5,May,3,East Khasi Block,32.72,160.31,364.4,407.8,855.42,95.69,211.82,7.0,11.0,17.0,1067.28,31.34,319.98,-0.0005,-0.0011,4.2125,30.7372
BG_0219,data/phase3c_modelB/phase3c_modelB_section28_controlled_background_observations.csv,BG_S28_0219,UNOBSERVED,candidate_background_observation,0,Controlled_Background,25.039789,91.987193,2012-05-23,2012,5,May,3,East Khasi Block,0.0,66.25,118.64,365.11,550.32,33.13,190.91,4.0,10.0,13.0,1092.83,27.32,224.45,-0.0036,0.0001,4.4939,33.0238
BG_0220,data/phase3c_modelB/phase3c_modelB_section28_controlled_background_observations.csv,BG_S28_0220,UNOBSERVED,candidate_background_observation,0,Controlled_Background,25.648318,91.818977,2017-05-27,2017,5,May,3,East Khasi Block,0.0,70.71,124.78,210.91,292.6,49.09,92.34,5.0,9.0,16.0,1695.79,29.97,306.32,-0.0008,-0.0024,4.2411,42.9058
BG_0221,data/phase3c_modelB/phase3c_modelB_section28_controlled_background_observations.csv,BG_S28_0221,UNOBSERVED,candidate_background_observation,0,Controlled_Background,25.164052,91.796596,2024-05-04,2024,5,May,3,East Khasi Block,47.73,47.73,61.09,149.79,200.41,47.73,56.87,2.0,5.0,9.0,1313.3,18.2,20.74,0.0001,-0.0021,5.6672,19.3419
BG_0222,data/phase3c_modelB/phase3c_modelB_section28_controlled_background_observations.csv,BG_S28_0222,UNOBSERVED,candidate_background_observation,0,Controlled_Background,25.056927,91.665626,2023-05-30,2023,5,May,3,East Khasi Block,0.0,0.0,36.75,110.26,287.46,36.75,121.72,1.0,3.0,8.0,1080.98,32.14,318.31,0.0007,-0.0009,4.1538,30.531
BG_0223,data/phase3c_modelB/phase3c_modelB_section28_controlled_background_observations.csv,BG_S28_0223,UNOBSERVED,candidate_background_observation,0,Controlled_Background,25.221601,91.931666,2020-05-14,2020,5,May,3,East Khasi Block,0.0,53.8,90.96,90.96,265.98,53.8,79.48,2.0,2.0,10.0,1326.72,33.19,116.69,0.0009,-0.0018,4.6553,34.9569
BG_0224,data/phase3c_modelB/phase3c_modelB_section28_controlled_background_observations.csv,BG_S28_0224,UNOBSERVED,candidate_background_observation,0,Controlled_Background,25.118745,91.766169,2011-05-13,2011,5,May,3,East Khasi Block,44.22,44.22,103.74,254.79,433.08,59.52,151.04,2.0,4.0,10.0,1206.63,14.56,351.65,-0.0012,-0.002,5.7794,18.2181
BG_0225,data/phase3c_modelB/phase3c_modelB_section28_controlled_background_observations.csv,BG_S28_0225,UNOBSERVED,candidate_background_observation,0,Controlled_Background,25.144112,91.931735,2007-05-19,2007,5,May,3,East Khasi Block,43.88,43.88,169.99,263.18,344.15,82.23,126.11,3.0,5.0,7.0,1263.85,22.2,163.81,0.0003,0.0028,5.2694,18.2198
BG_0226,data/phase3c_modelB/phase3c_modelB_section28_controlled_background_observations.csv,BG_S28_0226,UNOBSERVED,candidate_background_observation,0,Controlled_Background,25.513586,91.649862,2024-05-09,2024,5,May,3,East Khasi Block,0.0,0.0,70.37,70.37,126.15,44.71,70.37,2.0,2.0,7.0,1513.74,26.93,316.97,0.0002,-0.0026,4.5982,18.2898
BG_0227,data/phase3c_modelB/phase3c_modelB_section28_controlled_background_observations.csv,BG_S28_0227,UNOBSERVED,candidate_background_observation,0,Controlled_Background,25.210431,91.894467,2007-05-28,2007,5,May,3,East Khasi Block,27.83,111.34,470.02,666.19,763.72,165.54,303.5,7.0,11.0,13.0,1289.33,34.12,92.35,-0.003,-0.0008,4.5508,31.8815
BG_0228,data/phase3c_modelB/phase3c_modelB_section28_controlled_background_observations.csv,BG_S28_0228,UNOBSERVED,candidate_background_observation,0,Controlled_Background,25.117411,91.648346,2026-05-11,2026,5,May,3,East Khasi Block,0.0,0.0,0.88,214.68,581.98,0.88,191.16,0.0,7.0,15.0,1166.9,24.14,346.8,0.001,0.0023,5.0077,18.4335
BG_0229,data/phase3c_modelB/phase3c_modelB_section28_controlled_background_observations.csv,BG_S28_0229,UNOBSERVED,candidate_background_observation,0,Controlled_Background,25.513586,91.649862,2018-06-02,2018,6,June,3,East Khasi Block,0.0,19.59,39.19,163.8,282.17,19.59,108.15,2.0,7.0,13.0,1513.74,26.93,316.97,0.0002,-0.0026,4.5982,18.2898
BG_0230,data/phase3c_modelB/phase3c_modelB_section28_controlled_background_observations.csv,BG_S28_0230,UNOBSERVED,candidate_background_observation,0,Controlled_Background,25.10814,91.779522,2017-06-28,2017,6,June,3,East Khasi Block,31.35,73.16,295.83,746.74,1349.17,95.43,280.7,7.0,13.0,25.0,1190.65,16.06,344.86,-0.0012,-0.0022,5.6178,18.7369
BG_0231,data/phase3c_modelB/phase3c_modelB_section28_controlled_background_observations.csv,BG_S28_0231,UNOBSERVED,candidate_background_observation,0,Controlled_Background,25.573084,91.727752,2008-06-01,2008,6,June,3,East Khasi Block,18.79,58.18,77.88,147.91,147.91,19.7,58.18,5.0,8.0,8.0,1683.21,16.68,316.32,-0.0049,0.0,5.2845,20.7697
BG_0232,data/phase3c_modelB/phase3c_modelB_section28_controlled_background_observations.csv,BG_S28_0232,UNOBSERVED,candidate_background_observation,0,Controlled_Background,25.573913,91.974746,2020-06-20,2020,6,June,3,East Khasi Block,0.0,0.0,6.33,56.51,195.78,3.69,82.72,2.0,6.0,17.0,1717.63,18.23,232.27,-0.0048,0.0,5.1595,21.128
BG_0233,data/phase3c_modelB/phase3c_modelB_section28_controlled_background_observations.csv,BG_S28_0233,UNOBSERVED,candidate_background_observation,0,Controlled_Background,25.299029,91.626204,2019-06-03,2019,6,June,3,East Khasi Block,109.95,109.95,145.54,263.3,453.1,109.95,109.95,2.0,6.0,15.0,1359.03,28.35,64.8,0.0039,-0.0007,5.1303,50.0901
BG_0234,data/phase3c_modelB/phase3c_modelB_section28_controlled_background_observations.csv,BG_S28_0234,UNOBSERVED,candidate_background_observation,0,Controlled_Background,25.153765,91.948935,2007-06-11,2007,6,June,3,East Khasi Block,65.73,207.74,321.34,523.05,1183.78,85.2,311.19,5.0,12.0,22.0,1272.67,21.12,158.96,0.0015,0.0021,5.3939,18.7102
BG_0235,data/phase3c_modelB/phase3c_modelB_section28_controlled_background_observations.csv,BG_S28_0235,UNOBSERVED,candidate_background_observation,0,Controlled_Background,25.299029,91.626204,2020-06-20,2020,6,June,3,East Khasi Block,0.0,42.93,120.76,326.53,722.38,42.93,213.41,5.0,9.0,20.0,1359.03,28.35,64.8,0.0039,-0.0007,5.1303,50.0901
BG_0236,data/phase3c_modelB/phase3c_modelB_section28_controlled_background_observations.csv,BG_S28_0236,UNOBSERVED,candidate_background_observation,0,Controlled_Background,25.217276,91.6601,2007-06-30,2007,6,June,3,East Khasi Block,16.77,50.3,113.93,371.62,897.89,33.53,264.43,5.0,12.0,24.0,1298.61,33.67,45.48,-0.0012,-0.0015,4.6057,33.8281
BG_0237,data/phase3c_modelB/phase3c_modelB_section28_controlled_background_observations.csv,BG_S28_0237,UNOBSERVED,candidate_background_observation,0,Controlled_Background,25.11859,91.894508,2019-06-21,2019,6,June,3,East Khasi Block,26.56,94.73,133.24,245.13,432.19,54.53,94.73,6.0,11.0,16.0,1269.38,24.52,258.29,0.0011,0.0021,4.982,18.3755
BG_0238,data/phase3c_modelB/phase3c_modelB_section28_controlled_background_observations.csv,BG_S28_0238,UNOBSERVED,candidate_background_observation,0,Controlled_Background,25.0896,91.982627,2008-06-03,2008,6,June,3,East Khasi Block,0.0,63.97,188.78,323.21,474.51,47.98,105.82,6.0,10.0,13.0,1173.64,20.48,207.9,-0.0044,0.0001,5.1943,20.8129
BG_0239,data/phase3c_modelB/phase3c_modelB_section28_controlled_background_observations.csv,BG_S28_0239,UNOBSERVED,candidate_background_observation,0,Controlled_Background,25.0896,91.982627,2025-06-20,2025,6,June,3,East Khasi Block,0.0,0.0,150.38,208.4,969.84,69.62,465.23,4.0,8.0,16.0,1173.64,20.48,207.9,-0.0044,0.0001,5.1943,20.8129
BG_0240,data/phase3c_modelB/phase3c_modelB_section28_controlled_background_observations.csv,BG_S28_0240,UNOBSERVED,candidate_background_observation,0,Controlled_Background,25.630693,91.982293,2007-06-09,2007,6,June,3,East Khasi Block,80.03,96.04,107.64,249.75,508.25,80.03,146.08,3.0,10.0,17.0,1657.17,26.46,230.76,-0.0006,0.0003,4.4974,35.67
BG_0241,data/phase3c_modelB/phase3c_modelB_section28_controlled_background_observations.csv,BG_S28_0241,UNOBSERVED,candidate_background_observation,0,Controlled_Background,25.235437,91.729564,2026-06-13,2026,6,June,3,East Khasi Block,70.25,70.25,146.62,433.98,801.84,70.25,175.14,3.0,11.0,24.0,1436.75,27.32,40.59,0.0027,-0.0003,5.1567,35.5767
BG_0242,data/phase3c_modelB/phase3c_modelB_section28_controlled_background_observations.csv,BG_S28_0242,UNOBSERVED,candidate_background_observation,0,Controlled_Background,25.19079,91.908497,2019-06-10,2019,6,June,3,East Khasi Block,0.0,46.43,46.43,158.78,451.4,46.43,104.94,1.0,3.0,12.0,1271.98,30.61,107.06,-0.0018,0.0003,4.7706,25.3682
BG_0243,data/phase3c_modelB/phase3c_modelB_section28_controlled_background_observations.csv,BG_S28_0243,UNOBSERVED,candidate_background_observation,0,Controlled_Background,25.231216,91.757111,2014-06-20,2014,6,June,3,East Khasi Block,0.0,198.02,247.52,747.85,1019.61,148.51,301.57,3.0,9.0,17.0,1442.15,25.91,40.53,0.0027,0.0013,5.2605,33.6207
BG_0244,data/phase3c_modelB/phase3c_modelB_section28_controlled_background_observations.csv,BG_S28_0244,UNOBSERVED,candidate_background_observation,0,Controlled_Background,25.21764,91.653734,2013-06-06,2013,6,June,3,East Khasi Block,71.33,153.28,153.28,302.98,815.84,71.33,379.17,3.0,7.0,12.0,1283.34,34.17,47.36,-0.0018,-0.0014,4.5666,34.1796
BG_0245,data/phase3c_modelB/phase3c_modelB_section28_controlled_background_observations.csv,BG_S28_0245,UNOBSERVED,candidate_background_observation,0,Controlled_Background,25.281815,91.875349,2022-06-28,2022,6,June,3,East Khasi Block,63.4,63.4,72.12,435.56,933.14,63.4,225.69,2.0,10.0,24.0,1461.64,31.05,80.79,0.0026,-0.0009,4.9147,50.1796
BG_0246,data/phase3c_modelB/phase3c_modelB_section28_controlled_background_observations.csv,BG_S28_0246,UNOBSERVED,candidate_background_observation,0,Controlled_Background,25.055098,91.676145,2023-06-13,2023,6,June,3,East Khasi Block,28.68,57.36,220.86,220.86,342.18,81.75,163.49,6.0,6.0,9.0,1067.28,31.34,319.98,-0.0005,-0.0011,4.2125,30.7372
BG_0247,data/phase3c_modelB/phase3c_modelB_section28_controlled_background_observations.csv,BG_S28_0247,UNOBSERVED,candidate_background_observation,0,Controlled_Background,25.597442,91.805083,2007-07-04,2007,7,July,3,East Khasi Block,32.83,32.83,103.55,179.29,501.0,40.41,173.54,4.0,9.0,19.0,1727.61,21.41,307.33,0.0008,-0.0017,4.8881,25.6224
BG_0248,data/phase3c_modelB/phase3c_modelB_section28_controlled_background_observations.csv,BG_S28_0248,UNOBSERVED,candidate_background_observation,0,Controlled_Background,25.575715,91.770365,2010-07-19,2010,7,July,3,East Khasi Block,24.43,48.86,78.74,123.46,421.21,29.88,106.13,4.0,6.0,18.0,1726.66,15.63,314.28,-0.0031,-0.0002,5.3655,20.8739
BG_0249,data/phase3c_modelB/phase3c_modelB_section28_controlled_background_observations.csv,BG_S28_0249,UNOBSERVED,candidate_background_observation,0,Controlled_Background,25.573913,91.974746,2008-07-12,2008,7,July,3,East Khasi Block,0.0,68.38,82.7,244.8,505.56,39.74,122.52,3.0,8.0,17.0,1717.63,18.23,232.27,-0.0048,0.0,5.1595,21.128
BG_0250,data/phase3c_modelB/phase3c_modelB_section28_controlled_background_observations.csv,BG_S28_0250,UNOBSERVED,candidate_background_observation,0,Controlled_Background,25.078465,91.620413,2022-07-31,2022,7,July,3,East Khasi Block,140.86,211.29,281.73,539.46,916.19,140.86,211.29,3.0,9.0,19.0,1145.5,30.22,308.9,0.0047,0.0002,4.3758,24.4181
BG_0251,data/phase3c_modelB/phase3c_modelB_section28_controlled_background_observations.csv,BG_S28_0251,UNOBSERVED,candidate_background_observation,0,Controlled_Background,25.055098,91.676145,2022-07-04,2022,7,July,3,East Khasi Block,0.0,47.58,189.72,286.74,1212.95,71.07,267.07,4.0,7.0,22.0,1067.28,31.34,319.98,-0.0005,-0.0011,4.2125,30.7372
BG_0252,data/phase3c_modelB/phase3c_modelB_section28_controlled_background_observations.csv,BG_S28_0252,UNOBSERVED,candidate_background_observation,0,Controlled_Background,25.191308,91.948905,2023-07-01,2023,7,July,3,East Khasi Block,25.03,112.18,155.75,426.33,897.96,87.15,363.28,3.0,8.0,16.0,1306.4,27.08,134.45,0.003,0.0003,5.0547,24.6267
BG_0253,data/phase3c_modelB/phase3c_modelB_section28_controlled_background_observations.csv,BG_S28_0253,UNOBSERVED,candidate_background_observation,0,Controlled_Background,25.622005,91.826426,2008-07-12,2008,7,July,3,East Khasi Block,11.73,72.42,97.94,245.05,458.6,35.18,105.77,4.0,9.0,18.0,1732.28,28.12,301.65,0.0011,-0.0021,4.3569,34.4373
BG_0254,data/phase3c_modelB/phase3c_modelB_section28_controlled_background_observations.csv,BG_S28_0254,UNOBSERVED,candidate_background_observation,0,Controlled_Background,25.172345,91.963438,2011-07-28,2011,7,July,3,East Khasi Block,0.0,0.0,0.0,523.07,891.24,0.0,247.66,0.0,7.0,14.0,1300.46,21.99,149.63,0.0035,0.0009,5.3951,20.5614
BG_0255,data/phase3c_modelB/phase3c_modelB_section28_controlled_background_observations.csv,BG_S28_0255,UNOBSERVED,candidate_background_observation,0,Controlled_Background,25.0896,91.982627,2026-07-18,2026,7,July,3,East Khasi Block,0.0,0.0,94.19,206.38,891.78,94.19,277.8,1.0,4.0,17.0,1173.64,20.48,207.9,-0.0044,0.0001,5.1943,20.8129
BG_0256,data/phase3c_modelB/phase3c_modelB_section28_controlled_background_observations.csv,BG_S28_0256,UNOBSERVED,candidate_background_observation,0,Controlled_Background,25.135044,91.864655,2022-07-11,2022,7,July,3,East Khasi Block,0.0,30.79,154.5,388.3,1023.59,61.58,321.6,4.0,10.0,21.0,1265.31,23.01,4.95,-0.0003,0.0003,5.1684,18.0094
BG_0257,data/phase3c_modelB/phase3c_modelB_section28_controlled_background_observations.csv,BG_S28_0257,UNOBSERVED,candidate_background_observation,0,Controlled_Background,25.117411,91.648346,2008-07-12,2008,7,July,3,East Khasi Block,16.88,63.93,117.03,342.35,904.07,53.1,192.6,4.0,9.0,19.0,1166.9,24.14,346.8,0.001,0.0023,5.0077,18.4335
BG_0258,data/phase3c_modelB/phase3c_modelB_section28_controlled_background_observations.csv,BG_S28_0258,UNOBSERVED,candidate_background_observation,0,Controlled_Background,25.11701,91.885353,2019-07-29,2019,7,July,3,East Khasi Block,0.0,45.51,165.76,347.49,1059.86,83.65,365.51,4.0,8.0,20.0,1269.87,24.6,291.68,0.0015,0.0016,4.9693,18.4651
BG_0259,data/phase3c_modelB/phase3c_modelB_section28_controlled_background_observations.csv,BG_S28_0259,UNOBSERVED,candidate_background_observation,0,Controlled_Background,25.311586,91.652356,2025-07-12,2025,7,July,3,East Khasi Block,21.92,21.92,75.11,327.4,659.97,53.19,151.26,2.0,9.0,17.0,1391.09,25.64,55.1,0.0023,-0.0006,5.3394,48.1686
BG_0260,data/phase3c_modelB/phase3c_modelB_section28_controlled_background_observations.csv,BG_S28_0260,UNOBSERVED,candidate_background_observation,0,Controlled_Background,25.214005,91.821303,2011-07-19,2011,7,July,3,East Khasi Block,108.58,144.77,329.93,528.43,1152.68,108.58,258.45,6.0,9.0,21.0,1358.53,29.0,48.32,-0.0025,0.0011,4.9704,30.7491
BG_0261,data/phase3c_modelB/phase3c_modelB_section28_controlled_background_observations.csv,BG_S28_0261,UNOBSERVED,candidate_background_observation,0,Controlled_Background,25.106373,91.777567,2007-07-06,2007,7,July,3,East Khasi Block,0.0,76.78,105.83,268.0,893.24,43.58,235.61,4.0,9.0,22.0,1184.71,16.19,344.0,-0.0015,-0.0021,5.6005,18.8518
BG_0262,data/phase3c_modelB/phase3c_modelB_section28_controlled_background_observations.csv,BG_S28_0262,UNOBSERVED,candidate_background_observation,0,Controlled_Background,25.200423,91.790192,2014-07-13,2014,7,July,3,East Khasi Block,40.38,141.33,362.27,608.48,1111.61,165.71,276.18,5.0,12.0,19.0,1381.33,23.86,36.42,0.0009,0.0004,5.3417,25.6052
BG_0263,data/phase3c_modelB/phase3c_modelB_section28_controlled_background_observations.csv,BG_S28_0263,UNOBSERVED,candidate_background_observation,0,Controlled_Background,25.115627,91.863293,2020-07-13,2020,7,July,3,East Khasi Block,0.0,306.07,516.93,698.28,1191.47,204.05,403.39,5.0,11.0,22.0,1265.51,23.66,328.61,0.0021,0.0002,5.0391,18.5289
BG_0264,data/phase3c_modelB/phase3c_modelB_section28_controlled_background_observations.csv,BG_S28_0264,UNOBSERVED,candidate_background_observation,0,Controlled_Background,25.155479,91.630093,2017-07-11,2017,7,July,3,East Khasi Block,0.0,0.0,151.39,616.97,1478.09,85.36,396.14,2.0,9.0,20.0,1177.71,25.34,24.15,-0.0023,0.0013,5.063,18.9951
BG_0265,data/phase3c_modelB/phase3c_modelB_section28_controlled_background_observations.csv,BG_S28_0265,UNOBSERVED,candidate_background_observation,0,Controlled_Background,25.21764,91.653734,2013-07-09,2013,7,July,3,East Khasi Block,0.0,90.77,136.16,600.0,1094.49,45.39,240.78,3.0,9.0,20.0,1283.34,34.17,47.36,-0.0018,-0.0014,4.5666,34.1796
BG_0266,data/phase3c_modelB/phase3c_modelB_section28_controlled_background_observations.csv,BG_S28_0266,UNOBSERVED,candidate_background_observation,0,Controlled_Background,25.13934,91.928703,2008-07-26,2008,7,July,3,East Khasi Block,30.98,54.19,259.1,505.16,907.05,92.85,212.16,6.0,11.0,19.0,1262.8,22.26,169.7,0.0001,0.0029,5.2456,18.0744
BG_0267,data/phase3c_modelB/phase3c_modelB_section28_controlled_background_observations.csv,BG_S28_0267,UNOBSERVED,candidate_background_observation,0,Controlled_Background,25.06518,91.658572,2008-07-12,2008,7,July,3,East Khasi Block,0.0,68.35,122.92,375.24,840.2,54.57,173.21,3.0,8.0,19.0,1099.49,31.5,319.23,0.0016,-0.0003,4.2299,28.0081
BG_0268,data/phase3c_modelB/phase3c_modelB_section28_controlled_background_observations.csv,BG_S28_0268,UNOBSERVED,candidate_background_observation,0,Controlled_Background,25.210431,91.894467,2019-07-28,2019,7,July,3,East Khasi Block,12.67,50.68,193.11,311.05,945.39,75.96,305.88,6.0,8.0,19.0,1289.33,34.12,92.35,-0.003,-0.0008,4.5508,31.8815
BG_0269,data/phase3c_modelB/phase3c_modelB_section28_controlled_background_observations.csv,BG_S28_0269,UNOBSERVED,candidate_background_observation,0,Controlled_Background,25.444208,91.921704,2007-07-05,2007,7,July,3,East Khasi Block,16.15,72.66,105.87,275.58,736.21,56.52,195.99,4.0,11.0,22.0,1694.57,34.73,174.82,-0.0002,0.0002,4.2324,33.258
BG_0270,data/phase3c_modelB/phase3c_modelB_section28_controlled_background_observations.csv,BG_S28_0270,UNOBSERVED,candidate_background_observation,0,Controlled_Background,25.078465,91.620413,2019-07-27,2019,7,July,3,East Khasi Block,17.54,94.25,197.81,538.05,1205.16,59.18,326.39,6.0,11.0,23.0,1145.5,30.22,308.9,0.0047,0.0002,4.3758,24.4181
BG_0271,data/phase3c_modelB/phase3c_modelB_section28_controlled_background_observations.csv,BG_S28_0271,UNOBSERVED,candidate_background_observation,0,Controlled_Background,25.045952,91.820672,2024-08-23,2024,8,August,3,East Khasi Block,10.43,68.67,212.99,419.36,769.58,144.32,191.0,4.0,8.0,17.0,1152.2,29.5,310.48,0.0023,0.0014,4.3348,32.4935
BG_0272,data/phase3c_modelB/phase3c_modelB_section28_controlled_background_observations.csv,BG_S28_0272,UNOBSERVED,candidate_background_observation,0,Controlled_Background,25.605022,91.771525,2017-08-02,2017,8,August,3,East Khasi Block,6.35,72.31,191.53,299.2,674.97,59.61,159.46,5.0,10.0,18.0,1678.41,20.36,312.99,-0.0021,-0.0017,4.9712,26.6352
BG_0273,data/phase3c_modelB/phase3c_modelB_section28_controlled_background_observations.csv,BG_S28_0273,UNOBSERVED,candidate_background_observation,0,Controlled_Background,25.490531,91.945366,2012-08-12,2012,8,August,3,East Khasi Block,0.0,37.01,92.67,227.4,724.15,18.55,183.56,5.0,11.0,22.0,1695.34,27.94,219.52,0.0012,-0.0023,4.5958,20.5477
BG_0274,data/phase3c_modelB/phase3c_modelB_section28_controlled_background_observations.csv,BG_S28_0274,UNOBSERVED,candidate_background_observation,0,Controlled_Background,25.032324,91.773993,2019-08-13,2019,8,August,3,East Khasi Block,0.0,50.99,86.61,212.11,685.86,50.99,174.57,4.0,9.0,18.0,1056.01,26.2,317.57,-0.0016,0.002,4.5665,34.2838
BG_0275,data/phase3c_modelB/phase3c_modelB_section28_controlled_background_observations.csv,BG_S28_0275,UNOBSERVED,candidate_background_observation,0,Controlled_Background,25.081978,91.84057,2013-08-20,2013,8,August,3,East Khasi Block,31.71,95.84,119.21,339.29,993.95,41.53,170.1,5.0,12.0,26.0,1230.23,26.41,315.13,0.0042,-0.0004,4.6928,22.9456
BG_0276,data/phase3c_modelB/phase3c_modelB_section28_controlled_background_observations.csv,BG_S28_0276,UNOBSERVED,candidate_background_observation,0,Controlled_Background,25.144112,91.931735,2017-08-03,2017,8,August,3,East Khasi Block,34.7,57.84,213.39,360.98,768.32,103.7,155.55,4.0,7.0,18.0,1263.85,22.2,163.81,0.0003,0.0028,5.2694,18.2198
BG_0277,data/phase3c_modelB/phase3c_modelB_section28_controlled_background_observations.csv,BG_S28_0277,UNOBSERVED,candidate_background_observation,0,Controlled_Background,25.114585,91.898194,2013-08-26,2013,8,August,3,East Khasi Block,97.16,97.16,219.51,343.14,874.7,97.16,179.68,4.0,10.0,23.0,1269.82,24.81,249.91,0.0013,0.0022,4.943,18.6237
BG_0278,data/phase3c_modelB/phase3c_modelB_section28_controlled_background_observations.csv,BG_S28_0278,UNOBSERVED,candidate_background_observation,0,Controlled_Background,25.209469,91.892315,2008-08-01,2008,8,August,3,East Khasi Block,15.69,86.61,133.9,491.25,925.43,70.93,200.21,4.0,12.0,22.0,1288.01,34.01,90.6,-0.0033,-0.0007,4.5569,31.5403
BG_0279,data/phase3c_modelB/phase3c_modelB_section28_controlled_background_observations.csv,BG_S28_0279,UNOBSERVED,candidate_background_observation,0,Controlled_Background,25.281815,91.875349,2007-08-09,2007,8,August,3,East Khasi Block,0.0,24.09,73.48,386.32,945.04,41.37,304.59,3.0,8.0,18.0,1461.64,31.05,80.79,0.0026,-0.0009,4.9147,50.1796
BG_0280,data/phase3c_modelB/phase3c_modelB_section28_controlled_background_observations.csv,BG_S28_0280,UNOBSERVED,candidate_background_observation,0,Controlled_Background,25.229493,91.93797,2012-09-29,2012,9,September,3,East Khasi Block,5.99,5.99,104.99,327.92,482.88,51.67,165.35,5.0,12.0,20.0,1346.38,33.04,118.52,0.0012,-0.0021,4.6862,37.3727
BG_0281,data/phase3c_modelB/phase3c_modelB_section28_controlled_background_observations.csv,BG_S28_0281,UNOBSERVED,candidate_background_observation,0,Controlled_Background,25.118544,91.870784,2014-09-05,2014,9,September,3,East Khasi Block,9.72,68.04,147.19,288.63,761.34,48.6,232.59,6.0,11.0,21.0,1267.6,23.93,325.58,0.0017,0.0007,5.029,18.3688
BG_0282,data/phase3c_modelB/phase3c_modelB_section28_controlled_background_observations.csv,BG_S28_0282,UNOBSERVED,candidate_background_observation,0,Controlled_Background,25.190597,91.785875,2011-09-20,2011,9,September,3,East Khasi Block,44.65,44.65,148.84,359.81,649.74,59.53,178.6,4.0,10.0,17.0,1370.11,21.87,32.12,0.0014,-0.0004,5.4691,23.232
BG_0283,data/phase3c_modelB/phase3c_modelB_section28_controlled_background_observations.csv,BG_S28_0283,UNOBSERVED,candidate_background_observation,0,Controlled_Background,25.054354,91.789606,2023-09-24,2023,9,September,3,East Khasi Block,0.0,0.0,108.85,227.07,682.47,43.54,310.66,3.0,9.0,19.0,1106.25,25.38,320.35,-0.0009,0.0011,4.6872,28.4869
BG_0284,data/phase3c_modelB/phase3c_modelB_section28_controlled_background_observations.csv,BG_S28_0284,UNOBSERVED,candidate_background_observation,0,Controlled_Background,25.110722,91.878654,2012-09-12,2012,9,September,3,East Khasi Block,0.0,30.08,60.12,237.59,574.82,15.06,174.81,4.0,8.0,16.0,1270.04,25.02,300.56,0.0023,0.0011,4.911,18.9221
BG_0285,data/phase3c_modelB/phase3c_modelB_section28_controlled_background_observations.csv,BG_S28_0285,UNOBSERVED,candidate_background_observation,0,Controlled_Background,25.180703,91.924108,2024-09-29,2024,9,September,3,East Khasi Block,51.26,51.26,120.0,139.26,263.35,51.26,55.93,5.0,7.0,21.0,1273.93,27.76,124.7,0.0001,0.0011,4.9638,22.6683
BG_0286,data/phase3c_modelB/phase3c_modelB_section28_controlled_background_observations.csv,BG_S28_0286,UNOBSERVED,candidate_background_observation,0,Controlled_Background,25.021767,91.654933,2018-10-04,2018,10,October,3,East Khasi Block,0.0,0.0,26.33,131.93,499.5,26.33,229.31,1.0,4.0,11.0,1047.54,35.01,308.0,0.0007,-0.0026,3.841,43.2778
BG_0287,data/phase3c_modelB/phase3c_modelB_section28_controlled_background_observations.csv,BG_S28_0287,UNOBSERVED,candidate_background_observation,0,Controlled_Background,25.178043,91.942329,2017-10-01,2017,10,October,3,East Khasi Block,11.82,74.4,136.99,212.23,449.05,37.55,121.16,6.0,9.0,16.0,1286.69,25.47,137.99,0.0021,0.0011,5.1375,21.8417
BG_0288,data/phase3c_modelB/phase3c_modelB_section28_controlled_background_observations.csv,BG_S28_0288,UNOBSERVED,candidate_background_observation,0,Controlled_Background,25.134737,91.875646,2019-10-16,2019,10,October,3,East Khasi Block,0.0,0.0,0.0,90.75,277.24,0.0,130.87,0.0,2.0,8.0,1265.38,23.65,7.17,-0.0002,0.0011,5.116,18.0072
BG_0289,data/phase3c_modelB/phase3c_modelB_section28_controlled_background_observations.csv,BG_S28_0289,UNOBSERVED,candidate_background_observation,0,Controlled_Background,25.984936,92.31084,2024-05-22,2024,5,May,4,Ri-Bhoi Block,0.0,15.59,69.54,69.54,69.54,16.4,46.84,5.0,5.0,5.0,951.05,15.54,42.13,-0.0008,0.0022,6.0708,22.837
BG_0290,data/phase3c_modelB/phase3c_modelB_section28_controlled_background_observations.csv,BG_S28_0290,UNOBSERVED,candidate_background_observation,0,Controlled_Background,25.872848,92.053355,2012-05-23,2012,5,May,4,Ri-Bhoi Block,22.84,45.67,97.0,214.04,298.67,51.33,79.59,3.0,9.0,11.0,1403.57,27.18,138.01,0.0002,-0.0028,5.1853,22.0979
BG_0291,data/phase3c_modelB/phase3c_modelB_section28_controlled_background_observations.csv,BG_S28_0291,UNOBSERVED,candidate_background_observation,0,Controlled_Background,25.9663,91.210608,2024-05-06,2024,5,May,4,Ri-Bhoi Block,73.43,73.43,73.43,73.43,148.29,73.43,73.43,1.0,1.0,5.0,780.93,15.02,60.44,0.0039,-0.0006,6.1529,20.5457
BG_0292,data/phase3c_modelB/phase3c_modelB_section28_controlled_background_observations.csv,BG_S28_0292,UNOBSERVED,candidate_background_observation,0,Controlled_Background,26.063722,91.553608,2007-05-20,2007,5,May,4,Ri-Bhoi Block,0.0,0.0,26.76,80.45,116.29,26.76,53.68,1.0,2.0,3.0,1015.12,29.37,154.07,0.0009,0.0008,4.6963,47.7433
BG_0293,data/phase3c_modelB/phase3c_modelB_section28_controlled_background_observations.csv,BG_S28_0293,UNOBSERVED,candidate_background_observation,0,Controlled_Background,26.005591,92.180591,2017-05-31,2017,5,May,4,Ri-Bhoi Block,0.0,25.26,86.13,158.81,246.64,32.01,92.88,3.0,5.0,12.0,1159.14,26.0,111.21,0.0001,-0.0029,5.1765,30.9366
BG_0294,data/phase3c_modelB/phase3c_modelB_section28_controlled_background_observations.csv,BG_S28_0294,UNOBSERVED,candidate_background_observation,0,Controlled_Background,25.770848,91.074898,2019-05-08,2019,5,May,4,Ri-Bhoi Block,0.0,15.27,160.65,247.58,357.0,116.31,145.38,3.0,7.0,12.0,694.62,22.91,5.86,0.0009,0.0021,5.2063,41.4704
BG_0295,data/phase3c_modelB/phase3c_modelB_section28_controlled_background_observations.csv,BG_S28_0295,UNOBSERVED,candidate_background_observation,0,Controlled_Background,25.797949,91.414779,2026-05-07,2026,5,May,4,Ri-Bhoi Block,0.0,4.94,44.83,158.06,267.7,17.06,109.64,5.0,9.0,11.0,1168.78,24.48,160.14,0.0006,-0.0018,5.1858,37.7556
BG_0296,data/phase3c_modelB/phase3c_modelB_section28_controlled_background_observations.csv,BG_S28_0296,UNOBSERVED,candidate_background_observation,0,Controlled_Background,25.888438,92.215481,2017-05-22,2017,5,May,4,Ri-Bhoi Block,0.0,0.0,38.8,90.75,160.98,38.8,39.48,1.0,5.0,10.0,1136.17,30.07,84.19,0.0002,0.0015,4.9769,19.9992
BG_0297,data/phase3c_modelB/phase3c_modelB_section28_controlled_background_observations.csv,BG_S28_0297,UNOBSERVED,candidate_background_observation,0,Controlled_Background,25.820042,92.191771,2017-05-11,2017,5,May,4,Ri-Bhoi Block,0.0,7.44,40.35,44.86,134.19,18.02,55.4,3.0,4.0,7.0,1197.02,29.21,104.06,-0.0021,-0.0003,4.8857,35.5042
BG_0298,data/phase3c_modelB/phase3c_modelB_section28_controlled_background_observations.csv,BG_S28_0298,UNOBSERVED,candidate_background_observation,0,Controlled_Background,25.687481,91.991246,2010-05-04,2010,5,May,4,Ri-Bhoi Block,34.65,80.86,110.79,224.4,390.42,46.2,87.92,4.0,10.0,20.0,1567.73,24.91,218.64,0.0048,-0.0001,4.7387,45.696
BG_0299,data/phase3c_modelB/phase3c_modelB_section28_controlled_background_observations.csv,BG_S28_0299,UNOBSERVED,candidate_background_observation,0,Controlled_Background,26.084627,91.279599,2026-05-01,2026,5,May,4,Ri-Bhoi Block,18.43,47.28,102.1,249.99,249.99,28.85,121.93,4.0,9.0,9.0,709.44,28.15,210.02,-0.0018,-0.0006,4.7104,49.8886
BG_0300,data/phase3c_modelB/phase3c_modelB_section28_controlled_background_observations.csv,BG_S28_0300,UNOBSERVED,candidate_background_observation,0,Controlled_Background,26.04641,92.722899,2018-05-31,2018,5,May,4,Ri-Bhoi Block,0.0,0.0,87.77,109.34,216.13,55.43,77.81,2.0,4.0,8.0,452.38,31.15,162.41,-0.0034,-0.0008,4.6216,45.3461
BG_0301,data/phase3c_modelB/phase3c_modelB_section28_controlled_background_observations.csv,BG_S28_0301,UNOBSERVED,candidate_background_observation,0,Controlled_Background,25.688319,92.322439,2023-05-24,2023,5,May,4,Ri-Bhoi Block,0.0,0.0,29.63,133.92,168.19,29.63,53.79,1.0,5.0,7.0,1142.67,25.4,324.13,-0.0026,-0.0006,4.702,46.3463
BG_0302,data/phase3c_modelB/phase3c_modelB_section28_controlled_background_observations.csv,BG_S28_0302,UNOBSERVED,candidate_background_observation,0,Controlled_Background,25.895589,92.68887,2017-05-07,2017,5,May,4,Ri-Bhoi Block,0.0,45.19,45.19,45.19,105.84,27.83,60.66,2.0,2.0,4.0,654.56,33.55,135.53,0.0003,0.0028,4.7059,19.2961
BG_0303,data/phase3c_modelB/phase3c_modelB_section28_controlled_background_observations.csv,BG_S28_0303,UNOBSERVED,candidate_background_observation,0,Controlled_Background,25.686817,92.392081,2023-05-08,2023,5,May,4,Ri-Bhoi Block,0.0,0.0,0.0,34.17,104.22,0.0,50.95,0.0,3.0,7.0,1037.34,32.91,324.77,-0.0036,0.0006,4.0968,54.4804
BG_0304,data/phase3c_modelB/phase3c_modelB_section28_controlled_background_observations.csv,BG_S28_0304,UNOBSERVED,candidate_background_observation,0,Controlled_Background,25.681489,92.050757,2012-05-10,2012,5,May,4,Ri-Bhoi Block,0.0,0.0,0.0,0.0,144.68,0.0,46.42,0.0,0.0,7.0,1463.37,25.48,215.55,-0.0002,-0.0012,4.6759,45.5063
BG_0305,data/phase3c_modelB/phase3c_modelB_section28_controlled_background_observations.csv,BG_S28_0305,UNOBSERVED,candidate_background_observation,0,Controlled_Background,26.086946,92.287755,2011-05-01,2011,5,May,4,Ri-Bhoi Block,45.18,45.18,45.18,88.31,150.21,45.18,45.18,1.0,3.0,10.0,907.46,25.65,350.91,-0.0014,-0.0008,4.9012,47.3096
BG_0306,data/phase3c_modelB/phase3c_modelB_section28_controlled_background_observations.csv,BG_S28_0306,UNOBSERVED,candidate_background_observation,0,Controlled_Background,25.996832,91.334846,2007-05-24,2007,5,May,4,Ri-Bhoi Block,19.59,78.37,97.96,171.49,204.68,39.18,78.37,4.0,6.0,7.0,874.97,24.28,132.91,-0.0016,0.0015,5.34,28.1001
BG_0307,data/phase3c_modelB/phase3c_modelB_section28_controlled_background_observations.csv,BG_S28_0307,UNOBSERVED,candidate_background_observation,0,Controlled_Background,26.018727,92.398102,2022-05-24,2022,5,May,4,Ri-Bhoi Block,0.0,0.0,42.41,270.91,290.57,21.21,228.5,2.0,5.0,7.0,813.35,28.84,29.7,0.0005,-0.0023,4.9069,35.9719
BG_0308,data/phase3c_modelB/phase3c_modelB_section28_controlled_background_observations.csv,BG_S28_0308,UNOBSERVED,candidate_background_observation,0,Controlled_Background,26.04035,92.635044,2023-05-28,2023,5,May,4,Ri-Bhoi Block,0.0,0.0,0.0,114.75,200.9,0.0,83.28,0.0,2.0,7.0,553.1,30.68,159.49,0.0028,-0.0011,4.6823,43.3141
BG_0309,data/phase3c_modelB/phase3c_modelB_section28_controlled_background_observations.csv,BG_S28_0309,UNOBSERVED,candidate_background_observation,0,Controlled_Background,25.774178,91.122776,2013-05-28,2013,5,May,4,Ri-Bhoi Block,7.07,73.75,112.06,150.36,629.04,38.3,308.69,4.0,5.0,12.0,765.25,24.07,7.56,0.0015,-0.0011,5.1267,42.1007
BG_0310,data/phase3c_modelB/phase3c_modelB_section28_controlled_background_observations.csv,BG_S28_0310,UNOBSERVED,candidate_background_observation,0,Controlled_Background,25.686817,92.392081,2014-05-29,2014,5,May,4,Ri-Bhoi Block,0.0,60.52,99.85,151.56,405.95,30.26,87.08,6.0,10.0,20.0,1037.34,32.91,324.77,-0.0036,0.0006,4.0968,54.4804
BG_0311,data/phase3c_modelB/phase3c_modelB_section28_controlled_background_observations.csv,BG_S28_0311,UNOBSERVED,candidate_background_observation,0,Controlled_Background,26.022927,92.560463,2007-05-29,2007,5,May,4,Ri-Bhoi Block,25.3,63.24,135.01,269.33,410.25,37.94,88.69,5.0,8.0,13.0,740.52,20.31,128.31,0.0003,0.0028,5.575,31.4729
BG_0312,data/phase3c_modelB/phase3c_modelB_section28_controlled_background_observations.csv,BG_S28_0312,UNOBSERVED,candidate_background_observation,0,Controlled_Background,25.708499,91.768097,2010-05-04,2010,5,May,4,Ri-Bhoi Block,12.73,63.63,85.35,196.04,337.1,50.9,74.26,4.0,12.0,20.0,1520.62,20.12,332.01,0.0032,0.0006,5.1897,41.8721
BG_0313,data/phase3c_modelB/phase3c_modelB_section28_controlled_background_observations.csv,BG_S28_0313,UNOBSERVED,candidate_background_observation,0,Controlled_Background,25.795297,92.535967,2019-05-06,2019,5,May,4,Ri-Bhoi Block,0.0,105.35,126.43,135.15,187.59,105.35,105.35,2.0,3.0,5.0,818.53,17.04,115.47,-0.0014,0.0018,5.7711,32.1552
BG_0314,data/phase3c_modelB/phase3c_modelB_section28_controlled_background_observations.csv,BG_S28_0314,UNOBSERVED,candidate_background_observation,0,Controlled_Background,25.696927,91.74591,2024-05-14,2024,5,May,4,Ri-Bhoi Block,0.0,0.0,0.0,74.59,98.16,0.0,74.59,0.0,2.0,5.0,1492.13,22.39,328.94,0.0048,-0.0,4.9695,43.8189
BG_0315,data/phase3c_modelB/phase3c_modelB_section28_controlled_background_observations.csv,BG_S28_0315,UNOBSERVED,candidate_background_observation,0,Controlled_Background,26.091377,91.894284,2023-05-10,2023,5,May,4,Ri-Bhoi Block,28.39,28.39,28.39,92.27,150.48,28.39,54.16,1.0,4.0,7.0,1064.85,35.3,260.48,0.003,0.0009,4.1116,58.9283
BG_0316,data/phase3c_modelB/phase3c_modelB_section28_controlled_background_observations.csv,BG_S28_0316,UNOBSERVED,candidate_background_observation,0,Controlled_Background,25.696927,91.74591,2011-05-12,2011,5,May,4,Ri-Bhoi Block,0.0,0.0,0.0,69.94,147.89,0.0,69.94,0.0,2.0,7.0,1492.13,22.39,328.94,0.0048,-0.0,4.9695,43.8189
BG_0317,data/phase3c_modelB/phase3c_modelB_section28_controlled_background_observations.csv,BG_S28_0317,UNOBSERVED,candidate_background_observation,0,Controlled_Background,25.835571,92.630522,2009-05-03,2009,5,May,4,Ri-Bhoi Block,7.69,46.16,97.01,144.23,144.23,50.85,89.32,3.0,5.0,5.0,776.48,30.9,142.82,0.0044,0.0003,4.7992,31.9583
BG_0318,data/phase3c_modelB/phase3c_modelB_section28_controlled_background_observations.csv,BG_S28_0318,UNOBSERVED,candidate_background_observation,0,Controlled_Background,25.95522,92.749811,2013-05-16,2013,5,May,4,Ri-Bhoi Block,0.0,0.0,193.43,292.65,411.4,91.76,193.43,3.0,6.0,10.0,500.06,18.74,128.69,0.0048,0.0001,5.8736,19.9215
BG_0319,data/phase3c_modelB/phase3c_modelB_section28_controlled_background_observations.csv,BG_S28_0319,UNOBSERVED,candidate_background_observation,0,Controlled_Background,25.748638,92.372816,2017-05-01,2017,5,May,4,Ri-Bhoi Block,0.0,0.0,0.0,76.95,157.96,0.0,81.01,0.0,2.0,4.0,1085.64,22.04,352.9,-0.0015,-0.0007,5.1872,43.2466
BG_0320,data/phase3c_modelB/phase3c_modelB_section28_controlled_background_observations.csv,BG_S28_0320,UNOBSERVED,candidate_background_observation,0,Controlled_Background,26.077723,92.669847,2023-05-25,2023,5,May,4,Ri-Bhoi Block,0.0,0.0,83.51,177.13,199.56,83.51,83.51,1.0,5.0,8.0,524.32,35.91,181.44,0.0009,0.0002,4.1172,57.4703
BG_0321,data/phase3c_modelB/phase3c_modelB_section28_controlled_background_observations.csv,BG_S28_0321,UNOBSERVED,candidate_background_observation,0,Controlled_Background,25.843823,91.364886,2023-05-31,2023,5,May,4,Ri-Bhoi Block,0.0,0.0,0.0,133.91,177.82,0.0,117.02,0.0,3.0,6.0,1057.49,34.73,139.1,0.0043,0.0003,4.5161,31.0752
BG_0322,data/phase3c_modelB/phase3c_modelB_section28_controlled_background_observations.csv,BG_S28_0322,UNOBSERVED,candidate_background_observation,0,Controlled_Background,26.084627,91.279599,2019-05-27,2019,5,May,4,Ri-Bhoi Block,32.38,43.66,122.62,248.13,544.13,33.84,131.35,5.0,9.0,16.0,709.44,28.15,210.02,-0.0018,-0.0006,4.7104,49.8886
BG_0323,data/phase3c_modelB/phase3c_modelB_section28_controlled_background_observations.csv,BG_S28_0323,UNOBSERVED,candidate_background_observation,0,Controlled_Background,26.091377,91.894284,2010-05-31,2010,5,May,4,Ri-Bhoi Block,50.69,50.69,76.04,239.66,481.78,50.69,96.46,2.0,6.0,15.0,1064.85,35.3,260.48,0.003,0.0009,4.1116,58.9283
BG_0324,data/phase3c_modelB/phase3c_modelB_section28_controlled_background_observations.csv,BG_S28_0324,UNOBSERVED,candidate_background_observation,0,Controlled_Background,25.67422,92.736755,2011-05-07,2011,5,May,4,Ri-Bhoi Block,0.0,0.0,56.55,86.92,179.44,28.28,56.55,2.0,5.0,13.0,607.27,30.84,222.72,0.0041,0.0001,4.2275,49.9022
BG_0325,data/phase3c_modelB/phase3c_modelB_section28_controlled_background_observations.csv,BG_S28_0325,UNOBSERVED,candidate_background_observation,0,Controlled_Background,25.708965,92.145968,2009-05-30,2009,5,May,4,Ri-Bhoi Block,0.0,0.0,131.64,163.59,335.89,95.8,131.64,2.0,3.0,11.0,1443.1,29.87,221.49,-0.0031,-0.0006,4.4113,53.468
BG_0326,data/phase3c_modelB/phase3c_modelB_section28_controlled_background_observations.csv,BG_S28_0326,UNOBSERVED,candidate_background_observation,0,Controlled_Background,25.964932,92.370654,2023-05-26,2023,5,May,4,Ri-Bhoi Block,0.0,18.67,56.0,99.62,174.64,37.33,64.12,2.0,4.0,7.0,882.79,21.49,41.84,-0.0045,-0.0002,5.6378,21.4481
BG_0327,data/phase3c_modelB/phase3c_modelB_section28_controlled_background_observations.csv,BG_S28_0327,UNOBSERVED,candidate_background_observation,0,Controlled_Background,26.085596,92.317702,2020-05-31,2020,5,May,4,Ri-Bhoi Block,0.0,0.0,129.49,236.49,311.86,114.81,148.57,2.0,7.0,12.0,892.48,27.24,353.43,0.0021,-0.0007,4.7794,48.9724
BG_0328,data/phase3c_modelB/phase3c_modelB_section28_controlled_background_observations.csv,BG_S28_0328,UNOBSERVED,candidate_background_observation,0,Controlled_Background,26.076233,92.832578,2008-05-18,2008,5,May,4,Ri-Bhoi Block,0.0,0.0,0.0,0.0,156.48,0.0,95.32,0.0,0.0,7.0,324.7,26.85,214.33,0.0034,-0.0001,4.8479,47.2952
BG_0329,data/phase3c_modelB/phase3c_modelB_section28_controlled_background_observations.csv,BG_S28_0329,UNOBSERVED,candidate_background_observation,0,Controlled_Background,26.032492,91.775368,2026-05-12,2026,5,May,4,Ri-Bhoi Block,0.0,0.0,0.0,103.54,267.77,0.0,120.29,0.0,7.0,12.0,1114.94,22.02,24.3,-0.0013,0.0022,5.4042,34.5937
BG_0330,data/phase3c_modelB/phase3c_modelB_section28_controlled_background_observations.csv,BG_S28_0330,UNOBSERVED,candidate_background_observation,0,Controlled_Background,25.896889,92.436182,2014-05-08,2014,5,May,4,Ri-Bhoi Block,43.94,65.91,103.13,145.17,159.16,43.94,65.91,5.0,8.0,10.0,935.94,32.95,52.77,0.0003,0.0028,4.755,19.1318
BG_0331,data/phase3c_modelB/phase3c_modelB_section28_controlled_background_observations.csv,BG_S28_0331,UNOBSERVED,candidate_background_observation,0,Controlled_Background,25.855851,92.282179,2012-05-05,2012,5,May,4,Ri-Bhoi Block,0.0,0.0,0.0,44.5,277.3,0.0,80.13,0.0,2.0,11.0,1139.24,25.74,49.57,-0.0015,-0.0019,5.2657,25.0556
BG_0332,data/phase3c_modelB/phase3c_modelB_section28_controlled_background_observations.csv,BG_S28_0332,UNOBSERVED,candidate_background_observation,0,Controlled_Background,25.807633,91.99066,2010-05-17,2010,5,May,4,Ri-Bhoi Block,0.0,6.48,109.01,197.28,443.03,45.57,79.75,5.0,9.0,19.0,1484.68,20.35,151.77,-0.0046,0.0001,5.5516,32.6036
BG_0333,data/phase3c_modelB/phase3c_modelB_section28_controlled_background_observations.csv,BG_S28_0333,UNOBSERVED,candidate_background_observation,0,Controlled_Background,25.895897,92.419908,2008-05-30,2008,5,May,4,Ri-Bhoi Block,46.49,61.98,77.48,77.48,197.35,46.49,119.87,3.0,3.0,5.0,967.53,33.68,49.22,-0.0002,0.0029,4.6957,19.2663
BG_0334,data/phase3c_modelB/phase3c_modelB_section28_controlled_background_observations.csv,BG_S28_0334,UNOBSERVED,candidate_background_observation,0,Controlled_Background,25.838167,92.721966,2023-05-28,2023,5,May,4,Ri-Bhoi Block,0.0,0.0,21.69,54.03,192.83,21.69,66.98,1.0,3.0,9.0,656.96,31.41,142.26,-0.0042,0.0005,4.766,31.4347
BG_0335,data/phase3c_modelB/phase3c_modelB_section28_controlled_background_observations.csv,BG_S28_0335,UNOBSERVED,candidate_background_observation,0,Controlled_Background,25.859009,92.205174,2014-05-20,2014,5,May,4,Ri-Bhoi Block,0.0,11.12,40.74,187.3,271.23,18.51,87.63,3.0,8.0,15.0,1143.32,32.49,90.39,-0.0022,0.0017,4.7329,26.0927
BG_0336,data/phase3c_modelB/phase3c_modelB_section28_controlled_background_observations.csv,BG_S28_0336,UNOBSERVED,candidate_background_observation,0,Controlled_Background,25.951051,92.525003,2025-05-08,2025,5,May,4,Ri-Bhoi Block,8.97,24.29,24.29,115.26,152.43,8.97,69.69,3.0,6.0,9.0,838.4,15.62,93.08,0.0031,0.0001,6.1289,19.2696
BG_0337,data/phase3c_modelB/phase3c_modelB_section28_controlled_background_observations.csv,BG_S28_0337,UNOBSERVED,candidate_background_observation,0,Controlled_Background,25.752665,91.814624,2009-05-29,2009,5,May,4,Ri-Bhoi Block,18.08,18.08,144.96,181.75,398.19,90.39,126.88,3.0,4.0,14.0,1552.32,17.83,353.13,-0.0004,0.0027,5.5401,38.117
BG_0338,data/phase3c_modelB/phase3c_modelB_section28_controlled_background_observations.csv,BG_S28_0338,UNOBSERVED,candidate_background_observation,0,Controlled_Background,25.890498,91.913564,2007-05-18,2007,5,May,4,Ri-Bhoi Block,63.31,63.31,106.61,163.35,197.78,63.31,63.31,3.0,4.0,5.0,1330.6,33.74,102.77,-0.0001,0.0029,4.6856,19.9478
BG_0339,data/phase3c_modelB/phase3c_modelB_section28_controlled_background_observations.csv,BG_S28_0339,UNOBSERVED,candidate_background_observation,0,Controlled_Background,25.985579,92.655845,2010-05-27,2010,5,May,4,Ri-Bhoi Block,0.0,129.17,129.17,307.82,453.86,68.96,129.17,2.0,9.0,16.0,528.73,23.97,141.38,-0.0016,-0.002,5.3948,25.5911
BG_0340,data/phase3c_modelB/phase3c_modelB_section28_controlled_background_observations.csv,BG_S28_0340,UNOBSERVED,candidate_background_observation,0,Controlled_Background,25.896889,92.436182,2010-05-27,2010,5,May,4,Ri-Bhoi Block,0.0,123.36,123.36,259.31,425.96,67.74,123.36,2.0,9.0,17.0,935.94,32.95,52.77,0.0003,0.0028,4.755,19.1318
BG_0341,data/phase3c_modelB/phase3c_modelB_section28_controlled_background_observations.csv,BG_S28_0341,UNOBSERVED,candidate_background_observation,0,Controlled_Background,25.699703,92.776749,2009-05-11,2009,5,May,4,Ri-Bhoi Block,34.15,70.12,104.55,183.7,231.53,34.15,79.15,6.0,8.0,10.0,610.14,22.93,226.72,0.003,0.0001,4.9353,44.6659
BG_0342,data/phase3c_modelB/phase3c_modelB_section28_controlled_background_observations.csv,BG_S28_0342,UNOBSERVED,candidate_background_observation,0,Controlled_Background,25.65586,92.209098,2025-05-09,2025,5,May,4,Ri-Bhoi Block,8.03,22.7,29.43,120.48,196.22,8.36,91.05,4.0,6.0,9.0,1439.05,32.16,272.21,0.0019,0.0017,4.0798,46.8154
BG_0343,data/phase3c_modelB/phase3c_modelB_section28_controlled_background_observations.csv,BG_S28_0343,UNOBSERVED,candidate_background_observation,0,Controlled_Background,25.985847,91.249353,2013-05-01,2013,5,May,4,Ri-Bhoi Block,130.36,138.47,195.22,261.02,302.04,130.36,138.47,5.0,11.0,14.0,856.58,14.84,79.91,0.0028,0.001,6.1246,22.7334
BG_0344,data/phase3c_modelB/phase3c_modelB_section28_controlled_background_observations.csv,BG_S28_0344,UNOBSERVED,candidate_background_observation,0,Controlled_Background,26.074166,92.718825,2022-05-04,2022,5,May,4,Ri-Bhoi Block,0.0,0.0,5.16,15.47,97.04,5.16,45.26,1.0,2.0,10.0,464.02,33.68,179.34,-0.0043,-0.0,4.3098,54.3542
BG_0345,data/phase3c_modelB/phase3c_modelB_section28_controlled_background_observations.csv,BG_S28_0345,UNOBSERVED,candidate_background_observation,0,Controlled_Background,25.728239,91.756941,2012-05-10,2012,5,May,4,Ri-Bhoi Block,0.0,0.0,0.0,56.47,154.21,0.0,66.78,0.0,1.0,9.0,1500.03,16.7,341.7,0.0031,0.0011,5.5351,37.9867
BG_0346,data/phase3c_modelB/phase3c_modelB_section28_controlled_background_observations.csv,BG_S28_0346,UNOBSERVED,candidate_background_observation,0,Controlled_Background,25.699703,92.776749,2025-05-11,2025,5,May,4,Ri-Bhoi Block,0.0,13.61,33.21,74.14,171.08,7.64,81.86,5.0,6.0,11.0,610.14,22.93,226.72,0.003,0.0001,4.9353,44.6659
BG_0347,data/phase3c_modelB/phase3c_modelB_section28_controlled_background_observations.csv,BG_S28_0347,UNOBSERVED,candidate_background_observation,0,Controlled_Background,26.042445,91.012338,2022-05-20,2022,5,May,4,Ri-Bhoi Block,0.0,71.54,308.15,364.64,386.71,84.73,212.76,6.0,8.0,10.0,468.88,25.18,28.58,-0.0024,0.0016,5.1144,39.242
BG_0348,data/phase3c_modelB/phase3c_modelB_section28_controlled_background_observations.csv,BG_S28_0348,UNOBSERVED,candidate_background_observation,0,Controlled_Background,25.815589,91.19667,2020-05-07,2020,5,May,4,Ri-Bhoi Block,0.0,0.0,0.0,55.62,241.47,0.0,82.21,0.0,4.0,16.0,805.78,22.56,40.01,-0.0031,-0.0005,5.4027,32.4828
BG_0349,data/phase3c_modelB/phase3c_modelB_section28_controlled_background_observations.csv,BG_S28_0349,UNOBSERVED,candidate_background_observation,0,Controlled_Background,26.021617,91.389024,2026-05-27,2026,5,May,4,Ri-Bhoi Block,3.34,35.0,121.25,233.46,325.82,36.97,112.21,6.0,9.0,16.0,836.42,29.15,151.77,0.0008,-0.0021,4.8723,36.9721
BG_0350,data/phase3c_modelB/phase3c_modelB_section28_controlled_background_observations.csv,BG_S28_0350,UNOBSERVED,candidate_background_observation,0,Controlled_Background,25.859009,92.205174,2007-05-16,2007,5,May,4,Ri-Bhoi Block,0.0,40.69,53.08,53.08,62.87,28.31,53.08,3.0,3.0,4.0,1143.32,32.49,90.39,-0.0022,0.0017,4.7329,26.0927
BG_0351,data/phase3c_modelB/phase3c_modelB_section28_controlled_background_observations.csv,BG_S28_0351,UNOBSERVED,candidate_background_observation,0,Controlled_Background,25.753188,91.517754,2024-05-11,2024,5,May,4,Ri-Bhoi Block,0.0,0.0,84.24,84.24,125.02,56.47,84.24,2.0,2.0,6.0,1273.43,14.67,187.97,0.0006,0.0022,5.7949,34.5164
BG_0352,data/phase3c_modelB/phase3c_modelB_section28_controlled_background_observations.csv,BG_S28_0352,UNOBSERVED,candidate_background_observation,0,Controlled_Background,26.084418,91.571145,2019-06-16,2019,6,June,4,Ri-Bhoi Block,6.73,36.68,72.87,72.87,181.72,23.89,52.81,6.0,6.0,11.0,970.43,31.59,235.66,0.0029,-0.0006,4.4361,53.7561
BG_0353,data/phase3c_modelB/phase3c_modelB_section28_controlled_background_observations.csv,BG_S28_0353,UNOBSERVED,candidate_background_observation,0,Controlled_Background,25.819278,92.625251,2024-06-06,2024,6,June,4,Ri-Bhoi Block,0.0,0.0,0.0,274.62,337.04,0.0,235.39,0.0,4.0,9.0,780.51,27.67,147.68,0.0048,-0.0001,5.0063,34.7843
BG_0354,data/phase3c_modelB/phase3c_modelB_section28_controlled_background_observations.csv,BG_S28_0354,UNOBSERVED,candidate_background_observation,0,Controlled_Background,26.048691,92.346657,2009-06-21,2009,6,June,4,Ri-Bhoi Block,6.45,22.84,65.91,100.79,282.76,34.88,93.31,4.0,5.0,8.0,853.05,28.83,14.88,0.0036,0.0007,4.7985,43.8633
BG_0355,data/phase3c_modelB/phase3c_modelB_section28_controlled_background_observations.csv,BG_S28_0355,UNOBSERVED,candidate_background_observation,0,Controlled_Background,25.675047,91.054288,2011-06-22,2011,6,June,4,Ri-Bhoi Block,19.36,74.05,121.91,235.5,431.47,38.73,91.08,6.0,9.0,16.0,638.13,31.68,318.88,-0.0011,-0.0016,4.1624,50.9434
BG_0356,data/phase3c_modelB/phase3c_modelB_section28_controlled_background_observations.csv,BG_S28_0356,UNOBSERVED,candidate_background_observation,0,Controlled_Background,26.047732,92.686242,2009-06-01,2009,6,June,4,Ri-Bhoi Block,0.0,0.0,120.18,120.18,265.03,96.14,96.14,2.0,2.0,9.0,479.84,33.95,164.75,-0.0009,-0.0019,4.3926,48.1838
BG_0357,data/phase3c_modelB/phase3c_modelB_section28_controlled_background_observations.csv,BG_S28_0357,UNOBSERVED,candidate_background_observation,0,Controlled_Background,25.766977,92.440517,2025-06-04,2025,6,June,4,Ri-Bhoi Block,0.0,0.0,310.33,371.66,511.93,102.69,276.1,4.0,6.0,16.0,1008.7,23.2,4.74,-0.0003,-0.0028,5.1677,42.3576
BG_0358,data/phase3c_modelB/phase3c_modelB_section28_controlled_background_observations.csv,BG_S28_0358,UNOBSERVED,candidate_background_observation,0,Controlled_Background,25.829155,92.662686,2013-06-08,2013,6,June,4,Ri-Bhoi Block,15.38,38.46,58.22,166.89,402.97,19.77,193.42,4.0,9.0,13.0,766.41,32.44,147.54,0.0017,0.0004,4.6566,34.6123
BG_0359,data/phase3c_modelB/phase3c_modelB_section28_controlled_background_observations.csv,BG_S28_0359,UNOBSERVED,candidate_background_observation,0,Controlled_Background,25.787219,91.816448,2019-06-21,2019,6,June,4,Ri-Bhoi Block,12.95,26.89,66.53,120.69,120.69,20.9,49.23,5.0,9.0,9.0,1503.29,19.6,20.75,0.0014,0.0021,5.5354,35.6434
BG_0360,data/phase3c_modelB/phase3c_modelB_section28_controlled_background_observations.csv,BG_S28_0360,UNOBSERVED,candidate_background_observation,0,Controlled_Background,25.726325,91.94705,2025-06-05,2025,6,June,4,Ri-Bhoi Block,0.0,0.0,216.57,351.08,569.49,80.44,197.62,4.0,9.0,21.0,1610.13,23.16,212.88,0.0022,-0.0016,5.011,45.7554
BG_0361,data/phase3c_modelB/phase3c_modelB_section28_controlled_background_observations.csv,BG_S28_0361,UNOBSERVED,candidate_background_observation,0,Controlled_Background,25.863865,91.87414,2018-06-13,2018,6,June,4,Ri-Bhoi Block,33.99,67.99,117.2,117.2,256.05,36.91,83.21,4.0,4.0,10.0,1339.86,35.56,78.54,0.0025,0.0009,4.4977,25.5518
BG_0362,data/phase3c_modelB/phase3c_modelB_section28_controlled_background_observations.csv,BG_S28_0362,UNOBSERVED,candidate_background_observation,0,Controlled_Background,26.028712,92.695579,2009-06-07,2009,6,June,4,Ri-Bhoi Block,20.67,68.08,68.08,188.26,287.06,26.75,96.14,3.0,5.0,9.0,462.54,30.56,155.47,-0.0009,-0.0025,4.7346,39.9493
BG_0363,data/phase3c_modelB/phase3c_modelB_section28_controlled_background_observations.csv,BG_S28_0363,UNOBSERVED,candidate_background_observation,0,Controlled_Background,25.907487,92.438161,2022-06-24,2022,6,June,4,Ri-Bhoi Block,0.0,0.0,28.3,262.31,393.2,16.98,114.38,3.0,11.0,16.0,923.19,31.14,53.74,0.0008,0.0025,4.9065,18.2707
BG_0364,data/phase3c_modelB/phase3c_modelB_section28_controlled_background_observations.csv,BG_S28_0364,UNOBSERVED,candidate_background_observation,0,Controlled_Background,25.975449,91.679484,2013-06-07,2013,6,June,4,Ri-Bhoi Block,6.19,26.91,65.05,146.13,400.04,25.43,253.9,5.0,8.0,11.0,1156.43,20.91,44.59,0.0008,-0.0018,5.6633,22.915
BG_0365,data/phase3c_modelB/phase3c_modelB_section28_controlled_background_observations.csv,BG_S28_0365,UNOBSERVED,candidate_background_observation,0,Controlled_Background,25.795937,92.148772,2010-06-24,2010,6,June,4,Ri-Bhoi Block,16.25,24.38,83.55,167.55,545.04,34.03,139.4,6.0,10.0,20.0,1317.14,26.96,147.64,0.0023,-0.0015,4.9799,40.2427
BG_0366,data/phase3c_modelB/phase3c_modelB_section28_controlled_background_observations.csv,BG_S28_0366,UNOBSERVED,candidate_background_observation,0,Controlled_Background,25.937038,92.264276,2024-06-09,2024,6,June,4,Ri-Bhoi Block,19.84,19.84,19.84,314.51,387.78,19.84,214.3,1.0,6.0,11.0,1098.65,17.34,60.64,0.0037,-0.0006,6.0057,18.472
BG_0367,data/phase3c_modelB/phase3c_modelB_section28_controlled_background_observations.csv,BG_S28_0367,UNOBSERVED,candidate_background_observation,0,Controlled_Background,26.017621,92.688013,2018-06-08,2018,6,June,4,Ri-Bhoi Block,10.76,10.76,10.76,98.38,149.07,10.76,56.73,1.0,3.0,6.0,467.23,28.89,151.28,-0.0002,-0.0029,4.9067,35.6964
BG_0368,data/phase3c_modelB/phase3c_modelB_section28_controlled_background_observations.csv,BG_S28_0368,UNOBSERVED,candidate_background_observation,0,Controlled_Background,25.955813,92.842955,2020-06-12,2020,6,June,4,Ri-Bhoi Block,7.24,15.83,76.26,109.71,324.25,60.43,120.19,3.0,8.0,19.0,444.28,16.24,84.54,-0.0042,0.0003,6.0727,19.7173
BG_0369,data/phase3c_modelB/phase3c_modelB_section28_controlled_background_observations.csv,BG_S28_0369,UNOBSERVED,candidate_background_observation,0,Controlled_Background,25.90264,91.508736,2013-06-07,2013,6,June,4,Ri-Bhoi Block,8.3,48.01,99.82,189.65,526.4,25.91,289.71,6.0,10.0,14.0,1128.06,22.83,122.69,0.0016,-0.0016,5.5688,18.4191
BG_0370,data/phase3c_modelB/phase3c_modelB_section28_controlled_background_observations.csv,BG_S28_0370,UNOBSERVED,candidate_background_observation,0,Controlled_Background,25.653766,92.339976,2009-06-08,2009,6,June,4,Ri-Bhoi Block,47.97,47.97,92.26,187.47,286.36,47.97,76.17,3.0,5.0,8.0,1125.84,29.82,317.95,-0.0019,-0.0015,4.263,44.1925
BG_0371,data/phase3c_modelB/phase3c_modelB_section28_controlled_background_observations.csv,BG_S28_0371,UNOBSERVED,candidate_background_observation,0,Controlled_Background,25.960882,92.082372,2024-06-22,2024,6,June,4,Ri-Bhoi Block,0.0,0.0,249.95,351.12,608.43,89.27,205.85,4.0,11.0,15.0,1158.68,18.58,136.04,-0.0036,0.0006,5.8776,20.5069
BG_0372,data/phase3c_modelB/phase3c_modelB_section28_controlled_background_observations.csv,BG_S28_0372,UNOBSERVED,candidate_background_observation,0,Controlled_Background,26.022337,91.753442,2009-06-22,2009,6,June,4,Ri-Bhoi Block,5.19,18.39,58.43,146.87,368.67,16.02,127.14,7.0,9.0,14.0,1096.6,19.98,27.19,-0.0011,0.0013,5.6034,31.1415
BG_0373,data/phase3c_modelB/phase3c_modelB_section28_controlled_background_observations.csv,BG_S28_0373,UNOBSERVED,candidate_background_observation,0,Controlled_Background,25.91204,91.699414,2011-06-14,2011,6,June,4,Ri-Bhoi Block,0.0,0.0,70.27,135.18,286.01,70.27,70.27,1.0,3.0,10.0,1291.49,25.59,46.75,0.0019,0.0019,5.3521,18.0731
BG_0374,data/phase3c_modelB/phase3c_modelB_section28_controlled_background_observations.csv,BG_S28_0374,UNOBSERVED,candidate_background_observation,0,Controlled_Background,25.795297,92.535967,2009-06-22,2009,6,June,4,Ri-Bhoi Block,0.0,0.0,35.2,164.27,323.42,21.12,104.19,3.0,7.0,11.0,818.53,17.04,115.47,-0.0014,0.0018,5.7711,32.1552
BG_0375,data/phase3c_modelB/phase3c_modelB_section28_controlled_background_observations.csv,BG_S28_0375,UNOBSERVED,candidate_background_observation,0,Controlled_Background,26.084271,92.661768,2019-06-20,2019,6,June,4,Ri-Bhoi Block,0.0,12.81,73.17,90.27,90.27,28.6,47.55,5.0,8.0,8.0,538.95,35.45,185.23,0.0018,0.0006,4.1278,58.1019
BG_0376,data/phase3c_modelB/phase3c_modelB_section28_controlled_background_observations.csv,BG_S28_0376,UNOBSERVED,candidate_background_observation,0,Controlled_Background,25.959498,91.645069,2026-06-08,2026,6,June,4,Ri-Bhoi Block,0.0,0.0,28.87,82.79,250.05,24.5,98.17,2.0,10.0,16.0,1202.58,23.99,55.64,-0.003,-0.0006,5.4471,21.0383
BG_0377,data/phase3c_modelB/phase3c_modelB_section28_controlled_background_observations.csv,BG_S28_0377,UNOBSERVED,candidate_background_observation,0,Controlled_Background,25.695228,92.808466,2010-06-13,2010,6,June,4,Ri-Bhoi Block,16.87,33.73,164.52,342.98,549.25,58.13,130.79,6.0,11.0,16.0,606.06,22.36,247.52,-0.0007,-0.0002,4.9665,43.6386
BG_0378,data/phase3c_modelB/phase3c_modelB_section28_controlled_background_observations.csv,BG_S28_0378,UNOBSERVED,candidate_background_observation,0,Controlled_Background,26.084984,91.430592,2013-06-23,2013,6,June,4,Ri-Bhoi Block,27.36,82.07,102.53,126.82,293.13,27.36,82.07,6.0,8.0,17.0,887.98,31.09,185.6,-0.0012,0.0007,4.4738,53.2677
BG_0379,data/phase3c_modelB/phase3c_modelB_section28_controlled_background_observations.csv,BG_S28_0379,UNOBSERVED,candidate_background_observation,0,Controlled_Background,26.047707,92.681748,2013-06-04,2013,6,June,4,Ri-Bhoi Block,10.52,21.05,80.1,124.87,350.77,59.05,225.89,3.0,5.0,8.0,484.62,34.04,164.79,-0.0005,-0.0019,4.3855,48.2566
BG_0380,data/phase3c_modelB/phase3c_modelB_section28_controlled_background_observations.csv,BG_S28_0380,UNOBSERVED,candidate_background_observation,0,Controlled_Background,25.715377,92.126994,2014-06-02,2014,6,June,4,Ri-Bhoi Block,0.0,0.0,76.22,116.64,354.69,38.11,92.6,2.0,6.0,17.0,1433.57,27.84,211.9,-0.0042,-0.0005,4.5964,51.3202
BG_0381,data/phase3c_modelB/phase3c_modelB_section28_controlled_background_observations.csv,BG_S28_0381,UNOBSERVED,candidate_background_observation,0,Controlled_Background,25.780251,91.302192,2009-06-24,2009,6,June,4,Ri-Bhoi Block,21.47,21.47,79.56,249.43,436.72,23.24,151.54,4.0,8.0,13.0,956.55,19.93,153.32,0.0004,0.0026,5.4819,37.0553
BG_0382,data/phase3c_modelB/phase3c_modelB_section28_controlled_background_observations.csv,BG_S28_0382,UNOBSERVED,candidate_background_observation,0,Controlled_Background,25.699173,91.29809,2007-06-11,2007,6,June,4,Ri-Bhoi Block,78.23,261.08,283.94,419.67,707.76,114.28,261.08,4.0,10.0,19.0,1070.6,26.16,239.53,-0.0004,0.0001,4.6752,48.3754
BG_0383,data/phase3c_modelB/phase3c_modelB_section28_controlled_background_observations.csv,BG_S28_0383,UNOBSERVED,candidate_background_observation,0,Controlled_Background,26.058135,92.036481,2007-06-05,2007,6,June,4,Ri-Bhoi Block,0.0,11.73,99.89,299.93,423.64,39.73,93.17,5.0,10.0,12.0,1078.0,25.51,170.28,-0.0014,0.0012,5.0272,42.8004
BG_0384,data/phase3c_modelB/phase3c_modelB_section28_controlled_background_observations.csv,BG_S28_0384,UNOBSERVED,candidate_background_observation,0,Controlled_Background,25.695914,91.047889,2014-06-21,2014,6,June,4,Ri-Bhoi Block,77.74,164.58,253.03,447.57,636.38,77.74,164.58,6.0,13.0,19.0,634.98,28.1,324.01,-0.0006,-0.0002,4.5095,50.2956
BG_0385,data/phase3c_modelB/phase3c_modelB_section28_controlled_background_observations.csv,BG_S28_0385,UNOBSERVED,candidate_background_observation,0,Controlled_Background,25.986265,91.140077,2026-06-29,2026,6,June,4,Ri-Bhoi Block,44.57,74.29,74.29,225.18,294.06,44.57,100.66,3.0,7.0,11.0,582.68,23.09,39.48,-0.002,-0.0018,5.4635,25.4469
BG_0386,data/phase3c_modelB/phase3c_modelB_section28_controlled_background_observations.csv,BG_S28_0386,UNOBSERVED,candidate_background_observation,0,Controlled_Background,25.911725,91.928281,2013-06-05,2013,6,June,4,Ri-Bhoi Block,13.52,25.35,25.35,126.15,392.97,13.52,199.0,2.0,7.0,10.0,1331.02,29.33,109.77,0.0004,0.0024,5.0528,18.0926
BG_0387,data/phase3c_modelB/phase3c_modelB_section28_controlled_background_observations.csv,BG_S28_0387,UNOBSERVED,candidate_background_observation,0,Controlled_Background,25.725891,92.356386,2013-06-06,2013,6,June,4,Ri-Bhoi Block,20.68,38.37,73.76,158.15,423.3,20.68,183.25,4.0,10.0,14.0,1084.53,22.84,340.96,-0.0038,0.0003,5.035,45.3785
BG_0388,data/phase3c_modelB/phase3c_modelB_section28_controlled_background_observations.csv,BG_S28_0388,UNOBSERVED,candidate_background_observation,0,Controlled_Background,25.890027,92.213626,2020-07-31,2020,7,July,4,Ri-Bhoi Block,13.84,69.22,96.91,229.3,445.43,41.53,83.06,4.0,10.0,20.0,1138.34,30.1,85.32,0.0003,0.0017,4.9763,19.7963
BG_0389,data/phase3c_modelB/phase3c_modelB_section28_controlled_background_observations.csv,BG_S28_0389,UNOBSERVED,candidate_background_observation,0,Controlled_Background,25.894448,91.921817,2022-07-05,2022,7,July,4,Ri-Bhoi Block,14.57,21.86,39.02,62.21,374.31,17.16,136.85,3.0,7.0,21.0,1332.32,32.65,107.03,-0.0,0.0029,4.7768,19.3906
BG_0390,data/phase3c_modelB/phase3c_modelB_section28_controlled_background_observations.csv,BG_S28_0390,UNOBSERVED,candidate_background_observation,0,Controlled_Background,25.833225,92.274046,2017-07-12,2017,7,July,4,Ri-Bhoi Block,0.0,22.71,102.21,311.27,529.14,34.07,128.86,5.0,12.0,21.0,1153.48,23.51,46.31,-0.0029,-0.0006,5.3835,29.1356
BG_0391,data/phase3c_modelB/phase3c_modelB_section28_controlled_background_observations.csv,BG_S28_0391,UNOBSERVED,candidate_background_observation,0,Controlled_Background,25.936426,91.016542,2011-07-27,2011,7,July,4,Ri-Bhoi Block,0.0,0.0,97.89,374.34,650.73,39.16,193.09,3.0,10.0,16.0,532.32,19.13,57.59,0.0029,-0.0008,5.8629,18.4878
BG_0392,data/phase3c_modelB/phase3c_modelB_section28_controlled_background_observations.csv,BG_S28_0392,UNOBSERVED,candidate_background_observation,0,Controlled_Background,25.825803,91.133261,2011-07-26,2011,7,July,4,Ri-Bhoi Block,16.71,16.71,108.1,395.04,623.56,45.7,150.34,3.0,11.0,17.0,805.62,31.16,32.04,0.0039,0.0001,4.7485,34.9522
BG_0393,data/phase3c_modelB/phase3c_modelB_section28_controlled_background_observations.csv,BG_S28_0393,UNOBSERVED,candidate_background_observation,0,Controlled_Background,25.879108,91.628541,2025-07-27,2025,7,July,4,Ri-Bhoi Block,40.2,91.15,134.13,200.76,357.2,40.2,91.15,6.0,11.0,19.0,1238.96,35.52,62.12,0.0008,0.0014,4.5283,22.0226
BG_0394,data/phase3c_modelB/phase3c_modelB_section28_controlled_background_observations.csv,BG_S28_0394,UNOBSERVED,candidate_background_observation,0,Controlled_Background,26.063722,91.553608,2017-07-01,2017,7,July,4,Ri-Bhoi Block,27.06,46.42,69.66,169.83,394.5,27.06,141.78,6.0,11.0,19.0,1015.12,29.37,154.07,0.0009,0.0008,4.6963,47.7433
BG_0395,data/phase3c_modelB/phase3c_modelB_section28_controlled_background_observations.csv,BG_S28_0395,UNOBSERVED,candidate_background_observation,0,Controlled_Background,26.042445,91.012338,2020-07-30,2020,7,July,4,Ri-Bhoi Block,46.4,61.87,150.01,322.55,608.31,57.21,126.52,4.0,11.0,19.0,468.88,25.18,28.58,-0.0024,0.0016,5.1144,39.242
BG_0396,data/phase3c_modelB/phase3c_modelB_section28_controlled_background_observations.csv,BG_S28_0396,UNOBSERVED,candidate_background_observation,0,Controlled_Background,25.866787,91.698673,2024-07-25,2024,7,July,4,Ri-Bhoi Block,33.79,33.79,85.76,197.3,548.91,33.79,175.42,3.0,7.0,16.0,1393.83,30.59,42.93,-0.0015,0.0021,4.9012,23.8546
BG_0397,data/phase3c_modelB/phase3c_modelB_section28_controlled_background_observations.csv,BG_S28_0397,UNOBSERVED,candidate_background_observation,0,Controlled_Background,25.686743,91.034978,2014-07-22,2014,7,July,4,Ri-Bhoi Block,19.4,82.78,144.23,365.25,704.14,38.8,111.65,7.0,15.0,25.0,639.21,27.98,318.21,0.001,-0.0008,4.4909,49.005
BG_0398,data/phase3c_modelB/phase3c_modelB_section28_controlled_background_observations.csv,BG_S28_0398,UNOBSERVED,candidate_background_observation,0,Controlled_Background,25.73125,91.164508,2007-07-07,2007,7,July,4,Ri-Bhoi Block,28.74,28.74,94.68,199.39,586.9,28.74,209.16,4.0,10.0,20.0,797.89,22.09,340.61,-0.0004,-0.0022,5.1153,44.3565
BG_0399,data/phase3c_modelB/phase3c_modelB_section28_controlled_background_observations.csv,BG_S28_0399,UNOBSERVED,candidate_background_observation,0,Controlled_Background,25.988482,92.726932,2020-07-22,2020,7,July,4,Ri-Bhoi Block,16.23,33.52,87.83,215.42,413.88,17.29,96.97,6.0,10.0,19.0,469.43,21.67,139.02,0.0027,-0.0008,5.5715,25.4014
BG_0400,data/phase3c_modelB/phase3c_modelB_section28_controlled_background_observations.csv,BG_S28_0400,UNOBSERVED,candidate_background_observation,0,Controlled_Background,25.891629,92.121077,2023-07-01,2023,7,July,4,Ri-Bhoi Block,14.39,14.39,75.56,138.23,408.86,42.38,169.44,3.0,5.0,13.0,1269.88,32.86,127.82,-0.0006,0.0007,4.7572,19.7471
BG_0401,data/phase3c_modelB/phase3c_modelB_section28_controlled_background_observations.csv,BG_S28_0401,UNOBSERVED,candidate_background_observation,0,Controlled_Background,25.681046,92.202987,2018-07-25,2018,7,July,4,Ri-Bhoi Block,0.0,17.26,103.53,228.21,308.52,34.51,74.77,5.0,12.0,16.0,1446.85,31.28,267.8,0.003,0.0009,4.2106,51.6872
BG_0402,data/phase3c_modelB/phase3c_modelB_section28_controlled_background_observations.csv,BG_S28_0402,UNOBSERVED,candidate_background_observation,0,Controlled_Background,25.652855,92.231018,2010-07-04,2010,7,July,4,Ri-Bhoi Block,0.0,42.84,126.87,252.77,540.7,50.41,148.66,4.0,11.0,21.0,1399.57,29.53,285.81,0.0021,0.0004,4.2844,43.7082
BG_0403,data/phase3c_modelB/phase3c_modelB_section28_controlled_background_observations.csv,BG_S28_0403,UNOBSERVED,candidate_background_observation,0,Controlled_Background,25.931269,92.603073,2013-07-11,2013,7,July,4,Ri-Bhoi Block,37.95,37.95,80.11,199.22,453.61,42.16,109.79,2.0,5.0,14.0,703.55,21.69,126.7,-0.0043,-0.0004,5.6614,18.2861
BG_0404,data/phase3c_modelB/phase3c_modelB_section28_controlled_background_observations.csv,BG_S28_0404,UNOBSERVED,candidate_background_observation,0,Controlled_Background,25.763889,91.731034,2008-07-31,2008,7,July,4,Ri-Bhoi Block,28.98,43.46,100.22,279.83,561.27,28.98,107.7,5.0,11.0,21.0,1489.88,15.24,1.62,-0.0004,-0.0003,5.7921,34.2909
BG_0405,data/phase3c_modelB/phase3c_modelB_section28_controlled_background_observations.csv,BG_S28_0405,UNOBSERVED,candidate_background_observation,0,Controlled_Background,25.874971,91.250897,2018-07-11,2018,7,July,4,Ri-Bhoi Block,13.18,52.32,98.34,212.1,564.81,29.35,169.21,6.0,10.0,20.0,796.05,26.05,82.26,-0.0013,-0.0013,5.2793,21.5823
BG_0406,data/phase3c_modelB/phase3c_modelB_section28_controlled_background_observations.csv,BG_S28_0406,UNOBSERVED,candidate_background_observation,0,Controlled_Background,25.789388,92.235619,2008-07-31,2008,7,July,4,Ri-Bhoi Block,21.15,42.31,86.31,272.92,480.52,21.15,131.07,5.0,11.0,19.0,1212.12,19.08,43.52,-0.0032,-0.0001,5.5854,34.8279
BG_0407,data/phase3c_modelB/phase3c_modelB_section28_controlled_background_observations.csv,BG_S28_0407,UNOBSERVED,candidate_background_observation,0,Controlled_Background,26.005591,92.180591,2008-07-21,2008,7,July,4,Ri-Bhoi Block,20.35,100.93,141.22,291.42,489.15,53.72,107.44,5.0,11.0,20.0,1159.14,26.0,111.21,0.0001,-0.0029,5.1765,30.9366
BG_0408,data/phase3c_modelB/phase3c_modelB_section28_controlled_background_observations.csv,BG_S28_0408,UNOBSERVED,candidate_background_observation,0,Controlled_Background,26.099349,91.88362,2019-07-17,2019,7,July,4,Ri-Bhoi Block,0.0,45.11,45.11,188.74,338.92,45.11,76.09,1.0,7.0,14.0,1041.95,34.4,288.42,0.0034,0.0009,4.1524,58.6774
BG_0409,data/phase3c_modelB/phase3c_modelB_section28_controlled_background_observations.csv,BG_S28_0409,UNOBSERVED,candidate_background_observation,0,Controlled_Background,25.992659,92.25935,2017-07-21,2017,7,July,4,Ri-Bhoi Block,15.38,39.85,76.55,147.4,462.01,24.47,133.54,4.0,7.0,19.0,1074.36,16.15,55.2,0.002,0.0014,6.002,24.1094
BG_0410,data/phase3c_modelB/phase3c_modelB_section28_controlled_background_observations.csv,BG_S28_0410,UNOBSERVED,candidate_background_observation,0,Controlled_Background,25.656349,91.710715,2012-07-17,2012,7,July,4,Ri-Bhoi Block,31.14,102.72,173.49,211.5,546.83,40.44,125.71,6.0,9.0,22.0,1504.67,29.18,318.3,0.0021,0.0015,4.3192,44.2641
BG_0411,data/phase3c_modelB/phase3c_modelB_section28_controlled_background_observations.csv,BG_S28_0411,UNOBSERVED,candidate_background_observation,0,Controlled_Background,25.749807,92.72877,2025-07-22,2025,7,July,4,Ri-Bhoi Block,0.0,24.29,48.58,114.0,469.2,24.29,138.33,2.0,5.0,14.0,619.57,20.95,187.36,0.0013,-0.0008,5.2791,41.8981
BG_0412,data/phase3c_modelB/phase3c_modelB_section28_controlled_background_observations.csv,BG_S28_0412,UNOBSERVED,candidate_background_observation,0,Controlled_Background,25.719701,92.371912,2022-08-26,2022,8,August,4,Ri-Bhoi Block,18.45,18.45,78.37,115.06,290.36,20.87,98.83,4.0,6.0,13.0,1059.96,25.59,338.02,-0.0042,-0.0003,4.792,48.6994
BG_0413,data/phase3c_modelB/phase3c_modelB_section28_controlled_background_observations.csv,BG_S28_0413,UNOBSERVED,candidate_background_observation,0,Controlled_Background,25.787219,91.816448,2023-08-05,2023,8,August,4,Ri-Bhoi Block,0.0,44.39,69.76,234.35,327.61,31.71,85.25,3.0,10.0,14.0,1503.29,19.6,20.75,0.0014,0.0021,5.5354,35.6434
BG_0414,data/phase3c_modelB/phase3c_modelB_section28_controlled_background_observations.csv,BG_S28_0414,UNOBSERVED,candidate_background_observation,0,Controlled_Background,25.675047,91.054288,2013-08-29,2013,8,August,4,Ri-Bhoi Block,0.0,53.47,173.7,342.01,578.37,53.47,157.01,4.0,9.0,18.0,638.13,31.68,318.88,-0.0011,-0.0016,4.1624,50.9434
BG_0415,data/phase3c_modelB/phase3c_modelB_section28_controlled_background_observations.csv,BG_S28_0415,UNOBSERVED,candidate_background_observation,0,Controlled_Background,25.97757,91.511219,2012-08-12,2012,8,August,4,Ri-Bhoi Block,12.37,48.65,120.39,212.58,539.01,35.87,104.02,6.0,11.0,22.0,1078.76,14.35,126.57,0.0029,0.0012,6.1834,21.6079
BG_0416,data/phase3c_modelB/phase3c_modelB_section28_controlled_background_observations.csv,BG_S28_0416,UNOBSERVED,candidate_background_observation,0,Controlled_Background,25.786728,91.427863,2019-08-10,2019,8,August,4,Ri-Bhoi Block,17.51,29.18,71.56,196.39,435.23,17.51,92.02,6.0,11.0,18.0,1176.77,21.36,165.72,-0.0006,-0.0024,5.3927,37.3147
BG_0417,data/phase3c_modelB/phase3c_modelB_section28_controlled_background_observations.csv,BG_S28_0417,UNOBSERVED,candidate_background_observation,0,Controlled_Background,26.023575,91.760027,2019-08-19,2019,8,August,4,Ri-Bhoi Block,0.0,0.0,31.25,93.13,251.71,15.62,47.69,3.0,7.0,17.0,1102.36,20.13,27.04,-0.0011,0.0017,5.5871,31.478
BG_0418,data/phase3c_modelB/phase3c_modelB_section28_controlled_background_observations.csv,BG_S28_0418,UNOBSERVED,candidate_background_observation,0,Controlled_Background,25.766977,92.440517,2019-08-01,2019,8,August,4,Ri-Bhoi Block,0.0,28.51,71.28,146.82,469.52,14.26,121.67,5.0,10.0,19.0,1008.7,23.2,4.74,-0.0003,-0.0028,5.1677,42.3576
BG_0419,data/phase3c_modelB/phase3c_modelB_section28_controlled_background_observations.csv,BG_S28_0419,UNOBSERVED,candidate_background_observation,0,Controlled_Background,25.681296,91.98433,2020-08-10,2020,8,August,4,Ri-Bhoi Block,9.12,18.25,36.49,154.87,404.96,9.12,105.71,4.0,8.0,17.0,1591.4,26.35,221.81,0.0046,0.0,4.6057,46.4162
BG_0420,data/phase3c_modelB/phase3c_modelB_section28_controlled_background_observations.csv,BG_S28_0420,UNOBSERVED,candidate_background_observation,0,Controlled_Background,25.928665,91.065285,2017-08-13,2017,8,August,4,Ri-Bhoi Block,0.0,115.48,172.77,295.26,599.01,115.48,172.77,3.0,10.0,19.0,580.08,25.91,47.3,-0.0023,-0.0013,5.325,18.2199
BG_0421,data/phase3c_modelB/phase3c_modelB_section28_controlled_background_observations.csv,BG_S28_0421,UNOBSERVED,candidate_background_observation,0,Controlled_Background,25.971247,91.548615,2018-08-12,2018,8,August,4,Ri-Bhoi Block,13.31,26.63,55.83,147.68,287.14,17.52,60.69,4.0,10.0,21.0,1161.89,17.16,108.24,-0.0003,0.0015,5.9721,21.4987
BG_0422,data/phase3c_modelB/phase3c_modelB_section28_controlled_background_observations.csv,BG_S28_0422,UNOBSERVED,candidate_background_observation,0,Controlled_Background,25.68059,92.047056,2011-08-24,2011,8,August,4,Ri-Bhoi Block,31.49,78.72,189.28,362.82,644.07,47.4,147.61,6.0,12.0,22.0,1468.25,25.33,215.78,0.0002,-0.0013,4.6854,45.2118
BG_0423,data/phase3c_modelB/phase3c_modelB_section28_controlled_background_observations.csv,BG_S28_0423,UNOBSERVED,candidate_background_observation,0,Controlled_Background,25.966726,92.583079,2025-08-04,2025,8,August,4,Ri-Bhoi Block,0.0,12.02,44.84,236.68,343.31,20.8,124.8,3.0,9.0,15.0,727.01,15.88,123.74,-0.0032,0.0009,6.0833,20.7369
BG_0424,data/phase3c_modelB/phase3c_modelB_section28_controlled_background_observations.csv,BG_S28_0424,UNOBSERVED,candidate_background_observation,0,Controlled_Background,25.828831,92.222196,2017-09-29,2017,9,September,4,Ri-Bhoi Block,0.0,0.0,42.39,96.51,254.72,17.89,78.59,3.0,6.0,14.0,1153.44,27.27,75.36,-0.0046,0.0001,5.0692,32.0486
BG_0425,data/phase3c_modelB/phase3c_modelB_section28_controlled_background_observations.csv,BG_S28_0425,UNOBSERVED,candidate_background_observation,0,Controlled_Background,25.862204,92.190972,2024-09-14,2024,9,September,4,Ri-Bhoi Block,1.78,5.04,34.01,98.17,199.53,8.95,38.91,4.0,11.0,23.0,1159.94,34.07,99.85,-0.0012,0.0022,4.6134,25.6546
BG_0426,data/phase3c_modelB/phase3c_modelB_section28_controlled_background_observations.csv,BG_S28_0426,UNOBSERVED,candidate_background_observation,0,Controlled_Background,25.744421,91.231311,2010-09-10,2010,9,September,4,Ri-Bhoi Block,34.48,45.97,70.42,280.1,670.53,34.48,126.79,4.0,11.0,23.0,924.21,14.78,332.2,0.002,-0.0,5.7514,35.161
BG_0427,data/phase3c_modelB/phase3c_modelB_section28_controlled_background_observations.csv,BG_S28_0427,UNOBSERVED,candidate_background_observation,0,Controlled_Background,25.939633,91.260388,2019-09-18,2019,9,September,4,Ri-Bhoi Block,0.0,9.29,66.5,126.79,280.17,28.6,76.33,4.0,9.0,19.0,860.65,17.16,88.31,0.0037,-0.0005,6.018,18.6029
BG_0428,data/phase3c_modelB/phase3c_modelB_section28_controlled_background_observations.csv,BG_S28_0428,UNOBSERVED,candidate_background_observation,0,Controlled_Background,26.099028,91.610843,2020-09-27,2020,9,September,4,Ri-Bhoi Block,13.24,36.5,90.77,112.37,181.09,31.01,47.79,5.0,8.0,12.0,963.38,34.03,324.28,0.0041,0.0001,4.1833,58.2145
BG_0429,data/phase3c_modelB/phase3c_modelB_section28_controlled_background_observations.csv,BG_S28_0429,UNOBSERVED,candidate_background_observation,0,Controlled_Background,25.978568,91.235825,2011-09-01,2011,9,September,4,Ri-Bhoi Block,9.69,22.09,46.88,198.77,714.27,12.39,175.67,4.0,9.0,20.0,834.61,14.18,71.77,0.0037,0.0002,6.1948,21.6764
BG_0430,data/phase3c_modelB/phase3c_modelB_section28_controlled_background_observations.csv,BG_S28_0430,UNOBSERVED,candidate_background_observation,0,Controlled_Background,25.781522,92.393411,2020-09-13,2020,9,September,4,Ri-Bhoi Block,31.16,62.32,94.1,159.54,291.9,31.16,62.32,5.0,11.0,18.0,1089.21,24.43,12.03,0.0018,-0.0018,5.1269,41.116
BG_0431,data/phase3c_modelB/phase3c_modelB_section28_controlled_background_observations.csv,BG_S28_0431,UNOBSERVED,candidate_background_observation,0,Controlled_Background,25.85355,92.468855,2010-09-11,2010,9,September,4,Ri-Bhoi Block,13.24,31.86,78.41,214.4,411.77,27.93,64.25,6.0,12.0,19.0,879.82,32.0,58.54,-0.0033,0.001,4.7594,27.372
BG_0432,data/phase3c_modelB/phase3c_modelB_section28_controlled_background_observations.csv,BG_S28_0432,UNOBSERVED,candidate_background_observation,0,Controlled_Background,25.786728,91.427863,2023-09-16,2023,9,September,4,Ri-Bhoi Block,0.0,5.9,40.77,95.52,253.75,29.51,101.95,3.0,9.0,15.0,1176.77,21.36,165.72,-0.0006,-0.0024,5.3927,37.3147
BG_0433,data/phase3c_modelB/phase3c_modelB_section28_controlled_background_observations.csv,BG_S28_0433,UNOBSERVED,candidate_background_observation,0,Controlled_Background,25.798401,92.426716,2018-09-13,2018,9,September,4,Ri-Bhoi Block,27.33,27.33,65.2,124.13,263.74,27.33,58.93,3.0,4.0,15.0,1025.97,27.2,24.44,-0.0001,-0.0018,4.9699,39.8395
BG_0434,data/phase3c_modelB/phase3c_modelB_section28_controlled_background_observations.csv,BG_S28_0434,UNOBSERVED,candidate_background_observation,0,Controlled_Background,25.981166,92.472693,2008-09-02,2008,9,September,4,Ri-Bhoi Block,0.0,0.0,72.99,149.02,315.03,48.66,72.99,2.0,9.0,20.0,871.36,20.25,60.62,0.0032,-0.0008,5.7031,23.6717
BG_0435,data/phase3c_modelB/phase3c_modelB_section28_controlled_background_observations.csv,BG_S28_0435,UNOBSERVED,candidate_background_observation,0,Controlled_Background,25.665137,91.241009,2017-09-12,2017,9,September,4,Ri-Bhoi Block,0.0,12.49,68.7,206.68,453.7,31.23,88.35,3.0,9.0,21.0,1013.13,25.81,285.09,0.0033,-0.0005,4.6077,43.0339
BG_0436,data/phase3c_modelB/phase3c_modelB_section28_controlled_background_observations.csv,BG_S28_0436,UNOBSERVED,candidate_background_observation,0,Controlled_Background,25.799607,92.181287,2010-09-25,2010,9,September,4,Ri-Bhoi Block,16.25,32.5,131.73,316.14,540.08,40.04,133.46,5.0,13.0,23.0,1249.97,26.5,122.78,-0.0007,-0.0017,5.0304,38.9879
BG_0437,data/phase3c_modelB/phase3c_modelB_section28_controlled_background_observations.csv,BG_S28_0437,UNOBSERVED,candidate_background_observation,0,Controlled_Background,25.920815,91.025581,2024-09-29,2024,9,September,4,Ri-Bhoi Block,21.03,28.04,68.08,94.88,164.84,21.03,40.03,5.0,9.0,20.0,546.21,22.74,55.29,0.0016,-0.0018,5.5807,18.0125
BG_0438,data/phase3c_modelB/phase3c_modelB_section28_controlled_background_observations.csv,BG_S28_0438,UNOBSERVED,candidate_background_observation,0,Controlled_Background,25.981126,91.78518,2013-09-03,2013,9,September,4,Ri-Bhoi Block,0.0,23.12,23.12,201.06,322.37,15.41,122.83,2.0,9.0,19.0,1189.2,15.14,42.75,0.0011,0.002,6.112,22.2355
BG_0439,data/phase3c_modelB/phase3c_modelB_section28_controlled_background_observations.csv,BG_S28_0439,UNOBSERVED,candidate_background_observation,0,Controlled_Background,25.861977,91.636411,2012-09-16,2012,9,September,4,Ri-Bhoi Block,0.0,24.29,60.72,153.57,491.0,36.43,132.16,2.0,8.0,21.0,1266.65,35.9,56.69,0.0022,0.0016,4.4666,26.1268
BG_0440,data/phase3c_modelB/phase3c_modelB_section28_controlled_background_observations.csv,BG_S28_0440,UNOBSERVED,candidate_background_observation,0,Controlled_Background,25.874971,91.250897,2022-09-12,2022,9,September,4,Ri-Bhoi Block,0.0,51.57,77.16,125.59,240.95,51.57,52.14,3.0,8.0,15.0,796.05,26.05,82.26,-0.0013,-0.0013,5.2793,21.5823
BG_0441,data/phase3c_modelB/phase3c_modelB_section28_controlled_background_observations.csv,BG_S28_0441,UNOBSERVED,candidate_background_observation,0,Controlled_Background,25.784799,92.339914,2008-09-02,2008,9,September,4,Ri-Bhoi Block,0.0,0.0,110.81,166.93,323.11,83.11,83.11,2.0,5.0,17.0,1161.91,19.29,13.58,0.0024,0.0013,5.5509,35.7479
BG_0442,data/phase3c_modelB/phase3c_modelB_section28_controlled_background_observations.csv,BG_S28_0442,UNOBSERVED,candidate_background_observation,0,Controlled_Background,25.747263,92.518412,2011-09-24,2011,9,September,4,Ri-Bhoi Block,8.12,64.98,105.08,212.35,310.5,32.49,73.92,5.0,10.0,15.0,937.68,15.57,276.19,0.0012,0.0019,5.6994,35.9188
BG_0443,data/phase3c_modelB/phase3c_modelB_section28_controlled_background_observations.csv,BG_S28_0443,UNOBSERVED,candidate_background_observation,0,Controlled_Background,25.960882,92.082372,2023-09-13,2023,9,September,4,Ri-Bhoi Block,0.0,18.88,61.13,61.13,235.49,21.12,91.64,6.0,6.0,15.0,1158.68,18.58,136.04,-0.0036,0.0006,5.8776,20.5069
BG_0444,data/phase3c_modelB/phase3c_modelB_section28_controlled_background_observations.csv,BG_S28_0444,UNOBSERVED,candidate_background_observation,0,Controlled_Background,25.674689,91.501183,2017-09-23,2017,9,September,4,Ri-Bhoi Block,25.01,25.01,106.56,183.18,375.27,65.24,89.11,3.0,7.0,16.0,1295.52,25.12,227.75,0.0037,-0.0007,4.6863,44.0628
BG_0445,data/phase3c_modelB/phase3c_modelB_section28_controlled_background_observations.csv,BG_S28_0445,UNOBSERVED,candidate_background_observation,0,Controlled_Background,25.997906,92.22652,2022-10-26,2022,10,October,4,Ri-Bhoi Block,0.0,77.46,77.46,77.46,214.52,58.1,77.46,2.0,2.0,9.0,1134.92,20.0,73.55,0.0017,-0.0007,5.6794,26.5165
BG_0446,data/phase3c_modelB/phase3c_modelB_section28_controlled_background_observations.csv,BG_S28_0446,UNOBSERVED,candidate_background_observation,0,Controlled_Background,25.828015,91.232445,2014-10-03,2014,10,October,4,Ri-Bhoi Block,0.0,0.0,0.0,329.98,512.99,0.0,233.57,0.0,5.0,14.0,795.9,22.57,63.95,-0.005,-0.0,5.4427,29.8026
BG_0447,data/phase3c_modelB/phase3c_modelB_section28_controlled_background_observations.csv,BG_S28_0447,UNOBSERVED,candidate_background_observation,0,Controlled_Background,25.807334,91.08,2020-10-18,2020,10,October,4,Ri-Bhoi Block,0.0,0.0,0.0,53.13,236.64,0.0,92.75,0.0,4.0,13.0,732.29,27.96,24.8,0.0036,0.0007,4.9418,38.1431
BG_0448,data/phase3c_modelB/phase3c_modelB_section28_controlled_background_observations.csv,BG_S28_0448,UNOBSERVED,candidate_background_observation,0,Controlled_Background,25.434585,92.746825,2011-04-25,2011,4,April,5,Jaintia Hills Block,0.0,0.0,10.16,108.51,115.29,10.16,71.15,1.0,7.0,8.0,622.15,30.07,170.89,0.0047,-0.0002,4.6435,33.934
BG_0449,data/phase3c_modelB/phase3c_modelB_section28_controlled_background_observations.csv,BG_S28_0449,UNOBSERVED,candidate_background_observation,0,Controlled_Background,25.310066,92.426242,2019-04-03,2019,4,April,5,Jaintia Hills Block,0.0,58.79,112.63,112.63,112.63,53.84,112.63,3.0,3.0,3.0,1004.77,26.4,50.57,-0.0001,-0.0008,5.2798,48.9518
BG_0450,data/phase3c_modelB/phase3c_modelB_section28_controlled_background_observations.csv,BG_S28_0450,UNOBSERVED,candidate_background_observation,0,Controlled_Background,25.26502,92.225625,2019-04-10,2019,4,April,5,Jaintia Hills Block,0.0,15.31,131.2,248.88,248.88,46.65,117.68,4.0,7.0,7.0,1185.55,28.25,78.48,-0.0008,-0.0008,5.1278,43.7468
BG_0451,data/phase3c_modelB/phase3c_modelB_section28_controlled_background_observations.csv,BG_S28_0451,UNOBSERVED,candidate_background_observation,0,Controlled_Background,25.186292,92.220838,2022-04-28,2022,4,April,5,Jaintia Hills Block,0.0,36.13,74.11,168.27,289.18,24.09,60.4,6.0,10.0,17.0,1080.94,24.97,73.58,0.0045,0.0003,5.2065,23.171
BG_0452,data/phase3c_modelB/phase3c_modelB_section28_controlled_background_observations.csv,BG_S28_0452,UNOBSERVED,candidate_background_observation,0,Controlled_Background,25.182157,92.088765,2011-04-06,2011,4,April,5,Jaintia Hills Block,0.0,0.0,0.0,0.0,158.54,0.0,123.54,0.0,0.0,4.0,1307.22,24.57,152.74,-0.004,-0.0005,5.2241,22.3728
BG_0453,data/phase3c_modelB/phase3c_modelB_section28_controlled_background_observations.csv,BG_S28_0453,UNOBSERVED,candidate_background_observation,0,Controlled_Background,25.036146,92.514558,2022-04-29,2022,4,April,5,Jaintia Hills Block,27.08,40.63,59.15,138.73,301.08,27.08,81.46,5.0,10.0,19.0,785.93,27.19,273.72,-0.0026,0.0014,4.4958,33.9018
BG_0454,data/phase3c_modelB/phase3c_modelB_section28_controlled_background_observations.csv,BG_S28_0454,UNOBSERVED,candidate_background_observation,0,Controlled_Background,25.587389,92.010976,2007-04-08,2007,4,April,5,Jaintia Hills Block,21.28,79.05,107.43,107.43,112.83,36.48,86.15,4.0,4.0,5.0,1679.5,17.32,226.69,-0.0038,-0.0006,5.2199,22.7003
BG_0455,data/phase3c_modelB/phase3c_modelB_section28_controlled_background_observations.csv,BG_S28_0455,UNOBSERVED,candidate_background_observation,0,Controlled_Background,25.151232,92.270711,2009-04-24,2009,4,April,5,Jaintia Hills Block,0.0,129.02,129.02,129.02,384.72,77.41,129.02,2.0,2.0,8.0,1060.18,15.16,16.91,0.0015,-0.002,5.8607,18.3952
BG_0456,data/phase3c_modelB/phase3c_modelB_section28_controlled_background_observations.csv,BG_S28_0456,UNOBSERVED,candidate_background_observation,0,Controlled_Background,25.366654,92.075557,2025-04-26,2025,4,April,5,Jaintia Hills Block,134.96,183.79,297.73,297.73,312.3,134.96,183.79,6.0,6.0,7.0,1401.75,19.08,143.28,0.0013,-0.0021,5.7612,38.8899
BG_0457,data/phase3c_modelB/phase3c_modelB_section28_controlled_background_observations.csv,BG_S28_0457,UNOBSERVED,candidate_background_observation,0,Controlled_Background,25.292379,92.715552,2007-04-30,2007,4,April,5,Jaintia Hills Block,0.0,0.0,0.0,27.34,443.82,0.0,182.79,0.0,1.0,10.0,622.77,27.55,132.83,-0.0031,-0.0011,5.1959,48.2894
BG_0458,data/phase3c_modelB/phase3c_modelB_section28_controlled_background_observations.csv,BG_S28_0458,UNOBSERVED,candidate_background_observation,0,Controlled_Background,25.235707,92.689217,2011-04-22,2011,4,April,5,Jaintia Hills Block,0.0,0.0,113.58,151.29,162.51,75.72,107.15,3.0,5.0,6.0,707.47,35.78,139.19,0.0008,-0.0024,4.4804,41.112
BG_0459,data/phase3c_modelB/phase3c_modelB_section28_controlled_background_observations.csv,BG_S28_0459,UNOBSERVED,candidate_background_observation,0,Controlled_Background,25.068471,92.606347,2014-04-17,2014,4,April,5,Jaintia Hills Block,13.0,19.5,19.5,92.76,135.25,13.0,68.6,2.0,4.0,9.0,617.11,26.48,218.23,0.0049,0.0,4.6419,25.6856
BG_0460,data/phase3c_modelB/phase3c_modelB_section28_controlled_background_observations.csv,BG_S28_0460,UNOBSERVED,candidate_background_observation,0,Controlled_Background,25.235707,92.689217,2018-04-11,2018,4,April,5,Jaintia Hills Block,0.0,0.0,9.99,95.92,95.92,9.99,80.35,1.0,5.0,5.0,707.47,35.78,139.19,0.0008,-0.0024,4.4804,41.112
BG_0461,data/phase3c_modelB/phase3c_modelB_section28_controlled_background_observations.csv,BG_S28_0461,UNOBSERVED,candidate_background_observation,0,Controlled_Background,25.316684,92.802903,2013-04-27,2013,4,April,5,Jaintia Hills Block,24.59,24.59,30.06,79.71,182.15,24.59,93.57,2.0,3.0,7.0,552.61,15.71,107.64,0.0,0.0003,6.1289,36.6669
BG_0462,data/phase3c_modelB/phase3c_modelB_section28_controlled_background_observations.csv,BG_S28_0462,UNOBSERVED,candidate_background_observation,0,Controlled_Background,25.574115,92.282751,2007-04-05,2007,4,April,5,Jaintia Hills Block,45.67,45.67,45.67,45.67,51.52,45.67,45.67,1.0,1.0,2.0,1283.67,15.32,306.07,-0.0021,-0.0001,5.3921,20.6495
BG_0463,data/phase3c_modelB/phase3c_modelB_section28_controlled_background_observations.csv,BG_S28_0463,UNOBSERVED,candidate_background_observation,0,Controlled_Background,25.467682,92.368606,2023-04-01,2023,4,April,5,Jaintia Hills Block,0.0,0.0,0.0,69.97,181.84,0.0,116.61,0.0,1.0,5.0,1190.4,32.06,348.32,-0.0043,-0.0002,4.3527,25.6457
BG_0464,data/phase3c_modelB/phase3c_modelB_section28_controlled_background_observations.csv,BG_S28_0464,UNOBSERVED,candidate_background_observation,0,Controlled_Background,25.36722,92.07825,2018-04-24,2018,4,April,5,Jaintia Hills Block,0.0,0.0,50.73,50.73,169.49,50.73,92.66,1.0,1.0,6.0,1401.96,19.46,143.22,0.0014,-0.002,5.7293,39.2458
BG_0465,data/phase3c_modelB/phase3c_modelB_section28_controlled_background_observations.csv,BG_S28_0465,UNOBSERVED,candidate_background_observation,0,Controlled_Background,25.604827,92.372455,2017-04-26,2017,4,April,5,Jaintia Hills Block,23.53,42.45,51.91,94.59,255.84,23.53,113.7,3.0,4.0,11.0,1154.89,27.75,314.87,0.0034,0.0005,4.38,29.7198
BG_0466,data/phase3c_modelB/phase3c_modelB_section28_controlled_background_observations.csv,BG_S28_0466,UNOBSERVED,candidate_background_observation,0,Controlled_Background,25.490788,92.721605,2010-04-29,2010,4,April,5,Jaintia Hills Block,29.12,29.12,167.86,394.03,533.36,59.95,139.89,4.0,11.0,20.0,709.87,28.91,205.22,0.002,-0.0012,4.5172,20.5985
BG_0467,data/phase3c_modelB/phase3c_modelB_section28_controlled_background_observations.csv,BG_S28_0467,UNOBSERVED,candidate_background_observation,0,Controlled_Background,25.293505,92.714645,2019-04-11,2019,4,April,5,Jaintia Hills Block,0.0,0.0,68.02,162.25,162.25,31.54,78.46,3.0,7.0,7.0,623.0,27.43,132.94,-0.0031,-0.0011,5.2053,48.3196
BG_0468,data/phase3c_modelB/phase3c_modelB_section28_controlled_background_observations.csv,BG_S28_0468,UNOBSERVED,candidate_background_observation,0,Controlled_Background,25.037575,92.287322,2025-04-06,2025,4,April,5,Jaintia Hills Block,4.7,4.7,40.91,40.91,181.8,24.75,140.88,3.0,3.0,5.0,928.69,25.77,311.8,-0.0011,0.0021,4.6126,32.7181
BG_0469,data/phase3c_modelB/phase3c_modelB_section28_controlled_background_observations.csv,BG_S28_0469,UNOBSERVED,candidate_background_observation,0,Controlled_Background,25.098136,92.479519,2012-05-13,2012,5,May,5,Jaintia Hills Block,47.46,106.79,106.79,194.04,546.99,47.46,106.79,3.0,5.0,17.0,836.46,22.09,319.2,-0.0037,0.0004,5.0971,19.9802
BG_0470,data/phase3c_modelB/phase3c_modelB_section28_controlled_background_observations.csv,BG_S28_0470,UNOBSERVED,candidate_background_observation,0,Controlled_Background,25.21666,92.356689,2025-05-04,2025,5,May,5,Jaintia Hills Block,0.0,0.0,67.7,353.2,361.76,67.7,155.56,1.0,7.0,9.0,1119.53,30.7,36.7,-0.0043,0.0002,4.8416,32.2547
BG_0471,data/phase3c_modelB/phase3c_modelB_section28_controlled_background_observations.csv,BG_S28_0471,UNOBSERVED,candidate_background_observation,0,Controlled_Background,25.131677,92.002642,2026-05-07,2026,5,May,5,Jaintia Hills Block,0.0,1.02,32.21,322.54,541.85,12.57,202.98,4.0,10.0,16.0,1238.6,14.56,180.68,-0.0001,-0.0012,5.8309,18.0013
BG_0472,data/phase3c_modelB/phase3c_modelB_section28_controlled_background_observations.csv,BG_S28_0472,UNOBSERVED,candidate_background_observation,0,Controlled_Background,25.521614,92.295827,2022-05-02,2022,5,May,5,Jaintia Hills Block,0.0,0.0,33.54,47.62,169.1,11.18,49.94,3.0,6.0,15.0,1285.88,16.46,319.08,-0.0002,0.0029,5.4114,18.0185
BG_0473,data/phase3c_modelB/phase3c_modelB_section28_controlled_background_observations.csv,BG_S28_0473,UNOBSERVED,candidate_background_observation,0,Controlled_Background,25.224044,92.421275,2009-05-16,2009,5,May,5,Jaintia Hills Block,0.0,0.0,76.1,146.41,401.0,25.65,149.18,3.0,7.0,11.0,997.58,35.47,43.5,-0.0004,-0.0019,4.4789,36.9468
BG_0474,data/phase3c_modelB/phase3c_modelB_section28_controlled_background_observations.csv,BG_S28_0474,UNOBSERVED,candidate_background_observation,0,Controlled_Background,25.043011,92.207954,2012-05-18,2012,5,May,5,Jaintia Hills Block,0.0,0.0,193.77,208.68,562.76,74.53,163.96,4.0,5.0,15.0,1087.46,31.69,271.62,-0.0029,-0.0012,4.1521,34.4527
BG_0475,data/phase3c_modelB/phase3c_modelB_section28_controlled_background_observations.csv,BG_S28_0475,UNOBSERVED,candidate_background_observation,0,Controlled_Background,25.093816,92.713051,2019-05-18,2019,5,May,5,Jaintia Hills Block,11.05,55.23,99.77,324.46,469.7,44.54,129.9,3.0,8.0,12.0,475.49,25.89,202.08,-0.0032,0.001,4.777,20.9165
BG_0476,data/phase3c_modelB/phase3c_modelB_section28_controlled_background_observations.csv,BG_S28_0476,UNOBSERVED,candidate_background_observation,0,Controlled_Background,25.531661,92.238715,2010-05-14,2010,5,May,5,Jaintia Hills Block,25.31,75.94,127.47,238.05,612.22,26.22,129.84,5.0,9.0,21.0,1280.48,17.75,293.36,-0.0026,0.0001,5.2801,18.0527
BG_0477,data/phase3c_modelB/phase3c_modelB_section28_controlled_background_observations.csv,BG_S28_0477,UNOBSERVED,candidate_background_observation,0,Controlled_Background,25.397432,92.06251,2008-05-05,2008,5,May,5,Jaintia Hills Block,0.0,0.0,58.54,111.46,214.35,30.19,51.31,3.0,8.0,14.0,1448.64,22.65,154.39,-0.0006,-0.0027,5.3779,37.8334
BG_0478,data/phase3c_modelB/phase3c_modelB_section28_controlled_background_observations.csv,BG_S28_0478,UNOBSERVED,candidate_background_observation,0,Controlled_Background,25.302258,92.799952,2023-05-17,2023,5,May,5,Jaintia Hills Block,0.0,0.0,123.07,166.67,347.54,68.37,123.07,3.0,4.0,11.0,532.42,17.9,108.63,-0.0003,0.0014,5.9649,38.5053
BG_0479,data/phase3c_modelB/phase3c_modelB_section28_controlled_background_observations.csv,BG_S28_0479,UNOBSERVED,candidate_background_observation,0,Controlled_Background,25.636445,92.238966,2013-05-11,2013,5,May,5,Jaintia Hills Block,110.33,195.8,195.8,354.25,443.53,110.33,195.8,2.0,7.0,10.0,1373.54,27.64,288.99,0.0001,-0.0001,4.4097,37.9646
BG_0480,data/phase3c_modelB/phase3c_modelB_section28_controlled_background_observations.csv,BG_S28_0480,UNOBSERVED,candidate_background_observation,0,Controlled_Background,25.265495,92.230431,2023-05-07,2023,5,May,5,Jaintia Hills Block,0.0,0.0,0.0,43.17,181.56,0.0,121.23,0.0,3.0,7.0,1183.07,27.63,75.87,-0.0009,-0.0005,5.1778,43.2891
BG_0481,data/phase3c_modelB/phase3c_modelB_section28_controlled_background_observations.csv,BG_S28_0481,UNOBSERVED,candidate_background_observation,0,Controlled_Background,25.398256,92.59715,2007-05-23,2007,5,May,5,Jaintia Hills Block,133.17,133.17,133.17,215.28,215.28,133.17,133.17,1.0,2.0,2.0,825.58,23.98,146.18,-0.0016,-0.0012,5.2686,38.8291
BG_0482,data/phase3c_modelB/phase3c_modelB_section28_controlled_background_observations.csv,BG_S28_0482,UNOBSERVED,candidate_background_observation,0,Controlled_Background,25.538688,92.454753,2012-05-18,2012,5,May,5,Jaintia Hills Block,0.0,0.0,98.31,109.69,213.14,40.96,81.93,4.0,5.0,11.0,1023.48,22.36,307.36,-0.0022,-0.0017,4.8935,18.3003
BG_0483,data/phase3c_modelB/phase3c_modelB_section28_controlled_background_observations.csv,BG_S28_0483,UNOBSERVED,candidate_background_observation,0,Controlled_Background,25.464679,92.368105,2026-05-02,2026,5,May,5,Jaintia Hills Block,6.68,25.29,125.05,305.28,336.26,44.34,103.84,5.0,11.0,13.0,1185.72,32.3,349.96,-0.0045,-0.0002,4.3453,26.4593
BG_0484,data/phase3c_modelB/phase3c_modelB_section28_controlled_background_observations.csv,BG_S28_0484,UNOBSERVED,candidate_background_observation,0,Controlled_Background,25.098136,92.479519,2014-05-30,2014,5,May,5,Jaintia Hills Block,0.0,72.39,135.41,195.29,755.64,72.39,233.76,4.0,10.0,22.0,836.46,22.09,319.2,-0.0037,0.0004,5.0971,19.9802
BG_0485,data/phase3c_modelB/phase3c_modelB_section28_controlled_background_observations.csv,BG_S28_0485,UNOBSERVED,candidate_background_observation,0,Controlled_Background,25.349812,92.62291,2023-05-21,2023,5,May,5,Jaintia Hills Block,50.52,50.52,50.52,193.76,237.88,50.52,92.59,1.0,6.0,9.0,735.59,20.5,136.09,0.0037,0.0004,5.6902,41.9302
BG_0486,data/phase3c_modelB/phase3c_modelB_section28_controlled_background_observations.csv,BG_S28_0486,UNOBSERVED,candidate_background_observation,0,Controlled_Background,25.519453,92.669946,2018-05-24,2018,5,May,5,Jaintia Hills Block,0.0,0.0,0.0,21.88,165.44,0.0,92.29,0.0,1.0,6.0,826.81,26.51,213.63,0.0002,-0.0029,4.6138,18.0729
BG_0487,data/phase3c_modelB/phase3c_modelB_section28_controlled_background_observations.csv,BG_S28_0487,UNOBSERVED,candidate_background_observation,0,Controlled_Background,25.140559,92.00706,2008-05-05,2008,5,May,5,Jaintia Hills Block,10.43,10.43,51.57,74.41,225.74,20.86,87.46,4.0,7.0,14.0,1258.73,14.5,175.12,0.0008,-0.0015,5.8712,18.068
BG_0488,data/phase3c_modelB/phase3c_modelB_section28_controlled_background_observations.csv,BG_S28_0488,UNOBSERVED,candidate_background_observation,0,Controlled_Background,25.212492,92.420506,2014-05-06,2014,5,May,5,Jaintia Hills Block,34.99,59.04,143.21,178.66,264.38,60.12,84.17,6.0,8.0,11.0,992.31,34.35,40.49,-0.0006,-0.0012,4.5382,32.622
BG_0489,data/phase3c_modelB/phase3c_modelB_section28_controlled_background_observations.csv,BG_S28_0489,UNOBSERVED,candidate_background_observation,0,Controlled_Background,25.048455,92.05433,2018-05-29,2018,5,May,5,Jaintia Hills Block,0.0,0.0,286.53,286.53,696.03,153.09,286.53,3.0,3.0,8.0,1022.73,26.3,216.79,0.0006,0.0015,4.5974,30.3022
BG_0490,data/phase3c_modelB/phase3c_modelB_section28_controlled_background_observations.csv,BG_S28_0490,UNOBSERVED,candidate_background_observation,0,Controlled_Background,25.620383,92.278837,2024-05-21,2024,5,May,5,Jaintia Hills Block,0.0,26.76,85.06,85.06,154.98,30.04,69.92,6.0,6.0,8.0,1285.98,22.88,304.08,-0.0009,-0.0024,4.775,31.0184
BG_0491,data/phase3c_modelB/phase3c_modelB_section28_controlled_background_observations.csv,BG_S28_0491,UNOBSERVED,candidate_background_observation,0,Controlled_Background,25.397432,92.06251,2024-05-12,2024,5,May,5,Jaintia Hills Block,0.0,0.0,52.88,89.21,131.65,52.88,77.1,1.0,3.0,7.0,1448.64,22.65,154.39,-0.0006,-0.0027,5.3779,37.8334
BG_0492,data/phase3c_modelB/phase3c_modelB_section28_controlled_background_observations.csv,BG_S28_0492,UNOBSERVED,candidate_background_observation,0,Controlled_Background,25.020057,92.709458,2025-05-06,2025,5,May,5,Jaintia Hills Block,16.23,16.23,16.23,296.01,313.83,16.23,142.57,1.0,7.0,8.0,419.47,34.39,223.62,-0.0012,-0.002,3.8876,43.3813
BG_0493,data/phase3c_modelB/phase3c_modelB_section28_controlled_background_observations.csv,BG_S28_0493,UNOBSERVED,candidate_background_observation,0,Controlled_Background,25.470089,92.109751,2014-05-13,2014,5,May,5,Jaintia Hills Block,29.33,58.65,145.7,306.18,364.58,43.52,116.42,5.0,10.0,15.0,1522.45,32.11,195.67,-0.0042,0.0001,4.3393,25.0743
BG_0494,data/phase3c_modelB/phase3c_modelB_section28_controlled_background_observations.csv,BG_S28_0494,UNOBSERVED,candidate_background_observation,0,Controlled_Background,25.487729,92.064336,2011-05-30,2011,5,May,5,Jaintia Hills Block,0.0,20.59,45.24,181.36,295.44,20.59,78.82,3.0,10.0,15.0,1636.53,24.35,201.9,-0.001,0.0024,4.8932,20.5798
BG_0495,data/phase3c_modelB/phase3c_modelB_section28_controlled_background_observations.csv,BG_S28_0495,UNOBSERVED,candidate_background_observation,0,Controlled_Background,25.604358,92.097605,2010-05-18,2010,5,May,5,Jaintia Hills Block,7.7,23.09,94.2,219.6,473.38,28.44,82.58,6.0,11.0,22.0,1535.63,26.22,228.57,0.0033,-0.0007,4.5024,28.9612
BG_0496,data/phase3c_modelB/phase3c_modelB_section28_controlled_background_observations.csv,BG_S28_0496,UNOBSERVED,candidate_background_observation,0,Controlled_Background,25.630965,92.05495,2017-05-25,2017,5,May,5,Jaintia Hills Block,30.84,61.69,108.35,169.23,264.26,31.24,61.69,4.0,7.0,13.0,1536.78,25.79,224.0,0.0001,-0.0029,4.5513,35.2896
BG_0497,data/phase3c_modelB/phase3c_modelB_section28_controlled_background_observations.csv,BG_S28_0497,UNOBSERVED,candidate_background_observation,0,Controlled_Background,25.641562,92.622057,2017-05-12,2017,5,May,5,Jaintia Hills Block,0.0,0.0,23.97,45.51,153.42,15.98,54.85,2.0,3.0,7.0,776.84,31.67,227.48,-0.0008,0.0006,4.0943,42.3837
BG_0498,data/phase3c_modelB/phase3c_modelB_section28_controlled_background_observations.csv,BG_S28_0498,UNOBSERVED,candidate_background_observation,0,Controlled_Background,25.639739,92.786137,2025-05-10,2025,5,May,5,Jaintia Hills Block,7.92,23.6,36.64,101.17,159.14,8.38,64.53,5.0,7.0,11.0,607.24,25.94,243.79,0.0002,-0.0027,4.5501,37.5348
BG_0499,data/phase3c_modelB/phase3c_modelB_section28_controlled_background_observations.csv,BG_S28_0499,UNOBSERVED,candidate_background_observation,0,Controlled_Background,25.587389,92.010976,2018-05-26,2018,5,May,5,Jaintia Hills Block,36.99,82.52,93.9,123.09,255.51,45.53,82.52,3.0,4.0,10.0,1679.5,17.32,226.69,-0.0038,-0.0006,5.2199,22.7003
BG_0500,data/phase3c_modelB/phase3c_modelB_section28_controlled_background_observations.csv,BG_S28_0500,UNOBSERVED,candidate_background_observation,0,Controlled_Background,25.151232,92.270711,2022-05-27,2022,5,May,5,Jaintia Hills Block,0.0,0.0,0.0,569.78,588.29,0.0,347.62,0.0,7.0,8.0,1060.18,15.16,16.91,0.0015,-0.002,5.8607,18.3952
BG_0501,data/phase3c_modelB/phase3c_modelB_section28_controlled_background_observations.csv,BG_S28_0501,UNOBSERVED,candidate_background_observation,0,Controlled_Background,25.327304,92.298653,2019-05-31,2019,5,May,5,Jaintia Hills Block,0.0,0.0,0.0,140.16,445.56,0.0,186.24,0.0,4.0,12.0,1169.71,14.88,49.28,-0.0002,-0.0005,6.1818,35.8524
BG_0502,data/phase3c_modelB/phase3c_modelB_section28_controlled_background_observations.csv,BG_S28_0502,UNOBSERVED,candidate_background_observation,0,Controlled_Background,25.39237,92.525628,2012-05-15,2012,5,May,5,Jaintia Hills Block,24.6,98.4,159.91,159.91,406.68,49.2,123.0,5.0,5.0,14.0,994.46,20.2,96.29,0.0006,-0.0024,5.5915,36.5408
BG_0503,data/phase3c_modelB/phase3c_modelB_section28_controlled_background_observations.csv,BG_S28_0503,UNOBSERVED,candidate_background_observation,0,Controlled_Background,25.068471,92.606347,2010-05-10,2010,5,May,5,Jaintia Hills Block,39.99,39.99,94.36,262.85,754.95,39.99,206.54,3.0,9.0,23.0,617.11,26.48,218.23,0.0049,0.0,4.6419,25.6856
BG_0504,data/phase3c_modelB/phase3c_modelB_section28_controlled_background_observations.csv,BG_S28_0504,UNOBSERVED,candidate_background_observation,0,Controlled_Background,25.585839,92.721494,2010-05-04,2010,5,May,5,Jaintia Hills Block,27.31,63.73,93.67,253.25,445.23,36.41,107.43,3.0,8.0,18.0,689.82,24.3,227.46,-0.0042,0.0004,4.6626,24.2945
BG_0505,data/phase3c_modelB/phase3c_modelB_section28_controlled_background_observations.csv,BG_S28_0505,UNOBSERVED,candidate_background_observation,0,Controlled_Background,25.370409,92.327265,2014-06-16,2014,6,June,5,Jaintia Hills Block,0.0,19.37,134.01,284.22,425.38,38.74,96.84,5.0,10.0,17.0,1110.9,18.46,36.45,0.0011,-0.0022,5.8002,37.8186
BG_0506,data/phase3c_modelB/phase3c_modelB_section28_controlled_background_observations.csv,BG_S28_0506,UNOBSERVED,candidate_background_observation,0,Controlled_Background,25.353709,92.244591,2020-06-20,2020,6,June,5,Jaintia Hills Block,22.61,22.61,28.14,138.23,418.42,22.61,147.68,2.0,5.0,15.0,1328.32,16.46,64.74,-0.0034,-0.0004,6.0043,36.9957
BG_0507,data/phase3c_modelB/phase3c_modelB_section28_controlled_background_observations.csv,BG_S28_0507,UNOBSERVED,candidate_background_observation,0,Controlled_Background,25.122019,92.816071,2008-06-11,2008,6,June,5,Jaintia Hills Block,25.97,31.27,45.95,177.48,357.48,25.97,150.84,3.0,9.0,12.0,425.95,14.4,210.88,0.0004,-0.0027,5.8052,18.1268
BG_0508,data/phase3c_modelB/phase3c_modelB_section28_controlled_background_observations.csv,BG_S28_0508,UNOBSERVED,candidate_background_observation,0,Controlled_Background,25.33176,92.660863,2022-06-30,2022,6,June,5,Jaintia Hills Block,0.0,21.19,21.19,274.25,700.94,21.19,205.02,1.0,6.0,18.0,654.93,23.92,137.22,0.0019,0.0007,5.4517,46.6909
BG_0509,data/phase3c_modelB/phase3c_modelB_section28_controlled_background_observations.csv,BG_S28_0509,UNOBSERVED,candidate_background_observation,0,Controlled_Background,25.55466,92.38193,2007-06-08,2007,6,June,5,Jaintia Hills Block,0.0,17.51,49.18,247.83,528.08,25.34,175.49,3.0,11.0,16.0,1213.05,22.52,318.1,0.004,-0.0006,4.8461,19.45
BG_0510,data/phase3c_modelB/phase3c_modelB_section28_controlled_background_observations.csv,BG_S28_0510,UNOBSERVED,candidate_background_observation,0,Controlled_Background,25.348488,92.150984,2019-06-23,2019,6,June,5,Jaintia Hills Block,0.0,24.4,81.31,198.06,276.11,28.45,62.26,4.0,11.0,13.0,1413.11,24.1,122.01,0.0021,0.0016,5.4051,46.2292
BG_0511,data/phase3c_modelB/phase3c_modelB_section28_controlled_background_observations.csv,BG_S28_0511,UNOBSERVED,candidate_background_observation,0,Controlled_Background,25.462204,92.472758,2026-06-26,2026,6,June,5,Jaintia Hills Block,0.0,16.06,174.23,274.17,389.21,80.29,148.94,4.0,8.0,17.0,996.04,31.32,341.45,0.0043,-0.0004,4.4334,26.8257
BG_0512,data/phase3c_modelB/phase3c_modelB_section28_controlled_background_observations.csv,BG_S28_0512,UNOBSERVED,candidate_background_observation,0,Controlled_Background,25.366654,92.075557,2023-06-13,2023,6,June,5,Jaintia Hills Block,39.31,52.41,122.17,169.53,238.58,46.5,82.86,4.0,5.0,8.0,1401.75,19.08,143.28,0.0013,-0.0021,5.7612,38.8899
BG_0513,data/phase3c_modelB/phase3c_modelB_section28_controlled_background_observations.csv,BG_S28_0513,UNOBSERVED,candidate_background_observation,0,Controlled_Background,25.454108,92.379522,2007-06-24,2007,6,June,5,Jaintia Hills Block,27.62,96.68,216.87,471.56,829.65,66.12,180.59,7.0,13.0,24.0,1149.44,34.14,355.82,-0.0045,-0.0002,4.24,29.9545
BG_0514,data/phase3c_modelB/phase3c_modelB_section28_controlled_background_observations.csv,BG_S28_0514,UNOBSERVED,candidate_background_observation,0,Controlled_Background,25.329221,92.590814,2020-06-09,2020,6,June,5,Jaintia Hills Block,38.24,57.36,158.83,295.82,458.48,57.36,118.94,6.0,9.0,19.0,817.12,17.06,125.19,0.0041,-0.0003,6.0046,38.472
BG_0515,data/phase3c_modelB/phase3c_modelB_section28_controlled_background_observations.csv,BG_S28_0515,UNOBSERVED,candidate_background_observation,0,Controlled_Background,25.604358,92.097605,2009-06-13,2009,6,June,5,Jaintia Hills Block,15.4,15.4,56.8,144.74,292.89,41.4,99.61,2.0,5.0,9.0,1535.63,26.22,228.57,0.0033,-0.0007,4.5024,28.9612
BG_0516,data/phase3c_modelB/phase3c_modelB_section28_controlled_background_observations.csv,BG_S28_0516,UNOBSERVED,candidate_background_observation,0,Controlled_Background,25.123127,92.214474,2023-06-12,2023,6,June,5,Jaintia Hills Block,0.0,62.08,131.13,179.85,291.26,51.79,113.87,4.0,5.0,9.0,1106.77,19.77,312.25,-0.001,0.0016,5.38,18.1401
BG_0517,data/phase3c_modelB/phase3c_modelB_section28_controlled_background_observations.csv,BG_S28_0517,UNOBSERVED,candidate_background_observation,0,Controlled_Background,25.191219,92.278714,2012-06-17,2012,6,June,5,Jaintia Hills Block,0.0,94.01,214.1,448.95,801.94,60.05,158.52,5.0,11.0,23.0,1090.38,21.14,39.63,0.0025,-0.0003,5.5296,23.1586
BG_0518,data/phase3c_modelB/phase3c_modelB_section28_controlled_background_observations.csv,BG_S28_0518,UNOBSERVED,candidate_background_observation,0,Controlled_Background,25.470089,92.109751,2026-06-02,2026,6,June,5,Jaintia Hills Block,15.9,73.01,92.19,182.06,260.63,48.27,84.95,7.0,11.0,15.0,1522.45,32.11,195.67,-0.0042,0.0001,4.3393,25.0743
BG_0519,data/phase3c_modelB/phase3c_modelB_section28_controlled_background_observations.csv,BG_S28_0519,UNOBSERVED,candidate_background_observation,0,Controlled_Background,25.437689,92.798067,2020-06-05,2020,6,June,5,Jaintia Hills Block,4.36,32.91,58.85,205.23,325.76,20.03,121.54,5.0,10.0,16.0,566.83,25.91,165.36,0.0006,-0.0007,4.964,30.9653
BG_0520,data/phase3c_modelB/phase3c_modelB_section28_controlled_background_observations.csv,BG_S28_0520,UNOBSERVED,candidate_background_observation,0,Controlled_Background,25.16782,92.230868,2018-06-18,2018,6,June,5,Jaintia Hills Block,0.0,71.45,404.56,504.77,760.82,128.12,307.48,5.0,9.0,13.0,1075.58,20.6,54.12,0.0038,0.0003,5.4895,19.8962
BG_0521,data/phase3c_modelB/phase3c_modelB_section28_controlled_background_observations.csv,BG_S28_0521,UNOBSERVED,candidate_background_observation,0,Controlled_Background,25.64966,92.572199,2013-06-16,2013,6,June,5,Jaintia Hills Block,5.27,16.4,27.52,143.26,276.78,11.13,70.57,3.0,10.0,18.0,904.65,26.83,240.9,-0.0009,-0.0024,4.4946,40.6139
BG_0522,data/phase3c_modelB/phase3c_modelB_section28_controlled_background_observations.csv,BG_S28_0522,UNOBSERVED,candidate_background_observation,0,Controlled_Background,25.615374,92.080954,2023-06-21,2023,6,June,5,Jaintia Hills Block,0.0,36.42,204.77,360.11,393.76,72.1,175.52,4.0,10.0,12.0,1538.82,26.18,226.33,0.0017,-0.0018,4.5082,31.6427
BG_0523,data/phase3c_modelB/phase3c_modelB_section28_controlled_background_observations.csv,BG_S28_0523,UNOBSERVED,candidate_background_observation,0,Controlled_Background,25.332451,92.497679,2010-06-11,2010,6,June,5,Jaintia Hills Block,36.61,102.37,313.59,541.72,875.03,98.65,197.3,7.0,12.0,21.0,990.97,17.26,76.39,-0.0047,-0.0002,5.9834,38.697
BG_0524,data/phase3c_modelB/phase3c_modelB_section28_controlled_background_observations.csv,BG_S28_0524,UNOBSERVED,candidate_background_observation,0,Controlled_Background,25.459354,92.386314,2014-06-07,2014,6,June,5,Jaintia Hills Block,0.0,0.0,34.57,130.15,377.71,17.29,141.36,2.0,7.0,14.0,1148.57,34.43,352.72,-0.004,-0.0005,4.1959,28.5117
BG_0525,data/phase3c_modelB/phase3c_modelB_section28_controlled_background_observations.csv,BG_S28_0525,UNOBSERVED,candidate_background_observation,0,Controlled_Background,25.595833,92.039591,2025-06-05,2025,6,June,5,Jaintia Hills Block,0.0,0.0,254.59,386.2,633.17,110.82,254.59,3.0,7.0,19.0,1631.1,18.96,225.02,-0.0009,-0.0016,5.0845,24.4841
BG_0526,data/phase3c_modelB/phase3c_modelB_section28_controlled_background_observations.csv,BG_S28_0526,UNOBSERVED,candidate_background_observation,0,Controlled_Background,25.020057,92.709458,2011-06-05,2011,6,June,5,Jaintia Hills Block,46.0,69.01,156.56,330.09,609.84,64.55,163.46,4.0,8.0,14.0,419.47,34.39,223.62,-0.0012,-0.002,3.8876,43.3813
BG_0527,data/phase3c_modelB/phase3c_modelB_section28_controlled_background_observations.csv,BG_S28_0527,UNOBSERVED,candidate_background_observation,0,Controlled_Background,25.341478,92.257146,2009-06-06,2009,6,June,5,Jaintia Hills Block,28.29,59.41,59.41,221.16,352.54,31.13,117.82,2.0,6.0,11.0,1284.37,15.02,60.51,-0.0038,-0.0007,6.1462,35.8476
BG_0528,data/phase3c_modelB/phase3c_modelB_section28_controlled_background_observations.csv,BG_S28_0528,UNOBSERVED,candidate_background_observation,0,Controlled_Background,25.310066,92.426242,2026-06-21,2026,6,June,5,Jaintia Hills Block,80.09,134.69,243.88,386.94,578.2,80.09,134.69,4.0,7.0,20.0,1004.77,26.4,50.57,-0.0001,-0.0008,5.2798,48.9518
BG_0529,data/phase3c_modelB/phase3c_modelB_section28_controlled_background_observations.csv,BG_S28_0529,UNOBSERVED,candidate_background_observation,0,Controlled_Background,25.21666,92.356689,2013-06-27,2013,6,June,5,Jaintia Hills Block,23.19,104.12,311.41,400.99,668.32,57.58,161.23,7.0,12.0,20.0,1119.53,30.7,36.7,-0.0043,0.0002,4.8416,32.2547
BG_0530,data/phase3c_modelB/phase3c_modelB_section28_controlled_background_observations.csv,BG_S28_0530,UNOBSERVED,candidate_background_observation,0,Controlled_Background,25.48579,92.096992,2009-06-06,2009,6,June,5,Jaintia Hills Block,27.05,81.23,81.23,212.62,335.97,36.12,114.15,3.0,6.0,12.0,1567.08,28.44,203.18,-0.0026,0.0009,4.5731,21.3202
BG_0531,data/phase3c_modelB/phase3c_modelB_section28_controlled_background_observations.csv,BG_S28_0531,UNOBSERVED,candidate_background_observation,0,Controlled_Background,25.630965,92.05495,2007-06-04,2007,6,June,5,Jaintia Hills Block,0.0,23.01,112.44,335.65,488.3,30.93,152.58,6.0,12.0,17.0,1536.78,25.79,224.0,0.0001,-0.0029,4.5513,35.2896
BG_0532,data/phase3c_modelB/phase3c_modelB_section28_controlled_background_observations.csv,BG_S28_0532,UNOBSERVED,candidate_background_observation,0,Controlled_Background,25.646365,92.691563,2017-06-30,2017,6,June,5,Jaintia Hills Block,10.16,40.66,125.13,255.68,469.93,32.07,124.26,5.0,9.0,15.0,644.79,35.43,222.65,0.0005,0.0027,3.801,46.8262
BG_0533,data/phase3c_modelB/phase3c_modelB_section28_controlled_background_observations.csv,BG_S28_0533,UNOBSERVED,candidate_background_observation,0,Controlled_Background,25.36345,92.228716,2010-06-22,2010,6,June,5,Jaintia Hills Block,13.48,52.21,110.31,361.9,849.3,58.1,192.6,3.0,8.0,20.0,1372.15,19.01,72.92,-0.0024,0.0005,5.7756,39.1314
BG_0534,data/phase3c_modelB/phase3c_modelB_section28_controlled_background_observations.csv,BG_S28_0534,UNOBSERVED,candidate_background_observation,0,Controlled_Background,25.519453,92.669946,2011-06-04,2011,6,June,5,Jaintia Hills Block,50.43,67.24,103.55,196.79,320.02,50.43,85.8,4.0,8.0,13.0,826.81,26.51,213.63,0.0002,-0.0029,4.6138,18.0729
BG_0535,data/phase3c_modelB/phase3c_modelB_section28_controlled_background_observations.csv,BG_S28_0535,UNOBSERVED,candidate_background_observation,0,Controlled_Background,25.443956,92.688456,2017-07-17,2017,7,July,5,Jaintia Hills Block,0.0,73.07,73.07,320.4,570.79,43.48,150.64,2.0,8.0,17.0,703.6,35.79,178.3,0.0014,0.0002,4.1486,33.8073
BG_0536,data/phase3c_modelB/phase3c_modelB_section28_controlled_background_observations.csv,BG_S28_0536,UNOBSERVED,candidate_background_observation,0,Controlled_Background,25.443956,92.688456,2022-07-01,2022,7,July,5,Jaintia Hills Block,14.42,25.35,36.27,168.7,525.16,14.42,171.88,3.0,7.0,18.0,703.6,35.79,178.3,0.0014,0.0002,4.1486,33.8073
BG_0537,data/phase3c_modelB/phase3c_modelB_section28_controlled_background_observations.csv,BG_S28_0537,UNOBSERVED,candidate_background_observation,0,Controlled_Background,25.643529,92.513693,2013-07-03,2013,7,July,5,Jaintia Hills Block,0.0,46.61,120.28,372.17,527.77,46.61,134.07,4.0,12.0,22.0,1013.19,27.0,273.85,0.0008,-0.0017,4.4709,39.2748
BG_0538,data/phase3c_modelB/phase3c_modelB_section28_controlled_background_observations.csv,BG_S28_0538,UNOBSERVED,candidate_background_observation,0,Controlled_Background,25.188551,92.019496,2008-07-08,2008,7,July,5,Jaintia Hills Block,0.0,0.0,183.54,394.44,702.57,78.66,183.54,3.0,8.0,16.0,1371.33,20.63,151.06,0.0033,-0.0004,5.5614,22.6156
BG_0539,data/phase3c_modelB/phase3c_modelB_section28_controlled_background_observations.csv,BG_S28_0539,UNOBSERVED,candidate_background_observation,0,Controlled_Background,25.50872,92.00293,2009-07-10,2009,7,July,5,Jaintia Hills Block,0.0,0.0,26.73,318.45,588.63,26.73,179.18,1.0,7.0,17.0,1717.43,18.86,212.86,0.0001,0.0012,5.2594,18.4025
BG_0540,data/phase3c_modelB/phase3c_modelB_section28_controlled_background_observations.csv,BG_S28_0540,UNOBSERVED,candidate_background_observation,0,Controlled_Background,25.470089,92.109751,2024-07-24,2024,7,July,5,Jaintia Hills Block,0.0,0.0,70.66,245.71,571.95,35.33,204.59,2.0,6.0,14.0,1522.45,32.11,195.67,-0.0042,0.0001,4.3393,25.0743
BG_0541,data/phase3c_modelB/phase3c_modelB_section28_controlled_background_observations.csv,BG_S28_0541,UNOBSERVED,candidate_background_observation,0,Controlled_Background,25.138171,92.150762,2012-07-07,2012,7,July,5,Jaintia Hills Block,16.35,57.64,107.33,355.7,762.88,33.12,216.12,5.0,10.0,24.0,1155.81,24.07,174.07,-0.0004,0.0025,5.0961,18.0545
BG_0542,data/phase3c_modelB/phase3c_modelB_section28_controlled_background_observations.csv,BG_S28_0542,UNOBSERVED,candidate_background_observation,0,Controlled_Background,25.636206,92.684171,2017-07-23,2017,7,July,5,Jaintia Hills Block,41.92,66.5,135.98,300.76,576.71,41.92,116.73,5.0,10.0,19.0,667.17,34.86,223.56,0.0,0.003,3.8318,43.1013
BG_0543,data/phase3c_modelB/phase3c_modelB_section28_controlled_background_observations.csv,BG_S28_0543,UNOBSERVED,candidate_background_observation,0,Controlled_Background,25.07737,92.226525,2019-07-14,2019,7,July,5,Jaintia Hills Block,0.0,84.66,413.24,552.24,1025.9,141.1,294.49,6.0,11.0,22.0,1099.09,24.62,291.42,-0.0047,0.0001,4.8201,23.4277
BG_0544,data/phase3c_modelB/phase3c_modelB_section28_controlled_background_observations.csv,BG_S28_0544,UNOBSERVED,candidate_background_observation,0,Controlled_Background,25.265495,92.230431,2008-07-12,2008,7,July,5,Jaintia Hills Block,0.0,96.2,96.2,305.11,662.55,57.43,143.55,2.0,7.0,15.0,1183.07,27.63,75.87,-0.0009,-0.0005,5.1778,43.2891
BG_0545,data/phase3c_modelB/phase3c_modelB_section28_controlled_background_observations.csv,BG_S28_0545,UNOBSERVED,candidate_background_observation,0,Controlled_Background,25.510424,92.040185,2019-07-02,2019,7,July,5,Jaintia Hills Block,0.0,0.0,237.89,279.75,391.75,108.13,237.89,3.0,7.0,15.0,1699.03,18.47,210.77,-0.0,0.0029,5.2851,18.3183
BG_0546,data/phase3c_modelB/phase3c_modelB_section28_controlled_background_observations.csv,BG_S28_0546,UNOBSERVED,candidate_background_observation,0,Controlled_Background,25.637026,92.70703,2014-07-22,2014,7,July,5,Jaintia Hills Block,0.0,52.83,112.92,297.64,489.35,30.05,139.32,4.0,11.0,20.0,642.73,33.78,224.72,0.0001,0.0022,3.9192,42.5836
BG_0547,data/phase3c_modelB/phase3c_modelB_section28_controlled_background_observations.csv,BG_S28_0547,UNOBSERVED,candidate_background_observation,0,Controlled_Background,25.612811,92.079948,2013-07-13,2013,7,July,5,Jaintia Hills Block,0.0,118.54,143.93,252.79,589.51,71.12,118.54,3.0,8.0,23.0,1544.48,25.62,226.31,0.0019,-0.0018,4.552,30.728
BG_0548,data/phase3c_modelB/phase3c_modelB_section28_controlled_background_observations.csv,BG_S28_0548,UNOBSERVED,candidate_background_observation,0,Controlled_Background,25.602014,92.22814,2013-07-11,2013,7,July,5,Jaintia Hills Block,69.33,69.33,99.86,208.83,515.44,69.33,116.13,2.0,7.0,20.0,1354.18,23.54,282.52,-0.0036,0.0004,4.7169,27.3391
BG_0549,data/phase3c_modelB/phase3c_modelB_section28_controlled_background_observations.csv,BG_S28_0549,UNOBSERVED,candidate_background_observation,0,Controlled_Background,25.33019,92.667537,2009-07-27,2009,7,July,5,Jaintia Hills Block,71.0,182.75,182.75,267.9,356.08,71.0,182.75,3.0,6.0,10.0,644.99,24.26,137.27,0.0011,0.0006,5.427,47.1098
BG_0550,data/phase3c_modelB/phase3c_modelB_section28_controlled_background_observations.csv,BG_S28_0550,UNOBSERVED,candidate_background_observation,0,Controlled_Background,25.088083,92.305065,2019-07-26,2019,7,July,5,Jaintia Hills Block,16.4,72.29,121.19,302.15,900.89,55.89,310.1,4.0,8.0,19.0,944.44,19.23,332.73,0.0006,-0.0013,5.2888,20.8221
BG_0551,data/phase3c_modelB/phase3c_modelB_section28_controlled_background_observations.csv,BG_S28_0551,UNOBSERVED,candidate_background_observation,0,Controlled_Background,25.215715,92.271425,2014-07-14,2014,7,July,5,Jaintia Hills Block,49.88,149.63,202.32,439.59,822.45,49.88,157.94,6.0,13.0,21.0,1107.83,25.0,50.39,0.0029,0.0011,5.2951,29.3877
BG_0552,data/phase3c_modelB/phase3c_modelB_section28_controlled_background_observations.csv,BG_S28_0552,UNOBSERVED,candidate_background_observation,0,Controlled_Background,25.640313,92.58709,2020-07-12,2020,7,July,5,Jaintia Hills Block,0.0,27.84,69.59,151.79,374.92,27.84,155.41,3.0,5.0,13.0,864.74,27.55,236.34,-0.0005,-0.0019,4.4221,38.8938
BG_0553,data/phase3c_modelB/phase3c_modelB_section28_controlled_background_observations.csv,BG_S28_0553,UNOBSERVED,candidate_background_observation,0,Controlled_Background,25.294997,92.618651,2019-07-24,2019,7,July,5,Jaintia Hills Block,0.0,11.25,11.25,286.84,610.15,11.25,175.03,1.0,5.0,14.0,752.54,24.92,129.89,0.0039,-0.0002,5.4059,45.734
BG_0554,data/phase3c_modelB/phase3c_modelB_section28_controlled_background_observations.csv,BG_S28_0554,UNOBSERVED,candidate_background_observation,0,Controlled_Background,25.204791,92.463426,2014-07-21,2014,7,July,5,Jaintia Hills Block,30.69,85.55,239.02,452.88,821.35,57.46,191.52,5.0,10.0,18.0,864.94,30.35,50.95,0.0039,-0.0004,4.8359,28.8179
BG_0555,data/phase3c_modelB/phase3c_modelB_section28_controlled_background_observations.csv,BG_S28_0555,UNOBSERVED,candidate_background_observation,0,Controlled_Background,25.171508,92.504021,2017-07-22,2017,7,July,5,Jaintia Hills Block,18.28,18.28,107.92,207.15,636.33,71.71,156.32,3.0,7.0,19.0,771.71,19.96,67.3,0.0038,-0.0006,5.5544,20.2308
BG_0556,data/phase3c_modelB/phase3c_modelB_section28_controlled_background_observations.csv,BG_S28_0556,UNOBSERVED,candidate_background_observation,0,Controlled_Background,25.127926,92.255304,2023-08-05,2023,8,August,5,Jaintia Hills Block,0.0,30.05,104.44,224.63,336.71,45.08,121.74,4.0,10.0,14.0,1063.76,15.22,354.22,-0.0005,-0.0013,5.7631,18.0271
BG_0557,data/phase3c_modelB/phase3c_modelB_section28_controlled_background_observations.csv,BG_S28_0557,UNOBSERVED,candidate_background_observation,0,Controlled_Background,25.040491,92.211654,2013-08-22,2013,8,August,5,Jaintia Hills Block,44.13,102.68,179.79,331.98,754.21,58.95,160.33,6.0,11.0,22.0,1080.13,31.44,274.24,-0.003,-0.0012,4.166,35.0786
BG_0558,data/phase3c_modelB/phase3c_modelB_section28_controlled_background_observations.csv,BG_S28_0558,UNOBSERVED,candidate_background_observation,0,Controlled_Background,25.057629,92.136268,2009-08-13,2009,8,August,5,Jaintia Hills Block,13.95,139.46,341.7,537.26,845.45,83.68,178.64,7.0,12.0,19.0,1088.19,33.37,226.83,0.0039,-0.0005,4.0574,30.8004
